========================
START TIME: Tue Mar 17 10:40:37 UTC 2026
python3 version = Python 3.12.9
===========
Running job: llama3_8b_fsdp_mixed_precision_torchtitan
Config file: /fsx/ferdinandmom/ferdinand-hf/huggingface/torchtitan/torchtitan/experiments/debug_fsdp/configs/torchtitan_llama3_8b.toml
Running command: srun -u torchrun     --nproc_per_node 8     --nnodes 1     --rdzv_endpoint ip-26-0-170-143:32719     --rdzv_backend c10d     --max_restarts 0     --role rank     --local_ranks_filter 0     --tee 3     minimal_fsdp.py     --job.config_file /fsx/ferdinandmom/ferdinand-hf/huggingface/torchtitan/torchtitan/experiments/debug_fsdp/configs/torchtitan_llama3_8b.toml     --checkpoint.enable     --checkpoint.initial_load_path outputs/llama3_8b/seed_checkpoint/checkpoint/step-0     --checkpoint.load_only     --training.mixed_precision_param bfloat16     --training.mixed_precision_reduce float32     --model.flavor 8B
Job status: RUNNING
W0317 10:40:43.253000 3484267 torch/distributed/run.py:853] 
W0317 10:40:43.253000 3484267 torch/distributed/run.py:853] *****************************************
W0317 10:40:43.253000 3484267 torch/distributed/run.py:853] Setting OMP_NUM_THREADS environment variable for each process to be 1 in default, to avoid your system being overloaded, please further tune the variable for optimal performance in your application as needed. 
W0317 10:40:43.253000 3484267 torch/distributed/run.py:853] *****************************************
[rank0]:[titan] 2026-03-17 10:41:03,894 - root - WARNING - ENV[TORCH_NCCL_ASYNC_ERROR_HANDLING] = 1 will be overridden to 3 based on job config
[rank0]:[titan] 2026-03-17 10:41:03,910 - root - INFO - Building 1-D device mesh with ['dp_shard'], [8]
[rank0]:[titan] 2026-03-17 10:41:03,912 - root - INFO - Deterministic algorithm enabled (expect perf degradation).
[rank0]:[titan] 2026-03-17 10:41:03,940 - root - INFO - Initialized distributed run rank=0 world_size=8 local_rank=0 mesh=[0, 1, 2, 3, 4, 5, 6, 7]
[rank0]:[titan] 2026-03-17 10:41:03,940 - root - INFO - Backend: torchtitan (llama3)
[rank0]:[titan] 2026-03-17 10:41:03,940 - root - INFO - Building llama3 8B with TransformerModelArgs(_enforced='This field is used to enforce all fields have defaults.', dim=4096, n_layers=32, n_heads=32, n_kv_heads=8, vocab_size=128256, multiple_of=1024, ffn_dim_multiplier=1.3, norm_eps=1e-05, rope_theta=500000, rope_scaling_args=RoPEScalingArgs(scaling_factor=8.0, low_freq_factor=1.0, high_freq_factor=4.0, original_max_position_embeddings=8192), max_seq_len=2048, depth_init=True, attn_type='sdpa', attn_mask_type='causal', eos_id=0)
[rank0]:[titan] 2026-03-17 10:41:53,219 - root - WARNING - model.safetensors.index.json not found at hf_assets_path: ../../../tests/assets/tokenizer/model.safetensors.index.json.                     Defaulting to saving a single safetensors file if checkpoint is saved in HF format
[rank0]:[titan] 2026-03-17 10:42:03,251 - root - INFO - Loaded seed checkpoint from outputs/llama3_8b/seed_checkpoint/checkpoint/step-0
[rank0]:[titan] 2026-03-17 10:42:11,565 - root - INFO - TorchTitan FSDP options: cpu_offload=False mixed_precision=True param_dtype=bfloat16 reduce_dtype=float32
[rank0]:[titan] 2026-03-17 10:42:11,770 - root - INFO - Peak FLOPS used for computing MFU: 9.890e+14
[rank0]:[titan] 2026-03-17 10:42:11,771 - root - INFO - CUDA memory usage for model: 30.16GiB(37.97%)
[rank0]:[titan] 2026-03-17 10:42:11,771 - root - INFO - Loading tokenizer from tokenizer.json
[rank0]:/fsx/ferdinandmom/ferdinand-hf/huggingface/torchtitan/env_torchtitan_official/lib/python3.12/site-packages/torch/distributed/device_mesh.py:604: UserWarning: Slicing a flattened dim from root mesh will be deprecated in PT 2.11. Users need to bookkeep the flattened mesh directly. 
[rank0]:  sliced_mesh_layout = self._get_slice_mesh_layout(mesh_dim_names)
[rank0]:[titan] 2026-03-17 10:42:11,778 - root - INFO - Preparing c4_test dataset from ../../../tests/assets/c4_test
[rank0]:[titan] 2026-03-17 10:42:12,136 - root - INFO - Trainer: local_bs=1, global_bs=8, seq_len=2048, steps=3000 (warmup 100)
[rank0]:[titan] 2026-03-17 10:42:12,136 - root - INFO - Training starts at step 1
[rank0]:/fsx/ferdinandmom/ferdinand-hf/huggingface/torchtitan/env_torchtitan_official/lib/python3.12/site-packages/torch/distributed/device_mesh.py:604: UserWarning: Slicing a flattened dim from root mesh will be deprecated in PT 2.11. Users need to bookkeep the flattened mesh directly. 
[rank0]:  sliced_mesh_layout = self._get_slice_mesh_layout(mesh_dim_names)
[rank0]:[titan] 2026-03-17 10:42:25,496 - root - INFO - [31mstep:  1  [32mloss: 12.0625  [38;2;180;60;0mgrad_norm: 27.1454  [38;2;54;234;195mmemory: 27.52GiB(34.64%)  [34mtps: 153  [36mtflops: 7.40  [35mmfu: 0.75%[39m
[rank0]:[titan] 2026-03-17 10:42:25,496 - root - INFO - Synchronizing and adjusting timeout for all ProcessGroups to 0:01:40
[rank0]:[titan] 2026-03-17 10:42:25,973 - root - INFO - [31mstep:  2  [32mloss: 11.5000  [38;2;180;60;0mgrad_norm: 49.4416  [38;2;54;234;195mmemory: 35.16GiB(44.27%)  [34mtps: 4,299  [36mtflops: 207.42  [35mmfu: 20.97%[39m
[rank0]:[titan] 2026-03-17 10:42:26,418 - root - INFO - [31mstep:  3  [32mloss: 13.0000  [38;2;180;60;0mgrad_norm: 24.0754  [38;2;54;234;195mmemory: 37.12GiB(46.73%)  [34mtps: 4,601  [36mtflops: 221.99  [35mmfu: 22.45%[39m
[rank0]:[titan] 2026-03-17 10:42:26,862 - root - INFO - [31mstep:  4  [32mloss: 13.6875  [38;2;180;60;0mgrad_norm: 36.5930  [38;2;54;234;195mmemory: 37.12GiB(46.73%)  [34mtps: 4,615  [36mtflops: 222.69  [35mmfu: 22.52%[39m
[rank0]:[titan] 2026-03-17 10:42:27,310 - root - INFO - [31mstep:  5  [32mloss: 14.3125  [38;2;180;60;0mgrad_norm: 42.1117  [38;2;54;234;195mmemory: 37.12GiB(46.73%)  [34mtps: 4,581  [36mtflops: 221.06  [35mmfu: 22.35%[39m
[rank0]:[titan] 2026-03-17 10:42:27,754 - root - INFO - [31mstep:  6  [32mloss: 12.4375  [38;2;180;60;0mgrad_norm: 31.8934  [38;2;54;234;195mmemory: 37.12GiB(46.73%)  [34mtps: 4,618  [36mtflops: 222.82  [35mmfu: 22.53%[39m
[rank0]:[titan] 2026-03-17 10:42:28,196 - root - INFO - [31mstep:  7  [32mloss: 11.2500  [38;2;180;60;0mgrad_norm: 30.8949  [38;2;54;234;195mmemory: 37.12GiB(46.73%)  [34mtps: 4,636  [36mtflops: 223.71  [35mmfu: 22.62%[39m
[rank0]:[titan] 2026-03-17 10:42:28,638 - root - INFO - [31mstep:  8  [32mloss:  9.9375  [38;2;180;60;0mgrad_norm: 29.6347  [38;2;54;234;195mmemory: 37.12GiB(46.73%)  [34mtps: 4,639  [36mtflops: 223.85  [35mmfu: 22.63%[39m
[rank0]:[titan] 2026-03-17 10:42:29,085 - root - INFO - [31mstep:  9  [32mloss:  8.8125  [38;2;180;60;0mgrad_norm: 32.8859  [38;2;54;234;195mmemory: 37.12GiB(46.73%)  [34mtps: 4,583  [36mtflops: 221.14  [35mmfu: 22.36%[39m
[rank0]:[titan] 2026-03-17 10:42:29,527 - root - INFO - [31mstep: 10  [32mloss:  7.5312  [38;2;180;60;0mgrad_norm: 20.8933  [38;2;54;234;195mmemory: 37.12GiB(46.73%)  [34mtps: 4,634  [36mtflops: 223.57  [35mmfu: 22.61%[39m
[rank0]:[titan] 2026-03-17 10:42:29,971 - root - INFO - [31mstep: 11  [32mloss:  6.2812  [38;2;180;60;0mgrad_norm: 14.7490  [38;2;54;234;195mmemory: 37.12GiB(46.73%)  [34mtps: 4,619  [36mtflops: 222.85  [35mmfu: 22.53%[39m
[rank0]:[titan] 2026-03-17 10:42:30,413 - root - INFO - [31mstep: 12  [32mloss:  6.0312  [38;2;180;60;0mgrad_norm: 42.5795  [38;2;54;234;195mmemory: 37.12GiB(46.73%)  [34mtps: 4,639  [36mtflops: 223.83  [35mmfu: 22.63%[39m
[rank0]:[titan] 2026-03-17 10:42:30,858 - root - INFO - [31mstep: 13  [32mloss:  5.7500  [38;2;180;60;0mgrad_norm: 36.1292  [38;2;54;234;195mmemory: 37.12GiB(46.73%)  [34mtps: 4,613  [36mtflops: 222.58  [35mmfu: 22.51%[39m
[rank0]:[titan] 2026-03-17 10:42:31,307 - root - INFO - [31mstep: 14  [32mloss:  5.6562  [38;2;180;60;0mgrad_norm: 40.6130  [38;2;54;234;195mmemory: 37.12GiB(46.73%)  [34mtps: 4,558  [36mtflops: 219.94  [35mmfu: 22.24%[39m
[rank0]:[titan] 2026-03-17 10:42:31,751 - root - INFO - [31mstep: 15  [32mloss:  4.7500  [38;2;180;60;0mgrad_norm: 14.6695  [38;2;54;234;195mmemory: 37.12GiB(46.73%)  [34mtps: 4,615  [36mtflops: 222.68  [35mmfu: 22.52%[39m
[rank0]:[titan] 2026-03-17 10:42:32,195 - root - INFO - [31mstep: 16  [32mloss:  4.5938  [38;2;180;60;0mgrad_norm: 20.2827  [38;2;54;234;195mmemory: 37.12GiB(46.73%)  [34mtps: 4,626  [36mtflops: 223.21  [35mmfu: 22.57%[39m
[rank0]:[titan] 2026-03-17 10:42:32,637 - root - INFO - [31mstep: 17  [32mloss:  4.5000  [38;2;180;60;0mgrad_norm: 20.3526  [38;2;54;234;195mmemory: 37.12GiB(46.73%)  [34mtps: 4,634  [36mtflops: 223.59  [35mmfu: 22.61%[39m
[rank0]:[titan] 2026-03-17 10:42:33,083 - root - INFO - [31mstep: 18  [32mloss:  4.3125  [38;2;180;60;0mgrad_norm: 23.7951  [38;2;54;234;195mmemory: 37.12GiB(46.73%)  [34mtps: 4,597  [36mtflops: 221.78  [35mmfu: 22.43%[39m
[rank0]:[titan] 2026-03-17 10:42:33,527 - root - INFO - [31mstep: 19  [32mloss:  4.0625  [38;2;180;60;0mgrad_norm: 20.9317  [38;2;54;234;195mmemory: 37.12GiB(46.73%)  [34mtps: 4,623  [36mtflops: 223.06  [35mmfu: 22.55%[39m
[rank0]:[titan] 2026-03-17 10:42:33,969 - root - INFO - [31mstep: 20  [32mloss:  3.7344  [38;2;180;60;0mgrad_norm: 14.9713  [38;2;54;234;195mmemory: 37.12GiB(46.73%)  [34mtps: 4,629  [36mtflops: 223.36  [35mmfu: 22.58%[39m
[rank0]:[titan] 2026-03-17 10:42:34,413 - root - INFO - [31mstep: 21  [32mloss:  3.6406  [38;2;180;60;0mgrad_norm: 13.3611  [38;2;54;234;195mmemory: 37.12GiB(46.73%)  [34mtps: 4,626  [36mtflops: 223.20  [35mmfu: 22.57%[39m
[rank0]:[titan] 2026-03-17 10:42:34,857 - root - INFO - [31mstep: 22  [32mloss:  3.7500  [38;2;180;60;0mgrad_norm: 12.9924  [38;2;54;234;195mmemory: 37.12GiB(46.73%)  [34mtps: 4,614  [36mtflops: 222.64  [35mmfu: 22.51%[39m
[rank0]:[titan] 2026-03-17 10:42:35,306 - root - INFO - [31mstep: 23  [32mloss:  3.7656  [38;2;180;60;0mgrad_norm: 14.3566  [38;2;54;234;195mmemory: 37.12GiB(46.73%)  [34mtps: 4,562  [36mtflops: 220.10  [35mmfu: 22.26%[39m
[rank0]:[titan] 2026-03-17 10:42:35,751 - root - INFO - [31mstep: 24  [32mloss:  3.7812  [38;2;180;60;0mgrad_norm: 11.0972  [38;2;54;234;195mmemory: 37.12GiB(46.73%)  [34mtps: 4,610  [36mtflops: 222.46  [35mmfu: 22.49%[39m
[rank0]:[titan] 2026-03-17 10:42:36,204 - root - INFO - [31mstep: 25  [32mloss:  3.6094  [38;2;180;60;0mgrad_norm:  8.3670  [38;2;54;234;195mmemory: 37.12GiB(46.73%)  [34mtps: 4,531  [36mtflops: 218.65  [35mmfu: 22.11%[39m
[rank0]:[titan] 2026-03-17 10:42:36,646 - root - INFO - [31mstep: 26  [32mloss:  3.6250  [38;2;180;60;0mgrad_norm: 10.8273  [38;2;54;234;195mmemory: 37.12GiB(46.73%)  [34mtps: 4,637  [36mtflops: 223.76  [35mmfu: 22.62%[39m
[rank0]:[titan] 2026-03-17 10:42:37,090 - root - INFO - [31mstep: 27  [32mloss:  3.6250  [38;2;180;60;0mgrad_norm: 14.6763  [38;2;54;234;195mmemory: 37.12GiB(46.73%)  [34mtps: 4,616  [36mtflops: 222.75  [35mmfu: 22.52%[39m
[rank0]:[titan] 2026-03-17 10:42:37,534 - root - INFO - [31mstep: 28  [32mloss:  3.4531  [38;2;180;60;0mgrad_norm:  8.3437  [38;2;54;234;195mmemory: 37.12GiB(46.73%)  [34mtps: 4,620  [36mtflops: 222.93  [35mmfu: 22.54%[39m
[rank0]:[titan] 2026-03-17 10:42:37,976 - root - INFO - [31mstep: 29  [32mloss:  3.4688  [38;2;180;60;0mgrad_norm:  6.3097  [38;2;54;234;195mmemory: 37.12GiB(46.73%)  [34mtps: 4,633  [36mtflops: 223.52  [35mmfu: 22.60%[39m
[rank0]:[titan] 2026-03-17 10:42:38,422 - root - INFO - [31mstep: 30  [32mloss:  3.5156  [38;2;180;60;0mgrad_norm:  8.2427  [38;2;54;234;195mmemory: 37.12GiB(46.73%)  [34mtps: 4,593  [36mtflops: 221.64  [35mmfu: 22.41%[39m
[rank0]:[titan] 2026-03-17 10:42:38,865 - root - INFO - [31mstep: 31  [32mloss:  3.4844  [38;2;180;60;0mgrad_norm:  7.1237  [38;2;54;234;195mmemory: 37.12GiB(46.73%)  [34mtps: 4,632  [36mtflops: 223.49  [35mmfu: 22.60%[39m
[rank0]:[titan] 2026-03-17 10:42:39,311 - root - INFO - [31mstep: 32  [32mloss:  3.3438  [38;2;180;60;0mgrad_norm:  5.0576  [38;2;54;234;195mmemory: 37.12GiB(46.73%)  [34mtps: 4,596  [36mtflops: 221.76  [35mmfu: 22.42%[39m
[rank0]:[titan] 2026-03-17 10:42:39,755 - root - INFO - [31mstep: 33  [32mloss:  3.3438  [38;2;180;60;0mgrad_norm:  7.1312  [38;2;54;234;195mmemory: 37.12GiB(46.73%)  [34mtps: 4,616  [36mtflops: 222.70  [35mmfu: 22.52%[39m
[rank0]:[titan] 2026-03-17 10:42:40,198 - root - INFO - [31mstep: 34  [32mloss:  3.3750  [38;2;180;60;0mgrad_norm:  7.4881  [38;2;54;234;195mmemory: 37.12GiB(46.73%)  [34mtps: 4,627  [36mtflops: 223.23  [35mmfu: 22.57%[39m
[rank0]:[titan] 2026-03-17 10:42:40,643 - root - INFO - [31mstep: 35  [32mloss:  3.3906  [38;2;180;60;0mgrad_norm:  5.4323  [38;2;54;234;195mmemory: 37.12GiB(46.73%)  [34mtps: 4,604  [36mtflops: 222.14  [35mmfu: 22.46%[39m
[rank0]:[titan] 2026-03-17 10:42:41,092 - root - INFO - [31mstep: 36  [32mloss:  3.3750  [38;2;180;60;0mgrad_norm:  5.0715  [38;2;54;234;195mmemory: 37.12GiB(46.73%)  [34mtps: 4,574  [36mtflops: 220.68  [35mmfu: 22.31%[39m
[rank0]:[titan] 2026-03-17 10:42:41,536 - root - INFO - [31mstep: 37  [32mloss:  3.4531  [38;2;180;60;0mgrad_norm:  4.7802  [38;2;54;234;195mmemory: 37.12GiB(46.73%)  [34mtps: 4,616  [36mtflops: 222.72  [35mmfu: 22.52%[39m
[rank0]:[titan] 2026-03-17 10:42:41,984 - root - INFO - [31mstep: 38  [32mloss:  3.2969  [38;2;180;60;0mgrad_norm:  5.1930  [38;2;54;234;195mmemory: 37.12GiB(46.73%)  [34mtps: 4,572  [36mtflops: 220.63  [35mmfu: 22.31%[39m
[rank0]:[titan] 2026-03-17 10:42:42,430 - root - INFO - [31mstep: 39  [32mloss:  3.3281  [38;2;180;60;0mgrad_norm:  4.4587  [38;2;54;234;195mmemory: 37.12GiB(46.73%)  [34mtps: 4,601  [36mtflops: 222.00  [35mmfu: 22.45%[39m
[rank0]:[titan] 2026-03-17 10:42:42,873 - root - INFO - [31mstep: 40  [32mloss:  3.3438  [38;2;180;60;0mgrad_norm:  4.3121  [38;2;54;234;195mmemory: 37.12GiB(46.73%)  [34mtps: 4,618  [36mtflops: 222.84  [35mmfu: 22.53%[39m
[rank0]:[titan] 2026-03-17 10:42:43,317 - root - INFO - [31mstep: 41  [32mloss:  3.2969  [38;2;180;60;0mgrad_norm:  5.7079  [38;2;54;234;195mmemory: 37.12GiB(46.73%)  [34mtps: 4,626  [36mtflops: 223.21  [35mmfu: 22.57%[39m
[rank0]:[titan] 2026-03-17 10:42:43,760 - root - INFO - [31mstep: 42  [32mloss:  3.2500  [38;2;180;60;0mgrad_norm:  4.1546  [38;2;54;234;195mmemory: 37.12GiB(46.73%)  [34mtps: 4,623  [36mtflops: 223.06  [35mmfu: 22.55%[39m
[rank0]:[titan] 2026-03-17 10:42:44,213 - root - INFO - [31mstep: 43  [32mloss:  3.2344  [38;2;180;60;0mgrad_norm:  4.2556  [38;2;54;234;195mmemory: 37.12GiB(46.73%)  [34mtps: 4,528  [36mtflops: 218.47  [35mmfu: 22.09%[39m
[rank0]:[titan] 2026-03-17 10:42:44,658 - root - INFO - [31mstep: 44  [32mloss:  3.2969  [38;2;180;60;0mgrad_norm:  3.2503  [38;2;54;234;195mmemory: 37.12GiB(46.73%)  [34mtps: 4,604  [36mtflops: 222.15  [35mmfu: 22.46%[39m
[rank0]:[titan] 2026-03-17 10:42:45,102 - root - INFO - [31mstep: 45  [32mloss:  3.3438  [38;2;180;60;0mgrad_norm:  4.2448  [38;2;54;234;195mmemory: 37.12GiB(46.73%)  [34mtps: 4,615  [36mtflops: 222.70  [35mmfu: 22.52%[39m
[rank0]:[titan] 2026-03-17 10:42:45,545 - root - INFO - [31mstep: 46  [32mloss:  3.2969  [38;2;180;60;0mgrad_norm:  2.6713  [38;2;54;234;195mmemory: 37.12GiB(46.73%)  [34mtps: 4,628  [36mtflops: 223.32  [35mmfu: 22.58%[39m
[rank0]:[titan] 2026-03-17 10:42:45,992 - root - INFO - [31mstep: 47  [32mloss:  3.2812  [38;2;180;60;0mgrad_norm:  5.1944  [38;2;54;234;195mmemory: 37.12GiB(46.73%)  [34mtps: 4,592  [36mtflops: 221.56  [35mmfu: 22.40%[39m
[rank0]:[titan] 2026-03-17 10:42:46,442 - root - INFO - [31mstep: 48  [32mloss:  3.2812  [38;2;180;60;0mgrad_norm:  3.4577  [38;2;54;234;195mmemory: 37.12GiB(46.73%)  [34mtps: 4,547  [36mtflops: 219.40  [35mmfu: 22.18%[39m
[rank0]:[titan] 2026-03-17 10:42:46,885 - root - INFO - [31mstep: 49  [32mloss:  3.2656  [38;2;180;60;0mgrad_norm:  4.6388  [38;2;54;234;195mmemory: 37.12GiB(46.73%)  [34mtps: 4,635  [36mtflops: 223.63  [35mmfu: 22.61%[39m
[rank0]:[titan] 2026-03-17 10:42:47,328 - root - INFO - [31mstep: 50  [32mloss:  3.2188  [38;2;180;60;0mgrad_norm:  3.5487  [38;2;54;234;195mmemory: 37.12GiB(46.73%)  [34mtps: 4,629  [36mtflops: 223.34  [35mmfu: 22.58%[39m
[rank0]:[titan] 2026-03-17 10:42:47,771 - root - INFO - [31mstep: 51  [32mloss:  3.2500  [38;2;180;60;0mgrad_norm:  4.8226  [38;2;54;234;195mmemory: 37.12GiB(46.73%)  [34mtps: 4,626  [36mtflops: 223.23  [35mmfu: 22.57%[39m
[rank0]:[titan] 2026-03-17 10:42:48,223 - root - INFO - [31mstep: 52  [32mloss:  3.2812  [38;2;180;60;0mgrad_norm:  4.9093  [38;2;54;234;195mmemory: 37.12GiB(46.73%)  [34mtps: 4,535  [36mtflops: 218.80  [35mmfu: 22.12%[39m
[rank0]:[titan] 2026-03-17 10:42:48,667 - root - INFO - [31mstep: 53  [32mloss:  3.1875  [38;2;180;60;0mgrad_norm:  3.2546  [38;2;54;234;195mmemory: 37.12GiB(46.73%)  [34mtps: 4,616  [36mtflops: 222.70  [35mmfu: 22.52%[39m
[rank0]:[titan] 2026-03-17 10:42:49,113 - root - INFO - [31mstep: 54  [32mloss:  3.2656  [38;2;180;60;0mgrad_norm:  4.3272  [38;2;54;234;195mmemory: 37.12GiB(46.73%)  [34mtps: 4,599  [36mtflops: 221.90  [35mmfu: 22.44%[39m
[rank0]:[titan] 2026-03-17 10:42:49,558 - root - INFO - [31mstep: 55  [32mloss:  3.2344  [38;2;180;60;0mgrad_norm:  4.0135  [38;2;54;234;195mmemory: 37.12GiB(46.73%)  [34mtps: 4,600  [36mtflops: 221.94  [35mmfu: 22.44%[39m
[rank0]:[titan] 2026-03-17 10:42:50,003 - root - INFO - [31mstep: 56  [32mloss:  3.2812  [38;2;180;60;0mgrad_norm:  2.9824  [38;2;54;234;195mmemory: 37.12GiB(46.73%)  [34mtps: 4,607  [36mtflops: 222.27  [35mmfu: 22.47%[39m
[rank0]:[titan] 2026-03-17 10:42:50,446 - root - INFO - [31mstep: 57  [32mloss:  3.2656  [38;2;180;60;0mgrad_norm:  4.3106  [38;2;54;234;195mmemory: 37.12GiB(46.73%)  [34mtps: 4,626  [36mtflops: 223.22  [35mmfu: 22.57%[39m
[rank0]:[titan] 2026-03-17 10:42:50,896 - root - INFO - [31mstep: 58  [32mloss:  3.2500  [38;2;180;60;0mgrad_norm:  3.7333  [38;2;54;234;195mmemory: 37.12GiB(46.73%)  [34mtps: 4,555  [36mtflops: 219.77  [35mmfu: 22.22%[39m
[rank0]:[titan] 2026-03-17 10:42:51,344 - root - INFO - [31mstep: 59  [32mloss:  3.2500  [38;2;180;60;0mgrad_norm:  6.5141  [38;2;54;234;195mmemory: 37.12GiB(46.73%)  [34mtps: 4,577  [36mtflops: 220.85  [35mmfu: 22.33%[39m
[rank0]:[titan] 2026-03-17 10:42:51,791 - root - INFO - [31mstep: 60  [32mloss:  3.2188  [38;2;180;60;0mgrad_norm:  4.2546  [38;2;54;234;195mmemory: 37.12GiB(46.73%)  [34mtps: 4,591  [36mtflops: 221.50  [35mmfu: 22.40%[39m
[rank0]:[titan] 2026-03-17 10:42:52,236 - root - INFO - [31mstep: 61  [32mloss:  3.1875  [38;2;180;60;0mgrad_norm:  4.5334  [38;2;54;234;195mmemory: 37.12GiB(46.73%)  [34mtps: 4,607  [36mtflops: 222.28  [35mmfu: 22.48%[39m
[rank0]:[titan] 2026-03-17 10:42:52,679 - root - INFO - [31mstep: 62  [32mloss:  3.2031  [38;2;180;60;0mgrad_norm:  6.0252  [38;2;54;234;195mmemory: 37.12GiB(46.73%)  [34mtps: 4,625  [36mtflops: 223.14  [35mmfu: 22.56%[39m
[rank0]:[titan] 2026-03-17 10:42:53,123 - root - INFO - [31mstep: 63  [32mloss:  3.2500  [38;2;180;60;0mgrad_norm:  3.4062  [38;2;54;234;195mmemory: 37.12GiB(46.73%)  [34mtps: 4,619  [36mtflops: 222.86  [35mmfu: 22.53%[39m
[rank0]:[titan] 2026-03-17 10:42:53,567 - root - INFO - [31mstep: 64  [32mloss:  3.2344  [38;2;180;60;0mgrad_norm:  5.1415  [38;2;54;234;195mmemory: 37.12GiB(46.73%)  [34mtps: 4,611  [36mtflops: 222.49  [35mmfu: 22.50%[39m
[rank0]:[titan] 2026-03-17 10:42:54,019 - root - INFO - [31mstep: 65  [32mloss:  3.3125  [38;2;180;60;0mgrad_norm:  4.6589  [38;2;54;234;195mmemory: 37.12GiB(46.73%)  [34mtps: 4,543  [36mtflops: 219.23  [35mmfu: 22.17%[39m
[rank0]:[titan] 2026-03-17 10:42:54,467 - root - INFO - [31mstep: 66  [32mloss:  3.3125  [38;2;180;60;0mgrad_norm:  3.5434  [38;2;54;234;195mmemory: 37.12GiB(46.73%)  [34mtps: 4,568  [36mtflops: 220.40  [35mmfu: 22.28%[39m
[rank0]:[titan] 2026-03-17 10:42:54,917 - root - INFO - [31mstep: 67  [32mloss:  3.2812  [38;2;180;60;0mgrad_norm:  6.4841  [38;2;54;234;195mmemory: 37.12GiB(46.73%)  [34mtps: 4,559  [36mtflops: 219.97  [35mmfu: 22.24%[39m
[rank0]:[titan] 2026-03-17 10:42:55,361 - root - INFO - [31mstep: 68  [32mloss:  3.3438  [38;2;180;60;0mgrad_norm:  6.1064  [38;2;54;234;195mmemory: 37.12GiB(46.73%)  [34mtps: 4,612  [36mtflops: 222.53  [35mmfu: 22.50%[39m
[rank0]:[titan] 2026-03-17 10:42:55,805 - root - INFO - [31mstep: 69  [32mloss:  3.2188  [38;2;180;60;0mgrad_norm:  2.8762  [38;2;54;234;195mmemory: 37.12GiB(46.73%)  [34mtps: 4,625  [36mtflops: 223.16  [35mmfu: 22.56%[39m
[rank0]:[titan] 2026-03-17 10:42:56,249 - root - INFO - [31mstep: 70  [32mloss:  3.2656  [38;2;180;60;0mgrad_norm:  4.6367  [38;2;54;234;195mmemory: 37.12GiB(46.73%)  [34mtps: 4,610  [36mtflops: 222.43  [35mmfu: 22.49%[39m
[rank0]:[titan] 2026-03-17 10:42:56,699 - root - INFO - [31mstep: 71  [32mloss:  3.5000  [38;2;180;60;0mgrad_norm:  3.5305  [38;2;54;234;195mmemory: 37.12GiB(46.73%)  [34mtps: 4,556  [36mtflops: 219.82  [35mmfu: 22.23%[39m
[rank0]:[titan] 2026-03-17 10:42:57,143 - root - INFO - [31mstep: 72  [32mloss:  3.4062  [38;2;180;60;0mgrad_norm:  4.4807  [38;2;54;234;195mmemory: 37.12GiB(46.73%)  [34mtps: 4,618  [36mtflops: 222.82  [35mmfu: 22.53%[39m
[rank0]:[titan] 2026-03-17 10:42:57,588 - root - INFO - [31mstep: 73  [32mloss:  3.2500  [38;2;180;60;0mgrad_norm:  3.7970  [38;2;54;234;195mmemory: 37.12GiB(46.73%)  [34mtps: 4,607  [36mtflops: 222.28  [35mmfu: 22.47%[39m
[rank0]:[titan] 2026-03-17 10:42:58,031 - root - INFO - [31mstep: 74  [32mloss:  3.1875  [38;2;180;60;0mgrad_norm:  4.9485  [38;2;54;234;195mmemory: 37.12GiB(46.73%)  [34mtps: 4,625  [36mtflops: 223.16  [35mmfu: 22.56%[39m
[rank0]:[titan] 2026-03-17 10:42:58,479 - root - INFO - [31mstep: 75  [32mloss:  3.1562  [38;2;180;60;0mgrad_norm:  4.1575  [38;2;54;234;195mmemory: 37.12GiB(46.73%)  [34mtps: 4,580  [36mtflops: 220.99  [35mmfu: 22.34%[39m
[rank0]:[titan] 2026-03-17 10:42:58,925 - root - INFO - [31mstep: 76  [32mloss:  3.1250  [38;2;180;60;0mgrad_norm:  4.1490  [38;2;54;234;195mmemory: 37.12GiB(46.73%)  [34mtps: 4,591  [36mtflops: 221.54  [35mmfu: 22.40%[39m
[rank0]:[titan] 2026-03-17 10:42:59,376 - root - INFO - [31mstep: 77  [32mloss:  3.1406  [38;2;180;60;0mgrad_norm:  4.7925  [38;2;54;234;195mmemory: 37.12GiB(46.73%)  [34mtps: 4,549  [36mtflops: 219.47  [35mmfu: 22.19%[39m
[rank0]:[titan] 2026-03-17 10:42:59,822 - root - INFO - [31mstep: 78  [32mloss:  3.2031  [38;2;180;60;0mgrad_norm:  4.4443  [38;2;54;234;195mmemory: 37.12GiB(46.73%)  [34mtps: 4,594  [36mtflops: 221.66  [35mmfu: 22.41%[39m
[rank0]:[titan] 2026-03-17 10:43:00,275 - root - INFO - [31mstep: 79  [32mloss:  3.0781  [38;2;180;60;0mgrad_norm:  3.4491  [38;2;54;234;195mmemory: 37.12GiB(46.73%)  [34mtps: 4,530  [36mtflops: 218.59  [35mmfu: 22.10%[39m
[rank0]:[titan] 2026-03-17 10:43:00,719 - root - INFO - [31mstep: 80  [32mloss:  3.1562  [38;2;180;60;0mgrad_norm:  4.2208  [38;2;54;234;195mmemory: 37.12GiB(46.73%)  [34mtps: 4,621  [36mtflops: 222.99  [35mmfu: 22.55%[39m
[rank0]:[titan] 2026-03-17 10:43:01,163 - root - INFO - [31mstep: 81  [32mloss:  3.1094  [38;2;180;60;0mgrad_norm:  4.8525  [38;2;54;234;195mmemory: 37.12GiB(46.73%)  [34mtps: 4,608  [36mtflops: 222.36  [35mmfu: 22.48%[39m
[rank0]:[titan] 2026-03-17 10:43:01,611 - root - INFO - [31mstep: 82  [32mloss:  3.0625  [38;2;180;60;0mgrad_norm:  3.3675  [38;2;54;234;195mmemory: 37.12GiB(46.73%)  [34mtps: 4,584  [36mtflops: 221.19  [35mmfu: 22.37%[39m
[rank0]:[titan] 2026-03-17 10:43:02,057 - root - INFO - [31mstep: 83  [32mloss:  3.0938  [38;2;180;60;0mgrad_norm:  5.4197  [38;2;54;234;195mmemory: 37.12GiB(46.73%)  [34mtps: 4,595  [36mtflops: 221.73  [35mmfu: 22.42%[39m
[rank0]:[titan] 2026-03-17 10:43:02,503 - root - INFO - [31mstep: 84  [32mloss:  3.1875  [38;2;180;60;0mgrad_norm:  4.5114  [38;2;54;234;195mmemory: 37.12GiB(46.73%)  [34mtps: 4,593  [36mtflops: 221.60  [35mmfu: 22.41%[39m
[rank0]:[titan] 2026-03-17 10:43:02,948 - root - INFO - [31mstep: 85  [32mloss:  3.1875  [38;2;180;60;0mgrad_norm:  3.6662  [38;2;54;234;195mmemory: 37.12GiB(46.73%)  [34mtps: 4,613  [36mtflops: 222.58  [35mmfu: 22.51%[39m
[rank0]:[titan] 2026-03-17 10:43:03,392 - root - INFO - [31mstep: 86  [32mloss:  3.0938  [38;2;180;60;0mgrad_norm:  3.9992  [38;2;54;234;195mmemory: 37.12GiB(46.73%)  [34mtps: 4,610  [36mtflops: 222.45  [35mmfu: 22.49%[39m
[rank0]:[titan] 2026-03-17 10:43:03,838 - root - INFO - [31mstep: 87  [32mloss:  3.0469  [38;2;180;60;0mgrad_norm:  4.0776  [38;2;54;234;195mmemory: 37.12GiB(46.73%)  [34mtps: 4,597  [36mtflops: 221.79  [35mmfu: 22.43%[39m
[rank0]:[titan] 2026-03-17 10:43:04,284 - root - INFO - [31mstep: 88  [32mloss:  3.0312  [38;2;180;60;0mgrad_norm:  3.8554  [38;2;54;234;195mmemory: 37.12GiB(46.73%)  [34mtps: 4,602  [36mtflops: 222.05  [35mmfu: 22.45%[39m
[rank0]:[titan] 2026-03-17 10:43:04,729 - root - INFO - [31mstep: 89  [32mloss:  3.0938  [38;2;180;60;0mgrad_norm:  4.9456  [38;2;54;234;195mmemory: 37.12GiB(46.73%)  [34mtps: 4,604  [36mtflops: 222.15  [35mmfu: 22.46%[39m
[rank0]:[titan] 2026-03-17 10:43:05,175 - root - INFO - [31mstep: 90  [32mloss:  3.1406  [38;2;180;60;0mgrad_norm:  5.2469  [38;2;54;234;195mmemory: 37.12GiB(46.73%)  [34mtps: 4,596  [36mtflops: 221.75  [35mmfu: 22.42%[39m
[rank0]:[titan] 2026-03-17 10:43:05,620 - root - INFO - [31mstep: 91  [32mloss:  3.0312  [38;2;180;60;0mgrad_norm:  3.7030  [38;2;54;234;195mmemory: 37.12GiB(46.73%)  [34mtps: 4,612  [36mtflops: 222.54  [35mmfu: 22.50%[39m
[rank0]:[titan] 2026-03-17 10:43:06,068 - root - INFO - [31mstep: 92  [32mloss:  3.2188  [38;2;180;60;0mgrad_norm:  8.4178  [38;2;54;234;195mmemory: 37.12GiB(46.73%)  [34mtps: 4,571  [36mtflops: 220.56  [35mmfu: 22.30%[39m
[rank0]:[titan] 2026-03-17 10:43:06,512 - root - INFO - [31mstep: 93  [32mloss:  3.1250  [38;2;180;60;0mgrad_norm:  5.8776  [38;2;54;234;195mmemory: 37.12GiB(46.73%)  [34mtps: 4,623  [36mtflops: 223.05  [35mmfu: 22.55%[39m
[rank0]:[titan] 2026-03-17 10:43:06,957 - root - INFO - [31mstep: 94  [32mloss:  3.1406  [38;2;180;60;0mgrad_norm:  4.8888  [38;2;54;234;195mmemory: 37.12GiB(46.73%)  [34mtps: 4,601  [36mtflops: 222.02  [35mmfu: 22.45%[39m
[rank0]:[titan] 2026-03-17 10:43:07,408 - root - INFO - [31mstep: 95  [32mloss:  3.0625  [38;2;180;60;0mgrad_norm:  5.5400  [38;2;54;234;195mmemory: 37.12GiB(46.73%)  [34mtps: 4,546  [36mtflops: 219.37  [35mmfu: 22.18%[39m
[rank0]:[titan] 2026-03-17 10:43:07,854 - root - INFO - [31mstep: 96  [32mloss:  3.1250  [38;2;180;60;0mgrad_norm:  5.8742  [38;2;54;234;195mmemory: 37.12GiB(46.73%)  [34mtps: 4,602  [36mtflops: 222.05  [35mmfu: 22.45%[39m
[rank0]:[titan] 2026-03-17 10:43:08,303 - root - INFO - [31mstep: 97  [32mloss:  3.0000  [38;2;180;60;0mgrad_norm:  3.1621  [38;2;54;234;195mmemory: 37.12GiB(46.73%)  [34mtps: 4,563  [36mtflops: 220.16  [35mmfu: 22.26%[39m
[rank0]:[titan] 2026-03-17 10:43:08,746 - root - INFO - [31mstep: 98  [32mloss:  2.9844  [38;2;180;60;0mgrad_norm:  4.7345  [38;2;54;234;195mmemory: 37.12GiB(46.73%)  [34mtps: 4,624  [36mtflops: 223.13  [35mmfu: 22.56%[39m
[rank0]:[titan] 2026-03-17 10:43:09,191 - root - INFO - [31mstep: 99  [32mloss:  3.0781  [38;2;180;60;0mgrad_norm:  4.3819  [38;2;54;234;195mmemory: 37.12GiB(46.73%)  [34mtps: 4,607  [36mtflops: 222.29  [35mmfu: 22.48%[39m
[rank0]:[titan] 2026-03-17 10:43:09,635 - root - INFO - [31mstep: 100  [32mloss:  3.0156  [38;2;180;60;0mgrad_norm:  3.9829  [38;2;54;234;195mmemory: 37.12GiB(46.73%)  [34mtps: 4,624  [36mtflops: 223.10  [35mmfu: 22.56%[39m
[rank0]:[titan] 2026-03-17 10:43:10,079 - root - INFO - [31mstep: 101  [32mloss:  3.0625  [38;2;180;60;0mgrad_norm:  4.4126  [38;2;54;234;195mmemory: 37.12GiB(46.73%)  [34mtps: 4,616  [36mtflops: 222.72  [35mmfu: 22.52%[39m
[rank0]:[titan] 2026-03-17 10:43:10,530 - root - INFO - [31mstep: 102  [32mloss:  3.0781  [38;2;180;60;0mgrad_norm:  3.8534  [38;2;54;234;195mmemory: 37.12GiB(46.73%)  [34mtps: 4,538  [36mtflops: 218.95  [35mmfu: 22.14%[39m
[rank0]:[titan] 2026-03-17 10:43:10,975 - root - INFO - [31mstep: 103  [32mloss:  2.9844  [38;2;180;60;0mgrad_norm:  4.0291  [38;2;54;234;195mmemory: 37.12GiB(46.73%)  [34mtps: 4,609  [36mtflops: 222.38  [35mmfu: 22.49%[39m
[rank0]:[titan] 2026-03-17 10:43:11,423 - root - INFO - [31mstep: 104  [32mloss:  3.0312  [38;2;180;60;0mgrad_norm:  5.3169  [38;2;54;234;195mmemory: 37.12GiB(46.73%)  [34mtps: 4,580  [36mtflops: 221.00  [35mmfu: 22.35%[39m
[rank0]:[titan] 2026-03-17 10:43:11,866 - root - INFO - [31mstep: 105  [32mloss:  2.9844  [38;2;180;60;0mgrad_norm:  3.5402  [38;2;54;234;195mmemory: 37.12GiB(46.73%)  [34mtps: 4,627  [36mtflops: 223.24  [35mmfu: 22.57%[39m
[rank0]:[titan] 2026-03-17 10:43:12,312 - root - INFO - [31mstep: 106  [32mloss:  3.0000  [38;2;180;60;0mgrad_norm:  7.0615  [38;2;54;234;195mmemory: 37.12GiB(46.73%)  [34mtps: 4,601  [36mtflops: 221.98  [35mmfu: 22.45%[39m
[rank0]:[titan] 2026-03-17 10:43:12,756 - root - INFO - [31mstep: 107  [32mloss:  3.0312  [38;2;180;60;0mgrad_norm:  4.3649  [38;2;54;234;195mmemory: 37.12GiB(46.73%)  [34mtps: 4,611  [36mtflops: 222.49  [35mmfu: 22.50%[39m
[rank0]:[titan] 2026-03-17 10:43:13,203 - root - INFO - [31mstep: 108  [32mloss:  3.1094  [38;2;180;60;0mgrad_norm:  5.4220  [38;2;54;234;195mmemory: 37.12GiB(46.73%)  [34mtps: 4,589  [36mtflops: 221.44  [35mmfu: 22.39%[39m
[rank0]:[titan] 2026-03-17 10:43:13,650 - root - INFO - [31mstep: 109  [32mloss:  3.0312  [38;2;180;60;0mgrad_norm:  4.0546  [38;2;54;234;195mmemory: 37.12GiB(46.73%)  [34mtps: 4,588  [36mtflops: 221.38  [35mmfu: 22.38%[39m
[rank0]:[titan] 2026-03-17 10:43:14,095 - root - INFO - [31mstep: 110  [32mloss:  3.0625  [38;2;180;60;0mgrad_norm:  6.6844  [38;2;54;234;195mmemory: 37.12GiB(46.73%)  [34mtps: 4,603  [36mtflops: 222.11  [35mmfu: 22.46%[39m
[rank0]:[titan] 2026-03-17 10:43:14,540 - root - INFO - [31mstep: 111  [32mloss:  3.0312  [38;2;180;60;0mgrad_norm:  5.5451  [38;2;54;234;195mmemory: 37.12GiB(46.73%)  [34mtps: 4,605  [36mtflops: 222.17  [35mmfu: 22.46%[39m
[rank0]:[titan] 2026-03-17 10:43:14,986 - root - INFO - [31mstep: 112  [32mloss:  3.0625  [38;2;180;60;0mgrad_norm:  4.9366  [38;2;54;234;195mmemory: 37.12GiB(46.73%)  [34mtps: 4,598  [36mtflops: 221.85  [35mmfu: 22.43%[39m
[rank0]:[titan] 2026-03-17 10:43:15,432 - root - INFO - [31mstep: 113  [32mloss:  2.9844  [38;2;180;60;0mgrad_norm:  3.8476  [38;2;54;234;195mmemory: 37.12GiB(46.73%)  [34mtps: 4,599  [36mtflops: 221.91  [35mmfu: 22.44%[39m
[rank0]:[titan] 2026-03-17 10:43:15,874 - root - INFO - [31mstep: 114  [32mloss:  3.0625  [38;2;180;60;0mgrad_norm:  5.9840  [38;2;54;234;195mmemory: 37.12GiB(46.73%)  [34mtps: 4,635  [36mtflops: 223.64  [35mmfu: 22.61%[39m
[rank0]:[titan] 2026-03-17 10:43:16,321 - root - INFO - [31mstep: 115  [32mloss:  3.0000  [38;2;180;60;0mgrad_norm:  6.1901  [38;2;54;234;195mmemory: 37.12GiB(46.73%)  [34mtps: 4,596  [36mtflops: 221.74  [35mmfu: 22.42%[39m
[rank0]:[titan] 2026-03-17 10:43:16,763 - root - INFO - [31mstep: 116  [32mloss:  2.9688  [38;2;180;60;0mgrad_norm:  3.9066  [38;2;54;234;195mmemory: 37.12GiB(46.73%)  [34mtps: 4,632  [36mtflops: 223.50  [35mmfu: 22.60%[39m
[rank0]:[titan] 2026-03-17 10:43:17,207 - root - INFO - [31mstep: 117  [32mloss:  3.0000  [38;2;180;60;0mgrad_norm:  6.0776  [38;2;54;234;195mmemory: 37.12GiB(46.73%)  [34mtps: 4,615  [36mtflops: 222.67  [35mmfu: 22.51%[39m
[rank0]:[titan] 2026-03-17 10:43:17,651 - root - INFO - [31mstep: 118  [32mloss:  3.1875  [38;2;180;60;0mgrad_norm:  6.1480  [38;2;54;234;195mmemory: 37.12GiB(46.73%)  [34mtps: 4,619  [36mtflops: 222.85  [35mmfu: 22.53%[39m
[rank0]:[titan] 2026-03-17 10:43:18,095 - root - INFO - [31mstep: 119  [32mloss:  3.0625  [38;2;180;60;0mgrad_norm:  5.7458  [38;2;54;234;195mmemory: 37.12GiB(46.73%)  [34mtps: 4,621  [36mtflops: 222.98  [35mmfu: 22.55%[39m
[rank0]:[titan] 2026-03-17 10:43:18,539 - root - INFO - [31mstep: 120  [32mloss:  3.0000  [38;2;180;60;0mgrad_norm:  5.2085  [38;2;54;234;195mmemory: 37.12GiB(46.73%)  [34mtps: 4,616  [36mtflops: 222.73  [35mmfu: 22.52%[39m
[rank0]:[titan] 2026-03-17 10:43:19,001 - root - INFO - [31mstep: 121  [32mloss:  3.0312  [38;2;180;60;0mgrad_norm:  5.8056  [38;2;54;234;195mmemory: 37.12GiB(46.73%)  [34mtps: 4,438  [36mtflops: 214.16  [35mmfu: 21.65%[39m
[rank0]:[titan] 2026-03-17 10:43:19,451 - root - INFO - [31mstep: 122  [32mloss:  2.9844  [38;2;180;60;0mgrad_norm:  4.7347  [38;2;54;234;195mmemory: 37.12GiB(46.73%)  [34mtps: 4,556  [36mtflops: 219.81  [35mmfu: 22.23%[39m
[rank0]:[titan] 2026-03-17 10:43:19,895 - root - INFO - [31mstep: 123  [32mloss:  2.9219  [38;2;180;60;0mgrad_norm:  4.4808  [38;2;54;234;195mmemory: 37.12GiB(46.73%)  [34mtps: 4,615  [36mtflops: 222.69  [35mmfu: 22.52%[39m
[rank0]:[titan] 2026-03-17 10:43:20,344 - root - INFO - [31mstep: 124  [32mloss:  2.9531  [38;2;180;60;0mgrad_norm:  4.2914  [38;2;54;234;195mmemory: 37.12GiB(46.73%)  [34mtps: 4,576  [36mtflops: 220.82  [35mmfu: 22.33%[39m
[rank0]:[titan] 2026-03-17 10:43:20,785 - root - INFO - [31mstep: 125  [32mloss:  3.0000  [38;2;180;60;0mgrad_norm:  4.1508  [38;2;54;234;195mmemory: 37.12GiB(46.73%)  [34mtps: 4,649  [36mtflops: 224.30  [35mmfu: 22.68%[39m
[rank0]:[titan] 2026-03-17 10:43:21,236 - root - INFO - [31mstep: 126  [32mloss:  2.9688  [38;2;180;60;0mgrad_norm:  3.5148  [38;2;54;234;195mmemory: 37.12GiB(46.73%)  [34mtps: 4,546  [36mtflops: 219.34  [35mmfu: 22.18%[39m
[rank0]:[titan] 2026-03-17 10:43:21,679 - root - INFO - [31mstep: 127  [32mloss:  2.9688  [38;2;180;60;0mgrad_norm:  2.5371  [38;2;54;234;195mmemory: 37.12GiB(46.73%)  [34mtps: 4,620  [36mtflops: 222.93  [35mmfu: 22.54%[39m
[rank0]:[titan] 2026-03-17 10:43:22,124 - root - INFO - [31mstep: 128  [32mloss:  2.9531  [38;2;180;60;0mgrad_norm:  3.4602  [38;2;54;234;195mmemory: 37.12GiB(46.73%)  [34mtps: 4,612  [36mtflops: 222.52  [35mmfu: 22.50%[39m
[rank0]:[titan] 2026-03-17 10:43:22,569 - root - INFO - [31mstep: 129  [32mloss:  2.9219  [38;2;180;60;0mgrad_norm:  3.4308  [38;2;54;234;195mmemory: 37.12GiB(46.73%)  [34mtps: 4,611  [36mtflops: 222.46  [35mmfu: 22.49%[39m
[rank0]:[titan] 2026-03-17 10:43:23,013 - root - INFO - [31mstep: 130  [32mloss:  2.9375  [38;2;180;60;0mgrad_norm:  3.8977  [38;2;54;234;195mmemory: 37.12GiB(46.73%)  [34mtps: 4,616  [36mtflops: 222.71  [35mmfu: 22.52%[39m
[rank0]:[titan] 2026-03-17 10:43:23,463 - root - INFO - [31mstep: 131  [32mloss:  2.8750  [38;2;180;60;0mgrad_norm:  3.9714  [38;2;54;234;195mmemory: 37.12GiB(46.73%)  [34mtps: 4,553  [36mtflops: 219.71  [35mmfu: 22.22%[39m
[rank0]:[titan] 2026-03-17 10:43:23,909 - root - INFO - [31mstep: 132  [32mloss:  2.9688  [38;2;180;60;0mgrad_norm:  4.2394  [38;2;54;234;195mmemory: 37.12GiB(46.73%)  [34mtps: 4,601  [36mtflops: 221.98  [35mmfu: 22.44%[39m
[rank0]:[titan] 2026-03-17 10:43:24,354 - root - INFO - [31mstep: 133  [32mloss:  2.9531  [38;2;180;60;0mgrad_norm:  3.0086  [38;2;54;234;195mmemory: 37.12GiB(46.73%)  [34mtps: 4,608  [36mtflops: 222.35  [35mmfu: 22.48%[39m
[rank0]:[titan] 2026-03-17 10:43:24,800 - root - INFO - [31mstep: 134  [32mloss:  2.8438  [38;2;180;60;0mgrad_norm:  3.2288  [38;2;54;234;195mmemory: 37.12GiB(46.73%)  [34mtps: 4,599  [36mtflops: 221.92  [35mmfu: 22.44%[39m
[rank0]:[titan] 2026-03-17 10:43:25,251 - root - INFO - [31mstep: 135  [32mloss:  2.8438  [38;2;180;60;0mgrad_norm:  2.7145  [38;2;54;234;195mmemory: 37.12GiB(46.73%)  [34mtps: 4,545  [36mtflops: 219.32  [35mmfu: 22.18%[39m
[rank0]:[titan] 2026-03-17 10:43:25,694 - root - INFO - [31mstep: 136  [32mloss:  2.9062  [38;2;180;60;0mgrad_norm:  3.2652  [38;2;54;234;195mmemory: 37.12GiB(46.73%)  [34mtps: 4,625  [36mtflops: 223.17  [35mmfu: 22.56%[39m
[rank0]:[titan] 2026-03-17 10:43:26,141 - root - INFO - [31mstep: 137  [32mloss:  2.9219  [38;2;180;60;0mgrad_norm:  2.4402  [38;2;54;234;195mmemory: 37.12GiB(46.73%)  [34mtps: 4,593  [36mtflops: 221.59  [35mmfu: 22.41%[39m
[rank0]:[titan] 2026-03-17 10:43:26,584 - root - INFO - [31mstep: 138  [32mloss:  3.0000  [38;2;180;60;0mgrad_norm:  5.3051  [38;2;54;234;195mmemory: 37.12GiB(46.73%)  [34mtps: 4,627  [36mtflops: 223.24  [35mmfu: 22.57%[39m
[rank0]:[titan] 2026-03-17 10:43:27,030 - root - INFO - [31mstep: 139  [32mloss:  2.9219  [38;2;180;60;0mgrad_norm:  2.7767  [38;2;54;234;195mmemory: 37.12GiB(46.73%)  [34mtps: 4,595  [36mtflops: 221.72  [35mmfu: 22.42%[39m
[rank0]:[titan] 2026-03-17 10:43:27,476 - root - INFO - [31mstep: 140  [32mloss:  2.9844  [38;2;180;60;0mgrad_norm:  4.6043  [38;2;54;234;195mmemory: 37.12GiB(46.73%)  [34mtps: 4,600  [36mtflops: 221.93  [35mmfu: 22.44%[39m
[rank0]:[titan] 2026-03-17 10:43:27,923 - root - INFO - [31mstep: 141  [32mloss:  3.0312  [38;2;180;60;0mgrad_norm:  3.5467  [38;2;54;234;195mmemory: 37.12GiB(46.73%)  [34mtps: 4,587  [36mtflops: 221.32  [35mmfu: 22.38%[39m
[rank0]:[titan] 2026-03-17 10:43:28,387 - root - INFO - [31mstep: 142  [32mloss:  2.9844  [38;2;180;60;0mgrad_norm:  4.7677  [38;2;54;234;195mmemory: 37.12GiB(46.73%)  [34mtps: 4,412  [36mtflops: 212.89  [35mmfu: 21.53%[39m
[rank0]:[titan] 2026-03-17 10:43:28,837 - root - INFO - [31mstep: 143  [32mloss:  2.9219  [38;2;180;60;0mgrad_norm:  4.6091  [38;2;54;234;195mmemory: 37.12GiB(46.73%)  [34mtps: 4,554  [36mtflops: 219.74  [35mmfu: 22.22%[39m
[rank0]:[titan] 2026-03-17 10:43:29,283 - root - INFO - [31mstep: 144  [32mloss:  2.8906  [38;2;180;60;0mgrad_norm:  4.3906  [38;2;54;234;195mmemory: 37.12GiB(46.73%)  [34mtps: 4,597  [36mtflops: 221.81  [35mmfu: 22.43%[39m
[rank0]:[titan] 2026-03-17 10:43:29,729 - root - INFO - [31mstep: 145  [32mloss:  2.9375  [38;2;180;60;0mgrad_norm:  5.4053  [38;2;54;234;195mmemory: 37.12GiB(46.73%)  [34mtps: 4,597  [36mtflops: 221.81  [35mmfu: 22.43%[39m
[rank0]:[titan] 2026-03-17 10:43:30,174 - root - INFO - [31mstep: 146  [32mloss:  2.9062  [38;2;180;60;0mgrad_norm:  3.8793  [38;2;54;234;195mmemory: 37.12GiB(46.73%)  [34mtps: 4,609  [36mtflops: 222.37  [35mmfu: 22.48%[39m
[rank0]:[titan] 2026-03-17 10:43:30,620 - root - INFO - [31mstep: 147  [32mloss:  3.0469  [38;2;180;60;0mgrad_norm:  4.6161  [38;2;54;234;195mmemory: 37.12GiB(46.73%)  [34mtps: 4,600  [36mtflops: 221.97  [35mmfu: 22.44%[39m
[rank0]:[titan] 2026-03-17 10:43:31,068 - root - INFO - [31mstep: 148  [32mloss:  3.0000  [38;2;180;60;0mgrad_norm:  5.0434  [38;2;54;234;195mmemory: 37.12GiB(46.73%)  [34mtps: 4,573  [36mtflops: 220.65  [35mmfu: 22.31%[39m
[rank0]:[titan] 2026-03-17 10:43:31,514 - root - INFO - [31mstep: 149  [32mloss:  2.9688  [38;2;180;60;0mgrad_norm:  3.2608  [38;2;54;234;195mmemory: 37.12GiB(46.73%)  [34mtps: 4,596  [36mtflops: 221.75  [35mmfu: 22.42%[39m
[rank0]:[titan] 2026-03-17 10:43:31,963 - root - INFO - [31mstep: 150  [32mloss:  3.0312  [38;2;180;60;0mgrad_norm:  9.9703  [38;2;54;234;195mmemory: 37.12GiB(46.73%)  [34mtps: 4,569  [36mtflops: 220.46  [35mmfu: 22.29%[39m
[rank0]:[titan] 2026-03-17 10:43:32,413 - root - INFO - [31mstep: 151  [32mloss:  3.0156  [38;2;180;60;0mgrad_norm:  7.0436  [38;2;54;234;195mmemory: 37.12GiB(46.73%)  [34mtps: 4,555  [36mtflops: 219.80  [35mmfu: 22.22%[39m
[rank0]:[titan] 2026-03-17 10:43:32,855 - root - INFO - [31mstep: 152  [32mloss:  2.9844  [38;2;180;60;0mgrad_norm:  5.5538  [38;2;54;234;195mmemory: 37.12GiB(46.73%)  [34mtps: 4,636  [36mtflops: 223.71  [35mmfu: 22.62%[39m
[rank0]:[titan] 2026-03-17 10:43:33,306 - root - INFO - [31mstep: 153  [32mloss:  2.9062  [38;2;180;60;0mgrad_norm:  5.9555  [38;2;54;234;195mmemory: 37.12GiB(46.73%)  [34mtps: 4,546  [36mtflops: 219.35  [35mmfu: 22.18%[39m
[rank0]:[titan] 2026-03-17 10:43:33,749 - root - INFO - [31mstep: 154  [32mloss:  2.8750  [38;2;180;60;0mgrad_norm:  4.3221  [38;2;54;234;195mmemory: 37.12GiB(46.73%)  [34mtps: 4,625  [36mtflops: 223.15  [35mmfu: 22.56%[39m
[rank0]:[titan] 2026-03-17 10:43:34,193 - root - INFO - [31mstep: 155  [32mloss:  2.9688  [38;2;180;60;0mgrad_norm:  6.3149  [38;2;54;234;195mmemory: 37.12GiB(46.73%)  [34mtps: 4,617  [36mtflops: 222.79  [35mmfu: 22.53%[39m
[rank0]:[titan] 2026-03-17 10:43:34,639 - root - INFO - [31mstep: 156  [32mloss:  3.0000  [38;2;180;60;0mgrad_norm:  5.4303  [38;2;54;234;195mmemory: 37.12GiB(46.73%)  [34mtps: 4,602  [36mtflops: 222.03  [35mmfu: 22.45%[39m
[rank0]:[titan] 2026-03-17 10:43:35,083 - root - INFO - [31mstep: 157  [32mloss:  2.9219  [38;2;180;60;0mgrad_norm:  3.7696  [38;2;54;234;195mmemory: 37.12GiB(46.73%)  [34mtps: 4,612  [36mtflops: 222.53  [35mmfu: 22.50%[39m
[rank0]:[titan] 2026-03-17 10:43:35,528 - root - INFO - [31mstep: 158  [32mloss:  2.9219  [38;2;180;60;0mgrad_norm:  6.1658  [38;2;54;234;195mmemory: 37.12GiB(46.73%)  [34mtps: 4,608  [36mtflops: 222.34  [35mmfu: 22.48%[39m
[rank0]:[titan] 2026-03-17 10:43:35,973 - root - INFO - [31mstep: 159  [32mloss:  2.9219  [38;2;180;60;0mgrad_norm:  5.2296  [38;2;54;234;195mmemory: 37.12GiB(46.73%)  [34mtps: 4,610  [36mtflops: 222.42  [35mmfu: 22.49%[39m
[rank0]:[titan] 2026-03-17 10:43:36,423 - root - INFO - [31mstep: 160  [32mloss:  2.9219  [38;2;180;60;0mgrad_norm:  4.8940  [38;2;54;234;195mmemory: 37.12GiB(46.73%)  [34mtps: 4,557  [36mtflops: 219.90  [35mmfu: 22.23%[39m
[rank0]:[titan] 2026-03-17 10:43:36,866 - root - INFO - [31mstep: 161  [32mloss:  2.8750  [38;2;180;60;0mgrad_norm:  4.2685  [38;2;54;234;195mmemory: 37.12GiB(46.73%)  [34mtps: 4,622  [36mtflops: 223.04  [35mmfu: 22.55%[39m
[rank0]:[titan] 2026-03-17 10:43:37,312 - root - INFO - [31mstep: 162  [32mloss:  2.8594  [38;2;180;60;0mgrad_norm:  5.3811  [38;2;54;234;195mmemory: 37.12GiB(46.73%)  [34mtps: 4,605  [36mtflops: 222.18  [35mmfu: 22.46%[39m
[rank0]:[titan] 2026-03-17 10:43:37,759 - root - INFO - [31mstep: 163  [32mloss:  2.9688  [38;2;180;60;0mgrad_norm:  5.5488  [38;2;54;234;195mmemory: 37.12GiB(46.73%)  [34mtps: 4,579  [36mtflops: 220.92  [35mmfu: 22.34%[39m
[rank0]:[titan] 2026-03-17 10:43:38,208 - root - INFO - [31mstep: 164  [32mloss:  2.8750  [38;2;180;60;0mgrad_norm:  3.6658  [38;2;54;234;195mmemory: 37.12GiB(46.73%)  [34mtps: 4,572  [36mtflops: 220.62  [35mmfu: 22.31%[39m
[rank0]:[titan] 2026-03-17 10:43:38,654 - root - INFO - [31mstep: 165  [32mloss:  2.8750  [38;2;180;60;0mgrad_norm:  5.2705  [38;2;54;234;195mmemory: 37.12GiB(46.73%)  [34mtps: 4,598  [36mtflops: 221.85  [35mmfu: 22.43%[39m
[rank0]:[titan] 2026-03-17 10:43:39,104 - root - INFO - [31mstep: 166  [32mloss:  2.9219  [38;2;180;60;0mgrad_norm:  4.1638  [38;2;54;234;195mmemory: 37.12GiB(46.73%)  [34mtps: 4,556  [36mtflops: 219.82  [35mmfu: 22.23%[39m
[rank0]:[titan] 2026-03-17 10:43:39,556 - root - INFO - [31mstep: 167  [32mloss:  3.0156  [38;2;180;60;0mgrad_norm:  4.1170  [38;2;54;234;195mmemory: 37.12GiB(46.73%)  [34mtps: 4,532  [36mtflops: 218.68  [35mmfu: 22.11%[39m
[rank0]:[titan] 2026-03-17 10:43:40,002 - root - INFO - [31mstep: 168  [32mloss:  2.9219  [38;2;180;60;0mgrad_norm:  4.2686  [38;2;54;234;195mmemory: 37.12GiB(46.73%)  [34mtps: 4,604  [36mtflops: 222.15  [35mmfu: 22.46%[39m
[rank0]:[titan] 2026-03-17 10:43:40,447 - root - INFO - [31mstep: 169  [32mloss:  2.8906  [38;2;180;60;0mgrad_norm:  3.5757  [38;2;54;234;195mmemory: 37.12GiB(46.73%)  [34mtps: 4,604  [36mtflops: 222.14  [35mmfu: 22.46%[39m
[rank0]:[titan] 2026-03-17 10:43:40,894 - root - INFO - [31mstep: 170  [32mloss:  2.9844  [38;2;180;60;0mgrad_norm:  3.3325  [38;2;54;234;195mmemory: 37.12GiB(46.73%)  [34mtps: 4,588  [36mtflops: 221.39  [35mmfu: 22.39%[39m
[rank0]:[titan] 2026-03-17 10:43:41,341 - root - INFO - [31mstep: 171  [32mloss:  2.9688  [38;2;180;60;0mgrad_norm:  3.8571  [38;2;54;234;195mmemory: 37.12GiB(46.73%)  [34mtps: 4,583  [36mtflops: 221.11  [35mmfu: 22.36%[39m
[rank0]:[titan] 2026-03-17 10:43:41,787 - root - INFO - [31mstep: 172  [32mloss:  2.9375  [38;2;180;60;0mgrad_norm:  3.2412  [38;2;54;234;195mmemory: 37.12GiB(46.73%)  [34mtps: 4,598  [36mtflops: 221.87  [35mmfu: 22.43%[39m
[rank0]:[titan] 2026-03-17 10:43:42,235 - root - INFO - [31mstep: 173  [32mloss:  2.9375  [38;2;180;60;0mgrad_norm:  4.5672  [38;2;54;234;195mmemory: 37.12GiB(46.73%)  [34mtps: 4,580  [36mtflops: 220.98  [35mmfu: 22.34%[39m
[rank0]:[titan] 2026-03-17 10:43:42,680 - root - INFO - [31mstep: 174  [32mloss:  2.8750  [38;2;180;60;0mgrad_norm:  4.5828  [38;2;54;234;195mmemory: 37.12GiB(46.73%)  [34mtps: 4,606  [36mtflops: 222.23  [35mmfu: 22.47%[39m
[rank0]:[titan] 2026-03-17 10:43:43,125 - root - INFO - [31mstep: 175  [32mloss:  2.8750  [38;2;180;60;0mgrad_norm:  3.3744  [38;2;54;234;195mmemory: 37.12GiB(46.73%)  [34mtps: 4,606  [36mtflops: 222.25  [35mmfu: 22.47%[39m
[rank0]:[titan] 2026-03-17 10:43:43,571 - root - INFO - [31mstep: 176  [32mloss:  2.9219  [38;2;180;60;0mgrad_norm:  3.3807  [38;2;54;234;195mmemory: 37.12GiB(46.73%)  [34mtps: 4,604  [36mtflops: 222.14  [35mmfu: 22.46%[39m
[rank0]:[titan] 2026-03-17 10:43:44,024 - root - INFO - [31mstep: 177  [32mloss:  2.8750  [38;2;180;60;0mgrad_norm:  3.0609  [38;2;54;234;195mmemory: 37.12GiB(46.73%)  [34mtps: 4,519  [36mtflops: 218.05  [35mmfu: 22.05%[39m
[rank0]:[titan] 2026-03-17 10:43:44,467 - root - INFO - [31mstep: 178  [32mloss:  2.9219  [38;2;180;60;0mgrad_norm:  3.9170  [38;2;54;234;195mmemory: 37.12GiB(46.73%)  [34mtps: 4,630  [36mtflops: 223.41  [35mmfu: 22.59%[39m
[rank0]:[titan] 2026-03-17 10:43:44,919 - root - INFO - [31mstep: 179  [32mloss:  2.9375  [38;2;180;60;0mgrad_norm:  3.5669  [38;2;54;234;195mmemory: 37.12GiB(46.73%)  [34mtps: 4,534  [36mtflops: 218.76  [35mmfu: 22.12%[39m
[rank0]:[titan] 2026-03-17 10:43:45,371 - root - INFO - [31mstep: 180  [32mloss:  2.9062  [38;2;180;60;0mgrad_norm:  2.8464  [38;2;54;234;195mmemory: 37.12GiB(46.73%)  [34mtps: 4,542  [36mtflops: 219.15  [35mmfu: 22.16%[39m
[rank0]:[titan] 2026-03-17 10:43:45,816 - root - INFO - [31mstep: 181  [32mloss:  2.9062  [38;2;180;60;0mgrad_norm:  3.4479  [38;2;54;234;195mmemory: 37.12GiB(46.73%)  [34mtps: 4,604  [36mtflops: 222.14  [35mmfu: 22.46%[39m
[rank0]:[titan] 2026-03-17 10:43:46,260 - root - INFO - [31mstep: 182  [32mloss:  2.8906  [38;2;180;60;0mgrad_norm:  2.9161  [38;2;54;234;195mmemory: 37.12GiB(46.73%)  [34mtps: 4,617  [36mtflops: 222.77  [35mmfu: 22.52%[39m
[rank0]:[titan] 2026-03-17 10:43:46,705 - root - INFO - [31mstep: 183  [32mloss:  2.8750  [38;2;180;60;0mgrad_norm:  3.5174  [38;2;54;234;195mmemory: 37.12GiB(46.73%)  [34mtps: 4,613  [36mtflops: 222.59  [35mmfu: 22.51%[39m
[rank0]:[titan] 2026-03-17 10:43:47,148 - root - INFO - [31mstep: 184  [32mloss:  2.9531  [38;2;180;60;0mgrad_norm:  4.2922  [38;2;54;234;195mmemory: 37.12GiB(46.73%)  [34mtps: 4,622  [36mtflops: 223.01  [35mmfu: 22.55%[39m
[rank0]:[titan] 2026-03-17 10:43:47,603 - root - INFO - [31mstep: 185  [32mloss:  2.9062  [38;2;180;60;0mgrad_norm:  4.0691  [38;2;54;234;195mmemory: 37.12GiB(46.73%)  [34mtps: 4,513  [36mtflops: 217.77  [35mmfu: 22.02%[39m
[rank0]:[titan] 2026-03-17 10:43:48,047 - root - INFO - [31mstep: 186  [32mloss:  2.9219  [38;2;180;60;0mgrad_norm:  4.7929  [38;2;54;234;195mmemory: 37.12GiB(46.73%)  [34mtps: 4,615  [36mtflops: 222.69  [35mmfu: 22.52%[39m
[rank0]:[titan] 2026-03-17 10:43:48,491 - root - INFO - [31mstep: 187  [32mloss:  2.8438  [38;2;180;60;0mgrad_norm:  3.0358  [38;2;54;234;195mmemory: 37.12GiB(46.73%)  [34mtps: 4,615  [36mtflops: 222.66  [35mmfu: 22.51%[39m
[rank0]:[titan] 2026-03-17 10:43:48,937 - root - INFO - [31mstep: 188  [32mloss:  2.8906  [38;2;180;60;0mgrad_norm:  4.2881  [38;2;54;234;195mmemory: 37.12GiB(46.73%)  [34mtps: 4,605  [36mtflops: 222.20  [35mmfu: 22.47%[39m
[rank0]:[titan] 2026-03-17 10:43:49,386 - root - INFO - [31mstep: 189  [32mloss:  2.8750  [38;2;180;60;0mgrad_norm:  3.0787  [38;2;54;234;195mmemory: 37.12GiB(46.73%)  [34mtps: 4,562  [36mtflops: 220.11  [35mmfu: 22.26%[39m
[rank0]:[titan] 2026-03-17 10:43:49,832 - root - INFO - [31mstep: 190  [32mloss:  2.9062  [38;2;180;60;0mgrad_norm:  5.8248  [38;2;54;234;195mmemory: 37.12GiB(46.73%)  [34mtps: 4,602  [36mtflops: 222.05  [35mmfu: 22.45%[39m
[rank0]:[titan] 2026-03-17 10:43:50,277 - root - INFO - [31mstep: 191  [32mloss:  2.8594  [38;2;180;60;0mgrad_norm:  4.7804  [38;2;54;234;195mmemory: 37.12GiB(46.73%)  [34mtps: 4,598  [36mtflops: 221.88  [35mmfu: 22.43%[39m
[rank0]:[titan] 2026-03-17 10:43:50,722 - root - INFO - [31mstep: 192  [32mloss:  2.8594  [38;2;180;60;0mgrad_norm:  3.9860  [38;2;54;234;195mmemory: 37.12GiB(46.73%)  [34mtps: 4,610  [36mtflops: 222.45  [35mmfu: 22.49%[39m
[rank0]:[titan] 2026-03-17 10:43:51,168 - root - INFO - [31mstep: 193  [32mloss:  2.9688  [38;2;180;60;0mgrad_norm:  5.3086  [38;2;54;234;195mmemory: 37.12GiB(46.73%)  [34mtps: 4,599  [36mtflops: 221.92  [35mmfu: 22.44%[39m
[rank0]:[titan] 2026-03-17 10:43:51,648 - root - INFO - [31mstep: 194  [32mloss:  2.8438  [38;2;180;60;0mgrad_norm:  3.2318  [38;2;54;234;195mmemory: 37.12GiB(46.73%)  [34mtps: 4,270  [36mtflops: 206.05  [35mmfu: 20.83%[39m
[rank0]:[titan] 2026-03-17 10:43:52,093 - root - INFO - [31mstep: 195  [32mloss:  2.9219  [38;2;180;60;0mgrad_norm:  5.7970  [38;2;54;234;195mmemory: 37.12GiB(46.73%)  [34mtps: 4,611  [36mtflops: 222.50  [35mmfu: 22.50%[39m
[rank0]:[titan] 2026-03-17 10:43:52,539 - root - INFO - [31mstep: 196  [32mloss:  2.8750  [38;2;180;60;0mgrad_norm:  4.3717  [38;2;54;234;195mmemory: 37.12GiB(46.73%)  [34mtps: 4,598  [36mtflops: 221.87  [35mmfu: 22.43%[39m
[rank0]:[titan] 2026-03-17 10:43:52,987 - root - INFO - [31mstep: 197  [32mloss:  2.9062  [38;2;180;60;0mgrad_norm:  4.2002  [38;2;54;234;195mmemory: 37.12GiB(46.73%)  [34mtps: 4,567  [36mtflops: 220.35  [35mmfu: 22.28%[39m
[rank0]:[titan] 2026-03-17 10:43:53,443 - root - INFO - [31mstep: 198  [32mloss:  2.8906  [38;2;180;60;0mgrad_norm:  3.7628  [38;2;54;234;195mmemory: 37.12GiB(46.73%)  [34mtps: 4,498  [36mtflops: 217.01  [35mmfu: 21.94%[39m
[rank0]:[titan] 2026-03-17 10:43:53,891 - root - INFO - [31mstep: 199  [32mloss:  2.8438  [38;2;180;60;0mgrad_norm:  3.5681  [38;2;54;234;195mmemory: 37.12GiB(46.73%)  [34mtps: 4,579  [36mtflops: 220.92  [35mmfu: 22.34%[39m
[rank0]:[titan] 2026-03-17 10:43:54,347 - root - INFO - [31mstep: 200  [32mloss:  2.7969  [38;2;180;60;0mgrad_norm:  4.2466  [38;2;54;234;195mmemory: 37.12GiB(46.73%)  [34mtps: 4,498  [36mtflops: 217.05  [35mmfu: 21.95%[39m
[rank0]:[titan] 2026-03-17 10:43:54,793 - root - INFO - [31mstep: 201  [32mloss:  2.9062  [38;2;180;60;0mgrad_norm:  3.8683  [38;2;54;234;195mmemory: 37.12GiB(46.73%)  [34mtps: 4,594  [36mtflops: 221.66  [35mmfu: 22.41%[39m
[rank0]:[titan] 2026-03-17 10:43:55,238 - root - INFO - [31mstep: 202  [32mloss:  2.9219  [38;2;180;60;0mgrad_norm:  3.6750  [38;2;54;234;195mmemory: 37.12GiB(46.73%)  [34mtps: 4,614  [36mtflops: 222.64  [35mmfu: 22.51%[39m
[rank0]:[titan] 2026-03-17 10:43:55,685 - root - INFO - [31mstep: 203  [32mloss:  2.7812  [38;2;180;60;0mgrad_norm:  4.2311  [38;2;54;234;195mmemory: 37.12GiB(46.73%)  [34mtps: 4,589  [36mtflops: 221.40  [35mmfu: 22.39%[39m
[rank0]:[titan] 2026-03-17 10:43:56,129 - root - INFO - [31mstep: 204  [32mloss:  2.8750  [38;2;180;60;0mgrad_norm:  3.9198  [38;2;54;234;195mmemory: 37.12GiB(46.73%)  [34mtps: 4,614  [36mtflops: 222.62  [35mmfu: 22.51%[39m
[rank0]:[titan] 2026-03-17 10:43:56,575 - root - INFO - [31mstep: 205  [32mloss:  2.8438  [38;2;180;60;0mgrad_norm:  3.5854  [38;2;54;234;195mmemory: 37.12GiB(46.73%)  [34mtps: 4,599  [36mtflops: 221.92  [35mmfu: 22.44%[39m
[rank0]:[titan] 2026-03-17 10:43:57,035 - root - INFO - [31mstep: 206  [32mloss:  2.8438  [38;2;180;60;0mgrad_norm:  2.8830  [38;2;54;234;195mmemory: 37.12GiB(46.73%)  [34mtps: 4,458  [36mtflops: 215.09  [35mmfu: 21.75%[39m
[rank0]:[titan] 2026-03-17 10:43:57,481 - root - INFO - [31mstep: 207  [32mloss:  2.8125  [38;2;180;60;0mgrad_norm:  2.9178  [38;2;54;234;195mmemory: 37.12GiB(46.73%)  [34mtps: 4,591  [36mtflops: 221.54  [35mmfu: 22.40%[39m
[rank0]:[titan] 2026-03-17 10:43:57,929 - root - INFO - [31mstep: 208  [32mloss:  2.8125  [38;2;180;60;0mgrad_norm:  3.0170  [38;2;54;234;195mmemory: 37.12GiB(46.73%)  [34mtps: 4,582  [36mtflops: 221.06  [35mmfu: 22.35%[39m
[rank0]:[titan] 2026-03-17 10:43:58,374 - root - INFO - [31mstep: 209  [32mloss:  2.8125  [38;2;180;60;0mgrad_norm:  3.5496  [38;2;54;234;195mmemory: 37.12GiB(46.73%)  [34mtps: 4,606  [36mtflops: 222.25  [35mmfu: 22.47%[39m
[rank0]:[titan] 2026-03-17 10:43:58,818 - root - INFO - [31mstep: 210  [32mloss:  2.7812  [38;2;180;60;0mgrad_norm:  1.8385  [38;2;54;234;195mmemory: 37.12GiB(46.73%)  [34mtps: 4,619  [36mtflops: 222.85  [35mmfu: 22.53%[39m
[rank0]:[titan] 2026-03-17 10:43:59,263 - root - INFO - [31mstep: 211  [32mloss:  2.8281  [38;2;180;60;0mgrad_norm:  3.8332  [38;2;54;234;195mmemory: 37.12GiB(46.73%)  [34mtps: 4,606  [36mtflops: 222.26  [35mmfu: 22.47%[39m
[rank0]:[titan] 2026-03-17 10:43:59,264 - root - WARNING - Dataset c4_test is being re-looped
[rank0]:[titan] 2026-03-17 10:43:59,709 - root - INFO - [31mstep: 212  [32mloss:  2.8750  [38;2;180;60;0mgrad_norm:  2.9595  [38;2;54;234;195mmemory: 37.12GiB(46.73%)  [34mtps: 4,597  [36mtflops: 221.80  [35mmfu: 22.43%[39m
[rank0]:[titan] 2026-03-17 10:44:00,154 - root - INFO - [31mstep: 213  [32mloss:  2.8125  [38;2;180;60;0mgrad_norm:  4.1781  [38;2;54;234;195mmemory: 37.12GiB(46.73%)  [34mtps: 4,604  [36mtflops: 222.16  [35mmfu: 22.46%[39m
[rank0]:[titan] 2026-03-17 10:44:00,600 - root - INFO - [31mstep: 214  [32mloss:  2.8438  [38;2;180;60;0mgrad_norm:  3.7592  [38;2;54;234;195mmemory: 37.12GiB(46.73%)  [34mtps: 4,606  [36mtflops: 222.24  [35mmfu: 22.47%[39m
[rank0]:[titan] 2026-03-17 10:44:01,046 - root - INFO - [31mstep: 215  [32mloss:  2.9062  [38;2;180;60;0mgrad_norm:  3.9001  [38;2;54;234;195mmemory: 37.12GiB(46.73%)  [34mtps: 4,597  [36mtflops: 221.80  [35mmfu: 22.43%[39m
[rank0]:[titan] 2026-03-17 10:44:01,494 - root - INFO - [31mstep: 216  [32mloss:  2.8594  [38;2;180;60;0mgrad_norm:  3.4572  [38;2;54;234;195mmemory: 37.12GiB(46.73%)  [34mtps: 4,577  [36mtflops: 220.83  [35mmfu: 22.33%[39m
[rank0]:[titan] 2026-03-17 10:44:01,944 - root - INFO - [31mstep: 217  [32mloss:  2.7969  [38;2;180;60;0mgrad_norm:  3.0068  [38;2;54;234;195mmemory: 37.12GiB(46.73%)  [34mtps: 4,552  [36mtflops: 219.66  [35mmfu: 22.21%[39m
[rank0]:[titan] 2026-03-17 10:44:02,388 - root - INFO - [31mstep: 218  [32mloss:  2.7969  [38;2;180;60;0mgrad_norm:  3.5607  [38;2;54;234;195mmemory: 37.12GiB(46.73%)  [34mtps: 4,619  [36mtflops: 222.85  [35mmfu: 22.53%[39m
[rank0]:[titan] 2026-03-17 10:44:02,833 - root - INFO - [31mstep: 219  [32mloss:  2.7812  [38;2;180;60;0mgrad_norm:  2.1007  [38;2;54;234;195mmemory: 37.12GiB(46.73%)  [34mtps: 4,604  [36mtflops: 222.14  [35mmfu: 22.46%[39m
[rank0]:[titan] 2026-03-17 10:44:03,285 - root - INFO - [31mstep: 220  [32mloss:  2.7812  [38;2;180;60;0mgrad_norm:  3.0668  [38;2;54;234;195mmemory: 37.12GiB(46.73%)  [34mtps: 4,544  [36mtflops: 219.23  [35mmfu: 22.17%[39m
[rank0]:[titan] 2026-03-17 10:44:03,731 - root - INFO - [31mstep: 221  [32mloss:  2.8438  [38;2;180;60;0mgrad_norm:  2.6041  [38;2;54;234;195mmemory: 37.12GiB(46.73%)  [34mtps: 4,598  [36mtflops: 221.84  [35mmfu: 22.43%[39m
[rank0]:[titan] 2026-03-17 10:44:04,183 - root - INFO - [31mstep: 222  [32mloss:  2.8125  [38;2;180;60;0mgrad_norm:  4.4106  [38;2;54;234;195mmemory: 37.12GiB(46.73%)  [34mtps: 4,531  [36mtflops: 218.64  [35mmfu: 22.11%[39m
[rank0]:[titan] 2026-03-17 10:44:04,627 - root - INFO - [31mstep: 223  [32mloss:  2.8125  [38;2;180;60;0mgrad_norm:  1.9136  [38;2;54;234;195mmemory: 37.12GiB(46.73%)  [34mtps: 4,616  [36mtflops: 222.73  [35mmfu: 22.52%[39m
[rank0]:[titan] 2026-03-17 10:44:05,075 - root - INFO - [31mstep: 224  [32mloss:  2.8906  [38;2;180;60;0mgrad_norm:  5.4656  [38;2;54;234;195mmemory: 37.12GiB(46.73%)  [34mtps: 4,579  [36mtflops: 220.96  [35mmfu: 22.34%[39m
[rank0]:[titan] 2026-03-17 10:44:05,526 - root - INFO - [31mstep: 225  [32mloss:  2.9219  [38;2;180;60;0mgrad_norm:  4.5617  [38;2;54;234;195mmemory: 37.12GiB(46.73%)  [34mtps: 4,546  [36mtflops: 219.33  [35mmfu: 22.18%[39m
[rank0]:[titan] 2026-03-17 10:44:05,971 - root - INFO - [31mstep: 226  [32mloss:  2.8594  [38;2;180;60;0mgrad_norm:  3.3104  [38;2;54;234;195mmemory: 37.12GiB(46.73%)  [34mtps: 4,604  [36mtflops: 222.13  [35mmfu: 22.46%[39m
[rank0]:[titan] 2026-03-17 10:44:06,419 - root - INFO - [31mstep: 227  [32mloss:  2.8594  [38;2;180;60;0mgrad_norm:  4.6042  [38;2;54;234;195mmemory: 37.12GiB(46.73%)  [34mtps: 4,583  [36mtflops: 221.15  [35mmfu: 22.36%[39m
[rank0]:[titan] 2026-03-17 10:44:06,866 - root - INFO - [31mstep: 228  [32mloss:  2.8594  [38;2;180;60;0mgrad_norm:  4.6772  [38;2;54;234;195mmemory: 37.12GiB(46.73%)  [34mtps: 4,581  [36mtflops: 221.02  [35mmfu: 22.35%[39m
[rank0]:[titan] 2026-03-17 10:44:07,315 - root - INFO - [31mstep: 229  [32mloss:  2.8594  [38;2;180;60;0mgrad_norm:  4.3026  [38;2;54;234;195mmemory: 37.12GiB(46.73%)  [34mtps: 4,569  [36mtflops: 220.44  [35mmfu: 22.29%[39m
[rank0]:[titan] 2026-03-17 10:44:07,761 - root - INFO - [31mstep: 230  [32mloss:  2.9062  [38;2;180;60;0mgrad_norm:  3.2721  [38;2;54;234;195mmemory: 37.12GiB(46.73%)  [34mtps: 4,600  [36mtflops: 221.97  [35mmfu: 22.44%[39m
[rank0]:[titan] 2026-03-17 10:44:08,208 - root - INFO - [31mstep: 231  [32mloss:  2.9531  [38;2;180;60;0mgrad_norm:  4.4447  [38;2;54;234;195mmemory: 37.12GiB(46.73%)  [34mtps: 4,581  [36mtflops: 221.03  [35mmfu: 22.35%[39m
[rank0]:[titan] 2026-03-17 10:44:08,653 - root - INFO - [31mstep: 232  [32mloss:  2.8438  [38;2;180;60;0mgrad_norm:  3.6890  [38;2;54;234;195mmemory: 37.12GiB(46.73%)  [34mtps: 4,612  [36mtflops: 222.52  [35mmfu: 22.50%[39m
[rank0]:[titan] 2026-03-17 10:44:09,105 - root - INFO - [31mstep: 233  [32mloss:  2.8438  [38;2;180;60;0mgrad_norm:  3.2947  [38;2;54;234;195mmemory: 37.12GiB(46.73%)  [34mtps: 4,533  [36mtflops: 218.72  [35mmfu: 22.12%[39m
[rank0]:[titan] 2026-03-17 10:44:09,560 - root - INFO - [31mstep: 234  [32mloss:  2.8438  [38;2;180;60;0mgrad_norm:  3.7597  [38;2;54;234;195mmemory: 37.12GiB(46.73%)  [34mtps: 4,506  [36mtflops: 217.41  [35mmfu: 21.98%[39m
[rank0]:[titan] 2026-03-17 10:44:10,006 - root - INFO - [31mstep: 235  [32mloss:  2.7969  [38;2;180;60;0mgrad_norm:  3.0241  [38;2;54;234;195mmemory: 37.12GiB(46.73%)  [34mtps: 4,601  [36mtflops: 222.03  [35mmfu: 22.45%[39m
[rank0]:[titan] 2026-03-17 10:44:10,473 - root - INFO - [31mstep: 236  [32mloss:  2.8125  [38;2;180;60;0mgrad_norm:  2.6386  [38;2;54;234;195mmemory: 37.12GiB(46.73%)  [34mtps: 4,384  [36mtflops: 211.52  [35mmfu: 21.39%[39m
[rank0]:[titan] 2026-03-17 10:44:10,920 - root - INFO - [31mstep: 237  [32mloss:  2.8125  [38;2;180;60;0mgrad_norm:  3.8013  [38;2;54;234;195mmemory: 37.12GiB(46.73%)  [34mtps: 4,588  [36mtflops: 221.38  [35mmfu: 22.38%[39m
[rank0]:[titan] 2026-03-17 10:44:11,368 - root - INFO - [31mstep: 238  [32mloss:  2.7812  [38;2;180;60;0mgrad_norm:  3.0302  [38;2;54;234;195mmemory: 37.12GiB(46.73%)  [34mtps: 4,576  [36mtflops: 220.81  [35mmfu: 22.33%[39m
[rank0]:[titan] 2026-03-17 10:44:11,816 - root - INFO - [31mstep: 239  [32mloss:  2.8125  [38;2;180;60;0mgrad_norm:  5.0503  [38;2;54;234;195mmemory: 37.12GiB(46.73%)  [34mtps: 4,579  [36mtflops: 220.94  [35mmfu: 22.34%[39m
[rank0]:[titan] 2026-03-17 10:44:12,263 - root - INFO - [31mstep: 240  [32mloss:  2.8594  [38;2;180;60;0mgrad_norm:  3.0880  [38;2;54;234;195mmemory: 37.12GiB(46.73%)  [34mtps: 4,587  [36mtflops: 221.34  [35mmfu: 22.38%[39m
[rank0]:[titan] 2026-03-17 10:44:12,709 - root - INFO - [31mstep: 241  [32mloss:  2.8125  [38;2;180;60;0mgrad_norm:  4.5615  [38;2;54;234;195mmemory: 37.12GiB(46.73%)  [34mtps: 4,602  [36mtflops: 222.07  [35mmfu: 22.45%[39m
[rank0]:[titan] 2026-03-17 10:44:13,158 - root - INFO - [31mstep: 242  [32mloss:  2.8438  [38;2;180;60;0mgrad_norm:  4.5804  [38;2;54;234;195mmemory: 37.12GiB(46.73%)  [34mtps: 4,565  [36mtflops: 220.25  [35mmfu: 22.27%[39m
[rank0]:[titan] 2026-03-17 10:44:13,604 - root - INFO - [31mstep: 243  [32mloss:  2.8281  [38;2;180;60;0mgrad_norm:  3.3989  [38;2;54;234;195mmemory: 37.12GiB(46.73%)  [34mtps: 4,599  [36mtflops: 221.90  [35mmfu: 22.44%[39m
[rank0]:[titan] 2026-03-17 10:44:14,053 - root - INFO - [31mstep: 244  [32mloss:  2.8281  [38;2;180;60;0mgrad_norm:  4.2520  [38;2;54;234;195mmemory: 37.12GiB(46.73%)  [34mtps: 4,558  [36mtflops: 219.91  [35mmfu: 22.24%[39m
[rank0]:[titan] 2026-03-17 10:44:14,499 - root - INFO - [31mstep: 245  [32mloss:  2.8125  [38;2;180;60;0mgrad_norm:  2.9576  [38;2;54;234;195mmemory: 37.12GiB(46.73%)  [34mtps: 4,598  [36mtflops: 221.88  [35mmfu: 22.43%[39m
[rank0]:[titan] 2026-03-17 10:44:14,945 - root - INFO - [31mstep: 246  [32mloss:  2.7969  [38;2;180;60;0mgrad_norm:  3.5153  [38;2;54;234;195mmemory: 37.12GiB(46.73%)  [34mtps: 4,602  [36mtflops: 222.04  [35mmfu: 22.45%[39m
[rank0]:[titan] 2026-03-17 10:44:15,395 - root - INFO - [31mstep: 247  [32mloss:  2.7500  [38;2;180;60;0mgrad_norm:  2.8675  [38;2;54;234;195mmemory: 37.12GiB(46.73%)  [34mtps: 4,558  [36mtflops: 219.94  [35mmfu: 22.24%[39m
[rank0]:[titan] 2026-03-17 10:44:15,853 - root - INFO - [31mstep: 248  [32mloss:  2.8750  [38;2;180;60;0mgrad_norm:  4.4737  [38;2;54;234;195mmemory: 37.12GiB(46.73%)  [34mtps: 4,477  [36mtflops: 216.00  [35mmfu: 21.84%[39m
[rank0]:[titan] 2026-03-17 10:44:16,302 - root - INFO - [31mstep: 249  [32mloss:  2.8125  [38;2;180;60;0mgrad_norm:  3.4659  [38;2;54;234;195mmemory: 37.12GiB(46.73%)  [34mtps: 4,562  [36mtflops: 220.13  [35mmfu: 22.26%[39m
[rank0]:[titan] 2026-03-17 10:44:16,747 - root - INFO - [31mstep: 250  [32mloss:  2.8906  [38;2;180;60;0mgrad_norm:  3.7118  [38;2;54;234;195mmemory: 37.12GiB(46.73%)  [34mtps: 4,615  [36mtflops: 222.66  [35mmfu: 22.51%[39m
[rank0]:[titan] 2026-03-17 10:44:17,195 - root - INFO - [31mstep: 251  [32mloss:  2.7969  [38;2;180;60;0mgrad_norm:  3.8617  [38;2;54;234;195mmemory: 37.12GiB(46.73%)  [34mtps: 4,572  [36mtflops: 220.58  [35mmfu: 22.30%[39m
[rank0]:[titan] 2026-03-17 10:44:17,642 - root - INFO - [31mstep: 252  [32mloss:  2.7656  [38;2;180;60;0mgrad_norm:  3.1074  [38;2;54;234;195mmemory: 37.12GiB(46.73%)  [34mtps: 4,592  [36mtflops: 221.55  [35mmfu: 22.40%[39m
[rank0]:[titan] 2026-03-17 10:44:18,089 - root - INFO - [31mstep: 253  [32mloss:  2.8125  [38;2;180;60;0mgrad_norm:  3.4310  [38;2;54;234;195mmemory: 37.12GiB(46.73%)  [34mtps: 4,586  [36mtflops: 221.27  [35mmfu: 22.37%[39m
[rank0]:[titan] 2026-03-17 10:44:18,535 - root - INFO - [31mstep: 254  [32mloss:  2.7812  [38;2;180;60;0mgrad_norm:  2.8210  [38;2;54;234;195mmemory: 37.12GiB(46.73%)  [34mtps: 4,593  [36mtflops: 221.60  [35mmfu: 22.41%[39m
[rank0]:[titan] 2026-03-17 10:44:18,992 - root - INFO - [31mstep: 255  [32mloss:  2.8438  [38;2;180;60;0mgrad_norm:  3.5710  [38;2;54;234;195mmemory: 37.12GiB(46.73%)  [34mtps: 4,491  [36mtflops: 216.69  [35mmfu: 21.91%[39m
[rank0]:[titan] 2026-03-17 10:44:19,439 - root - INFO - [31mstep: 256  [32mloss:  2.8281  [38;2;180;60;0mgrad_norm:  3.3498  [38;2;54;234;195mmemory: 37.12GiB(46.73%)  [34mtps: 4,584  [36mtflops: 221.20  [35mmfu: 22.37%[39m
[rank0]:[titan] 2026-03-17 10:44:19,889 - root - INFO - [31mstep: 257  [32mloss:  2.8281  [38;2;180;60;0mgrad_norm:  2.9386  [38;2;54;234;195mmemory: 37.12GiB(46.73%)  [34mtps: 4,564  [36mtflops: 220.21  [35mmfu: 22.27%[39m
[rank0]:[titan] 2026-03-17 10:44:20,334 - root - INFO - [31mstep: 258  [32mloss:  2.8438  [38;2;180;60;0mgrad_norm:  2.5916  [38;2;54;234;195mmemory: 37.12GiB(46.73%)  [34mtps: 4,601  [36mtflops: 222.00  [35mmfu: 22.45%[39m
[rank0]:[titan] 2026-03-17 10:44:20,779 - root - INFO - [31mstep: 259  [32mloss:  2.7812  [38;2;180;60;0mgrad_norm:  3.3210  [38;2;54;234;195mmemory: 37.12GiB(46.73%)  [34mtps: 4,606  [36mtflops: 222.26  [35mmfu: 22.47%[39m
[rank0]:[titan] 2026-03-17 10:44:21,226 - root - INFO - [31mstep: 260  [32mloss:  2.7969  [38;2;180;60;0mgrad_norm:  3.4116  [38;2;54;234;195mmemory: 37.12GiB(46.73%)  [34mtps: 4,593  [36mtflops: 221.62  [35mmfu: 22.41%[39m
[rank0]:[titan] 2026-03-17 10:44:21,672 - root - INFO - [31mstep: 261  [32mloss:  2.7969  [38;2;180;60;0mgrad_norm:  3.1157  [38;2;54;234;195mmemory: 37.12GiB(46.73%)  [34mtps: 4,597  [36mtflops: 221.82  [35mmfu: 22.43%[39m
[rank0]:[titan] 2026-03-17 10:44:22,125 - root - INFO - [31mstep: 262  [32mloss:  2.8906  [38;2;180;60;0mgrad_norm:  2.4444  [38;2;54;234;195mmemory: 37.12GiB(46.73%)  [34mtps: 4,525  [36mtflops: 218.31  [35mmfu: 22.07%[39m
[rank0]:[titan] 2026-03-17 10:44:22,572 - root - INFO - [31mstep: 263  [32mloss:  2.8438  [38;2;180;60;0mgrad_norm:  2.9669  [38;2;54;234;195mmemory: 37.12GiB(46.73%)  [34mtps: 4,588  [36mtflops: 221.37  [35mmfu: 22.38%[39m
[rank0]:[titan] 2026-03-17 10:44:23,018 - root - INFO - [31mstep: 264  [32mloss:  2.7969  [38;2;180;60;0mgrad_norm:  2.0424  [38;2;54;234;195mmemory: 37.12GiB(46.73%)  [34mtps: 4,596  [36mtflops: 221.78  [35mmfu: 22.43%[39m
[rank0]:[titan] 2026-03-17 10:44:23,472 - root - INFO - [31mstep: 265  [32mloss:  2.8594  [38;2;180;60;0mgrad_norm:  4.0517  [38;2;54;234;195mmemory: 37.12GiB(46.73%)  [34mtps: 4,515  [36mtflops: 217.86  [35mmfu: 22.03%[39m
[rank0]:[titan] 2026-03-17 10:44:23,916 - root - INFO - [31mstep: 266  [32mloss:  2.8281  [38;2;180;60;0mgrad_norm:  2.9446  [38;2;54;234;195mmemory: 37.12GiB(46.73%)  [34mtps: 4,613  [36mtflops: 222.59  [35mmfu: 22.51%[39m
[rank0]:[titan] 2026-03-17 10:44:24,371 - root - INFO - [31mstep: 267  [32mloss:  2.8281  [38;2;180;60;0mgrad_norm:  3.6468  [38;2;54;234;195mmemory: 37.12GiB(46.73%)  [34mtps: 4,516  [36mtflops: 217.89  [35mmfu: 22.03%[39m
[rank0]:[titan] 2026-03-17 10:44:24,820 - root - INFO - [31mstep: 268  [32mloss:  2.8281  [38;2;180;60;0mgrad_norm:  2.8943  [38;2;54;234;195mmemory: 37.12GiB(46.73%)  [34mtps: 4,563  [36mtflops: 220.16  [35mmfu: 22.26%[39m
[rank0]:[titan] 2026-03-17 10:44:25,272 - root - INFO - [31mstep: 269  [32mloss:  2.8750  [38;2;180;60;0mgrad_norm:  2.8981  [38;2;54;234;195mmemory: 37.12GiB(46.73%)  [34mtps: 4,531  [36mtflops: 218.63  [35mmfu: 22.11%[39m
[rank0]:[titan] 2026-03-17 10:44:25,719 - root - INFO - [31mstep: 270  [32mloss:  2.8125  [38;2;180;60;0mgrad_norm:  3.9780  [38;2;54;234;195mmemory: 37.12GiB(46.73%)  [34mtps: 4,602  [36mtflops: 222.07  [35mmfu: 22.45%[39m
[rank0]:[titan] 2026-03-17 10:44:26,165 - root - INFO - [31mstep: 271  [32mloss:  2.9219  [38;2;180;60;0mgrad_norm:  3.0768  [38;2;54;234;195mmemory: 37.12GiB(46.73%)  [34mtps: 4,602  [36mtflops: 222.04  [35mmfu: 22.45%[39m
[rank0]:[titan] 2026-03-17 10:44:26,615 - root - INFO - [31mstep: 272  [32mloss:  2.9531  [38;2;180;60;0mgrad_norm:  3.7147  [38;2;54;234;195mmemory: 37.12GiB(46.73%)  [34mtps: 4,555  [36mtflops: 219.79  [35mmfu: 22.22%[39m
[rank0]:[titan] 2026-03-17 10:44:27,064 - root - INFO - [31mstep: 273  [32mloss:  2.9062  [38;2;180;60;0mgrad_norm:  3.4399  [38;2;54;234;195mmemory: 37.12GiB(46.73%)  [34mtps: 4,567  [36mtflops: 220.38  [35mmfu: 22.28%[39m
[rank0]:[titan] 2026-03-17 10:44:27,510 - root - INFO - [31mstep: 274  [32mloss:  2.9531  [38;2;180;60;0mgrad_norm:  4.2979  [38;2;54;234;195mmemory: 37.12GiB(46.73%)  [34mtps: 4,593  [36mtflops: 221.62  [35mmfu: 22.41%[39m
[rank0]:[titan] 2026-03-17 10:44:27,954 - root - INFO - [31mstep: 275  [32mloss:  2.9062  [38;2;180;60;0mgrad_norm:  4.1105  [38;2;54;234;195mmemory: 37.12GiB(46.73%)  [34mtps: 4,617  [36mtflops: 222.78  [35mmfu: 22.53%[39m
[rank0]:[titan] 2026-03-17 10:44:28,401 - root - INFO - [31mstep: 276  [32mloss:  2.8438  [38;2;180;60;0mgrad_norm:  3.9447  [38;2;54;234;195mmemory: 37.12GiB(46.73%)  [34mtps: 4,588  [36mtflops: 221.39  [35mmfu: 22.38%[39m
[rank0]:[titan] 2026-03-17 10:44:28,848 - root - INFO - [31mstep: 277  [32mloss:  2.8594  [38;2;180;60;0mgrad_norm:  4.1052  [38;2;54;234;195mmemory: 37.12GiB(46.73%)  [34mtps: 4,591  [36mtflops: 221.53  [35mmfu: 22.40%[39m
[rank0]:[titan] 2026-03-17 10:44:29,302 - root - INFO - [31mstep: 278  [32mloss:  2.8281  [38;2;180;60;0mgrad_norm:  3.5430  [38;2;54;234;195mmemory: 37.12GiB(46.73%)  [34mtps: 4,516  [36mtflops: 217.91  [35mmfu: 22.03%[39m
[rank0]:[titan] 2026-03-17 10:44:29,748 - root - INFO - [31mstep: 279  [32mloss:  2.8750  [38;2;180;60;0mgrad_norm:  5.0121  [38;2;54;234;195mmemory: 37.12GiB(46.73%)  [34mtps: 4,597  [36mtflops: 221.81  [35mmfu: 22.43%[39m
[rank0]:[titan] 2026-03-17 10:44:30,196 - root - INFO - [31mstep: 280  [32mloss:  2.9375  [38;2;180;60;0mgrad_norm:  2.9274  [38;2;54;234;195mmemory: 37.12GiB(46.73%)  [34mtps: 4,569  [36mtflops: 220.44  [35mmfu: 22.29%[39m
[rank0]:[titan] 2026-03-17 10:44:30,643 - root - INFO - [31mstep: 281  [32mloss:  2.8281  [38;2;180;60;0mgrad_norm:  4.1518  [38;2;54;234;195mmemory: 37.12GiB(46.73%)  [34mtps: 4,596  [36mtflops: 221.76  [35mmfu: 22.42%[39m
[rank0]:[titan] 2026-03-17 10:44:31,090 - root - INFO - [31mstep: 282  [32mloss:  2.9531  [38;2;180;60;0mgrad_norm:  3.5452  [38;2;54;234;195mmemory: 37.12GiB(46.73%)  [34mtps: 4,586  [36mtflops: 221.28  [35mmfu: 22.37%[39m
[rank0]:[titan] 2026-03-17 10:44:31,547 - root - INFO - [31mstep: 283  [32mloss:  2.9844  [38;2;180;60;0mgrad_norm:  2.7654  [38;2;54;234;195mmemory: 37.12GiB(46.73%)  [34mtps: 4,488  [36mtflops: 216.54  [35mmfu: 21.89%[39m
[rank0]:[titan] 2026-03-17 10:44:31,992 - root - INFO - [31mstep: 284  [32mloss:  2.9844  [38;2;180;60;0mgrad_norm:  2.8057  [38;2;54;234;195mmemory: 37.12GiB(46.73%)  [34mtps: 4,598  [36mtflops: 221.86  [35mmfu: 22.43%[39m
[rank0]:[titan] 2026-03-17 10:44:32,438 - root - INFO - [31mstep: 285  [32mloss:  2.8906  [38;2;180;60;0mgrad_norm:  3.2027  [38;2;54;234;195mmemory: 37.12GiB(46.73%)  [34mtps: 4,597  [36mtflops: 221.79  [35mmfu: 22.43%[39m
[rank0]:[titan] 2026-03-17 10:44:32,885 - root - INFO - [31mstep: 286  [32mloss:  2.8125  [38;2;180;60;0mgrad_norm:  3.0100  [38;2;54;234;195mmemory: 37.12GiB(46.73%)  [34mtps: 4,594  [36mtflops: 221.67  [35mmfu: 22.41%[39m
[rank0]:[titan] 2026-03-17 10:44:33,330 - root - INFO - [31mstep: 287  [32mloss:  2.8281  [38;2;180;60;0mgrad_norm:  3.0534  [38;2;54;234;195mmemory: 37.12GiB(46.73%)  [34mtps: 4,603  [36mtflops: 222.10  [35mmfu: 22.46%[39m
[rank0]:[titan] 2026-03-17 10:44:33,783 - root - INFO - [31mstep: 288  [32mloss:  2.8281  [38;2;180;60;0mgrad_norm:  3.1656  [38;2;54;234;195mmemory: 37.12GiB(46.73%)  [34mtps: 4,525  [36mtflops: 218.32  [35mmfu: 22.08%[39m
[rank0]:[titan] 2026-03-17 10:44:34,230 - root - INFO - [31mstep: 289  [32mloss:  2.7812  [38;2;180;60;0mgrad_norm:  2.9169  [38;2;54;234;195mmemory: 37.12GiB(46.73%)  [34mtps: 4,588  [36mtflops: 221.38  [35mmfu: 22.38%[39m
[rank0]:[titan] 2026-03-17 10:44:34,679 - root - INFO - [31mstep: 290  [32mloss:  2.7969  [38;2;180;60;0mgrad_norm:  2.5356  [38;2;54;234;195mmemory: 37.12GiB(46.73%)  [34mtps: 4,570  [36mtflops: 220.53  [35mmfu: 22.30%[39m
[rank0]:[titan] 2026-03-17 10:44:35,127 - root - INFO - [31mstep: 291  [32mloss:  2.7812  [38;2;180;60;0mgrad_norm:  2.1673  [38;2;54;234;195mmemory: 37.12GiB(46.73%)  [34mtps: 4,577  [36mtflops: 220.86  [35mmfu: 22.33%[39m
[rank0]:[titan] 2026-03-17 10:44:35,572 - root - INFO - [31mstep: 292  [32mloss:  2.8125  [38;2;180;60;0mgrad_norm:  2.7749  [38;2;54;234;195mmemory: 37.12GiB(46.73%)  [34mtps: 4,606  [36mtflops: 222.25  [35mmfu: 22.47%[39m
[rank0]:[titan] 2026-03-17 10:44:36,020 - root - INFO - [31mstep: 293  [32mloss:  2.7969  [38;2;180;60;0mgrad_norm:  2.0081  [38;2;54;234;195mmemory: 37.12GiB(46.73%)  [34mtps: 4,576  [36mtflops: 220.79  [35mmfu: 22.32%[39m
[rank0]:[titan] 2026-03-17 10:44:36,465 - root - INFO - [31mstep: 294  [32mloss:  2.7812  [38;2;180;60;0mgrad_norm:  2.9259  [38;2;54;234;195mmemory: 37.12GiB(46.73%)  [34mtps: 4,611  [36mtflops: 222.46  [35mmfu: 22.49%[39m
[rank0]:[titan] 2026-03-17 10:44:36,913 - root - INFO - [31mstep: 295  [32mloss:  2.8750  [38;2;180;60;0mgrad_norm:  2.2859  [38;2;54;234;195mmemory: 37.12GiB(46.73%)  [34mtps: 4,580  [36mtflops: 220.97  [35mmfu: 22.34%[39m
[rank0]:[titan] 2026-03-17 10:44:37,359 - root - INFO - [31mstep: 296  [32mloss:  2.8750  [38;2;180;60;0mgrad_norm:  3.5502  [38;2;54;234;195mmemory: 37.12GiB(46.73%)  [34mtps: 4,590  [36mtflops: 221.45  [35mmfu: 22.39%[39m
[rank0]:[titan] 2026-03-17 10:44:37,807 - root - INFO - [31mstep: 297  [32mloss:  2.9062  [38;2;180;60;0mgrad_norm:  2.9611  [38;2;54;234;195mmemory: 37.12GiB(46.73%)  [34mtps: 4,577  [36mtflops: 220.86  [35mmfu: 22.33%[39m
[rank0]:[titan] 2026-03-17 10:44:38,253 - root - INFO - [31mstep: 298  [32mloss:  2.8125  [38;2;180;60;0mgrad_norm:  4.0366  [38;2;54;234;195mmemory: 37.12GiB(46.73%)  [34mtps: 4,598  [36mtflops: 221.88  [35mmfu: 22.43%[39m
[rank0]:[titan] 2026-03-17 10:44:38,697 - root - INFO - [31mstep: 299  [32mloss:  2.7656  [38;2;180;60;0mgrad_norm:  3.6168  [38;2;54;234;195mmemory: 37.12GiB(46.73%)  [34mtps: 4,616  [36mtflops: 222.71  [35mmfu: 22.52%[39m
[rank0]:[titan] 2026-03-17 10:44:39,146 - root - INFO - [31mstep: 300  [32mloss:  2.7812  [38;2;180;60;0mgrad_norm:  2.5552  [38;2;54;234;195mmemory: 37.12GiB(46.73%)  [34mtps: 4,566  [36mtflops: 220.31  [35mmfu: 22.28%[39m
[rank0]:[titan] 2026-03-17 10:44:39,592 - root - INFO - [31mstep: 301  [32mloss:  2.7656  [38;2;180;60;0mgrad_norm:  3.7476  [38;2;54;234;195mmemory: 37.12GiB(46.73%)  [34mtps: 4,602  [36mtflops: 222.04  [35mmfu: 22.45%[39m
[rank0]:[titan] 2026-03-17 10:44:40,036 - root - INFO - [31mstep: 302  [32mloss:  2.7344  [38;2;180;60;0mgrad_norm:  2.7368  [38;2;54;234;195mmemory: 37.12GiB(46.73%)  [34mtps: 4,613  [36mtflops: 222.59  [35mmfu: 22.51%[39m
[rank0]:[titan] 2026-03-17 10:44:40,491 - root - INFO - [31mstep: 303  [32mloss:  2.8750  [38;2;180;60;0mgrad_norm:  4.0213  [38;2;54;234;195mmemory: 37.12GiB(46.73%)  [34mtps: 4,509  [36mtflops: 217.55  [35mmfu: 22.00%[39m
[rank0]:[titan] 2026-03-17 10:44:40,936 - root - INFO - [31mstep: 304  [32mloss:  2.8906  [38;2;180;60;0mgrad_norm:  4.0832  [38;2;54;234;195mmemory: 37.12GiB(46.73%)  [34mtps: 4,611  [36mtflops: 222.51  [35mmfu: 22.50%[39m
[rank0]:[titan] 2026-03-17 10:44:41,381 - root - INFO - [31mstep: 305  [32mloss:  2.8438  [38;2;180;60;0mgrad_norm:  2.7308  [38;2;54;234;195mmemory: 37.12GiB(46.73%)  [34mtps: 4,610  [36mtflops: 222.42  [35mmfu: 22.49%[39m
[rank0]:[titan] 2026-03-17 10:44:41,830 - root - INFO - [31mstep: 306  [32mloss:  2.8281  [38;2;180;60;0mgrad_norm:  3.1149  [38;2;54;234;195mmemory: 37.12GiB(46.73%)  [34mtps: 4,559  [36mtflops: 219.99  [35mmfu: 22.24%[39m
[rank0]:[titan] 2026-03-17 10:44:42,280 - root - INFO - [31mstep: 307  [32mloss:  2.8438  [38;2;180;60;0mgrad_norm:  3.3213  [38;2;54;234;195mmemory: 37.12GiB(46.73%)  [34mtps: 4,557  [36mtflops: 219.88  [35mmfu: 22.23%[39m
[rank0]:[titan] 2026-03-17 10:44:42,726 - root - INFO - [31mstep: 308  [32mloss:  2.7500  [38;2;180;60;0mgrad_norm:  2.3706  [38;2;54;234;195mmemory: 37.12GiB(46.73%)  [34mtps: 4,603  [36mtflops: 222.08  [35mmfu: 22.46%[39m
[rank0]:[titan] 2026-03-17 10:44:43,173 - root - INFO - [31mstep: 309  [32mloss:  2.8125  [38;2;180;60;0mgrad_norm:  2.3039  [38;2;54;234;195mmemory: 37.12GiB(46.73%)  [34mtps: 4,580  [36mtflops: 220.99  [35mmfu: 22.34%[39m
[rank0]:[titan] 2026-03-17 10:44:43,618 - root - INFO - [31mstep: 310  [32mloss:  2.8594  [38;2;180;60;0mgrad_norm:  3.7534  [38;2;54;234;195mmemory: 37.12GiB(46.73%)  [34mtps: 4,614  [36mtflops: 222.65  [35mmfu: 22.51%[39m
[rank0]:[titan] 2026-03-17 10:44:44,066 - root - INFO - [31mstep: 311  [32mloss:  2.8594  [38;2;180;60;0mgrad_norm:  2.8059  [38;2;54;234;195mmemory: 37.12GiB(46.73%)  [34mtps: 4,583  [36mtflops: 221.14  [35mmfu: 22.36%[39m
[rank0]:[titan] 2026-03-17 10:44:44,510 - root - INFO - [31mstep: 312  [32mloss:  2.7656  [38;2;180;60;0mgrad_norm:  2.2347  [38;2;54;234;195mmemory: 37.12GiB(46.73%)  [34mtps: 4,623  [36mtflops: 223.05  [35mmfu: 22.55%[39m
[rank0]:[titan] 2026-03-17 10:44:44,955 - root - INFO - [31mstep: 313  [32mloss:  2.7969  [38;2;180;60;0mgrad_norm:  1.7269  [38;2;54;234;195mmemory: 37.12GiB(46.73%)  [34mtps: 4,608  [36mtflops: 222.32  [35mmfu: 22.48%[39m
[rank0]:[titan] 2026-03-17 10:44:45,409 - root - INFO - [31mstep: 314  [32mloss:  2.8125  [38;2;180;60;0mgrad_norm:  4.4344  [38;2;54;234;195mmemory: 37.12GiB(46.73%)  [34mtps: 4,514  [36mtflops: 217.79  [35mmfu: 22.02%[39m
[rank0]:[titan] 2026-03-17 10:44:45,855 - root - INFO - [31mstep: 315  [32mloss:  2.7969  [38;2;180;60;0mgrad_norm:  3.5331  [38;2;54;234;195mmemory: 37.12GiB(46.73%)  [34mtps: 4,597  [36mtflops: 221.81  [35mmfu: 22.43%[39m
[rank0]:[titan] 2026-03-17 10:44:46,299 - root - INFO - [31mstep: 316  [32mloss:  2.8125  [38;2;180;60;0mgrad_norm:  4.1986  [38;2;54;234;195mmemory: 37.12GiB(46.73%)  [34mtps: 4,615  [36mtflops: 222.66  [35mmfu: 22.51%[39m
[rank0]:[titan] 2026-03-17 10:44:46,744 - root - INFO - [31mstep: 317  [32mloss:  2.7812  [38;2;180;60;0mgrad_norm:  4.3983  [38;2;54;234;195mmemory: 37.12GiB(46.73%)  [34mtps: 4,604  [36mtflops: 222.13  [35mmfu: 22.46%[39m
[rank0]:[titan] 2026-03-17 10:44:47,191 - root - INFO - [31mstep: 318  [32mloss:  2.7812  [38;2;180;60;0mgrad_norm:  2.7466  [38;2;54;234;195mmemory: 37.12GiB(46.73%)  [34mtps: 4,594  [36mtflops: 221.67  [35mmfu: 22.41%[39m
[rank0]:[titan] 2026-03-17 10:44:47,644 - root - INFO - [31mstep: 319  [32mloss:  2.7969  [38;2;180;60;0mgrad_norm:  3.8824  [38;2;54;234;195mmemory: 37.12GiB(46.73%)  [34mtps: 4,524  [36mtflops: 218.27  [35mmfu: 22.07%[39m
[rank0]:[titan] 2026-03-17 10:44:48,088 - root - INFO - [31mstep: 320  [32mloss:  2.7969  [38;2;180;60;0mgrad_norm:  3.4595  [38;2;54;234;195mmemory: 37.12GiB(46.73%)  [34mtps: 4,622  [36mtflops: 223.03  [35mmfu: 22.55%[39m
[rank0]:[titan] 2026-03-17 10:44:48,534 - root - INFO - [31mstep: 321  [32mloss:  2.7500  [38;2;180;60;0mgrad_norm:  2.5483  [38;2;54;234;195mmemory: 37.12GiB(46.73%)  [34mtps: 4,595  [36mtflops: 221.72  [35mmfu: 22.42%[39m
[rank0]:[titan] 2026-03-17 10:44:48,979 - root - INFO - [31mstep: 322  [32mloss:  2.7812  [38;2;180;60;0mgrad_norm:  2.9576  [38;2;54;234;195mmemory: 37.12GiB(46.73%)  [34mtps: 4,600  [36mtflops: 221.97  [35mmfu: 22.44%[39m
[rank0]:[titan] 2026-03-17 10:44:49,427 - root - INFO - [31mstep: 323  [32mloss:  2.7500  [38;2;180;60;0mgrad_norm:  2.6522  [38;2;54;234;195mmemory: 37.12GiB(46.73%)  [34mtps: 4,584  [36mtflops: 221.17  [35mmfu: 22.36%[39m
[rank0]:[titan] 2026-03-17 10:44:49,873 - root - INFO - [31mstep: 324  [32mloss:  2.7656  [38;2;180;60;0mgrad_norm:  2.8993  [38;2;54;234;195mmemory: 37.12GiB(46.73%)  [34mtps: 4,592  [36mtflops: 221.58  [35mmfu: 22.40%[39m
[rank0]:[titan] 2026-03-17 10:44:50,322 - root - INFO - [31mstep: 325  [32mloss:  2.7656  [38;2;180;60;0mgrad_norm:  2.6441  [38;2;54;234;195mmemory: 37.12GiB(46.73%)  [34mtps: 4,573  [36mtflops: 220.63  [35mmfu: 22.31%[39m
[rank0]:[titan] 2026-03-17 10:44:50,770 - root - INFO - [31mstep: 326  [32mloss:  2.7500  [38;2;180;60;0mgrad_norm:  2.9847  [38;2;54;234;195mmemory: 37.12GiB(46.73%)  [34mtps: 4,573  [36mtflops: 220.64  [35mmfu: 22.31%[39m
[rank0]:[titan] 2026-03-17 10:44:51,217 - root - INFO - [31mstep: 327  [32mloss:  2.7812  [38;2;180;60;0mgrad_norm:  2.3387  [38;2;54;234;195mmemory: 37.12GiB(46.73%)  [34mtps: 4,589  [36mtflops: 221.42  [35mmfu: 22.39%[39m
[rank0]:[titan] 2026-03-17 10:44:51,662 - root - INFO - [31mstep: 328  [32mloss:  2.7812  [38;2;180;60;0mgrad_norm:  2.7095  [38;2;54;234;195mmemory: 37.12GiB(46.73%)  [34mtps: 4,608  [36mtflops: 222.35  [35mmfu: 22.48%[39m
[rank0]:[titan] 2026-03-17 10:44:52,109 - root - INFO - [31mstep: 329  [32mloss:  2.7812  [38;2;180;60;0mgrad_norm:  2.3724  [38;2;54;234;195mmemory: 37.12GiB(46.73%)  [34mtps: 4,593  [36mtflops: 221.62  [35mmfu: 22.41%[39m
[rank0]:[titan] 2026-03-17 10:44:52,554 - root - INFO - [31mstep: 330  [32mloss:  2.8125  [38;2;180;60;0mgrad_norm:  3.8723  [38;2;54;234;195mmemory: 37.12GiB(46.73%)  [34mtps: 4,609  [36mtflops: 222.39  [35mmfu: 22.49%[39m
[rank0]:[titan] 2026-03-17 10:44:53,001 - root - INFO - [31mstep: 331  [32mloss:  2.7656  [38;2;180;60;0mgrad_norm:  2.1461  [38;2;54;234;195mmemory: 37.12GiB(46.73%)  [34mtps: 4,576  [36mtflops: 220.81  [35mmfu: 22.33%[39m
[rank0]:[titan] 2026-03-17 10:44:53,445 - root - INFO - [31mstep: 332  [32mloss:  2.7656  [38;2;180;60;0mgrad_norm:  3.2883  [38;2;54;234;195mmemory: 37.12GiB(46.73%)  [34mtps: 4,623  [36mtflops: 223.08  [35mmfu: 22.56%[39m
[rank0]:[titan] 2026-03-17 10:44:53,892 - root - INFO - [31mstep: 333  [32mloss:  2.7812  [38;2;180;60;0mgrad_norm:  2.4419  [38;2;54;234;195mmemory: 37.12GiB(46.73%)  [34mtps: 4,587  [36mtflops: 221.35  [35mmfu: 22.38%[39m
[rank0]:[titan] 2026-03-17 10:44:54,335 - root - INFO - [31mstep: 334  [32mloss:  2.8281  [38;2;180;60;0mgrad_norm:  4.1297  [38;2;54;234;195mmemory: 37.12GiB(46.73%)  [34mtps: 4,624  [36mtflops: 223.09  [35mmfu: 22.56%[39m
[rank0]:[titan] 2026-03-17 10:44:54,781 - root - INFO - [31mstep: 335  [32mloss:  2.8594  [38;2;180;60;0mgrad_norm:  3.6128  [38;2;54;234;195mmemory: 37.12GiB(46.73%)  [34mtps: 4,598  [36mtflops: 221.87  [35mmfu: 22.43%[39m
[rank0]:[titan] 2026-03-17 10:44:55,228 - root - INFO - [31mstep: 336  [32mloss:  2.8906  [38;2;180;60;0mgrad_norm:  2.9561  [38;2;54;234;195mmemory: 37.12GiB(46.73%)  [34mtps: 4,591  [36mtflops: 221.52  [35mmfu: 22.40%[39m
[rank0]:[titan] 2026-03-17 10:44:55,674 - root - INFO - [31mstep: 337  [32mloss:  2.8438  [38;2;180;60;0mgrad_norm:  3.3190  [38;2;54;234;195mmemory: 37.12GiB(46.73%)  [34mtps: 4,600  [36mtflops: 221.97  [35mmfu: 22.44%[39m
[rank0]:[titan] 2026-03-17 10:44:56,122 - root - INFO - [31mstep: 338  [32mloss:  2.7812  [38;2;180;60;0mgrad_norm:  2.8648  [38;2;54;234;195mmemory: 37.12GiB(46.73%)  [34mtps: 4,573  [36mtflops: 220.64  [35mmfu: 22.31%[39m
[rank0]:[titan] 2026-03-17 10:44:56,575 - root - INFO - [31mstep: 339  [32mloss:  2.7812  [38;2;180;60;0mgrad_norm:  3.6604  [38;2;54;234;195mmemory: 37.12GiB(46.73%)  [34mtps: 4,528  [36mtflops: 218.47  [35mmfu: 22.09%[39m
[rank0]:[titan] 2026-03-17 10:44:57,019 - root - INFO - [31mstep: 340  [32mloss:  2.7969  [38;2;180;60;0mgrad_norm:  3.0759  [38;2;54;234;195mmemory: 37.12GiB(46.73%)  [34mtps: 4,612  [36mtflops: 222.51  [35mmfu: 22.50%[39m
[rank0]:[titan] 2026-03-17 10:44:57,466 - root - INFO - [31mstep: 341  [32mloss:  2.7656  [38;2;180;60;0mgrad_norm:  3.0414  [38;2;54;234;195mmemory: 37.12GiB(46.73%)  [34mtps: 4,583  [36mtflops: 221.14  [35mmfu: 22.36%[39m
[rank0]:[titan] 2026-03-17 10:44:57,918 - root - INFO - [31mstep: 342  [32mloss:  2.7812  [38;2;180;60;0mgrad_norm:  3.2533  [38;2;54;234;195mmemory: 37.12GiB(46.73%)  [34mtps: 4,541  [36mtflops: 219.11  [35mmfu: 22.15%[39m
[rank0]:[titan] 2026-03-17 10:44:58,364 - root - INFO - [31mstep: 343  [32mloss:  2.7969  [38;2;180;60;0mgrad_norm:  3.1819  [38;2;54;234;195mmemory: 37.12GiB(46.73%)  [34mtps: 4,601  [36mtflops: 222.00  [35mmfu: 22.45%[39m
[rank0]:[titan] 2026-03-17 10:44:58,810 - root - INFO - [31mstep: 344  [32mloss:  2.7812  [38;2;180;60;0mgrad_norm:  3.8771  [38;2;54;234;195mmemory: 37.12GiB(46.73%)  [34mtps: 4,592  [36mtflops: 221.59  [35mmfu: 22.41%[39m
[rank0]:[titan] 2026-03-17 10:44:59,258 - root - INFO - [31mstep: 345  [32mloss:  2.7656  [38;2;180;60;0mgrad_norm:  3.9413  [38;2;54;234;195mmemory: 37.12GiB(46.73%)  [34mtps: 4,582  [36mtflops: 221.07  [35mmfu: 22.35%[39m
[rank0]:[titan] 2026-03-17 10:44:59,703 - root - INFO - [31mstep: 346  [32mloss:  2.7500  [38;2;180;60;0mgrad_norm:  2.7253  [38;2;54;234;195mmemory: 37.12GiB(46.73%)  [34mtps: 4,601  [36mtflops: 222.02  [35mmfu: 22.45%[39m
[rank0]:[titan] 2026-03-17 10:45:00,151 - root - INFO - [31mstep: 347  [32mloss:  2.7344  [38;2;180;60;0mgrad_norm:  2.7798  [38;2;54;234;195mmemory: 37.12GiB(46.73%)  [34mtps: 4,578  [36mtflops: 220.88  [35mmfu: 22.33%[39m
[rank0]:[titan] 2026-03-17 10:45:00,599 - root - INFO - [31mstep: 348  [32mloss:  2.7812  [38;2;180;60;0mgrad_norm:  3.0834  [38;2;54;234;195mmemory: 37.12GiB(46.73%)  [34mtps: 4,580  [36mtflops: 221.00  [35mmfu: 22.35%[39m
[rank0]:[titan] 2026-03-17 10:45:01,046 - root - INFO - [31mstep: 349  [32mloss:  2.7812  [38;2;180;60;0mgrad_norm:  3.0832  [38;2;54;234;195mmemory: 37.12GiB(46.73%)  [34mtps: 4,586  [36mtflops: 221.28  [35mmfu: 22.37%[39m
[rank0]:[titan] 2026-03-17 10:45:01,491 - root - INFO - [31mstep: 350  [32mloss:  2.7656  [38;2;180;60;0mgrad_norm:  2.9681  [38;2;54;234;195mmemory: 37.12GiB(46.73%)  [34mtps: 4,601  [36mtflops: 221.99  [35mmfu: 22.45%[39m
[rank0]:[titan] 2026-03-17 10:45:01,937 - root - INFO - [31mstep: 351  [32mloss:  2.7656  [38;2;180;60;0mgrad_norm:  2.4797  [38;2;54;234;195mmemory: 37.12GiB(46.73%)  [34mtps: 4,601  [36mtflops: 222.00  [35mmfu: 22.45%[39m
[rank0]:[titan] 2026-03-17 10:45:02,391 - root - INFO - [31mstep: 352  [32mloss:  2.9062  [38;2;180;60;0mgrad_norm:  2.6123  [38;2;54;234;195mmemory: 37.12GiB(46.73%)  [34mtps: 4,516  [36mtflops: 217.88  [35mmfu: 22.03%[39m
[rank0]:[titan] 2026-03-17 10:45:02,839 - root - INFO - [31mstep: 353  [32mloss:  2.8125  [38;2;180;60;0mgrad_norm:  2.4051  [38;2;54;234;195mmemory: 37.12GiB(46.73%)  [34mtps: 4,575  [36mtflops: 220.76  [35mmfu: 22.32%[39m
[rank0]:[titan] 2026-03-17 10:45:03,284 - root - INFO - [31mstep: 354  [32mloss:  2.7969  [38;2;180;60;0mgrad_norm:  2.5147  [38;2;54;234;195mmemory: 37.12GiB(46.73%)  [34mtps: 4,606  [36mtflops: 222.23  [35mmfu: 22.47%[39m
[rank0]:[titan] 2026-03-17 10:45:03,729 - root - INFO - [31mstep: 355  [32mloss:  2.7969  [38;2;180;60;0mgrad_norm:  2.3587  [38;2;54;234;195mmemory: 37.12GiB(46.73%)  [34mtps: 4,606  [36mtflops: 222.23  [35mmfu: 22.47%[39m
[rank0]:[titan] 2026-03-17 10:45:04,176 - root - INFO - [31mstep: 356  [32mloss:  2.8750  [38;2;180;60;0mgrad_norm:  2.3751  [38;2;54;234;195mmemory: 37.12GiB(46.73%)  [34mtps: 4,594  [36mtflops: 221.66  [35mmfu: 22.41%[39m
[rank0]:[titan] 2026-03-17 10:45:04,622 - root - INFO - [31mstep: 357  [32mloss:  2.8750  [38;2;180;60;0mgrad_norm:  2.3946  [38;2;54;234;195mmemory: 37.12GiB(46.73%)  [34mtps: 4,597  [36mtflops: 221.79  [35mmfu: 22.43%[39m
[rank0]:[titan] 2026-03-17 10:45:05,067 - root - INFO - [31mstep: 358  [32mloss:  2.9062  [38;2;180;60;0mgrad_norm:  2.1697  [38;2;54;234;195mmemory: 37.12GiB(46.73%)  [34mtps: 4,598  [36mtflops: 221.86  [35mmfu: 22.43%[39m
[rank0]:[titan] 2026-03-17 10:45:05,532 - root - INFO - [31mstep: 359  [32mloss:  2.8906  [38;2;180;60;0mgrad_norm:  2.1225  [38;2;54;234;195mmemory: 37.12GiB(46.73%)  [34mtps: 4,415  [36mtflops: 213.02  [35mmfu: 21.54%[39m
[rank0]:[titan] 2026-03-17 10:45:05,976 - root - INFO - [31mstep: 360  [32mloss:  2.9062  [38;2;180;60;0mgrad_norm:  3.3889  [38;2;54;234;195mmemory: 37.12GiB(46.73%)  [34mtps: 4,616  [36mtflops: 222.72  [35mmfu: 22.52%[39m
[rank0]:[titan] 2026-03-17 10:45:06,423 - root - INFO - [31mstep: 361  [32mloss:  2.8750  [38;2;180;60;0mgrad_norm:  2.7915  [38;2;54;234;195mmemory: 37.12GiB(46.73%)  [34mtps: 4,589  [36mtflops: 221.43  [35mmfu: 22.39%[39m
[rank0]:[titan] 2026-03-17 10:45:06,874 - root - INFO - [31mstep: 362  [32mloss:  2.7812  [38;2;180;60;0mgrad_norm:  3.0674  [38;2;54;234;195mmemory: 37.12GiB(46.73%)  [34mtps: 4,539  [36mtflops: 219.02  [35mmfu: 22.15%[39m
[rank0]:[titan] 2026-03-17 10:45:07,320 - root - INFO - [31mstep: 363  [32mloss:  2.8281  [38;2;180;60;0mgrad_norm:  3.8184  [38;2;54;234;195mmemory: 37.12GiB(46.73%)  [34mtps: 4,597  [36mtflops: 221.81  [35mmfu: 22.43%[39m
[rank0]:[titan] 2026-03-17 10:45:07,769 - root - INFO - [31mstep: 364  [32mloss:  2.8281  [38;2;180;60;0mgrad_norm:  2.9592  [38;2;54;234;195mmemory: 37.12GiB(46.73%)  [34mtps: 4,577  [36mtflops: 220.87  [35mmfu: 22.33%[39m
[rank0]:[titan] 2026-03-17 10:45:08,213 - root - INFO - [31mstep: 365  [32mloss:  2.8281  [38;2;180;60;0mgrad_norm:  3.2574  [38;2;54;234;195mmemory: 37.12GiB(46.73%)  [34mtps: 4,617  [36mtflops: 222.76  [35mmfu: 22.52%[39m
[rank0]:[titan] 2026-03-17 10:45:08,658 - root - INFO - [31mstep: 366  [32mloss:  2.9531  [38;2;180;60;0mgrad_norm:  3.1318  [38;2;54;234;195mmemory: 37.12GiB(46.73%)  [34mtps: 4,605  [36mtflops: 222.20  [35mmfu: 22.47%[39m
[rank0]:[titan] 2026-03-17 10:45:09,106 - root - INFO - [31mstep: 367  [32mloss:  2.9062  [38;2;180;60;0mgrad_norm:  3.8222  [38;2;54;234;195mmemory: 37.12GiB(46.73%)  [34mtps: 4,576  [36mtflops: 220.80  [35mmfu: 22.33%[39m
[rank0]:[titan] 2026-03-17 10:45:09,552 - root - INFO - [31mstep: 368  [32mloss:  2.8906  [38;2;180;60;0mgrad_norm:  3.4806  [38;2;54;234;195mmemory: 37.12GiB(46.73%)  [34mtps: 4,597  [36mtflops: 221.79  [35mmfu: 22.43%[39m
[rank0]:[titan] 2026-03-17 10:45:09,997 - root - INFO - [31mstep: 369  [32mloss:  2.7812  [38;2;180;60;0mgrad_norm:  3.5251  [38;2;54;234;195mmemory: 37.12GiB(46.73%)  [34mtps: 4,605  [36mtflops: 222.20  [35mmfu: 22.47%[39m
[rank0]:[titan] 2026-03-17 10:45:10,448 - root - INFO - [31mstep: 370  [32mloss:  2.7500  [38;2;180;60;0mgrad_norm:  3.5754  [38;2;54;234;195mmemory: 37.12GiB(46.73%)  [34mtps: 4,553  [36mtflops: 219.69  [35mmfu: 22.21%[39m
[rank0]:[titan] 2026-03-17 10:45:10,894 - root - INFO - [31mstep: 371  [32mloss:  2.7812  [38;2;180;60;0mgrad_norm:  2.9842  [38;2;54;234;195mmemory: 37.12GiB(46.73%)  [34mtps: 4,593  [36mtflops: 221.59  [35mmfu: 22.41%[39m
[rank0]:[titan] 2026-03-17 10:45:11,341 - root - INFO - [31mstep: 372  [32mloss:  2.7812  [38;2;180;60;0mgrad_norm:  3.4178  [38;2;54;234;195mmemory: 37.12GiB(46.73%)  [34mtps: 4,592  [36mtflops: 221.55  [35mmfu: 22.40%[39m
[rank0]:[titan] 2026-03-17 10:45:11,785 - root - INFO - [31mstep: 373  [32mloss:  2.8281  [38;2;180;60;0mgrad_norm:  2.2619  [38;2;54;234;195mmemory: 37.12GiB(46.73%)  [34mtps: 4,611  [36mtflops: 222.48  [35mmfu: 22.50%[39m
[rank0]:[titan] 2026-03-17 10:45:12,230 - root - INFO - [31mstep: 374  [32mloss:  2.8125  [38;2;180;60;0mgrad_norm:  3.0448  [38;2;54;234;195mmemory: 37.12GiB(46.73%)  [34mtps: 4,613  [36mtflops: 222.57  [35mmfu: 22.50%[39m
[rank0]:[titan] 2026-03-17 10:45:12,683 - root - INFO - [31mstep: 375  [32mloss:  2.8438  [38;2;180;60;0mgrad_norm:  2.3753  [38;2;54;234;195mmemory: 37.12GiB(46.73%)  [34mtps: 4,528  [36mtflops: 218.47  [35mmfu: 22.09%[39m
[rank0]:[titan] 2026-03-17 10:45:13,130 - root - INFO - [31mstep: 376  [32mloss:  2.9219  [38;2;180;60;0mgrad_norm:  3.3065  [38;2;54;234;195mmemory: 37.12GiB(46.73%)  [34mtps: 4,592  [36mtflops: 221.57  [35mmfu: 22.40%[39m
[rank0]:[titan] 2026-03-17 10:45:13,575 - root - INFO - [31mstep: 377  [32mloss:  2.8438  [38;2;180;60;0mgrad_norm:  2.8672  [38;2;54;234;195mmemory: 37.12GiB(46.73%)  [34mtps: 4,602  [36mtflops: 222.07  [35mmfu: 22.45%[39m
[rank0]:[titan] 2026-03-17 10:45:14,029 - root - INFO - [31mstep: 378  [32mloss:  2.8281  [38;2;180;60;0mgrad_norm:  2.6409  [38;2;54;234;195mmemory: 37.12GiB(46.73%)  [34mtps: 4,519  [36mtflops: 218.04  [35mmfu: 22.05%[39m
[rank0]:[titan] 2026-03-17 10:45:14,481 - root - INFO - [31mstep: 379  [32mloss:  2.7969  [38;2;180;60;0mgrad_norm:  2.6123  [38;2;54;234;195mmemory: 37.12GiB(46.73%)  [34mtps: 4,529  [36mtflops: 218.54  [35mmfu: 22.10%[39m
[rank0]:[titan] 2026-03-17 10:45:14,928 - root - INFO - [31mstep: 380  [32mloss:  2.7812  [38;2;180;60;0mgrad_norm:  2.9393  [38;2;54;234;195mmemory: 37.12GiB(46.73%)  [34mtps: 4,597  [36mtflops: 221.80  [35mmfu: 22.43%[39m
[rank0]:[titan] 2026-03-17 10:45:15,375 - root - INFO - [31mstep: 381  [32mloss:  2.8125  [38;2;180;60;0mgrad_norm:  3.0535  [38;2;54;234;195mmemory: 37.12GiB(46.73%)  [34mtps: 4,583  [36mtflops: 221.13  [35mmfu: 22.36%[39m
[rank0]:[titan] 2026-03-17 10:45:15,825 - root - INFO - [31mstep: 382  [32mloss:  2.8281  [38;2;180;60;0mgrad_norm:  3.0732  [38;2;54;234;195mmemory: 37.12GiB(46.73%)  [34mtps: 4,558  [36mtflops: 219.95  [35mmfu: 22.24%[39m
[rank0]:[titan] 2026-03-17 10:45:16,272 - root - INFO - [31mstep: 383  [32mloss:  2.7500  [38;2;180;60;0mgrad_norm:  3.1128  [38;2;54;234;195mmemory: 37.12GiB(46.73%)  [34mtps: 4,584  [36mtflops: 221.21  [35mmfu: 22.37%[39m
[rank0]:[titan] 2026-03-17 10:45:16,719 - root - INFO - [31mstep: 384  [32mloss:  2.7812  [38;2;180;60;0mgrad_norm:  2.3379  [38;2;54;234;195mmemory: 37.12GiB(46.73%)  [34mtps: 4,595  [36mtflops: 221.73  [35mmfu: 22.42%[39m
[rank0]:[titan] 2026-03-17 10:45:17,425 - root - INFO - [31mstep: 385  [32mloss:  2.8594  [38;2;180;60;0mgrad_norm:  2.8481  [38;2;54;234;195mmemory: 37.12GiB(46.73%)  [34mtps: 2,902  [36mtflops: 140.00  [35mmfu: 14.16%[39m
[rank0]:[titan] 2026-03-17 10:45:17,870 - root - INFO - [31mstep: 386  [32mloss:  2.8438  [38;2;180;60;0mgrad_norm:  2.4587  [38;2;54;234;195mmemory: 37.12GiB(46.73%)  [34mtps: 4,609  [36mtflops: 222.41  [35mmfu: 22.49%[39m
[rank0]:[titan] 2026-03-17 10:45:18,316 - root - INFO - [31mstep: 387  [32mloss:  2.8438  [38;2;180;60;0mgrad_norm:  2.8676  [38;2;54;234;195mmemory: 37.12GiB(46.73%)  [34mtps: 4,592  [36mtflops: 221.56  [35mmfu: 22.40%[39m
[rank0]:[titan] 2026-03-17 10:45:18,766 - root - INFO - [31mstep: 388  [32mloss:  2.8750  [38;2;180;60;0mgrad_norm:  2.9008  [38;2;54;234;195mmemory: 37.12GiB(46.73%)  [34mtps: 4,557  [36mtflops: 219.89  [35mmfu: 22.23%[39m
[rank0]:[titan] 2026-03-17 10:45:19,566 - root - INFO - [31mstep: 389  [32mloss:  2.8750  [38;2;180;60;0mgrad_norm:  3.2834  [38;2;54;234;195mmemory: 37.12GiB(46.73%)  [34mtps: 2,562  [36mtflops: 123.61  [35mmfu: 12.50%[39m
[rank0]:[titan] 2026-03-17 10:45:20,032 - root - INFO - [31mstep: 390  [32mloss:  2.8125  [38;2;180;60;0mgrad_norm:  3.2853  [38;2;54;234;195mmemory: 37.12GiB(46.73%)  [34mtps: 4,404  [36mtflops: 212.51  [35mmfu: 21.49%[39m
[rank0]:[titan] 2026-03-17 10:45:20,478 - root - INFO - [31mstep: 391  [32mloss:  2.8125  [38;2;180;60;0mgrad_norm:  3.2263  [38;2;54;234;195mmemory: 37.12GiB(46.73%)  [34mtps: 4,596  [36mtflops: 221.77  [35mmfu: 22.42%[39m
[rank0]:[titan] 2026-03-17 10:45:20,923 - root - INFO - [31mstep: 392  [32mloss:  2.7656  [38;2;180;60;0mgrad_norm:  2.9049  [38;2;54;234;195mmemory: 37.12GiB(46.73%)  [34mtps: 4,603  [36mtflops: 222.09  [35mmfu: 22.46%[39m
[rank0]:[titan] 2026-03-17 10:45:21,376 - root - INFO - [31mstep: 393  [32mloss:  2.8125  [38;2;180;60;0mgrad_norm:  2.4888  [38;2;54;234;195mmemory: 37.12GiB(46.73%)  [34mtps: 4,527  [36mtflops: 218.42  [35mmfu: 22.08%[39m
[rank0]:[titan] 2026-03-17 10:45:21,824 - root - INFO - [31mstep: 394  [32mloss:  2.8281  [38;2;180;60;0mgrad_norm:  3.1380  [38;2;54;234;195mmemory: 37.12GiB(46.73%)  [34mtps: 4,582  [36mtflops: 221.09  [35mmfu: 22.35%[39m
[rank0]:[titan] 2026-03-17 10:45:22,272 - root - INFO - [31mstep: 395  [32mloss:  2.8594  [38;2;180;60;0mgrad_norm:  2.9481  [38;2;54;234;195mmemory: 37.12GiB(46.73%)  [34mtps: 4,576  [36mtflops: 220.80  [35mmfu: 22.33%[39m
[rank0]:[titan] 2026-03-17 10:45:22,718 - root - INFO - [31mstep: 396  [32mloss:  2.7500  [38;2;180;60;0mgrad_norm:  2.7546  [38;2;54;234;195mmemory: 37.12GiB(46.73%)  [34mtps: 4,600  [36mtflops: 221.95  [35mmfu: 22.44%[39m
[rank0]:[titan] 2026-03-17 10:45:23,164 - root - INFO - [31mstep: 397  [32mloss:  2.8438  [38;2;180;60;0mgrad_norm:  2.9375  [38;2;54;234;195mmemory: 37.12GiB(46.73%)  [34mtps: 4,595  [36mtflops: 221.72  [35mmfu: 22.42%[39m
[rank0]:[titan] 2026-03-17 10:45:23,609 - root - INFO - [31mstep: 398  [32mloss:  2.7969  [38;2;180;60;0mgrad_norm:  3.7629  [38;2;54;234;195mmemory: 37.12GiB(46.73%)  [34mtps: 4,605  [36mtflops: 222.21  [35mmfu: 22.47%[39m
[rank0]:[titan] 2026-03-17 10:45:24,056 - root - INFO - [31mstep: 399  [32mloss:  2.7812  [38;2;180;60;0mgrad_norm:  3.0742  [38;2;54;234;195mmemory: 37.12GiB(46.73%)  [34mtps: 4,587  [36mtflops: 221.34  [35mmfu: 22.38%[39m
[rank0]:[titan] 2026-03-17 10:45:24,503 - root - INFO - [31mstep: 400  [32mloss:  2.7500  [38;2;180;60;0mgrad_norm:  2.5145  [38;2;54;234;195mmemory: 37.12GiB(46.73%)  [34mtps: 4,591  [36mtflops: 221.51  [35mmfu: 22.40%[39m
[rank0]:[titan] 2026-03-17 10:45:24,950 - root - INFO - [31mstep: 401  [32mloss:  2.7812  [38;2;180;60;0mgrad_norm:  2.8436  [38;2;54;234;195mmemory: 37.12GiB(46.73%)  [34mtps: 4,592  [36mtflops: 221.56  [35mmfu: 22.40%[39m
[rank0]:[titan] 2026-03-17 10:45:25,397 - root - INFO - [31mstep: 402  [32mloss:  2.8281  [38;2;180;60;0mgrad_norm:  2.9456  [38;2;54;234;195mmemory: 37.12GiB(46.73%)  [34mtps: 4,580  [36mtflops: 221.01  [35mmfu: 22.35%[39m
[rank0]:[titan] 2026-03-17 10:45:25,843 - root - INFO - [31mstep: 403  [32mloss:  2.7969  [38;2;180;60;0mgrad_norm:  2.3437  [38;2;54;234;195mmemory: 37.12GiB(46.73%)  [34mtps: 4,595  [36mtflops: 221.69  [35mmfu: 22.42%[39m
[rank0]:[titan] 2026-03-17 10:45:26,296 - root - INFO - [31mstep: 404  [32mloss:  2.8125  [38;2;180;60;0mgrad_norm:  2.7424  [38;2;54;234;195mmemory: 37.12GiB(46.73%)  [34mtps: 4,526  [36mtflops: 218.39  [35mmfu: 22.08%[39m
[rank0]:[titan] 2026-03-17 10:45:26,744 - root - INFO - [31mstep: 405  [32mloss:  2.8438  [38;2;180;60;0mgrad_norm:  3.1551  [38;2;54;234;195mmemory: 37.12GiB(46.73%)  [34mtps: 4,585  [36mtflops: 221.22  [35mmfu: 22.37%[39m
[rank0]:[titan] 2026-03-17 10:45:27,188 - root - INFO - [31mstep: 406  [32mloss:  2.7969  [38;2;180;60;0mgrad_norm:  2.1082  [38;2;54;234;195mmemory: 37.12GiB(46.73%)  [34mtps: 4,611  [36mtflops: 222.47  [35mmfu: 22.49%[39m
[rank0]:[titan] 2026-03-17 10:45:27,634 - root - INFO - [31mstep: 407  [32mloss:  2.8125  [38;2;180;60;0mgrad_norm:  2.4012  [38;2;54;234;195mmemory: 37.12GiB(46.73%)  [34mtps: 4,598  [36mtflops: 221.87  [35mmfu: 22.43%[39m
[rank0]:[titan] 2026-03-17 10:45:28,088 - root - INFO - [31mstep: 408  [32mloss:  2.7812  [38;2;180;60;0mgrad_norm:  2.3846  [38;2;54;234;195mmemory: 37.12GiB(46.73%)  [34mtps: 4,521  [36mtflops: 218.16  [35mmfu: 22.06%[39m
[rank0]:[titan] 2026-03-17 10:45:28,536 - root - INFO - [31mstep: 409  [32mloss:  2.7812  [38;2;180;60;0mgrad_norm:  3.0865  [38;2;54;234;195mmemory: 37.12GiB(46.73%)  [34mtps: 4,573  [36mtflops: 220.66  [35mmfu: 22.31%[39m
[rank0]:[titan] 2026-03-17 10:45:28,981 - root - INFO - [31mstep: 410  [32mloss:  2.7969  [38;2;180;60;0mgrad_norm:  2.9504  [38;2;54;234;195mmemory: 37.12GiB(46.73%)  [34mtps: 4,604  [36mtflops: 222.14  [35mmfu: 22.46%[39m
[rank0]:[titan] 2026-03-17 10:45:29,428 - root - INFO - [31mstep: 411  [32mloss:  2.7656  [38;2;180;60;0mgrad_norm:  2.9903  [38;2;54;234;195mmemory: 37.12GiB(46.73%)  [34mtps: 4,596  [36mtflops: 221.78  [35mmfu: 22.43%[39m
[rank0]:[titan] 2026-03-17 10:45:29,879 - root - INFO - [31mstep: 412  [32mloss:  2.7656  [38;2;180;60;0mgrad_norm:  2.8524  [38;2;54;234;195mmemory: 37.12GiB(46.73%)  [34mtps: 4,549  [36mtflops: 219.51  [35mmfu: 22.20%[39m
[rank0]:[titan] 2026-03-17 10:45:30,327 - root - INFO - [31mstep: 413  [32mloss:  2.7500  [38;2;180;60;0mgrad_norm:  2.6059  [38;2;54;234;195mmemory: 37.12GiB(46.73%)  [34mtps: 4,580  [36mtflops: 220.98  [35mmfu: 22.34%[39m
[rank0]:[titan] 2026-03-17 10:45:30,776 - root - INFO - [31mstep: 414  [32mloss:  2.7812  [38;2;180;60;0mgrad_norm:  2.6496  [38;2;54;234;195mmemory: 37.12GiB(46.73%)  [34mtps: 4,566  [36mtflops: 220.33  [35mmfu: 22.28%[39m
[rank0]:[titan] 2026-03-17 10:45:31,224 - root - INFO - [31mstep: 415  [32mloss:  2.7812  [38;2;180;60;0mgrad_norm:  2.5727  [38;2;54;234;195mmemory: 37.12GiB(46.73%)  [34mtps: 4,577  [36mtflops: 220.84  [35mmfu: 22.33%[39m
[rank0]:[titan] 2026-03-17 10:45:31,671 - root - INFO - [31mstep: 416  [32mloss:  2.7969  [38;2;180;60;0mgrad_norm:  2.8785  [38;2;54;234;195mmemory: 37.12GiB(46.73%)  [34mtps: 4,582  [36mtflops: 221.07  [35mmfu: 22.35%[39m
[rank0]:[titan] 2026-03-17 10:45:32,118 - root - INFO - [31mstep: 417  [32mloss:  2.7969  [38;2;180;60;0mgrad_norm:  3.0580  [38;2;54;234;195mmemory: 37.12GiB(46.73%)  [34mtps: 4,593  [36mtflops: 221.61  [35mmfu: 22.41%[39m
[rank0]:[titan] 2026-03-17 10:45:32,572 - root - INFO - [31mstep: 418  [32mloss:  2.8281  [38;2;180;60;0mgrad_norm:  2.6413  [38;2;54;234;195mmemory: 37.12GiB(46.73%)  [34mtps: 4,515  [36mtflops: 217.86  [35mmfu: 22.03%[39m
[rank0]:[titan] 2026-03-17 10:45:33,017 - root - INFO - [31mstep: 419  [32mloss:  2.7344  [38;2;180;60;0mgrad_norm:  2.2521  [38;2;54;234;195mmemory: 37.12GiB(46.73%)  [34mtps: 4,600  [36mtflops: 221.96  [35mmfu: 22.44%[39m
[rank0]:[titan] 2026-03-17 10:45:33,463 - root - INFO - [31mstep: 420  [32mloss:  2.7500  [38;2;180;60;0mgrad_norm:  3.1455  [38;2;54;234;195mmemory: 37.12GiB(46.73%)  [34mtps: 4,597  [36mtflops: 221.81  [35mmfu: 22.43%[39m
[rank0]:[titan] 2026-03-17 10:45:33,910 - root - INFO - [31mstep: 421  [32mloss:  2.7969  [38;2;180;60;0mgrad_norm:  2.5428  [38;2;54;234;195mmemory: 37.12GiB(46.73%)  [34mtps: 4,589  [36mtflops: 221.41  [35mmfu: 22.39%[39m
[rank0]:[titan] 2026-03-17 10:45:34,355 - root - INFO - [31mstep: 422  [32mloss:  2.7812  [38;2;180;60;0mgrad_norm:  2.8935  [38;2;54;234;195mmemory: 37.12GiB(46.73%)  [34mtps: 4,608  [36mtflops: 222.32  [35mmfu: 22.48%[39m
[rank0]:[titan] 2026-03-17 10:45:34,356 - root - WARNING - Dataset c4_test is being re-looped
[rank0]:[titan] 2026-03-17 10:45:34,802 - root - INFO - [31mstep: 423  [32mloss:  2.7500  [38;2;180;60;0mgrad_norm:  3.1783  [38;2;54;234;195mmemory: 37.12GiB(46.73%)  [34mtps: 4,592  [36mtflops: 221.56  [35mmfu: 22.40%[39m
[rank0]:[titan] 2026-03-17 10:45:35,248 - root - INFO - [31mstep: 424  [32mloss:  2.7500  [38;2;180;60;0mgrad_norm:  2.4230  [38;2;54;234;195mmemory: 37.12GiB(46.73%)  [34mtps: 4,600  [36mtflops: 221.94  [35mmfu: 22.44%[39m
[rank0]:[titan] 2026-03-17 10:45:35,701 - root - INFO - [31mstep: 425  [32mloss:  2.8438  [38;2;180;60;0mgrad_norm:  3.3111  [38;2;54;234;195mmemory: 37.12GiB(46.73%)  [34mtps: 4,518  [36mtflops: 218.00  [35mmfu: 22.04%[39m
[rank0]:[titan] 2026-03-17 10:45:36,146 - root - INFO - [31mstep: 426  [32mloss:  2.8750  [38;2;180;60;0mgrad_norm:  2.9980  [38;2;54;234;195mmemory: 37.12GiB(46.73%)  [34mtps: 4,609  [36mtflops: 222.38  [35mmfu: 22.49%[39m
[rank0]:[titan] 2026-03-17 10:45:36,599 - root - INFO - [31mstep: 427  [32mloss:  2.8594  [38;2;180;60;0mgrad_norm:  2.7525  [38;2;54;234;195mmemory: 37.12GiB(46.73%)  [34mtps: 4,531  [36mtflops: 218.61  [35mmfu: 22.10%[39m
[rank0]:[titan] 2026-03-17 10:45:37,049 - root - INFO - [31mstep: 428  [32mloss:  2.8594  [38;2;180;60;0mgrad_norm:  2.9828  [38;2;54;234;195mmemory: 37.12GiB(46.73%)  [34mtps: 4,550  [36mtflops: 219.56  [35mmfu: 22.20%[39m
[rank0]:[titan] 2026-03-17 10:45:37,497 - root - INFO - [31mstep: 429  [32mloss:  2.7812  [38;2;180;60;0mgrad_norm:  2.4199  [38;2;54;234;195mmemory: 37.12GiB(46.73%)  [34mtps: 4,587  [36mtflops: 221.33  [35mmfu: 22.38%[39m
[rank0]:[titan] 2026-03-17 10:45:37,950 - root - INFO - [31mstep: 430  [32mloss:  2.7969  [38;2;180;60;0mgrad_norm:  2.8878  [38;2;54;234;195mmemory: 37.12GiB(46.73%)  [34mtps: 4,523  [36mtflops: 218.23  [35mmfu: 22.07%[39m
[rank0]:[titan] 2026-03-17 10:45:38,395 - root - INFO - [31mstep: 431  [32mloss:  2.7812  [38;2;180;60;0mgrad_norm:  2.5497  [38;2;54;234;195mmemory: 37.12GiB(46.73%)  [34mtps: 4,605  [36mtflops: 222.19  [35mmfu: 22.47%[39m
[rank0]:[titan] 2026-03-17 10:45:38,842 - root - INFO - [31mstep: 432  [32mloss:  2.7500  [38;2;180;60;0mgrad_norm:  2.1756  [38;2;54;234;195mmemory: 37.12GiB(46.73%)  [34mtps: 4,593  [36mtflops: 221.62  [35mmfu: 22.41%[39m
[rank0]:[titan] 2026-03-17 10:45:39,289 - root - INFO - [31mstep: 433  [32mloss:  2.7500  [38;2;180;60;0mgrad_norm:  2.6890  [38;2;54;234;195mmemory: 37.12GiB(46.73%)  [34mtps: 4,588  [36mtflops: 221.36  [35mmfu: 22.38%[39m
[rank0]:[titan] 2026-03-17 10:45:39,735 - root - INFO - [31mstep: 434  [32mloss:  2.7344  [38;2;180;60;0mgrad_norm:  2.7167  [38;2;54;234;195mmemory: 37.12GiB(46.73%)  [34mtps: 4,599  [36mtflops: 221.92  [35mmfu: 22.44%[39m
[rank0]:[titan] 2026-03-17 10:45:40,180 - root - INFO - [31mstep: 435  [32mloss:  2.7969  [38;2;180;60;0mgrad_norm:  2.3482  [38;2;54;234;195mmemory: 37.12GiB(46.73%)  [34mtps: 4,599  [36mtflops: 221.92  [35mmfu: 22.44%[39m
[rank0]:[titan] 2026-03-17 10:45:40,631 - root - INFO - [31mstep: 436  [32mloss:  2.8750  [38;2;180;60;0mgrad_norm:  2.4346  [38;2;54;234;195mmemory: 37.12GiB(46.73%)  [34mtps: 4,555  [36mtflops: 219.78  [35mmfu: 22.22%[39m
[rank0]:[titan] 2026-03-17 10:45:41,076 - root - INFO - [31mstep: 437  [32mloss:  2.7969  [38;2;180;60;0mgrad_norm:  2.9702  [38;2;54;234;195mmemory: 37.12GiB(46.73%)  [34mtps: 4,602  [36mtflops: 222.04  [35mmfu: 22.45%[39m
[rank0]:[titan] 2026-03-17 10:45:41,523 - root - INFO - [31mstep: 438  [32mloss:  2.8125  [38;2;180;60;0mgrad_norm:  2.9469  [38;2;54;234;195mmemory: 37.12GiB(46.73%)  [34mtps: 4,587  [36mtflops: 221.34  [35mmfu: 22.38%[39m
[rank0]:[titan] 2026-03-17 10:45:41,969 - root - INFO - [31mstep: 439  [32mloss:  2.7812  [38;2;180;60;0mgrad_norm:  2.7058  [38;2;54;234;195mmemory: 37.12GiB(46.73%)  [34mtps: 4,600  [36mtflops: 221.94  [35mmfu: 22.44%[39m
[rank0]:[titan] 2026-03-17 10:45:42,427 - root - INFO - [31mstep: 440  [32mloss:  2.7812  [38;2;180;60;0mgrad_norm:  2.6857  [38;2;54;234;195mmemory: 37.12GiB(46.73%)  [34mtps: 4,477  [36mtflops: 216.00  [35mmfu: 21.84%[39m
[rank0]:[titan] 2026-03-17 10:45:42,875 - root - INFO - [31mstep: 441  [32mloss:  2.7969  [38;2;180;60;0mgrad_norm:  2.4124  [38;2;54;234;195mmemory: 37.12GiB(46.73%)  [34mtps: 4,578  [36mtflops: 220.90  [35mmfu: 22.34%[39m
[rank0]:[titan] 2026-03-17 10:45:43,325 - root - INFO - [31mstep: 442  [32mloss:  2.7812  [38;2;180;60;0mgrad_norm:  2.4839  [38;2;54;234;195mmemory: 37.12GiB(46.73%)  [34mtps: 4,551  [36mtflops: 219.61  [35mmfu: 22.20%[39m
[rank0]:[titan] 2026-03-17 10:45:43,771 - root - INFO - [31mstep: 443  [32mloss:  2.7500  [38;2;180;60;0mgrad_norm:  2.6443  [38;2;54;234;195mmemory: 37.12GiB(46.73%)  [34mtps: 4,598  [36mtflops: 221.84  [35mmfu: 22.43%[39m
[rank0]:[titan] 2026-03-17 10:45:44,228 - root - INFO - [31mstep: 444  [32mloss:  2.7031  [38;2;180;60;0mgrad_norm:  2.7934  [38;2;54;234;195mmemory: 37.12GiB(46.73%)  [34mtps: 4,483  [36mtflops: 216.29  [35mmfu: 21.87%[39m
[rank0]:[titan] 2026-03-17 10:45:44,677 - root - INFO - [31mstep: 445  [32mloss:  2.7656  [38;2;180;60;0mgrad_norm:  2.7444  [38;2;54;234;195mmemory: 37.12GiB(46.73%)  [34mtps: 4,568  [36mtflops: 220.39  [35mmfu: 22.28%[39m
[rank0]:[titan] 2026-03-17 10:45:45,134 - root - INFO - [31mstep: 446  [32mloss:  2.7344  [38;2;180;60;0mgrad_norm:  2.7417  [38;2;54;234;195mmemory: 37.12GiB(46.73%)  [34mtps: 4,489  [36mtflops: 216.61  [35mmfu: 21.90%[39m
[rank0]:[titan] 2026-03-17 10:45:45,580 - root - INFO - [31mstep: 447  [32mloss:  2.8125  [38;2;180;60;0mgrad_norm:  2.9789  [38;2;54;234;195mmemory: 37.12GiB(46.73%)  [34mtps: 4,596  [36mtflops: 221.78  [35mmfu: 22.42%[39m
[rank0]:[titan] 2026-03-17 10:45:46,028 - root - INFO - [31mstep: 448  [32mloss:  2.7812  [38;2;180;60;0mgrad_norm:  2.5448  [38;2;54;234;195mmemory: 37.12GiB(46.73%)  [34mtps: 4,573  [36mtflops: 220.65  [35mmfu: 22.31%[39m
[rank0]:[titan] 2026-03-17 10:45:46,509 - root - INFO - [31mstep: 449  [32mloss:  2.7969  [38;2;180;60;0mgrad_norm:  2.0899  [38;2;54;234;195mmemory: 37.12GiB(46.73%)  [34mtps: 4,269  [36mtflops: 206.01  [35mmfu: 20.83%[39m
[rank0]:[titan] 2026-03-17 10:45:46,954 - root - INFO - [31mstep: 450  [32mloss:  2.7344  [38;2;180;60;0mgrad_norm:  2.8380  [38;2;54;234;195mmemory: 37.12GiB(46.73%)  [34mtps: 4,599  [36mtflops: 221.89  [35mmfu: 22.44%[39m
[rank0]:[titan] 2026-03-17 10:45:47,398 - root - INFO - [31mstep: 451  [32mloss:  2.7031  [38;2;180;60;0mgrad_norm:  2.5024  [38;2;54;234;195mmemory: 37.12GiB(46.73%)  [34mtps: 4,619  [36mtflops: 222.85  [35mmfu: 22.53%[39m
[rank0]:[titan] 2026-03-17 10:45:47,847 - root - INFO - [31mstep: 452  [32mloss:  2.7344  [38;2;180;60;0mgrad_norm:  2.6746  [38;2;54;234;195mmemory: 37.12GiB(46.73%)  [34mtps: 4,565  [36mtflops: 220.25  [35mmfu: 22.27%[39m
[rank0]:[titan] 2026-03-17 10:45:48,294 - root - INFO - [31mstep: 453  [32mloss:  2.7656  [38;2;180;60;0mgrad_norm:  2.2767  [38;2;54;234;195mmemory: 37.12GiB(46.73%)  [34mtps: 4,596  [36mtflops: 221.76  [35mmfu: 22.42%[39m
[rank0]:[titan] 2026-03-17 10:45:48,738 - root - INFO - [31mstep: 454  [32mloss:  2.8125  [38;2;180;60;0mgrad_norm:  2.0707  [38;2;54;234;195mmemory: 37.12GiB(46.73%)  [34mtps: 4,609  [36mtflops: 222.39  [35mmfu: 22.49%[39m
[rank0]:[titan] 2026-03-17 10:45:49,185 - root - INFO - [31mstep: 455  [32mloss:  2.7812  [38;2;180;60;0mgrad_norm:  2.9652  [38;2;54;234;195mmemory: 37.12GiB(46.73%)  [34mtps: 4,595  [36mtflops: 221.70  [35mmfu: 22.42%[39m
[rank0]:[titan] 2026-03-17 10:45:49,629 - root - INFO - [31mstep: 456  [32mloss:  2.7656  [38;2;180;60;0mgrad_norm:  2.7626  [38;2;54;234;195mmemory: 37.12GiB(46.73%)  [34mtps: 4,611  [36mtflops: 222.50  [35mmfu: 22.50%[39m
[rank0]:[titan] 2026-03-17 10:45:50,074 - root - INFO - [31mstep: 457  [32mloss:  2.8125  [38;2;180;60;0mgrad_norm:  2.7837  [38;2;54;234;195mmemory: 37.12GiB(46.73%)  [34mtps: 4,613  [36mtflops: 222.57  [35mmfu: 22.50%[39m
[rank0]:[titan] 2026-03-17 10:45:50,519 - root - INFO - [31mstep: 458  [32mloss:  2.7812  [38;2;180;60;0mgrad_norm:  2.6059  [38;2;54;234;195mmemory: 37.12GiB(46.73%)  [34mtps: 4,601  [36mtflops: 221.99  [35mmfu: 22.45%[39m
[rank0]:[titan] 2026-03-17 10:45:50,965 - root - INFO - [31mstep: 459  [32mloss:  2.8438  [38;2;180;60;0mgrad_norm:  2.7261  [38;2;54;234;195mmemory: 37.12GiB(46.73%)  [34mtps: 4,596  [36mtflops: 221.75  [35mmfu: 22.42%[39m
[rank0]:[titan] 2026-03-17 10:45:51,418 - root - INFO - [31mstep: 460  [32mloss:  2.7969  [38;2;180;60;0mgrad_norm:  2.3850  [38;2;54;234;195mmemory: 37.12GiB(46.73%)  [34mtps: 4,531  [36mtflops: 218.62  [35mmfu: 22.11%[39m
[rank0]:[titan] 2026-03-17 10:45:51,864 - root - INFO - [31mstep: 461  [32mloss:  2.8438  [38;2;180;60;0mgrad_norm:  2.2970  [38;2;54;234;195mmemory: 37.12GiB(46.73%)  [34mtps: 4,599  [36mtflops: 221.89  [35mmfu: 22.44%[39m
[rank0]:[titan] 2026-03-17 10:45:52,310 - root - INFO - [31mstep: 462  [32mloss:  2.8438  [38;2;180;60;0mgrad_norm:  2.8177  [38;2;54;234;195mmemory: 37.12GiB(46.73%)  [34mtps: 4,590  [36mtflops: 221.45  [35mmfu: 22.39%[39m
[rank0]:[titan] 2026-03-17 10:45:52,761 - root - INFO - [31mstep: 463  [32mloss:  2.8750  [38;2;180;60;0mgrad_norm:  2.7323  [38;2;54;234;195mmemory: 37.12GiB(46.73%)  [34mtps: 4,552  [36mtflops: 219.64  [35mmfu: 22.21%[39m
[rank0]:[titan] 2026-03-17 10:45:53,207 - root - INFO - [31mstep: 464  [32mloss:  2.7969  [38;2;180;60;0mgrad_norm:  2.8450  [38;2;54;234;195mmemory: 37.12GiB(46.73%)  [34mtps: 4,600  [36mtflops: 221.95  [35mmfu: 22.44%[39m
[rank0]:[titan] 2026-03-17 10:45:53,657 - root - INFO - [31mstep: 465  [32mloss:  2.8125  [38;2;180;60;0mgrad_norm:  1.9268  [38;2;54;234;195mmemory: 37.12GiB(46.73%)  [34mtps: 4,551  [36mtflops: 219.58  [35mmfu: 22.20%[39m
[rank0]:[titan] 2026-03-17 10:45:54,112 - root - INFO - [31mstep: 466  [32mloss:  2.7656  [38;2;180;60;0mgrad_norm:  2.8221  [38;2;54;234;195mmemory: 37.12GiB(46.73%)  [34mtps: 4,503  [36mtflops: 217.28  [35mmfu: 21.97%[39m
[rank0]:[titan] 2026-03-17 10:45:54,559 - root - INFO - [31mstep: 467  [32mloss:  2.7812  [38;2;180;60;0mgrad_norm:  1.8766  [38;2;54;234;195mmemory: 37.12GiB(46.73%)  [34mtps: 4,588  [36mtflops: 221.39  [35mmfu: 22.39%[39m
[rank0]:[titan] 2026-03-17 10:45:55,008 - root - INFO - [31mstep: 468  [32mloss:  2.8281  [38;2;180;60;0mgrad_norm:  3.2066  [38;2;54;234;195mmemory: 37.12GiB(46.73%)  [34mtps: 4,569  [36mtflops: 220.47  [35mmfu: 22.29%[39m
[rank0]:[titan] 2026-03-17 10:45:55,452 - root - INFO - [31mstep: 469  [32mloss:  2.8125  [38;2;180;60;0mgrad_norm:  3.5677  [38;2;54;234;195mmemory: 37.12GiB(46.73%)  [34mtps: 4,613  [36mtflops: 222.58  [35mmfu: 22.51%[39m
[rank0]:[titan] 2026-03-17 10:45:55,902 - root - INFO - [31mstep: 470  [32mloss:  2.8281  [38;2;180;60;0mgrad_norm:  2.3160  [38;2;54;234;195mmemory: 37.12GiB(46.73%)  [34mtps: 4,561  [36mtflops: 220.09  [35mmfu: 22.25%[39m
[rank0]:[titan] 2026-03-17 10:45:56,347 - root - INFO - [31mstep: 471  [32mloss:  2.8125  [38;2;180;60;0mgrad_norm:  3.2110  [38;2;54;234;195mmemory: 37.12GiB(46.73%)  [34mtps: 4,604  [36mtflops: 222.15  [35mmfu: 22.46%[39m
[rank0]:[titan] 2026-03-17 10:45:56,795 - root - INFO - [31mstep: 472  [32mloss:  2.7969  [38;2;180;60;0mgrad_norm:  3.0590  [38;2;54;234;195mmemory: 37.12GiB(46.73%)  [34mtps: 4,581  [36mtflops: 221.05  [35mmfu: 22.35%[39m
[rank0]:[titan] 2026-03-17 10:45:57,240 - root - INFO - [31mstep: 473  [32mloss:  2.7969  [38;2;180;60;0mgrad_norm:  2.8656  [38;2;54;234;195mmemory: 37.12GiB(46.73%)  [34mtps: 4,609  [36mtflops: 222.37  [35mmfu: 22.48%[39m
[rank0]:[titan] 2026-03-17 10:45:57,687 - root - INFO - [31mstep: 474  [32mloss:  2.7188  [38;2;180;60;0mgrad_norm:  2.0739  [38;2;54;234;195mmemory: 37.12GiB(46.73%)  [34mtps: 4,588  [36mtflops: 221.38  [35mmfu: 22.38%[39m
[rank0]:[titan] 2026-03-17 10:45:58,133 - root - INFO - [31mstep: 475  [32mloss:  2.7500  [38;2;180;60;0mgrad_norm:  2.7622  [38;2;54;234;195mmemory: 37.12GiB(46.73%)  [34mtps: 4,602  [36mtflops: 222.05  [35mmfu: 22.45%[39m
[rank0]:[titan] 2026-03-17 10:45:58,577 - root - INFO - [31mstep: 476  [32mloss:  2.7812  [38;2;180;60;0mgrad_norm:  3.0845  [38;2;54;234;195mmemory: 37.12GiB(46.73%)  [34mtps: 4,617  [36mtflops: 222.78  [35mmfu: 22.53%[39m
[rank0]:[titan] 2026-03-17 10:45:59,026 - root - INFO - [31mstep: 477  [32mloss:  2.7812  [38;2;180;60;0mgrad_norm:  2.2152  [38;2;54;234;195mmemory: 37.12GiB(46.73%)  [34mtps: 4,569  [36mtflops: 220.46  [35mmfu: 22.29%[39m
[rank0]:[titan] 2026-03-17 10:45:59,472 - root - INFO - [31mstep: 478  [32mloss:  2.8594  [38;2;180;60;0mgrad_norm:  2.6588  [38;2;54;234;195mmemory: 37.12GiB(46.73%)  [34mtps: 4,601  [36mtflops: 222.00  [35mmfu: 22.45%[39m
[rank0]:[titan] 2026-03-17 10:45:59,921 - root - INFO - [31mstep: 479  [32mloss:  2.7969  [38;2;180;60;0mgrad_norm:  2.2186  [38;2;54;234;195mmemory: 37.12GiB(46.73%)  [34mtps: 4,569  [36mtflops: 220.47  [35mmfu: 22.29%[39m
[rank0]:[titan] 2026-03-17 10:46:00,368 - root - INFO - [31mstep: 480  [32mloss:  2.7344  [38;2;180;60;0mgrad_norm:  2.4277  [38;2;54;234;195mmemory: 37.12GiB(46.73%)  [34mtps: 4,590  [36mtflops: 221.49  [35mmfu: 22.40%[39m
[rank0]:[titan] 2026-03-17 10:46:00,815 - root - INFO - [31mstep: 481  [32mloss:  2.8125  [38;2;180;60;0mgrad_norm:  2.3211  [38;2;54;234;195mmemory: 37.12GiB(46.73%)  [34mtps: 4,583  [36mtflops: 221.14  [35mmfu: 22.36%[39m
[rank0]:[titan] 2026-03-17 10:46:01,259 - root - INFO - [31mstep: 482  [32mloss:  2.7969  [38;2;180;60;0mgrad_norm:  3.0526  [38;2;54;234;195mmemory: 37.12GiB(46.73%)  [34mtps: 4,616  [36mtflops: 222.71  [35mmfu: 22.52%[39m
[rank0]:[titan] 2026-03-17 10:46:01,708 - root - INFO - [31mstep: 483  [32mloss:  2.7500  [38;2;180;60;0mgrad_norm:  2.2992  [38;2;54;234;195mmemory: 37.12GiB(46.73%)  [34mtps: 4,563  [36mtflops: 220.17  [35mmfu: 22.26%[39m
[rank0]:[titan] 2026-03-17 10:46:02,157 - root - INFO - [31mstep: 484  [32mloss:  2.7500  [38;2;180;60;0mgrad_norm:  3.0357  [38;2;54;234;195mmemory: 37.12GiB(46.73%)  [34mtps: 4,567  [36mtflops: 220.37  [35mmfu: 22.28%[39m
[rank0]:[titan] 2026-03-17 10:46:02,616 - root - INFO - [31mstep: 485  [32mloss:  2.8281  [38;2;180;60;0mgrad_norm:  3.1967  [38;2;54;234;195mmemory: 37.12GiB(46.73%)  [34mtps: 4,473  [36mtflops: 215.84  [35mmfu: 21.82%[39m
[rank0]:[titan] 2026-03-17 10:46:03,059 - root - INFO - [31mstep: 486  [32mloss:  2.8906  [38;2;180;60;0mgrad_norm:  2.1051  [38;2;54;234;195mmemory: 37.12GiB(46.73%)  [34mtps: 4,625  [36mtflops: 223.14  [35mmfu: 22.56%[39m
[rank0]:[titan] 2026-03-17 10:46:03,512 - root - INFO - [31mstep: 487  [32mloss:  2.7812  [38;2;180;60;0mgrad_norm:  2.6488  [38;2;54;234;195mmemory: 37.12GiB(46.73%)  [34mtps: 4,524  [36mtflops: 218.31  [35mmfu: 22.07%[39m
[rank0]:[titan] 2026-03-17 10:46:03,957 - root - INFO - [31mstep: 488  [32mloss:  2.8594  [38;2;180;60;0mgrad_norm:  2.9901  [38;2;54;234;195mmemory: 37.12GiB(46.73%)  [34mtps: 4,615  [36mtflops: 222.69  [35mmfu: 22.52%[39m
[rank0]:[titan] 2026-03-17 10:46:04,402 - root - INFO - [31mstep: 489  [32mloss:  2.8281  [38;2;180;60;0mgrad_norm:  2.8486  [38;2;54;234;195mmemory: 37.12GiB(46.73%)  [34mtps: 4,599  [36mtflops: 221.91  [35mmfu: 22.44%[39m
[rank0]:[titan] 2026-03-17 10:46:04,847 - root - INFO - [31mstep: 490  [32mloss:  2.8125  [38;2;180;60;0mgrad_norm:  2.0366  [38;2;54;234;195mmemory: 37.12GiB(46.73%)  [34mtps: 4,609  [36mtflops: 222.38  [35mmfu: 22.49%[39m
[rank0]:[titan] 2026-03-17 10:46:05,317 - root - INFO - [31mstep: 491  [32mloss:  2.8438  [38;2;180;60;0mgrad_norm:  1.8624  [38;2;54;234;195mmemory: 37.12GiB(46.73%)  [34mtps: 4,368  [36mtflops: 210.74  [35mmfu: 21.31%[39m
[rank0]:[titan] 2026-03-17 10:46:05,760 - root - INFO - [31mstep: 492  [32mloss:  2.7812  [38;2;180;60;0mgrad_norm:  2.2735  [38;2;54;234;195mmemory: 37.12GiB(46.73%)  [34mtps: 4,625  [36mtflops: 223.16  [35mmfu: 22.56%[39m
[rank0]:[titan] 2026-03-17 10:46:06,207 - root - INFO - [31mstep: 493  [32mloss:  2.8438  [38;2;180;60;0mgrad_norm:  1.7380  [38;2;54;234;195mmemory: 37.12GiB(46.73%)  [34mtps: 4,587  [36mtflops: 221.35  [35mmfu: 22.38%[39m
[rank0]:[titan] 2026-03-17 10:46:06,654 - root - INFO - [31mstep: 494  [32mloss:  2.8750  [38;2;180;60;0mgrad_norm:  2.4394  [38;2;54;234;195mmemory: 37.12GiB(46.73%)  [34mtps: 4,580  [36mtflops: 220.97  [35mmfu: 22.34%[39m
[rank0]:[titan] 2026-03-17 10:46:07,098 - root - INFO - [31mstep: 495  [32mloss:  2.8438  [38;2;180;60;0mgrad_norm:  2.1691  [38;2;54;234;195mmemory: 37.12GiB(46.73%)  [34mtps: 4,623  [36mtflops: 223.07  [35mmfu: 22.56%[39m
[rank0]:[titan] 2026-03-17 10:46:07,548 - root - INFO - [31mstep: 496  [32mloss:  2.7969  [38;2;180;60;0mgrad_norm:  2.3466  [38;2;54;234;195mmemory: 37.12GiB(46.73%)  [34mtps: 4,559  [36mtflops: 219.97  [35mmfu: 22.24%[39m
[rank0]:[titan] 2026-03-17 10:46:07,992 - root - INFO - [31mstep: 497  [32mloss:  2.7812  [38;2;180;60;0mgrad_norm:  2.2281  [38;2;54;234;195mmemory: 37.12GiB(46.73%)  [34mtps: 4,619  [36mtflops: 222.86  [35mmfu: 22.53%[39m
[rank0]:[titan] 2026-03-17 10:46:08,437 - root - INFO - [31mstep: 498  [32mloss:  2.7500  [38;2;180;60;0mgrad_norm:  2.6926  [38;2;54;234;195mmemory: 37.12GiB(46.73%)  [34mtps: 4,597  [36mtflops: 221.82  [35mmfu: 22.43%[39m
[rank0]:[titan] 2026-03-17 10:46:08,882 - root - INFO - [31mstep: 499  [32mloss:  2.7812  [38;2;180;60;0mgrad_norm:  2.8131  [38;2;54;234;195mmemory: 37.12GiB(46.73%)  [34mtps: 4,608  [36mtflops: 222.32  [35mmfu: 22.48%[39m
[rank0]:[titan] 2026-03-17 10:46:09,330 - root - INFO - [31mstep: 500  [32mloss:  2.8281  [38;2;180;60;0mgrad_norm:  2.7823  [38;2;54;234;195mmemory: 37.12GiB(46.73%)  [34mtps: 4,583  [36mtflops: 221.13  [35mmfu: 22.36%[39m
[rank0]:[titan] 2026-03-17 10:46:09,778 - root - INFO - [31mstep: 501  [32mloss:  2.7188  [38;2;180;60;0mgrad_norm:  2.1347  [38;2;54;234;195mmemory: 37.12GiB(46.73%)  [34mtps: 4,577  [36mtflops: 220.84  [35mmfu: 22.33%[39m
[rank0]:[titan] 2026-03-17 10:46:10,224 - root - INFO - [31mstep: 502  [32mloss:  2.7344  [38;2;180;60;0mgrad_norm:  2.8844  [38;2;54;234;195mmemory: 37.12GiB(46.73%)  [34mtps: 4,596  [36mtflops: 221.75  [35mmfu: 22.42%[39m
[rank0]:[titan] 2026-03-17 10:46:10,669 - root - INFO - [31mstep: 503  [32mloss:  2.7656  [38;2;180;60;0mgrad_norm:  3.3177  [38;2;54;234;195mmemory: 37.12GiB(46.73%)  [34mtps: 4,603  [36mtflops: 222.09  [35mmfu: 22.46%[39m
[rank0]:[titan] 2026-03-17 10:46:11,116 - root - INFO - [31mstep: 504  [32mloss:  2.7656  [38;2;180;60;0mgrad_norm:  2.2259  [38;2;54;234;195mmemory: 37.12GiB(46.73%)  [34mtps: 4,592  [36mtflops: 221.57  [35mmfu: 22.40%[39m
[rank0]:[titan] 2026-03-17 10:46:11,571 - root - INFO - [31mstep: 505  [32mloss:  2.8125  [38;2;180;60;0mgrad_norm:  2.9509  [38;2;54;234;195mmemory: 37.12GiB(46.73%)  [34mtps: 4,504  [36mtflops: 217.32  [35mmfu: 21.97%[39m
[rank0]:[titan] 2026-03-17 10:46:12,020 - root - INFO - [31mstep: 506  [32mloss:  2.8281  [38;2;180;60;0mgrad_norm:  3.7205  [38;2;54;234;195mmemory: 37.12GiB(46.73%)  [34mtps: 4,566  [36mtflops: 220.33  [35mmfu: 22.28%[39m
[rank0]:[titan] 2026-03-17 10:46:12,467 - root - INFO - [31mstep: 507  [32mloss:  2.7656  [38;2;180;60;0mgrad_norm:  2.5699  [38;2;54;234;195mmemory: 37.12GiB(46.73%)  [34mtps: 4,587  [36mtflops: 221.32  [35mmfu: 22.38%[39m
[rank0]:[titan] 2026-03-17 10:46:12,911 - root - INFO - [31mstep: 508  [32mloss:  2.7188  [38;2;180;60;0mgrad_norm:  3.0076  [38;2;54;234;195mmemory: 37.12GiB(46.73%)  [34mtps: 4,618  [36mtflops: 222.81  [35mmfu: 22.53%[39m
[rank0]:[titan] 2026-03-17 10:46:13,366 - root - INFO - [31mstep: 509  [32mloss:  2.7344  [38;2;180;60;0mgrad_norm:  2.5121  [38;2;54;234;195mmemory: 37.12GiB(46.73%)  [34mtps: 4,510  [36mtflops: 217.60  [35mmfu: 22.00%[39m
[rank0]:[titan] 2026-03-17 10:46:13,813 - root - INFO - [31mstep: 510  [32mloss:  2.8438  [38;2;180;60;0mgrad_norm:  2.6118  [38;2;54;234;195mmemory: 37.12GiB(46.73%)  [34mtps: 4,585  [36mtflops: 221.23  [35mmfu: 22.37%[39m
[rank0]:[titan] 2026-03-17 10:46:14,259 - root - INFO - [31mstep: 511  [32mloss:  2.7656  [38;2;180;60;0mgrad_norm:  2.4745  [38;2;54;234;195mmemory: 37.12GiB(46.73%)  [34mtps: 4,592  [36mtflops: 221.55  [35mmfu: 22.40%[39m
[rank0]:[titan] 2026-03-17 10:46:14,706 - root - INFO - [31mstep: 512  [32mloss:  2.7969  [38;2;180;60;0mgrad_norm:  2.7288  [38;2;54;234;195mmemory: 37.12GiB(46.73%)  [34mtps: 4,587  [36mtflops: 221.35  [35mmfu: 22.38%[39m
[rank0]:[titan] 2026-03-17 10:46:15,151 - root - INFO - [31mstep: 513  [32mloss:  2.7344  [38;2;180;60;0mgrad_norm:  2.0561  [38;2;54;234;195mmemory: 37.12GiB(46.73%)  [34mtps: 4,614  [36mtflops: 222.63  [35mmfu: 22.51%[39m
[rank0]:[titan] 2026-03-17 10:46:15,597 - root - INFO - [31mstep: 514  [32mloss:  2.7344  [38;2;180;60;0mgrad_norm:  2.4959  [38;2;54;234;195mmemory: 37.12GiB(46.73%)  [34mtps: 4,592  [36mtflops: 221.59  [35mmfu: 22.41%[39m
[rank0]:[titan] 2026-03-17 10:46:16,045 - root - INFO - [31mstep: 515  [32mloss:  2.7969  [38;2;180;60;0mgrad_norm:  2.5037  [38;2;54;234;195mmemory: 37.12GiB(46.73%)  [34mtps: 4,582  [36mtflops: 221.08  [35mmfu: 22.35%[39m
[rank0]:[titan] 2026-03-17 10:46:16,490 - root - INFO - [31mstep: 516  [32mloss:  2.7812  [38;2;180;60;0mgrad_norm:  1.7397  [38;2;54;234;195mmemory: 37.12GiB(46.73%)  [34mtps: 4,607  [36mtflops: 222.31  [35mmfu: 22.48%[39m
[rank0]:[titan] 2026-03-17 10:46:16,936 - root - INFO - [31mstep: 517  [32mloss:  2.7969  [38;2;180;60;0mgrad_norm:  2.0888  [38;2;54;234;195mmemory: 37.12GiB(46.73%)  [34mtps: 4,592  [36mtflops: 221.55  [35mmfu: 22.40%[39m
[rank0]:[titan] 2026-03-17 10:46:17,382 - root - INFO - [31mstep: 518  [32mloss:  2.7500  [38;2;180;60;0mgrad_norm:  1.9197  [38;2;54;234;195mmemory: 37.12GiB(46.73%)  [34mtps: 4,598  [36mtflops: 221.84  [35mmfu: 22.43%[39m
[rank0]:[titan] 2026-03-17 10:46:17,830 - root - INFO - [31mstep: 519  [32mloss:  2.7344  [38;2;180;60;0mgrad_norm:  1.5132  [38;2;54;234;195mmemory: 37.12GiB(46.73%)  [34mtps: 4,584  [36mtflops: 221.20  [35mmfu: 22.37%[39m
[rank0]:[titan] 2026-03-17 10:46:18,275 - root - INFO - [31mstep: 520  [32mloss:  2.7500  [38;2;180;60;0mgrad_norm:  2.1258  [38;2;54;234;195mmemory: 37.12GiB(46.73%)  [34mtps: 4,602  [36mtflops: 222.07  [35mmfu: 22.45%[39m
[rank0]:[titan] 2026-03-17 10:46:18,723 - root - INFO - [31mstep: 521  [32mloss:  2.8125  [38;2;180;60;0mgrad_norm:  2.1976  [38;2;54;234;195mmemory: 37.12GiB(46.73%)  [34mtps: 4,581  [36mtflops: 221.05  [35mmfu: 22.35%[39m
[rank0]:[titan] 2026-03-17 10:46:19,170 - root - INFO - [31mstep: 522  [32mloss:  2.7812  [38;2;180;60;0mgrad_norm:  1.9481  [38;2;54;234;195mmemory: 37.12GiB(46.73%)  [34mtps: 4,584  [36mtflops: 221.20  [35mmfu: 22.37%[39m
[rank0]:[titan] 2026-03-17 10:46:19,614 - root - INFO - [31mstep: 523  [32mloss:  2.7500  [38;2;180;60;0mgrad_norm:  2.1138  [38;2;54;234;195mmemory: 37.12GiB(46.73%)  [34mtps: 4,612  [36mtflops: 222.55  [35mmfu: 22.50%[39m
[rank0]:[titan] 2026-03-17 10:46:20,067 - root - INFO - [31mstep: 524  [32mloss:  2.7656  [38;2;180;60;0mgrad_norm:  2.8162  [38;2;54;234;195mmemory: 37.12GiB(46.73%)  [34mtps: 4,526  [36mtflops: 218.39  [35mmfu: 22.08%[39m
[rank0]:[titan] 2026-03-17 10:46:20,522 - root - INFO - [31mstep: 525  [32mloss:  2.7812  [38;2;180;60;0mgrad_norm:  1.8659  [38;2;54;234;195mmemory: 37.12GiB(46.73%)  [34mtps: 4,512  [36mtflops: 217.72  [35mmfu: 22.01%[39m
[rank0]:[titan] 2026-03-17 10:46:20,967 - root - INFO - [31mstep: 526  [32mloss:  2.7500  [38;2;180;60;0mgrad_norm:  3.1554  [38;2;54;234;195mmemory: 37.12GiB(46.73%)  [34mtps: 4,602  [36mtflops: 222.04  [35mmfu: 22.45%[39m
[rank0]:[titan] 2026-03-17 10:46:21,414 - root - INFO - [31mstep: 527  [32mloss:  2.7656  [38;2;180;60;0mgrad_norm:  2.1357  [38;2;54;234;195mmemory: 37.12GiB(46.73%)  [34mtps: 4,595  [36mtflops: 221.72  [35mmfu: 22.42%[39m
[rank0]:[titan] 2026-03-17 10:46:21,866 - root - INFO - [31mstep: 528  [32mloss:  2.7812  [38;2;180;60;0mgrad_norm:  3.2246  [38;2;54;234;195mmemory: 37.12GiB(46.73%)  [34mtps: 4,533  [36mtflops: 218.72  [35mmfu: 22.12%[39m
[rank0]:[titan] 2026-03-17 10:46:22,315 - root - INFO - [31mstep: 529  [32mloss:  2.7812  [38;2;180;60;0mgrad_norm:  3.1065  [38;2;54;234;195mmemory: 37.12GiB(46.73%)  [34mtps: 4,561  [36mtflops: 220.09  [35mmfu: 22.25%[39m
[rank0]:[titan] 2026-03-17 10:46:22,759 - root - INFO - [31mstep: 530  [32mloss:  2.7969  [38;2;180;60;0mgrad_norm:  2.4848  [38;2;54;234;195mmemory: 37.12GiB(46.73%)  [34mtps: 4,622  [36mtflops: 223.02  [35mmfu: 22.55%[39m
[rank0]:[titan] 2026-03-17 10:46:23,207 - root - INFO - [31mstep: 531  [32mloss:  2.8281  [38;2;180;60;0mgrad_norm:  2.3578  [38;2;54;234;195mmemory: 37.12GiB(46.73%)  [34mtps: 4,575  [36mtflops: 220.77  [35mmfu: 22.32%[39m
[rank0]:[titan] 2026-03-17 10:46:23,654 - root - INFO - [31mstep: 532  [32mloss:  2.7812  [38;2;180;60;0mgrad_norm:  2.7180  [38;2;54;234;195mmemory: 37.12GiB(46.73%)  [34mtps: 4,586  [36mtflops: 221.26  [35mmfu: 22.37%[39m
[rank0]:[titan] 2026-03-17 10:46:24,109 - root - INFO - [31mstep: 533  [32mloss:  2.8125  [38;2;180;60;0mgrad_norm:  2.4550  [38;2;54;234;195mmemory: 37.12GiB(46.73%)  [34mtps: 4,504  [36mtflops: 217.31  [35mmfu: 21.97%[39m
[rank0]:[titan] 2026-03-17 10:46:24,554 - root - INFO - [31mstep: 534  [32mloss:  2.7188  [38;2;180;60;0mgrad_norm:  1.9614  [38;2;54;234;195mmemory: 37.12GiB(46.73%)  [34mtps: 4,612  [36mtflops: 222.55  [35mmfu: 22.50%[39m
[rank0]:[titan] 2026-03-17 10:46:25,007 - root - INFO - [31mstep: 535  [32mloss:  2.7969  [38;2;180;60;0mgrad_norm:  1.8806  [38;2;54;234;195mmemory: 37.12GiB(46.73%)  [34mtps: 4,529  [36mtflops: 218.53  [35mmfu: 22.10%[39m
[rank0]:[titan] 2026-03-17 10:46:25,453 - root - INFO - [31mstep: 536  [32mloss:  2.7812  [38;2;180;60;0mgrad_norm:  2.0022  [38;2;54;234;195mmemory: 37.12GiB(46.73%)  [34mtps: 4,597  [36mtflops: 221.83  [35mmfu: 22.43%[39m
[rank0]:[titan] 2026-03-17 10:46:25,898 - root - INFO - [31mstep: 537  [32mloss:  2.7344  [38;2;180;60;0mgrad_norm:  2.1003  [38;2;54;234;195mmemory: 37.12GiB(46.73%)  [34mtps: 4,604  [36mtflops: 222.16  [35mmfu: 22.46%[39m
[rank0]:[titan] 2026-03-17 10:46:26,348 - root - INFO - [31mstep: 538  [32mloss:  2.7188  [38;2;180;60;0mgrad_norm:  1.7298  [38;2;54;234;195mmemory: 37.12GiB(46.73%)  [34mtps: 4,560  [36mtflops: 220.04  [35mmfu: 22.25%[39m
[rank0]:[titan] 2026-03-17 10:46:26,795 - root - INFO - [31mstep: 539  [32mloss:  2.8438  [38;2;180;60;0mgrad_norm:  3.0104  [38;2;54;234;195mmemory: 37.12GiB(46.73%)  [34mtps: 4,578  [36mtflops: 220.90  [35mmfu: 22.34%[39m
[rank0]:[titan] 2026-03-17 10:46:27,245 - root - INFO - [31mstep: 540  [32mloss:  2.8125  [38;2;180;60;0mgrad_norm:  2.1784  [38;2;54;234;195mmemory: 37.12GiB(46.73%)  [34mtps: 4,557  [36mtflops: 219.88  [35mmfu: 22.23%[39m
[rank0]:[titan] 2026-03-17 10:46:27,701 - root - INFO - [31mstep: 541  [32mloss:  2.7500  [38;2;180;60;0mgrad_norm:  2.4072  [38;2;54;234;195mmemory: 37.12GiB(46.73%)  [34mtps: 4,503  [36mtflops: 217.27  [35mmfu: 21.97%[39m
[rank0]:[titan] 2026-03-17 10:46:28,147 - root - INFO - [31mstep: 542  [32mloss:  2.7812  [38;2;180;60;0mgrad_norm:  2.2177  [38;2;54;234;195mmemory: 37.12GiB(46.73%)  [34mtps: 4,597  [36mtflops: 221.80  [35mmfu: 22.43%[39m
[rank0]:[titan] 2026-03-17 10:46:28,599 - root - INFO - [31mstep: 543  [32mloss:  2.7812  [38;2;180;60;0mgrad_norm:  2.6416  [38;2;54;234;195mmemory: 37.12GiB(46.73%)  [34mtps: 4,535  [36mtflops: 218.83  [35mmfu: 22.13%[39m
[rank0]:[titan] 2026-03-17 10:46:29,046 - root - INFO - [31mstep: 544  [32mloss:  2.8438  [38;2;180;60;0mgrad_norm:  1.7277  [38;2;54;234;195mmemory: 37.12GiB(46.73%)  [34mtps: 4,587  [36mtflops: 221.33  [35mmfu: 22.38%[39m
[rank0]:[titan] 2026-03-17 10:46:29,495 - root - INFO - [31mstep: 545  [32mloss:  2.7812  [38;2;180;60;0mgrad_norm:  2.8698  [38;2;54;234;195mmemory: 37.12GiB(46.73%)  [34mtps: 4,561  [36mtflops: 220.09  [35mmfu: 22.25%[39m
[rank0]:[titan] 2026-03-17 10:46:29,945 - root - INFO - [31mstep: 546  [32mloss:  2.7969  [38;2;180;60;0mgrad_norm:  2.0836  [38;2;54;234;195mmemory: 37.12GiB(46.73%)  [34mtps: 4,556  [36mtflops: 219.82  [35mmfu: 22.23%[39m
[rank0]:[titan] 2026-03-17 10:46:30,392 - root - INFO - [31mstep: 547  [32mloss:  2.8438  [38;2;180;60;0mgrad_norm:  3.4140  [38;2;54;234;195mmemory: 37.12GiB(46.73%)  [34mtps: 4,589  [36mtflops: 221.43  [35mmfu: 22.39%[39m
[rank0]:[titan] 2026-03-17 10:46:30,838 - root - INFO - [31mstep: 548  [32mloss:  2.8125  [38;2;180;60;0mgrad_norm:  2.5288  [38;2;54;234;195mmemory: 37.12GiB(46.73%)  [34mtps: 4,598  [36mtflops: 221.84  [35mmfu: 22.43%[39m
[rank0]:[titan] 2026-03-17 10:46:31,285 - root - INFO - [31mstep: 549  [32mloss:  2.7969  [38;2;180;60;0mgrad_norm:  2.5795  [38;2;54;234;195mmemory: 37.12GiB(46.73%)  [34mtps: 4,585  [36mtflops: 221.22  [35mmfu: 22.37%[39m
[rank0]:[titan] 2026-03-17 10:46:31,734 - root - INFO - [31mstep: 550  [32mloss:  2.9062  [38;2;180;60;0mgrad_norm:  2.3854  [38;2;54;234;195mmemory: 37.12GiB(46.73%)  [34mtps: 4,573  [36mtflops: 220.64  [35mmfu: 22.31%[39m
[rank0]:[titan] 2026-03-17 10:46:32,180 - root - INFO - [31mstep: 551  [32mloss:  2.7500  [38;2;180;60;0mgrad_norm:  2.2097  [38;2;54;234;195mmemory: 37.12GiB(46.73%)  [34mtps: 4,601  [36mtflops: 222.00  [35mmfu: 22.45%[39m
[rank0]:[titan] 2026-03-17 10:46:32,628 - root - INFO - [31mstep: 552  [32mloss:  2.7812  [38;2;180;60;0mgrad_norm:  2.6521  [38;2;54;234;195mmemory: 37.12GiB(46.73%)  [34mtps: 4,571  [36mtflops: 220.55  [35mmfu: 22.30%[39m
[rank0]:[titan] 2026-03-17 10:46:33,075 - root - INFO - [31mstep: 553  [32mloss:  2.7344  [38;2;180;60;0mgrad_norm:  2.0847  [38;2;54;234;195mmemory: 37.12GiB(46.73%)  [34mtps: 4,594  [36mtflops: 221.67  [35mmfu: 22.41%[39m
[rank0]:[titan] 2026-03-17 10:46:33,520 - root - INFO - [31mstep: 554  [32mloss:  2.7812  [38;2;180;60;0mgrad_norm:  2.2625  [38;2;54;234;195mmemory: 37.12GiB(46.73%)  [34mtps: 4,604  [36mtflops: 222.16  [35mmfu: 22.46%[39m
[rank0]:[titan] 2026-03-17 10:46:33,968 - root - INFO - [31mstep: 555  [32mloss:  2.7500  [38;2;180;60;0mgrad_norm:  2.1623  [38;2;54;234;195mmemory: 37.12GiB(46.73%)  [34mtps: 4,571  [36mtflops: 220.56  [35mmfu: 22.30%[39m
[rank0]:[titan] 2026-03-17 10:46:34,415 - root - INFO - [31mstep: 556  [32mloss:  2.7812  [38;2;180;60;0mgrad_norm:  2.8583  [38;2;54;234;195mmemory: 37.12GiB(46.73%)  [34mtps: 4,589  [36mtflops: 221.42  [35mmfu: 22.39%[39m
[rank0]:[titan] 2026-03-17 10:46:34,863 - root - INFO - [31mstep: 557  [32mloss:  2.7344  [38;2;180;60;0mgrad_norm:  2.4234  [38;2;54;234;195mmemory: 37.12GiB(46.73%)  [34mtps: 4,585  [36mtflops: 221.23  [35mmfu: 22.37%[39m
[rank0]:[titan] 2026-03-17 10:46:35,308 - root - INFO - [31mstep: 558  [32mloss:  2.7500  [38;2;180;60;0mgrad_norm:  2.6291  [38;2;54;234;195mmemory: 37.12GiB(46.73%)  [34mtps: 4,604  [36mtflops: 222.15  [35mmfu: 22.46%[39m
[rank0]:[titan] 2026-03-17 10:46:35,763 - root - INFO - [31mstep: 559  [32mloss:  2.7344  [38;2;180;60;0mgrad_norm:  2.3724  [38;2;54;234;195mmemory: 37.12GiB(46.73%)  [34mtps: 4,508  [36mtflops: 217.53  [35mmfu: 22.00%[39m
[rank0]:[titan] 2026-03-17 10:46:36,210 - root - INFO - [31mstep: 560  [32mloss:  2.7812  [38;2;180;60;0mgrad_norm:  2.0510  [38;2;54;234;195mmemory: 37.12GiB(46.73%)  [34mtps: 4,584  [36mtflops: 221.18  [35mmfu: 22.36%[39m
[rank0]:[titan] 2026-03-17 10:46:36,657 - root - INFO - [31mstep: 561  [32mloss:  2.8281  [38;2;180;60;0mgrad_norm:  2.5227  [38;2;54;234;195mmemory: 37.12GiB(46.73%)  [34mtps: 4,587  [36mtflops: 221.34  [35mmfu: 22.38%[39m
[rank0]:[titan] 2026-03-17 10:46:37,108 - root - INFO - [31mstep: 562  [32mloss:  2.7344  [38;2;180;60;0mgrad_norm:  1.9555  [38;2;54;234;195mmemory: 37.12GiB(46.73%)  [34mtps: 4,547  [36mtflops: 219.40  [35mmfu: 22.18%[39m
[rank0]:[titan] 2026-03-17 10:46:37,556 - root - INFO - [31mstep: 563  [32mloss:  2.7500  [38;2;180;60;0mgrad_norm:  2.6051  [38;2;54;234;195mmemory: 37.12GiB(46.73%)  [34mtps: 4,571  [36mtflops: 220.55  [35mmfu: 22.30%[39m
[rank0]:[titan] 2026-03-17 10:46:38,005 - root - INFO - [31mstep: 564  [32mloss:  2.8281  [38;2;180;60;0mgrad_norm:  2.8559  [38;2;54;234;195mmemory: 37.12GiB(46.73%)  [34mtps: 4,573  [36mtflops: 220.63  [35mmfu: 22.31%[39m
[rank0]:[titan] 2026-03-17 10:46:38,451 - root - INFO - [31mstep: 565  [32mloss:  2.7656  [38;2;180;60;0mgrad_norm:  2.0506  [38;2;54;234;195mmemory: 37.12GiB(46.73%)  [34mtps: 4,595  [36mtflops: 221.73  [35mmfu: 22.42%[39m
[rank0]:[titan] 2026-03-17 10:46:38,896 - root - INFO - [31mstep: 566  [32mloss:  2.7812  [38;2;180;60;0mgrad_norm:  2.8473  [38;2;54;234;195mmemory: 37.12GiB(46.73%)  [34mtps: 4,606  [36mtflops: 222.23  [35mmfu: 22.47%[39m
[rank0]:[titan] 2026-03-17 10:46:39,343 - root - INFO - [31mstep: 567  [32mloss:  2.7656  [38;2;180;60;0mgrad_norm:  2.4267  [38;2;54;234;195mmemory: 37.12GiB(46.73%)  [34mtps: 4,582  [36mtflops: 221.07  [35mmfu: 22.35%[39m
[rank0]:[titan] 2026-03-17 10:46:39,790 - root - INFO - [31mstep: 568  [32mloss:  2.8281  [38;2;180;60;0mgrad_norm:  2.7564  [38;2;54;234;195mmemory: 37.12GiB(46.73%)  [34mtps: 4,590  [36mtflops: 221.49  [35mmfu: 22.39%[39m
[rank0]:[titan] 2026-03-17 10:46:40,236 - root - INFO - [31mstep: 569  [32mloss:  2.7969  [38;2;180;60;0mgrad_norm:  2.4442  [38;2;54;234;195mmemory: 37.12GiB(46.73%)  [34mtps: 4,600  [36mtflops: 221.96  [35mmfu: 22.44%[39m
[rank0]:[titan] 2026-03-17 10:46:40,686 - root - INFO - [31mstep: 570  [32mloss:  2.7969  [38;2;180;60;0mgrad_norm:  2.5906  [38;2;54;234;195mmemory: 37.12GiB(46.73%)  [34mtps: 4,557  [36mtflops: 219.89  [35mmfu: 22.23%[39m
[rank0]:[titan] 2026-03-17 10:46:41,133 - root - INFO - [31mstep: 571  [32mloss:  2.7969  [38;2;180;60;0mgrad_norm:  2.2507  [38;2;54;234;195mmemory: 37.12GiB(46.73%)  [34mtps: 4,581  [36mtflops: 221.06  [35mmfu: 22.35%[39m
[rank0]:[titan] 2026-03-17 10:46:41,578 - root - INFO - [31mstep: 572  [32mloss:  2.8125  [38;2;180;60;0mgrad_norm:  2.4286  [38;2;54;234;195mmemory: 37.12GiB(46.73%)  [34mtps: 4,609  [36mtflops: 222.39  [35mmfu: 22.49%[39m
[rank0]:[titan] 2026-03-17 10:46:42,029 - root - INFO - [31mstep: 573  [32mloss:  2.7031  [38;2;180;60;0mgrad_norm:  2.0885  [38;2;54;234;195mmemory: 37.12GiB(46.73%)  [34mtps: 4,543  [36mtflops: 219.18  [35mmfu: 22.16%[39m
[rank0]:[titan] 2026-03-17 10:46:42,482 - root - INFO - [31mstep: 574  [32mloss:  2.7500  [38;2;180;60;0mgrad_norm:  2.0762  [38;2;54;234;195mmemory: 37.12GiB(46.73%)  [34mtps: 4,532  [36mtflops: 218.69  [35mmfu: 22.11%[39m
[rank0]:[titan] 2026-03-17 10:46:42,929 - root - INFO - [31mstep: 575  [32mloss:  2.7344  [38;2;180;60;0mgrad_norm:  2.0612  [38;2;54;234;195mmemory: 37.12GiB(46.73%)  [34mtps: 4,582  [36mtflops: 221.09  [35mmfu: 22.36%[39m
[rank0]:[titan] 2026-03-17 10:46:43,376 - root - INFO - [31mstep: 576  [32mloss:  2.7031  [38;2;180;60;0mgrad_norm:  1.8139  [38;2;54;234;195mmemory: 37.12GiB(46.73%)  [34mtps: 4,589  [36mtflops: 221.43  [35mmfu: 22.39%[39m
[rank0]:[titan] 2026-03-17 10:46:43,822 - root - INFO - [31mstep: 577  [32mloss:  2.7031  [38;2;180;60;0mgrad_norm:  2.0486  [38;2;54;234;195mmemory: 37.12GiB(46.73%)  [34mtps: 4,600  [36mtflops: 221.97  [35mmfu: 22.44%[39m
[rank0]:[titan] 2026-03-17 10:46:44,269 - root - INFO - [31mstep: 578  [32mloss:  2.7344  [38;2;180;60;0mgrad_norm:  2.3611  [38;2;54;234;195mmemory: 37.12GiB(46.73%)  [34mtps: 4,580  [36mtflops: 221.00  [35mmfu: 22.35%[39m
[rank0]:[titan] 2026-03-17 10:46:44,717 - root - INFO - [31mstep: 579  [32mloss:  2.7344  [38;2;180;60;0mgrad_norm:  2.5710  [38;2;54;234;195mmemory: 37.12GiB(46.73%)  [34mtps: 4,577  [36mtflops: 220.85  [35mmfu: 22.33%[39m
[rank0]:[titan] 2026-03-17 10:46:45,165 - root - INFO - [31mstep: 580  [32mloss:  2.6875  [38;2;180;60;0mgrad_norm:  2.8480  [38;2;54;234;195mmemory: 37.12GiB(46.73%)  [34mtps: 4,583  [36mtflops: 221.12  [35mmfu: 22.36%[39m
[rank0]:[titan] 2026-03-17 10:46:45,610 - root - INFO - [31mstep: 581  [32mloss:  2.7188  [38;2;180;60;0mgrad_norm:  2.3577  [38;2;54;234;195mmemory: 37.12GiB(46.73%)  [34mtps: 4,603  [36mtflops: 222.09  [35mmfu: 22.46%[39m
[rank0]:[titan] 2026-03-17 10:46:46,056 - root - INFO - [31mstep: 582  [32mloss:  2.7812  [38;2;180;60;0mgrad_norm:  2.9549  [38;2;54;234;195mmemory: 37.12GiB(46.73%)  [34mtps: 4,594  [36mtflops: 221.67  [35mmfu: 22.41%[39m
[rank0]:[titan] 2026-03-17 10:46:46,504 - root - INFO - [31mstep: 583  [32mloss:  2.7812  [38;2;180;60;0mgrad_norm:  2.6878  [38;2;54;234;195mmemory: 37.12GiB(46.73%)  [34mtps: 4,583  [36mtflops: 221.16  [35mmfu: 22.36%[39m
[rank0]:[titan] 2026-03-17 10:46:46,951 - root - INFO - [31mstep: 584  [32mloss:  2.7344  [38;2;180;60;0mgrad_norm:  2.6326  [38;2;54;234;195mmemory: 37.12GiB(46.73%)  [34mtps: 4,585  [36mtflops: 221.24  [35mmfu: 22.37%[39m
[rank0]:[titan] 2026-03-17 10:46:47,397 - root - INFO - [31mstep: 585  [32mloss:  2.7656  [38;2;180;60;0mgrad_norm:  2.3262  [38;2;54;234;195mmemory: 37.12GiB(46.73%)  [34mtps: 4,593  [36mtflops: 221.60  [35mmfu: 22.41%[39m
[rank0]:[titan] 2026-03-17 10:46:47,843 - root - INFO - [31mstep: 586  [32mloss:  2.7344  [38;2;180;60;0mgrad_norm:  2.0324  [38;2;54;234;195mmemory: 37.12GiB(46.73%)  [34mtps: 4,598  [36mtflops: 221.84  [35mmfu: 22.43%[39m
[rank0]:[titan] 2026-03-17 10:46:48,288 - root - INFO - [31mstep: 587  [32mloss:  2.7188  [38;2;180;60;0mgrad_norm:  1.9768  [38;2;54;234;195mmemory: 37.12GiB(46.73%)  [34mtps: 4,603  [36mtflops: 222.07  [35mmfu: 22.45%[39m
[rank0]:[titan] 2026-03-17 10:46:48,734 - root - INFO - [31mstep: 588  [32mloss:  2.7656  [38;2;180;60;0mgrad_norm:  2.5107  [38;2;54;234;195mmemory: 37.12GiB(46.73%)  [34mtps: 4,604  [36mtflops: 222.14  [35mmfu: 22.46%[39m
[rank0]:[titan] 2026-03-17 10:46:49,182 - root - INFO - [31mstep: 589  [32mloss:  2.7656  [38;2;180;60;0mgrad_norm:  2.5705  [38;2;54;234;195mmemory: 37.12GiB(46.73%)  [34mtps: 4,578  [36mtflops: 220.88  [35mmfu: 22.33%[39m
[rank0]:[titan] 2026-03-17 10:46:49,634 - root - INFO - [31mstep: 590  [32mloss:  2.8281  [38;2;180;60;0mgrad_norm:  2.3691  [38;2;54;234;195mmemory: 37.12GiB(46.73%)  [34mtps: 4,534  [36mtflops: 218.76  [35mmfu: 22.12%[39m
[rank0]:[titan] 2026-03-17 10:46:50,084 - root - INFO - [31mstep: 591  [32mloss:  2.7812  [38;2;180;60;0mgrad_norm:  2.1431  [38;2;54;234;195mmemory: 37.12GiB(46.73%)  [34mtps: 4,555  [36mtflops: 219.76  [35mmfu: 22.22%[39m
[rank0]:[titan] 2026-03-17 10:46:50,529 - root - INFO - [31mstep: 592  [32mloss:  2.7812  [38;2;180;60;0mgrad_norm:  2.6015  [38;2;54;234;195mmemory: 37.12GiB(46.73%)  [34mtps: 4,601  [36mtflops: 222.00  [35mmfu: 22.45%[39m
[rank0]:[titan] 2026-03-17 10:46:50,976 - root - INFO - [31mstep: 593  [32mloss:  2.7500  [38;2;180;60;0mgrad_norm:  2.0646  [38;2;54;234;195mmemory: 37.12GiB(46.73%)  [34mtps: 4,589  [36mtflops: 221.42  [35mmfu: 22.39%[39m
[rank0]:[titan] 2026-03-17 10:46:51,424 - root - INFO - [31mstep: 594  [32mloss:  2.7500  [38;2;180;60;0mgrad_norm:  1.9559  [38;2;54;234;195mmemory: 37.12GiB(46.73%)  [34mtps: 4,581  [36mtflops: 221.02  [35mmfu: 22.35%[39m
[rank0]:[titan] 2026-03-17 10:46:51,869 - root - INFO - [31mstep: 595  [32mloss:  2.7344  [38;2;180;60;0mgrad_norm:  2.3795  [38;2;54;234;195mmemory: 37.12GiB(46.73%)  [34mtps: 4,599  [36mtflops: 221.93  [35mmfu: 22.44%[39m
[rank0]:[titan] 2026-03-17 10:46:52,317 - root - INFO - [31mstep: 596  [32mloss:  2.7969  [38;2;180;60;0mgrad_norm:  2.3299  [38;2;54;234;195mmemory: 37.12GiB(46.73%)  [34mtps: 4,583  [36mtflops: 221.12  [35mmfu: 22.36%[39m
[rank0]:[titan] 2026-03-17 10:46:52,762 - root - INFO - [31mstep: 597  [32mloss:  2.8281  [38;2;180;60;0mgrad_norm:  2.1981  [38;2;54;234;195mmemory: 37.12GiB(46.73%)  [34mtps: 4,601  [36mtflops: 222.00  [35mmfu: 22.45%[39m
[rank0]:[titan] 2026-03-17 10:46:53,225 - root - INFO - [31mstep: 598  [32mloss:  2.7969  [38;2;180;60;0mgrad_norm:  1.7664  [38;2;54;234;195mmemory: 37.12GiB(46.73%)  [34mtps: 4,429  [36mtflops: 213.72  [35mmfu: 21.61%[39m
[rank0]:[titan] 2026-03-17 10:46:53,671 - root - INFO - [31mstep: 599  [32mloss:  2.7812  [38;2;180;60;0mgrad_norm:  2.5100  [38;2;54;234;195mmemory: 37.12GiB(46.73%)  [34mtps: 4,597  [36mtflops: 221.83  [35mmfu: 22.43%[39m
[rank0]:[titan] 2026-03-17 10:46:54,120 - root - INFO - [31mstep: 600  [32mloss:  2.7344  [38;2;180;60;0mgrad_norm:  2.5784  [38;2;54;234;195mmemory: 37.12GiB(46.73%)  [34mtps: 4,570  [36mtflops: 220.52  [35mmfu: 22.30%[39m
[rank0]:[titan] 2026-03-17 10:46:54,566 - root - INFO - [31mstep: 601  [32mloss:  2.7812  [38;2;180;60;0mgrad_norm:  2.1847  [38;2;54;234;195mmemory: 37.12GiB(46.73%)  [34mtps: 4,595  [36mtflops: 221.70  [35mmfu: 22.42%[39m
[rank0]:[titan] 2026-03-17 10:46:55,017 - root - INFO - [31mstep: 602  [32mloss:  2.7969  [38;2;180;60;0mgrad_norm:  3.3173  [38;2;54;234;195mmemory: 37.12GiB(46.73%)  [34mtps: 4,549  [36mtflops: 219.48  [35mmfu: 22.19%[39m
[rank0]:[titan] 2026-03-17 10:46:55,462 - root - INFO - [31mstep: 603  [32mloss:  2.7656  [38;2;180;60;0mgrad_norm:  3.6471  [38;2;54;234;195mmemory: 37.12GiB(46.73%)  [34mtps: 4,606  [36mtflops: 222.25  [35mmfu: 22.47%[39m
[rank0]:[titan] 2026-03-17 10:46:55,914 - root - INFO - [31mstep: 604  [32mloss:  2.7969  [38;2;180;60;0mgrad_norm:  2.0562  [38;2;54;234;195mmemory: 37.12GiB(46.73%)  [34mtps: 4,530  [36mtflops: 218.59  [35mmfu: 22.10%[39m
[rank0]:[titan] 2026-03-17 10:46:56,362 - root - INFO - [31mstep: 605  [32mloss:  2.8125  [38;2;180;60;0mgrad_norm:  4.1239  [38;2;54;234;195mmemory: 37.12GiB(46.73%)  [34mtps: 4,579  [36mtflops: 220.96  [35mmfu: 22.34%[39m
[rank0]:[titan] 2026-03-17 10:46:56,807 - root - INFO - [31mstep: 606  [32mloss:  2.7812  [38;2;180;60;0mgrad_norm:  3.4487  [38;2;54;234;195mmemory: 37.12GiB(46.73%)  [34mtps: 4,603  [36mtflops: 222.08  [35mmfu: 22.46%[39m
[rank0]:[titan] 2026-03-17 10:46:57,259 - root - INFO - [31mstep: 607  [32mloss:  2.7656  [38;2;180;60;0mgrad_norm:  3.7153  [38;2;54;234;195mmemory: 37.12GiB(46.73%)  [34mtps: 4,538  [36mtflops: 218.97  [35mmfu: 22.14%[39m
[rank0]:[titan] 2026-03-17 10:46:57,703 - root - INFO - [31mstep: 608  [32mloss:  2.7656  [38;2;180;60;0mgrad_norm:  2.6214  [38;2;54;234;195mmemory: 37.12GiB(46.73%)  [34mtps: 4,617  [36mtflops: 222.79  [35mmfu: 22.53%[39m
[rank0]:[titan] 2026-03-17 10:46:58,151 - root - INFO - [31mstep: 609  [32mloss:  2.7656  [38;2;180;60;0mgrad_norm:  3.4426  [38;2;54;234;195mmemory: 37.12GiB(46.73%)  [34mtps: 4,575  [36mtflops: 220.76  [35mmfu: 22.32%[39m
[rank0]:[titan] 2026-03-17 10:46:58,596 - root - INFO - [31mstep: 610  [32mloss:  2.7656  [38;2;180;60;0mgrad_norm:  3.5012  [38;2;54;234;195mmemory: 37.12GiB(46.73%)  [34mtps: 4,606  [36mtflops: 222.25  [35mmfu: 22.47%[39m
[rank0]:[titan] 2026-03-17 10:46:59,042 - root - INFO - [31mstep: 611  [32mloss:  2.7188  [38;2;180;60;0mgrad_norm:  2.0733  [38;2;54;234;195mmemory: 37.12GiB(46.73%)  [34mtps: 4,602  [36mtflops: 222.05  [35mmfu: 22.45%[39m
[rank0]:[titan] 2026-03-17 10:46:59,489 - root - INFO - [31mstep: 612  [32mloss:  2.7969  [38;2;180;60;0mgrad_norm:  3.4204  [38;2;54;234;195mmemory: 37.12GiB(46.73%)  [34mtps: 4,584  [36mtflops: 221.16  [35mmfu: 22.36%[39m
[rank0]:[titan] 2026-03-17 10:46:59,935 - root - INFO - [31mstep: 613  [32mloss:  2.7969  [38;2;180;60;0mgrad_norm:  2.2934  [38;2;54;234;195mmemory: 37.12GiB(46.73%)  [34mtps: 4,597  [36mtflops: 221.80  [35mmfu: 22.43%[39m
[rank0]:[titan] 2026-03-17 10:47:00,381 - root - INFO - [31mstep: 614  [32mloss:  2.8281  [38;2;180;60;0mgrad_norm:  3.3242  [38;2;54;234;195mmemory: 37.12GiB(46.73%)  [34mtps: 4,602  [36mtflops: 222.06  [35mmfu: 22.45%[39m
[rank0]:[titan] 2026-03-17 10:47:00,833 - root - INFO - [31mstep: 615  [32mloss:  2.7969  [38;2;180;60;0mgrad_norm:  2.6890  [38;2;54;234;195mmemory: 37.12GiB(46.73%)  [34mtps: 4,531  [36mtflops: 218.63  [35mmfu: 22.11%[39m
[rank0]:[titan] 2026-03-17 10:47:01,281 - root - INFO - [31mstep: 616  [32mloss:  2.7812  [38;2;180;60;0mgrad_norm:  2.7147  [38;2;54;234;195mmemory: 37.12GiB(46.73%)  [34mtps: 4,580  [36mtflops: 221.01  [35mmfu: 22.35%[39m
[rank0]:[titan] 2026-03-17 10:47:01,727 - root - INFO - [31mstep: 617  [32mloss:  2.7188  [38;2;180;60;0mgrad_norm:  3.3849  [38;2;54;234;195mmemory: 37.12GiB(46.73%)  [34mtps: 4,594  [36mtflops: 221.67  [35mmfu: 22.41%[39m
[rank0]:[titan] 2026-03-17 10:47:02,182 - root - INFO - [31mstep: 618  [32mloss:  2.7656  [38;2;180;60;0mgrad_norm:  2.9765  [38;2;54;234;195mmemory: 37.12GiB(46.73%)  [34mtps: 4,512  [36mtflops: 217.69  [35mmfu: 22.01%[39m
[rank0]:[titan] 2026-03-17 10:47:02,628 - root - INFO - [31mstep: 619  [32mloss:  2.6562  [38;2;180;60;0mgrad_norm:  2.9475  [38;2;54;234;195mmemory: 37.12GiB(46.73%)  [34mtps: 4,598  [36mtflops: 221.85  [35mmfu: 22.43%[39m
[rank0]:[titan] 2026-03-17 10:47:03,073 - root - INFO - [31mstep: 620  [32mloss:  2.6875  [38;2;180;60;0mgrad_norm:  3.3462  [38;2;54;234;195mmemory: 37.12GiB(46.73%)  [34mtps: 4,601  [36mtflops: 221.98  [35mmfu: 22.45%[39m
[rank0]:[titan] 2026-03-17 10:47:03,522 - root - INFO - [31mstep: 621  [32mloss:  2.7188  [38;2;180;60;0mgrad_norm:  2.1785  [38;2;54;234;195mmemory: 37.12GiB(46.73%)  [34mtps: 4,565  [36mtflops: 220.27  [35mmfu: 22.27%[39m
[rank0]:[titan] 2026-03-17 10:47:03,966 - root - INFO - [31mstep: 622  [32mloss:  2.7500  [38;2;180;60;0mgrad_norm:  3.5969  [38;2;54;234;195mmemory: 37.12GiB(46.73%)  [34mtps: 4,617  [36mtflops: 222.75  [35mmfu: 22.52%[39m
[rank0]:[titan] 2026-03-17 10:47:04,414 - root - INFO - [31mstep: 623  [32mloss:  2.8281  [38;2;180;60;0mgrad_norm:  3.6089  [38;2;54;234;195mmemory: 37.12GiB(46.73%)  [34mtps: 4,579  [36mtflops: 220.94  [35mmfu: 22.34%[39m
[rank0]:[titan] 2026-03-17 10:47:04,861 - root - INFO - [31mstep: 624  [32mloss:  2.7812  [38;2;180;60;0mgrad_norm:  2.0153  [38;2;54;234;195mmemory: 37.12GiB(46.73%)  [34mtps: 4,586  [36mtflops: 221.28  [35mmfu: 22.37%[39m
[rank0]:[titan] 2026-03-17 10:47:05,310 - root - INFO - [31mstep: 625  [32mloss:  2.7500  [38;2;180;60;0mgrad_norm:  2.9977  [38;2;54;234;195mmemory: 37.12GiB(46.73%)  [34mtps: 4,566  [36mtflops: 220.33  [35mmfu: 22.28%[39m
[rank0]:[titan] 2026-03-17 10:47:05,764 - root - INFO - [31mstep: 626  [32mloss:  2.7656  [38;2;180;60;0mgrad_norm:  2.4159  [38;2;54;234;195mmemory: 37.12GiB(46.73%)  [34mtps: 4,517  [36mtflops: 217.93  [35mmfu: 22.04%[39m
[rank0]:[titan] 2026-03-17 10:47:06,216 - root - INFO - [31mstep: 627  [32mloss:  2.7188  [38;2;180;60;0mgrad_norm:  2.9908  [38;2;54;234;195mmemory: 37.12GiB(46.73%)  [34mtps: 4,539  [36mtflops: 219.03  [35mmfu: 22.15%[39m
[rank0]:[titan] 2026-03-17 10:47:06,665 - root - INFO - [31mstep: 628  [32mloss:  2.7344  [38;2;180;60;0mgrad_norm:  3.1034  [38;2;54;234;195mmemory: 37.12GiB(46.73%)  [34mtps: 4,566  [36mtflops: 220.31  [35mmfu: 22.28%[39m
[rank0]:[titan] 2026-03-17 10:47:07,116 - root - INFO - [31mstep: 629  [32mloss:  2.7031  [38;2;180;60;0mgrad_norm:  1.9314  [38;2;54;234;195mmemory: 37.12GiB(46.73%)  [34mtps: 4,543  [36mtflops: 219.21  [35mmfu: 22.17%[39m
[rank0]:[titan] 2026-03-17 10:47:07,568 - root - INFO - [31mstep: 630  [32mloss:  2.7031  [38;2;180;60;0mgrad_norm:  3.4410  [38;2;54;234;195mmemory: 37.12GiB(46.73%)  [34mtps: 4,533  [36mtflops: 218.73  [35mmfu: 22.12%[39m
[rank0]:[titan] 2026-03-17 10:47:08,014 - root - INFO - [31mstep: 631  [32mloss:  2.7812  [38;2;180;60;0mgrad_norm:  2.3044  [38;2;54;234;195mmemory: 37.12GiB(46.73%)  [34mtps: 4,599  [36mtflops: 221.90  [35mmfu: 22.44%[39m
[rank0]:[titan] 2026-03-17 10:47:08,458 - root - INFO - [31mstep: 632  [32mloss:  2.8594  [38;2;180;60;0mgrad_norm:  2.3822  [38;2;54;234;195mmemory: 37.12GiB(46.73%)  [34mtps: 4,618  [36mtflops: 222.80  [35mmfu: 22.53%[39m
[rank0]:[titan] 2026-03-17 10:47:08,903 - root - INFO - [31mstep: 633  [32mloss:  2.7969  [38;2;180;60;0mgrad_norm:  3.2720  [38;2;54;234;195mmemory: 37.12GiB(46.73%)  [34mtps: 4,608  [36mtflops: 222.34  [35mmfu: 22.48%[39m
[rank0]:[titan] 2026-03-17 10:47:09,350 - root - INFO - [31mstep: 634  [32mloss:  2.7188  [38;2;180;60;0mgrad_norm:  1.5876  [38;2;54;234;195mmemory: 37.12GiB(46.73%)  [34mtps: 4,586  [36mtflops: 221.29  [35mmfu: 22.38%[39m
[rank0]:[titan] 2026-03-17 10:47:09,351 - root - WARNING - Dataset c4_test is being re-looped
[rank0]:[titan] 2026-03-17 10:47:09,796 - root - INFO - [31mstep: 635  [32mloss:  2.8438  [38;2;180;60;0mgrad_norm:  2.5723  [38;2;54;234;195mmemory: 37.12GiB(46.73%)  [34mtps: 4,599  [36mtflops: 221.89  [35mmfu: 22.44%[39m
[rank0]:[titan] 2026-03-17 10:47:10,241 - root - INFO - [31mstep: 636  [32mloss:  2.8125  [38;2;180;60;0mgrad_norm:  3.2740  [38;2;54;234;195mmemory: 37.12GiB(46.73%)  [34mtps: 4,605  [36mtflops: 222.21  [35mmfu: 22.47%[39m
[rank0]:[titan] 2026-03-17 10:47:10,692 - root - INFO - [31mstep: 637  [32mloss:  2.8125  [38;2;180;60;0mgrad_norm:  1.9674  [38;2;54;234;195mmemory: 37.12GiB(46.73%)  [34mtps: 4,551  [36mtflops: 219.57  [35mmfu: 22.20%[39m
[rank0]:[titan] 2026-03-17 10:47:11,153 - root - INFO - [31mstep: 638  [32mloss:  2.7656  [38;2;180;60;0mgrad_norm:  2.8167  [38;2;54;234;195mmemory: 37.12GiB(46.73%)  [34mtps: 4,451  [36mtflops: 214.78  [35mmfu: 21.72%[39m
[rank0]:[titan] 2026-03-17 10:47:11,597 - root - INFO - [31mstep: 639  [32mloss:  2.7344  [38;2;180;60;0mgrad_norm:  2.3167  [38;2;54;234;195mmemory: 37.12GiB(46.73%)  [34mtps: 4,617  [36mtflops: 222.79  [35mmfu: 22.53%[39m
[rank0]:[titan] 2026-03-17 10:47:12,047 - root - INFO - [31mstep: 640  [32mloss:  2.7344  [38;2;180;60;0mgrad_norm:  2.4694  [38;2;54;234;195mmemory: 37.12GiB(46.73%)  [34mtps: 4,556  [36mtflops: 219.84  [35mmfu: 22.23%[39m
[rank0]:[titan] 2026-03-17 10:47:12,504 - root - INFO - [31mstep: 641  [32mloss:  2.7344  [38;2;180;60;0mgrad_norm:  2.2551  [38;2;54;234;195mmemory: 37.12GiB(46.73%)  [34mtps: 4,485  [36mtflops: 216.41  [35mmfu: 21.88%[39m
[rank0]:[titan] 2026-03-17 10:47:12,951 - root - INFO - [31mstep: 642  [32mloss:  2.7500  [38;2;180;60;0mgrad_norm:  2.6658  [38;2;54;234;195mmemory: 37.12GiB(46.73%)  [34mtps: 4,584  [36mtflops: 221.20  [35mmfu: 22.37%[39m
[rank0]:[titan] 2026-03-17 10:47:13,395 - root - INFO - [31mstep: 643  [32mloss:  2.8125  [38;2;180;60;0mgrad_norm:  2.2116  [38;2;54;234;195mmemory: 37.12GiB(46.73%)  [34mtps: 4,615  [36mtflops: 222.68  [35mmfu: 22.52%[39m
[rank0]:[titan] 2026-03-17 10:47:13,841 - root - INFO - [31mstep: 644  [32mloss:  2.7344  [38;2;180;60;0mgrad_norm:  2.1583  [38;2;54;234;195mmemory: 37.12GiB(46.73%)  [34mtps: 4,602  [36mtflops: 222.07  [35mmfu: 22.45%[39m
[rank0]:[titan] 2026-03-17 10:47:14,285 - root - INFO - [31mstep: 645  [32mloss:  2.7188  [38;2;180;60;0mgrad_norm:  2.5081  [38;2;54;234;195mmemory: 37.12GiB(46.73%)  [34mtps: 4,613  [36mtflops: 222.56  [35mmfu: 22.50%[39m
[rank0]:[titan] 2026-03-17 10:47:14,730 - root - INFO - [31mstep: 646  [32mloss:  2.7500  [38;2;180;60;0mgrad_norm:  2.7276  [38;2;54;234;195mmemory: 37.12GiB(46.73%)  [34mtps: 4,611  [36mtflops: 222.48  [35mmfu: 22.50%[39m
[rank0]:[titan] 2026-03-17 10:47:15,177 - root - INFO - [31mstep: 647  [32mloss:  2.7656  [38;2;180;60;0mgrad_norm:  2.2013  [38;2;54;234;195mmemory: 37.12GiB(46.73%)  [34mtps: 4,583  [36mtflops: 221.15  [35mmfu: 22.36%[39m
[rank0]:[titan] 2026-03-17 10:47:15,622 - root - INFO - [31mstep: 648  [32mloss:  2.8281  [38;2;180;60;0mgrad_norm:  2.6269  [38;2;54;234;195mmemory: 37.12GiB(46.73%)  [34mtps: 4,610  [36mtflops: 222.43  [35mmfu: 22.49%[39m
[rank0]:[titan] 2026-03-17 10:47:16,071 - root - INFO - [31mstep: 649  [32mloss:  2.8594  [38;2;180;60;0mgrad_norm:  2.9246  [38;2;54;234;195mmemory: 37.12GiB(46.73%)  [34mtps: 4,569  [36mtflops: 220.46  [35mmfu: 22.29%[39m
[rank0]:[titan] 2026-03-17 10:47:16,515 - root - INFO - [31mstep: 650  [32mloss:  2.8125  [38;2;180;60;0mgrad_norm:  2.1097  [38;2;54;234;195mmemory: 37.12GiB(46.73%)  [34mtps: 4,611  [36mtflops: 222.49  [35mmfu: 22.50%[39m
[rank0]:[titan] 2026-03-17 10:47:16,960 - root - INFO - [31mstep: 651  [32mloss:  2.7500  [38;2;180;60;0mgrad_norm:  2.5803  [38;2;54;234;195mmemory: 37.12GiB(46.73%)  [34mtps: 4,607  [36mtflops: 222.30  [35mmfu: 22.48%[39m
[rank0]:[titan] 2026-03-17 10:47:17,405 - root - INFO - [31mstep: 652  [32mloss:  2.7656  [38;2;180;60;0mgrad_norm:  2.1752  [38;2;54;234;195mmemory: 37.12GiB(46.73%)  [34mtps: 4,604  [36mtflops: 222.14  [35mmfu: 22.46%[39m
[rank0]:[titan] 2026-03-17 10:47:17,851 - root - INFO - [31mstep: 653  [32mloss:  2.8281  [38;2;180;60;0mgrad_norm:  2.9070  [38;2;54;234;195mmemory: 37.12GiB(46.73%)  [34mtps: 4,606  [36mtflops: 222.24  [35mmfu: 22.47%[39m
[rank0]:[titan] 2026-03-17 10:47:18,297 - root - INFO - [31mstep: 654  [32mloss:  2.7344  [38;2;180;60;0mgrad_norm:  2.9168  [38;2;54;234;195mmemory: 37.12GiB(46.73%)  [34mtps: 4,589  [36mtflops: 221.40  [35mmfu: 22.39%[39m
[rank0]:[titan] 2026-03-17 10:47:18,742 - root - INFO - [31mstep: 655  [32mloss:  2.7969  [38;2;180;60;0mgrad_norm:  2.8463  [38;2;54;234;195mmemory: 37.12GiB(46.73%)  [34mtps: 4,612  [36mtflops: 222.55  [35mmfu: 22.50%[39m
[rank0]:[titan] 2026-03-17 10:47:19,194 - root - INFO - [31mstep: 656  [32mloss:  2.7812  [38;2;180;60;0mgrad_norm:  2.8510  [38;2;54;234;195mmemory: 37.12GiB(46.73%)  [34mtps: 4,532  [36mtflops: 218.68  [35mmfu: 22.11%[39m
[rank0]:[titan] 2026-03-17 10:47:19,641 - root - INFO - [31mstep: 657  [32mloss:  2.7969  [38;2;180;60;0mgrad_norm:  2.7003  [38;2;54;234;195mmemory: 37.12GiB(46.73%)  [34mtps: 4,587  [36mtflops: 221.31  [35mmfu: 22.38%[39m
[rank0]:[titan] 2026-03-17 10:47:20,088 - root - INFO - [31mstep: 658  [32mloss:  2.7344  [38;2;180;60;0mgrad_norm:  2.7552  [38;2;54;234;195mmemory: 37.12GiB(46.73%)  [34mtps: 4,591  [36mtflops: 221.52  [35mmfu: 22.40%[39m
[rank0]:[titan] 2026-03-17 10:47:20,538 - root - INFO - [31mstep: 659  [32mloss:  2.7656  [38;2;180;60;0mgrad_norm:  2.5173  [38;2;54;234;195mmemory: 37.12GiB(46.73%)  [34mtps: 4,551  [36mtflops: 219.61  [35mmfu: 22.21%[39m
[rank0]:[titan] 2026-03-17 10:47:20,981 - root - INFO - [31mstep: 660  [32mloss:  2.7500  [38;2;180;60;0mgrad_norm:  2.0196  [38;2;54;234;195mmemory: 37.12GiB(46.73%)  [34mtps: 4,633  [36mtflops: 223.57  [35mmfu: 22.61%[39m
[rank0]:[titan] 2026-03-17 10:47:21,425 - root - INFO - [31mstep: 661  [32mloss:  2.7500  [38;2;180;60;0mgrad_norm:  3.4014  [38;2;54;234;195mmemory: 37.12GiB(46.73%)  [34mtps: 4,611  [36mtflops: 222.50  [35mmfu: 22.50%[39m
[rank0]:[titan] 2026-03-17 10:47:21,875 - root - INFO - [31mstep: 662  [32mloss:  2.7812  [38;2;180;60;0mgrad_norm:  3.4349  [38;2;54;234;195mmemory: 37.12GiB(46.73%)  [34mtps: 4,555  [36mtflops: 219.79  [35mmfu: 22.22%[39m
[rank0]:[titan] 2026-03-17 10:47:22,320 - root - INFO - [31mstep: 663  [32mloss:  2.7812  [38;2;180;60;0mgrad_norm:  2.3281  [38;2;54;234;195mmemory: 37.12GiB(46.73%)  [34mtps: 4,611  [36mtflops: 222.47  [35mmfu: 22.49%[39m
[rank0]:[titan] 2026-03-17 10:47:22,765 - root - INFO - [31mstep: 664  [32mloss:  2.7969  [38;2;180;60;0mgrad_norm:  3.0873  [38;2;54;234;195mmemory: 37.12GiB(46.73%)  [34mtps: 4,604  [36mtflops: 222.17  [35mmfu: 22.46%[39m
[rank0]:[titan] 2026-03-17 10:47:23,213 - root - INFO - [31mstep: 665  [32mloss:  2.8594  [38;2;180;60;0mgrad_norm:  3.0301  [38;2;54;234;195mmemory: 37.12GiB(46.73%)  [34mtps: 4,578  [36mtflops: 220.89  [35mmfu: 22.33%[39m
[rank0]:[titan] 2026-03-17 10:47:23,658 - root - INFO - [31mstep: 666  [32mloss:  2.8125  [38;2;180;60;0mgrad_norm:  2.5941  [38;2;54;234;195mmemory: 37.12GiB(46.73%)  [34mtps: 4,610  [36mtflops: 222.43  [35mmfu: 22.49%[39m
[rank0]:[titan] 2026-03-17 10:47:24,104 - root - INFO - [31mstep: 667  [32mloss:  2.7656  [38;2;180;60;0mgrad_norm:  2.7151  [38;2;54;234;195mmemory: 37.12GiB(46.73%)  [34mtps: 4,594  [36mtflops: 221.67  [35mmfu: 22.41%[39m
[rank0]:[titan] 2026-03-17 10:47:24,554 - root - INFO - [31mstep: 668  [32mloss:  2.8125  [38;2;180;60;0mgrad_norm:  2.8768  [38;2;54;234;195mmemory: 37.12GiB(46.73%)  [34mtps: 4,560  [36mtflops: 220.03  [35mmfu: 22.25%[39m
[rank0]:[titan] 2026-03-17 10:47:24,999 - root - INFO - [31mstep: 669  [32mloss:  2.7500  [38;2;180;60;0mgrad_norm:  2.1098  [38;2;54;234;195mmemory: 37.12GiB(46.73%)  [34mtps: 4,612  [36mtflops: 222.52  [35mmfu: 22.50%[39m
[rank0]:[titan] 2026-03-17 10:47:25,445 - root - INFO - [31mstep: 670  [32mloss:  2.7969  [38;2;180;60;0mgrad_norm:  3.6571  [38;2;54;234;195mmemory: 37.12GiB(46.73%)  [34mtps: 4,600  [36mtflops: 221.95  [35mmfu: 22.44%[39m
[rank0]:[titan] 2026-03-17 10:47:25,894 - root - INFO - [31mstep: 671  [32mloss:  2.7969  [38;2;180;60;0mgrad_norm:  3.1519  [38;2;54;234;195mmemory: 37.12GiB(46.73%)  [34mtps: 4,563  [36mtflops: 220.17  [35mmfu: 22.26%[39m
[rank0]:[titan] 2026-03-17 10:47:26,340 - root - INFO - [31mstep: 672  [32mloss:  2.7500  [38;2;180;60;0mgrad_norm:  2.3952  [38;2;54;234;195mmemory: 37.12GiB(46.73%)  [34mtps: 4,604  [36mtflops: 222.13  [35mmfu: 22.46%[39m
[rank0]:[titan] 2026-03-17 10:47:26,793 - root - INFO - [31mstep: 673  [32mloss:  2.7812  [38;2;180;60;0mgrad_norm:  3.0200  [38;2;54;234;195mmemory: 37.12GiB(46.73%)  [34mtps: 4,522  [36mtflops: 218.19  [35mmfu: 22.06%[39m
[rank0]:[titan] 2026-03-17 10:47:27,237 - root - INFO - [31mstep: 674  [32mloss:  2.7500  [38;2;180;60;0mgrad_norm:  2.7090  [38;2;54;234;195mmemory: 37.12GiB(46.73%)  [34mtps: 4,620  [36mtflops: 222.92  [35mmfu: 22.54%[39m
[rank0]:[titan] 2026-03-17 10:47:27,683 - root - INFO - [31mstep: 675  [32mloss:  2.7969  [38;2;180;60;0mgrad_norm:  2.4558  [38;2;54;234;195mmemory: 37.12GiB(46.73%)  [34mtps: 4,592  [36mtflops: 221.56  [35mmfu: 22.40%[39m
[rank0]:[titan] 2026-03-17 10:47:28,128 - root - INFO - [31mstep: 676  [32mloss:  2.7188  [38;2;180;60;0mgrad_norm:  2.8704  [38;2;54;234;195mmemory: 37.12GiB(46.73%)  [34mtps: 4,606  [36mtflops: 222.24  [35mmfu: 22.47%[39m
[rank0]:[titan] 2026-03-17 10:47:28,575 - root - INFO - [31mstep: 677  [32mloss:  2.7500  [38;2;180;60;0mgrad_norm:  2.7369  [38;2;54;234;195mmemory: 37.12GiB(46.73%)  [34mtps: 4,595  [36mtflops: 221.70  [35mmfu: 22.42%[39m
[rank0]:[titan] 2026-03-17 10:47:29,035 - root - INFO - [31mstep: 678  [32mloss:  2.8125  [38;2;180;60;0mgrad_norm:  2.7654  [38;2;54;234;195mmemory: 37.12GiB(46.73%)  [34mtps: 4,455  [36mtflops: 214.95  [35mmfu: 21.73%[39m
[rank0]:[titan] 2026-03-17 10:47:29,480 - root - INFO - [31mstep: 679  [32mloss:  2.7031  [38;2;180;60;0mgrad_norm:  2.9747  [38;2;54;234;195mmemory: 37.12GiB(46.73%)  [34mtps: 4,611  [36mtflops: 222.48  [35mmfu: 22.49%[39m
[rank0]:[titan] 2026-03-17 10:47:29,938 - root - INFO - [31mstep: 680  [32mloss:  2.7969  [38;2;180;60;0mgrad_norm:  2.2577  [38;2;54;234;195mmemory: 37.12GiB(46.73%)  [34mtps: 4,474  [36mtflops: 215.86  [35mmfu: 21.83%[39m
[rank0]:[titan] 2026-03-17 10:47:30,383 - root - INFO - [31mstep: 681  [32mloss:  2.7656  [38;2;180;60;0mgrad_norm:  2.4220  [38;2;54;234;195mmemory: 37.12GiB(46.73%)  [34mtps: 4,603  [36mtflops: 222.08  [35mmfu: 22.46%[39m
[rank0]:[titan] 2026-03-17 10:47:30,839 - root - INFO - [31mstep: 682  [32mloss:  2.7344  [38;2;180;60;0mgrad_norm:  1.4904  [38;2;54;234;195mmemory: 37.12GiB(46.73%)  [34mtps: 4,498  [36mtflops: 217.05  [35mmfu: 21.95%[39m
[rank0]:[titan] 2026-03-17 10:47:31,285 - root - INFO - [31mstep: 683  [32mloss:  2.7188  [38;2;180;60;0mgrad_norm:  2.7782  [38;2;54;234;195mmemory: 37.12GiB(46.73%)  [34mtps: 4,601  [36mtflops: 221.98  [35mmfu: 22.45%[39m
[rank0]:[titan] 2026-03-17 10:47:31,728 - root - INFO - [31mstep: 684  [32mloss:  2.7344  [38;2;180;60;0mgrad_norm:  2.4348  [38;2;54;234;195mmemory: 37.12GiB(46.73%)  [34mtps: 4,624  [36mtflops: 223.12  [35mmfu: 22.56%[39m
[rank0]:[titan] 2026-03-17 10:47:32,175 - root - INFO - [31mstep: 685  [32mloss:  2.7188  [38;2;180;60;0mgrad_norm:  2.0194  [38;2;54;234;195mmemory: 37.12GiB(46.73%)  [34mtps: 4,586  [36mtflops: 221.30  [35mmfu: 22.38%[39m
[rank0]:[titan] 2026-03-17 10:47:32,621 - root - INFO - [31mstep: 686  [32mloss:  2.6562  [38;2;180;60;0mgrad_norm:  2.4854  [38;2;54;234;195mmemory: 37.12GiB(46.73%)  [34mtps: 4,597  [36mtflops: 221.79  [35mmfu: 22.43%[39m
[rank0]:[titan] 2026-03-17 10:47:33,068 - root - INFO - [31mstep: 687  [32mloss:  2.7344  [38;2;180;60;0mgrad_norm:  2.4126  [38;2;54;234;195mmemory: 37.12GiB(46.73%)  [34mtps: 4,590  [36mtflops: 221.48  [35mmfu: 22.39%[39m
[rank0]:[titan] 2026-03-17 10:47:33,515 - root - INFO - [31mstep: 688  [32mloss:  2.7188  [38;2;180;60;0mgrad_norm:  2.5473  [38;2;54;234;195mmemory: 37.12GiB(46.73%)  [34mtps: 4,586  [36mtflops: 221.28  [35mmfu: 22.37%[39m
[rank0]:[titan] 2026-03-17 10:47:33,963 - root - INFO - [31mstep: 689  [32mloss:  2.7969  [38;2;180;60;0mgrad_norm:  2.1951  [38;2;54;234;195mmemory: 37.12GiB(46.73%)  [34mtps: 4,578  [36mtflops: 220.90  [35mmfu: 22.34%[39m
[rank0]:[titan] 2026-03-17 10:47:34,410 - root - INFO - [31mstep: 690  [32mloss:  2.7031  [38;2;180;60;0mgrad_norm:  2.0382  [38;2;54;234;195mmemory: 37.12GiB(46.73%)  [34mtps: 4,580  [36mtflops: 221.00  [35mmfu: 22.35%[39m
[rank0]:[titan] 2026-03-17 10:47:34,855 - root - INFO - [31mstep: 691  [32mloss:  2.6875  [38;2;180;60;0mgrad_norm:  1.9289  [38;2;54;234;195mmemory: 37.12GiB(46.73%)  [34mtps: 4,605  [36mtflops: 222.17  [35mmfu: 22.46%[39m
[rank0]:[titan] 2026-03-17 10:47:35,305 - root - INFO - [31mstep: 692  [32mloss:  2.7188  [38;2;180;60;0mgrad_norm:  1.7364  [38;2;54;234;195mmemory: 37.12GiB(46.73%)  [34mtps: 4,557  [36mtflops: 219.86  [35mmfu: 22.23%[39m
[rank0]:[titan] 2026-03-17 10:47:35,764 - root - INFO - [31mstep: 693  [32mloss:  2.7500  [38;2;180;60;0mgrad_norm:  2.7818  [38;2;54;234;195mmemory: 37.12GiB(46.73%)  [34mtps: 4,474  [36mtflops: 215.87  [35mmfu: 21.83%[39m
[rank0]:[titan] 2026-03-17 10:47:36,208 - root - INFO - [31mstep: 694  [32mloss:  2.7500  [38;2;180;60;0mgrad_norm:  2.5503  [38;2;54;234;195mmemory: 37.12GiB(46.73%)  [34mtps: 4,618  [36mtflops: 222.84  [35mmfu: 22.53%[39m
[rank0]:[titan] 2026-03-17 10:47:36,664 - root - INFO - [31mstep: 695  [32mloss:  2.7500  [38;2;180;60;0mgrad_norm:  1.7843  [38;2;54;234;195mmemory: 37.12GiB(46.73%)  [34mtps: 4,494  [36mtflops: 216.86  [35mmfu: 21.93%[39m
[rank0]:[titan] 2026-03-17 10:47:37,108 - root - INFO - [31mstep: 696  [32mloss:  2.6719  [38;2;180;60;0mgrad_norm:  2.4394  [38;2;54;234;195mmemory: 37.12GiB(46.73%)  [34mtps: 4,614  [36mtflops: 222.64  [35mmfu: 22.51%[39m
[rank0]:[titan] 2026-03-17 10:47:37,552 - root - INFO - [31mstep: 697  [32mloss:  2.6875  [38;2;180;60;0mgrad_norm:  1.8734  [38;2;54;234;195mmemory: 37.12GiB(46.73%)  [34mtps: 4,618  [36mtflops: 222.84  [35mmfu: 22.53%[39m
[rank0]:[titan] 2026-03-17 10:47:38,006 - root - INFO - [31mstep: 698  [32mloss:  2.7344  [38;2;180;60;0mgrad_norm:  2.5686  [38;2;54;234;195mmemory: 37.12GiB(46.73%)  [34mtps: 4,520  [36mtflops: 218.10  [35mmfu: 22.05%[39m
[rank0]:[titan] 2026-03-17 10:47:38,451 - root - INFO - [31mstep: 699  [32mloss:  2.7031  [38;2;180;60;0mgrad_norm:  2.3448  [38;2;54;234;195mmemory: 37.12GiB(46.73%)  [34mtps: 4,605  [36mtflops: 222.17  [35mmfu: 22.46%[39m
[rank0]:[titan] 2026-03-17 10:47:38,896 - root - INFO - [31mstep: 700  [32mloss:  2.7188  [38;2;180;60;0mgrad_norm:  1.8170  [38;2;54;234;195mmemory: 37.12GiB(46.73%)  [34mtps: 4,611  [36mtflops: 222.49  [35mmfu: 22.50%[39m
[rank0]:[titan] 2026-03-17 10:47:39,342 - root - INFO - [31mstep: 701  [32mloss:  2.7656  [38;2;180;60;0mgrad_norm:  2.6782  [38;2;54;234;195mmemory: 37.12GiB(46.73%)  [34mtps: 4,595  [36mtflops: 221.73  [35mmfu: 22.42%[39m
[rank0]:[titan] 2026-03-17 10:47:39,787 - root - INFO - [31mstep: 702  [32mloss:  2.7812  [38;2;180;60;0mgrad_norm:  2.2737  [38;2;54;234;195mmemory: 37.12GiB(46.73%)  [34mtps: 4,610  [36mtflops: 222.42  [35mmfu: 22.49%[39m
[rank0]:[titan] 2026-03-17 10:47:40,234 - root - INFO - [31mstep: 703  [32mloss:  2.8281  [38;2;180;60;0mgrad_norm:  2.4104  [38;2;54;234;195mmemory: 37.12GiB(46.73%)  [34mtps: 4,586  [36mtflops: 221.30  [35mmfu: 22.38%[39m
[rank0]:[titan] 2026-03-17 10:47:40,718 - root - INFO - [31mstep: 704  [32mloss:  2.7500  [38;2;180;60;0mgrad_norm:  2.2384  [38;2;54;234;195mmemory: 37.12GiB(46.73%)  [34mtps: 4,231  [36mtflops: 204.15  [35mmfu: 20.64%[39m
[rank0]:[titan] 2026-03-17 10:47:41,169 - root - INFO - [31mstep: 705  [32mloss:  2.9688  [38;2;180;60;0mgrad_norm:  2.8983  [38;2;54;234;195mmemory: 37.12GiB(46.73%)  [34mtps: 4,545  [36mtflops: 219.28  [35mmfu: 22.17%[39m
[rank0]:[titan] 2026-03-17 10:47:41,614 - root - INFO - [31mstep: 706  [32mloss:  2.9688  [38;2;180;60;0mgrad_norm:  1.9360  [38;2;54;234;195mmemory: 37.12GiB(46.73%)  [34mtps: 4,615  [36mtflops: 222.70  [35mmfu: 22.52%[39m
[rank0]:[titan] 2026-03-17 10:47:42,062 - root - INFO - [31mstep: 707  [32mloss:  2.8594  [38;2;180;60;0mgrad_norm:  3.0263  [38;2;54;234;195mmemory: 37.12GiB(46.73%)  [34mtps: 4,575  [36mtflops: 220.74  [35mmfu: 22.32%[39m
[rank0]:[titan] 2026-03-17 10:47:42,507 - root - INFO - [31mstep: 708  [32mloss:  2.8125  [38;2;180;60;0mgrad_norm:  2.6828  [38;2;54;234;195mmemory: 37.12GiB(46.73%)  [34mtps: 4,606  [36mtflops: 222.26  [35mmfu: 22.47%[39m
[rank0]:[titan] 2026-03-17 10:47:42,959 - root - INFO - [31mstep: 709  [32mloss:  2.7500  [38;2;180;60;0mgrad_norm:  2.3816  [38;2;54;234;195mmemory: 37.12GiB(46.73%)  [34mtps: 4,534  [36mtflops: 218.77  [35mmfu: 22.12%[39m
[rank0]:[titan] 2026-03-17 10:47:43,405 - root - INFO - [31mstep: 710  [32mloss:  2.7969  [38;2;180;60;0mgrad_norm:  2.1821  [38;2;54;234;195mmemory: 37.12GiB(46.73%)  [34mtps: 4,603  [36mtflops: 222.12  [35mmfu: 22.46%[39m
[rank0]:[titan] 2026-03-17 10:47:43,849 - root - INFO - [31mstep: 711  [32mloss:  2.8125  [38;2;180;60;0mgrad_norm:  2.4909  [38;2;54;234;195mmemory: 37.12GiB(46.73%)  [34mtps: 4,616  [36mtflops: 222.75  [35mmfu: 22.52%[39m
[rank0]:[titan] 2026-03-17 10:47:44,296 - root - INFO - [31mstep: 712  [32mloss:  2.7969  [38;2;180;60;0mgrad_norm:  2.4701  [38;2;54;234;195mmemory: 37.12GiB(46.73%)  [34mtps: 4,586  [36mtflops: 221.28  [35mmfu: 22.37%[39m
[rank0]:[titan] 2026-03-17 10:47:44,750 - root - INFO - [31mstep: 713  [32mloss:  2.7500  [38;2;180;60;0mgrad_norm:  2.1583  [38;2;54;234;195mmemory: 37.12GiB(46.73%)  [34mtps: 4,515  [36mtflops: 217.86  [35mmfu: 22.03%[39m
[rank0]:[titan] 2026-03-17 10:47:45,195 - root - INFO - [31mstep: 714  [32mloss:  2.7500  [38;2;180;60;0mgrad_norm:  2.1577  [38;2;54;234;195mmemory: 37.12GiB(46.73%)  [34mtps: 4,615  [36mtflops: 222.70  [35mmfu: 22.52%[39m
[rank0]:[titan] 2026-03-17 10:47:45,644 - root - INFO - [31mstep: 715  [32mloss:  2.8438  [38;2;180;60;0mgrad_norm:  3.0046  [38;2;54;234;195mmemory: 37.12GiB(46.73%)  [34mtps: 4,560  [36mtflops: 220.01  [35mmfu: 22.25%[39m
[rank0]:[titan] 2026-03-17 10:47:46,089 - root - INFO - [31mstep: 716  [32mloss:  2.8594  [38;2;180;60;0mgrad_norm:  2.6290  [38;2;54;234;195mmemory: 37.12GiB(46.73%)  [34mtps: 4,611  [36mtflops: 222.47  [35mmfu: 22.49%[39m
[rank0]:[titan] 2026-03-17 10:47:46,534 - root - INFO - [31mstep: 717  [32mloss:  2.8281  [38;2;180;60;0mgrad_norm:  1.8526  [38;2;54;234;195mmemory: 37.12GiB(46.73%)  [34mtps: 4,614  [36mtflops: 222.63  [35mmfu: 22.51%[39m
[rank0]:[titan] 2026-03-17 10:47:46,981 - root - INFO - [31mstep: 718  [32mloss:  2.8125  [38;2;180;60;0mgrad_norm:  2.7641  [38;2;54;234;195mmemory: 37.12GiB(46.73%)  [34mtps: 4,582  [36mtflops: 221.11  [35mmfu: 22.36%[39m
[rank0]:[titan] 2026-03-17 10:47:47,428 - root - INFO - [31mstep: 719  [32mloss:  2.8281  [38;2;180;60;0mgrad_norm:  2.3586  [38;2;54;234;195mmemory: 37.12GiB(46.73%)  [34mtps: 4,586  [36mtflops: 221.30  [35mmfu: 22.38%[39m
[rank0]:[titan] 2026-03-17 10:47:47,876 - root - INFO - [31mstep: 720  [32mloss:  2.8125  [38;2;180;60;0mgrad_norm:  2.8463  [38;2;54;234;195mmemory: 37.12GiB(46.73%)  [34mtps: 4,581  [36mtflops: 221.05  [35mmfu: 22.35%[39m
[rank0]:[titan] 2026-03-17 10:47:48,320 - root - INFO - [31mstep: 721  [32mloss:  2.9219  [38;2;180;60;0mgrad_norm:  2.6035  [38;2;54;234;195mmemory: 37.12GiB(46.73%)  [34mtps: 4,613  [36mtflops: 222.56  [35mmfu: 22.50%[39m
[rank0]:[titan] 2026-03-17 10:47:48,766 - root - INFO - [31mstep: 722  [32mloss:  2.8594  [38;2;180;60;0mgrad_norm:  2.7739  [38;2;54;234;195mmemory: 37.12GiB(46.73%)  [34mtps: 4,606  [36mtflops: 222.27  [35mmfu: 22.47%[39m
[rank0]:[titan] 2026-03-17 10:47:49,215 - root - INFO - [31mstep: 723  [32mloss:  2.8281  [38;2;180;60;0mgrad_norm:  2.4059  [38;2;54;234;195mmemory: 37.12GiB(46.73%)  [34mtps: 4,560  [36mtflops: 220.03  [35mmfu: 22.25%[39m
[rank0]:[titan] 2026-03-17 10:47:49,663 - root - INFO - [31mstep: 724  [32mloss:  2.8438  [38;2;180;60;0mgrad_norm:  3.7613  [38;2;54;234;195mmemory: 37.12GiB(46.73%)  [34mtps: 4,584  [36mtflops: 221.17  [35mmfu: 22.36%[39m
[rank0]:[titan] 2026-03-17 10:47:50,107 - root - INFO - [31mstep: 725  [32mloss:  2.8594  [38;2;180;60;0mgrad_norm:  2.5416  [38;2;54;234;195mmemory: 37.12GiB(46.73%)  [34mtps: 4,609  [36mtflops: 222.37  [35mmfu: 22.48%[39m
[rank0]:[titan] 2026-03-17 10:47:50,553 - root - INFO - [31mstep: 726  [32mloss:  2.9531  [38;2;180;60;0mgrad_norm:  2.5221  [38;2;54;234;195mmemory: 37.12GiB(46.73%)  [34mtps: 4,598  [36mtflops: 221.88  [35mmfu: 22.43%[39m
[rank0]:[titan] 2026-03-17 10:47:50,999 - root - INFO - [31mstep: 727  [32mloss:  2.8281  [38;2;180;60;0mgrad_norm:  2.7425  [38;2;54;234;195mmemory: 37.12GiB(46.73%)  [34mtps: 4,604  [36mtflops: 222.12  [35mmfu: 22.46%[39m
[rank0]:[titan] 2026-03-17 10:47:51,448 - root - INFO - [31mstep: 728  [32mloss:  2.8281  [38;2;180;60;0mgrad_norm:  2.9187  [38;2;54;234;195mmemory: 37.12GiB(46.73%)  [34mtps: 4,574  [36mtflops: 220.68  [35mmfu: 22.31%[39m
[rank0]:[titan] 2026-03-17 10:47:51,898 - root - INFO - [31mstep: 729  [32mloss:  2.8594  [38;2;180;60;0mgrad_norm:  3.2497  [38;2;54;234;195mmemory: 37.12GiB(46.73%)  [34mtps: 4,556  [36mtflops: 219.82  [35mmfu: 22.23%[39m
[rank0]:[titan] 2026-03-17 10:47:52,345 - root - INFO - [31mstep: 730  [32mloss:  2.8438  [38;2;180;60;0mgrad_norm:  2.6057  [38;2;54;234;195mmemory: 37.12GiB(46.73%)  [34mtps: 4,586  [36mtflops: 221.26  [35mmfu: 22.37%[39m
[rank0]:[titan] 2026-03-17 10:47:52,797 - root - INFO - [31mstep: 731  [32mloss:  2.8438  [38;2;180;60;0mgrad_norm:  3.1654  [38;2;54;234;195mmemory: 37.12GiB(46.73%)  [34mtps: 4,534  [36mtflops: 218.75  [35mmfu: 22.12%[39m
[rank0]:[titan] 2026-03-17 10:47:53,245 - root - INFO - [31mstep: 732  [32mloss:  2.8125  [38;2;180;60;0mgrad_norm:  2.2586  [38;2;54;234;195mmemory: 37.12GiB(46.73%)  [34mtps: 4,572  [36mtflops: 220.59  [35mmfu: 22.30%[39m
[rank0]:[titan] 2026-03-17 10:47:53,693 - root - INFO - [31mstep: 733  [32mloss:  2.8125  [38;2;180;60;0mgrad_norm:  3.0415  [38;2;54;234;195mmemory: 37.12GiB(46.73%)  [34mtps: 4,586  [36mtflops: 221.25  [35mmfu: 22.37%[39m
[rank0]:[titan] 2026-03-17 10:47:54,140 - root - INFO - [31mstep: 734  [32mloss:  2.8281  [38;2;180;60;0mgrad_norm:  2.6132  [38;2;54;234;195mmemory: 37.12GiB(46.73%)  [34mtps: 4,578  [36mtflops: 220.92  [35mmfu: 22.34%[39m
[rank0]:[titan] 2026-03-17 10:47:54,595 - root - INFO - [31mstep: 735  [32mloss:  2.8750  [38;2;180;60;0mgrad_norm:  2.8174  [38;2;54;234;195mmemory: 37.12GiB(46.73%)  [34mtps: 4,507  [36mtflops: 217.46  [35mmfu: 21.99%[39m
[rank0]:[titan] 2026-03-17 10:47:55,041 - root - INFO - [31mstep: 736  [32mloss:  2.8438  [38;2;180;60;0mgrad_norm:  2.1669  [38;2;54;234;195mmemory: 37.12GiB(46.73%)  [34mtps: 4,595  [36mtflops: 221.72  [35mmfu: 22.42%[39m
[rank0]:[titan] 2026-03-17 10:47:55,495 - root - INFO - [31mstep: 737  [32mloss:  2.8125  [38;2;180;60;0mgrad_norm:  2.5263  [38;2;54;234;195mmemory: 37.12GiB(46.73%)  [34mtps: 4,517  [36mtflops: 217.93  [35mmfu: 22.04%[39m
[rank0]:[titan] 2026-03-17 10:47:55,943 - root - INFO - [31mstep: 738  [32mloss:  2.8438  [38;2;180;60;0mgrad_norm:  2.3641  [38;2;54;234;195mmemory: 37.12GiB(46.73%)  [34mtps: 4,584  [36mtflops: 221.19  [35mmfu: 22.36%[39m
[rank0]:[titan] 2026-03-17 10:47:56,390 - root - INFO - [31mstep: 739  [32mloss:  2.7812  [38;2;180;60;0mgrad_norm:  2.1066  [38;2;54;234;195mmemory: 37.12GiB(46.73%)  [34mtps: 4,578  [36mtflops: 220.91  [35mmfu: 22.34%[39m
[rank0]:[titan] 2026-03-17 10:47:56,833 - root - INFO - [31mstep: 740  [32mloss:  2.7812  [38;2;180;60;0mgrad_norm:  2.5101  [38;2;54;234;195mmemory: 37.12GiB(46.73%)  [34mtps: 4,633  [36mtflops: 223.57  [35mmfu: 22.61%[39m
[rank0]:[titan] 2026-03-17 10:47:57,282 - root - INFO - [31mstep: 741  [32mloss:  2.7812  [38;2;180;60;0mgrad_norm:  1.8881  [38;2;54;234;195mmemory: 37.12GiB(46.73%)  [34mtps: 4,559  [36mtflops: 219.98  [35mmfu: 22.24%[39m
[rank0]:[titan] 2026-03-17 10:47:57,727 - root - INFO - [31mstep: 742  [32mloss:  2.7500  [38;2;180;60;0mgrad_norm:  2.2063  [38;2;54;234;195mmemory: 37.12GiB(46.73%)  [34mtps: 4,613  [36mtflops: 222.56  [35mmfu: 22.50%[39m
[rank0]:[titan] 2026-03-17 10:47:58,174 - root - INFO - [31mstep: 743  [32mloss:  2.7500  [38;2;180;60;0mgrad_norm:  2.0708  [38;2;54;234;195mmemory: 37.12GiB(46.73%)  [34mtps: 4,586  [36mtflops: 221.27  [35mmfu: 22.37%[39m
[rank0]:[titan] 2026-03-17 10:47:58,625 - root - INFO - [31mstep: 744  [32mloss:  2.7969  [38;2;180;60;0mgrad_norm:  2.0383  [38;2;54;234;195mmemory: 37.12GiB(46.73%)  [34mtps: 4,545  [36mtflops: 219.31  [35mmfu: 22.18%[39m
[rank0]:[titan] 2026-03-17 10:47:59,081 - root - INFO - [31mstep: 745  [32mloss:  2.8750  [38;2;180;60;0mgrad_norm:  1.9812  [38;2;54;234;195mmemory: 37.12GiB(46.73%)  [34mtps: 4,496  [36mtflops: 216.93  [35mmfu: 21.93%[39m
[rank0]:[titan] 2026-03-17 10:47:59,554 - root - INFO - [31mstep: 746  [32mloss:  2.8281  [38;2;180;60;0mgrad_norm:  2.3218  [38;2;54;234;195mmemory: 37.12GiB(46.73%)  [34mtps: 4,330  [36mtflops: 208.95  [35mmfu: 21.13%[39m
[rank0]:[titan] 2026-03-17 10:47:59,999 - root - INFO - [31mstep: 747  [32mloss:  2.7500  [38;2;180;60;0mgrad_norm:  2.2488  [38;2;54;234;195mmemory: 37.12GiB(46.73%)  [34mtps: 4,617  [36mtflops: 222.75  [35mmfu: 22.52%[39m
[rank0]:[titan] 2026-03-17 10:48:00,445 - root - INFO - [31mstep: 748  [32mloss:  2.7344  [38;2;180;60;0mgrad_norm:  2.0856  [38;2;54;234;195mmemory: 37.12GiB(46.73%)  [34mtps: 4,591  [36mtflops: 221.52  [35mmfu: 22.40%[39m
[rank0]:[titan] 2026-03-17 10:48:00,891 - root - INFO - [31mstep: 749  [32mloss:  2.7812  [38;2;180;60;0mgrad_norm:  2.4423  [38;2;54;234;195mmemory: 37.12GiB(46.73%)  [34mtps: 4,601  [36mtflops: 222.02  [35mmfu: 22.45%[39m
[rank0]:[titan] 2026-03-17 10:48:01,338 - root - INFO - [31mstep: 750  [32mloss:  2.7656  [38;2;180;60;0mgrad_norm:  2.5018  [38;2;54;234;195mmemory: 37.12GiB(46.73%)  [34mtps: 4,587  [36mtflops: 221.33  [35mmfu: 22.38%[39m
[rank0]:[titan] 2026-03-17 10:48:01,786 - root - INFO - [31mstep: 751  [32mloss:  2.7500  [38;2;180;60;0mgrad_norm:  2.4114  [38;2;54;234;195mmemory: 37.12GiB(46.73%)  [34mtps: 4,576  [36mtflops: 220.77  [35mmfu: 22.32%[39m
[rank0]:[titan] 2026-03-17 10:48:02,232 - root - INFO - [31mstep: 752  [32mloss:  2.7188  [38;2;180;60;0mgrad_norm:  1.5967  [38;2;54;234;195mmemory: 37.12GiB(46.73%)  [34mtps: 4,596  [36mtflops: 221.75  [35mmfu: 22.42%[39m
[rank0]:[titan] 2026-03-17 10:48:02,676 - root - INFO - [31mstep: 753  [32mloss:  2.8438  [38;2;180;60;0mgrad_norm:  2.1370  [38;2;54;234;195mmemory: 37.12GiB(46.73%)  [34mtps: 4,615  [36mtflops: 222.69  [35mmfu: 22.52%[39m
[rank0]:[titan] 2026-03-17 10:48:03,127 - root - INFO - [31mstep: 754  [32mloss:  2.7656  [38;2;180;60;0mgrad_norm:  2.0094  [38;2;54;234;195mmemory: 37.12GiB(46.73%)  [34mtps: 4,549  [36mtflops: 219.50  [35mmfu: 22.19%[39m
[rank0]:[titan] 2026-03-17 10:48:03,576 - root - INFO - [31mstep: 755  [32mloss:  2.8281  [38;2;180;60;0mgrad_norm:  2.0565  [38;2;54;234;195mmemory: 37.12GiB(46.73%)  [34mtps: 4,572  [36mtflops: 220.60  [35mmfu: 22.31%[39m
[rank0]:[titan] 2026-03-17 10:48:04,024 - root - INFO - [31mstep: 756  [32mloss:  2.7812  [38;2;180;60;0mgrad_norm:  2.2098  [38;2;54;234;195mmemory: 37.12GiB(46.73%)  [34mtps: 4,577  [36mtflops: 220.83  [35mmfu: 22.33%[39m
[rank0]:[titan] 2026-03-17 10:48:04,472 - root - INFO - [31mstep: 757  [32mloss:  2.7969  [38;2;180;60;0mgrad_norm:  1.9125  [38;2;54;234;195mmemory: 37.12GiB(46.73%)  [34mtps: 4,570  [36mtflops: 220.53  [35mmfu: 22.30%[39m
[rank0]:[titan] 2026-03-17 10:48:04,917 - root - INFO - [31mstep: 758  [32mloss:  2.7500  [38;2;180;60;0mgrad_norm:  2.1395  [38;2;54;234;195mmemory: 37.12GiB(46.73%)  [34mtps: 4,615  [36mtflops: 222.67  [35mmfu: 22.52%[39m
[rank0]:[titan] 2026-03-17 10:48:05,366 - root - INFO - [31mstep: 759  [32mloss:  2.9062  [38;2;180;60;0mgrad_norm:  2.1076  [38;2;54;234;195mmemory: 37.12GiB(46.73%)  [34mtps: 4,562  [36mtflops: 220.14  [35mmfu: 22.26%[39m
[rank0]:[titan] 2026-03-17 10:48:05,811 - root - INFO - [31mstep: 760  [32mloss:  2.8125  [38;2;180;60;0mgrad_norm:  3.1593  [38;2;54;234;195mmemory: 37.12GiB(46.73%)  [34mtps: 4,611  [36mtflops: 222.50  [35mmfu: 22.50%[39m
[rank0]:[titan] 2026-03-17 10:48:06,256 - root - INFO - [31mstep: 761  [32mloss:  2.8281  [38;2;180;60;0mgrad_norm:  2.8331  [38;2;54;234;195mmemory: 37.12GiB(46.73%)  [34mtps: 4,602  [36mtflops: 222.05  [35mmfu: 22.45%[39m
[rank0]:[titan] 2026-03-17 10:48:06,701 - root - INFO - [31mstep: 762  [32mloss:  2.7812  [38;2;180;60;0mgrad_norm:  2.3909  [38;2;54;234;195mmemory: 37.12GiB(46.73%)  [34mtps: 4,610  [36mtflops: 222.41  [35mmfu: 22.49%[39m
[rank0]:[titan] 2026-03-17 10:48:07,146 - root - INFO - [31mstep: 763  [32mloss:  2.7656  [38;2;180;60;0mgrad_norm:  2.3948  [38;2;54;234;195mmemory: 37.12GiB(46.73%)  [34mtps: 4,602  [36mtflops: 222.06  [35mmfu: 22.45%[39m
[rank0]:[titan] 2026-03-17 10:48:07,593 - root - INFO - [31mstep: 764  [32mloss:  2.7812  [38;2;180;60;0mgrad_norm:  2.6011  [38;2;54;234;195mmemory: 37.12GiB(46.73%)  [34mtps: 4,595  [36mtflops: 221.72  [35mmfu: 22.42%[39m
[rank0]:[titan] 2026-03-17 10:48:08,044 - root - INFO - [31mstep: 765  [32mloss:  2.8281  [38;2;180;60;0mgrad_norm:  2.4516  [38;2;54;234;195mmemory: 37.12GiB(46.73%)  [34mtps: 4,548  [36mtflops: 219.44  [35mmfu: 22.19%[39m
[rank0]:[titan] 2026-03-17 10:48:08,491 - root - INFO - [31mstep: 766  [32mloss:  2.8906  [38;2;180;60;0mgrad_norm:  2.0088  [38;2;54;234;195mmemory: 37.12GiB(46.73%)  [34mtps: 4,587  [36mtflops: 221.33  [35mmfu: 22.38%[39m
[rank0]:[titan] 2026-03-17 10:48:08,937 - root - INFO - [31mstep: 767  [32mloss:  2.8281  [38;2;180;60;0mgrad_norm:  2.9556  [38;2;54;234;195mmemory: 37.12GiB(46.73%)  [34mtps: 4,598  [36mtflops: 221.87  [35mmfu: 22.43%[39m
[rank0]:[titan] 2026-03-17 10:48:09,389 - root - INFO - [31mstep: 768  [32mloss:  2.8125  [38;2;180;60;0mgrad_norm:  2.7519  [38;2;54;234;195mmemory: 37.12GiB(46.73%)  [34mtps: 4,531  [36mtflops: 218.60  [35mmfu: 22.10%[39m
[rank0]:[titan] 2026-03-17 10:48:09,836 - root - INFO - [31mstep: 769  [32mloss:  2.8438  [38;2;180;60;0mgrad_norm:  2.1023  [38;2;54;234;195mmemory: 37.12GiB(46.73%)  [34mtps: 4,590  [36mtflops: 221.49  [35mmfu: 22.40%[39m
[rank0]:[titan] 2026-03-17 10:48:10,282 - root - INFO - [31mstep: 770  [32mloss:  2.8281  [38;2;180;60;0mgrad_norm:  2.2553  [38;2;54;234;195mmemory: 37.12GiB(46.73%)  [34mtps: 4,593  [36mtflops: 221.62  [35mmfu: 22.41%[39m
[rank0]:[titan] 2026-03-17 10:48:10,729 - root - INFO - [31mstep: 771  [32mloss:  2.8438  [38;2;180;60;0mgrad_norm:  2.2960  [38;2;54;234;195mmemory: 37.12GiB(46.73%)  [34mtps: 4,589  [36mtflops: 221.42  [35mmfu: 22.39%[39m
[rank0]:[titan] 2026-03-17 10:48:11,175 - root - INFO - [31mstep: 772  [32mloss:  2.8125  [38;2;180;60;0mgrad_norm:  2.9061  [38;2;54;234;195mmemory: 37.12GiB(46.73%)  [34mtps: 4,594  [36mtflops: 221.64  [35mmfu: 22.41%[39m
[rank0]:[titan] 2026-03-17 10:48:11,623 - root - INFO - [31mstep: 773  [32mloss:  2.8125  [38;2;180;60;0mgrad_norm:  2.3746  [38;2;54;234;195mmemory: 37.12GiB(46.73%)  [34mtps: 4,580  [36mtflops: 220.98  [35mmfu: 22.34%[39m
[rank0]:[titan] 2026-03-17 10:48:12,069 - root - INFO - [31mstep: 774  [32mloss:  2.7031  [38;2;180;60;0mgrad_norm:  2.2891  [38;2;54;234;195mmemory: 37.12GiB(46.73%)  [34mtps: 4,600  [36mtflops: 221.97  [35mmfu: 22.44%[39m
[rank0]:[titan] 2026-03-17 10:48:12,513 - root - INFO - [31mstep: 775  [32mloss:  2.7656  [38;2;180;60;0mgrad_norm:  2.6268  [38;2;54;234;195mmemory: 37.12GiB(46.73%)  [34mtps: 4,618  [36mtflops: 222.84  [35mmfu: 22.53%[39m
[rank0]:[titan] 2026-03-17 10:48:12,959 - root - INFO - [31mstep: 776  [32mloss:  2.8438  [38;2;180;60;0mgrad_norm:  2.9271  [38;2;54;234;195mmemory: 37.12GiB(46.73%)  [34mtps: 4,589  [36mtflops: 221.44  [35mmfu: 22.39%[39m
[rank0]:[titan] 2026-03-17 10:48:13,405 - root - INFO - [31mstep: 777  [32mloss:  2.7812  [38;2;180;60;0mgrad_norm:  2.2897  [38;2;54;234;195mmemory: 37.12GiB(46.73%)  [34mtps: 4,606  [36mtflops: 222.22  [35mmfu: 22.47%[39m
[rank0]:[titan] 2026-03-17 10:48:13,850 - root - INFO - [31mstep: 778  [32mloss:  2.7188  [38;2;180;60;0mgrad_norm:  2.0280  [38;2;54;234;195mmemory: 37.12GiB(46.73%)  [34mtps: 4,607  [36mtflops: 222.28  [35mmfu: 22.48%[39m
[rank0]:[titan] 2026-03-17 10:48:14,303 - root - INFO - [31mstep: 779  [32mloss:  2.7500  [38;2;180;60;0mgrad_norm:  2.0787  [38;2;54;234;195mmemory: 37.12GiB(46.73%)  [34mtps: 4,523  [36mtflops: 218.22  [35mmfu: 22.06%[39m
[rank0]:[titan] 2026-03-17 10:48:14,750 - root - INFO - [31mstep: 780  [32mloss:  2.7188  [38;2;180;60;0mgrad_norm:  2.2224  [38;2;54;234;195mmemory: 37.12GiB(46.73%)  [34mtps: 4,586  [36mtflops: 221.27  [35mmfu: 22.37%[39m
[rank0]:[titan] 2026-03-17 10:48:15,197 - root - INFO - [31mstep: 781  [32mloss:  2.7344  [38;2;180;60;0mgrad_norm:  2.2654  [38;2;54;234;195mmemory: 37.12GiB(46.73%)  [34mtps: 4,588  [36mtflops: 221.40  [35mmfu: 22.39%[39m
[rank0]:[titan] 2026-03-17 10:48:15,641 - root - INFO - [31mstep: 782  [32mloss:  2.7344  [38;2;180;60;0mgrad_norm:  1.9850  [38;2;54;234;195mmemory: 37.12GiB(46.73%)  [34mtps: 4,617  [36mtflops: 222.79  [35mmfu: 22.53%[39m
[rank0]:[titan] 2026-03-17 10:48:16,086 - root - INFO - [31mstep: 783  [32mloss:  2.8125  [38;2;180;60;0mgrad_norm:  2.0238  [38;2;54;234;195mmemory: 37.12GiB(46.73%)  [34mtps: 4,605  [36mtflops: 222.19  [35mmfu: 22.47%[39m
[rank0]:[titan] 2026-03-17 10:48:16,533 - root - INFO - [31mstep: 784  [32mloss:  2.7188  [38;2;180;60;0mgrad_norm:  2.3449  [38;2;54;234;195mmemory: 37.12GiB(46.73%)  [34mtps: 4,594  [36mtflops: 221.67  [35mmfu: 22.41%[39m
[rank0]:[titan] 2026-03-17 10:48:16,985 - root - INFO - [31mstep: 785  [32mloss:  2.7812  [38;2;180;60;0mgrad_norm:  2.3338  [38;2;54;234;195mmemory: 37.12GiB(46.73%)  [34mtps: 4,533  [36mtflops: 218.73  [35mmfu: 22.12%[39m
[rank0]:[titan] 2026-03-17 10:48:17,436 - root - INFO - [31mstep: 786  [32mloss:  2.7812  [38;2;180;60;0mgrad_norm:  1.6665  [38;2;54;234;195mmemory: 37.12GiB(46.73%)  [34mtps: 4,553  [36mtflops: 219.68  [35mmfu: 22.21%[39m
[rank0]:[titan] 2026-03-17 10:48:17,885 - root - INFO - [31mstep: 787  [32mloss:  2.7500  [38;2;180;60;0mgrad_norm:  2.2911  [38;2;54;234;195mmemory: 37.12GiB(46.73%)  [34mtps: 4,557  [36mtflops: 219.90  [35mmfu: 22.23%[39m
[rank0]:[titan] 2026-03-17 10:48:18,329 - root - INFO - [31mstep: 788  [32mloss:  2.7656  [38;2;180;60;0mgrad_norm:  2.2009  [38;2;54;234;195mmemory: 37.12GiB(46.73%)  [34mtps: 4,619  [36mtflops: 222.86  [35mmfu: 22.53%[39m
[rank0]:[titan] 2026-03-17 10:48:18,783 - root - INFO - [31mstep: 789  [32mloss:  2.7500  [38;2;180;60;0mgrad_norm:  1.7277  [38;2;54;234;195mmemory: 37.12GiB(46.73%)  [34mtps: 4,520  [36mtflops: 218.09  [35mmfu: 22.05%[39m
[rank0]:[titan] 2026-03-17 10:48:19,231 - root - INFO - [31mstep: 790  [32mloss:  2.7500  [38;2;180;60;0mgrad_norm:  1.7075  [38;2;54;234;195mmemory: 37.12GiB(46.73%)  [34mtps: 4,574  [36mtflops: 220.69  [35mmfu: 22.31%[39m
[rank0]:[titan] 2026-03-17 10:48:19,680 - root - INFO - [31mstep: 791  [32mloss:  2.7500  [38;2;180;60;0mgrad_norm:  2.2084  [38;2;54;234;195mmemory: 37.12GiB(46.73%)  [34mtps: 4,573  [36mtflops: 220.67  [35mmfu: 22.31%[39m
[rank0]:[titan] 2026-03-17 10:48:20,126 - root - INFO - [31mstep: 792  [32mloss:  2.7344  [38;2;180;60;0mgrad_norm:  1.9727  [38;2;54;234;195mmemory: 37.12GiB(46.73%)  [34mtps: 4,593  [36mtflops: 221.59  [35mmfu: 22.41%[39m
[rank0]:[titan] 2026-03-17 10:48:20,573 - root - INFO - [31mstep: 793  [32mloss:  2.6875  [38;2;180;60;0mgrad_norm:  1.6655  [38;2;54;234;195mmemory: 37.12GiB(46.73%)  [34mtps: 4,589  [36mtflops: 221.44  [35mmfu: 22.39%[39m
[rank0]:[titan] 2026-03-17 10:48:21,019 - root - INFO - [31mstep: 794  [32mloss:  2.8281  [38;2;180;60;0mgrad_norm:  1.8784  [38;2;54;234;195mmemory: 37.12GiB(46.73%)  [34mtps: 4,592  [36mtflops: 221.55  [35mmfu: 22.40%[39m
[rank0]:[titan] 2026-03-17 10:48:21,467 - root - INFO - [31mstep: 795  [32mloss:  2.8281  [38;2;180;60;0mgrad_norm:  1.3782  [38;2;54;234;195mmemory: 37.12GiB(46.73%)  [34mtps: 4,579  [36mtflops: 220.95  [35mmfu: 22.34%[39m
[rank0]:[titan] 2026-03-17 10:48:21,913 - root - INFO - [31mstep: 796  [32mloss:  2.7031  [38;2;180;60;0mgrad_norm:  2.2552  [38;2;54;234;195mmemory: 37.12GiB(46.73%)  [34mtps: 4,597  [36mtflops: 221.81  [35mmfu: 22.43%[39m
[rank0]:[titan] 2026-03-17 10:48:22,356 - root - INFO - [31mstep: 797  [32mloss:  2.7344  [38;2;180;60;0mgrad_norm:  2.2498  [38;2;54;234;195mmemory: 37.12GiB(46.73%)  [34mtps: 4,621  [36mtflops: 222.98  [35mmfu: 22.55%[39m
[rank0]:[titan] 2026-03-17 10:48:22,803 - root - INFO - [31mstep: 798  [32mloss:  2.7812  [38;2;180;60;0mgrad_norm:  1.4829  [38;2;54;234;195mmemory: 37.12GiB(46.73%)  [34mtps: 4,586  [36mtflops: 221.29  [35mmfu: 22.38%[39m
[rank0]:[titan] 2026-03-17 10:48:23,258 - root - INFO - [31mstep: 799  [32mloss:  2.7188  [38;2;180;60;0mgrad_norm:  2.7825  [38;2;54;234;195mmemory: 37.12GiB(46.73%)  [34mtps: 4,513  [36mtflops: 217.75  [35mmfu: 22.02%[39m
[rank0]:[titan] 2026-03-17 10:48:23,708 - root - INFO - [31mstep: 800  [32mloss:  2.7031  [38;2;180;60;0mgrad_norm:  2.6310  [38;2;54;234;195mmemory: 37.12GiB(46.73%)  [34mtps: 4,555  [36mtflops: 219.78  [35mmfu: 22.22%[39m
[rank0]:[titan] 2026-03-17 10:48:24,156 - root - INFO - [31mstep: 801  [32mloss:  2.7188  [38;2;180;60;0mgrad_norm:  1.9436  [38;2;54;234;195mmemory: 37.12GiB(46.73%)  [34mtps: 4,580  [36mtflops: 220.98  [35mmfu: 22.34%[39m
[rank0]:[titan] 2026-03-17 10:48:24,600 - root - INFO - [31mstep: 802  [32mloss:  2.7656  [38;2;180;60;0mgrad_norm:  2.3749  [38;2;54;234;195mmemory: 37.12GiB(46.73%)  [34mtps: 4,609  [36mtflops: 222.39  [35mmfu: 22.49%[39m
[rank0]:[titan] 2026-03-17 10:48:25,045 - root - INFO - [31mstep: 803  [32mloss:  2.7500  [38;2;180;60;0mgrad_norm:  2.6374  [38;2;54;234;195mmemory: 37.12GiB(46.73%)  [34mtps: 4,608  [36mtflops: 222.34  [35mmfu: 22.48%[39m
[rank0]:[titan] 2026-03-17 10:48:25,491 - root - INFO - [31mstep: 804  [32mloss:  2.7969  [38;2;180;60;0mgrad_norm:  2.4700  [38;2;54;234;195mmemory: 37.12GiB(46.73%)  [34mtps: 4,598  [36mtflops: 221.84  [35mmfu: 22.43%[39m
[rank0]:[titan] 2026-03-17 10:48:25,937 - root - INFO - [31mstep: 805  [32mloss:  2.7969  [38;2;180;60;0mgrad_norm:  2.4299  [38;2;54;234;195mmemory: 37.12GiB(46.73%)  [34mtps: 4,594  [36mtflops: 221.65  [35mmfu: 22.41%[39m
[rank0]:[titan] 2026-03-17 10:48:26,385 - root - INFO - [31mstep: 806  [32mloss:  2.7500  [38;2;180;60;0mgrad_norm:  2.3284  [38;2;54;234;195mmemory: 37.12GiB(46.73%)  [34mtps: 4,586  [36mtflops: 221.30  [35mmfu: 22.38%[39m
[rank0]:[titan] 2026-03-17 10:48:26,828 - root - INFO - [31mstep: 807  [32mloss:  2.7500  [38;2;180;60;0mgrad_norm:  2.7555  [38;2;54;234;195mmemory: 37.12GiB(46.73%)  [34mtps: 4,623  [36mtflops: 223.09  [35mmfu: 22.56%[39m
[rank0]:[titan] 2026-03-17 10:48:27,274 - root - INFO - [31mstep: 808  [32mloss:  2.7656  [38;2;180;60;0mgrad_norm:  3.2985  [38;2;54;234;195mmemory: 37.12GiB(46.73%)  [34mtps: 4,595  [36mtflops: 221.73  [35mmfu: 22.42%[39m
[rank0]:[titan] 2026-03-17 10:48:27,722 - root - INFO - [31mstep: 809  [32mloss:  2.8281  [38;2;180;60;0mgrad_norm:  1.9787  [38;2;54;234;195mmemory: 37.12GiB(46.73%)  [34mtps: 4,581  [36mtflops: 221.05  [35mmfu: 22.35%[39m
[rank0]:[titan] 2026-03-17 10:48:28,172 - root - INFO - [31mstep: 810  [32mloss:  2.7812  [38;2;180;60;0mgrad_norm:  2.8459  [38;2;54;234;195mmemory: 37.12GiB(46.73%)  [34mtps: 4,552  [36mtflops: 219.63  [35mmfu: 22.21%[39m
[rank0]:[titan] 2026-03-17 10:48:28,620 - root - INFO - [31mstep: 811  [32mloss:  2.7812  [38;2;180;60;0mgrad_norm:  3.1991  [38;2;54;234;195mmemory: 37.12GiB(46.73%)  [34mtps: 4,581  [36mtflops: 221.02  [35mmfu: 22.35%[39m
[rank0]:[titan] 2026-03-17 10:48:29,065 - root - INFO - [31mstep: 812  [32mloss:  2.7812  [38;2;180;60;0mgrad_norm:  2.1189  [38;2;54;234;195mmemory: 37.12GiB(46.73%)  [34mtps: 4,602  [36mtflops: 222.06  [35mmfu: 22.45%[39m
[rank0]:[titan] 2026-03-17 10:48:29,515 - root - INFO - [31mstep: 813  [32mloss:  2.7812  [38;2;180;60;0mgrad_norm:  2.8167  [38;2;54;234;195mmemory: 37.12GiB(46.73%)  [34mtps: 4,559  [36mtflops: 219.97  [35mmfu: 22.24%[39m
[rank0]:[titan] 2026-03-17 10:48:29,962 - root - INFO - [31mstep: 814  [32mloss:  2.7969  [38;2;180;60;0mgrad_norm:  2.4286  [38;2;54;234;195mmemory: 37.12GiB(46.73%)  [34mtps: 4,585  [36mtflops: 221.25  [35mmfu: 22.37%[39m
[rank0]:[titan] 2026-03-17 10:48:30,406 - root - INFO - [31mstep: 815  [32mloss:  2.7500  [38;2;180;60;0mgrad_norm:  1.4775  [38;2;54;234;195mmemory: 37.12GiB(46.73%)  [34mtps: 4,615  [36mtflops: 222.69  [35mmfu: 22.52%[39m
[rank0]:[titan] 2026-03-17 10:48:30,853 - root - INFO - [31mstep: 816  [32mloss:  2.8281  [38;2;180;60;0mgrad_norm:  2.6394  [38;2;54;234;195mmemory: 37.12GiB(46.73%)  [34mtps: 4,587  [36mtflops: 221.34  [35mmfu: 22.38%[39m
[rank0]:[titan] 2026-03-17 10:48:31,303 - root - INFO - [31mstep: 817  [32mloss:  2.7500  [38;2;180;60;0mgrad_norm:  2.6782  [38;2;54;234;195mmemory: 37.12GiB(46.73%)  [34mtps: 4,558  [36mtflops: 219.95  [35mmfu: 22.24%[39m
[rank0]:[titan] 2026-03-17 10:48:31,749 - root - INFO - [31mstep: 818  [32mloss:  2.7969  [38;2;180;60;0mgrad_norm:  2.4980  [38;2;54;234;195mmemory: 37.12GiB(46.73%)  [34mtps: 4,594  [36mtflops: 221.67  [35mmfu: 22.41%[39m
[rank0]:[titan] 2026-03-17 10:48:32,196 - root - INFO - [31mstep: 819  [32mloss:  2.8125  [38;2;180;60;0mgrad_norm:  2.5937  [38;2;54;234;195mmemory: 37.12GiB(46.73%)  [34mtps: 4,589  [36mtflops: 221.45  [35mmfu: 22.39%[39m
[rank0]:[titan] 2026-03-17 10:48:32,642 - root - INFO - [31mstep: 820  [32mloss:  2.8125  [38;2;180;60;0mgrad_norm:  3.2067  [38;2;54;234;195mmemory: 37.12GiB(46.73%)  [34mtps: 4,588  [36mtflops: 221.38  [35mmfu: 22.38%[39m
[rank0]:[titan] 2026-03-17 10:48:33,089 - root - INFO - [31mstep: 821  [32mloss:  2.8125  [38;2;180;60;0mgrad_norm:  1.5984  [38;2;54;234;195mmemory: 37.12GiB(46.73%)  [34mtps: 4,590  [36mtflops: 221.47  [35mmfu: 22.39%[39m
[rank0]:[titan] 2026-03-17 10:48:33,541 - root - INFO - [31mstep: 822  [32mloss:  2.7812  [38;2;180;60;0mgrad_norm:  3.3057  [38;2;54;234;195mmemory: 37.12GiB(46.73%)  [34mtps: 4,541  [36mtflops: 219.09  [35mmfu: 22.15%[39m
[rank0]:[titan] 2026-03-17 10:48:33,988 - root - INFO - [31mstep: 823  [32mloss:  2.8281  [38;2;180;60;0mgrad_norm:  3.5280  [38;2;54;234;195mmemory: 37.12GiB(46.73%)  [34mtps: 4,587  [36mtflops: 221.33  [35mmfu: 22.38%[39m
[rank0]:[titan] 2026-03-17 10:48:34,433 - root - INFO - [31mstep: 824  [32mloss:  2.7656  [38;2;180;60;0mgrad_norm:  2.6332  [38;2;54;234;195mmemory: 37.12GiB(46.73%)  [34mtps: 4,607  [36mtflops: 222.29  [35mmfu: 22.48%[39m
[rank0]:[titan] 2026-03-17 10:48:34,882 - root - INFO - [31mstep: 825  [32mloss:  2.7188  [38;2;180;60;0mgrad_norm:  2.5617  [38;2;54;234;195mmemory: 37.12GiB(46.73%)  [34mtps: 4,566  [36mtflops: 220.29  [35mmfu: 22.27%[39m
[rank0]:[titan] 2026-03-17 10:48:35,327 - root - INFO - [31mstep: 826  [32mloss:  2.7656  [38;2;180;60;0mgrad_norm:  3.7739  [38;2;54;234;195mmemory: 37.12GiB(46.73%)  [34mtps: 4,607  [36mtflops: 222.30  [35mmfu: 22.48%[39m
[rank0]:[titan] 2026-03-17 10:48:35,774 - root - INFO - [31mstep: 827  [32mloss:  2.7812  [38;2;180;60;0mgrad_norm:  3.4159  [38;2;54;234;195mmemory: 37.12GiB(46.73%)  [34mtps: 4,583  [36mtflops: 221.15  [35mmfu: 22.36%[39m
[rank0]:[titan] 2026-03-17 10:48:36,219 - root - INFO - [31mstep: 828  [32mloss:  2.8438  [38;2;180;60;0mgrad_norm:  2.5528  [38;2;54;234;195mmemory: 37.12GiB(46.73%)  [34mtps: 4,610  [36mtflops: 222.42  [35mmfu: 22.49%[39m
[rank0]:[titan] 2026-03-17 10:48:36,667 - root - INFO - [31mstep: 829  [32mloss:  2.7812  [38;2;180;60;0mgrad_norm:  2.5707  [38;2;54;234;195mmemory: 37.12GiB(46.73%)  [34mtps: 4,573  [36mtflops: 220.64  [35mmfu: 22.31%[39m
[rank0]:[titan] 2026-03-17 10:48:37,122 - root - INFO - [31mstep: 830  [32mloss:  2.7500  [38;2;180;60;0mgrad_norm:  2.2079  [38;2;54;234;195mmemory: 37.12GiB(46.73%)  [34mtps: 4,505  [36mtflops: 217.37  [35mmfu: 21.98%[39m
[rank0]:[titan] 2026-03-17 10:48:37,568 - root - INFO - [31mstep: 831  [32mloss:  2.7188  [38;2;180;60;0mgrad_norm:  2.0222  [38;2;54;234;195mmemory: 37.12GiB(46.73%)  [34mtps: 4,596  [36mtflops: 221.76  [35mmfu: 22.42%[39m
[rank0]:[titan] 2026-03-17 10:48:38,015 - root - INFO - [31mstep: 832  [32mloss:  2.7812  [38;2;180;60;0mgrad_norm:  2.7927  [38;2;54;234;195mmemory: 37.12GiB(46.73%)  [34mtps: 4,586  [36mtflops: 221.27  [35mmfu: 22.37%[39m
[rank0]:[titan] 2026-03-17 10:48:38,463 - root - INFO - [31mstep: 833  [32mloss:  2.7812  [38;2;180;60;0mgrad_norm:  2.4890  [38;2;54;234;195mmemory: 37.12GiB(46.73%)  [34mtps: 4,585  [36mtflops: 221.23  [35mmfu: 22.37%[39m
[rank0]:[titan] 2026-03-17 10:48:38,907 - root - INFO - [31mstep: 834  [32mloss:  2.7500  [38;2;180;60;0mgrad_norm:  1.8874  [38;2;54;234;195mmemory: 37.12GiB(46.73%)  [34mtps: 4,609  [36mtflops: 222.40  [35mmfu: 22.49%[39m
[rank0]:[titan] 2026-03-17 10:48:39,354 - root - INFO - [31mstep: 835  [32mloss:  2.7812  [38;2;180;60;0mgrad_norm:  2.0918  [38;2;54;234;195mmemory: 37.12GiB(46.73%)  [34mtps: 4,586  [36mtflops: 221.30  [35mmfu: 22.38%[39m
[rank0]:[titan] 2026-03-17 10:48:39,820 - root - INFO - [31mstep: 836  [32mloss:  2.8125  [38;2;180;60;0mgrad_norm:  2.4574  [38;2;54;234;195mmemory: 37.12GiB(46.73%)  [34mtps: 4,401  [36mtflops: 212.36  [35mmfu: 21.47%[39m
[rank0]:[titan] 2026-03-17 10:48:40,275 - root - INFO - [31mstep: 837  [32mloss:  2.8281  [38;2;180;60;0mgrad_norm:  2.3930  [38;2;54;234;195mmemory: 37.12GiB(46.73%)  [34mtps: 4,503  [36mtflops: 217.25  [35mmfu: 21.97%[39m
[rank0]:[titan] 2026-03-17 10:48:40,727 - root - INFO - [31mstep: 838  [32mloss:  2.8281  [38;2;180;60;0mgrad_norm:  2.2574  [38;2;54;234;195mmemory: 37.12GiB(46.73%)  [34mtps: 4,542  [36mtflops: 219.15  [35mmfu: 22.16%[39m
[rank0]:[titan] 2026-03-17 10:48:41,172 - root - INFO - [31mstep: 839  [32mloss:  2.7656  [38;2;180;60;0mgrad_norm:  2.0098  [38;2;54;234;195mmemory: 37.12GiB(46.73%)  [34mtps: 4,607  [36mtflops: 222.29  [35mmfu: 22.48%[39m
[rank0]:[titan] 2026-03-17 10:48:41,623 - root - INFO - [31mstep: 840  [32mloss:  2.7812  [38;2;180;60;0mgrad_norm:  2.5657  [38;2;54;234;195mmemory: 37.12GiB(46.73%)  [34mtps: 4,545  [36mtflops: 219.29  [35mmfu: 22.17%[39m
[rank0]:[titan] 2026-03-17 10:48:42,068 - root - INFO - [31mstep: 841  [32mloss:  2.7656  [38;2;180;60;0mgrad_norm:  1.8328  [38;2;54;234;195mmemory: 37.12GiB(46.73%)  [34mtps: 4,611  [36mtflops: 222.46  [35mmfu: 22.49%[39m
[rank0]:[titan] 2026-03-17 10:48:42,514 - root - INFO - [31mstep: 842  [32mloss:  2.7188  [38;2;180;60;0mgrad_norm:  2.1493  [38;2;54;234;195mmemory: 37.12GiB(46.73%)  [34mtps: 4,595  [36mtflops: 221.69  [35mmfu: 22.42%[39m
[rank0]:[titan] 2026-03-17 10:48:42,957 - root - INFO - [31mstep: 843  [32mloss:  2.7031  [38;2;180;60;0mgrad_norm:  2.1397  [38;2;54;234;195mmemory: 37.12GiB(46.73%)  [34mtps: 4,624  [36mtflops: 223.11  [35mmfu: 22.56%[39m
[rank0]:[titan] 2026-03-17 10:48:43,412 - root - INFO - [31mstep: 844  [32mloss:  2.7656  [38;2;180;60;0mgrad_norm:  2.1120  [38;2;54;234;195mmemory: 37.12GiB(46.73%)  [34mtps: 4,507  [36mtflops: 217.46  [35mmfu: 21.99%[39m
[rank0]:[titan] 2026-03-17 10:48:43,857 - root - INFO - [31mstep: 845  [32mloss:  2.8125  [38;2;180;60;0mgrad_norm:  2.6626  [38;2;54;234;195mmemory: 37.12GiB(46.73%)  [34mtps: 4,607  [36mtflops: 222.31  [35mmfu: 22.48%[39m
[rank0]:[titan] 2026-03-17 10:48:43,858 - root - WARNING - Dataset c4_test is being re-looped
[rank0]:[titan] 2026-03-17 10:48:44,305 - root - INFO - [31mstep: 846  [32mloss:  2.7656  [38;2;180;60;0mgrad_norm:  2.0842  [38;2;54;234;195mmemory: 37.12GiB(46.73%)  [34mtps: 4,580  [36mtflops: 220.99  [35mmfu: 22.34%[39m
[rank0]:[titan] 2026-03-17 10:48:44,749 - root - INFO - [31mstep: 847  [32mloss:  2.7969  [38;2;180;60;0mgrad_norm:  1.8722  [38;2;54;234;195mmemory: 37.12GiB(46.73%)  [34mtps: 4,614  [36mtflops: 222.63  [35mmfu: 22.51%[39m
[rank0]:[titan] 2026-03-17 10:48:45,195 - root - INFO - [31mstep: 848  [32mloss:  2.7812  [38;2;180;60;0mgrad_norm:  1.7936  [38;2;54;234;195mmemory: 37.12GiB(46.73%)  [34mtps: 4,597  [36mtflops: 221.81  [35mmfu: 22.43%[39m
[rank0]:[titan] 2026-03-17 10:48:45,643 - root - INFO - [31mstep: 849  [32mloss:  2.7188  [38;2;180;60;0mgrad_norm:  1.5798  [38;2;54;234;195mmemory: 37.12GiB(46.73%)  [34mtps: 4,573  [36mtflops: 220.67  [35mmfu: 22.31%[39m
[rank0]:[titan] 2026-03-17 10:48:46,089 - root - INFO - [31mstep: 850  [32mloss:  2.7500  [38;2;180;60;0mgrad_norm:  1.7200  [38;2;54;234;195mmemory: 37.12GiB(46.73%)  [34mtps: 4,605  [36mtflops: 222.20  [35mmfu: 22.47%[39m
[rank0]:[titan] 2026-03-17 10:48:46,538 - root - INFO - [31mstep: 851  [32mloss:  2.7500  [38;2;180;60;0mgrad_norm:  1.8795  [38;2;54;234;195mmemory: 37.12GiB(46.73%)  [34mtps: 4,558  [36mtflops: 219.92  [35mmfu: 22.24%[39m
[rank0]:[titan] 2026-03-17 10:48:46,987 - root - INFO - [31mstep: 852  [32mloss:  2.7031  [38;2;180;60;0mgrad_norm:  1.5768  [38;2;54;234;195mmemory: 37.12GiB(46.73%)  [34mtps: 4,568  [36mtflops: 220.41  [35mmfu: 22.29%[39m
[rank0]:[titan] 2026-03-17 10:48:47,625 - root - INFO - [31mstep: 853  [32mloss:  2.7500  [38;2;180;60;0mgrad_norm:  1.5935  [38;2;54;234;195mmemory: 37.12GiB(46.73%)  [34mtps: 3,215  [36mtflops: 155.10  [35mmfu: 15.68%[39m
[rank0]:[titan] 2026-03-17 10:48:48,073 - root - INFO - [31mstep: 854  [32mloss:  2.7031  [38;2;180;60;0mgrad_norm:  1.6556  [38;2;54;234;195mmemory: 37.12GiB(46.73%)  [34mtps: 4,580  [36mtflops: 220.98  [35mmfu: 22.34%[39m
[rank0]:[titan] 2026-03-17 10:48:48,526 - root - INFO - [31mstep: 855  [32mloss:  2.7188  [38;2;180;60;0mgrad_norm:  1.9196  [38;2;54;234;195mmemory: 37.12GiB(46.73%)  [34mtps: 4,527  [36mtflops: 218.42  [35mmfu: 22.08%[39m
[rank0]:[titan] 2026-03-17 10:48:48,980 - root - INFO - [31mstep: 856  [32mloss:  2.7344  [38;2;180;60;0mgrad_norm:  1.6789  [38;2;54;234;195mmemory: 37.12GiB(46.73%)  [34mtps: 4,536  [36mtflops: 218.85  [35mmfu: 22.13%[39m
[rank0]:[titan] 2026-03-17 10:48:49,639 - root - INFO - [31mstep: 857  [32mloss:  2.7188  [38;2;180;60;0mgrad_norm:  1.9842  [38;2;54;234;195mmemory: 37.12GiB(46.73%)  [34mtps: 3,114  [36mtflops: 150.26  [35mmfu: 15.19%[39m
[rank0]:[titan] 2026-03-17 10:48:50,084 - root - INFO - [31mstep: 858  [32mloss:  2.7656  [38;2;180;60;0mgrad_norm:  1.8837  [38;2;54;234;195mmemory: 37.12GiB(46.73%)  [34mtps: 4,604  [36mtflops: 222.14  [35mmfu: 22.46%[39m
[rank0]:[titan] 2026-03-17 10:48:50,535 - root - INFO - [31mstep: 859  [32mloss:  2.7969  [38;2;180;60;0mgrad_norm:  1.4750  [38;2;54;234;195mmemory: 37.12GiB(46.73%)  [34mtps: 4,551  [36mtflops: 219.58  [35mmfu: 22.20%[39m
[rank0]:[titan] 2026-03-17 10:48:50,981 - root - INFO - [31mstep: 860  [32mloss:  2.7812  [38;2;180;60;0mgrad_norm:  1.5004  [38;2;54;234;195mmemory: 37.12GiB(46.73%)  [34mtps: 4,598  [36mtflops: 221.87  [35mmfu: 22.43%[39m
[rank0]:[titan] 2026-03-17 10:48:51,426 - root - INFO - [31mstep: 861  [32mloss:  2.9219  [38;2;180;60;0mgrad_norm:  1.9020  [38;2;54;234;195mmemory: 37.12GiB(46.73%)  [34mtps: 4,610  [36mtflops: 222.46  [35mmfu: 22.49%[39m
[rank0]:[titan] 2026-03-17 10:48:51,877 - root - INFO - [31mstep: 862  [32mloss:  2.8281  [38;2;180;60;0mgrad_norm:  1.5590  [38;2;54;234;195mmemory: 37.12GiB(46.73%)  [34mtps: 4,545  [36mtflops: 219.32  [35mmfu: 22.18%[39m
[rank0]:[titan] 2026-03-17 10:48:52,323 - root - INFO - [31mstep: 863  [32mloss:  2.7969  [38;2;180;60;0mgrad_norm:  1.6652  [38;2;54;234;195mmemory: 37.12GiB(46.73%)  [34mtps: 4,597  [36mtflops: 221.81  [35mmfu: 22.43%[39m
[rank0]:[titan] 2026-03-17 10:48:52,771 - root - INFO - [31mstep: 864  [32mloss:  2.7656  [38;2;180;60;0mgrad_norm:  1.3427  [38;2;54;234;195mmemory: 37.12GiB(46.73%)  [34mtps: 4,569  [36mtflops: 220.47  [35mmfu: 22.29%[39m
[rank0]:[titan] 2026-03-17 10:48:53,223 - root - INFO - [31mstep: 865  [32mloss:  2.7656  [38;2;180;60;0mgrad_norm:  2.6024  [38;2;54;234;195mmemory: 37.12GiB(46.73%)  [34mtps: 4,540  [36mtflops: 219.05  [35mmfu: 22.15%[39m
[rank0]:[titan] 2026-03-17 10:48:53,669 - root - INFO - [31mstep: 866  [32mloss:  2.7656  [38;2;180;60;0mgrad_norm:  1.5158  [38;2;54;234;195mmemory: 37.12GiB(46.73%)  [34mtps: 4,602  [36mtflops: 222.06  [35mmfu: 22.45%[39m
[rank0]:[titan] 2026-03-17 10:48:54,114 - root - INFO - [31mstep: 867  [32mloss:  2.7500  [38;2;180;60;0mgrad_norm:  2.4196  [38;2;54;234;195mmemory: 37.12GiB(46.73%)  [34mtps: 4,606  [36mtflops: 222.24  [35mmfu: 22.47%[39m
[rank0]:[titan] 2026-03-17 10:48:54,563 - root - INFO - [31mstep: 868  [32mloss:  2.7656  [38;2;180;60;0mgrad_norm:  2.7664  [38;2;54;234;195mmemory: 37.12GiB(46.73%)  [34mtps: 4,561  [36mtflops: 220.08  [35mmfu: 22.25%[39m
[rank0]:[titan] 2026-03-17 10:48:55,008 - root - INFO - [31mstep: 869  [32mloss:  2.7344  [38;2;180;60;0mgrad_norm:  1.9222  [38;2;54;234;195mmemory: 37.12GiB(46.73%)  [34mtps: 4,604  [36mtflops: 222.15  [35mmfu: 22.46%[39m
[rank0]:[titan] 2026-03-17 10:48:55,455 - root - INFO - [31mstep: 870  [32mloss:  2.8281  [38;2;180;60;0mgrad_norm:  2.7964  [38;2;54;234;195mmemory: 37.12GiB(46.73%)  [34mtps: 4,597  [36mtflops: 221.80  [35mmfu: 22.43%[39m
[rank0]:[titan] 2026-03-17 10:48:55,899 - root - INFO - [31mstep: 871  [32mloss:  2.8438  [38;2;180;60;0mgrad_norm:  2.0568  [38;2;54;234;195mmemory: 37.12GiB(46.73%)  [34mtps: 4,608  [36mtflops: 222.34  [35mmfu: 22.48%[39m
[rank0]:[titan] 2026-03-17 10:48:56,346 - root - INFO - [31mstep: 872  [32mloss:  2.7812  [38;2;180;60;0mgrad_norm:  2.3640  [38;2;54;234;195mmemory: 37.12GiB(46.73%)  [34mtps: 4,589  [36mtflops: 221.43  [35mmfu: 22.39%[39m
[rank0]:[titan] 2026-03-17 10:48:56,792 - root - INFO - [31mstep: 873  [32mloss:  2.7344  [38;2;180;60;0mgrad_norm:  2.4386  [38;2;54;234;195mmemory: 37.12GiB(46.73%)  [34mtps: 4,597  [36mtflops: 221.82  [35mmfu: 22.43%[39m
[rank0]:[titan] 2026-03-17 10:48:57,237 - root - INFO - [31mstep: 874  [32mloss:  2.7344  [38;2;180;60;0mgrad_norm:  1.9263  [38;2;54;234;195mmemory: 37.12GiB(46.73%)  [34mtps: 4,607  [36mtflops: 222.27  [35mmfu: 22.47%[39m
[rank0]:[titan] 2026-03-17 10:48:57,689 - root - INFO - [31mstep: 875  [32mloss:  2.7344  [38;2;180;60;0mgrad_norm:  1.9296  [38;2;54;234;195mmemory: 37.12GiB(46.73%)  [34mtps: 4,540  [36mtflops: 219.08  [35mmfu: 22.15%[39m
[rank0]:[titan] 2026-03-17 10:48:58,140 - root - INFO - [31mstep: 876  [32mloss:  2.7031  [38;2;180;60;0mgrad_norm:  1.8474  [38;2;54;234;195mmemory: 37.12GiB(46.73%)  [34mtps: 4,541  [36mtflops: 219.11  [35mmfu: 22.15%[39m
[rank0]:[titan] 2026-03-17 10:48:58,586 - root - INFO - [31mstep: 877  [32mloss:  2.7969  [38;2;180;60;0mgrad_norm:  1.7239  [38;2;54;234;195mmemory: 37.12GiB(46.73%)  [34mtps: 4,599  [36mtflops: 221.91  [35mmfu: 22.44%[39m
[rank0]:[titan] 2026-03-17 10:48:59,032 - root - INFO - [31mstep: 878  [32mloss:  2.7656  [38;2;180;60;0mgrad_norm:  1.7219  [38;2;54;234;195mmemory: 37.12GiB(46.73%)  [34mtps: 4,596  [36mtflops: 221.78  [35mmfu: 22.42%[39m
[rank0]:[titan] 2026-03-17 10:48:59,476 - root - INFO - [31mstep: 879  [32mloss:  2.7812  [38;2;180;60;0mgrad_norm:  1.6653  [38;2;54;234;195mmemory: 37.12GiB(46.73%)  [34mtps: 4,618  [36mtflops: 222.83  [35mmfu: 22.53%[39m
[rank0]:[titan] 2026-03-17 10:48:59,923 - root - INFO - [31mstep: 880  [32mloss:  2.7656  [38;2;180;60;0mgrad_norm:  1.7183  [38;2;54;234;195mmemory: 37.12GiB(46.73%)  [34mtps: 4,586  [36mtflops: 221.26  [35mmfu: 22.37%[39m
[rank0]:[titan] 2026-03-17 10:49:00,371 - root - INFO - [31mstep: 881  [32mloss:  2.8906  [38;2;180;60;0mgrad_norm:  2.3691  [38;2;54;234;195mmemory: 37.12GiB(46.73%)  [34mtps: 4,579  [36mtflops: 220.96  [35mmfu: 22.34%[39m
[rank0]:[titan] 2026-03-17 10:49:00,817 - root - INFO - [31mstep: 882  [32mloss:  2.7500  [38;2;180;60;0mgrad_norm:  2.3059  [38;2;54;234;195mmemory: 37.12GiB(46.73%)  [34mtps: 4,593  [36mtflops: 221.62  [35mmfu: 22.41%[39m
[rank0]:[titan] 2026-03-17 10:49:01,264 - root - INFO - [31mstep: 883  [32mloss:  2.7969  [38;2;180;60;0mgrad_norm:  2.7223  [38;2;54;234;195mmemory: 37.12GiB(46.73%)  [34mtps: 4,586  [36mtflops: 221.26  [35mmfu: 22.37%[39m
[rank0]:[titan] 2026-03-17 10:49:01,712 - root - INFO - [31mstep: 884  [32mloss:  2.7812  [38;2;180;60;0mgrad_norm:  2.7300  [38;2;54;234;195mmemory: 37.12GiB(46.73%)  [34mtps: 4,582  [36mtflops: 221.08  [35mmfu: 22.35%[39m
[rank0]:[titan] 2026-03-17 10:49:02,176 - root - INFO - [31mstep: 885  [32mloss:  2.8438  [38;2;180;60;0mgrad_norm:  2.1896  [38;2;54;234;195mmemory: 37.12GiB(46.73%)  [34mtps: 4,419  [36mtflops: 213.23  [35mmfu: 21.56%[39m
[rank0]:[titan] 2026-03-17 10:49:02,623 - root - INFO - [31mstep: 886  [32mloss:  2.8281  [38;2;180;60;0mgrad_norm:  2.5142  [38;2;54;234;195mmemory: 37.12GiB(46.73%)  [34mtps: 4,581  [36mtflops: 221.05  [35mmfu: 22.35%[39m
[rank0]:[titan] 2026-03-17 10:49:03,070 - root - INFO - [31mstep: 887  [32mloss:  2.7969  [38;2;180;60;0mgrad_norm:  3.1957  [38;2;54;234;195mmemory: 37.12GiB(46.73%)  [34mtps: 4,589  [36mtflops: 221.42  [35mmfu: 22.39%[39m
[rank0]:[titan] 2026-03-17 10:49:03,516 - root - INFO - [31mstep: 888  [32mloss:  2.7500  [38;2;180;60;0mgrad_norm:  2.2361  [38;2;54;234;195mmemory: 37.12GiB(46.73%)  [34mtps: 4,599  [36mtflops: 221.93  [35mmfu: 22.44%[39m
[rank0]:[titan] 2026-03-17 10:49:03,972 - root - INFO - [31mstep: 889  [32mloss:  2.8438  [38;2;180;60;0mgrad_norm:  2.6683  [38;2;54;234;195mmemory: 37.12GiB(46.73%)  [34mtps: 4,490  [36mtflops: 216.66  [35mmfu: 21.91%[39m
[rank0]:[titan] 2026-03-17 10:49:04,420 - root - INFO - [31mstep: 890  [32mloss:  2.7969  [38;2;180;60;0mgrad_norm:  2.7578  [38;2;54;234;195mmemory: 37.12GiB(46.73%)  [34mtps: 4,576  [36mtflops: 220.78  [35mmfu: 22.32%[39m
[rank0]:[titan] 2026-03-17 10:49:04,866 - root - INFO - [31mstep: 891  [32mloss:  2.8125  [38;2;180;60;0mgrad_norm:  1.8672  [38;2;54;234;195mmemory: 37.12GiB(46.73%)  [34mtps: 4,597  [36mtflops: 221.83  [35mmfu: 22.43%[39m
[rank0]:[titan] 2026-03-17 10:49:05,320 - root - INFO - [31mstep: 892  [32mloss:  2.8594  [38;2;180;60;0mgrad_norm:  2.2085  [38;2;54;234;195mmemory: 37.12GiB(46.73%)  [34mtps: 4,521  [36mtflops: 218.13  [35mmfu: 22.06%[39m
[rank0]:[titan] 2026-03-17 10:49:05,769 - root - INFO - [31mstep: 893  [32mloss:  2.8125  [38;2;180;60;0mgrad_norm:  2.3783  [38;2;54;234;195mmemory: 37.12GiB(46.73%)  [34mtps: 4,567  [36mtflops: 220.34  [35mmfu: 22.28%[39m
[rank0]:[titan] 2026-03-17 10:49:06,221 - root - INFO - [31mstep: 894  [32mloss:  2.7969  [38;2;180;60;0mgrad_norm:  2.1597  [38;2;54;234;195mmemory: 37.12GiB(46.73%)  [34mtps: 4,529  [36mtflops: 218.55  [35mmfu: 22.10%[39m
[rank0]:[titan] 2026-03-17 10:49:06,667 - root - INFO - [31mstep: 895  [32mloss:  2.7969  [38;2;180;60;0mgrad_norm:  1.6285  [38;2;54;234;195mmemory: 37.12GiB(46.73%)  [34mtps: 4,601  [36mtflops: 222.01  [35mmfu: 22.45%[39m
[rank0]:[titan] 2026-03-17 10:49:07,111 - root - INFO - [31mstep: 896  [32mloss:  2.7656  [38;2;180;60;0mgrad_norm:  2.1152  [38;2;54;234;195mmemory: 37.12GiB(46.73%)  [34mtps: 4,622  [36mtflops: 222.99  [35mmfu: 22.55%[39m
[rank0]:[titan] 2026-03-17 10:49:07,555 - root - INFO - [31mstep: 897  [32mloss:  2.7344  [38;2;180;60;0mgrad_norm:  1.6423  [38;2;54;234;195mmemory: 37.12GiB(46.73%)  [34mtps: 4,614  [36mtflops: 222.64  [35mmfu: 22.51%[39m
[rank0]:[titan] 2026-03-17 10:49:08,002 - root - INFO - [31mstep: 898  [32mloss:  2.8281  [38;2;180;60;0mgrad_norm:  2.1539  [38;2;54;234;195mmemory: 37.12GiB(46.73%)  [34mtps: 4,584  [36mtflops: 221.17  [35mmfu: 22.36%[39m
[rank0]:[titan] 2026-03-17 10:49:08,448 - root - INFO - [31mstep: 899  [32mloss:  2.7656  [38;2;180;60;0mgrad_norm:  2.3571  [38;2;54;234;195mmemory: 37.12GiB(46.73%)  [34mtps: 4,593  [36mtflops: 221.64  [35mmfu: 22.41%[39m
[rank0]:[titan] 2026-03-17 10:49:08,895 - root - INFO - [31mstep: 900  [32mloss:  2.7500  [38;2;180;60;0mgrad_norm:  1.8032  [38;2;54;234;195mmemory: 37.12GiB(46.73%)  [34mtps: 4,587  [36mtflops: 221.30  [35mmfu: 22.38%[39m
[rank0]:[titan] 2026-03-17 10:49:09,343 - root - INFO - [31mstep: 901  [32mloss:  2.8281  [38;2;180;60;0mgrad_norm:  1.7294  [38;2;54;234;195mmemory: 37.12GiB(46.73%)  [34mtps: 4,577  [36mtflops: 220.84  [35mmfu: 22.33%[39m
[rank0]:[titan] 2026-03-17 10:49:09,791 - root - INFO - [31mstep: 902  [32mloss:  2.7969  [38;2;180;60;0mgrad_norm:  2.3837  [38;2;54;234;195mmemory: 37.12GiB(46.73%)  [34mtps: 4,577  [36mtflops: 220.84  [35mmfu: 22.33%[39m
[rank0]:[titan] 2026-03-17 10:49:10,242 - root - INFO - [31mstep: 903  [32mloss:  2.7812  [38;2;180;60;0mgrad_norm:  1.9775  [38;2;54;234;195mmemory: 37.12GiB(46.73%)  [34mtps: 4,544  [36mtflops: 219.25  [35mmfu: 22.17%[39m
[rank0]:[titan] 2026-03-17 10:49:10,690 - root - INFO - [31mstep: 904  [32mloss:  2.7500  [38;2;180;60;0mgrad_norm:  2.2547  [38;2;54;234;195mmemory: 37.12GiB(46.73%)  [34mtps: 4,577  [36mtflops: 220.83  [35mmfu: 22.33%[39m
[rank0]:[titan] 2026-03-17 10:49:11,135 - root - INFO - [31mstep: 905  [32mloss:  2.7656  [38;2;180;60;0mgrad_norm:  2.5195  [38;2;54;234;195mmemory: 37.12GiB(46.73%)  [34mtps: 4,610  [36mtflops: 222.46  [35mmfu: 22.49%[39m
[rank0]:[titan] 2026-03-17 10:49:11,581 - root - INFO - [31mstep: 906  [32mloss:  2.7188  [38;2;180;60;0mgrad_norm:  1.8161  [38;2;54;234;195mmemory: 37.12GiB(46.73%)  [34mtps: 4,593  [36mtflops: 221.63  [35mmfu: 22.41%[39m
[rank0]:[titan] 2026-03-17 10:49:12,028 - root - INFO - [31mstep: 907  [32mloss:  2.7031  [38;2;180;60;0mgrad_norm:  1.8908  [38;2;54;234;195mmemory: 37.12GiB(46.73%)  [34mtps: 4,587  [36mtflops: 221.34  [35mmfu: 22.38%[39m
[rank0]:[titan] 2026-03-17 10:49:12,474 - root - INFO - [31mstep: 908  [32mloss:  2.6875  [38;2;180;60;0mgrad_norm:  2.0393  [38;2;54;234;195mmemory: 37.12GiB(46.73%)  [34mtps: 4,599  [36mtflops: 221.91  [35mmfu: 22.44%[39m
[rank0]:[titan] 2026-03-17 10:49:12,925 - root - INFO - [31mstep: 909  [32mloss:  2.7656  [38;2;180;60;0mgrad_norm:  1.4430  [38;2;54;234;195mmemory: 37.12GiB(46.73%)  [34mtps: 4,546  [36mtflops: 219.37  [35mmfu: 22.18%[39m
[rank0]:[titan] 2026-03-17 10:49:13,372 - root - INFO - [31mstep: 910  [32mloss:  2.7656  [38;2;180;60;0mgrad_norm:  2.6439  [38;2;54;234;195mmemory: 37.12GiB(46.73%)  [34mtps: 4,587  [36mtflops: 221.34  [35mmfu: 22.38%[39m
[rank0]:[titan] 2026-03-17 10:49:13,818 - root - INFO - [31mstep: 911  [32mloss:  2.7500  [38;2;180;60;0mgrad_norm:  2.7067  [38;2;54;234;195mmemory: 37.12GiB(46.73%)  [34mtps: 4,602  [36mtflops: 222.04  [35mmfu: 22.45%[39m
[rank0]:[titan] 2026-03-17 10:49:14,264 - root - INFO - [31mstep: 912  [32mloss:  2.7812  [38;2;180;60;0mgrad_norm:  1.8898  [38;2;54;234;195mmemory: 37.12GiB(46.73%)  [34mtps: 4,592  [36mtflops: 221.56  [35mmfu: 22.40%[39m
[rank0]:[titan] 2026-03-17 10:49:14,709 - root - INFO - [31mstep: 913  [32mloss:  2.7812  [38;2;180;60;0mgrad_norm:  2.2041  [38;2;54;234;195mmemory: 37.12GiB(46.73%)  [34mtps: 4,603  [36mtflops: 222.08  [35mmfu: 22.46%[39m
[rank0]:[titan] 2026-03-17 10:49:15,159 - root - INFO - [31mstep: 914  [32mloss:  2.7812  [38;2;180;60;0mgrad_norm:  2.2584  [38;2;54;234;195mmemory: 37.12GiB(46.73%)  [34mtps: 4,558  [36mtflops: 219.92  [35mmfu: 22.24%[39m
[rank0]:[titan] 2026-03-17 10:49:15,606 - root - INFO - [31mstep: 915  [32mloss:  2.7500  [38;2;180;60;0mgrad_norm:  1.5524  [38;2;54;234;195mmemory: 37.12GiB(46.73%)  [34mtps: 4,585  [36mtflops: 221.21  [35mmfu: 22.37%[39m
[rank0]:[titan] 2026-03-17 10:49:16,054 - root - INFO - [31mstep: 916  [32mloss:  2.8750  [38;2;180;60;0mgrad_norm:  3.1217  [38;2;54;234;195mmemory: 37.12GiB(46.73%)  [34mtps: 4,580  [36mtflops: 220.97  [35mmfu: 22.34%[39m
[rank0]:[titan] 2026-03-17 10:49:16,505 - root - INFO - [31mstep: 917  [32mloss:  2.9219  [38;2;180;60;0mgrad_norm:  3.5543  [38;2;54;234;195mmemory: 37.12GiB(46.73%)  [34mtps: 4,550  [36mtflops: 219.56  [35mmfu: 22.20%[39m
[rank0]:[titan] 2026-03-17 10:49:16,952 - root - INFO - [31mstep: 918  [32mloss:  2.8906  [38;2;180;60;0mgrad_norm:  2.2109  [38;2;54;234;195mmemory: 37.12GiB(46.73%)  [34mtps: 4,585  [36mtflops: 221.25  [35mmfu: 22.37%[39m
[rank0]:[titan] 2026-03-17 10:49:17,400 - root - INFO - [31mstep: 919  [32mloss:  2.7500  [38;2;180;60;0mgrad_norm:  2.0334  [38;2;54;234;195mmemory: 37.12GiB(46.73%)  [34mtps: 4,579  [36mtflops: 220.95  [35mmfu: 22.34%[39m
[rank0]:[titan] 2026-03-17 10:49:17,858 - root - INFO - [31mstep: 920  [32mloss:  2.7500  [38;2;180;60;0mgrad_norm:  2.2878  [38;2;54;234;195mmemory: 37.12GiB(46.73%)  [34mtps: 4,478  [36mtflops: 216.05  [35mmfu: 21.85%[39m
[rank0]:[titan] 2026-03-17 10:49:18,312 - root - INFO - [31mstep: 921  [32mloss:  2.7188  [38;2;180;60;0mgrad_norm:  1.5928  [38;2;54;234;195mmemory: 37.12GiB(46.73%)  [34mtps: 4,515  [36mtflops: 217.84  [35mmfu: 22.03%[39m
[rank0]:[titan] 2026-03-17 10:49:18,756 - root - INFO - [31mstep: 922  [32mloss:  2.7344  [38;2;180;60;0mgrad_norm:  1.6997  [38;2;54;234;195mmemory: 37.12GiB(46.73%)  [34mtps: 4,613  [36mtflops: 222.59  [35mmfu: 22.51%[39m
[rank0]:[titan] 2026-03-17 10:49:19,203 - root - INFO - [31mstep: 923  [32mloss:  2.7812  [38;2;180;60;0mgrad_norm:  1.6509  [38;2;54;234;195mmemory: 37.12GiB(46.73%)  [34mtps: 4,583  [36mtflops: 221.16  [35mmfu: 22.36%[39m
[rank0]:[titan] 2026-03-17 10:49:19,651 - root - INFO - [31mstep: 924  [32mloss:  2.7656  [38;2;180;60;0mgrad_norm:  2.1127  [38;2;54;234;195mmemory: 37.12GiB(46.73%)  [34mtps: 4,579  [36mtflops: 220.94  [35mmfu: 22.34%[39m
[rank0]:[titan] 2026-03-17 10:49:20,095 - root - INFO - [31mstep: 925  [32mloss:  2.7812  [38;2;180;60;0mgrad_norm:  1.9951  [38;2;54;234;195mmemory: 37.12GiB(46.73%)  [34mtps: 4,617  [36mtflops: 222.79  [35mmfu: 22.53%[39m
[rank0]:[titan] 2026-03-17 10:49:20,542 - root - INFO - [31mstep: 926  [32mloss:  2.7969  [38;2;180;60;0mgrad_norm:  1.9277  [38;2;54;234;195mmemory: 37.12GiB(46.73%)  [34mtps: 4,591  [36mtflops: 221.53  [35mmfu: 22.40%[39m
[rank0]:[titan] 2026-03-17 10:49:20,995 - root - INFO - [31mstep: 927  [32mloss:  2.8281  [38;2;180;60;0mgrad_norm:  2.2440  [38;2;54;234;195mmemory: 37.12GiB(46.73%)  [34mtps: 4,521  [36mtflops: 218.14  [35mmfu: 22.06%[39m
[rank0]:[titan] 2026-03-17 10:49:21,441 - root - INFO - [31mstep: 928  [32mloss:  2.7656  [38;2;180;60;0mgrad_norm:  2.2966  [38;2;54;234;195mmemory: 37.12GiB(46.73%)  [34mtps: 4,605  [36mtflops: 222.22  [35mmfu: 22.47%[39m
[rank0]:[titan] 2026-03-17 10:49:21,886 - root - INFO - [31mstep: 929  [32mloss:  2.7812  [38;2;180;60;0mgrad_norm:  1.9889  [38;2;54;234;195mmemory: 37.12GiB(46.73%)  [34mtps: 4,603  [36mtflops: 222.08  [35mmfu: 22.46%[39m
[rank0]:[titan] 2026-03-17 10:49:22,333 - root - INFO - [31mstep: 930  [32mloss:  2.6875  [38;2;180;60;0mgrad_norm:  1.8666  [38;2;54;234;195mmemory: 37.12GiB(46.73%)  [34mtps: 4,592  [36mtflops: 221.57  [35mmfu: 22.40%[39m
[rank0]:[titan] 2026-03-17 10:49:22,780 - root - INFO - [31mstep: 931  [32mloss:  2.6875  [38;2;180;60;0mgrad_norm:  2.1703  [38;2;54;234;195mmemory: 37.12GiB(46.73%)  [34mtps: 4,579  [36mtflops: 220.93  [35mmfu: 22.34%[39m
[rank0]:[titan] 2026-03-17 10:49:23,225 - root - INFO - [31mstep: 932  [32mloss:  2.6875  [38;2;180;60;0mgrad_norm:  2.0778  [38;2;54;234;195mmemory: 37.12GiB(46.73%)  [34mtps: 4,612  [36mtflops: 222.54  [35mmfu: 22.50%[39m
[rank0]:[titan] 2026-03-17 10:49:23,671 - root - INFO - [31mstep: 933  [32mloss:  2.8125  [38;2;180;60;0mgrad_norm:  1.6571  [38;2;54;234;195mmemory: 37.12GiB(46.73%)  [34mtps: 4,592  [36mtflops: 221.55  [35mmfu: 22.40%[39m
[rank0]:[titan] 2026-03-17 10:49:24,122 - root - INFO - [31mstep: 934  [32mloss:  2.7031  [38;2;180;60;0mgrad_norm:  2.1421  [38;2;54;234;195mmemory: 37.12GiB(46.73%)  [34mtps: 4,550  [36mtflops: 219.55  [35mmfu: 22.20%[39m
[rank0]:[titan] 2026-03-17 10:49:24,569 - root - INFO - [31mstep: 935  [32mloss:  2.7656  [38;2;180;60;0mgrad_norm:  1.8196  [38;2;54;234;195mmemory: 37.12GiB(46.73%)  [34mtps: 4,585  [36mtflops: 221.21  [35mmfu: 22.37%[39m
[rank0]:[titan] 2026-03-17 10:49:25,021 - root - INFO - [31mstep: 936  [32mloss:  2.8125  [38;2;180;60;0mgrad_norm:  1.6874  [38;2;54;234;195mmemory: 37.12GiB(46.73%)  [34mtps: 4,537  [36mtflops: 218.91  [35mmfu: 22.13%[39m
[rank0]:[titan] 2026-03-17 10:49:25,468 - root - INFO - [31mstep: 937  [32mloss:  2.7500  [38;2;180;60;0mgrad_norm:  1.6197  [38;2;54;234;195mmemory: 37.12GiB(46.73%)  [34mtps: 4,594  [36mtflops: 221.67  [35mmfu: 22.41%[39m
[rank0]:[titan] 2026-03-17 10:49:25,912 - root - INFO - [31mstep: 938  [32mloss:  2.7344  [38;2;180;60;0mgrad_norm:  2.0321  [38;2;54;234;195mmemory: 37.12GiB(46.73%)  [34mtps: 4,616  [36mtflops: 222.71  [35mmfu: 22.52%[39m
[rank0]:[titan] 2026-03-17 10:49:26,365 - root - INFO - [31mstep: 939  [32mloss:  2.7812  [38;2;180;60;0mgrad_norm:  1.7653  [38;2;54;234;195mmemory: 37.12GiB(46.73%)  [34mtps: 4,521  [36mtflops: 218.16  [35mmfu: 22.06%[39m
[rank0]:[titan] 2026-03-17 10:49:26,809 - root - INFO - [31mstep: 940  [32mloss:  2.8125  [38;2;180;60;0mgrad_norm:  1.5632  [38;2;54;234;195mmemory: 37.12GiB(46.73%)  [34mtps: 4,618  [36mtflops: 222.81  [35mmfu: 22.53%[39m
[rank0]:[titan] 2026-03-17 10:49:27,266 - root - INFO - [31mstep: 941  [32mloss:  2.8438  [38;2;180;60;0mgrad_norm:  2.1850  [38;2;54;234;195mmemory: 37.12GiB(46.73%)  [34mtps: 4,490  [36mtflops: 216.64  [35mmfu: 21.91%[39m
[rank0]:[titan] 2026-03-17 10:49:27,714 - root - INFO - [31mstep: 942  [32mloss:  2.7969  [38;2;180;60;0mgrad_norm:  1.6857  [38;2;54;234;195mmemory: 37.12GiB(46.73%)  [34mtps: 4,579  [36mtflops: 220.93  [35mmfu: 22.34%[39m
[rank0]:[titan] 2026-03-17 10:49:28,159 - root - INFO - [31mstep: 943  [32mloss:  2.7656  [38;2;180;60;0mgrad_norm:  1.9058  [38;2;54;234;195mmemory: 37.12GiB(46.73%)  [34mtps: 4,600  [36mtflops: 221.97  [35mmfu: 22.44%[39m
[rank0]:[titan] 2026-03-17 10:49:28,607 - root - INFO - [31mstep: 944  [32mloss:  2.7656  [38;2;180;60;0mgrad_norm:  1.7385  [38;2;54;234;195mmemory: 37.12GiB(46.73%)  [34mtps: 4,583  [36mtflops: 221.12  [35mmfu: 22.36%[39m
[rank0]:[titan] 2026-03-17 10:49:29,057 - root - INFO - [31mstep: 945  [32mloss:  2.7500  [38;2;180;60;0mgrad_norm:  1.4392  [38;2;54;234;195mmemory: 37.12GiB(46.73%)  [34mtps: 4,551  [36mtflops: 219.61  [35mmfu: 22.20%[39m
[rank0]:[titan] 2026-03-17 10:49:29,504 - root - INFO - [31mstep: 946  [32mloss:  2.7656  [38;2;180;60;0mgrad_norm:  1.9928  [38;2;54;234;195mmemory: 37.12GiB(46.73%)  [34mtps: 4,592  [36mtflops: 221.55  [35mmfu: 22.40%[39m
[rank0]:[titan] 2026-03-17 10:49:29,953 - root - INFO - [31mstep: 947  [32mloss:  2.7969  [38;2;180;60;0mgrad_norm:  2.0638  [38;2;54;234;195mmemory: 37.12GiB(46.73%)  [34mtps: 4,564  [36mtflops: 220.20  [35mmfu: 22.27%[39m
[rank0]:[titan] 2026-03-17 10:49:30,408 - root - INFO - [31mstep: 948  [32mloss:  2.8594  [38;2;180;60;0mgrad_norm:  2.6632  [38;2;54;234;195mmemory: 37.12GiB(46.73%)  [34mtps: 4,508  [36mtflops: 217.49  [35mmfu: 21.99%[39m
[rank0]:[titan] 2026-03-17 10:49:30,852 - root - INFO - [31mstep: 949  [32mloss:  2.8438  [38;2;180;60;0mgrad_norm:  2.1765  [38;2;54;234;195mmemory: 37.12GiB(46.73%)  [34mtps: 4,616  [36mtflops: 222.73  [35mmfu: 22.52%[39m
[rank0]:[titan] 2026-03-17 10:49:31,305 - root - INFO - [31mstep: 950  [32mloss:  2.7500  [38;2;180;60;0mgrad_norm:  2.1716  [38;2;54;234;195mmemory: 37.12GiB(46.73%)  [34mtps: 4,522  [36mtflops: 218.21  [35mmfu: 22.06%[39m
[rank0]:[titan] 2026-03-17 10:49:31,751 - root - INFO - [31mstep: 951  [32mloss:  2.7656  [38;2;180;60;0mgrad_norm:  2.3925  [38;2;54;234;195mmemory: 37.12GiB(46.73%)  [34mtps: 4,601  [36mtflops: 221.99  [35mmfu: 22.45%[39m
[rank0]:[titan] 2026-03-17 10:49:32,196 - root - INFO - [31mstep: 952  [32mloss:  2.7656  [38;2;180;60;0mgrad_norm:  2.6781  [38;2;54;234;195mmemory: 37.12GiB(46.73%)  [34mtps: 4,609  [36mtflops: 222.37  [35mmfu: 22.48%[39m
[rank0]:[titan] 2026-03-17 10:49:32,647 - root - INFO - [31mstep: 953  [32mloss:  2.7969  [38;2;180;60;0mgrad_norm:  1.8319  [38;2;54;234;195mmemory: 37.12GiB(46.73%)  [34mtps: 4,547  [36mtflops: 219.41  [35mmfu: 22.19%[39m
[rank0]:[titan] 2026-03-17 10:49:33,091 - root - INFO - [31mstep: 954  [32mloss:  2.7812  [38;2;180;60;0mgrad_norm:  2.4929  [38;2;54;234;195mmemory: 37.12GiB(46.73%)  [34mtps: 4,615  [36mtflops: 222.69  [35mmfu: 22.52%[39m
[rank0]:[titan] 2026-03-17 10:49:33,535 - root - INFO - [31mstep: 955  [32mloss:  2.7656  [38;2;180;60;0mgrad_norm:  2.6858  [38;2;54;234;195mmemory: 37.12GiB(46.73%)  [34mtps: 4,612  [36mtflops: 222.55  [35mmfu: 22.50%[39m
[rank0]:[titan] 2026-03-17 10:49:33,982 - root - INFO - [31mstep: 956  [32mloss:  2.7344  [38;2;180;60;0mgrad_norm:  1.8275  [38;2;54;234;195mmemory: 37.12GiB(46.73%)  [34mtps: 4,587  [36mtflops: 221.32  [35mmfu: 22.38%[39m
[rank0]:[titan] 2026-03-17 10:49:34,429 - root - INFO - [31mstep: 957  [32mloss:  2.7031  [38;2;180;60;0mgrad_norm:  2.3013  [38;2;54;234;195mmemory: 37.12GiB(46.73%)  [34mtps: 4,594  [36mtflops: 221.67  [35mmfu: 22.41%[39m
[rank0]:[titan] 2026-03-17 10:49:34,873 - root - INFO - [31mstep: 958  [32mloss:  2.7500  [38;2;180;60;0mgrad_norm:  1.5659  [38;2;54;234;195mmemory: 37.12GiB(46.73%)  [34mtps: 4,616  [36mtflops: 222.74  [35mmfu: 22.52%[39m
[rank0]:[titan] 2026-03-17 10:49:35,318 - root - INFO - [31mstep: 959  [32mloss:  2.7656  [38;2;180;60;0mgrad_norm:  1.6402  [38;2;54;234;195mmemory: 37.12GiB(46.73%)  [34mtps: 4,603  [36mtflops: 222.11  [35mmfu: 22.46%[39m
[rank0]:[titan] 2026-03-17 10:49:35,802 - root - INFO - [31mstep: 960  [32mloss:  2.7500  [38;2;180;60;0mgrad_norm:  2.1324  [38;2;54;234;195mmemory: 37.12GiB(46.73%)  [34mtps: 4,237  [36mtflops: 204.46  [35mmfu: 20.67%[39m
[rank0]:[titan] 2026-03-17 10:49:36,252 - root - INFO - [31mstep: 961  [32mloss:  2.8125  [38;2;180;60;0mgrad_norm:  2.3268  [38;2;54;234;195mmemory: 37.12GiB(46.73%)  [34mtps: 4,558  [36mtflops: 219.91  [35mmfu: 22.24%[39m
[rank0]:[titan] 2026-03-17 10:49:36,696 - root - INFO - [31mstep: 962  [32mloss:  2.8125  [38;2;180;60;0mgrad_norm:  1.5448  [38;2;54;234;195mmemory: 37.12GiB(46.73%)  [34mtps: 4,616  [36mtflops: 222.74  [35mmfu: 22.52%[39m
[rank0]:[titan] 2026-03-17 10:49:37,145 - root - INFO - [31mstep: 963  [32mloss:  2.7812  [38;2;180;60;0mgrad_norm:  2.3347  [38;2;54;234;195mmemory: 37.12GiB(46.73%)  [34mtps: 4,571  [36mtflops: 220.55  [35mmfu: 22.30%[39m
[rank0]:[titan] 2026-03-17 10:49:37,591 - root - INFO - [31mstep: 964  [32mloss:  2.8594  [38;2;180;60;0mgrad_norm:  2.7503  [38;2;54;234;195mmemory: 37.12GiB(46.73%)  [34mtps: 4,598  [36mtflops: 221.85  [35mmfu: 22.43%[39m
[rank0]:[titan] 2026-03-17 10:49:38,035 - root - INFO - [31mstep: 965  [32mloss:  2.7500  [38;2;180;60;0mgrad_norm:  2.2034  [38;2;54;234;195mmemory: 37.12GiB(46.73%)  [34mtps: 4,611  [36mtflops: 222.48  [35mmfu: 22.50%[39m
[rank0]:[titan] 2026-03-17 10:49:38,482 - root - INFO - [31mstep: 966  [32mloss:  2.7500  [38;2;180;60;0mgrad_norm:  1.9216  [38;2;54;234;195mmemory: 37.12GiB(46.73%)  [34mtps: 4,590  [36mtflops: 221.47  [35mmfu: 22.39%[39m
[rank0]:[titan] 2026-03-17 10:49:38,927 - root - INFO - [31mstep: 967  [32mloss:  2.7500  [38;2;180;60;0mgrad_norm:  1.7837  [38;2;54;234;195mmemory: 37.12GiB(46.73%)  [34mtps: 4,612  [36mtflops: 222.51  [35mmfu: 22.50%[39m
[rank0]:[titan] 2026-03-17 10:49:39,374 - root - INFO - [31mstep: 968  [32mloss:  2.7344  [38;2;180;60;0mgrad_norm:  2.3363  [38;2;54;234;195mmemory: 37.12GiB(46.73%)  [34mtps: 4,584  [36mtflops: 221.20  [35mmfu: 22.37%[39m
[rank0]:[titan] 2026-03-17 10:49:39,820 - root - INFO - [31mstep: 969  [32mloss:  2.7344  [38;2;180;60;0mgrad_norm:  1.9152  [38;2;54;234;195mmemory: 37.12GiB(46.73%)  [34mtps: 4,593  [36mtflops: 221.60  [35mmfu: 22.41%[39m
[rank0]:[titan] 2026-03-17 10:49:40,268 - root - INFO - [31mstep: 970  [32mloss:  2.7344  [38;2;180;60;0mgrad_norm:  2.2049  [38;2;54;234;195mmemory: 37.12GiB(46.73%)  [34mtps: 4,579  [36mtflops: 220.94  [35mmfu: 22.34%[39m
[rank0]:[titan] 2026-03-17 10:49:40,713 - root - INFO - [31mstep: 971  [32mloss:  2.7656  [38;2;180;60;0mgrad_norm:  1.7476  [38;2;54;234;195mmemory: 37.12GiB(46.73%)  [34mtps: 4,614  [36mtflops: 222.62  [35mmfu: 22.51%[39m
[rank0]:[titan] 2026-03-17 10:49:41,160 - root - INFO - [31mstep: 972  [32mloss:  2.7344  [38;2;180;60;0mgrad_norm:  1.7135  [38;2;54;234;195mmemory: 37.12GiB(46.73%)  [34mtps: 4,584  [36mtflops: 221.18  [35mmfu: 22.36%[39m
[rank0]:[titan] 2026-03-17 10:49:41,606 - root - INFO - [31mstep: 973  [32mloss:  2.7969  [38;2;180;60;0mgrad_norm:  2.0464  [38;2;54;234;195mmemory: 37.12GiB(46.73%)  [34mtps: 4,596  [36mtflops: 221.77  [35mmfu: 22.42%[39m
[rank0]:[titan] 2026-03-17 10:49:42,051 - root - INFO - [31mstep: 974  [32mloss:  2.8125  [38;2;180;60;0mgrad_norm:  1.7142  [38;2;54;234;195mmemory: 37.12GiB(46.73%)  [34mtps: 4,608  [36mtflops: 222.32  [35mmfu: 22.48%[39m
[rank0]:[titan] 2026-03-17 10:49:42,497 - root - INFO - [31mstep: 975  [32mloss:  2.7656  [38;2;180;60;0mgrad_norm:  2.2092  [38;2;54;234;195mmemory: 37.12GiB(46.73%)  [34mtps: 4,603  [36mtflops: 222.09  [35mmfu: 22.46%[39m
[rank0]:[titan] 2026-03-17 10:49:42,944 - root - INFO - [31mstep: 976  [32mloss:  2.7188  [38;2;180;60;0mgrad_norm:  1.7813  [38;2;54;234;195mmemory: 37.12GiB(46.73%)  [34mtps: 4,580  [36mtflops: 220.98  [35mmfu: 22.34%[39m
[rank0]:[titan] 2026-03-17 10:49:43,392 - root - INFO - [31mstep: 977  [32mloss:  2.7188  [38;2;180;60;0mgrad_norm:  1.5675  [38;2;54;234;195mmemory: 37.12GiB(46.73%)  [34mtps: 4,579  [36mtflops: 220.96  [35mmfu: 22.34%[39m
[rank0]:[titan] 2026-03-17 10:49:43,836 - root - INFO - [31mstep: 978  [32mloss:  2.6875  [38;2;180;60;0mgrad_norm:  1.6142  [38;2;54;234;195mmemory: 37.12GiB(46.73%)  [34mtps: 4,624  [36mtflops: 223.09  [35mmfu: 22.56%[39m
[rank0]:[titan] 2026-03-17 10:49:44,282 - root - INFO - [31mstep: 979  [32mloss:  2.7500  [38;2;180;60;0mgrad_norm:  2.0829  [38;2;54;234;195mmemory: 37.12GiB(46.73%)  [34mtps: 4,593  [36mtflops: 221.63  [35mmfu: 22.41%[39m
[rank0]:[titan] 2026-03-17 10:49:44,732 - root - INFO - [31mstep: 980  [32mloss:  2.6875  [38;2;180;60;0mgrad_norm:  2.3232  [38;2;54;234;195mmemory: 37.12GiB(46.73%)  [34mtps: 4,552  [36mtflops: 219.63  [35mmfu: 22.21%[39m
[rank0]:[titan] 2026-03-17 10:49:45,180 - root - INFO - [31mstep: 981  [32mloss:  2.7812  [38;2;180;60;0mgrad_norm:  2.0162  [38;2;54;234;195mmemory: 37.12GiB(46.73%)  [34mtps: 4,586  [36mtflops: 221.28  [35mmfu: 22.37%[39m
[rank0]:[titan] 2026-03-17 10:49:45,628 - root - INFO - [31mstep: 982  [32mloss:  2.7812  [38;2;180;60;0mgrad_norm:  2.1647  [38;2;54;234;195mmemory: 37.12GiB(46.73%)  [34mtps: 4,577  [36mtflops: 220.84  [35mmfu: 22.33%[39m
[rank0]:[titan] 2026-03-17 10:49:46,077 - root - INFO - [31mstep: 983  [32mloss:  2.7812  [38;2;180;60;0mgrad_norm:  1.7375  [38;2;54;234;195mmemory: 37.12GiB(46.73%)  [34mtps: 4,559  [36mtflops: 219.96  [35mmfu: 22.24%[39m
[rank0]:[titan] 2026-03-17 10:49:46,520 - root - INFO - [31mstep: 984  [32mloss:  2.7344  [38;2;180;60;0mgrad_norm:  2.5629  [38;2;54;234;195mmemory: 37.12GiB(46.73%)  [34mtps: 4,627  [36mtflops: 223.27  [35mmfu: 22.58%[39m
[rank0]:[titan] 2026-03-17 10:49:46,976 - root - INFO - [31mstep: 985  [32mloss:  2.7188  [38;2;180;60;0mgrad_norm:  1.7789  [38;2;54;234;195mmemory: 37.12GiB(46.73%)  [34mtps: 4,504  [36mtflops: 217.35  [35mmfu: 21.98%[39m
[rank0]:[titan] 2026-03-17 10:49:47,423 - root - INFO - [31mstep: 986  [32mloss:  2.7500  [38;2;180;60;0mgrad_norm:  2.1393  [38;2;54;234;195mmemory: 37.12GiB(46.73%)  [34mtps: 4,587  [36mtflops: 221.33  [35mmfu: 22.38%[39m
[rank0]:[titan] 2026-03-17 10:49:47,870 - root - INFO - [31mstep: 987  [32mloss:  2.7188  [38;2;180;60;0mgrad_norm:  1.8221  [38;2;54;234;195mmemory: 37.12GiB(46.73%)  [34mtps: 4,585  [36mtflops: 221.23  [35mmfu: 22.37%[39m
[rank0]:[titan] 2026-03-17 10:49:48,316 - root - INFO - [31mstep: 988  [32mloss:  2.6719  [38;2;180;60;0mgrad_norm:  2.1528  [38;2;54;234;195mmemory: 37.12GiB(46.73%)  [34mtps: 4,595  [36mtflops: 221.71  [35mmfu: 22.42%[39m
[rank0]:[titan] 2026-03-17 10:49:48,763 - root - INFO - [31mstep: 989  [32mloss:  2.6875  [38;2;180;60;0mgrad_norm:  1.5164  [38;2;54;234;195mmemory: 37.12GiB(46.73%)  [34mtps: 4,590  [36mtflops: 221.49  [35mmfu: 22.40%[39m
[rank0]:[titan] 2026-03-17 10:49:49,208 - root - INFO - [31mstep: 990  [32mloss:  2.7188  [38;2;180;60;0mgrad_norm:  2.0172  [38;2;54;234;195mmemory: 37.12GiB(46.73%)  [34mtps: 4,599  [36mtflops: 221.90  [35mmfu: 22.44%[39m
[rank0]:[titan] 2026-03-17 10:49:49,655 - root - INFO - [31mstep: 991  [32mloss:  2.7344  [38;2;180;60;0mgrad_norm:  2.2503  [38;2;54;234;195mmemory: 37.12GiB(46.73%)  [34mtps: 4,588  [36mtflops: 221.37  [35mmfu: 22.38%[39m
[rank0]:[titan] 2026-03-17 10:49:50,103 - root - INFO - [31mstep: 992  [32mloss:  2.7656  [38;2;180;60;0mgrad_norm:  1.8693  [38;2;54;234;195mmemory: 37.12GiB(46.73%)  [34mtps: 4,579  [36mtflops: 220.96  [35mmfu: 22.34%[39m
[rank0]:[titan] 2026-03-17 10:49:50,547 - root - INFO - [31mstep: 993  [32mloss:  2.7656  [38;2;180;60;0mgrad_norm:  1.8539  [38;2;54;234;195mmemory: 37.12GiB(46.73%)  [34mtps: 4,614  [36mtflops: 222.65  [35mmfu: 22.51%[39m
[rank0]:[titan] 2026-03-17 10:49:50,993 - root - INFO - [31mstep: 994  [32mloss:  2.7656  [38;2;180;60;0mgrad_norm:  2.3686  [38;2;54;234;195mmemory: 37.12GiB(46.73%)  [34mtps: 4,603  [36mtflops: 222.11  [35mmfu: 22.46%[39m
[rank0]:[titan] 2026-03-17 10:49:51,439 - root - INFO - [31mstep: 995  [32mloss:  2.7656  [38;2;180;60;0mgrad_norm:  1.8128  [38;2;54;234;195mmemory: 37.12GiB(46.73%)  [34mtps: 4,600  [36mtflops: 221.96  [35mmfu: 22.44%[39m
[rank0]:[titan] 2026-03-17 10:49:51,883 - root - INFO - [31mstep: 996  [32mloss:  2.7812  [38;2;180;60;0mgrad_norm:  2.2271  [38;2;54;234;195mmemory: 37.12GiB(46.73%)  [34mtps: 4,608  [36mtflops: 222.35  [35mmfu: 22.48%[39m
[rank0]:[titan] 2026-03-17 10:49:52,336 - root - INFO - [31mstep: 997  [32mloss:  2.8125  [38;2;180;60;0mgrad_norm:  1.8688  [38;2;54;234;195mmemory: 37.12GiB(46.73%)  [34mtps: 4,528  [36mtflops: 218.48  [35mmfu: 22.09%[39m
[rank0]:[titan] 2026-03-17 10:49:52,780 - root - INFO - [31mstep: 998  [32mloss:  2.6875  [38;2;180;60;0mgrad_norm:  1.5036  [38;2;54;234;195mmemory: 37.12GiB(46.73%)  [34mtps: 4,617  [36mtflops: 222.78  [35mmfu: 22.53%[39m
[rank0]:[titan] 2026-03-17 10:49:53,227 - root - INFO - [31mstep: 999  [32mloss:  2.7500  [38;2;180;60;0mgrad_norm:  2.0777  [38;2;54;234;195mmemory: 37.12GiB(46.73%)  [34mtps: 4,595  [36mtflops: 221.72  [35mmfu: 22.42%[39m
[rank0]:[titan] 2026-03-17 10:49:53,671 - root - INFO - [31mstep: 1000  [32mloss:  2.7344  [38;2;180;60;0mgrad_norm:  1.8870  [38;2;54;234;195mmemory: 37.12GiB(46.73%)  [34mtps: 4,613  [36mtflops: 222.58  [35mmfu: 22.51%[39m
[rank0]:[titan] 2026-03-17 10:49:54,120 - root - INFO - [31mstep: 1001  [32mloss:  2.7344  [38;2;180;60;0mgrad_norm:  1.8752  [38;2;54;234;195mmemory: 37.12GiB(46.73%)  [34mtps: 4,565  [36mtflops: 220.25  [35mmfu: 22.27%[39m
[rank0]:[titan] 2026-03-17 10:49:54,593 - root - INFO - [31mstep: 1002  [32mloss:  2.6562  [38;2;180;60;0mgrad_norm:  2.5253  [38;2;54;234;195mmemory: 37.12GiB(46.73%)  [34mtps: 4,336  [36mtflops: 209.19  [35mmfu: 21.15%[39m
[rank0]:[titan] 2026-03-17 10:49:55,038 - root - INFO - [31mstep: 1003  [32mloss:  2.6562  [38;2;180;60;0mgrad_norm:  2.3517  [38;2;54;234;195mmemory: 37.12GiB(46.73%)  [34mtps: 4,614  [36mtflops: 222.64  [35mmfu: 22.51%[39m
[rank0]:[titan] 2026-03-17 10:49:55,506 - root - INFO - [31mstep: 1004  [32mloss:  2.6875  [38;2;180;60;0mgrad_norm:  1.9401  [38;2;54;234;195mmemory: 37.12GiB(46.73%)  [34mtps: 4,455  [36mtflops: 214.94  [35mmfu: 21.73%[39m
[rank0]:[titan] 2026-03-17 10:49:55,959 - root - INFO - [31mstep: 1005  [32mloss:  2.7500  [38;2;180;60;0mgrad_norm:  1.8225  [38;2;54;234;195mmemory: 37.12GiB(46.73%)  [34mtps: 4,585  [36mtflops: 221.24  [35mmfu: 22.37%[39m
[rank0]:[titan] 2026-03-17 10:49:56,403 - root - INFO - [31mstep: 1006  [32mloss:  2.6562  [38;2;180;60;0mgrad_norm:  1.9855  [38;2;54;234;195mmemory: 37.12GiB(46.73%)  [34mtps: 4,620  [36mtflops: 222.94  [35mmfu: 22.54%[39m
[rank0]:[titan] 2026-03-17 10:49:56,851 - root - INFO - [31mstep: 1007  [32mloss:  2.7344  [38;2;180;60;0mgrad_norm:  2.4296  [38;2;54;234;195mmemory: 37.12GiB(46.73%)  [34mtps: 4,592  [36mtflops: 221.56  [35mmfu: 22.40%[39m
[rank0]:[titan] 2026-03-17 10:49:57,303 - root - INFO - [31mstep: 1008  [32mloss:  2.7344  [38;2;180;60;0mgrad_norm:  2.0482  [38;2;54;234;195mmemory: 37.12GiB(46.73%)  [34mtps: 4,530  [36mtflops: 218.59  [35mmfu: 22.10%[39m
[rank0]:[titan] 2026-03-17 10:49:57,748 - root - INFO - [31mstep: 1009  [32mloss:  2.7344  [38;2;180;60;0mgrad_norm:  2.2653  [38;2;54;234;195mmemory: 37.12GiB(46.73%)  [34mtps: 4,615  [36mtflops: 222.66  [35mmfu: 22.51%[39m
[rank0]:[titan] 2026-03-17 10:49:58,192 - root - INFO - [31mstep: 1010  [32mloss:  2.7500  [38;2;180;60;0mgrad_norm:  1.9054  [38;2;54;234;195mmemory: 37.12GiB(46.73%)  [34mtps: 4,614  [36mtflops: 222.65  [35mmfu: 22.51%[39m
[rank0]:[titan] 2026-03-17 10:49:58,640 - root - INFO - [31mstep: 1011  [32mloss:  2.6875  [38;2;180;60;0mgrad_norm:  1.4913  [38;2;54;234;195mmemory: 37.12GiB(46.73%)  [34mtps: 4,580  [36mtflops: 221.00  [35mmfu: 22.35%[39m
[rank0]:[titan] 2026-03-17 10:49:59,085 - root - INFO - [31mstep: 1012  [32mloss:  2.7812  [38;2;180;60;0mgrad_norm:  1.9210  [38;2;54;234;195mmemory: 37.12GiB(46.73%)  [34mtps: 4,608  [36mtflops: 222.34  [35mmfu: 22.48%[39m
[rank0]:[titan] 2026-03-17 10:49:59,532 - root - INFO - [31mstep: 1013  [32mloss:  2.7188  [38;2;180;60;0mgrad_norm:  1.8270  [38;2;54;234;195mmemory: 37.12GiB(46.73%)  [34mtps: 4,580  [36mtflops: 220.99  [35mmfu: 22.34%[39m
[rank0]:[titan] 2026-03-17 10:49:59,977 - root - INFO - [31mstep: 1014  [32mloss:  2.7031  [38;2;180;60;0mgrad_norm:  1.7878  [38;2;54;234;195mmemory: 37.12GiB(46.73%)  [34mtps: 4,608  [36mtflops: 222.32  [35mmfu: 22.48%[39m
[rank0]:[titan] 2026-03-17 10:50:00,425 - root - INFO - [31mstep: 1015  [32mloss:  2.7500  [38;2;180;60;0mgrad_norm:  2.4069  [38;2;54;234;195mmemory: 37.12GiB(46.73%)  [34mtps: 4,575  [36mtflops: 220.76  [35mmfu: 22.32%[39m
[rank0]:[titan] 2026-03-17 10:50:00,874 - root - INFO - [31mstep: 1016  [32mloss:  2.7812  [38;2;180;60;0mgrad_norm:  1.6028  [38;2;54;234;195mmemory: 37.12GiB(46.73%)  [34mtps: 4,568  [36mtflops: 220.40  [35mmfu: 22.29%[39m
[rank0]:[titan] 2026-03-17 10:50:01,327 - root - INFO - [31mstep: 1017  [32mloss:  2.7812  [38;2;180;60;0mgrad_norm:  2.1850  [38;2;54;234;195mmemory: 37.12GiB(46.73%)  [34mtps: 4,531  [36mtflops: 218.63  [35mmfu: 22.11%[39m
[rank0]:[titan] 2026-03-17 10:50:01,779 - root - INFO - [31mstep: 1018  [32mloss:  2.6875  [38;2;180;60;0mgrad_norm:  2.4780  [38;2;54;234;195mmemory: 37.12GiB(46.73%)  [34mtps: 4,540  [36mtflops: 219.04  [35mmfu: 22.15%[39m
[rank0]:[titan] 2026-03-17 10:50:02,227 - root - INFO - [31mstep: 1019  [32mloss:  2.7031  [38;2;180;60;0mgrad_norm:  2.0804  [38;2;54;234;195mmemory: 37.12GiB(46.73%)  [34mtps: 4,582  [36mtflops: 221.08  [35mmfu: 22.35%[39m
[rank0]:[titan] 2026-03-17 10:50:02,671 - root - INFO - [31mstep: 1020  [32mloss:  2.7031  [38;2;180;60;0mgrad_norm:  2.0779  [38;2;54;234;195mmemory: 37.12GiB(46.73%)  [34mtps: 4,617  [36mtflops: 222.76  [35mmfu: 22.52%[39m
[rank0]:[titan] 2026-03-17 10:50:03,123 - root - INFO - [31mstep: 1021  [32mloss:  2.7969  [38;2;180;60;0mgrad_norm:  2.5576  [38;2;54;234;195mmemory: 37.12GiB(46.73%)  [34mtps: 4,533  [36mtflops: 218.73  [35mmfu: 22.12%[39m
[rank0]:[titan] 2026-03-17 10:50:03,567 - root - INFO - [31mstep: 1022  [32mloss:  2.7188  [38;2;180;60;0mgrad_norm:  2.1941  [38;2;54;234;195mmemory: 37.12GiB(46.73%)  [34mtps: 4,616  [36mtflops: 222.75  [35mmfu: 22.52%[39m
[rank0]:[titan] 2026-03-17 10:50:04,013 - root - INFO - [31mstep: 1023  [32mloss:  2.7812  [38;2;180;60;0mgrad_norm:  2.1518  [38;2;54;234;195mmemory: 37.12GiB(46.73%)  [34mtps: 4,598  [36mtflops: 221.85  [35mmfu: 22.43%[39m
[rank0]:[titan] 2026-03-17 10:50:04,458 - root - INFO - [31mstep: 1024  [32mloss:  2.7812  [38;2;180;60;0mgrad_norm:  2.2522  [38;2;54;234;195mmemory: 37.12GiB(46.73%)  [34mtps: 4,611  [36mtflops: 222.50  [35mmfu: 22.50%[39m
[rank0]:[titan] 2026-03-17 10:50:04,909 - root - INFO - [31mstep: 1025  [32mloss:  2.7344  [38;2;180;60;0mgrad_norm:  2.0535  [38;2;54;234;195mmemory: 37.12GiB(46.73%)  [34mtps: 4,539  [36mtflops: 219.01  [35mmfu: 22.14%[39m
[rank0]:[titan] 2026-03-17 10:50:05,353 - root - INFO - [31mstep: 1026  [32mloss:  2.7969  [38;2;180;60;0mgrad_norm:  2.3464  [38;2;54;234;195mmemory: 37.12GiB(46.73%)  [34mtps: 4,616  [36mtflops: 222.71  [35mmfu: 22.52%[39m
[rank0]:[titan] 2026-03-17 10:50:05,802 - root - INFO - [31mstep: 1027  [32mloss:  2.7812  [38;2;180;60;0mgrad_norm:  2.0094  [38;2;54;234;195mmemory: 37.12GiB(46.73%)  [34mtps: 4,569  [36mtflops: 220.44  [35mmfu: 22.29%[39m
[rank0]:[titan] 2026-03-17 10:50:06,250 - root - INFO - [31mstep: 1028  [32mloss:  2.7500  [38;2;180;60;0mgrad_norm:  1.7553  [38;2;54;234;195mmemory: 37.12GiB(46.73%)  [34mtps: 4,578  [36mtflops: 220.92  [35mmfu: 22.34%[39m
[rank0]:[titan] 2026-03-17 10:50:06,695 - root - INFO - [31mstep: 1029  [32mloss:  2.7188  [38;2;180;60;0mgrad_norm:  1.9731  [38;2;54;234;195mmemory: 37.12GiB(46.73%)  [34mtps: 4,613  [36mtflops: 222.60  [35mmfu: 22.51%[39m
[rank0]:[titan] 2026-03-17 10:50:07,141 - root - INFO - [31mstep: 1030  [32mloss:  2.7656  [38;2;180;60;0mgrad_norm:  2.2244  [38;2;54;234;195mmemory: 37.12GiB(46.73%)  [34mtps: 4,594  [36mtflops: 221.68  [35mmfu: 22.41%[39m
[rank0]:[titan] 2026-03-17 10:50:07,586 - root - INFO - [31mstep: 1031  [32mloss:  2.6875  [38;2;180;60;0mgrad_norm:  1.6465  [38;2;54;234;195mmemory: 37.12GiB(46.73%)  [34mtps: 4,601  [36mtflops: 222.01  [35mmfu: 22.45%[39m
[rank0]:[titan] 2026-03-17 10:50:08,031 - root - INFO - [31mstep: 1032  [32mloss:  2.7188  [38;2;180;60;0mgrad_norm:  2.0749  [38;2;54;234;195mmemory: 37.12GiB(46.73%)  [34mtps: 4,614  [36mtflops: 222.64  [35mmfu: 22.51%[39m
[rank0]:[titan] 2026-03-17 10:50:08,488 - root - INFO - [31mstep: 1033  [32mloss:  2.7344  [38;2;180;60;0mgrad_norm:  2.6850  [38;2;54;234;195mmemory: 37.12GiB(46.73%)  [34mtps: 4,487  [36mtflops: 216.51  [35mmfu: 21.89%[39m
[rank0]:[titan] 2026-03-17 10:50:08,936 - root - INFO - [31mstep: 1034  [32mloss:  2.6719  [38;2;180;60;0mgrad_norm:  1.9525  [38;2;54;234;195mmemory: 37.12GiB(46.73%)  [34mtps: 4,570  [36mtflops: 220.52  [35mmfu: 22.30%[39m
[rank0]:[titan] 2026-03-17 10:50:09,391 - root - INFO - [31mstep: 1035  [32mloss:  2.7500  [38;2;180;60;0mgrad_norm:  1.4837  [38;2;54;234;195mmemory: 37.12GiB(46.73%)  [34mtps: 4,508  [36mtflops: 217.49  [35mmfu: 21.99%[39m
[rank0]:[titan] 2026-03-17 10:50:09,835 - root - INFO - [31mstep: 1036  [32mloss:  2.6875  [38;2;180;60;0mgrad_norm:  1.7317  [38;2;54;234;195mmemory: 37.12GiB(46.73%)  [34mtps: 4,617  [36mtflops: 222.78  [35mmfu: 22.53%[39m
[rank0]:[titan] 2026-03-17 10:50:10,282 - root - INFO - [31mstep: 1037  [32mloss:  2.6875  [38;2;180;60;0mgrad_norm:  1.4243  [38;2;54;234;195mmemory: 37.12GiB(46.73%)  [34mtps: 4,588  [36mtflops: 221.37  [35mmfu: 22.38%[39m
[rank0]:[titan] 2026-03-17 10:50:10,731 - root - INFO - [31mstep: 1038  [32mloss:  2.6875  [38;2;180;60;0mgrad_norm:  2.0251  [38;2;54;234;195mmemory: 37.12GiB(46.73%)  [34mtps: 4,570  [36mtflops: 220.49  [35mmfu: 22.29%[39m
[rank0]:[titan] 2026-03-17 10:50:11,184 - root - INFO - [31mstep: 1039  [32mloss:  2.6719  [38;2;180;60;0mgrad_norm:  1.5585  [38;2;54;234;195mmemory: 37.12GiB(46.73%)  [34mtps: 4,522  [36mtflops: 218.18  [35mmfu: 22.06%[39m
[rank0]:[titan] 2026-03-17 10:50:11,631 - root - INFO - [31mstep: 1040  [32mloss:  2.6875  [38;2;180;60;0mgrad_norm:  1.3205  [38;2;54;234;195mmemory: 37.12GiB(46.73%)  [34mtps: 4,587  [36mtflops: 221.34  [35mmfu: 22.38%[39m
[rank0]:[titan] 2026-03-17 10:50:12,077 - root - INFO - [31mstep: 1041  [32mloss:  2.7031  [38;2;180;60;0mgrad_norm:  2.0269  [38;2;54;234;195mmemory: 37.12GiB(46.73%)  [34mtps: 4,597  [36mtflops: 221.82  [35mmfu: 22.43%[39m
[rank0]:[titan] 2026-03-17 10:50:12,522 - root - INFO - [31mstep: 1042  [32mloss:  2.7188  [38;2;180;60;0mgrad_norm:  2.0820  [38;2;54;234;195mmemory: 37.12GiB(46.73%)  [34mtps: 4,610  [36mtflops: 222.43  [35mmfu: 22.49%[39m
[rank0]:[titan] 2026-03-17 10:50:12,968 - root - INFO - [31mstep: 1043  [32mloss:  2.7188  [38;2;180;60;0mgrad_norm:  1.5851  [38;2;54;234;195mmemory: 37.12GiB(46.73%)  [34mtps: 4,598  [36mtflops: 221.85  [35mmfu: 22.43%[39m
[rank0]:[titan] 2026-03-17 10:50:13,420 - root - INFO - [31mstep: 1044  [32mloss:  2.7656  [38;2;180;60;0mgrad_norm:  1.6246  [38;2;54;234;195mmemory: 37.12GiB(46.73%)  [34mtps: 4,533  [36mtflops: 218.73  [35mmfu: 22.12%[39m
[rank0]:[titan] 2026-03-17 10:50:13,868 - root - INFO - [31mstep: 1045  [32mloss:  2.7031  [38;2;180;60;0mgrad_norm:  2.1725  [38;2;54;234;195mmemory: 37.12GiB(46.73%)  [34mtps: 4,582  [36mtflops: 221.07  [35mmfu: 22.35%[39m
[rank0]:[titan] 2026-03-17 10:50:14,315 - root - INFO - [31mstep: 1046  [32mloss:  2.7344  [38;2;180;60;0mgrad_norm:  2.2773  [38;2;54;234;195mmemory: 37.12GiB(46.73%)  [34mtps: 4,587  [36mtflops: 221.32  [35mmfu: 22.38%[39m
[rank0]:[titan] 2026-03-17 10:50:14,762 - root - INFO - [31mstep: 1047  [32mloss:  2.7500  [38;2;180;60;0mgrad_norm:  1.3260  [38;2;54;234;195mmemory: 37.12GiB(46.73%)  [34mtps: 4,583  [36mtflops: 221.12  [35mmfu: 22.36%[39m
[rank0]:[titan] 2026-03-17 10:50:15,211 - root - INFO - [31mstep: 1048  [32mloss:  2.7188  [38;2;180;60;0mgrad_norm:  2.8531  [38;2;54;234;195mmemory: 37.12GiB(46.73%)  [34mtps: 4,570  [36mtflops: 220.48  [35mmfu: 22.29%[39m
[rank0]:[titan] 2026-03-17 10:50:15,657 - root - INFO - [31mstep: 1049  [32mloss:  2.7969  [38;2;180;60;0mgrad_norm:  2.1623  [38;2;54;234;195mmemory: 37.12GiB(46.73%)  [34mtps: 4,593  [36mtflops: 221.60  [35mmfu: 22.41%[39m
[rank0]:[titan] 2026-03-17 10:50:16,106 - root - INFO - [31mstep: 1050  [32mloss:  2.8281  [38;2;180;60;0mgrad_norm:  2.1725  [38;2;54;234;195mmemory: 37.12GiB(46.73%)  [34mtps: 4,573  [36mtflops: 220.67  [35mmfu: 22.31%[39m
[rank0]:[titan] 2026-03-17 10:50:16,553 - root - INFO - [31mstep: 1051  [32mloss:  2.7500  [38;2;180;60;0mgrad_norm:  1.5040  [38;2;54;234;195mmemory: 37.12GiB(46.73%)  [34mtps: 4,587  [36mtflops: 221.31  [35mmfu: 22.38%[39m
[rank0]:[titan] 2026-03-17 10:50:17,005 - root - INFO - [31mstep: 1052  [32mloss:  2.7656  [38;2;180;60;0mgrad_norm:  1.9136  [38;2;54;234;195mmemory: 37.12GiB(46.73%)  [34mtps: 4,528  [36mtflops: 218.49  [35mmfu: 22.09%[39m
[rank0]:[titan] 2026-03-17 10:50:17,453 - root - INFO - [31mstep: 1053  [32mloss:  2.7500  [38;2;180;60;0mgrad_norm:  1.7622  [38;2;54;234;195mmemory: 37.12GiB(46.73%)  [34mtps: 4,582  [36mtflops: 221.07  [35mmfu: 22.35%[39m
[rank0]:[titan] 2026-03-17 10:50:17,898 - root - INFO - [31mstep: 1054  [32mloss:  2.7656  [38;2;180;60;0mgrad_norm:  1.9904  [38;2;54;234;195mmemory: 37.12GiB(46.73%)  [34mtps: 4,604  [36mtflops: 222.16  [35mmfu: 22.46%[39m
[rank0]:[titan] 2026-03-17 10:50:18,345 - root - INFO - [31mstep: 1055  [32mloss:  2.7500  [38;2;180;60;0mgrad_norm:  1.7395  [38;2;54;234;195mmemory: 37.12GiB(46.73%)  [34mtps: 4,592  [36mtflops: 221.55  [35mmfu: 22.40%[39m
[rank0]:[titan] 2026-03-17 10:50:18,801 - root - INFO - [31mstep: 1056  [32mloss:  2.7812  [38;2;180;60;0mgrad_norm:  1.6646  [38;2;54;234;195mmemory: 37.12GiB(46.73%)  [34mtps: 4,497  [36mtflops: 217.00  [35mmfu: 21.94%[39m
[rank0]:[titan] 2026-03-17 10:50:19,247 - root - INFO - [31mstep: 1057  [32mloss:  2.7656  [38;2;180;60;0mgrad_norm:  1.4850  [38;2;54;234;195mmemory: 37.12GiB(46.73%)  [34mtps: 4,595  [36mtflops: 221.70  [35mmfu: 22.42%[39m
[rank0]:[titan] 2026-03-17 10:50:19,248 - root - WARNING - Dataset c4_test is being re-looped
[rank0]:[titan] 2026-03-17 10:50:19,699 - root - INFO - [31mstep: 1058  [32mloss:  2.7656  [38;2;180;60;0mgrad_norm:  1.4444  [38;2;54;234;195mmemory: 37.12GiB(46.73%)  [34mtps: 4,544  [36mtflops: 219.24  [35mmfu: 22.17%[39m
[rank0]:[titan] 2026-03-17 10:50:20,144 - root - INFO - [31mstep: 1059  [32mloss:  2.7188  [38;2;180;60;0mgrad_norm:  1.5974  [38;2;54;234;195mmemory: 37.12GiB(46.73%)  [34mtps: 4,603  [36mtflops: 222.09  [35mmfu: 22.46%[39m
[rank0]:[titan] 2026-03-17 10:50:20,592 - root - INFO - [31mstep: 1060  [32mloss:  2.7344  [38;2;180;60;0mgrad_norm:  1.1385  [38;2;54;234;195mmemory: 37.12GiB(46.73%)  [34mtps: 4,584  [36mtflops: 221.16  [35mmfu: 22.36%[39m
[rank0]:[titan] 2026-03-17 10:50:21,039 - root - INFO - [31mstep: 1061  [32mloss:  2.7188  [38;2;180;60;0mgrad_norm:  1.6166  [38;2;54;234;195mmemory: 37.12GiB(46.73%)  [34mtps: 4,577  [36mtflops: 220.86  [35mmfu: 22.33%[39m
[rank0]:[titan] 2026-03-17 10:50:21,486 - root - INFO - [31mstep: 1062  [32mloss:  2.7188  [38;2;180;60;0mgrad_norm:  1.6972  [38;2;54;234;195mmemory: 37.12GiB(46.73%)  [34mtps: 4,589  [36mtflops: 221.43  [35mmfu: 22.39%[39m
[rank0]:[titan] 2026-03-17 10:50:21,936 - root - INFO - [31mstep: 1063  [32mloss:  2.7344  [38;2;180;60;0mgrad_norm:  2.3486  [38;2;54;234;195mmemory: 37.12GiB(46.73%)  [34mtps: 4,558  [36mtflops: 219.91  [35mmfu: 22.24%[39m
[rank0]:[titan] 2026-03-17 10:50:22,382 - root - INFO - [31mstep: 1064  [32mloss:  2.7344  [38;2;180;60;0mgrad_norm:  2.1355  [38;2;54;234;195mmemory: 37.12GiB(46.73%)  [34mtps: 4,597  [36mtflops: 221.80  [35mmfu: 22.43%[39m
[rank0]:[titan] 2026-03-17 10:50:22,829 - root - INFO - [31mstep: 1065  [32mloss:  2.7188  [38;2;180;60;0mgrad_norm:  2.4987  [38;2;54;234;195mmemory: 37.12GiB(46.73%)  [34mtps: 4,583  [36mtflops: 221.13  [35mmfu: 22.36%[39m
[rank0]:[titan] 2026-03-17 10:50:23,277 - root - INFO - [31mstep: 1066  [32mloss:  2.8281  [38;2;180;60;0mgrad_norm:  1.8518  [38;2;54;234;195mmemory: 37.12GiB(46.73%)  [34mtps: 4,577  [36mtflops: 220.82  [35mmfu: 22.33%[39m
[rank0]:[titan] 2026-03-17 10:50:23,725 - root - INFO - [31mstep: 1067  [32mloss:  2.7500  [38;2;180;60;0mgrad_norm:  2.6822  [38;2;54;234;195mmemory: 37.12GiB(46.73%)  [34mtps: 4,579  [36mtflops: 220.93  [35mmfu: 22.34%[39m
[rank0]:[titan] 2026-03-17 10:50:24,171 - root - INFO - [31mstep: 1068  [32mloss:  2.7031  [38;2;180;60;0mgrad_norm:  2.7485  [38;2;54;234;195mmemory: 37.12GiB(46.73%)  [34mtps: 4,595  [36mtflops: 221.70  [35mmfu: 22.42%[39m
[rank0]:[titan] 2026-03-17 10:50:24,619 - root - INFO - [31mstep: 1069  [32mloss:  2.7500  [38;2;180;60;0mgrad_norm:  1.8729  [38;2;54;234;195mmemory: 37.12GiB(46.73%)  [34mtps: 4,576  [36mtflops: 220.80  [35mmfu: 22.33%[39m
[rank0]:[titan] 2026-03-17 10:50:25,072 - root - INFO - [31mstep: 1070  [32mloss:  2.7969  [38;2;180;60;0mgrad_norm:  2.5364  [38;2;54;234;195mmemory: 37.12GiB(46.73%)  [34mtps: 4,526  [36mtflops: 218.38  [35mmfu: 22.08%[39m
[rank0]:[titan] 2026-03-17 10:50:25,516 - root - INFO - [31mstep: 1071  [32mloss:  2.7812  [38;2;180;60;0mgrad_norm:  1.9251  [38;2;54;234;195mmemory: 37.12GiB(46.73%)  [34mtps: 4,622  [36mtflops: 222.99  [35mmfu: 22.55%[39m
[rank0]:[titan] 2026-03-17 10:50:25,967 - root - INFO - [31mstep: 1072  [32mloss:  2.7344  [38;2;180;60;0mgrad_norm:  2.0993  [38;2;54;234;195mmemory: 37.12GiB(46.73%)  [34mtps: 4,552  [36mtflops: 219.62  [35mmfu: 22.21%[39m
[rank0]:[titan] 2026-03-17 10:50:26,412 - root - INFO - [31mstep: 1073  [32mloss:  2.7656  [38;2;180;60;0mgrad_norm:  1.7793  [38;2;54;234;195mmemory: 37.12GiB(46.73%)  [34mtps: 4,606  [36mtflops: 222.24  [35mmfu: 22.47%[39m
[rank0]:[titan] 2026-03-17 10:50:26,883 - root - INFO - [31mstep: 1074  [32mloss:  2.7344  [38;2;180;60;0mgrad_norm:  2.4337  [38;2;54;234;195mmemory: 37.12GiB(46.73%)  [34mtps: 4,351  [36mtflops: 209.96  [35mmfu: 21.23%[39m
[rank0]:[titan] 2026-03-17 10:50:27,331 - root - INFO - [31mstep: 1075  [32mloss:  2.7500  [38;2;180;60;0mgrad_norm:  2.2454  [38;2;54;234;195mmemory: 37.12GiB(46.73%)  [34mtps: 4,579  [36mtflops: 220.94  [35mmfu: 22.34%[39m
[rank0]:[titan] 2026-03-17 10:50:27,774 - root - INFO - [31mstep: 1076  [32mloss:  2.7188  [38;2;180;60;0mgrad_norm:  1.4293  [38;2;54;234;195mmemory: 37.12GiB(46.73%)  [34mtps: 4,619  [36mtflops: 222.87  [35mmfu: 22.53%[39m
[rank0]:[titan] 2026-03-17 10:50:28,221 - root - INFO - [31mstep: 1077  [32mloss:  2.7656  [38;2;180;60;0mgrad_norm:  2.3440  [38;2;54;234;195mmemory: 37.12GiB(46.73%)  [34mtps: 4,587  [36mtflops: 221.33  [35mmfu: 22.38%[39m
[rank0]:[titan] 2026-03-17 10:50:28,667 - root - INFO - [31mstep: 1078  [32mloss:  2.7344  [38;2;180;60;0mgrad_norm:  1.8343  [38;2;54;234;195mmemory: 37.12GiB(46.73%)  [34mtps: 4,599  [36mtflops: 221.88  [35mmfu: 22.44%[39m
[rank0]:[titan] 2026-03-17 10:50:29,112 - root - INFO - [31mstep: 1079  [32mloss:  2.7500  [38;2;180;60;0mgrad_norm:  2.4587  [38;2;54;234;195mmemory: 37.12GiB(46.73%)  [34mtps: 4,608  [36mtflops: 222.35  [35mmfu: 22.48%[39m
[rank0]:[titan] 2026-03-17 10:50:29,564 - root - INFO - [31mstep: 1080  [32mloss:  2.7500  [38;2;180;60;0mgrad_norm:  2.6360  [38;2;54;234;195mmemory: 37.12GiB(46.73%)  [34mtps: 4,545  [36mtflops: 219.30  [35mmfu: 22.17%[39m
[rank0]:[titan] 2026-03-17 10:50:30,016 - root - INFO - [31mstep: 1081  [32mloss:  2.7656  [38;2;180;60;0mgrad_norm:  1.6268  [38;2;54;234;195mmemory: 37.12GiB(46.73%)  [34mtps: 4,529  [36mtflops: 218.52  [35mmfu: 22.09%[39m
[rank0]:[titan] 2026-03-17 10:50:30,463 - root - INFO - [31mstep: 1082  [32mloss:  2.7656  [38;2;180;60;0mgrad_norm:  1.9371  [38;2;54;234;195mmemory: 37.12GiB(46.73%)  [34mtps: 4,593  [36mtflops: 221.59  [35mmfu: 22.41%[39m
[rank0]:[titan] 2026-03-17 10:50:30,910 - root - INFO - [31mstep: 1083  [32mloss:  2.7500  [38;2;180;60;0mgrad_norm:  1.3988  [38;2;54;234;195mmemory: 37.12GiB(46.73%)  [34mtps: 4,588  [36mtflops: 221.36  [35mmfu: 22.38%[39m
[rank0]:[titan] 2026-03-17 10:50:31,357 - root - INFO - [31mstep: 1084  [32mloss:  2.8125  [38;2;180;60;0mgrad_norm:  2.7215  [38;2;54;234;195mmemory: 37.12GiB(46.73%)  [34mtps: 4,585  [36mtflops: 221.22  [35mmfu: 22.37%[39m
[rank0]:[titan] 2026-03-17 10:50:31,807 - root - INFO - [31mstep: 1085  [32mloss:  2.7500  [38;2;180;60;0mgrad_norm:  2.4775  [38;2;54;234;195mmemory: 37.12GiB(46.73%)  [34mtps: 4,562  [36mtflops: 220.10  [35mmfu: 22.25%[39m
[rank0]:[titan] 2026-03-17 10:50:32,258 - root - INFO - [31mstep: 1086  [32mloss:  2.7344  [38;2;180;60;0mgrad_norm:  2.2725  [38;2;54;234;195mmemory: 37.12GiB(46.73%)  [34mtps: 4,541  [36mtflops: 219.13  [35mmfu: 22.16%[39m
[rank0]:[titan] 2026-03-17 10:50:32,702 - root - INFO - [31mstep: 1087  [32mloss:  2.7500  [38;2;180;60;0mgrad_norm:  1.9855  [38;2;54;234;195mmemory: 37.12GiB(46.73%)  [34mtps: 4,622  [36mtflops: 223.03  [35mmfu: 22.55%[39m
[rank0]:[titan] 2026-03-17 10:50:33,147 - root - INFO - [31mstep: 1088  [32mloss:  2.8125  [38;2;180;60;0mgrad_norm:  1.9623  [38;2;54;234;195mmemory: 37.12GiB(46.73%)  [34mtps: 4,603  [36mtflops: 222.09  [35mmfu: 22.46%[39m
[rank0]:[titan] 2026-03-17 10:50:33,592 - root - INFO - [31mstep: 1089  [32mloss:  2.8125  [38;2;180;60;0mgrad_norm:  1.8536  [38;2;54;234;195mmemory: 37.12GiB(46.73%)  [34mtps: 4,612  [36mtflops: 222.53  [35mmfu: 22.50%[39m
[rank0]:[titan] 2026-03-17 10:50:34,036 - root - INFO - [31mstep: 1090  [32mloss:  2.7344  [38;2;180;60;0mgrad_norm:  2.2722  [38;2;54;234;195mmemory: 37.12GiB(46.73%)  [34mtps: 4,616  [36mtflops: 222.73  [35mmfu: 22.52%[39m
[rank0]:[titan] 2026-03-17 10:50:34,482 - root - INFO - [31mstep: 1091  [32mloss:  2.7656  [38;2;180;60;0mgrad_norm:  1.9786  [38;2;54;234;195mmemory: 37.12GiB(46.73%)  [34mtps: 4,595  [36mtflops: 221.74  [35mmfu: 22.42%[39m
[rank0]:[titan] 2026-03-17 10:50:34,931 - root - INFO - [31mstep: 1092  [32mloss:  2.7344  [38;2;180;60;0mgrad_norm:  1.5966  [38;2;54;234;195mmemory: 37.12GiB(46.73%)  [34mtps: 4,568  [36mtflops: 220.40  [35mmfu: 22.29%[39m
[rank0]:[titan] 2026-03-17 10:50:35,376 - root - INFO - [31mstep: 1093  [32mloss:  2.7500  [38;2;180;60;0mgrad_norm:  1.6661  [38;2;54;234;195mmemory: 37.12GiB(46.73%)  [34mtps: 4,610  [36mtflops: 222.46  [35mmfu: 22.49%[39m
[rank0]:[titan] 2026-03-17 10:50:35,823 - root - INFO - [31mstep: 1094  [32mloss:  2.7500  [38;2;180;60;0mgrad_norm:  1.5616  [38;2;54;234;195mmemory: 37.12GiB(46.73%)  [34mtps: 4,584  [36mtflops: 221.16  [35mmfu: 22.36%[39m
[rank0]:[titan] 2026-03-17 10:50:36,276 - root - INFO - [31mstep: 1095  [32mloss:  2.7031  [38;2;180;60;0mgrad_norm:  1.9313  [38;2;54;234;195mmemory: 37.12GiB(46.73%)  [34mtps: 4,530  [36mtflops: 218.56  [35mmfu: 22.10%[39m
[rank0]:[titan] 2026-03-17 10:50:36,720 - root - INFO - [31mstep: 1096  [32mloss:  2.6875  [38;2;180;60;0mgrad_norm:  1.9524  [38;2;54;234;195mmemory: 37.12GiB(46.73%)  [34mtps: 4,616  [36mtflops: 222.74  [35mmfu: 22.52%[39m
[rank0]:[titan] 2026-03-17 10:50:37,167 - root - INFO - [31mstep: 1097  [32mloss:  2.7188  [38;2;180;60;0mgrad_norm:  1.6407  [38;2;54;234;195mmemory: 37.12GiB(46.73%)  [34mtps: 4,585  [36mtflops: 221.25  [35mmfu: 22.37%[39m
[rank0]:[titan] 2026-03-17 10:50:37,612 - root - INFO - [31mstep: 1098  [32mloss:  2.7500  [38;2;180;60;0mgrad_norm:  1.6034  [38;2;54;234;195mmemory: 37.12GiB(46.73%)  [34mtps: 4,602  [36mtflops: 222.06  [35mmfu: 22.45%[39m
[rank0]:[titan] 2026-03-17 10:50:38,057 - root - INFO - [31mstep: 1099  [32mloss:  2.7188  [38;2;180;60;0mgrad_norm:  1.7213  [38;2;54;234;195mmemory: 37.12GiB(46.73%)  [34mtps: 4,612  [36mtflops: 222.53  [35mmfu: 22.50%[39m
[rank0]:[titan] 2026-03-17 10:50:38,514 - root - INFO - [31mstep: 1100  [32mloss:  2.7344  [38;2;180;60;0mgrad_norm:  1.3106  [38;2;54;234;195mmemory: 37.12GiB(46.73%)  [34mtps: 4,487  [36mtflops: 216.50  [35mmfu: 21.89%[39m
[rank0]:[titan] 2026-03-17 10:50:38,961 - root - INFO - [31mstep: 1101  [32mloss:  2.7344  [38;2;180;60;0mgrad_norm:  1.6246  [38;2;54;234;195mmemory: 37.12GiB(46.73%)  [34mtps: 4,589  [36mtflops: 221.44  [35mmfu: 22.39%[39m
[rank0]:[titan] 2026-03-17 10:50:39,409 - root - INFO - [31mstep: 1102  [32mloss:  2.7344  [38;2;180;60;0mgrad_norm:  1.5777  [38;2;54;234;195mmemory: 37.12GiB(46.73%)  [34mtps: 4,573  [36mtflops: 220.67  [35mmfu: 22.31%[39m
[rank0]:[titan] 2026-03-17 10:50:39,854 - root - INFO - [31mstep: 1103  [32mloss:  2.7188  [38;2;180;60;0mgrad_norm:  1.5296  [38;2;54;234;195mmemory: 37.12GiB(46.73%)  [34mtps: 4,604  [36mtflops: 222.16  [35mmfu: 22.46%[39m
[rank0]:[titan] 2026-03-17 10:50:40,302 - root - INFO - [31mstep: 1104  [32mloss:  2.7656  [38;2;180;60;0mgrad_norm:  1.8780  [38;2;54;234;195mmemory: 37.12GiB(46.73%)  [34mtps: 4,583  [36mtflops: 221.14  [35mmfu: 22.36%[39m
[rank0]:[titan] 2026-03-17 10:50:40,752 - root - INFO - [31mstep: 1105  [32mloss:  2.7969  [38;2;180;60;0mgrad_norm:  1.8032  [38;2;54;234;195mmemory: 37.12GiB(46.73%)  [34mtps: 4,556  [36mtflops: 219.81  [35mmfu: 22.23%[39m
[rank0]:[titan] 2026-03-17 10:50:41,199 - root - INFO - [31mstep: 1106  [32mloss:  2.7188  [38;2;180;60;0mgrad_norm:  1.7114  [38;2;54;234;195mmemory: 37.12GiB(46.73%)  [34mtps: 4,587  [36mtflops: 221.31  [35mmfu: 22.38%[39m
[rank0]:[titan] 2026-03-17 10:50:41,645 - root - INFO - [31mstep: 1107  [32mloss:  2.7656  [38;2;180;60;0mgrad_norm:  2.1068  [38;2;54;234;195mmemory: 37.12GiB(46.73%)  [34mtps: 4,591  [36mtflops: 221.52  [35mmfu: 22.40%[39m
[rank0]:[titan] 2026-03-17 10:50:42,094 - root - INFO - [31mstep: 1108  [32mloss:  2.8438  [38;2;180;60;0mgrad_norm:  2.5836  [38;2;54;234;195mmemory: 37.12GiB(46.73%)  [34mtps: 4,573  [36mtflops: 220.66  [35mmfu: 22.31%[39m
[rank0]:[titan] 2026-03-17 10:50:42,539 - root - INFO - [31mstep: 1109  [32mloss:  2.8906  [38;2;180;60;0mgrad_norm:  2.2745  [38;2;54;234;195mmemory: 37.12GiB(46.73%)  [34mtps: 4,600  [36mtflops: 221.95  [35mmfu: 22.44%[39m
[rank0]:[titan] 2026-03-17 10:50:42,986 - root - INFO - [31mstep: 1110  [32mloss:  2.7500  [38;2;180;60;0mgrad_norm:  1.4801  [38;2;54;234;195mmemory: 37.12GiB(46.73%)  [34mtps: 4,586  [36mtflops: 221.26  [35mmfu: 22.37%[39m
[rank0]:[titan] 2026-03-17 10:50:43,432 - root - INFO - [31mstep: 1111  [32mloss:  2.8125  [38;2;180;60;0mgrad_norm:  1.6136  [38;2;54;234;195mmemory: 37.12GiB(46.73%)  [34mtps: 4,599  [36mtflops: 221.89  [35mmfu: 22.44%[39m
[rank0]:[titan] 2026-03-17 10:50:43,876 - root - INFO - [31mstep: 1112  [32mloss:  2.7812  [38;2;180;60;0mgrad_norm:  1.5259  [38;2;54;234;195mmemory: 37.12GiB(46.73%)  [34mtps: 4,617  [36mtflops: 222.78  [35mmfu: 22.53%[39m
[rank0]:[titan] 2026-03-17 10:50:44,327 - root - INFO - [31mstep: 1113  [32mloss:  2.7500  [38;2;180;60;0mgrad_norm:  1.5537  [38;2;54;234;195mmemory: 37.12GiB(46.73%)  [34mtps: 4,549  [36mtflops: 219.49  [35mmfu: 22.19%[39m
[rank0]:[titan] 2026-03-17 10:50:44,772 - root - INFO - [31mstep: 1114  [32mloss:  2.7656  [38;2;180;60;0mgrad_norm:  1.4529  [38;2;54;234;195mmemory: 37.12GiB(46.73%)  [34mtps: 4,607  [36mtflops: 222.28  [35mmfu: 22.47%[39m
[rank0]:[titan] 2026-03-17 10:50:45,221 - root - INFO - [31mstep: 1115  [32mloss:  2.8750  [38;2;180;60;0mgrad_norm:  2.3027  [38;2;54;234;195mmemory: 37.12GiB(46.73%)  [34mtps: 4,570  [36mtflops: 220.50  [35mmfu: 22.30%[39m
[rank0]:[titan] 2026-03-17 10:50:45,667 - root - INFO - [31mstep: 1116  [32mloss:  2.7188  [38;2;180;60;0mgrad_norm:  2.0330  [38;2;54;234;195mmemory: 37.12GiB(46.73%)  [34mtps: 4,590  [36mtflops: 221.46  [35mmfu: 22.39%[39m
[rank0]:[titan] 2026-03-17 10:50:46,117 - root - INFO - [31mstep: 1117  [32mloss:  2.7188  [38;2;180;60;0mgrad_norm:  1.7619  [38;2;54;234;195mmemory: 37.12GiB(46.73%)  [34mtps: 4,561  [36mtflops: 220.08  [35mmfu: 22.25%[39m
[rank0]:[titan] 2026-03-17 10:50:46,565 - root - INFO - [31mstep: 1118  [32mloss:  2.7500  [38;2;180;60;0mgrad_norm:  2.0795  [38;2;54;234;195mmemory: 37.12GiB(46.73%)  [34mtps: 4,581  [36mtflops: 221.03  [35mmfu: 22.35%[39m
[rank0]:[titan] 2026-03-17 10:50:47,014 - root - INFO - [31mstep: 1119  [32mloss:  2.8594  [38;2;180;60;0mgrad_norm:  2.0365  [38;2;54;234;195mmemory: 37.12GiB(46.73%)  [34mtps: 4,557  [36mtflops: 219.89  [35mmfu: 22.23%[39m
[rank0]:[titan] 2026-03-17 10:50:47,461 - root - INFO - [31mstep: 1120  [32mloss:  2.7656  [38;2;180;60;0mgrad_norm:  2.0175  [38;2;54;234;195mmemory: 37.12GiB(46.73%)  [34mtps: 4,589  [36mtflops: 221.40  [35mmfu: 22.39%[39m
[rank0]:[titan] 2026-03-17 10:50:47,905 - root - INFO - [31mstep: 1121  [32mloss:  2.8125  [38;2;180;60;0mgrad_norm:  1.8677  [38;2;54;234;195mmemory: 37.12GiB(46.73%)  [34mtps: 4,615  [36mtflops: 222.70  [35mmfu: 22.52%[39m
[rank0]:[titan] 2026-03-17 10:50:48,357 - root - INFO - [31mstep: 1122  [32mloss:  2.7656  [38;2;180;60;0mgrad_norm:  2.5044  [38;2;54;234;195mmemory: 37.12GiB(46.73%)  [34mtps: 4,544  [36mtflops: 219.27  [35mmfu: 22.17%[39m
[rank0]:[titan] 2026-03-17 10:50:48,809 - root - INFO - [31mstep: 1123  [32mloss:  2.7500  [38;2;180;60;0mgrad_norm:  1.3934  [38;2;54;234;195mmemory: 37.12GiB(46.73%)  [34mtps: 4,535  [36mtflops: 218.83  [35mmfu: 22.13%[39m
[rank0]:[titan] 2026-03-17 10:50:49,255 - root - INFO - [31mstep: 1124  [32mloss:  2.7656  [38;2;180;60;0mgrad_norm:  2.8844  [38;2;54;234;195mmemory: 37.12GiB(46.73%)  [34mtps: 4,598  [36mtflops: 221.88  [35mmfu: 22.43%[39m
[rank0]:[titan] 2026-03-17 10:50:49,699 - root - INFO - [31mstep: 1125  [32mloss:  2.8125  [38;2;180;60;0mgrad_norm:  2.9333  [38;2;54;234;195mmemory: 37.12GiB(46.73%)  [34mtps: 4,617  [36mtflops: 222.79  [35mmfu: 22.53%[39m
[rank0]:[titan] 2026-03-17 10:50:50,144 - root - INFO - [31mstep: 1126  [32mloss:  2.7656  [38;2;180;60;0mgrad_norm:  1.4754  [38;2;54;234;195mmemory: 37.12GiB(46.73%)  [34mtps: 4,603  [36mtflops: 222.12  [35mmfu: 22.46%[39m
[rank0]:[titan] 2026-03-17 10:50:50,591 - root - INFO - [31mstep: 1127  [32mloss:  2.7500  [38;2;180;60;0mgrad_norm:  2.5235  [38;2;54;234;195mmemory: 37.12GiB(46.73%)  [34mtps: 4,587  [36mtflops: 221.35  [35mmfu: 22.38%[39m
[rank0]:[titan] 2026-03-17 10:50:51,036 - root - INFO - [31mstep: 1128  [32mloss:  2.8750  [38;2;180;60;0mgrad_norm:  1.6867  [38;2;54;234;195mmemory: 37.12GiB(46.73%)  [34mtps: 4,603  [36mtflops: 222.08  [35mmfu: 22.46%[39m
[rank0]:[titan] 2026-03-17 10:50:51,487 - root - INFO - [31mstep: 1129  [32mloss:  2.9531  [38;2;180;60;0mgrad_norm:  2.6208  [38;2;54;234;195mmemory: 37.12GiB(46.73%)  [34mtps: 4,552  [36mtflops: 219.64  [35mmfu: 22.21%[39m
[rank0]:[titan] 2026-03-17 10:50:51,933 - root - INFO - [31mstep: 1130  [32mloss:  2.8125  [38;2;180;60;0mgrad_norm:  2.2238  [38;2;54;234;195mmemory: 37.12GiB(46.73%)  [34mtps: 4,599  [36mtflops: 221.90  [35mmfu: 22.44%[39m
[rank0]:[titan] 2026-03-17 10:50:52,378 - root - INFO - [31mstep: 1131  [32mloss:  2.8125  [38;2;180;60;0mgrad_norm:  2.0311  [38;2;54;234;195mmemory: 37.12GiB(46.73%)  [34mtps: 4,605  [36mtflops: 222.17  [35mmfu: 22.46%[39m
[rank0]:[titan] 2026-03-17 10:50:52,832 - root - INFO - [31mstep: 1132  [32mloss:  2.8125  [38;2;180;60;0mgrad_norm:  2.4568  [38;2;54;234;195mmemory: 37.12GiB(46.73%)  [34mtps: 4,522  [36mtflops: 218.19  [35mmfu: 22.06%[39m
[rank0]:[titan] 2026-03-17 10:50:53,301 - root - INFO - [31mstep: 1133  [32mloss:  2.7969  [38;2;180;60;0mgrad_norm:  1.3950  [38;2;54;234;195mmemory: 37.12GiB(46.73%)  [34mtps: 4,364  [36mtflops: 210.55  [35mmfu: 21.29%[39m
[rank0]:[titan] 2026-03-17 10:50:53,745 - root - INFO - [31mstep: 1134  [32mloss:  2.7500  [38;2;180;60;0mgrad_norm:  2.5064  [38;2;54;234;195mmemory: 37.12GiB(46.73%)  [34mtps: 4,626  [36mtflops: 223.20  [35mmfu: 22.57%[39m
[rank0]:[titan] 2026-03-17 10:50:54,190 - root - INFO - [31mstep: 1135  [32mloss:  2.7188  [38;2;180;60;0mgrad_norm:  2.0587  [38;2;54;234;195mmemory: 37.12GiB(46.73%)  [34mtps: 4,601  [36mtflops: 221.98  [35mmfu: 22.45%[39m
[rank0]:[titan] 2026-03-17 10:50:54,636 - root - INFO - [31mstep: 1136  [32mloss:  2.7656  [38;2;180;60;0mgrad_norm:  2.3890  [38;2;54;234;195mmemory: 37.12GiB(46.73%)  [34mtps: 4,603  [36mtflops: 222.11  [35mmfu: 22.46%[39m
[rank0]:[titan] 2026-03-17 10:50:55,080 - root - INFO - [31mstep: 1137  [32mloss:  2.7344  [38;2;180;60;0mgrad_norm:  2.7176  [38;2;54;234;195mmemory: 37.12GiB(46.73%)  [34mtps: 4,615  [36mtflops: 222.66  [35mmfu: 22.51%[39m
[rank0]:[titan] 2026-03-17 10:50:55,527 - root - INFO - [31mstep: 1138  [32mloss:  2.7500  [38;2;180;60;0mgrad_norm:  1.5669  [38;2;54;234;195mmemory: 37.12GiB(46.73%)  [34mtps: 4,592  [36mtflops: 221.54  [35mmfu: 22.40%[39m
[rank0]:[titan] 2026-03-17 10:50:55,972 - root - INFO - [31mstep: 1139  [32mloss:  2.7500  [38;2;180;60;0mgrad_norm:  1.8573  [38;2;54;234;195mmemory: 37.12GiB(46.73%)  [34mtps: 4,608  [36mtflops: 222.32  [35mmfu: 22.48%[39m
[rank0]:[titan] 2026-03-17 10:50:56,418 - root - INFO - [31mstep: 1140  [32mloss:  2.7500  [38;2;180;60;0mgrad_norm:  1.5306  [38;2;54;234;195mmemory: 37.12GiB(46.73%)  [34mtps: 4,593  [36mtflops: 221.61  [35mmfu: 22.41%[39m
[rank0]:[titan] 2026-03-17 10:50:56,866 - root - INFO - [31mstep: 1141  [32mloss:  2.7344  [38;2;180;60;0mgrad_norm:  2.0549  [38;2;54;234;195mmemory: 37.12GiB(46.73%)  [34mtps: 4,574  [36mtflops: 220.68  [35mmfu: 22.31%[39m
[rank0]:[titan] 2026-03-17 10:50:57,312 - root - INFO - [31mstep: 1142  [32mloss:  2.6875  [38;2;180;60;0mgrad_norm:  1.6783  [38;2;54;234;195mmemory: 37.12GiB(46.73%)  [34mtps: 4,600  [36mtflops: 221.95  [35mmfu: 22.44%[39m
[rank0]:[titan] 2026-03-17 10:50:57,762 - root - INFO - [31mstep: 1143  [32mloss:  2.7031  [38;2;180;60;0mgrad_norm:  1.4430  [38;2;54;234;195mmemory: 37.12GiB(46.73%)  [34mtps: 4,557  [36mtflops: 219.86  [35mmfu: 22.23%[39m
[rank0]:[titan] 2026-03-17 10:50:58,205 - root - INFO - [31mstep: 1144  [32mloss:  2.7188  [38;2;180;60;0mgrad_norm:  1.5017  [38;2;54;234;195mmemory: 37.12GiB(46.73%)  [34mtps: 4,624  [36mtflops: 223.13  [35mmfu: 22.56%[39m
[rank0]:[titan] 2026-03-17 10:50:58,653 - root - INFO - [31mstep: 1145  [32mloss:  2.7812  [38;2;180;60;0mgrad_norm:  1.7430  [38;2;54;234;195mmemory: 37.12GiB(46.73%)  [34mtps: 4,584  [36mtflops: 221.18  [35mmfu: 22.36%[39m
[rank0]:[titan] 2026-03-17 10:50:59,097 - root - INFO - [31mstep: 1146  [32mloss:  2.7500  [38;2;180;60;0mgrad_norm:  1.6972  [38;2;54;234;195mmemory: 37.12GiB(46.73%)  [34mtps: 4,616  [36mtflops: 222.74  [35mmfu: 22.52%[39m
[rank0]:[titan] 2026-03-17 10:50:59,548 - root - INFO - [31mstep: 1147  [32mloss:  2.7031  [38;2;180;60;0mgrad_norm:  2.0036  [38;2;54;234;195mmemory: 37.12GiB(46.73%)  [34mtps: 4,541  [36mtflops: 219.10  [35mmfu: 22.15%[39m
[rank0]:[titan] 2026-03-17 10:50:59,995 - root - INFO - [31mstep: 1148  [32mloss:  2.7188  [38;2;180;60;0mgrad_norm:  1.8846  [38;2;54;234;195mmemory: 37.12GiB(46.73%)  [34mtps: 4,592  [36mtflops: 221.58  [35mmfu: 22.40%[39m
[rank0]:[titan] 2026-03-17 10:51:00,441 - root - INFO - [31mstep: 1149  [32mloss:  2.7188  [38;2;180;60;0mgrad_norm:  1.5013  [38;2;54;234;195mmemory: 37.12GiB(46.73%)  [34mtps: 4,590  [36mtflops: 221.45  [35mmfu: 22.39%[39m
[rank0]:[titan] 2026-03-17 10:51:00,886 - root - INFO - [31mstep: 1150  [32mloss:  2.7188  [38;2;180;60;0mgrad_norm:  1.2978  [38;2;54;234;195mmemory: 37.12GiB(46.73%)  [34mtps: 4,612  [36mtflops: 222.51  [35mmfu: 22.50%[39m
[rank0]:[titan] 2026-03-17 10:51:01,336 - root - INFO - [31mstep: 1151  [32mloss:  2.7188  [38;2;180;60;0mgrad_norm:  1.6392  [38;2;54;234;195mmemory: 37.12GiB(46.73%)  [34mtps: 4,552  [36mtflops: 219.64  [35mmfu: 22.21%[39m
[rank0]:[titan] 2026-03-17 10:51:01,783 - root - INFO - [31mstep: 1152  [32mloss:  2.6875  [38;2;180;60;0mgrad_norm:  1.9000  [38;2;54;234;195mmemory: 37.12GiB(46.73%)  [34mtps: 4,593  [36mtflops: 221.60  [35mmfu: 22.41%[39m
[rank0]:[titan] 2026-03-17 10:51:02,229 - root - INFO - [31mstep: 1153  [32mloss:  2.7031  [38;2;180;60;0mgrad_norm:  1.7258  [38;2;54;234;195mmemory: 37.12GiB(46.73%)  [34mtps: 4,599  [36mtflops: 221.92  [35mmfu: 22.44%[39m
[rank0]:[titan] 2026-03-17 10:51:02,675 - root - INFO - [31mstep: 1154  [32mloss:  2.6875  [38;2;180;60;0mgrad_norm:  1.5236  [38;2;54;234;195mmemory: 37.12GiB(46.73%)  [34mtps: 4,592  [36mtflops: 221.56  [35mmfu: 22.40%[39m
[rank0]:[titan] 2026-03-17 10:51:03,120 - root - INFO - [31mstep: 1155  [32mloss:  2.6875  [38;2;180;60;0mgrad_norm:  1.5323  [38;2;54;234;195mmemory: 37.12GiB(46.73%)  [34mtps: 4,608  [36mtflops: 222.36  [35mmfu: 22.48%[39m
[rank0]:[titan] 2026-03-17 10:51:03,567 - root - INFO - [31mstep: 1156  [32mloss:  2.7344  [38;2;180;60;0mgrad_norm:  1.7077  [38;2;54;234;195mmemory: 37.12GiB(46.73%)  [34mtps: 4,583  [36mtflops: 221.12  [35mmfu: 22.36%[39m
[rank0]:[titan] 2026-03-17 10:51:04,019 - root - INFO - [31mstep: 1157  [32mloss:  2.7656  [38;2;180;60;0mgrad_norm:  1.6383  [38;2;54;234;195mmemory: 37.12GiB(46.73%)  [34mtps: 4,540  [36mtflops: 219.08  [35mmfu: 22.15%[39m
[rank0]:[titan] 2026-03-17 10:51:04,473 - root - INFO - [31mstep: 1158  [32mloss:  2.7812  [38;2;180;60;0mgrad_norm:  1.6582  [38;2;54;234;195mmemory: 37.12GiB(46.73%)  [34mtps: 4,515  [36mtflops: 217.85  [35mmfu: 22.03%[39m
[rank0]:[titan] 2026-03-17 10:51:04,923 - root - INFO - [31mstep: 1159  [32mloss:  2.7500  [38;2;180;60;0mgrad_norm:  2.0934  [38;2;54;234;195mmemory: 37.12GiB(46.73%)  [34mtps: 4,555  [36mtflops: 219.78  [35mmfu: 22.22%[39m
[rank0]:[titan] 2026-03-17 10:51:05,382 - root - INFO - [31mstep: 1160  [32mloss:  2.6875  [38;2;180;60;0mgrad_norm:  1.7539  [38;2;54;234;195mmemory: 37.12GiB(46.73%)  [34mtps: 4,467  [36mtflops: 215.52  [35mmfu: 21.79%[39m
[rank0]:[titan] 2026-03-17 10:51:05,827 - root - INFO - [31mstep: 1161  [32mloss:  2.7031  [38;2;180;60;0mgrad_norm:  1.5431  [38;2;54;234;195mmemory: 37.12GiB(46.73%)  [34mtps: 4,609  [36mtflops: 222.41  [35mmfu: 22.49%[39m
[rank0]:[titan] 2026-03-17 10:51:06,274 - root - INFO - [31mstep: 1162  [32mloss:  2.6875  [38;2;180;60;0mgrad_norm:  2.3950  [38;2;54;234;195mmemory: 37.12GiB(46.73%)  [34mtps: 4,587  [36mtflops: 221.34  [35mmfu: 22.38%[39m
[rank0]:[titan] 2026-03-17 10:51:06,719 - root - INFO - [31mstep: 1163  [32mloss:  2.7344  [38;2;180;60;0mgrad_norm:  2.6660  [38;2;54;234;195mmemory: 37.12GiB(46.73%)  [34mtps: 4,610  [36mtflops: 222.42  [35mmfu: 22.49%[39m
[rank0]:[titan] 2026-03-17 10:51:07,164 - root - INFO - [31mstep: 1164  [32mloss:  2.7031  [38;2;180;60;0mgrad_norm:  1.7834  [38;2;54;234;195mmemory: 37.12GiB(46.73%)  [34mtps: 4,604  [36mtflops: 222.13  [35mmfu: 22.46%[39m
[rank0]:[titan] 2026-03-17 10:51:07,617 - root - INFO - [31mstep: 1165  [32mloss:  2.7500  [38;2;180;60;0mgrad_norm:  1.8051  [38;2;54;234;195mmemory: 37.12GiB(46.73%)  [34mtps: 4,523  [36mtflops: 218.25  [35mmfu: 22.07%[39m
[rank0]:[titan] 2026-03-17 10:51:08,064 - root - INFO - [31mstep: 1166  [32mloss:  2.7188  [38;2;180;60;0mgrad_norm:  1.4487  [38;2;54;234;195mmemory: 37.12GiB(46.73%)  [34mtps: 4,591  [36mtflops: 221.54  [35mmfu: 22.40%[39m
[rank0]:[titan] 2026-03-17 10:51:08,508 - root - INFO - [31mstep: 1167  [32mloss:  2.7344  [38;2;180;60;0mgrad_norm:  1.4511  [38;2;54;234;195mmemory: 37.12GiB(46.73%)  [34mtps: 4,615  [36mtflops: 222.67  [35mmfu: 22.51%[39m
[rank0]:[titan] 2026-03-17 10:51:08,965 - root - INFO - [31mstep: 1168  [32mloss:  2.7188  [38;2;180;60;0mgrad_norm:  1.8238  [38;2;54;234;195mmemory: 37.12GiB(46.73%)  [34mtps: 4,489  [36mtflops: 216.59  [35mmfu: 21.90%[39m
[rank0]:[titan] 2026-03-17 10:51:09,413 - root - INFO - [31mstep: 1169  [32mloss:  2.7500  [38;2;180;60;0mgrad_norm:  1.5905  [38;2;54;234;195mmemory: 37.12GiB(46.73%)  [34mtps: 4,572  [36mtflops: 220.60  [35mmfu: 22.31%[39m
[rank0]:[titan] 2026-03-17 10:51:09,860 - root - INFO - [31mstep: 1170  [32mloss:  2.6875  [38;2;180;60;0mgrad_norm:  1.1979  [38;2;54;234;195mmemory: 37.12GiB(46.73%)  [34mtps: 4,593  [36mtflops: 221.59  [35mmfu: 22.41%[39m
[rank0]:[titan] 2026-03-17 10:51:10,307 - root - INFO - [31mstep: 1171  [32mloss:  2.6875  [38;2;180;60;0mgrad_norm:  1.3896  [38;2;54;234;195mmemory: 37.12GiB(46.73%)  [34mtps: 4,585  [36mtflops: 221.24  [35mmfu: 22.37%[39m
[rank0]:[titan] 2026-03-17 10:51:10,755 - root - INFO - [31mstep: 1172  [32mloss:  2.6719  [38;2;180;60;0mgrad_norm:  1.2423  [38;2;54;234;195mmemory: 37.12GiB(46.73%)  [34mtps: 4,582  [36mtflops: 221.07  [35mmfu: 22.35%[39m
[rank0]:[titan] 2026-03-17 10:51:11,203 - root - INFO - [31mstep: 1173  [32mloss:  2.7656  [38;2;180;60;0mgrad_norm:  2.0731  [38;2;54;234;195mmemory: 37.12GiB(46.73%)  [34mtps: 4,568  [36mtflops: 220.39  [35mmfu: 22.28%[39m
[rank0]:[titan] 2026-03-17 10:51:11,658 - root - INFO - [31mstep: 1174  [32mloss:  2.8125  [38;2;180;60;0mgrad_norm:  1.9679  [38;2;54;234;195mmemory: 37.12GiB(46.73%)  [34mtps: 4,512  [36mtflops: 217.72  [35mmfu: 22.01%[39m
[rank0]:[titan] 2026-03-17 10:51:12,104 - root - INFO - [31mstep: 1175  [32mloss:  2.7812  [38;2;180;60;0mgrad_norm:  1.3594  [38;2;54;234;195mmemory: 37.12GiB(46.73%)  [34mtps: 4,593  [36mtflops: 221.62  [35mmfu: 22.41%[39m
[rank0]:[titan] 2026-03-17 10:51:12,549 - root - INFO - [31mstep: 1176  [32mloss:  2.6719  [38;2;180;60;0mgrad_norm:  1.8622  [38;2;54;234;195mmemory: 37.12GiB(46.73%)  [34mtps: 4,616  [36mtflops: 222.71  [35mmfu: 22.52%[39m
[rank0]:[titan] 2026-03-17 10:51:12,996 - root - INFO - [31mstep: 1177  [32mloss:  2.7188  [38;2;180;60;0mgrad_norm:  1.8774  [38;2;54;234;195mmemory: 37.12GiB(46.73%)  [34mtps: 4,586  [36mtflops: 221.26  [35mmfu: 22.37%[39m
[rank0]:[titan] 2026-03-17 10:51:13,441 - root - INFO - [31mstep: 1178  [32mloss:  2.7656  [38;2;180;60;0mgrad_norm:  1.7017  [38;2;54;234;195mmemory: 37.12GiB(46.73%)  [34mtps: 4,608  [36mtflops: 222.32  [35mmfu: 22.48%[39m
[rank0]:[titan] 2026-03-17 10:51:13,889 - root - INFO - [31mstep: 1179  [32mloss:  2.7656  [38;2;180;60;0mgrad_norm:  1.6029  [38;2;54;234;195mmemory: 37.12GiB(46.73%)  [34mtps: 4,571  [36mtflops: 220.55  [35mmfu: 22.30%[39m
[rank0]:[titan] 2026-03-17 10:51:14,333 - root - INFO - [31mstep: 1180  [32mloss:  2.7188  [38;2;180;60;0mgrad_norm:  2.3081  [38;2;54;234;195mmemory: 37.12GiB(46.73%)  [34mtps: 4,617  [36mtflops: 222.76  [35mmfu: 22.52%[39m
[rank0]:[titan] 2026-03-17 10:51:14,780 - root - INFO - [31mstep: 1181  [32mloss:  2.7031  [38;2;180;60;0mgrad_norm:  2.3403  [38;2;54;234;195mmemory: 37.12GiB(46.73%)  [34mtps: 4,587  [36mtflops: 221.34  [35mmfu: 22.38%[39m
[rank0]:[titan] 2026-03-17 10:51:15,226 - root - INFO - [31mstep: 1182  [32mloss:  2.7656  [38;2;180;60;0mgrad_norm:  1.8851  [38;2;54;234;195mmemory: 37.12GiB(46.73%)  [34mtps: 4,596  [36mtflops: 221.78  [35mmfu: 22.42%[39m
[rank0]:[titan] 2026-03-17 10:51:15,675 - root - INFO - [31mstep: 1183  [32mloss:  2.7500  [38;2;180;60;0mgrad_norm:  1.7639  [38;2;54;234;195mmemory: 37.12GiB(46.73%)  [34mtps: 4,571  [36mtflops: 220.54  [35mmfu: 22.30%[39m
[rank0]:[titan] 2026-03-17 10:51:16,120 - root - INFO - [31mstep: 1184  [32mloss:  2.7969  [38;2;180;60;0mgrad_norm:  1.6420  [38;2;54;234;195mmemory: 37.12GiB(46.73%)  [34mtps: 4,605  [36mtflops: 222.17  [35mmfu: 22.46%[39m
[rank0]:[titan] 2026-03-17 10:51:16,572 - root - INFO - [31mstep: 1185  [32mloss:  2.7344  [38;2;180;60;0mgrad_norm:  1.5691  [38;2;54;234;195mmemory: 37.12GiB(46.73%)  [34mtps: 4,543  [36mtflops: 219.18  [35mmfu: 22.16%[39m
[rank0]:[titan] 2026-03-17 10:51:17,027 - root - INFO - [31mstep: 1186  [32mloss:  2.7188  [38;2;180;60;0mgrad_norm:  1.8179  [38;2;54;234;195mmemory: 37.12GiB(46.73%)  [34mtps: 4,509  [36mtflops: 217.55  [35mmfu: 22.00%[39m
[rank0]:[titan] 2026-03-17 10:51:17,473 - root - INFO - [31mstep: 1187  [32mloss:  2.7344  [38;2;180;60;0mgrad_norm:  1.8719  [38;2;54;234;195mmemory: 37.12GiB(46.73%)  [34mtps: 4,589  [36mtflops: 221.42  [35mmfu: 22.39%[39m
[rank0]:[titan] 2026-03-17 10:51:17,921 - root - INFO - [31mstep: 1188  [32mloss:  2.7188  [38;2;180;60;0mgrad_norm:  1.4638  [38;2;54;234;195mmemory: 37.12GiB(46.73%)  [34mtps: 4,578  [36mtflops: 220.88  [35mmfu: 22.33%[39m
[rank0]:[titan] 2026-03-17 10:51:18,381 - root - INFO - [31mstep: 1189  [32mloss:  2.7188  [38;2;180;60;0mgrad_norm:  1.3835  [38;2;54;234;195mmemory: 37.12GiB(46.73%)  [34mtps: 4,461  [36mtflops: 215.26  [35mmfu: 21.76%[39m
[rank0]:[titan] 2026-03-17 10:51:18,830 - root - INFO - [31mstep: 1190  [32mloss:  2.6875  [38;2;180;60;0mgrad_norm:  2.3863  [38;2;54;234;195mmemory: 37.12GiB(46.73%)  [34mtps: 4,566  [36mtflops: 220.30  [35mmfu: 22.28%[39m
[rank0]:[titan] 2026-03-17 10:51:19,277 - root - INFO - [31mstep: 1191  [32mloss:  2.7500  [38;2;180;60;0mgrad_norm:  2.0154  [38;2;54;234;195mmemory: 37.12GiB(46.73%)  [34mtps: 4,585  [36mtflops: 221.22  [35mmfu: 22.37%[39m
[rank0]:[titan] 2026-03-17 10:51:19,723 - root - INFO - [31mstep: 1192  [32mloss:  2.7500  [38;2;180;60;0mgrad_norm:  1.3740  [38;2;54;234;195mmemory: 37.12GiB(46.73%)  [34mtps: 4,594  [36mtflops: 221.65  [35mmfu: 22.41%[39m
[rank0]:[titan] 2026-03-17 10:51:20,172 - root - INFO - [31mstep: 1193  [32mloss:  2.6875  [38;2;180;60;0mgrad_norm:  1.6245  [38;2;54;234;195mmemory: 37.12GiB(46.73%)  [34mtps: 4,568  [36mtflops: 220.40  [35mmfu: 22.28%[39m
[rank0]:[titan] 2026-03-17 10:51:20,622 - root - INFO - [31mstep: 1194  [32mloss:  2.6875  [38;2;180;60;0mgrad_norm:  1.6491  [38;2;54;234;195mmemory: 37.12GiB(46.73%)  [34mtps: 4,564  [36mtflops: 220.24  [35mmfu: 22.27%[39m
[rank0]:[titan] 2026-03-17 10:51:21,067 - root - INFO - [31mstep: 1195  [32mloss:  2.6719  [38;2;180;60;0mgrad_norm:  1.2307  [38;2;54;234;195mmemory: 37.12GiB(46.73%)  [34mtps: 4,607  [36mtflops: 222.31  [35mmfu: 22.48%[39m
[rank0]:[titan] 2026-03-17 10:51:21,516 - root - INFO - [31mstep: 1196  [32mloss:  2.6719  [38;2;180;60;0mgrad_norm:  1.2886  [38;2;54;234;195mmemory: 37.12GiB(46.73%)  [34mtps: 4,561  [36mtflops: 220.05  [35mmfu: 22.25%[39m
[rank0]:[titan] 2026-03-17 10:51:21,967 - root - INFO - [31mstep: 1197  [32mloss:  2.7031  [38;2;180;60;0mgrad_norm:  1.6181  [38;2;54;234;195mmemory: 37.12GiB(46.73%)  [34mtps: 4,552  [36mtflops: 219.64  [35mmfu: 22.21%[39m
[rank0]:[titan] 2026-03-17 10:51:22,413 - root - INFO - [31mstep: 1198  [32mloss:  2.6719  [38;2;180;60;0mgrad_norm:  1.3466  [38;2;54;234;195mmemory: 37.12GiB(46.73%)  [34mtps: 4,591  [36mtflops: 221.50  [35mmfu: 22.40%[39m
[rank0]:[titan] 2026-03-17 10:51:22,863 - root - INFO - [31mstep: 1199  [32mloss:  2.6562  [38;2;180;60;0mgrad_norm:  1.5708  [38;2;54;234;195mmemory: 37.12GiB(46.73%)  [34mtps: 4,555  [36mtflops: 219.77  [35mmfu: 22.22%[39m
[rank0]:[titan] 2026-03-17 10:51:23,309 - root - INFO - [31mstep: 1200  [32mloss:  2.7500  [38;2;180;60;0mgrad_norm:  1.8787  [38;2;54;234;195mmemory: 37.12GiB(46.73%)  [34mtps: 4,601  [36mtflops: 222.01  [35mmfu: 22.45%[39m
[rank0]:[titan] 2026-03-17 10:51:23,755 - root - INFO - [31mstep: 1201  [32mloss:  2.7969  [38;2;180;60;0mgrad_norm:  1.3433  [38;2;54;234;195mmemory: 37.12GiB(46.73%)  [34mtps: 4,591  [36mtflops: 221.52  [35mmfu: 22.40%[39m
[rank0]:[titan] 2026-03-17 10:51:24,204 - root - INFO - [31mstep: 1202  [32mloss:  2.7500  [38;2;180;60;0mgrad_norm:  1.4379  [38;2;54;234;195mmemory: 37.12GiB(46.73%)  [34mtps: 4,572  [36mtflops: 220.58  [35mmfu: 22.30%[39m
[rank0]:[titan] 2026-03-17 10:51:24,652 - root - INFO - [31mstep: 1203  [32mloss:  2.7031  [38;2;180;60;0mgrad_norm:  1.7854  [38;2;54;234;195mmemory: 37.12GiB(46.73%)  [34mtps: 4,570  [36mtflops: 220.50  [35mmfu: 22.29%[39m
[rank0]:[titan] 2026-03-17 10:51:25,098 - root - INFO - [31mstep: 1204  [32mloss:  2.7500  [38;2;180;60;0mgrad_norm:  1.5083  [38;2;54;234;195mmemory: 37.12GiB(46.73%)  [34mtps: 4,604  [36mtflops: 222.17  [35mmfu: 22.46%[39m
[rank0]:[titan] 2026-03-17 10:51:25,544 - root - INFO - [31mstep: 1205  [32mloss:  2.7031  [38;2;180;60;0mgrad_norm:  1.2189  [38;2;54;234;195mmemory: 37.12GiB(46.73%)  [34mtps: 4,597  [36mtflops: 221.80  [35mmfu: 22.43%[39m
[rank0]:[titan] 2026-03-17 10:51:25,999 - root - INFO - [31mstep: 1206  [32mloss:  2.8125  [38;2;180;60;0mgrad_norm:  1.6957  [38;2;54;234;195mmemory: 37.12GiB(46.73%)  [34mtps: 4,505  [36mtflops: 217.37  [35mmfu: 21.98%[39m
[rank0]:[titan] 2026-03-17 10:51:26,445 - root - INFO - [31mstep: 1207  [32mloss:  2.7656  [38;2;180;60;0mgrad_norm:  2.1417  [38;2;54;234;195mmemory: 37.12GiB(46.73%)  [34mtps: 4,601  [36mtflops: 222.01  [35mmfu: 22.45%[39m
[rank0]:[titan] 2026-03-17 10:51:26,897 - root - INFO - [31mstep: 1208  [32mloss:  2.7500  [38;2;180;60;0mgrad_norm:  1.9982  [38;2;54;234;195mmemory: 37.12GiB(46.73%)  [34mtps: 4,531  [36mtflops: 218.62  [35mmfu: 22.10%[39m
[rank0]:[titan] 2026-03-17 10:51:27,344 - root - INFO - [31mstep: 1209  [32mloss:  2.7344  [38;2;180;60;0mgrad_norm:  1.3883  [38;2;54;234;195mmemory: 37.12GiB(46.73%)  [34mtps: 4,590  [36mtflops: 221.48  [35mmfu: 22.39%[39m
[rank0]:[titan] 2026-03-17 10:51:27,793 - root - INFO - [31mstep: 1210  [32mloss:  2.7188  [38;2;180;60;0mgrad_norm:  1.8059  [38;2;54;234;195mmemory: 37.12GiB(46.73%)  [34mtps: 4,565  [36mtflops: 220.26  [35mmfu: 22.27%[39m
[rank0]:[titan] 2026-03-17 10:51:28,242 - root - INFO - [31mstep: 1211  [32mloss:  2.7188  [38;2;180;60;0mgrad_norm:  1.9271  [38;2;54;234;195mmemory: 37.12GiB(46.73%)  [34mtps: 4,565  [36mtflops: 220.26  [35mmfu: 22.27%[39m
[rank0]:[titan] 2026-03-17 10:51:28,689 - root - INFO - [31mstep: 1212  [32mloss:  2.7344  [38;2;180;60;0mgrad_norm:  2.0316  [38;2;54;234;195mmemory: 37.12GiB(46.73%)  [34mtps: 4,582  [36mtflops: 221.09  [35mmfu: 22.35%[39m
[rank0]:[titan] 2026-03-17 10:51:29,132 - root - INFO - [31mstep: 1213  [32mloss:  2.7188  [38;2;180;60;0mgrad_norm:  1.1887  [38;2;54;234;195mmemory: 37.12GiB(46.73%)  [34mtps: 4,635  [36mtflops: 223.65  [35mmfu: 22.61%[39m
[rank0]:[titan] 2026-03-17 10:51:29,585 - root - INFO - [31mstep: 1214  [32mloss:  2.8125  [38;2;180;60;0mgrad_norm:  1.6230  [38;2;54;234;195mmemory: 37.12GiB(46.73%)  [34mtps: 4,528  [36mtflops: 218.47  [35mmfu: 22.09%[39m
[rank0]:[titan] 2026-03-17 10:51:30,076 - root - INFO - [31mstep: 1215  [32mloss:  2.7500  [38;2;180;60;0mgrad_norm:  2.2469  [38;2;54;234;195mmemory: 37.12GiB(46.73%)  [34mtps: 4,173  [36mtflops: 201.35  [35mmfu: 20.36%[39m
[rank0]:[titan] 2026-03-17 10:51:30,523 - root - INFO - [31mstep: 1216  [32mloss:  2.7656  [38;2;180;60;0mgrad_norm:  1.9405  [38;2;54;234;195mmemory: 37.12GiB(46.73%)  [34mtps: 4,586  [36mtflops: 221.30  [35mmfu: 22.38%[39m
[rank0]:[titan] 2026-03-17 10:51:30,970 - root - INFO - [31mstep: 1217  [32mloss:  2.7500  [38;2;180;60;0mgrad_norm:  1.6994  [38;2;54;234;195mmemory: 37.12GiB(46.73%)  [34mtps: 4,586  [36mtflops: 221.30  [35mmfu: 22.38%[39m
[rank0]:[titan] 2026-03-17 10:51:31,414 - root - INFO - [31mstep: 1218  [32mloss:  2.7344  [38;2;180;60;0mgrad_norm:  2.0142  [38;2;54;234;195mmemory: 37.12GiB(46.73%)  [34mtps: 4,624  [36mtflops: 223.12  [35mmfu: 22.56%[39m
[rank0]:[titan] 2026-03-17 10:51:31,860 - root - INFO - [31mstep: 1219  [32mloss:  2.7344  [38;2;180;60;0mgrad_norm:  1.9397  [38;2;54;234;195mmemory: 37.12GiB(46.73%)  [34mtps: 4,598  [36mtflops: 221.83  [35mmfu: 22.43%[39m
[rank0]:[titan] 2026-03-17 10:51:32,307 - root - INFO - [31mstep: 1220  [32mloss:  2.7500  [38;2;180;60;0mgrad_norm:  1.9591  [38;2;54;234;195mmemory: 37.12GiB(46.73%)  [34mtps: 4,583  [36mtflops: 221.12  [35mmfu: 22.36%[39m
[rank0]:[titan] 2026-03-17 10:51:32,753 - root - INFO - [31mstep: 1221  [32mloss:  2.9062  [38;2;180;60;0mgrad_norm:  1.5514  [38;2;54;234;195mmemory: 37.12GiB(46.73%)  [34mtps: 4,599  [36mtflops: 221.93  [35mmfu: 22.44%[39m
[rank0]:[titan] 2026-03-17 10:51:33,198 - root - INFO - [31mstep: 1222  [32mloss:  2.8125  [38;2;180;60;0mgrad_norm:  1.5542  [38;2;54;234;195mmemory: 37.12GiB(46.73%)  [34mtps: 4,606  [36mtflops: 222.23  [35mmfu: 22.47%[39m
[rank0]:[titan] 2026-03-17 10:51:33,643 - root - INFO - [31mstep: 1223  [32mloss:  2.7500  [38;2;180;60;0mgrad_norm:  1.8227  [38;2;54;234;195mmemory: 37.12GiB(46.73%)  [34mtps: 4,609  [36mtflops: 222.41  [35mmfu: 22.49%[39m
[rank0]:[titan] 2026-03-17 10:51:34,090 - root - INFO - [31mstep: 1224  [32mloss:  2.7188  [38;2;180;60;0mgrad_norm:  1.8983  [38;2;54;234;195mmemory: 37.12GiB(46.73%)  [34mtps: 4,591  [36mtflops: 221.50  [35mmfu: 22.40%[39m
[rank0]:[titan] 2026-03-17 10:51:34,546 - root - INFO - [31mstep: 1225  [32mloss:  2.7500  [38;2;180;60;0mgrad_norm:  1.5062  [38;2;54;234;195mmemory: 37.12GiB(46.73%)  [34mtps: 4,493  [36mtflops: 216.79  [35mmfu: 21.92%[39m
[rank0]:[titan] 2026-03-17 10:51:34,995 - root - INFO - [31mstep: 1226  [32mloss:  2.7344  [38;2;180;60;0mgrad_norm:  1.1423  [38;2;54;234;195mmemory: 37.12GiB(46.73%)  [34mtps: 4,597  [36mtflops: 221.83  [35mmfu: 22.43%[39m
[rank0]:[titan] 2026-03-17 10:51:35,452 - root - INFO - [31mstep: 1227  [32mloss:  2.7344  [38;2;180;60;0mgrad_norm:  1.3838  [38;2;54;234;195mmemory: 37.12GiB(46.73%)  [34mtps: 4,494  [36mtflops: 216.84  [35mmfu: 21.92%[39m
[rank0]:[titan] 2026-03-17 10:51:35,896 - root - INFO - [31mstep: 1228  [32mloss:  2.6875  [38;2;180;60;0mgrad_norm:  1.9840  [38;2;54;234;195mmemory: 37.12GiB(46.73%)  [34mtps: 4,624  [36mtflops: 223.12  [35mmfu: 22.56%[39m
[rank0]:[titan] 2026-03-17 10:51:36,352 - root - INFO - [31mstep: 1229  [32mloss:  2.7344  [38;2;180;60;0mgrad_norm:  2.1546  [38;2;54;234;195mmemory: 37.12GiB(46.73%)  [34mtps: 4,494  [36mtflops: 216.86  [35mmfu: 21.93%[39m
[rank0]:[titan] 2026-03-17 10:51:36,797 - root - INFO - [31mstep: 1230  [32mloss:  2.7188  [38;2;180;60;0mgrad_norm:  1.9539  [38;2;54;234;195mmemory: 37.12GiB(46.73%)  [34mtps: 4,613  [36mtflops: 222.57  [35mmfu: 22.51%[39m
[rank0]:[titan] 2026-03-17 10:51:37,245 - root - INFO - [31mstep: 1231  [32mloss:  2.7031  [38;2;180;60;0mgrad_norm:  1.5144  [38;2;54;234;195mmemory: 37.12GiB(46.73%)  [34mtps: 4,576  [36mtflops: 220.79  [35mmfu: 22.32%[39m
[rank0]:[titan] 2026-03-17 10:51:37,689 - root - INFO - [31mstep: 1232  [32mloss:  2.7344  [38;2;180;60;0mgrad_norm:  1.6062  [38;2;54;234;195mmemory: 37.12GiB(46.73%)  [34mtps: 4,612  [36mtflops: 222.54  [35mmfu: 22.50%[39m
[rank0]:[titan] 2026-03-17 10:51:38,135 - root - INFO - [31mstep: 1233  [32mloss:  2.7188  [38;2;180;60;0mgrad_norm:  1.6672  [38;2;54;234;195mmemory: 37.12GiB(46.73%)  [34mtps: 4,603  [36mtflops: 222.12  [35mmfu: 22.46%[39m
[rank0]:[titan] 2026-03-17 10:51:38,579 - root - INFO - [31mstep: 1234  [32mloss:  2.7500  [38;2;180;60;0mgrad_norm:  1.7312  [38;2;54;234;195mmemory: 37.12GiB(46.73%)  [34mtps: 4,616  [36mtflops: 222.74  [35mmfu: 22.52%[39m
[rank0]:[titan] 2026-03-17 10:51:39,025 - root - INFO - [31mstep: 1235  [32mloss:  2.8281  [38;2;180;60;0mgrad_norm:  1.3464  [38;2;54;234;195mmemory: 37.12GiB(46.73%)  [34mtps: 4,600  [36mtflops: 221.95  [35mmfu: 22.44%[39m
[rank0]:[titan] 2026-03-17 10:51:39,483 - root - INFO - [31mstep: 1236  [32mloss:  2.7812  [38;2;180;60;0mgrad_norm:  1.8544  [38;2;54;234;195mmemory: 37.12GiB(46.73%)  [34mtps: 4,479  [36mtflops: 216.12  [35mmfu: 21.85%[39m
[rank0]:[titan] 2026-03-17 10:51:39,926 - root - INFO - [31mstep: 1237  [32mloss:  2.7656  [38;2;180;60;0mgrad_norm:  1.8998  [38;2;54;234;195mmemory: 37.12GiB(46.73%)  [34mtps: 4,620  [36mtflops: 222.94  [35mmfu: 22.54%[39m
[rank0]:[titan] 2026-03-17 10:51:40,374 - root - INFO - [31mstep: 1238  [32mloss:  2.7812  [38;2;180;60;0mgrad_norm:  1.6012  [38;2;54;234;195mmemory: 37.12GiB(46.73%)  [34mtps: 4,576  [36mtflops: 220.80  [35mmfu: 22.33%[39m
[rank0]:[titan] 2026-03-17 10:51:40,821 - root - INFO - [31mstep: 1239  [32mloss:  2.8438  [38;2;180;60;0mgrad_norm:  1.8732  [38;2;54;234;195mmemory: 37.12GiB(46.73%)  [34mtps: 4,586  [36mtflops: 221.28  [35mmfu: 22.37%[39m
[rank0]:[titan] 2026-03-17 10:51:41,266 - root - INFO - [31mstep: 1240  [32mloss:  2.8125  [38;2;180;60;0mgrad_norm:  2.1176  [38;2;54;234;195mmemory: 37.12GiB(46.73%)  [34mtps: 4,609  [36mtflops: 222.36  [35mmfu: 22.48%[39m
[rank0]:[titan] 2026-03-17 10:51:41,714 - root - INFO - [31mstep: 1241  [32mloss:  2.7812  [38;2;180;60;0mgrad_norm:  2.2208  [38;2;54;234;195mmemory: 37.12GiB(46.73%)  [34mtps: 4,576  [36mtflops: 220.77  [35mmfu: 22.32%[39m
[rank0]:[titan] 2026-03-17 10:51:42,158 - root - INFO - [31mstep: 1242  [32mloss:  2.7344  [38;2;180;60;0mgrad_norm:  1.8606  [38;2;54;234;195mmemory: 37.12GiB(46.73%)  [34mtps: 4,617  [36mtflops: 222.79  [35mmfu: 22.53%[39m
[rank0]:[titan] 2026-03-17 10:51:42,605 - root - INFO - [31mstep: 1243  [32mloss:  2.7656  [38;2;180;60;0mgrad_norm:  1.8830  [38;2;54;234;195mmemory: 37.12GiB(46.73%)  [34mtps: 4,596  [36mtflops: 221.74  [35mmfu: 22.42%[39m
[rank0]:[titan] 2026-03-17 10:51:43,050 - root - INFO - [31mstep: 1244  [32mloss:  2.7500  [38;2;180;60;0mgrad_norm:  1.5333  [38;2;54;234;195mmemory: 37.12GiB(46.73%)  [34mtps: 4,606  [36mtflops: 222.24  [35mmfu: 22.47%[39m
[rank0]:[titan] 2026-03-17 10:51:43,497 - root - INFO - [31mstep: 1245  [32mloss:  2.7812  [38;2;180;60;0mgrad_norm:  1.9239  [38;2;54;234;195mmemory: 37.12GiB(46.73%)  [34mtps: 4,584  [36mtflops: 221.19  [35mmfu: 22.37%[39m
[rank0]:[titan] 2026-03-17 10:51:43,941 - root - INFO - [31mstep: 1246  [32mloss:  2.7656  [38;2;180;60;0mgrad_norm:  1.6390  [38;2;54;234;195mmemory: 37.12GiB(46.73%)  [34mtps: 4,620  [36mtflops: 222.92  [35mmfu: 22.54%[39m
[rank0]:[titan] 2026-03-17 10:51:44,393 - root - INFO - [31mstep: 1247  [32mloss:  2.7812  [38;2;180;60;0mgrad_norm:  1.5105  [38;2;54;234;195mmemory: 37.12GiB(46.73%)  [34mtps: 4,532  [36mtflops: 218.65  [35mmfu: 22.11%[39m
[rank0]:[titan] 2026-03-17 10:51:44,842 - root - INFO - [31mstep: 1248  [32mloss:  2.7656  [38;2;180;60;0mgrad_norm:  1.8142  [38;2;54;234;195mmemory: 37.12GiB(46.73%)  [34mtps: 4,565  [36mtflops: 220.28  [35mmfu: 22.27%[39m
[rank0]:[titan] 2026-03-17 10:51:45,291 - root - INFO - [31mstep: 1249  [32mloss:  2.7500  [38;2;180;60;0mgrad_norm:  1.5942  [38;2;54;234;195mmemory: 37.12GiB(46.73%)  [34mtps: 4,571  [36mtflops: 220.57  [35mmfu: 22.30%[39m
[rank0]:[titan] 2026-03-17 10:51:45,738 - root - INFO - [31mstep: 1250  [32mloss:  2.7188  [38;2;180;60;0mgrad_norm:  1.2379  [38;2;54;234;195mmemory: 37.12GiB(46.73%)  [34mtps: 4,592  [36mtflops: 221.55  [35mmfu: 22.40%[39m
[rank0]:[titan] 2026-03-17 10:51:46,182 - root - INFO - [31mstep: 1251  [32mloss:  2.6875  [38;2;180;60;0mgrad_norm:  1.6894  [38;2;54;234;195mmemory: 37.12GiB(46.73%)  [34mtps: 4,615  [36mtflops: 222.70  [35mmfu: 22.52%[39m
[rank0]:[titan] 2026-03-17 10:51:46,626 - root - INFO - [31mstep: 1252  [32mloss:  2.7188  [38;2;180;60;0mgrad_norm:  1.7582  [38;2;54;234;195mmemory: 37.12GiB(46.73%)  [34mtps: 4,620  [36mtflops: 222.92  [35mmfu: 22.54%[39m
[rank0]:[titan] 2026-03-17 10:51:47,076 - root - INFO - [31mstep: 1253  [32mloss:  2.7656  [38;2;180;60;0mgrad_norm:  1.8595  [38;2;54;234;195mmemory: 37.12GiB(46.73%)  [34mtps: 4,555  [36mtflops: 219.78  [35mmfu: 22.22%[39m
[rank0]:[titan] 2026-03-17 10:51:47,520 - root - INFO - [31mstep: 1254  [32mloss:  2.6875  [38;2;180;60;0mgrad_norm:  1.5133  [38;2;54;234;195mmemory: 37.12GiB(46.73%)  [34mtps: 4,620  [36mtflops: 222.92  [35mmfu: 22.54%[39m
[rank0]:[titan] 2026-03-17 10:51:47,973 - root - INFO - [31mstep: 1255  [32mloss:  2.7656  [38;2;180;60;0mgrad_norm:  1.5738  [38;2;54;234;195mmemory: 37.12GiB(46.73%)  [34mtps: 4,523  [36mtflops: 218.23  [35mmfu: 22.07%[39m
[rank0]:[titan] 2026-03-17 10:51:48,418 - root - INFO - [31mstep: 1256  [32mloss:  2.7812  [38;2;180;60;0mgrad_norm:  1.5446  [38;2;54;234;195mmemory: 37.12GiB(46.73%)  [34mtps: 4,604  [36mtflops: 222.13  [35mmfu: 22.46%[39m
[rank0]:[titan] 2026-03-17 10:51:48,889 - root - INFO - [31mstep: 1257  [32mloss:  2.6719  [38;2;180;60;0mgrad_norm:  1.8973  [38;2;54;234;195mmemory: 37.12GiB(46.73%)  [34mtps: 4,359  [36mtflops: 210.33  [35mmfu: 21.27%[39m
[rank0]:[titan] 2026-03-17 10:51:49,336 - root - INFO - [31mstep: 1258  [32mloss:  2.6562  [38;2;180;60;0mgrad_norm:  1.8288  [38;2;54;234;195mmemory: 37.12GiB(46.73%)  [34mtps: 4,584  [36mtflops: 221.20  [35mmfu: 22.37%[39m
[rank0]:[titan] 2026-03-17 10:51:49,781 - root - INFO - [31mstep: 1259  [32mloss:  2.6719  [38;2;180;60;0mgrad_norm:  1.4777  [38;2;54;234;195mmemory: 37.12GiB(46.73%)  [34mtps: 4,607  [36mtflops: 222.29  [35mmfu: 22.48%[39m
[rank0]:[titan] 2026-03-17 10:51:50,225 - root - INFO - [31mstep: 1260  [32mloss:  2.7188  [38;2;180;60;0mgrad_norm:  1.7794  [38;2;54;234;195mmemory: 37.12GiB(46.73%)  [34mtps: 4,620  [36mtflops: 222.91  [35mmfu: 22.54%[39m
[rank0]:[titan] 2026-03-17 10:51:50,671 - root - INFO - [31mstep: 1261  [32mloss:  2.6719  [38;2;180;60;0mgrad_norm:  1.7824  [38;2;54;234;195mmemory: 37.12GiB(46.73%)  [34mtps: 4,593  [36mtflops: 221.63  [35mmfu: 22.41%[39m
[rank0]:[titan] 2026-03-17 10:51:51,116 - root - INFO - [31mstep: 1262  [32mloss:  2.7031  [38;2;180;60;0mgrad_norm:  1.7454  [38;2;54;234;195mmemory: 37.12GiB(46.73%)  [34mtps: 4,607  [36mtflops: 222.28  [35mmfu: 22.48%[39m
[rank0]:[titan] 2026-03-17 10:51:51,572 - root - INFO - [31mstep: 1263  [32mloss:  2.6875  [38;2;180;60;0mgrad_norm:  1.3502  [38;2;54;234;195mmemory: 37.12GiB(46.73%)  [34mtps: 4,502  [36mtflops: 217.22  [35mmfu: 21.96%[39m
[rank0]:[titan] 2026-03-17 10:51:52,019 - root - INFO - [31mstep: 1264  [32mloss:  2.6875  [38;2;180;60;0mgrad_norm:  1.1796  [38;2;54;234;195mmemory: 37.12GiB(46.73%)  [34mtps: 4,583  [36mtflops: 221.11  [35mmfu: 22.36%[39m
[rank0]:[titan] 2026-03-17 10:51:52,470 - root - INFO - [31mstep: 1265  [32mloss:  2.7031  [38;2;180;60;0mgrad_norm:  1.8746  [38;2;54;234;195mmemory: 37.12GiB(46.73%)  [34mtps: 4,547  [36mtflops: 219.40  [35mmfu: 22.18%[39m
[rank0]:[titan] 2026-03-17 10:51:52,918 - root - INFO - [31mstep: 1266  [32mloss:  2.7188  [38;2;180;60;0mgrad_norm:  1.6253  [38;2;54;234;195mmemory: 37.12GiB(46.73%)  [34mtps: 4,583  [36mtflops: 221.12  [35mmfu: 22.36%[39m
[rank0]:[titan] 2026-03-17 10:51:53,363 - root - INFO - [31mstep: 1267  [32mloss:  2.6875  [38;2;180;60;0mgrad_norm:  1.3080  [38;2;54;234;195mmemory: 37.12GiB(46.73%)  [34mtps: 4,599  [36mtflops: 221.90  [35mmfu: 22.44%[39m
[rank0]:[titan] 2026-03-17 10:51:53,815 - root - INFO - [31mstep: 1268  [32mloss:  2.7031  [38;2;180;60;0mgrad_norm:  1.5725  [38;2;54;234;195mmemory: 37.12GiB(46.73%)  [34mtps: 4,541  [36mtflops: 219.10  [35mmfu: 22.15%[39m
[rank0]:[titan] 2026-03-17 10:51:53,816 - root - WARNING - Dataset c4_test is being re-looped
[rank0]:[titan] 2026-03-17 10:51:54,262 - root - INFO - [31mstep: 1269  [32mloss:  2.7344  [38;2;180;60;0mgrad_norm:  1.7935  [38;2;54;234;195mmemory: 37.12GiB(46.73%)  [34mtps: 4,583  [36mtflops: 221.13  [35mmfu: 22.36%[39m
[rank0]:[titan] 2026-03-17 10:51:54,711 - root - INFO - [31mstep: 1270  [32mloss:  2.7969  [38;2;180;60;0mgrad_norm:  1.5544  [38;2;54;234;195mmemory: 37.12GiB(46.73%)  [34mtps: 4,568  [36mtflops: 220.41  [35mmfu: 22.29%[39m
[rank0]:[titan] 2026-03-17 10:51:55,156 - root - INFO - [31mstep: 1271  [32mloss:  2.7969  [38;2;180;60;0mgrad_norm:  1.7356  [38;2;54;234;195mmemory: 37.12GiB(46.73%)  [34mtps: 4,606  [36mtflops: 222.24  [35mmfu: 22.47%[39m
[rank0]:[titan] 2026-03-17 10:51:55,603 - root - INFO - [31mstep: 1272  [32mloss:  2.7031  [38;2;180;60;0mgrad_norm:  1.6871  [38;2;54;234;195mmemory: 37.12GiB(46.73%)  [34mtps: 4,593  [36mtflops: 221.62  [35mmfu: 22.41%[39m
[rank0]:[titan] 2026-03-17 10:51:56,050 - root - INFO - [31mstep: 1273  [32mloss:  2.7188  [38;2;180;60;0mgrad_norm:  1.9646  [38;2;54;234;195mmemory: 37.12GiB(46.73%)  [34mtps: 4,581  [36mtflops: 221.02  [35mmfu: 22.35%[39m
[rank0]:[titan] 2026-03-17 10:51:56,500 - root - INFO - [31mstep: 1274  [32mloss:  2.6875  [38;2;180;60;0mgrad_norm:  1.3755  [38;2;54;234;195mmemory: 37.12GiB(46.73%)  [34mtps: 4,560  [36mtflops: 220.00  [35mmfu: 22.25%[39m
[rank0]:[titan] 2026-03-17 10:51:56,947 - root - INFO - [31mstep: 1275  [32mloss:  2.7031  [38;2;180;60;0mgrad_norm:  1.4170  [38;2;54;234;195mmemory: 37.12GiB(46.73%)  [34mtps: 4,590  [36mtflops: 221.48  [35mmfu: 22.39%[39m
[rank0]:[titan] 2026-03-17 10:51:57,393 - root - INFO - [31mstep: 1276  [32mloss:  2.6719  [38;2;180;60;0mgrad_norm:  1.5192  [38;2;54;234;195mmemory: 37.12GiB(46.73%)  [34mtps: 4,593  [36mtflops: 221.60  [35mmfu: 22.41%[39m
[rank0]:[titan] 2026-03-17 10:51:57,840 - root - INFO - [31mstep: 1277  [32mloss:  2.7031  [38;2;180;60;0mgrad_norm:  1.3421  [38;2;54;234;195mmemory: 37.12GiB(46.73%)  [34mtps: 4,596  [36mtflops: 221.75  [35mmfu: 22.42%[39m
[rank0]:[titan] 2026-03-17 10:51:58,297 - root - INFO - [31mstep: 1278  [32mloss:  2.7031  [38;2;180;60;0mgrad_norm:  1.2218  [38;2;54;234;195mmemory: 37.12GiB(46.73%)  [34mtps: 4,481  [36mtflops: 216.19  [35mmfu: 21.86%[39m
[rank0]:[titan] 2026-03-17 10:51:58,750 - root - INFO - [31mstep: 1279  [32mloss:  2.7188  [38;2;180;60;0mgrad_norm:  1.5867  [38;2;54;234;195mmemory: 37.12GiB(46.73%)  [34mtps: 4,525  [36mtflops: 218.35  [35mmfu: 22.08%[39m
[rank0]:[titan] 2026-03-17 10:51:59,195 - root - INFO - [31mstep: 1280  [32mloss:  2.7188  [38;2;180;60;0mgrad_norm:  1.0110  [38;2;54;234;195mmemory: 37.12GiB(46.73%)  [34mtps: 4,609  [36mtflops: 222.40  [35mmfu: 22.49%[39m
[rank0]:[titan] 2026-03-17 10:51:59,650 - root - INFO - [31mstep: 1281  [32mloss:  2.7188  [38;2;180;60;0mgrad_norm:  2.0791  [38;2;54;234;195mmemory: 37.12GiB(46.73%)  [34mtps: 4,507  [36mtflops: 217.46  [35mmfu: 21.99%[39m
[rank0]:[titan] 2026-03-17 10:52:00,101 - root - INFO - [31mstep: 1282  [32mloss:  2.7656  [38;2;180;60;0mgrad_norm:  1.4343  [38;2;54;234;195mmemory: 37.12GiB(46.73%)  [34mtps: 4,550  [36mtflops: 219.56  [35mmfu: 22.20%[39m
[rank0]:[titan] 2026-03-17 10:52:00,545 - root - INFO - [31mstep: 1283  [32mloss:  2.7500  [38;2;180;60;0mgrad_norm:  1.3715  [38;2;54;234;195mmemory: 37.12GiB(46.73%)  [34mtps: 4,616  [36mtflops: 222.74  [35mmfu: 22.52%[39m
[rank0]:[titan] 2026-03-17 10:52:00,988 - root - INFO - [31mstep: 1284  [32mloss:  2.7188  [38;2;180;60;0mgrad_norm:  1.5292  [38;2;54;234;195mmemory: 37.12GiB(46.73%)  [34mtps: 4,633  [36mtflops: 223.56  [35mmfu: 22.60%[39m
[rank0]:[titan] 2026-03-17 10:52:01,435 - root - INFO - [31mstep: 1285  [32mloss:  2.6875  [38;2;180;60;0mgrad_norm:  1.3458  [38;2;54;234;195mmemory: 37.12GiB(46.73%)  [34mtps: 4,593  [36mtflops: 221.59  [35mmfu: 22.41%[39m
[rank0]:[titan] 2026-03-17 10:52:01,884 - root - INFO - [31mstep: 1286  [32mloss:  2.6875  [38;2;180;60;0mgrad_norm:  1.9839  [38;2;54;234;195mmemory: 37.12GiB(46.73%)  [34mtps: 4,560  [36mtflops: 220.04  [35mmfu: 22.25%[39m
[rank0]:[titan] 2026-03-17 10:52:02,329 - root - INFO - [31mstep: 1287  [32mloss:  2.7188  [38;2;180;60;0mgrad_norm:  1.5139  [38;2;54;234;195mmemory: 37.12GiB(46.73%)  [34mtps: 4,606  [36mtflops: 222.25  [35mmfu: 22.47%[39m
[rank0]:[titan] 2026-03-17 10:52:02,773 - root - INFO - [31mstep: 1288  [32mloss:  2.6562  [38;2;180;60;0mgrad_norm:  1.2097  [38;2;54;234;195mmemory: 37.12GiB(46.73%)  [34mtps: 4,620  [36mtflops: 222.92  [35mmfu: 22.54%[39m
[rank0]:[titan] 2026-03-17 10:52:03,219 - root - INFO - [31mstep: 1289  [32mloss:  2.6875  [38;2;180;60;0mgrad_norm:  1.8571  [38;2;54;234;195mmemory: 37.12GiB(46.73%)  [34mtps: 4,599  [36mtflops: 221.89  [35mmfu: 22.44%[39m
[rank0]:[titan] 2026-03-17 10:52:03,675 - root - INFO - [31mstep: 1290  [32mloss:  2.7188  [38;2;180;60;0mgrad_norm:  1.5693  [38;2;54;234;195mmemory: 37.12GiB(46.73%)  [34mtps: 4,510  [36mtflops: 217.62  [35mmfu: 22.00%[39m
[rank0]:[titan] 2026-03-17 10:52:04,124 - root - INFO - [31mstep: 1291  [32mloss:  2.6875  [38;2;180;60;0mgrad_norm:  1.1717  [38;2;54;234;195mmemory: 37.12GiB(46.73%)  [34mtps: 4,567  [36mtflops: 220.36  [35mmfu: 22.28%[39m
[rank0]:[titan] 2026-03-17 10:52:04,567 - root - INFO - [31mstep: 1292  [32mloss:  2.7031  [38;2;180;60;0mgrad_norm:  1.7664  [38;2;54;234;195mmemory: 37.12GiB(46.73%)  [34mtps: 4,624  [36mtflops: 223.09  [35mmfu: 22.56%[39m
[rank0]:[titan] 2026-03-17 10:52:05,014 - root - INFO - [31mstep: 1293  [32mloss:  2.7344  [38;2;180;60;0mgrad_norm:  2.5522  [38;2;54;234;195mmemory: 37.12GiB(46.73%)  [34mtps: 4,583  [36mtflops: 221.14  [35mmfu: 22.36%[39m
[rank0]:[titan] 2026-03-17 10:52:05,464 - root - INFO - [31mstep: 1294  [32mloss:  2.7812  [38;2;180;60;0mgrad_norm:  1.5658  [38;2;54;234;195mmemory: 37.12GiB(46.73%)  [34mtps: 4,563  [36mtflops: 220.16  [35mmfu: 22.26%[39m
[rank0]:[titan] 2026-03-17 10:52:05,909 - root - INFO - [31mstep: 1295  [32mloss:  2.7812  [38;2;180;60;0mgrad_norm:  1.2019  [38;2;54;234;195mmemory: 37.12GiB(46.73%)  [34mtps: 4,611  [36mtflops: 222.49  [35mmfu: 22.50%[39m
[rank0]:[titan] 2026-03-17 10:52:06,364 - root - INFO - [31mstep: 1296  [32mloss:  2.7188  [38;2;180;60;0mgrad_norm:  1.2596  [38;2;54;234;195mmemory: 37.12GiB(46.73%)  [34mtps: 4,498  [36mtflops: 217.04  [35mmfu: 21.95%[39m
[rank0]:[titan] 2026-03-17 10:52:06,809 - root - INFO - [31mstep: 1297  [32mloss:  2.7344  [38;2;180;60;0mgrad_norm:  1.2326  [38;2;54;234;195mmemory: 37.12GiB(46.73%)  [34mtps: 4,609  [36mtflops: 222.38  [35mmfu: 22.49%[39m
[rank0]:[titan] 2026-03-17 10:52:07,254 - root - INFO - [31mstep: 1298  [32mloss:  2.6875  [38;2;180;60;0mgrad_norm:  1.4885  [38;2;54;234;195mmemory: 37.12GiB(46.73%)  [34mtps: 4,606  [36mtflops: 222.27  [35mmfu: 22.47%[39m
[rank0]:[titan] 2026-03-17 10:52:07,708 - root - INFO - [31mstep: 1299  [32mloss:  2.7344  [38;2;180;60;0mgrad_norm:  1.3943  [38;2;54;234;195mmemory: 37.12GiB(46.73%)  [34mtps: 4,515  [36mtflops: 217.85  [35mmfu: 22.03%[39m
[rank0]:[titan] 2026-03-17 10:52:08,152 - root - INFO - [31mstep: 1300  [32mloss:  2.8281  [38;2;180;60;0mgrad_norm:  1.1357  [38;2;54;234;195mmemory: 37.12GiB(46.73%)  [34mtps: 4,623  [36mtflops: 223.05  [35mmfu: 22.55%[39m
[rank0]:[titan] 2026-03-17 10:52:08,597 - root - INFO - [31mstep: 1301  [32mloss:  2.7969  [38;2;180;60;0mgrad_norm:  1.8665  [38;2;54;234;195mmemory: 37.12GiB(46.73%)  [34mtps: 4,608  [36mtflops: 222.32  [35mmfu: 22.48%[39m
[rank0]:[titan] 2026-03-17 10:52:09,041 - root - INFO - [31mstep: 1302  [32mloss:  2.7344  [38;2;180;60;0mgrad_norm:  2.1228  [38;2;54;234;195mmemory: 37.12GiB(46.73%)  [34mtps: 4,618  [36mtflops: 222.82  [35mmfu: 22.53%[39m
[rank0]:[titan] 2026-03-17 10:52:09,486 - root - INFO - [31mstep: 1303  [32mloss:  2.7812  [38;2;180;60;0mgrad_norm:  1.3998  [38;2;54;234;195mmemory: 37.12GiB(46.73%)  [34mtps: 4,609  [36mtflops: 222.38  [35mmfu: 22.48%[39m
[rank0]:[titan] 2026-03-17 10:52:09,933 - root - INFO - [31mstep: 1304  [32mloss:  2.8594  [38;2;180;60;0mgrad_norm:  1.6009  [38;2;54;234;195mmemory: 37.12GiB(46.73%)  [34mtps: 4,585  [36mtflops: 221.23  [35mmfu: 22.37%[39m
[rank0]:[titan] 2026-03-17 10:52:10,387 - root - INFO - [31mstep: 1305  [32mloss:  2.8438  [38;2;180;60;0mgrad_norm:  2.0370  [38;2;54;234;195mmemory: 37.12GiB(46.73%)  [34mtps: 4,517  [36mtflops: 217.94  [35mmfu: 22.04%[39m
[rank0]:[titan] 2026-03-17 10:52:10,834 - root - INFO - [31mstep: 1306  [32mloss:  2.7188  [38;2;180;60;0mgrad_norm:  1.9644  [38;2;54;234;195mmemory: 37.12GiB(46.73%)  [34mtps: 4,586  [36mtflops: 221.28  [35mmfu: 22.37%[39m
[rank0]:[titan] 2026-03-17 10:52:11,287 - root - INFO - [31mstep: 1307  [32mloss:  2.7188  [38;2;180;60;0mgrad_norm:  1.6046  [38;2;54;234;195mmemory: 37.12GiB(46.73%)  [34mtps: 4,521  [36mtflops: 218.12  [35mmfu: 22.05%[39m
[rank0]:[titan] 2026-03-17 10:52:11,732 - root - INFO - [31mstep: 1308  [32mloss:  2.7344  [38;2;180;60;0mgrad_norm:  1.3946  [38;2;54;234;195mmemory: 37.12GiB(46.73%)  [34mtps: 4,617  [36mtflops: 222.75  [35mmfu: 22.52%[39m
[rank0]:[titan] 2026-03-17 10:52:12,176 - root - INFO - [31mstep: 1309  [32mloss:  2.7656  [38;2;180;60;0mgrad_norm:  1.3433  [38;2;54;234;195mmemory: 37.12GiB(46.73%)  [34mtps: 4,615  [36mtflops: 222.70  [35mmfu: 22.52%[39m
[rank0]:[titan] 2026-03-17 10:52:12,622 - root - INFO - [31mstep: 1310  [32mloss:  2.7969  [38;2;180;60;0mgrad_norm:  1.7343  [38;2;54;234;195mmemory: 37.12GiB(46.73%)  [34mtps: 4,592  [36mtflops: 221.55  [35mmfu: 22.40%[39m
[rank0]:[titan] 2026-03-17 10:52:13,068 - root - INFO - [31mstep: 1311  [32mloss:  2.7656  [38;2;180;60;0mgrad_norm:  1.2584  [38;2;54;234;195mmemory: 37.12GiB(46.73%)  [34mtps: 4,604  [36mtflops: 222.17  [35mmfu: 22.46%[39m
[rank0]:[titan] 2026-03-17 10:52:13,533 - root - INFO - [31mstep: 1312  [32mloss:  2.7500  [38;2;180;60;0mgrad_norm:  1.1764  [38;2;54;234;195mmemory: 37.12GiB(46.73%)  [34mtps: 4,404  [36mtflops: 212.50  [35mmfu: 21.49%[39m
[rank0]:[titan] 2026-03-17 10:52:13,978 - root - INFO - [31mstep: 1313  [32mloss:  2.7344  [38;2;180;60;0mgrad_norm:  1.0181  [38;2;54;234;195mmemory: 37.12GiB(46.73%)  [34mtps: 4,606  [36mtflops: 222.26  [35mmfu: 22.47%[39m
[rank0]:[titan] 2026-03-17 10:52:14,425 - root - INFO - [31mstep: 1314  [32mloss:  2.7188  [38;2;180;60;0mgrad_norm:  1.0822  [38;2;54;234;195mmemory: 37.12GiB(46.73%)  [34mtps: 4,587  [36mtflops: 221.30  [35mmfu: 22.38%[39m
[rank0]:[titan] 2026-03-17 10:52:14,870 - root - INFO - [31mstep: 1315  [32mloss:  2.7969  [38;2;180;60;0mgrad_norm:  1.7837  [38;2;54;234;195mmemory: 37.12GiB(46.73%)  [34mtps: 4,614  [36mtflops: 222.61  [35mmfu: 22.51%[39m
[rank0]:[titan] 2026-03-17 10:52:15,314 - root - INFO - [31mstep: 1316  [32mloss:  2.8125  [38;2;180;60;0mgrad_norm:  1.4151  [38;2;54;234;195mmemory: 37.12GiB(46.73%)  [34mtps: 4,617  [36mtflops: 222.79  [35mmfu: 22.53%[39m
[rank0]:[titan] 2026-03-17 10:52:15,764 - root - INFO - [31mstep: 1317  [32mloss:  2.7969  [38;2;180;60;0mgrad_norm:  1.8798  [38;2;54;234;195mmemory: 37.12GiB(46.73%)  [34mtps: 4,551  [36mtflops: 219.57  [35mmfu: 22.20%[39m
[rank0]:[titan] 2026-03-17 10:52:16,208 - root - INFO - [31mstep: 1318  [32mloss:  2.8594  [38;2;180;60;0mgrad_norm:  1.2518  [38;2;54;234;195mmemory: 37.12GiB(46.73%)  [34mtps: 4,625  [36mtflops: 223.15  [35mmfu: 22.56%[39m
[rank0]:[titan] 2026-03-17 10:52:16,660 - root - INFO - [31mstep: 1319  [32mloss:  2.7500  [38;2;180;60;0mgrad_norm:  2.0485  [38;2;54;234;195mmemory: 37.12GiB(46.73%)  [34mtps: 4,533  [36mtflops: 218.70  [35mmfu: 22.11%[39m
[rank0]:[titan] 2026-03-17 10:52:17,108 - root - INFO - [31mstep: 1320  [32mloss:  2.7500  [38;2;180;60;0mgrad_norm:  2.2136  [38;2;54;234;195mmemory: 37.12GiB(46.73%)  [34mtps: 4,578  [36mtflops: 220.88  [35mmfu: 22.33%[39m
[rank0]:[titan] 2026-03-17 10:52:17,553 - root - INFO - [31mstep: 1321  [32mloss:  2.7656  [38;2;180;60;0mgrad_norm:  1.9151  [38;2;54;234;195mmemory: 37.12GiB(46.73%)  [34mtps: 4,606  [36mtflops: 222.26  [35mmfu: 22.47%[39m
[rank0]:[titan] 2026-03-17 10:52:17,997 - root - INFO - [31mstep: 1322  [32mloss:  2.7188  [38;2;180;60;0mgrad_norm:  1.4024  [38;2;54;234;195mmemory: 37.12GiB(46.73%)  [34mtps: 4,620  [36mtflops: 222.92  [35mmfu: 22.54%[39m
[rank0]:[titan] 2026-03-17 10:52:18,444 - root - INFO - [31mstep: 1323  [32mloss:  2.7031  [38;2;180;60;0mgrad_norm:  1.5580  [38;2;54;234;195mmemory: 37.12GiB(46.73%)  [34mtps: 4,580  [36mtflops: 220.99  [35mmfu: 22.34%[39m
[rank0]:[titan] 2026-03-17 10:52:18,892 - root - INFO - [31mstep: 1324  [32mloss:  2.7500  [38;2;180;60;0mgrad_norm:  1.7975  [38;2;54;234;195mmemory: 37.12GiB(46.73%)  [34mtps: 4,582  [36mtflops: 221.10  [35mmfu: 22.36%[39m
[rank0]:[titan] 2026-03-17 10:52:19,339 - root - INFO - [31mstep: 1325  [32mloss:  2.7188  [38;2;180;60;0mgrad_norm:  1.4652  [38;2;54;234;195mmemory: 37.12GiB(46.73%)  [34mtps: 4,584  [36mtflops: 221.17  [35mmfu: 22.36%[39m
[rank0]:[titan] 2026-03-17 10:52:19,786 - root - INFO - [31mstep: 1326  [32mloss:  2.7969  [38;2;180;60;0mgrad_norm:  1.4080  [38;2;54;234;195mmemory: 37.12GiB(46.73%)  [34mtps: 4,582  [36mtflops: 221.11  [35mmfu: 22.36%[39m
[rank0]:[titan] 2026-03-17 10:52:20,231 - root - INFO - [31mstep: 1327  [32mloss:  2.7969  [38;2;180;60;0mgrad_norm:  1.3370  [38;2;54;234;195mmemory: 37.12GiB(46.73%)  [34mtps: 4,608  [36mtflops: 222.36  [35mmfu: 22.48%[39m
[rank0]:[titan] 2026-03-17 10:52:20,677 - root - INFO - [31mstep: 1328  [32mloss:  2.7656  [38;2;180;60;0mgrad_norm:  1.4254  [38;2;54;234;195mmemory: 37.12GiB(46.73%)  [34mtps: 4,602  [36mtflops: 222.03  [35mmfu: 22.45%[39m
[rank0]:[titan] 2026-03-17 10:52:21,125 - root - INFO - [31mstep: 1329  [32mloss:  2.7500  [38;2;180;60;0mgrad_norm:  1.4660  [38;2;54;234;195mmemory: 37.12GiB(46.73%)  [34mtps: 4,569  [36mtflops: 220.45  [35mmfu: 22.29%[39m
[rank0]:[titan] 2026-03-17 10:52:21,572 - root - INFO - [31mstep: 1330  [32mloss:  2.7656  [38;2;180;60;0mgrad_norm:  1.5083  [38;2;54;234;195mmemory: 37.12GiB(46.73%)  [34mtps: 4,587  [36mtflops: 221.34  [35mmfu: 22.38%[39m
[rank0]:[titan] 2026-03-17 10:52:22,016 - root - INFO - [31mstep: 1331  [32mloss:  2.7188  [38;2;180;60;0mgrad_norm:  1.4043  [38;2;54;234;195mmemory: 37.12GiB(46.73%)  [34mtps: 4,618  [36mtflops: 222.82  [35mmfu: 22.53%[39m
[rank0]:[titan] 2026-03-17 10:52:22,462 - root - INFO - [31mstep: 1332  [32mloss:  2.7500  [38;2;180;60;0mgrad_norm:  1.5418  [38;2;54;234;195mmemory: 37.12GiB(46.73%)  [34mtps: 4,604  [36mtflops: 222.13  [35mmfu: 22.46%[39m
[rank0]:[titan] 2026-03-17 10:52:22,916 - root - INFO - [31mstep: 1333  [32mloss:  2.7031  [38;2;180;60;0mgrad_norm:  1.2677  [38;2;54;234;195mmemory: 37.12GiB(46.73%)  [34mtps: 4,513  [36mtflops: 217.75  [35mmfu: 22.02%[39m
[rank0]:[titan] 2026-03-17 10:52:23,363 - root - INFO - [31mstep: 1334  [32mloss:  2.7344  [38;2;180;60;0mgrad_norm:  1.4241  [38;2;54;234;195mmemory: 37.12GiB(46.73%)  [34mtps: 4,584  [36mtflops: 221.17  [35mmfu: 22.36%[39m
[rank0]:[titan] 2026-03-17 10:52:23,816 - root - INFO - [31mstep: 1335  [32mloss:  2.7344  [38;2;180;60;0mgrad_norm:  1.0431  [38;2;54;234;195mmemory: 37.12GiB(46.73%)  [34mtps: 4,527  [36mtflops: 218.43  [35mmfu: 22.09%[39m
[rank0]:[titan] 2026-03-17 10:52:24,262 - root - INFO - [31mstep: 1336  [32mloss:  2.6875  [38;2;180;60;0mgrad_norm:  1.7078  [38;2;54;234;195mmemory: 37.12GiB(46.73%)  [34mtps: 4,599  [36mtflops: 221.89  [35mmfu: 22.44%[39m
[rank0]:[titan] 2026-03-17 10:52:24,935 - root - INFO - [31mstep: 1337  [32mloss:  2.7969  [38;2;180;60;0mgrad_norm:  1.1420  [38;2;54;234;195mmemory: 37.12GiB(46.73%)  [34mtps: 3,044  [36mtflops: 146.86  [35mmfu: 14.85%[39m
[rank0]:[titan] 2026-03-17 10:52:25,391 - root - INFO - [31mstep: 1338  [32mloss:  2.7188  [38;2;180;60;0mgrad_norm:  2.0674  [38;2;54;234;195mmemory: 37.12GiB(46.73%)  [34mtps: 4,499  [36mtflops: 217.06  [35mmfu: 21.95%[39m
[rank0]:[titan] 2026-03-17 10:52:25,837 - root - INFO - [31mstep: 1339  [32mloss:  2.7656  [38;2;180;60;0mgrad_norm:  1.4768  [38;2;54;234;195mmemory: 37.12GiB(46.73%)  [34mtps: 4,597  [36mtflops: 221.82  [35mmfu: 22.43%[39m
[rank0]:[titan] 2026-03-17 10:52:26,286 - root - INFO - [31mstep: 1340  [32mloss:  2.9531  [38;2;180;60;0mgrad_norm:  3.0644  [38;2;54;234;195mmemory: 37.12GiB(46.73%)  [34mtps: 4,570  [36mtflops: 220.53  [35mmfu: 22.30%[39m
[rank0]:[titan] 2026-03-17 10:52:26,959 - root - INFO - [31mstep: 1341  [32mloss:  2.9688  [38;2;180;60;0mgrad_norm:  3.7495  [38;2;54;234;195mmemory: 37.12GiB(46.73%)  [34mtps: 3,046  [36mtflops: 146.97  [35mmfu: 14.86%[39m
[rank0]:[titan] 2026-03-17 10:52:27,405 - root - INFO - [31mstep: 1342  [32mloss:  2.8438  [38;2;180;60;0mgrad_norm:  2.6430  [38;2;54;234;195mmemory: 37.12GiB(46.73%)  [34mtps: 4,600  [36mtflops: 221.95  [35mmfu: 22.44%[39m
[rank0]:[titan] 2026-03-17 10:52:27,850 - root - INFO - [31mstep: 1343  [32mloss:  2.7969  [38;2;180;60;0mgrad_norm:  2.1637  [38;2;54;234;195mmemory: 37.12GiB(46.73%)  [34mtps: 4,606  [36mtflops: 222.25  [35mmfu: 22.47%[39m
[rank0]:[titan] 2026-03-17 10:52:28,296 - root - INFO - [31mstep: 1344  [32mloss:  2.8438  [38;2;180;60;0mgrad_norm:  3.2396  [38;2;54;234;195mmemory: 37.12GiB(46.73%)  [34mtps: 4,597  [36mtflops: 221.79  [35mmfu: 22.43%[39m
[rank0]:[titan] 2026-03-17 10:52:28,747 - root - INFO - [31mstep: 1345  [32mloss:  2.8750  [38;2;180;60;0mgrad_norm:  3.3017  [38;2;54;234;195mmemory: 37.12GiB(46.73%)  [34mtps: 4,549  [36mtflops: 219.48  [35mmfu: 22.19%[39m
[rank0]:[titan] 2026-03-17 10:52:29,194 - root - INFO - [31mstep: 1346  [32mloss:  2.8906  [38;2;180;60;0mgrad_norm:  2.9179  [38;2;54;234;195mmemory: 37.12GiB(46.73%)  [34mtps: 4,583  [36mtflops: 221.15  [35mmfu: 22.36%[39m
[rank0]:[titan] 2026-03-17 10:52:29,645 - root - INFO - [31mstep: 1347  [32mloss:  2.8125  [38;2;180;60;0mgrad_norm:  2.7344  [38;2;54;234;195mmemory: 37.12GiB(46.73%)  [34mtps: 4,545  [36mtflops: 219.28  [35mmfu: 22.17%[39m
[rank0]:[titan] 2026-03-17 10:52:30,093 - root - INFO - [31mstep: 1348  [32mloss:  2.7969  [38;2;180;60;0mgrad_norm:  1.6924  [38;2;54;234;195mmemory: 37.12GiB(46.73%)  [34mtps: 4,578  [36mtflops: 220.87  [35mmfu: 22.33%[39m
[rank0]:[titan] 2026-03-17 10:52:30,539 - root - INFO - [31mstep: 1349  [32mloss:  2.7812  [38;2;180;60;0mgrad_norm:  2.4277  [38;2;54;234;195mmemory: 37.12GiB(46.73%)  [34mtps: 4,600  [36mtflops: 221.98  [35mmfu: 22.44%[39m
[rank0]:[titan] 2026-03-17 10:52:30,985 - root - INFO - [31mstep: 1350  [32mloss:  2.8281  [38;2;180;60;0mgrad_norm:  2.6413  [38;2;54;234;195mmemory: 37.12GiB(46.73%)  [34mtps: 4,596  [36mtflops: 221.76  [35mmfu: 22.42%[39m
[rank0]:[titan] 2026-03-17 10:52:31,431 - root - INFO - [31mstep: 1351  [32mloss:  2.7812  [38;2;180;60;0mgrad_norm:  2.4698  [38;2;54;234;195mmemory: 37.12GiB(46.73%)  [34mtps: 4,599  [36mtflops: 221.89  [35mmfu: 22.44%[39m
[rank0]:[titan] 2026-03-17 10:52:31,878 - root - INFO - [31mstep: 1352  [32mloss:  2.7812  [38;2;180;60;0mgrad_norm:  2.1528  [38;2;54;234;195mmemory: 37.12GiB(46.73%)  [34mtps: 4,590  [36mtflops: 221.47  [35mmfu: 22.39%[39m
[rank0]:[titan] 2026-03-17 10:52:32,324 - root - INFO - [31mstep: 1353  [32mloss:  2.7812  [38;2;180;60;0mgrad_norm:  2.2533  [38;2;54;234;195mmemory: 37.12GiB(46.73%)  [34mtps: 4,589  [36mtflops: 221.43  [35mmfu: 22.39%[39m
[rank0]:[titan] 2026-03-17 10:52:32,771 - root - INFO - [31mstep: 1354  [32mloss:  2.7656  [38;2;180;60;0mgrad_norm:  2.2113  [38;2;54;234;195mmemory: 37.12GiB(46.73%)  [34mtps: 4,595  [36mtflops: 221.73  [35mmfu: 22.42%[39m
[rank0]:[titan] 2026-03-17 10:52:33,220 - root - INFO - [31mstep: 1355  [32mloss:  2.8438  [38;2;180;60;0mgrad_norm:  2.1424  [38;2;54;234;195mmemory: 37.12GiB(46.73%)  [34mtps: 4,559  [36mtflops: 219.99  [35mmfu: 22.24%[39m
[rank0]:[titan] 2026-03-17 10:52:33,665 - root - INFO - [31mstep: 1356  [32mloss:  2.8125  [38;2;180;60;0mgrad_norm:  1.9478  [38;2;54;234;195mmemory: 37.12GiB(46.73%)  [34mtps: 4,606  [36mtflops: 222.25  [35mmfu: 22.47%[39m
[rank0]:[titan] 2026-03-17 10:52:34,111 - root - INFO - [31mstep: 1357  [32mloss:  2.9219  [38;2;180;60;0mgrad_norm:  1.9621  [38;2;54;234;195mmemory: 37.12GiB(46.73%)  [34mtps: 4,598  [36mtflops: 221.86  [35mmfu: 22.43%[39m
[rank0]:[titan] 2026-03-17 10:52:34,559 - root - INFO - [31mstep: 1358  [32mloss:  2.7344  [38;2;180;60;0mgrad_norm:  1.3506  [38;2;54;234;195mmemory: 37.12GiB(46.73%)  [34mtps: 4,578  [36mtflops: 220.88  [35mmfu: 22.33%[39m
[rank0]:[titan] 2026-03-17 10:52:35,008 - root - INFO - [31mstep: 1359  [32mloss:  2.7188  [38;2;180;60;0mgrad_norm:  1.3543  [38;2;54;234;195mmemory: 37.12GiB(46.73%)  [34mtps: 4,568  [36mtflops: 220.41  [35mmfu: 22.29%[39m
[rank0]:[titan] 2026-03-17 10:52:35,453 - root - INFO - [31mstep: 1360  [32mloss:  2.6875  [38;2;180;60;0mgrad_norm:  1.9738  [38;2;54;234;195mmemory: 37.12GiB(46.73%)  [34mtps: 4,606  [36mtflops: 222.24  [35mmfu: 22.47%[39m
[rank0]:[titan] 2026-03-17 10:52:35,907 - root - INFO - [31mstep: 1361  [32mloss:  2.7188  [38;2;180;60;0mgrad_norm:  1.3252  [38;2;54;234;195mmemory: 37.12GiB(46.73%)  [34mtps: 4,519  [36mtflops: 218.03  [35mmfu: 22.05%[39m
[rank0]:[titan] 2026-03-17 10:52:36,354 - root - INFO - [31mstep: 1362  [32mloss:  2.7656  [38;2;180;60;0mgrad_norm:  1.9214  [38;2;54;234;195mmemory: 37.12GiB(46.73%)  [34mtps: 4,584  [36mtflops: 221.18  [35mmfu: 22.36%[39m
[rank0]:[titan] 2026-03-17 10:52:36,801 - root - INFO - [31mstep: 1363  [32mloss:  2.7656  [38;2;180;60;0mgrad_norm:  2.0194  [38;2;54;234;195mmemory: 37.12GiB(46.73%)  [34mtps: 4,588  [36mtflops: 221.39  [35mmfu: 22.39%[39m
[rank0]:[titan] 2026-03-17 10:52:37,248 - root - INFO - [31mstep: 1364  [32mloss:  2.6875  [38;2;180;60;0mgrad_norm:  1.6841  [38;2;54;234;195mmemory: 37.12GiB(46.73%)  [34mtps: 4,582  [36mtflops: 221.08  [35mmfu: 22.35%[39m
[rank0]:[titan] 2026-03-17 10:52:37,700 - root - INFO - [31mstep: 1365  [32mloss:  2.6562  [38;2;180;60;0mgrad_norm:  1.2531  [38;2;54;234;195mmemory: 37.12GiB(46.73%)  [34mtps: 4,540  [36mtflops: 219.06  [35mmfu: 22.15%[39m
[rank0]:[titan] 2026-03-17 10:52:38,145 - root - INFO - [31mstep: 1366  [32mloss:  2.7188  [38;2;180;60;0mgrad_norm:  1.9889  [38;2;54;234;195mmemory: 37.12GiB(46.73%)  [34mtps: 4,606  [36mtflops: 222.26  [35mmfu: 22.47%[39m
[rank0]:[titan] 2026-03-17 10:52:38,591 - root - INFO - [31mstep: 1367  [32mloss:  2.7656  [38;2;180;60;0mgrad_norm:  2.2819  [38;2;54;234;195mmemory: 37.12GiB(46.73%)  [34mtps: 4,600  [36mtflops: 221.97  [35mmfu: 22.44%[39m
[rank0]:[titan] 2026-03-17 10:52:39,035 - root - INFO - [31mstep: 1368  [32mloss:  2.7031  [38;2;180;60;0mgrad_norm:  1.9169  [38;2;54;234;195mmemory: 37.12GiB(46.73%)  [34mtps: 4,612  [36mtflops: 222.54  [35mmfu: 22.50%[39m
[rank0]:[titan] 2026-03-17 10:52:39,481 - root - INFO - [31mstep: 1369  [32mloss:  2.7344  [38;2;180;60;0mgrad_norm:  1.8021  [38;2;54;234;195mmemory: 37.12GiB(46.73%)  [34mtps: 4,604  [36mtflops: 222.13  [35mmfu: 22.46%[39m
[rank0]:[titan] 2026-03-17 10:52:39,937 - root - INFO - [31mstep: 1370  [32mloss:  2.7656  [38;2;180;60;0mgrad_norm:  1.8090  [38;2;54;234;195mmemory: 37.12GiB(46.73%)  [34mtps: 4,492  [36mtflops: 216.75  [35mmfu: 21.92%[39m
[rank0]:[titan] 2026-03-17 10:52:40,393 - root - INFO - [31mstep: 1371  [32mloss:  2.7500  [38;2;180;60;0mgrad_norm:  1.7650  [38;2;54;234;195mmemory: 37.12GiB(46.73%)  [34mtps: 4,508  [36mtflops: 217.50  [35mmfu: 21.99%[39m
[rank0]:[titan] 2026-03-17 10:52:40,837 - root - INFO - [31mstep: 1372  [32mloss:  2.7188  [38;2;180;60;0mgrad_norm:  1.8008  [38;2;54;234;195mmemory: 37.12GiB(46.73%)  [34mtps: 4,615  [36mtflops: 222.67  [35mmfu: 22.51%[39m
[rank0]:[titan] 2026-03-17 10:52:41,289 - root - INFO - [31mstep: 1373  [32mloss:  2.7500  [38;2;180;60;0mgrad_norm:  1.2155  [38;2;54;234;195mmemory: 37.12GiB(46.73%)  [34mtps: 4,531  [36mtflops: 218.65  [35mmfu: 22.11%[39m
[rank0]:[titan] 2026-03-17 10:52:41,733 - root - INFO - [31mstep: 1374  [32mloss:  2.7500  [38;2;180;60;0mgrad_norm:  1.6449  [38;2;54;234;195mmemory: 37.12GiB(46.73%)  [34mtps: 4,620  [36mtflops: 222.93  [35mmfu: 22.54%[39m
[rank0]:[titan] 2026-03-17 10:52:42,183 - root - INFO - [31mstep: 1375  [32mloss:  2.7656  [38;2;180;60;0mgrad_norm:  1.7541  [38;2;54;234;195mmemory: 37.12GiB(46.73%)  [34mtps: 4,555  [36mtflops: 219.78  [35mmfu: 22.22%[39m
[rank0]:[titan] 2026-03-17 10:52:42,627 - root - INFO - [31mstep: 1376  [32mloss:  2.7812  [38;2;180;60;0mgrad_norm:  0.9695  [38;2;54;234;195mmemory: 37.12GiB(46.73%)  [34mtps: 4,616  [36mtflops: 222.72  [35mmfu: 22.52%[39m
[rank0]:[titan] 2026-03-17 10:52:43,072 - root - INFO - [31mstep: 1377  [32mloss:  2.7812  [38;2;180;60;0mgrad_norm:  1.6486  [38;2;54;234;195mmemory: 37.12GiB(46.73%)  [34mtps: 4,612  [36mtflops: 222.53  [35mmfu: 22.50%[39m
[rank0]:[titan] 2026-03-17 10:52:43,522 - root - INFO - [31mstep: 1378  [32mloss:  2.7969  [38;2;180;60;0mgrad_norm:  1.9560  [38;2;54;234;195mmemory: 37.12GiB(46.73%)  [34mtps: 4,553  [36mtflops: 219.69  [35mmfu: 22.21%[39m
[rank0]:[titan] 2026-03-17 10:52:43,971 - root - INFO - [31mstep: 1379  [32mloss:  2.7656  [38;2;180;60;0mgrad_norm:  1.0877  [38;2;54;234;195mmemory: 37.12GiB(46.73%)  [34mtps: 4,569  [36mtflops: 220.48  [35mmfu: 22.29%[39m
[rank0]:[titan] 2026-03-17 10:52:44,417 - root - INFO - [31mstep: 1380  [32mloss:  2.7500  [38;2;180;60;0mgrad_norm:  1.5221  [38;2;54;234;195mmemory: 37.12GiB(46.73%)  [34mtps: 4,595  [36mtflops: 221.70  [35mmfu: 22.42%[39m
[rank0]:[titan] 2026-03-17 10:52:44,882 - root - INFO - [31mstep: 1381  [32mloss:  2.7344  [38;2;180;60;0mgrad_norm:  1.2294  [38;2;54;234;195mmemory: 37.12GiB(46.73%)  [34mtps: 4,411  [36mtflops: 212.81  [35mmfu: 21.52%[39m
[rank0]:[titan] 2026-03-17 10:52:45,329 - root - INFO - [31mstep: 1382  [32mloss:  2.7344  [38;2;180;60;0mgrad_norm:  1.1518  [38;2;54;234;195mmemory: 37.12GiB(46.73%)  [34mtps: 4,583  [36mtflops: 221.12  [35mmfu: 22.36%[39m
[rank0]:[titan] 2026-03-17 10:52:45,774 - root - INFO - [31mstep: 1383  [32mloss:  2.7500  [38;2;180;60;0mgrad_norm:  1.6531  [38;2;54;234;195mmemory: 37.12GiB(46.73%)  [34mtps: 4,607  [36mtflops: 222.31  [35mmfu: 22.48%[39m
[rank0]:[titan] 2026-03-17 10:52:46,222 - root - INFO - [31mstep: 1384  [32mloss:  2.7656  [38;2;180;60;0mgrad_norm:  1.2630  [38;2;54;234;195mmemory: 37.12GiB(46.73%)  [34mtps: 4,583  [36mtflops: 221.13  [35mmfu: 22.36%[39m
[rank0]:[titan] 2026-03-17 10:52:46,666 - root - INFO - [31mstep: 1385  [32mloss:  2.7969  [38;2;180;60;0mgrad_norm:  1.6608  [38;2;54;234;195mmemory: 37.12GiB(46.73%)  [34mtps: 4,609  [36mtflops: 222.37  [35mmfu: 22.48%[39m
[rank0]:[titan] 2026-03-17 10:52:47,115 - root - INFO - [31mstep: 1386  [32mloss:  2.7656  [38;2;180;60;0mgrad_norm:  1.8885  [38;2;54;234;195mmemory: 37.12GiB(46.73%)  [34mtps: 4,572  [36mtflops: 220.58  [35mmfu: 22.30%[39m
[rank0]:[titan] 2026-03-17 10:52:47,560 - root - INFO - [31mstep: 1387  [32mloss:  2.7344  [38;2;180;60;0mgrad_norm:  1.2006  [38;2;54;234;195mmemory: 37.12GiB(46.73%)  [34mtps: 4,608  [36mtflops: 222.34  [35mmfu: 22.48%[39m
[rank0]:[titan] 2026-03-17 10:52:48,007 - root - INFO - [31mstep: 1388  [32mloss:  2.7656  [38;2;180;60;0mgrad_norm:  1.6208  [38;2;54;234;195mmemory: 37.12GiB(46.73%)  [34mtps: 4,586  [36mtflops: 221.25  [35mmfu: 22.37%[39m
[rank0]:[titan] 2026-03-17 10:52:48,452 - root - INFO - [31mstep: 1389  [32mloss:  2.7656  [38;2;180;60;0mgrad_norm:  1.4804  [38;2;54;234;195mmemory: 37.12GiB(46.73%)  [34mtps: 4,603  [36mtflops: 222.08  [35mmfu: 22.46%[39m
[rank0]:[titan] 2026-03-17 10:52:48,905 - root - INFO - [31mstep: 1390  [32mloss:  2.7344  [38;2;180;60;0mgrad_norm:  1.5004  [38;2;54;234;195mmemory: 37.12GiB(46.73%)  [34mtps: 4,531  [36mtflops: 218.64  [35mmfu: 22.11%[39m
[rank0]:[titan] 2026-03-17 10:52:49,351 - root - INFO - [31mstep: 1391  [32mloss:  2.7656  [38;2;180;60;0mgrad_norm:  1.2194  [38;2;54;234;195mmemory: 37.12GiB(46.73%)  [34mtps: 4,592  [36mtflops: 221.57  [35mmfu: 22.40%[39m
[rank0]:[titan] 2026-03-17 10:52:49,797 - root - INFO - [31mstep: 1392  [32mloss:  2.7656  [38;2;180;60;0mgrad_norm:  1.2598  [38;2;54;234;195mmemory: 37.12GiB(46.73%)  [34mtps: 4,597  [36mtflops: 221.83  [35mmfu: 22.43%[39m
[rank0]:[titan] 2026-03-17 10:52:50,246 - root - INFO - [31mstep: 1393  [32mloss:  2.7344  [38;2;180;60;0mgrad_norm:  2.0814  [38;2;54;234;195mmemory: 37.12GiB(46.73%)  [34mtps: 4,573  [36mtflops: 220.66  [35mmfu: 22.31%[39m
[rank0]:[titan] 2026-03-17 10:52:50,689 - root - INFO - [31mstep: 1394  [32mloss:  2.7500  [38;2;180;60;0mgrad_norm:  1.4622  [38;2;54;234;195mmemory: 37.12GiB(46.73%)  [34mtps: 4,622  [36mtflops: 223.03  [35mmfu: 22.55%[39m
[rank0]:[titan] 2026-03-17 10:52:51,137 - root - INFO - [31mstep: 1395  [32mloss:  2.8281  [38;2;180;60;0mgrad_norm:  1.4395  [38;2;54;234;195mmemory: 37.12GiB(46.73%)  [34mtps: 4,586  [36mtflops: 221.30  [35mmfu: 22.38%[39m
[rank0]:[titan] 2026-03-17 10:52:51,593 - root - INFO - [31mstep: 1396  [32mloss:  2.7812  [38;2;180;60;0mgrad_norm:  0.9501  [38;2;54;234;195mmemory: 37.12GiB(46.73%)  [34mtps: 4,493  [36mtflops: 216.79  [35mmfu: 21.92%[39m
[rank0]:[titan] 2026-03-17 10:52:52,040 - root - INFO - [31mstep: 1397  [32mloss:  2.7500  [38;2;180;60;0mgrad_norm:  1.2552  [38;2;54;234;195mmemory: 37.12GiB(46.73%)  [34mtps: 4,586  [36mtflops: 221.28  [35mmfu: 22.37%[39m
[rank0]:[titan] 2026-03-17 10:52:52,485 - root - INFO - [31mstep: 1398  [32mloss:  2.7344  [38;2;180;60;0mgrad_norm:  1.5776  [38;2;54;234;195mmemory: 37.12GiB(46.73%)  [34mtps: 4,614  [36mtflops: 222.61  [35mmfu: 22.51%[39m
[rank0]:[titan] 2026-03-17 10:52:52,935 - root - INFO - [31mstep: 1399  [32mloss:  2.7500  [38;2;180;60;0mgrad_norm:  1.3370  [38;2;54;234;195mmemory: 37.12GiB(46.73%)  [34mtps: 4,548  [36mtflops: 219.47  [35mmfu: 22.19%[39m
[rank0]:[titan] 2026-03-17 10:52:53,394 - root - INFO - [31mstep: 1400  [32mloss:  2.7969  [38;2;180;60;0mgrad_norm:  1.2655  [38;2;54;234;195mmemory: 37.12GiB(46.73%)  [34mtps: 4,469  [36mtflops: 215.63  [35mmfu: 21.80%[39m
[rank0]:[titan] 2026-03-17 10:52:53,841 - root - INFO - [31mstep: 1401  [32mloss:  2.6719  [38;2;180;60;0mgrad_norm:  1.6132  [38;2;54;234;195mmemory: 37.12GiB(46.73%)  [34mtps: 4,589  [36mtflops: 221.45  [35mmfu: 22.39%[39m
[rank0]:[titan] 2026-03-17 10:52:54,286 - root - INFO - [31mstep: 1402  [32mloss:  2.7344  [38;2;180;60;0mgrad_norm:  1.3902  [38;2;54;234;195mmemory: 37.12GiB(46.73%)  [34mtps: 4,605  [36mtflops: 222.22  [35mmfu: 22.47%[39m
[rank0]:[titan] 2026-03-17 10:52:54,737 - root - INFO - [31mstep: 1403  [32mloss:  2.7812  [38;2;180;60;0mgrad_norm:  1.8258  [38;2;54;234;195mmemory: 37.12GiB(46.73%)  [34mtps: 4,548  [36mtflops: 219.42  [35mmfu: 22.19%[39m
[rank0]:[titan] 2026-03-17 10:52:55,184 - root - INFO - [31mstep: 1404  [32mloss:  2.7500  [38;2;180;60;0mgrad_norm:  1.4572  [38;2;54;234;195mmemory: 37.12GiB(46.73%)  [34mtps: 4,593  [36mtflops: 221.63  [35mmfu: 22.41%[39m
[rank0]:[titan] 2026-03-17 10:52:55,634 - root - INFO - [31mstep: 1405  [32mloss:  2.7188  [38;2;180;60;0mgrad_norm:  1.5594  [38;2;54;234;195mmemory: 37.12GiB(46.73%)  [34mtps: 4,550  [36mtflops: 219.54  [35mmfu: 22.20%[39m
[rank0]:[titan] 2026-03-17 10:52:56,081 - root - INFO - [31mstep: 1406  [32mloss:  2.7656  [38;2;180;60;0mgrad_norm:  1.7654  [38;2;54;234;195mmemory: 37.12GiB(46.73%)  [34mtps: 4,592  [36mtflops: 221.56  [35mmfu: 22.40%[39m
[rank0]:[titan] 2026-03-17 10:52:56,526 - root - INFO - [31mstep: 1407  [32mloss:  2.7656  [38;2;180;60;0mgrad_norm:  1.7704  [38;2;54;234;195mmemory: 37.12GiB(46.73%)  [34mtps: 4,604  [36mtflops: 222.12  [35mmfu: 22.46%[39m
[rank0]:[titan] 2026-03-17 10:52:56,972 - root - INFO - [31mstep: 1408  [32mloss:  2.7656  [38;2;180;60;0mgrad_norm:  1.5337  [38;2;54;234;195mmemory: 37.12GiB(46.73%)  [34mtps: 4,596  [36mtflops: 221.74  [35mmfu: 22.42%[39m
[rank0]:[titan] 2026-03-17 10:52:57,417 - root - INFO - [31mstep: 1409  [32mloss:  2.7656  [38;2;180;60;0mgrad_norm:  1.4862  [38;2;54;234;195mmemory: 37.12GiB(46.73%)  [34mtps: 4,608  [36mtflops: 222.36  [35mmfu: 22.48%[39m
[rank0]:[titan] 2026-03-17 10:52:57,864 - root - INFO - [31mstep: 1410  [32mloss:  2.7188  [38;2;180;60;0mgrad_norm:  1.9656  [38;2;54;234;195mmemory: 37.12GiB(46.73%)  [34mtps: 4,587  [36mtflops: 221.32  [35mmfu: 22.38%[39m
[rank0]:[titan] 2026-03-17 10:52:58,319 - root - INFO - [31mstep: 1411  [32mloss:  2.7031  [38;2;180;60;0mgrad_norm:  1.5675  [38;2;54;234;195mmemory: 37.12GiB(46.73%)  [34mtps: 4,509  [36mtflops: 217.58  [35mmfu: 22.00%[39m
[rank0]:[titan] 2026-03-17 10:52:58,773 - root - INFO - [31mstep: 1412  [32mloss:  2.7188  [38;2;180;60;0mgrad_norm:  1.3845  [38;2;54;234;195mmemory: 37.12GiB(46.73%)  [34mtps: 4,520  [36mtflops: 218.10  [35mmfu: 22.05%[39m
[rank0]:[titan] 2026-03-17 10:52:59,216 - root - INFO - [31mstep: 1413  [32mloss:  2.7344  [38;2;180;60;0mgrad_norm:  1.9466  [38;2;54;234;195mmemory: 37.12GiB(46.73%)  [34mtps: 4,619  [36mtflops: 222.89  [35mmfu: 22.54%[39m
[rank0]:[titan] 2026-03-17 10:52:59,664 - root - INFO - [31mstep: 1414  [32mloss:  2.7344  [38;2;180;60;0mgrad_norm:  1.9014  [38;2;54;234;195mmemory: 37.12GiB(46.73%)  [34mtps: 4,584  [36mtflops: 221.19  [35mmfu: 22.37%[39m
[rank0]:[titan] 2026-03-17 10:53:00,111 - root - INFO - [31mstep: 1415  [32mloss:  2.7188  [38;2;180;60;0mgrad_norm:  1.7788  [38;2;54;234;195mmemory: 37.12GiB(46.73%)  [34mtps: 4,583  [36mtflops: 221.12  [35mmfu: 22.36%[39m
[rank0]:[titan] 2026-03-17 10:53:00,565 - root - INFO - [31mstep: 1416  [32mloss:  2.7188  [38;2;180;60;0mgrad_norm:  1.6597  [38;2;54;234;195mmemory: 37.12GiB(46.73%)  [34mtps: 4,516  [36mtflops: 217.89  [35mmfu: 22.03%[39m
[rank0]:[titan] 2026-03-17 10:53:01,010 - root - INFO - [31mstep: 1417  [32mloss:  2.7500  [38;2;180;60;0mgrad_norm:  1.7766  [38;2;54;234;195mmemory: 37.12GiB(46.73%)  [34mtps: 4,611  [36mtflops: 222.50  [35mmfu: 22.50%[39m
[rank0]:[titan] 2026-03-17 10:53:01,454 - root - INFO - [31mstep: 1418  [32mloss:  2.7344  [38;2;180;60;0mgrad_norm:  1.3659  [38;2;54;234;195mmemory: 37.12GiB(46.73%)  [34mtps: 4,612  [36mtflops: 222.53  [35mmfu: 22.50%[39m
[rank0]:[titan] 2026-03-17 10:53:01,906 - root - INFO - [31mstep: 1419  [32mloss:  2.6875  [38;2;180;60;0mgrad_norm:  1.5682  [38;2;54;234;195mmemory: 37.12GiB(46.73%)  [34mtps: 4,536  [36mtflops: 218.84  [35mmfu: 22.13%[39m
[rank0]:[titan] 2026-03-17 10:53:02,353 - root - INFO - [31mstep: 1420  [32mloss:  2.7031  [38;2;180;60;0mgrad_norm:  1.4745  [38;2;54;234;195mmemory: 37.12GiB(46.73%)  [34mtps: 4,595  [36mtflops: 221.69  [35mmfu: 22.42%[39m
[rank0]:[titan] 2026-03-17 10:53:02,797 - root - INFO - [31mstep: 1421  [32mloss:  2.7344  [38;2;180;60;0mgrad_norm:  1.3989  [38;2;54;234;195mmemory: 37.12GiB(46.73%)  [34mtps: 4,614  [36mtflops: 222.61  [35mmfu: 22.51%[39m
[rank0]:[titan] 2026-03-17 10:53:03,244 - root - INFO - [31mstep: 1422  [32mloss:  2.7344  [38;2;180;60;0mgrad_norm:  1.2212  [38;2;54;234;195mmemory: 37.12GiB(46.73%)  [34mtps: 4,592  [36mtflops: 221.55  [35mmfu: 22.40%[39m
[rank0]:[titan] 2026-03-17 10:53:03,689 - root - INFO - [31mstep: 1423  [32mloss:  2.8125  [38;2;180;60;0mgrad_norm:  1.3964  [38;2;54;234;195mmemory: 37.12GiB(46.73%)  [34mtps: 4,603  [36mtflops: 222.11  [35mmfu: 22.46%[39m
[rank0]:[titan] 2026-03-17 10:53:04,134 - root - INFO - [31mstep: 1424  [32mloss:  2.7344  [38;2;180;60;0mgrad_norm:  1.1859  [38;2;54;234;195mmemory: 37.12GiB(46.73%)  [34mtps: 4,612  [36mtflops: 222.52  [35mmfu: 22.50%[39m
[rank0]:[titan] 2026-03-17 10:53:04,590 - root - INFO - [31mstep: 1425  [32mloss:  2.7656  [38;2;180;60;0mgrad_norm:  1.4762  [38;2;54;234;195mmemory: 37.12GiB(46.73%)  [34mtps: 4,489  [36mtflops: 216.58  [35mmfu: 21.90%[39m
[rank0]:[titan] 2026-03-17 10:53:05,036 - root - INFO - [31mstep: 1426  [32mloss:  2.7656  [38;2;180;60;0mgrad_norm:  1.3788  [38;2;54;234;195mmemory: 37.12GiB(46.73%)  [34mtps: 4,603  [36mtflops: 222.10  [35mmfu: 22.46%[39m
[rank0]:[titan] 2026-03-17 10:53:05,484 - root - INFO - [31mstep: 1427  [32mloss:  2.7500  [38;2;180;60;0mgrad_norm:  2.0435  [38;2;54;234;195mmemory: 37.12GiB(46.73%)  [34mtps: 4,578  [36mtflops: 220.87  [35mmfu: 22.33%[39m
[rank0]:[titan] 2026-03-17 10:53:05,929 - root - INFO - [31mstep: 1428  [32mloss:  2.7812  [38;2;180;60;0mgrad_norm:  2.3548  [38;2;54;234;195mmemory: 37.12GiB(46.73%)  [34mtps: 4,599  [36mtflops: 221.89  [35mmfu: 22.44%[39m
[rank0]:[titan] 2026-03-17 10:53:06,378 - root - INFO - [31mstep: 1429  [32mloss:  2.6875  [38;2;180;60;0mgrad_norm:  1.2048  [38;2;54;234;195mmemory: 37.12GiB(46.73%)  [34mtps: 4,573  [36mtflops: 220.65  [35mmfu: 22.31%[39m
[rank0]:[titan] 2026-03-17 10:53:06,822 - root - INFO - [31mstep: 1430  [32mloss:  2.7188  [38;2;180;60;0mgrad_norm:  1.7994  [38;2;54;234;195mmemory: 37.12GiB(46.73%)  [34mtps: 4,616  [36mtflops: 222.71  [35mmfu: 22.52%[39m
[rank0]:[titan] 2026-03-17 10:53:07,271 - root - INFO - [31mstep: 1431  [32mloss:  2.7656  [38;2;180;60;0mgrad_norm:  1.7894  [38;2;54;234;195mmemory: 37.12GiB(46.73%)  [34mtps: 4,565  [36mtflops: 220.25  [35mmfu: 22.27%[39m
[rank0]:[titan] 2026-03-17 10:53:07,718 - root - INFO - [31mstep: 1432  [32mloss:  2.8125  [38;2;180;60;0mgrad_norm:  1.7450  [38;2;54;234;195mmemory: 37.12GiB(46.73%)  [34mtps: 4,593  [36mtflops: 221.63  [35mmfu: 22.41%[39m
[rank0]:[titan] 2026-03-17 10:53:08,166 - root - INFO - [31mstep: 1433  [32mloss:  2.7500  [38;2;180;60;0mgrad_norm:  1.5493  [38;2;54;234;195mmemory: 37.12GiB(46.73%)  [34mtps: 4,574  [36mtflops: 220.70  [35mmfu: 22.32%[39m
[rank0]:[titan] 2026-03-17 10:53:08,611 - root - INFO - [31mstep: 1434  [32mloss:  2.7656  [38;2;180;60;0mgrad_norm:  1.1551  [38;2;54;234;195mmemory: 37.12GiB(46.73%)  [34mtps: 4,606  [36mtflops: 222.24  [35mmfu: 22.47%[39m
[rank0]:[titan] 2026-03-17 10:53:09,057 - root - INFO - [31mstep: 1435  [32mloss:  2.7344  [38;2;180;60;0mgrad_norm:  1.2832  [38;2;54;234;195mmemory: 37.12GiB(46.73%)  [34mtps: 4,604  [36mtflops: 222.15  [35mmfu: 22.46%[39m
[rank0]:[titan] 2026-03-17 10:53:09,505 - root - INFO - [31mstep: 1436  [32mloss:  2.7188  [38;2;180;60;0mgrad_norm:  1.2803  [38;2;54;234;195mmemory: 37.12GiB(46.73%)  [34mtps: 4,573  [36mtflops: 220.67  [35mmfu: 22.31%[39m
[rank0]:[titan] 2026-03-17 10:53:09,967 - root - INFO - [31mstep: 1437  [32mloss:  2.6562  [38;2;180;60;0mgrad_norm:  1.2453  [38;2;54;234;195mmemory: 37.12GiB(46.73%)  [34mtps: 4,443  [36mtflops: 214.36  [35mmfu: 21.67%[39m
[rank0]:[titan] 2026-03-17 10:53:10,411 - root - INFO - [31mstep: 1438  [32mloss:  2.7188  [38;2;180;60;0mgrad_norm:  1.2065  [38;2;54;234;195mmemory: 37.12GiB(46.73%)  [34mtps: 4,612  [36mtflops: 222.54  [35mmfu: 22.50%[39m
[rank0]:[titan] 2026-03-17 10:53:10,858 - root - INFO - [31mstep: 1439  [32mloss:  2.7188  [38;2;180;60;0mgrad_norm:  1.4820  [38;2;54;234;195mmemory: 37.12GiB(46.73%)  [34mtps: 4,590  [36mtflops: 221.45  [35mmfu: 22.39%[39m
[rank0]:[titan] 2026-03-17 10:53:11,304 - root - INFO - [31mstep: 1440  [32mloss:  2.7656  [38;2;180;60;0mgrad_norm:  1.5599  [38;2;54;234;195mmemory: 37.12GiB(46.73%)  [34mtps: 4,601  [36mtflops: 221.99  [35mmfu: 22.45%[39m
[rank0]:[titan] 2026-03-17 10:53:11,747 - root - INFO - [31mstep: 1441  [32mloss:  2.7500  [38;2;180;60;0mgrad_norm:  1.4080  [38;2;54;234;195mmemory: 37.12GiB(46.73%)  [34mtps: 4,624  [36mtflops: 223.12  [35mmfu: 22.56%[39m
[rank0]:[titan] 2026-03-17 10:53:12,194 - root - INFO - [31mstep: 1442  [32mloss:  2.7188  [38;2;180;60;0mgrad_norm:  1.2317  [38;2;54;234;195mmemory: 37.12GiB(46.73%)  [34mtps: 4,586  [36mtflops: 221.29  [35mmfu: 22.38%[39m
[rank0]:[titan] 2026-03-17 10:53:12,638 - root - INFO - [31mstep: 1443  [32mloss:  2.7344  [38;2;180;60;0mgrad_norm:  1.2838  [38;2;54;234;195mmemory: 37.12GiB(46.73%)  [34mtps: 4,619  [36mtflops: 222.86  [35mmfu: 22.53%[39m
[rank0]:[titan] 2026-03-17 10:53:13,086 - root - INFO - [31mstep: 1444  [32mloss:  2.8125  [38;2;180;60;0mgrad_norm:  1.3063  [38;2;54;234;195mmemory: 37.12GiB(46.73%)  [34mtps: 4,575  [36mtflops: 220.76  [35mmfu: 22.32%[39m
[rank0]:[titan] 2026-03-17 10:53:13,532 - root - INFO - [31mstep: 1445  [32mloss:  2.7500  [38;2;180;60;0mgrad_norm:  1.3184  [38;2;54;234;195mmemory: 37.12GiB(46.73%)  [34mtps: 4,604  [36mtflops: 222.16  [35mmfu: 22.46%[39m
[rank0]:[titan] 2026-03-17 10:53:13,977 - root - INFO - [31mstep: 1446  [32mloss:  2.7656  [38;2;180;60;0mgrad_norm:  1.2129  [38;2;54;234;195mmemory: 37.12GiB(46.73%)  [34mtps: 4,602  [36mtflops: 222.03  [35mmfu: 22.45%[39m
[rank0]:[titan] 2026-03-17 10:53:14,423 - root - INFO - [31mstep: 1447  [32mloss:  2.8281  [38;2;180;60;0mgrad_norm:  1.3691  [38;2;54;234;195mmemory: 37.12GiB(46.73%)  [34mtps: 4,594  [36mtflops: 221.68  [35mmfu: 22.41%[39m
[rank0]:[titan] 2026-03-17 10:53:14,874 - root - INFO - [31mstep: 1448  [32mloss:  2.7188  [38;2;180;60;0mgrad_norm:  1.0839  [38;2;54;234;195mmemory: 37.12GiB(46.73%)  [34mtps: 4,549  [36mtflops: 219.49  [35mmfu: 22.19%[39m
[rank0]:[titan] 2026-03-17 10:53:15,319 - root - INFO - [31mstep: 1449  [32mloss:  2.7812  [38;2;180;60;0mgrad_norm:  1.2157  [38;2;54;234;195mmemory: 37.12GiB(46.73%)  [34mtps: 4,607  [36mtflops: 222.29  [35mmfu: 22.48%[39m
[rank0]:[titan] 2026-03-17 10:53:15,764 - root - INFO - [31mstep: 1450  [32mloss:  2.7344  [38;2;180;60;0mgrad_norm:  1.1445  [38;2;54;234;195mmemory: 37.12GiB(46.73%)  [34mtps: 4,605  [36mtflops: 222.22  [35mmfu: 22.47%[39m
[rank0]:[titan] 2026-03-17 10:53:16,209 - root - INFO - [31mstep: 1451  [32mloss:  2.7500  [38;2;180;60;0mgrad_norm:  1.4950  [38;2;54;234;195mmemory: 37.12GiB(46.73%)  [34mtps: 4,609  [36mtflops: 222.39  [35mmfu: 22.49%[39m
[rank0]:[titan] 2026-03-17 10:53:16,656 - root - INFO - [31mstep: 1452  [32mloss:  2.7500  [38;2;180;60;0mgrad_norm:  1.3952  [38;2;54;234;195mmemory: 37.12GiB(46.73%)  [34mtps: 4,586  [36mtflops: 221.27  [35mmfu: 22.37%[39m
[rank0]:[titan] 2026-03-17 10:53:17,105 - root - INFO - [31mstep: 1453  [32mloss:  2.7031  [38;2;180;60;0mgrad_norm:  1.4658  [38;2;54;234;195mmemory: 37.12GiB(46.73%)  [34mtps: 4,571  [36mtflops: 220.55  [35mmfu: 22.30%[39m
[rank0]:[titan] 2026-03-17 10:53:17,550 - root - INFO - [31mstep: 1454  [32mloss:  2.7188  [38;2;180;60;0mgrad_norm:  1.4524  [38;2;54;234;195mmemory: 37.12GiB(46.73%)  [34mtps: 4,607  [36mtflops: 222.30  [35mmfu: 22.48%[39m
[rank0]:[titan] 2026-03-17 10:53:17,996 - root - INFO - [31mstep: 1455  [32mloss:  2.7188  [38;2;180;60;0mgrad_norm:  1.6446  [38;2;54;234;195mmemory: 37.12GiB(46.73%)  [34mtps: 4,593  [36mtflops: 221.61  [35mmfu: 22.41%[39m
[rank0]:[titan] 2026-03-17 10:53:18,441 - root - INFO - [31mstep: 1456  [32mloss:  2.7344  [38;2;180;60;0mgrad_norm:  1.4338  [38;2;54;234;195mmemory: 37.12GiB(46.73%)  [34mtps: 4,610  [36mtflops: 222.42  [35mmfu: 22.49%[39m
[rank0]:[titan] 2026-03-17 10:53:18,886 - root - INFO - [31mstep: 1457  [32mloss:  2.7656  [38;2;180;60;0mgrad_norm:  1.3164  [38;2;54;234;195mmemory: 37.12GiB(46.73%)  [34mtps: 4,605  [36mtflops: 222.21  [35mmfu: 22.47%[39m
[rank0]:[titan] 2026-03-17 10:53:19,335 - root - INFO - [31mstep: 1458  [32mloss:  2.7344  [38;2;180;60;0mgrad_norm:  1.2649  [38;2;54;234;195mmemory: 37.12GiB(46.73%)  [34mtps: 4,572  [36mtflops: 220.62  [35mmfu: 22.31%[39m
[rank0]:[titan] 2026-03-17 10:53:19,783 - root - INFO - [31mstep: 1459  [32mloss:  2.7656  [38;2;180;60;0mgrad_norm:  1.1048  [38;2;54;234;195mmemory: 37.12GiB(46.73%)  [34mtps: 4,577  [36mtflops: 220.84  [35mmfu: 22.33%[39m
[rank0]:[titan] 2026-03-17 10:53:20,226 - root - INFO - [31mstep: 1460  [32mloss:  2.7500  [38;2;180;60;0mgrad_norm:  0.9133  [38;2;54;234;195mmemory: 37.12GiB(46.73%)  [34mtps: 4,622  [36mtflops: 223.01  [35mmfu: 22.55%[39m
[rank0]:[titan] 2026-03-17 10:53:20,680 - root - INFO - [31mstep: 1461  [32mloss:  2.7500  [38;2;180;60;0mgrad_norm:  1.3984  [38;2;54;234;195mmemory: 37.12GiB(46.73%)  [34mtps: 4,520  [36mtflops: 218.07  [35mmfu: 22.05%[39m
[rank0]:[titan] 2026-03-17 10:53:21,127 - root - INFO - [31mstep: 1462  [32mloss:  2.6875  [38;2;180;60;0mgrad_norm:  1.3545  [38;2;54;234;195mmemory: 37.12GiB(46.73%)  [34mtps: 4,589  [36mtflops: 221.43  [35mmfu: 22.39%[39m
[rank0]:[titan] 2026-03-17 10:53:21,574 - root - INFO - [31mstep: 1463  [32mloss:  2.7188  [38;2;180;60;0mgrad_norm:  1.3047  [38;2;54;234;195mmemory: 37.12GiB(46.73%)  [34mtps: 4,587  [36mtflops: 221.33  [35mmfu: 22.38%[39m
[rank0]:[titan] 2026-03-17 10:53:22,027 - root - INFO - [31mstep: 1464  [32mloss:  2.7344  [38;2;180;60;0mgrad_norm:  1.0292  [38;2;54;234;195mmemory: 37.12GiB(46.73%)  [34mtps: 4,533  [36mtflops: 218.73  [35mmfu: 22.12%[39m
[rank0]:[titan] 2026-03-17 10:53:22,482 - root - INFO - [31mstep: 1465  [32mloss:  2.7188  [38;2;180;60;0mgrad_norm:  1.4538  [38;2;54;234;195mmemory: 37.12GiB(46.73%)  [34mtps: 4,499  [36mtflops: 217.07  [35mmfu: 21.95%[39m
[rank0]:[titan] 2026-03-17 10:53:22,929 - root - INFO - [31mstep: 1466  [32mloss:  2.7344  [38;2;180;60;0mgrad_norm:  1.3042  [38;2;54;234;195mmemory: 37.12GiB(46.73%)  [34mtps: 4,588  [36mtflops: 221.38  [35mmfu: 22.38%[39m
[rank0]:[titan] 2026-03-17 10:53:23,376 - root - INFO - [31mstep: 1467  [32mloss:  2.7500  [38;2;180;60;0mgrad_norm:  0.9708  [38;2;54;234;195mmemory: 37.12GiB(46.73%)  [34mtps: 4,586  [36mtflops: 221.29  [35mmfu: 22.37%[39m
[rank0]:[titan] 2026-03-17 10:53:23,823 - root - INFO - [31mstep: 1468  [32mloss:  2.7344  [38;2;180;60;0mgrad_norm:  1.1019  [38;2;54;234;195mmemory: 37.12GiB(46.73%)  [34mtps: 4,594  [36mtflops: 221.67  [35mmfu: 22.41%[39m
[rank0]:[titan] 2026-03-17 10:53:24,270 - root - INFO - [31mstep: 1469  [32mloss:  2.7969  [38;2;180;60;0mgrad_norm:  1.6058  [38;2;54;234;195mmemory: 37.12GiB(46.73%)  [34mtps: 4,587  [36mtflops: 221.34  [35mmfu: 22.38%[39m
[rank0]:[titan] 2026-03-17 10:53:24,756 - root - INFO - [31mstep: 1470  [32mloss:  2.7344  [38;2;180;60;0mgrad_norm:  1.4532  [38;2;54;234;195mmemory: 37.12GiB(46.73%)  [34mtps: 4,216  [36mtflops: 203.44  [35mmfu: 20.57%[39m
[rank0]:[titan] 2026-03-17 10:53:25,200 - root - INFO - [31mstep: 1471  [32mloss:  2.7344  [38;2;180;60;0mgrad_norm:  1.7264  [38;2;54;234;195mmemory: 37.12GiB(46.73%)  [34mtps: 4,615  [36mtflops: 222.67  [35mmfu: 22.51%[39m
[rank0]:[titan] 2026-03-17 10:53:25,647 - root - INFO - [31mstep: 1472  [32mloss:  2.7344  [38;2;180;60;0mgrad_norm:  1.4493  [38;2;54;234;195mmemory: 37.12GiB(46.73%)  [34mtps: 4,585  [36mtflops: 221.23  [35mmfu: 22.37%[39m
[rank0]:[titan] 2026-03-17 10:53:26,091 - root - INFO - [31mstep: 1473  [32mloss:  2.7500  [38;2;180;60;0mgrad_norm:  1.3717  [38;2;54;234;195mmemory: 37.12GiB(46.73%)  [34mtps: 4,619  [36mtflops: 222.86  [35mmfu: 22.53%[39m
[rank0]:[titan] 2026-03-17 10:53:26,536 - root - INFO - [31mstep: 1474  [32mloss:  2.7812  [38;2;180;60;0mgrad_norm:  1.0844  [38;2;54;234;195mmemory: 37.12GiB(46.73%)  [34mtps: 4,608  [36mtflops: 222.32  [35mmfu: 22.48%[39m
[rank0]:[titan] 2026-03-17 10:53:26,989 - root - INFO - [31mstep: 1475  [32mloss:  2.7500  [38;2;180;60;0mgrad_norm:  1.3017  [38;2;54;234;195mmemory: 37.12GiB(46.73%)  [34mtps: 4,528  [36mtflops: 218.49  [35mmfu: 22.09%[39m
[rank0]:[titan] 2026-03-17 10:53:27,436 - root - INFO - [31mstep: 1476  [32mloss:  2.6875  [38;2;180;60;0mgrad_norm:  1.5702  [38;2;54;234;195mmemory: 37.12GiB(46.73%)  [34mtps: 4,586  [36mtflops: 221.26  [35mmfu: 22.37%[39m
[rank0]:[titan] 2026-03-17 10:53:27,885 - root - INFO - [31mstep: 1477  [32mloss:  2.7500  [38;2;180;60;0mgrad_norm:  1.7966  [38;2;54;234;195mmemory: 37.12GiB(46.73%)  [34mtps: 4,569  [36mtflops: 220.44  [35mmfu: 22.29%[39m
[rank0]:[titan] 2026-03-17 10:53:28,332 - root - INFO - [31mstep: 1478  [32mloss:  2.7188  [38;2;180;60;0mgrad_norm:  1.3757  [38;2;54;234;195mmemory: 37.12GiB(46.73%)  [34mtps: 4,589  [36mtflops: 221.44  [35mmfu: 22.39%[39m
[rank0]:[titan] 2026-03-17 10:53:28,777 - root - INFO - [31mstep: 1479  [32mloss:  2.7188  [38;2;180;60;0mgrad_norm:  1.5316  [38;2;54;234;195mmemory: 37.12GiB(46.73%)  [34mtps: 4,607  [36mtflops: 222.27  [35mmfu: 22.47%[39m
[rank0]:[titan] 2026-03-17 10:53:29,220 - root - INFO - [31mstep: 1480  [32mloss:  2.7812  [38;2;180;60;0mgrad_norm:  1.6485  [38;2;54;234;195mmemory: 37.12GiB(46.73%)  [34mtps: 4,624  [36mtflops: 223.11  [35mmfu: 22.56%[39m
[rank0]:[titan] 2026-03-17 10:53:29,221 - root - WARNING - Dataset c4_test is being re-looped
[rank0]:[titan] 2026-03-17 10:53:29,666 - root - INFO - [31mstep: 1481  [32mloss:  2.7500  [38;2;180;60;0mgrad_norm:  1.3968  [38;2;54;234;195mmemory: 37.12GiB(46.73%)  [34mtps: 4,595  [36mtflops: 221.70  [35mmfu: 22.42%[39m
[rank0]:[titan] 2026-03-17 10:53:30,116 - root - INFO - [31mstep: 1482  [32mloss:  2.7031  [38;2;180;60;0mgrad_norm:  0.9774  [38;2;54;234;195mmemory: 37.12GiB(46.73%)  [34mtps: 4,561  [36mtflops: 220.08  [35mmfu: 22.25%[39m
[rank0]:[titan] 2026-03-17 10:53:30,564 - root - INFO - [31mstep: 1483  [32mloss:  2.7344  [38;2;180;60;0mgrad_norm:  1.0745  [38;2;54;234;195mmemory: 37.12GiB(46.73%)  [34mtps: 4,578  [36mtflops: 220.90  [35mmfu: 22.34%[39m
[rank0]:[titan] 2026-03-17 10:53:31,009 - root - INFO - [31mstep: 1484  [32mloss:  2.7188  [38;2;180;60;0mgrad_norm:  1.1794  [38;2;54;234;195mmemory: 37.12GiB(46.73%)  [34mtps: 4,610  [36mtflops: 222.43  [35mmfu: 22.49%[39m
[rank0]:[titan] 2026-03-17 10:53:31,460 - root - INFO - [31mstep: 1485  [32mloss:  2.7812  [38;2;180;60;0mgrad_norm:  1.0868  [38;2;54;234;195mmemory: 37.12GiB(46.73%)  [34mtps: 4,545  [36mtflops: 219.28  [35mmfu: 22.17%[39m
[rank0]:[titan] 2026-03-17 10:53:31,906 - root - INFO - [31mstep: 1486  [32mloss:  2.7969  [38;2;180;60;0mgrad_norm:  1.4669  [38;2;54;234;195mmemory: 37.12GiB(46.73%)  [34mtps: 4,596  [36mtflops: 221.78  [35mmfu: 22.43%[39m
[rank0]:[titan] 2026-03-17 10:53:32,358 - root - INFO - [31mstep: 1487  [32mloss:  2.7812  [38;2;180;60;0mgrad_norm:  1.3581  [38;2;54;234;195mmemory: 37.12GiB(46.73%)  [34mtps: 4,535  [36mtflops: 218.82  [35mmfu: 22.13%[39m
[rank0]:[titan] 2026-03-17 10:53:32,804 - root - INFO - [31mstep: 1488  [32mloss:  2.7656  [38;2;180;60;0mgrad_norm:  1.3194  [38;2;54;234;195mmemory: 37.12GiB(46.73%)  [34mtps: 4,599  [36mtflops: 221.89  [35mmfu: 22.44%[39m
[rank0]:[titan] 2026-03-17 10:53:33,248 - root - INFO - [31mstep: 1489  [32mloss:  2.7344  [38;2;180;60;0mgrad_norm:  1.3756  [38;2;54;234;195mmemory: 37.12GiB(46.73%)  [34mtps: 4,617  [36mtflops: 222.79  [35mmfu: 22.53%[39m
[rank0]:[titan] 2026-03-17 10:53:33,693 - root - INFO - [31mstep: 1490  [32mloss:  2.7500  [38;2;180;60;0mgrad_norm:  1.3713  [38;2;54;234;195mmemory: 37.12GiB(46.73%)  [34mtps: 4,602  [36mtflops: 222.04  [35mmfu: 22.45%[39m
[rank0]:[titan] 2026-03-17 10:53:34,140 - root - INFO - [31mstep: 1491  [32mloss:  2.7812  [38;2;180;60;0mgrad_norm:  1.2377  [38;2;54;234;195mmemory: 37.12GiB(46.73%)  [34mtps: 4,590  [36mtflops: 221.45  [35mmfu: 22.39%[39m
[rank0]:[titan] 2026-03-17 10:53:34,587 - root - INFO - [31mstep: 1492  [32mloss:  2.7656  [38;2;180;60;0mgrad_norm:  1.8147  [38;2;54;234;195mmemory: 37.12GiB(46.73%)  [34mtps: 4,588  [36mtflops: 221.37  [35mmfu: 22.38%[39m
[rank0]:[titan] 2026-03-17 10:53:35,041 - root - INFO - [31mstep: 1493  [32mloss:  2.7344  [38;2;180;60;0mgrad_norm:  1.6031  [38;2;54;234;195mmemory: 37.12GiB(46.73%)  [34mtps: 4,518  [36mtflops: 218.00  [35mmfu: 22.04%[39m
[rank0]:[titan] 2026-03-17 10:53:35,486 - root - INFO - [31mstep: 1494  [32mloss:  2.7812  [38;2;180;60;0mgrad_norm:  1.3525  [38;2;54;234;195mmemory: 37.12GiB(46.73%)  [34mtps: 4,607  [36mtflops: 222.31  [35mmfu: 22.48%[39m
[rank0]:[titan] 2026-03-17 10:53:35,932 - root - INFO - [31mstep: 1495  [32mloss:  2.7812  [38;2;180;60;0mgrad_norm:  1.3514  [38;2;54;234;195mmemory: 37.12GiB(46.73%)  [34mtps: 4,598  [36mtflops: 221.86  [35mmfu: 22.43%[39m
[rank0]:[titan] 2026-03-17 10:53:36,377 - root - INFO - [31mstep: 1496  [32mloss:  2.8438  [38;2;180;60;0mgrad_norm:  1.4975  [38;2;54;234;195mmemory: 37.12GiB(46.73%)  [34mtps: 4,605  [36mtflops: 222.17  [35mmfu: 22.46%[39m
[rank0]:[titan] 2026-03-17 10:53:36,824 - root - INFO - [31mstep: 1497  [32mloss:  2.7188  [38;2;180;60;0mgrad_norm:  1.8415  [38;2;54;234;195mmemory: 37.12GiB(46.73%)  [34mtps: 4,590  [36mtflops: 221.46  [35mmfu: 22.39%[39m
[rank0]:[titan] 2026-03-17 10:53:37,268 - root - INFO - [31mstep: 1498  [32mloss:  2.7344  [38;2;180;60;0mgrad_norm:  1.7227  [38;2;54;234;195mmemory: 37.12GiB(46.73%)  [34mtps: 4,618  [36mtflops: 222.83  [35mmfu: 22.53%[39m
[rank0]:[titan] 2026-03-17 10:53:37,713 - root - INFO - [31mstep: 1499  [32mloss:  2.7031  [38;2;180;60;0mgrad_norm:  1.6548  [38;2;54;234;195mmemory: 37.12GiB(46.73%)  [34mtps: 4,601  [36mtflops: 222.00  [35mmfu: 22.45%[39m
[rank0]:[titan] 2026-03-17 10:53:38,157 - root - INFO - [31mstep: 1500  [32mloss:  2.7500  [38;2;180;60;0mgrad_norm:  1.9614  [38;2;54;234;195mmemory: 37.12GiB(46.73%)  [34mtps: 4,618  [36mtflops: 222.82  [35mmfu: 22.53%[39m
[rank0]:[titan] 2026-03-17 10:53:38,606 - root - INFO - [31mstep: 1501  [32mloss:  2.7344  [38;2;180;60;0mgrad_norm:  1.7096  [38;2;54;234;195mmemory: 37.12GiB(46.73%)  [34mtps: 4,575  [36mtflops: 220.74  [35mmfu: 22.32%[39m
[rank0]:[titan] 2026-03-17 10:53:39,055 - root - INFO - [31mstep: 1502  [32mloss:  2.7344  [38;2;180;60;0mgrad_norm:  1.5738  [38;2;54;234;195mmemory: 37.12GiB(46.73%)  [34mtps: 4,561  [36mtflops: 220.10  [35mmfu: 22.25%[39m
[rank0]:[titan] 2026-03-17 10:53:39,501 - root - INFO - [31mstep: 1503  [32mloss:  2.6875  [38;2;180;60;0mgrad_norm:  1.4773  [38;2;54;234;195mmemory: 37.12GiB(46.73%)  [34mtps: 4,603  [36mtflops: 222.10  [35mmfu: 22.46%[39m
[rank0]:[titan] 2026-03-17 10:53:39,948 - root - INFO - [31mstep: 1504  [32mloss:  2.6875  [38;2;180;60;0mgrad_norm:  1.3060  [38;2;54;234;195mmemory: 37.12GiB(46.73%)  [34mtps: 4,580  [36mtflops: 220.97  [35mmfu: 22.34%[39m
[rank0]:[titan] 2026-03-17 10:53:40,400 - root - INFO - [31mstep: 1505  [32mloss:  2.7812  [38;2;180;60;0mgrad_norm:  1.3023  [38;2;54;234;195mmemory: 37.12GiB(46.73%)  [34mtps: 4,544  [36mtflops: 219.23  [35mmfu: 22.17%[39m
[rank0]:[titan] 2026-03-17 10:53:40,845 - root - INFO - [31mstep: 1506  [32mloss:  2.8438  [38;2;180;60;0mgrad_norm:  1.1326  [38;2;54;234;195mmemory: 37.12GiB(46.73%)  [34mtps: 4,603  [36mtflops: 222.12  [35mmfu: 22.46%[39m
[rank0]:[titan] 2026-03-17 10:53:41,298 - root - INFO - [31mstep: 1507  [32mloss:  2.7812  [38;2;180;60;0mgrad_norm:  1.1309  [38;2;54;234;195mmemory: 37.12GiB(46.73%)  [34mtps: 4,522  [36mtflops: 218.21  [35mmfu: 22.06%[39m
[rank0]:[titan] 2026-03-17 10:53:41,744 - root - INFO - [31mstep: 1508  [32mloss:  2.7500  [38;2;180;60;0mgrad_norm:  1.1900  [38;2;54;234;195mmemory: 37.12GiB(46.73%)  [34mtps: 4,595  [36mtflops: 221.73  [35mmfu: 22.42%[39m
[rank0]:[titan] 2026-03-17 10:53:42,192 - root - INFO - [31mstep: 1509  [32mloss:  2.7500  [38;2;180;60;0mgrad_norm:  1.0203  [38;2;54;234;195mmemory: 37.12GiB(46.73%)  [34mtps: 4,583  [36mtflops: 221.15  [35mmfu: 22.36%[39m
[rank0]:[titan] 2026-03-17 10:53:42,637 - root - INFO - [31mstep: 1510  [32mloss:  2.7500  [38;2;180;60;0mgrad_norm:  0.8824  [38;2;54;234;195mmemory: 37.12GiB(46.73%)  [34mtps: 4,610  [36mtflops: 222.45  [35mmfu: 22.49%[39m
[rank0]:[titan] 2026-03-17 10:53:43,082 - root - INFO - [31mstep: 1511  [32mloss:  2.7812  [38;2;180;60;0mgrad_norm:  1.0611  [38;2;54;234;195mmemory: 37.12GiB(46.73%)  [34mtps: 4,600  [36mtflops: 221.97  [35mmfu: 22.44%[39m
[rank0]:[titan] 2026-03-17 10:53:43,557 - root - INFO - [31mstep: 1512  [32mloss:  2.7500  [38;2;180;60;0mgrad_norm:  0.8759  [38;2;54;234;195mmemory: 37.12GiB(46.73%)  [34mtps: 4,319  [36mtflops: 208.40  [35mmfu: 21.07%[39m
[rank0]:[titan] 2026-03-17 10:53:44,005 - root - INFO - [31mstep: 1513  [32mloss:  2.7500  [38;2;180;60;0mgrad_norm:  1.3895  [38;2;54;234;195mmemory: 37.12GiB(46.73%)  [34mtps: 4,583  [36mtflops: 221.13  [35mmfu: 22.36%[39m
[rank0]:[titan] 2026-03-17 10:53:44,449 - root - INFO - [31mstep: 1514  [32mloss:  2.7344  [38;2;180;60;0mgrad_norm:  1.3472  [38;2;54;234;195mmemory: 37.12GiB(46.73%)  [34mtps: 4,613  [36mtflops: 222.57  [35mmfu: 22.50%[39m
[rank0]:[titan] 2026-03-17 10:53:44,902 - root - INFO - [31mstep: 1515  [32mloss:  2.7188  [38;2;180;60;0mgrad_norm:  1.2585  [38;2;54;234;195mmemory: 37.12GiB(46.73%)  [34mtps: 4,531  [36mtflops: 218.61  [35mmfu: 22.10%[39m
[rank0]:[titan] 2026-03-17 10:53:45,346 - root - INFO - [31mstep: 1516  [32mloss:  2.7031  [38;2;180;60;0mgrad_norm:  1.4668  [38;2;54;234;195mmemory: 37.12GiB(46.73%)  [34mtps: 4,620  [36mtflops: 222.92  [35mmfu: 22.54%[39m
[rank0]:[titan] 2026-03-17 10:53:45,792 - root - INFO - [31mstep: 1517  [32mloss:  2.6875  [38;2;180;60;0mgrad_norm:  1.5419  [38;2;54;234;195mmemory: 37.12GiB(46.73%)  [34mtps: 4,587  [36mtflops: 221.32  [35mmfu: 22.38%[39m
[rank0]:[titan] 2026-03-17 10:53:46,236 - root - INFO - [31mstep: 1518  [32mloss:  2.6875  [38;2;180;60;0mgrad_norm:  1.1822  [38;2;54;234;195mmemory: 37.12GiB(46.73%)  [34mtps: 4,618  [36mtflops: 222.81  [35mmfu: 22.53%[39m
[rank0]:[titan] 2026-03-17 10:53:46,690 - root - INFO - [31mstep: 1519  [32mloss:  2.6562  [38;2;180;60;0mgrad_norm:  1.2038  [38;2;54;234;195mmemory: 37.12GiB(46.73%)  [34mtps: 4,522  [36mtflops: 218.21  [35mmfu: 22.06%[39m
[rank0]:[titan] 2026-03-17 10:53:47,134 - root - INFO - [31mstep: 1520  [32mloss:  2.7031  [38;2;180;60;0mgrad_norm:  1.0907  [38;2;54;234;195mmemory: 37.12GiB(46.73%)  [34mtps: 4,614  [36mtflops: 222.64  [35mmfu: 22.51%[39m
[rank0]:[titan] 2026-03-17 10:53:47,588 - root - INFO - [31mstep: 1521  [32mloss:  2.6406  [38;2;180;60;0mgrad_norm:  1.1922  [38;2;54;234;195mmemory: 37.12GiB(46.73%)  [34mtps: 4,521  [36mtflops: 218.13  [35mmfu: 22.06%[39m
[rank0]:[titan] 2026-03-17 10:53:48,033 - root - INFO - [31mstep: 1522  [32mloss:  2.6406  [38;2;180;60;0mgrad_norm:  1.0338  [38;2;54;234;195mmemory: 37.12GiB(46.73%)  [34mtps: 4,608  [36mtflops: 222.34  [35mmfu: 22.48%[39m
[rank0]:[titan] 2026-03-17 10:53:48,489 - root - INFO - [31mstep: 1523  [32mloss:  2.6875  [38;2;180;60;0mgrad_norm:  0.8841  [38;2;54;234;195mmemory: 37.12GiB(46.73%)  [34mtps: 4,491  [36mtflops: 216.67  [35mmfu: 21.91%[39m
[rank0]:[titan] 2026-03-17 10:53:48,933 - root - INFO - [31mstep: 1524  [32mloss:  2.6875  [38;2;180;60;0mgrad_norm:  1.0269  [38;2;54;234;195mmemory: 37.12GiB(46.73%)  [34mtps: 4,616  [36mtflops: 222.72  [35mmfu: 22.52%[39m
[rank0]:[titan] 2026-03-17 10:53:49,382 - root - INFO - [31mstep: 1525  [32mloss:  2.6875  [38;2;180;60;0mgrad_norm:  1.0343  [38;2;54;234;195mmemory: 37.12GiB(46.73%)  [34mtps: 4,571  [36mtflops: 220.53  [35mmfu: 22.30%[39m
[rank0]:[titan] 2026-03-17 10:53:49,827 - root - INFO - [31mstep: 1526  [32mloss:  2.6719  [38;2;180;60;0mgrad_norm:  1.1323  [38;2;54;234;195mmemory: 37.12GiB(46.73%)  [34mtps: 4,605  [36mtflops: 222.18  [35mmfu: 22.46%[39m
[rank0]:[titan] 2026-03-17 10:53:50,273 - root - INFO - [31mstep: 1527  [32mloss:  2.6875  [38;2;180;60;0mgrad_norm:  1.0024  [38;2;54;234;195mmemory: 37.12GiB(46.73%)  [34mtps: 4,600  [36mtflops: 221.97  [35mmfu: 22.44%[39m
[rank0]:[titan] 2026-03-17 10:53:50,717 - root - INFO - [31mstep: 1528  [32mloss:  2.6719  [38;2;180;60;0mgrad_norm:  1.1545  [38;2;54;234;195mmemory: 37.12GiB(46.73%)  [34mtps: 4,620  [36mtflops: 222.91  [35mmfu: 22.54%[39m
[rank0]:[titan] 2026-03-17 10:53:51,169 - root - INFO - [31mstep: 1529  [32mloss:  2.6875  [38;2;180;60;0mgrad_norm:  1.0685  [38;2;54;234;195mmemory: 37.12GiB(46.73%)  [34mtps: 4,544  [36mtflops: 219.24  [35mmfu: 22.17%[39m
[rank0]:[titan] 2026-03-17 10:53:51,613 - root - INFO - [31mstep: 1530  [32mloss:  2.7188  [38;2;180;60;0mgrad_norm:  1.1888  [38;2;54;234;195mmemory: 37.12GiB(46.73%)  [34mtps: 4,610  [36mtflops: 222.42  [35mmfu: 22.49%[39m
[rank0]:[titan] 2026-03-17 10:53:52,058 - root - INFO - [31mstep: 1531  [32mloss:  2.6719  [38;2;180;60;0mgrad_norm:  1.3065  [38;2;54;234;195mmemory: 37.12GiB(46.73%)  [34mtps: 4,615  [36mtflops: 222.66  [35mmfu: 22.51%[39m
[rank0]:[titan] 2026-03-17 10:53:52,503 - root - INFO - [31mstep: 1532  [32mloss:  2.6875  [38;2;180;60;0mgrad_norm:  1.3406  [38;2;54;234;195mmemory: 37.12GiB(46.73%)  [34mtps: 4,603  [36mtflops: 222.09  [35mmfu: 22.46%[39m
[rank0]:[titan] 2026-03-17 10:53:52,955 - root - INFO - [31mstep: 1533  [32mloss:  2.6875  [38;2;180;60;0mgrad_norm:  1.4183  [38;2;54;234;195mmemory: 37.12GiB(46.73%)  [34mtps: 4,539  [36mtflops: 219.01  [35mmfu: 22.14%[39m
[rank0]:[titan] 2026-03-17 10:53:53,404 - root - INFO - [31mstep: 1534  [32mloss:  2.7500  [38;2;180;60;0mgrad_norm:  1.1022  [38;2;54;234;195mmemory: 37.12GiB(46.73%)  [34mtps: 4,563  [36mtflops: 220.19  [35mmfu: 22.26%[39m
[rank0]:[titan] 2026-03-17 10:53:53,849 - root - INFO - [31mstep: 1535  [32mloss:  2.7656  [38;2;180;60;0mgrad_norm:  1.3446  [38;2;54;234;195mmemory: 37.12GiB(46.73%)  [34mtps: 4,608  [36mtflops: 222.36  [35mmfu: 22.48%[39m
[rank0]:[titan] 2026-03-17 10:53:54,297 - root - INFO - [31mstep: 1536  [32mloss:  2.7188  [38;2;180;60;0mgrad_norm:  1.2628  [38;2;54;234;195mmemory: 37.12GiB(46.73%)  [34mtps: 4,574  [36mtflops: 220.69  [35mmfu: 22.31%[39m
[rank0]:[titan] 2026-03-17 10:53:54,744 - root - INFO - [31mstep: 1537  [32mloss:  2.6875  [38;2;180;60;0mgrad_norm:  1.2282  [38;2;54;234;195mmemory: 37.12GiB(46.73%)  [34mtps: 4,590  [36mtflops: 221.46  [35mmfu: 22.39%[39m
[rank0]:[titan] 2026-03-17 10:53:55,188 - root - INFO - [31mstep: 1538  [32mloss:  2.7031  [38;2;180;60;0mgrad_norm:  1.0579  [38;2;54;234;195mmemory: 37.12GiB(46.73%)  [34mtps: 4,623  [36mtflops: 223.06  [35mmfu: 22.55%[39m
[rank0]:[titan] 2026-03-17 10:53:55,632 - root - INFO - [31mstep: 1539  [32mloss:  2.7344  [38;2;180;60;0mgrad_norm:  1.6746  [38;2;54;234;195mmemory: 37.12GiB(46.73%)  [34mtps: 4,613  [36mtflops: 222.60  [35mmfu: 22.51%[39m
[rank0]:[titan] 2026-03-17 10:53:56,077 - root - INFO - [31mstep: 1540  [32mloss:  2.6875  [38;2;180;60;0mgrad_norm:  1.0709  [38;2;54;234;195mmemory: 37.12GiB(46.73%)  [34mtps: 4,604  [36mtflops: 222.14  [35mmfu: 22.46%[39m
[rank0]:[titan] 2026-03-17 10:53:56,527 - root - INFO - [31mstep: 1541  [32mloss:  2.6875  [38;2;180;60;0mgrad_norm:  1.3287  [38;2;54;234;195mmemory: 37.12GiB(46.73%)  [34mtps: 4,560  [36mtflops: 220.03  [35mmfu: 22.25%[39m
[rank0]:[titan] 2026-03-17 10:53:56,971 - root - INFO - [31mstep: 1542  [32mloss:  2.7188  [38;2;180;60;0mgrad_norm:  1.3854  [38;2;54;234;195mmemory: 37.12GiB(46.73%)  [34mtps: 4,617  [36mtflops: 222.79  [35mmfu: 22.53%[39m
[rank0]:[titan] 2026-03-17 10:53:57,418 - root - INFO - [31mstep: 1543  [32mloss:  2.7344  [38;2;180;60;0mgrad_norm:  1.1957  [38;2;54;234;195mmemory: 37.12GiB(46.73%)  [34mtps: 4,590  [36mtflops: 221.47  [35mmfu: 22.39%[39m
[rank0]:[titan] 2026-03-17 10:53:57,867 - root - INFO - [31mstep: 1544  [32mloss:  2.7188  [38;2;180;60;0mgrad_norm:  1.5822  [38;2;54;234;195mmemory: 37.12GiB(46.73%)  [34mtps: 4,560  [36mtflops: 220.02  [35mmfu: 22.25%[39m
[rank0]:[titan] 2026-03-17 10:53:58,321 - root - INFO - [31mstep: 1545  [32mloss:  2.7188  [38;2;180;60;0mgrad_norm:  0.9593  [38;2;54;234;195mmemory: 37.12GiB(46.73%)  [34mtps: 4,518  [36mtflops: 217.98  [35mmfu: 22.04%[39m
[rank0]:[titan] 2026-03-17 10:53:58,768 - root - INFO - [31mstep: 1546  [32mloss:  2.7188  [38;2;180;60;0mgrad_norm:  1.7833  [38;2;54;234;195mmemory: 37.12GiB(46.73%)  [34mtps: 4,593  [36mtflops: 221.62  [35mmfu: 22.41%[39m
[rank0]:[titan] 2026-03-17 10:53:59,212 - root - INFO - [31mstep: 1547  [32mloss:  2.7188  [38;2;180;60;0mgrad_norm:  1.8497  [38;2;54;234;195mmemory: 37.12GiB(46.73%)  [34mtps: 4,611  [36mtflops: 222.46  [35mmfu: 22.49%[39m
[rank0]:[titan] 2026-03-17 10:53:59,656 - root - INFO - [31mstep: 1548  [32mloss:  2.7812  [38;2;180;60;0mgrad_norm:  1.5946  [38;2;54;234;195mmemory: 37.12GiB(46.73%)  [34mtps: 4,620  [36mtflops: 222.91  [35mmfu: 22.54%[39m
[rank0]:[titan] 2026-03-17 10:54:00,104 - root - INFO - [31mstep: 1549  [32mloss:  2.7812  [38;2;180;60;0mgrad_norm:  2.0762  [38;2;54;234;195mmemory: 37.12GiB(46.73%)  [34mtps: 4,582  [36mtflops: 221.11  [35mmfu: 22.36%[39m
[rank0]:[titan] 2026-03-17 10:54:00,568 - root - INFO - [31mstep: 1550  [32mloss:  2.7500  [38;2;180;60;0mgrad_norm:  1.2715  [38;2;54;234;195mmemory: 37.12GiB(46.73%)  [34mtps: 4,415  [36mtflops: 213.04  [35mmfu: 21.54%[39m
[rank0]:[titan] 2026-03-17 10:54:01,014 - root - INFO - [31mstep: 1551  [32mloss:  2.9219  [38;2;180;60;0mgrad_norm:  1.4233  [38;2;54;234;195mmemory: 37.12GiB(46.73%)  [34mtps: 4,594  [36mtflops: 221.64  [35mmfu: 22.41%[39m
[rank0]:[titan] 2026-03-17 10:54:01,459 - root - INFO - [31mstep: 1552  [32mloss:  2.8750  [38;2;180;60;0mgrad_norm:  1.6608  [38;2;54;234;195mmemory: 37.12GiB(46.73%)  [34mtps: 4,613  [36mtflops: 222.57  [35mmfu: 22.50%[39m
[rank0]:[titan] 2026-03-17 10:54:01,914 - root - INFO - [31mstep: 1553  [32mloss:  2.7188  [38;2;180;60;0mgrad_norm:  1.8621  [38;2;54;234;195mmemory: 37.12GiB(46.73%)  [34mtps: 4,509  [36mtflops: 217.56  [35mmfu: 22.00%[39m
[rank0]:[titan] 2026-03-17 10:54:02,366 - root - INFO - [31mstep: 1554  [32mloss:  2.7188  [38;2;180;60;0mgrad_norm:  1.7515  [38;2;54;234;195mmemory: 37.12GiB(46.73%)  [34mtps: 4,528  [36mtflops: 218.48  [35mmfu: 22.09%[39m
[rank0]:[titan] 2026-03-17 10:54:02,813 - root - INFO - [31mstep: 1555  [32mloss:  2.7188  [38;2;180;60;0mgrad_norm:  1.3722  [38;2;54;234;195mmemory: 37.12GiB(46.73%)  [34mtps: 4,595  [36mtflops: 221.69  [35mmfu: 22.42%[39m
[rank0]:[titan] 2026-03-17 10:54:03,256 - root - INFO - [31mstep: 1556  [32mloss:  2.8281  [38;2;180;60;0mgrad_norm:  1.3028  [38;2;54;234;195mmemory: 37.12GiB(46.73%)  [34mtps: 4,634  [36mtflops: 223.61  [35mmfu: 22.61%[39m
[rank0]:[titan] 2026-03-17 10:54:03,706 - root - INFO - [31mstep: 1557  [32mloss:  2.7500  [38;2;180;60;0mgrad_norm:  1.7266  [38;2;54;234;195mmemory: 37.12GiB(46.73%)  [34mtps: 4,556  [36mtflops: 219.82  [35mmfu: 22.23%[39m
[rank0]:[titan] 2026-03-17 10:54:04,152 - root - INFO - [31mstep: 1558  [32mloss:  2.7188  [38;2;180;60;0mgrad_norm:  1.3481  [38;2;54;234;195mmemory: 37.12GiB(46.73%)  [34mtps: 4,597  [36mtflops: 221.80  [35mmfu: 22.43%[39m
[rank0]:[titan] 2026-03-17 10:54:04,599 - root - INFO - [31mstep: 1559  [32mloss:  2.7500  [38;2;180;60;0mgrad_norm:  1.2573  [38;2;54;234;195mmemory: 37.12GiB(46.73%)  [34mtps: 4,591  [36mtflops: 221.51  [35mmfu: 22.40%[39m
[rank0]:[titan] 2026-03-17 10:54:05,044 - root - INFO - [31mstep: 1560  [32mloss:  2.7500  [38;2;180;60;0mgrad_norm:  1.2564  [38;2;54;234;195mmemory: 37.12GiB(46.73%)  [34mtps: 4,615  [36mtflops: 222.66  [35mmfu: 22.51%[39m
[rank0]:[titan] 2026-03-17 10:54:05,488 - root - INFO - [31mstep: 1561  [32mloss:  2.7812  [38;2;180;60;0mgrad_norm:  1.2878  [38;2;54;234;195mmemory: 37.12GiB(46.73%)  [34mtps: 4,618  [36mtflops: 222.82  [35mmfu: 22.53%[39m
[rank0]:[titan] 2026-03-17 10:54:05,937 - root - INFO - [31mstep: 1562  [32mloss:  2.6875  [38;2;180;60;0mgrad_norm:  1.1903  [38;2;54;234;195mmemory: 37.12GiB(46.73%)  [34mtps: 4,563  [36mtflops: 220.17  [35mmfu: 22.26%[39m
[rank0]:[titan] 2026-03-17 10:54:06,385 - root - INFO - [31mstep: 1563  [32mloss:  2.6875  [38;2;180;60;0mgrad_norm:  1.3366  [38;2;54;234;195mmemory: 37.12GiB(46.73%)  [34mtps: 4,577  [36mtflops: 220.83  [35mmfu: 22.33%[39m
[rank0]:[titan] 2026-03-17 10:54:06,830 - root - INFO - [31mstep: 1564  [32mloss:  2.7500  [38;2;180;60;0mgrad_norm:  1.4411  [38;2;54;234;195mmemory: 37.12GiB(46.73%)  [34mtps: 4,616  [36mtflops: 222.73  [35mmfu: 22.52%[39m
[rank0]:[titan] 2026-03-17 10:54:07,279 - root - INFO - [31mstep: 1565  [32mloss:  2.7656  [38;2;180;60;0mgrad_norm:  1.0530  [38;2;54;234;195mmemory: 37.12GiB(46.73%)  [34mtps: 4,566  [36mtflops: 220.30  [35mmfu: 22.27%[39m
[rank0]:[titan] 2026-03-17 10:54:07,724 - root - INFO - [31mstep: 1566  [32mloss:  2.7969  [38;2;180;60;0mgrad_norm:  1.2697  [38;2;54;234;195mmemory: 37.12GiB(46.73%)  [34mtps: 4,609  [36mtflops: 222.40  [35mmfu: 22.49%[39m
[rank0]:[titan] 2026-03-17 10:54:08,172 - root - INFO - [31mstep: 1567  [32mloss:  2.7500  [38;2;180;60;0mgrad_norm:  1.6943  [38;2;54;234;195mmemory: 37.12GiB(46.73%)  [34mtps: 4,572  [36mtflops: 220.59  [35mmfu: 22.30%[39m
[rank0]:[titan] 2026-03-17 10:54:08,618 - root - INFO - [31mstep: 1568  [32mloss:  2.7500  [38;2;180;60;0mgrad_norm:  1.4339  [38;2;54;234;195mmemory: 37.12GiB(46.73%)  [34mtps: 4,597  [36mtflops: 221.82  [35mmfu: 22.43%[39m
[rank0]:[titan] 2026-03-17 10:54:09,062 - root - INFO - [31mstep: 1569  [32mloss:  2.7500  [38;2;180;60;0mgrad_norm:  1.0477  [38;2;54;234;195mmemory: 37.12GiB(46.73%)  [34mtps: 4,613  [36mtflops: 222.60  [35mmfu: 22.51%[39m
[rank0]:[titan] 2026-03-17 10:54:09,508 - root - INFO - [31mstep: 1570  [32mloss:  2.7188  [38;2;180;60;0mgrad_norm:  1.2285  [38;2;54;234;195mmemory: 37.12GiB(46.73%)  [34mtps: 4,599  [36mtflops: 221.91  [35mmfu: 22.44%[39m
[rank0]:[titan] 2026-03-17 10:54:09,957 - root - INFO - [31mstep: 1571  [32mloss:  2.7188  [38;2;180;60;0mgrad_norm:  1.1633  [38;2;54;234;195mmemory: 37.12GiB(46.73%)  [34mtps: 4,567  [36mtflops: 220.36  [35mmfu: 22.28%[39m
[rank0]:[titan] 2026-03-17 10:54:10,406 - root - INFO - [31mstep: 1572  [32mloss:  2.7500  [38;2;180;60;0mgrad_norm:  1.2244  [38;2;54;234;195mmemory: 37.12GiB(46.73%)  [34mtps: 4,564  [36mtflops: 220.19  [35mmfu: 22.26%[39m
[rank0]:[titan] 2026-03-17 10:54:10,853 - root - INFO - [31mstep: 1573  [32mloss:  2.7500  [38;2;180;60;0mgrad_norm:  1.5406  [38;2;54;234;195mmemory: 37.12GiB(46.73%)  [34mtps: 4,594  [36mtflops: 221.68  [35mmfu: 22.41%[39m
[rank0]:[titan] 2026-03-17 10:54:11,296 - root - INFO - [31mstep: 1574  [32mloss:  2.7500  [38;2;180;60;0mgrad_norm:  1.3267  [38;2;54;234;195mmemory: 37.12GiB(46.73%)  [34mtps: 4,626  [36mtflops: 223.20  [35mmfu: 22.57%[39m
[rank0]:[titan] 2026-03-17 10:54:11,750 - root - INFO - [31mstep: 1575  [32mloss:  2.7969  [38;2;180;60;0mgrad_norm:  1.4607  [38;2;54;234;195mmemory: 37.12GiB(46.73%)  [34mtps: 4,519  [36mtflops: 218.03  [35mmfu: 22.05%[39m
[rank0]:[titan] 2026-03-17 10:54:12,195 - root - INFO - [31mstep: 1576  [32mloss:  2.7344  [38;2;180;60;0mgrad_norm:  1.5196  [38;2;54;234;195mmemory: 37.12GiB(46.73%)  [34mtps: 4,600  [36mtflops: 221.96  [35mmfu: 22.44%[39m
[rank0]:[titan] 2026-03-17 10:54:12,641 - root - INFO - [31mstep: 1577  [32mloss:  2.7656  [38;2;180;60;0mgrad_norm:  1.2025  [38;2;54;234;195mmemory: 37.12GiB(46.73%)  [34mtps: 4,605  [36mtflops: 222.18  [35mmfu: 22.47%[39m
[rank0]:[titan] 2026-03-17 10:54:13,089 - root - INFO - [31mstep: 1578  [32mloss:  2.7656  [38;2;180;60;0mgrad_norm:  1.4459  [38;2;54;234;195mmemory: 37.12GiB(46.73%)  [34mtps: 4,572  [36mtflops: 220.61  [35mmfu: 22.31%[39m
[rank0]:[titan] 2026-03-17 10:54:13,534 - root - INFO - [31mstep: 1579  [32mloss:  2.7188  [38;2;180;60;0mgrad_norm:  1.1353  [38;2;54;234;195mmemory: 37.12GiB(46.73%)  [34mtps: 4,608  [36mtflops: 222.36  [35mmfu: 22.48%[39m
[rank0]:[titan] 2026-03-17 10:54:13,980 - root - INFO - [31mstep: 1580  [32mloss:  2.7188  [38;2;180;60;0mgrad_norm:  1.3318  [38;2;54;234;195mmemory: 37.12GiB(46.73%)  [34mtps: 4,591  [36mtflops: 221.54  [35mmfu: 22.40%[39m
[rank0]:[titan] 2026-03-17 10:54:14,434 - root - INFO - [31mstep: 1581  [32mloss:  2.7500  [38;2;180;60;0mgrad_norm:  1.4952  [38;2;54;234;195mmemory: 37.12GiB(46.73%)  [34mtps: 4,522  [36mtflops: 218.21  [35mmfu: 22.06%[39m
[rank0]:[titan] 2026-03-17 10:54:14,888 - root - INFO - [31mstep: 1582  [32mloss:  2.7188  [38;2;180;60;0mgrad_norm:  1.4675  [38;2;54;234;195mmemory: 37.12GiB(46.73%)  [34mtps: 4,514  [36mtflops: 217.81  [35mmfu: 22.02%[39m
[rank0]:[titan] 2026-03-17 10:54:15,334 - root - INFO - [31mstep: 1583  [32mloss:  2.7188  [38;2;180;60;0mgrad_norm:  1.5065  [38;2;54;234;195mmemory: 37.12GiB(46.73%)  [34mtps: 4,598  [36mtflops: 221.86  [35mmfu: 22.43%[39m
[rank0]:[titan] 2026-03-17 10:54:15,778 - root - INFO - [31mstep: 1584  [32mloss:  2.7656  [38;2;180;60;0mgrad_norm:  1.1358  [38;2;54;234;195mmemory: 37.12GiB(46.73%)  [34mtps: 4,614  [36mtflops: 222.62  [35mmfu: 22.51%[39m
[rank0]:[titan] 2026-03-17 10:54:16,225 - root - INFO - [31mstep: 1585  [32mloss:  2.7656  [38;2;180;60;0mgrad_norm:  1.1758  [38;2;54;234;195mmemory: 37.12GiB(46.73%)  [34mtps: 4,592  [36mtflops: 221.55  [35mmfu: 22.40%[39m
[rank0]:[titan] 2026-03-17 10:54:16,669 - root - INFO - [31mstep: 1586  [32mloss:  2.7188  [38;2;180;60;0mgrad_norm:  1.3178  [38;2;54;234;195mmemory: 37.12GiB(46.73%)  [34mtps: 4,613  [36mtflops: 222.56  [35mmfu: 22.50%[39m
[rank0]:[titan] 2026-03-17 10:54:17,118 - root - INFO - [31mstep: 1587  [32mloss:  2.7344  [38;2;180;60;0mgrad_norm:  1.1310  [38;2;54;234;195mmemory: 37.12GiB(46.73%)  [34mtps: 4,568  [36mtflops: 220.41  [35mmfu: 22.29%[39m
[rank0]:[titan] 2026-03-17 10:54:17,562 - root - INFO - [31mstep: 1588  [32mloss:  2.8125  [38;2;180;60;0mgrad_norm:  1.3235  [38;2;54;234;195mmemory: 37.12GiB(46.73%)  [34mtps: 4,618  [36mtflops: 222.83  [35mmfu: 22.53%[39m
[rank0]:[titan] 2026-03-17 10:54:18,009 - root - INFO - [31mstep: 1589  [32mloss:  2.7188  [38;2;180;60;0mgrad_norm:  1.6563  [38;2;54;234;195mmemory: 37.12GiB(46.73%)  [34mtps: 4,583  [36mtflops: 221.14  [35mmfu: 22.36%[39m
[rank0]:[titan] 2026-03-17 10:54:18,459 - root - INFO - [31mstep: 1590  [32mloss:  2.7656  [38;2;180;60;0mgrad_norm:  1.6566  [38;2;54;234;195mmemory: 37.12GiB(46.73%)  [34mtps: 4,560  [36mtflops: 220.05  [35mmfu: 22.25%[39m
[rank0]:[titan] 2026-03-17 10:54:18,904 - root - INFO - [31mstep: 1591  [32mloss:  2.8438  [38;2;180;60;0mgrad_norm:  1.5413  [38;2;54;234;195mmemory: 37.12GiB(46.73%)  [34mtps: 4,605  [36mtflops: 222.19  [35mmfu: 22.47%[39m
[rank0]:[titan] 2026-03-17 10:54:19,350 - root - INFO - [31mstep: 1592  [32mloss:  2.8438  [38;2;180;60;0mgrad_norm:  1.3958  [38;2;54;234;195mmemory: 37.12GiB(46.73%)  [34mtps: 4,609  [36mtflops: 222.37  [35mmfu: 22.48%[39m
[rank0]:[titan] 2026-03-17 10:54:19,794 - root - INFO - [31mstep: 1593  [32mloss:  2.7656  [38;2;180;60;0mgrad_norm:  1.6861  [38;2;54;234;195mmemory: 37.12GiB(46.73%)  [34mtps: 4,614  [36mtflops: 222.64  [35mmfu: 22.51%[39m
[rank0]:[titan] 2026-03-17 10:54:20,240 - root - INFO - [31mstep: 1594  [32mloss:  2.7656  [38;2;180;60;0mgrad_norm:  1.8086  [38;2;54;234;195mmemory: 37.12GiB(46.73%)  [34mtps: 4,604  [36mtflops: 222.13  [35mmfu: 22.46%[39m
[rank0]:[titan] 2026-03-17 10:54:20,687 - root - INFO - [31mstep: 1595  [32mloss:  2.8281  [38;2;180;60;0mgrad_norm:  1.4057  [38;2;54;234;195mmemory: 37.12GiB(46.73%)  [34mtps: 4,584  [36mtflops: 221.18  [35mmfu: 22.36%[39m
[rank0]:[titan] 2026-03-17 10:54:21,132 - root - INFO - [31mstep: 1596  [32mloss:  2.7500  [38;2;180;60;0mgrad_norm:  1.8505  [38;2;54;234;195mmemory: 37.12GiB(46.73%)  [34mtps: 4,609  [36mtflops: 222.37  [35mmfu: 22.48%[39m
[rank0]:[titan] 2026-03-17 10:54:21,579 - root - INFO - [31mstep: 1597  [32mloss:  2.7812  [38;2;180;60;0mgrad_norm:  1.7064  [38;2;54;234;195mmemory: 37.12GiB(46.73%)  [34mtps: 4,585  [36mtflops: 221.24  [35mmfu: 22.37%[39m
[rank0]:[titan] 2026-03-17 10:54:22,028 - root - INFO - [31mstep: 1598  [32mloss:  2.7969  [38;2;180;60;0mgrad_norm:  2.1010  [38;2;54;234;195mmemory: 37.12GiB(46.73%)  [34mtps: 4,563  [36mtflops: 220.19  [35mmfu: 22.26%[39m
[rank0]:[titan] 2026-03-17 10:54:22,472 - root - INFO - [31mstep: 1599  [32mloss:  2.7656  [38;2;180;60;0mgrad_norm:  1.4915  [38;2;54;234;195mmemory: 37.12GiB(46.73%)  [34mtps: 4,622  [36mtflops: 223.01  [35mmfu: 22.55%[39m
[rank0]:[titan] 2026-03-17 10:54:22,919 - root - INFO - [31mstep: 1600  [32mloss:  2.8125  [38;2;180;60;0mgrad_norm:  1.9601  [38;2;54;234;195mmemory: 37.12GiB(46.73%)  [34mtps: 4,588  [36mtflops: 221.39  [35mmfu: 22.39%[39m
[rank0]:[titan] 2026-03-17 10:54:23,366 - root - INFO - [31mstep: 1601  [32mloss:  2.8125  [38;2;180;60;0mgrad_norm:  1.9777  [38;2;54;234;195mmemory: 37.12GiB(46.73%)  [34mtps: 4,585  [36mtflops: 221.21  [35mmfu: 22.37%[39m
[rank0]:[titan] 2026-03-17 10:54:23,813 - root - INFO - [31mstep: 1602  [32mloss:  2.7656  [38;2;180;60;0mgrad_norm:  1.4056  [38;2;54;234;195mmemory: 37.12GiB(46.73%)  [34mtps: 4,585  [36mtflops: 221.23  [35mmfu: 22.37%[39m
[rank0]:[titan] 2026-03-17 10:54:24,259 - root - INFO - [31mstep: 1603  [32mloss:  2.7969  [38;2;180;60;0mgrad_norm:  1.6503  [38;2;54;234;195mmemory: 37.12GiB(46.73%)  [34mtps: 4,600  [36mtflops: 221.93  [35mmfu: 22.44%[39m
[rank0]:[titan] 2026-03-17 10:54:24,708 - root - INFO - [31mstep: 1604  [32mloss:  2.8438  [38;2;180;60;0mgrad_norm:  1.8214  [38;2;54;234;195mmemory: 37.12GiB(46.73%)  [34mtps: 4,566  [36mtflops: 220.32  [35mmfu: 22.28%[39m
[rank0]:[titan] 2026-03-17 10:54:25,153 - root - INFO - [31mstep: 1605  [32mloss:  2.8594  [38;2;180;60;0mgrad_norm:  1.6366  [38;2;54;234;195mmemory: 37.12GiB(46.73%)  [34mtps: 4,609  [36mtflops: 222.36  [35mmfu: 22.48%[39m
[rank0]:[titan] 2026-03-17 10:54:25,600 - root - INFO - [31mstep: 1606  [32mloss:  2.8438  [38;2;180;60;0mgrad_norm:  1.9185  [38;2;54;234;195mmemory: 37.12GiB(46.73%)  [34mtps: 4,593  [36mtflops: 221.63  [35mmfu: 22.41%[39m
[rank0]:[titan] 2026-03-17 10:54:26,054 - root - INFO - [31mstep: 1607  [32mloss:  2.8281  [38;2;180;60;0mgrad_norm:  1.4592  [38;2;54;234;195mmemory: 37.12GiB(46.73%)  [34mtps: 4,516  [36mtflops: 217.92  [35mmfu: 22.03%[39m
[rank0]:[titan] 2026-03-17 10:54:26,506 - root - INFO - [31mstep: 1608  [32mloss:  2.7812  [38;2;180;60;0mgrad_norm:  1.3324  [38;2;54;234;195mmemory: 37.12GiB(46.73%)  [34mtps: 4,536  [36mtflops: 218.86  [35mmfu: 22.13%[39m
[rank0]:[titan] 2026-03-17 10:54:26,959 - root - INFO - [31mstep: 1609  [32mloss:  2.8125  [38;2;180;60;0mgrad_norm:  1.1488  [38;2;54;234;195mmemory: 37.12GiB(46.73%)  [34mtps: 4,517  [36mtflops: 217.93  [35mmfu: 22.04%[39m
[rank0]:[titan] 2026-03-17 10:54:27,405 - root - INFO - [31mstep: 1610  [32mloss:  2.7500  [38;2;180;60;0mgrad_norm:  1.4286  [38;2;54;234;195mmemory: 37.12GiB(46.73%)  [34mtps: 4,603  [36mtflops: 222.12  [35mmfu: 22.46%[39m
[rank0]:[titan] 2026-03-17 10:54:27,854 - root - INFO - [31mstep: 1611  [32mloss:  2.7969  [38;2;180;60;0mgrad_norm:  1.3629  [38;2;54;234;195mmemory: 37.12GiB(46.73%)  [34mtps: 4,568  [36mtflops: 220.42  [35mmfu: 22.29%[39m
[rank0]:[titan] 2026-03-17 10:54:28,297 - root - INFO - [31mstep: 1612  [32mloss:  2.7500  [38;2;180;60;0mgrad_norm:  0.9165  [38;2;54;234;195mmemory: 37.12GiB(46.73%)  [34mtps: 4,624  [36mtflops: 223.11  [35mmfu: 22.56%[39m
[rank0]:[titan] 2026-03-17 10:54:28,743 - root - INFO - [31mstep: 1613  [32mloss:  2.7656  [38;2;180;60;0mgrad_norm:  1.7591  [38;2;54;234;195mmemory: 37.12GiB(46.73%)  [34mtps: 4,600  [36mtflops: 221.98  [35mmfu: 22.44%[39m
[rank0]:[titan] 2026-03-17 10:54:29,192 - root - INFO - [31mstep: 1614  [32mloss:  2.7344  [38;2;180;60;0mgrad_norm:  1.4297  [38;2;54;234;195mmemory: 37.12GiB(46.73%)  [34mtps: 4,561  [36mtflops: 220.09  [35mmfu: 22.25%[39m
[rank0]:[titan] 2026-03-17 10:54:29,640 - root - INFO - [31mstep: 1615  [32mloss:  2.7812  [38;2;180;60;0mgrad_norm:  1.2851  [38;2;54;234;195mmemory: 37.12GiB(46.73%)  [34mtps: 4,576  [36mtflops: 220.78  [35mmfu: 22.32%[39m
[rank0]:[titan] 2026-03-17 10:54:30,094 - root - INFO - [31mstep: 1616  [32mloss:  2.7969  [38;2;180;60;0mgrad_norm:  1.2221  [38;2;54;234;195mmemory: 37.12GiB(46.73%)  [34mtps: 4,525  [36mtflops: 218.35  [35mmfu: 22.08%[39m
[rank0]:[titan] 2026-03-17 10:54:30,543 - root - INFO - [31mstep: 1617  [32mloss:  2.8281  [38;2;180;60;0mgrad_norm:  1.5547  [38;2;54;234;195mmemory: 37.12GiB(46.73%)  [34mtps: 4,563  [36mtflops: 220.16  [35mmfu: 22.26%[39m
[rank0]:[titan] 2026-03-17 10:54:30,997 - root - INFO - [31mstep: 1618  [32mloss:  2.8125  [38;2;180;60;0mgrad_norm:  1.3989  [38;2;54;234;195mmemory: 37.12GiB(46.73%)  [34mtps: 4,520  [36mtflops: 218.08  [35mmfu: 22.05%[39m
[rank0]:[titan] 2026-03-17 10:54:31,441 - root - INFO - [31mstep: 1619  [32mloss:  2.7969  [38;2;180;60;0mgrad_norm:  1.7279  [38;2;54;234;195mmemory: 37.12GiB(46.73%)  [34mtps: 4,613  [36mtflops: 222.60  [35mmfu: 22.51%[39m
[rank0]:[titan] 2026-03-17 10:54:31,886 - root - INFO - [31mstep: 1620  [32mloss:  2.7344  [38;2;180;60;0mgrad_norm:  1.7494  [38;2;54;234;195mmemory: 37.12GiB(46.73%)  [34mtps: 4,610  [36mtflops: 222.43  [35mmfu: 22.49%[39m
[rank0]:[titan] 2026-03-17 10:54:32,344 - root - INFO - [31mstep: 1621  [32mloss:  2.8281  [38;2;180;60;0mgrad_norm:  1.2379  [38;2;54;234;195mmemory: 37.12GiB(46.73%)  [34mtps: 4,475  [36mtflops: 215.93  [35mmfu: 21.83%[39m
[rank0]:[titan] 2026-03-17 10:54:32,788 - root - INFO - [31mstep: 1622  [32mloss:  2.7656  [38;2;180;60;0mgrad_norm:  1.1271  [38;2;54;234;195mmemory: 37.12GiB(46.73%)  [34mtps: 4,619  [36mtflops: 222.88  [35mmfu: 22.54%[39m
[rank0]:[titan] 2026-03-17 10:54:33,233 - root - INFO - [31mstep: 1623  [32mloss:  2.7344  [38;2;180;60;0mgrad_norm: 15.0129  [38;2;54;234;195mmemory: 37.12GiB(46.73%)  [34mtps: 4,605  [36mtflops: 222.18  [35mmfu: 22.47%[39m
[rank0]:[titan] 2026-03-17 10:54:33,678 - root - INFO - [31mstep: 1624  [32mloss:  2.7812  [38;2;180;60;0mgrad_norm:  1.9053  [38;2;54;234;195mmemory: 37.12GiB(46.73%)  [34mtps: 4,613  [36mtflops: 222.59  [35mmfu: 22.51%[39m
[rank0]:[titan] 2026-03-17 10:54:34,124 - root - INFO - [31mstep: 1625  [32mloss:  2.8594  [38;2;180;60;0mgrad_norm:  1.6420  [38;2;54;234;195mmemory: 37.12GiB(46.73%)  [34mtps: 4,595  [36mtflops: 221.73  [35mmfu: 22.42%[39m
[rank0]:[titan] 2026-03-17 10:54:34,569 - root - INFO - [31mstep: 1626  [32mloss:  2.8438  [38;2;180;60;0mgrad_norm:  1.1667  [38;2;54;234;195mmemory: 37.12GiB(46.73%)  [34mtps: 4,607  [36mtflops: 222.28  [35mmfu: 22.48%[39m
[rank0]:[titan] 2026-03-17 10:54:35,013 - root - INFO - [31mstep: 1627  [32mloss:  2.7656  [38;2;180;60;0mgrad_norm:  1.0993  [38;2;54;234;195mmemory: 37.12GiB(46.73%)  [34mtps: 4,617  [36mtflops: 222.79  [35mmfu: 22.53%[39m
[rank0]:[titan] 2026-03-17 10:54:35,465 - root - INFO - [31mstep: 1628  [32mloss:  2.7969  [38;2;180;60;0mgrad_norm:  1.2023  [38;2;54;234;195mmemory: 37.12GiB(46.73%)  [34mtps: 4,531  [36mtflops: 218.63  [35mmfu: 22.11%[39m
[rank0]:[titan] 2026-03-17 10:54:35,931 - root - INFO - [31mstep: 1629  [32mloss:  2.8438  [38;2;180;60;0mgrad_norm:  1.6784  [38;2;54;234;195mmemory: 37.12GiB(46.73%)  [34mtps: 4,401  [36mtflops: 212.35  [35mmfu: 21.47%[39m
[rank0]:[titan] 2026-03-17 10:54:36,375 - root - INFO - [31mstep: 1630  [32mloss:  2.8438  [38;2;180;60;0mgrad_norm:  1.4483  [38;2;54;234;195mmemory: 37.12GiB(46.73%)  [34mtps: 4,618  [36mtflops: 222.82  [35mmfu: 22.53%[39m
[rank0]:[titan] 2026-03-17 10:54:36,828 - root - INFO - [31mstep: 1631  [32mloss:  2.8281  [38;2;180;60;0mgrad_norm:  1.6622  [38;2;54;234;195mmemory: 37.12GiB(46.73%)  [34mtps: 4,533  [36mtflops: 218.71  [35mmfu: 22.11%[39m
[rank0]:[titan] 2026-03-17 10:54:37,273 - root - INFO - [31mstep: 1632  [32mloss:  2.8125  [38;2;180;60;0mgrad_norm:  1.7840  [38;2;54;234;195mmemory: 37.12GiB(46.73%)  [34mtps: 4,606  [36mtflops: 222.23  [35mmfu: 22.47%[39m
[rank0]:[titan] 2026-03-17 10:54:37,717 - root - INFO - [31mstep: 1633  [32mloss:  2.7812  [38;2;180;60;0mgrad_norm:  1.5580  [38;2;54;234;195mmemory: 37.12GiB(46.73%)  [34mtps: 4,612  [36mtflops: 222.53  [35mmfu: 22.50%[39m
[rank0]:[titan] 2026-03-17 10:54:38,173 - root - INFO - [31mstep: 1634  [32mloss:  2.7812  [38;2;180;60;0mgrad_norm:  0.9342  [38;2;54;234;195mmemory: 37.12GiB(46.73%)  [34mtps: 4,503  [36mtflops: 217.27  [35mmfu: 21.97%[39m
[rank0]:[titan] 2026-03-17 10:54:38,619 - root - INFO - [31mstep: 1635  [32mloss:  2.7812  [38;2;180;60;0mgrad_norm:  1.4425  [38;2;54;234;195mmemory: 37.12GiB(46.73%)  [34mtps: 4,598  [36mtflops: 221.87  [35mmfu: 22.43%[39m
[rank0]:[titan] 2026-03-17 10:54:39,064 - root - INFO - [31mstep: 1636  [32mloss:  2.7812  [38;2;180;60;0mgrad_norm:  1.5322  [38;2;54;234;195mmemory: 37.12GiB(46.73%)  [34mtps: 4,601  [36mtflops: 222.01  [35mmfu: 22.45%[39m
[rank0]:[titan] 2026-03-17 10:54:39,511 - root - INFO - [31mstep: 1637  [32mloss:  2.7500  [38;2;180;60;0mgrad_norm:  1.3749  [38;2;54;234;195mmemory: 37.12GiB(46.73%)  [34mtps: 4,592  [36mtflops: 221.56  [35mmfu: 22.40%[39m
[rank0]:[titan] 2026-03-17 10:54:39,964 - root - INFO - [31mstep: 1638  [32mloss:  2.7344  [38;2;180;60;0mgrad_norm:  1.3623  [38;2;54;234;195mmemory: 37.12GiB(46.73%)  [34mtps: 4,525  [36mtflops: 218.34  [35mmfu: 22.08%[39m
[rank0]:[titan] 2026-03-17 10:54:40,423 - root - INFO - [31mstep: 1639  [32mloss:  2.7500  [38;2;180;60;0mgrad_norm:  1.6428  [38;2;54;234;195mmemory: 37.12GiB(46.73%)  [34mtps: 4,466  [36mtflops: 215.50  [35mmfu: 21.79%[39m
[rank0]:[titan] 2026-03-17 10:54:40,872 - root - INFO - [31mstep: 1640  [32mloss:  2.7500  [38;2;180;60;0mgrad_norm:  1.6376  [38;2;54;234;195mmemory: 37.12GiB(46.73%)  [34mtps: 4,562  [36mtflops: 220.13  [35mmfu: 22.26%[39m
[rank0]:[titan] 2026-03-17 10:54:41,320 - root - INFO - [31mstep: 1641  [32mloss:  2.7188  [38;2;180;60;0mgrad_norm:  1.4832  [38;2;54;234;195mmemory: 37.12GiB(46.73%)  [34mtps: 4,577  [36mtflops: 220.84  [35mmfu: 22.33%[39m
[rank0]:[titan] 2026-03-17 10:54:41,765 - root - INFO - [31mstep: 1642  [32mloss:  2.7188  [38;2;180;60;0mgrad_norm:  1.0727  [38;2;54;234;195mmemory: 37.12GiB(46.73%)  [34mtps: 4,614  [36mtflops: 222.62  [35mmfu: 22.51%[39m
[rank0]:[titan] 2026-03-17 10:54:42,212 - root - INFO - [31mstep: 1643  [32mloss:  2.7812  [38;2;180;60;0mgrad_norm:  1.6093  [38;2;54;234;195mmemory: 37.12GiB(46.73%)  [34mtps: 4,580  [36mtflops: 220.99  [35mmfu: 22.34%[39m
[rank0]:[titan] 2026-03-17 10:54:42,656 - root - INFO - [31mstep: 1644  [32mloss:  2.7344  [38;2;180;60;0mgrad_norm:  1.7117  [38;2;54;234;195mmemory: 37.12GiB(46.73%)  [34mtps: 4,618  [36mtflops: 222.82  [35mmfu: 22.53%[39m
[rank0]:[titan] 2026-03-17 10:54:43,102 - root - INFO - [31mstep: 1645  [32mloss:  2.7500  [38;2;180;60;0mgrad_norm:  0.9247  [38;2;54;234;195mmemory: 37.12GiB(46.73%)  [34mtps: 4,599  [36mtflops: 221.92  [35mmfu: 22.44%[39m
[rank0]:[titan] 2026-03-17 10:54:43,546 - root - INFO - [31mstep: 1646  [32mloss:  2.7344  [38;2;180;60;0mgrad_norm:  1.4107  [38;2;54;234;195mmemory: 37.12GiB(46.73%)  [34mtps: 4,620  [36mtflops: 222.92  [35mmfu: 22.54%[39m
[rank0]:[titan] 2026-03-17 10:54:43,996 - root - INFO - [31mstep: 1647  [32mloss:  2.7500  [38;2;180;60;0mgrad_norm:  1.1415  [38;2;54;234;195mmemory: 37.12GiB(46.73%)  [34mtps: 4,553  [36mtflops: 219.68  [35mmfu: 22.21%[39m
[rank0]:[titan] 2026-03-17 10:54:44,443 - root - INFO - [31mstep: 1648  [32mloss:  2.7031  [38;2;180;60;0mgrad_norm:  1.0981  [38;2;54;234;195mmemory: 37.12GiB(46.73%)  [34mtps: 4,595  [36mtflops: 221.70  [35mmfu: 22.42%[39m
[rank0]:[titan] 2026-03-17 10:54:44,887 - root - INFO - [31mstep: 1649  [32mloss:  2.7031  [38;2;180;60;0mgrad_norm:  1.0900  [38;2;54;234;195mmemory: 37.12GiB(46.73%)  [34mtps: 4,611  [36mtflops: 222.49  [35mmfu: 22.50%[39m
[rank0]:[titan] 2026-03-17 10:54:45,341 - root - INFO - [31mstep: 1650  [32mloss:  2.6875  [38;2;180;60;0mgrad_norm:  1.2089  [38;2;54;234;195mmemory: 37.12GiB(46.73%)  [34mtps: 4,523  [36mtflops: 218.24  [35mmfu: 22.07%[39m
[rank0]:[titan] 2026-03-17 10:54:45,784 - root - INFO - [31mstep: 1651  [32mloss:  2.7031  [38;2;180;60;0mgrad_norm:  1.3512  [38;2;54;234;195mmemory: 37.12GiB(46.73%)  [34mtps: 4,621  [36mtflops: 222.95  [35mmfu: 22.54%[39m
[rank0]:[titan] 2026-03-17 10:54:46,230 - root - INFO - [31mstep: 1652  [32mloss:  2.7188  [38;2;180;60;0mgrad_norm:  1.7798  [38;2;54;234;195mmemory: 37.12GiB(46.73%)  [34mtps: 4,602  [36mtflops: 222.06  [35mmfu: 22.45%[39m
[rank0]:[titan] 2026-03-17 10:54:46,682 - root - INFO - [31mstep: 1653  [32mloss:  2.7500  [38;2;180;60;0mgrad_norm:  1.2057  [38;2;54;234;195mmemory: 37.12GiB(46.73%)  [34mtps: 4,539  [36mtflops: 219.03  [35mmfu: 22.15%[39m
[rank0]:[titan] 2026-03-17 10:54:47,128 - root - INFO - [31mstep: 1654  [32mloss:  2.7500  [38;2;180;60;0mgrad_norm:  1.2427  [38;2;54;234;195mmemory: 37.12GiB(46.73%)  [34mtps: 4,593  [36mtflops: 221.60  [35mmfu: 22.41%[39m
[rank0]:[titan] 2026-03-17 10:54:47,577 - root - INFO - [31mstep: 1655  [32mloss:  2.7969  [38;2;180;60;0mgrad_norm:  1.3912  [38;2;54;234;195mmemory: 37.12GiB(46.73%)  [34mtps: 4,570  [36mtflops: 220.52  [35mmfu: 22.30%[39m
[rank0]:[titan] 2026-03-17 10:54:48,021 - root - INFO - [31mstep: 1656  [32mloss:  2.7969  [38;2;180;60;0mgrad_norm:  1.3205  [38;2;54;234;195mmemory: 37.12GiB(46.73%)  [34mtps: 4,614  [36mtflops: 222.63  [35mmfu: 22.51%[39m
[rank0]:[titan] 2026-03-17 10:54:48,471 - root - INFO - [31mstep: 1657  [32mloss:  2.7344  [38;2;180;60;0mgrad_norm:  0.8348  [38;2;54;234;195mmemory: 37.12GiB(46.73%)  [34mtps: 4,559  [36mtflops: 219.98  [35mmfu: 22.24%[39m
[rank0]:[titan] 2026-03-17 10:54:48,924 - root - INFO - [31mstep: 1658  [32mloss:  2.7969  [38;2;180;60;0mgrad_norm:  1.1904  [38;2;54;234;195mmemory: 37.12GiB(46.73%)  [34mtps: 4,522  [36mtflops: 218.18  [35mmfu: 22.06%[39m
[rank0]:[titan] 2026-03-17 10:54:49,375 - root - INFO - [31mstep: 1659  [32mloss:  2.7969  [38;2;180;60;0mgrad_norm:  1.8660  [38;2;54;234;195mmemory: 37.12GiB(46.73%)  [34mtps: 4,550  [36mtflops: 219.53  [35mmfu: 22.20%[39m
[rank0]:[titan] 2026-03-17 10:54:49,819 - root - INFO - [31mstep: 1660  [32mloss:  2.7812  [38;2;180;60;0mgrad_norm:  1.4293  [38;2;54;234;195mmemory: 37.12GiB(46.73%)  [34mtps: 4,615  [36mtflops: 222.70  [35mmfu: 22.52%[39m
[rank0]:[titan] 2026-03-17 10:54:50,268 - root - INFO - [31mstep: 1661  [32mloss:  2.7500  [38;2;180;60;0mgrad_norm:  1.1053  [38;2;54;234;195mmemory: 37.12GiB(46.73%)  [34mtps: 4,564  [36mtflops: 220.20  [35mmfu: 22.26%[39m
[rank0]:[titan] 2026-03-17 10:54:50,715 - root - INFO - [31mstep: 1662  [32mloss:  2.7344  [38;2;180;60;0mgrad_norm:  1.3638  [38;2;54;234;195mmemory: 37.12GiB(46.73%)  [34mtps: 4,585  [36mtflops: 221.24  [35mmfu: 22.37%[39m
[rank0]:[titan] 2026-03-17 10:54:51,158 - root - INFO - [31mstep: 1663  [32mloss:  2.7656  [38;2;180;60;0mgrad_norm:  1.5133  [38;2;54;234;195mmemory: 37.12GiB(46.73%)  [34mtps: 4,638  [36mtflops: 223.76  [35mmfu: 22.63%[39m
[rank0]:[titan] 2026-03-17 10:54:51,612 - root - INFO - [31mstep: 1664  [32mloss:  2.7188  [38;2;180;60;0mgrad_norm:  1.3993  [38;2;54;234;195mmemory: 37.12GiB(46.73%)  [34mtps: 4,507  [36mtflops: 217.48  [35mmfu: 21.99%[39m
[rank0]:[titan] 2026-03-17 10:54:52,057 - root - INFO - [31mstep: 1665  [32mloss:  2.7188  [38;2;180;60;0mgrad_norm:  0.9769  [38;2;54;234;195mmemory: 37.12GiB(46.73%)  [34mtps: 4,607  [36mtflops: 222.27  [35mmfu: 22.47%[39m
[rank0]:[titan] 2026-03-17 10:54:52,503 - root - INFO - [31mstep: 1666  [32mloss:  2.6875  [38;2;180;60;0mgrad_norm:  1.2633  [38;2;54;234;195mmemory: 37.12GiB(46.73%)  [34mtps: 4,604  [36mtflops: 222.17  [35mmfu: 22.46%[39m
[rank0]:[titan] 2026-03-17 10:54:52,950 - root - INFO - [31mstep: 1667  [32mloss:  2.7344  [38;2;180;60;0mgrad_norm:  1.5157  [38;2;54;234;195mmemory: 37.12GiB(46.73%)  [34mtps: 4,591  [36mtflops: 221.52  [35mmfu: 22.40%[39m
[rank0]:[titan] 2026-03-17 10:54:53,397 - root - INFO - [31mstep: 1668  [32mloss:  2.7812  [38;2;180;60;0mgrad_norm:  1.6041  [38;2;54;234;195mmemory: 37.12GiB(46.73%)  [34mtps: 4,583  [36mtflops: 221.14  [35mmfu: 22.36%[39m
[rank0]:[titan] 2026-03-17 10:54:53,842 - root - INFO - [31mstep: 1669  [32mloss:  2.7812  [38;2;180;60;0mgrad_norm:  1.2320  [38;2;54;234;195mmemory: 37.12GiB(46.73%)  [34mtps: 4,608  [36mtflops: 222.33  [35mmfu: 22.48%[39m
[rank0]:[titan] 2026-03-17 10:54:54,290 - root - INFO - [31mstep: 1670  [32mloss:  2.8281  [38;2;180;60;0mgrad_norm:  1.2828  [38;2;54;234;195mmemory: 37.12GiB(46.73%)  [34mtps: 4,577  [36mtflops: 220.85  [35mmfu: 22.33%[39m
[rank0]:[titan] 2026-03-17 10:54:54,740 - root - INFO - [31mstep: 1671  [32mloss:  2.7344  [38;2;180;60;0mgrad_norm:  1.3363  [38;2;54;234;195mmemory: 37.12GiB(46.73%)  [34mtps: 4,561  [36mtflops: 220.06  [35mmfu: 22.25%[39m
[rank0]:[titan] 2026-03-17 10:54:55,185 - root - INFO - [31mstep: 1672  [32mloss:  2.7812  [38;2;180;60;0mgrad_norm:  1.1282  [38;2;54;234;195mmemory: 37.12GiB(46.73%)  [34mtps: 4,602  [36mtflops: 222.05  [35mmfu: 22.45%[39m
[rank0]:[titan] 2026-03-17 10:54:55,635 - root - INFO - [31mstep: 1673  [32mloss:  2.8281  [38;2;180;60;0mgrad_norm:  0.9650  [38;2;54;234;195mmemory: 37.12GiB(46.73%)  [34mtps: 4,555  [36mtflops: 219.80  [35mmfu: 22.22%[39m
[rank0]:[titan] 2026-03-17 10:54:56,081 - root - INFO - [31mstep: 1674  [32mloss:  2.7344  [38;2;180;60;0mgrad_norm:  1.4043  [38;2;54;234;195mmemory: 37.12GiB(46.73%)  [34mtps: 4,602  [36mtflops: 222.04  [35mmfu: 22.45%[39m
[rank0]:[titan] 2026-03-17 10:54:56,530 - root - INFO - [31mstep: 1675  [32mloss:  2.7188  [38;2;180;60;0mgrad_norm:  1.2918  [38;2;54;234;195mmemory: 37.12GiB(46.73%)  [34mtps: 4,558  [36mtflops: 219.92  [35mmfu: 22.24%[39m
[rank0]:[titan] 2026-03-17 10:54:56,976 - root - INFO - [31mstep: 1676  [32mloss:  2.7812  [38;2;180;60;0mgrad_norm:  1.1095  [38;2;54;234;195mmemory: 37.12GiB(46.73%)  [34mtps: 4,596  [36mtflops: 221.77  [35mmfu: 22.42%[39m
[rank0]:[titan] 2026-03-17 10:54:57,423 - root - INFO - [31mstep: 1677  [32mloss:  2.7500  [38;2;180;60;0mgrad_norm:  1.0346  [38;2;54;234;195mmemory: 37.12GiB(46.73%)  [34mtps: 4,592  [36mtflops: 221.58  [35mmfu: 22.40%[39m
[rank0]:[titan] 2026-03-17 10:54:57,870 - root - INFO - [31mstep: 1678  [32mloss:  2.7812  [38;2;180;60;0mgrad_norm:  1.1736  [38;2;54;234;195mmemory: 37.12GiB(46.73%)  [34mtps: 4,588  [36mtflops: 221.38  [35mmfu: 22.38%[39m
[rank0]:[titan] 2026-03-17 10:54:58,316 - root - INFO - [31mstep: 1679  [32mloss:  2.7500  [38;2;180;60;0mgrad_norm:  1.2571  [38;2;54;234;195mmemory: 37.12GiB(46.73%)  [34mtps: 4,590  [36mtflops: 221.46  [35mmfu: 22.39%[39m
[rank0]:[titan] 2026-03-17 10:54:58,765 - root - INFO - [31mstep: 1680  [32mloss:  2.7969  [38;2;180;60;0mgrad_norm:  1.4007  [38;2;54;234;195mmemory: 37.12GiB(46.73%)  [34mtps: 4,570  [36mtflops: 220.50  [35mmfu: 22.29%[39m
[rank0]:[titan] 2026-03-17 10:54:59,212 - root - INFO - [31mstep: 1681  [32mloss:  2.7500  [38;2;180;60;0mgrad_norm:  1.2679  [38;2;54;234;195mmemory: 37.12GiB(46.73%)  [34mtps: 4,583  [36mtflops: 221.12  [35mmfu: 22.36%[39m
[rank0]:[titan] 2026-03-17 10:54:59,656 - root - INFO - [31mstep: 1682  [32mloss:  2.7500  [38;2;180;60;0mgrad_norm:  1.7469  [38;2;54;234;195mmemory: 37.12GiB(46.73%)  [34mtps: 4,621  [36mtflops: 222.97  [35mmfu: 22.54%[39m
[rank0]:[titan] 2026-03-17 10:55:00,101 - root - INFO - [31mstep: 1683  [32mloss:  2.7500  [38;2;180;60;0mgrad_norm:  1.3317  [38;2;54;234;195mmemory: 37.12GiB(46.73%)  [34mtps: 4,607  [36mtflops: 222.31  [35mmfu: 22.48%[39m
[rank0]:[titan] 2026-03-17 10:55:00,560 - root - INFO - [31mstep: 1684  [32mloss:  2.7031  [38;2;180;60;0mgrad_norm:  0.8870  [38;2;54;234;195mmemory: 37.12GiB(46.73%)  [34mtps: 4,471  [36mtflops: 215.72  [35mmfu: 21.81%[39m
[rank0]:[titan] 2026-03-17 10:55:01,005 - root - INFO - [31mstep: 1685  [32mloss:  2.6719  [38;2;180;60;0mgrad_norm:  1.0229  [38;2;54;234;195mmemory: 37.12GiB(46.73%)  [34mtps: 4,604  [36mtflops: 222.16  [35mmfu: 22.46%[39m
[rank0]:[titan] 2026-03-17 10:55:01,457 - root - INFO - [31mstep: 1686  [32mloss:  2.6875  [38;2;180;60;0mgrad_norm:  1.1744  [38;2;54;234;195mmemory: 37.12GiB(46.73%)  [34mtps: 4,537  [36mtflops: 218.90  [35mmfu: 22.13%[39m
[rank0]:[titan] 2026-03-17 10:55:01,902 - root - INFO - [31mstep: 1687  [32mloss:  2.6875  [38;2;180;60;0mgrad_norm:  1.0150  [38;2;54;234;195mmemory: 37.12GiB(46.73%)  [34mtps: 4,608  [36mtflops: 222.34  [35mmfu: 22.48%[39m
[rank0]:[titan] 2026-03-17 10:55:02,348 - root - INFO - [31mstep: 1688  [32mloss:  2.6719  [38;2;180;60;0mgrad_norm:  0.8348  [38;2;54;234;195mmemory: 37.12GiB(46.73%)  [34mtps: 4,600  [36mtflops: 221.94  [35mmfu: 22.44%[39m
[rank0]:[titan] 2026-03-17 10:55:02,795 - root - INFO - [31mstep: 1689  [32mloss:  2.8125  [38;2;180;60;0mgrad_norm:  1.4701  [38;2;54;234;195mmemory: 37.12GiB(46.73%)  [34mtps: 4,583  [36mtflops: 221.15  [35mmfu: 22.36%[39m
[rank0]:[titan] 2026-03-17 10:55:03,241 - root - INFO - [31mstep: 1690  [32mloss:  2.7500  [38;2;180;60;0mgrad_norm:  1.1235  [38;2;54;234;195mmemory: 37.12GiB(46.73%)  [34mtps: 4,595  [36mtflops: 221.72  [35mmfu: 22.42%[39m
[rank0]:[titan] 2026-03-17 10:55:03,688 - root - INFO - [31mstep: 1691  [32mloss:  2.7500  [38;2;180;60;0mgrad_norm:  0.9392  [38;2;54;234;195mmemory: 37.12GiB(46.73%)  [34mtps: 4,583  [36mtflops: 221.13  [35mmfu: 22.36%[39m
[rank0]:[titan] 2026-03-17 10:55:03,689 - root - WARNING - Dataset c4_test is being re-looped
[rank0]:[titan] 2026-03-17 10:55:04,136 - root - INFO - [31mstep: 1692  [32mloss:  2.7656  [38;2;180;60;0mgrad_norm:  1.1066  [38;2;54;234;195mmemory: 37.12GiB(46.73%)  [34mtps: 4,582  [36mtflops: 221.07  [35mmfu: 22.35%[39m
[rank0]:[titan] 2026-03-17 10:55:04,584 - root - INFO - [31mstep: 1693  [32mloss:  2.7188  [38;2;180;60;0mgrad_norm:  1.1181  [38;2;54;234;195mmemory: 37.12GiB(46.73%)  [34mtps: 4,596  [36mtflops: 221.75  [35mmfu: 22.42%[39m
[rank0]:[titan] 2026-03-17 10:55:05,029 - root - INFO - [31mstep: 1694  [32mloss:  2.7500  [38;2;180;60;0mgrad_norm:  1.3531  [38;2;54;234;195mmemory: 37.12GiB(46.73%)  [34mtps: 4,606  [36mtflops: 222.26  [35mmfu: 22.47%[39m
[rank0]:[titan] 2026-03-17 10:55:05,475 - root - INFO - [31mstep: 1695  [32mloss:  2.7656  [38;2;180;60;0mgrad_norm:  1.0549  [38;2;54;234;195mmemory: 37.12GiB(46.73%)  [34mtps: 4,600  [36mtflops: 221.96  [35mmfu: 22.44%[39m
[rank0]:[titan] 2026-03-17 10:55:05,924 - root - INFO - [31mstep: 1696  [32mloss:  2.7500  [38;2;180;60;0mgrad_norm:  1.1035  [38;2;54;234;195mmemory: 37.12GiB(46.73%)  [34mtps: 4,568  [36mtflops: 220.40  [35mmfu: 22.29%[39m
[rank0]:[titan] 2026-03-17 10:55:06,374 - root - INFO - [31mstep: 1697  [32mloss:  2.7969  [38;2;180;60;0mgrad_norm:  1.2641  [38;2;54;234;195mmemory: 37.12GiB(46.73%)  [34mtps: 4,555  [36mtflops: 219.76  [35mmfu: 22.22%[39m
[rank0]:[titan] 2026-03-17 10:55:06,821 - root - INFO - [31mstep: 1698  [32mloss:  2.7188  [38;2;180;60;0mgrad_norm:  1.3249  [38;2;54;234;195mmemory: 37.12GiB(46.73%)  [34mtps: 4,588  [36mtflops: 221.38  [35mmfu: 22.38%[39m
[rank0]:[titan] 2026-03-17 10:55:07,265 - root - INFO - [31mstep: 1699  [32mloss:  2.7188  [38;2;180;60;0mgrad_norm:  1.1267  [38;2;54;234;195mmemory: 37.12GiB(46.73%)  [34mtps: 4,608  [36mtflops: 222.34  [35mmfu: 22.48%[39m
[rank0]:[titan] 2026-03-17 10:55:07,709 - root - INFO - [31mstep: 1700  [32mloss:  2.6562  [38;2;180;60;0mgrad_norm:  1.2932  [38;2;54;234;195mmemory: 37.12GiB(46.73%)  [34mtps: 4,620  [36mtflops: 222.89  [35mmfu: 22.54%[39m
[rank0]:[titan] 2026-03-17 10:55:08,158 - root - INFO - [31mstep: 1701  [32mloss:  2.7188  [38;2;180;60;0mgrad_norm:  1.7123  [38;2;54;234;195mmemory: 37.12GiB(46.73%)  [34mtps: 4,567  [36mtflops: 220.34  [35mmfu: 22.28%[39m
[rank0]:[titan] 2026-03-17 10:55:08,605 - root - INFO - [31mstep: 1702  [32mloss:  2.7812  [38;2;180;60;0mgrad_norm:  1.2007  [38;2;54;234;195mmemory: 37.12GiB(46.73%)  [34mtps: 4,586  [36mtflops: 221.28  [35mmfu: 22.37%[39m
[rank0]:[titan] 2026-03-17 10:55:09,051 - root - INFO - [31mstep: 1703  [32mloss:  2.7344  [38;2;180;60;0mgrad_norm:  1.6524  [38;2;54;234;195mmemory: 37.12GiB(46.73%)  [34mtps: 4,596  [36mtflops: 221.78  [35mmfu: 22.42%[39m
[rank0]:[titan] 2026-03-17 10:55:09,500 - root - INFO - [31mstep: 1704  [32mloss:  2.6875  [38;2;180;60;0mgrad_norm:  1.2666  [38;2;54;234;195mmemory: 37.12GiB(46.73%)  [34mtps: 4,572  [36mtflops: 220.63  [35mmfu: 22.31%[39m
[rank0]:[titan] 2026-03-17 10:55:09,955 - root - INFO - [31mstep: 1705  [32mloss:  2.7656  [38;2;180;60;0mgrad_norm:  1.1377  [38;2;54;234;195mmemory: 37.12GiB(46.73%)  [34mtps: 4,505  [36mtflops: 217.39  [35mmfu: 21.98%[39m
[rank0]:[titan] 2026-03-17 10:55:10,404 - root - INFO - [31mstep: 1706  [32mloss:  2.7812  [38;2;180;60;0mgrad_norm:  1.7012  [38;2;54;234;195mmemory: 37.12GiB(46.73%)  [34mtps: 4,565  [36mtflops: 220.25  [35mmfu: 22.27%[39m
[rank0]:[titan] 2026-03-17 10:55:10,849 - root - INFO - [31mstep: 1707  [32mloss:  2.7344  [38;2;180;60;0mgrad_norm:  1.2753  [38;2;54;234;195mmemory: 37.12GiB(46.73%)  [34mtps: 4,601  [36mtflops: 221.98  [35mmfu: 22.45%[39m
[rank0]:[titan] 2026-03-17 10:55:11,296 - root - INFO - [31mstep: 1708  [32mloss:  2.6562  [38;2;180;60;0mgrad_norm:  1.5188  [38;2;54;234;195mmemory: 37.12GiB(46.73%)  [34mtps: 4,594  [36mtflops: 221.66  [35mmfu: 22.41%[39m
[rank0]:[titan] 2026-03-17 10:55:11,744 - root - INFO - [31mstep: 1709  [32mloss:  2.6875  [38;2;180;60;0mgrad_norm:  1.8622  [38;2;54;234;195mmemory: 37.12GiB(46.73%)  [34mtps: 4,576  [36mtflops: 220.78  [35mmfu: 22.32%[39m
[rank0]:[titan] 2026-03-17 10:55:12,190 - root - INFO - [31mstep: 1710  [32mloss:  2.6875  [38;2;180;60;0mgrad_norm:  1.4084  [38;2;54;234;195mmemory: 37.12GiB(46.73%)  [34mtps: 4,593  [36mtflops: 221.64  [35mmfu: 22.41%[39m
[rank0]:[titan] 2026-03-17 10:55:12,644 - root - INFO - [31mstep: 1711  [32mloss:  2.7188  [38;2;180;60;0mgrad_norm:  1.6653  [38;2;54;234;195mmemory: 37.12GiB(46.73%)  [34mtps: 4,520  [36mtflops: 218.08  [35mmfu: 22.05%[39m
[rank0]:[titan] 2026-03-17 10:55:13,091 - root - INFO - [31mstep: 1712  [32mloss:  2.7812  [38;2;180;60;0mgrad_norm:  1.2840  [38;2;54;234;195mmemory: 37.12GiB(46.73%)  [34mtps: 4,582  [36mtflops: 221.10  [35mmfu: 22.36%[39m
[rank0]:[titan] 2026-03-17 10:55:13,536 - root - INFO - [31mstep: 1713  [32mloss:  2.7656  [38;2;180;60;0mgrad_norm:  1.2912  [38;2;54;234;195mmemory: 37.12GiB(46.73%)  [34mtps: 4,611  [36mtflops: 222.48  [35mmfu: 22.50%[39m
[rank0]:[titan] 2026-03-17 10:55:13,983 - root - INFO - [31mstep: 1714  [32mloss:  2.7188  [38;2;180;60;0mgrad_norm:  1.7344  [38;2;54;234;195mmemory: 37.12GiB(46.73%)  [34mtps: 4,590  [36mtflops: 221.49  [35mmfu: 22.40%[39m
[rank0]:[titan] 2026-03-17 10:55:14,426 - root - INFO - [31mstep: 1715  [32mloss:  2.7500  [38;2;180;60;0mgrad_norm:  1.2390  [38;2;54;234;195mmemory: 37.12GiB(46.73%)  [34mtps: 4,618  [36mtflops: 222.83  [35mmfu: 22.53%[39m
[rank0]:[titan] 2026-03-17 10:55:14,882 - root - INFO - [31mstep: 1716  [32mloss:  2.7812  [38;2;180;60;0mgrad_norm:  1.3106  [38;2;54;234;195mmemory: 37.12GiB(46.73%)  [34mtps: 4,504  [36mtflops: 217.32  [35mmfu: 21.97%[39m
[rank0]:[titan] 2026-03-17 10:55:15,328 - root - INFO - [31mstep: 1717  [32mloss:  2.7969  [38;2;180;60;0mgrad_norm:  1.5716  [38;2;54;234;195mmemory: 37.12GiB(46.73%)  [34mtps: 4,594  [36mtflops: 221.68  [35mmfu: 22.41%[39m
[rank0]:[titan] 2026-03-17 10:55:15,773 - root - INFO - [31mstep: 1718  [32mloss:  2.7812  [38;2;180;60;0mgrad_norm:  1.1139  [38;2;54;234;195mmemory: 37.12GiB(46.73%)  [34mtps: 4,602  [36mtflops: 222.06  [35mmfu: 22.45%[39m
[rank0]:[titan] 2026-03-17 10:55:16,223 - root - INFO - [31mstep: 1719  [32mloss:  2.7344  [38;2;180;60;0mgrad_norm:  1.6507  [38;2;54;234;195mmemory: 37.12GiB(46.73%)  [34mtps: 4,564  [36mtflops: 220.20  [35mmfu: 22.27%[39m
[rank0]:[titan] 2026-03-17 10:55:16,671 - root - INFO - [31mstep: 1720  [32mloss:  2.7188  [38;2;180;60;0mgrad_norm:  1.6359  [38;2;54;234;195mmemory: 37.12GiB(46.73%)  [34mtps: 4,578  [36mtflops: 220.91  [35mmfu: 22.34%[39m
[rank0]:[titan] 2026-03-17 10:55:17,117 - root - INFO - [31mstep: 1721  [32mloss:  2.7500  [38;2;180;60;0mgrad_norm:  1.2286  [38;2;54;234;195mmemory: 37.12GiB(46.73%)  [34mtps: 4,591  [36mtflops: 221.50  [35mmfu: 22.40%[39m
[rank0]:[titan] 2026-03-17 10:55:17,564 - root - INFO - [31mstep: 1722  [32mloss:  2.7500  [38;2;180;60;0mgrad_norm:  1.4114  [38;2;54;234;195mmemory: 37.12GiB(46.73%)  [34mtps: 4,591  [36mtflops: 221.53  [35mmfu: 22.40%[39m
[rank0]:[titan] 2026-03-17 10:55:18,009 - root - INFO - [31mstep: 1723  [32mloss:  2.7812  [38;2;180;60;0mgrad_norm:  1.3662  [38;2;54;234;195mmemory: 37.12GiB(46.73%)  [34mtps: 4,605  [36mtflops: 222.21  [35mmfu: 22.47%[39m
[rank0]:[titan] 2026-03-17 10:55:18,456 - root - INFO - [31mstep: 1724  [32mloss:  2.7656  [38;2;180;60;0mgrad_norm:  1.4287  [38;2;54;234;195mmemory: 37.12GiB(46.73%)  [34mtps: 4,585  [36mtflops: 221.25  [35mmfu: 22.37%[39m
[rank0]:[titan] 2026-03-17 10:55:18,949 - root - INFO - [31mstep: 1725  [32mloss:  2.7500  [38;2;180;60;0mgrad_norm:  1.7403  [38;2;54;234;195mmemory: 37.12GiB(46.73%)  [34mtps: 4,162  [36mtflops: 200.83  [35mmfu: 20.31%[39m
[rank0]:[titan] 2026-03-17 10:55:19,397 - root - INFO - [31mstep: 1726  [32mloss:  2.7500  [38;2;180;60;0mgrad_norm:  1.4876  [38;2;54;234;195mmemory: 37.12GiB(46.73%)  [34mtps: 4,570  [36mtflops: 220.48  [35mmfu: 22.29%[39m
[rank0]:[titan] 2026-03-17 10:55:19,850 - root - INFO - [31mstep: 1727  [32mloss:  2.7500  [38;2;180;60;0mgrad_norm:  1.1464  [38;2;54;234;195mmemory: 37.12GiB(46.73%)  [34mtps: 4,526  [36mtflops: 218.38  [35mmfu: 22.08%[39m
[rank0]:[titan] 2026-03-17 10:55:20,295 - root - INFO - [31mstep: 1728  [32mloss:  2.7188  [38;2;180;60;0mgrad_norm:  1.7921  [38;2;54;234;195mmemory: 37.12GiB(46.73%)  [34mtps: 4,607  [36mtflops: 222.30  [35mmfu: 22.48%[39m
[rank0]:[titan] 2026-03-17 10:55:20,742 - root - INFO - [31mstep: 1729  [32mloss:  2.7188  [38;2;180;60;0mgrad_norm:  1.8720  [38;2;54;234;195mmemory: 37.12GiB(46.73%)  [34mtps: 4,589  [36mtflops: 221.40  [35mmfu: 22.39%[39m
[rank0]:[titan] 2026-03-17 10:55:21,187 - root - INFO - [31mstep: 1730  [32mloss:  2.7031  [38;2;180;60;0mgrad_norm:  1.2596  [38;2;54;234;195mmemory: 37.12GiB(46.73%)  [34mtps: 4,607  [36mtflops: 222.27  [35mmfu: 22.47%[39m
[rank0]:[titan] 2026-03-17 10:55:21,641 - root - INFO - [31mstep: 1731  [32mloss:  2.7656  [38;2;180;60;0mgrad_norm:  1.5087  [38;2;54;234;195mmemory: 37.12GiB(46.73%)  [34mtps: 4,518  [36mtflops: 217.98  [35mmfu: 22.04%[39m
[rank0]:[titan] 2026-03-17 10:55:22,090 - root - INFO - [31mstep: 1732  [32mloss:  2.7344  [38;2;180;60;0mgrad_norm:  1.5103  [38;2;54;234;195mmemory: 37.12GiB(46.73%)  [34mtps: 4,569  [36mtflops: 220.47  [35mmfu: 22.29%[39m
[rank0]:[titan] 2026-03-17 10:55:22,545 - root - INFO - [31mstep: 1733  [32mloss:  2.7344  [38;2;180;60;0mgrad_norm:  1.5939  [38;2;54;234;195mmemory: 37.12GiB(46.73%)  [34mtps: 4,508  [36mtflops: 217.52  [35mmfu: 21.99%[39m
[rank0]:[titan] 2026-03-17 10:55:22,989 - root - INFO - [31mstep: 1734  [32mloss:  2.6875  [38;2;180;60;0mgrad_norm:  1.3836  [38;2;54;234;195mmemory: 37.12GiB(46.73%)  [34mtps: 4,619  [36mtflops: 222.85  [35mmfu: 22.53%[39m
[rank0]:[titan] 2026-03-17 10:55:23,446 - root - INFO - [31mstep: 1735  [32mloss:  2.7812  [38;2;180;60;0mgrad_norm:  1.6704  [38;2;54;234;195mmemory: 37.12GiB(46.73%)  [34mtps: 4,482  [36mtflops: 216.25  [35mmfu: 21.87%[39m
[rank0]:[titan] 2026-03-17 10:55:23,891 - root - INFO - [31mstep: 1736  [32mloss:  2.7969  [38;2;180;60;0mgrad_norm:  1.1930  [38;2;54;234;195mmemory: 37.12GiB(46.73%)  [34mtps: 4,607  [36mtflops: 222.29  [35mmfu: 22.48%[39m
[rank0]:[titan] 2026-03-17 10:55:24,336 - root - INFO - [31mstep: 1737  [32mloss:  2.7031  [38;2;180;60;0mgrad_norm:  1.2105  [38;2;54;234;195mmemory: 37.12GiB(46.73%)  [34mtps: 4,611  [36mtflops: 222.47  [35mmfu: 22.49%[39m
[rank0]:[titan] 2026-03-17 10:55:24,781 - root - INFO - [31mstep: 1738  [32mloss:  2.7031  [38;2;180;60;0mgrad_norm:  1.6098  [38;2;54;234;195mmemory: 37.12GiB(46.73%)  [34mtps: 4,604  [36mtflops: 222.15  [35mmfu: 22.46%[39m
[rank0]:[titan] 2026-03-17 10:55:25,227 - root - INFO - [31mstep: 1739  [32mloss:  2.7344  [38;2;180;60;0mgrad_norm:  1.3614  [38;2;54;234;195mmemory: 37.12GiB(46.73%)  [34mtps: 4,595  [36mtflops: 221.73  [35mmfu: 22.42%[39m
[rank0]:[titan] 2026-03-17 10:55:25,673 - root - INFO - [31mstep: 1740  [32mloss:  2.7656  [38;2;180;60;0mgrad_norm:  1.3272  [38;2;54;234;195mmemory: 37.12GiB(46.73%)  [34mtps: 4,601  [36mtflops: 221.99  [35mmfu: 22.45%[39m
[rank0]:[titan] 2026-03-17 10:55:26,120 - root - INFO - [31mstep: 1741  [32mloss:  2.7344  [38;2;180;60;0mgrad_norm:  1.3186  [38;2;54;234;195mmemory: 37.12GiB(46.73%)  [34mtps: 4,582  [36mtflops: 221.08  [35mmfu: 22.35%[39m
[rank0]:[titan] 2026-03-17 10:55:26,570 - root - INFO - [31mstep: 1742  [32mloss:  2.6719  [38;2;180;60;0mgrad_norm:  1.0431  [38;2;54;234;195mmemory: 37.12GiB(46.73%)  [34mtps: 4,563  [36mtflops: 220.18  [35mmfu: 22.26%[39m
[rank0]:[titan] 2026-03-17 10:55:27,014 - root - INFO - [31mstep: 1743  [32mloss:  2.6719  [38;2;180;60;0mgrad_norm:  1.0217  [38;2;54;234;195mmemory: 37.12GiB(46.73%)  [34mtps: 4,610  [36mtflops: 222.43  [35mmfu: 22.49%[39m
[rank0]:[titan] 2026-03-17 10:55:27,460 - root - INFO - [31mstep: 1744  [32mloss:  2.7344  [38;2;180;60;0mgrad_norm:  1.1576  [38;2;54;234;195mmemory: 37.12GiB(46.73%)  [34mtps: 4,598  [36mtflops: 221.86  [35mmfu: 22.43%[39m
[rank0]:[titan] 2026-03-17 10:55:27,910 - root - INFO - [31mstep: 1745  [32mloss:  2.7188  [38;2;180;60;0mgrad_norm:  1.4842  [38;2;54;234;195mmemory: 37.12GiB(46.73%)  [34mtps: 4,562  [36mtflops: 220.10  [35mmfu: 22.25%[39m
[rank0]:[titan] 2026-03-17 10:55:28,354 - root - INFO - [31mstep: 1746  [32mloss:  2.7500  [38;2;180;60;0mgrad_norm:  0.9434  [38;2;54;234;195mmemory: 37.12GiB(46.73%)  [34mtps: 4,614  [36mtflops: 222.64  [35mmfu: 22.51%[39m
[rank0]:[titan] 2026-03-17 10:55:28,808 - root - INFO - [31mstep: 1747  [32mloss:  2.7812  [38;2;180;60;0mgrad_norm:  1.0292  [38;2;54;234;195mmemory: 37.12GiB(46.73%)  [34mtps: 4,515  [36mtflops: 217.86  [35mmfu: 22.03%[39m
[rank0]:[titan] 2026-03-17 10:55:29,255 - root - INFO - [31mstep: 1748  [32mloss:  2.7031  [38;2;180;60;0mgrad_norm:  1.0818  [38;2;54;234;195mmemory: 37.12GiB(46.73%)  [34mtps: 4,585  [36mtflops: 221.25  [35mmfu: 22.37%[39m
[rank0]:[titan] 2026-03-17 10:55:29,703 - root - INFO - [31mstep: 1749  [32mloss:  2.7031  [38;2;180;60;0mgrad_norm:  0.9188  [38;2;54;234;195mmemory: 37.12GiB(46.73%)  [34mtps: 4,579  [36mtflops: 220.95  [35mmfu: 22.34%[39m
[rank0]:[titan] 2026-03-17 10:55:30,146 - root - INFO - [31mstep: 1750  [32mloss:  2.7188  [38;2;180;60;0mgrad_norm:  0.8584  [38;2;54;234;195mmemory: 37.12GiB(46.73%)  [34mtps: 4,629  [36mtflops: 223.37  [35mmfu: 22.59%[39m
[rank0]:[titan] 2026-03-17 10:55:30,591 - root - INFO - [31mstep: 1751  [32mloss:  2.7188  [38;2;180;60;0mgrad_norm:  0.9057  [38;2;54;234;195mmemory: 37.12GiB(46.73%)  [34mtps: 4,612  [36mtflops: 222.52  [35mmfu: 22.50%[39m
[rank0]:[titan] 2026-03-17 10:55:31,038 - root - INFO - [31mstep: 1752  [32mloss:  2.6719  [38;2;180;60;0mgrad_norm:  1.2807  [38;2;54;234;195mmemory: 37.12GiB(46.73%)  [34mtps: 4,588  [36mtflops: 221.36  [35mmfu: 22.38%[39m
[rank0]:[titan] 2026-03-17 10:55:31,483 - root - INFO - [31mstep: 1753  [32mloss:  2.6719  [38;2;180;60;0mgrad_norm:  0.9721  [38;2;54;234;195mmemory: 37.12GiB(46.73%)  [34mtps: 4,606  [36mtflops: 222.26  [35mmfu: 22.47%[39m
[rank0]:[titan] 2026-03-17 10:55:31,927 - root - INFO - [31mstep: 1754  [32mloss:  2.6719  [38;2;180;60;0mgrad_norm:  0.9693  [38;2;54;234;195mmemory: 37.12GiB(46.73%)  [34mtps: 4,611  [36mtflops: 222.50  [35mmfu: 22.50%[39m
[rank0]:[titan] 2026-03-17 10:55:32,376 - root - INFO - [31mstep: 1755  [32mloss:  2.7500  [38;2;180;60;0mgrad_norm:  1.4680  [38;2;54;234;195mmemory: 37.12GiB(46.73%)  [34mtps: 4,565  [36mtflops: 220.28  [35mmfu: 22.27%[39m
[rank0]:[titan] 2026-03-17 10:55:32,823 - root - INFO - [31mstep: 1756  [32mloss:  2.7031  [38;2;180;60;0mgrad_norm:  1.4714  [38;2;54;234;195mmemory: 37.12GiB(46.73%)  [34mtps: 4,594  [36mtflops: 221.67  [35mmfu: 22.41%[39m
[rank0]:[titan] 2026-03-17 10:55:33,269 - root - INFO - [31mstep: 1757  [32mloss:  2.6875  [38;2;180;60;0mgrad_norm:  1.4645  [38;2;54;234;195mmemory: 37.12GiB(46.73%)  [34mtps: 4,595  [36mtflops: 221.71  [35mmfu: 22.42%[39m
[rank0]:[titan] 2026-03-17 10:55:33,714 - root - INFO - [31mstep: 1758  [32mloss:  2.7031  [38;2;180;60;0mgrad_norm:  1.2348  [38;2;54;234;195mmemory: 37.12GiB(46.73%)  [34mtps: 4,606  [36mtflops: 222.26  [35mmfu: 22.47%[39m
[rank0]:[titan] 2026-03-17 10:55:34,167 - root - INFO - [31mstep: 1759  [32mloss:  2.7031  [38;2;180;60;0mgrad_norm:  1.1694  [38;2;54;234;195mmemory: 37.12GiB(46.73%)  [34mtps: 4,528  [36mtflops: 218.48  [35mmfu: 22.09%[39m
[rank0]:[titan] 2026-03-17 10:55:34,615 - root - INFO - [31mstep: 1760  [32mloss:  2.7500  [38;2;180;60;0mgrad_norm:  1.5870  [38;2;54;234;195mmemory: 37.12GiB(46.73%)  [34mtps: 4,579  [36mtflops: 220.93  [35mmfu: 22.34%[39m
[rank0]:[titan] 2026-03-17 10:55:35,057 - root - INFO - [31mstep: 1761  [32mloss:  2.7188  [38;2;180;60;0mgrad_norm:  1.9380  [38;2;54;234;195mmemory: 37.12GiB(46.73%)  [34mtps: 4,629  [36mtflops: 223.36  [35mmfu: 22.58%[39m
[rank0]:[titan] 2026-03-17 10:55:35,503 - root - INFO - [31mstep: 1762  [32mloss:  2.8438  [38;2;180;60;0mgrad_norm:  1.5758  [38;2;54;234;195mmemory: 37.12GiB(46.73%)  [34mtps: 4,597  [36mtflops: 221.83  [35mmfu: 22.43%[39m
[rank0]:[titan] 2026-03-17 10:55:35,951 - root - INFO - [31mstep: 1763  [32mloss:  2.8750  [38;2;180;60;0mgrad_norm:  1.5073  [38;2;54;234;195mmemory: 37.12GiB(46.73%)  [34mtps: 4,585  [36mtflops: 221.22  [35mmfu: 22.37%[39m
[rank0]:[titan] 2026-03-17 10:55:36,397 - root - INFO - [31mstep: 1764  [32mloss:  2.7969  [38;2;180;60;0mgrad_norm:  1.8630  [38;2;54;234;195mmemory: 37.12GiB(46.73%)  [34mtps: 4,592  [36mtflops: 221.55  [35mmfu: 22.40%[39m
[rank0]:[titan] 2026-03-17 10:55:36,845 - root - INFO - [31mstep: 1765  [32mloss:  2.7344  [38;2;180;60;0mgrad_norm:  1.6896  [38;2;54;234;195mmemory: 37.12GiB(46.73%)  [34mtps: 4,583  [36mtflops: 221.14  [35mmfu: 22.36%[39m
[rank0]:[titan] 2026-03-17 10:55:37,291 - root - INFO - [31mstep: 1766  [32mloss:  2.7969  [38;2;180;60;0mgrad_norm:  1.4812  [38;2;54;234;195mmemory: 37.12GiB(46.73%)  [34mtps: 4,595  [36mtflops: 221.70  [35mmfu: 22.42%[39m
[rank0]:[titan] 2026-03-17 10:55:37,766 - root - INFO - [31mstep: 1767  [32mloss:  2.7188  [38;2;180;60;0mgrad_norm:  1.1598  [38;2;54;234;195mmemory: 37.12GiB(46.73%)  [34mtps: 4,316  [36mtflops: 208.25  [35mmfu: 21.06%[39m
[rank0]:[titan] 2026-03-17 10:55:38,215 - root - INFO - [31mstep: 1768  [32mloss:  2.7031  [38;2;180;60;0mgrad_norm:  1.6169  [38;2;54;234;195mmemory: 37.12GiB(46.73%)  [34mtps: 4,572  [36mtflops: 220.62  [35mmfu: 22.31%[39m
[rank0]:[titan] 2026-03-17 10:55:38,662 - root - INFO - [31mstep: 1769  [32mloss:  2.7031  [38;2;180;60;0mgrad_norm:  1.5912  [38;2;54;234;195mmemory: 37.12GiB(46.73%)  [34mtps: 4,587  [36mtflops: 221.34  [35mmfu: 22.38%[39m
[rank0]:[titan] 2026-03-17 10:55:39,105 - root - INFO - [31mstep: 1770  [32mloss:  2.6875  [38;2;180;60;0mgrad_norm:  1.7690  [38;2;54;234;195mmemory: 37.12GiB(46.73%)  [34mtps: 4,625  [36mtflops: 223.14  [35mmfu: 22.56%[39m
[rank0]:[titan] 2026-03-17 10:55:39,554 - root - INFO - [31mstep: 1771  [32mloss:  2.7344  [38;2;180;60;0mgrad_norm:  1.3644  [38;2;54;234;195mmemory: 37.12GiB(46.73%)  [34mtps: 4,571  [36mtflops: 220.55  [35mmfu: 22.30%[39m
[rank0]:[titan] 2026-03-17 10:55:39,999 - root - INFO - [31mstep: 1772  [32mloss:  2.6875  [38;2;180;60;0mgrad_norm:  0.9737  [38;2;54;234;195mmemory: 37.12GiB(46.73%)  [34mtps: 4,604  [36mtflops: 222.16  [35mmfu: 22.46%[39m
[rank0]:[titan] 2026-03-17 10:55:40,446 - root - INFO - [31mstep: 1773  [32mloss:  2.7344  [38;2;180;60;0mgrad_norm:  1.2270  [38;2;54;234;195mmemory: 37.12GiB(46.73%)  [34mtps: 4,585  [36mtflops: 221.21  [35mmfu: 22.37%[39m
[rank0]:[titan] 2026-03-17 10:55:40,891 - root - INFO - [31mstep: 1774  [32mloss:  2.7188  [38;2;180;60;0mgrad_norm:  1.1492  [38;2;54;234;195mmemory: 37.12GiB(46.73%)  [34mtps: 4,607  [36mtflops: 222.32  [35mmfu: 22.48%[39m
[rank0]:[titan] 2026-03-17 10:55:41,338 - root - INFO - [31mstep: 1775  [32mloss:  2.7344  [38;2;180;60;0mgrad_norm:  1.0128  [38;2;54;234;195mmemory: 37.12GiB(46.73%)  [34mtps: 4,589  [36mtflops: 221.41  [35mmfu: 22.39%[39m
[rank0]:[titan] 2026-03-17 10:55:41,785 - root - INFO - [31mstep: 1776  [32mloss:  2.6875  [38;2;180;60;0mgrad_norm:  0.9433  [38;2;54;234;195mmemory: 37.12GiB(46.73%)  [34mtps: 4,585  [36mtflops: 221.23  [35mmfu: 22.37%[39m
[rank0]:[titan] 2026-03-17 10:55:42,234 - root - INFO - [31mstep: 1777  [32mloss:  2.6719  [38;2;180;60;0mgrad_norm:  1.0405  [38;2;54;234;195mmemory: 37.12GiB(46.73%)  [34mtps: 4,566  [36mtflops: 220.31  [35mmfu: 22.28%[39m
[rank0]:[titan] 2026-03-17 10:55:42,682 - root - INFO - [31mstep: 1778  [32mloss:  2.6719  [38;2;180;60;0mgrad_norm:  1.2142  [38;2;54;234;195mmemory: 37.12GiB(46.73%)  [34mtps: 4,584  [36mtflops: 221.19  [35mmfu: 22.37%[39m
[rank0]:[titan] 2026-03-17 10:55:43,126 - root - INFO - [31mstep: 1779  [32mloss:  2.7188  [38;2;180;60;0mgrad_norm:  0.9900  [38;2;54;234;195mmemory: 37.12GiB(46.73%)  [34mtps: 4,612  [36mtflops: 222.53  [35mmfu: 22.50%[39m
[rank0]:[titan] 2026-03-17 10:55:43,571 - root - INFO - [31mstep: 1780  [32mloss:  2.8125  [38;2;180;60;0mgrad_norm:  1.6650  [38;2;54;234;195mmemory: 37.12GiB(46.73%)  [34mtps: 4,613  [36mtflops: 222.59  [35mmfu: 22.51%[39m
[rank0]:[titan] 2026-03-17 10:55:44,018 - root - INFO - [31mstep: 1781  [32mloss:  2.7656  [38;2;180;60;0mgrad_norm:  1.6889  [38;2;54;234;195mmemory: 37.12GiB(46.73%)  [34mtps: 4,588  [36mtflops: 221.37  [35mmfu: 22.38%[39m
[rank0]:[titan] 2026-03-17 10:55:44,467 - root - INFO - [31mstep: 1782  [32mloss:  2.7188  [38;2;180;60;0mgrad_norm:  1.1269  [38;2;54;234;195mmemory: 37.12GiB(46.73%)  [34mtps: 4,558  [36mtflops: 219.92  [35mmfu: 22.24%[39m
[rank0]:[titan] 2026-03-17 10:55:44,913 - root - INFO - [31mstep: 1783  [32mloss:  2.6719  [38;2;180;60;0mgrad_norm:  1.7775  [38;2;54;234;195mmemory: 37.12GiB(46.73%)  [34mtps: 4,599  [36mtflops: 221.92  [35mmfu: 22.44%[39m
[rank0]:[titan] 2026-03-17 10:55:45,357 - root - INFO - [31mstep: 1784  [32mloss:  2.7188  [38;2;180;60;0mgrad_norm:  1.7376  [38;2;54;234;195mmemory: 37.12GiB(46.73%)  [34mtps: 4,619  [36mtflops: 222.89  [35mmfu: 22.54%[39m
[rank0]:[titan] 2026-03-17 10:55:45,801 - root - INFO - [31mstep: 1785  [32mloss:  2.7188  [38;2;180;60;0mgrad_norm:  1.5356  [38;2;54;234;195mmemory: 37.12GiB(46.73%)  [34mtps: 4,614  [36mtflops: 222.62  [35mmfu: 22.51%[39m
[rank0]:[titan] 2026-03-17 10:55:46,249 - root - INFO - [31mstep: 1786  [32mloss:  2.6875  [38;2;180;60;0mgrad_norm:  1.5540  [38;2;54;234;195mmemory: 37.12GiB(46.73%)  [34mtps: 4,585  [36mtflops: 221.21  [35mmfu: 22.37%[39m
[rank0]:[titan] 2026-03-17 10:55:46,696 - root - INFO - [31mstep: 1787  [32mloss:  2.7656  [38;2;180;60;0mgrad_norm:  1.5261  [38;2;54;234;195mmemory: 37.12GiB(46.73%)  [34mtps: 4,589  [36mtflops: 221.41  [35mmfu: 22.39%[39m
[rank0]:[titan] 2026-03-17 10:55:47,162 - root - INFO - [31mstep: 1788  [32mloss:  2.7031  [38;2;180;60;0mgrad_norm:  1.0765  [38;2;54;234;195mmemory: 37.12GiB(46.73%)  [34mtps: 4,393  [36mtflops: 211.98  [35mmfu: 21.43%[39m
[rank0]:[titan] 2026-03-17 10:55:47,607 - root - INFO - [31mstep: 1789  [32mloss:  2.7188  [38;2;180;60;0mgrad_norm:  1.4039  [38;2;54;234;195mmemory: 37.12GiB(46.73%)  [34mtps: 4,611  [36mtflops: 222.48  [35mmfu: 22.50%[39m
[rank0]:[titan] 2026-03-17 10:55:48,052 - root - INFO - [31mstep: 1790  [32mloss:  2.6875  [38;2;180;60;0mgrad_norm:  1.2301  [38;2;54;234;195mmemory: 37.12GiB(46.73%)  [34mtps: 4,605  [36mtflops: 222.19  [35mmfu: 22.47%[39m
[rank0]:[titan] 2026-03-17 10:55:48,497 - root - INFO - [31mstep: 1791  [32mloss:  2.7188  [38;2;180;60;0mgrad_norm:  1.1096  [38;2;54;234;195mmemory: 37.12GiB(46.73%)  [34mtps: 4,609  [36mtflops: 222.39  [35mmfu: 22.49%[39m
[rank0]:[titan] 2026-03-17 10:55:48,941 - root - INFO - [31mstep: 1792  [32mloss:  2.7188  [38;2;180;60;0mgrad_norm:  1.0944  [38;2;54;234;195mmemory: 37.12GiB(46.73%)  [34mtps: 4,618  [36mtflops: 222.82  [35mmfu: 22.53%[39m
[rank0]:[titan] 2026-03-17 10:55:49,385 - root - INFO - [31mstep: 1793  [32mloss:  2.7031  [38;2;180;60;0mgrad_norm:  0.9066  [38;2;54;234;195mmemory: 37.12GiB(46.73%)  [34mtps: 4,616  [36mtflops: 222.74  [35mmfu: 22.52%[39m
[rank0]:[titan] 2026-03-17 10:55:49,839 - root - INFO - [31mstep: 1794  [32mloss:  2.7500  [38;2;180;60;0mgrad_norm:  1.2033  [38;2;54;234;195mmemory: 37.12GiB(46.73%)  [34mtps: 4,517  [36mtflops: 217.96  [35mmfu: 22.04%[39m
[rank0]:[titan] 2026-03-17 10:55:50,286 - root - INFO - [31mstep: 1795  [32mloss:  2.7500  [38;2;180;60;0mgrad_norm:  1.1213  [38;2;54;234;195mmemory: 37.12GiB(46.73%)  [34mtps: 4,585  [36mtflops: 221.24  [35mmfu: 22.37%[39m
[rank0]:[titan] 2026-03-17 10:55:50,734 - root - INFO - [31mstep: 1796  [32mloss:  2.7188  [38;2;180;60;0mgrad_norm:  1.1771  [38;2;54;234;195mmemory: 37.12GiB(46.73%)  [34mtps: 4,579  [36mtflops: 220.96  [35mmfu: 22.34%[39m
[rank0]:[titan] 2026-03-17 10:55:51,178 - root - INFO - [31mstep: 1797  [32mloss:  2.7344  [38;2;180;60;0mgrad_norm:  1.2601  [38;2;54;234;195mmemory: 37.12GiB(46.73%)  [34mtps: 4,614  [36mtflops: 222.61  [35mmfu: 22.51%[39m
[rank0]:[titan] 2026-03-17 10:55:51,626 - root - INFO - [31mstep: 1798  [32mloss:  2.7500  [38;2;180;60;0mgrad_norm:  1.2697  [38;2;54;234;195mmemory: 37.12GiB(46.73%)  [34mtps: 4,582  [36mtflops: 221.08  [35mmfu: 22.35%[39m
[rank0]:[titan] 2026-03-17 10:55:52,070 - root - INFO - [31mstep: 1799  [32mloss:  2.7969  [38;2;180;60;0mgrad_norm:  1.7421  [38;2;54;234;195mmemory: 37.12GiB(46.73%)  [34mtps: 4,614  [36mtflops: 222.63  [35mmfu: 22.51%[39m
[rank0]:[titan] 2026-03-17 10:55:52,526 - root - INFO - [31mstep: 1800  [32mloss:  2.7812  [38;2;180;60;0mgrad_norm:  1.4961  [38;2;54;234;195mmemory: 37.12GiB(46.73%)  [34mtps: 4,497  [36mtflops: 216.98  [35mmfu: 21.94%[39m
[rank0]:[titan] 2026-03-17 10:55:52,981 - root - INFO - [31mstep: 1801  [32mloss:  2.7500  [38;2;180;60;0mgrad_norm:  1.4131  [38;2;54;234;195mmemory: 37.12GiB(46.73%)  [34mtps: 4,507  [36mtflops: 217.46  [35mmfu: 21.99%[39m
[rank0]:[titan] 2026-03-17 10:55:53,426 - root - INFO - [31mstep: 1802  [32mloss:  2.7344  [38;2;180;60;0mgrad_norm:  1.7066  [38;2;54;234;195mmemory: 37.12GiB(46.73%)  [34mtps: 4,603  [36mtflops: 222.08  [35mmfu: 22.46%[39m
[rank0]:[titan] 2026-03-17 10:55:53,880 - root - INFO - [31mstep: 1803  [32mloss:  2.7500  [38;2;180;60;0mgrad_norm:  1.4686  [38;2;54;234;195mmemory: 37.12GiB(46.73%)  [34mtps: 4,525  [36mtflops: 218.34  [35mmfu: 22.08%[39m
[rank0]:[titan] 2026-03-17 10:55:54,327 - root - INFO - [31mstep: 1804  [32mloss:  2.8125  [38;2;180;60;0mgrad_norm:  1.6936  [38;2;54;234;195mmemory: 37.12GiB(46.73%)  [34mtps: 4,585  [36mtflops: 221.21  [35mmfu: 22.37%[39m
[rank0]:[titan] 2026-03-17 10:55:54,771 - root - INFO - [31mstep: 1805  [32mloss:  2.7656  [38;2;180;60;0mgrad_norm:  1.5919  [38;2;54;234;195mmemory: 37.12GiB(46.73%)  [34mtps: 4,613  [36mtflops: 222.59  [35mmfu: 22.51%[39m
[rank0]:[titan] 2026-03-17 10:55:55,219 - root - INFO - [31mstep: 1806  [32mloss:  2.7656  [38;2;180;60;0mgrad_norm:  1.2828  [38;2;54;234;195mmemory: 37.12GiB(46.73%)  [34mtps: 4,575  [36mtflops: 220.73  [35mmfu: 22.32%[39m
[rank0]:[titan] 2026-03-17 10:55:55,666 - root - INFO - [31mstep: 1807  [32mloss:  2.7656  [38;2;180;60;0mgrad_norm:  1.4290  [38;2;54;234;195mmemory: 37.12GiB(46.73%)  [34mtps: 4,592  [36mtflops: 221.58  [35mmfu: 22.40%[39m
[rank0]:[titan] 2026-03-17 10:55:56,108 - root - INFO - [31mstep: 1808  [32mloss:  2.7188  [38;2;180;60;0mgrad_norm:  1.4117  [38;2;54;234;195mmemory: 37.12GiB(46.73%)  [34mtps: 4,636  [36mtflops: 223.71  [35mmfu: 22.62%[39m
[rank0]:[titan] 2026-03-17 10:55:56,556 - root - INFO - [31mstep: 1809  [32mloss:  2.7500  [38;2;180;60;0mgrad_norm:  1.3856  [38;2;54;234;195mmemory: 37.12GiB(46.73%)  [34mtps: 4,589  [36mtflops: 221.43  [35mmfu: 22.39%[39m
[rank0]:[titan] 2026-03-17 10:55:57,010 - root - INFO - [31mstep: 1810  [32mloss:  2.6719  [38;2;180;60;0mgrad_norm:  1.2591  [38;2;54;234;195mmemory: 37.12GiB(46.73%)  [34mtps: 4,510  [36mtflops: 217.63  [35mmfu: 22.01%[39m
[rank0]:[titan] 2026-03-17 10:55:57,456 - root - INFO - [31mstep: 1811  [32mloss:  2.6875  [38;2;180;60;0mgrad_norm:  1.1809  [38;2;54;234;195mmemory: 37.12GiB(46.73%)  [34mtps: 4,596  [36mtflops: 221.76  [35mmfu: 22.42%[39m
[rank0]:[titan] 2026-03-17 10:55:57,901 - root - INFO - [31mstep: 1812  [32mloss:  2.7188  [38;2;180;60;0mgrad_norm:  1.6444  [38;2;54;234;195mmemory: 37.12GiB(46.73%)  [34mtps: 4,615  [36mtflops: 222.67  [35mmfu: 22.51%[39m
[rank0]:[titan] 2026-03-17 10:55:58,351 - root - INFO - [31mstep: 1813  [32mloss:  2.7188  [38;2;180;60;0mgrad_norm:  1.3444  [38;2;54;234;195mmemory: 37.12GiB(46.73%)  [34mtps: 4,555  [36mtflops: 219.77  [35mmfu: 22.22%[39m
[rank0]:[titan] 2026-03-17 10:55:58,795 - root - INFO - [31mstep: 1814  [32mloss:  2.7500  [38;2;180;60;0mgrad_norm:  1.4809  [38;2;54;234;195mmemory: 37.12GiB(46.73%)  [34mtps: 4,616  [36mtflops: 222.74  [35mmfu: 22.52%[39m
[rank0]:[titan] 2026-03-17 10:55:59,249 - root - INFO - [31mstep: 1815  [32mloss:  2.7656  [38;2;180;60;0mgrad_norm:  1.6022  [38;2;54;234;195mmemory: 37.12GiB(46.73%)  [34mtps: 4,518  [36mtflops: 218.00  [35mmfu: 22.04%[39m
[rank0]:[titan] 2026-03-17 10:55:59,697 - root - INFO - [31mstep: 1816  [32mloss:  2.7812  [38;2;180;60;0mgrad_norm:  1.2175  [38;2;54;234;195mmemory: 37.12GiB(46.73%)  [34mtps: 4,578  [36mtflops: 220.92  [35mmfu: 22.34%[39m
[rank0]:[titan] 2026-03-17 10:56:00,155 - root - INFO - [31mstep: 1817  [32mloss:  2.7656  [38;2;180;60;0mgrad_norm:  1.3158  [38;2;54;234;195mmemory: 37.12GiB(46.73%)  [34mtps: 4,470  [36mtflops: 215.68  [35mmfu: 21.81%[39m
[rank0]:[titan] 2026-03-17 10:56:00,604 - root - INFO - [31mstep: 1818  [32mloss:  2.7500  [38;2;180;60;0mgrad_norm:  1.7715  [38;2;54;234;195mmemory: 37.12GiB(46.73%)  [34mtps: 4,569  [36mtflops: 220.47  [35mmfu: 22.29%[39m
[rank0]:[titan] 2026-03-17 10:56:01,049 - root - INFO - [31mstep: 1819  [32mloss:  2.6719  [38;2;180;60;0mgrad_norm:  1.5418  [38;2;54;234;195mmemory: 37.12GiB(46.73%)  [34mtps: 4,612  [36mtflops: 222.53  [35mmfu: 22.50%[39m
[rank0]:[titan] 2026-03-17 10:56:01,497 - root - INFO - [31mstep: 1820  [32mloss:  2.7188  [38;2;180;60;0mgrad_norm:  1.2345  [38;2;54;234;195mmemory: 37.12GiB(46.73%)  [34mtps: 4,576  [36mtflops: 220.79  [35mmfu: 22.32%[39m
[rank0]:[titan] 2026-03-17 10:56:01,945 - root - INFO - [31mstep: 1821  [32mloss:  2.7188  [38;2;180;60;0mgrad_norm:  0.9295  [38;2;54;234;195mmemory: 37.12GiB(46.73%)  [34mtps: 4,571  [36mtflops: 220.54  [35mmfu: 22.30%[39m
[rank0]:[titan] 2026-03-17 10:56:02,391 - root - INFO - [31mstep: 1822  [32mloss:  2.7969  [38;2;180;60;0mgrad_norm:  1.0321  [38;2;54;234;195mmemory: 37.12GiB(46.73%)  [34mtps: 4,599  [36mtflops: 221.89  [35mmfu: 22.44%[39m
[rank0]:[titan] 2026-03-17 10:56:02,836 - root - INFO - [31mstep: 1823  [32mloss:  2.7969  [38;2;180;60;0mgrad_norm:  1.3249  [38;2;54;234;195mmemory: 37.12GiB(46.73%)  [34mtps: 4,605  [36mtflops: 222.19  [35mmfu: 22.47%[39m
[rank0]:[titan] 2026-03-17 10:56:03,285 - root - INFO - [31mstep: 1824  [32mloss:  2.7031  [38;2;180;60;0mgrad_norm:  0.9443  [38;2;54;234;195mmemory: 37.12GiB(46.73%)  [34mtps: 4,566  [36mtflops: 220.32  [35mmfu: 22.28%[39m
[rank0]:[titan] 2026-03-17 10:56:03,731 - root - INFO - [31mstep: 1825  [32mloss:  2.6875  [38;2;180;60;0mgrad_norm:  1.3329  [38;2;54;234;195mmemory: 37.12GiB(46.73%)  [34mtps: 4,597  [36mtflops: 221.79  [35mmfu: 22.43%[39m
[rank0]:[titan] 2026-03-17 10:56:04,190 - root - INFO - [31mstep: 1826  [32mloss:  2.7344  [38;2;180;60;0mgrad_norm:  1.0130  [38;2;54;234;195mmemory: 37.12GiB(46.73%)  [34mtps: 4,537  [36mtflops: 218.89  [35mmfu: 22.13%[39m
[rank0]:[titan] 2026-03-17 10:56:04,642 - root - INFO - [31mstep: 1827  [32mloss:  2.7031  [38;2;180;60;0mgrad_norm:  0.9653  [38;2;54;234;195mmemory: 37.12GiB(46.73%)  [34mtps: 4,568  [36mtflops: 220.43  [35mmfu: 22.29%[39m
[rank0]:[titan] 2026-03-17 10:56:05,088 - root - INFO - [31mstep: 1828  [32mloss:  2.7031  [38;2;180;60;0mgrad_norm:  1.3218  [38;2;54;234;195mmemory: 37.12GiB(46.73%)  [34mtps: 4,590  [36mtflops: 221.48  [35mmfu: 22.39%[39m
[rank0]:[titan] 2026-03-17 10:56:05,542 - root - INFO - [31mstep: 1829  [32mloss:  2.7188  [38;2;180;60;0mgrad_norm:  0.9350  [38;2;54;234;195mmemory: 37.12GiB(46.73%)  [34mtps: 4,521  [36mtflops: 218.17  [35mmfu: 22.06%[39m
[rank0]:[titan] 2026-03-17 10:56:05,986 - root - INFO - [31mstep: 1830  [32mloss:  2.7031  [38;2;180;60;0mgrad_norm:  1.0048  [38;2;54;234;195mmemory: 37.12GiB(46.73%)  [34mtps: 4,619  [36mtflops: 222.88  [35mmfu: 22.54%[39m
[rank0]:[titan] 2026-03-17 10:56:06,433 - root - INFO - [31mstep: 1831  [32mloss:  2.7031  [38;2;180;60;0mgrad_norm:  1.0236  [38;2;54;234;195mmemory: 37.12GiB(46.73%)  [34mtps: 4,588  [36mtflops: 221.37  [35mmfu: 22.38%[39m
[rank0]:[titan] 2026-03-17 10:56:06,879 - root - INFO - [31mstep: 1832  [32mloss:  2.7500  [38;2;180;60;0mgrad_norm:  1.1281  [38;2;54;234;195mmemory: 37.12GiB(46.73%)  [34mtps: 4,600  [36mtflops: 221.95  [35mmfu: 22.44%[39m
[rank0]:[titan] 2026-03-17 10:56:07,545 - root - INFO - [31mstep: 1833  [32mloss:  2.7812  [38;2;180;60;0mgrad_norm:  0.6816  [38;2;54;234;195mmemory: 37.12GiB(46.73%)  [34mtps: 3,073  [36mtflops: 148.29  [35mmfu: 14.99%[39m
[rank0]:[titan] 2026-03-17 10:56:07,996 - root - INFO - [31mstep: 1834  [32mloss:  2.7344  [38;2;180;60;0mgrad_norm:  0.7554  [38;2;54;234;195mmemory: 37.12GiB(46.73%)  [34mtps: 4,552  [36mtflops: 219.64  [35mmfu: 22.21%[39m
[rank0]:[titan] 2026-03-17 10:56:08,441 - root - INFO - [31mstep: 1835  [32mloss:  2.7031  [38;2;180;60;0mgrad_norm:  1.1339  [38;2;54;234;195mmemory: 37.12GiB(46.73%)  [34mtps: 4,610  [36mtflops: 222.46  [35mmfu: 22.49%[39m
[rank0]:[titan] 2026-03-17 10:56:08,891 - root - INFO - [31mstep: 1836  [32mloss:  2.7500  [38;2;180;60;0mgrad_norm:  0.9630  [38;2;54;234;195mmemory: 37.12GiB(46.73%)  [34mtps: 4,554  [36mtflops: 219.72  [35mmfu: 22.22%[39m
[rank0]:[titan] 2026-03-17 10:56:09,548 - root - INFO - [31mstep: 1837  [32mloss:  2.7344  [38;2;180;60;0mgrad_norm:  0.8532  [38;2;54;234;195mmemory: 37.12GiB(46.73%)  [34mtps: 3,121  [36mtflops: 150.60  [35mmfu: 15.23%[39m
[rank0]:[titan] 2026-03-17 10:56:09,993 - root - INFO - [31mstep: 1838  [32mloss:  2.7188  [38;2;180;60;0mgrad_norm:  0.9372  [38;2;54;234;195mmemory: 37.12GiB(46.73%)  [34mtps: 4,611  [36mtflops: 222.46  [35mmfu: 22.49%[39m
[rank0]:[titan] 2026-03-17 10:56:10,437 - root - INFO - [31mstep: 1839  [32mloss:  2.7344  [38;2;180;60;0mgrad_norm:  1.1778  [38;2;54;234;195mmemory: 37.12GiB(46.73%)  [34mtps: 4,611  [36mtflops: 222.46  [35mmfu: 22.49%[39m
[rank0]:[titan] 2026-03-17 10:56:10,882 - root - INFO - [31mstep: 1840  [32mloss:  2.7031  [38;2;180;60;0mgrad_norm:  0.9372  [38;2;54;234;195mmemory: 37.12GiB(46.73%)  [34mtps: 4,612  [36mtflops: 222.52  [35mmfu: 22.50%[39m
[rank0]:[titan] 2026-03-17 10:56:11,577 - root - INFO - [31mstep: 1841  [32mloss:  2.7031  [38;2;180;60;0mgrad_norm:  1.0533  [38;2;54;234;195mmemory: 37.12GiB(46.73%)  [34mtps: 2,951  [36mtflops: 142.41  [35mmfu: 14.40%[39m
[rank0]:[titan] 2026-03-17 10:56:12,034 - root - INFO - [31mstep: 1842  [32mloss:  2.7812  [38;2;180;60;0mgrad_norm:  1.1852  [38;2;54;234;195mmemory: 37.12GiB(46.73%)  [34mtps: 4,485  [36mtflops: 216.40  [35mmfu: 21.88%[39m
[rank0]:[titan] 2026-03-17 10:56:12,481 - root - INFO - [31mstep: 1843  [32mloss:  2.7500  [38;2;180;60;0mgrad_norm:  1.6227  [38;2;54;234;195mmemory: 37.12GiB(46.73%)  [34mtps: 4,590  [36mtflops: 221.47  [35mmfu: 22.39%[39m
[rank0]:[titan] 2026-03-17 10:56:12,926 - root - INFO - [31mstep: 1844  [32mloss:  2.7344  [38;2;180;60;0mgrad_norm:  1.5471  [38;2;54;234;195mmemory: 37.12GiB(46.73%)  [34mtps: 4,606  [36mtflops: 222.26  [35mmfu: 22.47%[39m
[rank0]:[titan] 2026-03-17 10:56:13,372 - root - INFO - [31mstep: 1845  [32mloss:  2.7344  [38;2;180;60;0mgrad_norm:  0.9415  [38;2;54;234;195mmemory: 37.12GiB(46.73%)  [34mtps: 4,594  [36mtflops: 221.65  [35mmfu: 22.41%[39m
[rank0]:[titan] 2026-03-17 10:56:13,825 - root - INFO - [31mstep: 1846  [32mloss:  2.7188  [38;2;180;60;0mgrad_norm:  0.9487  [38;2;54;234;195mmemory: 37.12GiB(46.73%)  [34mtps: 4,535  [36mtflops: 218.82  [35mmfu: 22.13%[39m
[rank0]:[titan] 2026-03-17 10:56:14,272 - root - INFO - [31mstep: 1847  [32mloss:  2.7188  [38;2;180;60;0mgrad_norm:  1.0829  [38;2;54;234;195mmemory: 37.12GiB(46.73%)  [34mtps: 4,586  [36mtflops: 221.28  [35mmfu: 22.37%[39m
[rank0]:[titan] 2026-03-17 10:56:14,719 - root - INFO - [31mstep: 1848  [32mloss:  2.6719  [38;2;180;60;0mgrad_norm:  1.0650  [38;2;54;234;195mmemory: 37.12GiB(46.73%)  [34mtps: 4,585  [36mtflops: 221.23  [35mmfu: 22.37%[39m
[rank0]:[titan] 2026-03-17 10:56:15,165 - root - INFO - [31mstep: 1849  [32mloss:  2.6875  [38;2;180;60;0mgrad_norm:  0.9767  [38;2;54;234;195mmemory: 37.12GiB(46.73%)  [34mtps: 4,593  [36mtflops: 221.60  [35mmfu: 22.41%[39m
[rank0]:[titan] 2026-03-17 10:56:15,610 - root - INFO - [31mstep: 1850  [32mloss:  2.6719  [38;2;180;60;0mgrad_norm:  1.1161  [38;2;54;234;195mmemory: 37.12GiB(46.73%)  [34mtps: 4,610  [36mtflops: 222.43  [35mmfu: 22.49%[39m
[rank0]:[titan] 2026-03-17 10:56:16,057 - root - INFO - [31mstep: 1851  [32mloss:  2.7812  [38;2;180;60;0mgrad_norm:  1.1785  [38;2;54;234;195mmemory: 37.12GiB(46.73%)  [34mtps: 4,587  [36mtflops: 221.32  [35mmfu: 22.38%[39m
[rank0]:[titan] 2026-03-17 10:56:16,505 - root - INFO - [31mstep: 1852  [32mloss:  2.7969  [38;2;180;60;0mgrad_norm:  1.0287  [38;2;54;234;195mmemory: 37.12GiB(46.73%)  [34mtps: 4,580  [36mtflops: 221.00  [35mmfu: 22.35%[39m
[rank0]:[titan] 2026-03-17 10:56:16,948 - root - INFO - [31mstep: 1853  [32mloss:  2.6719  [38;2;180;60;0mgrad_norm:  1.4619  [38;2;54;234;195mmemory: 37.12GiB(46.73%)  [34mtps: 4,621  [36mtflops: 222.97  [35mmfu: 22.55%[39m
[rank0]:[titan] 2026-03-17 10:56:17,394 - root - INFO - [31mstep: 1854  [32mloss:  2.7031  [38;2;180;60;0mgrad_norm:  1.4947  [38;2;54;234;195mmemory: 37.12GiB(46.73%)  [34mtps: 4,605  [36mtflops: 222.20  [35mmfu: 22.47%[39m
[rank0]:[titan] 2026-03-17 10:56:17,842 - root - INFO - [31mstep: 1855  [32mloss:  2.7500  [38;2;180;60;0mgrad_norm:  1.0341  [38;2;54;234;195mmemory: 37.12GiB(46.73%)  [34mtps: 4,567  [36mtflops: 220.38  [35mmfu: 22.28%[39m
[rank0]:[titan] 2026-03-17 10:56:18,301 - root - INFO - [31mstep: 1856  [32mloss:  2.7188  [38;2;180;60;0mgrad_norm:  0.9691  [38;2;54;234;195mmemory: 37.12GiB(46.73%)  [34mtps: 4,470  [36mtflops: 215.69  [35mmfu: 21.81%[39m
[rank0]:[titan] 2026-03-17 10:56:18,752 - root - INFO - [31mstep: 1857  [32mloss:  2.6875  [38;2;180;60;0mgrad_norm:  1.2997  [38;2;54;234;195mmemory: 37.12GiB(46.73%)  [34mtps: 4,547  [36mtflops: 219.38  [35mmfu: 22.18%[39m
[rank0]:[titan] 2026-03-17 10:56:19,198 - root - INFO - [31mstep: 1858  [32mloss:  2.7344  [38;2;180;60;0mgrad_norm:  1.4409  [38;2;54;234;195mmemory: 37.12GiB(46.73%)  [34mtps: 4,595  [36mtflops: 221.69  [35mmfu: 22.42%[39m
[rank0]:[titan] 2026-03-17 10:56:19,649 - root - INFO - [31mstep: 1859  [32mloss:  2.7500  [38;2;180;60;0mgrad_norm:  1.2705  [38;2;54;234;195mmemory: 37.12GiB(46.73%)  [34mtps: 4,547  [36mtflops: 219.41  [35mmfu: 22.18%[39m
[rank0]:[titan] 2026-03-17 10:56:20,096 - root - INFO - [31mstep: 1860  [32mloss:  2.6562  [38;2;180;60;0mgrad_norm:  1.1500  [38;2;54;234;195mmemory: 37.12GiB(46.73%)  [34mtps: 4,595  [36mtflops: 221.71  [35mmfu: 22.42%[39m
[rank0]:[titan] 2026-03-17 10:56:20,542 - root - INFO - [31mstep: 1861  [32mloss:  2.6719  [38;2;180;60;0mgrad_norm:  1.2346  [38;2;54;234;195mmemory: 37.12GiB(46.73%)  [34mtps: 4,597  [36mtflops: 221.83  [35mmfu: 22.43%[39m
[rank0]:[titan] 2026-03-17 10:56:20,988 - root - INFO - [31mstep: 1862  [32mloss:  2.6875  [38;2;180;60;0mgrad_norm:  0.8280  [38;2;54;234;195mmemory: 37.12GiB(46.73%)  [34mtps: 4,588  [36mtflops: 221.36  [35mmfu: 22.38%[39m
[rank0]:[titan] 2026-03-17 10:56:21,445 - root - INFO - [31mstep: 1863  [32mloss:  2.7344  [38;2;180;60;0mgrad_norm:  1.1423  [38;2;54;234;195mmemory: 37.12GiB(46.73%)  [34mtps: 4,495  [36mtflops: 216.90  [35mmfu: 21.93%[39m
[rank0]:[titan] 2026-03-17 10:56:21,891 - root - INFO - [31mstep: 1864  [32mloss:  2.7812  [38;2;180;60;0mgrad_norm:  0.8514  [38;2;54;234;195mmemory: 37.12GiB(46.73%)  [34mtps: 4,595  [36mtflops: 221.70  [35mmfu: 22.42%[39m
[rank0]:[titan] 2026-03-17 10:56:22,339 - root - INFO - [31mstep: 1865  [32mloss:  2.7969  [38;2;180;60;0mgrad_norm:  1.2057  [38;2;54;234;195mmemory: 37.12GiB(46.73%)  [34mtps: 4,580  [36mtflops: 220.99  [35mmfu: 22.34%[39m
[rank0]:[titan] 2026-03-17 10:56:22,795 - root - INFO - [31mstep: 1866  [32mloss:  2.8438  [38;2;180;60;0mgrad_norm:  1.0573  [38;2;54;234;195mmemory: 37.12GiB(46.73%)  [34mtps: 4,497  [36mtflops: 217.00  [35mmfu: 21.94%[39m
[rank0]:[titan] 2026-03-17 10:56:23,241 - root - INFO - [31mstep: 1867  [32mloss:  2.7500  [38;2;180;60;0mgrad_norm:  1.2869  [38;2;54;234;195mmemory: 37.12GiB(46.73%)  [34mtps: 4,596  [36mtflops: 221.74  [35mmfu: 22.42%[39m
[rank0]:[titan] 2026-03-17 10:56:23,686 - root - INFO - [31mstep: 1868  [32mloss:  2.7969  [38;2;180;60;0mgrad_norm:  1.1069  [38;2;54;234;195mmemory: 37.12GiB(46.73%)  [34mtps: 4,609  [36mtflops: 222.41  [35mmfu: 22.49%[39m
[rank0]:[titan] 2026-03-17 10:56:24,137 - root - INFO - [31mstep: 1869  [32mloss:  2.7656  [38;2;180;60;0mgrad_norm:  1.0155  [38;2;54;234;195mmemory: 37.12GiB(46.73%)  [34mtps: 4,547  [36mtflops: 219.38  [35mmfu: 22.18%[39m
[rank0]:[titan] 2026-03-17 10:56:24,585 - root - INFO - [31mstep: 1870  [32mloss:  2.7344  [38;2;180;60;0mgrad_norm:  1.3314  [38;2;54;234;195mmemory: 37.12GiB(46.73%)  [34mtps: 4,572  [36mtflops: 220.62  [35mmfu: 22.31%[39m
[rank0]:[titan] 2026-03-17 10:56:25,042 - root - INFO - [31mstep: 1871  [32mloss:  2.7344  [38;2;180;60;0mgrad_norm:  1.2999  [38;2;54;234;195mmemory: 37.12GiB(46.73%)  [34mtps: 4,488  [36mtflops: 216.56  [35mmfu: 21.90%[39m
[rank0]:[titan] 2026-03-17 10:56:25,500 - root - INFO - [31mstep: 1872  [32mloss:  2.7344  [38;2;180;60;0mgrad_norm:  1.2035  [38;2;54;234;195mmemory: 37.12GiB(46.73%)  [34mtps: 4,481  [36mtflops: 216.19  [35mmfu: 21.86%[39m
[rank0]:[titan] 2026-03-17 10:56:25,948 - root - INFO - [31mstep: 1873  [32mloss:  2.7188  [38;2;180;60;0mgrad_norm:  1.4112  [38;2;54;234;195mmemory: 37.12GiB(46.73%)  [34mtps: 4,580  [36mtflops: 220.97  [35mmfu: 22.34%[39m
[rank0]:[titan] 2026-03-17 10:56:26,392 - root - INFO - [31mstep: 1874  [32mloss:  2.6875  [38;2;180;60;0mgrad_norm:  1.4666  [38;2;54;234;195mmemory: 37.12GiB(46.73%)  [34mtps: 4,613  [36mtflops: 222.57  [35mmfu: 22.50%[39m
[rank0]:[titan] 2026-03-17 10:56:26,837 - root - INFO - [31mstep: 1875  [32mloss:  2.7500  [38;2;180;60;0mgrad_norm:  1.0677  [38;2;54;234;195mmemory: 37.12GiB(46.73%)  [34mtps: 4,608  [36mtflops: 222.33  [35mmfu: 22.48%[39m
[rank0]:[titan] 2026-03-17 10:56:27,303 - root - INFO - [31mstep: 1876  [32mloss:  2.7344  [38;2;180;60;0mgrad_norm:  1.5256  [38;2;54;234;195mmemory: 37.12GiB(46.73%)  [34mtps: 4,404  [36mtflops: 212.49  [35mmfu: 21.49%[39m
[rank0]:[titan] 2026-03-17 10:56:27,748 - root - INFO - [31mstep: 1877  [32mloss:  2.7500  [38;2;180;60;0mgrad_norm:  1.4250  [38;2;54;234;195mmemory: 37.12GiB(46.73%)  [34mtps: 4,598  [36mtflops: 221.88  [35mmfu: 22.43%[39m
[rank0]:[titan] 2026-03-17 10:56:28,194 - root - INFO - [31mstep: 1878  [32mloss:  2.7031  [38;2;180;60;0mgrad_norm:  1.0536  [38;2;54;234;195mmemory: 37.12GiB(46.73%)  [34mtps: 4,606  [36mtflops: 222.22  [35mmfu: 22.47%[39m
[rank0]:[titan] 2026-03-17 10:56:28,652 - root - INFO - [31mstep: 1879  [32mloss:  2.7188  [38;2;180;60;0mgrad_norm:  1.2276  [38;2;54;234;195mmemory: 37.12GiB(46.73%)  [34mtps: 4,472  [36mtflops: 215.75  [35mmfu: 21.82%[39m
[rank0]:[titan] 2026-03-17 10:56:29,098 - root - INFO - [31mstep: 1880  [32mloss:  2.6875  [38;2;180;60;0mgrad_norm:  0.8399  [38;2;54;234;195mmemory: 37.12GiB(46.73%)  [34mtps: 4,598  [36mtflops: 221.84  [35mmfu: 22.43%[39m
[rank0]:[titan] 2026-03-17 10:56:29,544 - root - INFO - [31mstep: 1881  [32mloss:  2.6406  [38;2;180;60;0mgrad_norm:  1.0425  [38;2;54;234;195mmemory: 37.12GiB(46.73%)  [34mtps: 4,602  [36mtflops: 222.03  [35mmfu: 22.45%[39m
[rank0]:[titan] 2026-03-17 10:56:29,990 - root - INFO - [31mstep: 1882  [32mloss:  2.6875  [38;2;180;60;0mgrad_norm:  1.0765  [38;2;54;234;195mmemory: 37.12GiB(46.73%)  [34mtps: 4,594  [36mtflops: 221.68  [35mmfu: 22.41%[39m
[rank0]:[titan] 2026-03-17 10:56:30,443 - root - INFO - [31mstep: 1883  [32mloss:  2.7656  [38;2;180;60;0mgrad_norm:  0.9760  [38;2;54;234;195mmemory: 37.12GiB(46.73%)  [34mtps: 4,532  [36mtflops: 218.66  [35mmfu: 22.11%[39m
[rank0]:[titan] 2026-03-17 10:56:30,894 - root - INFO - [31mstep: 1884  [32mloss:  2.8281  [38;2;180;60;0mgrad_norm:  1.3601  [38;2;54;234;195mmemory: 37.12GiB(46.73%)  [34mtps: 4,545  [36mtflops: 219.32  [35mmfu: 22.18%[39m
[rank0]:[titan] 2026-03-17 10:56:31,342 - root - INFO - [31mstep: 1885  [32mloss:  2.7812  [38;2;180;60;0mgrad_norm:  1.6714  [38;2;54;234;195mmemory: 37.12GiB(46.73%)  [34mtps: 4,574  [36mtflops: 220.71  [35mmfu: 22.32%[39m
[rank0]:[titan] 2026-03-17 10:56:31,786 - root - INFO - [31mstep: 1886  [32mloss:  2.7500  [38;2;180;60;0mgrad_norm:  1.3368  [38;2;54;234;195mmemory: 37.12GiB(46.73%)  [34mtps: 4,616  [36mtflops: 222.74  [35mmfu: 22.52%[39m
[rank0]:[titan] 2026-03-17 10:56:32,235 - root - INFO - [31mstep: 1887  [32mloss:  2.7656  [38;2;180;60;0mgrad_norm:  0.8070  [38;2;54;234;195mmemory: 37.12GiB(46.73%)  [34mtps: 4,569  [36mtflops: 220.45  [35mmfu: 22.29%[39m
[rank0]:[titan] 2026-03-17 10:56:32,688 - root - INFO - [31mstep: 1888  [32mloss:  2.7188  [38;2;180;60;0mgrad_norm:  1.4475  [38;2;54;234;195mmemory: 37.12GiB(46.73%)  [34mtps: 4,527  [36mtflops: 218.42  [35mmfu: 22.08%[39m
[rank0]:[titan] 2026-03-17 10:56:33,137 - root - INFO - [31mstep: 1889  [32mloss:  2.7344  [38;2;180;60;0mgrad_norm:  1.8379  [38;2;54;234;195mmemory: 37.12GiB(46.73%)  [34mtps: 4,572  [36mtflops: 220.62  [35mmfu: 22.31%[39m
[rank0]:[titan] 2026-03-17 10:56:33,584 - root - INFO - [31mstep: 1890  [32mloss:  2.6562  [38;2;180;60;0mgrad_norm:  1.3136  [38;2;54;234;195mmemory: 37.12GiB(46.73%)  [34mtps: 4,582  [36mtflops: 221.08  [35mmfu: 22.35%[39m
[rank0]:[titan] 2026-03-17 10:56:34,030 - root - INFO - [31mstep: 1891  [32mloss:  2.6562  [38;2;180;60;0mgrad_norm:  1.3325  [38;2;54;234;195mmemory: 37.12GiB(46.73%)  [34mtps: 4,598  [36mtflops: 221.85  [35mmfu: 22.43%[39m
[rank0]:[titan] 2026-03-17 10:56:34,478 - root - INFO - [31mstep: 1892  [32mloss:  2.6875  [38;2;180;60;0mgrad_norm:  1.0030  [38;2;54;234;195mmemory: 37.12GiB(46.73%)  [34mtps: 4,578  [36mtflops: 220.87  [35mmfu: 22.33%[39m
[rank0]:[titan] 2026-03-17 10:56:34,929 - root - INFO - [31mstep: 1893  [32mloss:  2.7031  [38;2;180;60;0mgrad_norm:  1.3417  [38;2;54;234;195mmemory: 37.12GiB(46.73%)  [34mtps: 4,564  [36mtflops: 220.22  [35mmfu: 22.27%[39m
[rank0]:[titan] 2026-03-17 10:56:35,379 - root - INFO - [31mstep: 1894  [32mloss:  2.7031  [38;2;180;60;0mgrad_norm:  1.4413  [38;2;54;234;195mmemory: 37.12GiB(46.73%)  [34mtps: 4,558  [36mtflops: 219.90  [35mmfu: 22.23%[39m
[rank0]:[titan] 2026-03-17 10:56:35,827 - root - INFO - [31mstep: 1895  [32mloss:  2.6562  [38;2;180;60;0mgrad_norm:  1.5074  [38;2;54;234;195mmemory: 37.12GiB(46.73%)  [34mtps: 4,583  [36mtflops: 221.12  [35mmfu: 22.36%[39m
[rank0]:[titan] 2026-03-17 10:56:36,273 - root - INFO - [31mstep: 1896  [32mloss:  2.6406  [38;2;180;60;0mgrad_norm:  0.7651  [38;2;54;234;195mmemory: 37.12GiB(46.73%)  [34mtps: 4,596  [36mtflops: 221.77  [35mmfu: 22.42%[39m
[rank0]:[titan] 2026-03-17 10:56:36,722 - root - INFO - [31mstep: 1897  [32mloss:  2.6250  [38;2;180;60;0mgrad_norm:  1.0497  [38;2;54;234;195mmemory: 37.12GiB(46.73%)  [34mtps: 4,568  [36mtflops: 220.42  [35mmfu: 22.29%[39m
[rank0]:[titan] 2026-03-17 10:56:37,176 - root - INFO - [31mstep: 1898  [32mloss:  2.7344  [38;2;180;60;0mgrad_norm:  1.4265  [38;2;54;234;195mmemory: 37.12GiB(46.73%)  [34mtps: 4,515  [36mtflops: 217.85  [35mmfu: 22.03%[39m
[rank0]:[titan] 2026-03-17 10:56:37,627 - root - INFO - [31mstep: 1899  [32mloss:  2.6562  [38;2;180;60;0mgrad_norm:  1.2452  [38;2;54;234;195mmemory: 37.12GiB(46.73%)  [34mtps: 4,551  [36mtflops: 219.59  [35mmfu: 22.20%[39m
[rank0]:[titan] 2026-03-17 10:56:38,079 - root - INFO - [31mstep: 1900  [32mloss:  2.6719  [38;2;180;60;0mgrad_norm:  0.8237  [38;2;54;234;195mmemory: 37.12GiB(46.73%)  [34mtps: 4,533  [36mtflops: 218.73  [35mmfu: 22.12%[39m
[rank0]:[titan] 2026-03-17 10:56:38,524 - root - INFO - [31mstep: 1901  [32mloss:  2.7188  [38;2;180;60;0mgrad_norm:  0.9802  [38;2;54;234;195mmemory: 37.12GiB(46.73%)  [34mtps: 4,613  [36mtflops: 222.58  [35mmfu: 22.51%[39m
[rank0]:[titan] 2026-03-17 10:56:38,972 - root - INFO - [31mstep: 1902  [32mloss:  2.7344  [38;2;180;60;0mgrad_norm:  1.0901  [38;2;54;234;195mmemory: 37.12GiB(46.73%)  [34mtps: 4,578  [36mtflops: 220.88  [35mmfu: 22.33%[39m
[rank0]:[titan] 2026-03-17 10:56:38,973 - root - WARNING - Dataset c4_test is being re-looped
[rank0]:[titan] 2026-03-17 10:56:39,417 - root - INFO - [31mstep: 1903  [32mloss:  2.7031  [38;2;180;60;0mgrad_norm:  1.3877  [38;2;54;234;195mmemory: 37.12GiB(46.73%)  [34mtps: 4,605  [36mtflops: 222.21  [35mmfu: 22.47%[39m
[rank0]:[titan] 2026-03-17 10:56:39,869 - root - INFO - [31mstep: 1904  [32mloss:  2.7188  [38;2;180;60;0mgrad_norm:  0.9612  [38;2;54;234;195mmemory: 37.12GiB(46.73%)  [34mtps: 4,539  [36mtflops: 219.00  [35mmfu: 22.14%[39m
[rank0]:[titan] 2026-03-17 10:56:40,319 - root - INFO - [31mstep: 1905  [32mloss:  2.7344  [38;2;180;60;0mgrad_norm:  0.9118  [38;2;54;234;195mmemory: 37.12GiB(46.73%)  [34mtps: 4,559  [36mtflops: 219.99  [35mmfu: 22.24%[39m
[rank0]:[titan] 2026-03-17 10:56:40,767 - root - INFO - [31mstep: 1906  [32mloss:  2.7656  [38;2;180;60;0mgrad_norm:  1.1644  [38;2;54;234;195mmemory: 37.12GiB(46.73%)  [34mtps: 4,568  [36mtflops: 220.41  [35mmfu: 22.29%[39m
[rank0]:[titan] 2026-03-17 10:56:41,212 - root - INFO - [31mstep: 1907  [32mloss:  2.7188  [38;2;180;60;0mgrad_norm:  0.9685  [38;2;54;234;195mmemory: 37.12GiB(46.73%)  [34mtps: 4,608  [36mtflops: 222.34  [35mmfu: 22.48%[39m
[rank0]:[titan] 2026-03-17 10:56:41,668 - root - INFO - [31mstep: 1908  [32mloss:  2.7188  [38;2;180;60;0mgrad_norm:  1.3177  [38;2;54;234;195mmemory: 37.12GiB(46.73%)  [34mtps: 4,506  [36mtflops: 217.41  [35mmfu: 21.98%[39m
[rank0]:[titan] 2026-03-17 10:56:42,114 - root - INFO - [31mstep: 1909  [32mloss:  2.6562  [38;2;180;60;0mgrad_norm:  1.0757  [38;2;54;234;195mmemory: 37.12GiB(46.73%)  [34mtps: 4,590  [36mtflops: 221.48  [35mmfu: 22.39%[39m
[rank0]:[titan] 2026-03-17 10:56:42,556 - root - INFO - [31mstep: 1910  [32mloss:  2.6875  [38;2;180;60;0mgrad_norm:  1.0228  [38;2;54;234;195mmemory: 37.12GiB(46.73%)  [34mtps: 4,640  [36mtflops: 223.89  [35mmfu: 22.64%[39m
[rank0]:[titan] 2026-03-17 10:56:43,002 - root - INFO - [31mstep: 1911  [32mloss:  2.7031  [38;2;180;60;0mgrad_norm:  1.1888  [38;2;54;234;195mmemory: 37.12GiB(46.73%)  [34mtps: 4,601  [36mtflops: 222.01  [35mmfu: 22.45%[39m
[rank0]:[titan] 2026-03-17 10:56:43,456 - root - INFO - [31mstep: 1912  [32mloss:  2.6562  [38;2;180;60;0mgrad_norm:  1.0737  [38;2;54;234;195mmemory: 37.12GiB(46.73%)  [34mtps: 4,512  [36mtflops: 217.71  [35mmfu: 22.01%[39m
[rank0]:[titan] 2026-03-17 10:56:43,910 - root - INFO - [31mstep: 1913  [32mloss:  2.6562  [38;2;180;60;0mgrad_norm:  0.7081  [38;2;54;234;195mmemory: 37.12GiB(46.73%)  [34mtps: 4,525  [36mtflops: 218.34  [35mmfu: 22.08%[39m
[rank0]:[titan] 2026-03-17 10:56:44,356 - root - INFO - [31mstep: 1914  [32mloss:  2.7188  [38;2;180;60;0mgrad_norm:  1.0371  [38;2;54;234;195mmemory: 37.12GiB(46.73%)  [34mtps: 4,594  [36mtflops: 221.66  [35mmfu: 22.41%[39m
[rank0]:[titan] 2026-03-17 10:56:44,800 - root - INFO - [31mstep: 1915  [32mloss:  2.7344  [38;2;180;60;0mgrad_norm:  0.9387  [38;2;54;234;195mmemory: 37.12GiB(46.73%)  [34mtps: 4,617  [36mtflops: 222.77  [35mmfu: 22.53%[39m
[rank0]:[titan] 2026-03-17 10:56:45,247 - root - INFO - [31mstep: 1916  [32mloss:  2.7656  [38;2;180;60;0mgrad_norm:  0.9384  [38;2;54;234;195mmemory: 37.12GiB(46.73%)  [34mtps: 4,589  [36mtflops: 221.42  [35mmfu: 22.39%[39m
[rank0]:[titan] 2026-03-17 10:56:45,689 - root - INFO - [31mstep: 1917  [32mloss:  2.7344  [38;2;180;60;0mgrad_norm:  1.0102  [38;2;54;234;195mmemory: 37.12GiB(46.73%)  [34mtps: 4,634  [36mtflops: 223.58  [35mmfu: 22.61%[39m
[rank0]:[titan] 2026-03-17 10:56:46,137 - root - INFO - [31mstep: 1918  [32mloss:  2.7031  [38;2;180;60;0mgrad_norm:  0.6242  [38;2;54;234;195mmemory: 37.12GiB(46.73%)  [34mtps: 4,578  [36mtflops: 220.87  [35mmfu: 22.33%[39m
[rank0]:[titan] 2026-03-17 10:56:46,584 - root - INFO - [31mstep: 1919  [32mloss:  2.6719  [38;2;180;60;0mgrad_norm:  0.8472  [38;2;54;234;195mmemory: 37.12GiB(46.73%)  [34mtps: 4,597  [36mtflops: 221.83  [35mmfu: 22.43%[39m
[rank0]:[titan] 2026-03-17 10:56:47,028 - root - INFO - [31mstep: 1920  [32mloss:  2.7188  [38;2;180;60;0mgrad_norm:  0.8951  [38;2;54;234;195mmemory: 37.12GiB(46.73%)  [34mtps: 4,612  [36mtflops: 222.54  [35mmfu: 22.50%[39m
[rank0]:[titan] 2026-03-17 10:56:47,474 - root - INFO - [31mstep: 1921  [32mloss:  2.7344  [38;2;180;60;0mgrad_norm:  0.9712  [38;2;54;234;195mmemory: 37.12GiB(46.73%)  [34mtps: 4,603  [36mtflops: 222.12  [35mmfu: 22.46%[39m
[rank0]:[titan] 2026-03-17 10:56:47,919 - root - INFO - [31mstep: 1922  [32mloss:  2.7188  [38;2;180;60;0mgrad_norm:  0.9198  [38;2;54;234;195mmemory: 37.12GiB(46.73%)  [34mtps: 4,606  [36mtflops: 222.23  [35mmfu: 22.47%[39m
[rank0]:[titan] 2026-03-17 10:56:48,367 - root - INFO - [31mstep: 1923  [32mloss:  2.7031  [38;2;180;60;0mgrad_norm:  0.7696  [38;2;54;234;195mmemory: 37.12GiB(46.73%)  [34mtps: 4,576  [36mtflops: 220.78  [35mmfu: 22.32%[39m
[rank0]:[titan] 2026-03-17 10:56:48,813 - root - INFO - [31mstep: 1924  [32mloss:  2.7031  [38;2;180;60;0mgrad_norm:  0.9939  [38;2;54;234;195mmemory: 37.12GiB(46.73%)  [34mtps: 4,598  [36mtflops: 221.88  [35mmfu: 22.43%[39m
[rank0]:[titan] 2026-03-17 10:56:49,260 - root - INFO - [31mstep: 1925  [32mloss:  2.6562  [38;2;180;60;0mgrad_norm:  1.2554  [38;2;54;234;195mmemory: 37.12GiB(46.73%)  [34mtps: 4,585  [36mtflops: 221.25  [35mmfu: 22.37%[39m
[rank0]:[titan] 2026-03-17 10:56:49,707 - root - INFO - [31mstep: 1926  [32mloss:  2.6094  [38;2;180;60;0mgrad_norm:  0.9206  [38;2;54;234;195mmemory: 37.12GiB(46.73%)  [34mtps: 4,593  [36mtflops: 221.60  [35mmfu: 22.41%[39m
[rank0]:[titan] 2026-03-17 10:56:50,153 - root - INFO - [31mstep: 1927  [32mloss:  2.7344  [38;2;180;60;0mgrad_norm:  1.0216  [38;2;54;234;195mmemory: 37.12GiB(46.73%)  [34mtps: 4,591  [36mtflops: 221.50  [35mmfu: 22.40%[39m
[rank0]:[titan] 2026-03-17 10:56:50,602 - root - INFO - [31mstep: 1928  [32mloss:  2.7812  [38;2;180;60;0mgrad_norm:  0.9871  [38;2;54;234;195mmemory: 37.12GiB(46.73%)  [34mtps: 4,570  [36mtflops: 220.53  [35mmfu: 22.30%[39m
[rank0]:[titan] 2026-03-17 10:56:51,048 - root - INFO - [31mstep: 1929  [32mloss:  2.7344  [38;2;180;60;0mgrad_norm:  1.2174  [38;2;54;234;195mmemory: 37.12GiB(46.73%)  [34mtps: 4,596  [36mtflops: 221.77  [35mmfu: 22.42%[39m
[rank0]:[titan] 2026-03-17 10:56:51,494 - root - INFO - [31mstep: 1930  [32mloss:  2.6875  [38;2;180;60;0mgrad_norm:  1.1418  [38;2;54;234;195mmemory: 37.12GiB(46.73%)  [34mtps: 4,596  [36mtflops: 221.76  [35mmfu: 22.42%[39m
[rank0]:[titan] 2026-03-17 10:56:51,941 - root - INFO - [31mstep: 1931  [32mloss:  2.6875  [38;2;180;60;0mgrad_norm:  1.2442  [38;2;54;234;195mmemory: 37.12GiB(46.73%)  [34mtps: 4,590  [36mtflops: 221.46  [35mmfu: 22.39%[39m
[rank0]:[titan] 2026-03-17 10:56:52,401 - root - INFO - [31mstep: 1932  [32mloss:  2.7188  [38;2;180;60;0mgrad_norm:  1.1422  [38;2;54;234;195mmemory: 37.12GiB(46.73%)  [34mtps: 4,462  [36mtflops: 215.32  [35mmfu: 21.77%[39m
[rank0]:[titan] 2026-03-17 10:56:52,845 - root - INFO - [31mstep: 1933  [32mloss:  2.7031  [38;2;180;60;0mgrad_norm:  0.9688  [38;2;54;234;195mmemory: 37.12GiB(46.73%)  [34mtps: 4,609  [36mtflops: 222.38  [35mmfu: 22.49%[39m
[rank0]:[titan] 2026-03-17 10:56:53,293 - root - INFO - [31mstep: 1934  [32mloss:  2.7188  [38;2;180;60;0mgrad_norm:  1.3822  [38;2;54;234;195mmemory: 37.12GiB(46.73%)  [34mtps: 4,579  [36mtflops: 220.93  [35mmfu: 22.34%[39m
[rank0]:[titan] 2026-03-17 10:56:53,737 - root - INFO - [31mstep: 1935  [32mloss:  2.7500  [38;2;180;60;0mgrad_norm:  1.6405  [38;2;54;234;195mmemory: 37.12GiB(46.73%)  [34mtps: 4,620  [36mtflops: 222.92  [35mmfu: 22.54%[39m
[rank0]:[titan] 2026-03-17 10:56:54,185 - root - INFO - [31mstep: 1936  [32mloss:  2.7500  [38;2;180;60;0mgrad_norm:  1.3288  [38;2;54;234;195mmemory: 37.12GiB(46.73%)  [34mtps: 4,582  [36mtflops: 221.10  [35mmfu: 22.36%[39m
[rank0]:[titan] 2026-03-17 10:56:54,629 - root - INFO - [31mstep: 1937  [32mloss:  2.7344  [38;2;180;60;0mgrad_norm:  1.4822  [38;2;54;234;195mmemory: 37.12GiB(46.73%)  [34mtps: 4,620  [36mtflops: 222.92  [35mmfu: 22.54%[39m
[rank0]:[titan] 2026-03-17 10:56:55,074 - root - INFO - [31mstep: 1938  [32mloss:  2.6875  [38;2;180;60;0mgrad_norm:  1.1220  [38;2;54;234;195mmemory: 37.12GiB(46.73%)  [34mtps: 4,605  [36mtflops: 222.19  [35mmfu: 22.47%[39m
[rank0]:[titan] 2026-03-17 10:56:55,519 - root - INFO - [31mstep: 1939  [32mloss:  2.7031  [38;2;180;60;0mgrad_norm:  0.9442  [38;2;54;234;195mmemory: 37.12GiB(46.73%)  [34mtps: 4,610  [36mtflops: 222.43  [35mmfu: 22.49%[39m
[rank0]:[titan] 2026-03-17 10:56:55,969 - root - INFO - [31mstep: 1940  [32mloss:  2.6719  [38;2;180;60;0mgrad_norm:  1.0821  [38;2;54;234;195mmemory: 37.12GiB(46.73%)  [34mtps: 4,559  [36mtflops: 220.00  [35mmfu: 22.24%[39m
[rank0]:[titan] 2026-03-17 10:56:56,414 - root - INFO - [31mstep: 1941  [32mloss:  2.6875  [38;2;180;60;0mgrad_norm:  1.3569  [38;2;54;234;195mmemory: 37.12GiB(46.73%)  [34mtps: 4,602  [36mtflops: 222.04  [35mmfu: 22.45%[39m
[rank0]:[titan] 2026-03-17 10:56:56,861 - root - INFO - [31mstep: 1942  [32mloss:  2.7500  [38;2;180;60;0mgrad_norm:  1.1457  [38;2;54;234;195mmemory: 37.12GiB(46.73%)  [34mtps: 4,593  [36mtflops: 221.63  [35mmfu: 22.41%[39m
[rank0]:[titan] 2026-03-17 10:56:57,311 - root - INFO - [31mstep: 1943  [32mloss:  2.7188  [38;2;180;60;0mgrad_norm:  1.0866  [38;2;54;234;195mmemory: 37.12GiB(46.73%)  [34mtps: 4,551  [36mtflops: 219.59  [35mmfu: 22.20%[39m
[rank0]:[titan] 2026-03-17 10:56:57,757 - root - INFO - [31mstep: 1944  [32mloss:  2.7500  [38;2;180;60;0mgrad_norm:  1.3491  [38;2;54;234;195mmemory: 37.12GiB(46.73%)  [34mtps: 4,596  [36mtflops: 221.74  [35mmfu: 22.42%[39m
[rank0]:[titan] 2026-03-17 10:56:58,214 - root - INFO - [31mstep: 1945  [32mloss:  2.7500  [38;2;180;60;0mgrad_norm:  1.3409  [38;2;54;234;195mmemory: 37.12GiB(46.73%)  [34mtps: 4,486  [36mtflops: 216.47  [35mmfu: 21.89%[39m
[rank0]:[titan] 2026-03-17 10:56:58,676 - root - INFO - [31mstep: 1946  [32mloss:  2.7188  [38;2;180;60;0mgrad_norm:  1.4478  [38;2;54;234;195mmemory: 37.12GiB(46.73%)  [34mtps: 4,443  [36mtflops: 214.37  [35mmfu: 21.68%[39m
[rank0]:[titan] 2026-03-17 10:56:59,123 - root - INFO - [31mstep: 1947  [32mloss:  2.7500  [38;2;180;60;0mgrad_norm:  1.1021  [38;2;54;234;195mmemory: 37.12GiB(46.73%)  [34mtps: 4,591  [36mtflops: 221.52  [35mmfu: 22.40%[39m
[rank0]:[titan] 2026-03-17 10:56:59,569 - root - INFO - [31mstep: 1948  [32mloss:  2.6875  [38;2;180;60;0mgrad_norm:  0.9595  [38;2;54;234;195mmemory: 37.12GiB(46.73%)  [34mtps: 4,594  [36mtflops: 221.65  [35mmfu: 22.41%[39m
[rank0]:[titan] 2026-03-17 10:57:00,014 - root - INFO - [31mstep: 1949  [32mloss:  2.7500  [38;2;180;60;0mgrad_norm:  1.1458  [38;2;54;234;195mmemory: 37.12GiB(46.73%)  [34mtps: 4,605  [36mtflops: 222.21  [35mmfu: 22.47%[39m
[rank0]:[titan] 2026-03-17 10:57:00,459 - root - INFO - [31mstep: 1950  [32mloss:  2.7500  [38;2;180;60;0mgrad_norm:  1.0902  [38;2;54;234;195mmemory: 37.12GiB(46.73%)  [34mtps: 4,611  [36mtflops: 222.49  [35mmfu: 22.50%[39m
[rank0]:[titan] 2026-03-17 10:57:00,908 - root - INFO - [31mstep: 1951  [32mloss:  2.7344  [38;2;180;60;0mgrad_norm:  0.7946  [38;2;54;234;195mmemory: 37.12GiB(46.73%)  [34mtps: 4,565  [36mtflops: 220.27  [35mmfu: 22.27%[39m
[rank0]:[titan] 2026-03-17 10:57:01,358 - root - INFO - [31mstep: 1952  [32mloss:  2.7031  [38;2;180;60;0mgrad_norm:  1.0045  [38;2;54;234;195mmemory: 37.12GiB(46.73%)  [34mtps: 4,557  [36mtflops: 219.88  [35mmfu: 22.23%[39m
[rank0]:[titan] 2026-03-17 10:57:01,803 - root - INFO - [31mstep: 1953  [32mloss:  2.6406  [38;2;180;60;0mgrad_norm:  1.2522  [38;2;54;234;195mmemory: 37.12GiB(46.73%)  [34mtps: 4,608  [36mtflops: 222.34  [35mmfu: 22.48%[39m
[rank0]:[titan] 2026-03-17 10:57:02,251 - root - INFO - [31mstep: 1954  [32mloss:  2.7500  [38;2;180;60;0mgrad_norm:  1.1001  [38;2;54;234;195mmemory: 37.12GiB(46.73%)  [34mtps: 4,579  [36mtflops: 220.93  [35mmfu: 22.34%[39m
[rank0]:[titan] 2026-03-17 10:57:02,695 - root - INFO - [31mstep: 1955  [32mloss:  2.6562  [38;2;180;60;0mgrad_norm:  1.0599  [38;2;54;234;195mmemory: 37.12GiB(46.73%)  [34mtps: 4,616  [36mtflops: 222.73  [35mmfu: 22.52%[39m
[rank0]:[titan] 2026-03-17 10:57:03,141 - root - INFO - [31mstep: 1956  [32mloss:  2.7188  [38;2;180;60;0mgrad_norm:  0.9677  [38;2;54;234;195mmemory: 37.12GiB(46.73%)  [34mtps: 4,604  [36mtflops: 222.13  [35mmfu: 22.46%[39m
[rank0]:[titan] 2026-03-17 10:57:03,588 - root - INFO - [31mstep: 1957  [32mloss:  2.7344  [38;2;180;60;0mgrad_norm:  1.2702  [38;2;54;234;195mmemory: 37.12GiB(46.73%)  [34mtps: 4,589  [36mtflops: 221.40  [35mmfu: 22.39%[39m
[rank0]:[titan] 2026-03-17 10:57:04,042 - root - INFO - [31mstep: 1958  [32mloss:  2.6719  [38;2;180;60;0mgrad_norm:  1.3727  [38;2;54;234;195mmemory: 37.12GiB(46.73%)  [34mtps: 4,506  [36mtflops: 217.43  [35mmfu: 21.99%[39m
[rank0]:[titan] 2026-03-17 10:57:04,492 - root - INFO - [31mstep: 1959  [32mloss:  2.7188  [38;2;180;60;0mgrad_norm:  1.0640  [38;2;54;234;195mmemory: 37.12GiB(46.73%)  [34mtps: 4,565  [36mtflops: 220.28  [35mmfu: 22.27%[39m
[rank0]:[titan] 2026-03-17 10:57:04,937 - root - INFO - [31mstep: 1960  [32mloss:  2.7344  [38;2;180;60;0mgrad_norm:  0.9826  [38;2;54;234;195mmemory: 37.12GiB(46.73%)  [34mtps: 4,606  [36mtflops: 222.26  [35mmfu: 22.47%[39m
[rank0]:[titan] 2026-03-17 10:57:05,383 - root - INFO - [31mstep: 1961  [32mloss:  2.7188  [38;2;180;60;0mgrad_norm:  0.9969  [38;2;54;234;195mmemory: 37.12GiB(46.73%)  [34mtps: 4,598  [36mtflops: 221.85  [35mmfu: 22.43%[39m
[rank0]:[titan] 2026-03-17 10:57:05,830 - root - INFO - [31mstep: 1962  [32mloss:  2.7656  [38;2;180;60;0mgrad_norm:  1.1514  [38;2;54;234;195mmemory: 37.12GiB(46.73%)  [34mtps: 4,590  [36mtflops: 221.46  [35mmfu: 22.39%[39m
[rank0]:[titan] 2026-03-17 10:57:06,278 - root - INFO - [31mstep: 1963  [32mloss:  2.7031  [38;2;180;60;0mgrad_norm:  0.7901  [38;2;54;234;195mmemory: 37.12GiB(46.73%)  [34mtps: 4,575  [36mtflops: 220.77  [35mmfu: 22.32%[39m
[rank0]:[titan] 2026-03-17 10:57:06,731 - root - INFO - [31mstep: 1964  [32mloss:  2.7031  [38;2;180;60;0mgrad_norm:  0.7233  [38;2;54;234;195mmemory: 37.12GiB(46.73%)  [34mtps: 4,528  [36mtflops: 218.50  [35mmfu: 22.09%[39m
[rank0]:[titan] 2026-03-17 10:57:07,178 - root - INFO - [31mstep: 1965  [32mloss:  2.7344  [38;2;180;60;0mgrad_norm:  1.1034  [38;2;54;234;195mmemory: 37.12GiB(46.73%)  [34mtps: 4,595  [36mtflops: 221.70  [35mmfu: 22.42%[39m
[rank0]:[titan] 2026-03-17 10:57:07,622 - root - INFO - [31mstep: 1966  [32mloss:  2.7031  [38;2;180;60;0mgrad_norm:  0.9005  [38;2;54;234;195mmemory: 37.12GiB(46.73%)  [34mtps: 4,613  [36mtflops: 222.58  [35mmfu: 22.51%[39m
[rank0]:[titan] 2026-03-17 10:57:08,076 - root - INFO - [31mstep: 1967  [32mloss:  2.7812  [38;2;180;60;0mgrad_norm:  0.8351  [38;2;54;234;195mmemory: 37.12GiB(46.73%)  [34mtps: 4,523  [36mtflops: 218.23  [35mmfu: 22.07%[39m
[rank0]:[titan] 2026-03-17 10:57:08,521 - root - INFO - [31mstep: 1968  [32mloss:  2.7656  [38;2;180;60;0mgrad_norm:  0.8770  [38;2;54;234;195mmemory: 37.12GiB(46.73%)  [34mtps: 4,603  [36mtflops: 222.10  [35mmfu: 22.46%[39m
[rank0]:[titan] 2026-03-17 10:57:08,976 - root - INFO - [31mstep: 1969  [32mloss:  2.7500  [38;2;180;60;0mgrad_norm:  0.9933  [38;2;54;234;195mmemory: 37.12GiB(46.73%)  [34mtps: 4,512  [36mtflops: 217.69  [35mmfu: 22.01%[39m
[rank0]:[titan] 2026-03-17 10:57:09,424 - root - INFO - [31mstep: 1970  [32mloss:  2.7031  [38;2;180;60;0mgrad_norm:  1.1364  [38;2;54;234;195mmemory: 37.12GiB(46.73%)  [34mtps: 4,579  [36mtflops: 220.92  [35mmfu: 22.34%[39m
[rank0]:[titan] 2026-03-17 10:57:09,879 - root - INFO - [31mstep: 1971  [32mloss:  2.7031  [38;2;180;60;0mgrad_norm:  1.1228  [38;2;54;234;195mmemory: 37.12GiB(46.73%)  [34mtps: 4,514  [36mtflops: 217.79  [35mmfu: 22.02%[39m
[rank0]:[titan] 2026-03-17 10:57:10,327 - root - INFO - [31mstep: 1972  [32mloss:  2.6875  [38;2;180;60;0mgrad_norm:  1.1680  [38;2;54;234;195mmemory: 37.12GiB(46.73%)  [34mtps: 4,571  [36mtflops: 220.54  [35mmfu: 22.30%[39m
[rank0]:[titan] 2026-03-17 10:57:10,781 - root - INFO - [31mstep: 1973  [32mloss:  2.6719  [38;2;180;60;0mgrad_norm:  1.0346  [38;2;54;234;195mmemory: 37.12GiB(46.73%)  [34mtps: 4,515  [36mtflops: 217.86  [35mmfu: 22.03%[39m
[rank0]:[titan] 2026-03-17 10:57:11,227 - root - INFO - [31mstep: 1974  [32mloss:  2.8281  [38;2;180;60;0mgrad_norm:  2.7156  [38;2;54;234;195mmemory: 37.12GiB(46.73%)  [34mtps: 4,605  [36mtflops: 222.18  [35mmfu: 22.47%[39m
[rank0]:[titan] 2026-03-17 10:57:11,671 - root - INFO - [31mstep: 1975  [32mloss:  2.8281  [38;2;180;60;0mgrad_norm:  1.5930  [38;2;54;234;195mmemory: 37.12GiB(46.73%)  [34mtps: 4,616  [36mtflops: 222.72  [35mmfu: 22.52%[39m
[rank0]:[titan] 2026-03-17 10:57:12,117 - root - INFO - [31mstep: 1976  [32mloss:  2.7344  [38;2;180;60;0mgrad_norm:  1.3346  [38;2;54;234;195mmemory: 37.12GiB(46.73%)  [34mtps: 4,594  [36mtflops: 221.64  [35mmfu: 22.41%[39m
[rank0]:[titan] 2026-03-17 10:57:12,564 - root - INFO - [31mstep: 1977  [32mloss:  2.7500  [38;2;180;60;0mgrad_norm:  1.0566  [38;2;54;234;195mmemory: 37.12GiB(46.73%)  [34mtps: 4,593  [36mtflops: 221.64  [35mmfu: 22.41%[39m
[rank0]:[titan] 2026-03-17 10:57:13,013 - root - INFO - [31mstep: 1978  [32mloss:  2.7188  [38;2;180;60;0mgrad_norm:  1.2477  [38;2;54;234;195mmemory: 37.12GiB(46.73%)  [34mtps: 4,569  [36mtflops: 220.46  [35mmfu: 22.29%[39m
[rank0]:[titan] 2026-03-17 10:57:13,459 - root - INFO - [31mstep: 1979  [32mloss:  2.7344  [38;2;180;60;0mgrad_norm:  1.4594  [38;2;54;234;195mmemory: 37.12GiB(46.73%)  [34mtps: 4,596  [36mtflops: 221.74  [35mmfu: 22.42%[39m
[rank0]:[titan] 2026-03-17 10:57:13,907 - root - INFO - [31mstep: 1980  [32mloss:  2.7344  [38;2;180;60;0mgrad_norm:  1.3625  [38;2;54;234;195mmemory: 37.12GiB(46.73%)  [34mtps: 4,575  [36mtflops: 220.75  [35mmfu: 22.32%[39m
[rank0]:[titan] 2026-03-17 10:57:14,402 - root - INFO - [31mstep: 1981  [32mloss:  2.6719  [38;2;180;60;0mgrad_norm:  1.3063  [38;2;54;234;195mmemory: 37.12GiB(46.73%)  [34mtps: 4,143  [36mtflops: 199.92  [35mmfu: 20.21%[39m
[rank0]:[titan] 2026-03-17 10:57:14,848 - root - INFO - [31mstep: 1982  [32mloss:  2.7188  [38;2;180;60;0mgrad_norm:  1.1094  [38;2;54;234;195mmemory: 37.12GiB(46.73%)  [34mtps: 4,594  [36mtflops: 221.68  [35mmfu: 22.41%[39m
[rank0]:[titan] 2026-03-17 10:57:15,296 - root - INFO - [31mstep: 1983  [32mloss:  2.7031  [38;2;180;60;0mgrad_norm:  1.0276  [38;2;54;234;195mmemory: 37.12GiB(46.73%)  [34mtps: 4,576  [36mtflops: 220.77  [35mmfu: 22.32%[39m
[rank0]:[titan] 2026-03-17 10:57:15,748 - root - INFO - [31mstep: 1984  [32mloss:  2.7188  [38;2;180;60;0mgrad_norm:  1.4195  [38;2;54;234;195mmemory: 37.12GiB(46.73%)  [34mtps: 4,543  [36mtflops: 219.18  [35mmfu: 22.16%[39m
[rank0]:[titan] 2026-03-17 10:57:16,198 - root - INFO - [31mstep: 1985  [32mloss:  2.7656  [38;2;180;60;0mgrad_norm:  1.1093  [38;2;54;234;195mmemory: 37.12GiB(46.73%)  [34mtps: 4,553  [36mtflops: 219.69  [35mmfu: 22.21%[39m
[rank0]:[titan] 2026-03-17 10:57:16,645 - root - INFO - [31mstep: 1986  [32mloss:  2.7344  [38;2;180;60;0mgrad_norm:  0.9345  [38;2;54;234;195mmemory: 37.12GiB(46.73%)  [34mtps: 4,588  [36mtflops: 221.39  [35mmfu: 22.39%[39m
[rank0]:[titan] 2026-03-17 10:57:17,091 - root - INFO - [31mstep: 1987  [32mloss:  2.7188  [38;2;180;60;0mgrad_norm:  0.8510  [38;2;54;234;195mmemory: 37.12GiB(46.73%)  [34mtps: 4,594  [36mtflops: 221.68  [35mmfu: 22.41%[39m
[rank0]:[titan] 2026-03-17 10:57:17,539 - root - INFO - [31mstep: 1988  [32mloss:  2.7656  [38;2;180;60;0mgrad_norm:  0.9646  [38;2;54;234;195mmemory: 37.12GiB(46.73%)  [34mtps: 4,585  [36mtflops: 221.25  [35mmfu: 22.37%[39m
[rank0]:[titan] 2026-03-17 10:57:17,984 - root - INFO - [31mstep: 1989  [32mloss:  2.7188  [38;2;180;60;0mgrad_norm:  0.9380  [38;2;54;234;195mmemory: 37.12GiB(46.73%)  [34mtps: 4,606  [36mtflops: 222.22  [35mmfu: 22.47%[39m
[rank0]:[titan] 2026-03-17 10:57:18,429 - root - INFO - [31mstep: 1990  [32mloss:  2.7500  [38;2;180;60;0mgrad_norm:  0.9035  [38;2;54;234;195mmemory: 37.12GiB(46.73%)  [34mtps: 4,610  [36mtflops: 222.42  [35mmfu: 22.49%[39m
[rank0]:[titan] 2026-03-17 10:57:18,874 - root - INFO - [31mstep: 1991  [32mloss:  2.7656  [38;2;180;60;0mgrad_norm:  1.0176  [38;2;54;234;195mmemory: 37.12GiB(46.73%)  [34mtps: 4,605  [36mtflops: 222.21  [35mmfu: 22.47%[39m
[rank0]:[titan] 2026-03-17 10:57:19,322 - root - INFO - [31mstep: 1992  [32mloss:  2.7656  [38;2;180;60;0mgrad_norm:  1.1619  [38;2;54;234;195mmemory: 37.12GiB(46.73%)  [34mtps: 4,571  [36mtflops: 220.54  [35mmfu: 22.30%[39m
[rank0]:[titan] 2026-03-17 10:57:19,769 - root - INFO - [31mstep: 1993  [32mloss:  2.6875  [38;2;180;60;0mgrad_norm:  0.8418  [38;2;54;234;195mmemory: 37.12GiB(46.73%)  [34mtps: 4,590  [36mtflops: 221.46  [35mmfu: 22.39%[39m
[rank0]:[titan] 2026-03-17 10:57:20,216 - root - INFO - [31mstep: 1994  [32mloss:  2.7031  [38;2;180;60;0mgrad_norm:  0.8034  [38;2;54;234;195mmemory: 37.12GiB(46.73%)  [34mtps: 4,594  [36mtflops: 221.69  [35mmfu: 22.42%[39m
[rank0]:[titan] 2026-03-17 10:57:20,663 - root - INFO - [31mstep: 1995  [32mloss:  2.7500  [38;2;180;60;0mgrad_norm:  1.2350  [38;2;54;234;195mmemory: 37.12GiB(46.73%)  [34mtps: 4,587  [36mtflops: 221.32  [35mmfu: 22.38%[39m
[rank0]:[titan] 2026-03-17 10:57:21,111 - root - INFO - [31mstep: 1996  [32mloss:  2.7969  [38;2;180;60;0mgrad_norm:  1.1499  [38;2;54;234;195mmemory: 37.12GiB(46.73%)  [34mtps: 4,570  [36mtflops: 220.51  [35mmfu: 22.30%[39m
[rank0]:[titan] 2026-03-17 10:57:21,557 - root - INFO - [31mstep: 1997  [32mloss:  2.6875  [38;2;180;60;0mgrad_norm:  0.8225  [38;2;54;234;195mmemory: 37.12GiB(46.73%)  [34mtps: 4,604  [36mtflops: 222.13  [35mmfu: 22.46%[39m
[rank0]:[titan] 2026-03-17 10:57:22,010 - root - INFO - [31mstep: 1998  [32mloss:  2.7031  [38;2;180;60;0mgrad_norm:  1.2157  [38;2;54;234;195mmemory: 37.12GiB(46.73%)  [34mtps: 4,519  [36mtflops: 218.07  [35mmfu: 22.05%[39m
[rank0]:[titan] 2026-03-17 10:57:22,464 - root - INFO - [31mstep: 1999  [32mloss:  2.6562  [38;2;180;60;0mgrad_norm:  0.9516  [38;2;54;234;195mmemory: 37.12GiB(46.73%)  [34mtps: 4,520  [36mtflops: 218.08  [35mmfu: 22.05%[39m
[rank0]:[titan] 2026-03-17 10:57:22,908 - root - INFO - [31mstep: 2000  [32mloss:  2.6719  [38;2;180;60;0mgrad_norm:  1.0744  [38;2;54;234;195mmemory: 37.12GiB(46.73%)  [34mtps: 4,619  [36mtflops: 222.86  [35mmfu: 22.53%[39m
[rank0]:[titan] 2026-03-17 10:57:23,354 - root - INFO - [31mstep: 2001  [32mloss:  2.6875  [38;2;180;60;0mgrad_norm:  1.2114  [38;2;54;234;195mmemory: 37.12GiB(46.73%)  [34mtps: 4,599  [36mtflops: 221.93  [35mmfu: 22.44%[39m
[rank0]:[titan] 2026-03-17 10:57:23,797 - root - INFO - [31mstep: 2002  [32mloss:  2.6875  [38;2;180;60;0mgrad_norm:  0.9718  [38;2;54;234;195mmemory: 37.12GiB(46.73%)  [34mtps: 4,623  [36mtflops: 223.07  [35mmfu: 22.55%[39m
[rank0]:[titan] 2026-03-17 10:57:24,245 - root - INFO - [31mstep: 2003  [32mloss:  2.6562  [38;2;180;60;0mgrad_norm:  1.3472  [38;2;54;234;195mmemory: 37.12GiB(46.73%)  [34mtps: 4,581  [36mtflops: 221.02  [35mmfu: 22.35%[39m
[rank0]:[titan] 2026-03-17 10:57:24,692 - root - INFO - [31mstep: 2004  [32mloss:  2.6719  [38;2;180;60;0mgrad_norm:  1.4240  [38;2;54;234;195mmemory: 37.12GiB(46.73%)  [34mtps: 4,588  [36mtflops: 221.38  [35mmfu: 22.38%[39m
[rank0]:[titan] 2026-03-17 10:57:25,150 - root - INFO - [31mstep: 2005  [32mloss:  2.6719  [38;2;180;60;0mgrad_norm:  0.9535  [38;2;54;234;195mmemory: 37.12GiB(46.73%)  [34mtps: 4,472  [36mtflops: 215.79  [35mmfu: 21.82%[39m
[rank0]:[titan] 2026-03-17 10:57:25,596 - root - INFO - [31mstep: 2006  [32mloss:  2.6719  [38;2;180;60;0mgrad_norm:  1.2165  [38;2;54;234;195mmemory: 37.12GiB(46.73%)  [34mtps: 4,607  [36mtflops: 222.30  [35mmfu: 22.48%[39m
[rank0]:[titan] 2026-03-17 10:57:26,045 - root - INFO - [31mstep: 2007  [32mloss:  2.7344  [38;2;180;60;0mgrad_norm:  1.1489  [38;2;54;234;195mmemory: 37.12GiB(46.73%)  [34mtps: 4,565  [36mtflops: 220.28  [35mmfu: 22.27%[39m
[rank0]:[titan] 2026-03-17 10:57:26,489 - root - INFO - [31mstep: 2008  [32mloss:  2.7188  [38;2;180;60;0mgrad_norm:  1.3840  [38;2;54;234;195mmemory: 37.12GiB(46.73%)  [34mtps: 4,613  [36mtflops: 222.56  [35mmfu: 22.50%[39m
[rank0]:[titan] 2026-03-17 10:57:26,936 - root - INFO - [31mstep: 2009  [32mloss:  2.6719  [38;2;180;60;0mgrad_norm:  1.3289  [38;2;54;234;195mmemory: 37.12GiB(46.73%)  [34mtps: 4,587  [36mtflops: 221.32  [35mmfu: 22.38%[39m
[rank0]:[titan] 2026-03-17 10:57:27,383 - root - INFO - [31mstep: 2010  [32mloss:  2.6875  [38;2;180;60;0mgrad_norm:  1.0390  [38;2;54;234;195mmemory: 37.12GiB(46.73%)  [34mtps: 4,588  [36mtflops: 221.36  [35mmfu: 22.38%[39m
[rank0]:[titan] 2026-03-17 10:57:27,829 - root - INFO - [31mstep: 2011  [32mloss:  2.7188  [38;2;180;60;0mgrad_norm:  0.8913  [38;2;54;234;195mmemory: 37.12GiB(46.73%)  [34mtps: 4,595  [36mtflops: 221.71  [35mmfu: 22.42%[39m
[rank0]:[titan] 2026-03-17 10:57:28,276 - root - INFO - [31mstep: 2012  [32mloss:  2.6875  [38;2;180;60;0mgrad_norm:  0.9759  [38;2;54;234;195mmemory: 37.12GiB(46.73%)  [34mtps: 4,595  [36mtflops: 221.70  [35mmfu: 22.42%[39m
[rank0]:[titan] 2026-03-17 10:57:28,734 - root - INFO - [31mstep: 2013  [32mloss:  2.7031  [38;2;180;60;0mgrad_norm:  0.9685  [38;2;54;234;195mmemory: 37.12GiB(46.73%)  [34mtps: 4,475  [36mtflops: 215.94  [35mmfu: 21.83%[39m
[rank0]:[titan] 2026-03-17 10:57:29,181 - root - INFO - [31mstep: 2014  [32mloss:  2.7031  [38;2;180;60;0mgrad_norm:  1.0487  [38;2;54;234;195mmemory: 37.12GiB(46.73%)  [34mtps: 4,584  [36mtflops: 221.19  [35mmfu: 22.36%[39m
[rank0]:[titan] 2026-03-17 10:57:29,627 - root - INFO - [31mstep: 2015  [32mloss:  2.7031  [38;2;180;60;0mgrad_norm:  0.8101  [38;2;54;234;195mmemory: 37.12GiB(46.73%)  [34mtps: 4,595  [36mtflops: 221.73  [35mmfu: 22.42%[39m
[rank0]:[titan] 2026-03-17 10:57:30,076 - root - INFO - [31mstep: 2016  [32mloss:  2.6719  [38;2;180;60;0mgrad_norm:  0.8666  [38;2;54;234;195mmemory: 37.12GiB(46.73%)  [34mtps: 4,577  [36mtflops: 220.86  [35mmfu: 22.33%[39m
[rank0]:[titan] 2026-03-17 10:57:30,523 - root - INFO - [31mstep: 2017  [32mloss:  2.7031  [38;2;180;60;0mgrad_norm:  1.0581  [38;2;54;234;195mmemory: 37.12GiB(46.73%)  [34mtps: 4,587  [36mtflops: 221.34  [35mmfu: 22.38%[39m
[rank0]:[titan] 2026-03-17 10:57:30,971 - root - INFO - [31mstep: 2018  [32mloss:  2.7812  [38;2;180;60;0mgrad_norm:  1.8383  [38;2;54;234;195mmemory: 37.12GiB(46.73%)  [34mtps: 4,575  [36mtflops: 220.74  [35mmfu: 22.32%[39m
[rank0]:[titan] 2026-03-17 10:57:31,418 - root - INFO - [31mstep: 2019  [32mloss:  2.7188  [38;2;180;60;0mgrad_norm:  0.8736  [38;2;54;234;195mmemory: 37.12GiB(46.73%)  [34mtps: 4,583  [36mtflops: 221.12  [35mmfu: 22.36%[39m
[rank0]:[titan] 2026-03-17 10:57:31,864 - root - INFO - [31mstep: 2020  [32mloss:  2.6406  [38;2;180;60;0mgrad_norm:  0.8419  [38;2;54;234;195mmemory: 37.12GiB(46.73%)  [34mtps: 4,600  [36mtflops: 221.93  [35mmfu: 22.44%[39m
[rank0]:[titan] 2026-03-17 10:57:32,311 - root - INFO - [31mstep: 2021  [32mloss:  2.7031  [38;2;180;60;0mgrad_norm:  0.7549  [38;2;54;234;195mmemory: 37.12GiB(46.73%)  [34mtps: 4,588  [36mtflops: 221.36  [35mmfu: 22.38%[39m
[rank0]:[titan] 2026-03-17 10:57:32,788 - root - INFO - [31mstep: 2022  [32mloss:  2.7344  [38;2;180;60;0mgrad_norm:  0.7616  [38;2;54;234;195mmemory: 37.12GiB(46.73%)  [34mtps: 4,302  [36mtflops: 207.58  [35mmfu: 20.99%[39m
[rank0]:[titan] 2026-03-17 10:57:33,232 - root - INFO - [31mstep: 2023  [32mloss:  2.6875  [38;2;180;60;0mgrad_norm:  1.0853  [38;2;54;234;195mmemory: 37.12GiB(46.73%)  [34mtps: 4,613  [36mtflops: 222.57  [35mmfu: 22.50%[39m
[rank0]:[titan] 2026-03-17 10:57:33,678 - root - INFO - [31mstep: 2024  [32mloss:  2.6875  [38;2;180;60;0mgrad_norm:  1.2415  [38;2;54;234;195mmemory: 37.12GiB(46.73%)  [34mtps: 4,596  [36mtflops: 221.77  [35mmfu: 22.42%[39m
[rank0]:[titan] 2026-03-17 10:57:34,129 - root - INFO - [31mstep: 2025  [32mloss:  2.7188  [38;2;180;60;0mgrad_norm:  4.2792  [38;2;54;234;195mmemory: 37.12GiB(46.73%)  [34mtps: 4,547  [36mtflops: 219.39  [35mmfu: 22.18%[39m
[rank0]:[titan] 2026-03-17 10:57:34,594 - root - INFO - [31mstep: 2026  [32mloss:  2.6875  [38;2;180;60;0mgrad_norm:  1.4981  [38;2;54;234;195mmemory: 37.12GiB(46.73%)  [34mtps: 4,414  [36mtflops: 213.00  [35mmfu: 21.54%[39m
[rank0]:[titan] 2026-03-17 10:57:35,040 - root - INFO - [31mstep: 2027  [32mloss:  2.6875  [38;2;180;60;0mgrad_norm:  0.9378  [38;2;54;234;195mmemory: 37.12GiB(46.73%)  [34mtps: 4,597  [36mtflops: 221.81  [35mmfu: 22.43%[39m
[rank0]:[titan] 2026-03-17 10:57:35,486 - root - INFO - [31mstep: 2028  [32mloss:  2.7500  [38;2;180;60;0mgrad_norm:  0.7453  [38;2;54;234;195mmemory: 37.12GiB(46.73%)  [34mtps: 4,597  [36mtflops: 221.80  [35mmfu: 22.43%[39m
[rank0]:[titan] 2026-03-17 10:57:35,936 - root - INFO - [31mstep: 2029  [32mloss:  2.7031  [38;2;180;60;0mgrad_norm:  1.0666  [38;2;54;234;195mmemory: 37.12GiB(46.73%)  [34mtps: 4,558  [36mtflops: 219.95  [35mmfu: 22.24%[39m
[rank0]:[titan] 2026-03-17 10:57:36,382 - root - INFO - [31mstep: 2030  [32mloss:  2.7500  [38;2;180;60;0mgrad_norm:  0.9466  [38;2;54;234;195mmemory: 37.12GiB(46.73%)  [34mtps: 4,595  [36mtflops: 221.70  [35mmfu: 22.42%[39m
[rank0]:[titan] 2026-03-17 10:57:36,827 - root - INFO - [31mstep: 2031  [32mloss:  2.6875  [38;2;180;60;0mgrad_norm:  0.8949  [38;2;54;234;195mmemory: 37.12GiB(46.73%)  [34mtps: 4,606  [36mtflops: 222.22  [35mmfu: 22.47%[39m
[rank0]:[titan] 2026-03-17 10:57:37,277 - root - INFO - [31mstep: 2032  [32mloss:  2.7031  [38;2;180;60;0mgrad_norm:  1.0400  [38;2;54;234;195mmemory: 37.12GiB(46.73%)  [34mtps: 4,559  [36mtflops: 219.97  [35mmfu: 22.24%[39m
[rank0]:[titan] 2026-03-17 10:57:37,725 - root - INFO - [31mstep: 2033  [32mloss:  2.7188  [38;2;180;60;0mgrad_norm:  0.9975  [38;2;54;234;195mmemory: 37.12GiB(46.73%)  [34mtps: 4,581  [36mtflops: 221.03  [35mmfu: 22.35%[39m
[rank0]:[titan] 2026-03-17 10:57:38,170 - root - INFO - [31mstep: 2034  [32mloss:  2.7344  [38;2;180;60;0mgrad_norm:  0.9943  [38;2;54;234;195mmemory: 37.12GiB(46.73%)  [34mtps: 4,608  [36mtflops: 222.32  [35mmfu: 22.48%[39m
[rank0]:[titan] 2026-03-17 10:57:38,616 - root - INFO - [31mstep: 2035  [32mloss:  2.7188  [38;2;180;60;0mgrad_norm:  1.0576  [38;2;54;234;195mmemory: 37.12GiB(46.73%)  [34mtps: 4,604  [36mtflops: 222.14  [35mmfu: 22.46%[39m
[rank0]:[titan] 2026-03-17 10:57:39,062 - root - INFO - [31mstep: 2036  [32mloss:  2.6719  [38;2;180;60;0mgrad_norm:  1.2347  [38;2;54;234;195mmemory: 37.12GiB(46.73%)  [34mtps: 4,595  [36mtflops: 221.71  [35mmfu: 22.42%[39m
[rank0]:[titan] 2026-03-17 10:57:39,508 - root - INFO - [31mstep: 2037  [32mloss:  2.7031  [38;2;180;60;0mgrad_norm:  0.9128  [38;2;54;234;195mmemory: 37.12GiB(46.73%)  [34mtps: 4,600  [36mtflops: 221.93  [35mmfu: 22.44%[39m
[rank0]:[titan] 2026-03-17 10:57:39,953 - root - INFO - [31mstep: 2038  [32mloss:  2.7031  [38;2;180;60;0mgrad_norm:  0.9930  [38;2;54;234;195mmemory: 37.12GiB(46.73%)  [34mtps: 4,609  [36mtflops: 222.40  [35mmfu: 22.49%[39m
[rank0]:[titan] 2026-03-17 10:57:40,402 - root - INFO - [31mstep: 2039  [32mloss:  2.6875  [38;2;180;60;0mgrad_norm:  2.0191  [38;2;54;234;195mmemory: 37.12GiB(46.73%)  [34mtps: 4,570  [36mtflops: 220.48  [35mmfu: 22.29%[39m
[rank0]:[titan] 2026-03-17 10:57:40,850 - root - INFO - [31mstep: 2040  [32mloss:  2.7188  [38;2;180;60;0mgrad_norm:  1.9411  [38;2;54;234;195mmemory: 37.12GiB(46.73%)  [34mtps: 4,579  [36mtflops: 220.94  [35mmfu: 22.34%[39m
[rank0]:[titan] 2026-03-17 10:57:41,295 - root - INFO - [31mstep: 2041  [32mloss:  2.6562  [38;2;180;60;0mgrad_norm:  1.1261  [38;2;54;234;195mmemory: 37.12GiB(46.73%)  [34mtps: 4,602  [36mtflops: 222.04  [35mmfu: 22.45%[39m
[rank0]:[titan] 2026-03-17 10:57:41,746 - root - INFO - [31mstep: 2042  [32mloss:  2.6875  [38;2;180;60;0mgrad_norm:  1.0453  [38;2;54;234;195mmemory: 37.12GiB(46.73%)  [34mtps: 4,554  [36mtflops: 219.73  [35mmfu: 22.22%[39m
[rank0]:[titan] 2026-03-17 10:57:42,195 - root - INFO - [31mstep: 2043  [32mloss:  2.6875  [38;2;180;60;0mgrad_norm:  1.5718  [38;2;54;234;195mmemory: 37.12GiB(46.73%)  [34mtps: 4,559  [36mtflops: 219.95  [35mmfu: 22.24%[39m
[rank0]:[titan] 2026-03-17 10:57:42,643 - root - INFO - [31mstep: 2044  [32mloss:  2.7500  [38;2;180;60;0mgrad_norm:  1.4823  [38;2;54;234;195mmemory: 37.12GiB(46.73%)  [34mtps: 4,579  [36mtflops: 220.96  [35mmfu: 22.34%[39m
[rank0]:[titan] 2026-03-17 10:57:43,089 - root - INFO - [31mstep: 2045  [32mloss:  2.7031  [38;2;180;60;0mgrad_norm:  1.3476  [38;2;54;234;195mmemory: 37.12GiB(46.73%)  [34mtps: 4,600  [36mtflops: 221.97  [35mmfu: 22.44%[39m
[rank0]:[titan] 2026-03-17 10:57:43,536 - root - INFO - [31mstep: 2046  [32mloss:  2.7031  [38;2;180;60;0mgrad_norm:  1.3616  [38;2;54;234;195mmemory: 37.12GiB(46.73%)  [34mtps: 4,590  [36mtflops: 221.47  [35mmfu: 22.39%[39m
[rank0]:[titan] 2026-03-17 10:57:43,987 - root - INFO - [31mstep: 2047  [32mloss:  2.7812  [38;2;180;60;0mgrad_norm:  1.4587  [38;2;54;234;195mmemory: 37.12GiB(46.73%)  [34mtps: 4,545  [36mtflops: 219.32  [35mmfu: 22.18%[39m
[rank0]:[titan] 2026-03-17 10:57:44,432 - root - INFO - [31mstep: 2048  [32mloss:  2.7812  [38;2;180;60;0mgrad_norm:  1.7322  [38;2;54;234;195mmemory: 37.12GiB(46.73%)  [34mtps: 4,603  [36mtflops: 222.11  [35mmfu: 22.46%[39m
[rank0]:[titan] 2026-03-17 10:57:44,886 - root - INFO - [31mstep: 2049  [32mloss:  2.7969  [38;2;180;60;0mgrad_norm:  1.6911  [38;2;54;234;195mmemory: 37.12GiB(46.73%)  [34mtps: 4,525  [36mtflops: 218.32  [35mmfu: 22.07%[39m
[rank0]:[titan] 2026-03-17 10:57:45,334 - root - INFO - [31mstep: 2050  [32mloss:  2.7656  [38;2;180;60;0mgrad_norm:  1.2643  [38;2;54;234;195mmemory: 37.12GiB(46.73%)  [34mtps: 4,567  [36mtflops: 220.38  [35mmfu: 22.28%[39m
[rank0]:[titan] 2026-03-17 10:57:45,781 - root - INFO - [31mstep: 2051  [32mloss:  2.7812  [38;2;180;60;0mgrad_norm:  1.1924  [38;2;54;234;195mmemory: 37.12GiB(46.73%)  [34mtps: 4,591  [36mtflops: 221.50  [35mmfu: 22.40%[39m
[rank0]:[titan] 2026-03-17 10:57:46,226 - root - INFO - [31mstep: 2052  [32mloss:  2.8125  [38;2;180;60;0mgrad_norm:  1.2078  [38;2;54;234;195mmemory: 37.12GiB(46.73%)  [34mtps: 4,613  [36mtflops: 222.57  [35mmfu: 22.50%[39m
[rank0]:[titan] 2026-03-17 10:57:46,675 - root - INFO - [31mstep: 2053  [32mloss:  2.7500  [38;2;180;60;0mgrad_norm:  1.2433  [38;2;54;234;195mmemory: 37.12GiB(46.73%)  [34mtps: 4,562  [36mtflops: 220.13  [35mmfu: 22.26%[39m
[rank0]:[titan] 2026-03-17 10:57:47,130 - root - INFO - [31mstep: 2054  [32mloss:  2.7969  [38;2;180;60;0mgrad_norm:  1.1795  [38;2;54;234;195mmemory: 37.12GiB(46.73%)  [34mtps: 4,511  [36mtflops: 217.64  [35mmfu: 22.01%[39m
[rank0]:[titan] 2026-03-17 10:57:47,586 - root - INFO - [31mstep: 2055  [32mloss:  2.7812  [38;2;180;60;0mgrad_norm:  1.3372  [38;2;54;234;195mmemory: 37.12GiB(46.73%)  [34mtps: 4,495  [36mtflops: 216.89  [35mmfu: 21.93%[39m
[rank0]:[titan] 2026-03-17 10:57:48,028 - root - INFO - [31mstep: 2056  [32mloss:  2.7344  [38;2;180;60;0mgrad_norm:  1.0118  [38;2;54;234;195mmemory: 37.12GiB(46.73%)  [34mtps: 4,637  [36mtflops: 223.76  [35mmfu: 22.62%[39m
[rank0]:[titan] 2026-03-17 10:57:48,477 - root - INFO - [31mstep: 2057  [32mloss:  2.7344  [38;2;180;60;0mgrad_norm:  0.9561  [38;2;54;234;195mmemory: 37.12GiB(46.73%)  [34mtps: 4,568  [36mtflops: 220.41  [35mmfu: 22.29%[39m
[rank0]:[titan] 2026-03-17 10:57:48,923 - root - INFO - [31mstep: 2058  [32mloss:  2.6875  [38;2;180;60;0mgrad_norm:  1.5353  [38;2;54;234;195mmemory: 37.12GiB(46.73%)  [34mtps: 4,598  [36mtflops: 221.84  [35mmfu: 22.43%[39m
[rank0]:[titan] 2026-03-17 10:57:49,369 - root - INFO - [31mstep: 2059  [32mloss:  2.6875  [38;2;180;60;0mgrad_norm:  1.5642  [38;2;54;234;195mmemory: 37.12GiB(46.73%)  [34mtps: 4,598  [36mtflops: 221.86  [35mmfu: 22.43%[39m
[rank0]:[titan] 2026-03-17 10:57:49,818 - root - INFO - [31mstep: 2060  [32mloss:  2.7656  [38;2;180;60;0mgrad_norm:  1.3080  [38;2;54;234;195mmemory: 37.12GiB(46.73%)  [34mtps: 4,570  [36mtflops: 220.50  [35mmfu: 22.30%[39m
[rank0]:[titan] 2026-03-17 10:57:50,264 - root - INFO - [31mstep: 2061  [32mloss:  2.7500  [38;2;180;60;0mgrad_norm:  0.9566  [38;2;54;234;195mmemory: 37.12GiB(46.73%)  [34mtps: 4,592  [36mtflops: 221.56  [35mmfu: 22.40%[39m
[rank0]:[titan] 2026-03-17 10:57:50,713 - root - INFO - [31mstep: 2062  [32mloss:  2.7500  [38;2;180;60;0mgrad_norm:  1.2946  [38;2;54;234;195mmemory: 37.12GiB(46.73%)  [34mtps: 4,576  [36mtflops: 220.78  [35mmfu: 22.32%[39m
[rank0]:[titan] 2026-03-17 10:57:51,162 - root - INFO - [31mstep: 2063  [32mloss:  2.6875  [38;2;180;60;0mgrad_norm:  1.3901  [38;2;54;234;195mmemory: 37.12GiB(46.73%)  [34mtps: 4,560  [36mtflops: 220.03  [35mmfu: 22.25%[39m
[rank0]:[titan] 2026-03-17 10:57:51,607 - root - INFO - [31mstep: 2064  [32mloss:  2.7188  [38;2;180;60;0mgrad_norm:  1.3216  [38;2;54;234;195mmemory: 37.12GiB(46.73%)  [34mtps: 4,612  [36mtflops: 222.51  [35mmfu: 22.50%[39m
[rank0]:[titan] 2026-03-17 10:57:52,064 - root - INFO - [31mstep: 2065  [32mloss:  2.7500  [38;2;180;60;0mgrad_norm:  0.8241  [38;2;54;234;195mmemory: 37.12GiB(46.73%)  [34mtps: 4,483  [36mtflops: 216.31  [35mmfu: 21.87%[39m
[rank0]:[titan] 2026-03-17 10:57:52,513 - root - INFO - [31mstep: 2066  [32mloss:  2.7344  [38;2;180;60;0mgrad_norm:  0.9655  [38;2;54;234;195mmemory: 37.12GiB(46.73%)  [34mtps: 4,574  [36mtflops: 220.72  [35mmfu: 22.32%[39m
[rank0]:[titan] 2026-03-17 10:57:52,967 - root - INFO - [31mstep: 2067  [32mloss:  2.7500  [38;2;180;60;0mgrad_norm:  1.3751  [38;2;54;234;195mmemory: 37.12GiB(46.73%)  [34mtps: 4,517  [36mtflops: 217.97  [35mmfu: 22.04%[39m
[rank0]:[titan] 2026-03-17 10:57:53,412 - root - INFO - [31mstep: 2068  [32mloss:  2.8438  [38;2;180;60;0mgrad_norm:  1.2168  [38;2;54;234;195mmemory: 37.12GiB(46.73%)  [34mtps: 4,609  [36mtflops: 222.39  [35mmfu: 22.49%[39m
[rank0]:[titan] 2026-03-17 10:57:53,858 - root - INFO - [31mstep: 2069  [32mloss:  2.7500  [38;2;180;60;0mgrad_norm:  0.9425  [38;2;54;234;195mmemory: 37.12GiB(46.73%)  [34mtps: 4,590  [36mtflops: 221.49  [35mmfu: 22.40%[39m
[rank0]:[titan] 2026-03-17 10:57:54,303 - root - INFO - [31mstep: 2070  [32mloss:  2.9062  [38;2;180;60;0mgrad_norm:  1.1389  [38;2;54;234;195mmemory: 37.12GiB(46.73%)  [34mtps: 4,613  [36mtflops: 222.57  [35mmfu: 22.50%[39m
[rank0]:[titan] 2026-03-17 10:57:54,750 - root - INFO - [31mstep: 2071  [32mloss:  2.9688  [38;2;180;60;0mgrad_norm:  1.3409  [38;2;54;234;195mmemory: 37.12GiB(46.73%)  [34mtps: 4,590  [36mtflops: 221.48  [35mmfu: 22.39%[39m
[rank0]:[titan] 2026-03-17 10:57:55,196 - root - INFO - [31mstep: 2072  [32mloss:  2.8281  [38;2;180;60;0mgrad_norm:  1.1864  [38;2;54;234;195mmemory: 37.12GiB(46.73%)  [34mtps: 4,592  [36mtflops: 221.58  [35mmfu: 22.40%[39m
[rank0]:[titan] 2026-03-17 10:57:55,645 - root - INFO - [31mstep: 2073  [32mloss:  2.7656  [38;2;180;60;0mgrad_norm:  0.8991  [38;2;54;234;195mmemory: 37.12GiB(46.73%)  [34mtps: 4,566  [36mtflops: 220.32  [35mmfu: 22.28%[39m
[rank0]:[titan] 2026-03-17 10:57:56,093 - root - INFO - [31mstep: 2074  [32mloss:  2.7344  [38;2;180;60;0mgrad_norm:  0.9822  [38;2;54;234;195mmemory: 37.12GiB(46.73%)  [34mtps: 4,575  [36mtflops: 220.77  [35mmfu: 22.32%[39m
[rank0]:[titan] 2026-03-17 10:57:56,538 - root - INFO - [31mstep: 2075  [32mloss:  2.8125  [38;2;180;60;0mgrad_norm:  1.3010  [38;2;54;234;195mmemory: 37.12GiB(46.73%)  [34mtps: 4,614  [36mtflops: 222.63  [35mmfu: 22.51%[39m
[rank0]:[titan] 2026-03-17 10:57:56,987 - root - INFO - [31mstep: 2076  [32mloss:  2.7969  [38;2;180;60;0mgrad_norm:  1.5066  [38;2;54;234;195mmemory: 37.12GiB(46.73%)  [34mtps: 4,563  [36mtflops: 220.15  [35mmfu: 22.26%[39m
[rank0]:[titan] 2026-03-17 10:57:57,439 - root - INFO - [31mstep: 2077  [32mloss:  2.8281  [38;2;180;60;0mgrad_norm:  1.1396  [38;2;54;234;195mmemory: 37.12GiB(46.73%)  [34mtps: 4,534  [36mtflops: 218.75  [35mmfu: 22.12%[39m
[rank0]:[titan] 2026-03-17 10:57:57,887 - root - INFO - [31mstep: 2078  [32mloss:  2.7656  [38;2;180;60;0mgrad_norm:  0.8870  [38;2;54;234;195mmemory: 37.12GiB(46.73%)  [34mtps: 4,585  [36mtflops: 221.21  [35mmfu: 22.37%[39m
[rank0]:[titan] 2026-03-17 10:57:58,332 - root - INFO - [31mstep: 2079  [32mloss:  2.7188  [38;2;180;60;0mgrad_norm:  1.0140  [38;2;54;234;195mmemory: 37.12GiB(46.73%)  [34mtps: 4,602  [36mtflops: 222.06  [35mmfu: 22.45%[39m
[rank0]:[titan] 2026-03-17 10:57:58,779 - root - INFO - [31mstep: 2080  [32mloss:  2.7031  [38;2;180;60;0mgrad_norm:  1.1306  [38;2;54;234;195mmemory: 37.12GiB(46.73%)  [34mtps: 4,585  [36mtflops: 221.23  [35mmfu: 22.37%[39m
[rank0]:[titan] 2026-03-17 10:57:59,226 - root - INFO - [31mstep: 2081  [32mloss:  2.7969  [38;2;180;60;0mgrad_norm:  1.0869  [38;2;54;234;195mmemory: 37.12GiB(46.73%)  [34mtps: 4,593  [36mtflops: 221.61  [35mmfu: 22.41%[39m
[rank0]:[titan] 2026-03-17 10:57:59,678 - root - INFO - [31mstep: 2082  [32mloss:  2.6875  [38;2;180;60;0mgrad_norm:  1.0476  [38;2;54;234;195mmemory: 37.12GiB(46.73%)  [34mtps: 4,533  [36mtflops: 218.71  [35mmfu: 22.11%[39m
[rank0]:[titan] 2026-03-17 10:58:00,124 - root - INFO - [31mstep: 2083  [32mloss:  2.7188  [38;2;180;60;0mgrad_norm:  1.2204  [38;2;54;234;195mmemory: 37.12GiB(46.73%)  [34mtps: 4,604  [36mtflops: 222.13  [35mmfu: 22.46%[39m
[rank0]:[titan] 2026-03-17 10:58:00,576 - root - INFO - [31mstep: 2084  [32mloss:  2.7344  [38;2;180;60;0mgrad_norm:  1.3557  [38;2;54;234;195mmemory: 37.12GiB(46.73%)  [34mtps: 4,531  [36mtflops: 218.60  [35mmfu: 22.10%[39m
[rank0]:[titan] 2026-03-17 10:58:01,022 - root - INFO - [31mstep: 2085  [32mloss:  2.7500  [38;2;180;60;0mgrad_norm:  1.2258  [38;2;54;234;195mmemory: 37.12GiB(46.73%)  [34mtps: 4,605  [36mtflops: 222.17  [35mmfu: 22.46%[39m
[rank0]:[titan] 2026-03-17 10:58:01,470 - root - INFO - [31mstep: 2086  [32mloss:  2.6719  [38;2;180;60;0mgrad_norm:  1.4247  [38;2;54;234;195mmemory: 37.12GiB(46.73%)  [34mtps: 4,578  [36mtflops: 220.90  [35mmfu: 22.34%[39m
[rank0]:[titan] 2026-03-17 10:58:01,914 - root - INFO - [31mstep: 2087  [32mloss:  2.7188  [38;2;180;60;0mgrad_norm:  0.9363  [38;2;54;234;195mmemory: 37.12GiB(46.73%)  [34mtps: 4,613  [36mtflops: 222.56  [35mmfu: 22.50%[39m
[rank0]:[titan] 2026-03-17 10:58:02,359 - root - INFO - [31mstep: 2088  [32mloss:  2.6875  [38;2;180;60;0mgrad_norm:  1.1443  [38;2;54;234;195mmemory: 37.12GiB(46.73%)  [34mtps: 4,607  [36mtflops: 222.27  [35mmfu: 22.47%[39m
[rank0]:[titan] 2026-03-17 10:58:02,814 - root - INFO - [31mstep: 2089  [32mloss:  2.7500  [38;2;180;60;0mgrad_norm:  1.2424  [38;2;54;234;195mmemory: 37.12GiB(46.73%)  [34mtps: 4,506  [36mtflops: 217.42  [35mmfu: 21.98%[39m
[rank0]:[titan] 2026-03-17 10:58:03,259 - root - INFO - [31mstep: 2090  [32mloss:  2.7500  [38;2;180;60;0mgrad_norm:  1.0171  [38;2;54;234;195mmemory: 37.12GiB(46.73%)  [34mtps: 4,609  [36mtflops: 222.41  [35mmfu: 22.49%[39m
[rank0]:[titan] 2026-03-17 10:58:03,707 - root - INFO - [31mstep: 2091  [32mloss:  2.6875  [38;2;180;60;0mgrad_norm:  0.9337  [38;2;54;234;195mmemory: 37.12GiB(46.73%)  [34mtps: 4,585  [36mtflops: 221.21  [35mmfu: 22.37%[39m
[rank0]:[titan] 2026-03-17 10:58:04,151 - root - INFO - [31mstep: 2092  [32mloss:  2.7500  [38;2;180;60;0mgrad_norm:  1.0740  [38;2;54;234;195mmemory: 37.12GiB(46.73%)  [34mtps: 4,614  [36mtflops: 222.65  [35mmfu: 22.51%[39m
[rank0]:[titan] 2026-03-17 10:58:04,600 - root - INFO - [31mstep: 2093  [32mloss:  2.7031  [38;2;180;60;0mgrad_norm:  0.8604  [38;2;54;234;195mmemory: 37.12GiB(46.73%)  [34mtps: 4,570  [36mtflops: 220.50  [35mmfu: 22.29%[39m
[rank0]:[titan] 2026-03-17 10:58:05,046 - root - INFO - [31mstep: 2094  [32mloss:  2.6875  [38;2;180;60;0mgrad_norm:  0.8730  [38;2;54;234;195mmemory: 37.12GiB(46.73%)  [34mtps: 4,596  [36mtflops: 221.74  [35mmfu: 22.42%[39m
[rank0]:[titan] 2026-03-17 10:58:05,493 - root - INFO - [31mstep: 2095  [32mloss:  2.7500  [38;2;180;60;0mgrad_norm:  0.8454  [38;2;54;234;195mmemory: 37.12GiB(46.73%)  [34mtps: 4,587  [36mtflops: 221.34  [35mmfu: 22.38%[39m
[rank0]:[titan] 2026-03-17 10:58:05,941 - root - INFO - [31mstep: 2096  [32mloss:  2.6875  [38;2;180;60;0mgrad_norm:  0.8846  [38;2;54;234;195mmemory: 37.12GiB(46.73%)  [34mtps: 4,579  [36mtflops: 220.96  [35mmfu: 22.34%[39m
[rank0]:[titan] 2026-03-17 10:58:06,387 - root - INFO - [31mstep: 2097  [32mloss:  2.7031  [38;2;180;60;0mgrad_norm:  0.8620  [38;2;54;234;195mmemory: 37.12GiB(46.73%)  [34mtps: 4,594  [36mtflops: 221.67  [35mmfu: 22.41%[39m
[rank0]:[titan] 2026-03-17 10:58:06,833 - root - INFO - [31mstep: 2098  [32mloss:  2.7188  [38;2;180;60;0mgrad_norm:  0.7937  [38;2;54;234;195mmemory: 37.12GiB(46.73%)  [34mtps: 4,595  [36mtflops: 221.70  [35mmfu: 22.42%[39m
[rank0]:[titan] 2026-03-17 10:58:07,281 - root - INFO - [31mstep: 2099  [32mloss:  2.6875  [38;2;180;60;0mgrad_norm:  0.8106  [38;2;54;234;195mmemory: 37.12GiB(46.73%)  [34mtps: 4,576  [36mtflops: 220.80  [35mmfu: 22.33%[39m
[rank0]:[titan] 2026-03-17 10:58:07,725 - root - INFO - [31mstep: 2100  [32mloss:  2.7656  [38;2;180;60;0mgrad_norm:  0.7931  [38;2;54;234;195mmemory: 37.12GiB(46.73%)  [34mtps: 4,618  [36mtflops: 222.84  [35mmfu: 22.53%[39m
[rank0]:[titan] 2026-03-17 10:58:08,178 - root - INFO - [31mstep: 2101  [32mloss:  2.7031  [38;2;180;60;0mgrad_norm:  0.8961  [38;2;54;234;195mmemory: 37.12GiB(46.73%)  [34mtps: 4,534  [36mtflops: 218.78  [35mmfu: 22.12%[39m
[rank0]:[titan] 2026-03-17 10:58:08,624 - root - INFO - [31mstep: 2102  [32mloss:  2.6875  [38;2;180;60;0mgrad_norm:  0.9340  [38;2;54;234;195mmemory: 37.12GiB(46.73%)  [34mtps: 4,596  [36mtflops: 221.75  [35mmfu: 22.42%[39m
[rank0]:[titan] 2026-03-17 10:58:09,069 - root - INFO - [31mstep: 2103  [32mloss:  2.7031  [38;2;180;60;0mgrad_norm:  1.1654  [38;2;54;234;195mmemory: 37.12GiB(46.73%)  [34mtps: 4,606  [36mtflops: 222.23  [35mmfu: 22.47%[39m
[rank0]:[titan] 2026-03-17 10:58:09,523 - root - INFO - [31mstep: 2104  [32mloss:  2.6719  [38;2;180;60;0mgrad_norm:  0.9855  [38;2;54;234;195mmemory: 37.12GiB(46.73%)  [34mtps: 4,513  [36mtflops: 217.76  [35mmfu: 22.02%[39m
[rank0]:[titan] 2026-03-17 10:58:09,968 - root - INFO - [31mstep: 2105  [32mloss:  2.6875  [38;2;180;60;0mgrad_norm:  0.9059  [38;2;54;234;195mmemory: 37.12GiB(46.73%)  [34mtps: 4,613  [36mtflops: 222.57  [35mmfu: 22.50%[39m
[rank0]:[titan] 2026-03-17 10:58:10,413 - root - INFO - [31mstep: 2106  [32mloss:  2.6719  [38;2;180;60;0mgrad_norm:  0.8924  [38;2;54;234;195mmemory: 37.12GiB(46.73%)  [34mtps: 4,609  [36mtflops: 222.39  [35mmfu: 22.49%[39m
[rank0]:[titan] 2026-03-17 10:58:10,858 - root - INFO - [31mstep: 2107  [32mloss:  2.6406  [38;2;180;60;0mgrad_norm:  1.0386  [38;2;54;234;195mmemory: 37.12GiB(46.73%)  [34mtps: 4,601  [36mtflops: 222.02  [35mmfu: 22.45%[39m
[rank0]:[titan] 2026-03-17 10:58:11,304 - root - INFO - [31mstep: 2108  [32mloss:  2.6562  [38;2;180;60;0mgrad_norm:  0.8704  [38;2;54;234;195mmemory: 37.12GiB(46.73%)  [34mtps: 4,605  [36mtflops: 222.18  [35mmfu: 22.46%[39m
[rank0]:[titan] 2026-03-17 10:58:11,762 - root - INFO - [31mstep: 2109  [32mloss:  2.7188  [38;2;180;60;0mgrad_norm:  1.1327  [38;2;54;234;195mmemory: 37.12GiB(46.73%)  [34mtps: 4,476  [36mtflops: 215.97  [35mmfu: 21.84%[39m
[rank0]:[titan] 2026-03-17 10:58:12,218 - root - INFO - [31mstep: 2110  [32mloss:  2.7656  [38;2;180;60;0mgrad_norm:  1.1179  [38;2;54;234;195mmemory: 37.12GiB(46.73%)  [34mtps: 4,497  [36mtflops: 216.98  [35mmfu: 21.94%[39m
[rank0]:[titan] 2026-03-17 10:58:12,666 - root - INFO - [31mstep: 2111  [32mloss:  2.7344  [38;2;180;60;0mgrad_norm:  0.7646  [38;2;54;234;195mmemory: 37.12GiB(46.73%)  [34mtps: 4,580  [36mtflops: 220.98  [35mmfu: 22.34%[39m
[rank0]:[titan] 2026-03-17 10:58:13,109 - root - INFO - [31mstep: 2112  [32mloss:  2.7188  [38;2;180;60;0mgrad_norm:  0.7910  [38;2;54;234;195mmemory: 37.12GiB(46.73%)  [34mtps: 4,621  [36mtflops: 222.99  [35mmfu: 22.55%[39m
[rank0]:[titan] 2026-03-17 10:58:13,563 - root - INFO - [31mstep: 2113  [32mloss:  2.6406  [38;2;180;60;0mgrad_norm:  0.9413  [38;2;54;234;195mmemory: 37.12GiB(46.73%)  [34mtps: 4,517  [36mtflops: 217.93  [35mmfu: 22.04%[39m
[rank0]:[titan] 2026-03-17 10:58:14,009 - root - INFO - [31mstep: 2114  [32mloss:  2.6719  [38;2;180;60;0mgrad_norm:  0.8635  [38;2;54;234;195mmemory: 37.12GiB(46.73%)  [34mtps: 4,602  [36mtflops: 222.04  [35mmfu: 22.45%[39m
[rank0]:[titan] 2026-03-17 10:58:14,010 - root - WARNING - Dataset c4_test is being re-looped
[rank0]:[titan] 2026-03-17 10:58:14,456 - root - INFO - [31mstep: 2115  [32mloss:  2.6875  [38;2;180;60;0mgrad_norm:  2.4209  [38;2;54;234;195mmemory: 37.12GiB(46.73%)  [34mtps: 4,583  [36mtflops: 221.13  [35mmfu: 22.36%[39m
[rank0]:[titan] 2026-03-17 10:58:14,902 - root - INFO - [31mstep: 2116  [32mloss:  2.6875  [38;2;180;60;0mgrad_norm:  0.9123  [38;2;54;234;195mmemory: 37.12GiB(46.73%)  [34mtps: 4,597  [36mtflops: 221.83  [35mmfu: 22.43%[39m
[rank0]:[titan] 2026-03-17 10:58:15,348 - root - INFO - [31mstep: 2117  [32mloss:  2.7031  [38;2;180;60;0mgrad_norm:  0.7086  [38;2;54;234;195mmemory: 37.12GiB(46.73%)  [34mtps: 4,601  [36mtflops: 221.99  [35mmfu: 22.45%[39m
[rank0]:[titan] 2026-03-17 10:58:15,792 - root - INFO - [31mstep: 2118  [32mloss:  2.6719  [38;2;180;60;0mgrad_norm:  0.8530  [38;2;54;234;195mmemory: 37.12GiB(46.73%)  [34mtps: 4,619  [36mtflops: 222.87  [35mmfu: 22.53%[39m
[rank0]:[titan] 2026-03-17 10:58:16,251 - root - INFO - [31mstep: 2119  [32mloss:  2.6719  [38;2;180;60;0mgrad_norm:  0.8351  [38;2;54;234;195mmemory: 37.12GiB(46.73%)  [34mtps: 4,464  [36mtflops: 215.39  [35mmfu: 21.78%[39m
[rank0]:[titan] 2026-03-17 10:58:16,702 - root - INFO - [31mstep: 2120  [32mloss:  2.6719  [38;2;180;60;0mgrad_norm:  0.8798  [38;2;54;234;195mmemory: 37.12GiB(46.73%)  [34mtps: 4,557  [36mtflops: 219.88  [35mmfu: 22.23%[39m
[rank0]:[titan] 2026-03-17 10:58:17,146 - root - INFO - [31mstep: 2121  [32mloss:  2.7031  [38;2;180;60;0mgrad_norm:  0.9704  [38;2;54;234;195mmemory: 37.12GiB(46.73%)  [34mtps: 4,610  [36mtflops: 222.44  [35mmfu: 22.49%[39m
[rank0]:[titan] 2026-03-17 10:58:17,591 - root - INFO - [31mstep: 2122  [32mloss:  2.6719  [38;2;180;60;0mgrad_norm:  0.8075  [38;2;54;234;195mmemory: 37.12GiB(46.73%)  [34mtps: 4,611  [36mtflops: 222.48  [35mmfu: 22.50%[39m
[rank0]:[titan] 2026-03-17 10:58:18,037 - root - INFO - [31mstep: 2123  [32mloss:  2.7188  [38;2;180;60;0mgrad_norm:  1.0772  [38;2;54;234;195mmemory: 37.12GiB(46.73%)  [34mtps: 4,604  [36mtflops: 222.13  [35mmfu: 22.46%[39m
[rank0]:[titan] 2026-03-17 10:58:18,502 - root - INFO - [31mstep: 2124  [32mloss:  2.7344  [38;2;180;60;0mgrad_norm:  0.9490  [38;2;54;234;195mmemory: 37.12GiB(46.73%)  [34mtps: 4,405  [36mtflops: 212.53  [35mmfu: 21.49%[39m
[rank0]:[titan] 2026-03-17 10:58:18,951 - root - INFO - [31mstep: 2125  [32mloss:  2.6875  [38;2;180;60;0mgrad_norm:  0.9351  [38;2;54;234;195mmemory: 37.12GiB(46.73%)  [34mtps: 4,568  [36mtflops: 220.42  [35mmfu: 22.29%[39m
[rank0]:[titan] 2026-03-17 10:58:19,396 - root - INFO - [31mstep: 2126  [32mloss:  2.7031  [38;2;180;60;0mgrad_norm:  1.2789  [38;2;54;234;195mmemory: 37.12GiB(46.73%)  [34mtps: 4,605  [36mtflops: 222.21  [35mmfu: 22.47%[39m
[rank0]:[titan] 2026-03-17 10:58:19,849 - root - INFO - [31mstep: 2127  [32mloss:  2.6875  [38;2;180;60;0mgrad_norm:  0.9797  [38;2;54;234;195mmemory: 37.12GiB(46.73%)  [34mtps: 4,527  [36mtflops: 218.45  [35mmfu: 22.09%[39m
[rank0]:[titan] 2026-03-17 10:58:20,296 - root - INFO - [31mstep: 2128  [32mloss:  2.7500  [38;2;180;60;0mgrad_norm:  1.1883  [38;2;54;234;195mmemory: 37.12GiB(46.73%)  [34mtps: 4,587  [36mtflops: 221.32  [35mmfu: 22.38%[39m
[rank0]:[titan] 2026-03-17 10:58:20,741 - root - INFO - [31mstep: 2129  [32mloss:  2.6875  [38;2;180;60;0mgrad_norm:  0.9981  [38;2;54;234;195mmemory: 37.12GiB(46.73%)  [34mtps: 4,608  [36mtflops: 222.36  [35mmfu: 22.48%[39m
[rank0]:[titan] 2026-03-17 10:58:21,186 - root - INFO - [31mstep: 2130  [32mloss:  2.6875  [38;2;180;60;0mgrad_norm:  0.7442  [38;2;54;234;195mmemory: 37.12GiB(46.73%)  [34mtps: 4,608  [36mtflops: 222.36  [35mmfu: 22.48%[39m
[rank0]:[titan] 2026-03-17 10:58:21,635 - root - INFO - [31mstep: 2131  [32mloss:  2.6875  [38;2;180;60;0mgrad_norm:  0.9440  [38;2;54;234;195mmemory: 37.12GiB(46.73%)  [34mtps: 4,570  [36mtflops: 220.50  [35mmfu: 22.29%[39m
[rank0]:[titan] 2026-03-17 10:58:22,085 - root - INFO - [31mstep: 2132  [32mloss:  2.6875  [38;2;180;60;0mgrad_norm:  0.6867  [38;2;54;234;195mmemory: 37.12GiB(46.73%)  [34mtps: 4,558  [36mtflops: 219.92  [35mmfu: 22.24%[39m
[rank0]:[titan] 2026-03-17 10:58:22,532 - root - INFO - [31mstep: 2133  [32mloss:  2.6250  [38;2;180;60;0mgrad_norm:  0.9832  [38;2;54;234;195mmemory: 37.12GiB(46.73%)  [34mtps: 4,589  [36mtflops: 221.41  [35mmfu: 22.39%[39m
[rank0]:[titan] 2026-03-17 10:58:22,976 - root - INFO - [31mstep: 2134  [32mloss:  2.6562  [38;2;180;60;0mgrad_norm:  1.0635  [38;2;54;234;195mmemory: 37.12GiB(46.73%)  [34mtps: 4,614  [36mtflops: 222.63  [35mmfu: 22.51%[39m
[rank0]:[titan] 2026-03-17 10:58:23,424 - root - INFO - [31mstep: 2135  [32mloss:  2.6562  [38;2;180;60;0mgrad_norm:  1.0348  [38;2;54;234;195mmemory: 37.12GiB(46.73%)  [34mtps: 4,583  [36mtflops: 221.12  [35mmfu: 22.36%[39m
[rank0]:[titan] 2026-03-17 10:58:23,869 - root - INFO - [31mstep: 2136  [32mloss:  2.6875  [38;2;180;60;0mgrad_norm:  0.8047  [38;2;54;234;195mmemory: 37.12GiB(46.73%)  [34mtps: 4,609  [36mtflops: 222.40  [35mmfu: 22.49%[39m
[rank0]:[titan] 2026-03-17 10:58:24,315 - root - INFO - [31mstep: 2137  [32mloss:  2.6719  [38;2;180;60;0mgrad_norm:  1.1212  [38;2;54;234;195mmemory: 37.12GiB(46.73%)  [34mtps: 4,596  [36mtflops: 221.76  [35mmfu: 22.42%[39m
[rank0]:[titan] 2026-03-17 10:58:24,766 - root - INFO - [31mstep: 2138  [32mloss:  2.7188  [38;2;180;60;0mgrad_norm:  1.1511  [38;2;54;234;195mmemory: 37.12GiB(46.73%)  [34mtps: 4,541  [36mtflops: 219.12  [35mmfu: 22.16%[39m
[rank0]:[titan] 2026-03-17 10:58:25,212 - root - INFO - [31mstep: 2139  [32mloss:  2.7500  [38;2;180;60;0mgrad_norm:  0.9663  [38;2;54;234;195mmemory: 37.12GiB(46.73%)  [34mtps: 4,601  [36mtflops: 221.99  [35mmfu: 22.45%[39m
[rank0]:[titan] 2026-03-17 10:58:25,661 - root - INFO - [31mstep: 2140  [32mloss:  2.7969  [38;2;180;60;0mgrad_norm:  1.0342  [38;2;54;234;195mmemory: 37.12GiB(46.73%)  [34mtps: 4,571  [36mtflops: 220.57  [35mmfu: 22.30%[39m
[rank0]:[titan] 2026-03-17 10:58:26,107 - root - INFO - [31mstep: 2141  [32mloss:  2.7812  [38;2;180;60;0mgrad_norm:  1.2445  [38;2;54;234;195mmemory: 37.12GiB(46.73%)  [34mtps: 4,588  [36mtflops: 221.39  [35mmfu: 22.38%[39m
[rank0]:[titan] 2026-03-17 10:58:26,560 - root - INFO - [31mstep: 2142  [32mloss:  2.7656  [38;2;180;60;0mgrad_norm:  1.2213  [38;2;54;234;195mmemory: 37.12GiB(46.73%)  [34mtps: 4,533  [36mtflops: 218.70  [35mmfu: 22.11%[39m
[rank0]:[titan] 2026-03-17 10:58:27,007 - root - INFO - [31mstep: 2143  [32mloss:  2.7500  [38;2;180;60;0mgrad_norm:  1.0514  [38;2;54;234;195mmemory: 37.12GiB(46.73%)  [34mtps: 4,586  [36mtflops: 221.29  [35mmfu: 22.38%[39m
[rank0]:[titan] 2026-03-17 10:58:27,459 - root - INFO - [31mstep: 2144  [32mloss:  2.7188  [38;2;180;60;0mgrad_norm:  0.9312  [38;2;54;234;195mmemory: 37.12GiB(46.73%)  [34mtps: 4,538  [36mtflops: 218.94  [35mmfu: 22.14%[39m
[rank0]:[titan] 2026-03-17 10:58:27,907 - root - INFO - [31mstep: 2145  [32mloss:  2.7188  [38;2;180;60;0mgrad_norm:  1.0920  [38;2;54;234;195mmemory: 37.12GiB(46.73%)  [34mtps: 4,575  [36mtflops: 220.77  [35mmfu: 22.32%[39m
[rank0]:[titan] 2026-03-17 10:58:28,354 - root - INFO - [31mstep: 2146  [32mloss:  2.7031  [38;2;180;60;0mgrad_norm:  1.1544  [38;2;54;234;195mmemory: 37.12GiB(46.73%)  [34mtps: 4,586  [36mtflops: 221.26  [35mmfu: 22.37%[39m
[rank0]:[titan] 2026-03-17 10:58:28,800 - root - INFO - [31mstep: 2147  [32mloss:  2.6875  [38;2;180;60;0mgrad_norm:  1.1000  [38;2;54;234;195mmemory: 37.12GiB(46.73%)  [34mtps: 4,599  [36mtflops: 221.91  [35mmfu: 22.44%[39m
[rank0]:[titan] 2026-03-17 10:58:29,255 - root - INFO - [31mstep: 2148  [32mloss:  2.7188  [38;2;180;60;0mgrad_norm:  0.8419  [38;2;54;234;195mmemory: 37.12GiB(46.73%)  [34mtps: 4,508  [36mtflops: 217.52  [35mmfu: 21.99%[39m
[rank0]:[titan] 2026-03-17 10:58:29,700 - root - INFO - [31mstep: 2149  [32mloss:  2.7500  [38;2;180;60;0mgrad_norm:  1.1869  [38;2;54;234;195mmemory: 37.12GiB(46.73%)  [34mtps: 4,607  [36mtflops: 222.27  [35mmfu: 22.47%[39m
[rank0]:[titan] 2026-03-17 10:58:30,145 - root - INFO - [31mstep: 2150  [32mloss:  2.7188  [38;2;180;60;0mgrad_norm:  0.9672  [38;2;54;234;195mmemory: 37.12GiB(46.73%)  [34mtps: 4,606  [36mtflops: 222.23  [35mmfu: 22.47%[39m
[rank0]:[titan] 2026-03-17 10:58:30,595 - root - INFO - [31mstep: 2151  [32mloss:  2.7344  [38;2;180;60;0mgrad_norm:  0.9468  [38;2;54;234;195mmemory: 37.12GiB(46.73%)  [34mtps: 4,555  [36mtflops: 219.78  [35mmfu: 22.22%[39m
[rank0]:[titan] 2026-03-17 10:58:31,042 - root - INFO - [31mstep: 2152  [32mloss:  2.7344  [38;2;180;60;0mgrad_norm:  0.9751  [38;2;54;234;195mmemory: 37.12GiB(46.73%)  [34mtps: 4,593  [36mtflops: 221.62  [35mmfu: 22.41%[39m
[rank0]:[titan] 2026-03-17 10:58:31,491 - root - INFO - [31mstep: 2153  [32mloss:  2.6562  [38;2;180;60;0mgrad_norm:  0.7366  [38;2;54;234;195mmemory: 37.12GiB(46.73%)  [34mtps: 4,563  [36mtflops: 220.17  [35mmfu: 22.26%[39m
[rank0]:[titan] 2026-03-17 10:58:31,938 - root - INFO - [31mstep: 2154  [32mloss:  2.7188  [38;2;180;60;0mgrad_norm:  1.0226  [38;2;54;234;195mmemory: 37.12GiB(46.73%)  [34mtps: 4,591  [36mtflops: 221.52  [35mmfu: 22.40%[39m
[rank0]:[titan] 2026-03-17 10:58:32,386 - root - INFO - [31mstep: 2155  [32mloss:  2.6875  [38;2;180;60;0mgrad_norm:  1.1221  [38;2;54;234;195mmemory: 37.12GiB(46.73%)  [34mtps: 4,579  [36mtflops: 220.92  [35mmfu: 22.34%[39m
[rank0]:[titan] 2026-03-17 10:58:32,834 - root - INFO - [31mstep: 2156  [32mloss:  2.7188  [38;2;180;60;0mgrad_norm:  0.9636  [38;2;54;234;195mmemory: 37.12GiB(46.73%)  [34mtps: 4,573  [36mtflops: 220.66  [35mmfu: 22.31%[39m
[rank0]:[titan] 2026-03-17 10:58:33,285 - root - INFO - [31mstep: 2157  [32mloss:  2.7500  [38;2;180;60;0mgrad_norm:  1.1928  [38;2;54;234;195mmemory: 37.12GiB(46.73%)  [34mtps: 4,548  [36mtflops: 219.45  [35mmfu: 22.19%[39m
[rank0]:[titan] 2026-03-17 10:58:33,745 - root - INFO - [31mstep: 2158  [32mloss:  2.7344  [38;2;180;60;0mgrad_norm:  0.9604  [38;2;54;234;195mmemory: 37.12GiB(46.73%)  [34mtps: 4,461  [36mtflops: 215.24  [35mmfu: 21.76%[39m
[rank0]:[titan] 2026-03-17 10:58:34,191 - root - INFO - [31mstep: 2159  [32mloss:  2.6719  [38;2;180;60;0mgrad_norm:  0.8399  [38;2;54;234;195mmemory: 37.12GiB(46.73%)  [34mtps: 4,600  [36mtflops: 221.97  [35mmfu: 22.44%[39m
[rank0]:[titan] 2026-03-17 10:58:34,645 - root - INFO - [31mstep: 2160  [32mloss:  2.6875  [38;2;180;60;0mgrad_norm:  0.8337  [38;2;54;234;195mmemory: 37.12GiB(46.73%)  [34mtps: 4,510  [36mtflops: 217.61  [35mmfu: 22.00%[39m
[rank0]:[titan] 2026-03-17 10:58:35,091 - root - INFO - [31mstep: 2161  [32mloss:  2.7031  [38;2;180;60;0mgrad_norm:  0.8398  [38;2;54;234;195mmemory: 37.12GiB(46.73%)  [34mtps: 4,601  [36mtflops: 222.01  [35mmfu: 22.45%[39m
[rank0]:[titan] 2026-03-17 10:58:35,534 - root - INFO - [31mstep: 2162  [32mloss:  2.7344  [38;2;180;60;0mgrad_norm:  1.1548  [38;2;54;234;195mmemory: 37.12GiB(46.73%)  [34mtps: 4,629  [36mtflops: 223.37  [35mmfu: 22.59%[39m
[rank0]:[titan] 2026-03-17 10:58:35,984 - root - INFO - [31mstep: 2163  [32mloss:  2.7500  [38;2;180;60;0mgrad_norm:  1.2411  [38;2;54;234;195mmemory: 37.12GiB(46.73%)  [34mtps: 4,562  [36mtflops: 220.10  [35mmfu: 22.25%[39m
[rank0]:[titan] 2026-03-17 10:58:36,429 - root - INFO - [31mstep: 2164  [32mloss:  2.7344  [38;2;180;60;0mgrad_norm:  0.9916  [38;2;54;234;195mmemory: 37.12GiB(46.73%)  [34mtps: 4,598  [36mtflops: 221.86  [35mmfu: 22.43%[39m
[rank0]:[titan] 2026-03-17 10:58:36,875 - root - INFO - [31mstep: 2165  [32mloss:  2.7188  [38;2;180;60;0mgrad_norm:  0.7305  [38;2;54;234;195mmemory: 37.12GiB(46.73%)  [34mtps: 4,605  [36mtflops: 222.17  [35mmfu: 22.46%[39m
[rank0]:[titan] 2026-03-17 10:58:37,322 - root - INFO - [31mstep: 2166  [32mloss:  2.7031  [38;2;180;60;0mgrad_norm:  1.0069  [38;2;54;234;195mmemory: 37.12GiB(46.73%)  [34mtps: 4,583  [36mtflops: 221.12  [35mmfu: 22.36%[39m
[rank0]:[titan] 2026-03-17 10:58:37,769 - root - INFO - [31mstep: 2167  [32mloss:  2.6562  [38;2;180;60;0mgrad_norm:  1.1905  [38;2;54;234;195mmemory: 37.12GiB(46.73%)  [34mtps: 4,592  [36mtflops: 221.55  [35mmfu: 22.40%[39m
[rank0]:[titan] 2026-03-17 10:58:38,223 - root - INFO - [31mstep: 2168  [32mloss:  2.7188  [38;2;180;60;0mgrad_norm:  1.0761  [38;2;54;234;195mmemory: 37.12GiB(46.73%)  [34mtps: 4,519  [36mtflops: 218.05  [35mmfu: 22.05%[39m
[rank0]:[titan] 2026-03-17 10:58:38,669 - root - INFO - [31mstep: 2169  [32mloss:  2.6875  [38;2;180;60;0mgrad_norm:  4.2386  [38;2;54;234;195mmemory: 37.12GiB(46.73%)  [34mtps: 4,596  [36mtflops: 221.78  [35mmfu: 22.42%[39m
[rank0]:[titan] 2026-03-17 10:58:39,113 - root - INFO - [31mstep: 2170  [32mloss:  2.6875  [38;2;180;60;0mgrad_norm:  1.0126  [38;2;54;234;195mmemory: 37.12GiB(46.73%)  [34mtps: 4,613  [36mtflops: 222.60  [35mmfu: 22.51%[39m
[rank0]:[titan] 2026-03-17 10:58:39,562 - root - INFO - [31mstep: 2171  [32mloss:  2.6562  [38;2;180;60;0mgrad_norm:  0.9707  [38;2;54;234;195mmemory: 37.12GiB(46.73%)  [34mtps: 4,568  [36mtflops: 220.39  [35mmfu: 22.28%[39m
[rank0]:[titan] 2026-03-17 10:58:40,010 - root - INFO - [31mstep: 2172  [32mloss:  2.7500  [38;2;180;60;0mgrad_norm:  1.1114  [38;2;54;234;195mmemory: 37.12GiB(46.73%)  [34mtps: 4,575  [36mtflops: 220.74  [35mmfu: 22.32%[39m
[rank0]:[titan] 2026-03-17 10:58:40,456 - root - INFO - [31mstep: 2173  [32mloss:  2.6875  [38;2;180;60;0mgrad_norm:  1.2742  [38;2;54;234;195mmemory: 37.12GiB(46.73%)  [34mtps: 4,597  [36mtflops: 221.82  [35mmfu: 22.43%[39m
[rank0]:[titan] 2026-03-17 10:58:40,902 - root - INFO - [31mstep: 2174  [32mloss:  2.6875  [38;2;180;60;0mgrad_norm:  1.0820  [38;2;54;234;195mmemory: 37.12GiB(46.73%)  [34mtps: 4,603  [36mtflops: 222.12  [35mmfu: 22.46%[39m
[rank0]:[titan] 2026-03-17 10:58:41,350 - root - INFO - [31mstep: 2175  [32mloss:  2.7500  [38;2;180;60;0mgrad_norm:  0.9197  [38;2;54;234;195mmemory: 37.12GiB(46.73%)  [34mtps: 4,573  [36mtflops: 220.64  [35mmfu: 22.31%[39m
[rank0]:[titan] 2026-03-17 10:58:41,798 - root - INFO - [31mstep: 2176  [32mloss:  2.6719  [38;2;180;60;0mgrad_norm:  1.2758  [38;2;54;234;195mmemory: 37.12GiB(46.73%)  [34mtps: 4,578  [36mtflops: 220.88  [35mmfu: 22.33%[39m
[rank0]:[titan] 2026-03-17 10:58:42,245 - root - INFO - [31mstep: 2177  [32mloss:  2.7188  [38;2;180;60;0mgrad_norm:  1.5170  [38;2;54;234;195mmemory: 37.12GiB(46.73%)  [34mtps: 4,591  [36mtflops: 221.54  [35mmfu: 22.40%[39m
[rank0]:[titan] 2026-03-17 10:58:42,695 - root - INFO - [31mstep: 2178  [32mloss:  2.7188  [38;2;180;60;0mgrad_norm:  1.2916  [38;2;54;234;195mmemory: 37.12GiB(46.73%)  [34mtps: 4,558  [36mtflops: 219.91  [35mmfu: 22.24%[39m
[rank0]:[titan] 2026-03-17 10:58:43,141 - root - INFO - [31mstep: 2179  [32mloss:  2.7031  [38;2;180;60;0mgrad_norm:  0.9075  [38;2;54;234;195mmemory: 37.12GiB(46.73%)  [34mtps: 4,592  [36mtflops: 221.56  [35mmfu: 22.40%[39m
[rank0]:[titan] 2026-03-17 10:58:43,603 - root - INFO - [31mstep: 2180  [32mloss:  2.6562  [38;2;180;60;0mgrad_norm:  0.9349  [38;2;54;234;195mmemory: 37.12GiB(46.73%)  [34mtps: 4,444  [36mtflops: 214.40  [35mmfu: 21.68%[39m
[rank0]:[titan] 2026-03-17 10:58:44,048 - root - INFO - [31mstep: 2181  [32mloss:  2.6875  [38;2;180;60;0mgrad_norm:  1.0264  [38;2;54;234;195mmemory: 37.12GiB(46.73%)  [34mtps: 4,601  [36mtflops: 221.98  [35mmfu: 22.45%[39m
[rank0]:[titan] 2026-03-17 10:58:44,494 - root - INFO - [31mstep: 2182  [32mloss:  2.7500  [38;2;180;60;0mgrad_norm:  0.7802  [38;2;54;234;195mmemory: 37.12GiB(46.73%)  [34mtps: 4,600  [36mtflops: 221.96  [35mmfu: 22.44%[39m
[rank0]:[titan] 2026-03-17 10:58:44,941 - root - INFO - [31mstep: 2183  [32mloss:  2.6875  [38;2;180;60;0mgrad_norm:  1.0941  [38;2;54;234;195mmemory: 37.12GiB(46.73%)  [34mtps: 4,593  [36mtflops: 221.60  [35mmfu: 22.41%[39m
[rank0]:[titan] 2026-03-17 10:58:45,396 - root - INFO - [31mstep: 2184  [32mloss:  2.7344  [38;2;180;60;0mgrad_norm:  0.8022  [38;2;54;234;195mmemory: 37.12GiB(46.73%)  [34mtps: 4,498  [36mtflops: 217.03  [35mmfu: 21.94%[39m
[rank0]:[titan] 2026-03-17 10:58:45,853 - root - INFO - [31mstep: 2185  [32mloss:  2.8281  [38;2;180;60;0mgrad_norm:  0.9425  [38;2;54;234;195mmemory: 37.12GiB(46.73%)  [34mtps: 4,488  [36mtflops: 216.55  [35mmfu: 21.90%[39m
[rank0]:[titan] 2026-03-17 10:58:46,299 - root - INFO - [31mstep: 2186  [32mloss:  2.8125  [38;2;180;60;0mgrad_norm:  1.1112  [38;2;54;234;195mmemory: 37.12GiB(46.73%)  [34mtps: 4,600  [36mtflops: 221.97  [35mmfu: 22.44%[39m
[rank0]:[titan] 2026-03-17 10:58:46,747 - root - INFO - [31mstep: 2187  [32mloss:  2.7969  [38;2;180;60;0mgrad_norm:  1.1054  [38;2;54;234;195mmemory: 37.12GiB(46.73%)  [34mtps: 4,582  [36mtflops: 221.09  [35mmfu: 22.35%[39m
[rank0]:[titan] 2026-03-17 10:58:47,192 - root - INFO - [31mstep: 2188  [32mloss:  2.6875  [38;2;180;60;0mgrad_norm:  1.2427  [38;2;54;234;195mmemory: 37.12GiB(46.73%)  [34mtps: 4,606  [36mtflops: 222.24  [35mmfu: 22.47%[39m
[rank0]:[titan] 2026-03-17 10:58:47,639 - root - INFO - [31mstep: 2189  [32mloss:  2.7031  [38;2;180;60;0mgrad_norm:  0.8895  [38;2;54;234;195mmemory: 37.12GiB(46.73%)  [34mtps: 4,584  [36mtflops: 221.18  [35mmfu: 22.36%[39m
[rank0]:[titan] 2026-03-17 10:58:48,086 - root - INFO - [31mstep: 2190  [32mloss:  2.6875  [38;2;180;60;0mgrad_norm:  0.7240  [38;2;54;234;195mmemory: 37.12GiB(46.73%)  [34mtps: 4,589  [36mtflops: 221.43  [35mmfu: 22.39%[39m
[rank0]:[titan] 2026-03-17 10:58:48,533 - root - INFO - [31mstep: 2191  [32mloss:  2.7188  [38;2;180;60;0mgrad_norm:  1.2909  [38;2;54;234;195mmemory: 37.12GiB(46.73%)  [34mtps: 4,584  [36mtflops: 221.18  [35mmfu: 22.36%[39m
[rank0]:[titan] 2026-03-17 10:58:48,981 - root - INFO - [31mstep: 2192  [32mloss:  2.7344  [38;2;180;60;0mgrad_norm:  1.2790  [38;2;54;234;195mmemory: 37.12GiB(46.73%)  [34mtps: 4,577  [36mtflops: 220.84  [35mmfu: 22.33%[39m
[rank0]:[titan] 2026-03-17 10:58:49,428 - root - INFO - [31mstep: 2193  [32mloss:  2.6562  [38;2;180;60;0mgrad_norm:  1.1558  [38;2;54;234;195mmemory: 37.12GiB(46.73%)  [34mtps: 4,593  [36mtflops: 221.60  [35mmfu: 22.41%[39m
[rank0]:[titan] 2026-03-17 10:58:49,872 - root - INFO - [31mstep: 2194  [32mloss:  2.7500  [38;2;180;60;0mgrad_norm:  1.1394  [38;2;54;234;195mmemory: 37.12GiB(46.73%)  [34mtps: 4,617  [36mtflops: 222.75  [35mmfu: 22.52%[39m
[rank0]:[titan] 2026-03-17 10:58:50,327 - root - INFO - [31mstep: 2195  [32mloss:  2.7031  [38;2;180;60;0mgrad_norm:  0.9772  [38;2;54;234;195mmemory: 37.12GiB(46.73%)  [34mtps: 4,502  [36mtflops: 217.21  [35mmfu: 21.96%[39m
[rank0]:[titan] 2026-03-17 10:58:50,774 - root - INFO - [31mstep: 2196  [32mloss:  2.6562  [38;2;180;60;0mgrad_norm:  0.8956  [38;2;54;234;195mmemory: 37.12GiB(46.73%)  [34mtps: 4,590  [36mtflops: 221.48  [35mmfu: 22.39%[39m
[rank0]:[titan] 2026-03-17 10:58:51,222 - root - INFO - [31mstep: 2197  [32mloss:  2.6719  [38;2;180;60;0mgrad_norm:  1.1140  [38;2;54;234;195mmemory: 37.12GiB(46.73%)  [34mtps: 4,575  [36mtflops: 220.77  [35mmfu: 22.32%[39m
[rank0]:[titan] 2026-03-17 10:58:51,677 - root - INFO - [31mstep: 2198  [32mloss:  2.6562  [38;2;180;60;0mgrad_norm:  0.9993  [38;2;54;234;195mmemory: 37.12GiB(46.73%)  [34mtps: 4,510  [36mtflops: 217.62  [35mmfu: 22.00%[39m
[rank0]:[titan] 2026-03-17 10:58:52,125 - root - INFO - [31mstep: 2199  [32mloss:  2.6875  [38;2;180;60;0mgrad_norm:  0.9755  [38;2;54;234;195mmemory: 37.12GiB(46.73%)  [34mtps: 4,579  [36mtflops: 220.94  [35mmfu: 22.34%[39m
[rank0]:[titan] 2026-03-17 10:58:52,569 - root - INFO - [31mstep: 2200  [32mloss:  2.7188  [38;2;180;60;0mgrad_norm:  0.6779  [38;2;54;234;195mmemory: 37.12GiB(46.73%)  [34mtps: 4,615  [36mtflops: 222.68  [35mmfu: 22.52%[39m
[rank0]:[titan] 2026-03-17 10:58:53,018 - root - INFO - [31mstep: 2201  [32mloss:  2.6875  [38;2;180;60;0mgrad_norm:  1.0652  [38;2;54;234;195mmemory: 37.12GiB(46.73%)  [34mtps: 4,572  [36mtflops: 220.62  [35mmfu: 22.31%[39m
[rank0]:[titan] 2026-03-17 10:58:53,466 - root - INFO - [31mstep: 2202  [32mloss:  2.6094  [38;2;180;60;0mgrad_norm:  1.3330  [38;2;54;234;195mmemory: 37.12GiB(46.73%)  [34mtps: 4,569  [36mtflops: 220.46  [35mmfu: 22.29%[39m
[rank0]:[titan] 2026-03-17 10:58:53,910 - root - INFO - [31mstep: 2203  [32mloss:  2.6094  [38;2;180;60;0mgrad_norm:  0.9612  [38;2;54;234;195mmemory: 37.12GiB(46.73%)  [34mtps: 4,619  [36mtflops: 222.88  [35mmfu: 22.54%[39m
[rank0]:[titan] 2026-03-17 10:58:54,357 - root - INFO - [31mstep: 2204  [32mloss:  2.6250  [38;2;180;60;0mgrad_norm:  0.9495  [38;2;54;234;195mmemory: 37.12GiB(46.73%)  [34mtps: 4,588  [36mtflops: 221.38  [35mmfu: 22.38%[39m
[rank0]:[titan] 2026-03-17 10:58:54,804 - root - INFO - [31mstep: 2205  [32mloss:  2.6562  [38;2;180;60;0mgrad_norm:  0.9815  [38;2;54;234;195mmemory: 37.12GiB(46.73%)  [34mtps: 4,588  [36mtflops: 221.37  [35mmfu: 22.38%[39m
[rank0]:[titan] 2026-03-17 10:58:55,251 - root - INFO - [31mstep: 2206  [32mloss:  2.6406  [38;2;180;60;0mgrad_norm:  1.1954  [38;2;54;234;195mmemory: 37.12GiB(46.73%)  [34mtps: 4,590  [36mtflops: 221.48  [35mmfu: 22.39%[39m
[rank0]:[titan] 2026-03-17 10:58:55,706 - root - INFO - [31mstep: 2207  [32mloss:  2.6875  [38;2;180;60;0mgrad_norm:  0.9299  [38;2;54;234;195mmemory: 37.12GiB(46.73%)  [34mtps: 4,509  [36mtflops: 217.59  [35mmfu: 22.00%[39m
[rank0]:[titan] 2026-03-17 10:58:56,150 - root - INFO - [31mstep: 2208  [32mloss:  2.6406  [38;2;180;60;0mgrad_norm:  0.7814  [38;2;54;234;195mmemory: 37.12GiB(46.73%)  [34mtps: 4,611  [36mtflops: 222.47  [35mmfu: 22.49%[39m
[rank0]:[titan] 2026-03-17 10:58:56,608 - root - INFO - [31mstep: 2209  [32mloss:  2.6562  [38;2;180;60;0mgrad_norm:  0.9407  [38;2;54;234;195mmemory: 37.12GiB(46.73%)  [34mtps: 4,483  [36mtflops: 216.33  [35mmfu: 21.87%[39m
[rank0]:[titan] 2026-03-17 10:58:57,060 - root - INFO - [31mstep: 2210  [32mloss:  2.6875  [38;2;180;60;0mgrad_norm: 15.7403  [38;2;54;234;195mmemory: 37.12GiB(46.73%)  [34mtps: 4,532  [36mtflops: 218.68  [35mmfu: 22.11%[39m
[rank0]:[titan] 2026-03-17 10:58:57,506 - root - INFO - [31mstep: 2211  [32mloss:  2.6406  [38;2;180;60;0mgrad_norm:  1.3339  [38;2;54;234;195mmemory: 37.12GiB(46.73%)  [34mtps: 4,601  [36mtflops: 222.00  [35mmfu: 22.45%[39m
[rank0]:[titan] 2026-03-17 10:58:57,952 - root - INFO - [31mstep: 2212  [32mloss:  2.7812  [38;2;180;60;0mgrad_norm:  1.1758  [38;2;54;234;195mmemory: 37.12GiB(46.73%)  [34mtps: 4,593  [36mtflops: 221.62  [35mmfu: 22.41%[39m
[rank0]:[titan] 2026-03-17 10:58:58,399 - root - INFO - [31mstep: 2213  [32mloss:  2.7344  [38;2;180;60;0mgrad_norm:  0.8022  [38;2;54;234;195mmemory: 37.12GiB(46.73%)  [34mtps: 4,594  [36mtflops: 221.68  [35mmfu: 22.41%[39m
[rank0]:[titan] 2026-03-17 10:58:58,845 - root - INFO - [31mstep: 2214  [32mloss:  2.6719  [38;2;180;60;0mgrad_norm:  0.8815  [38;2;54;234;195mmemory: 37.12GiB(46.73%)  [34mtps: 4,597  [36mtflops: 221.82  [35mmfu: 22.43%[39m
[rank0]:[titan] 2026-03-17 10:58:59,295 - root - INFO - [31mstep: 2215  [32mloss:  2.6562  [38;2;180;60;0mgrad_norm:  1.1566  [38;2;54;234;195mmemory: 37.12GiB(46.73%)  [34mtps: 4,564  [36mtflops: 220.23  [35mmfu: 22.27%[39m
[rank0]:[titan] 2026-03-17 10:58:59,741 - root - INFO - [31mstep: 2216  [32mloss:  2.7188  [38;2;180;60;0mgrad_norm:  1.1523  [38;2;54;234;195mmemory: 37.12GiB(46.73%)  [34mtps: 4,591  [36mtflops: 221.50  [35mmfu: 22.40%[39m
[rank0]:[titan] 2026-03-17 10:59:00,199 - root - INFO - [31mstep: 2217  [32mloss:  2.6875  [38;2;180;60;0mgrad_norm:  0.6539  [38;2;54;234;195mmemory: 37.12GiB(46.73%)  [34mtps: 4,480  [36mtflops: 216.16  [35mmfu: 21.86%[39m
[rank0]:[titan] 2026-03-17 10:59:00,647 - root - INFO - [31mstep: 2218  [32mloss:  2.6719  [38;2;180;60;0mgrad_norm:  0.7945  [38;2;54;234;195mmemory: 37.12GiB(46.73%)  [34mtps: 4,578  [36mtflops: 220.91  [35mmfu: 22.34%[39m
[rank0]:[titan] 2026-03-17 10:59:01,091 - root - INFO - [31mstep: 2219  [32mloss:  2.6094  [38;2;180;60;0mgrad_norm:  1.2875  [38;2;54;234;195mmemory: 37.12GiB(46.73%)  [34mtps: 4,620  [36mtflops: 222.94  [35mmfu: 22.54%[39m
[rank0]:[titan] 2026-03-17 10:59:01,537 - root - INFO - [31mstep: 2220  [32mloss:  2.6719  [38;2;180;60;0mgrad_norm:  0.8789  [38;2;54;234;195mmemory: 37.12GiB(46.73%)  [34mtps: 4,591  [36mtflops: 221.51  [35mmfu: 22.40%[39m
[rank0]:[titan] 2026-03-17 10:59:01,984 - root - INFO - [31mstep: 2221  [32mloss:  2.6562  [38;2;180;60;0mgrad_norm:  0.7560  [38;2;54;234;195mmemory: 37.12GiB(46.73%)  [34mtps: 4,590  [36mtflops: 221.46  [35mmfu: 22.39%[39m
[rank0]:[titan] 2026-03-17 10:59:02,431 - root - INFO - [31mstep: 2222  [32mloss:  2.7344  [38;2;180;60;0mgrad_norm:  0.7764  [38;2;54;234;195mmemory: 37.12GiB(46.73%)  [34mtps: 4,594  [36mtflops: 221.67  [35mmfu: 22.41%[39m
[rank0]:[titan] 2026-03-17 10:59:02,877 - root - INFO - [31mstep: 2223  [32mloss:  2.7188  [38;2;180;60;0mgrad_norm:  0.7828  [38;2;54;234;195mmemory: 37.12GiB(46.73%)  [34mtps: 4,595  [36mtflops: 221.73  [35mmfu: 22.42%[39m
[rank0]:[titan] 2026-03-17 10:59:03,323 - root - INFO - [31mstep: 2224  [32mloss:  2.7031  [38;2;180;60;0mgrad_norm:  0.6880  [38;2;54;234;195mmemory: 37.12GiB(46.73%)  [34mtps: 4,601  [36mtflops: 221.99  [35mmfu: 22.45%[39m
[rank0]:[titan] 2026-03-17 10:59:03,772 - root - INFO - [31mstep: 2225  [32mloss:  2.6719  [38;2;180;60;0mgrad_norm:  0.8368  [38;2;54;234;195mmemory: 37.12GiB(46.73%)  [34mtps: 4,556  [36mtflops: 219.83  [35mmfu: 22.23%[39m
[rank0]:[titan] 2026-03-17 10:59:04,218 - root - INFO - [31mstep: 2226  [32mloss:  2.7188  [38;2;180;60;0mgrad_norm:  1.0080  [38;2;54;234;195mmemory: 37.12GiB(46.73%)  [34mtps: 4,601  [36mtflops: 222.01  [35mmfu: 22.45%[39m
[rank0]:[titan] 2026-03-17 10:59:04,673 - root - INFO - [31mstep: 2227  [32mloss:  2.6875  [38;2;180;60;0mgrad_norm:  0.9059  [38;2;54;234;195mmemory: 37.12GiB(46.73%)  [34mtps: 4,510  [36mtflops: 217.62  [35mmfu: 22.00%[39m
[rank0]:[titan] 2026-03-17 10:59:05,123 - root - INFO - [31mstep: 2228  [32mloss:  2.6562  [38;2;180;60;0mgrad_norm:  1.0571  [38;2;54;234;195mmemory: 37.12GiB(46.73%)  [34mtps: 4,558  [36mtflops: 219.95  [35mmfu: 22.24%[39m
[rank0]:[titan] 2026-03-17 10:59:05,567 - root - INFO - [31mstep: 2229  [32mloss:  2.6562  [38;2;180;60;0mgrad_norm:  0.7839  [38;2;54;234;195mmemory: 37.12GiB(46.73%)  [34mtps: 4,611  [36mtflops: 222.49  [35mmfu: 22.50%[39m
[rank0]:[titan] 2026-03-17 10:59:06,013 - root - INFO - [31mstep: 2230  [32mloss:  2.6875  [38;2;180;60;0mgrad_norm:  0.8745  [38;2;54;234;195mmemory: 37.12GiB(46.73%)  [34mtps: 4,602  [36mtflops: 222.05  [35mmfu: 22.45%[39m
[rank0]:[titan] 2026-03-17 10:59:06,458 - root - INFO - [31mstep: 2231  [32mloss:  2.6875  [38;2;180;60;0mgrad_norm:  0.9558  [38;2;54;234;195mmemory: 37.12GiB(46.73%)  [34mtps: 4,607  [36mtflops: 222.31  [35mmfu: 22.48%[39m
[rank0]:[titan] 2026-03-17 10:59:06,907 - root - INFO - [31mstep: 2232  [32mloss:  2.6875  [38;2;180;60;0mgrad_norm:  0.8895  [38;2;54;234;195mmemory: 37.12GiB(46.73%)  [34mtps: 4,567  [36mtflops: 220.37  [35mmfu: 22.28%[39m
[rank0]:[titan] 2026-03-17 10:59:07,352 - root - INFO - [31mstep: 2233  [32mloss:  2.7188  [38;2;180;60;0mgrad_norm:  1.3834  [38;2;54;234;195mmemory: 37.12GiB(46.73%)  [34mtps: 4,614  [36mtflops: 222.65  [35mmfu: 22.51%[39m
[rank0]:[titan] 2026-03-17 10:59:07,797 - root - INFO - [31mstep: 2234  [32mloss:  2.7188  [38;2;180;60;0mgrad_norm:  1.4651  [38;2;54;234;195mmemory: 37.12GiB(46.73%)  [34mtps: 4,600  [36mtflops: 221.96  [35mmfu: 22.44%[39m
[rank0]:[titan] 2026-03-17 10:59:08,245 - root - INFO - [31mstep: 2235  [32mloss:  2.7188  [38;2;180;60;0mgrad_norm:  1.0062  [38;2;54;234;195mmemory: 37.12GiB(46.73%)  [34mtps: 4,578  [36mtflops: 220.91  [35mmfu: 22.34%[39m
[rank0]:[titan] 2026-03-17 10:59:08,733 - root - INFO - [31mstep: 2236  [32mloss:  2.7188  [38;2;180;60;0mgrad_norm:  0.9019  [38;2;54;234;195mmemory: 37.12GiB(46.73%)  [34mtps: 4,207  [36mtflops: 202.98  [35mmfu: 20.52%[39m
[rank0]:[titan] 2026-03-17 10:59:09,177 - root - INFO - [31mstep: 2237  [32mloss:  2.6875  [38;2;180;60;0mgrad_norm:  1.3036  [38;2;54;234;195mmemory: 37.12GiB(46.73%)  [34mtps: 4,610  [36mtflops: 222.43  [35mmfu: 22.49%[39m
[rank0]:[titan] 2026-03-17 10:59:09,631 - root - INFO - [31mstep: 2238  [32mloss:  2.6719  [38;2;180;60;0mgrad_norm:  0.8622  [38;2;54;234;195mmemory: 37.12GiB(46.73%)  [34mtps: 4,521  [36mtflops: 218.16  [35mmfu: 22.06%[39m
[rank0]:[titan] 2026-03-17 10:59:10,077 - root - INFO - [31mstep: 2239  [32mloss:  2.7031  [38;2;180;60;0mgrad_norm:  0.6688  [38;2;54;234;195mmemory: 37.12GiB(46.73%)  [34mtps: 4,599  [36mtflops: 221.92  [35mmfu: 22.44%[39m
[rank0]:[titan] 2026-03-17 10:59:10,521 - root - INFO - [31mstep: 2240  [32mloss:  2.6875  [38;2;180;60;0mgrad_norm:  0.7163  [38;2;54;234;195mmemory: 37.12GiB(46.73%)  [34mtps: 4,614  [36mtflops: 222.64  [35mmfu: 22.51%[39m
[rank0]:[titan] 2026-03-17 10:59:10,968 - root - INFO - [31mstep: 2241  [32mloss:  2.6875  [38;2;180;60;0mgrad_norm:  1.0248  [38;2;54;234;195mmemory: 37.12GiB(46.73%)  [34mtps: 4,593  [36mtflops: 221.60  [35mmfu: 22.41%[39m
[rank0]:[titan] 2026-03-17 10:59:11,413 - root - INFO - [31mstep: 2242  [32mloss:  2.7812  [38;2;180;60;0mgrad_norm:  1.0856  [38;2;54;234;195mmemory: 37.12GiB(46.73%)  [34mtps: 4,606  [36mtflops: 222.24  [35mmfu: 22.47%[39m
[rank0]:[titan] 2026-03-17 10:59:11,857 - root - INFO - [31mstep: 2243  [32mloss:  2.7812  [38;2;180;60;0mgrad_norm:  0.8931  [38;2;54;234;195mmemory: 37.12GiB(46.73%)  [34mtps: 4,622  [36mtflops: 223.00  [35mmfu: 22.55%[39m
[rank0]:[titan] 2026-03-17 10:59:12,305 - root - INFO - [31mstep: 2244  [32mloss:  2.7500  [38;2;180;60;0mgrad_norm:  0.9504  [38;2;54;234;195mmemory: 37.12GiB(46.73%)  [34mtps: 4,569  [36mtflops: 220.45  [35mmfu: 22.29%[39m
[rank0]:[titan] 2026-03-17 10:59:12,749 - root - INFO - [31mstep: 2245  [32mloss:  2.7188  [38;2;180;60;0mgrad_norm:  1.0635  [38;2;54;234;195mmemory: 37.12GiB(46.73%)  [34mtps: 4,624  [36mtflops: 223.13  [35mmfu: 22.56%[39m
[rank0]:[titan] 2026-03-17 10:59:13,196 - root - INFO - [31mstep: 2246  [32mloss:  2.7188  [38;2;180;60;0mgrad_norm:  1.2831  [38;2;54;234;195mmemory: 37.12GiB(46.73%)  [34mtps: 4,580  [36mtflops: 221.01  [35mmfu: 22.35%[39m
[rank0]:[titan] 2026-03-17 10:59:13,643 - root - INFO - [31mstep: 2247  [32mloss:  2.7031  [38;2;180;60;0mgrad_norm:  1.2107  [38;2;54;234;195mmemory: 37.12GiB(46.73%)  [34mtps: 4,593  [36mtflops: 221.60  [35mmfu: 22.41%[39m
[rank0]:[titan] 2026-03-17 10:59:14,091 - root - INFO - [31mstep: 2248  [32mloss:  2.6875  [38;2;180;60;0mgrad_norm:  1.0173  [38;2;54;234;195mmemory: 37.12GiB(46.73%)  [34mtps: 4,577  [36mtflops: 220.84  [35mmfu: 22.33%[39m
[rank0]:[titan] 2026-03-17 10:59:14,542 - root - INFO - [31mstep: 2249  [32mloss:  2.6875  [38;2;180;60;0mgrad_norm:  1.0466  [38;2;54;234;195mmemory: 37.12GiB(46.73%)  [34mtps: 4,545  [36mtflops: 219.30  [35mmfu: 22.17%[39m
[rank0]:[titan] 2026-03-17 10:59:14,986 - root - INFO - [31mstep: 2250  [32mloss:  2.6406  [38;2;180;60;0mgrad_norm:  0.9736  [38;2;54;234;195mmemory: 37.12GiB(46.73%)  [34mtps: 4,614  [36mtflops: 222.64  [35mmfu: 22.51%[39m
[rank0]:[titan] 2026-03-17 10:59:15,434 - root - INFO - [31mstep: 2251  [32mloss:  2.7031  [38;2;180;60;0mgrad_norm:  1.1027  [38;2;54;234;195mmemory: 37.12GiB(46.73%)  [34mtps: 4,579  [36mtflops: 220.95  [35mmfu: 22.34%[39m
[rank0]:[titan] 2026-03-17 10:59:15,881 - root - INFO - [31mstep: 2252  [32mloss:  2.6875  [38;2;180;60;0mgrad_norm:  1.0632  [38;2;54;234;195mmemory: 37.12GiB(46.73%)  [34mtps: 4,595  [36mtflops: 221.69  [35mmfu: 22.42%[39m
[rank0]:[titan] 2026-03-17 10:59:16,329 - root - INFO - [31mstep: 2253  [32mloss:  2.6406  [38;2;180;60;0mgrad_norm:  0.8329  [38;2;54;234;195mmemory: 37.12GiB(46.73%)  [34mtps: 4,582  [36mtflops: 221.08  [35mmfu: 22.35%[39m
[rank0]:[titan] 2026-03-17 10:59:16,775 - root - INFO - [31mstep: 2254  [32mloss:  2.6719  [38;2;180;60;0mgrad_norm:  1.0094  [38;2;54;234;195mmemory: 37.12GiB(46.73%)  [34mtps: 4,596  [36mtflops: 221.74  [35mmfu: 22.42%[39m
[rank0]:[titan] 2026-03-17 10:59:17,224 - root - INFO - [31mstep: 2255  [32mloss:  2.7344  [38;2;180;60;0mgrad_norm:  1.0073  [38;2;54;234;195mmemory: 37.12GiB(46.73%)  [34mtps: 4,565  [36mtflops: 220.29  [35mmfu: 22.27%[39m
[rank0]:[titan] 2026-03-17 10:59:17,672 - root - INFO - [31mstep: 2256  [32mloss:  2.7656  [38;2;180;60;0mgrad_norm:  1.0318  [38;2;54;234;195mmemory: 37.12GiB(46.73%)  [34mtps: 4,576  [36mtflops: 220.78  [35mmfu: 22.32%[39m
[rank0]:[titan] 2026-03-17 10:59:18,119 - root - INFO - [31mstep: 2257  [32mloss:  2.6719  [38;2;180;60;0mgrad_norm:  0.8521  [38;2;54;234;195mmemory: 37.12GiB(46.73%)  [34mtps: 4,586  [36mtflops: 221.28  [35mmfu: 22.37%[39m
[rank0]:[titan] 2026-03-17 10:59:18,569 - root - INFO - [31mstep: 2258  [32mloss:  2.6875  [38;2;180;60;0mgrad_norm:  0.9433  [38;2;54;234;195mmemory: 37.12GiB(46.73%)  [34mtps: 4,570  [36mtflops: 220.49  [35mmfu: 22.29%[39m
[rank0]:[titan] 2026-03-17 10:59:19,018 - root - INFO - [31mstep: 2259  [32mloss:  2.6562  [38;2;180;60;0mgrad_norm:  0.9004  [38;2;54;234;195mmemory: 37.12GiB(46.73%)  [34mtps: 4,571  [36mtflops: 220.56  [35mmfu: 22.30%[39m
[rank0]:[titan] 2026-03-17 10:59:19,465 - root - INFO - [31mstep: 2260  [32mloss:  2.7500  [38;2;180;60;0mgrad_norm:  1.0999  [38;2;54;234;195mmemory: 37.12GiB(46.73%)  [34mtps: 4,583  [36mtflops: 221.11  [35mmfu: 22.36%[39m
[rank0]:[titan] 2026-03-17 10:59:19,915 - root - INFO - [31mstep: 2261  [32mloss:  2.7344  [38;2;180;60;0mgrad_norm:  0.6572  [38;2;54;234;195mmemory: 37.12GiB(46.73%)  [34mtps: 4,558  [36mtflops: 219.93  [35mmfu: 22.24%[39m
[rank0]:[titan] 2026-03-17 10:59:20,363 - root - INFO - [31mstep: 2262  [32mloss:  2.7031  [38;2;180;60;0mgrad_norm:  0.9203  [38;2;54;234;195mmemory: 37.12GiB(46.73%)  [34mtps: 4,574  [36mtflops: 220.71  [35mmfu: 22.32%[39m
[rank0]:[titan] 2026-03-17 10:59:20,808 - root - INFO - [31mstep: 2263  [32mloss:  2.7188  [38;2;180;60;0mgrad_norm:  0.9673  [38;2;54;234;195mmemory: 37.12GiB(46.73%)  [34mtps: 4,615  [36mtflops: 222.66  [35mmfu: 22.51%[39m
[rank0]:[titan] 2026-03-17 10:59:21,273 - root - INFO - [31mstep: 2264  [32mloss:  2.6875  [38;2;180;60;0mgrad_norm:  1.5505  [38;2;54;234;195mmemory: 37.12GiB(46.73%)  [34mtps: 4,404  [36mtflops: 212.48  [35mmfu: 21.48%[39m
[rank0]:[titan] 2026-03-17 10:59:21,730 - root - INFO - [31mstep: 2265  [32mloss:  2.6875  [38;2;180;60;0mgrad_norm:  1.1670  [38;2;54;234;195mmemory: 37.12GiB(46.73%)  [34mtps: 4,488  [36mtflops: 216.53  [35mmfu: 21.89%[39m
[rank0]:[titan] 2026-03-17 10:59:22,175 - root - INFO - [31mstep: 2266  [32mloss:  2.6719  [38;2;180;60;0mgrad_norm:  0.7975  [38;2;54;234;195mmemory: 37.12GiB(46.73%)  [34mtps: 4,612  [36mtflops: 222.52  [35mmfu: 22.50%[39m
[rank0]:[titan] 2026-03-17 10:59:22,623 - root - INFO - [31mstep: 2267  [32mloss:  2.6250  [38;2;180;60;0mgrad_norm:  0.8055  [38;2;54;234;195mmemory: 37.12GiB(46.73%)  [34mtps: 4,577  [36mtflops: 220.82  [35mmfu: 22.33%[39m
[rank0]:[titan] 2026-03-17 10:59:23,070 - root - INFO - [31mstep: 2268  [32mloss:  2.7031  [38;2;180;60;0mgrad_norm:  1.2907  [38;2;54;234;195mmemory: 37.12GiB(46.73%)  [34mtps: 4,590  [36mtflops: 221.48  [35mmfu: 22.39%[39m
[rank0]:[titan] 2026-03-17 10:59:23,515 - root - INFO - [31mstep: 2269  [32mloss:  2.6875  [38;2;180;60;0mgrad_norm:  0.9733  [38;2;54;234;195mmemory: 37.12GiB(46.73%)  [34mtps: 4,612  [36mtflops: 222.53  [35mmfu: 22.50%[39m
[rank0]:[titan] 2026-03-17 10:59:23,961 - root - INFO - [31mstep: 2270  [32mloss:  2.6875  [38;2;180;60;0mgrad_norm:  0.8809  [38;2;54;234;195mmemory: 37.12GiB(46.73%)  [34mtps: 4,597  [36mtflops: 221.82  [35mmfu: 22.43%[39m
[rank0]:[titan] 2026-03-17 10:59:24,408 - root - INFO - [31mstep: 2271  [32mloss:  2.6719  [38;2;180;60;0mgrad_norm:  1.2332  [38;2;54;234;195mmemory: 37.12GiB(46.73%)  [34mtps: 4,584  [36mtflops: 221.20  [35mmfu: 22.37%[39m
[rank0]:[titan] 2026-03-17 10:59:24,857 - root - INFO - [31mstep: 2272  [32mloss:  2.6562  [38;2;180;60;0mgrad_norm:  1.1648  [38;2;54;234;195mmemory: 37.12GiB(46.73%)  [34mtps: 4,564  [36mtflops: 220.23  [35mmfu: 22.27%[39m
[rank0]:[titan] 2026-03-17 10:59:25,305 - root - INFO - [31mstep: 2273  [32mloss:  2.6562  [38;2;180;60;0mgrad_norm:  0.8928  [38;2;54;234;195mmemory: 37.12GiB(46.73%)  [34mtps: 4,584  [36mtflops: 221.17  [35mmfu: 22.36%[39m
[rank0]:[titan] 2026-03-17 10:59:25,753 - root - INFO - [31mstep: 2274  [32mloss:  2.6562  [38;2;180;60;0mgrad_norm:  1.4046  [38;2;54;234;195mmemory: 37.12GiB(46.73%)  [34mtps: 4,578  [36mtflops: 220.87  [35mmfu: 22.33%[39m
[rank0]:[titan] 2026-03-17 10:59:26,202 - root - INFO - [31mstep: 2275  [32mloss:  2.7188  [38;2;180;60;0mgrad_norm:  1.3775  [38;2;54;234;195mmemory: 37.12GiB(46.73%)  [34mtps: 4,566  [36mtflops: 220.31  [35mmfu: 22.28%[39m
[rank0]:[titan] 2026-03-17 10:59:26,649 - root - INFO - [31mstep: 2276  [32mloss:  2.6406  [38;2;180;60;0mgrad_norm:  0.9249  [38;2;54;234;195mmemory: 37.12GiB(46.73%)  [34mtps: 4,587  [36mtflops: 221.32  [35mmfu: 22.38%[39m
[rank0]:[titan] 2026-03-17 10:59:27,099 - root - INFO - [31mstep: 2277  [32mloss:  2.7031  [38;2;180;60;0mgrad_norm:  1.0548  [38;2;54;234;195mmemory: 37.12GiB(46.73%)  [34mtps: 4,558  [36mtflops: 219.91  [35mmfu: 22.24%[39m
[rank0]:[titan] 2026-03-17 10:59:27,575 - root - INFO - [31mstep: 2278  [32mloss:  2.7031  [38;2;180;60;0mgrad_norm:  0.8353  [38;2;54;234;195mmemory: 37.12GiB(46.73%)  [34mtps: 4,308  [36mtflops: 207.84  [35mmfu: 21.02%[39m
[rank0]:[titan] 2026-03-17 10:59:28,022 - root - INFO - [31mstep: 2279  [32mloss:  2.6562  [38;2;180;60;0mgrad_norm:  1.1290  [38;2;54;234;195mmemory: 37.12GiB(46.73%)  [34mtps: 4,587  [36mtflops: 221.32  [35mmfu: 22.38%[39m
[rank0]:[titan] 2026-03-17 10:59:28,466 - root - INFO - [31mstep: 2280  [32mloss:  2.6562  [38;2;180;60;0mgrad_norm:  1.0597  [38;2;54;234;195mmemory: 37.12GiB(46.73%)  [34mtps: 4,613  [36mtflops: 222.56  [35mmfu: 22.50%[39m
[rank0]:[titan] 2026-03-17 10:59:28,912 - root - INFO - [31mstep: 2281  [32mloss:  2.6719  [38;2;180;60;0mgrad_norm:  0.9520  [38;2;54;234;195mmemory: 37.12GiB(46.73%)  [34mtps: 4,604  [36mtflops: 222.14  [35mmfu: 22.46%[39m
[rank0]:[titan] 2026-03-17 10:59:29,358 - root - INFO - [31mstep: 2282  [32mloss:  2.6562  [38;2;180;60;0mgrad_norm:  0.9737  [38;2;54;234;195mmemory: 37.12GiB(46.73%)  [34mtps: 4,593  [36mtflops: 221.63  [35mmfu: 22.41%[39m
[rank0]:[titan] 2026-03-17 10:59:29,807 - root - INFO - [31mstep: 2283  [32mloss:  2.6719  [38;2;180;60;0mgrad_norm:  1.2595  [38;2;54;234;195mmemory: 37.12GiB(46.73%)  [34mtps: 4,568  [36mtflops: 220.41  [35mmfu: 22.29%[39m
[rank0]:[titan] 2026-03-17 10:59:30,256 - root - INFO - [31mstep: 2284  [32mloss:  2.6875  [38;2;180;60;0mgrad_norm:  1.2748  [38;2;54;234;195mmemory: 37.12GiB(46.73%)  [34mtps: 4,568  [36mtflops: 220.40  [35mmfu: 22.29%[39m
[rank0]:[titan] 2026-03-17 10:59:30,703 - root - INFO - [31mstep: 2285  [32mloss:  2.6562  [38;2;180;60;0mgrad_norm:  1.3750  [38;2;54;234;195mmemory: 37.12GiB(46.73%)  [34mtps: 4,588  [36mtflops: 221.37  [35mmfu: 22.38%[39m
[rank0]:[titan] 2026-03-17 10:59:31,147 - root - INFO - [31mstep: 2286  [32mloss:  2.6562  [38;2;180;60;0mgrad_norm:  1.7055  [38;2;54;234;195mmemory: 37.12GiB(46.73%)  [34mtps: 4,623  [36mtflops: 223.05  [35mmfu: 22.55%[39m
[rank0]:[titan] 2026-03-17 10:59:31,593 - root - INFO - [31mstep: 2287  [32mloss:  2.7031  [38;2;180;60;0mgrad_norm:  1.4748  [38;2;54;234;195mmemory: 37.12GiB(46.73%)  [34mtps: 4,590  [36mtflops: 221.46  [35mmfu: 22.39%[39m
[rank0]:[titan] 2026-03-17 10:59:32,041 - root - INFO - [31mstep: 2288  [32mloss:  2.6875  [38;2;180;60;0mgrad_norm:  1.0919  [38;2;54;234;195mmemory: 37.12GiB(46.73%)  [34mtps: 4,578  [36mtflops: 220.89  [35mmfu: 22.34%[39m
[rank0]:[titan] 2026-03-17 10:59:32,490 - root - INFO - [31mstep: 2289  [32mloss:  2.6250  [38;2;180;60;0mgrad_norm:  1.0880  [38;2;54;234;195mmemory: 37.12GiB(46.73%)  [34mtps: 4,574  [36mtflops: 220.70  [35mmfu: 22.32%[39m
[rank0]:[titan] 2026-03-17 10:59:32,936 - root - INFO - [31mstep: 2290  [32mloss:  2.7500  [38;2;180;60;0mgrad_norm:  1.1024  [38;2;54;234;195mmemory: 37.12GiB(46.73%)  [34mtps: 4,595  [36mtflops: 221.70  [35mmfu: 22.42%[39m
[rank0]:[titan] 2026-03-17 10:59:33,381 - root - INFO - [31mstep: 2291  [32mloss:  2.6562  [38;2;180;60;0mgrad_norm:  1.3470  [38;2;54;234;195mmemory: 37.12GiB(46.73%)  [34mtps: 4,606  [36mtflops: 222.26  [35mmfu: 22.47%[39m
[rank0]:[titan] 2026-03-17 10:59:33,828 - root - INFO - [31mstep: 2292  [32mloss:  2.7188  [38;2;180;60;0mgrad_norm:  1.4361  [38;2;54;234;195mmemory: 37.12GiB(46.73%)  [34mtps: 4,593  [36mtflops: 221.61  [35mmfu: 22.41%[39m
[rank0]:[titan] 2026-03-17 10:59:34,282 - root - INFO - [31mstep: 2293  [32mloss:  2.6875  [38;2;180;60;0mgrad_norm:  1.0604  [38;2;54;234;195mmemory: 37.12GiB(46.73%)  [34mtps: 4,514  [36mtflops: 217.80  [35mmfu: 22.02%[39m
[rank0]:[titan] 2026-03-17 10:59:34,728 - root - INFO - [31mstep: 2294  [32mloss:  2.6875  [38;2;180;60;0mgrad_norm:  1.0229  [38;2;54;234;195mmemory: 37.12GiB(46.73%)  [34mtps: 4,598  [36mtflops: 221.86  [35mmfu: 22.43%[39m
[rank0]:[titan] 2026-03-17 10:59:35,181 - root - INFO - [31mstep: 2295  [32mloss:  2.7031  [38;2;180;60;0mgrad_norm:  1.2155  [38;2;54;234;195mmemory: 37.12GiB(46.73%)  [34mtps: 4,524  [36mtflops: 218.28  [35mmfu: 22.07%[39m
[rank0]:[titan] 2026-03-17 10:59:35,635 - root - INFO - [31mstep: 2296  [32mloss:  2.6875  [38;2;180;60;0mgrad_norm:  1.0576  [38;2;54;234;195mmemory: 37.12GiB(46.73%)  [34mtps: 4,517  [36mtflops: 217.97  [35mmfu: 22.04%[39m
[rank0]:[titan] 2026-03-17 10:59:36,084 - root - INFO - [31mstep: 2297  [32mloss:  2.6875  [38;2;180;60;0mgrad_norm:  0.8616  [38;2;54;234;195mmemory: 37.12GiB(46.73%)  [34mtps: 4,574  [36mtflops: 220.72  [35mmfu: 22.32%[39m
[rank0]:[titan] 2026-03-17 10:59:36,527 - root - INFO - [31mstep: 2298  [32mloss:  2.7812  [38;2;180;60;0mgrad_norm:  0.9305  [38;2;54;234;195mmemory: 37.12GiB(46.73%)  [34mtps: 4,625  [36mtflops: 223.14  [35mmfu: 22.56%[39m
[rank0]:[titan] 2026-03-17 10:59:36,973 - root - INFO - [31mstep: 2299  [32mloss:  2.7031  [38;2;180;60;0mgrad_norm:  0.9713  [38;2;54;234;195mmemory: 37.12GiB(46.73%)  [34mtps: 4,598  [36mtflops: 221.86  [35mmfu: 22.43%[39m
[rank0]:[titan] 2026-03-17 10:59:37,427 - root - INFO - [31mstep: 2300  [32mloss:  2.6562  [38;2;180;60;0mgrad_norm:  0.8352  [38;2;54;234;195mmemory: 37.12GiB(46.73%)  [34mtps: 4,525  [36mtflops: 218.35  [35mmfu: 22.08%[39m
[rank0]:[titan] 2026-03-17 10:59:37,872 - root - INFO - [31mstep: 2301  [32mloss:  2.6406  [38;2;180;60;0mgrad_norm:  1.0406  [38;2;54;234;195mmemory: 37.12GiB(46.73%)  [34mtps: 4,604  [36mtflops: 222.15  [35mmfu: 22.46%[39m
[rank0]:[titan] 2026-03-17 10:59:38,316 - root - INFO - [31mstep: 2302  [32mloss:  2.7188  [38;2;180;60;0mgrad_norm:  0.8656  [38;2;54;234;195mmemory: 37.12GiB(46.73%)  [34mtps: 4,617  [36mtflops: 222.75  [35mmfu: 22.52%[39m
[rank0]:[titan] 2026-03-17 10:59:38,762 - root - INFO - [31mstep: 2303  [32mloss:  2.7188  [38;2;180;60;0mgrad_norm:  0.9329  [38;2;54;234;195mmemory: 37.12GiB(46.73%)  [34mtps: 4,598  [36mtflops: 221.88  [35mmfu: 22.43%[39m
[rank0]:[titan] 2026-03-17 10:59:39,208 - root - INFO - [31mstep: 2304  [32mloss:  2.6875  [38;2;180;60;0mgrad_norm:  1.1371  [38;2;54;234;195mmemory: 37.12GiB(46.73%)  [34mtps: 4,605  [36mtflops: 222.19  [35mmfu: 22.47%[39m
[rank0]:[titan] 2026-03-17 10:59:39,656 - root - INFO - [31mstep: 2305  [32mloss:  2.6719  [38;2;180;60;0mgrad_norm:  1.1418  [38;2;54;234;195mmemory: 37.12GiB(46.73%)  [34mtps: 4,574  [36mtflops: 220.70  [35mmfu: 22.32%[39m
[rank0]:[titan] 2026-03-17 10:59:40,101 - root - INFO - [31mstep: 2306  [32mloss:  2.7188  [38;2;180;60;0mgrad_norm:  0.9101  [38;2;54;234;195mmemory: 37.12GiB(46.73%)  [34mtps: 4,603  [36mtflops: 222.12  [35mmfu: 22.46%[39m
[rank0]:[titan] 2026-03-17 10:59:40,552 - root - INFO - [31mstep: 2307  [32mloss:  2.6875  [38;2;180;60;0mgrad_norm:  1.1944  [38;2;54;234;195mmemory: 37.12GiB(46.73%)  [34mtps: 4,544  [36mtflops: 219.25  [35mmfu: 22.17%[39m
[rank0]:[titan] 2026-03-17 10:59:41,005 - root - INFO - [31mstep: 2308  [32mloss:  2.7188  [38;2;180;60;0mgrad_norm:  1.4443  [38;2;54;234;195mmemory: 37.12GiB(46.73%)  [34mtps: 4,533  [36mtflops: 218.70  [35mmfu: 22.11%[39m
[rank0]:[titan] 2026-03-17 10:59:41,448 - root - INFO - [31mstep: 2309  [32mloss:  2.7500  [38;2;180;60;0mgrad_norm:  1.1273  [38;2;54;234;195mmemory: 37.12GiB(46.73%)  [34mtps: 4,622  [36mtflops: 223.04  [35mmfu: 22.55%[39m
[rank0]:[titan] 2026-03-17 10:59:41,894 - root - INFO - [31mstep: 2310  [32mloss:  2.6719  [38;2;180;60;0mgrad_norm:  1.2006  [38;2;54;234;195mmemory: 37.12GiB(46.73%)  [34mtps: 4,597  [36mtflops: 221.80  [35mmfu: 22.43%[39m
[rank0]:[titan] 2026-03-17 10:59:42,348 - root - INFO - [31mstep: 2311  [32mloss:  2.6562  [38;2;180;60;0mgrad_norm:  1.0143  [38;2;54;234;195mmemory: 37.12GiB(46.73%)  [34mtps: 4,520  [36mtflops: 218.09  [35mmfu: 22.05%[39m
[rank0]:[titan] 2026-03-17 10:59:42,797 - root - INFO - [31mstep: 2312  [32mloss:  2.6406  [38;2;180;60;0mgrad_norm:  0.8544  [38;2;54;234;195mmemory: 37.12GiB(46.73%)  [34mtps: 4,566  [36mtflops: 220.33  [35mmfu: 22.28%[39m
[rank0]:[titan] 2026-03-17 10:59:43,245 - root - INFO - [31mstep: 2313  [32mloss:  2.6875  [38;2;180;60;0mgrad_norm:  1.0660  [38;2;54;234;195mmemory: 37.12GiB(46.73%)  [34mtps: 4,574  [36mtflops: 220.68  [35mmfu: 22.31%[39m
[rank0]:[titan] 2026-03-17 10:59:43,695 - root - INFO - [31mstep: 2314  [32mloss:  2.6875  [38;2;180;60;0mgrad_norm:  0.9629  [38;2;54;234;195mmemory: 37.12GiB(46.73%)  [34mtps: 4,562  [36mtflops: 220.12  [35mmfu: 22.26%[39m
[rank0]:[titan] 2026-03-17 10:59:44,151 - root - INFO - [31mstep: 2315  [32mloss:  2.6719  [38;2;180;60;0mgrad_norm:  0.8901  [38;2;54;234;195mmemory: 37.12GiB(46.73%)  [34mtps: 4,497  [36mtflops: 216.98  [35mmfu: 21.94%[39m
[rank0]:[titan] 2026-03-17 10:59:44,595 - root - INFO - [31mstep: 2316  [32mloss:  2.6562  [38;2;180;60;0mgrad_norm:  0.8941  [38;2;54;234;195mmemory: 37.12GiB(46.73%)  [34mtps: 4,616  [36mtflops: 222.73  [35mmfu: 22.52%[39m
[rank0]:[titan] 2026-03-17 10:59:45,043 - root - INFO - [31mstep: 2317  [32mloss:  2.6094  [38;2;180;60;0mgrad_norm:  0.9764  [38;2;54;234;195mmemory: 37.12GiB(46.73%)  [34mtps: 4,575  [36mtflops: 220.75  [35mmfu: 22.32%[39m
[rank0]:[titan] 2026-03-17 10:59:45,488 - root - INFO - [31mstep: 2318  [32mloss:  2.6562  [38;2;180;60;0mgrad_norm:  1.1957  [38;2;54;234;195mmemory: 37.12GiB(46.73%)  [34mtps: 4,605  [36mtflops: 222.21  [35mmfu: 22.47%[39m
[rank0]:[titan] 2026-03-17 10:59:45,934 - root - INFO - [31mstep: 2319  [32mloss:  2.6719  [38;2;180;60;0mgrad_norm:  1.1648  [38;2;54;234;195mmemory: 37.12GiB(46.73%)  [34mtps: 4,597  [36mtflops: 221.80  [35mmfu: 22.43%[39m
[rank0]:[titan] 2026-03-17 10:59:46,390 - root - INFO - [31mstep: 2320  [32mloss:  2.6719  [38;2;180;60;0mgrad_norm:  0.7979  [38;2;54;234;195mmemory: 37.12GiB(46.73%)  [34mtps: 4,498  [36mtflops: 217.03  [35mmfu: 21.94%[39m
[rank0]:[titan] 2026-03-17 10:59:46,843 - root - INFO - [31mstep: 2321  [32mloss:  2.6562  [38;2;180;60;0mgrad_norm:  0.8166  [38;2;54;234;195mmemory: 37.12GiB(46.73%)  [34mtps: 4,530  [36mtflops: 218.57  [35mmfu: 22.10%[39m
[rank0]:[titan] 2026-03-17 10:59:47,295 - root - INFO - [31mstep: 2322  [32mloss:  2.7188  [38;2;180;60;0mgrad_norm:  0.9795  [38;2;54;234;195mmemory: 37.12GiB(46.73%)  [34mtps: 4,530  [36mtflops: 218.60  [35mmfu: 22.10%[39m
[rank0]:[titan] 2026-03-17 10:59:47,743 - root - INFO - [31mstep: 2323  [32mloss:  2.6875  [38;2;180;60;0mgrad_norm:  0.8630  [38;2;54;234;195mmemory: 37.12GiB(46.73%)  [34mtps: 4,577  [36mtflops: 220.82  [35mmfu: 22.33%[39m
[rank0]:[titan] 2026-03-17 10:59:48,200 - root - INFO - [31mstep: 2324  [32mloss:  2.6562  [38;2;180;60;0mgrad_norm:  0.5489  [38;2;54;234;195mmemory: 37.12GiB(46.73%)  [34mtps: 4,489  [36mtflops: 216.58  [35mmfu: 21.90%[39m
[rank0]:[titan] 2026-03-17 10:59:48,648 - root - INFO - [31mstep: 2325  [32mloss:  2.7500  [38;2;180;60;0mgrad_norm:  0.8075  [38;2;54;234;195mmemory: 37.12GiB(46.73%)  [34mtps: 4,577  [36mtflops: 220.84  [35mmfu: 22.33%[39m
[rank0]:[titan] 2026-03-17 10:59:48,649 - root - WARNING - Dataset c4_test is being re-looped
[rank0]:[titan] 2026-03-17 10:59:49,094 - root - INFO - [31mstep: 2326  [32mloss:  2.7656  [38;2;180;60;0mgrad_norm:  0.8596  [38;2;54;234;195mmemory: 37.12GiB(46.73%)  [34mtps: 4,604  [36mtflops: 222.14  [35mmfu: 22.46%[39m
[rank0]:[titan] 2026-03-17 10:59:49,539 - root - INFO - [31mstep: 2327  [32mloss:  2.7500  [38;2;180;60;0mgrad_norm:  0.7380  [38;2;54;234;195mmemory: 37.12GiB(46.73%)  [34mtps: 4,599  [36mtflops: 221.93  [35mmfu: 22.44%[39m
[rank0]:[titan] 2026-03-17 10:59:49,989 - root - INFO - [31mstep: 2328  [32mloss:  2.7500  [38;2;180;60;0mgrad_norm:  0.8665  [38;2;54;234;195mmemory: 37.12GiB(46.73%)  [34mtps: 4,557  [36mtflops: 219.90  [35mmfu: 22.23%[39m
[rank0]:[titan] 2026-03-17 10:59:50,436 - root - INFO - [31mstep: 2329  [32mloss:  2.6875  [38;2;180;60;0mgrad_norm:  0.9589  [38;2;54;234;195mmemory: 37.12GiB(46.73%)  [34mtps: 4,587  [36mtflops: 221.32  [35mmfu: 22.38%[39m
[rank0]:[titan] 2026-03-17 10:59:50,881 - root - INFO - [31mstep: 2330  [32mloss:  2.7031  [38;2;180;60;0mgrad_norm:  0.9311  [38;2;54;234;195mmemory: 37.12GiB(46.73%)  [34mtps: 4,610  [36mtflops: 222.45  [35mmfu: 22.49%[39m
[rank0]:[titan] 2026-03-17 10:59:51,333 - root - INFO - [31mstep: 2331  [32mloss:  2.7500  [38;2;180;60;0mgrad_norm:  0.7756  [38;2;54;234;195mmemory: 37.12GiB(46.73%)  [34mtps: 4,536  [36mtflops: 218.85  [35mmfu: 22.13%[39m
[rank0]:[titan] 2026-03-17 10:59:51,780 - root - INFO - [31mstep: 2332  [32mloss:  2.6875  [38;2;180;60;0mgrad_norm:  0.8401  [38;2;54;234;195mmemory: 37.12GiB(46.73%)  [34mtps: 4,589  [36mtflops: 221.43  [35mmfu: 22.39%[39m
[rank0]:[titan] 2026-03-17 10:59:52,227 - root - INFO - [31mstep: 2333  [32mloss:  2.7188  [38;2;180;60;0mgrad_norm:  0.8596  [38;2;54;234;195mmemory: 37.12GiB(46.73%)  [34mtps: 4,587  [36mtflops: 221.33  [35mmfu: 22.38%[39m
[rank0]:[titan] 2026-03-17 10:59:52,677 - root - INFO - [31mstep: 2334  [32mloss:  2.6875  [38;2;180;60;0mgrad_norm:  0.7150  [38;2;54;234;195mmemory: 37.12GiB(46.73%)  [34mtps: 4,560  [36mtflops: 220.04  [35mmfu: 22.25%[39m
[rank0]:[titan] 2026-03-17 10:59:53,121 - root - INFO - [31mstep: 2335  [32mloss:  2.7344  [38;2;180;60;0mgrad_norm:  1.0399  [38;2;54;234;195mmemory: 37.12GiB(46.73%)  [34mtps: 4,610  [36mtflops: 222.44  [35mmfu: 22.49%[39m
[rank0]:[titan] 2026-03-17 10:59:53,569 - root - INFO - [31mstep: 2336  [32mloss:  2.7812  [38;2;180;60;0mgrad_norm:  1.0333  [38;2;54;234;195mmemory: 37.12GiB(46.73%)  [34mtps: 4,587  [36mtflops: 221.32  [35mmfu: 22.38%[39m
[rank0]:[titan] 2026-03-17 10:59:54,015 - root - INFO - [31mstep: 2337  [32mloss:  2.7344  [38;2;180;60;0mgrad_norm:  0.8337  [38;2;54;234;195mmemory: 37.12GiB(46.73%)  [34mtps: 4,598  [36mtflops: 221.85  [35mmfu: 22.43%[39m
[rank0]:[titan] 2026-03-17 10:59:54,461 - root - INFO - [31mstep: 2338  [32mloss:  2.7188  [38;2;180;60;0mgrad_norm:  0.7708  [38;2;54;234;195mmemory: 37.12GiB(46.73%)  [34mtps: 4,591  [36mtflops: 221.50  [35mmfu: 22.40%[39m
[rank0]:[titan] 2026-03-17 10:59:54,914 - root - INFO - [31mstep: 2339  [32mloss:  2.7500  [38;2;180;60;0mgrad_norm:  0.9355  [38;2;54;234;195mmemory: 37.12GiB(46.73%)  [34mtps: 4,533  [36mtflops: 218.71  [35mmfu: 22.11%[39m
[rank0]:[titan] 2026-03-17 10:59:55,359 - root - INFO - [31mstep: 2340  [32mloss:  2.7344  [38;2;180;60;0mgrad_norm:  0.6862  [38;2;54;234;195mmemory: 37.12GiB(46.73%)  [34mtps: 4,604  [36mtflops: 222.14  [35mmfu: 22.46%[39m
[rank0]:[titan] 2026-03-17 10:59:55,810 - root - INFO - [31mstep: 2341  [32mloss:  2.7031  [38;2;180;60;0mgrad_norm:  0.9499  [38;2;54;234;195mmemory: 37.12GiB(46.73%)  [34mtps: 4,549  [36mtflops: 219.47  [35mmfu: 22.19%[39m
[rank0]:[titan] 2026-03-17 10:59:56,254 - root - INFO - [31mstep: 2342  [32mloss:  2.6562  [38;2;180;60;0mgrad_norm:  0.9182  [38;2;54;234;195mmemory: 37.12GiB(46.73%)  [34mtps: 4,614  [36mtflops: 222.65  [35mmfu: 22.51%[39m
[rank0]:[titan] 2026-03-17 10:59:56,702 - root - INFO - [31mstep: 2343  [32mloss:  2.6562  [38;2;180;60;0mgrad_norm:  0.7583  [38;2;54;234;195mmemory: 37.12GiB(46.73%)  [34mtps: 4,580  [36mtflops: 220.99  [35mmfu: 22.35%[39m
[rank0]:[titan] 2026-03-17 10:59:57,148 - root - INFO - [31mstep: 2344  [32mloss:  2.7344  [38;2;180;60;0mgrad_norm:  0.9027  [38;2;54;234;195mmemory: 37.12GiB(46.73%)  [34mtps: 4,600  [36mtflops: 221.94  [35mmfu: 22.44%[39m
[rank0]:[titan] 2026-03-17 10:59:57,837 - root - INFO - [31mstep: 2345  [32mloss:  2.7656  [38;2;180;60;0mgrad_norm:  1.1131  [38;2;54;234;195mmemory: 37.12GiB(46.73%)  [34mtps: 2,974  [36mtflops: 143.51  [35mmfu: 14.51%[39m
[rank0]:[titan] 2026-03-17 10:59:58,284 - root - INFO - [31mstep: 2346  [32mloss:  2.7500  [38;2;180;60;0mgrad_norm:  0.9281  [38;2;54;234;195mmemory: 37.12GiB(46.73%)  [34mtps: 4,584  [36mtflops: 221.17  [35mmfu: 22.36%[39m
[rank0]:[titan] 2026-03-17 10:59:58,730 - root - INFO - [31mstep: 2347  [32mloss:  2.7344  [38;2;180;60;0mgrad_norm:  1.0955  [38;2;54;234;195mmemory: 37.12GiB(46.73%)  [34mtps: 4,597  [36mtflops: 221.81  [35mmfu: 22.43%[39m
[rank0]:[titan] 2026-03-17 10:59:59,192 - root - INFO - [31mstep: 2348  [32mloss:  2.7188  [38;2;180;60;0mgrad_norm:  0.9364  [38;2;54;234;195mmemory: 37.12GiB(46.73%)  [34mtps: 4,442  [36mtflops: 214.35  [35mmfu: 21.67%[39m
[rank0]:[titan] 2026-03-17 10:59:59,867 - root - INFO - [31mstep: 2349  [32mloss:  2.6562  [38;2;180;60;0mgrad_norm:  1.0229  [38;2;54;234;195mmemory: 37.12GiB(46.73%)  [34mtps: 3,038  [36mtflops: 146.61  [35mmfu: 14.82%[39m
[rank0]:[titan] 2026-03-17 11:00:00,314 - root - INFO - [31mstep: 2350  [32mloss:  2.7500  [38;2;180;60;0mgrad_norm:  0.8690  [38;2;54;234;195mmemory: 37.12GiB(46.73%)  [34mtps: 4,586  [36mtflops: 221.29  [35mmfu: 22.37%[39m
[rank0]:[titan] 2026-03-17 11:00:00,762 - root - INFO - [31mstep: 2351  [32mloss:  2.7344  [38;2;180;60;0mgrad_norm:  1.2270  [38;2;54;234;195mmemory: 37.12GiB(46.73%)  [34mtps: 4,577  [36mtflops: 220.84  [35mmfu: 22.33%[39m
[rank0]:[titan] 2026-03-17 11:00:01,215 - root - INFO - [31mstep: 2352  [32mloss:  2.7188  [38;2;180;60;0mgrad_norm:  1.0373  [38;2;54;234;195mmemory: 37.12GiB(46.73%)  [34mtps: 4,527  [36mtflops: 218.45  [35mmfu: 22.09%[39m
[rank0]:[titan] 2026-03-17 11:00:01,941 - root - INFO - [31mstep: 2353  [32mloss:  2.6562  [38;2;180;60;0mgrad_norm:  0.8363  [38;2;54;234;195mmemory: 37.12GiB(46.73%)  [34mtps: 2,824  [36mtflops: 136.28  [35mmfu: 13.78%[39m
[rank0]:[titan] 2026-03-17 11:00:02,387 - root - INFO - [31mstep: 2354  [32mloss:  2.6875  [38;2;180;60;0mgrad_norm:  0.8799  [38;2;54;234;195mmemory: 37.12GiB(46.73%)  [34mtps: 4,601  [36mtflops: 222.02  [35mmfu: 22.45%[39m
[rank0]:[titan] 2026-03-17 11:00:02,832 - root - INFO - [31mstep: 2355  [32mloss:  2.6562  [38;2;180;60;0mgrad_norm:  1.1577  [38;2;54;234;195mmemory: 37.12GiB(46.73%)  [34mtps: 4,610  [36mtflops: 222.45  [35mmfu: 22.49%[39m
[rank0]:[titan] 2026-03-17 11:00:03,282 - root - INFO - [31mstep: 2356  [32mloss:  2.6719  [38;2;180;60;0mgrad_norm:  1.0376  [38;2;54;234;195mmemory: 37.12GiB(46.73%)  [34mtps: 4,550  [36mtflops: 219.53  [35mmfu: 22.20%[39m
[rank0]:[titan] 2026-03-17 11:00:03,728 - root - INFO - [31mstep: 2357  [32mloss:  2.6562  [38;2;180;60;0mgrad_norm:  1.0518  [38;2;54;234;195mmemory: 37.12GiB(46.73%)  [34mtps: 4,604  [36mtflops: 222.13  [35mmfu: 22.46%[39m
[rank0]:[titan] 2026-03-17 11:00:04,172 - root - INFO - [31mstep: 2358  [32mloss:  2.6562  [38;2;180;60;0mgrad_norm:  0.9007  [38;2;54;234;195mmemory: 37.12GiB(46.73%)  [34mtps: 4,616  [36mtflops: 222.70  [35mmfu: 22.52%[39m
[rank0]:[titan] 2026-03-17 11:00:04,633 - root - INFO - [31mstep: 2359  [32mloss:  2.6250  [38;2;180;60;0mgrad_norm:  0.6293  [38;2;54;234;195mmemory: 37.12GiB(46.73%)  [34mtps: 4,451  [36mtflops: 214.77  [35mmfu: 21.72%[39m
[rank0]:[titan] 2026-03-17 11:00:05,080 - root - INFO - [31mstep: 2360  [32mloss:  2.6250  [38;2;180;60;0mgrad_norm:  0.8336  [38;2;54;234;195mmemory: 37.12GiB(46.73%)  [34mtps: 4,592  [36mtflops: 221.58  [35mmfu: 22.40%[39m
[rank0]:[titan] 2026-03-17 11:00:05,533 - root - INFO - [31mstep: 2361  [32mloss:  2.6094  [38;2;180;60;0mgrad_norm:  0.9126  [38;2;54;234;195mmemory: 37.12GiB(46.73%)  [34mtps: 4,531  [36mtflops: 218.63  [35mmfu: 22.11%[39m
[rank0]:[titan] 2026-03-17 11:00:05,981 - root - INFO - [31mstep: 2362  [32mloss:  2.6250  [38;2;180;60;0mgrad_norm:  0.8500  [38;2;54;234;195mmemory: 37.12GiB(46.73%)  [34mtps: 4,571  [36mtflops: 220.57  [35mmfu: 22.30%[39m
[rank0]:[titan] 2026-03-17 11:00:06,428 - root - INFO - [31mstep: 2363  [32mloss:  2.6406  [38;2;180;60;0mgrad_norm:  0.8110  [38;2;54;234;195mmemory: 37.12GiB(46.73%)  [34mtps: 4,591  [36mtflops: 221.54  [35mmfu: 22.40%[39m
[rank0]:[titan] 2026-03-17 11:00:06,871 - root - INFO - [31mstep: 2364  [32mloss:  2.6406  [38;2;180;60;0mgrad_norm:  0.9840  [38;2;54;234;195mmemory: 37.12GiB(46.73%)  [34mtps: 4,620  [36mtflops: 222.94  [35mmfu: 22.54%[39m
[rank0]:[titan] 2026-03-17 11:00:07,327 - root - INFO - [31mstep: 2365  [32mloss:  2.6875  [38;2;180;60;0mgrad_norm:  1.0218  [38;2;54;234;195mmemory: 37.12GiB(46.73%)  [34mtps: 4,515  [36mtflops: 217.85  [35mmfu: 22.03%[39m
[rank0]:[titan] 2026-03-17 11:00:07,775 - root - INFO - [31mstep: 2366  [32mloss:  2.7188  [38;2;180;60;0mgrad_norm:  0.9723  [38;2;54;234;195mmemory: 37.12GiB(46.73%)  [34mtps: 4,574  [36mtflops: 220.71  [35mmfu: 22.32%[39m
[rank0]:[titan] 2026-03-17 11:00:08,223 - root - INFO - [31mstep: 2367  [32mloss:  2.6719  [38;2;180;60;0mgrad_norm:  0.8046  [38;2;54;234;195mmemory: 37.12GiB(46.73%)  [34mtps: 4,579  [36mtflops: 220.93  [35mmfu: 22.34%[39m
[rank0]:[titan] 2026-03-17 11:00:08,669 - root - INFO - [31mstep: 2368  [32mloss:  2.7188  [38;2;180;60;0mgrad_norm:  1.2081  [38;2;54;234;195mmemory: 37.12GiB(46.73%)  [34mtps: 4,598  [36mtflops: 221.86  [35mmfu: 22.43%[39m
[rank0]:[titan] 2026-03-17 11:00:09,129 - root - INFO - [31mstep: 2369  [32mloss:  2.7188  [38;2;180;60;0mgrad_norm:  1.1740  [38;2;54;234;195mmemory: 37.12GiB(46.73%)  [34mtps: 4,458  [36mtflops: 215.12  [35mmfu: 21.75%[39m
[rank0]:[titan] 2026-03-17 11:00:09,576 - root - INFO - [31mstep: 2370  [32mloss:  2.7188  [38;2;180;60;0mgrad_norm:  0.7418  [38;2;54;234;195mmemory: 37.12GiB(46.73%)  [34mtps: 4,581  [36mtflops: 221.05  [35mmfu: 22.35%[39m
[rank0]:[titan] 2026-03-17 11:00:10,029 - root - INFO - [31mstep: 2371  [32mloss:  2.7031  [38;2;180;60;0mgrad_norm:  0.9386  [38;2;54;234;195mmemory: 37.12GiB(46.73%)  [34mtps: 4,527  [36mtflops: 218.43  [35mmfu: 22.09%[39m
[rank0]:[titan] 2026-03-17 11:00:10,496 - root - INFO - [31mstep: 2372  [32mloss:  2.6719  [38;2;180;60;0mgrad_norm:  0.9046  [38;2;54;234;195mmemory: 37.12GiB(46.73%)  [34mtps: 4,393  [36mtflops: 211.96  [35mmfu: 21.43%[39m
[rank0]:[titan] 2026-03-17 11:00:10,941 - root - INFO - [31mstep: 2373  [32mloss:  2.7188  [38;2;180;60;0mgrad_norm:  1.1058  [38;2;54;234;195mmemory: 37.12GiB(46.73%)  [34mtps: 4,613  [36mtflops: 222.60  [35mmfu: 22.51%[39m
[rank0]:[titan] 2026-03-17 11:00:11,388 - root - INFO - [31mstep: 2374  [32mloss:  2.7188  [38;2;180;60;0mgrad_norm:  0.9728  [38;2;54;234;195mmemory: 37.12GiB(46.73%)  [34mtps: 4,579  [36mtflops: 220.95  [35mmfu: 22.34%[39m
[rank0]:[titan] 2026-03-17 11:00:11,834 - root - INFO - [31mstep: 2375  [32mloss:  2.7188  [38;2;180;60;0mgrad_norm:  0.7723  [38;2;54;234;195mmemory: 37.12GiB(46.73%)  [34mtps: 4,600  [36mtflops: 221.95  [35mmfu: 22.44%[39m
[rank0]:[titan] 2026-03-17 11:00:12,278 - root - INFO - [31mstep: 2376  [32mloss:  2.6406  [38;2;180;60;0mgrad_norm:  0.8753  [38;2;54;234;195mmemory: 37.12GiB(46.73%)  [34mtps: 4,616  [36mtflops: 222.72  [35mmfu: 22.52%[39m
[rank0]:[titan] 2026-03-17 11:00:12,723 - root - INFO - [31mstep: 2377  [32mloss:  2.6562  [38;2;180;60;0mgrad_norm:  0.8954  [38;2;54;234;195mmemory: 37.12GiB(46.73%)  [34mtps: 4,611  [36mtflops: 222.50  [35mmfu: 22.50%[39m
[rank0]:[titan] 2026-03-17 11:00:13,168 - root - INFO - [31mstep: 2378  [32mloss:  2.6562  [38;2;180;60;0mgrad_norm:  0.8093  [38;2;54;234;195mmemory: 37.12GiB(46.73%)  [34mtps: 4,603  [36mtflops: 222.12  [35mmfu: 22.46%[39m
[rank0]:[titan] 2026-03-17 11:00:13,613 - root - INFO - [31mstep: 2379  [32mloss:  2.6406  [38;2;180;60;0mgrad_norm:  0.8964  [38;2;54;234;195mmemory: 37.12GiB(46.73%)  [34mtps: 4,614  [36mtflops: 222.63  [35mmfu: 22.51%[39m
[rank0]:[titan] 2026-03-17 11:00:14,062 - root - INFO - [31mstep: 2380  [32mloss:  2.6250  [38;2;180;60;0mgrad_norm:  0.9244  [38;2;54;234;195mmemory: 37.12GiB(46.73%)  [34mtps: 4,578  [36mtflops: 220.87  [35mmfu: 22.33%[39m
[rank0]:[titan] 2026-03-17 11:00:14,509 - root - INFO - [31mstep: 2381  [32mloss:  2.6094  [38;2;180;60;0mgrad_norm:  0.9764  [38;2;54;234;195mmemory: 37.12GiB(46.73%)  [34mtps: 4,586  [36mtflops: 221.30  [35mmfu: 22.38%[39m
[rank0]:[titan] 2026-03-17 11:00:14,958 - root - INFO - [31mstep: 2382  [32mloss:  2.7188  [38;2;180;60;0mgrad_norm:  1.1939  [38;2;54;234;195mmemory: 37.12GiB(46.73%)  [34mtps: 4,567  [36mtflops: 220.35  [35mmfu: 22.28%[39m
[rank0]:[titan] 2026-03-17 11:00:15,405 - root - INFO - [31mstep: 2383  [32mloss:  2.7344  [38;2;180;60;0mgrad_norm:  1.0328  [38;2;54;234;195mmemory: 37.12GiB(46.73%)  [34mtps: 4,580  [36mtflops: 221.00  [35mmfu: 22.35%[39m
[rank0]:[titan] 2026-03-17 11:00:15,857 - root - INFO - [31mstep: 2384  [32mloss:  2.6719  [38;2;180;60;0mgrad_norm:  0.8135  [38;2;54;234;195mmemory: 37.12GiB(46.73%)  [34mtps: 4,538  [36mtflops: 218.96  [35mmfu: 22.14%[39m
[rank0]:[titan] 2026-03-17 11:00:16,302 - root - INFO - [31mstep: 2385  [32mloss:  2.6719  [38;2;180;60;0mgrad_norm:  0.8658  [38;2;54;234;195mmemory: 37.12GiB(46.73%)  [34mtps: 4,609  [36mtflops: 222.40  [35mmfu: 22.49%[39m
[rank0]:[titan] 2026-03-17 11:00:16,751 - root - INFO - [31mstep: 2386  [32mloss:  2.6406  [38;2;180;60;0mgrad_norm:  0.7664  [38;2;54;234;195mmemory: 37.12GiB(46.73%)  [34mtps: 4,573  [36mtflops: 220.65  [35mmfu: 22.31%[39m
[rank0]:[titan] 2026-03-17 11:00:17,198 - root - INFO - [31mstep: 2387  [32mloss:  2.6562  [38;2;180;60;0mgrad_norm:  0.9564  [38;2;54;234;195mmemory: 37.12GiB(46.73%)  [34mtps: 4,582  [36mtflops: 221.10  [35mmfu: 22.36%[39m
[rank0]:[titan] 2026-03-17 11:00:17,648 - root - INFO - [31mstep: 2388  [32mloss:  2.6875  [38;2;180;60;0mgrad_norm:  0.6864  [38;2;54;234;195mmemory: 37.12GiB(46.73%)  [34mtps: 4,558  [36mtflops: 219.95  [35mmfu: 22.24%[39m
[rank0]:[titan] 2026-03-17 11:00:18,098 - root - INFO - [31mstep: 2389  [32mloss:  2.6719  [38;2;180;60;0mgrad_norm:  0.8376  [38;2;54;234;195mmemory: 37.12GiB(46.73%)  [34mtps: 4,562  [36mtflops: 220.10  [35mmfu: 22.26%[39m
[rank0]:[titan] 2026-03-17 11:00:18,549 - root - INFO - [31mstep: 2390  [32mloss:  2.7656  [38;2;180;60;0mgrad_norm:  0.9642  [38;2;54;234;195mmemory: 37.12GiB(46.73%)  [34mtps: 4,540  [36mtflops: 219.06  [35mmfu: 22.15%[39m
[rank0]:[titan] 2026-03-17 11:00:19,004 - root - INFO - [31mstep: 2391  [32mloss:  2.6562  [38;2;180;60;0mgrad_norm:  0.6384  [38;2;54;234;195mmemory: 37.12GiB(46.73%)  [34mtps: 4,513  [36mtflops: 217.77  [35mmfu: 22.02%[39m
[rank0]:[titan] 2026-03-17 11:00:19,447 - root - INFO - [31mstep: 2392  [32mloss:  2.6406  [38;2;180;60;0mgrad_norm:  0.8432  [38;2;54;234;195mmemory: 37.12GiB(46.73%)  [34mtps: 4,622  [36mtflops: 223.04  [35mmfu: 22.55%[39m
[rank0]:[titan] 2026-03-17 11:00:19,895 - root - INFO - [31mstep: 2393  [32mloss:  2.5781  [38;2;180;60;0mgrad_norm:  0.8700  [38;2;54;234;195mmemory: 37.12GiB(46.73%)  [34mtps: 4,575  [36mtflops: 220.74  [35mmfu: 22.32%[39m
[rank0]:[titan] 2026-03-17 11:00:20,347 - root - INFO - [31mstep: 2394  [32mloss:  2.7031  [38;2;180;60;0mgrad_norm:  1.1076  [38;2;54;234;195mmemory: 37.12GiB(46.73%)  [34mtps: 4,536  [36mtflops: 218.88  [35mmfu: 22.13%[39m
[rank0]:[titan] 2026-03-17 11:00:20,795 - root - INFO - [31mstep: 2395  [32mloss:  2.6406  [38;2;180;60;0mgrad_norm:  0.7619  [38;2;54;234;195mmemory: 37.12GiB(46.73%)  [34mtps: 4,591  [36mtflops: 221.50  [35mmfu: 22.40%[39m
[rank0]:[titan] 2026-03-17 11:00:21,246 - root - INFO - [31mstep: 2396  [32mloss:  2.7031  [38;2;180;60;0mgrad_norm:  0.8585  [38;2;54;234;195mmemory: 37.12GiB(46.73%)  [34mtps: 4,551  [36mtflops: 219.60  [35mmfu: 22.20%[39m
[rank0]:[titan] 2026-03-17 11:00:21,691 - root - INFO - [31mstep: 2397  [32mloss:  2.8750  [38;2;180;60;0mgrad_norm:  1.1070  [38;2;54;234;195mmemory: 37.12GiB(46.73%)  [34mtps: 4,610  [36mtflops: 222.41  [35mmfu: 22.49%[39m
[rank0]:[titan] 2026-03-17 11:00:22,136 - root - INFO - [31mstep: 2398  [32mloss:  2.8125  [38;2;180;60;0mgrad_norm:  0.8749  [38;2;54;234;195mmemory: 37.12GiB(46.73%)  [34mtps: 4,610  [36mtflops: 222.44  [35mmfu: 22.49%[39m
[rank0]:[titan] 2026-03-17 11:00:22,583 - root - INFO - [31mstep: 2399  [32mloss:  2.6719  [38;2;180;60;0mgrad_norm:  0.8524  [38;2;54;234;195mmemory: 37.12GiB(46.73%)  [34mtps: 4,587  [36mtflops: 221.31  [35mmfu: 22.38%[39m
[rank0]:[titan] 2026-03-17 11:00:23,029 - root - INFO - [31mstep: 2400  [32mloss:  2.7031  [38;2;180;60;0mgrad_norm:  1.2225  [38;2;54;234;195mmemory: 37.12GiB(46.73%)  [34mtps: 4,595  [36mtflops: 221.70  [35mmfu: 22.42%[39m
[rank0]:[titan] 2026-03-17 11:00:23,476 - root - INFO - [31mstep: 2401  [32mloss:  2.6562  [38;2;180;60;0mgrad_norm:  0.8992  [38;2;54;234;195mmemory: 37.12GiB(46.73%)  [34mtps: 4,592  [36mtflops: 221.57  [35mmfu: 22.40%[39m
[rank0]:[titan] 2026-03-17 11:00:23,922 - root - INFO - [31mstep: 2402  [32mloss:  2.6875  [38;2;180;60;0mgrad_norm:  0.7614  [38;2;54;234;195mmemory: 37.12GiB(46.73%)  [34mtps: 4,595  [36mtflops: 221.73  [35mmfu: 22.42%[39m
[rank0]:[titan] 2026-03-17 11:00:24,370 - root - INFO - [31mstep: 2403  [32mloss:  2.7031  [38;2;180;60;0mgrad_norm:  0.9919  [38;2;54;234;195mmemory: 37.12GiB(46.73%)  [34mtps: 4,578  [36mtflops: 220.88  [35mmfu: 22.33%[39m
[rank0]:[titan] 2026-03-17 11:00:24,816 - root - INFO - [31mstep: 2404  [32mloss:  2.6406  [38;2;180;60;0mgrad_norm:  1.1601  [38;2;54;234;195mmemory: 37.12GiB(46.73%)  [34mtps: 4,603  [36mtflops: 222.11  [35mmfu: 22.46%[39m
[rank0]:[titan] 2026-03-17 11:00:25,267 - root - INFO - [31mstep: 2405  [32mloss:  2.6562  [38;2;180;60;0mgrad_norm:  0.9925  [38;2;54;234;195mmemory: 37.12GiB(46.73%)  [34mtps: 4,546  [36mtflops: 219.33  [35mmfu: 22.18%[39m
[rank0]:[titan] 2026-03-17 11:00:25,724 - root - INFO - [31mstep: 2406  [32mloss:  2.6406  [38;2;180;60;0mgrad_norm:  0.8657  [38;2;54;234;195mmemory: 37.12GiB(46.73%)  [34mtps: 4,486  [36mtflops: 216.46  [35mmfu: 21.89%[39m
[rank0]:[titan] 2026-03-17 11:00:26,182 - root - INFO - [31mstep: 2407  [32mloss:  2.6250  [38;2;180;60;0mgrad_norm:  1.1904  [38;2;54;234;195mmemory: 37.12GiB(46.73%)  [34mtps: 4,471  [36mtflops: 215.75  [35mmfu: 21.82%[39m
[rank0]:[titan] 2026-03-17 11:00:26,627 - root - INFO - [31mstep: 2408  [32mloss:  2.7188  [38;2;180;60;0mgrad_norm:  1.1044  [38;2;54;234;195mmemory: 37.12GiB(46.73%)  [34mtps: 4,608  [36mtflops: 222.32  [35mmfu: 22.48%[39m
[rank0]:[titan] 2026-03-17 11:00:27,074 - root - INFO - [31mstep: 2409  [32mloss:  2.6406  [38;2;180;60;0mgrad_norm:  1.1354  [38;2;54;234;195mmemory: 37.12GiB(46.73%)  [34mtps: 4,586  [36mtflops: 221.26  [35mmfu: 22.37%[39m
[rank0]:[titan] 2026-03-17 11:00:27,532 - root - INFO - [31mstep: 2410  [32mloss:  2.6875  [38;2;180;60;0mgrad_norm:  0.7795  [38;2;54;234;195mmemory: 37.12GiB(46.73%)  [34mtps: 4,483  [36mtflops: 216.31  [35mmfu: 21.87%[39m
[rank0]:[titan] 2026-03-17 11:00:27,976 - root - INFO - [31mstep: 2411  [32mloss:  2.6562  [38;2;180;60;0mgrad_norm:  0.9085  [38;2;54;234;195mmemory: 37.12GiB(46.73%)  [34mtps: 4,613  [36mtflops: 222.60  [35mmfu: 22.51%[39m
[rank0]:[titan] 2026-03-17 11:00:28,425 - root - INFO - [31mstep: 2412  [32mloss:  2.7188  [38;2;180;60;0mgrad_norm:  0.7169  [38;2;54;234;195mmemory: 37.12GiB(46.73%)  [34mtps: 4,572  [36mtflops: 220.60  [35mmfu: 22.31%[39m
[rank0]:[titan] 2026-03-17 11:00:28,870 - root - INFO - [31mstep: 2413  [32mloss:  2.6562  [38;2;180;60;0mgrad_norm:  0.7048  [38;2;54;234;195mmemory: 37.12GiB(46.73%)  [34mtps: 4,609  [36mtflops: 222.40  [35mmfu: 22.49%[39m
[rank0]:[titan] 2026-03-17 11:00:29,313 - root - INFO - [31mstep: 2414  [32mloss:  2.6406  [38;2;180;60;0mgrad_norm:  0.6568  [38;2;54;234;195mmemory: 37.12GiB(46.73%)  [34mtps: 4,619  [36mtflops: 222.88  [35mmfu: 22.54%[39m
[rank0]:[titan] 2026-03-17 11:00:29,762 - root - INFO - [31mstep: 2415  [32mloss:  2.6406  [38;2;180;60;0mgrad_norm:  0.7666  [38;2;54;234;195mmemory: 37.12GiB(46.73%)  [34mtps: 4,569  [36mtflops: 220.46  [35mmfu: 22.29%[39m
[rank0]:[titan] 2026-03-17 11:00:30,209 - root - INFO - [31mstep: 2416  [32mloss:  2.6719  [38;2;180;60;0mgrad_norm:  0.7436  [38;2;54;234;195mmemory: 37.12GiB(46.73%)  [34mtps: 4,590  [36mtflops: 221.46  [35mmfu: 22.39%[39m
[rank0]:[titan] 2026-03-17 11:00:30,654 - root - INFO - [31mstep: 2417  [32mloss:  2.6250  [38;2;180;60;0mgrad_norm:  0.6521  [38;2;54;234;195mmemory: 37.12GiB(46.73%)  [34mtps: 4,611  [36mtflops: 222.49  [35mmfu: 22.50%[39m
[rank0]:[titan] 2026-03-17 11:00:31,100 - root - INFO - [31mstep: 2418  [32mloss:  2.6406  [38;2;180;60;0mgrad_norm:  0.6948  [38;2;54;234;195mmemory: 37.12GiB(46.73%)  [34mtps: 4,599  [36mtflops: 221.92  [35mmfu: 22.44%[39m
[rank0]:[titan] 2026-03-17 11:00:31,546 - root - INFO - [31mstep: 2419  [32mloss:  2.6250  [38;2;180;60;0mgrad_norm:  0.8905  [38;2;54;234;195mmemory: 37.12GiB(46.73%)  [34mtps: 4,598  [36mtflops: 221.87  [35mmfu: 22.43%[39m
[rank0]:[titan] 2026-03-17 11:00:31,994 - root - INFO - [31mstep: 2420  [32mloss:  2.6562  [38;2;180;60;0mgrad_norm:  0.8385  [38;2;54;234;195mmemory: 37.12GiB(46.73%)  [34mtps: 4,578  [36mtflops: 220.89  [35mmfu: 22.33%[39m
[rank0]:[titan] 2026-03-17 11:00:32,441 - root - INFO - [31mstep: 2421  [32mloss:  2.6562  [38;2;180;60;0mgrad_norm:  0.6412  [38;2;54;234;195mmemory: 37.12GiB(46.73%)  [34mtps: 4,578  [36mtflops: 220.89  [35mmfu: 22.33%[39m
[rank0]:[titan] 2026-03-17 11:00:32,889 - root - INFO - [31mstep: 2422  [32mloss:  2.6406  [38;2;180;60;0mgrad_norm:  0.9874  [38;2;54;234;195mmemory: 37.12GiB(46.73%)  [34mtps: 4,584  [36mtflops: 221.18  [35mmfu: 22.36%[39m
[rank0]:[titan] 2026-03-17 11:00:33,343 - root - INFO - [31mstep: 2423  [32mloss:  2.6875  [38;2;180;60;0mgrad_norm:  1.0124  [38;2;54;234;195mmemory: 37.12GiB(46.73%)  [34mtps: 4,518  [36mtflops: 217.98  [35mmfu: 22.04%[39m
[rank0]:[titan] 2026-03-17 11:00:33,799 - root - INFO - [31mstep: 2424  [32mloss:  2.6562  [38;2;180;60;0mgrad_norm:  0.7913  [38;2;54;234;195mmemory: 37.12GiB(46.73%)  [34mtps: 4,490  [36mtflops: 216.63  [35mmfu: 21.90%[39m
[rank0]:[titan] 2026-03-17 11:00:34,256 - root - INFO - [31mstep: 2425  [32mloss:  2.6719  [38;2;180;60;0mgrad_norm:  0.9100  [38;2;54;234;195mmemory: 37.12GiB(46.73%)  [34mtps: 4,491  [36mtflops: 216.69  [35mmfu: 21.91%[39m
[rank0]:[titan] 2026-03-17 11:00:34,701 - root - INFO - [31mstep: 2426  [32mloss:  2.6250  [38;2;180;60;0mgrad_norm:  0.8141  [38;2;54;234;195mmemory: 37.12GiB(46.73%)  [34mtps: 4,603  [36mtflops: 222.12  [35mmfu: 22.46%[39m
[rank0]:[titan] 2026-03-17 11:00:35,145 - root - INFO - [31mstep: 2427  [32mloss:  2.6719  [38;2;180;60;0mgrad_norm:  0.9705  [38;2;54;234;195mmemory: 37.12GiB(46.73%)  [34mtps: 4,618  [36mtflops: 222.84  [35mmfu: 22.53%[39m
[rank0]:[titan] 2026-03-17 11:00:35,607 - root - INFO - [31mstep: 2428  [32mloss:  2.6875  [38;2;180;60;0mgrad_norm:  0.6512  [38;2;54;234;195mmemory: 37.12GiB(46.73%)  [34mtps: 4,445  [36mtflops: 214.47  [35mmfu: 21.69%[39m
[rank0]:[titan] 2026-03-17 11:00:36,052 - root - INFO - [31mstep: 2429  [32mloss:  2.6406  [38;2;180;60;0mgrad_norm:  0.8576  [38;2;54;234;195mmemory: 37.12GiB(46.73%)  [34mtps: 4,606  [36mtflops: 222.23  [35mmfu: 22.47%[39m
[rank0]:[titan] 2026-03-17 11:00:36,498 - root - INFO - [31mstep: 2430  [32mloss:  2.7188  [38;2;180;60;0mgrad_norm:  1.1283  [38;2;54;234;195mmemory: 37.12GiB(46.73%)  [34mtps: 4,597  [36mtflops: 221.82  [35mmfu: 22.43%[39m
[rank0]:[titan] 2026-03-17 11:00:36,943 - root - INFO - [31mstep: 2431  [32mloss:  2.7031  [38;2;180;60;0mgrad_norm:  1.0003  [38;2;54;234;195mmemory: 37.12GiB(46.73%)  [34mtps: 4,607  [36mtflops: 222.31  [35mmfu: 22.48%[39m
[rank0]:[titan] 2026-03-17 11:00:37,390 - root - INFO - [31mstep: 2432  [32mloss:  2.7500  [38;2;180;60;0mgrad_norm:  0.5979  [38;2;54;234;195mmemory: 37.12GiB(46.73%)  [34mtps: 4,588  [36mtflops: 221.37  [35mmfu: 22.38%[39m
[rank0]:[titan] 2026-03-17 11:00:37,835 - root - INFO - [31mstep: 2433  [32mloss:  2.7031  [38;2;180;60;0mgrad_norm:  0.9372  [38;2;54;234;195mmemory: 37.12GiB(46.73%)  [34mtps: 4,613  [36mtflops: 222.59  [35mmfu: 22.51%[39m
[rank0]:[titan] 2026-03-17 11:00:38,283 - root - INFO - [31mstep: 2434  [32mloss:  2.7031  [38;2;180;60;0mgrad_norm:  1.0903  [38;2;54;234;195mmemory: 37.12GiB(46.73%)  [34mtps: 4,576  [36mtflops: 220.80  [35mmfu: 22.33%[39m
[rank0]:[titan] 2026-03-17 11:00:38,731 - root - INFO - [31mstep: 2435  [32mloss:  2.6250  [38;2;180;60;0mgrad_norm:  1.0957  [38;2;54;234;195mmemory: 37.12GiB(46.73%)  [34mtps: 4,577  [36mtflops: 220.84  [35mmfu: 22.33%[39m
[rank0]:[titan] 2026-03-17 11:00:39,185 - root - INFO - [31mstep: 2436  [32mloss:  2.6719  [38;2;180;60;0mgrad_norm:  0.8103  [38;2;54;234;195mmemory: 37.12GiB(46.73%)  [34mtps: 4,519  [36mtflops: 218.06  [35mmfu: 22.05%[39m
[rank0]:[titan] 2026-03-17 11:00:39,629 - root - INFO - [31mstep: 2437  [32mloss:  2.6406  [38;2;180;60;0mgrad_norm:  0.8270  [38;2;54;234;195mmemory: 37.12GiB(46.73%)  [34mtps: 4,616  [36mtflops: 222.70  [35mmfu: 22.52%[39m
[rank0]:[titan] 2026-03-17 11:00:40,075 - root - INFO - [31mstep: 2438  [32mloss:  2.7031  [38;2;180;60;0mgrad_norm:  0.8490  [38;2;54;234;195mmemory: 37.12GiB(46.73%)  [34mtps: 4,591  [36mtflops: 221.53  [35mmfu: 22.40%[39m
[rank0]:[titan] 2026-03-17 11:00:40,525 - root - INFO - [31mstep: 2439  [32mloss:  2.6719  [38;2;180;60;0mgrad_norm:  1.0311  [38;2;54;234;195mmemory: 37.12GiB(46.73%)  [34mtps: 4,559  [36mtflops: 219.98  [35mmfu: 22.24%[39m
[rank0]:[titan] 2026-03-17 11:00:40,970 - root - INFO - [31mstep: 2440  [32mloss:  2.6719  [38;2;180;60;0mgrad_norm:  0.8426  [38;2;54;234;195mmemory: 37.12GiB(46.73%)  [34mtps: 4,606  [36mtflops: 222.26  [35mmfu: 22.47%[39m
[rank0]:[titan] 2026-03-17 11:00:41,420 - root - INFO - [31mstep: 2441  [32mloss:  2.6094  [38;2;180;60;0mgrad_norm:  0.7851  [38;2;54;234;195mmemory: 37.12GiB(46.73%)  [34mtps: 4,556  [36mtflops: 219.83  [35mmfu: 22.23%[39m
[rank0]:[titan] 2026-03-17 11:00:41,865 - root - INFO - [31mstep: 2442  [32mloss:  2.6406  [38;2;180;60;0mgrad_norm:  0.8448  [38;2;54;234;195mmemory: 37.12GiB(46.73%)  [34mtps: 4,609  [36mtflops: 222.37  [35mmfu: 22.48%[39m
[rank0]:[titan] 2026-03-17 11:00:42,311 - root - INFO - [31mstep: 2443  [32mloss:  2.6875  [38;2;180;60;0mgrad_norm:  0.7110  [38;2;54;234;195mmemory: 37.12GiB(46.73%)  [34mtps: 4,599  [36mtflops: 221.89  [35mmfu: 22.44%[39m
[rank0]:[titan] 2026-03-17 11:00:42,757 - root - INFO - [31mstep: 2444  [32mloss:  2.6250  [38;2;180;60;0mgrad_norm:  0.8832  [38;2;54;234;195mmemory: 37.12GiB(46.73%)  [34mtps: 4,595  [36mtflops: 221.70  [35mmfu: 22.42%[39m
[rank0]:[titan] 2026-03-17 11:00:43,212 - root - INFO - [31mstep: 2445  [32mloss:  2.6250  [38;2;180;60;0mgrad_norm:  0.8146  [38;2;54;234;195mmemory: 37.12GiB(46.73%)  [34mtps: 4,511  [36mtflops: 217.67  [35mmfu: 22.01%[39m
[rank0]:[titan] 2026-03-17 11:00:43,659 - root - INFO - [31mstep: 2446  [32mloss:  2.6094  [38;2;180;60;0mgrad_norm:  0.7693  [38;2;54;234;195mmemory: 37.12GiB(46.73%)  [34mtps: 4,590  [36mtflops: 221.48  [35mmfu: 22.39%[39m
[rank0]:[titan] 2026-03-17 11:00:44,113 - root - INFO - [31mstep: 2447  [32mloss:  2.6719  [38;2;180;60;0mgrad_norm:  0.5035  [38;2;54;234;195mmemory: 37.12GiB(46.73%)  [34mtps: 4,518  [36mtflops: 217.98  [35mmfu: 22.04%[39m
[rank0]:[titan] 2026-03-17 11:00:44,562 - root - INFO - [31mstep: 2448  [32mloss:  2.6875  [38;2;180;60;0mgrad_norm:  0.7838  [38;2;54;234;195mmemory: 37.12GiB(46.73%)  [34mtps: 4,570  [36mtflops: 220.52  [35mmfu: 22.30%[39m
[rank0]:[titan] 2026-03-17 11:00:45,007 - root - INFO - [31mstep: 2449  [32mloss:  2.6406  [38;2;180;60;0mgrad_norm:  0.7183  [38;2;54;234;195mmemory: 37.12GiB(46.73%)  [34mtps: 4,603  [36mtflops: 222.09  [35mmfu: 22.46%[39m
[rank0]:[titan] 2026-03-17 11:00:45,455 - root - INFO - [31mstep: 2450  [32mloss:  2.6562  [38;2;180;60;0mgrad_norm:  0.6446  [38;2;54;234;195mmemory: 37.12GiB(46.73%)  [34mtps: 4,574  [36mtflops: 220.69  [35mmfu: 22.31%[39m
[rank0]:[titan] 2026-03-17 11:00:45,903 - root - INFO - [31mstep: 2451  [32mloss:  2.6250  [38;2;180;60;0mgrad_norm:  0.7594  [38;2;54;234;195mmemory: 37.12GiB(46.73%)  [34mtps: 4,583  [36mtflops: 221.14  [35mmfu: 22.36%[39m
[rank0]:[titan] 2026-03-17 11:00:46,348 - root - INFO - [31mstep: 2452  [32mloss:  2.6562  [38;2;180;60;0mgrad_norm:  0.8051  [38;2;54;234;195mmemory: 37.12GiB(46.73%)  [34mtps: 4,608  [36mtflops: 222.33  [35mmfu: 22.48%[39m
[rank0]:[titan] 2026-03-17 11:00:46,797 - root - INFO - [31mstep: 2453  [32mloss:  2.6406  [38;2;180;60;0mgrad_norm:  0.9471  [38;2;54;234;195mmemory: 37.12GiB(46.73%)  [34mtps: 4,563  [36mtflops: 220.17  [35mmfu: 22.26%[39m
[rank0]:[titan] 2026-03-17 11:00:47,246 - root - INFO - [31mstep: 2454  [32mloss:  2.6719  [38;2;180;60;0mgrad_norm:  0.7411  [38;2;54;234;195mmemory: 37.12GiB(46.73%)  [34mtps: 4,569  [36mtflops: 220.46  [35mmfu: 22.29%[39m
[rank0]:[titan] 2026-03-17 11:00:47,693 - root - INFO - [31mstep: 2455  [32mloss:  2.6562  [38;2;180;60;0mgrad_norm:  0.8069  [38;2;54;234;195mmemory: 37.12GiB(46.73%)  [34mtps: 4,589  [36mtflops: 221.40  [35mmfu: 22.39%[39m
[rank0]:[titan] 2026-03-17 11:00:48,141 - root - INFO - [31mstep: 2456  [32mloss:  2.7031  [38;2;180;60;0mgrad_norm:  0.9179  [38;2;54;234;195mmemory: 37.12GiB(46.73%)  [34mtps: 4,577  [36mtflops: 220.86  [35mmfu: 22.33%[39m
[rank0]:[titan] 2026-03-17 11:00:48,591 - root - INFO - [31mstep: 2457  [32mloss:  2.6562  [38;2;180;60;0mgrad_norm:  0.7587  [38;2;54;234;195mmemory: 37.12GiB(46.73%)  [34mtps: 4,551  [36mtflops: 219.57  [35mmfu: 22.20%[39m
[rank0]:[titan] 2026-03-17 11:00:49,041 - root - INFO - [31mstep: 2458  [32mloss:  2.6562  [38;2;180;60;0mgrad_norm:  0.4894  [38;2;54;234;195mmemory: 37.12GiB(46.73%)  [34mtps: 4,560  [36mtflops: 220.04  [35mmfu: 22.25%[39m
[rank0]:[titan] 2026-03-17 11:00:49,489 - root - INFO - [31mstep: 2459  [32mloss:  2.6719  [38;2;180;60;0mgrad_norm:  0.8330  [38;2;54;234;195mmemory: 37.12GiB(46.73%)  [34mtps: 4,578  [36mtflops: 220.90  [35mmfu: 22.34%[39m
[rank0]:[titan] 2026-03-17 11:00:49,937 - root - INFO - [31mstep: 2460  [32mloss:  2.7188  [38;2;180;60;0mgrad_norm:  0.7540  [38;2;54;234;195mmemory: 37.12GiB(46.73%)  [34mtps: 4,579  [36mtflops: 220.96  [35mmfu: 22.34%[39m
[rank0]:[titan] 2026-03-17 11:00:50,384 - root - INFO - [31mstep: 2461  [32mloss:  2.6562  [38;2;180;60;0mgrad_norm:  0.7041  [38;2;54;234;195mmemory: 37.12GiB(46.73%)  [34mtps: 4,588  [36mtflops: 221.37  [35mmfu: 22.38%[39m
[rank0]:[titan] 2026-03-17 11:00:50,829 - root - INFO - [31mstep: 2462  [32mloss:  2.5938  [38;2;180;60;0mgrad_norm:  0.5844  [38;2;54;234;195mmemory: 37.12GiB(46.73%)  [34mtps: 4,604  [36mtflops: 222.16  [35mmfu: 22.46%[39m
[rank0]:[titan] 2026-03-17 11:00:51,280 - root - INFO - [31mstep: 2463  [32mloss:  2.6250  [38;2;180;60;0mgrad_norm:  0.5072  [38;2;54;234;195mmemory: 37.12GiB(46.73%)  [34mtps: 4,547  [36mtflops: 219.42  [35mmfu: 22.19%[39m
[rank0]:[titan] 2026-03-17 11:00:51,727 - root - INFO - [31mstep: 2464  [32mloss:  2.5938  [38;2;180;60;0mgrad_norm:  0.6809  [38;2;54;234;195mmemory: 37.12GiB(46.73%)  [34mtps: 4,585  [36mtflops: 221.24  [35mmfu: 22.37%[39m
[rank0]:[titan] 2026-03-17 11:00:52,178 - root - INFO - [31mstep: 2465  [32mloss:  2.6562  [38;2;180;60;0mgrad_norm:  0.6491  [38;2;54;234;195mmemory: 37.12GiB(46.73%)  [34mtps: 4,552  [36mtflops: 219.64  [35mmfu: 22.21%[39m
[rank0]:[titan] 2026-03-17 11:00:52,624 - root - INFO - [31mstep: 2466  [32mloss:  2.6406  [38;2;180;60;0mgrad_norm:  0.7413  [38;2;54;234;195mmemory: 37.12GiB(46.73%)  [34mtps: 4,600  [36mtflops: 221.95  [35mmfu: 22.44%[39m
[rank0]:[titan] 2026-03-17 11:00:53,073 - root - INFO - [31mstep: 2467  [32mloss:  2.6875  [38;2;180;60;0mgrad_norm:  0.6842  [38;2;54;234;195mmemory: 37.12GiB(46.73%)  [34mtps: 4,562  [36mtflops: 220.11  [35mmfu: 22.26%[39m
[rank0]:[titan] 2026-03-17 11:00:53,517 - root - INFO - [31mstep: 2468  [32mloss:  2.6562  [38;2;180;60;0mgrad_norm:  0.6486  [38;2;54;234;195mmemory: 37.12GiB(46.73%)  [34mtps: 4,614  [36mtflops: 222.64  [35mmfu: 22.51%[39m
[rank0]:[titan] 2026-03-17 11:00:53,964 - root - INFO - [31mstep: 2469  [32mloss:  2.6719  [38;2;180;60;0mgrad_norm:  0.7803  [38;2;54;234;195mmemory: 37.12GiB(46.73%)  [34mtps: 4,592  [36mtflops: 221.58  [35mmfu: 22.40%[39m
[rank0]:[titan] 2026-03-17 11:00:54,410 - root - INFO - [31mstep: 2470  [32mloss:  2.6875  [38;2;180;60;0mgrad_norm:  0.8606  [38;2;54;234;195mmemory: 37.12GiB(46.73%)  [34mtps: 4,594  [36mtflops: 221.67  [35mmfu: 22.41%[39m
[rank0]:[titan] 2026-03-17 11:00:54,857 - root - INFO - [31mstep: 2471  [32mloss:  2.6562  [38;2;180;60;0mgrad_norm:  0.8620  [38;2;54;234;195mmemory: 37.12GiB(46.73%)  [34mtps: 4,587  [36mtflops: 221.31  [35mmfu: 22.38%[39m
[rank0]:[titan] 2026-03-17 11:00:55,305 - root - INFO - [31mstep: 2472  [32mloss:  2.6719  [38;2;180;60;0mgrad_norm:  0.9070  [38;2;54;234;195mmemory: 37.12GiB(46.73%)  [34mtps: 4,583  [36mtflops: 221.12  [35mmfu: 22.36%[39m
[rank0]:[titan] 2026-03-17 11:00:55,755 - root - INFO - [31mstep: 2473  [32mloss:  2.6406  [38;2;180;60;0mgrad_norm:  0.9397  [38;2;54;234;195mmemory: 37.12GiB(46.73%)  [34mtps: 4,559  [36mtflops: 219.99  [35mmfu: 22.24%[39m
[rank0]:[titan] 2026-03-17 11:00:56,200 - root - INFO - [31mstep: 2474  [32mloss:  2.6406  [38;2;180;60;0mgrad_norm:  0.6987  [38;2;54;234;195mmemory: 37.12GiB(46.73%)  [34mtps: 4,603  [36mtflops: 222.08  [35mmfu: 22.45%[39m
[rank0]:[titan] 2026-03-17 11:00:56,647 - root - INFO - [31mstep: 2475  [32mloss:  2.6250  [38;2;180;60;0mgrad_norm:  0.7962  [38;2;54;234;195mmemory: 37.12GiB(46.73%)  [34mtps: 4,594  [36mtflops: 221.64  [35mmfu: 22.41%[39m
[rank0]:[titan] 2026-03-17 11:00:57,092 - root - INFO - [31mstep: 2476  [32mloss:  2.6250  [38;2;180;60;0mgrad_norm:  0.7165  [38;2;54;234;195mmemory: 37.12GiB(46.73%)  [34mtps: 4,610  [36mtflops: 222.45  [35mmfu: 22.49%[39m
[rank0]:[titan] 2026-03-17 11:00:57,548 - root - INFO - [31mstep: 2477  [32mloss:  2.6094  [38;2;180;60;0mgrad_norm:  0.7682  [38;2;54;234;195mmemory: 37.12GiB(46.73%)  [34mtps: 4,490  [36mtflops: 216.64  [35mmfu: 21.91%[39m
[rank0]:[titan] 2026-03-17 11:00:58,003 - root - INFO - [31mstep: 2478  [32mloss:  2.6406  [38;2;180;60;0mgrad_norm:  0.7131  [38;2;54;234;195mmemory: 37.12GiB(46.73%)  [34mtps: 4,515  [36mtflops: 217.87  [35mmfu: 22.03%[39m
[rank0]:[titan] 2026-03-17 11:00:58,448 - root - INFO - [31mstep: 2479  [32mloss:  2.5938  [38;2;180;60;0mgrad_norm:  0.8797  [38;2;54;234;195mmemory: 37.12GiB(46.73%)  [34mtps: 4,600  [36mtflops: 221.96  [35mmfu: 22.44%[39m
[rank0]:[titan] 2026-03-17 11:00:58,893 - root - INFO - [31mstep: 2480  [32mloss:  2.6719  [38;2;180;60;0mgrad_norm:  0.8927  [38;2;54;234;195mmemory: 37.12GiB(46.73%)  [34mtps: 4,608  [36mtflops: 222.33  [35mmfu: 22.48%[39m
[rank0]:[titan] 2026-03-17 11:00:59,339 - root - INFO - [31mstep: 2481  [32mloss:  2.6562  [38;2;180;60;0mgrad_norm:  0.8365  [38;2;54;234;195mmemory: 37.12GiB(46.73%)  [34mtps: 4,603  [36mtflops: 222.11  [35mmfu: 22.46%[39m
[rank0]:[titan] 2026-03-17 11:00:59,793 - root - INFO - [31mstep: 2482  [32mloss:  2.5938  [38;2;180;60;0mgrad_norm:  0.7699  [38;2;54;234;195mmemory: 37.12GiB(46.73%)  [34mtps: 4,515  [36mtflops: 217.85  [35mmfu: 22.03%[39m
[rank0]:[titan] 2026-03-17 11:01:00,240 - root - INFO - [31mstep: 2483  [32mloss:  2.5938  [38;2;180;60;0mgrad_norm:  0.6041  [38;2;54;234;195mmemory: 37.12GiB(46.73%)  [34mtps: 4,584  [36mtflops: 221.19  [35mmfu: 22.36%[39m
[rank0]:[titan] 2026-03-17 11:01:00,688 - root - INFO - [31mstep: 2484  [32mloss:  2.6250  [38;2;180;60;0mgrad_norm:  0.6835  [38;2;54;234;195mmemory: 37.12GiB(46.73%)  [34mtps: 4,584  [36mtflops: 221.17  [35mmfu: 22.36%[39m
[rank0]:[titan] 2026-03-17 11:01:01,135 - root - INFO - [31mstep: 2485  [32mloss:  2.6094  [38;2;180;60;0mgrad_norm:  0.8489  [38;2;54;234;195mmemory: 37.12GiB(46.73%)  [34mtps: 4,581  [36mtflops: 221.05  [35mmfu: 22.35%[39m
[rank0]:[titan] 2026-03-17 11:01:01,587 - root - INFO - [31mstep: 2486  [32mloss:  2.6562  [38;2;180;60;0mgrad_norm:  0.7177  [38;2;54;234;195mmemory: 37.12GiB(46.73%)  [34mtps: 4,541  [36mtflops: 219.09  [35mmfu: 22.15%[39m
[rank0]:[titan] 2026-03-17 11:01:02,031 - root - INFO - [31mstep: 2487  [32mloss:  2.6406  [38;2;180;60;0mgrad_norm:  0.6357  [38;2;54;234;195mmemory: 37.12GiB(46.73%)  [34mtps: 4,617  [36mtflops: 222.79  [35mmfu: 22.53%[39m
[rank0]:[titan] 2026-03-17 11:01:02,478 - root - INFO - [31mstep: 2488  [32mloss:  2.6094  [38;2;180;60;0mgrad_norm:  0.6586  [38;2;54;234;195mmemory: 37.12GiB(46.73%)  [34mtps: 4,586  [36mtflops: 221.30  [35mmfu: 22.38%[39m
[rank0]:[titan] 2026-03-17 11:01:02,923 - root - INFO - [31mstep: 2489  [32mloss:  2.6250  [38;2;180;60;0mgrad_norm:  0.8459  [38;2;54;234;195mmemory: 37.12GiB(46.73%)  [34mtps: 4,608  [36mtflops: 222.33  [35mmfu: 22.48%[39m
[rank0]:[titan] 2026-03-17 11:01:03,370 - root - INFO - [31mstep: 2490  [32mloss:  2.6250  [38;2;180;60;0mgrad_norm:  0.8523  [38;2;54;234;195mmemory: 37.12GiB(46.73%)  [34mtps: 4,586  [36mtflops: 221.28  [35mmfu: 22.37%[39m
[rank0]:[titan] 2026-03-17 11:01:03,861 - root - INFO - [31mstep: 2491  [32mloss:  2.6250  [38;2;180;60;0mgrad_norm:  0.5542  [38;2;54;234;195mmemory: 37.12GiB(46.73%)  [34mtps: 4,181  [36mtflops: 201.73  [35mmfu: 20.40%[39m
[rank0]:[titan] 2026-03-17 11:01:04,309 - root - INFO - [31mstep: 2492  [32mloss:  2.6094  [38;2;180;60;0mgrad_norm:  0.6018  [38;2;54;234;195mmemory: 37.12GiB(46.73%)  [34mtps: 4,580  [36mtflops: 220.99  [35mmfu: 22.34%[39m
[rank0]:[titan] 2026-03-17 11:01:04,757 - root - INFO - [31mstep: 2493  [32mloss:  2.6562  [38;2;180;60;0mgrad_norm:  0.5953  [38;2;54;234;195mmemory: 37.12GiB(46.73%)  [34mtps: 4,578  [36mtflops: 220.88  [35mmfu: 22.33%[39m
[rank0]:[titan] 2026-03-17 11:01:05,204 - root - INFO - [31mstep: 2494  [32mloss:  2.7188  [38;2;180;60;0mgrad_norm:  0.8398  [38;2;54;234;195mmemory: 37.12GiB(46.73%)  [34mtps: 4,594  [36mtflops: 221.66  [35mmfu: 22.41%[39m
[rank0]:[titan] 2026-03-17 11:01:05,651 - root - INFO - [31mstep: 2495  [32mloss:  2.6875  [38;2;180;60;0mgrad_norm:  0.6514  [38;2;54;234;195mmemory: 37.12GiB(46.73%)  [34mtps: 4,582  [36mtflops: 221.09  [35mmfu: 22.36%[39m
[rank0]:[titan] 2026-03-17 11:01:06,105 - root - INFO - [31mstep: 2496  [32mloss:  2.6406  [38;2;180;60;0mgrad_norm:  0.8205  [38;2;54;234;195mmemory: 37.12GiB(46.73%)  [34mtps: 4,522  [36mtflops: 218.20  [35mmfu: 22.06%[39m
[rank0]:[titan] 2026-03-17 11:01:06,550 - root - INFO - [31mstep: 2497  [32mloss:  2.5781  [38;2;180;60;0mgrad_norm:  0.7719  [38;2;54;234;195mmemory: 37.12GiB(46.73%)  [34mtps: 4,598  [36mtflops: 221.87  [35mmfu: 22.43%[39m
[rank0]:[titan] 2026-03-17 11:01:06,996 - root - INFO - [31mstep: 2498  [32mloss:  2.6719  [38;2;180;60;0mgrad_norm:  0.7997  [38;2;54;234;195mmemory: 37.12GiB(46.73%)  [34mtps: 4,601  [36mtflops: 222.00  [35mmfu: 22.45%[39m
[rank0]:[titan] 2026-03-17 11:01:07,446 - root - INFO - [31mstep: 2499  [32mloss:  2.6875  [38;2;180;60;0mgrad_norm:  0.9413  [38;2;54;234;195mmemory: 37.12GiB(46.73%)  [34mtps: 4,563  [36mtflops: 220.15  [35mmfu: 22.26%[39m
[rank0]:[titan] 2026-03-17 11:01:07,891 - root - INFO - [31mstep: 2500  [32mloss:  2.6562  [38;2;180;60;0mgrad_norm:  0.6143  [38;2;54;234;195mmemory: 37.12GiB(46.73%)  [34mtps: 4,610  [36mtflops: 222.44  [35mmfu: 22.49%[39m
[rank0]:[titan] 2026-03-17 11:01:08,342 - root - INFO - [31mstep: 2501  [32mloss:  2.7031  [38;2;180;60;0mgrad_norm:  0.7154  [38;2;54;234;195mmemory: 37.12GiB(46.73%)  [34mtps: 4,548  [36mtflops: 219.45  [35mmfu: 22.19%[39m
[rank0]:[titan] 2026-03-17 11:01:08,807 - root - INFO - [31mstep: 2502  [32mloss:  2.6719  [38;2;180;60;0mgrad_norm:  0.7280  [38;2;54;234;195mmemory: 37.12GiB(46.73%)  [34mtps: 4,410  [36mtflops: 212.76  [35mmfu: 21.51%[39m
[rank0]:[titan] 2026-03-17 11:01:09,254 - root - INFO - [31mstep: 2503  [32mloss:  2.6562  [38;2;180;60;0mgrad_norm:  0.7773  [38;2;54;234;195mmemory: 37.12GiB(46.73%)  [34mtps: 4,584  [36mtflops: 221.17  [35mmfu: 22.36%[39m
[rank0]:[titan] 2026-03-17 11:01:09,698 - root - INFO - [31mstep: 2504  [32mloss:  2.6562  [38;2;180;60;0mgrad_norm:  0.6552  [38;2;54;234;195mmemory: 37.12GiB(46.73%)  [34mtps: 4,618  [36mtflops: 222.84  [35mmfu: 22.53%[39m
[rank0]:[titan] 2026-03-17 11:01:10,149 - root - INFO - [31mstep: 2505  [32mloss:  2.6562  [38;2;180;60;0mgrad_norm:  0.8746  [38;2;54;234;195mmemory: 37.12GiB(46.73%)  [34mtps: 4,549  [36mtflops: 219.49  [35mmfu: 22.19%[39m
[rank0]:[titan] 2026-03-17 11:01:10,598 - root - INFO - [31mstep: 2506  [32mloss:  2.6406  [38;2;180;60;0mgrad_norm:  0.7232  [38;2;54;234;195mmemory: 37.12GiB(46.73%)  [34mtps: 4,561  [36mtflops: 220.09  [35mmfu: 22.25%[39m
[rank0]:[titan] 2026-03-17 11:01:11,042 - root - INFO - [31mstep: 2507  [32mloss:  2.6406  [38;2;180;60;0mgrad_norm:  0.6461  [38;2;54;234;195mmemory: 37.12GiB(46.73%)  [34mtps: 4,620  [36mtflops: 222.91  [35mmfu: 22.54%[39m
[rank0]:[titan] 2026-03-17 11:01:11,492 - root - INFO - [31mstep: 2508  [32mloss:  2.6719  [38;2;180;60;0mgrad_norm:  0.7257  [38;2;54;234;195mmemory: 37.12GiB(46.73%)  [34mtps: 4,560  [36mtflops: 220.01  [35mmfu: 22.25%[39m
[rank0]:[titan] 2026-03-17 11:01:11,938 - root - INFO - [31mstep: 2509  [32mloss:  2.6406  [38;2;180;60;0mgrad_norm:  0.6923  [38;2;54;234;195mmemory: 37.12GiB(46.73%)  [34mtps: 4,596  [36mtflops: 221.78  [35mmfu: 22.43%[39m
[rank0]:[titan] 2026-03-17 11:01:12,387 - root - INFO - [31mstep: 2510  [32mloss:  2.6562  [38;2;180;60;0mgrad_norm:  0.6404  [38;2;54;234;195mmemory: 37.12GiB(46.73%)  [34mtps: 4,566  [36mtflops: 220.31  [35mmfu: 22.28%[39m
[rank0]:[titan] 2026-03-17 11:01:12,835 - root - INFO - [31mstep: 2511  [32mloss:  2.6562  [38;2;180;60;0mgrad_norm:  0.8967  [38;2;54;234;195mmemory: 37.12GiB(46.73%)  [34mtps: 4,573  [36mtflops: 220.66  [35mmfu: 22.31%[39m
[rank0]:[titan] 2026-03-17 11:01:13,281 - root - INFO - [31mstep: 2512  [32mloss:  2.6094  [38;2;180;60;0mgrad_norm:  0.6580  [38;2;54;234;195mmemory: 37.12GiB(46.73%)  [34mtps: 4,603  [36mtflops: 222.08  [35mmfu: 22.45%[39m
[rank0]:[titan] 2026-03-17 11:01:13,727 - root - INFO - [31mstep: 2513  [32mloss:  2.6406  [38;2;180;60;0mgrad_norm:  0.9436  [38;2;54;234;195mmemory: 37.12GiB(46.73%)  [34mtps: 4,594  [36mtflops: 221.64  [35mmfu: 22.41%[39m
[rank0]:[titan] 2026-03-17 11:01:14,176 - root - INFO - [31mstep: 2514  [32mloss:  2.6250  [38;2;180;60;0mgrad_norm:  0.9755  [38;2;54;234;195mmemory: 37.12GiB(46.73%)  [34mtps: 4,567  [36mtflops: 220.34  [35mmfu: 22.28%[39m
[rank0]:[titan] 2026-03-17 11:01:14,621 - root - INFO - [31mstep: 2515  [32mloss:  2.6719  [38;2;180;60;0mgrad_norm:  0.8091  [38;2;54;234;195mmemory: 37.12GiB(46.73%)  [34mtps: 4,604  [36mtflops: 222.14  [35mmfu: 22.46%[39m
[rank0]:[titan] 2026-03-17 11:01:15,069 - root - INFO - [31mstep: 2516  [32mloss:  2.6562  [38;2;180;60;0mgrad_norm:  0.7916  [38;2;54;234;195mmemory: 37.12GiB(46.73%)  [34mtps: 4,576  [36mtflops: 220.80  [35mmfu: 22.33%[39m
[rank0]:[titan] 2026-03-17 11:01:15,515 - root - INFO - [31mstep: 2517  [32mloss:  2.6719  [38;2;180;60;0mgrad_norm:  1.1236  [38;2;54;234;195mmemory: 37.12GiB(46.73%)  [34mtps: 4,605  [36mtflops: 222.19  [35mmfu: 22.47%[39m
[rank0]:[titan] 2026-03-17 11:01:15,962 - root - INFO - [31mstep: 2518  [32mloss:  2.6875  [38;2;180;60;0mgrad_norm:  0.7714  [38;2;54;234;195mmemory: 37.12GiB(46.73%)  [34mtps: 4,586  [36mtflops: 221.28  [35mmfu: 22.37%[39m
[rank0]:[titan] 2026-03-17 11:01:16,417 - root - INFO - [31mstep: 2519  [32mloss:  2.7188  [38;2;180;60;0mgrad_norm:  0.6571  [38;2;54;234;195mmemory: 37.12GiB(46.73%)  [34mtps: 4,507  [36mtflops: 217.47  [35mmfu: 21.99%[39m
[rank0]:[titan] 2026-03-17 11:01:16,871 - root - INFO - [31mstep: 2520  [32mloss:  2.7031  [38;2;180;60;0mgrad_norm:  0.8752  [38;2;54;234;195mmemory: 37.12GiB(46.73%)  [34mtps: 4,515  [36mtflops: 217.86  [35mmfu: 22.03%[39m
[rank0]:[titan] 2026-03-17 11:01:17,317 - root - INFO - [31mstep: 2521  [32mloss:  2.6875  [38;2;180;60;0mgrad_norm:  0.8714  [38;2;54;234;195mmemory: 37.12GiB(46.73%)  [34mtps: 4,594  [36mtflops: 221.67  [35mmfu: 22.41%[39m
[rank0]:[titan] 2026-03-17 11:01:17,761 - root - INFO - [31mstep: 2522  [32mloss:  2.6094  [38;2;180;60;0mgrad_norm:  0.7213  [38;2;54;234;195mmemory: 37.12GiB(46.73%)  [34mtps: 4,616  [36mtflops: 222.72  [35mmfu: 22.52%[39m
[rank0]:[titan] 2026-03-17 11:01:18,210 - root - INFO - [31mstep: 2523  [32mloss:  2.6406  [38;2;180;60;0mgrad_norm:  0.7260  [38;2;54;234;195mmemory: 37.12GiB(46.73%)  [34mtps: 4,574  [36mtflops: 220.68  [35mmfu: 22.31%[39m
[rank0]:[titan] 2026-03-17 11:01:18,658 - root - INFO - [31mstep: 2524  [32mloss:  2.7031  [38;2;180;60;0mgrad_norm:  1.1252  [38;2;54;234;195mmemory: 37.12GiB(46.73%)  [34mtps: 4,578  [36mtflops: 220.89  [35mmfu: 22.33%[39m
[rank0]:[titan] 2026-03-17 11:01:19,107 - root - INFO - [31mstep: 2525  [32mloss:  2.6562  [38;2;180;60;0mgrad_norm:  0.8398  [38;2;54;234;195mmemory: 37.12GiB(46.73%)  [34mtps: 4,563  [36mtflops: 220.17  [35mmfu: 22.26%[39m
[rank0]:[titan] 2026-03-17 11:01:19,554 - root - INFO - [31mstep: 2526  [32mloss:  2.6562  [38;2;180;60;0mgrad_norm:  0.7890  [38;2;54;234;195mmemory: 37.12GiB(46.73%)  [34mtps: 4,581  [36mtflops: 221.06  [35mmfu: 22.35%[39m
[rank0]:[titan] 2026-03-17 11:01:20,003 - root - INFO - [31mstep: 2527  [32mloss:  2.7031  [38;2;180;60;0mgrad_norm:  0.6527  [38;2;54;234;195mmemory: 37.12GiB(46.73%)  [34mtps: 4,573  [36mtflops: 220.63  [35mmfu: 22.31%[39m
[rank0]:[titan] 2026-03-17 11:01:20,447 - root - INFO - [31mstep: 2528  [32mloss:  2.8125  [38;2;180;60;0mgrad_norm:  0.9129  [38;2;54;234;195mmemory: 37.12GiB(46.73%)  [34mtps: 4,614  [36mtflops: 222.64  [35mmfu: 22.51%[39m
[rank0]:[titan] 2026-03-17 11:01:20,893 - root - INFO - [31mstep: 2529  [32mloss:  2.7188  [38;2;180;60;0mgrad_norm:  0.7341  [38;2;54;234;195mmemory: 37.12GiB(46.73%)  [34mtps: 4,603  [36mtflops: 222.08  [35mmfu: 22.45%[39m
[rank0]:[titan] 2026-03-17 11:01:21,341 - root - INFO - [31mstep: 2530  [32mloss:  2.6562  [38;2;180;60;0mgrad_norm:  0.6163  [38;2;54;234;195mmemory: 37.12GiB(46.73%)  [34mtps: 4,578  [36mtflops: 220.89  [35mmfu: 22.33%[39m
[rank0]:[titan] 2026-03-17 11:01:21,789 - root - INFO - [31mstep: 2531  [32mloss:  2.7500  [38;2;180;60;0mgrad_norm:  1.0595  [38;2;54;234;195mmemory: 37.12GiB(46.73%)  [34mtps: 4,579  [36mtflops: 220.94  [35mmfu: 22.34%[39m
[rank0]:[titan] 2026-03-17 11:01:22,243 - root - INFO - [31mstep: 2532  [32mloss:  2.7344  [38;2;180;60;0mgrad_norm:  1.1818  [38;2;54;234;195mmemory: 37.12GiB(46.73%)  [34mtps: 4,510  [36mtflops: 217.62  [35mmfu: 22.00%[39m
[rank0]:[titan] 2026-03-17 11:01:22,720 - root - INFO - [31mstep: 2533  [32mloss:  2.7500  [38;2;180;60;0mgrad_norm:  1.0493  [38;2;54;234;195mmemory: 37.12GiB(46.73%)  [34mtps: 4,303  [36mtflops: 207.64  [35mmfu: 21.00%[39m
[rank0]:[titan] 2026-03-17 11:01:23,166 - root - INFO - [31mstep: 2534  [32mloss:  2.7188  [38;2;180;60;0mgrad_norm:  1.2840  [38;2;54;234;195mmemory: 37.12GiB(46.73%)  [34mtps: 4,596  [36mtflops: 221.77  [35mmfu: 22.42%[39m
[rank0]:[titan] 2026-03-17 11:01:23,620 - root - INFO - [31mstep: 2535  [32mloss:  2.7188  [38;2;180;60;0mgrad_norm:  1.0566  [38;2;54;234;195mmemory: 37.12GiB(46.73%)  [34mtps: 4,516  [36mtflops: 217.89  [35mmfu: 22.03%[39m
[rank0]:[titan] 2026-03-17 11:01:24,064 - root - INFO - [31mstep: 2536  [32mloss:  2.7031  [38;2;180;60;0mgrad_norm:  0.8713  [38;2;54;234;195mmemory: 37.12GiB(46.73%)  [34mtps: 4,618  [36mtflops: 222.80  [35mmfu: 22.53%[39m
[rank0]:[titan] 2026-03-17 11:01:24,509 - root - INFO - [31mstep: 2537  [32mloss:  2.7031  [38;2;180;60;0mgrad_norm:  0.9663  [38;2;54;234;195mmemory: 37.12GiB(46.73%)  [34mtps: 4,608  [36mtflops: 222.34  [35mmfu: 22.48%[39m
[rank0]:[titan] 2026-03-17 11:01:24,510 - root - WARNING - Dataset c4_test is being re-looped
[rank0]:[titan] 2026-03-17 11:01:24,956 - root - INFO - [31mstep: 2538  [32mloss:  2.6719  [38;2;180;60;0mgrad_norm:  1.0598  [38;2;54;234;195mmemory: 37.12GiB(46.73%)  [34mtps: 4,590  [36mtflops: 221.46  [35mmfu: 22.39%[39m
[rank0]:[titan] 2026-03-17 11:01:25,402 - root - INFO - [31mstep: 2539  [32mloss:  2.6875  [38;2;180;60;0mgrad_norm:  1.1736  [38;2;54;234;195mmemory: 37.12GiB(46.73%)  [34mtps: 4,595  [36mtflops: 221.69  [35mmfu: 22.42%[39m
[rank0]:[titan] 2026-03-17 11:01:25,860 - root - INFO - [31mstep: 2540  [32mloss:  2.7344  [38;2;180;60;0mgrad_norm:  0.8120  [38;2;54;234;195mmemory: 37.12GiB(46.73%)  [34mtps: 4,484  [36mtflops: 216.36  [35mmfu: 21.88%[39m
[rank0]:[titan] 2026-03-17 11:01:26,305 - root - INFO - [31mstep: 2541  [32mloss:  2.6406  [38;2;180;60;0mgrad_norm:  0.8887  [38;2;54;234;195mmemory: 37.12GiB(46.73%)  [34mtps: 4,607  [36mtflops: 222.27  [35mmfu: 22.47%[39m
[rank0]:[titan] 2026-03-17 11:01:26,750 - root - INFO - [31mstep: 2542  [32mloss:  2.6875  [38;2;180;60;0mgrad_norm:  0.9167  [38;2;54;234;195mmemory: 37.12GiB(46.73%)  [34mtps: 4,607  [36mtflops: 222.28  [35mmfu: 22.48%[39m
[rank0]:[titan] 2026-03-17 11:01:27,201 - root - INFO - [31mstep: 2543  [32mloss:  2.6875  [38;2;180;60;0mgrad_norm:  0.6675  [38;2;54;234;195mmemory: 37.12GiB(46.73%)  [34mtps: 4,545  [36mtflops: 219.31  [35mmfu: 22.18%[39m
[rank0]:[titan] 2026-03-17 11:01:27,653 - root - INFO - [31mstep: 2544  [32mloss:  2.6562  [38;2;180;60;0mgrad_norm:  0.7605  [38;2;54;234;195mmemory: 37.12GiB(46.73%)  [34mtps: 4,534  [36mtflops: 218.75  [35mmfu: 22.12%[39m
[rank0]:[titan] 2026-03-17 11:01:28,096 - root - INFO - [31mstep: 2545  [32mloss:  2.6094  [38;2;180;60;0mgrad_norm:  0.8260  [38;2;54;234;195mmemory: 37.12GiB(46.73%)  [34mtps: 4,632  [36mtflops: 223.51  [35mmfu: 22.60%[39m
[rank0]:[titan] 2026-03-17 11:01:28,544 - root - INFO - [31mstep: 2546  [32mloss:  2.6875  [38;2;180;60;0mgrad_norm:  0.5413  [38;2;54;234;195mmemory: 37.12GiB(46.73%)  [34mtps: 4,578  [36mtflops: 220.89  [35mmfu: 22.33%[39m
[rank0]:[titan] 2026-03-17 11:01:28,993 - root - INFO - [31mstep: 2547  [32mloss:  2.7188  [38;2;180;60;0mgrad_norm:  0.9485  [38;2;54;234;195mmemory: 37.12GiB(46.73%)  [34mtps: 4,562  [36mtflops: 220.12  [35mmfu: 22.26%[39m
[rank0]:[titan] 2026-03-17 11:01:29,441 - root - INFO - [31mstep: 2548  [32mloss:  2.6875  [38;2;180;60;0mgrad_norm:  0.9718  [38;2;54;234;195mmemory: 37.12GiB(46.73%)  [34mtps: 4,583  [36mtflops: 221.15  [35mmfu: 22.36%[39m
[rank0]:[titan] 2026-03-17 11:01:29,885 - root - INFO - [31mstep: 2549  [32mloss:  2.6406  [38;2;180;60;0mgrad_norm:  0.7419  [38;2;54;234;195mmemory: 37.12GiB(46.73%)  [34mtps: 4,615  [36mtflops: 222.67  [35mmfu: 22.51%[39m
[rank0]:[titan] 2026-03-17 11:01:30,334 - root - INFO - [31mstep: 2550  [32mloss:  2.7031  [38;2;180;60;0mgrad_norm:  0.7950  [38;2;54;234;195mmemory: 37.12GiB(46.73%)  [34mtps: 4,567  [36mtflops: 220.35  [35mmfu: 22.28%[39m
[rank0]:[titan] 2026-03-17 11:01:30,779 - root - INFO - [31mstep: 2551  [32mloss:  2.7188  [38;2;180;60;0mgrad_norm:  1.0418  [38;2;54;234;195mmemory: 37.12GiB(46.73%)  [34mtps: 4,606  [36mtflops: 222.26  [35mmfu: 22.47%[39m
[rank0]:[titan] 2026-03-17 11:01:31,228 - root - INFO - [31mstep: 2552  [32mloss:  2.7500  [38;2;180;60;0mgrad_norm:  0.8946  [38;2;54;234;195mmemory: 37.12GiB(46.73%)  [34mtps: 4,560  [36mtflops: 220.04  [35mmfu: 22.25%[39m
[rank0]:[titan] 2026-03-17 11:01:31,680 - root - INFO - [31mstep: 2553  [32mloss:  2.7031  [38;2;180;60;0mgrad_norm:  0.8684  [38;2;54;234;195mmemory: 37.12GiB(46.73%)  [34mtps: 4,541  [36mtflops: 219.11  [35mmfu: 22.15%[39m
[rank0]:[titan] 2026-03-17 11:01:32,124 - root - INFO - [31mstep: 2554  [32mloss:  2.7188  [38;2;180;60;0mgrad_norm:  0.8115  [38;2;54;234;195mmemory: 37.12GiB(46.73%)  [34mtps: 4,615  [36mtflops: 222.67  [35mmfu: 22.51%[39m
[rank0]:[titan] 2026-03-17 11:01:32,570 - root - INFO - [31mstep: 2555  [32mloss:  2.6719  [38;2;180;60;0mgrad_norm:  0.9075  [38;2;54;234;195mmemory: 37.12GiB(46.73%)  [34mtps: 4,603  [36mtflops: 222.08  [35mmfu: 22.46%[39m
[rank0]:[titan] 2026-03-17 11:01:33,020 - root - INFO - [31mstep: 2556  [32mloss:  2.6250  [38;2;180;60;0mgrad_norm:  0.9453  [38;2;54;234;195mmemory: 37.12GiB(46.73%)  [34mtps: 4,551  [36mtflops: 219.57  [35mmfu: 22.20%[39m
[rank0]:[titan] 2026-03-17 11:01:33,468 - root - INFO - [31mstep: 2557  [32mloss:  2.6250  [38;2;180;60;0mgrad_norm:  0.7565  [38;2;54;234;195mmemory: 37.12GiB(46.73%)  [34mtps: 4,581  [36mtflops: 221.05  [35mmfu: 22.35%[39m
[rank0]:[titan] 2026-03-17 11:01:33,913 - root - INFO - [31mstep: 2558  [32mloss:  2.6250  [38;2;180;60;0mgrad_norm:  0.7311  [38;2;54;234;195mmemory: 37.12GiB(46.73%)  [34mtps: 4,608  [36mtflops: 222.33  [35mmfu: 22.48%[39m
[rank0]:[titan] 2026-03-17 11:01:34,359 - root - INFO - [31mstep: 2559  [32mloss:  2.7031  [38;2;180;60;0mgrad_norm:  0.9208  [38;2;54;234;195mmemory: 37.12GiB(46.73%)  [34mtps: 4,600  [36mtflops: 221.94  [35mmfu: 22.44%[39m
[rank0]:[titan] 2026-03-17 11:01:34,811 - root - INFO - [31mstep: 2560  [32mloss:  2.7031  [38;2;180;60;0mgrad_norm:  1.0439  [38;2;54;234;195mmemory: 37.12GiB(46.73%)  [34mtps: 4,532  [36mtflops: 218.68  [35mmfu: 22.11%[39m
[rank0]:[titan] 2026-03-17 11:01:35,261 - root - INFO - [31mstep: 2561  [32mloss:  2.7500  [38;2;180;60;0mgrad_norm:  0.9095  [38;2;54;234;195mmemory: 37.12GiB(46.73%)  [34mtps: 4,557  [36mtflops: 219.89  [35mmfu: 22.23%[39m
[rank0]:[titan] 2026-03-17 11:01:35,708 - root - INFO - [31mstep: 2562  [32mloss:  2.7031  [38;2;180;60;0mgrad_norm:  1.0571  [38;2;54;234;195mmemory: 37.12GiB(46.73%)  [34mtps: 4,594  [36mtflops: 221.65  [35mmfu: 22.41%[39m
[rank0]:[titan] 2026-03-17 11:01:36,155 - root - INFO - [31mstep: 2563  [32mloss:  2.7500  [38;2;180;60;0mgrad_norm:  0.8335  [38;2;54;234;195mmemory: 37.12GiB(46.73%)  [34mtps: 4,583  [36mtflops: 221.12  [35mmfu: 22.36%[39m
[rank0]:[titan] 2026-03-17 11:01:36,603 - root - INFO - [31mstep: 2564  [32mloss:  2.6719  [38;2;180;60;0mgrad_norm:  0.8918  [38;2;54;234;195mmemory: 37.12GiB(46.73%)  [34mtps: 4,582  [36mtflops: 221.11  [35mmfu: 22.36%[39m
[rank0]:[titan] 2026-03-17 11:01:37,051 - root - INFO - [31mstep: 2565  [32mloss:  2.6562  [38;2;180;60;0mgrad_norm:  0.6955  [38;2;54;234;195mmemory: 37.12GiB(46.73%)  [34mtps: 4,567  [36mtflops: 220.37  [35mmfu: 22.28%[39m
[rank0]:[titan] 2026-03-17 11:01:37,507 - root - INFO - [31mstep: 2566  [32mloss:  2.6875  [38;2;180;60;0mgrad_norm:  1.1135  [38;2;54;234;195mmemory: 37.12GiB(46.73%)  [34mtps: 4,502  [36mtflops: 217.24  [35mmfu: 21.97%[39m
[rank0]:[titan] 2026-03-17 11:01:37,951 - root - INFO - [31mstep: 2567  [32mloss:  2.6562  [38;2;180;60;0mgrad_norm:  1.3108  [38;2;54;234;195mmemory: 37.12GiB(46.73%)  [34mtps: 4,618  [36mtflops: 222.84  [35mmfu: 22.53%[39m
[rank0]:[titan] 2026-03-17 11:01:38,398 - root - INFO - [31mstep: 2568  [32mloss:  2.6719  [38;2;180;60;0mgrad_norm:  0.9593  [38;2;54;234;195mmemory: 37.12GiB(46.73%)  [34mtps: 4,583  [36mtflops: 221.11  [35mmfu: 22.36%[39m
[rank0]:[titan] 2026-03-17 11:01:38,847 - root - INFO - [31mstep: 2569  [32mloss:  2.6562  [38;2;180;60;0mgrad_norm:  0.8806  [38;2;54;234;195mmemory: 37.12GiB(46.73%)  [34mtps: 4,570  [36mtflops: 220.49  [35mmfu: 22.29%[39m
[rank0]:[titan] 2026-03-17 11:01:39,295 - root - INFO - [31mstep: 2570  [32mloss:  2.6406  [38;2;180;60;0mgrad_norm:  1.0479  [38;2;54;234;195mmemory: 37.12GiB(46.73%)  [34mtps: 4,579  [36mtflops: 220.95  [35mmfu: 22.34%[39m
[rank0]:[titan] 2026-03-17 11:01:39,743 - root - INFO - [31mstep: 2571  [32mloss:  2.6719  [38;2;180;60;0mgrad_norm:  1.0022  [38;2;54;234;195mmemory: 37.12GiB(46.73%)  [34mtps: 4,570  [36mtflops: 220.50  [35mmfu: 22.30%[39m
[rank0]:[titan] 2026-03-17 11:01:40,200 - root - INFO - [31mstep: 2572  [32mloss:  2.6406  [38;2;180;60;0mgrad_norm:  0.8007  [38;2;54;234;195mmemory: 37.12GiB(46.73%)  [34mtps: 4,489  [36mtflops: 216.62  [35mmfu: 21.90%[39m
[rank0]:[titan] 2026-03-17 11:01:40,646 - root - INFO - [31mstep: 2573  [32mloss:  2.6562  [38;2;180;60;0mgrad_norm:  0.7386  [38;2;54;234;195mmemory: 37.12GiB(46.73%)  [34mtps: 4,605  [36mtflops: 222.18  [35mmfu: 22.47%[39m
[rank0]:[titan] 2026-03-17 11:01:41,093 - root - INFO - [31mstep: 2574  [32mloss:  2.6250  [38;2;180;60;0mgrad_norm:  0.6222  [38;2;54;234;195mmemory: 37.12GiB(46.73%)  [34mtps: 4,580  [36mtflops: 220.97  [35mmfu: 22.34%[39m
[rank0]:[titan] 2026-03-17 11:01:41,547 - root - INFO - [31mstep: 2575  [32mloss:  2.6562  [38;2;180;60;0mgrad_norm:  0.7273  [38;2;54;234;195mmemory: 37.12GiB(46.73%)  [34mtps: 4,514  [36mtflops: 217.80  [35mmfu: 22.02%[39m
[rank0]:[titan] 2026-03-17 11:01:41,992 - root - INFO - [31mstep: 2576  [32mloss:  2.7188  [38;2;180;60;0mgrad_norm:  0.8611  [38;2;54;234;195mmemory: 37.12GiB(46.73%)  [34mtps: 4,615  [36mtflops: 222.69  [35mmfu: 22.52%[39m
[rank0]:[titan] 2026-03-17 11:01:42,438 - root - INFO - [31mstep: 2577  [32mloss:  2.7188  [38;2;180;60;0mgrad_norm:  0.5642  [38;2;54;234;195mmemory: 37.12GiB(46.73%)  [34mtps: 4,596  [36mtflops: 221.78  [35mmfu: 22.42%[39m
[rank0]:[titan] 2026-03-17 11:01:42,884 - root - INFO - [31mstep: 2578  [32mloss:  2.6406  [38;2;180;60;0mgrad_norm:  0.7389  [38;2;54;234;195mmemory: 37.12GiB(46.73%)  [34mtps: 4,590  [36mtflops: 221.48  [35mmfu: 22.39%[39m
[rank0]:[titan] 2026-03-17 11:01:43,329 - root - INFO - [31mstep: 2579  [32mloss:  2.7031  [38;2;180;60;0mgrad_norm:  1.0224  [38;2;54;234;195mmemory: 37.12GiB(46.73%)  [34mtps: 4,607  [36mtflops: 222.32  [35mmfu: 22.48%[39m
[rank0]:[titan] 2026-03-17 11:01:43,790 - root - INFO - [31mstep: 2580  [32mloss:  2.6562  [38;2;180;60;0mgrad_norm:  0.7115  [38;2;54;234;195mmemory: 37.12GiB(46.73%)  [34mtps: 4,453  [36mtflops: 214.87  [35mmfu: 21.73%[39m
[rank0]:[titan] 2026-03-17 11:01:44,234 - root - INFO - [31mstep: 2581  [32mloss:  2.7031  [38;2;180;60;0mgrad_norm:  0.6886  [38;2;54;234;195mmemory: 37.12GiB(46.73%)  [34mtps: 4,612  [36mtflops: 222.51  [35mmfu: 22.50%[39m
[rank0]:[titan] 2026-03-17 11:01:44,682 - root - INFO - [31mstep: 2582  [32mloss:  2.7500  [38;2;180;60;0mgrad_norm:  0.7634  [38;2;54;234;195mmemory: 37.12GiB(46.73%)  [34mtps: 4,582  [36mtflops: 221.08  [35mmfu: 22.35%[39m
[rank0]:[titan] 2026-03-17 11:01:45,127 - root - INFO - [31mstep: 2583  [32mloss:  2.6719  [38;2;180;60;0mgrad_norm:  0.7320  [38;2;54;234;195mmemory: 37.12GiB(46.73%)  [34mtps: 4,603  [36mtflops: 222.10  [35mmfu: 22.46%[39m
[rank0]:[titan] 2026-03-17 11:01:45,572 - root - INFO - [31mstep: 2584  [32mloss:  2.6875  [38;2;180;60;0mgrad_norm:  0.8107  [38;2;54;234;195mmemory: 37.12GiB(46.73%)  [34mtps: 4,613  [36mtflops: 222.59  [35mmfu: 22.51%[39m
[rank0]:[titan] 2026-03-17 11:01:46,018 - root - INFO - [31mstep: 2585  [32mloss:  2.7500  [38;2;180;60;0mgrad_norm:  0.8744  [38;2;54;234;195mmemory: 37.12GiB(46.73%)  [34mtps: 4,598  [36mtflops: 221.84  [35mmfu: 22.43%[39m
[rank0]:[titan] 2026-03-17 11:01:46,474 - root - INFO - [31mstep: 2586  [32mloss:  2.7188  [38;2;180;60;0mgrad_norm:  0.7855  [38;2;54;234;195mmemory: 37.12GiB(46.73%)  [34mtps: 4,497  [36mtflops: 217.00  [35mmfu: 21.94%[39m
[rank0]:[titan] 2026-03-17 11:01:46,927 - root - INFO - [31mstep: 2587  [32mloss:  2.6875  [38;2;180;60;0mgrad_norm:  0.7025  [38;2;54;234;195mmemory: 37.12GiB(46.73%)  [34mtps: 4,524  [36mtflops: 218.27  [35mmfu: 22.07%[39m
[rank0]:[titan] 2026-03-17 11:01:47,371 - root - INFO - [31mstep: 2588  [32mloss:  2.6562  [38;2;180;60;0mgrad_norm:  0.8404  [38;2;54;234;195mmemory: 37.12GiB(46.73%)  [34mtps: 4,618  [36mtflops: 222.81  [35mmfu: 22.53%[39m
[rank0]:[titan] 2026-03-17 11:01:47,818 - root - INFO - [31mstep: 2589  [32mloss:  2.6250  [38;2;180;60;0mgrad_norm:  0.6923  [38;2;54;234;195mmemory: 37.12GiB(46.73%)  [34mtps: 4,589  [36mtflops: 221.41  [35mmfu: 22.39%[39m
[rank0]:[titan] 2026-03-17 11:01:48,262 - root - INFO - [31mstep: 2590  [32mloss:  2.6562  [38;2;180;60;0mgrad_norm:  0.7221  [38;2;54;234;195mmemory: 37.12GiB(46.73%)  [34mtps: 4,616  [36mtflops: 222.74  [35mmfu: 22.52%[39m
[rank0]:[titan] 2026-03-17 11:01:48,709 - root - INFO - [31mstep: 2591  [32mloss:  2.6562  [38;2;180;60;0mgrad_norm:  0.6851  [38;2;54;234;195mmemory: 37.12GiB(46.73%)  [34mtps: 4,590  [36mtflops: 221.48  [35mmfu: 22.39%[39m
[rank0]:[titan] 2026-03-17 11:01:49,157 - root - INFO - [31mstep: 2592  [32mloss:  2.7188  [38;2;180;60;0mgrad_norm:  0.6599  [38;2;54;234;195mmemory: 37.12GiB(46.73%)  [34mtps: 4,582  [36mtflops: 221.07  [35mmfu: 22.35%[39m
[rank0]:[titan] 2026-03-17 11:01:49,611 - root - INFO - [31mstep: 2593  [32mloss:  2.6406  [38;2;180;60;0mgrad_norm:  0.6140  [38;2;54;234;195mmemory: 37.12GiB(46.73%)  [34mtps: 4,518  [36mtflops: 218.01  [35mmfu: 22.04%[39m
[rank0]:[titan] 2026-03-17 11:01:50,056 - root - INFO - [31mstep: 2594  [32mloss:  2.6875  [38;2;180;60;0mgrad_norm:  0.6417  [38;2;54;234;195mmemory: 37.12GiB(46.73%)  [34mtps: 4,601  [36mtflops: 222.00  [35mmfu: 22.45%[39m
[rank0]:[titan] 2026-03-17 11:01:50,505 - root - INFO - [31mstep: 2595  [32mloss:  2.6875  [38;2;180;60;0mgrad_norm:  0.9417  [38;2;54;234;195mmemory: 37.12GiB(46.73%)  [34mtps: 4,575  [36mtflops: 220.75  [35mmfu: 22.32%[39m
[rank0]:[titan] 2026-03-17 11:01:50,949 - root - INFO - [31mstep: 2596  [32mloss:  2.7031  [38;2;180;60;0mgrad_norm:  1.2000  [38;2;54;234;195mmemory: 37.12GiB(46.73%)  [34mtps: 4,608  [36mtflops: 222.35  [35mmfu: 22.48%[39m
[rank0]:[titan] 2026-03-17 11:01:51,395 - root - INFO - [31mstep: 2597  [32mloss:  2.6719  [38;2;180;60;0mgrad_norm:  0.6783  [38;2;54;234;195mmemory: 37.12GiB(46.73%)  [34mtps: 4,600  [36mtflops: 221.95  [35mmfu: 22.44%[39m
[rank0]:[titan] 2026-03-17 11:01:51,846 - root - INFO - [31mstep: 2598  [32mloss:  2.6562  [38;2;180;60;0mgrad_norm:  0.6766  [38;2;54;234;195mmemory: 37.12GiB(46.73%)  [34mtps: 4,558  [36mtflops: 219.93  [35mmfu: 22.24%[39m
[rank0]:[titan] 2026-03-17 11:01:52,306 - root - INFO - [31mstep: 2599  [32mloss:  2.6562  [38;2;180;60;0mgrad_norm:  0.5765  [38;2;54;234;195mmemory: 37.12GiB(46.73%)  [34mtps: 4,455  [36mtflops: 214.96  [35mmfu: 21.73%[39m
[rank0]:[titan] 2026-03-17 11:01:52,760 - root - INFO - [31mstep: 2600  [32mloss:  2.6562  [38;2;180;60;0mgrad_norm:  0.4861  [38;2;54;234;195mmemory: 37.12GiB(46.73%)  [34mtps: 4,520  [36mtflops: 218.07  [35mmfu: 22.05%[39m
[rank0]:[titan] 2026-03-17 11:01:53,205 - root - INFO - [31mstep: 2601  [32mloss:  2.6562  [38;2;180;60;0mgrad_norm:  0.5867  [38;2;54;234;195mmemory: 37.12GiB(46.73%)  [34mtps: 4,609  [36mtflops: 222.41  [35mmfu: 22.49%[39m
[rank0]:[titan] 2026-03-17 11:01:53,665 - root - INFO - [31mstep: 2602  [32mloss:  2.6719  [38;2;180;60;0mgrad_norm:  0.6519  [38;2;54;234;195mmemory: 37.12GiB(46.73%)  [34mtps: 4,457  [36mtflops: 215.04  [35mmfu: 21.74%[39m
[rank0]:[titan] 2026-03-17 11:01:54,117 - root - INFO - [31mstep: 2603  [32mloss:  2.6250  [38;2;180;60;0mgrad_norm:  0.7144  [38;2;54;234;195mmemory: 37.12GiB(46.73%)  [34mtps: 4,540  [36mtflops: 219.04  [35mmfu: 22.15%[39m
[rank0]:[titan] 2026-03-17 11:01:54,563 - root - INFO - [31mstep: 2604  [32mloss:  2.5938  [38;2;180;60;0mgrad_norm:  0.6274  [38;2;54;234;195mmemory: 37.12GiB(46.73%)  [34mtps: 4,593  [36mtflops: 221.59  [35mmfu: 22.41%[39m
[rank0]:[titan] 2026-03-17 11:01:55,009 - root - INFO - [31mstep: 2605  [32mloss:  2.6250  [38;2;180;60;0mgrad_norm:  0.8589  [38;2;54;234;195mmemory: 37.12GiB(46.73%)  [34mtps: 4,599  [36mtflops: 221.93  [35mmfu: 22.44%[39m
[rank0]:[titan] 2026-03-17 11:01:55,456 - root - INFO - [31mstep: 2606  [32mloss:  2.6406  [38;2;180;60;0mgrad_norm:  0.7006  [38;2;54;234;195mmemory: 37.12GiB(46.73%)  [34mtps: 4,582  [36mtflops: 221.09  [35mmfu: 22.36%[39m
[rank0]:[titan] 2026-03-17 11:01:55,904 - root - INFO - [31mstep: 2607  [32mloss:  2.5938  [38;2;180;60;0mgrad_norm:  0.7243  [38;2;54;234;195mmemory: 37.12GiB(46.73%)  [34mtps: 4,584  [36mtflops: 221.19  [35mmfu: 22.36%[39m
[rank0]:[titan] 2026-03-17 11:01:56,354 - root - INFO - [31mstep: 2608  [32mloss:  2.7656  [38;2;180;60;0mgrad_norm:  0.9404  [38;2;54;234;195mmemory: 37.12GiB(46.73%)  [34mtps: 4,556  [36mtflops: 219.84  [35mmfu: 22.23%[39m
[rank0]:[titan] 2026-03-17 11:01:56,808 - root - INFO - [31mstep: 2609  [32mloss:  2.7344  [38;2;180;60;0mgrad_norm:  0.9555  [38;2;54;234;195mmemory: 37.12GiB(46.73%)  [34mtps: 4,520  [36mtflops: 218.10  [35mmfu: 22.05%[39m
[rank0]:[titan] 2026-03-17 11:01:57,255 - root - INFO - [31mstep: 2610  [32mloss:  2.6250  [38;2;180;60;0mgrad_norm:  1.2933  [38;2;54;234;195mmemory: 37.12GiB(46.73%)  [34mtps: 4,585  [36mtflops: 221.22  [35mmfu: 22.37%[39m
[rank0]:[titan] 2026-03-17 11:01:57,705 - root - INFO - [31mstep: 2611  [32mloss:  2.6406  [38;2;180;60;0mgrad_norm:  0.8885  [38;2;54;234;195mmemory: 37.12GiB(46.73%)  [34mtps: 4,557  [36mtflops: 219.86  [35mmfu: 22.23%[39m
[rank0]:[titan] 2026-03-17 11:01:58,156 - root - INFO - [31mstep: 2612  [32mloss:  2.6250  [38;2;180;60;0mgrad_norm:  0.8751  [38;2;54;234;195mmemory: 37.12GiB(46.73%)  [34mtps: 4,547  [36mtflops: 219.42  [35mmfu: 22.19%[39m
[rank0]:[titan] 2026-03-17 11:01:58,602 - root - INFO - [31mstep: 2613  [32mloss:  2.6719  [38;2;180;60;0mgrad_norm:  0.6887  [38;2;54;234;195mmemory: 37.12GiB(46.73%)  [34mtps: 4,594  [36mtflops: 221.69  [35mmfu: 22.42%[39m
[rank0]:[titan] 2026-03-17 11:01:59,047 - root - INFO - [31mstep: 2614  [32mloss:  2.6875  [38;2;180;60;0mgrad_norm:  0.4897  [38;2;54;234;195mmemory: 37.12GiB(46.73%)  [34mtps: 4,609  [36mtflops: 222.39  [35mmfu: 22.49%[39m
[rank0]:[titan] 2026-03-17 11:01:59,495 - root - INFO - [31mstep: 2615  [32mloss:  2.6562  [38;2;180;60;0mgrad_norm:  0.6796  [38;2;54;234;195mmemory: 37.12GiB(46.73%)  [34mtps: 4,578  [36mtflops: 220.88  [35mmfu: 22.33%[39m
[rank0]:[titan] 2026-03-17 11:01:59,943 - root - INFO - [31mstep: 2616  [32mloss:  2.6719  [38;2;180;60;0mgrad_norm:  0.4715  [38;2;54;234;195mmemory: 37.12GiB(46.73%)  [34mtps: 4,579  [36mtflops: 220.95  [35mmfu: 22.34%[39m
[rank0]:[titan] 2026-03-17 11:02:00,391 - root - INFO - [31mstep: 2617  [32mloss:  2.6406  [38;2;180;60;0mgrad_norm:  0.6168  [38;2;54;234;195mmemory: 37.12GiB(46.73%)  [34mtps: 4,579  [36mtflops: 220.95  [35mmfu: 22.34%[39m
[rank0]:[titan] 2026-03-17 11:02:00,839 - root - INFO - [31mstep: 2618  [32mloss:  2.7031  [38;2;180;60;0mgrad_norm:  0.6977  [38;2;54;234;195mmemory: 37.12GiB(46.73%)  [34mtps: 4,572  [36mtflops: 220.60  [35mmfu: 22.31%[39m
[rank0]:[titan] 2026-03-17 11:02:01,287 - root - INFO - [31mstep: 2619  [32mloss:  2.7031  [38;2;180;60;0mgrad_norm:  0.8011  [38;2;54;234;195mmemory: 37.12GiB(46.73%)  [34mtps: 4,582  [36mtflops: 221.10  [35mmfu: 22.36%[39m
[rank0]:[titan] 2026-03-17 11:02:01,756 - root - INFO - [31mstep: 2620  [32mloss:  2.7344  [38;2;180;60;0mgrad_norm:  0.6217  [38;2;54;234;195mmemory: 37.12GiB(46.73%)  [34mtps: 4,375  [36mtflops: 211.08  [35mmfu: 21.34%[39m
[rank0]:[titan] 2026-03-17 11:02:02,207 - root - INFO - [31mstep: 2621  [32mloss:  2.7656  [38;2;180;60;0mgrad_norm:  0.8530  [38;2;54;234;195mmemory: 37.12GiB(46.73%)  [34mtps: 4,542  [36mtflops: 219.17  [35mmfu: 22.16%[39m
[rank0]:[titan] 2026-03-17 11:02:02,656 - root - INFO - [31mstep: 2622  [32mloss:  2.7188  [38;2;180;60;0mgrad_norm:  0.9613  [38;2;54;234;195mmemory: 37.12GiB(46.73%)  [34mtps: 4,569  [36mtflops: 220.48  [35mmfu: 22.29%[39m
[rank0]:[titan] 2026-03-17 11:02:03,102 - root - INFO - [31mstep: 2623  [32mloss:  2.6562  [38;2;180;60;0mgrad_norm:  0.8426  [38;2;54;234;195mmemory: 37.12GiB(46.73%)  [34mtps: 4,599  [36mtflops: 221.88  [35mmfu: 22.44%[39m
[rank0]:[titan] 2026-03-17 11:02:03,554 - root - INFO - [31mstep: 2624  [32mloss:  2.7344  [38;2;180;60;0mgrad_norm:  1.1620  [38;2;54;234;195mmemory: 37.12GiB(46.73%)  [34mtps: 4,534  [36mtflops: 218.79  [35mmfu: 22.12%[39m
[rank0]:[titan] 2026-03-17 11:02:04,001 - root - INFO - [31mstep: 2625  [32mloss:  2.6875  [38;2;180;60;0mgrad_norm:  0.6821  [38;2;54;234;195mmemory: 37.12GiB(46.73%)  [34mtps: 4,590  [36mtflops: 221.47  [35mmfu: 22.39%[39m
[rank0]:[titan] 2026-03-17 11:02:04,446 - root - INFO - [31mstep: 2626  [32mloss:  2.7031  [38;2;180;60;0mgrad_norm:  0.8991  [38;2;54;234;195mmemory: 37.12GiB(46.73%)  [34mtps: 4,607  [36mtflops: 222.31  [35mmfu: 22.48%[39m
[rank0]:[titan] 2026-03-17 11:02:04,896 - root - INFO - [31mstep: 2627  [32mloss:  2.6719  [38;2;180;60;0mgrad_norm:  0.9882  [38;2;54;234;195mmemory: 37.12GiB(46.73%)  [34mtps: 4,558  [36mtflops: 219.92  [35mmfu: 22.24%[39m
[rank0]:[titan] 2026-03-17 11:02:05,340 - root - INFO - [31mstep: 2628  [32mloss:  2.6875  [38;2;180;60;0mgrad_norm:  0.7874  [38;2;54;234;195mmemory: 37.12GiB(46.73%)  [34mtps: 4,612  [36mtflops: 222.55  [35mmfu: 22.50%[39m
[rank0]:[titan] 2026-03-17 11:02:05,786 - root - INFO - [31mstep: 2629  [32mloss:  2.6562  [38;2;180;60;0mgrad_norm:  0.8605  [38;2;54;234;195mmemory: 37.12GiB(46.73%)  [34mtps: 4,598  [36mtflops: 221.86  [35mmfu: 22.43%[39m
[rank0]:[titan] 2026-03-17 11:02:06,231 - root - INFO - [31mstep: 2630  [32mloss:  2.7188  [38;2;180;60;0mgrad_norm:  0.7046  [38;2;54;234;195mmemory: 37.12GiB(46.73%)  [34mtps: 4,609  [36mtflops: 222.37  [35mmfu: 22.48%[39m
[rank0]:[titan] 2026-03-17 11:02:06,676 - root - INFO - [31mstep: 2631  [32mloss:  2.6562  [38;2;180;60;0mgrad_norm:  0.8169  [38;2;54;234;195mmemory: 37.12GiB(46.73%)  [34mtps: 4,615  [36mtflops: 222.70  [35mmfu: 22.52%[39m
[rank0]:[titan] 2026-03-17 11:02:07,123 - root - INFO - [31mstep: 2632  [32mloss:  2.6562  [38;2;180;60;0mgrad_norm:  0.8362  [38;2;54;234;195mmemory: 37.12GiB(46.73%)  [34mtps: 4,578  [36mtflops: 220.92  [35mmfu: 22.34%[39m
[rank0]:[titan] 2026-03-17 11:02:07,572 - root - INFO - [31mstep: 2633  [32mloss:  2.6719  [38;2;180;60;0mgrad_norm:  0.8365  [38;2;54;234;195mmemory: 37.12GiB(46.73%)  [34mtps: 4,569  [36mtflops: 220.47  [35mmfu: 22.29%[39m
[rank0]:[titan] 2026-03-17 11:02:08,019 - root - INFO - [31mstep: 2634  [32mloss:  2.6562  [38;2;180;60;0mgrad_norm:  0.7583  [38;2;54;234;195mmemory: 37.12GiB(46.73%)  [34mtps: 4,590  [36mtflops: 221.49  [35mmfu: 22.40%[39m
[rank0]:[titan] 2026-03-17 11:02:08,469 - root - INFO - [31mstep: 2635  [32mloss:  2.6562  [38;2;180;60;0mgrad_norm:  0.8272  [38;2;54;234;195mmemory: 37.12GiB(46.73%)  [34mtps: 4,559  [36mtflops: 220.00  [35mmfu: 22.24%[39m
[rank0]:[titan] 2026-03-17 11:02:08,924 - root - INFO - [31mstep: 2636  [32mloss:  2.6719  [38;2;180;60;0mgrad_norm:  0.8994  [38;2;54;234;195mmemory: 37.12GiB(46.73%)  [34mtps: 4,501  [36mtflops: 217.16  [35mmfu: 21.96%[39m
[rank0]:[titan] 2026-03-17 11:02:09,370 - root - INFO - [31mstep: 2637  [32mloss:  2.6875  [38;2;180;60;0mgrad_norm:  0.7499  [38;2;54;234;195mmemory: 37.12GiB(46.73%)  [34mtps: 4,596  [36mtflops: 221.78  [35mmfu: 22.42%[39m
[rank0]:[titan] 2026-03-17 11:02:09,824 - root - INFO - [31mstep: 2638  [32mloss:  2.6562  [38;2;180;60;0mgrad_norm:  0.6753  [38;2;54;234;195mmemory: 37.12GiB(46.73%)  [34mtps: 4,517  [36mtflops: 217.95  [35mmfu: 22.04%[39m
[rank0]:[titan] 2026-03-17 11:02:10,272 - root - INFO - [31mstep: 2639  [32mloss:  2.6562  [38;2;180;60;0mgrad_norm:  0.7872  [38;2;54;234;195mmemory: 37.12GiB(46.73%)  [34mtps: 4,579  [36mtflops: 220.95  [35mmfu: 22.34%[39m
[rank0]:[titan] 2026-03-17 11:02:10,730 - root - INFO - [31mstep: 2640  [32mloss:  2.6406  [38;2;180;60;0mgrad_norm: 12.2822  [38;2;54;234;195mmemory: 37.12GiB(46.73%)  [34mtps: 4,479  [36mtflops: 216.12  [35mmfu: 21.85%[39m
[rank0]:[titan] 2026-03-17 11:02:11,180 - root - INFO - [31mstep: 2641  [32mloss:  2.7188  [38;2;180;60;0mgrad_norm:  1.3542  [38;2;54;234;195mmemory: 37.12GiB(46.73%)  [34mtps: 4,555  [36mtflops: 219.79  [35mmfu: 22.22%[39m
[rank0]:[titan] 2026-03-17 11:02:11,630 - root - INFO - [31mstep: 2642  [32mloss:  2.6562  [38;2;180;60;0mgrad_norm:  0.9405  [38;2;54;234;195mmemory: 37.12GiB(46.73%)  [34mtps: 4,563  [36mtflops: 220.17  [35mmfu: 22.26%[39m
[rank0]:[titan] 2026-03-17 11:02:12,076 - root - INFO - [31mstep: 2643  [32mloss:  2.6875  [38;2;180;60;0mgrad_norm:  0.6128  [38;2;54;234;195mmemory: 37.12GiB(46.73%)  [34mtps: 4,595  [36mtflops: 221.72  [35mmfu: 22.42%[39m
[rank0]:[titan] 2026-03-17 11:02:12,527 - root - INFO - [31mstep: 2644  [32mloss:  2.7188  [38;2;180;60;0mgrad_norm:  1.0771  [38;2;54;234;195mmemory: 37.12GiB(46.73%)  [34mtps: 4,541  [36mtflops: 219.11  [35mmfu: 22.15%[39m
[rank0]:[titan] 2026-03-17 11:02:12,972 - root - INFO - [31mstep: 2645  [32mloss:  2.6875  [38;2;180;60;0mgrad_norm:  1.0548  [38;2;54;234;195mmemory: 37.12GiB(46.73%)  [34mtps: 4,612  [36mtflops: 222.51  [35mmfu: 22.50%[39m
[rank0]:[titan] 2026-03-17 11:02:13,420 - root - INFO - [31mstep: 2646  [32mloss:  2.7188  [38;2;180;60;0mgrad_norm:  0.6521  [38;2;54;234;195mmemory: 37.12GiB(46.73%)  [34mtps: 4,581  [36mtflops: 221.03  [35mmfu: 22.35%[39m
[rank0]:[titan] 2026-03-17 11:02:13,865 - root - INFO - [31mstep: 2647  [32mloss:  2.6875  [38;2;180;60;0mgrad_norm:  0.9261  [38;2;54;234;195mmemory: 37.12GiB(46.73%)  [34mtps: 4,606  [36mtflops: 222.25  [35mmfu: 22.47%[39m
[rank0]:[titan] 2026-03-17 11:02:14,313 - root - INFO - [31mstep: 2648  [32mloss:  2.6719  [38;2;180;60;0mgrad_norm:  0.9046  [38;2;54;234;195mmemory: 37.12GiB(46.73%)  [34mtps: 4,572  [36mtflops: 220.62  [35mmfu: 22.31%[39m
[rank0]:[titan] 2026-03-17 11:02:14,765 - root - INFO - [31mstep: 2649  [32mloss:  2.7031  [38;2;180;60;0mgrad_norm:  0.9236  [38;2;54;234;195mmemory: 37.12GiB(46.73%)  [34mtps: 4,536  [36mtflops: 218.88  [35mmfu: 22.13%[39m
[rank0]:[titan] 2026-03-17 11:02:15,223 - root - INFO - [31mstep: 2650  [32mloss:  2.7812  [38;2;180;60;0mgrad_norm:  0.9302  [38;2;54;234;195mmemory: 37.12GiB(46.73%)  [34mtps: 4,479  [36mtflops: 216.12  [35mmfu: 21.85%[39m
[rank0]:[titan] 2026-03-17 11:02:15,670 - root - INFO - [31mstep: 2651  [32mloss:  2.6719  [38;2;180;60;0mgrad_norm:  0.9613  [38;2;54;234;195mmemory: 37.12GiB(46.73%)  [34mtps: 4,582  [36mtflops: 221.09  [35mmfu: 22.35%[39m
[rank0]:[titan] 2026-03-17 11:02:16,117 - root - INFO - [31mstep: 2652  [32mloss:  2.7031  [38;2;180;60;0mgrad_norm:  0.5730  [38;2;54;234;195mmemory: 37.12GiB(46.73%)  [34mtps: 4,586  [36mtflops: 221.29  [35mmfu: 22.38%[39m
[rank0]:[titan] 2026-03-17 11:02:16,564 - root - INFO - [31mstep: 2653  [32mloss:  2.6875  [38;2;180;60;0mgrad_norm:  0.8140  [38;2;54;234;195mmemory: 37.12GiB(46.73%)  [34mtps: 4,590  [36mtflops: 221.49  [35mmfu: 22.39%[39m
[rank0]:[titan] 2026-03-17 11:02:17,013 - root - INFO - [31mstep: 2654  [32mloss:  2.7031  [38;2;180;60;0mgrad_norm:  0.7813  [38;2;54;234;195mmemory: 37.12GiB(46.73%)  [34mtps: 4,568  [36mtflops: 220.39  [35mmfu: 22.28%[39m
[rank0]:[titan] 2026-03-17 11:02:17,470 - root - INFO - [31mstep: 2655  [32mloss:  2.6875  [38;2;180;60;0mgrad_norm:  0.8403  [38;2;54;234;195mmemory: 37.12GiB(46.73%)  [34mtps: 4,488  [36mtflops: 216.56  [35mmfu: 21.90%[39m
[rank0]:[titan] 2026-03-17 11:02:17,917 - root - INFO - [31mstep: 2656  [32mloss:  2.6250  [38;2;180;60;0mgrad_norm:  0.8195  [38;2;54;234;195mmemory: 37.12GiB(46.73%)  [34mtps: 4,589  [36mtflops: 221.42  [35mmfu: 22.39%[39m
[rank0]:[titan] 2026-03-17 11:02:18,362 - root - INFO - [31mstep: 2657  [32mloss:  2.6719  [38;2;180;60;0mgrad_norm:  0.9769  [38;2;54;234;195mmemory: 37.12GiB(46.73%)  [34mtps: 4,608  [36mtflops: 222.34  [35mmfu: 22.48%[39m
[rank0]:[titan] 2026-03-17 11:02:18,808 - root - INFO - [31mstep: 2658  [32mloss:  2.6719  [38;2;180;60;0mgrad_norm:  0.8486  [38;2;54;234;195mmemory: 37.12GiB(46.73%)  [34mtps: 4,597  [36mtflops: 221.80  [35mmfu: 22.43%[39m
[rank0]:[titan] 2026-03-17 11:02:19,256 - root - INFO - [31mstep: 2659  [32mloss:  2.6250  [38;2;180;60;0mgrad_norm:  0.9333  [38;2;54;234;195mmemory: 37.12GiB(46.73%)  [34mtps: 4,572  [36mtflops: 220.60  [35mmfu: 22.31%[39m
[rank0]:[titan] 2026-03-17 11:02:19,701 - root - INFO - [31mstep: 2660  [32mloss:  2.6719  [38;2;180;60;0mgrad_norm:  1.1399  [38;2;54;234;195mmemory: 37.12GiB(46.73%)  [34mtps: 4,608  [36mtflops: 222.32  [35mmfu: 22.48%[39m
[rank0]:[titan] 2026-03-17 11:02:20,155 - root - INFO - [31mstep: 2661  [32mloss:  2.6094  [38;2;180;60;0mgrad_norm:  1.0311  [38;2;54;234;195mmemory: 37.12GiB(46.73%)  [34mtps: 4,521  [36mtflops: 218.15  [35mmfu: 22.06%[39m
[rank0]:[titan] 2026-03-17 11:02:20,601 - root - INFO - [31mstep: 2662  [32mloss:  2.6875  [38;2;180;60;0mgrad_norm:  0.6788  [38;2;54;234;195mmemory: 37.12GiB(46.73%)  [34mtps: 4,602  [36mtflops: 222.04  [35mmfu: 22.45%[39m
[rank0]:[titan] 2026-03-17 11:02:21,046 - root - INFO - [31mstep: 2663  [32mloss:  2.7031  [38;2;180;60;0mgrad_norm:  0.8978  [38;2;54;234;195mmemory: 37.12GiB(46.73%)  [34mtps: 4,605  [36mtflops: 222.18  [35mmfu: 22.47%[39m
[rank0]:[titan] 2026-03-17 11:02:21,495 - root - INFO - [31mstep: 2664  [32mloss:  2.7500  [38;2;180;60;0mgrad_norm:  1.1179  [38;2;54;234;195mmemory: 37.12GiB(46.73%)  [34mtps: 4,569  [36mtflops: 220.48  [35mmfu: 22.29%[39m
[rank0]:[titan] 2026-03-17 11:02:21,951 - root - INFO - [31mstep: 2665  [32mloss:  2.6875  [38;2;180;60;0mgrad_norm:  1.0165  [38;2;54;234;195mmemory: 37.12GiB(46.73%)  [34mtps: 4,495  [36mtflops: 216.87  [35mmfu: 21.93%[39m
[rank0]:[titan] 2026-03-17 11:02:22,395 - root - INFO - [31mstep: 2666  [32mloss:  2.6719  [38;2;180;60;0mgrad_norm:  0.7384  [38;2;54;234;195mmemory: 37.12GiB(46.73%)  [34mtps: 4,613  [36mtflops: 222.58  [35mmfu: 22.51%[39m
[rank0]:[titan] 2026-03-17 11:02:22,844 - root - INFO - [31mstep: 2667  [32mloss:  2.6719  [38;2;180;60;0mgrad_norm:  0.9158  [38;2;54;234;195mmemory: 37.12GiB(46.73%)  [34mtps: 4,573  [36mtflops: 220.66  [35mmfu: 22.31%[39m
[rank0]:[titan] 2026-03-17 11:02:23,291 - root - INFO - [31mstep: 2668  [32mloss:  2.6719  [38;2;180;60;0mgrad_norm:  0.8805  [38;2;54;234;195mmemory: 37.12GiB(46.73%)  [34mtps: 4,587  [36mtflops: 221.35  [35mmfu: 22.38%[39m
[rank0]:[titan] 2026-03-17 11:02:23,737 - root - INFO - [31mstep: 2669  [32mloss:  2.6719  [38;2;180;60;0mgrad_norm:  0.6305  [38;2;54;234;195mmemory: 37.12GiB(46.73%)  [34mtps: 4,595  [36mtflops: 221.72  [35mmfu: 22.42%[39m
[rank0]:[titan] 2026-03-17 11:02:24,183 - root - INFO - [31mstep: 2670  [32mloss:  2.6562  [38;2;180;60;0mgrad_norm:  0.7403  [38;2;54;234;195mmemory: 37.12GiB(46.73%)  [34mtps: 4,598  [36mtflops: 221.87  [35mmfu: 22.43%[39m
[rank0]:[titan] 2026-03-17 11:02:24,631 - root - INFO - [31mstep: 2671  [32mloss:  2.6719  [38;2;180;60;0mgrad_norm:  0.6392  [38;2;54;234;195mmemory: 37.12GiB(46.73%)  [34mtps: 4,576  [36mtflops: 220.82  [35mmfu: 22.33%[39m
[rank0]:[titan] 2026-03-17 11:02:25,076 - root - INFO - [31mstep: 2672  [32mloss:  2.6406  [38;2;180;60;0mgrad_norm:  0.6581  [38;2;54;234;195mmemory: 37.12GiB(46.73%)  [34mtps: 4,611  [36mtflops: 222.49  [35mmfu: 22.50%[39m
[rank0]:[titan] 2026-03-17 11:02:25,523 - root - INFO - [31mstep: 2673  [32mloss:  2.6250  [38;2;180;60;0mgrad_norm:  0.5745  [38;2;54;234;195mmemory: 37.12GiB(46.73%)  [34mtps: 4,582  [36mtflops: 221.07  [35mmfu: 22.35%[39m
[rank0]:[titan] 2026-03-17 11:02:25,970 - root - INFO - [31mstep: 2674  [32mloss:  2.7031  [38;2;180;60;0mgrad_norm:  0.6449  [38;2;54;234;195mmemory: 37.12GiB(46.73%)  [34mtps: 4,587  [36mtflops: 221.34  [35mmfu: 22.38%[39m
[rank0]:[titan] 2026-03-17 11:02:26,431 - root - INFO - [31mstep: 2675  [32mloss:  2.6719  [38;2;180;60;0mgrad_norm:  0.8193  [38;2;54;234;195mmemory: 37.12GiB(46.73%)  [34mtps: 4,453  [36mtflops: 214.86  [35mmfu: 21.72%[39m
[rank0]:[titan] 2026-03-17 11:02:26,879 - root - INFO - [31mstep: 2676  [32mloss:  2.6719  [38;2;180;60;0mgrad_norm:  0.7539  [38;2;54;234;195mmemory: 37.12GiB(46.73%)  [34mtps: 4,574  [36mtflops: 220.68  [35mmfu: 22.31%[39m
[rank0]:[titan] 2026-03-17 11:02:27,328 - root - INFO - [31mstep: 2677  [32mloss:  2.6250  [38;2;180;60;0mgrad_norm:  0.6013  [38;2;54;234;195mmemory: 37.12GiB(46.73%)  [34mtps: 4,574  [36mtflops: 220.71  [35mmfu: 22.32%[39m
[rank0]:[titan] 2026-03-17 11:02:27,772 - root - INFO - [31mstep: 2678  [32mloss:  2.6250  [38;2;180;60;0mgrad_norm:  0.5491  [38;2;54;234;195mmemory: 37.12GiB(46.73%)  [34mtps: 4,614  [36mtflops: 222.61  [35mmfu: 22.51%[39m
[rank0]:[titan] 2026-03-17 11:02:28,225 - root - INFO - [31mstep: 2679  [32mloss:  2.5938  [38;2;180;60;0mgrad_norm:  0.6888  [38;2;54;234;195mmemory: 37.12GiB(46.73%)  [34mtps: 4,530  [36mtflops: 218.59  [35mmfu: 22.10%[39m
[rank0]:[titan] 2026-03-17 11:02:28,667 - root - INFO - [31mstep: 2680  [32mloss:  2.6250  [38;2;180;60;0mgrad_norm:  0.6488  [38;2;54;234;195mmemory: 37.12GiB(46.73%)  [34mtps: 4,631  [36mtflops: 223.47  [35mmfu: 22.60%[39m
[rank0]:[titan] 2026-03-17 11:02:29,113 - root - INFO - [31mstep: 2681  [32mloss:  2.6406  [38;2;180;60;0mgrad_norm:  0.8116  [38;2;54;234;195mmemory: 37.12GiB(46.73%)  [34mtps: 4,604  [36mtflops: 222.16  [35mmfu: 22.46%[39m
[rank0]:[titan] 2026-03-17 11:02:29,563 - root - INFO - [31mstep: 2682  [32mloss:  2.6562  [38;2;180;60;0mgrad_norm:  0.8864  [38;2;54;234;195mmemory: 37.12GiB(46.73%)  [34mtps: 4,559  [36mtflops: 219.96  [35mmfu: 22.24%[39m
[rank0]:[titan] 2026-03-17 11:02:30,017 - root - INFO - [31mstep: 2683  [32mloss:  2.6094  [38;2;180;60;0mgrad_norm:  0.7267  [38;2;54;234;195mmemory: 37.12GiB(46.73%)  [34mtps: 4,510  [36mtflops: 217.59  [35mmfu: 22.00%[39m
[rank0]:[titan] 2026-03-17 11:02:30,463 - root - INFO - [31mstep: 2684  [32mloss:  2.6562  [38;2;180;60;0mgrad_norm:  0.8243  [38;2;54;234;195mmemory: 37.12GiB(46.73%)  [34mtps: 4,606  [36mtflops: 222.24  [35mmfu: 22.47%[39m
[rank0]:[titan] 2026-03-17 11:02:30,909 - root - INFO - [31mstep: 2685  [32mloss:  2.6562  [38;2;180;60;0mgrad_norm:  0.6868  [38;2;54;234;195mmemory: 37.12GiB(46.73%)  [34mtps: 4,597  [36mtflops: 221.82  [35mmfu: 22.43%[39m
[rank0]:[titan] 2026-03-17 11:02:31,355 - root - INFO - [31mstep: 2686  [32mloss:  2.6875  [38;2;180;60;0mgrad_norm:  0.7947  [38;2;54;234;195mmemory: 37.12GiB(46.73%)  [34mtps: 4,599  [36mtflops: 221.88  [35mmfu: 22.43%[39m
[rank0]:[titan] 2026-03-17 11:02:31,810 - root - INFO - [31mstep: 2687  [32mloss:  2.6719  [38;2;180;60;0mgrad_norm:  0.7567  [38;2;54;234;195mmemory: 37.12GiB(46.73%)  [34mtps: 4,505  [36mtflops: 217.39  [35mmfu: 21.98%[39m
[rank0]:[titan] 2026-03-17 11:02:32,274 - root - INFO - [31mstep: 2688  [32mloss:  2.7188  [38;2;180;60;0mgrad_norm:  0.7388  [38;2;54;234;195mmemory: 37.12GiB(46.73%)  [34mtps: 4,437  [36mtflops: 214.10  [35mmfu: 21.65%[39m
[rank0]:[titan] 2026-03-17 11:02:32,721 - root - INFO - [31mstep: 2689  [32mloss:  2.6875  [38;2;180;60;0mgrad_norm:  0.5641  [38;2;54;234;195mmemory: 37.12GiB(46.73%)  [34mtps: 4,584  [36mtflops: 221.20  [35mmfu: 22.37%[39m
[rank0]:[titan] 2026-03-17 11:02:33,165 - root - INFO - [31mstep: 2690  [32mloss:  2.6250  [38;2;180;60;0mgrad_norm:  0.6052  [38;2;54;234;195mmemory: 37.12GiB(46.73%)  [34mtps: 4,614  [36mtflops: 222.63  [35mmfu: 22.51%[39m
[rank0]:[titan] 2026-03-17 11:02:33,614 - root - INFO - [31mstep: 2691  [32mloss:  2.6094  [38;2;180;60;0mgrad_norm:  0.6857  [38;2;54;234;195mmemory: 37.12GiB(46.73%)  [34mtps: 4,574  [36mtflops: 220.71  [35mmfu: 22.32%[39m
[rank0]:[titan] 2026-03-17 11:02:34,066 - root - INFO - [31mstep: 2692  [32mloss:  2.5781  [38;2;180;60;0mgrad_norm:  0.6976  [38;2;54;234;195mmemory: 37.12GiB(46.73%)  [34mtps: 4,538  [36mtflops: 218.95  [35mmfu: 22.14%[39m
[rank0]:[titan] 2026-03-17 11:02:34,511 - root - INFO - [31mstep: 2693  [32mloss:  2.6094  [38;2;180;60;0mgrad_norm:  0.8764  [38;2;54;234;195mmemory: 37.12GiB(46.73%)  [34mtps: 4,615  [36mtflops: 222.66  [35mmfu: 22.51%[39m
[rank0]:[titan] 2026-03-17 11:02:34,958 - root - INFO - [31mstep: 2694  [32mloss:  2.6250  [38;2;180;60;0mgrad_norm:  0.5956  [38;2;54;234;195mmemory: 37.12GiB(46.73%)  [34mtps: 4,580  [36mtflops: 221.01  [35mmfu: 22.35%[39m
[rank0]:[titan] 2026-03-17 11:02:35,405 - root - INFO - [31mstep: 2695  [32mloss:  2.6562  [38;2;180;60;0mgrad_norm:  0.7177  [38;2;54;234;195mmemory: 37.12GiB(46.73%)  [34mtps: 4,590  [36mtflops: 221.46  [35mmfu: 22.39%[39m
[rank0]:[titan] 2026-03-17 11:02:35,852 - root - INFO - [31mstep: 2696  [32mloss:  2.6875  [38;2;180;60;0mgrad_norm:  0.7295  [38;2;54;234;195mmemory: 37.12GiB(46.73%)  [34mtps: 4,593  [36mtflops: 221.61  [35mmfu: 22.41%[39m
[rank0]:[titan] 2026-03-17 11:02:36,304 - root - INFO - [31mstep: 2697  [32mloss:  2.5938  [38;2;180;60;0mgrad_norm:  0.8577  [38;2;54;234;195mmemory: 37.12GiB(46.73%)  [34mtps: 4,535  [36mtflops: 218.81  [35mmfu: 22.12%[39m
[rank0]:[titan] 2026-03-17 11:02:36,747 - root - INFO - [31mstep: 2698  [32mloss:  2.6250  [38;2;180;60;0mgrad_norm:  1.3977  [38;2;54;234;195mmemory: 37.12GiB(46.73%)  [34mtps: 4,626  [36mtflops: 223.22  [35mmfu: 22.57%[39m
[rank0]:[titan] 2026-03-17 11:02:37,196 - root - INFO - [31mstep: 2699  [32mloss:  2.6562  [38;2;180;60;0mgrad_norm:  0.5970  [38;2;54;234;195mmemory: 37.12GiB(46.73%)  [34mtps: 4,572  [36mtflops: 220.58  [35mmfu: 22.30%[39m
[rank0]:[titan] 2026-03-17 11:02:37,640 - root - INFO - [31mstep: 2700  [32mloss:  2.6406  [38;2;180;60;0mgrad_norm:  0.6583  [38;2;54;234;195mmemory: 37.12GiB(46.73%)  [34mtps: 4,613  [36mtflops: 222.56  [35mmfu: 22.50%[39m
[rank0]:[titan] 2026-03-17 11:02:38,089 - root - INFO - [31mstep: 2701  [32mloss:  2.6094  [38;2;180;60;0mgrad_norm:  0.8532  [38;2;54;234;195mmemory: 37.12GiB(46.73%)  [34mtps: 4,569  [36mtflops: 220.45  [35mmfu: 22.29%[39m
[rank0]:[titan] 2026-03-17 11:02:38,536 - root - INFO - [31mstep: 2702  [32mloss:  2.6562  [38;2;180;60;0mgrad_norm:  0.8137  [38;2;54;234;195mmemory: 37.12GiB(46.73%)  [34mtps: 4,586  [36mtflops: 221.30  [35mmfu: 22.38%[39m
[rank0]:[titan] 2026-03-17 11:02:38,981 - root - INFO - [31mstep: 2703  [32mloss:  2.6250  [38;2;180;60;0mgrad_norm:  0.9157  [38;2;54;234;195mmemory: 37.12GiB(46.73%)  [34mtps: 4,606  [36mtflops: 222.26  [35mmfu: 22.47%[39m
[rank0]:[titan] 2026-03-17 11:02:39,426 - root - INFO - [31mstep: 2704  [32mloss:  2.6562  [38;2;180;60;0mgrad_norm:  0.5508  [38;2;54;234;195mmemory: 37.12GiB(46.73%)  [34mtps: 4,615  [36mtflops: 222.66  [35mmfu: 22.51%[39m
[rank0]:[titan] 2026-03-17 11:02:39,876 - root - INFO - [31mstep: 2705  [32mloss:  2.6562  [38;2;180;60;0mgrad_norm:  0.9162  [38;2;54;234;195mmemory: 37.12GiB(46.73%)  [34mtps: 4,557  [36mtflops: 219.88  [35mmfu: 22.23%[39m
[rank0]:[titan] 2026-03-17 11:02:40,321 - root - INFO - [31mstep: 2706  [32mloss:  2.6875  [38;2;180;60;0mgrad_norm:  0.9747  [38;2;54;234;195mmemory: 37.12GiB(46.73%)  [34mtps: 4,610  [36mtflops: 222.42  [35mmfu: 22.49%[39m
[rank0]:[titan] 2026-03-17 11:02:40,773 - root - INFO - [31mstep: 2707  [32mloss:  2.7188  [38;2;180;60;0mgrad_norm:  0.6340  [38;2;54;234;195mmemory: 37.12GiB(46.73%)  [34mtps: 4,534  [36mtflops: 218.77  [35mmfu: 22.12%[39m
[rank0]:[titan] 2026-03-17 11:02:41,218 - root - INFO - [31mstep: 2708  [32mloss:  2.7031  [38;2;180;60;0mgrad_norm:  0.7362  [38;2;54;234;195mmemory: 37.12GiB(46.73%)  [34mtps: 4,611  [36mtflops: 222.47  [35mmfu: 22.49%[39m
[rank0]:[titan] 2026-03-17 11:02:41,669 - root - INFO - [31mstep: 2709  [32mloss:  2.6562  [38;2;180;60;0mgrad_norm:  0.7161  [38;2;54;234;195mmemory: 37.12GiB(46.73%)  [34mtps: 4,549  [36mtflops: 219.48  [35mmfu: 22.19%[39m
[rank0]:[titan] 2026-03-17 11:02:42,116 - root - INFO - [31mstep: 2710  [32mloss:  2.7031  [38;2;180;60;0mgrad_norm:  0.7225  [38;2;54;234;195mmemory: 37.12GiB(46.73%)  [34mtps: 4,587  [36mtflops: 221.33  [35mmfu: 22.38%[39m
[rank0]:[titan] 2026-03-17 11:02:42,565 - root - INFO - [31mstep: 2711  [32mloss:  2.6719  [38;2;180;60;0mgrad_norm:  0.6533  [38;2;54;234;195mmemory: 37.12GiB(46.73%)  [34mtps: 4,569  [36mtflops: 220.47  [35mmfu: 22.29%[39m
[rank0]:[titan] 2026-03-17 11:02:43,015 - root - INFO - [31mstep: 2712  [32mloss:  2.6562  [38;2;180;60;0mgrad_norm:  0.5570  [38;2;54;234;195mmemory: 37.12GiB(46.73%)  [34mtps: 4,556  [36mtflops: 219.82  [35mmfu: 22.23%[39m
[rank0]:[titan] 2026-03-17 11:02:43,461 - root - INFO - [31mstep: 2713  [32mloss:  2.6719  [38;2;180;60;0mgrad_norm:  0.6089  [38;2;54;234;195mmemory: 37.12GiB(46.73%)  [34mtps: 4,595  [36mtflops: 221.73  [35mmfu: 22.42%[39m
[rank0]:[titan] 2026-03-17 11:02:43,907 - root - INFO - [31mstep: 2714  [32mloss:  2.6875  [38;2;180;60;0mgrad_norm:  0.6236  [38;2;54;234;195mmemory: 37.12GiB(46.73%)  [34mtps: 4,598  [36mtflops: 221.85  [35mmfu: 22.43%[39m
[rank0]:[titan] 2026-03-17 11:02:44,355 - root - INFO - [31mstep: 2715  [32mloss:  2.7031  [38;2;180;60;0mgrad_norm:  0.8292  [38;2;54;234;195mmemory: 37.12GiB(46.73%)  [34mtps: 4,580  [36mtflops: 220.97  [35mmfu: 22.34%[39m
[rank0]:[titan] 2026-03-17 11:02:44,809 - root - INFO - [31mstep: 2716  [32mloss:  2.6875  [38;2;180;60;0mgrad_norm:  0.7378  [38;2;54;234;195mmemory: 37.12GiB(46.73%)  [34mtps: 4,519  [36mtflops: 218.04  [35mmfu: 22.05%[39m
[rank0]:[titan] 2026-03-17 11:02:45,255 - root - INFO - [31mstep: 2717  [32mloss:  2.6562  [38;2;180;60;0mgrad_norm:  0.8700  [38;2;54;234;195mmemory: 37.12GiB(46.73%)  [34mtps: 4,590  [36mtflops: 221.49  [35mmfu: 22.40%[39m
[rank0]:[titan] 2026-03-17 11:02:45,709 - root - INFO - [31mstep: 2718  [32mloss:  2.6406  [38;2;180;60;0mgrad_norm:  0.6236  [38;2;54;234;195mmemory: 37.12GiB(46.73%)  [34mtps: 4,521  [36mtflops: 218.15  [35mmfu: 22.06%[39m
[rank0]:[titan] 2026-03-17 11:02:46,153 - root - INFO - [31mstep: 2719  [32mloss:  2.5938  [38;2;180;60;0mgrad_norm:  0.8244  [38;2;54;234;195mmemory: 37.12GiB(46.73%)  [34mtps: 4,619  [36mtflops: 222.86  [35mmfu: 22.53%[39m
[rank0]:[titan] 2026-03-17 11:02:46,600 - root - INFO - [31mstep: 2720  [32mloss:  2.7031  [38;2;180;60;0mgrad_norm:  0.9753  [38;2;54;234;195mmemory: 37.12GiB(46.73%)  [34mtps: 4,594  [36mtflops: 221.66  [35mmfu: 22.41%[39m
[rank0]:[titan] 2026-03-17 11:02:47,046 - root - INFO - [31mstep: 2721  [32mloss:  2.6875  [38;2;180;60;0mgrad_norm:  0.8468  [38;2;54;234;195mmemory: 37.12GiB(46.73%)  [34mtps: 4,595  [36mtflops: 221.69  [35mmfu: 22.42%[39m
[rank0]:[titan] 2026-03-17 11:02:47,491 - root - INFO - [31mstep: 2722  [32mloss:  2.7344  [38;2;180;60;0mgrad_norm:  0.7222  [38;2;54;234;195mmemory: 37.12GiB(46.73%)  [34mtps: 4,605  [36mtflops: 222.20  [35mmfu: 22.47%[39m
[rank0]:[titan] 2026-03-17 11:02:47,936 - root - INFO - [31mstep: 2723  [32mloss:  2.7344  [38;2;180;60;0mgrad_norm:  0.7121  [38;2;54;234;195mmemory: 37.12GiB(46.73%)  [34mtps: 4,610  [36mtflops: 222.42  [35mmfu: 22.49%[39m
[rank0]:[titan] 2026-03-17 11:02:48,384 - root - INFO - [31mstep: 2724  [32mloss:  2.6562  [38;2;180;60;0mgrad_norm:  0.6926  [38;2;54;234;195mmemory: 37.12GiB(46.73%)  [34mtps: 4,581  [36mtflops: 221.03  [35mmfu: 22.35%[39m
[rank0]:[titan] 2026-03-17 11:02:48,830 - root - INFO - [31mstep: 2725  [32mloss:  2.6875  [38;2;180;60;0mgrad_norm:  0.6435  [38;2;54;234;195mmemory: 37.12GiB(46.73%)  [34mtps: 4,590  [36mtflops: 221.48  [35mmfu: 22.39%[39m
[rank0]:[titan] 2026-03-17 11:02:49,280 - root - INFO - [31mstep: 2726  [32mloss:  2.7500  [38;2;180;60;0mgrad_norm:  0.6958  [38;2;54;234;195mmemory: 37.12GiB(46.73%)  [34mtps: 4,561  [36mtflops: 220.07  [35mmfu: 22.25%[39m
[rank0]:[titan] 2026-03-17 11:02:49,732 - root - INFO - [31mstep: 2727  [32mloss:  2.7969  [38;2;180;60;0mgrad_norm:  0.9856  [38;2;54;234;195mmemory: 37.12GiB(46.73%)  [34mtps: 4,532  [36mtflops: 218.68  [35mmfu: 22.11%[39m
[rank0]:[titan] 2026-03-17 11:02:50,179 - root - INFO - [31mstep: 2728  [32mloss:  2.6875  [38;2;180;60;0mgrad_norm:  0.7394  [38;2;54;234;195mmemory: 37.12GiB(46.73%)  [34mtps: 4,591  [36mtflops: 221.52  [35mmfu: 22.40%[39m
[rank0]:[titan] 2026-03-17 11:02:50,625 - root - INFO - [31mstep: 2729  [32mloss:  2.7031  [38;2;180;60;0mgrad_norm:  0.7923  [38;2;54;234;195mmemory: 37.12GiB(46.73%)  [34mtps: 4,599  [36mtflops: 221.92  [35mmfu: 22.44%[39m
[rank0]:[titan] 2026-03-17 11:02:51,072 - root - INFO - [31mstep: 2730  [32mloss:  2.6875  [38;2;180;60;0mgrad_norm:  0.8513  [38;2;54;234;195mmemory: 37.12GiB(46.73%)  [34mtps: 4,582  [36mtflops: 221.10  [35mmfu: 22.36%[39m
[rank0]:[titan] 2026-03-17 11:02:51,517 - root - INFO - [31mstep: 2731  [32mloss:  2.7031  [38;2;180;60;0mgrad_norm:  0.6876  [38;2;54;234;195mmemory: 37.12GiB(46.73%)  [34mtps: 4,611  [36mtflops: 222.49  [35mmfu: 22.50%[39m
[rank0]:[titan] 2026-03-17 11:02:51,964 - root - INFO - [31mstep: 2732  [32mloss:  2.7188  [38;2;180;60;0mgrad_norm:  0.7363  [38;2;54;234;195mmemory: 37.12GiB(46.73%)  [34mtps: 4,585  [36mtflops: 221.25  [35mmfu: 22.37%[39m
[rank0]:[titan] 2026-03-17 11:02:52,413 - root - INFO - [31mstep: 2733  [32mloss:  2.7656  [38;2;180;60;0mgrad_norm:  0.6655  [38;2;54;234;195mmemory: 37.12GiB(46.73%)  [34mtps: 4,569  [36mtflops: 220.46  [35mmfu: 22.29%[39m
[rank0]:[titan] 2026-03-17 11:02:52,864 - root - INFO - [31mstep: 2734  [32mloss:  2.6875  [38;2;180;60;0mgrad_norm:  0.7215  [38;2;54;234;195mmemory: 37.12GiB(46.73%)  [34mtps: 4,546  [36mtflops: 219.35  [35mmfu: 22.18%[39m
[rank0]:[titan] 2026-03-17 11:02:53,312 - root - INFO - [31mstep: 2735  [32mloss:  2.7031  [38;2;180;60;0mgrad_norm:  0.8354  [38;2;54;234;195mmemory: 37.12GiB(46.73%)  [34mtps: 4,579  [36mtflops: 220.96  [35mmfu: 22.34%[39m
[rank0]:[titan] 2026-03-17 11:02:53,758 - root - INFO - [31mstep: 2736  [32mloss:  2.7344  [38;2;180;60;0mgrad_norm:  0.5475  [38;2;54;234;195mmemory: 37.12GiB(46.73%)  [34mtps: 4,600  [36mtflops: 221.96  [35mmfu: 22.44%[39m
[rank0]:[titan] 2026-03-17 11:02:54,215 - root - INFO - [31mstep: 2737  [32mloss:  2.6406  [38;2;180;60;0mgrad_norm:  0.8914  [38;2;54;234;195mmemory: 37.12GiB(46.73%)  [34mtps: 4,486  [36mtflops: 216.47  [35mmfu: 21.89%[39m
[rank0]:[titan] 2026-03-17 11:02:54,666 - root - INFO - [31mstep: 2738  [32mloss:  2.6250  [38;2;180;60;0mgrad_norm:  0.7236  [38;2;54;234;195mmemory: 37.12GiB(46.73%)  [34mtps: 4,546  [36mtflops: 219.37  [35mmfu: 22.18%[39m
[rank0]:[titan] 2026-03-17 11:02:55,110 - root - INFO - [31mstep: 2739  [32mloss:  2.7188  [38;2;180;60;0mgrad_norm:  0.9545  [38;2;54;234;195mmemory: 37.12GiB(46.73%)  [34mtps: 4,620  [36mtflops: 222.94  [35mmfu: 22.54%[39m
[rank0]:[titan] 2026-03-17 11:02:55,576 - root - INFO - [31mstep: 2740  [32mloss:  2.6875  [38;2;180;60;0mgrad_norm:  0.9456  [38;2;54;234;195mmemory: 37.12GiB(46.73%)  [34mtps: 4,395  [36mtflops: 212.04  [35mmfu: 21.44%[39m
[rank0]:[titan] 2026-03-17 11:02:56,020 - root - INFO - [31mstep: 2741  [32mloss:  2.6250  [38;2;180;60;0mgrad_norm:  0.7925  [38;2;54;234;195mmemory: 37.12GiB(46.73%)  [34mtps: 4,627  [36mtflops: 223.25  [35mmfu: 22.57%[39m
[rank0]:[titan] 2026-03-17 11:02:56,476 - root - INFO - [31mstep: 2742  [32mloss:  2.6875  [38;2;180;60;0mgrad_norm:  0.9109  [38;2;54;234;195mmemory: 37.12GiB(46.73%)  [34mtps: 4,499  [36mtflops: 217.06  [35mmfu: 21.95%[39m
[rank0]:[titan] 2026-03-17 11:02:56,930 - root - INFO - [31mstep: 2743  [32mloss:  2.6719  [38;2;180;60;0mgrad_norm:  0.7844  [38;2;54;234;195mmemory: 37.12GiB(46.73%)  [34mtps: 4,509  [36mtflops: 217.54  [35mmfu: 22.00%[39m
[rank0]:[titan] 2026-03-17 11:02:57,377 - root - INFO - [31mstep: 2744  [32mloss:  2.6562  [38;2;180;60;0mgrad_norm:  0.8488  [38;2;54;234;195mmemory: 37.12GiB(46.73%)  [34mtps: 4,593  [36mtflops: 221.62  [35mmfu: 22.41%[39m
[rank0]:[titan] 2026-03-17 11:02:57,830 - root - INFO - [31mstep: 2745  [32mloss:  2.7344  [38;2;180;60;0mgrad_norm:  0.6457  [38;2;54;234;195mmemory: 37.12GiB(46.73%)  [34mtps: 4,521  [36mtflops: 218.15  [35mmfu: 22.06%[39m
[rank0]:[titan] 2026-03-17 11:02:58,322 - root - INFO - [31mstep: 2746  [32mloss:  2.7656  [38;2;180;60;0mgrad_norm:  0.9819  [38;2;54;234;195mmemory: 37.12GiB(46.73%)  [34mtps: 4,172  [36mtflops: 201.32  [35mmfu: 20.36%[39m
[rank0]:[titan] 2026-03-17 11:02:58,770 - root - INFO - [31mstep: 2747  [32mloss:  2.7812  [38;2;180;60;0mgrad_norm:  1.2748  [38;2;54;234;195mmemory: 37.12GiB(46.73%)  [34mtps: 4,576  [36mtflops: 220.79  [35mmfu: 22.32%[39m
[rank0]:[titan] 2026-03-17 11:02:59,218 - root - INFO - [31mstep: 2748  [32mloss:  2.7656  [38;2;180;60;0mgrad_norm:  1.0093  [38;2;54;234;195mmemory: 37.12GiB(46.73%)  [34mtps: 4,572  [36mtflops: 220.58  [35mmfu: 22.30%[39m
[rank0]:[titan] 2026-03-17 11:02:59,219 - root - WARNING - Dataset c4_test is being re-looped
[rank0]:[titan] 2026-03-17 11:02:59,664 - root - INFO - [31mstep: 2749  [32mloss:  2.7656  [38;2;180;60;0mgrad_norm:  0.7254  [38;2;54;234;195mmemory: 37.12GiB(46.73%)  [34mtps: 4,601  [36mtflops: 222.00  [35mmfu: 22.45%[39m
[rank0]:[titan] 2026-03-17 11:03:00,116 - root - INFO - [31mstep: 2750  [32mloss:  2.7656  [38;2;180;60;0mgrad_norm:  1.2095  [38;2;54;234;195mmemory: 37.12GiB(46.73%)  [34mtps: 4,540  [36mtflops: 219.06  [35mmfu: 22.15%[39m
[rank0]:[titan] 2026-03-17 11:03:00,564 - root - INFO - [31mstep: 2751  [32mloss:  2.7656  [38;2;180;60;0mgrad_norm:  1.0583  [38;2;54;234;195mmemory: 37.12GiB(46.73%)  [34mtps: 4,572  [36mtflops: 220.60  [35mmfu: 22.31%[39m
[rank0]:[titan] 2026-03-17 11:03:01,008 - root - INFO - [31mstep: 2752  [32mloss:  2.6875  [38;2;180;60;0mgrad_norm:  0.6945  [38;2;54;234;195mmemory: 37.12GiB(46.73%)  [34mtps: 4,619  [36mtflops: 222.87  [35mmfu: 22.53%[39m
[rank0]:[titan] 2026-03-17 11:03:01,453 - root - INFO - [31mstep: 2753  [32mloss:  2.6875  [38;2;180;60;0mgrad_norm:  0.8434  [38;2;54;234;195mmemory: 37.12GiB(46.73%)  [34mtps: 4,607  [36mtflops: 222.30  [35mmfu: 22.48%[39m
[rank0]:[titan] 2026-03-17 11:03:01,909 - root - INFO - [31mstep: 2754  [32mloss:  2.7812  [38;2;180;60;0mgrad_norm:  1.0618  [38;2;54;234;195mmemory: 37.12GiB(46.73%)  [34mtps: 4,499  [36mtflops: 217.07  [35mmfu: 21.95%[39m
[rank0]:[titan] 2026-03-17 11:03:02,357 - root - INFO - [31mstep: 2755  [32mloss:  2.7812  [38;2;180;60;0mgrad_norm:  1.1767  [38;2;54;234;195mmemory: 37.12GiB(46.73%)  [34mtps: 4,577  [36mtflops: 220.85  [35mmfu: 22.33%[39m
[rank0]:[titan] 2026-03-17 11:03:02,802 - root - INFO - [31mstep: 2756  [32mloss:  2.7188  [38;2;180;60;0mgrad_norm:  1.1148  [38;2;54;234;195mmemory: 37.12GiB(46.73%)  [34mtps: 4,605  [36mtflops: 222.20  [35mmfu: 22.47%[39m
[rank0]:[titan] 2026-03-17 11:03:03,252 - root - INFO - [31mstep: 2757  [32mloss:  2.8125  [38;2;180;60;0mgrad_norm:  1.0745  [38;2;54;234;195mmemory: 37.12GiB(46.73%)  [34mtps: 4,555  [36mtflops: 219.79  [35mmfu: 22.22%[39m
[rank0]:[titan] 2026-03-17 11:03:03,700 - root - INFO - [31mstep: 2758  [32mloss:  2.7812  [38;2;180;60;0mgrad_norm:  1.1669  [38;2;54;234;195mmemory: 37.12GiB(46.73%)  [34mtps: 4,587  [36mtflops: 221.33  [35mmfu: 22.38%[39m
[rank0]:[titan] 2026-03-17 11:03:04,145 - root - INFO - [31mstep: 2759  [32mloss:  2.7656  [38;2;180;60;0mgrad_norm:  1.3467  [38;2;54;234;195mmemory: 37.12GiB(46.73%)  [34mtps: 4,605  [36mtflops: 222.20  [35mmfu: 22.47%[39m
[rank0]:[titan] 2026-03-17 11:03:04,589 - root - INFO - [31mstep: 2760  [32mloss:  2.7500  [38;2;180;60;0mgrad_norm:  1.1550  [38;2;54;234;195mmemory: 37.12GiB(46.73%)  [34mtps: 4,611  [36mtflops: 222.49  [35mmfu: 22.50%[39m
[rank0]:[titan] 2026-03-17 11:03:05,037 - root - INFO - [31mstep: 2761  [32mloss:  2.7344  [38;2;180;60;0mgrad_norm:  1.1181  [38;2;54;234;195mmemory: 37.12GiB(46.73%)  [34mtps: 4,578  [36mtflops: 220.91  [35mmfu: 22.34%[39m
[rank0]:[titan] 2026-03-17 11:03:05,485 - root - INFO - [31mstep: 2762  [32mloss:  2.7656  [38;2;180;60;0mgrad_norm:  1.2778  [38;2;54;234;195mmemory: 37.12GiB(46.73%)  [34mtps: 4,582  [36mtflops: 221.08  [35mmfu: 22.35%[39m
[rank0]:[titan] 2026-03-17 11:03:05,933 - root - INFO - [31mstep: 2763  [32mloss:  2.7344  [38;2;180;60;0mgrad_norm:  1.2336  [38;2;54;234;195mmemory: 37.12GiB(46.73%)  [34mtps: 4,571  [36mtflops: 220.55  [35mmfu: 22.30%[39m
[rank0]:[titan] 2026-03-17 11:03:06,380 - root - INFO - [31mstep: 2764  [32mloss:  2.7812  [38;2;180;60;0mgrad_norm:  1.4069  [38;2;54;234;195mmemory: 37.12GiB(46.73%)  [34mtps: 4,589  [36mtflops: 221.44  [35mmfu: 22.39%[39m
[rank0]:[titan] 2026-03-17 11:03:06,826 - root - INFO - [31mstep: 2765  [32mloss:  2.7969  [38;2;180;60;0mgrad_norm:  1.1811  [38;2;54;234;195mmemory: 37.12GiB(46.73%)  [34mtps: 4,593  [36mtflops: 221.63  [35mmfu: 22.41%[39m
[rank0]:[titan] 2026-03-17 11:03:07,286 - root - INFO - [31mstep: 2766  [32mloss:  2.7656  [38;2;180;60;0mgrad_norm:  1.0592  [38;2;54;234;195mmemory: 37.12GiB(46.73%)  [34mtps: 4,459  [36mtflops: 215.17  [35mmfu: 21.76%[39m
[rank0]:[titan] 2026-03-17 11:03:07,731 - root - INFO - [31mstep: 2767  [32mloss:  2.7500  [38;2;180;60;0mgrad_norm:  1.2058  [38;2;54;234;195mmemory: 37.12GiB(46.73%)  [34mtps: 4,612  [36mtflops: 222.55  [35mmfu: 22.50%[39m
[rank0]:[titan] 2026-03-17 11:03:08,183 - root - INFO - [31mstep: 2768  [32mloss:  2.6875  [38;2;180;60;0mgrad_norm:  1.0766  [38;2;54;234;195mmemory: 37.12GiB(46.73%)  [34mtps: 4,536  [36mtflops: 218.88  [35mmfu: 22.13%[39m
[rank0]:[titan] 2026-03-17 11:03:08,630 - root - INFO - [31mstep: 2769  [32mloss:  2.7031  [38;2;180;60;0mgrad_norm:  0.8902  [38;2;54;234;195mmemory: 37.12GiB(46.73%)  [34mtps: 4,581  [36mtflops: 221.03  [35mmfu: 22.35%[39m
[rank0]:[titan] 2026-03-17 11:03:09,078 - root - INFO - [31mstep: 2770  [32mloss:  2.7031  [38;2;180;60;0mgrad_norm:  1.1177  [38;2;54;234;195mmemory: 37.12GiB(46.73%)  [34mtps: 4,585  [36mtflops: 221.25  [35mmfu: 22.37%[39m
[rank0]:[titan] 2026-03-17 11:03:09,525 - root - INFO - [31mstep: 2771  [32mloss:  2.6875  [38;2;180;60;0mgrad_norm:  1.1298  [38;2;54;234;195mmemory: 37.12GiB(46.73%)  [34mtps: 4,585  [36mtflops: 221.24  [35mmfu: 22.37%[39m
[rank0]:[titan] 2026-03-17 11:03:09,968 - root - INFO - [31mstep: 2772  [32mloss:  2.7188  [38;2;180;60;0mgrad_norm:  0.8669  [38;2;54;234;195mmemory: 37.12GiB(46.73%)  [34mtps: 4,625  [36mtflops: 223.18  [35mmfu: 22.57%[39m
[rank0]:[titan] 2026-03-17 11:03:10,417 - root - INFO - [31mstep: 2773  [32mloss:  2.7656  [38;2;180;60;0mgrad_norm:  1.0200  [38;2;54;234;195mmemory: 37.12GiB(46.73%)  [34mtps: 4,569  [36mtflops: 220.44  [35mmfu: 22.29%[39m
[rank0]:[titan] 2026-03-17 11:03:10,863 - root - INFO - [31mstep: 2774  [32mloss:  2.7969  [38;2;180;60;0mgrad_norm:  0.9967  [38;2;54;234;195mmemory: 37.12GiB(46.73%)  [34mtps: 4,590  [36mtflops: 221.48  [35mmfu: 22.39%[39m
[rank0]:[titan] 2026-03-17 11:03:11,317 - root - INFO - [31mstep: 2775  [32mloss:  2.8438  [38;2;180;60;0mgrad_norm:  0.7156  [38;2;54;234;195mmemory: 37.12GiB(46.73%)  [34mtps: 4,522  [36mtflops: 218.20  [35mmfu: 22.06%[39m
[rank0]:[titan] 2026-03-17 11:03:11,765 - root - INFO - [31mstep: 2776  [32mloss:  2.7031  [38;2;180;60;0mgrad_norm:  1.2009  [38;2;54;234;195mmemory: 37.12GiB(46.73%)  [34mtps: 4,582  [36mtflops: 221.07  [35mmfu: 22.35%[39m
[rank0]:[titan] 2026-03-17 11:03:12,212 - root - INFO - [31mstep: 2777  [32mloss:  2.7188  [38;2;180;60;0mgrad_norm:  0.8431  [38;2;54;234;195mmemory: 37.12GiB(46.73%)  [34mtps: 4,581  [36mtflops: 221.01  [35mmfu: 22.35%[39m
[rank0]:[titan] 2026-03-17 11:03:12,659 - root - INFO - [31mstep: 2778  [32mloss:  2.7188  [38;2;180;60;0mgrad_norm:  0.7920  [38;2;54;234;195mmemory: 37.12GiB(46.73%)  [34mtps: 4,587  [36mtflops: 221.34  [35mmfu: 22.38%[39m
[rank0]:[titan] 2026-03-17 11:03:13,106 - root - INFO - [31mstep: 2779  [32mloss:  2.7344  [38;2;180;60;0mgrad_norm:  1.0012  [38;2;54;234;195mmemory: 37.12GiB(46.73%)  [34mtps: 4,585  [36mtflops: 221.23  [35mmfu: 22.37%[39m
[rank0]:[titan] 2026-03-17 11:03:13,553 - root - INFO - [31mstep: 2780  [32mloss:  2.7500  [38;2;180;60;0mgrad_norm:  1.0753  [38;2;54;234;195mmemory: 37.12GiB(46.73%)  [34mtps: 4,597  [36mtflops: 221.79  [35mmfu: 22.43%[39m
[rank0]:[titan] 2026-03-17 11:03:14,001 - root - INFO - [31mstep: 2781  [32mloss:  2.7188  [38;2;180;60;0mgrad_norm:  0.8668  [38;2;54;234;195mmemory: 37.12GiB(46.73%)  [34mtps: 4,568  [36mtflops: 220.41  [35mmfu: 22.29%[39m
[rank0]:[titan] 2026-03-17 11:03:14,447 - root - INFO - [31mstep: 2782  [32mloss:  2.7344  [38;2;180;60;0mgrad_norm:  0.6134  [38;2;54;234;195mmemory: 37.12GiB(46.73%)  [34mtps: 4,602  [36mtflops: 222.04  [35mmfu: 22.45%[39m
[rank0]:[titan] 2026-03-17 11:03:14,904 - root - INFO - [31mstep: 2783  [32mloss:  2.6875  [38;2;180;60;0mgrad_norm:  0.9988  [38;2;54;234;195mmemory: 37.12GiB(46.73%)  [34mtps: 4,487  [36mtflops: 216.49  [35mmfu: 21.89%[39m
[rank0]:[titan] 2026-03-17 11:03:15,349 - root - INFO - [31mstep: 2784  [32mloss:  2.7344  [38;2;180;60;0mgrad_norm:  0.8750  [38;2;54;234;195mmemory: 37.12GiB(46.73%)  [34mtps: 4,605  [36mtflops: 222.19  [35mmfu: 22.47%[39m
[rank0]:[titan] 2026-03-17 11:03:15,794 - root - INFO - [31mstep: 2785  [32mloss:  2.7344  [38;2;180;60;0mgrad_norm:  0.6411  [38;2;54;234;195mmemory: 37.12GiB(46.73%)  [34mtps: 4,614  [36mtflops: 222.63  [35mmfu: 22.51%[39m
[rank0]:[titan] 2026-03-17 11:03:16,245 - root - INFO - [31mstep: 2786  [32mloss:  2.7656  [38;2;180;60;0mgrad_norm:  0.6653  [38;2;54;234;195mmemory: 37.12GiB(46.73%)  [34mtps: 4,541  [36mtflops: 219.10  [35mmfu: 22.15%[39m
[rank0]:[titan] 2026-03-17 11:03:16,696 - root - INFO - [31mstep: 2787  [32mloss:  2.7812  [38;2;180;60;0mgrad_norm:  0.5282  [38;2;54;234;195mmemory: 37.12GiB(46.73%)  [34mtps: 4,552  [36mtflops: 219.63  [35mmfu: 22.21%[39m
[rank0]:[titan] 2026-03-17 11:03:17,171 - root - INFO - [31mstep: 2788  [32mloss:  2.7500  [38;2;180;60;0mgrad_norm:  0.4906  [38;2;54;234;195mmemory: 37.12GiB(46.73%)  [34mtps: 4,313  [36mtflops: 208.10  [35mmfu: 21.04%[39m
[rank0]:[titan] 2026-03-17 11:03:17,615 - root - INFO - [31mstep: 2789  [32mloss:  2.7188  [38;2;180;60;0mgrad_norm:  0.9544  [38;2;54;234;195mmemory: 37.12GiB(46.73%)  [34mtps: 4,613  [36mtflops: 222.56  [35mmfu: 22.50%[39m
[rank0]:[titan] 2026-03-17 11:03:18,069 - root - INFO - [31mstep: 2790  [32mloss:  2.7188  [38;2;180;60;0mgrad_norm:  0.5520  [38;2;54;234;195mmemory: 37.12GiB(46.73%)  [34mtps: 4,521  [36mtflops: 218.13  [35mmfu: 22.06%[39m
[rank0]:[titan] 2026-03-17 11:03:18,513 - root - INFO - [31mstep: 2791  [32mloss:  2.7031  [38;2;180;60;0mgrad_norm:  0.5350  [38;2;54;234;195mmemory: 37.12GiB(46.73%)  [34mtps: 4,620  [36mtflops: 222.94  [35mmfu: 22.54%[39m
[rank0]:[titan] 2026-03-17 11:03:18,977 - root - INFO - [31mstep: 2792  [32mloss:  2.6250  [38;2;180;60;0mgrad_norm:  0.6333  [38;2;54;234;195mmemory: 37.12GiB(46.73%)  [34mtps: 4,422  [36mtflops: 213.36  [35mmfu: 21.57%[39m
[rank0]:[titan] 2026-03-17 11:03:19,422 - root - INFO - [31mstep: 2793  [32mloss:  2.6250  [38;2;180;60;0mgrad_norm:  0.6541  [38;2;54;234;195mmemory: 37.12GiB(46.73%)  [34mtps: 4,610  [36mtflops: 222.45  [35mmfu: 22.49%[39m
[rank0]:[titan] 2026-03-17 11:03:19,867 - root - INFO - [31mstep: 2794  [32mloss:  2.6719  [38;2;180;60;0mgrad_norm:  0.5123  [38;2;54;234;195mmemory: 37.12GiB(46.73%)  [34mtps: 4,600  [36mtflops: 221.98  [35mmfu: 22.44%[39m
[rank0]:[titan] 2026-03-17 11:03:20,316 - root - INFO - [31mstep: 2795  [32mloss:  2.6562  [38;2;180;60;0mgrad_norm:  0.5866  [38;2;54;234;195mmemory: 37.12GiB(46.73%)  [34mtps: 4,571  [36mtflops: 220.58  [35mmfu: 22.30%[39m
[rank0]:[titan] 2026-03-17 11:03:20,760 - root - INFO - [31mstep: 2796  [32mloss:  2.6406  [38;2;180;60;0mgrad_norm:  0.5190  [38;2;54;234;195mmemory: 37.12GiB(46.73%)  [34mtps: 4,620  [36mtflops: 222.92  [35mmfu: 22.54%[39m
[rank0]:[titan] 2026-03-17 11:03:21,208 - root - INFO - [31mstep: 2797  [32mloss:  2.7031  [38;2;180;60;0mgrad_norm:  0.7948  [38;2;54;234;195mmemory: 37.12GiB(46.73%)  [34mtps: 4,576  [36mtflops: 220.79  [35mmfu: 22.32%[39m
[rank0]:[titan] 2026-03-17 11:03:21,670 - root - INFO - [31mstep: 2798  [32mloss:  2.7188  [38;2;180;60;0mgrad_norm:  0.8160  [38;2;54;234;195mmemory: 37.12GiB(46.73%)  [34mtps: 4,439  [36mtflops: 214.17  [35mmfu: 21.66%[39m
[rank0]:[titan] 2026-03-17 11:03:22,118 - root - INFO - [31mstep: 2799  [32mloss:  2.6562  [38;2;180;60;0mgrad_norm:  0.5610  [38;2;54;234;195mmemory: 37.12GiB(46.73%)  [34mtps: 4,576  [36mtflops: 220.78  [35mmfu: 22.32%[39m
[rank0]:[titan] 2026-03-17 11:03:22,563 - root - INFO - [31mstep: 2800  [32mloss:  2.6406  [38;2;180;60;0mgrad_norm:  0.5991  [38;2;54;234;195mmemory: 37.12GiB(46.73%)  [34mtps: 4,617  [36mtflops: 222.79  [35mmfu: 22.53%[39m
[rank0]:[titan] 2026-03-17 11:03:23,014 - root - INFO - [31mstep: 2801  [32mloss:  2.7188  [38;2;180;60;0mgrad_norm:  0.7011  [38;2;54;234;195mmemory: 37.12GiB(46.73%)  [34mtps: 4,543  [36mtflops: 219.19  [35mmfu: 22.16%[39m
[rank0]:[titan] 2026-03-17 11:03:23,458 - root - INFO - [31mstep: 2802  [32mloss:  2.6562  [38;2;180;60;0mgrad_norm:  0.7975  [38;2;54;234;195mmemory: 37.12GiB(46.73%)  [34mtps: 4,619  [36mtflops: 222.85  [35mmfu: 22.53%[39m
[rank0]:[titan] 2026-03-17 11:03:23,903 - root - INFO - [31mstep: 2803  [32mloss:  2.6875  [38;2;180;60;0mgrad_norm:  0.6571  [38;2;54;234;195mmemory: 37.12GiB(46.73%)  [34mtps: 4,606  [36mtflops: 222.24  [35mmfu: 22.47%[39m
[rank0]:[titan] 2026-03-17 11:03:24,351 - root - INFO - [31mstep: 2804  [32mloss:  2.6406  [38;2;180;60;0mgrad_norm:  0.8864  [38;2;54;234;195mmemory: 37.12GiB(46.73%)  [34mtps: 4,575  [36mtflops: 220.74  [35mmfu: 22.32%[39m
[rank0]:[titan] 2026-03-17 11:03:24,803 - root - INFO - [31mstep: 2805  [32mloss:  2.6719  [38;2;180;60;0mgrad_norm:  0.8547  [38;2;54;234;195mmemory: 37.12GiB(46.73%)  [34mtps: 4,538  [36mtflops: 218.95  [35mmfu: 22.14%[39m
[rank0]:[titan] 2026-03-17 11:03:25,250 - root - INFO - [31mstep: 2806  [32mloss:  2.6406  [38;2;180;60;0mgrad_norm:  1.4587  [38;2;54;234;195mmemory: 37.12GiB(46.73%)  [34mtps: 4,593  [36mtflops: 221.62  [35mmfu: 22.41%[39m
[rank0]:[titan] 2026-03-17 11:03:25,698 - root - INFO - [31mstep: 2807  [32mloss:  2.7656  [38;2;180;60;0mgrad_norm:  0.7363  [38;2;54;234;195mmemory: 37.12GiB(46.73%)  [34mtps: 4,572  [36mtflops: 220.59  [35mmfu: 22.30%[39m
[rank0]:[titan] 2026-03-17 11:03:26,146 - root - INFO - [31mstep: 2808  [32mloss:  2.7969  [38;2;180;60;0mgrad_norm:  0.8697  [38;2;54;234;195mmemory: 37.12GiB(46.73%)  [34mtps: 4,583  [36mtflops: 221.12  [35mmfu: 22.36%[39m
[rank0]:[titan] 2026-03-17 11:03:26,595 - root - INFO - [31mstep: 2809  [32mloss:  2.7188  [38;2;180;60;0mgrad_norm:  0.8830  [38;2;54;234;195mmemory: 37.12GiB(46.73%)  [34mtps: 4,569  [36mtflops: 220.46  [35mmfu: 22.29%[39m
[rank0]:[titan] 2026-03-17 11:03:27,039 - root - INFO - [31mstep: 2810  [32mloss:  2.6875  [38;2;180;60;0mgrad_norm:  0.9360  [38;2;54;234;195mmemory: 37.12GiB(46.73%)  [34mtps: 4,614  [36mtflops: 222.64  [35mmfu: 22.51%[39m
[rank0]:[titan] 2026-03-17 11:03:27,487 - root - INFO - [31mstep: 2811  [32mloss:  2.7031  [38;2;180;60;0mgrad_norm:  0.7687  [38;2;54;234;195mmemory: 37.12GiB(46.73%)  [34mtps: 4,576  [36mtflops: 220.78  [35mmfu: 22.32%[39m
[rank0]:[titan] 2026-03-17 11:03:27,934 - root - INFO - [31mstep: 2812  [32mloss:  2.7344  [38;2;180;60;0mgrad_norm:  1.1264  [38;2;54;234;195mmemory: 37.12GiB(46.73%)  [34mtps: 4,586  [36mtflops: 221.28  [35mmfu: 22.37%[39m
[rank0]:[titan] 2026-03-17 11:03:28,381 - root - INFO - [31mstep: 2813  [32mloss:  2.7188  [38;2;180;60;0mgrad_norm:  0.7595  [38;2;54;234;195mmemory: 37.12GiB(46.73%)  [34mtps: 4,588  [36mtflops: 221.37  [35mmfu: 22.38%[39m
[rank0]:[titan] 2026-03-17 11:03:28,831 - root - INFO - [31mstep: 2814  [32mloss:  2.7188  [38;2;180;60;0mgrad_norm:  0.7278  [38;2;54;234;195mmemory: 37.12GiB(46.73%)  [34mtps: 4,556  [36mtflops: 219.85  [35mmfu: 22.23%[39m
[rank0]:[titan] 2026-03-17 11:03:29,278 - root - INFO - [31mstep: 2815  [32mloss:  2.7500  [38;2;180;60;0mgrad_norm:  1.0914  [38;2;54;234;195mmemory: 37.12GiB(46.73%)  [34mtps: 4,585  [36mtflops: 221.21  [35mmfu: 22.37%[39m
[rank0]:[titan] 2026-03-17 11:03:29,722 - root - INFO - [31mstep: 2816  [32mloss:  2.6875  [38;2;180;60;0mgrad_norm:  0.8699  [38;2;54;234;195mmemory: 37.12GiB(46.73%)  [34mtps: 4,618  [36mtflops: 222.84  [35mmfu: 22.53%[39m
[rank0]:[titan] 2026-03-17 11:03:30,172 - root - INFO - [31mstep: 2817  [32mloss:  2.7500  [38;2;180;60;0mgrad_norm:  0.7134  [38;2;54;234;195mmemory: 37.12GiB(46.73%)  [34mtps: 4,556  [36mtflops: 219.82  [35mmfu: 22.23%[39m
[rank0]:[titan] 2026-03-17 11:03:30,619 - root - INFO - [31mstep: 2818  [32mloss:  2.7344  [38;2;180;60;0mgrad_norm:  0.7016  [38;2;54;234;195mmemory: 37.12GiB(46.73%)  [34mtps: 4,596  [36mtflops: 221.76  [35mmfu: 22.42%[39m
[rank0]:[titan] 2026-03-17 11:03:31,066 - root - INFO - [31mstep: 2819  [32mloss:  2.7500  [38;2;180;60;0mgrad_norm:  0.9070  [38;2;54;234;195mmemory: 37.12GiB(46.73%)  [34mtps: 4,584  [36mtflops: 221.20  [35mmfu: 22.37%[39m
[rank0]:[titan] 2026-03-17 11:03:31,518 - root - INFO - [31mstep: 2820  [32mloss:  2.8438  [38;2;180;60;0mgrad_norm:  0.7160  [38;2;54;234;195mmemory: 37.12GiB(46.73%)  [34mtps: 4,532  [36mtflops: 218.68  [35mmfu: 22.11%[39m
[rank0]:[titan] 2026-03-17 11:03:31,974 - root - INFO - [31mstep: 2821  [32mloss:  2.7812  [38;2;180;60;0mgrad_norm:  0.6035  [38;2;54;234;195mmemory: 37.12GiB(46.73%)  [34mtps: 4,497  [36mtflops: 216.97  [35mmfu: 21.94%[39m
[rank0]:[titan] 2026-03-17 11:03:32,420 - root - INFO - [31mstep: 2822  [32mloss:  2.6875  [38;2;180;60;0mgrad_norm:  0.7587  [38;2;54;234;195mmemory: 37.12GiB(46.73%)  [34mtps: 4,595  [36mtflops: 221.74  [35mmfu: 22.42%[39m
[rank0]:[titan] 2026-03-17 11:03:32,866 - root - INFO - [31mstep: 2823  [32mloss:  2.7500  [38;2;180;60;0mgrad_norm:  0.9201  [38;2;54;234;195mmemory: 37.12GiB(46.73%)  [34mtps: 4,605  [36mtflops: 222.21  [35mmfu: 22.47%[39m
[rank0]:[titan] 2026-03-17 11:03:33,324 - root - INFO - [31mstep: 2824  [32mloss:  2.7031  [38;2;180;60;0mgrad_norm:  0.8829  [38;2;54;234;195mmemory: 37.12GiB(46.73%)  [34mtps: 4,478  [36mtflops: 216.07  [35mmfu: 21.85%[39m
[rank0]:[titan] 2026-03-17 11:03:33,769 - root - INFO - [31mstep: 2825  [32mloss:  2.7656  [38;2;180;60;0mgrad_norm:  1.2169  [38;2;54;234;195mmemory: 37.12GiB(46.73%)  [34mtps: 4,603  [36mtflops: 222.10  [35mmfu: 22.46%[39m
[rank0]:[titan] 2026-03-17 11:03:34,216 - root - INFO - [31mstep: 2826  [32mloss:  2.7344  [38;2;180;60;0mgrad_norm:  0.7782  [38;2;54;234;195mmemory: 37.12GiB(46.73%)  [34mtps: 4,587  [36mtflops: 221.31  [35mmfu: 22.38%[39m
[rank0]:[titan] 2026-03-17 11:03:34,665 - root - INFO - [31mstep: 2827  [32mloss:  2.6562  [38;2;180;60;0mgrad_norm:  0.6733  [38;2;54;234;195mmemory: 37.12GiB(46.73%)  [34mtps: 4,571  [36mtflops: 220.54  [35mmfu: 22.30%[39m
[rank0]:[titan] 2026-03-17 11:03:35,109 - root - INFO - [31mstep: 2828  [32mloss:  2.6875  [38;2;180;60;0mgrad_norm:  1.1476  [38;2;54;234;195mmemory: 37.12GiB(46.73%)  [34mtps: 4,608  [36mtflops: 222.36  [35mmfu: 22.48%[39m
[rank0]:[titan] 2026-03-17 11:03:35,554 - root - INFO - [31mstep: 2829  [32mloss:  2.6406  [38;2;180;60;0mgrad_norm:  0.9533  [38;2;54;234;195mmemory: 37.12GiB(46.73%)  [34mtps: 4,609  [36mtflops: 222.41  [35mmfu: 22.49%[39m
[rank0]:[titan] 2026-03-17 11:03:36,008 - root - INFO - [31mstep: 2830  [32mloss:  2.7500  [38;2;180;60;0mgrad_norm:  0.8234  [38;2;54;234;195mmemory: 37.12GiB(46.73%)  [34mtps: 4,520  [36mtflops: 218.10  [35mmfu: 22.05%[39m
[rank0]:[titan] 2026-03-17 11:03:36,453 - root - INFO - [31mstep: 2831  [32mloss:  2.7188  [38;2;180;60;0mgrad_norm:  0.9373  [38;2;54;234;195mmemory: 37.12GiB(46.73%)  [34mtps: 4,609  [36mtflops: 222.40  [35mmfu: 22.49%[39m
[rank0]:[titan] 2026-03-17 11:03:36,900 - root - INFO - [31mstep: 2832  [32mloss:  2.7031  [38;2;180;60;0mgrad_norm:  0.8329  [38;2;54;234;195mmemory: 37.12GiB(46.73%)  [34mtps: 4,584  [36mtflops: 221.17  [35mmfu: 22.36%[39m
[rank0]:[titan] 2026-03-17 11:03:37,347 - root - INFO - [31mstep: 2833  [32mloss:  2.7031  [38;2;180;60;0mgrad_norm:  1.1117  [38;2;54;234;195mmemory: 37.12GiB(46.73%)  [34mtps: 4,586  [36mtflops: 221.26  [35mmfu: 22.37%[39m
[rank0]:[titan] 2026-03-17 11:03:37,791 - root - INFO - [31mstep: 2834  [32mloss:  2.7031  [38;2;180;60;0mgrad_norm:  1.0023  [38;2;54;234;195mmemory: 37.12GiB(46.73%)  [34mtps: 4,615  [36mtflops: 222.69  [35mmfu: 22.52%[39m
[rank0]:[titan] 2026-03-17 11:03:38,238 - root - INFO - [31mstep: 2835  [32mloss:  2.7656  [38;2;180;60;0mgrad_norm:  0.9784  [38;2;54;234;195mmemory: 37.12GiB(46.73%)  [34mtps: 4,590  [36mtflops: 221.48  [35mmfu: 22.39%[39m
[rank0]:[titan] 2026-03-17 11:03:38,685 - root - INFO - [31mstep: 2836  [32mloss:  2.7812  [38;2;180;60;0mgrad_norm:  0.9768  [38;2;54;234;195mmemory: 37.12GiB(46.73%)  [34mtps: 4,592  [36mtflops: 221.55  [35mmfu: 22.40%[39m
[rank0]:[titan] 2026-03-17 11:03:39,136 - root - INFO - [31mstep: 2837  [32mloss:  2.7656  [38;2;180;60;0mgrad_norm:  1.1099  [38;2;54;234;195mmemory: 37.12GiB(46.73%)  [34mtps: 4,543  [36mtflops: 219.22  [35mmfu: 22.17%[39m
[rank0]:[titan] 2026-03-17 11:03:39,584 - root - INFO - [31mstep: 2838  [32mloss:  2.7188  [38;2;180;60;0mgrad_norm:  0.7581  [38;2;54;234;195mmemory: 37.12GiB(46.73%)  [34mtps: 4,579  [36mtflops: 220.93  [35mmfu: 22.34%[39m
[rank0]:[titan] 2026-03-17 11:03:40,043 - root - INFO - [31mstep: 2839  [32mloss:  2.6562  [38;2;180;60;0mgrad_norm:  0.5721  [38;2;54;234;195mmemory: 37.12GiB(46.73%)  [34mtps: 4,466  [36mtflops: 215.51  [35mmfu: 21.79%[39m
[rank0]:[titan] 2026-03-17 11:03:40,487 - root - INFO - [31mstep: 2840  [32mloss:  2.7188  [38;2;180;60;0mgrad_norm:  1.0190  [38;2;54;234;195mmemory: 37.12GiB(46.73%)  [34mtps: 4,615  [36mtflops: 222.67  [35mmfu: 22.51%[39m
[rank0]:[titan] 2026-03-17 11:03:40,940 - root - INFO - [31mstep: 2841  [32mloss:  2.7188  [38;2;180;60;0mgrad_norm:  0.5876  [38;2;54;234;195mmemory: 37.12GiB(46.73%)  [34mtps: 4,532  [36mtflops: 218.66  [35mmfu: 22.11%[39m
[rank0]:[titan] 2026-03-17 11:03:41,392 - root - INFO - [31mstep: 2842  [32mloss:  2.7500  [38;2;180;60;0mgrad_norm:  0.7101  [38;2;54;234;195mmemory: 37.12GiB(46.73%)  [34mtps: 4,536  [36mtflops: 218.85  [35mmfu: 22.13%[39m
[rank0]:[titan] 2026-03-17 11:03:41,835 - root - INFO - [31mstep: 2843  [32mloss:  2.7188  [38;2;180;60;0mgrad_norm:  1.1516  [38;2;54;234;195mmemory: 37.12GiB(46.73%)  [34mtps: 4,630  [36mtflops: 223.40  [35mmfu: 22.59%[39m
[rank0]:[titan] 2026-03-17 11:03:42,283 - root - INFO - [31mstep: 2844  [32mloss:  2.7344  [38;2;180;60;0mgrad_norm:  0.6983  [38;2;54;234;195mmemory: 37.12GiB(46.73%)  [34mtps: 4,568  [36mtflops: 220.41  [35mmfu: 22.29%[39m
[rank0]:[titan] 2026-03-17 11:03:42,730 - root - INFO - [31mstep: 2845  [32mloss:  2.6562  [38;2;180;60;0mgrad_norm:  0.7738  [38;2;54;234;195mmemory: 37.12GiB(46.73%)  [34mtps: 4,590  [36mtflops: 221.45  [35mmfu: 22.39%[39m
[rank0]:[titan] 2026-03-17 11:03:43,183 - root - INFO - [31mstep: 2846  [32mloss:  2.7031  [38;2;180;60;0mgrad_norm:  0.9362  [38;2;54;234;195mmemory: 37.12GiB(46.73%)  [34mtps: 4,528  [36mtflops: 218.47  [35mmfu: 22.09%[39m
[rank0]:[titan] 2026-03-17 11:03:43,637 - root - INFO - [31mstep: 2847  [32mloss:  2.7812  [38;2;180;60;0mgrad_norm:  0.6371  [38;2;54;234;195mmemory: 37.12GiB(46.73%)  [34mtps: 4,515  [36mtflops: 217.84  [35mmfu: 22.03%[39m
[rank0]:[titan] 2026-03-17 11:03:44,084 - root - INFO - [31mstep: 2848  [32mloss:  2.6875  [38;2;180;60;0mgrad_norm:  0.8616  [38;2;54;234;195mmemory: 37.12GiB(46.73%)  [34mtps: 4,590  [36mtflops: 221.47  [35mmfu: 22.39%[39m
[rank0]:[titan] 2026-03-17 11:03:44,529 - root - INFO - [31mstep: 2849  [32mloss:  2.7500  [38;2;180;60;0mgrad_norm:  2.3018  [38;2;54;234;195mmemory: 37.12GiB(46.73%)  [34mtps: 4,606  [36mtflops: 222.22  [35mmfu: 22.47%[39m
[rank0]:[titan] 2026-03-17 11:03:44,978 - root - INFO - [31mstep: 2850  [32mloss:  2.7344  [38;2;180;60;0mgrad_norm:  1.0385  [38;2;54;234;195mmemory: 37.12GiB(46.73%)  [34mtps: 4,570  [36mtflops: 220.51  [35mmfu: 22.30%[39m
[rank0]:[titan] 2026-03-17 11:03:45,434 - root - INFO - [31mstep: 2851  [32mloss:  2.7344  [38;2;180;60;0mgrad_norm:  0.8290  [38;2;54;234;195mmemory: 37.12GiB(46.73%)  [34mtps: 4,495  [36mtflops: 216.88  [35mmfu: 21.93%[39m
[rank0]:[titan] 2026-03-17 11:03:45,878 - root - INFO - [31mstep: 2852  [32mloss:  2.7031  [38;2;180;60;0mgrad_norm:  0.9393  [38;2;54;234;195mmemory: 37.12GiB(46.73%)  [34mtps: 4,617  [36mtflops: 222.76  [35mmfu: 22.52%[39m
[rank0]:[titan] 2026-03-17 11:03:46,323 - root - INFO - [31mstep: 2853  [32mloss:  2.7812  [38;2;180;60;0mgrad_norm:  0.8783  [38;2;54;234;195mmemory: 37.12GiB(46.73%)  [34mtps: 4,604  [36mtflops: 222.13  [35mmfu: 22.46%[39m
[rank0]:[titan] 2026-03-17 11:03:46,770 - root - INFO - [31mstep: 2854  [32mloss:  2.7344  [38;2;180;60;0mgrad_norm:  0.9363  [38;2;54;234;195mmemory: 37.12GiB(46.73%)  [34mtps: 4,589  [36mtflops: 221.40  [35mmfu: 22.39%[39m
[rank0]:[titan] 2026-03-17 11:03:47,217 - root - INFO - [31mstep: 2855  [32mloss:  2.7031  [38;2;180;60;0mgrad_norm:  0.9780  [38;2;54;234;195mmemory: 37.12GiB(46.73%)  [34mtps: 4,589  [36mtflops: 221.43  [35mmfu: 22.39%[39m
[rank0]:[titan] 2026-03-17 11:03:47,668 - root - INFO - [31mstep: 2856  [32mloss:  2.7031  [38;2;180;60;0mgrad_norm:  1.1525  [38;2;54;234;195mmemory: 37.12GiB(46.73%)  [34mtps: 4,546  [36mtflops: 219.36  [35mmfu: 22.18%[39m
[rank0]:[titan] 2026-03-17 11:03:48,124 - root - INFO - [31mstep: 2857  [32mloss:  2.7500  [38;2;180;60;0mgrad_norm:  1.1892  [38;2;54;234;195mmemory: 37.12GiB(46.73%)  [34mtps: 4,500  [36mtflops: 217.14  [35mmfu: 21.96%[39m
[rank0]:[titan] 2026-03-17 11:03:48,570 - root - INFO - [31mstep: 2858  [32mloss:  2.7344  [38;2;180;60;0mgrad_norm:  1.0169  [38;2;54;234;195mmemory: 37.12GiB(46.73%)  [34mtps: 4,590  [36mtflops: 221.46  [35mmfu: 22.39%[39m
[rank0]:[titan] 2026-03-17 11:03:49,016 - root - INFO - [31mstep: 2859  [32mloss:  2.7656  [38;2;180;60;0mgrad_norm:  0.8284  [38;2;54;234;195mmemory: 37.12GiB(46.73%)  [34mtps: 4,600  [36mtflops: 221.96  [35mmfu: 22.44%[39m
[rank0]:[titan] 2026-03-17 11:03:49,464 - root - INFO - [31mstep: 2860  [32mloss:  2.7188  [38;2;180;60;0mgrad_norm:  1.0366  [38;2;54;234;195mmemory: 37.12GiB(46.73%)  [34mtps: 4,577  [36mtflops: 220.84  [35mmfu: 22.33%[39m
[rank0]:[titan] 2026-03-17 11:03:49,936 - root - INFO - [31mstep: 2861  [32mloss:  2.7344  [38;2;180;60;0mgrad_norm:  1.0029  [38;2;54;234;195mmemory: 37.12GiB(46.73%)  [34mtps: 4,341  [36mtflops: 209.48  [35mmfu: 21.18%[39m
[rank0]:[titan] 2026-03-17 11:03:50,381 - root - INFO - [31mstep: 2862  [32mloss:  2.7656  [38;2;180;60;0mgrad_norm:  0.5875  [38;2;54;234;195mmemory: 37.12GiB(46.73%)  [34mtps: 4,609  [36mtflops: 222.37  [35mmfu: 22.48%[39m
[rank0]:[titan] 2026-03-17 11:03:50,832 - root - INFO - [31mstep: 2863  [32mloss:  2.8438  [38;2;180;60;0mgrad_norm:  1.1454  [38;2;54;234;195mmemory: 37.12GiB(46.73%)  [34mtps: 4,550  [36mtflops: 219.54  [35mmfu: 22.20%[39m
[rank0]:[titan] 2026-03-17 11:03:51,285 - root - INFO - [31mstep: 2864  [32mloss:  2.7812  [38;2;180;60;0mgrad_norm:  1.1890  [38;2;54;234;195mmemory: 37.12GiB(46.73%)  [34mtps: 4,523  [36mtflops: 218.24  [35mmfu: 22.07%[39m
[rank0]:[titan] 2026-03-17 11:03:51,735 - root - INFO - [31mstep: 2865  [32mloss:  2.7500  [38;2;180;60;0mgrad_norm:  0.9790  [38;2;54;234;195mmemory: 37.12GiB(46.73%)  [34mtps: 4,555  [36mtflops: 219.80  [35mmfu: 22.22%[39m
[rank0]:[titan] 2026-03-17 11:03:52,182 - root - INFO - [31mstep: 2866  [32mloss:  2.7969  [38;2;180;60;0mgrad_norm:  0.9475  [38;2;54;234;195mmemory: 37.12GiB(46.73%)  [34mtps: 4,586  [36mtflops: 221.29  [35mmfu: 22.37%[39m
[rank0]:[titan] 2026-03-17 11:03:52,648 - root - INFO - [31mstep: 2867  [32mloss:  2.7344  [38;2;180;60;0mgrad_norm:  0.6822  [38;2;54;234;195mmemory: 37.12GiB(46.73%)  [34mtps: 4,405  [36mtflops: 212.54  [35mmfu: 21.49%[39m
[rank0]:[titan] 2026-03-17 11:03:53,091 - root - INFO - [31mstep: 2868  [32mloss:  2.7188  [38;2;180;60;0mgrad_norm:  1.1818  [38;2;54;234;195mmemory: 37.12GiB(46.73%)  [34mtps: 4,629  [36mtflops: 223.37  [35mmfu: 22.59%[39m
[rank0]:[titan] 2026-03-17 11:03:53,536 - root - INFO - [31mstep: 2869  [32mloss:  2.7500  [38;2;180;60;0mgrad_norm:  1.2325  [38;2;54;234;195mmemory: 37.12GiB(46.73%)  [34mtps: 4,605  [36mtflops: 222.20  [35mmfu: 22.47%[39m
[rank0]:[titan] 2026-03-17 11:03:53,984 - root - INFO - [31mstep: 2870  [32mloss:  2.7500  [38;2;180;60;0mgrad_norm:  1.1302  [38;2;54;234;195mmemory: 37.12GiB(46.73%)  [34mtps: 4,583  [36mtflops: 221.12  [35mmfu: 22.36%[39m
[rank0]:[titan] 2026-03-17 11:03:54,431 - root - INFO - [31mstep: 2871  [32mloss:  2.7031  [38;2;180;60;0mgrad_norm:  1.0041  [38;2;54;234;195mmemory: 37.12GiB(46.73%)  [34mtps: 4,582  [36mtflops: 221.07  [35mmfu: 22.35%[39m
[rank0]:[titan] 2026-03-17 11:03:54,877 - root - INFO - [31mstep: 2872  [32mloss:  2.6719  [38;2;180;60;0mgrad_norm:  0.9490  [38;2;54;234;195mmemory: 37.12GiB(46.73%)  [34mtps: 4,599  [36mtflops: 221.90  [35mmfu: 22.44%[39m
[rank0]:[titan] 2026-03-17 11:03:55,596 - root - INFO - [31mstep: 2873  [32mloss:  2.7188  [38;2;180;60;0mgrad_norm:  0.6616  [38;2;54;234;195mmemory: 37.12GiB(46.73%)  [34mtps: 2,851  [36mtflops: 137.56  [35mmfu: 13.91%[39m
[rank0]:[titan] 2026-03-17 11:03:56,041 - root - INFO - [31mstep: 2874  [32mloss:  2.7031  [38;2;180;60;0mgrad_norm:  0.8726  [38;2;54;234;195mmemory: 37.12GiB(46.73%)  [34mtps: 4,605  [36mtflops: 222.22  [35mmfu: 22.47%[39m
[rank0]:[titan] 2026-03-17 11:03:56,491 - root - INFO - [31mstep: 2875  [32mloss:  2.6875  [38;2;180;60;0mgrad_norm:  1.0498  [38;2;54;234;195mmemory: 37.12GiB(46.73%)  [34mtps: 4,560  [36mtflops: 220.02  [35mmfu: 22.25%[39m
[rank0]:[titan] 2026-03-17 11:03:56,949 - root - INFO - [31mstep: 2876  [32mloss:  2.6875  [38;2;180;60;0mgrad_norm:  0.6546  [38;2;54;234;195mmemory: 37.12GiB(46.73%)  [34mtps: 4,469  [36mtflops: 215.61  [35mmfu: 21.80%[39m
[rank0]:[titan] 2026-03-17 11:03:57,665 - root - INFO - [31mstep: 2877  [32mloss:  2.7031  [38;2;180;60;0mgrad_norm:  1.1812  [38;2;54;234;195mmemory: 37.12GiB(46.73%)  [34mtps: 2,867  [36mtflops: 138.34  [35mmfu: 13.99%[39m
[rank0]:[titan] 2026-03-17 11:03:58,110 - root - INFO - [31mstep: 2878  [32mloss:  2.7031  [38;2;180;60;0mgrad_norm:  1.2916  [38;2;54;234;195mmemory: 37.12GiB(46.73%)  [34mtps: 4,605  [36mtflops: 222.17  [35mmfu: 22.46%[39m
[rank0]:[titan] 2026-03-17 11:03:58,556 - root - INFO - [31mstep: 2879  [32mloss:  2.7188  [38;2;180;60;0mgrad_norm: 13.1022  [38;2;54;234;195mmemory: 37.12GiB(46.73%)  [34mtps: 4,600  [36mtflops: 221.97  [35mmfu: 22.44%[39m
[rank0]:[titan] 2026-03-17 11:03:59,001 - root - INFO - [31mstep: 2880  [32mloss:  2.7500  [38;2;180;60;0mgrad_norm:  0.9564  [38;2;54;234;195mmemory: 37.12GiB(46.73%)  [34mtps: 4,607  [36mtflops: 222.31  [35mmfu: 22.48%[39m
[rank0]:[titan] 2026-03-17 11:03:59,752 - root - INFO - [31mstep: 2881  [32mloss:  2.7188  [38;2;180;60;0mgrad_norm:  1.0114  [38;2;54;234;195mmemory: 37.12GiB(46.73%)  [34mtps: 2,732  [36mtflops: 131.84  [35mmfu: 13.33%[39m
[rank0]:[titan] 2026-03-17 11:04:00,199 - root - INFO - [31mstep: 2882  [32mloss:  2.6875  [38;2;180;60;0mgrad_norm:  0.9092  [38;2;54;234;195mmemory: 37.12GiB(46.73%)  [34mtps: 4,590  [36mtflops: 221.48  [35mmfu: 22.39%[39m
[rank0]:[titan] 2026-03-17 11:04:00,644 - root - INFO - [31mstep: 2883  [32mloss:  2.7188  [38;2;180;60;0mgrad_norm:  0.7520  [38;2;54;234;195mmemory: 37.12GiB(46.73%)  [34mtps: 4,605  [36mtflops: 222.21  [35mmfu: 22.47%[39m
[rank0]:[titan] 2026-03-17 11:04:01,092 - root - INFO - [31mstep: 2884  [32mloss:  2.7344  [38;2;180;60;0mgrad_norm:  0.8672  [38;2;54;234;195mmemory: 37.12GiB(46.73%)  [34mtps: 4,584  [36mtflops: 221.18  [35mmfu: 22.36%[39m
[rank0]:[titan] 2026-03-17 11:04:01,545 - root - INFO - [31mstep: 2885  [32mloss:  2.7188  [38;2;180;60;0mgrad_norm:  2.1666  [38;2;54;234;195mmemory: 37.12GiB(46.73%)  [34mtps: 4,522  [36mtflops: 218.18  [35mmfu: 22.06%[39m
[rank0]:[titan] 2026-03-17 11:04:01,995 - root - INFO - [31mstep: 2886  [32mloss:  2.6875  [38;2;180;60;0mgrad_norm:  2.4679  [38;2;54;234;195mmemory: 37.12GiB(46.73%)  [34mtps: 4,564  [36mtflops: 220.22  [35mmfu: 22.27%[39m
[rank0]:[titan] 2026-03-17 11:04:02,451 - root - INFO - [31mstep: 2887  [32mloss:  2.7031  [38;2;180;60;0mgrad_norm:  0.7956  [38;2;54;234;195mmemory: 37.12GiB(46.73%)  [34mtps: 4,501  [36mtflops: 217.17  [35mmfu: 21.96%[39m
[rank0]:[titan] 2026-03-17 11:04:02,905 - root - INFO - [31mstep: 2888  [32mloss:  2.7344  [38;2;180;60;0mgrad_norm:  0.9144  [38;2;54;234;195mmemory: 37.12GiB(46.73%)  [34mtps: 4,514  [36mtflops: 217.78  [35mmfu: 22.02%[39m
[rank0]:[titan] 2026-03-17 11:04:03,349 - root - INFO - [31mstep: 2889  [32mloss:  2.7031  [38;2;180;60;0mgrad_norm:  1.0144  [38;2;54;234;195mmemory: 37.12GiB(46.73%)  [34mtps: 4,614  [36mtflops: 222.61  [35mmfu: 22.51%[39m
[rank0]:[titan] 2026-03-17 11:04:03,798 - root - INFO - [31mstep: 2890  [32mloss:  2.7031  [38;2;180;60;0mgrad_norm:  0.7401  [38;2;54;234;195mmemory: 37.12GiB(46.73%)  [34mtps: 4,574  [36mtflops: 220.69  [35mmfu: 22.31%[39m
[rank0]:[titan] 2026-03-17 11:04:04,250 - root - INFO - [31mstep: 2891  [32mloss:  2.6875  [38;2;180;60;0mgrad_norm:  0.8596  [38;2;54;234;195mmemory: 37.12GiB(46.73%)  [34mtps: 4,531  [36mtflops: 218.62  [35mmfu: 22.11%[39m
[rank0]:[titan] 2026-03-17 11:04:04,698 - root - INFO - [31mstep: 2892  [32mloss:  2.7500  [38;2;180;60;0mgrad_norm:  0.6048  [38;2;54;234;195mmemory: 37.12GiB(46.73%)  [34mtps: 4,583  [36mtflops: 221.13  [35mmfu: 22.36%[39m
[rank0]:[titan] 2026-03-17 11:04:05,147 - root - INFO - [31mstep: 2893  [32mloss:  2.7031  [38;2;180;60;0mgrad_norm:  0.5751  [38;2;54;234;195mmemory: 37.12GiB(46.73%)  [34mtps: 4,569  [36mtflops: 220.46  [35mmfu: 22.29%[39m
[rank0]:[titan] 2026-03-17 11:04:05,592 - root - INFO - [31mstep: 2894  [32mloss:  2.7188  [38;2;180;60;0mgrad_norm:  0.7846  [38;2;54;234;195mmemory: 37.12GiB(46.73%)  [34mtps: 4,609  [36mtflops: 222.36  [35mmfu: 22.48%[39m
[rank0]:[titan] 2026-03-17 11:04:06,038 - root - INFO - [31mstep: 2895  [32mloss:  2.7812  [38;2;180;60;0mgrad_norm:  0.7143  [38;2;54;234;195mmemory: 37.12GiB(46.73%)  [34mtps: 4,598  [36mtflops: 221.84  [35mmfu: 22.43%[39m
[rank0]:[titan] 2026-03-17 11:04:06,484 - root - INFO - [31mstep: 2896  [32mloss:  2.7500  [38;2;180;60;0mgrad_norm:  0.7385  [38;2;54;234;195mmemory: 37.12GiB(46.73%)  [34mtps: 4,597  [36mtflops: 221.82  [35mmfu: 22.43%[39m
[rank0]:[titan] 2026-03-17 11:04:06,933 - root - INFO - [31mstep: 2897  [32mloss:  2.7344  [38;2;180;60;0mgrad_norm:  0.8166  [38;2;54;234;195mmemory: 37.12GiB(46.73%)  [34mtps: 4,567  [36mtflops: 220.38  [35mmfu: 22.28%[39m
[rank0]:[titan] 2026-03-17 11:04:07,379 - root - INFO - [31mstep: 2898  [32mloss:  2.7500  [38;2;180;60;0mgrad_norm:  0.6729  [38;2;54;234;195mmemory: 37.12GiB(46.73%)  [34mtps: 4,594  [36mtflops: 221.66  [35mmfu: 22.41%[39m
[rank0]:[titan] 2026-03-17 11:04:07,830 - root - INFO - [31mstep: 2899  [32mloss:  2.6562  [38;2;180;60;0mgrad_norm:  0.7322  [38;2;54;234;195mmemory: 37.12GiB(46.73%)  [34mtps: 4,541  [36mtflops: 219.13  [35mmfu: 22.16%[39m
[rank0]:[titan] 2026-03-17 11:04:08,284 - root - INFO - [31mstep: 2900  [32mloss:  2.6719  [38;2;180;60;0mgrad_norm:  0.7687  [38;2;54;234;195mmemory: 37.12GiB(46.73%)  [34mtps: 4,516  [36mtflops: 217.91  [35mmfu: 22.03%[39m
[rank0]:[titan] 2026-03-17 11:04:08,731 - root - INFO - [31mstep: 2901  [32mloss:  2.7188  [38;2;180;60;0mgrad_norm:  0.7871  [38;2;54;234;195mmemory: 37.12GiB(46.73%)  [34mtps: 4,586  [36mtflops: 221.27  [35mmfu: 22.37%[39m
[rank0]:[titan] 2026-03-17 11:04:09,176 - root - INFO - [31mstep: 2902  [32mloss:  2.6719  [38;2;180;60;0mgrad_norm:  0.8378  [38;2;54;234;195mmemory: 37.12GiB(46.73%)  [34mtps: 4,607  [36mtflops: 222.30  [35mmfu: 22.48%[39m
[rank0]:[titan] 2026-03-17 11:04:09,631 - root - INFO - [31mstep: 2903  [32mloss:  2.7188  [38;2;180;60;0mgrad_norm:  0.5928  [38;2;54;234;195mmemory: 37.12GiB(46.73%)  [34mtps: 4,509  [36mtflops: 217.55  [35mmfu: 22.00%[39m
[rank0]:[titan] 2026-03-17 11:04:10,088 - root - INFO - [31mstep: 2904  [32mloss:  2.7031  [38;2;180;60;0mgrad_norm:  0.7228  [38;2;54;234;195mmemory: 37.12GiB(46.73%)  [34mtps: 4,490  [36mtflops: 216.65  [35mmfu: 21.91%[39m
[rank0]:[titan] 2026-03-17 11:04:10,535 - root - INFO - [31mstep: 2905  [32mloss:  2.7031  [38;2;180;60;0mgrad_norm:  0.9405  [38;2;54;234;195mmemory: 37.12GiB(46.73%)  [34mtps: 4,588  [36mtflops: 221.39  [35mmfu: 22.38%[39m
[rank0]:[titan] 2026-03-17 11:04:10,981 - root - INFO - [31mstep: 2906  [32mloss:  2.7188  [38;2;180;60;0mgrad_norm:  0.8503  [38;2;54;234;195mmemory: 37.12GiB(46.73%)  [34mtps: 4,595  [36mtflops: 221.71  [35mmfu: 22.42%[39m
[rank0]:[titan] 2026-03-17 11:04:11,427 - root - INFO - [31mstep: 2907  [32mloss:  2.7031  [38;2;180;60;0mgrad_norm:  0.5810  [38;2;54;234;195mmemory: 37.12GiB(46.73%)  [34mtps: 4,600  [36mtflops: 221.97  [35mmfu: 22.44%[39m
[rank0]:[titan] 2026-03-17 11:04:11,876 - root - INFO - [31mstep: 2908  [32mloss:  2.7500  [38;2;180;60;0mgrad_norm:  0.6699  [38;2;54;234;195mmemory: 37.12GiB(46.73%)  [34mtps: 4,557  [36mtflops: 219.89  [35mmfu: 22.23%[39m
[rank0]:[titan] 2026-03-17 11:04:12,322 - root - INFO - [31mstep: 2909  [32mloss:  2.7344  [38;2;180;60;0mgrad_norm:  0.9392  [38;2;54;234;195mmemory: 37.12GiB(46.73%)  [34mtps: 4,599  [36mtflops: 221.91  [35mmfu: 22.44%[39m
[rank0]:[titan] 2026-03-17 11:04:12,768 - root - INFO - [31mstep: 2910  [32mloss:  2.8281  [38;2;180;60;0mgrad_norm:  0.8508  [38;2;54;234;195mmemory: 37.12GiB(46.73%)  [34mtps: 4,607  [36mtflops: 222.28  [35mmfu: 22.47%[39m
[rank0]:[titan] 2026-03-17 11:04:13,214 - root - INFO - [31mstep: 2911  [32mloss:  2.7500  [38;2;180;60;0mgrad_norm:  0.5738  [38;2;54;234;195mmemory: 37.12GiB(46.73%)  [34mtps: 4,594  [36mtflops: 221.65  [35mmfu: 22.41%[39m
[rank0]:[titan] 2026-03-17 11:04:13,661 - root - INFO - [31mstep: 2912  [32mloss:  2.7344  [38;2;180;60;0mgrad_norm:  0.7729  [38;2;54;234;195mmemory: 37.12GiB(46.73%)  [34mtps: 4,589  [36mtflops: 221.43  [35mmfu: 22.39%[39m
[rank0]:[titan] 2026-03-17 11:04:14,107 - root - INFO - [31mstep: 2913  [32mloss:  2.7188  [38;2;180;60;0mgrad_norm:  0.6754  [38;2;54;234;195mmemory: 37.12GiB(46.73%)  [34mtps: 4,592  [36mtflops: 221.55  [35mmfu: 22.40%[39m
[rank0]:[titan] 2026-03-17 11:04:14,554 - root - INFO - [31mstep: 2914  [32mloss:  2.6875  [38;2;180;60;0mgrad_norm:  0.6685  [38;2;54;234;195mmemory: 37.12GiB(46.73%)  [34mtps: 4,594  [36mtflops: 221.65  [35mmfu: 22.41%[39m
[rank0]:[titan] 2026-03-17 11:04:15,003 - root - INFO - [31mstep: 2915  [32mloss:  2.7188  [38;2;180;60;0mgrad_norm:  0.6087  [38;2;54;234;195mmemory: 37.12GiB(46.73%)  [34mtps: 4,569  [36mtflops: 220.45  [35mmfu: 22.29%[39m
[rank0]:[titan] 2026-03-17 11:04:15,447 - root - INFO - [31mstep: 2916  [32mloss:  2.6875  [38;2;180;60;0mgrad_norm:  0.8028  [38;2;54;234;195mmemory: 37.12GiB(46.73%)  [34mtps: 4,615  [36mtflops: 222.67  [35mmfu: 22.51%[39m
[rank0]:[titan] 2026-03-17 11:04:15,895 - root - INFO - [31mstep: 2917  [32mloss:  2.6094  [38;2;180;60;0mgrad_norm:  0.6118  [38;2;54;234;195mmemory: 37.12GiB(46.73%)  [34mtps: 4,574  [36mtflops: 220.70  [35mmfu: 22.32%[39m
[rank0]:[titan] 2026-03-17 11:04:16,342 - root - INFO - [31mstep: 2918  [32mloss:  2.6562  [38;2;180;60;0mgrad_norm:  0.7491  [38;2;54;234;195mmemory: 37.12GiB(46.73%)  [34mtps: 4,591  [36mtflops: 221.54  [35mmfu: 22.40%[39m
[rank0]:[titan] 2026-03-17 11:04:16,790 - root - INFO - [31mstep: 2919  [32mloss:  2.7188  [38;2;180;60;0mgrad_norm:  0.7206  [38;2;54;234;195mmemory: 37.12GiB(46.73%)  [34mtps: 4,573  [36mtflops: 220.63  [35mmfu: 22.31%[39m
[rank0]:[titan] 2026-03-17 11:04:17,237 - root - INFO - [31mstep: 2920  [32mloss:  2.6875  [38;2;180;60;0mgrad_norm:  0.7369  [38;2;54;234;195mmemory: 37.12GiB(46.73%)  [34mtps: 4,594  [36mtflops: 221.69  [35mmfu: 22.42%[39m
[rank0]:[titan] 2026-03-17 11:04:17,692 - root - INFO - [31mstep: 2921  [32mloss:  2.6875  [38;2;180;60;0mgrad_norm:  0.6699  [38;2;54;234;195mmemory: 37.12GiB(46.73%)  [34mtps: 4,506  [36mtflops: 217.40  [35mmfu: 21.98%[39m
[rank0]:[titan] 2026-03-17 11:04:18,140 - root - INFO - [31mstep: 2922  [32mloss:  2.6875  [38;2;180;60;0mgrad_norm:  0.7358  [38;2;54;234;195mmemory: 37.12GiB(46.73%)  [34mtps: 4,576  [36mtflops: 220.79  [35mmfu: 22.32%[39m
[rank0]:[titan] 2026-03-17 11:04:18,601 - root - INFO - [31mstep: 2923  [32mloss:  2.7031  [38;2;180;60;0mgrad_norm:  1.0429  [38;2;54;234;195mmemory: 37.12GiB(46.73%)  [34mtps: 4,445  [36mtflops: 214.46  [35mmfu: 21.68%[39m
[rank0]:[titan] 2026-03-17 11:04:19,051 - root - INFO - [31mstep: 2924  [32mloss:  2.6875  [38;2;180;60;0mgrad_norm:  0.7932  [38;2;54;234;195mmemory: 37.12GiB(46.73%)  [34mtps: 4,553  [36mtflops: 219.71  [35mmfu: 22.22%[39m
[rank0]:[titan] 2026-03-17 11:04:19,501 - root - INFO - [31mstep: 2925  [32mloss:  2.6875  [38;2;180;60;0mgrad_norm:  0.4814  [38;2;54;234;195mmemory: 37.12GiB(46.73%)  [34mtps: 4,564  [36mtflops: 220.24  [35mmfu: 22.27%[39m
[rank0]:[titan] 2026-03-17 11:04:19,947 - root - INFO - [31mstep: 2926  [32mloss:  2.6719  [38;2;180;60;0mgrad_norm:  0.7004  [38;2;54;234;195mmemory: 37.12GiB(46.73%)  [34mtps: 4,589  [36mtflops: 221.43  [35mmfu: 22.39%[39m
[rank0]:[titan] 2026-03-17 11:04:20,401 - root - INFO - [31mstep: 2927  [32mloss:  2.7500  [38;2;180;60;0mgrad_norm:  1.0425  [38;2;54;234;195mmemory: 37.12GiB(46.73%)  [34mtps: 4,514  [36mtflops: 217.83  [35mmfu: 22.03%[39m
[rank0]:[titan] 2026-03-17 11:04:20,853 - root - INFO - [31mstep: 2928  [32mloss:  2.7188  [38;2;180;60;0mgrad_norm:  0.7015  [38;2;54;234;195mmemory: 37.12GiB(46.73%)  [34mtps: 4,541  [36mtflops: 219.11  [35mmfu: 22.15%[39m
[rank0]:[titan] 2026-03-17 11:04:21,300 - root - INFO - [31mstep: 2929  [32mloss:  2.6875  [38;2;180;60;0mgrad_norm:  0.6369  [38;2;54;234;195mmemory: 37.12GiB(46.73%)  [34mtps: 4,586  [36mtflops: 221.29  [35mmfu: 22.38%[39m
[rank0]:[titan] 2026-03-17 11:04:21,745 - root - INFO - [31mstep: 2930  [32mloss:  2.6875  [38;2;180;60;0mgrad_norm:  0.7933  [38;2;54;234;195mmemory: 37.12GiB(46.73%)  [34mtps: 4,610  [36mtflops: 222.46  [35mmfu: 22.49%[39m
[rank0]:[titan] 2026-03-17 11:04:22,194 - root - INFO - [31mstep: 2931  [32mloss:  2.6875  [38;2;180;60;0mgrad_norm:  0.7448  [38;2;54;234;195mmemory: 37.12GiB(46.73%)  [34mtps: 4,567  [36mtflops: 220.37  [35mmfu: 22.28%[39m
[rank0]:[titan] 2026-03-17 11:04:22,644 - root - INFO - [31mstep: 2932  [32mloss:  2.6875  [38;2;180;60;0mgrad_norm:  0.6307  [38;2;54;234;195mmemory: 37.12GiB(46.73%)  [34mtps: 4,561  [36mtflops: 220.05  [35mmfu: 22.25%[39m
[rank0]:[titan] 2026-03-17 11:04:23,089 - root - INFO - [31mstep: 2933  [32mloss:  2.6406  [38;2;180;60;0mgrad_norm:  0.7512  [38;2;54;234;195mmemory: 37.12GiB(46.73%)  [34mtps: 4,601  [36mtflops: 221.99  [35mmfu: 22.45%[39m
[rank0]:[titan] 2026-03-17 11:04:23,543 - root - INFO - [31mstep: 2934  [32mloss:  2.6875  [38;2;180;60;0mgrad_norm:  0.7572  [38;2;54;234;195mmemory: 37.12GiB(46.73%)  [34mtps: 4,513  [36mtflops: 217.77  [35mmfu: 22.02%[39m
[rank0]:[titan] 2026-03-17 11:04:23,994 - root - INFO - [31mstep: 2935  [32mloss:  2.7344  [38;2;180;60;0mgrad_norm:  0.7127  [38;2;54;234;195mmemory: 37.12GiB(46.73%)  [34mtps: 4,552  [36mtflops: 219.65  [35mmfu: 22.21%[39m
[rank0]:[titan] 2026-03-17 11:04:24,440 - root - INFO - [31mstep: 2936  [32mloss:  2.7500  [38;2;180;60;0mgrad_norm:  0.6854  [38;2;54;234;195mmemory: 37.12GiB(46.73%)  [34mtps: 4,595  [36mtflops: 221.70  [35mmfu: 22.42%[39m
[rank0]:[titan] 2026-03-17 11:04:24,887 - root - INFO - [31mstep: 2937  [32mloss:  2.7188  [38;2;180;60;0mgrad_norm:  0.6628  [38;2;54;234;195mmemory: 37.12GiB(46.73%)  [34mtps: 4,589  [36mtflops: 221.43  [35mmfu: 22.39%[39m
[rank0]:[titan] 2026-03-17 11:04:25,336 - root - INFO - [31mstep: 2938  [32mloss:  2.6875  [38;2;180;60;0mgrad_norm:  0.6910  [38;2;54;234;195mmemory: 37.12GiB(46.73%)  [34mtps: 4,567  [36mtflops: 220.34  [35mmfu: 22.28%[39m
[rank0]:[titan] 2026-03-17 11:04:25,782 - root - INFO - [31mstep: 2939  [32mloss:  2.6250  [38;2;180;60;0mgrad_norm:  0.7063  [38;2;54;234;195mmemory: 37.12GiB(46.73%)  [34mtps: 4,601  [36mtflops: 222.01  [35mmfu: 22.45%[39m
[rank0]:[titan] 2026-03-17 11:04:26,227 - root - INFO - [31mstep: 2940  [32mloss:  2.6719  [38;2;180;60;0mgrad_norm:  0.6645  [38;2;54;234;195mmemory: 37.12GiB(46.73%)  [34mtps: 4,606  [36mtflops: 222.22  [35mmfu: 22.47%[39m
[rank0]:[titan] 2026-03-17 11:04:26,673 - root - INFO - [31mstep: 2941  [32mloss:  2.7344  [38;2;180;60;0mgrad_norm:  0.7557  [38;2;54;234;195mmemory: 37.12GiB(46.73%)  [34mtps: 4,602  [36mtflops: 222.05  [35mmfu: 22.45%[39m
[rank0]:[titan] 2026-03-17 11:04:27,121 - root - INFO - [31mstep: 2942  [32mloss:  2.6562  [38;2;180;60;0mgrad_norm:  0.6619  [38;2;54;234;195mmemory: 37.12GiB(46.73%)  [34mtps: 4,573  [36mtflops: 220.66  [35mmfu: 22.31%[39m
[rank0]:[titan] 2026-03-17 11:04:27,568 - root - INFO - [31mstep: 2943  [32mloss:  2.6719  [38;2;180;60;0mgrad_norm:  0.8787  [38;2;54;234;195mmemory: 37.12GiB(46.73%)  [34mtps: 4,583  [36mtflops: 221.15  [35mmfu: 22.36%[39m
[rank0]:[titan] 2026-03-17 11:04:28,019 - root - INFO - [31mstep: 2944  [32mloss:  2.6875  [38;2;180;60;0mgrad_norm:  0.6090  [38;2;54;234;195mmemory: 37.12GiB(46.73%)  [34mtps: 4,556  [36mtflops: 219.83  [35mmfu: 22.23%[39m
[rank0]:[titan] 2026-03-17 11:04:28,470 - root - INFO - [31mstep: 2945  [32mloss:  2.6562  [38;2;180;60;0mgrad_norm:  0.5788  [38;2;54;234;195mmemory: 37.12GiB(46.73%)  [34mtps: 4,547  [36mtflops: 219.40  [35mmfu: 22.18%[39m
[rank0]:[titan] 2026-03-17 11:04:28,919 - root - INFO - [31mstep: 2946  [32mloss:  2.6406  [38;2;180;60;0mgrad_norm:  0.8901  [38;2;54;234;195mmemory: 37.12GiB(46.73%)  [34mtps: 4,567  [36mtflops: 220.35  [35mmfu: 22.28%[39m
[rank0]:[titan] 2026-03-17 11:04:29,366 - root - INFO - [31mstep: 2947  [32mloss:  2.6562  [38;2;180;60;0mgrad_norm:  0.6720  [38;2;54;234;195mmemory: 37.12GiB(46.73%)  [34mtps: 4,580  [36mtflops: 221.01  [35mmfu: 22.35%[39m
[rank0]:[titan] 2026-03-17 11:04:29,811 - root - INFO - [31mstep: 2948  [32mloss:  2.6562  [38;2;180;60;0mgrad_norm:  0.5134  [38;2;54;234;195mmemory: 37.12GiB(46.73%)  [34mtps: 4,610  [36mtflops: 222.45  [35mmfu: 22.49%[39m
[rank0]:[titan] 2026-03-17 11:04:30,261 - root - INFO - [31mstep: 2949  [32mloss:  2.6250  [38;2;180;60;0mgrad_norm:  0.7677  [38;2;54;234;195mmemory: 37.12GiB(46.73%)  [34mtps: 4,558  [36mtflops: 219.94  [35mmfu: 22.24%[39m
[rank0]:[titan] 2026-03-17 11:04:30,709 - root - INFO - [31mstep: 2950  [32mloss:  2.6406  [38;2;180;60;0mgrad_norm:  0.6084  [38;2;54;234;195mmemory: 37.12GiB(46.73%)  [34mtps: 4,574  [36mtflops: 220.71  [35mmfu: 22.32%[39m
[rank0]:[titan] 2026-03-17 11:04:31,157 - root - INFO - [31mstep: 2951  [32mloss:  2.6562  [38;2;180;60;0mgrad_norm:  0.6273  [38;2;54;234;195mmemory: 37.12GiB(46.73%)  [34mtps: 4,581  [36mtflops: 221.06  [35mmfu: 22.35%[39m
[rank0]:[titan] 2026-03-17 11:04:31,604 - root - INFO - [31mstep: 2952  [32mloss:  2.6250  [38;2;180;60;0mgrad_norm:  0.6798  [38;2;54;234;195mmemory: 37.12GiB(46.73%)  [34mtps: 4,593  [36mtflops: 221.62  [35mmfu: 22.41%[39m
[rank0]:[titan] 2026-03-17 11:04:32,054 - root - INFO - [31mstep: 2953  [32mloss:  2.6875  [38;2;180;60;0mgrad_norm:  0.6240  [38;2;54;234;195mmemory: 37.12GiB(46.73%)  [34mtps: 4,555  [36mtflops: 219.78  [35mmfu: 22.22%[39m
[rank0]:[titan] 2026-03-17 11:04:32,502 - root - INFO - [31mstep: 2954  [32mloss:  2.7188  [38;2;180;60;0mgrad_norm:  0.7086  [38;2;54;234;195mmemory: 37.12GiB(46.73%)  [34mtps: 4,574  [36mtflops: 220.71  [35mmfu: 22.32%[39m
[rank0]:[titan] 2026-03-17 11:04:32,957 - root - INFO - [31mstep: 2955  [32mloss:  2.6719  [38;2;180;60;0mgrad_norm:  0.5322  [38;2;54;234;195mmemory: 37.12GiB(46.73%)  [34mtps: 4,512  [36mtflops: 217.71  [35mmfu: 22.01%[39m
[rank0]:[titan] 2026-03-17 11:04:33,404 - root - INFO - [31mstep: 2956  [32mloss:  2.6875  [38;2;180;60;0mgrad_norm:  0.8752  [38;2;54;234;195mmemory: 37.12GiB(46.73%)  [34mtps: 4,586  [36mtflops: 221.29  [35mmfu: 22.38%[39m
[rank0]:[titan] 2026-03-17 11:04:33,850 - root - INFO - [31mstep: 2957  [32mloss:  2.6406  [38;2;180;60;0mgrad_norm:  0.5946  [38;2;54;234;195mmemory: 37.12GiB(46.73%)  [34mtps: 4,600  [36mtflops: 221.97  [35mmfu: 22.44%[39m
[rank0]:[titan] 2026-03-17 11:04:34,304 - root - INFO - [31mstep: 2958  [32mloss:  2.6562  [38;2;180;60;0mgrad_norm:  0.8842  [38;2;54;234;195mmemory: 37.12GiB(46.73%)  [34mtps: 4,509  [36mtflops: 217.56  [35mmfu: 22.00%[39m
[rank0]:[titan] 2026-03-17 11:04:34,751 - root - INFO - [31mstep: 2959  [32mloss:  2.6719  [38;2;180;60;0mgrad_norm:  0.7172  [38;2;54;234;195mmemory: 37.12GiB(46.73%)  [34mtps: 4,588  [36mtflops: 221.39  [35mmfu: 22.39%[39m
[rank0]:[titan] 2026-03-17 11:04:35,199 - root - INFO - [31mstep: 2960  [32mloss:  2.6875  [38;2;180;60;0mgrad_norm:  0.8524  [38;2;54;234;195mmemory: 37.12GiB(46.73%)  [34mtps: 4,581  [36mtflops: 221.03  [35mmfu: 22.35%[39m
[rank0]:[titan] 2026-03-17 11:04:35,200 - root - WARNING - Dataset c4_test is being re-looped
[rank0]:[titan] 2026-03-17 11:04:35,648 - root - INFO - [31mstep: 2961  [32mloss:  2.7031  [38;2;180;60;0mgrad_norm:  0.8317  [38;2;54;234;195mmemory: 37.12GiB(46.73%)  [34mtps: 4,574  [36mtflops: 220.68  [35mmfu: 22.31%[39m
[rank0]:[titan] 2026-03-17 11:04:36,096 - root - INFO - [31mstep: 2962  [32mloss:  2.6875  [38;2;180;60;0mgrad_norm:  0.6355  [38;2;54;234;195mmemory: 37.12GiB(46.73%)  [34mtps: 4,571  [36mtflops: 220.53  [35mmfu: 22.30%[39m
[rank0]:[titan] 2026-03-17 11:04:36,544 - root - INFO - [31mstep: 2963  [32mloss:  2.7031  [38;2;180;60;0mgrad_norm:  0.9255  [38;2;54;234;195mmemory: 37.12GiB(46.73%)  [34mtps: 4,581  [36mtflops: 221.05  [35mmfu: 22.35%[39m
[rank0]:[titan] 2026-03-17 11:04:36,989 - root - INFO - [31mstep: 2964  [32mloss:  2.7031  [38;2;180;60;0mgrad_norm:  0.8953  [38;2;54;234;195mmemory: 37.12GiB(46.73%)  [34mtps: 4,609  [36mtflops: 222.40  [35mmfu: 22.49%[39m
[rank0]:[titan] 2026-03-17 11:04:37,435 - root - INFO - [31mstep: 2965  [32mloss:  2.7188  [38;2;180;60;0mgrad_norm:  0.9189  [38;2;54;234;195mmemory: 37.12GiB(46.73%)  [34mtps: 4,597  [36mtflops: 221.82  [35mmfu: 22.43%[39m
[rank0]:[titan] 2026-03-17 11:04:37,886 - root - INFO - [31mstep: 2966  [32mloss:  2.7031  [38;2;180;60;0mgrad_norm:  0.6101  [38;2;54;234;195mmemory: 37.12GiB(46.73%)  [34mtps: 4,547  [36mtflops: 219.39  [35mmfu: 22.18%[39m
[rank0]:[titan] 2026-03-17 11:04:38,331 - root - INFO - [31mstep: 2967  [32mloss:  2.6875  [38;2;180;60;0mgrad_norm:  0.6764  [38;2;54;234;195mmemory: 37.12GiB(46.73%)  [34mtps: 4,602  [36mtflops: 222.07  [35mmfu: 22.45%[39m
[rank0]:[titan] 2026-03-17 11:04:38,776 - root - INFO - [31mstep: 2968  [32mloss:  2.6719  [38;2;180;60;0mgrad_norm:  0.9514  [38;2;54;234;195mmemory: 37.12GiB(46.73%)  [34mtps: 4,607  [36mtflops: 222.31  [35mmfu: 22.48%[39m
[rank0]:[titan] 2026-03-17 11:04:39,224 - root - INFO - [31mstep: 2969  [32mloss:  2.6719  [38;2;180;60;0mgrad_norm:  0.7478  [38;2;54;234;195mmemory: 37.12GiB(46.73%)  [34mtps: 4,573  [36mtflops: 220.63  [35mmfu: 22.31%[39m
[rank0]:[titan] 2026-03-17 11:04:39,680 - root - INFO - [31mstep: 2970  [32mloss:  2.7344  [38;2;180;60;0mgrad_norm:  0.7965  [38;2;54;234;195mmemory: 37.12GiB(46.73%)  [34mtps: 4,496  [36mtflops: 216.94  [35mmfu: 21.94%[39m
[rank0]:[titan] 2026-03-17 11:04:40,129 - root - INFO - [31mstep: 2971  [32mloss:  2.7812  [38;2;180;60;0mgrad_norm:  0.6524  [38;2;54;234;195mmemory: 37.12GiB(46.73%)  [34mtps: 4,569  [36mtflops: 220.46  [35mmfu: 22.29%[39m
[rank0]:[titan] 2026-03-17 11:04:40,575 - root - INFO - [31mstep: 2972  [32mloss:  2.6719  [38;2;180;60;0mgrad_norm:  0.8450  [38;2;54;234;195mmemory: 37.12GiB(46.73%)  [34mtps: 4,600  [36mtflops: 221.96  [35mmfu: 22.44%[39m
[rank0]:[titan] 2026-03-17 11:04:41,024 - root - INFO - [31mstep: 2973  [32mloss:  2.7500  [38;2;180;60;0mgrad_norm:  1.3795  [38;2;54;234;195mmemory: 37.12GiB(46.73%)  [34mtps: 4,569  [36mtflops: 220.48  [35mmfu: 22.29%[39m
[rank0]:[titan] 2026-03-17 11:04:41,471 - root - INFO - [31mstep: 2974  [32mloss:  2.7812  [38;2;180;60;0mgrad_norm:  0.9175  [38;2;54;234;195mmemory: 37.12GiB(46.73%)  [34mtps: 4,581  [36mtflops: 221.03  [35mmfu: 22.35%[39m
[rank0]:[titan] 2026-03-17 11:04:41,917 - root - INFO - [31mstep: 2975  [32mloss:  2.8594  [38;2;180;60;0mgrad_norm:  0.9789  [38;2;54;234;195mmemory: 37.12GiB(46.73%)  [34mtps: 4,607  [36mtflops: 222.27  [35mmfu: 22.47%[39m
[rank0]:[titan] 2026-03-17 11:04:42,363 - root - INFO - [31mstep: 2976  [32mloss:  2.7500  [38;2;180;60;0mgrad_norm:  0.6471  [38;2;54;234;195mmemory: 37.12GiB(46.73%)  [34mtps: 4,604  [36mtflops: 222.15  [35mmfu: 22.46%[39m
[rank0]:[titan] 2026-03-17 11:04:42,811 - root - INFO - [31mstep: 2977  [32mloss:  2.7344  [38;2;180;60;0mgrad_norm:  0.8266  [38;2;54;234;195mmemory: 37.12GiB(46.73%)  [34mtps: 4,574  [36mtflops: 220.69  [35mmfu: 22.31%[39m
[rank0]:[titan] 2026-03-17 11:04:43,281 - root - INFO - [31mstep: 2978  [32mloss:  2.7656  [38;2;180;60;0mgrad_norm:  0.9350  [38;2;54;234;195mmemory: 37.12GiB(46.73%)  [34mtps: 4,367  [36mtflops: 210.70  [35mmfu: 21.30%[39m
[rank0]:[titan] 2026-03-17 11:04:43,736 - root - INFO - [31mstep: 2979  [32mloss:  2.7656  [38;2;180;60;0mgrad_norm:  1.0131  [38;2;54;234;195mmemory: 37.12GiB(46.73%)  [34mtps: 4,503  [36mtflops: 217.26  [35mmfu: 21.97%[39m
[rank0]:[titan] 2026-03-17 11:04:44,181 - root - INFO - [31mstep: 2980  [32mloss:  2.7812  [38;2;180;60;0mgrad_norm:  0.8611  [38;2;54;234;195mmemory: 37.12GiB(46.73%)  [34mtps: 4,609  [36mtflops: 222.38  [35mmfu: 22.49%[39m
[rank0]:[titan] 2026-03-17 11:04:44,627 - root - INFO - [31mstep: 2981  [32mloss:  2.6719  [38;2;180;60;0mgrad_norm:  0.6258  [38;2;54;234;195mmemory: 37.12GiB(46.73%)  [34mtps: 4,602  [36mtflops: 222.03  [35mmfu: 22.45%[39m
[rank0]:[titan] 2026-03-17 11:04:45,072 - root - INFO - [31mstep: 2982  [32mloss:  2.7031  [38;2;180;60;0mgrad_norm:  0.9298  [38;2;54;234;195mmemory: 37.12GiB(46.73%)  [34mtps: 4,607  [36mtflops: 222.30  [35mmfu: 22.48%[39m
[rank0]:[titan] 2026-03-17 11:04:45,520 - root - INFO - [31mstep: 2983  [32mloss:  2.7344  [38;2;180;60;0mgrad_norm:  1.3574  [38;2;54;234;195mmemory: 37.12GiB(46.73%)  [34mtps: 4,580  [36mtflops: 220.97  [35mmfu: 22.34%[39m
[rank0]:[titan] 2026-03-17 11:04:45,968 - root - INFO - [31mstep: 2984  [32mloss:  2.6875  [38;2;180;60;0mgrad_norm:  1.2164  [38;2;54;234;195mmemory: 37.12GiB(46.73%)  [34mtps: 4,578  [36mtflops: 220.89  [35mmfu: 22.33%[39m
[rank0]:[titan] 2026-03-17 11:04:46,414 - root - INFO - [31mstep: 2985  [32mloss:  2.7031  [38;2;180;60;0mgrad_norm:  0.7174  [38;2;54;234;195mmemory: 37.12GiB(46.73%)  [34mtps: 4,590  [36mtflops: 221.48  [35mmfu: 22.39%[39m
[rank0]:[titan] 2026-03-17 11:04:46,860 - root - INFO - [31mstep: 2986  [32mloss:  2.7188  [38;2;180;60;0mgrad_norm:  1.5055  [38;2;54;234;195mmemory: 37.12GiB(46.73%)  [34mtps: 4,601  [36mtflops: 222.03  [35mmfu: 22.45%[39m
[rank0]:[titan] 2026-03-17 11:04:47,312 - root - INFO - [31mstep: 2987  [32mloss:  2.6875  [38;2;180;60;0mgrad_norm:  1.4325  [38;2;54;234;195mmemory: 37.12GiB(46.73%)  [34mtps: 4,542  [36mtflops: 219.17  [35mmfu: 22.16%[39m
[rank0]:[titan] 2026-03-17 11:04:47,757 - root - INFO - [31mstep: 2988  [32mloss:  2.7812  [38;2;180;60;0mgrad_norm:  1.4516  [38;2;54;234;195mmemory: 37.12GiB(46.73%)  [34mtps: 4,606  [36mtflops: 222.25  [35mmfu: 22.47%[39m
[rank0]:[titan] 2026-03-17 11:04:48,207 - root - INFO - [31mstep: 2989  [32mloss:  2.7969  [38;2;180;60;0mgrad_norm:  1.3532  [38;2;54;234;195mmemory: 37.12GiB(46.73%)  [34mtps: 4,554  [36mtflops: 219.74  [35mmfu: 22.22%[39m
[rank0]:[titan] 2026-03-17 11:04:48,651 - root - INFO - [31mstep: 2990  [32mloss:  2.7344  [38;2;180;60;0mgrad_norm:  0.9157  [38;2;54;234;195mmemory: 37.12GiB(46.73%)  [34mtps: 4,617  [36mtflops: 222.78  [35mmfu: 22.53%[39m
[rank0]:[titan] 2026-03-17 11:04:49,096 - root - INFO - [31mstep: 2991  [32mloss:  2.8125  [38;2;180;60;0mgrad_norm:  0.5674  [38;2;54;234;195mmemory: 37.12GiB(46.73%)  [34mtps: 4,610  [36mtflops: 222.45  [35mmfu: 22.49%[39m
[rank0]:[titan] 2026-03-17 11:04:49,555 - root - INFO - [31mstep: 2992  [32mloss:  2.7500  [38;2;180;60;0mgrad_norm:  0.9789  [38;2;54;234;195mmemory: 37.12GiB(46.73%)  [34mtps: 4,464  [36mtflops: 215.40  [35mmfu: 21.78%[39m
[rank0]:[titan] 2026-03-17 11:04:50,002 - root - INFO - [31mstep: 2993  [32mloss:  2.7500  [38;2;180;60;0mgrad_norm:  1.2468  [38;2;54;234;195mmemory: 37.12GiB(46.73%)  [34mtps: 4,594  [36mtflops: 221.67  [35mmfu: 22.41%[39m
[rank0]:[titan] 2026-03-17 11:04:50,461 - root - INFO - [31mstep: 2994  [32mloss:  2.7656  [38;2;180;60;0mgrad_norm:  1.0446  [38;2;54;234;195mmemory: 37.12GiB(46.73%)  [34mtps: 4,474  [36mtflops: 215.88  [35mmfu: 21.83%[39m
[rank0]:[titan] 2026-03-17 11:04:50,907 - root - INFO - [31mstep: 2995  [32mloss:  2.7969  [38;2;180;60;0mgrad_norm:  0.9435  [38;2;54;234;195mmemory: 37.12GiB(46.73%)  [34mtps: 4,592  [36mtflops: 221.59  [35mmfu: 22.41%[39m
[rank0]:[titan] 2026-03-17 11:04:51,352 - root - INFO - [31mstep: 2996  [32mloss:  2.7344  [38;2;180;60;0mgrad_norm:  0.9822  [38;2;54;234;195mmemory: 37.12GiB(46.73%)  [34mtps: 4,610  [36mtflops: 222.43  [35mmfu: 22.49%[39m
[rank0]:[titan] 2026-03-17 11:04:51,800 - root - INFO - [31mstep: 2997  [32mloss:  2.7500  [38;2;180;60;0mgrad_norm:  0.9122  [38;2;54;234;195mmemory: 37.12GiB(46.73%)  [34mtps: 4,583  [36mtflops: 221.13  [35mmfu: 22.36%[39m
[rank0]:[titan] 2026-03-17 11:04:52,248 - root - INFO - [31mstep: 2998  [32mloss:  2.7812  [38;2;180;60;0mgrad_norm:  1.1753  [38;2;54;234;195mmemory: 37.12GiB(46.73%)  [34mtps: 4,572  [36mtflops: 220.60  [35mmfu: 22.31%[39m
[rank0]:[titan] 2026-03-17 11:04:52,696 - root - INFO - [31mstep: 2999  [32mloss:  2.7656  [38;2;180;60;0mgrad_norm:  1.2567  [38;2;54;234;195mmemory: 37.12GiB(46.73%)  [34mtps: 4,580  [36mtflops: 221.00  [35mmfu: 22.35%[39m
[rank0]:/fsx/ferdinandmom/ferdinand-hf/huggingface/torchtitan/env_torchtitan_official/lib/python3.12/site-packages/torch/distributed/c10d_logger.py:83: UserWarning: barrier(): using the device under current context. You can specify `device_id` in `init_process_group` to mute this warning.
[rank0]:  return func(*args, **kwargs)
[rank0]:[titan] 2026-03-17 11:04:53,143 - root - INFO - [31mstep: 3000  [32mloss:  2.7188  [38;2;180;60;0mgrad_norm:  0.9025  [38;2;54;234;195mmemory: 37.12GiB(46.73%)  [34mtps: 4,581  [36mtflops: 221.05  [35mmfu: 22.35%[39m
[rank0]:[titan] 2026-03-17 11:04:53,156 - root - INFO - [33mpost-warmup (100 steps) avg  [34mtps: 4,567  [36mtflops: 220.37  [35mmfu: 22.28%[39m
[rank0]:[titan] 2026-03-17 11:04:53,156 - root - INFO - Training completed
