========================
START TIME: Tue Mar 17 10:40:37 UTC 2026
python3 version = Python 3.12.9
===========
Running job: llama3_8b_fsdp_hf_fsdp
Config file: /fsx/ferdinandmom/ferdinand-hf/huggingface/torchtitan/torchtitan/experiments/debug_fsdp/configs/hf_llama3_8b_fsdp.toml
USE_HF_FSDP=1
Running command: srun -u torchrun     --nproc_per_node 8     --nnodes 1     --rdzv_endpoint ip-26-0-168-30:17524     --rdzv_backend c10d     --max_restarts 0     --role rank     --local_ranks_filter 0     --tee 3     minimal_fsdp.py     --job.config_file /fsx/ferdinandmom/ferdinand-hf/huggingface/torchtitan/torchtitan/experiments/debug_fsdp/configs/hf_llama3_8b_fsdp.toml     --checkpoint.enable     --checkpoint.initial_load_path outputs/llama3_8b/seed_checkpoint/checkpoint/step-0     --checkpoint.load_only
Job status: RUNNING
W0317 10:40:43.173000 2316041 torch/distributed/run.py:853] 
W0317 10:40:43.173000 2316041 torch/distributed/run.py:853] *****************************************
W0317 10:40:43.173000 2316041 torch/distributed/run.py:853] Setting OMP_NUM_THREADS environment variable for each process to be 1 in default, to avoid your system being overloaded, please further tune the variable for optimal performance in your application as needed. 
W0317 10:40:43.173000 2316041 torch/distributed/run.py:853] *****************************************
[rank0]:[titan] 2026-03-17 10:41:21,340 - root - WARNING - ENV[TORCH_NCCL_ASYNC_ERROR_HANDLING] = 1 will be overridden to 3 based on job config
[rank0]:[titan] 2026-03-17 10:41:21,352 - root - INFO - Building 1-D device mesh with ['dp_shard'], [8]
[rank0]:[titan] 2026-03-17 10:41:21,372 - root - INFO - Deterministic algorithm enabled (expect perf degradation).
[rank0]:[titan] 2026-03-17 10:41:21,402 - root - INFO - Initialized distributed run rank=0 world_size=8 local_rank=0 mesh=[0, 1, 2, 3, 4, 5, 6, 7]
[rank0]:[titan] 2026-03-17 10:41:21,403 - root - INFO - Backend: HF from_pretrained + manual FSDP
[rank0]:[titan] 2026-03-17 10:42:25,851 - root - INFO - Prepared HF model dir at outputs/hf_fsdp_pretrained with seed from outputs/llama3_8b/seed_checkpoint/checkpoint/step-0
[rank0]:/fsx/ferdinandmom/ferdinand-hf/huggingface/torchtitan/env_torchtitan_official/lib/python3.12/site-packages/torch/distributed/c10d_logger.py:83: UserWarning: barrier(): using the device under current context. You can specify `device_id` in `init_process_group` to mute this warning.
[rank0]:  return func(*args, **kwargs)
[rank0]:[rank0]:[W317 10:42:27.005156765 ProcessGroupNCCL.cpp:5138] Guessing device ID based on global rank. This can cause a hang if rank to GPU mapping is heterogeneous. You can specify device_id in init_process_group()
[rank0]:[titan] 2026-03-17 10:42:30,276 - root - INFO - Building HF model from outputs/hf_fsdp_pretrained
[rank0]:[titan] 2026-03-17 10:42:30,276 - root - INFO - HF from_pretrained FSDP options: cpu_offload=False mixed_precision=False param_dtype=float32 reduce_dtype=float32
[rank0]:`torch_dtype` is deprecated! Use `dtype` instead!
[rank0]:use_kernel_func_from_hub is not available in the installed kernels version. Please upgrade kernels to use this feature.
[rank0]:
[rank0]:Loading weights:   0%|          | 0/291 [00:00<?, ?it/s][rank0]:
[rank0]:Loading weights:   0%|          | 1/291 [00:01<06:17,  1.30s/it][rank0]:
[rank0]:Loading weights:   1%|          | 2/291 [00:01<04:31,  1.06it/s][rank0]:
[rank0]:Loading weights:   2%|▏         | 5/291 [00:02<01:31,  3.13it/s][rank0]:
[rank0]:Loading weights:   4%|▍         | 13/291 [00:02<00:28,  9.81it/s][rank0]:
[rank0]:Loading weights:   5%|▌         | 16/291 [00:02<00:25, 10.90it/s][rank0]:
[rank0]:Loading weights:   8%|▊         | 22/291 [00:02<00:16, 16.73it/s][rank0]:
[rank0]:Loading weights:   9%|▊         | 25/291 [00:02<00:14, 18.27it/s][rank0]:
[rank0]:Loading weights:  11%|█         | 32/291 [00:02<00:10, 25.30it/s][rank0]:
[rank0]:Loading weights:  12%|█▏        | 36/291 [00:03<00:09, 27.62it/s][rank0]:
[rank0]:Loading weights:  14%|█▎        | 40/291 [00:03<00:10, 23.14it/s][rank0]:
[rank0]:Loading weights:  17%|█▋        | 49/291 [00:03<00:07, 32.02it/s][rank0]:
[rank0]:Loading weights:  18%|█▊        | 53/291 [00:03<00:07, 30.62it/s][rank0]:
[rank0]:Loading weights:  20%|█▉        | 57/291 [00:03<00:08, 26.36it/s][rank0]:
[rank0]:Loading weights:  21%|██        | 60/291 [00:04<00:12, 18.86it/s][rank0]:
[rank0]:Loading weights:  23%|██▎       | 67/291 [00:04<00:09, 23.76it/s][rank0]:
[rank0]:Loading weights:  24%|██▍       | 70/291 [00:04<00:09, 23.22it/s][rank0]:
[rank0]:Loading weights:  26%|██▌       | 76/291 [00:04<00:08, 25.75it/s][rank0]:
[rank0]:Loading weights:  27%|██▋       | 79/291 [00:04<00:09, 22.14it/s][rank0]:
[rank0]:Loading weights:  29%|██▊       | 83/291 [00:05<00:11, 18.83it/s][rank0]:
[rank0]:Loading weights:  30%|██▉       | 86/291 [00:05<00:10, 19.21it/s][rank0]:
[rank0]:Loading weights:  32%|███▏      | 94/291 [00:05<00:06, 28.34it/s][rank0]:
[rank0]:Loading weights:  34%|███▎      | 98/291 [00:05<00:08, 22.56it/s][rank0]:
[rank0]:Loading weights:  35%|███▍      | 101/291 [00:05<00:08, 22.27it/s][rank0]:
[rank0]:Loading weights:  36%|███▌      | 105/291 [00:06<00:08, 22.82it/s][rank0]:
[rank0]:Loading weights:  38%|███▊      | 112/291 [00:06<00:05, 31.01it/s][rank0]:
[rank0]:Loading weights:  40%|███▉      | 116/291 [00:06<00:07, 22.75it/s][rank0]:
[rank0]:Loading weights:  42%|████▏     | 121/291 [00:06<00:08, 20.10it/s][rank0]:
[rank0]:Loading weights:  44%|████▍     | 128/291 [00:06<00:06, 25.99it/s][rank0]:
[rank0]:Loading weights:  45%|████▌     | 132/291 [00:07<00:06, 24.70it/s][rank0]:
[rank0]:Loading weights:  48%|████▊     | 139/291 [00:07<00:05, 30.23it/s][rank0]:
[rank0]:Loading weights:  49%|████▉     | 143/291 [00:07<00:05, 29.02it/s][rank0]:
[rank0]:Loading weights:  51%|█████     | 147/291 [00:07<00:06, 22.42it/s][rank0]:
[rank0]:Loading weights:  52%|█████▏    | 152/291 [00:07<00:05, 26.35it/s][rank0]:
[rank0]:Loading weights:  54%|█████▍    | 158/291 [00:08<00:04, 28.94it/s][rank0]:
[rank0]:Loading weights:  56%|█████▌    | 162/291 [00:08<00:04, 29.72it/s][rank0]:
[rank0]:Loading weights:  57%|█████▋    | 167/291 [00:08<00:05, 23.82it/s][rank0]:
[rank0]:Loading weights:  59%|█████▉    | 172/291 [00:08<00:05, 22.77it/s][rank0]:
[rank0]:Loading weights:  61%|██████    | 177/291 [00:08<00:04, 26.39it/s][rank0]:
[rank0]:Loading weights:  63%|██████▎   | 184/291 [00:08<00:03, 33.02it/s][rank0]:
[rank0]:Loading weights:  65%|██████▍   | 188/291 [00:09<00:04, 24.77it/s][rank0]:
[rank0]:Loading weights:  66%|██████▋   | 193/291 [00:09<00:03, 24.85it/s][rank0]:
[rank0]:Loading weights:  68%|██████▊   | 199/291 [00:09<00:03, 29.24it/s][rank0]:
[rank0]:Loading weights:  70%|██████▉   | 203/291 [00:09<00:03, 24.80it/s][rank0]:
[rank0]:Loading weights:  71%|███████   | 206/291 [00:09<00:03, 24.93it/s][rank0]:
[rank0]:Loading weights:  73%|███████▎  | 211/291 [00:10<00:03, 25.83it/s][rank0]:
[rank0]:Loading weights:  74%|███████▎  | 214/291 [00:10<00:03, 19.81it/s][rank0]:
[rank0]:Loading weights:  75%|███████▌  | 219/291 [00:10<00:03, 19.94it/s][rank0]:
[rank0]:Loading weights:  77%|███████▋  | 225/291 [00:10<00:02, 25.11it/s][rank0]:
[rank0]:Loading weights:  79%|███████▊  | 229/291 [00:11<00:02, 21.57it/s][rank0]:
[rank0]:Loading weights:  80%|███████▉  | 232/291 [00:11<00:02, 19.79it/s][rank0]:
[rank0]:Loading weights:  81%|████████  | 236/291 [00:11<00:02, 21.22it/s][rank0]:
[rank0]:Loading weights:  82%|████████▏ | 239/291 [00:11<00:02, 20.34it/s][rank0]:
[rank0]:Loading weights:  83%|████████▎ | 242/291 [00:11<00:02, 22.03it/s][rank0]:
[rank0]:Loading weights:  85%|████████▍ | 247/291 [00:11<00:01, 25.87it/s][rank0]:
[rank0]:Loading weights:  86%|████████▌ | 250/291 [00:11<00:01, 25.71it/s][rank0]:
[rank0]:Loading weights:  87%|████████▋ | 254/291 [00:12<00:01, 25.28it/s][rank0]:
[rank0]:Loading weights:  89%|████████▊ | 258/291 [00:12<00:01, 22.89it/s][rank0]:
[rank0]:Loading weights:  91%|█████████ | 265/291 [00:12<00:00, 28.65it/s][rank0]:
[rank0]:Loading weights:  92%|█████████▏| 268/291 [00:12<00:00, 25.86it/s][rank0]:
[rank0]:Loading weights:  93%|█████████▎| 272/291 [00:12<00:00, 28.08it/s][rank0]:
[rank0]:Loading weights:  95%|█████████▍| 275/291 [00:12<00:00, 19.59it/s][rank0]:
[rank0]:Loading weights:  97%|█████████▋| 283/291 [00:13<00:00, 28.52it/s][rank0]:
[rank0]:Loading weights:  99%|█████████▊| 287/291 [00:13<00:00, 26.77it/s][rank0]:
[rank0]:Loading weights: 100%|██████████| 291/291 [00:13<00:00, 21.74it/s]
[rank0]:[titan] 2026-03-17 10:43:03,136 - root - INFO - HF model: 8,030,261,248 params (seed checkpoint), 48,181,567,488 flops/token
[rank0]:/fsx/ferdinandmom/ferdinand-hf/huggingface/torchtitan/env_torchtitan_official/lib/python3.12/site-packages/torch/distributed/device_mesh.py:604: UserWarning: Slicing a flattened dim from root mesh will be deprecated in PT 2.11. Users need to bookkeep the flattened mesh directly. 
[rank0]:  sliced_mesh_layout = self._get_slice_mesh_layout(mesh_dim_names)
[rank0]:[titan] 2026-03-17 10:43:03,428 - root - INFO - Peak FLOPS used for computing MFU: 9.890e+14
[rank0]:[titan] 2026-03-17 10:43:03,431 - root - INFO - CUDA memory usage for model: 30.16GiB(37.97%)
[rank0]:[titan] 2026-03-17 10:43:03,432 - root - INFO - Loading tokenizer from tokenizer.json
[rank0]:[titan] 2026-03-17 10:43:03,440 - root - INFO - Preparing c4_test dataset from ../../../tests/assets/c4_test
[rank0]:[titan] 2026-03-17 10:43:03,674 - root - INFO - Trainer: local_bs=1, global_bs=8, seq_len=2048, steps=3000 (warmup 100)
[rank0]:[titan] 2026-03-17 10:43:03,674 - root - INFO - Training starts at step 1
[rank0]:[titan] 2026-03-17 10:43:11,580 - root - INFO - [31mstep:  1  [32mloss: 12.1225  [38;2;180;60;0mgrad_norm: 27.0577  [38;2;54;234;195mmemory: 63.13GiB(79.47%)  [34mtps: 259  [36mtflops: 12.48  [35mmfu: 1.26%[39m
[rank0]:[titan] 2026-03-17 10:43:11,580 - root - INFO - Synchronizing and adjusting timeout for all ProcessGroups to 0:01:40
[rank0]:[titan] 2026-03-17 10:43:14,001 - root - INFO - [31mstep:  2  [32mloss: 11.5470  [38;2;180;60;0mgrad_norm: 49.6839  [38;2;54;234;195mmemory: 70.96GiB(89.33%)  [34mtps: 846  [36mtflops: 40.77  [35mmfu: 4.12%[39m
[rank0]:[titan] 2026-03-17 10:43:16,424 - root - INFO - [31mstep:  3  [32mloss: 13.0931  [38;2;180;60;0mgrad_norm: 23.3408  [38;2;54;234;195mmemory: 70.96GiB(89.33%)  [34mtps: 845  [36mtflops: 40.72  [35mmfu: 4.12%[39m
[rank0]:[titan] 2026-03-17 10:43:18,847 - root - INFO - [31mstep:  4  [32mloss: 13.5530  [38;2;180;60;0mgrad_norm: 36.5379  [38;2;54;234;195mmemory: 70.96GiB(89.33%)  [34mtps: 845  [36mtflops: 40.74  [35mmfu: 4.12%[39m
[rank0]:[titan] 2026-03-17 10:43:21,269 - root - INFO - [31mstep:  5  [32mloss: 14.1256  [38;2;180;60;0mgrad_norm: 41.5906  [38;2;54;234;195mmemory: 72.92GiB(91.79%)  [34mtps: 846  [36mtflops: 40.75  [35mmfu: 4.12%[39m
[rank0]:[titan] 2026-03-17 10:43:23,689 - root - INFO - [31mstep:  6  [32mloss: 12.4409  [38;2;180;60;0mgrad_norm: 31.2545  [38;2;54;234;195mmemory: 72.92GiB(91.79%)  [34mtps: 847  [36mtflops: 40.80  [35mmfu: 4.13%[39m
[rank0]:[titan] 2026-03-17 10:43:26,107 - root - INFO - [31mstep:  7  [32mloss: 11.3626  [38;2;180;60;0mgrad_norm: 34.2638  [38;2;54;234;195mmemory: 72.92GiB(91.79%)  [34mtps: 847  [36mtflops: 40.81  [35mmfu: 4.13%[39m
[rank0]:[titan] 2026-03-17 10:43:28,530 - root - INFO - [31mstep:  8  [32mloss: 10.0835  [38;2;180;60;0mgrad_norm: 31.6267  [38;2;54;234;195mmemory: 72.92GiB(91.79%)  [34mtps: 846  [36mtflops: 40.74  [35mmfu: 4.12%[39m
[rank0]:[titan] 2026-03-17 10:43:30,954 - root - INFO - [31mstep:  9  [32mloss:  8.6527  [38;2;180;60;0mgrad_norm: 26.5698  [38;2;54;234;195mmemory: 72.92GiB(91.79%)  [34mtps: 845  [36mtflops: 40.72  [35mmfu: 4.12%[39m
[rank0]:[titan] 2026-03-17 10:43:33,373 - root - INFO - [31mstep: 10  [32mloss:  7.2319  [38;2;180;60;0mgrad_norm: 20.6524  [38;2;54;234;195mmemory: 72.92GiB(91.79%)  [34mtps: 847  [36mtflops: 40.81  [35mmfu: 4.13%[39m
[rank0]:[titan] 2026-03-17 10:43:35,793 - root - INFO - [31mstep: 11  [32mloss:  6.1501  [38;2;180;60;0mgrad_norm: 21.1452  [38;2;54;234;195mmemory: 72.92GiB(91.79%)  [34mtps: 846  [36mtflops: 40.78  [35mmfu: 4.12%[39m
[rank0]:[titan] 2026-03-17 10:43:38,209 - root - INFO - [31mstep: 12  [32mloss:  5.2709  [38;2;180;60;0mgrad_norm: 20.9851  [38;2;54;234;195mmemory: 72.92GiB(91.79%)  [34mtps: 848  [36mtflops: 40.86  [35mmfu: 4.13%[39m
[rank0]:[titan] 2026-03-17 10:43:40,628 - root - INFO - [31mstep: 13  [32mloss:  5.1105  [38;2;180;60;0mgrad_norm: 34.3278  [38;2;54;234;195mmemory: 72.92GiB(91.79%)  [34mtps: 847  [36mtflops: 40.80  [35mmfu: 4.13%[39m
[rank0]:[titan] 2026-03-17 10:43:43,051 - root - INFO - [31mstep: 14  [32mloss:  5.1622  [38;2;180;60;0mgrad_norm: 38.3279  [38;2;54;234;195mmemory: 72.92GiB(91.79%)  [34mtps: 845  [36mtflops: 40.74  [35mmfu: 4.12%[39m
[rank0]:[titan] 2026-03-17 10:43:45,471 - root - INFO - [31mstep: 15  [32mloss:  4.8153  [38;2;180;60;0mgrad_norm: 21.7703  [38;2;54;234;195mmemory: 72.92GiB(91.79%)  [34mtps: 846  [36mtflops: 40.78  [35mmfu: 4.12%[39m
[rank0]:[titan] 2026-03-17 10:43:47,895 - root - INFO - [31mstep: 16  [32mloss:  4.8424  [38;2;180;60;0mgrad_norm: 26.9984  [38;2;54;234;195mmemory: 72.92GiB(91.79%)  [34mtps: 845  [36mtflops: 40.72  [35mmfu: 4.12%[39m
[rank0]:[titan] 2026-03-17 10:43:50,319 - root - INFO - [31mstep: 17  [32mloss:  4.3477  [38;2;180;60;0mgrad_norm: 15.0624  [38;2;54;234;195mmemory: 72.92GiB(91.79%)  [34mtps: 845  [36mtflops: 40.72  [35mmfu: 4.12%[39m
[rank0]:[titan] 2026-03-17 10:43:52,749 - root - INFO - [31mstep: 18  [32mloss:  4.2394  [38;2;180;60;0mgrad_norm: 18.8283  [38;2;54;234;195mmemory: 72.92GiB(91.79%)  [34mtps: 843  [36mtflops: 40.63  [35mmfu: 4.11%[39m
[rank0]:[titan] 2026-03-17 10:43:55,175 - root - INFO - [31mstep: 19  [32mloss:  4.0154  [38;2;180;60;0mgrad_norm: 14.2299  [38;2;54;234;195mmemory: 72.92GiB(91.79%)  [34mtps: 844  [36mtflops: 40.69  [35mmfu: 4.11%[39m
[rank0]:[titan] 2026-03-17 10:43:57,601 - root - INFO - [31mstep: 20  [32mloss:  3.7564  [38;2;180;60;0mgrad_norm: 12.2556  [38;2;54;234;195mmemory: 72.92GiB(91.79%)  [34mtps: 844  [36mtflops: 40.67  [35mmfu: 4.11%[39m
[rank0]:[titan] 2026-03-17 10:44:00,027 - root - INFO - [31mstep: 21  [32mloss:  3.6688  [38;2;180;60;0mgrad_norm: 16.3097  [38;2;54;234;195mmemory: 72.92GiB(91.79%)  [34mtps: 845  [36mtflops: 40.69  [35mmfu: 4.11%[39m
[rank0]:[titan] 2026-03-17 10:44:02,451 - root - INFO - [31mstep: 22  [32mloss:  3.9629  [38;2;180;60;0mgrad_norm: 26.4872  [38;2;54;234;195mmemory: 72.92GiB(91.79%)  [34mtps: 845  [36mtflops: 40.72  [35mmfu: 4.12%[39m
[rank0]:[titan] 2026-03-17 10:44:04,878 - root - INFO - [31mstep: 23  [32mloss:  3.9739  [38;2;180;60;0mgrad_norm: 26.0804  [38;2;54;234;195mmemory: 72.92GiB(91.79%)  [34mtps: 844  [36mtflops: 40.66  [35mmfu: 4.11%[39m
[rank0]:[titan] 2026-03-17 10:44:07,304 - root - INFO - [31mstep: 24  [32mloss:  3.7859  [38;2;180;60;0mgrad_norm: 12.5048  [38;2;54;234;195mmemory: 72.92GiB(91.79%)  [34mtps: 845  [36mtflops: 40.69  [35mmfu: 4.11%[39m
[rank0]:[titan] 2026-03-17 10:44:09,733 - root - INFO - [31mstep: 25  [32mloss:  3.5863  [38;2;180;60;0mgrad_norm:  9.7046  [38;2;54;234;195mmemory: 72.92GiB(91.79%)  [34mtps: 843  [36mtflops: 40.62  [35mmfu: 4.11%[39m
[rank0]:[titan] 2026-03-17 10:44:12,155 - root - INFO - [31mstep: 26  [32mloss:  3.5451  [38;2;180;60;0mgrad_norm:  9.5262  [38;2;54;234;195mmemory: 72.92GiB(91.79%)  [34mtps: 846  [36mtflops: 40.77  [35mmfu: 4.12%[39m
[rank0]:[titan] 2026-03-17 10:44:14,578 - root - INFO - [31mstep: 27  [32mloss:  3.5060  [38;2;180;60;0mgrad_norm: 11.4289  [38;2;54;234;195mmemory: 72.92GiB(91.79%)  [34mtps: 845  [36mtflops: 40.73  [35mmfu: 4.12%[39m
[rank0]:[titan] 2026-03-17 10:44:16,998 - root - INFO - [31mstep: 28  [32mloss:  3.5094  [38;2;180;60;0mgrad_norm:  9.0954  [38;2;54;234;195mmemory: 72.92GiB(91.79%)  [34mtps: 846  [36mtflops: 40.77  [35mmfu: 4.12%[39m
[rank0]:[titan] 2026-03-17 10:44:19,417 - root - INFO - [31mstep: 29  [32mloss:  3.5551  [38;2;180;60;0mgrad_norm:  8.3752  [38;2;54;234;195mmemory: 72.92GiB(91.79%)  [34mtps: 847  [36mtflops: 40.80  [35mmfu: 4.13%[39m
[rank0]:[titan] 2026-03-17 10:44:21,842 - root - INFO - [31mstep: 30  [32mloss:  3.4950  [38;2;180;60;0mgrad_norm:  8.0049  [38;2;54;234;195mmemory: 72.92GiB(91.79%)  [34mtps: 845  [36mtflops: 40.70  [35mmfu: 4.12%[39m
[rank0]:[titan] 2026-03-17 10:44:24,262 - root - INFO - [31mstep: 31  [32mloss:  3.5038  [38;2;180;60;0mgrad_norm:  9.0055  [38;2;54;234;195mmemory: 72.92GiB(91.79%)  [34mtps: 846  [36mtflops: 40.79  [35mmfu: 4.12%[39m
[rank0]:[titan] 2026-03-17 10:44:26,686 - root - INFO - [31mstep: 32  [32mloss:  3.3953  [38;2;180;60;0mgrad_norm:  6.5807  [38;2;54;234;195mmemory: 72.92GiB(91.79%)  [34mtps: 845  [36mtflops: 40.71  [35mmfu: 4.12%[39m
[rank0]:[titan] 2026-03-17 10:44:29,107 - root - INFO - [31mstep: 33  [32mloss:  3.3992  [38;2;180;60;0mgrad_norm:  6.4727  [38;2;54;234;195mmemory: 72.92GiB(91.79%)  [34mtps: 846  [36mtflops: 40.77  [35mmfu: 4.12%[39m
[rank0]:[titan] 2026-03-17 10:44:31,529 - root - INFO - [31mstep: 34  [32mloss:  3.3965  [38;2;180;60;0mgrad_norm:  7.2960  [38;2;54;234;195mmemory: 72.92GiB(91.79%)  [34mtps: 846  [36mtflops: 40.76  [35mmfu: 4.12%[39m
[rank0]:[titan] 2026-03-17 10:44:33,950 - root - INFO - [31mstep: 35  [32mloss:  3.3233  [38;2;180;60;0mgrad_norm:  4.7246  [38;2;54;234;195mmemory: 72.92GiB(91.79%)  [34mtps: 846  [36mtflops: 40.75  [35mmfu: 4.12%[39m
[rank0]:[titan] 2026-03-17 10:44:36,376 - root - INFO - [31mstep: 36  [32mloss:  3.3706  [38;2;180;60;0mgrad_norm:  6.1672  [38;2;54;234;195mmemory: 72.92GiB(91.79%)  [34mtps: 845  [36mtflops: 40.69  [35mmfu: 4.11%[39m
[rank0]:[titan] 2026-03-17 10:44:38,798 - root - INFO - [31mstep: 37  [32mloss:  3.5187  [38;2;180;60;0mgrad_norm:  7.5646  [38;2;54;234;195mmemory: 72.92GiB(91.79%)  [34mtps: 846  [36mtflops: 40.75  [35mmfu: 4.12%[39m
[rank0]:[titan] 2026-03-17 10:44:41,226 - root - INFO - [31mstep: 38  [32mloss:  3.2617  [38;2;180;60;0mgrad_norm:  4.4035  [38;2;54;234;195mmemory: 72.92GiB(91.79%)  [34mtps: 844  [36mtflops: 40.65  [35mmfu: 4.11%[39m
[rank0]:[titan] 2026-03-17 10:44:43,650 - root - INFO - [31mstep: 39  [32mloss:  3.3410  [38;2;180;60;0mgrad_norm:  6.8052  [38;2;54;234;195mmemory: 72.92GiB(91.79%)  [34mtps: 845  [36mtflops: 40.71  [35mmfu: 4.12%[39m
[rank0]:[titan] 2026-03-17 10:44:46,071 - root - INFO - [31mstep: 40  [32mloss:  3.3811  [38;2;180;60;0mgrad_norm:  8.0213  [38;2;54;234;195mmemory: 72.92GiB(91.79%)  [34mtps: 846  [36mtflops: 40.76  [35mmfu: 4.12%[39m
[rank0]:[titan] 2026-03-17 10:44:48,496 - root - INFO - [31mstep: 41  [32mloss:  3.2784  [38;2;180;60;0mgrad_norm:  3.5296  [38;2;54;234;195mmemory: 72.92GiB(91.79%)  [34mtps: 845  [36mtflops: 40.70  [35mmfu: 4.12%[39m
[rank0]:[titan] 2026-03-17 10:44:50,919 - root - INFO - [31mstep: 42  [32mloss:  3.2542  [38;2;180;60;0mgrad_norm:  5.4484  [38;2;54;234;195mmemory: 72.92GiB(91.79%)  [34mtps: 845  [36mtflops: 40.73  [35mmfu: 4.12%[39m
[rank0]:[titan] 2026-03-17 10:44:53,353 - root - INFO - [31mstep: 43  [32mloss:  3.2634  [38;2;180;60;0mgrad_norm:  5.4700  [38;2;54;234;195mmemory: 72.92GiB(91.79%)  [34mtps: 842  [36mtflops: 40.56  [35mmfu: 4.10%[39m
[rank0]:[titan] 2026-03-17 10:44:55,779 - root - INFO - [31mstep: 44  [32mloss:  3.3247  [38;2;180;60;0mgrad_norm:  4.3325  [38;2;54;234;195mmemory: 72.92GiB(91.79%)  [34mtps: 844  [36mtflops: 40.67  [35mmfu: 4.11%[39m
[rank0]:[titan] 2026-03-17 10:44:58,206 - root - INFO - [31mstep: 45  [32mloss:  3.3424  [38;2;180;60;0mgrad_norm:  4.9112  [38;2;54;234;195mmemory: 72.92GiB(91.79%)  [34mtps: 844  [36mtflops: 40.67  [35mmfu: 4.11%[39m
[rank0]:[titan] 2026-03-17 10:45:00,631 - root - INFO - [31mstep: 46  [32mloss:  3.3309  [38;2;180;60;0mgrad_norm:  4.9501  [38;2;54;234;195mmemory: 72.92GiB(91.79%)  [34mtps: 845  [36mtflops: 40.71  [35mmfu: 4.12%[39m
[rank0]:[titan] 2026-03-17 10:45:03,055 - root - INFO - [31mstep: 47  [32mloss:  3.2138  [38;2;180;60;0mgrad_norm:  2.5942  [38;2;54;234;195mmemory: 72.92GiB(91.79%)  [34mtps: 845  [36mtflops: 40.71  [35mmfu: 4.12%[39m
[rank0]:[titan] 2026-03-17 10:45:05,483 - root - INFO - [31mstep: 48  [32mloss:  3.2601  [38;2;180;60;0mgrad_norm:  4.8441  [38;2;54;234;195mmemory: 72.92GiB(91.79%)  [34mtps: 843  [36mtflops: 40.64  [35mmfu: 4.11%[39m
[rank0]:[titan] 2026-03-17 10:45:07,904 - root - INFO - [31mstep: 49  [32mloss:  3.2553  [38;2;180;60;0mgrad_norm:  3.0931  [38;2;54;234;195mmemory: 72.92GiB(91.79%)  [34mtps: 846  [36mtflops: 40.78  [35mmfu: 4.12%[39m
[rank0]:[titan] 2026-03-17 10:45:10,325 - root - INFO - [31mstep: 50  [32mloss:  3.2304  [38;2;180;60;0mgrad_norm:  5.5855  [38;2;54;234;195mmemory: 72.92GiB(91.79%)  [34mtps: 846  [36mtflops: 40.75  [35mmfu: 4.12%[39m
[rank0]:[titan] 2026-03-17 10:45:12,747 - root - INFO - [31mstep: 51  [32mloss:  3.2429  [38;2;180;60;0mgrad_norm:  4.7578  [38;2;54;234;195mmemory: 72.92GiB(91.79%)  [34mtps: 846  [36mtflops: 40.75  [35mmfu: 4.12%[39m
[rank0]:[titan] 2026-03-17 10:45:15,179 - root - INFO - [31mstep: 52  [32mloss:  3.2764  [38;2;180;60;0mgrad_norm:  4.7940  [38;2;54;234;195mmemory: 72.92GiB(91.79%)  [34mtps: 842  [36mtflops: 40.59  [35mmfu: 4.10%[39m
[rank0]:[titan] 2026-03-17 10:45:17,603 - root - INFO - [31mstep: 53  [32mloss:  3.2443  [38;2;180;60;0mgrad_norm:  5.9708  [38;2;54;234;195mmemory: 72.92GiB(91.79%)  [34mtps: 845  [36mtflops: 40.72  [35mmfu: 4.12%[39m
[rank0]:[titan] 2026-03-17 10:45:20,025 - root - INFO - [31mstep: 54  [32mloss:  3.2376  [38;2;180;60;0mgrad_norm:  4.3975  [38;2;54;234;195mmemory: 72.92GiB(91.79%)  [34mtps: 846  [36mtflops: 40.74  [35mmfu: 4.12%[39m
[rank0]:[titan] 2026-03-17 10:45:22,450 - root - INFO - [31mstep: 55  [32mloss:  3.2516  [38;2;180;60;0mgrad_norm:  4.6886  [38;2;54;234;195mmemory: 72.92GiB(91.79%)  [34mtps: 845  [36mtflops: 40.70  [35mmfu: 4.12%[39m
[rank0]:[titan] 2026-03-17 10:45:24,875 - root - INFO - [31mstep: 56  [32mloss:  3.3155  [38;2;180;60;0mgrad_norm:  4.6672  [38;2;54;234;195mmemory: 72.92GiB(91.79%)  [34mtps: 845  [36mtflops: 40.71  [35mmfu: 4.12%[39m
[rank0]:[titan] 2026-03-17 10:45:27,297 - root - INFO - [31mstep: 57  [32mloss:  3.2623  [38;2;180;60;0mgrad_norm:  3.5877  [38;2;54;234;195mmemory: 72.92GiB(91.79%)  [34mtps: 846  [36mtflops: 40.75  [35mmfu: 4.12%[39m
[rank0]:[titan] 2026-03-17 10:45:29,725 - root - INFO - [31mstep: 58  [32mloss:  3.2385  [38;2;180;60;0mgrad_norm:  4.7225  [38;2;54;234;195mmemory: 72.92GiB(91.79%)  [34mtps: 844  [36mtflops: 40.64  [35mmfu: 4.11%[39m
[rank0]:[titan] 2026-03-17 10:45:32,149 - root - INFO - [31mstep: 59  [32mloss:  3.2240  [38;2;180;60;0mgrad_norm:  3.7974  [38;2;54;234;195mmemory: 72.92GiB(91.79%)  [34mtps: 845  [36mtflops: 40.73  [35mmfu: 4.12%[39m
[rank0]:[titan] 2026-03-17 10:45:34,573 - root - INFO - [31mstep: 60  [32mloss:  3.1951  [38;2;180;60;0mgrad_norm:  4.1279  [38;2;54;234;195mmemory: 72.92GiB(91.79%)  [34mtps: 845  [36mtflops: 40.71  [35mmfu: 4.12%[39m
[rank0]:[titan] 2026-03-17 10:45:36,996 - root - INFO - [31mstep: 61  [32mloss:  3.1841  [38;2;180;60;0mgrad_norm:  3.7248  [38;2;54;234;195mmemory: 72.92GiB(91.79%)  [34mtps: 846  [36mtflops: 40.74  [35mmfu: 4.12%[39m
[rank0]:[titan] 2026-03-17 10:45:39,417 - root - INFO - [31mstep: 62  [32mloss:  3.1948  [38;2;180;60;0mgrad_norm:  4.2176  [38;2;54;234;195mmemory: 72.92GiB(91.79%)  [34mtps: 846  [36mtflops: 40.77  [35mmfu: 4.12%[39m
[rank0]:[titan] 2026-03-17 10:45:41,838 - root - INFO - [31mstep: 63  [32mloss:  3.2550  [38;2;180;60;0mgrad_norm:  4.1767  [38;2;54;234;195mmemory: 72.92GiB(91.79%)  [34mtps: 846  [36mtflops: 40.76  [35mmfu: 4.12%[39m
[rank0]:[titan] 2026-03-17 10:45:44,262 - root - INFO - [31mstep: 64  [32mloss:  3.2480  [38;2;180;60;0mgrad_norm:  5.1988  [38;2;54;234;195mmemory: 72.92GiB(91.79%)  [34mtps: 845  [36mtflops: 40.72  [35mmfu: 4.12%[39m
[rank0]:[titan] 2026-03-17 10:45:46,693 - root - INFO - [31mstep: 65  [32mloss:  3.2594  [38;2;180;60;0mgrad_norm:  2.8700  [38;2;54;234;195mmemory: 72.92GiB(91.79%)  [34mtps: 843  [36mtflops: 40.61  [35mmfu: 4.11%[39m
[rank0]:[titan] 2026-03-17 10:45:49,118 - root - INFO - [31mstep: 66  [32mloss:  3.3144  [38;2;180;60;0mgrad_norm:  4.2887  [38;2;54;234;195mmemory: 72.92GiB(91.79%)  [34mtps: 845  [36mtflops: 40.70  [35mmfu: 4.12%[39m
[rank0]:[titan] 2026-03-17 10:45:51,544 - root - INFO - [31mstep: 67  [32mloss:  3.2285  [38;2;180;60;0mgrad_norm:  3.3224  [38;2;54;234;195mmemory: 72.92GiB(91.79%)  [34mtps: 844  [36mtflops: 40.68  [35mmfu: 4.11%[39m
[rank0]:[titan] 2026-03-17 10:45:53,965 - root - INFO - [31mstep: 68  [32mloss:  3.2902  [38;2;180;60;0mgrad_norm:  5.3118  [38;2;54;234;195mmemory: 72.92GiB(91.79%)  [34mtps: 846  [36mtflops: 40.76  [35mmfu: 4.12%[39m
[rank0]:[titan] 2026-03-17 10:45:56,385 - root - INFO - [31mstep: 69  [32mloss:  3.1993  [38;2;180;60;0mgrad_norm:  3.7925  [38;2;54;234;195mmemory: 72.92GiB(91.79%)  [34mtps: 846  [36mtflops: 40.78  [35mmfu: 4.12%[39m
[rank0]:[titan] 2026-03-17 10:45:58,808 - root - INFO - [31mstep: 70  [32mloss:  3.2869  [38;2;180;60;0mgrad_norm:  4.2351  [38;2;54;234;195mmemory: 72.92GiB(91.79%)  [34mtps: 846  [36mtflops: 40.74  [35mmfu: 4.12%[39m
[rank0]:[titan] 2026-03-17 10:46:01,232 - root - INFO - [31mstep: 71  [32mloss:  3.4913  [38;2;180;60;0mgrad_norm:  3.8732  [38;2;54;234;195mmemory: 72.92GiB(91.79%)  [34mtps: 845  [36mtflops: 40.71  [35mmfu: 4.12%[39m
[rank0]:[titan] 2026-03-17 10:46:03,654 - root - INFO - [31mstep: 72  [32mloss:  3.3903  [38;2;180;60;0mgrad_norm:  2.7031  [38;2;54;234;195mmemory: 72.92GiB(91.79%)  [34mtps: 846  [36mtflops: 40.76  [35mmfu: 4.12%[39m
[rank0]:[titan] 2026-03-17 10:46:06,079 - root - INFO - [31mstep: 73  [32mloss:  3.2350  [38;2;180;60;0mgrad_norm:  3.5137  [38;2;54;234;195mmemory: 72.92GiB(91.79%)  [34mtps: 845  [36mtflops: 40.70  [35mmfu: 4.12%[39m
[rank0]:[titan] 2026-03-17 10:46:08,501 - root - INFO - [31mstep: 74  [32mloss:  3.1616  [38;2;180;60;0mgrad_norm:  2.5975  [38;2;54;234;195mmemory: 72.92GiB(91.79%)  [34mtps: 846  [36mtflops: 40.75  [35mmfu: 4.12%[39m
[rank0]:[titan] 2026-03-17 10:46:10,926 - root - INFO - [31mstep: 75  [32mloss:  3.1364  [38;2;180;60;0mgrad_norm:  3.6128  [38;2;54;234;195mmemory: 72.92GiB(91.79%)  [34mtps: 845  [36mtflops: 40.69  [35mmfu: 4.11%[39m
[rank0]:[titan] 2026-03-17 10:46:13,357 - root - INFO - [31mstep: 76  [32mloss:  3.1316  [38;2;180;60;0mgrad_norm:  2.9841  [38;2;54;234;195mmemory: 72.92GiB(91.79%)  [34mtps: 843  [36mtflops: 40.60  [35mmfu: 4.11%[39m
[rank0]:[titan] 2026-03-17 10:46:15,782 - root - INFO - [31mstep: 77  [32mloss:  3.1504  [38;2;180;60;0mgrad_norm:  3.5751  [38;2;54;234;195mmemory: 72.92GiB(91.79%)  [34mtps: 845  [36mtflops: 40.69  [35mmfu: 4.11%[39m
[rank0]:[titan] 2026-03-17 10:46:18,206 - root - INFO - [31mstep: 78  [32mloss:  3.2302  [38;2;180;60;0mgrad_norm:  4.2323  [38;2;54;234;195mmemory: 72.92GiB(91.79%)  [34mtps: 845  [36mtflops: 40.73  [35mmfu: 4.12%[39m
[rank0]:[titan] 2026-03-17 10:46:20,633 - root - INFO - [31mstep: 79  [32mloss:  3.1099  [38;2;180;60;0mgrad_norm:  3.2629  [38;2;54;234;195mmemory: 72.92GiB(91.79%)  [34mtps: 844  [36mtflops: 40.66  [35mmfu: 4.11%[39m
[rank0]:[titan] 2026-03-17 10:46:23,054 - root - INFO - [31mstep: 80  [32mloss:  3.1885  [38;2;180;60;0mgrad_norm:  3.6879  [38;2;54;234;195mmemory: 72.92GiB(91.79%)  [34mtps: 846  [36mtflops: 40.78  [35mmfu: 4.12%[39m
[rank0]:[titan] 2026-03-17 10:46:25,479 - root - INFO - [31mstep: 81  [32mloss:  3.1554  [38;2;180;60;0mgrad_norm:  4.2436  [38;2;54;234;195mmemory: 72.92GiB(91.79%)  [34mtps: 845  [36mtflops: 40.70  [35mmfu: 4.12%[39m
[rank0]:[titan] 2026-03-17 10:46:27,902 - root - INFO - [31mstep: 82  [32mloss:  3.1029  [38;2;180;60;0mgrad_norm:  3.2283  [38;2;54;234;195mmemory: 72.92GiB(91.79%)  [34mtps: 845  [36mtflops: 40.73  [35mmfu: 4.12%[39m
[rank0]:[titan] 2026-03-17 10:46:30,324 - root - INFO - [31mstep: 83  [32mloss:  3.1115  [38;2;180;60;0mgrad_norm:  4.0978  [38;2;54;234;195mmemory: 72.92GiB(91.79%)  [34mtps: 846  [36mtflops: 40.75  [35mmfu: 4.12%[39m
[rank0]:[titan] 2026-03-17 10:46:32,752 - root - INFO - [31mstep: 84  [32mloss:  3.2280  [38;2;180;60;0mgrad_norm:  4.3883  [38;2;54;234;195mmemory: 72.92GiB(91.79%)  [34mtps: 843  [36mtflops: 40.64  [35mmfu: 4.11%[39m
[rank0]:[titan] 2026-03-17 10:46:35,173 - root - INFO - [31mstep: 85  [32mloss:  3.2192  [38;2;180;60;0mgrad_norm:  3.8875  [38;2;54;234;195mmemory: 72.92GiB(91.79%)  [34mtps: 846  [36mtflops: 40.78  [35mmfu: 4.12%[39m
[rank0]:[titan] 2026-03-17 10:46:37,595 - root - INFO - [31mstep: 86  [32mloss:  3.1215  [38;2;180;60;0mgrad_norm:  4.1188  [38;2;54;234;195mmemory: 72.92GiB(91.79%)  [34mtps: 846  [36mtflops: 40.75  [35mmfu: 4.12%[39m
[rank0]:[titan] 2026-03-17 10:46:40,018 - root - INFO - [31mstep: 87  [32mloss:  3.0699  [38;2;180;60;0mgrad_norm:  3.6262  [38;2;54;234;195mmemory: 72.92GiB(91.79%)  [34mtps: 845  [36mtflops: 40.74  [35mmfu: 4.12%[39m
[rank0]:[titan] 2026-03-17 10:46:42,440 - root - INFO - [31mstep: 88  [32mloss:  3.0460  [38;2;180;60;0mgrad_norm:  4.3798  [38;2;54;234;195mmemory: 72.92GiB(91.79%)  [34mtps: 846  [36mtflops: 40.74  [35mmfu: 4.12%[39m
[rank0]:[titan] 2026-03-17 10:46:44,864 - root - INFO - [31mstep: 89  [32mloss:  3.0861  [38;2;180;60;0mgrad_norm:  3.9920  [38;2;54;234;195mmemory: 72.92GiB(91.79%)  [34mtps: 845  [36mtflops: 40.72  [35mmfu: 4.12%[39m
[rank0]:[titan] 2026-03-17 10:46:47,286 - root - INFO - [31mstep: 90  [32mloss:  3.1542  [38;2;180;60;0mgrad_norm:  4.9426  [38;2;54;234;195mmemory: 72.92GiB(91.79%)  [34mtps: 846  [36mtflops: 40.75  [35mmfu: 4.12%[39m
[rank0]:[titan] 2026-03-17 10:46:49,708 - root - INFO - [31mstep: 91  [32mloss:  3.0440  [38;2;180;60;0mgrad_norm:  3.7022  [38;2;54;234;195mmemory: 72.92GiB(91.79%)  [34mtps: 846  [36mtflops: 40.75  [35mmfu: 4.12%[39m
[rank0]:[titan] 2026-03-17 10:46:52,133 - root - INFO - [31mstep: 92  [32mloss:  3.1631  [38;2;180;60;0mgrad_norm:  3.3391  [38;2;54;234;195mmemory: 72.92GiB(91.79%)  [34mtps: 845  [36mtflops: 40.71  [35mmfu: 4.12%[39m
[rank0]:[titan] 2026-03-17 10:46:54,557 - root - INFO - [31mstep: 93  [32mloss:  3.0821  [38;2;180;60;0mgrad_norm:  3.9863  [38;2;54;234;195mmemory: 72.92GiB(91.79%)  [34mtps: 845  [36mtflops: 40.72  [35mmfu: 4.12%[39m
[rank0]:[titan] 2026-03-17 10:46:56,980 - root - INFO - [31mstep: 94  [32mloss:  3.0954  [38;2;180;60;0mgrad_norm:  2.6978  [38;2;54;234;195mmemory: 72.92GiB(91.79%)  [34mtps: 845  [36mtflops: 40.73  [35mmfu: 4.12%[39m
[rank0]:[titan] 2026-03-17 10:46:59,407 - root - INFO - [31mstep: 95  [32mloss:  3.0581  [38;2;180;60;0mgrad_norm:  3.5886  [38;2;54;234;195mmemory: 72.92GiB(91.79%)  [34mtps: 844  [36mtflops: 40.67  [35mmfu: 4.11%[39m
[rank0]:[titan] 2026-03-17 10:47:01,833 - root - INFO - [31mstep: 96  [32mloss:  3.0798  [38;2;180;60;0mgrad_norm:  2.6588  [38;2;54;234;195mmemory: 72.92GiB(91.79%)  [34mtps: 845  [36mtflops: 40.69  [35mmfu: 4.11%[39m
[rank0]:[titan] 2026-03-17 10:47:04,261 - root - INFO - [31mstep: 97  [32mloss:  3.0045  [38;2;180;60;0mgrad_norm:  4.3478  [38;2;54;234;195mmemory: 72.92GiB(91.79%)  [34mtps: 844  [36mtflops: 40.65  [35mmfu: 4.11%[39m
[rank0]:[titan] 2026-03-17 10:47:06,684 - root - INFO - [31mstep: 98  [32mloss:  2.9925  [38;2;180;60;0mgrad_norm:  2.7200  [38;2;54;234;195mmemory: 72.92GiB(91.79%)  [34mtps: 845  [36mtflops: 40.73  [35mmfu: 4.12%[39m
[rank0]:[titan] 2026-03-17 10:47:09,108 - root - INFO - [31mstep: 99  [32mloss:  3.0698  [38;2;180;60;0mgrad_norm:  4.1918  [38;2;54;234;195mmemory: 72.92GiB(91.79%)  [34mtps: 845  [36mtflops: 40.71  [35mmfu: 4.12%[39m
[rank0]:[titan] 2026-03-17 10:47:11,531 - root - INFO - [31mstep: 100  [32mloss:  3.0192  [38;2;180;60;0mgrad_norm:  3.3601  [38;2;54;234;195mmemory: 72.92GiB(91.79%)  [34mtps: 845  [36mtflops: 40.73  [35mmfu: 4.12%[39m
[rank0]:[titan] 2026-03-17 10:47:13,957 - root - INFO - [31mstep: 101  [32mloss:  3.0829  [38;2;180;60;0mgrad_norm:  4.9460  [38;2;54;234;195mmemory: 72.92GiB(91.79%)  [34mtps: 844  [36mtflops: 40.68  [35mmfu: 4.11%[39m
[rank0]:[titan] 2026-03-17 10:47:16,388 - root - INFO - [31mstep: 102  [32mloss:  3.0695  [38;2;180;60;0mgrad_norm:  3.5534  [38;2;54;234;195mmemory: 72.92GiB(91.79%)  [34mtps: 843  [36mtflops: 40.60  [35mmfu: 4.11%[39m
[rank0]:[titan] 2026-03-17 10:47:18,812 - root - INFO - [31mstep: 103  [32mloss:  2.9956  [38;2;180;60;0mgrad_norm:  3.9576  [38;2;54;234;195mmemory: 72.92GiB(91.79%)  [34mtps: 845  [36mtflops: 40.72  [35mmfu: 4.12%[39m
[rank0]:[titan] 2026-03-17 10:47:21,239 - root - INFO - [31mstep: 104  [32mloss:  3.0049  [38;2;180;60;0mgrad_norm:  3.3804  [38;2;54;234;195mmemory: 72.92GiB(91.79%)  [34mtps: 844  [36mtflops: 40.67  [35mmfu: 4.11%[39m
[rank0]:[titan] 2026-03-17 10:47:23,662 - root - INFO - [31mstep: 105  [32mloss:  2.9855  [38;2;180;60;0mgrad_norm:  3.3927  [38;2;54;234;195mmemory: 72.92GiB(91.79%)  [34mtps: 845  [36mtflops: 40.73  [35mmfu: 4.12%[39m
[rank0]:[titan] 2026-03-17 10:47:26,088 - root - INFO - [31mstep: 106  [32mloss:  2.9856  [38;2;180;60;0mgrad_norm:  4.7485  [38;2;54;234;195mmemory: 72.92GiB(91.79%)  [34mtps: 845  [36mtflops: 40.69  [35mmfu: 4.11%[39m
[rank0]:[titan] 2026-03-17 10:47:28,510 - root - INFO - [31mstep: 107  [32mloss:  2.9899  [38;2;180;60;0mgrad_norm:  2.2114  [38;2;54;234;195mmemory: 72.92GiB(91.79%)  [34mtps: 846  [36mtflops: 40.74  [35mmfu: 4.12%[39m
[rank0]:[titan] 2026-03-17 10:47:30,939 - root - INFO - [31mstep: 108  [32mloss:  3.0696  [38;2;180;60;0mgrad_norm:  4.3496  [38;2;54;234;195mmemory: 72.92GiB(91.79%)  [34mtps: 843  [36mtflops: 40.63  [35mmfu: 4.11%[39m
[rank0]:[titan] 2026-03-17 10:47:33,368 - root - INFO - [31mstep: 109  [32mloss:  3.0274  [38;2;180;60;0mgrad_norm:  3.5578  [38;2;54;234;195mmemory: 72.92GiB(91.79%)  [34mtps: 843  [36mtflops: 40.64  [35mmfu: 4.11%[39m
[rank0]:[titan] 2026-03-17 10:47:35,792 - root - INFO - [31mstep: 110  [32mloss:  3.0191  [38;2;180;60;0mgrad_norm:  4.2958  [38;2;54;234;195mmemory: 72.92GiB(91.79%)  [34mtps: 845  [36mtflops: 40.72  [35mmfu: 4.12%[39m
[rank0]:[titan] 2026-03-17 10:47:38,217 - root - INFO - [31mstep: 111  [32mloss:  2.9949  [38;2;180;60;0mgrad_norm:  3.7480  [38;2;54;234;195mmemory: 72.92GiB(91.79%)  [34mtps: 845  [36mtflops: 40.69  [35mmfu: 4.11%[39m
[rank0]:[titan] 2026-03-17 10:47:40,643 - root - INFO - [31mstep: 112  [32mloss:  3.0170  [38;2;180;60;0mgrad_norm:  3.2812  [38;2;54;234;195mmemory: 72.92GiB(91.79%)  [34mtps: 845  [36mtflops: 40.69  [35mmfu: 4.11%[39m
[rank0]:[titan] 2026-03-17 10:47:43,068 - root - INFO - [31mstep: 113  [32mloss:  2.9631  [38;2;180;60;0mgrad_norm:  2.8182  [38;2;54;234;195mmemory: 72.92GiB(91.79%)  [34mtps: 845  [36mtflops: 40.70  [35mmfu: 4.12%[39m
[rank0]:[titan] 2026-03-17 10:47:45,490 - root - INFO - [31mstep: 114  [32mloss:  3.0508  [38;2;180;60;0mgrad_norm:  2.8736  [38;2;54;234;195mmemory: 72.92GiB(91.79%)  [34mtps: 846  [36mtflops: 40.75  [35mmfu: 4.12%[39m
[rank0]:[titan] 2026-03-17 10:47:47,916 - root - INFO - [31mstep: 115  [32mloss:  2.9590  [38;2;180;60;0mgrad_norm:  2.8692  [38;2;54;234;195mmemory: 72.92GiB(91.79%)  [34mtps: 844  [36mtflops: 40.67  [35mmfu: 4.11%[39m
[rank0]:[titan] 2026-03-17 10:47:50,340 - root - INFO - [31mstep: 116  [32mloss:  2.9606  [38;2;180;60;0mgrad_norm:  3.6727  [38;2;54;234;195mmemory: 72.92GiB(91.79%)  [34mtps: 845  [36mtflops: 40.73  [35mmfu: 4.12%[39m
[rank0]:[titan] 2026-03-17 10:47:52,764 - root - INFO - [31mstep: 117  [32mloss:  2.9594  [38;2;180;60;0mgrad_norm:  2.6948  [38;2;54;234;195mmemory: 72.92GiB(91.79%)  [34mtps: 845  [36mtflops: 40.71  [35mmfu: 4.12%[39m
[rank0]:[titan] 2026-03-17 10:47:55,187 - root - INFO - [31mstep: 118  [32mloss:  3.1187  [38;2;180;60;0mgrad_norm:  4.0438  [38;2;54;234;195mmemory: 72.92GiB(91.79%)  [34mtps: 845  [36mtflops: 40.73  [35mmfu: 4.12%[39m
[rank0]:[titan] 2026-03-17 10:47:57,611 - root - INFO - [31mstep: 119  [32mloss:  2.9786  [38;2;180;60;0mgrad_norm:  3.1040  [38;2;54;234;195mmemory: 72.92GiB(91.79%)  [34mtps: 845  [36mtflops: 40.73  [35mmfu: 4.12%[39m
[rank0]:[titan] 2026-03-17 10:48:00,036 - root - INFO - [31mstep: 120  [32mloss:  2.9769  [38;2;180;60;0mgrad_norm:  5.0684  [38;2;54;234;195mmemory: 72.92GiB(91.79%)  [34mtps: 844  [36mtflops: 40.69  [35mmfu: 4.11%[39m
[rank0]:[titan] 2026-03-17 10:48:02,479 - root - INFO - [31mstep: 121  [32mloss:  3.0257  [38;2;180;60;0mgrad_norm:  4.7417  [38;2;54;234;195mmemory: 72.92GiB(91.79%)  [34mtps: 839  [36mtflops: 40.41  [35mmfu: 4.09%[39m
[rank0]:[titan] 2026-03-17 10:48:04,906 - root - INFO - [31mstep: 122  [32mloss:  2.9454  [38;2;180;60;0mgrad_norm:  3.2048  [38;2;54;234;195mmemory: 72.92GiB(91.79%)  [34mtps: 844  [36mtflops: 40.67  [35mmfu: 4.11%[39m
[rank0]:[titan] 2026-03-17 10:48:07,329 - root - INFO - [31mstep: 123  [32mloss:  2.9420  [38;2;180;60;0mgrad_norm:  6.4299  [38;2;54;234;195mmemory: 72.92GiB(91.79%)  [34mtps: 845  [36mtflops: 40.73  [35mmfu: 4.12%[39m
[rank0]:[titan] 2026-03-17 10:48:09,754 - root - INFO - [31mstep: 124  [32mloss:  2.9671  [38;2;180;60;0mgrad_norm:  6.4047  [38;2;54;234;195mmemory: 72.92GiB(91.79%)  [34mtps: 845  [36mtflops: 40.69  [35mmfu: 4.11%[39m
[rank0]:[titan] 2026-03-17 10:48:12,176 - root - INFO - [31mstep: 125  [32mloss:  3.0201  [38;2;180;60;0mgrad_norm:  4.3266  [38;2;54;234;195mmemory: 72.92GiB(91.79%)  [34mtps: 846  [36mtflops: 40.76  [35mmfu: 4.12%[39m
[rank0]:[titan] 2026-03-17 10:48:14,603 - root - INFO - [31mstep: 126  [32mloss:  2.9914  [38;2;180;60;0mgrad_norm:  4.6399  [38;2;54;234;195mmemory: 72.92GiB(91.79%)  [34mtps: 844  [36mtflops: 40.66  [35mmfu: 4.11%[39m
[rank0]:[titan] 2026-03-17 10:48:17,026 - root - INFO - [31mstep: 127  [32mloss:  3.0029  [38;2;180;60;0mgrad_norm:  4.1221  [38;2;54;234;195mmemory: 72.92GiB(91.79%)  [34mtps: 846  [36mtflops: 40.74  [35mmfu: 4.12%[39m
[rank0]:[titan] 2026-03-17 10:48:19,451 - root - INFO - [31mstep: 128  [32mloss:  3.0125  [38;2;180;60;0mgrad_norm:  5.6887  [38;2;54;234;195mmemory: 72.92GiB(91.79%)  [34mtps: 845  [36mtflops: 40.71  [35mmfu: 4.12%[39m
[rank0]:[titan] 2026-03-17 10:48:21,874 - root - INFO - [31mstep: 129  [32mloss:  2.9310  [38;2;180;60;0mgrad_norm:  4.2764  [38;2;54;234;195mmemory: 72.92GiB(91.79%)  [34mtps: 845  [36mtflops: 40.74  [35mmfu: 4.12%[39m
[rank0]:[titan] 2026-03-17 10:48:24,297 - root - INFO - [31mstep: 130  [32mloss:  2.9745  [38;2;180;60;0mgrad_norm:  7.9882  [38;2;54;234;195mmemory: 72.92GiB(91.79%)  [34mtps: 845  [36mtflops: 40.73  [35mmfu: 4.12%[39m
[rank0]:[titan] 2026-03-17 10:48:26,725 - root - INFO - [31mstep: 131  [32mloss:  2.9327  [38;2;180;60;0mgrad_norm:  5.6614  [38;2;54;234;195mmemory: 72.92GiB(91.79%)  [34mtps: 844  [36mtflops: 40.65  [35mmfu: 4.11%[39m
[rank0]:[titan] 2026-03-17 10:48:29,149 - root - INFO - [31mstep: 132  [32mloss:  2.9999  [38;2;180;60;0mgrad_norm:  5.5932  [38;2;54;234;195mmemory: 72.92GiB(91.79%)  [34mtps: 845  [36mtflops: 40.73  [35mmfu: 4.12%[39m
[rank0]:[titan] 2026-03-17 10:48:31,575 - root - INFO - [31mstep: 133  [32mloss:  2.9765  [38;2;180;60;0mgrad_norm:  5.4201  [38;2;54;234;195mmemory: 72.92GiB(91.79%)  [34mtps: 844  [36mtflops: 40.68  [35mmfu: 4.11%[39m
[rank0]:[titan] 2026-03-17 10:48:33,999 - root - INFO - [31mstep: 134  [32mloss:  2.8865  [38;2;180;60;0mgrad_norm:  5.5393  [38;2;54;234;195mmemory: 72.92GiB(91.79%)  [34mtps: 845  [36mtflops: 40.72  [35mmfu: 4.12%[39m
[rank0]:[titan] 2026-03-17 10:48:36,429 - root - INFO - [31mstep: 135  [32mloss:  2.8834  [38;2;180;60;0mgrad_norm:  5.8849  [38;2;54;234;195mmemory: 72.92GiB(91.79%)  [34mtps: 843  [36mtflops: 40.61  [35mmfu: 4.11%[39m
[rank0]:[titan] 2026-03-17 10:48:38,852 - root - INFO - [31mstep: 136  [32mloss:  2.9096  [38;2;180;60;0mgrad_norm:  4.7717  [38;2;54;234;195mmemory: 72.92GiB(91.79%)  [34mtps: 845  [36mtflops: 40.73  [35mmfu: 4.12%[39m
[rank0]:[titan] 2026-03-17 10:48:41,279 - root - INFO - [31mstep: 137  [32mloss:  2.9520  [38;2;180;60;0mgrad_norm:  4.5799  [38;2;54;234;195mmemory: 72.92GiB(91.79%)  [34mtps: 844  [36mtflops: 40.68  [35mmfu: 4.11%[39m
[rank0]:[titan] 2026-03-17 10:48:43,701 - root - INFO - [31mstep: 138  [32mloss:  2.9768  [38;2;180;60;0mgrad_norm:  3.7110  [38;2;54;234;195mmemory: 72.92GiB(91.79%)  [34mtps: 846  [36mtflops: 40.75  [35mmfu: 4.12%[39m
[rank0]:[titan] 2026-03-17 10:48:46,127 - root - INFO - [31mstep: 139  [32mloss:  2.9152  [38;2;180;60;0mgrad_norm:  3.4895  [38;2;54;234;195mmemory: 72.92GiB(91.79%)  [34mtps: 844  [36mtflops: 40.68  [35mmfu: 4.11%[39m
[rank0]:[titan] 2026-03-17 10:48:48,556 - root - INFO - [31mstep: 140  [32mloss:  2.9801  [38;2;180;60;0mgrad_norm:  6.1295  [38;2;54;234;195mmemory: 72.92GiB(91.79%)  [34mtps: 843  [36mtflops: 40.63  [35mmfu: 4.11%[39m
[rank0]:[titan] 2026-03-17 10:48:50,982 - root - INFO - [31mstep: 141  [32mloss:  3.0574  [38;2;180;60;0mgrad_norm:  5.1311  [38;2;54;234;195mmemory: 72.92GiB(91.79%)  [34mtps: 844  [36mtflops: 40.69  [35mmfu: 4.11%[39m
[rank0]:[titan] 2026-03-17 10:48:53,421 - root - INFO - [31mstep: 142  [32mloss:  2.9476  [38;2;180;60;0mgrad_norm:  3.4676  [38;2;54;234;195mmemory: 72.92GiB(91.79%)  [34mtps: 840  [36mtflops: 40.47  [35mmfu: 4.09%[39m
[rank0]:[titan] 2026-03-17 10:48:55,852 - root - INFO - [31mstep: 143  [32mloss:  2.9083  [38;2;180;60;0mgrad_norm:  4.1239  [38;2;54;234;195mmemory: 72.92GiB(91.79%)  [34mtps: 843  [36mtflops: 40.60  [35mmfu: 4.11%[39m
[rank0]:[titan] 2026-03-17 10:48:58,276 - root - INFO - [31mstep: 144  [32mloss:  2.8724  [38;2;180;60;0mgrad_norm:  3.6635  [38;2;54;234;195mmemory: 72.92GiB(91.79%)  [34mtps: 845  [36mtflops: 40.71  [35mmfu: 4.12%[39m
[rank0]:[titan] 2026-03-17 10:49:00,704 - root - INFO - [31mstep: 145  [32mloss:  2.9388  [38;2;180;60;0mgrad_norm:  6.1851  [38;2;54;234;195mmemory: 72.92GiB(91.79%)  [34mtps: 844  [36mtflops: 40.65  [35mmfu: 4.11%[39m
[rank0]:[titan] 2026-03-17 10:49:03,130 - root - INFO - [31mstep: 146  [32mloss:  2.9300  [38;2;180;60;0mgrad_norm:  4.5037  [38;2;54;234;195mmemory: 72.92GiB(91.79%)  [34mtps: 845  [36mtflops: 40.70  [35mmfu: 4.12%[39m
[rank0]:[titan] 2026-03-17 10:49:05,557 - root - INFO - [31mstep: 147  [32mloss:  3.0268  [38;2;180;60;0mgrad_norm:  2.9114  [38;2;54;234;195mmemory: 72.92GiB(91.79%)  [34mtps: 844  [36mtflops: 40.67  [35mmfu: 4.11%[39m
[rank0]:[titan] 2026-03-17 10:49:07,985 - root - INFO - [31mstep: 148  [32mloss:  3.0069  [38;2;180;60;0mgrad_norm:  5.8648  [38;2;54;234;195mmemory: 72.92GiB(91.79%)  [34mtps: 844  [36mtflops: 40.65  [35mmfu: 4.11%[39m
[rank0]:[titan] 2026-03-17 10:49:10,410 - root - INFO - [31mstep: 149  [32mloss:  2.9723  [38;2;180;60;0mgrad_norm:  3.8905  [38;2;54;234;195mmemory: 72.92GiB(91.79%)  [34mtps: 845  [36mtflops: 40.69  [35mmfu: 4.11%[39m
[rank0]:[titan] 2026-03-17 10:49:12,839 - root - INFO - [31mstep: 150  [32mloss:  2.9996  [38;2;180;60;0mgrad_norm:  7.5277  [38;2;54;234;195mmemory: 72.92GiB(91.79%)  [34mtps: 843  [36mtflops: 40.63  [35mmfu: 4.11%[39m
[rank0]:[titan] 2026-03-17 10:49:15,270 - root - INFO - [31mstep: 151  [32mloss:  3.0203  [38;2;180;60;0mgrad_norm:  6.6717  [38;2;54;234;195mmemory: 72.92GiB(91.79%)  [34mtps: 843  [36mtflops: 40.61  [35mmfu: 4.11%[39m
[rank0]:[titan] 2026-03-17 10:49:17,692 - root - INFO - [31mstep: 152  [32mloss:  2.9482  [38;2;180;60;0mgrad_norm:  4.3949  [38;2;54;234;195mmemory: 72.92GiB(91.79%)  [34mtps: 846  [36mtflops: 40.74  [35mmfu: 4.12%[39m
[rank0]:[titan] 2026-03-17 10:49:20,123 - root - INFO - [31mstep: 153  [32mloss:  2.8987  [38;2;180;60;0mgrad_norm:  5.7986  [38;2;54;234;195mmemory: 72.92GiB(91.79%)  [34mtps: 843  [36mtflops: 40.61  [35mmfu: 4.11%[39m
[rank0]:[titan] 2026-03-17 10:49:22,546 - root - INFO - [31mstep: 154  [32mloss:  2.8644  [38;2;180;60;0mgrad_norm:  4.1146  [38;2;54;234;195mmemory: 72.92GiB(91.79%)  [34mtps: 845  [36mtflops: 40.72  [35mmfu: 4.12%[39m
[rank0]:[titan] 2026-03-17 10:49:24,971 - root - INFO - [31mstep: 155  [32mloss:  2.9469  [38;2;180;60;0mgrad_norm:  4.6881  [38;2;54;234;195mmemory: 72.92GiB(91.79%)  [34mtps: 845  [36mtflops: 40.70  [35mmfu: 4.12%[39m
[rank0]:[titan] 2026-03-17 10:49:27,395 - root - INFO - [31mstep: 156  [32mloss:  2.9603  [38;2;180;60;0mgrad_norm:  4.3354  [38;2;54;234;195mmemory: 72.92GiB(91.79%)  [34mtps: 845  [36mtflops: 40.73  [35mmfu: 4.12%[39m
[rank0]:[titan] 2026-03-17 10:49:29,821 - root - INFO - [31mstep: 157  [32mloss:  2.9307  [38;2;180;60;0mgrad_norm:  3.6398  [38;2;54;234;195mmemory: 72.92GiB(91.79%)  [34mtps: 844  [36mtflops: 40.69  [35mmfu: 4.11%[39m
[rank0]:[titan] 2026-03-17 10:49:32,247 - root - INFO - [31mstep: 158  [32mloss:  2.8870  [38;2;180;60;0mgrad_norm:  4.3733  [38;2;54;234;195mmemory: 72.92GiB(91.79%)  [34mtps: 844  [36mtflops: 40.69  [35mmfu: 4.11%[39m
[rank0]:[titan] 2026-03-17 10:49:34,672 - root - INFO - [31mstep: 159  [32mloss:  2.8869  [38;2;180;60;0mgrad_norm:  4.6235  [38;2;54;234;195mmemory: 72.92GiB(91.79%)  [34mtps: 845  [36mtflops: 40.69  [35mmfu: 4.11%[39m
[rank0]:[titan] 2026-03-17 10:49:37,101 - root - INFO - [31mstep: 160  [32mloss:  2.8771  [38;2;180;60;0mgrad_norm:  3.8370  [38;2;54;234;195mmemory: 72.92GiB(91.79%)  [34mtps: 843  [36mtflops: 40.64  [35mmfu: 4.11%[39m
[rank0]:[titan] 2026-03-17 10:49:39,527 - root - INFO - [31mstep: 161  [32mloss:  2.8475  [38;2;180;60;0mgrad_norm:  3.6684  [38;2;54;234;195mmemory: 72.92GiB(91.79%)  [34mtps: 844  [36mtflops: 40.69  [35mmfu: 4.11%[39m
[rank0]:[titan] 2026-03-17 10:49:41,955 - root - INFO - [31mstep: 162  [32mloss:  2.8542  [38;2;180;60;0mgrad_norm:  5.0197  [38;2;54;234;195mmemory: 72.92GiB(91.79%)  [34mtps: 844  [36mtflops: 40.64  [35mmfu: 4.11%[39m
[rank0]:[titan] 2026-03-17 10:49:44,380 - root - INFO - [31mstep: 163  [32mloss:  2.9372  [38;2;180;60;0mgrad_norm:  3.5755  [38;2;54;234;195mmemory: 72.92GiB(91.79%)  [34mtps: 845  [36mtflops: 40.70  [35mmfu: 4.12%[39m
[rank0]:[titan] 2026-03-17 10:49:46,810 - root - INFO - [31mstep: 164  [32mloss:  2.9097  [38;2;180;60;0mgrad_norm:  5.0466  [38;2;54;234;195mmemory: 72.92GiB(91.79%)  [34mtps: 843  [36mtflops: 40.63  [35mmfu: 4.11%[39m
[rank0]:[titan] 2026-03-17 10:49:49,234 - root - INFO - [31mstep: 165  [32mloss:  2.8867  [38;2;180;60;0mgrad_norm:  5.4189  [38;2;54;234;195mmemory: 72.92GiB(91.79%)  [34mtps: 845  [36mtflops: 40.71  [35mmfu: 4.12%[39m
[rank0]:[titan] 2026-03-17 10:49:51,662 - root - INFO - [31mstep: 166  [32mloss:  2.9141  [38;2;180;60;0mgrad_norm:  3.5851  [38;2;54;234;195mmemory: 72.92GiB(91.79%)  [34mtps: 844  [36mtflops: 40.65  [35mmfu: 4.11%[39m
[rank0]:[titan] 2026-03-17 10:49:54,092 - root - INFO - [31mstep: 167  [32mloss:  3.0157  [38;2;180;60;0mgrad_norm:  4.1254  [38;2;54;234;195mmemory: 72.92GiB(91.79%)  [34mtps: 843  [36mtflops: 40.62  [35mmfu: 4.11%[39m
[rank0]:[titan] 2026-03-17 10:49:56,516 - root - INFO - [31mstep: 168  [32mloss:  2.9256  [38;2;180;60;0mgrad_norm:  4.5537  [38;2;54;234;195mmemory: 72.92GiB(91.79%)  [34mtps: 845  [36mtflops: 40.72  [35mmfu: 4.12%[39m
[rank0]:[titan] 2026-03-17 10:49:58,946 - root - INFO - [31mstep: 169  [32mloss:  2.8992  [38;2;180;60;0mgrad_norm:  3.8108  [38;2;54;234;195mmemory: 72.92GiB(91.79%)  [34mtps: 843  [36mtflops: 40.61  [35mmfu: 4.11%[39m
[rank0]:[titan] 2026-03-17 10:50:01,373 - root - INFO - [31mstep: 170  [32mloss:  2.9734  [38;2;180;60;0mgrad_norm:  2.8494  [38;2;54;234;195mmemory: 72.92GiB(91.79%)  [34mtps: 844  [36mtflops: 40.68  [35mmfu: 4.11%[39m
[rank0]:[titan] 2026-03-17 10:50:03,797 - root - INFO - [31mstep: 171  [32mloss:  2.9691  [38;2;180;60;0mgrad_norm:  3.8031  [38;2;54;234;195mmemory: 72.92GiB(91.79%)  [34mtps: 845  [36mtflops: 40.71  [35mmfu: 4.12%[39m
[rank0]:[titan] 2026-03-17 10:50:06,220 - root - INFO - [31mstep: 172  [32mloss:  2.9283  [38;2;180;60;0mgrad_norm:  2.6997  [38;2;54;234;195mmemory: 72.92GiB(91.79%)  [34mtps: 845  [36mtflops: 40.73  [35mmfu: 4.12%[39m
[rank0]:[titan] 2026-03-17 10:50:08,647 - root - INFO - [31mstep: 173  [32mloss:  2.9361  [38;2;180;60;0mgrad_norm:  3.9510  [38;2;54;234;195mmemory: 72.92GiB(91.79%)  [34mtps: 844  [36mtflops: 40.66  [35mmfu: 4.11%[39m
[rank0]:[titan] 2026-03-17 10:50:11,073 - root - INFO - [31mstep: 174  [32mloss:  2.8672  [38;2;180;60;0mgrad_norm:  3.2929  [38;2;54;234;195mmemory: 72.92GiB(91.79%)  [34mtps: 844  [36mtflops: 40.69  [35mmfu: 4.11%[39m
[rank0]:[titan] 2026-03-17 10:50:13,497 - root - INFO - [31mstep: 175  [32mloss:  2.9111  [38;2;180;60;0mgrad_norm:  4.4362  [38;2;54;234;195mmemory: 72.92GiB(91.79%)  [34mtps: 845  [36mtflops: 40.71  [35mmfu: 4.12%[39m
[rank0]:[titan] 2026-03-17 10:50:15,922 - root - INFO - [31mstep: 176  [32mloss:  2.9290  [38;2;180;60;0mgrad_norm:  3.3572  [38;2;54;234;195mmemory: 72.92GiB(91.79%)  [34mtps: 845  [36mtflops: 40.70  [35mmfu: 4.11%[39m
[rank0]:[titan] 2026-03-17 10:50:18,353 - root - INFO - [31mstep: 177  [32mloss:  2.8922  [38;2;180;60;0mgrad_norm:  3.6633  [38;2;54;234;195mmemory: 72.92GiB(91.79%)  [34mtps: 843  [36mtflops: 40.61  [35mmfu: 4.11%[39m
[rank0]:[titan] 2026-03-17 10:50:20,777 - root - INFO - [31mstep: 178  [32mloss:  2.9060  [38;2;180;60;0mgrad_norm:  3.5115  [38;2;54;234;195mmemory: 72.92GiB(91.79%)  [34mtps: 845  [36mtflops: 40.72  [35mmfu: 4.12%[39m
[rank0]:[titan] 2026-03-17 10:50:23,206 - root - INFO - [31mstep: 179  [32mloss:  2.9358  [38;2;180;60;0mgrad_norm:  3.0929  [38;2;54;234;195mmemory: 72.92GiB(91.79%)  [34mtps: 843  [36mtflops: 40.63  [35mmfu: 4.11%[39m
[rank0]:[titan] 2026-03-17 10:50:25,641 - root - INFO - [31mstep: 180  [32mloss:  2.8990  [38;2;180;60;0mgrad_norm:  3.2736  [38;2;54;234;195mmemory: 72.92GiB(91.79%)  [34mtps: 841  [36mtflops: 40.54  [35mmfu: 4.10%[39m
[rank0]:[titan] 2026-03-17 10:50:28,066 - root - INFO - [31mstep: 181  [32mloss:  2.8822  [38;2;180;60;0mgrad_norm:  3.0266  [38;2;54;234;195mmemory: 72.92GiB(91.79%)  [34mtps: 845  [36mtflops: 40.71  [35mmfu: 4.12%[39m
[rank0]:[titan] 2026-03-17 10:50:30,492 - root - INFO - [31mstep: 182  [32mloss:  2.8943  [38;2;180;60;0mgrad_norm:  3.0645  [38;2;54;234;195mmemory: 72.92GiB(91.79%)  [34mtps: 845  [36mtflops: 40.69  [35mmfu: 4.11%[39m
[rank0]:[titan] 2026-03-17 10:50:32,916 - root - INFO - [31mstep: 183  [32mloss:  2.8651  [38;2;180;60;0mgrad_norm:  2.4564  [38;2;54;234;195mmemory: 72.92GiB(91.79%)  [34mtps: 845  [36mtflops: 40.72  [35mmfu: 4.12%[39m
[rank0]:[titan] 2026-03-17 10:50:35,340 - root - INFO - [31mstep: 184  [32mloss:  2.9176  [38;2;180;60;0mgrad_norm:  3.1162  [38;2;54;234;195mmemory: 72.92GiB(91.79%)  [34mtps: 845  [36mtflops: 40.72  [35mmfu: 4.12%[39m
[rank0]:[titan] 2026-03-17 10:50:37,770 - root - INFO - [31mstep: 185  [32mloss:  2.8819  [38;2;180;60;0mgrad_norm:  3.7788  [38;2;54;234;195mmemory: 72.92GiB(91.79%)  [34mtps: 843  [36mtflops: 40.61  [35mmfu: 4.11%[39m
[rank0]:[titan] 2026-03-17 10:50:40,195 - root - INFO - [31mstep: 186  [32mloss:  2.9307  [38;2;180;60;0mgrad_norm:  3.7886  [38;2;54;234;195mmemory: 72.92GiB(91.79%)  [34mtps: 845  [36mtflops: 40.70  [35mmfu: 4.12%[39m
[rank0]:[titan] 2026-03-17 10:50:42,620 - root - INFO - [31mstep: 187  [32mloss:  2.8540  [38;2;180;60;0mgrad_norm:  3.1686  [38;2;54;234;195mmemory: 72.92GiB(91.79%)  [34mtps: 845  [36mtflops: 40.71  [35mmfu: 4.12%[39m
[rank0]:[titan] 2026-03-17 10:50:45,044 - root - INFO - [31mstep: 188  [32mloss:  2.8833  [38;2;180;60;0mgrad_norm:  2.9595  [38;2;54;234;195mmemory: 72.92GiB(91.79%)  [34mtps: 845  [36mtflops: 40.71  [35mmfu: 4.12%[39m
[rank0]:[titan] 2026-03-17 10:50:47,473 - root - INFO - [31mstep: 189  [32mloss:  2.8505  [38;2;180;60;0mgrad_norm:  2.4676  [38;2;54;234;195mmemory: 72.92GiB(91.79%)  [34mtps: 844  [36mtflops: 40.65  [35mmfu: 4.11%[39m
[rank0]:[titan] 2026-03-17 10:50:49,902 - root - INFO - [31mstep: 190  [32mloss:  2.8578  [38;2;180;60;0mgrad_norm:  2.3327  [38;2;54;234;195mmemory: 72.92GiB(91.79%)  [34mtps: 843  [36mtflops: 40.63  [35mmfu: 4.11%[39m
[rank0]:[titan] 2026-03-17 10:50:52,327 - root - INFO - [31mstep: 191  [32mloss:  2.8423  [38;2;180;60;0mgrad_norm:  4.7983  [38;2;54;234;195mmemory: 72.92GiB(91.79%)  [34mtps: 845  [36mtflops: 40.70  [35mmfu: 4.12%[39m
[rank0]:[titan] 2026-03-17 10:50:54,750 - root - INFO - [31mstep: 192  [32mloss:  2.8672  [38;2;180;60;0mgrad_norm:  3.9347  [38;2;54;234;195mmemory: 72.92GiB(91.79%)  [34mtps: 845  [36mtflops: 40.74  [35mmfu: 4.12%[39m
[rank0]:[titan] 2026-03-17 10:50:57,176 - root - INFO - [31mstep: 193  [32mloss:  2.9504  [38;2;180;60;0mgrad_norm:  3.1901  [38;2;54;234;195mmemory: 72.92GiB(91.79%)  [34mtps: 844  [36mtflops: 40.68  [35mmfu: 4.11%[39m
[rank0]:[titan] 2026-03-17 10:50:59,626 - root - INFO - [31mstep: 194  [32mloss:  2.8287  [38;2;180;60;0mgrad_norm:  3.4116  [38;2;54;234;195mmemory: 72.92GiB(91.79%)  [34mtps: 836  [36mtflops: 40.29  [35mmfu: 4.07%[39m
[rank0]:[titan] 2026-03-17 10:51:02,051 - root - INFO - [31mstep: 195  [32mloss:  2.8779  [38;2;180;60;0mgrad_norm:  2.8310  [38;2;54;234;195mmemory: 72.92GiB(91.79%)  [34mtps: 845  [36mtflops: 40.70  [35mmfu: 4.11%[39m
[rank0]:[titan] 2026-03-17 10:51:04,475 - root - INFO - [31mstep: 196  [32mloss:  2.8662  [38;2;180;60;0mgrad_norm:  4.4427  [38;2;54;234;195mmemory: 72.92GiB(91.79%)  [34mtps: 845  [36mtflops: 40.72  [35mmfu: 4.12%[39m
[rank0]:[titan] 2026-03-17 10:51:06,901 - root - INFO - [31mstep: 197  [32mloss:  2.8914  [38;2;180;60;0mgrad_norm:  3.6614  [38;2;54;234;195mmemory: 72.92GiB(91.79%)  [34mtps: 844  [36mtflops: 40.68  [35mmfu: 4.11%[39m
[rank0]:[titan] 2026-03-17 10:51:09,335 - root - INFO - [31mstep: 198  [32mloss:  2.8907  [38;2;180;60;0mgrad_norm:  3.8766  [38;2;54;234;195mmemory: 72.92GiB(91.79%)  [34mtps: 842  [36mtflops: 40.55  [35mmfu: 4.10%[39m
[rank0]:[titan] 2026-03-17 10:51:11,763 - root - INFO - [31mstep: 199  [32mloss:  2.8406  [38;2;180;60;0mgrad_norm:  3.3602  [38;2;54;234;195mmemory: 72.92GiB(91.79%)  [34mtps: 844  [36mtflops: 40.65  [35mmfu: 4.11%[39m
[rank0]:[titan] 2026-03-17 10:51:14,198 - root - INFO - [31mstep: 200  [32mloss:  2.8169  [38;2;180;60;0mgrad_norm:  4.4036  [38;2;54;234;195mmemory: 72.92GiB(91.79%)  [34mtps: 841  [36mtflops: 40.54  [35mmfu: 4.10%[39m
[rank0]:[titan] 2026-03-17 10:51:16,623 - root - INFO - [31mstep: 201  [32mloss:  2.9097  [38;2;180;60;0mgrad_norm:  4.3918  [38;2;54;234;195mmemory: 72.92GiB(91.79%)  [34mtps: 845  [36mtflops: 40.70  [35mmfu: 4.12%[39m
[rank0]:[titan] 2026-03-17 10:51:19,047 - root - INFO - [31mstep: 202  [32mloss:  2.8949  [38;2;180;60;0mgrad_norm:  3.8510  [38;2;54;234;195mmemory: 72.92GiB(91.79%)  [34mtps: 845  [36mtflops: 40.71  [35mmfu: 4.12%[39m
[rank0]:[titan] 2026-03-17 10:51:21,473 - root - INFO - [31mstep: 203  [32mloss:  2.7640  [38;2;180;60;0mgrad_norm:  3.5621  [38;2;54;234;195mmemory: 72.92GiB(91.79%)  [34mtps: 844  [36mtflops: 40.69  [35mmfu: 4.11%[39m
[rank0]:[titan] 2026-03-17 10:51:23,898 - root - INFO - [31mstep: 204  [32mloss:  2.8409  [38;2;180;60;0mgrad_norm:  4.0268  [38;2;54;234;195mmemory: 72.92GiB(91.79%)  [34mtps: 845  [36mtflops: 40.71  [35mmfu: 4.12%[39m
[rank0]:[titan] 2026-03-17 10:51:26,324 - root - INFO - [31mstep: 205  [32mloss:  2.8290  [38;2;180;60;0mgrad_norm:  4.5750  [38;2;54;234;195mmemory: 72.92GiB(91.79%)  [34mtps: 844  [36mtflops: 40.67  [35mmfu: 4.11%[39m
[rank0]:[titan] 2026-03-17 10:51:28,763 - root - INFO - [31mstep: 206  [32mloss:  2.8322  [38;2;180;60;0mgrad_norm:  2.8052  [38;2;54;234;195mmemory: 72.92GiB(91.79%)  [34mtps: 840  [36mtflops: 40.48  [35mmfu: 4.09%[39m
[rank0]:[titan] 2026-03-17 10:51:31,190 - root - INFO - [31mstep: 207  [32mloss:  2.8074  [38;2;180;60;0mgrad_norm:  3.0048  [38;2;54;234;195mmemory: 72.92GiB(91.79%)  [34mtps: 844  [36mtflops: 40.66  [35mmfu: 4.11%[39m
[rank0]:[titan] 2026-03-17 10:51:33,615 - root - INFO - [31mstep: 208  [32mloss:  2.7896  [38;2;180;60;0mgrad_norm:  1.9996  [38;2;54;234;195mmemory: 72.92GiB(91.79%)  [34mtps: 845  [36mtflops: 40.70  [35mmfu: 4.12%[39m
[rank0]:[titan] 2026-03-17 10:51:36,039 - root - INFO - [31mstep: 209  [32mloss:  2.8130  [38;2;180;60;0mgrad_norm:  4.5853  [38;2;54;234;195mmemory: 72.92GiB(91.79%)  [34mtps: 845  [36mtflops: 40.72  [35mmfu: 4.12%[39m
[rank0]:[titan] 2026-03-17 10:51:38,462 - root - INFO - [31mstep: 210  [32mloss:  2.7926  [38;2;180;60;0mgrad_norm:  2.5425  [38;2;54;234;195mmemory: 72.92GiB(91.79%)  [34mtps: 846  [36mtflops: 40.74  [35mmfu: 4.12%[39m
[rank0]:[titan] 2026-03-17 10:51:40,887 - root - INFO - [31mstep: 211  [32mloss:  2.8487  [38;2;180;60;0mgrad_norm:  4.6547  [38;2;54;234;195mmemory: 72.92GiB(91.79%)  [34mtps: 845  [36mtflops: 40.71  [35mmfu: 4.12%[39m
[rank0]:[titan] 2026-03-17 10:51:40,888 - root - WARNING - Dataset c4_test is being re-looped
[rank0]:[titan] 2026-03-17 10:51:43,313 - root - INFO - [31mstep: 212  [32mloss:  2.8787  [38;2;180;60;0mgrad_norm:  4.2389  [38;2;54;234;195mmemory: 72.92GiB(91.79%)  [34mtps: 845  [36mtflops: 40.69  [35mmfu: 4.11%[39m
[rank0]:[titan] 2026-03-17 10:51:45,739 - root - INFO - [31mstep: 213  [32mloss:  2.7878  [38;2;180;60;0mgrad_norm:  3.2385  [38;2;54;234;195mmemory: 72.92GiB(91.79%)  [34mtps: 844  [36mtflops: 40.68  [35mmfu: 4.11%[39m
[rank0]:[titan] 2026-03-17 10:51:48,164 - root - INFO - [31mstep: 214  [32mloss:  2.8443  [38;2;180;60;0mgrad_norm:  6.1044  [38;2;54;234;195mmemory: 72.92GiB(91.79%)  [34mtps: 845  [36mtflops: 40.69  [35mmfu: 4.11%[39m
[rank0]:[titan] 2026-03-17 10:51:50,591 - root - INFO - [31mstep: 215  [32mloss:  2.8953  [38;2;180;60;0mgrad_norm:  4.4629  [38;2;54;234;195mmemory: 72.92GiB(91.79%)  [34mtps: 844  [36mtflops: 40.67  [35mmfu: 4.11%[39m
[rank0]:[titan] 2026-03-17 10:51:53,018 - root - INFO - [31mstep: 216  [32mloss:  2.8497  [38;2;180;60;0mgrad_norm:  3.2209  [38;2;54;234;195mmemory: 72.92GiB(91.79%)  [34mtps: 844  [36mtflops: 40.66  [35mmfu: 4.11%[39m
[rank0]:[titan] 2026-03-17 10:51:55,445 - root - INFO - [31mstep: 217  [32mloss:  2.8164  [38;2;180;60;0mgrad_norm:  5.1786  [38;2;54;234;195mmemory: 72.92GiB(91.79%)  [34mtps: 844  [36mtflops: 40.67  [35mmfu: 4.11%[39m
[rank0]:[titan] 2026-03-17 10:51:57,868 - root - INFO - [31mstep: 218  [32mloss:  2.7984  [38;2;180;60;0mgrad_norm:  3.5345  [38;2;54;234;195mmemory: 72.92GiB(91.79%)  [34mtps: 845  [36mtflops: 40.74  [35mmfu: 4.12%[39m
[rank0]:[titan] 2026-03-17 10:52:00,295 - root - INFO - [31mstep: 219  [32mloss:  2.7781  [38;2;180;60;0mgrad_norm:  3.5438  [38;2;54;234;195mmemory: 72.92GiB(91.79%)  [34mtps: 844  [36mtflops: 40.68  [35mmfu: 4.11%[39m
[rank0]:[titan] 2026-03-17 10:52:02,727 - root - INFO - [31mstep: 220  [32mloss:  2.7951  [38;2;180;60;0mgrad_norm:  3.9867  [38;2;54;234;195mmemory: 72.92GiB(91.79%)  [34mtps: 842  [36mtflops: 40.58  [35mmfu: 4.10%[39m
[rank0]:[titan] 2026-03-17 10:52:05,153 - root - INFO - [31mstep: 221  [32mloss:  2.8511  [38;2;180;60;0mgrad_norm:  4.7318  [38;2;54;234;195mmemory: 72.92GiB(91.79%)  [34mtps: 844  [36mtflops: 40.67  [35mmfu: 4.11%[39m
[rank0]:[titan] 2026-03-17 10:52:07,589 - root - INFO - [31mstep: 222  [32mloss:  2.7909  [38;2;180;60;0mgrad_norm:  2.7372  [38;2;54;234;195mmemory: 72.92GiB(91.79%)  [34mtps: 841  [36mtflops: 40.53  [35mmfu: 4.10%[39m
[rank0]:[titan] 2026-03-17 10:52:10,013 - root - INFO - [31mstep: 223  [32mloss:  2.8202  [38;2;180;60;0mgrad_norm:  3.5249  [38;2;54;234;195mmemory: 72.92GiB(91.79%)  [34mtps: 845  [36mtflops: 40.72  [35mmfu: 4.12%[39m
[rank0]:[titan] 2026-03-17 10:52:12,442 - root - INFO - [31mstep: 224  [32mloss:  2.8375  [38;2;180;60;0mgrad_norm:  3.4419  [38;2;54;234;195mmemory: 72.92GiB(91.79%)  [34mtps: 843  [36mtflops: 40.63  [35mmfu: 4.11%[39m
[rank0]:[titan] 2026-03-17 10:52:14,873 - root - INFO - [31mstep: 225  [32mloss:  2.8583  [38;2;180;60;0mgrad_norm:  4.6205  [38;2;54;234;195mmemory: 72.92GiB(91.79%)  [34mtps: 843  [36mtflops: 40.60  [35mmfu: 4.11%[39m
[rank0]:[titan] 2026-03-17 10:52:17,299 - root - INFO - [31mstep: 226  [32mloss:  2.8518  [38;2;180;60;0mgrad_norm:  3.8550  [38;2;54;234;195mmemory: 72.92GiB(91.79%)  [34mtps: 844  [36mtflops: 40.69  [35mmfu: 4.11%[39m
[rank0]:[titan] 2026-03-17 10:52:19,728 - root - INFO - [31mstep: 227  [32mloss:  2.8012  [38;2;180;60;0mgrad_norm:  3.1424  [38;2;54;234;195mmemory: 72.92GiB(91.79%)  [34mtps: 843  [36mtflops: 40.64  [35mmfu: 4.11%[39m
[rank0]:[titan] 2026-03-17 10:52:22,159 - root - INFO - [31mstep: 228  [32mloss:  2.8070  [38;2;180;60;0mgrad_norm:  3.6000  [38;2;54;234;195mmemory: 72.92GiB(91.79%)  [34mtps: 843  [36mtflops: 40.60  [35mmfu: 4.10%[39m
[rank0]:[titan] 2026-03-17 10:52:24,584 - root - INFO - [31mstep: 229  [32mloss:  2.8291  [38;2;180;60;0mgrad_norm:  3.2057  [38;2;54;234;195mmemory: 72.92GiB(91.79%)  [34mtps: 845  [36mtflops: 40.70  [35mmfu: 4.12%[39m
[rank0]:[titan] 2026-03-17 10:52:27,008 - root - INFO - [31mstep: 230  [32mloss:  2.8685  [38;2;180;60;0mgrad_norm:  2.7017  [38;2;54;234;195mmemory: 72.92GiB(91.79%)  [34mtps: 845  [36mtflops: 40.73  [35mmfu: 4.12%[39m
[rank0]:[titan] 2026-03-17 10:52:29,432 - root - INFO - [31mstep: 231  [32mloss:  2.9109  [38;2;180;60;0mgrad_norm:  3.4400  [38;2;54;234;195mmemory: 72.92GiB(91.79%)  [34mtps: 845  [36mtflops: 40.71  [35mmfu: 4.12%[39m
[rank0]:[titan] 2026-03-17 10:52:31,854 - root - INFO - [31mstep: 232  [32mloss:  2.8224  [38;2;180;60;0mgrad_norm:  2.8421  [38;2;54;234;195mmemory: 72.92GiB(91.79%)  [34mtps: 846  [36mtflops: 40.74  [35mmfu: 4.12%[39m
[rank0]:[titan] 2026-03-17 10:52:34,280 - root - INFO - [31mstep: 233  [32mloss:  2.8480  [38;2;180;60;0mgrad_norm:  3.5179  [38;2;54;234;195mmemory: 72.92GiB(91.79%)  [34mtps: 844  [36mtflops: 40.68  [35mmfu: 4.11%[39m
[rank0]:[titan] 2026-03-17 10:52:36,710 - root - INFO - [31mstep: 234  [32mloss:  2.8142  [38;2;180;60;0mgrad_norm:  2.6652  [38;2;54;234;195mmemory: 72.92GiB(91.79%)  [34mtps: 843  [36mtflops: 40.63  [35mmfu: 4.11%[39m
[rank0]:[titan] 2026-03-17 10:52:39,133 - root - INFO - [31mstep: 235  [32mloss:  2.7805  [38;2;180;60;0mgrad_norm:  2.5737  [38;2;54;234;195mmemory: 72.92GiB(91.79%)  [34mtps: 845  [36mtflops: 40.72  [35mmfu: 4.12%[39m
[rank0]:[titan] 2026-03-17 10:52:41,575 - root - INFO - [31mstep: 236  [32mloss:  2.8017  [38;2;180;60;0mgrad_norm:  3.1146  [38;2;54;234;195mmemory: 72.92GiB(91.79%)  [34mtps: 839  [36mtflops: 40.42  [35mmfu: 4.09%[39m
[rank0]:[titan] 2026-03-17 10:52:43,998 - root - INFO - [31mstep: 237  [32mloss:  2.8073  [38;2;180;60;0mgrad_norm:  2.7798  [38;2;54;234;195mmemory: 72.92GiB(91.79%)  [34mtps: 846  [36mtflops: 40.75  [35mmfu: 4.12%[39m
[rank0]:[titan] 2026-03-17 10:52:46,422 - root - INFO - [31mstep: 238  [32mloss:  2.7901  [38;2;180;60;0mgrad_norm:  3.6565  [38;2;54;234;195mmemory: 72.92GiB(91.79%)  [34mtps: 845  [36mtflops: 40.71  [35mmfu: 4.12%[39m
[rank0]:[titan] 2026-03-17 10:52:48,848 - root - INFO - [31mstep: 239  [32mloss:  2.7958  [38;2;180;60;0mgrad_norm:  2.6395  [38;2;54;234;195mmemory: 72.92GiB(91.79%)  [34mtps: 844  [36mtflops: 40.69  [35mmfu: 4.11%[39m
[rank0]:[titan] 2026-03-17 10:52:51,273 - root - INFO - [31mstep: 240  [32mloss:  2.8426  [38;2;180;60;0mgrad_norm:  3.7200  [38;2;54;234;195mmemory: 72.92GiB(91.79%)  [34mtps: 845  [36mtflops: 40.70  [35mmfu: 4.12%[39m
[rank0]:[titan] 2026-03-17 10:52:53,699 - root - INFO - [31mstep: 241  [32mloss:  2.7917  [38;2;180;60;0mgrad_norm:  3.2277  [38;2;54;234;195mmemory: 72.92GiB(91.79%)  [34mtps: 844  [36mtflops: 40.68  [35mmfu: 4.11%[39m
[rank0]:[titan] 2026-03-17 10:52:56,125 - root - INFO - [31mstep: 242  [32mloss:  2.8064  [38;2;180;60;0mgrad_norm:  3.5658  [38;2;54;234;195mmemory: 72.92GiB(91.79%)  [34mtps: 844  [36mtflops: 40.68  [35mmfu: 4.11%[39m
[rank0]:[titan] 2026-03-17 10:52:58,549 - root - INFO - [31mstep: 243  [32mloss:  2.8207  [38;2;180;60;0mgrad_norm:  2.8492  [38;2;54;234;195mmemory: 72.92GiB(91.79%)  [34mtps: 845  [36mtflops: 40.72  [35mmfu: 4.12%[39m
[rank0]:[titan] 2026-03-17 10:53:00,976 - root - INFO - [31mstep: 244  [32mloss:  2.7999  [38;2;180;60;0mgrad_norm:  2.8922  [38;2;54;234;195mmemory: 72.92GiB(91.79%)  [34mtps: 844  [36mtflops: 40.67  [35mmfu: 4.11%[39m
[rank0]:[titan] 2026-03-17 10:53:03,399 - root - INFO - [31mstep: 245  [32mloss:  2.8077  [38;2;180;60;0mgrad_norm:  2.9994  [38;2;54;234;195mmemory: 72.92GiB(91.79%)  [34mtps: 845  [36mtflops: 40.73  [35mmfu: 4.12%[39m
[rank0]:[titan] 2026-03-17 10:53:05,822 - root - INFO - [31mstep: 246  [32mloss:  2.7862  [38;2;180;60;0mgrad_norm:  2.9314  [38;2;54;234;195mmemory: 72.92GiB(91.79%)  [34mtps: 845  [36mtflops: 40.73  [35mmfu: 4.12%[39m
[rank0]:[titan] 2026-03-17 10:53:08,249 - root - INFO - [31mstep: 247  [32mloss:  2.7650  [38;2;180;60;0mgrad_norm:  3.2122  [38;2;54;234;195mmemory: 72.92GiB(91.79%)  [34mtps: 844  [36mtflops: 40.67  [35mmfu: 4.11%[39m
[rank0]:[titan] 2026-03-17 10:53:10,683 - root - INFO - [31mstep: 248  [32mloss:  2.8567  [38;2;180;60;0mgrad_norm:  2.6773  [38;2;54;234;195mmemory: 72.92GiB(91.79%)  [34mtps: 842  [36mtflops: 40.55  [35mmfu: 4.10%[39m
[rank0]:[titan] 2026-03-17 10:53:13,107 - root - INFO - [31mstep: 249  [32mloss:  2.7983  [38;2;180;60;0mgrad_norm:  2.5463  [38;2;54;234;195mmemory: 72.92GiB(91.79%)  [34mtps: 845  [36mtflops: 40.73  [35mmfu: 4.12%[39m
[rank0]:[titan] 2026-03-17 10:53:15,534 - root - INFO - [31mstep: 250  [32mloss:  2.8752  [38;2;180;60;0mgrad_norm:  3.2764  [38;2;54;234;195mmemory: 72.92GiB(91.79%)  [34mtps: 844  [36mtflops: 40.66  [35mmfu: 4.11%[39m
[rank0]:[titan] 2026-03-17 10:53:17,959 - root - INFO - [31mstep: 251  [32mloss:  2.7756  [38;2;180;60;0mgrad_norm:  2.7101  [38;2;54;234;195mmemory: 72.92GiB(91.79%)  [34mtps: 845  [36mtflops: 40.71  [35mmfu: 4.12%[39m
[rank0]:[titan] 2026-03-17 10:53:20,384 - root - INFO - [31mstep: 252  [32mloss:  2.7632  [38;2;180;60;0mgrad_norm:  3.6991  [38;2;54;234;195mmemory: 72.92GiB(91.79%)  [34mtps: 845  [36mtflops: 40.70  [35mmfu: 4.11%[39m
[rank0]:[titan] 2026-03-17 10:53:22,809 - root - INFO - [31mstep: 253  [32mloss:  2.8073  [38;2;180;60;0mgrad_norm:  3.3300  [38;2;54;234;195mmemory: 72.92GiB(91.79%)  [34mtps: 845  [36mtflops: 40.70  [35mmfu: 4.12%[39m
[rank0]:[titan] 2026-03-17 10:53:25,234 - root - INFO - [31mstep: 254  [32mloss:  2.7832  [38;2;180;60;0mgrad_norm:  3.4994  [38;2;54;234;195mmemory: 72.92GiB(91.79%)  [34mtps: 845  [36mtflops: 40.71  [35mmfu: 4.12%[39m
[rank0]:[titan] 2026-03-17 10:53:27,666 - root - INFO - [31mstep: 255  [32mloss:  2.8338  [38;2;180;60;0mgrad_norm:  3.4658  [38;2;54;234;195mmemory: 72.92GiB(91.79%)  [34mtps: 842  [36mtflops: 40.58  [35mmfu: 4.10%[39m
[rank0]:[titan] 2026-03-17 10:53:30,093 - root - INFO - [31mstep: 256  [32mloss:  2.8209  [38;2;180;60;0mgrad_norm:  2.9818  [38;2;54;234;195mmemory: 72.92GiB(91.79%)  [34mtps: 844  [36mtflops: 40.67  [35mmfu: 4.11%[39m
[rank0]:[titan] 2026-03-17 10:53:32,520 - root - INFO - [31mstep: 257  [32mloss:  2.8097  [38;2;180;60;0mgrad_norm:  3.3378  [38;2;54;234;195mmemory: 72.92GiB(91.79%)  [34mtps: 844  [36mtflops: 40.66  [35mmfu: 4.11%[39m
[rank0]:[titan] 2026-03-17 10:53:34,949 - root - INFO - [31mstep: 258  [32mloss:  2.8492  [38;2;180;60;0mgrad_norm:  3.0786  [38;2;54;234;195mmemory: 72.92GiB(91.79%)  [34mtps: 843  [36mtflops: 40.63  [35mmfu: 4.11%[39m
[rank0]:[titan] 2026-03-17 10:53:37,373 - root - INFO - [31mstep: 259  [32mloss:  2.7972  [38;2;180;60;0mgrad_norm:  3.0531  [38;2;54;234;195mmemory: 72.92GiB(91.79%)  [34mtps: 845  [36mtflops: 40.72  [35mmfu: 4.12%[39m
[rank0]:[titan] 2026-03-17 10:53:39,799 - root - INFO - [31mstep: 260  [32mloss:  2.7875  [38;2;180;60;0mgrad_norm:  3.4376  [38;2;54;234;195mmemory: 72.92GiB(91.79%)  [34mtps: 845  [36mtflops: 40.69  [35mmfu: 4.11%[39m
[rank0]:[titan] 2026-03-17 10:53:42,225 - root - INFO - [31mstep: 261  [32mloss:  2.7965  [38;2;180;60;0mgrad_norm:  2.8531  [38;2;54;234;195mmemory: 72.92GiB(91.79%)  [34mtps: 844  [36mtflops: 40.68  [35mmfu: 4.11%[39m
[rank0]:[titan] 2026-03-17 10:53:44,656 - root - INFO - [31mstep: 262  [32mloss:  2.8791  [38;2;180;60;0mgrad_norm:  2.8177  [38;2;54;234;195mmemory: 72.92GiB(91.79%)  [34mtps: 843  [36mtflops: 40.61  [35mmfu: 4.11%[39m
[rank0]:[titan] 2026-03-17 10:53:47,081 - root - INFO - [31mstep: 263  [32mloss:  2.8245  [38;2;180;60;0mgrad_norm:  3.7096  [38;2;54;234;195mmemory: 72.92GiB(91.79%)  [34mtps: 845  [36mtflops: 40.71  [35mmfu: 4.12%[39m
[rank0]:[titan] 2026-03-17 10:53:49,505 - root - INFO - [31mstep: 264  [32mloss:  2.8069  [38;2;180;60;0mgrad_norm:  2.7955  [38;2;54;234;195mmemory: 72.92GiB(91.79%)  [34mtps: 845  [36mtflops: 40.70  [35mmfu: 4.12%[39m
[rank0]:[titan] 2026-03-17 10:53:51,938 - root - INFO - [31mstep: 265  [32mloss:  2.8374  [38;2;180;60;0mgrad_norm:  3.1509  [38;2;54;234;195mmemory: 72.92GiB(91.79%)  [34mtps: 842  [36mtflops: 40.57  [35mmfu: 4.10%[39m
[rank0]:[titan] 2026-03-17 10:53:54,364 - root - INFO - [31mstep: 266  [32mloss:  2.8027  [38;2;180;60;0mgrad_norm:  2.9086  [38;2;54;234;195mmemory: 72.92GiB(91.79%)  [34mtps: 844  [36mtflops: 40.69  [35mmfu: 4.11%[39m
[rank0]:[titan] 2026-03-17 10:53:56,790 - root - INFO - [31mstep: 267  [32mloss:  2.8155  [38;2;180;60;0mgrad_norm:  3.2129  [38;2;54;234;195mmemory: 72.92GiB(91.79%)  [34mtps: 844  [36mtflops: 40.68  [35mmfu: 4.11%[39m
[rank0]:[titan] 2026-03-17 10:53:59,218 - root - INFO - [31mstep: 268  [32mloss:  2.8000  [38;2;180;60;0mgrad_norm:  2.9906  [38;2;54;234;195mmemory: 72.92GiB(91.79%)  [34mtps: 844  [36mtflops: 40.66  [35mmfu: 4.11%[39m
[rank0]:[titan] 2026-03-17 10:54:01,648 - root - INFO - [31mstep: 269  [32mloss:  2.8482  [38;2;180;60;0mgrad_norm:  2.8517  [38;2;54;234;195mmemory: 72.92GiB(91.79%)  [34mtps: 843  [36mtflops: 40.60  [35mmfu: 4.11%[39m
[rank0]:[titan] 2026-03-17 10:54:04,074 - root - INFO - [31mstep: 270  [32mloss:  2.7748  [38;2;180;60;0mgrad_norm:  2.7536  [38;2;54;234;195mmemory: 72.92GiB(91.79%)  [34mtps: 845  [36mtflops: 40.70  [35mmfu: 4.11%[39m
[rank0]:[titan] 2026-03-17 10:54:06,497 - root - INFO - [31mstep: 271  [32mloss:  2.8819  [38;2;180;60;0mgrad_norm:  2.9190  [38;2;54;234;195mmemory: 72.92GiB(91.79%)  [34mtps: 845  [36mtflops: 40.72  [35mmfu: 4.12%[39m
[rank0]:[titan] 2026-03-17 10:54:08,926 - root - INFO - [31mstep: 272  [32mloss:  2.9013  [38;2;180;60;0mgrad_norm:  2.3391  [38;2;54;234;195mmemory: 72.92GiB(91.79%)  [34mtps: 844  [36mtflops: 40.65  [35mmfu: 4.11%[39m
[rank0]:[titan] 2026-03-17 10:54:11,356 - root - INFO - [31mstep: 273  [32mloss:  2.8769  [38;2;180;60;0mgrad_norm:  2.5566  [38;2;54;234;195mmemory: 72.92GiB(91.79%)  [34mtps: 843  [36mtflops: 40.63  [35mmfu: 4.11%[39m
[rank0]:[titan] 2026-03-17 10:54:13,780 - root - INFO - [31mstep: 274  [32mloss:  2.9407  [38;2;180;60;0mgrad_norm:  4.3738  [38;2;54;234;195mmemory: 72.92GiB(91.79%)  [34mtps: 845  [36mtflops: 40.71  [35mmfu: 4.12%[39m
[rank0]:[titan] 2026-03-17 10:54:16,204 - root - INFO - [31mstep: 275  [32mloss:  2.8908  [38;2;180;60;0mgrad_norm:  4.1281  [38;2;54;234;195mmemory: 72.92GiB(91.79%)  [34mtps: 845  [36mtflops: 40.72  [35mmfu: 4.12%[39m
[rank0]:[titan] 2026-03-17 10:54:18,629 - root - INFO - [31mstep: 276  [32mloss:  2.8415  [38;2;180;60;0mgrad_norm:  2.5519  [38;2;54;234;195mmemory: 72.92GiB(91.79%)  [34mtps: 845  [36mtflops: 40.71  [35mmfu: 4.12%[39m
[rank0]:[titan] 2026-03-17 10:54:21,055 - root - INFO - [31mstep: 277  [32mloss:  2.8513  [38;2;180;60;0mgrad_norm:  3.4782  [38;2;54;234;195mmemory: 72.92GiB(91.79%)  [34mtps: 844  [36mtflops: 40.69  [35mmfu: 4.11%[39m
[rank0]:[titan] 2026-03-17 10:54:23,487 - root - INFO - [31mstep: 278  [32mloss:  2.8139  [38;2;180;60;0mgrad_norm:  2.7849  [38;2;54;234;195mmemory: 72.92GiB(91.79%)  [34mtps: 842  [36mtflops: 40.58  [35mmfu: 4.10%[39m
[rank0]:[titan] 2026-03-17 10:54:25,912 - root - INFO - [31mstep: 279  [32mloss:  2.8308  [38;2;180;60;0mgrad_norm:  3.0250  [38;2;54;234;195mmemory: 72.92GiB(91.79%)  [34mtps: 845  [36mtflops: 40.70  [35mmfu: 4.12%[39m
[rank0]:[titan] 2026-03-17 10:54:28,337 - root - INFO - [31mstep: 280  [32mloss:  2.8996  [38;2;180;60;0mgrad_norm:  2.7490  [38;2;54;234;195mmemory: 72.92GiB(91.79%)  [34mtps: 845  [36mtflops: 40.70  [35mmfu: 4.11%[39m
[rank0]:[titan] 2026-03-17 10:54:30,760 - root - INFO - [31mstep: 281  [32mloss:  2.8052  [38;2;180;60;0mgrad_norm:  2.7838  [38;2;54;234;195mmemory: 72.92GiB(91.79%)  [34mtps: 845  [36mtflops: 40.73  [35mmfu: 4.12%[39m
[rank0]:[titan] 2026-03-17 10:54:33,186 - root - INFO - [31mstep: 282  [32mloss:  2.9290  [38;2;180;60;0mgrad_norm:  3.8147  [38;2;54;234;195mmemory: 72.92GiB(91.79%)  [34mtps: 845  [36mtflops: 40.69  [35mmfu: 4.11%[39m
[rank0]:[titan] 2026-03-17 10:54:35,620 - root - INFO - [31mstep: 283  [32mloss:  2.9888  [38;2;180;60;0mgrad_norm:  3.1881  [38;2;54;234;195mmemory: 72.92GiB(91.79%)  [34mtps: 842  [36mtflops: 40.55  [35mmfu: 4.10%[39m
[rank0]:[titan] 2026-03-17 10:54:38,046 - root - INFO - [31mstep: 284  [32mloss:  2.9954  [38;2;180;60;0mgrad_norm:  3.4164  [38;2;54;234;195mmemory: 72.92GiB(91.79%)  [34mtps: 844  [36mtflops: 40.67  [35mmfu: 4.11%[39m
[rank0]:[titan] 2026-03-17 10:54:40,471 - root - INFO - [31mstep: 285  [32mloss:  2.8639  [38;2;180;60;0mgrad_norm:  3.1809  [38;2;54;234;195mmemory: 72.92GiB(91.79%)  [34mtps: 845  [36mtflops: 40.70  [35mmfu: 4.11%[39m
[rank0]:[titan] 2026-03-17 10:54:42,898 - root - INFO - [31mstep: 286  [32mloss:  2.7997  [38;2;180;60;0mgrad_norm:  2.4643  [38;2;54;234;195mmemory: 72.92GiB(91.79%)  [34mtps: 844  [36mtflops: 40.68  [35mmfu: 4.11%[39m
[rank0]:[titan] 2026-03-17 10:54:45,327 - root - INFO - [31mstep: 287  [32mloss:  2.8370  [38;2;180;60;0mgrad_norm:  4.9418  [38;2;54;234;195mmemory: 72.92GiB(91.79%)  [34mtps: 843  [36mtflops: 40.63  [35mmfu: 4.11%[39m
[rank0]:[titan] 2026-03-17 10:54:47,759 - root - INFO - [31mstep: 288  [32mloss:  2.8347  [38;2;180;60;0mgrad_norm:  2.9086  [38;2;54;234;195mmemory: 72.92GiB(91.79%)  [34mtps: 842  [36mtflops: 40.58  [35mmfu: 4.10%[39m
[rank0]:[titan] 2026-03-17 10:54:50,185 - root - INFO - [31mstep: 289  [32mloss:  2.7946  [38;2;180;60;0mgrad_norm:  3.7370  [38;2;54;234;195mmemory: 72.92GiB(91.79%)  [34mtps: 844  [36mtflops: 40.68  [35mmfu: 4.11%[39m
[rank0]:[titan] 2026-03-17 10:54:52,612 - root - INFO - [31mstep: 290  [32mloss:  2.8062  [38;2;180;60;0mgrad_norm:  3.5486  [38;2;54;234;195mmemory: 72.92GiB(91.79%)  [34mtps: 844  [36mtflops: 40.67  [35mmfu: 4.11%[39m
[rank0]:[titan] 2026-03-17 10:54:55,039 - root - INFO - [31mstep: 291  [32mloss:  2.7875  [38;2;180;60;0mgrad_norm:  2.7966  [38;2;54;234;195mmemory: 72.92GiB(91.79%)  [34mtps: 844  [36mtflops: 40.67  [35mmfu: 4.11%[39m
[rank0]:[titan] 2026-03-17 10:54:57,463 - root - INFO - [31mstep: 292  [32mloss:  2.7955  [38;2;180;60;0mgrad_norm:  3.3540  [38;2;54;234;195mmemory: 72.92GiB(91.79%)  [34mtps: 845  [36mtflops: 40.71  [35mmfu: 4.12%[39m
[rank0]:[titan] 2026-03-17 10:54:59,890 - root - INFO - [31mstep: 293  [32mloss:  2.7974  [38;2;180;60;0mgrad_norm:  2.7522  [38;2;54;234;195mmemory: 72.92GiB(91.79%)  [34mtps: 844  [36mtflops: 40.67  [35mmfu: 4.11%[39m
[rank0]:[titan] 2026-03-17 10:55:02,313 - root - INFO - [31mstep: 294  [32mloss:  2.7800  [38;2;180;60;0mgrad_norm:  2.6130  [38;2;54;234;195mmemory: 72.92GiB(91.79%)  [34mtps: 845  [36mtflops: 40.73  [35mmfu: 4.12%[39m
[rank0]:[titan] 2026-03-17 10:55:04,740 - root - INFO - [31mstep: 295  [32mloss:  2.8593  [38;2;180;60;0mgrad_norm:  2.3502  [38;2;54;234;195mmemory: 72.92GiB(91.79%)  [34mtps: 844  [36mtflops: 40.66  [35mmfu: 4.11%[39m
[rank0]:[titan] 2026-03-17 10:55:07,166 - root - INFO - [31mstep: 296  [32mloss:  2.8704  [38;2;180;60;0mgrad_norm:  3.3506  [38;2;54;234;195mmemory: 72.92GiB(91.79%)  [34mtps: 844  [36mtflops: 40.68  [35mmfu: 4.11%[39m
[rank0]:[titan] 2026-03-17 10:55:09,594 - root - INFO - [31mstep: 297  [32mloss:  2.8852  [38;2;180;60;0mgrad_norm:  2.6804  [38;2;54;234;195mmemory: 72.92GiB(91.79%)  [34mtps: 844  [36mtflops: 40.66  [35mmfu: 4.11%[39m
[rank0]:[titan] 2026-03-17 10:55:12,017 - root - INFO - [31mstep: 298  [32mloss:  2.7984  [38;2;180;60;0mgrad_norm:  3.2142  [38;2;54;234;195mmemory: 72.92GiB(91.79%)  [34mtps: 845  [36mtflops: 40.73  [35mmfu: 4.12%[39m
[rank0]:[titan] 2026-03-17 10:55:14,441 - root - INFO - [31mstep: 299  [32mloss:  2.7450  [38;2;180;60;0mgrad_norm:  3.0491  [38;2;54;234;195mmemory: 72.92GiB(91.79%)  [34mtps: 845  [36mtflops: 40.72  [35mmfu: 4.12%[39m
[rank0]:[titan] 2026-03-17 10:55:16,869 - root - INFO - [31mstep: 300  [32mloss:  2.7847  [38;2;180;60;0mgrad_norm:  3.2745  [38;2;54;234;195mmemory: 72.92GiB(91.79%)  [34mtps: 843  [36mtflops: 40.64  [35mmfu: 4.11%[39m
[rank0]:[titan] 2026-03-17 10:55:19,293 - root - INFO - [31mstep: 301  [32mloss:  2.7542  [38;2;180;60;0mgrad_norm:  3.0201  [38;2;54;234;195mmemory: 72.92GiB(91.79%)  [34mtps: 845  [36mtflops: 40.72  [35mmfu: 4.12%[39m
[rank0]:[titan] 2026-03-17 10:55:21,720 - root - INFO - [31mstep: 302  [32mloss:  2.7367  [38;2;180;60;0mgrad_norm:  2.7309  [38;2;54;234;195mmemory: 72.92GiB(91.79%)  [34mtps: 844  [36mtflops: 40.66  [35mmfu: 4.11%[39m
[rank0]:[titan] 2026-03-17 10:55:24,152 - root - INFO - [31mstep: 303  [32mloss:  2.8429  [38;2;180;60;0mgrad_norm:  2.9257  [38;2;54;234;195mmemory: 72.92GiB(91.79%)  [34mtps: 842  [36mtflops: 40.58  [35mmfu: 4.10%[39m
[rank0]:[titan] 2026-03-17 10:55:26,577 - root - INFO - [31mstep: 304  [32mloss:  2.8487  [38;2;180;60;0mgrad_norm:  2.9176  [38;2;54;234;195mmemory: 72.92GiB(91.79%)  [34mtps: 845  [36mtflops: 40.71  [35mmfu: 4.12%[39m
[rank0]:[titan] 2026-03-17 10:55:29,001 - root - INFO - [31mstep: 305  [32mloss:  2.8351  [38;2;180;60;0mgrad_norm:  2.8097  [38;2;54;234;195mmemory: 72.92GiB(91.79%)  [34mtps: 845  [36mtflops: 40.71  [35mmfu: 4.12%[39m
[rank0]:[titan] 2026-03-17 10:55:31,432 - root - INFO - [31mstep: 306  [32mloss:  2.8185  [38;2;180;60;0mgrad_norm:  2.3880  [38;2;54;234;195mmemory: 72.92GiB(91.79%)  [34mtps: 842  [36mtflops: 40.59  [35mmfu: 4.10%[39m
[rank0]:[titan] 2026-03-17 10:55:33,860 - root - INFO - [31mstep: 307  [32mloss:  2.7953  [38;2;180;60;0mgrad_norm:  2.8249  [38;2;54;234;195mmemory: 72.92GiB(91.79%)  [34mtps: 844  [36mtflops: 40.66  [35mmfu: 4.11%[39m
[rank0]:[titan] 2026-03-17 10:55:36,285 - root - INFO - [31mstep: 308  [32mloss:  2.7456  [38;2;180;60;0mgrad_norm:  2.6610  [38;2;54;234;195mmemory: 72.92GiB(91.79%)  [34mtps: 845  [36mtflops: 40.70  [35mmfu: 4.12%[39m
[rank0]:[titan] 2026-03-17 10:55:38,711 - root - INFO - [31mstep: 309  [32mloss:  2.7907  [38;2;180;60;0mgrad_norm:  2.4057  [38;2;54;234;195mmemory: 72.92GiB(91.79%)  [34mtps: 844  [36mtflops: 40.68  [35mmfu: 4.11%[39m
[rank0]:[titan] 2026-03-17 10:55:41,135 - root - INFO - [31mstep: 310  [32mloss:  2.8175  [38;2;180;60;0mgrad_norm:  2.1813  [38;2;54;234;195mmemory: 72.92GiB(91.79%)  [34mtps: 845  [36mtflops: 40.72  [35mmfu: 4.12%[39m
[rank0]:[titan] 2026-03-17 10:55:43,561 - root - INFO - [31mstep: 311  [32mloss:  2.8307  [38;2;180;60;0mgrad_norm:  2.9616  [38;2;54;234;195mmemory: 72.92GiB(91.79%)  [34mtps: 844  [36mtflops: 40.67  [35mmfu: 4.11%[39m
[rank0]:[titan] 2026-03-17 10:55:45,986 - root - INFO - [31mstep: 312  [32mloss:  2.7579  [38;2;180;60;0mgrad_norm:  2.9580  [38;2;54;234;195mmemory: 72.92GiB(91.79%)  [34mtps: 845  [36mtflops: 40.72  [35mmfu: 4.12%[39m
[rank0]:[titan] 2026-03-17 10:55:48,411 - root - INFO - [31mstep: 313  [32mloss:  2.7911  [38;2;180;60;0mgrad_norm:  2.0875  [38;2;54;234;195mmemory: 72.92GiB(91.79%)  [34mtps: 844  [36mtflops: 40.69  [35mmfu: 4.11%[39m
[rank0]:[titan] 2026-03-17 10:55:50,844 - root - INFO - [31mstep: 314  [32mloss:  2.7953  [38;2;180;60;0mgrad_norm:  2.7006  [38;2;54;234;195mmemory: 72.92GiB(91.79%)  [34mtps: 842  [36mtflops: 40.57  [35mmfu: 4.10%[39m
[rank0]:[titan] 2026-03-17 10:55:53,271 - root - INFO - [31mstep: 315  [32mloss:  2.7534  [38;2;180;60;0mgrad_norm:  2.6185  [38;2;54;234;195mmemory: 72.92GiB(91.79%)  [34mtps: 844  [36mtflops: 40.67  [35mmfu: 4.11%[39m
[rank0]:[titan] 2026-03-17 10:55:55,696 - root - INFO - [31mstep: 316  [32mloss:  2.7840  [38;2;180;60;0mgrad_norm:  2.7826  [38;2;54;234;195mmemory: 72.92GiB(91.79%)  [34mtps: 845  [36mtflops: 40.71  [35mmfu: 4.12%[39m
[rank0]:[titan] 2026-03-17 10:55:58,120 - root - INFO - [31mstep: 317  [32mloss:  2.7233  [38;2;180;60;0mgrad_norm:  2.0395  [38;2;54;234;195mmemory: 72.92GiB(91.79%)  [34mtps: 845  [36mtflops: 40.71  [35mmfu: 4.12%[39m
[rank0]:[titan] 2026-03-17 10:56:00,590 - root - INFO - [31mstep: 318  [32mloss:  2.7878  [38;2;180;60;0mgrad_norm:  3.2460  [38;2;54;234;195mmemory: 72.92GiB(91.79%)  [34mtps: 832  [36mtflops: 40.10  [35mmfu: 4.05%[39m
[rank0]:[titan] 2026-03-17 10:56:03,025 - root - INFO - [31mstep: 319  [32mloss:  2.7731  [38;2;180;60;0mgrad_norm:  2.5806  [38;2;54;234;195mmemory: 72.92GiB(91.79%)  [34mtps: 843  [36mtflops: 40.63  [35mmfu: 4.11%[39m
[rank0]:[titan] 2026-03-17 10:56:05,449 - root - INFO - [31mstep: 320  [32mloss:  2.7722  [38;2;180;60;0mgrad_norm:  3.1239  [38;2;54;234;195mmemory: 72.92GiB(91.79%)  [34mtps: 845  [36mtflops: 40.70  [35mmfu: 4.12%[39m
[rank0]:[titan] 2026-03-17 10:56:07,876 - root - INFO - [31mstep: 321  [32mloss:  2.7712  [38;2;180;60;0mgrad_norm:  3.4390  [38;2;54;234;195mmemory: 72.92GiB(91.79%)  [34mtps: 844  [36mtflops: 40.68  [35mmfu: 4.11%[39m
[rank0]:[titan] 2026-03-17 10:56:10,305 - root - INFO - [31mstep: 322  [32mloss:  2.7664  [38;2;180;60;0mgrad_norm:  2.2833  [38;2;54;234;195mmemory: 72.92GiB(91.79%)  [34mtps: 843  [36mtflops: 40.63  [35mmfu: 4.11%[39m
[rank0]:[titan] 2026-03-17 10:56:12,735 - root - INFO - [31mstep: 323  [32mloss:  2.7474  [38;2;180;60;0mgrad_norm:  2.8016  [38;2;54;234;195mmemory: 72.92GiB(91.79%)  [34mtps: 843  [36mtflops: 40.62  [35mmfu: 4.11%[39m
[rank0]:[titan] 2026-03-17 10:56:15,159 - root - INFO - [31mstep: 324  [32mloss:  2.7708  [38;2;180;60;0mgrad_norm:  2.1897  [38;2;54;234;195mmemory: 72.92GiB(91.79%)  [34mtps: 845  [36mtflops: 40.71  [35mmfu: 4.12%[39m
[rank0]:[titan] 2026-03-17 10:56:17,587 - root - INFO - [31mstep: 325  [32mloss:  2.7472  [38;2;180;60;0mgrad_norm:  2.6584  [38;2;54;234;195mmemory: 72.92GiB(91.79%)  [34mtps: 844  [36mtflops: 40.64  [35mmfu: 4.11%[39m
[rank0]:[titan] 2026-03-17 10:56:20,017 - root - INFO - [31mstep: 326  [32mloss:  2.7323  [38;2;180;60;0mgrad_norm:  2.9851  [38;2;54;234;195mmemory: 72.92GiB(91.79%)  [34mtps: 843  [36mtflops: 40.63  [35mmfu: 4.11%[39m
[rank0]:[titan] 2026-03-17 10:56:22,443 - root - INFO - [31mstep: 327  [32mloss:  2.7838  [38;2;180;60;0mgrad_norm:  2.5357  [38;2;54;234;195mmemory: 72.92GiB(91.79%)  [34mtps: 844  [36mtflops: 40.69  [35mmfu: 4.11%[39m
[rank0]:[titan] 2026-03-17 10:56:24,867 - root - INFO - [31mstep: 328  [32mloss:  2.7639  [38;2;180;60;0mgrad_norm:  2.7265  [38;2;54;234;195mmemory: 72.92GiB(91.79%)  [34mtps: 845  [36mtflops: 40.71  [35mmfu: 4.12%[39m
[rank0]:[titan] 2026-03-17 10:56:27,293 - root - INFO - [31mstep: 329  [32mloss:  2.7685  [38;2;180;60;0mgrad_norm:  2.3685  [38;2;54;234;195mmemory: 72.92GiB(91.79%)  [34mtps: 844  [36mtflops: 40.68  [35mmfu: 4.11%[39m
[rank0]:[titan] 2026-03-17 10:56:29,717 - root - INFO - [31mstep: 330  [32mloss:  2.8032  [38;2;180;60;0mgrad_norm:  3.2776  [38;2;54;234;195mmemory: 72.92GiB(91.79%)  [34mtps: 845  [36mtflops: 40.72  [35mmfu: 4.12%[39m
[rank0]:[titan] 2026-03-17 10:56:32,146 - root - INFO - [31mstep: 331  [32mloss:  2.7569  [38;2;180;60;0mgrad_norm:  2.6050  [38;2;54;234;195mmemory: 72.92GiB(91.79%)  [34mtps: 844  [36mtflops: 40.65  [35mmfu: 4.11%[39m
[rank0]:[titan] 2026-03-17 10:56:34,569 - root - INFO - [31mstep: 332  [32mloss:  2.7418  [38;2;180;60;0mgrad_norm:  2.5479  [38;2;54;234;195mmemory: 72.92GiB(91.79%)  [34mtps: 845  [36mtflops: 40.74  [35mmfu: 4.12%[39m
[rank0]:[titan] 2026-03-17 10:56:36,996 - root - INFO - [31mstep: 333  [32mloss:  2.7680  [38;2;180;60;0mgrad_norm:  2.7906  [38;2;54;234;195mmemory: 72.92GiB(91.79%)  [34mtps: 844  [36mtflops: 40.67  [35mmfu: 4.11%[39m
[rank0]:[titan] 2026-03-17 10:56:39,419 - root - INFO - [31mstep: 334  [32mloss:  2.8006  [38;2;180;60;0mgrad_norm:  2.6823  [38;2;54;234;195mmemory: 72.92GiB(91.79%)  [34mtps: 845  [36mtflops: 40.73  [35mmfu: 4.12%[39m
[rank0]:[titan] 2026-03-17 10:56:41,846 - root - INFO - [31mstep: 335  [32mloss:  2.8197  [38;2;180;60;0mgrad_norm:  2.0639  [38;2;54;234;195mmemory: 72.92GiB(91.79%)  [34mtps: 844  [36mtflops: 40.67  [35mmfu: 4.11%[39m
[rank0]:[titan] 2026-03-17 10:56:44,272 - root - INFO - [31mstep: 336  [32mloss:  2.8769  [38;2;180;60;0mgrad_norm:  3.3957  [38;2;54;234;195mmemory: 72.92GiB(91.79%)  [34mtps: 845  [36mtflops: 40.69  [35mmfu: 4.11%[39m
[rank0]:[titan] 2026-03-17 10:56:46,698 - root - INFO - [31mstep: 337  [32mloss:  2.8440  [38;2;180;60;0mgrad_norm:  3.1160  [38;2;54;234;195mmemory: 72.92GiB(91.79%)  [34mtps: 844  [36mtflops: 40.68  [35mmfu: 4.11%[39m
[rank0]:[titan] 2026-03-17 10:56:49,126 - root - INFO - [31mstep: 338  [32mloss:  2.7887  [38;2;180;60;0mgrad_norm:  2.1845  [38;2;54;234;195mmemory: 72.92GiB(91.79%)  [34mtps: 844  [36mtflops: 40.65  [35mmfu: 4.11%[39m
[rank0]:[titan] 2026-03-17 10:56:51,556 - root - INFO - [31mstep: 339  [32mloss:  2.7939  [38;2;180;60;0mgrad_norm:  4.0396  [38;2;54;234;195mmemory: 72.92GiB(91.79%)  [34mtps: 843  [36mtflops: 40.61  [35mmfu: 4.11%[39m
[rank0]:[titan] 2026-03-17 10:56:53,980 - root - INFO - [31mstep: 340  [32mloss:  2.7926  [38;2;180;60;0mgrad_norm:  3.0150  [38;2;54;234;195mmemory: 72.92GiB(91.79%)  [34mtps: 845  [36mtflops: 40.72  [35mmfu: 4.12%[39m
[rank0]:[titan] 2026-03-17 10:56:56,409 - root - INFO - [31mstep: 341  [32mloss:  2.7788  [38;2;180;60;0mgrad_norm:  3.1002  [38;2;54;234;195mmemory: 72.92GiB(91.79%)  [34mtps: 843  [36mtflops: 40.63  [35mmfu: 4.11%[39m
[rank0]:[titan] 2026-03-17 10:56:58,840 - root - INFO - [31mstep: 342  [32mloss:  2.7929  [38;2;180;60;0mgrad_norm:  3.1489  [38;2;54;234;195mmemory: 72.92GiB(91.79%)  [34mtps: 843  [36mtflops: 40.61  [35mmfu: 4.11%[39m
[rank0]:[titan] 2026-03-17 10:57:01,266 - root - INFO - [31mstep: 343  [32mloss:  2.7681  [38;2;180;60;0mgrad_norm:  3.0228  [38;2;54;234;195mmemory: 72.92GiB(91.79%)  [34mtps: 844  [36mtflops: 40.69  [35mmfu: 4.11%[39m
[rank0]:[titan] 2026-03-17 10:57:03,690 - root - INFO - [31mstep: 344  [32mloss:  2.7741  [38;2;180;60;0mgrad_norm:  2.9614  [38;2;54;234;195mmemory: 72.92GiB(91.79%)  [34mtps: 845  [36mtflops: 40.71  [35mmfu: 4.12%[39m
[rank0]:[titan] 2026-03-17 10:57:06,118 - root - INFO - [31mstep: 345  [32mloss:  2.7548  [38;2;180;60;0mgrad_norm:  3.2066  [38;2;54;234;195mmemory: 72.92GiB(91.79%)  [34mtps: 844  [36mtflops: 40.65  [35mmfu: 4.11%[39m
[rank0]:[titan] 2026-03-17 10:57:08,542 - root - INFO - [31mstep: 346  [32mloss:  2.7454  [38;2;180;60;0mgrad_norm:  2.7361  [38;2;54;234;195mmemory: 72.92GiB(91.79%)  [34mtps: 845  [36mtflops: 40.72  [35mmfu: 4.12%[39m
[rank0]:[titan] 2026-03-17 10:57:10,968 - root - INFO - [31mstep: 347  [32mloss:  2.7203  [38;2;180;60;0mgrad_norm:  2.1362  [38;2;54;234;195mmemory: 72.92GiB(91.79%)  [34mtps: 844  [36mtflops: 40.68  [35mmfu: 4.11%[39m
[rank0]:[titan] 2026-03-17 10:57:13,393 - root - INFO - [31mstep: 348  [32mloss:  2.7557  [38;2;180;60;0mgrad_norm:  3.7370  [38;2;54;234;195mmemory: 72.92GiB(91.79%)  [34mtps: 845  [36mtflops: 40.70  [35mmfu: 4.11%[39m
[rank0]:[titan] 2026-03-17 10:57:15,818 - root - INFO - [31mstep: 349  [32mloss:  2.7846  [38;2;180;60;0mgrad_norm:  2.9773  [38;2;54;234;195mmemory: 72.92GiB(91.79%)  [34mtps: 845  [36mtflops: 40.70  [35mmfu: 4.12%[39m
[rank0]:[titan] 2026-03-17 10:57:18,243 - root - INFO - [31mstep: 350  [32mloss:  2.7554  [38;2;180;60;0mgrad_norm:  2.7178  [38;2;54;234;195mmemory: 72.92GiB(91.79%)  [34mtps: 845  [36mtflops: 40.70  [35mmfu: 4.11%[39m
[rank0]:[titan] 2026-03-17 10:57:20,668 - root - INFO - [31mstep: 351  [32mloss:  2.7871  [38;2;180;60;0mgrad_norm:  3.1002  [38;2;54;234;195mmemory: 72.92GiB(91.79%)  [34mtps: 845  [36mtflops: 40.71  [35mmfu: 4.12%[39m
[rank0]:[titan] 2026-03-17 10:57:23,098 - root - INFO - [31mstep: 352  [32mloss:  2.8873  [38;2;180;60;0mgrad_norm:  2.3402  [38;2;54;234;195mmemory: 72.92GiB(91.79%)  [34mtps: 843  [36mtflops: 40.61  [35mmfu: 4.11%[39m
[rank0]:[titan] 2026-03-17 10:57:25,525 - root - INFO - [31mstep: 353  [32mloss:  2.8238  [38;2;180;60;0mgrad_norm:  2.5105  [38;2;54;234;195mmemory: 72.92GiB(91.79%)  [34mtps: 844  [36mtflops: 40.67  [35mmfu: 4.11%[39m
[rank0]:[titan] 2026-03-17 10:57:27,950 - root - INFO - [31mstep: 354  [32mloss:  2.7878  [38;2;180;60;0mgrad_norm:  2.6112  [38;2;54;234;195mmemory: 72.92GiB(91.79%)  [34mtps: 845  [36mtflops: 40.72  [35mmfu: 4.12%[39m
[rank0]:[titan] 2026-03-17 10:57:30,374 - root - INFO - [31mstep: 355  [32mloss:  2.7915  [38;2;180;60;0mgrad_norm:  2.0717  [38;2;54;234;195mmemory: 72.92GiB(91.79%)  [34mtps: 845  [36mtflops: 40.72  [35mmfu: 4.12%[39m
[rank0]:[titan] 2026-03-17 10:57:32,801 - root - INFO - [31mstep: 356  [32mloss:  2.8715  [38;2;180;60;0mgrad_norm:  2.3438  [38;2;54;234;195mmemory: 72.92GiB(91.79%)  [34mtps: 844  [36mtflops: 40.67  [35mmfu: 4.11%[39m
[rank0]:[titan] 2026-03-17 10:57:35,230 - root - INFO - [31mstep: 357  [32mloss:  2.8631  [38;2;180;60;0mgrad_norm:  2.7375  [38;2;54;234;195mmemory: 72.92GiB(91.79%)  [34mtps: 843  [36mtflops: 40.63  [35mmfu: 4.11%[39m
[rank0]:[titan] 2026-03-17 10:57:37,657 - root - INFO - [31mstep: 358  [32mloss:  2.8939  [38;2;180;60;0mgrad_norm:  1.8844  [38;2;54;234;195mmemory: 72.92GiB(91.79%)  [34mtps: 844  [36mtflops: 40.67  [35mmfu: 4.11%[39m
[rank0]:[titan] 2026-03-17 10:57:40,096 - root - INFO - [31mstep: 359  [32mloss:  2.8881  [38;2;180;60;0mgrad_norm:  2.9632  [38;2;54;234;195mmemory: 72.92GiB(91.79%)  [34mtps: 840  [36mtflops: 40.47  [35mmfu: 4.09%[39m
[rank0]:[titan] 2026-03-17 10:57:42,520 - root - INFO - [31mstep: 360  [32mloss:  2.8684  [38;2;180;60;0mgrad_norm:  2.9279  [38;2;54;234;195mmemory: 72.92GiB(91.79%)  [34mtps: 845  [36mtflops: 40.73  [35mmfu: 4.12%[39m
[rank0]:[titan] 2026-03-17 10:57:44,947 - root - INFO - [31mstep: 361  [32mloss:  2.8755  [38;2;180;60;0mgrad_norm:  2.6071  [38;2;54;234;195mmemory: 72.92GiB(91.79%)  [34mtps: 844  [36mtflops: 40.67  [35mmfu: 4.11%[39m
[rank0]:[titan] 2026-03-17 10:57:47,379 - root - INFO - [31mstep: 362  [32mloss:  2.7764  [38;2;180;60;0mgrad_norm:  2.8949  [38;2;54;234;195mmemory: 72.92GiB(91.79%)  [34mtps: 842  [36mtflops: 40.58  [35mmfu: 4.10%[39m
[rank0]:[titan] 2026-03-17 10:57:49,804 - root - INFO - [31mstep: 363  [32mloss:  2.8084  [38;2;180;60;0mgrad_norm:  2.9153  [38;2;54;234;195mmemory: 72.92GiB(91.79%)  [34mtps: 845  [36mtflops: 40.70  [35mmfu: 4.11%[39m
[rank0]:[titan] 2026-03-17 10:57:52,230 - root - INFO - [31mstep: 364  [32mloss:  2.8131  [38;2;180;60;0mgrad_norm:  2.6250  [38;2;54;234;195mmemory: 72.92GiB(91.79%)  [34mtps: 844  [36mtflops: 40.68  [35mmfu: 4.11%[39m
[rank0]:[titan] 2026-03-17 10:57:54,655 - root - INFO - [31mstep: 365  [32mloss:  2.8023  [38;2;180;60;0mgrad_norm:  2.2574  [38;2;54;234;195mmemory: 72.92GiB(91.79%)  [34mtps: 845  [36mtflops: 40.71  [35mmfu: 4.12%[39m
[rank0]:[titan] 2026-03-17 10:57:57,079 - root - INFO - [31mstep: 366  [32mloss:  2.8877  [38;2;180;60;0mgrad_norm:  2.5112  [38;2;54;234;195mmemory: 72.92GiB(91.79%)  [34mtps: 845  [36mtflops: 40.72  [35mmfu: 4.12%[39m
[rank0]:[titan] 2026-03-17 10:57:59,504 - root - INFO - [31mstep: 367  [32mloss:  2.8906  [38;2;180;60;0mgrad_norm:  3.2290  [38;2;54;234;195mmemory: 72.92GiB(91.79%)  [34mtps: 845  [36mtflops: 40.70  [35mmfu: 4.12%[39m
[rank0]:[titan] 2026-03-17 10:58:01,930 - root - INFO - [31mstep: 368  [32mloss:  2.8567  [38;2;180;60;0mgrad_norm:  2.7719  [38;2;54;234;195mmemory: 72.92GiB(91.79%)  [34mtps: 844  [36mtflops: 40.67  [35mmfu: 4.11%[39m
[rank0]:[titan] 2026-03-17 10:58:04,356 - root - INFO - [31mstep: 369  [32mloss:  2.7711  [38;2;180;60;0mgrad_norm:  3.9139  [38;2;54;234;195mmemory: 72.92GiB(91.79%)  [34mtps: 844  [36mtflops: 40.69  [35mmfu: 4.11%[39m
[rank0]:[titan] 2026-03-17 10:58:06,784 - root - INFO - [31mstep: 370  [32mloss:  2.7730  [38;2;180;60;0mgrad_norm:  3.2487  [38;2;54;234;195mmemory: 72.92GiB(91.79%)  [34mtps: 844  [36mtflops: 40.65  [35mmfu: 4.11%[39m
[rank0]:[titan] 2026-03-17 10:58:09,209 - root - INFO - [31mstep: 371  [32mloss:  2.7741  [38;2;180;60;0mgrad_norm:  2.9096  [38;2;54;234;195mmemory: 72.92GiB(91.79%)  [34mtps: 845  [36mtflops: 40.69  [35mmfu: 4.11%[39m
[rank0]:[titan] 2026-03-17 10:58:11,634 - root - INFO - [31mstep: 372  [32mloss:  2.7782  [38;2;180;60;0mgrad_norm:  3.2974  [38;2;54;234;195mmemory: 72.92GiB(91.79%)  [34mtps: 845  [36mtflops: 40.71  [35mmfu: 4.12%[39m
[rank0]:[titan] 2026-03-17 10:58:14,058 - root - INFO - [31mstep: 373  [32mloss:  2.8132  [38;2;180;60;0mgrad_norm:  2.7069  [38;2;54;234;195mmemory: 72.92GiB(91.79%)  [34mtps: 845  [36mtflops: 40.73  [35mmfu: 4.12%[39m
[rank0]:[titan] 2026-03-17 10:58:16,481 - root - INFO - [31mstep: 374  [32mloss:  2.8186  [38;2;180;60;0mgrad_norm:  3.4649  [38;2;54;234;195mmemory: 72.92GiB(91.79%)  [34mtps: 845  [36mtflops: 40.73  [35mmfu: 4.12%[39m
[rank0]:[titan] 2026-03-17 10:58:18,913 - root - INFO - [31mstep: 375  [32mloss:  2.8423  [38;2;180;60;0mgrad_norm:  2.9641  [38;2;54;234;195mmemory: 72.92GiB(91.79%)  [34mtps: 842  [36mtflops: 40.58  [35mmfu: 4.10%[39m
[rank0]:[titan] 2026-03-17 10:58:21,337 - root - INFO - [31mstep: 376  [32mloss:  2.9058  [38;2;180;60;0mgrad_norm:  2.4679  [38;2;54;234;195mmemory: 72.92GiB(91.79%)  [34mtps: 845  [36mtflops: 40.72  [35mmfu: 4.12%[39m
[rank0]:[titan] 2026-03-17 10:58:23,770 - root - INFO - [31mstep: 377  [32mloss:  2.8402  [38;2;180;60;0mgrad_norm:  2.6713  [38;2;54;234;195mmemory: 72.92GiB(91.79%)  [34mtps: 842  [36mtflops: 40.57  [35mmfu: 4.10%[39m
[rank0]:[titan] 2026-03-17 10:58:26,201 - root - INFO - [31mstep: 378  [32mloss:  2.8061  [38;2;180;60;0mgrad_norm:  1.8793  [38;2;54;234;195mmemory: 72.92GiB(91.79%)  [34mtps: 843  [36mtflops: 40.60  [35mmfu: 4.10%[39m
[rank0]:[titan] 2026-03-17 10:58:28,633 - root - INFO - [31mstep: 379  [32mloss:  2.7992  [38;2;180;60;0mgrad_norm:  2.8172  [38;2;54;234;195mmemory: 72.92GiB(91.79%)  [34mtps: 842  [36mtflops: 40.58  [35mmfu: 4.10%[39m
[rank0]:[titan] 2026-03-17 10:58:31,056 - root - INFO - [31mstep: 380  [32mloss:  2.7584  [38;2;180;60;0mgrad_norm:  2.3289  [38;2;54;234;195mmemory: 72.92GiB(91.79%)  [34mtps: 846  [36mtflops: 40.74  [35mmfu: 4.12%[39m
[rank0]:[titan] 2026-03-17 10:58:33,480 - root - INFO - [31mstep: 381  [32mloss:  2.7935  [38;2;180;60;0mgrad_norm:  3.1477  [38;2;54;234;195mmemory: 72.92GiB(91.79%)  [34mtps: 845  [36mtflops: 40.72  [35mmfu: 4.12%[39m
[rank0]:[titan] 2026-03-17 10:58:35,909 - root - INFO - [31mstep: 382  [32mloss:  2.8220  [38;2;180;60;0mgrad_norm:  3.2834  [38;2;54;234;195mmemory: 72.92GiB(91.79%)  [34mtps: 843  [36mtflops: 40.64  [35mmfu: 4.11%[39m
[rank0]:[titan] 2026-03-17 10:58:38,333 - root - INFO - [31mstep: 383  [32mloss:  2.7391  [38;2;180;60;0mgrad_norm:  2.6276  [38;2;54;234;195mmemory: 72.92GiB(91.79%)  [34mtps: 845  [36mtflops: 40.72  [35mmfu: 4.12%[39m
[rank0]:[titan] 2026-03-17 10:58:40,757 - root - INFO - [31mstep: 384  [32mloss:  2.7772  [38;2;180;60;0mgrad_norm:  2.8579  [38;2;54;234;195mmemory: 72.92GiB(91.79%)  [34mtps: 845  [36mtflops: 40.71  [35mmfu: 4.12%[39m
[rank0]:[titan] 2026-03-17 10:58:43,184 - root - INFO - [31mstep: 385  [32mloss:  2.8521  [38;2;180;60;0mgrad_norm:  3.0431  [38;2;54;234;195mmemory: 72.92GiB(91.79%)  [34mtps: 844  [36mtflops: 40.67  [35mmfu: 4.11%[39m
[rank0]:[titan] 2026-03-17 10:58:45,607 - root - INFO - [31mstep: 386  [32mloss:  2.8307  [38;2;180;60;0mgrad_norm:  2.1879  [38;2;54;234;195mmemory: 72.92GiB(91.79%)  [34mtps: 845  [36mtflops: 40.73  [35mmfu: 4.12%[39m
[rank0]:[titan] 2026-03-17 10:58:48,031 - root - INFO - [31mstep: 387  [32mloss:  2.8412  [38;2;180;60;0mgrad_norm:  3.1271  [38;2;54;234;195mmemory: 72.92GiB(91.79%)  [34mtps: 845  [36mtflops: 40.71  [35mmfu: 4.12%[39m
[rank0]:[titan] 2026-03-17 10:58:50,458 - root - INFO - [31mstep: 388  [32mloss:  2.8469  [38;2;180;60;0mgrad_norm:  2.8491  [38;2;54;234;195mmemory: 72.92GiB(91.79%)  [34mtps: 844  [36mtflops: 40.67  [35mmfu: 4.11%[39m
[rank0]:[titan] 2026-03-17 10:58:52,882 - root - INFO - [31mstep: 389  [32mloss:  2.8694  [38;2;180;60;0mgrad_norm:  3.0839  [38;2;54;234;195mmemory: 72.92GiB(91.79%)  [34mtps: 845  [36mtflops: 40.72  [35mmfu: 4.12%[39m
[rank0]:[titan] 2026-03-17 10:58:55,321 - root - INFO - [31mstep: 390  [32mloss:  2.8050  [38;2;180;60;0mgrad_norm:  3.0478  [38;2;54;234;195mmemory: 72.92GiB(91.79%)  [34mtps: 840  [36mtflops: 40.47  [35mmfu: 4.09%[39m
[rank0]:[titan] 2026-03-17 10:58:57,745 - root - INFO - [31mstep: 391  [32mloss:  2.7922  [38;2;180;60;0mgrad_norm:  2.7751  [38;2;54;234;195mmemory: 72.92GiB(91.79%)  [34mtps: 845  [36mtflops: 40.72  [35mmfu: 4.12%[39m
[rank0]:[titan] 2026-03-17 10:59:00,168 - root - INFO - [31mstep: 392  [32mloss:  2.7556  [38;2;180;60;0mgrad_norm:  2.3125  [38;2;54;234;195mmemory: 72.92GiB(91.79%)  [34mtps: 845  [36mtflops: 40.73  [35mmfu: 4.12%[39m
[rank0]:[titan] 2026-03-17 10:59:02,601 - root - INFO - [31mstep: 393  [32mloss:  2.8006  [38;2;180;60;0mgrad_norm:  2.4419  [38;2;54;234;195mmemory: 72.92GiB(91.79%)  [34mtps: 842  [36mtflops: 40.57  [35mmfu: 4.10%[39m
[rank0]:[titan] 2026-03-17 10:59:05,027 - root - INFO - [31mstep: 394  [32mloss:  2.8249  [38;2;180;60;0mgrad_norm:  2.3297  [38;2;54;234;195mmemory: 72.92GiB(91.79%)  [34mtps: 844  [36mtflops: 40.69  [35mmfu: 4.11%[39m
[rank0]:[titan] 2026-03-17 10:59:07,452 - root - INFO - [31mstep: 395  [32mloss:  2.8456  [38;2;180;60;0mgrad_norm:  2.9307  [38;2;54;234;195mmemory: 72.92GiB(91.79%)  [34mtps: 845  [36mtflops: 40.69  [35mmfu: 4.11%[39m
[rank0]:[titan] 2026-03-17 10:59:09,878 - root - INFO - [31mstep: 396  [32mloss:  2.7443  [38;2;180;60;0mgrad_norm:  2.7748  [38;2;54;234;195mmemory: 72.92GiB(91.79%)  [34mtps: 844  [36mtflops: 40.69  [35mmfu: 4.11%[39m
[rank0]:[titan] 2026-03-17 10:59:12,301 - root - INFO - [31mstep: 397  [32mloss:  2.8158  [38;2;180;60;0mgrad_norm:  2.4200  [38;2;54;234;195mmemory: 72.92GiB(91.79%)  [34mtps: 845  [36mtflops: 40.73  [35mmfu: 4.12%[39m
[rank0]:[titan] 2026-03-17 10:59:14,724 - root - INFO - [31mstep: 398  [32mloss:  2.7597  [38;2;180;60;0mgrad_norm:  2.8416  [38;2;54;234;195mmemory: 72.92GiB(91.79%)  [34mtps: 845  [36mtflops: 40.73  [35mmfu: 4.12%[39m
[rank0]:[titan] 2026-03-17 10:59:17,152 - root - INFO - [31mstep: 399  [32mloss:  2.7537  [38;2;180;60;0mgrad_norm:  2.5960  [38;2;54;234;195mmemory: 72.92GiB(91.79%)  [34mtps: 844  [36mtflops: 40.66  [35mmfu: 4.11%[39m
[rank0]:[titan] 2026-03-17 10:59:19,580 - root - INFO - [31mstep: 400  [32mloss:  2.7563  [38;2;180;60;0mgrad_norm:  2.7114  [38;2;54;234;195mmemory: 72.92GiB(91.79%)  [34mtps: 844  [36mtflops: 40.65  [35mmfu: 4.11%[39m
[rank0]:[titan] 2026-03-17 10:59:22,002 - root - INFO - [31mstep: 401  [32mloss:  2.7722  [38;2;180;60;0mgrad_norm:  2.2685  [38;2;54;234;195mmemory: 72.92GiB(91.79%)  [34mtps: 846  [36mtflops: 40.75  [35mmfu: 4.12%[39m
[rank0]:[titan] 2026-03-17 10:59:24,426 - root - INFO - [31mstep: 402  [32mloss:  2.8098  [38;2;180;60;0mgrad_norm:  2.9607  [38;2;54;234;195mmemory: 72.92GiB(91.79%)  [34mtps: 845  [36mtflops: 40.71  [35mmfu: 4.12%[39m
[rank0]:[titan] 2026-03-17 10:59:26,849 - root - INFO - [31mstep: 403  [32mloss:  2.7825  [38;2;180;60;0mgrad_norm:  2.8523  [38;2;54;234;195mmemory: 72.92GiB(91.79%)  [34mtps: 846  [36mtflops: 40.74  [35mmfu: 4.12%[39m
[rank0]:[titan] 2026-03-17 10:59:29,278 - root - INFO - [31mstep: 404  [32mloss:  2.8054  [38;2;180;60;0mgrad_norm:  2.1299  [38;2;54;234;195mmemory: 72.92GiB(91.79%)  [34mtps: 843  [36mtflops: 40.63  [35mmfu: 4.11%[39m
[rank0]:[titan] 2026-03-17 10:59:31,703 - root - INFO - [31mstep: 405  [32mloss:  2.8431  [38;2;180;60;0mgrad_norm:  3.0346  [38;2;54;234;195mmemory: 72.92GiB(91.79%)  [34mtps: 845  [36mtflops: 40.70  [35mmfu: 4.12%[39m
[rank0]:[titan] 2026-03-17 10:59:34,128 - root - INFO - [31mstep: 406  [32mloss:  2.7935  [38;2;180;60;0mgrad_norm:  2.6128  [38;2;54;234;195mmemory: 72.92GiB(91.79%)  [34mtps: 845  [36mtflops: 40.71  [35mmfu: 4.12%[39m
[rank0]:[titan] 2026-03-17 10:59:36,556 - root - INFO - [31mstep: 407  [32mloss:  2.8005  [38;2;180;60;0mgrad_norm:  2.1759  [38;2;54;234;195mmemory: 72.92GiB(91.79%)  [34mtps: 844  [36mtflops: 40.65  [35mmfu: 4.11%[39m
[rank0]:[titan] 2026-03-17 10:59:38,987 - root - INFO - [31mstep: 408  [32mloss:  2.7632  [38;2;180;60;0mgrad_norm:  2.3560  [38;2;54;234;195mmemory: 72.92GiB(91.79%)  [34mtps: 843  [36mtflops: 40.61  [35mmfu: 4.11%[39m
[rank0]:[titan] 2026-03-17 10:59:41,415 - root - INFO - [31mstep: 409  [32mloss:  2.7598  [38;2;180;60;0mgrad_norm:  2.6952  [38;2;54;234;195mmemory: 72.92GiB(91.79%)  [34mtps: 844  [36mtflops: 40.65  [35mmfu: 4.11%[39m
[rank0]:[titan] 2026-03-17 10:59:43,841 - root - INFO - [31mstep: 410  [32mloss:  2.7655  [38;2;180;60;0mgrad_norm:  2.9702  [38;2;54;234;195mmemory: 72.92GiB(91.79%)  [34mtps: 844  [36mtflops: 40.68  [35mmfu: 4.11%[39m
[rank0]:[titan] 2026-03-17 10:59:46,269 - root - INFO - [31mstep: 411  [32mloss:  2.7552  [38;2;180;60;0mgrad_norm:  3.3125  [38;2;54;234;195mmemory: 72.92GiB(91.79%)  [34mtps: 844  [36mtflops: 40.65  [35mmfu: 4.11%[39m
[rank0]:[titan] 2026-03-17 10:59:48,695 - root - INFO - [31mstep: 412  [32mloss:  2.7333  [38;2;180;60;0mgrad_norm:  1.9504  [38;2;54;234;195mmemory: 72.92GiB(91.79%)  [34mtps: 844  [36mtflops: 40.69  [35mmfu: 4.11%[39m
[rank0]:[titan] 2026-03-17 10:59:51,120 - root - INFO - [31mstep: 413  [32mloss:  2.7367  [38;2;180;60;0mgrad_norm:  2.7064  [38;2;54;234;195mmemory: 72.92GiB(91.79%)  [34mtps: 844  [36mtflops: 40.69  [35mmfu: 4.11%[39m
[rank0]:[titan] 2026-03-17 10:59:53,551 - root - INFO - [31mstep: 414  [32mloss:  2.7958  [38;2;180;60;0mgrad_norm:  2.5019  [38;2;54;234;195mmemory: 72.92GiB(91.79%)  [34mtps: 843  [36mtflops: 40.61  [35mmfu: 4.11%[39m
[rank0]:[titan] 2026-03-17 10:59:55,976 - root - INFO - [31mstep: 415  [32mloss:  2.7562  [38;2;180;60;0mgrad_norm:  2.8701  [38;2;54;234;195mmemory: 72.92GiB(91.79%)  [34mtps: 845  [36mtflops: 40.70  [35mmfu: 4.12%[39m
[rank0]:[titan] 2026-03-17 10:59:58,403 - root - INFO - [31mstep: 416  [32mloss:  2.7751  [38;2;180;60;0mgrad_norm:  2.0304  [38;2;54;234;195mmemory: 72.92GiB(91.79%)  [34mtps: 844  [36mtflops: 40.67  [35mmfu: 4.11%[39m
[rank0]:[titan] 2026-03-17 11:00:00,830 - root - INFO - [31mstep: 417  [32mloss:  2.7833  [38;2;180;60;0mgrad_norm:  2.6211  [38;2;54;234;195mmemory: 72.92GiB(91.79%)  [34mtps: 844  [36mtflops: 40.66  [35mmfu: 4.11%[39m
[rank0]:[titan] 2026-03-17 11:00:03,260 - root - INFO - [31mstep: 418  [32mloss:  2.8067  [38;2;180;60;0mgrad_norm:  1.9629  [38;2;54;234;195mmemory: 72.92GiB(91.79%)  [34mtps: 843  [36mtflops: 40.62  [35mmfu: 4.11%[39m
[rank0]:[titan] 2026-03-17 11:00:05,683 - root - INFO - [31mstep: 419  [32mloss:  2.7272  [38;2;180;60;0mgrad_norm:  2.0163  [38;2;54;234;195mmemory: 72.92GiB(91.79%)  [34mtps: 845  [36mtflops: 40.74  [35mmfu: 4.12%[39m
[rank0]:[titan] 2026-03-17 11:00:08,107 - root - INFO - [31mstep: 420  [32mloss:  2.7265  [38;2;180;60;0mgrad_norm:  1.8008  [38;2;54;234;195mmemory: 72.92GiB(91.79%)  [34mtps: 845  [36mtflops: 40.72  [35mmfu: 4.12%[39m
[rank0]:[titan] 2026-03-17 11:00:10,533 - root - INFO - [31mstep: 421  [32mloss:  2.7855  [38;2;180;60;0mgrad_norm:  2.6807  [38;2;54;234;195mmemory: 72.92GiB(91.79%)  [34mtps: 844  [36mtflops: 40.68  [35mmfu: 4.11%[39m
[rank0]:[titan] 2026-03-17 11:00:12,955 - root - INFO - [31mstep: 422  [32mloss:  2.7596  [38;2;180;60;0mgrad_norm:  1.6737  [38;2;54;234;195mmemory: 72.92GiB(91.79%)  [34mtps: 846  [36mtflops: 40.75  [35mmfu: 4.12%[39m
[rank0]:[titan] 2026-03-17 11:00:12,956 - root - WARNING - Dataset c4_test is being re-looped
[rank0]:[titan] 2026-03-17 11:00:15,381 - root - INFO - [31mstep: 423  [32mloss:  2.7501  [38;2;180;60;0mgrad_norm:  3.3433  [38;2;54;234;195mmemory: 72.92GiB(91.79%)  [34mtps: 845  [36mtflops: 40.71  [35mmfu: 4.12%[39m
[rank0]:[titan] 2026-03-17 11:00:17,804 - root - INFO - [31mstep: 424  [32mloss:  2.7744  [38;2;180;60;0mgrad_norm:  3.0792  [38;2;54;234;195mmemory: 72.92GiB(91.79%)  [34mtps: 845  [36mtflops: 40.72  [35mmfu: 4.12%[39m
[rank0]:[titan] 2026-03-17 11:00:20,235 - root - INFO - [31mstep: 425  [32mloss:  2.8207  [38;2;180;60;0mgrad_norm:  2.4826  [38;2;54;234;195mmemory: 72.92GiB(91.79%)  [34mtps: 843  [36mtflops: 40.61  [35mmfu: 4.11%[39m
[rank0]:[titan] 2026-03-17 11:00:22,658 - root - INFO - [31mstep: 426  [32mloss:  2.8387  [38;2;180;60;0mgrad_norm:  2.8340  [38;2;54;234;195mmemory: 72.92GiB(91.79%)  [34mtps: 845  [36mtflops: 40.72  [35mmfu: 4.12%[39m
[rank0]:[titan] 2026-03-17 11:00:25,084 - root - INFO - [31mstep: 427  [32mloss:  2.8425  [38;2;180;60;0mgrad_norm:  2.4889  [38;2;54;234;195mmemory: 72.92GiB(91.79%)  [34mtps: 844  [36mtflops: 40.68  [35mmfu: 4.11%[39m
[rank0]:[titan] 2026-03-17 11:00:27,511 - root - INFO - [31mstep: 428  [32mloss:  2.8347  [38;2;180;60;0mgrad_norm:  2.5253  [38;2;54;234;195mmemory: 72.92GiB(91.79%)  [34mtps: 844  [36mtflops: 40.68  [35mmfu: 4.11%[39m
[rank0]:[titan] 2026-03-17 11:00:29,939 - root - INFO - [31mstep: 429  [32mloss:  2.7762  [38;2;180;60;0mgrad_norm:  2.3463  [38;2;54;234;195mmemory: 72.92GiB(91.79%)  [34mtps: 843  [36mtflops: 40.64  [35mmfu: 4.11%[39m
[rank0]:[titan] 2026-03-17 11:00:32,368 - root - INFO - [31mstep: 430  [32mloss:  2.7778  [38;2;180;60;0mgrad_norm:  2.6983  [38;2;54;234;195mmemory: 72.92GiB(91.79%)  [34mtps: 843  [36mtflops: 40.64  [35mmfu: 4.11%[39m
[rank0]:[titan] 2026-03-17 11:00:34,791 - root - INFO - [31mstep: 431  [32mloss:  2.7797  [38;2;180;60;0mgrad_norm:  1.9551  [38;2;54;234;195mmemory: 72.92GiB(91.79%)  [34mtps: 845  [36mtflops: 40.73  [35mmfu: 4.12%[39m
[rank0]:[titan] 2026-03-17 11:00:37,215 - root - INFO - [31mstep: 432  [32mloss:  2.7434  [38;2;180;60;0mgrad_norm:  2.3714  [38;2;54;234;195mmemory: 72.92GiB(91.79%)  [34mtps: 845  [36mtflops: 40.72  [35mmfu: 4.12%[39m
[rank0]:[titan] 2026-03-17 11:00:39,642 - root - INFO - [31mstep: 433  [32mloss:  2.7257  [38;2;180;60;0mgrad_norm:  2.2780  [38;2;54;234;195mmemory: 72.92GiB(91.79%)  [34mtps: 844  [36mtflops: 40.67  [35mmfu: 4.11%[39m
[rank0]:[titan] 2026-03-17 11:00:42,068 - root - INFO - [31mstep: 434  [32mloss:  2.7276  [38;2;180;60;0mgrad_norm:  2.7317  [38;2;54;234;195mmemory: 72.92GiB(91.79%)  [34mtps: 845  [36mtflops: 40.69  [35mmfu: 4.11%[39m
[rank0]:[titan] 2026-03-17 11:00:44,491 - root - INFO - [31mstep: 435  [32mloss:  2.7896  [38;2;180;60;0mgrad_norm:  2.3128  [38;2;54;234;195mmemory: 72.92GiB(91.79%)  [34mtps: 845  [36mtflops: 40.72  [35mmfu: 4.12%[39m
[rank0]:[titan] 2026-03-17 11:00:46,920 - root - INFO - [31mstep: 436  [32mloss:  2.8527  [38;2;180;60;0mgrad_norm:  2.2771  [38;2;54;234;195mmemory: 72.92GiB(91.79%)  [34mtps: 843  [36mtflops: 40.63  [35mmfu: 4.11%[39m
[rank0]:[titan] 2026-03-17 11:00:49,343 - root - INFO - [31mstep: 437  [32mloss:  2.7927  [38;2;180;60;0mgrad_norm:  2.6693  [38;2;54;234;195mmemory: 72.92GiB(91.79%)  [34mtps: 846  [36mtflops: 40.74  [35mmfu: 4.12%[39m
[rank0]:[titan] 2026-03-17 11:00:51,766 - root - INFO - [31mstep: 438  [32mloss:  2.8001  [38;2;180;60;0mgrad_norm:  2.3887  [38;2;54;234;195mmemory: 72.92GiB(91.79%)  [34mtps: 845  [36mtflops: 40.73  [35mmfu: 4.12%[39m
[rank0]:[titan] 2026-03-17 11:00:54,189 - root - INFO - [31mstep: 439  [32mloss:  2.7547  [38;2;180;60;0mgrad_norm:  2.5703  [38;2;54;234;195mmemory: 72.92GiB(91.79%)  [34mtps: 846  [36mtflops: 40.75  [35mmfu: 4.12%[39m
[rank0]:[titan] 2026-03-17 11:00:56,622 - root - INFO - [31mstep: 440  [32mloss:  2.7523  [38;2;180;60;0mgrad_norm:  2.4818  [38;2;54;234;195mmemory: 72.92GiB(91.79%)  [34mtps: 842  [36mtflops: 40.55  [35mmfu: 4.10%[39m
[rank0]:[titan] 2026-03-17 11:00:59,046 - root - INFO - [31mstep: 441  [32mloss:  2.7649  [38;2;180;60;0mgrad_norm:  2.3690  [38;2;54;234;195mmemory: 72.92GiB(91.79%)  [34mtps: 845  [36mtflops: 40.72  [35mmfu: 4.12%[39m
[rank0]:[titan] 2026-03-17 11:01:01,475 - root - INFO - [31mstep: 442  [32mloss:  2.7683  [38;2;180;60;0mgrad_norm:  2.5039  [38;2;54;234;195mmemory: 72.92GiB(91.79%)  [34mtps: 843  [36mtflops: 40.63  [35mmfu: 4.11%[39m
[rank0]:[titan] 2026-03-17 11:01:03,899 - root - INFO - [31mstep: 443  [32mloss:  2.7452  [38;2;180;60;0mgrad_norm:  3.1090  [38;2;54;234;195mmemory: 72.92GiB(91.79%)  [34mtps: 845  [36mtflops: 40.72  [35mmfu: 4.12%[39m
[rank0]:[titan] 2026-03-17 11:01:06,332 - root - INFO - [31mstep: 444  [32mloss:  2.7119  [38;2;180;60;0mgrad_norm:  2.7119  [38;2;54;234;195mmemory: 72.92GiB(91.79%)  [34mtps: 842  [36mtflops: 40.57  [35mmfu: 4.10%[39m
[rank0]:[titan] 2026-03-17 11:01:08,756 - root - INFO - [31mstep: 445  [32mloss:  2.7555  [38;2;180;60;0mgrad_norm:  2.8357  [38;2;54;234;195mmemory: 72.92GiB(91.79%)  [34mtps: 845  [36mtflops: 40.71  [35mmfu: 4.12%[39m
[rank0]:[titan] 2026-03-17 11:01:11,188 - root - INFO - [31mstep: 446  [32mloss:  2.7125  [38;2;180;60;0mgrad_norm:  2.7116  [38;2;54;234;195mmemory: 72.92GiB(91.79%)  [34mtps: 842  [36mtflops: 40.59  [35mmfu: 4.10%[39m
[rank0]:[titan] 2026-03-17 11:01:13,611 - root - INFO - [31mstep: 447  [32mloss:  2.7990  [38;2;180;60;0mgrad_norm:  3.1728  [38;2;54;234;195mmemory: 72.92GiB(91.79%)  [34mtps: 845  [36mtflops: 40.73  [35mmfu: 4.12%[39m
[rank0]:[titan] 2026-03-17 11:01:16,036 - root - INFO - [31mstep: 448  [32mloss:  2.7619  [38;2;180;60;0mgrad_norm:  2.7104  [38;2;54;234;195mmemory: 72.92GiB(91.79%)  [34mtps: 845  [36mtflops: 40.70  [35mmfu: 4.12%[39m
[rank0]:[titan] 2026-03-17 11:01:18,489 - root - INFO - [31mstep: 449  [32mloss:  2.7880  [38;2;180;60;0mgrad_norm:  2.3153  [38;2;54;234;195mmemory: 72.92GiB(91.79%)  [34mtps: 835  [36mtflops: 40.24  [35mmfu: 4.07%[39m
[rank0]:[titan] 2026-03-17 11:01:20,913 - root - INFO - [31mstep: 450  [32mloss:  2.7177  [38;2;180;60;0mgrad_norm:  2.7043  [38;2;54;234;195mmemory: 72.92GiB(91.79%)  [34mtps: 845  [36mtflops: 40.71  [35mmfu: 4.12%[39m
[rank0]:[titan] 2026-03-17 11:01:23,335 - root - INFO - [31mstep: 451  [32mloss:  2.6858  [38;2;180;60;0mgrad_norm:  2.1751  [38;2;54;234;195mmemory: 72.92GiB(91.79%)  [34mtps: 846  [36mtflops: 40.77  [35mmfu: 4.12%[39m
[rank0]:[titan] 2026-03-17 11:01:25,761 - root - INFO - [31mstep: 452  [32mloss:  2.7167  [38;2;180;60;0mgrad_norm:  2.7132  [38;2;54;234;195mmemory: 72.92GiB(91.79%)  [34mtps: 844  [36mtflops: 40.67  [35mmfu: 4.11%[39m
[rank0]:[titan] 2026-03-17 11:01:28,184 - root - INFO - [31mstep: 453  [32mloss:  2.7508  [38;2;180;60;0mgrad_norm:  2.1741  [38;2;54;234;195mmemory: 72.92GiB(91.79%)  [34mtps: 846  [36mtflops: 40.74  [35mmfu: 4.12%[39m
[rank0]:[titan] 2026-03-17 11:01:30,606 - root - INFO - [31mstep: 454  [32mloss:  2.8150  [38;2;180;60;0mgrad_norm:  2.7967  [38;2;54;234;195mmemory: 72.92GiB(91.79%)  [34mtps: 846  [36mtflops: 40.75  [35mmfu: 4.12%[39m
[rank0]:[titan] 2026-03-17 11:01:33,030 - root - INFO - [31mstep: 455  [32mloss:  2.7809  [38;2;180;60;0mgrad_norm:  2.7411  [38;2;54;234;195mmemory: 72.92GiB(91.79%)  [34mtps: 845  [36mtflops: 40.72  [35mmfu: 4.12%[39m
[rank0]:[titan] 2026-03-17 11:01:35,455 - root - INFO - [31mstep: 456  [32mloss:  2.7227  [38;2;180;60;0mgrad_norm:  2.4099  [38;2;54;234;195mmemory: 72.92GiB(91.79%)  [34mtps: 845  [36mtflops: 40.70  [35mmfu: 4.11%[39m
[rank0]:[titan] 2026-03-17 11:01:37,879 - root - INFO - [31mstep: 457  [32mloss:  2.7901  [38;2;180;60;0mgrad_norm:  2.9352  [38;2;54;234;195mmemory: 72.92GiB(91.79%)  [34mtps: 845  [36mtflops: 40.72  [35mmfu: 4.12%[39m
[rank0]:[titan] 2026-03-17 11:01:40,302 - root - INFO - [31mstep: 458  [32mloss:  2.7432  [38;2;180;60;0mgrad_norm:  1.5864  [38;2;54;234;195mmemory: 72.92GiB(91.79%)  [34mtps: 845  [36mtflops: 40.73  [35mmfu: 4.12%[39m
[rank0]:[titan] 2026-03-17 11:01:42,723 - root - INFO - [31mstep: 459  [32mloss:  2.8221  [38;2;180;60;0mgrad_norm:  2.8534  [38;2;54;234;195mmemory: 72.92GiB(91.79%)  [34mtps: 846  [36mtflops: 40.76  [35mmfu: 4.12%[39m
[rank0]:[titan] 2026-03-17 11:01:45,153 - root - INFO - [31mstep: 460  [32mloss:  2.7898  [38;2;180;60;0mgrad_norm:  2.8428  [38;2;54;234;195mmemory: 72.92GiB(91.79%)  [34mtps: 843  [36mtflops: 40.62  [35mmfu: 4.11%[39m
[rank0]:[titan] 2026-03-17 11:01:47,575 - root - INFO - [31mstep: 461  [32mloss:  2.8349  [38;2;180;60;0mgrad_norm:  2.4230  [38;2;54;234;195mmemory: 72.92GiB(91.79%)  [34mtps: 846  [36mtflops: 40.75  [35mmfu: 4.12%[39m
[rank0]:[titan] 2026-03-17 11:01:49,998 - root - INFO - [31mstep: 462  [32mloss:  2.8044  [38;2;180;60;0mgrad_norm:  2.6617  [38;2;54;234;195mmemory: 72.92GiB(91.79%)  [34mtps: 845  [36mtflops: 40.73  [35mmfu: 4.12%[39m
[rank0]:[titan] 2026-03-17 11:01:52,426 - root - INFO - [31mstep: 463  [32mloss:  2.8487  [38;2;180;60;0mgrad_norm:  2.8052  [38;2;54;234;195mmemory: 72.92GiB(91.79%)  [34mtps: 844  [36mtflops: 40.66  [35mmfu: 4.11%[39m
[rank0]:[titan] 2026-03-17 11:01:54,849 - root - INFO - [31mstep: 464  [32mloss:  2.7851  [38;2;180;60;0mgrad_norm:  2.9329  [38;2;54;234;195mmemory: 72.92GiB(91.79%)  [34mtps: 845  [36mtflops: 40.73  [35mmfu: 4.12%[39m
[rank0]:[titan] 2026-03-17 11:01:57,277 - root - INFO - [31mstep: 465  [32mloss:  2.7746  [38;2;180;60;0mgrad_norm:  1.9943  [38;2;54;234;195mmemory: 72.92GiB(91.79%)  [34mtps: 844  [36mtflops: 40.65  [35mmfu: 4.11%[39m
[rank0]:[titan] 2026-03-17 11:01:59,708 - root - INFO - [31mstep: 466  [32mloss:  2.7595  [38;2;180;60;0mgrad_norm:  2.9718  [38;2;54;234;195mmemory: 72.92GiB(91.79%)  [34mtps: 842  [36mtflops: 40.59  [35mmfu: 4.10%[39m
[rank0]:[titan] 2026-03-17 11:02:02,130 - root - INFO - [31mstep: 467  [32mloss:  2.7731  [38;2;180;60;0mgrad_norm:  2.7788  [38;2;54;234;195mmemory: 72.92GiB(91.79%)  [34mtps: 846  [36mtflops: 40.75  [35mmfu: 4.12%[39m
[rank0]:[titan] 2026-03-17 11:02:04,556 - root - INFO - [31mstep: 468  [32mloss:  2.7954  [38;2;180;60;0mgrad_norm:  2.6390  [38;2;54;234;195mmemory: 72.92GiB(91.79%)  [34mtps: 845  [36mtflops: 40.69  [35mmfu: 4.11%[39m
[rank0]:[titan] 2026-03-17 11:02:06,978 - root - INFO - [31mstep: 469  [32mloss:  2.7866  [38;2;180;60;0mgrad_norm:  2.8782  [38;2;54;234;195mmemory: 72.92GiB(91.79%)  [34mtps: 846  [36mtflops: 40.75  [35mmfu: 4.12%[39m
[rank0]:[titan] 2026-03-17 11:02:09,403 - root - INFO - [31mstep: 470  [32mloss:  2.8277  [38;2;180;60;0mgrad_norm:  3.3031  [38;2;54;234;195mmemory: 72.92GiB(91.79%)  [34mtps: 845  [36mtflops: 40.69  [35mmfu: 4.11%[39m
[rank0]:[titan] 2026-03-17 11:02:11,825 - root - INFO - [31mstep: 471  [32mloss:  2.7869  [38;2;180;60;0mgrad_norm:  3.0081  [38;2;54;234;195mmemory: 72.92GiB(91.79%)  [34mtps: 846  [36mtflops: 40.76  [35mmfu: 4.12%[39m
[rank0]:[titan] 2026-03-17 11:02:14,250 - root - INFO - [31mstep: 472  [32mloss:  2.7687  [38;2;180;60;0mgrad_norm:  2.6871  [38;2;54;234;195mmemory: 72.92GiB(91.79%)  [34mtps: 845  [36mtflops: 40.71  [35mmfu: 4.12%[39m
[rank0]:[titan] 2026-03-17 11:02:16,674 - root - INFO - [31mstep: 473  [32mloss:  2.7622  [38;2;180;60;0mgrad_norm:  2.5521  [38;2;54;234;195mmemory: 72.92GiB(91.79%)  [34mtps: 845  [36mtflops: 40.71  [35mmfu: 4.12%[39m
[rank0]:[titan] 2026-03-17 11:02:19,099 - root - INFO - [31mstep: 474  [32mloss:  2.7008  [38;2;180;60;0mgrad_norm:  2.1992  [38;2;54;234;195mmemory: 72.92GiB(91.79%)  [34mtps: 845  [36mtflops: 40.71  [35mmfu: 4.12%[39m
[rank0]:[titan] 2026-03-17 11:02:21,523 - root - INFO - [31mstep: 475  [32mloss:  2.7203  [38;2;180;60;0mgrad_norm:  2.3386  [38;2;54;234;195mmemory: 72.92GiB(91.79%)  [34mtps: 845  [36mtflops: 40.73  [35mmfu: 4.12%[39m
[rank0]:[titan] 2026-03-17 11:02:23,944 - root - INFO - [31mstep: 476  [32mloss:  2.7394  [38;2;180;60;0mgrad_norm:  2.5277  [38;2;54;234;195mmemory: 72.92GiB(91.79%)  [34mtps: 846  [36mtflops: 40.76  [35mmfu: 4.12%[39m
[rank0]:[titan] 2026-03-17 11:02:26,369 - root - INFO - [31mstep: 477  [32mloss:  2.7754  [38;2;180;60;0mgrad_norm:  2.3548  [38;2;54;234;195mmemory: 72.92GiB(91.79%)  [34mtps: 845  [36mtflops: 40.71  [35mmfu: 4.12%[39m
[rank0]:[titan] 2026-03-17 11:02:28,791 - root - INFO - [31mstep: 478  [32mloss:  2.8432  [38;2;180;60;0mgrad_norm:  2.4231  [38;2;54;234;195mmemory: 72.92GiB(91.79%)  [34mtps: 846  [36mtflops: 40.74  [35mmfu: 4.12%[39m
[rank0]:[titan] 2026-03-17 11:02:31,216 - root - INFO - [31mstep: 479  [32mloss:  2.7868  [38;2;180;60;0mgrad_norm:  2.7748  [38;2;54;234;195mmemory: 72.92GiB(91.79%)  [34mtps: 845  [36mtflops: 40.71  [35mmfu: 4.12%[39m
[rank0]:[titan] 2026-03-17 11:02:33,640 - root - INFO - [31mstep: 480  [32mloss:  2.7260  [38;2;180;60;0mgrad_norm:  2.1384  [38;2;54;234;195mmemory: 72.92GiB(91.79%)  [34mtps: 845  [36mtflops: 40.72  [35mmfu: 4.12%[39m
[rank0]:[titan] 2026-03-17 11:02:36,065 - root - INFO - [31mstep: 481  [32mloss:  2.8087  [38;2;180;60;0mgrad_norm:  3.2468  [38;2;54;234;195mmemory: 72.92GiB(91.79%)  [34mtps: 845  [36mtflops: 40.70  [35mmfu: 4.12%[39m
[rank0]:[titan] 2026-03-17 11:02:38,488 - root - INFO - [31mstep: 482  [32mloss:  2.7865  [38;2;180;60;0mgrad_norm:  2.6267  [38;2;54;234;195mmemory: 72.92GiB(91.79%)  [34mtps: 846  [36mtflops: 40.74  [35mmfu: 4.12%[39m
[rank0]:[titan] 2026-03-17 11:02:40,913 - root - INFO - [31mstep: 483  [32mloss:  2.7529  [38;2;180;60;0mgrad_norm:  3.4653  [38;2;54;234;195mmemory: 72.92GiB(91.79%)  [34mtps: 845  [36mtflops: 40.70  [35mmfu: 4.12%[39m
[rank0]:[titan] 2026-03-17 11:02:43,339 - root - INFO - [31mstep: 484  [32mloss:  2.7552  [38;2;180;60;0mgrad_norm:  2.8133  [38;2;54;234;195mmemory: 72.92GiB(91.79%)  [34mtps: 845  [36mtflops: 40.69  [35mmfu: 4.11%[39m
[rank0]:[titan] 2026-03-17 11:02:45,766 - root - INFO - [31mstep: 485  [32mloss:  2.8023  [38;2;180;60;0mgrad_norm:  3.8225  [38;2;54;234;195mmemory: 72.92GiB(91.79%)  [34mtps: 844  [36mtflops: 40.67  [35mmfu: 4.11%[39m
[rank0]:[titan] 2026-03-17 11:02:48,186 - root - INFO - [31mstep: 486  [32mloss:  2.8961  [38;2;180;60;0mgrad_norm:  3.4304  [38;2;54;234;195mmemory: 72.92GiB(91.79%)  [34mtps: 846  [36mtflops: 40.78  [35mmfu: 4.12%[39m
[rank0]:[titan] 2026-03-17 11:02:50,614 - root - INFO - [31mstep: 487  [32mloss:  2.7772  [38;2;180;60;0mgrad_norm:  2.2142  [38;2;54;234;195mmemory: 72.92GiB(91.79%)  [34mtps: 844  [36mtflops: 40.66  [35mmfu: 4.11%[39m
[rank0]:[titan] 2026-03-17 11:02:53,036 - root - INFO - [31mstep: 488  [32mloss:  2.8681  [38;2;180;60;0mgrad_norm:  3.5588  [38;2;54;234;195mmemory: 72.92GiB(91.79%)  [34mtps: 846  [36mtflops: 40.76  [35mmfu: 4.12%[39m
[rank0]:[titan] 2026-03-17 11:02:55,458 - root - INFO - [31mstep: 489  [32mloss:  2.8065  [38;2;180;60;0mgrad_norm:  2.8813  [38;2;54;234;195mmemory: 72.92GiB(91.79%)  [34mtps: 846  [36mtflops: 40.75  [35mmfu: 4.12%[39m
[rank0]:[titan] 2026-03-17 11:02:57,881 - root - INFO - [31mstep: 490  [32mloss:  2.7982  [38;2;180;60;0mgrad_norm:  2.4584  [38;2;54;234;195mmemory: 72.92GiB(91.79%)  [34mtps: 846  [36mtflops: 40.74  [35mmfu: 4.12%[39m
[rank0]:[titan] 2026-03-17 11:03:00,323 - root - INFO - [31mstep: 491  [32mloss:  2.8285  [38;2;180;60;0mgrad_norm:  2.4191  [38;2;54;234;195mmemory: 72.92GiB(91.79%)  [34mtps: 839  [36mtflops: 40.41  [35mmfu: 4.09%[39m
[rank0]:[titan] 2026-03-17 11:03:02,745 - root - INFO - [31mstep: 492  [32mloss:  2.7538  [38;2;180;60;0mgrad_norm:  2.0325  [38;2;54;234;195mmemory: 72.92GiB(91.79%)  [34mtps: 846  [36mtflops: 40.76  [35mmfu: 4.12%[39m
[rank0]:[titan] 2026-03-17 11:03:05,170 - root - INFO - [31mstep: 493  [32mloss:  2.8257  [38;2;180;60;0mgrad_norm:  2.6674  [38;2;54;234;195mmemory: 72.92GiB(91.79%)  [34mtps: 845  [36mtflops: 40.70  [35mmfu: 4.11%[39m
[rank0]:[titan] 2026-03-17 11:03:07,592 - root - INFO - [31mstep: 494  [32mloss:  2.8482  [38;2;180;60;0mgrad_norm:  2.6131  [38;2;54;234;195mmemory: 72.92GiB(91.79%)  [34mtps: 846  [36mtflops: 40.77  [35mmfu: 4.12%[39m
[rank0]:[titan] 2026-03-17 11:03:10,011 - root - INFO - [31mstep: 495  [32mloss:  2.8229  [38;2;180;60;0mgrad_norm:  1.7716  [38;2;54;234;195mmemory: 72.92GiB(91.79%)  [34mtps: 847  [36mtflops: 40.79  [35mmfu: 4.12%[39m
[rank0]:[titan] 2026-03-17 11:03:12,435 - root - INFO - [31mstep: 496  [32mloss:  2.7697  [38;2;180;60;0mgrad_norm:  2.1089  [38;2;54;234;195mmemory: 72.92GiB(91.79%)  [34mtps: 845  [36mtflops: 40.72  [35mmfu: 4.12%[39m
[rank0]:[titan] 2026-03-17 11:03:14,856 - root - INFO - [31mstep: 497  [32mloss:  2.7652  [38;2;180;60;0mgrad_norm:  2.3251  [38;2;54;234;195mmemory: 72.92GiB(91.79%)  [34mtps: 846  [36mtflops: 40.76  [35mmfu: 4.12%[39m
[rank0]:[titan] 2026-03-17 11:03:17,281 - root - INFO - [31mstep: 498  [32mloss:  2.7252  [38;2;180;60;0mgrad_norm:  2.1433  [38;2;54;234;195mmemory: 72.92GiB(91.79%)  [34mtps: 845  [36mtflops: 40.71  [35mmfu: 4.12%[39m
[rank0]:[titan] 2026-03-17 11:03:19,702 - root - INFO - [31mstep: 499  [32mloss:  2.7669  [38;2;180;60;0mgrad_norm:  2.8032  [38;2;54;234;195mmemory: 72.92GiB(91.79%)  [34mtps: 846  [36mtflops: 40.77  [35mmfu: 4.12%[39m
[rank0]:[titan] 2026-03-17 11:03:22,127 - root - INFO - [31mstep: 500  [32mloss:  2.7852  [38;2;180;60;0mgrad_norm:  2.7709  [38;2;54;234;195mmemory: 72.92GiB(91.79%)  [34mtps: 845  [36mtflops: 40.71  [35mmfu: 4.12%[39m
[rank0]:[titan] 2026-03-17 11:03:24,550 - root - INFO - [31mstep: 501  [32mloss:  2.7126  [38;2;180;60;0mgrad_norm:  1.8506  [38;2;54;234;195mmemory: 72.92GiB(91.79%)  [34mtps: 845  [36mtflops: 40.73  [35mmfu: 4.12%[39m
[rank0]:[titan] 2026-03-17 11:03:26,973 - root - INFO - [31mstep: 502  [32mloss:  2.6972  [38;2;180;60;0mgrad_norm:  2.3725  [38;2;54;234;195mmemory: 72.92GiB(91.79%)  [34mtps: 845  [36mtflops: 40.73  [35mmfu: 4.12%[39m
[rank0]:[titan] 2026-03-17 11:03:29,394 - root - INFO - [31mstep: 503  [32mloss:  2.7386  [38;2;180;60;0mgrad_norm:  1.9067  [38;2;54;234;195mmemory: 72.92GiB(91.79%)  [34mtps: 846  [36mtflops: 40.78  [35mmfu: 4.12%[39m
[rank0]:[titan] 2026-03-17 11:03:31,815 - root - INFO - [31mstep: 504  [32mloss:  2.7399  [38;2;180;60;0mgrad_norm:  2.5139  [38;2;54;234;195mmemory: 72.92GiB(91.79%)  [34mtps: 846  [36mtflops: 40.75  [35mmfu: 4.12%[39m
[rank0]:[titan] 2026-03-17 11:03:34,246 - root - INFO - [31mstep: 505  [32mloss:  2.7872  [38;2;180;60;0mgrad_norm:  2.0236  [38;2;54;234;195mmemory: 72.92GiB(91.79%)  [34mtps: 843  [36mtflops: 40.62  [35mmfu: 4.11%[39m
[rank0]:[titan] 2026-03-17 11:03:36,672 - root - INFO - [31mstep: 506  [32mloss:  2.7860  [38;2;180;60;0mgrad_norm:  2.6461  [38;2;54;234;195mmemory: 72.92GiB(91.79%)  [34mtps: 844  [36mtflops: 40.67  [35mmfu: 4.11%[39m
[rank0]:[titan] 2026-03-17 11:03:39,095 - root - INFO - [31mstep: 507  [32mloss:  2.7628  [38;2;180;60;0mgrad_norm:  2.5248  [38;2;54;234;195mmemory: 72.92GiB(91.79%)  [34mtps: 845  [36mtflops: 40.74  [35mmfu: 4.12%[39m
[rank0]:[titan] 2026-03-17 11:03:41,517 - root - INFO - [31mstep: 508  [32mloss:  2.7073  [38;2;180;60;0mgrad_norm:  2.3842  [38;2;54;234;195mmemory: 72.92GiB(91.79%)  [34mtps: 846  [36mtflops: 40.76  [35mmfu: 4.12%[39m
[rank0]:[titan] 2026-03-17 11:03:43,947 - root - INFO - [31mstep: 509  [32mloss:  2.7092  [38;2;180;60;0mgrad_norm:  2.4811  [38;2;54;234;195mmemory: 72.92GiB(91.79%)  [34mtps: 843  [36mtflops: 40.61  [35mmfu: 4.11%[39m
[rank0]:[titan] 2026-03-17 11:03:46,374 - root - INFO - [31mstep: 510  [32mloss:  2.8156  [38;2;180;60;0mgrad_norm:  2.1896  [38;2;54;234;195mmemory: 72.92GiB(91.79%)  [34mtps: 844  [36mtflops: 40.67  [35mmfu: 4.11%[39m
[rank0]:[titan] 2026-03-17 11:03:48,797 - root - INFO - [31mstep: 511  [32mloss:  2.7175  [38;2;180;60;0mgrad_norm:  2.2886  [38;2;54;234;195mmemory: 72.92GiB(91.79%)  [34mtps: 845  [36mtflops: 40.73  [35mmfu: 4.12%[39m
[rank0]:[titan] 2026-03-17 11:03:51,222 - root - INFO - [31mstep: 512  [32mloss:  2.7839  [38;2;180;60;0mgrad_norm:  2.8626  [38;2;54;234;195mmemory: 72.92GiB(91.79%)  [34mtps: 845  [36mtflops: 40.71  [35mmfu: 4.12%[39m
[rank0]:[titan] 2026-03-17 11:03:53,643 - root - INFO - [31mstep: 513  [32mloss:  2.7257  [38;2;180;60;0mgrad_norm:  1.9643  [38;2;54;234;195mmemory: 72.92GiB(91.79%)  [34mtps: 846  [36mtflops: 40.76  [35mmfu: 4.12%[39m
[rank0]:[titan] 2026-03-17 11:03:56,066 - root - INFO - [31mstep: 514  [32mloss:  2.7129  [38;2;180;60;0mgrad_norm:  1.9034  [38;2;54;234;195mmemory: 72.92GiB(91.79%)  [34mtps: 846  [36mtflops: 40.74  [35mmfu: 4.12%[39m
[rank0]:[titan] 2026-03-17 11:03:58,488 - root - INFO - [31mstep: 515  [32mloss:  2.7963  [38;2;180;60;0mgrad_norm:  3.0465  [38;2;54;234;195mmemory: 72.92GiB(91.79%)  [34mtps: 846  [36mtflops: 40.76  [35mmfu: 4.12%[39m
[rank0]:[titan] 2026-03-17 11:04:00,913 - root - INFO - [31mstep: 516  [32mloss:  2.7782  [38;2;180;60;0mgrad_norm:  1.4684  [38;2;54;234;195mmemory: 72.92GiB(91.79%)  [34mtps: 845  [36mtflops: 40.70  [35mmfu: 4.12%[39m
[rank0]:[titan] 2026-03-17 11:04:03,336 - root - INFO - [31mstep: 517  [32mloss:  2.7888  [38;2;180;60;0mgrad_norm:  2.8470  [38;2;54;234;195mmemory: 72.92GiB(91.79%)  [34mtps: 846  [36mtflops: 40.74  [35mmfu: 4.12%[39m
[rank0]:[titan] 2026-03-17 11:04:05,758 - root - INFO - [31mstep: 518  [32mloss:  2.7679  [38;2;180;60;0mgrad_norm:  2.6170  [38;2;54;234;195mmemory: 72.92GiB(91.79%)  [34mtps: 846  [36mtflops: 40.75  [35mmfu: 4.12%[39m
[rank0]:[titan] 2026-03-17 11:04:08,182 - root - INFO - [31mstep: 519  [32mloss:  2.7262  [38;2;180;60;0mgrad_norm:  2.7803  [38;2;54;234;195mmemory: 72.92GiB(91.79%)  [34mtps: 845  [36mtflops: 40.72  [35mmfu: 4.12%[39m
[rank0]:[titan] 2026-03-17 11:04:10,603 - root - INFO - [31mstep: 520  [32mloss:  2.7344  [38;2;180;60;0mgrad_norm:  2.1707  [38;2;54;234;195mmemory: 72.92GiB(91.79%)  [34mtps: 846  [36mtflops: 40.77  [35mmfu: 4.12%[39m
[rank0]:[titan] 2026-03-17 11:04:13,028 - root - INFO - [31mstep: 521  [32mloss:  2.7961  [38;2;180;60;0mgrad_norm:  2.8806  [38;2;54;234;195mmemory: 72.92GiB(91.79%)  [34mtps: 845  [36mtflops: 40.71  [35mmfu: 4.12%[39m
[rank0]:[titan] 2026-03-17 11:04:15,450 - root - INFO - [31mstep: 522  [32mloss:  2.7736  [38;2;180;60;0mgrad_norm:  3.3585  [38;2;54;234;195mmemory: 72.92GiB(91.79%)  [34mtps: 846  [36mtflops: 40.74  [35mmfu: 4.12%[39m
[rank0]:[titan] 2026-03-17 11:04:17,873 - root - INFO - [31mstep: 523  [32mloss:  2.7315  [38;2;180;60;0mgrad_norm:  1.5721  [38;2;54;234;195mmemory: 72.92GiB(91.79%)  [34mtps: 846  [36mtflops: 40.76  [35mmfu: 4.12%[39m
[rank0]:[titan] 2026-03-17 11:04:20,302 - root - INFO - [31mstep: 524  [32mloss:  2.7652  [38;2;180;60;0mgrad_norm:  3.5053  [38;2;54;234;195mmemory: 72.92GiB(91.79%)  [34mtps: 843  [36mtflops: 40.63  [35mmfu: 4.11%[39m
[rank0]:[titan] 2026-03-17 11:04:22,733 - root - INFO - [31mstep: 525  [32mloss:  2.7873  [38;2;180;60;0mgrad_norm:  2.6475  [38;2;54;234;195mmemory: 72.92GiB(91.79%)  [34mtps: 843  [36mtflops: 40.61  [35mmfu: 4.11%[39m
[rank0]:[titan] 2026-03-17 11:04:25,154 - root - INFO - [31mstep: 526  [32mloss:  2.7157  [38;2;180;60;0mgrad_norm:  2.4632  [38;2;54;234;195mmemory: 72.92GiB(91.79%)  [34mtps: 846  [36mtflops: 40.76  [35mmfu: 4.12%[39m
[rank0]:[titan] 2026-03-17 11:04:27,577 - root - INFO - [31mstep: 527  [32mloss:  2.7458  [38;2;180;60;0mgrad_norm:  2.4052  [38;2;54;234;195mmemory: 72.92GiB(91.79%)  [34mtps: 846  [36mtflops: 40.75  [35mmfu: 4.12%[39m
[rank0]:[titan] 2026-03-17 11:04:30,005 - root - INFO - [31mstep: 528  [32mloss:  2.7778  [38;2;180;60;0mgrad_norm:  3.1404  [38;2;54;234;195mmemory: 72.92GiB(91.79%)  [34mtps: 843  [36mtflops: 40.64  [35mmfu: 4.11%[39m
[rank0]:[titan] 2026-03-17 11:04:32,432 - root - INFO - [31mstep: 529  [32mloss:  2.7658  [38;2;180;60;0mgrad_norm:  1.8832  [38;2;54;234;195mmemory: 72.92GiB(91.79%)  [34mtps: 844  [36mtflops: 40.67  [35mmfu: 4.11%[39m
[rank0]:[titan] 2026-03-17 11:04:34,853 - root - INFO - [31mstep: 530  [32mloss:  2.7943  [38;2;180;60;0mgrad_norm:  3.3503  [38;2;54;234;195mmemory: 72.92GiB(91.79%)  [34mtps: 846  [36mtflops: 40.78  [35mmfu: 4.12%[39m
[rank0]:[titan] 2026-03-17 11:04:37,275 - root - INFO - [31mstep: 531  [32mloss:  2.8086  [38;2;180;60;0mgrad_norm:  2.4438  [38;2;54;234;195mmemory: 72.92GiB(91.79%)  [34mtps: 846  [36mtflops: 40.74  [35mmfu: 4.12%[39m
[rank0]:[titan] 2026-03-17 11:04:39,698 - root - INFO - [31mstep: 532  [32mloss:  2.7994  [38;2;180;60;0mgrad_norm:  2.9779  [38;2;54;234;195mmemory: 72.92GiB(91.79%)  [34mtps: 845  [36mtflops: 40.73  [35mmfu: 4.12%[39m
[rank0]:[titan] 2026-03-17 11:04:42,128 - root - INFO - [31mstep: 533  [32mloss:  2.8378  [38;2;180;60;0mgrad_norm:  2.8167  [38;2;54;234;195mmemory: 72.92GiB(91.79%)  [34mtps: 843  [36mtflops: 40.62  [35mmfu: 4.11%[39m
[rank0]:[titan] 2026-03-17 11:04:44,548 - root - INFO - [31mstep: 534  [32mloss:  2.7256  [38;2;180;60;0mgrad_norm:  2.4578  [38;2;54;234;195mmemory: 72.92GiB(91.79%)  [34mtps: 846  [36mtflops: 40.78  [35mmfu: 4.12%[39m
[rank0]:[titan] 2026-03-17 11:04:46,975 - root - INFO - [31mstep: 535  [32mloss:  2.8062  [38;2;180;60;0mgrad_norm:  2.8255  [38;2;54;234;195mmemory: 72.92GiB(91.79%)  [34mtps: 844  [36mtflops: 40.67  [35mmfu: 4.11%[39m
[rank0]:[titan] 2026-03-17 11:04:49,397 - root - INFO - [31mstep: 536  [32mloss:  2.7876  [38;2;180;60;0mgrad_norm:  2.2135  [38;2;54;234;195mmemory: 72.92GiB(91.79%)  [34mtps: 846  [36mtflops: 40.75  [35mmfu: 4.12%[39m
[rank0]:[titan] 2026-03-17 11:04:51,820 - root - INFO - [31mstep: 537  [32mloss:  2.7311  [38;2;180;60;0mgrad_norm:  2.9573  [38;2;54;234;195mmemory: 72.92GiB(91.79%)  [34mtps: 846  [36mtflops: 40.74  [35mmfu: 4.12%[39m
[rank0]:[titan] 2026-03-17 11:04:54,245 - root - INFO - [31mstep: 538  [32mloss:  2.7339  [38;2;180;60;0mgrad_norm:  2.7305  [38;2;54;234;195mmemory: 72.92GiB(91.79%)  [34mtps: 845  [36mtflops: 40.70  [35mmfu: 4.12%[39m
[rank0]:[titan] 2026-03-17 11:04:56,668 - root - INFO - [31mstep: 539  [32mloss:  2.8054  [38;2;180;60;0mgrad_norm:  1.6991  [38;2;54;234;195mmemory: 72.92GiB(91.79%)  [34mtps: 845  [36mtflops: 40.73  [35mmfu: 4.12%[39m
[rank0]:[titan] 2026-03-17 11:04:59,095 - root - INFO - [31mstep: 540  [32mloss:  2.8100  [38;2;180;60;0mgrad_norm:  2.8617  [38;2;54;234;195mmemory: 72.92GiB(91.79%)  [34mtps: 844  [36mtflops: 40.66  [35mmfu: 4.11%[39m
[rank0]:[titan] 2026-03-17 11:05:01,522 - root - INFO - [31mstep: 541  [32mloss:  2.7660  [38;2;180;60;0mgrad_norm:  2.8431  [38;2;54;234;195mmemory: 72.92GiB(91.79%)  [34mtps: 844  [36mtflops: 40.67  [35mmfu: 4.11%[39m
[rank0]:[titan] 2026-03-17 11:05:03,943 - root - INFO - [31mstep: 542  [32mloss:  2.7509  [38;2;180;60;0mgrad_norm:  2.0484  [38;2;54;234;195mmemory: 72.92GiB(91.79%)  [34mtps: 846  [36mtflops: 40.77  [35mmfu: 4.12%[39m
[rank0]:[titan] 2026-03-17 11:05:06,367 - root - INFO - [31mstep: 543  [32mloss:  2.7800  [38;2;180;60;0mgrad_norm:  3.3664  [38;2;54;234;195mmemory: 72.92GiB(91.79%)  [34mtps: 845  [36mtflops: 40.71  [35mmfu: 4.12%[39m
[rank0]:[titan] 2026-03-17 11:05:08,789 - root - INFO - [31mstep: 544  [32mloss:  2.8383  [38;2;180;60;0mgrad_norm:  2.7997  [38;2;54;234;195mmemory: 72.92GiB(91.79%)  [34mtps: 846  [36mtflops: 40.75  [35mmfu: 4.12%[39m
[rank0]:[titan] 2026-03-17 11:05:11,212 - root - INFO - [31mstep: 545  [32mloss:  2.7739  [38;2;180;60;0mgrad_norm:  2.3097  [38;2;54;234;195mmemory: 72.92GiB(91.79%)  [34mtps: 846  [36mtflops: 40.74  [35mmfu: 4.12%[39m
[rank0]:[titan] 2026-03-17 11:05:13,652 - root - INFO - [31mstep: 546  [32mloss:  2.7936  [38;2;180;60;0mgrad_norm:  2.4887  [38;2;54;234;195mmemory: 72.92GiB(91.79%)  [34mtps: 842  [36mtflops: 40.56  [35mmfu: 4.10%[39m
[rank0]:[titan] 2026-03-17 11:05:16,075 - root - INFO - [31mstep: 547  [32mloss:  2.8339  [38;2;180;60;0mgrad_norm:  2.6421  [38;2;54;234;195mmemory: 72.92GiB(91.79%)  [34mtps: 846  [36mtflops: 40.77  [35mmfu: 4.12%[39m
[rank0]:[titan] 2026-03-17 11:05:18,499 - root - INFO - [31mstep: 548  [32mloss:  2.8105  [38;2;180;60;0mgrad_norm:  2.6723  [38;2;54;234;195mmemory: 72.92GiB(91.79%)  [34mtps: 845  [36mtflops: 40.72  [35mmfu: 4.12%[39m
[rank0]:[titan] 2026-03-17 11:05:20,923 - root - INFO - [31mstep: 549  [32mloss:  2.7862  [38;2;180;60;0mgrad_norm:  3.3770  [38;2;54;234;195mmemory: 72.92GiB(91.79%)  [34mtps: 845  [36mtflops: 40.72  [35mmfu: 4.12%[39m
[rank0]:[titan] 2026-03-17 11:05:23,349 - root - INFO - [31mstep: 550  [32mloss:  2.8862  [38;2;180;60;0mgrad_norm:  2.3533  [38;2;54;234;195mmemory: 72.92GiB(91.79%)  [34mtps: 844  [36mtflops: 40.68  [35mmfu: 4.11%[39m
[rank0]:[titan] 2026-03-17 11:05:25,773 - root - INFO - [31mstep: 551  [32mloss:  2.7576  [38;2;180;60;0mgrad_norm:  2.8175  [38;2;54;234;195mmemory: 72.92GiB(91.79%)  [34mtps: 845  [36mtflops: 40.72  [35mmfu: 4.12%[39m
[rank0]:[titan] 2026-03-17 11:05:28,197 - root - INFO - [31mstep: 552  [32mloss:  2.7694  [38;2;180;60;0mgrad_norm:  2.5930  [38;2;54;234;195mmemory: 72.92GiB(91.79%)  [34mtps: 845  [36mtflops: 40.72  [35mmfu: 4.12%[39m
[rank0]:[titan] 2026-03-17 11:05:30,619 - root - INFO - [31mstep: 553  [32mloss:  2.7334  [38;2;180;60;0mgrad_norm:  3.3108  [38;2;54;234;195mmemory: 72.92GiB(91.79%)  [34mtps: 846  [36mtflops: 40.75  [35mmfu: 4.12%[39m
[rank0]:[titan] 2026-03-17 11:05:33,041 - root - INFO - [31mstep: 554  [32mloss:  2.7670  [38;2;180;60;0mgrad_norm:  3.0353  [38;2;54;234;195mmemory: 72.92GiB(91.79%)  [34mtps: 846  [36mtflops: 40.76  [35mmfu: 4.12%[39m
[rank0]:[titan] 2026-03-17 11:05:35,463 - root - INFO - [31mstep: 555  [32mloss:  2.7270  [38;2;180;60;0mgrad_norm:  2.7764  [38;2;54;234;195mmemory: 72.92GiB(91.79%)  [34mtps: 846  [36mtflops: 40.74  [35mmfu: 4.12%[39m
[rank0]:[titan] 2026-03-17 11:05:37,884 - root - INFO - [31mstep: 556  [32mloss:  2.7526  [38;2;180;60;0mgrad_norm:  2.6570  [38;2;54;234;195mmemory: 72.92GiB(91.79%)  [34mtps: 846  [36mtflops: 40.77  [35mmfu: 4.12%[39m
[rank0]:[titan] 2026-03-17 11:05:40,306 - root - INFO - [31mstep: 557  [32mloss:  2.7171  [38;2;180;60;0mgrad_norm:  2.9794  [38;2;54;234;195mmemory: 72.92GiB(91.79%)  [34mtps: 846  [36mtflops: 40.75  [35mmfu: 4.12%[39m
[rank0]:[titan] 2026-03-17 11:05:42,727 - root - INFO - [31mstep: 558  [32mloss:  2.7228  [38;2;180;60;0mgrad_norm:  2.2033  [38;2;54;234;195mmemory: 72.92GiB(91.79%)  [34mtps: 846  [36mtflops: 40.77  [35mmfu: 4.12%[39m
[rank0]:[titan] 2026-03-17 11:05:45,156 - root - INFO - [31mstep: 559  [32mloss:  2.7113  [38;2;180;60;0mgrad_norm:  2.2748  [38;2;54;234;195mmemory: 72.92GiB(91.79%)  [34mtps: 844  [36mtflops: 40.64  [35mmfu: 4.11%[39m
[rank0]:[titan] 2026-03-17 11:05:47,577 - root - INFO - [31mstep: 560  [32mloss:  2.7774  [38;2;180;60;0mgrad_norm:  2.8218  [38;2;54;234;195mmemory: 72.92GiB(91.79%)  [34mtps: 846  [36mtflops: 40.76  [35mmfu: 4.12%[39m
[rank0]:[titan] 2026-03-17 11:05:50,000 - root - INFO - [31mstep: 561  [32mloss:  2.8037  [38;2;180;60;0mgrad_norm:  1.9490  [38;2;54;234;195mmemory: 72.92GiB(91.79%)  [34mtps: 846  [36mtflops: 40.74  [35mmfu: 4.12%[39m
[rank0]:[titan] 2026-03-17 11:05:52,427 - root - INFO - [31mstep: 562  [32mloss:  2.7378  [38;2;180;60;0mgrad_norm:  2.4301  [38;2;54;234;195mmemory: 72.92GiB(91.79%)  [34mtps: 844  [36mtflops: 40.66  [35mmfu: 4.11%[39m
[rank0]:[titan] 2026-03-17 11:05:54,849 - root - INFO - [31mstep: 563  [32mloss:  2.7434  [38;2;180;60;0mgrad_norm:  2.3314  [38;2;54;234;195mmemory: 72.92GiB(91.79%)  [34mtps: 846  [36mtflops: 40.75  [35mmfu: 4.12%[39m
[rank0]:[titan] 2026-03-17 11:05:57,273 - root - INFO - [31mstep: 564  [32mloss:  2.7892  [38;2;180;60;0mgrad_norm:  2.0896  [38;2;54;234;195mmemory: 72.92GiB(91.79%)  [34mtps: 845  [36mtflops: 40.73  [35mmfu: 4.12%[39m
[rank0]:[titan] 2026-03-17 11:05:59,693 - root - INFO - [31mstep: 565  [32mloss:  2.7416  [38;2;180;60;0mgrad_norm:  1.4165  [38;2;54;234;195mmemory: 72.92GiB(91.79%)  [34mtps: 846  [36mtflops: 40.78  [35mmfu: 4.12%[39m
[rank0]:[titan] 2026-03-17 11:06:02,121 - root - INFO - [31mstep: 566  [32mloss:  2.7482  [38;2;180;60;0mgrad_norm:  2.8349  [38;2;54;234;195mmemory: 72.92GiB(91.79%)  [34mtps: 844  [36mtflops: 40.65  [35mmfu: 4.11%[39m
[rank0]:[titan] 2026-03-17 11:06:04,547 - root - INFO - [31mstep: 567  [32mloss:  2.7476  [38;2;180;60;0mgrad_norm:  2.7011  [38;2;54;234;195mmemory: 72.92GiB(91.79%)  [34mtps: 844  [36mtflops: 40.68  [35mmfu: 4.11%[39m
[rank0]:[titan] 2026-03-17 11:06:06,970 - root - INFO - [31mstep: 568  [32mloss:  2.8064  [38;2;180;60;0mgrad_norm:  2.1910  [38;2;54;234;195mmemory: 72.92GiB(91.79%)  [34mtps: 845  [36mtflops: 40.74  [35mmfu: 4.12%[39m
[rank0]:[titan] 2026-03-17 11:06:09,392 - root - INFO - [31mstep: 569  [32mloss:  2.7767  [38;2;180;60;0mgrad_norm:  2.5804  [38;2;54;234;195mmemory: 72.92GiB(91.79%)  [34mtps: 846  [36mtflops: 40.74  [35mmfu: 4.12%[39m
[rank0]:[titan] 2026-03-17 11:06:11,818 - root - INFO - [31mstep: 570  [32mloss:  2.7838  [38;2;180;60;0mgrad_norm:  2.3600  [38;2;54;234;195mmemory: 72.92GiB(91.79%)  [34mtps: 845  [36mtflops: 40.69  [35mmfu: 4.11%[39m
[rank0]:[titan] 2026-03-17 11:06:14,240 - root - INFO - [31mstep: 571  [32mloss:  2.7751  [38;2;180;60;0mgrad_norm:  1.7981  [38;2;54;234;195mmemory: 72.92GiB(91.79%)  [34mtps: 846  [36mtflops: 40.75  [35mmfu: 4.12%[39m
[rank0]:[titan] 2026-03-17 11:06:16,661 - root - INFO - [31mstep: 572  [32mloss:  2.7693  [38;2;180;60;0mgrad_norm:  2.4461  [38;2;54;234;195mmemory: 72.92GiB(91.79%)  [34mtps: 846  [36mtflops: 40.77  [35mmfu: 4.12%[39m
[rank0]:[titan] 2026-03-17 11:06:19,084 - root - INFO - [31mstep: 573  [32mloss:  2.7024  [38;2;180;60;0mgrad_norm:  1.6112  [38;2;54;234;195mmemory: 72.92GiB(91.79%)  [34mtps: 845  [36mtflops: 40.74  [35mmfu: 4.12%[39m
[rank0]:[titan] 2026-03-17 11:06:21,512 - root - INFO - [31mstep: 574  [32mloss:  2.7620  [38;2;180;60;0mgrad_norm:  2.5235  [38;2;54;234;195mmemory: 72.92GiB(91.79%)  [34mtps: 844  [36mtflops: 40.65  [35mmfu: 4.11%[39m
[rank0]:[titan] 2026-03-17 11:06:23,936 - root - INFO - [31mstep: 575  [32mloss:  2.7264  [38;2;180;60;0mgrad_norm:  2.3664  [38;2;54;234;195mmemory: 72.92GiB(91.79%)  [34mtps: 845  [36mtflops: 40.72  [35mmfu: 4.12%[39m
[rank0]:[titan] 2026-03-17 11:06:26,358 - root - INFO - [31mstep: 576  [32mloss:  2.7118  [38;2;180;60;0mgrad_norm:  1.4409  [38;2;54;234;195mmemory: 72.92GiB(91.79%)  [34mtps: 846  [36mtflops: 40.75  [35mmfu: 4.12%[39m
[rank0]:[titan] 2026-03-17 11:06:28,780 - root - INFO - [31mstep: 577  [32mloss:  2.6943  [38;2;180;60;0mgrad_norm:  2.3929  [38;2;54;234;195mmemory: 72.92GiB(91.79%)  [34mtps: 846  [36mtflops: 40.75  [35mmfu: 4.12%[39m
[rank0]:[titan] 2026-03-17 11:06:31,202 - root - INFO - [31mstep: 578  [32mloss:  2.7115  [38;2;180;60;0mgrad_norm:  2.1974  [38;2;54;234;195mmemory: 72.92GiB(91.79%)  [34mtps: 846  [36mtflops: 40.76  [35mmfu: 4.12%[39m
[rank0]:[titan] 2026-03-17 11:06:33,625 - root - INFO - [31mstep: 579  [32mloss:  2.7309  [38;2;180;60;0mgrad_norm:  2.5594  [38;2;54;234;195mmemory: 72.92GiB(91.79%)  [34mtps: 845  [36mtflops: 40.73  [35mmfu: 4.12%[39m
[rank0]:[titan] 2026-03-17 11:06:36,047 - root - INFO - [31mstep: 580  [32mloss:  2.6679  [38;2;180;60;0mgrad_norm:  2.3758  [38;2;54;234;195mmemory: 72.92GiB(91.79%)  [34mtps: 846  [36mtflops: 40.75  [35mmfu: 4.12%[39m
[rank0]:[titan] 2026-03-17 11:06:38,469 - root - INFO - [31mstep: 581  [32mloss:  2.6976  [38;2;180;60;0mgrad_norm:  2.3105  [38;2;54;234;195mmemory: 72.92GiB(91.79%)  [34mtps: 846  [36mtflops: 40.76  [35mmfu: 4.12%[39m
[rank0]:[titan] 2026-03-17 11:06:40,893 - root - INFO - [31mstep: 582  [32mloss:  2.7855  [38;2;180;60;0mgrad_norm:  2.7943  [38;2;54;234;195mmemory: 72.92GiB(91.79%)  [34mtps: 845  [36mtflops: 40.73  [35mmfu: 4.12%[39m
[rank0]:[titan] 2026-03-17 11:06:43,315 - root - INFO - [31mstep: 583  [32mloss:  2.7523  [38;2;180;60;0mgrad_norm:  1.9220  [38;2;54;234;195mmemory: 72.92GiB(91.79%)  [34mtps: 846  [36mtflops: 40.75  [35mmfu: 4.12%[39m
[rank0]:[titan] 2026-03-17 11:06:45,738 - root - INFO - [31mstep: 584  [32mloss:  2.7083  [38;2;180;60;0mgrad_norm:  2.9231  [38;2;54;234;195mmemory: 72.92GiB(91.79%)  [34mtps: 845  [36mtflops: 40.73  [35mmfu: 4.12%[39m
[rank0]:[titan] 2026-03-17 11:06:48,163 - root - INFO - [31mstep: 585  [32mloss:  2.7494  [38;2;180;60;0mgrad_norm:  2.6068  [38;2;54;234;195mmemory: 72.92GiB(91.79%)  [34mtps: 845  [36mtflops: 40.71  [35mmfu: 4.12%[39m
[rank0]:[titan] 2026-03-17 11:06:50,584 - root - INFO - [31mstep: 586  [32mloss:  2.7231  [38;2;180;60;0mgrad_norm:  2.2222  [38;2;54;234;195mmemory: 72.92GiB(91.79%)  [34mtps: 846  [36mtflops: 40.76  [35mmfu: 4.12%[39m
[rank0]:[titan] 2026-03-17 11:06:53,004 - root - INFO - [31mstep: 587  [32mloss:  2.7088  [38;2;180;60;0mgrad_norm:  3.0700  [38;2;54;234;195mmemory: 72.92GiB(91.79%)  [34mtps: 846  [36mtflops: 40.78  [35mmfu: 4.12%[39m
[rank0]:[titan] 2026-03-17 11:06:55,425 - root - INFO - [31mstep: 588  [32mloss:  2.7654  [38;2;180;60;0mgrad_norm:  2.4711  [38;2;54;234;195mmemory: 72.92GiB(91.79%)  [34mtps: 846  [36mtflops: 40.77  [35mmfu: 4.12%[39m
[rank0]:[titan] 2026-03-17 11:06:57,848 - root - INFO - [31mstep: 589  [32mloss:  2.7532  [38;2;180;60;0mgrad_norm:  2.6717  [38;2;54;234;195mmemory: 72.92GiB(91.79%)  [34mtps: 846  [36mtflops: 40.74  [35mmfu: 4.12%[39m
[rank0]:[titan] 2026-03-17 11:07:00,275 - root - INFO - [31mstep: 590  [32mloss:  2.8212  [38;2;180;60;0mgrad_norm:  3.1629  [38;2;54;234;195mmemory: 72.92GiB(91.79%)  [34mtps: 844  [36mtflops: 40.66  [35mmfu: 4.11%[39m
[rank0]:[titan] 2026-03-17 11:07:02,699 - root - INFO - [31mstep: 591  [32mloss:  2.7581  [38;2;180;60;0mgrad_norm:  2.8581  [38;2;54;234;195mmemory: 72.92GiB(91.79%)  [34mtps: 845  [36mtflops: 40.71  [35mmfu: 4.12%[39m
[rank0]:[titan] 2026-03-17 11:07:05,121 - root - INFO - [31mstep: 592  [32mloss:  2.7426  [38;2;180;60;0mgrad_norm:  2.3034  [38;2;54;234;195mmemory: 72.92GiB(91.79%)  [34mtps: 846  [36mtflops: 40.77  [35mmfu: 4.12%[39m
[rank0]:[titan] 2026-03-17 11:07:07,544 - root - INFO - [31mstep: 593  [32mloss:  2.7398  [38;2;180;60;0mgrad_norm:  2.4994  [38;2;54;234;195mmemory: 72.92GiB(91.79%)  [34mtps: 845  [36mtflops: 40.73  [35mmfu: 4.12%[39m
[rank0]:[titan] 2026-03-17 11:07:09,966 - root - INFO - [31mstep: 594  [32mloss:  2.7335  [38;2;180;60;0mgrad_norm:  2.6533  [38;2;54;234;195mmemory: 72.92GiB(91.79%)  [34mtps: 846  [36mtflops: 40.76  [35mmfu: 4.12%[39m
[rank0]:[titan] 2026-03-17 11:07:12,387 - root - INFO - [31mstep: 595  [32mloss:  2.7075  [38;2;180;60;0mgrad_norm:  2.3580  [38;2;54;234;195mmemory: 72.92GiB(91.79%)  [34mtps: 846  [36mtflops: 40.76  [35mmfu: 4.12%[39m
[rank0]:[titan] 2026-03-17 11:07:14,812 - root - INFO - [31mstep: 596  [32mloss:  2.7670  [38;2;180;60;0mgrad_norm:  2.0258  [38;2;54;234;195mmemory: 72.92GiB(91.79%)  [34mtps: 845  [36mtflops: 40.70  [35mmfu: 4.12%[39m
[rank0]:[titan] 2026-03-17 11:07:17,233 - root - INFO - [31mstep: 597  [32mloss:  2.8035  [38;2;180;60;0mgrad_norm:  2.1120  [38;2;54;234;195mmemory: 72.92GiB(91.79%)  [34mtps: 846  [36mtflops: 40.78  [35mmfu: 4.12%[39m
[rank0]:[titan] 2026-03-17 11:07:19,669 - root - INFO - [31mstep: 598  [32mloss:  2.7658  [38;2;180;60;0mgrad_norm:  1.8502  [38;2;54;234;195mmemory: 72.92GiB(91.79%)  [34mtps: 841  [36mtflops: 40.53  [35mmfu: 4.10%[39m
[rank0]:[titan] 2026-03-17 11:07:22,092 - root - INFO - [31mstep: 599  [32mloss:  2.7221  [38;2;180;60;0mgrad_norm:  2.2384  [38;2;54;234;195mmemory: 72.92GiB(91.79%)  [34mtps: 845  [36mtflops: 40.73  [35mmfu: 4.12%[39m
[rank0]:[titan] 2026-03-17 11:07:24,515 - root - INFO - [31mstep: 600  [32mloss:  2.7057  [38;2;180;60;0mgrad_norm:  2.4309  [38;2;54;234;195mmemory: 72.92GiB(91.79%)  [34mtps: 845  [36mtflops: 40.73  [35mmfu: 4.12%[39m
[rank0]:[titan] 2026-03-17 11:07:26,937 - root - INFO - [31mstep: 601  [32mloss:  2.7644  [38;2;180;60;0mgrad_norm:  1.6613  [38;2;54;234;195mmemory: 72.92GiB(91.79%)  [34mtps: 846  [36mtflops: 40.76  [35mmfu: 4.12%[39m
[rank0]:[titan] 2026-03-17 11:07:29,363 - root - INFO - [31mstep: 602  [32mloss:  2.7593  [38;2;180;60;0mgrad_norm:  2.5082  [38;2;54;234;195mmemory: 72.92GiB(91.79%)  [34mtps: 844  [36mtflops: 40.68  [35mmfu: 4.11%[39m
[rank0]:[titan] 2026-03-17 11:07:31,784 - root - INFO - [31mstep: 603  [32mloss:  2.7155  [38;2;180;60;0mgrad_norm:  2.4666  [38;2;54;234;195mmemory: 72.92GiB(91.79%)  [34mtps: 846  [36mtflops: 40.78  [35mmfu: 4.12%[39m
[rank0]:[titan] 2026-03-17 11:07:34,212 - root - INFO - [31mstep: 604  [32mloss:  2.7544  [38;2;180;60;0mgrad_norm:  2.2717  [38;2;54;234;195mmemory: 72.92GiB(91.79%)  [34mtps: 843  [36mtflops: 40.64  [35mmfu: 4.11%[39m
[rank0]:[titan] 2026-03-17 11:07:36,632 - root - INFO - [31mstep: 605  [32mloss:  2.7550  [38;2;180;60;0mgrad_norm:  2.7637  [38;2;54;234;195mmemory: 72.92GiB(91.79%)  [34mtps: 847  [36mtflops: 40.80  [35mmfu: 4.13%[39m
[rank0]:[titan] 2026-03-17 11:07:39,051 - root - INFO - [31mstep: 606  [32mloss:  2.7092  [38;2;180;60;0mgrad_norm:  2.5327  [38;2;54;234;195mmemory: 72.92GiB(91.79%)  [34mtps: 847  [36mtflops: 40.80  [35mmfu: 4.13%[39m
[rank0]:[titan] 2026-03-17 11:07:41,476 - root - INFO - [31mstep: 607  [32mloss:  2.7171  [38;2;180;60;0mgrad_norm:  3.7335  [38;2;54;234;195mmemory: 72.92GiB(91.79%)  [34mtps: 845  [36mtflops: 40.70  [35mmfu: 4.12%[39m
[rank0]:[titan] 2026-03-17 11:07:43,896 - root - INFO - [31mstep: 608  [32mloss:  2.7258  [38;2;180;60;0mgrad_norm:  1.9133  [38;2;54;234;195mmemory: 72.92GiB(91.79%)  [34mtps: 846  [36mtflops: 40.78  [35mmfu: 4.12%[39m
[rank0]:[titan] 2026-03-17 11:07:46,319 - root - INFO - [31mstep: 609  [32mloss:  2.7574  [38;2;180;60;0mgrad_norm:  2.6362  [38;2;54;234;195mmemory: 72.92GiB(91.79%)  [34mtps: 846  [36mtflops: 40.74  [35mmfu: 4.12%[39m
[rank0]:[titan] 2026-03-17 11:07:48,740 - root - INFO - [31mstep: 610  [32mloss:  2.7069  [38;2;180;60;0mgrad_norm:  2.1544  [38;2;54;234;195mmemory: 72.92GiB(91.79%)  [34mtps: 846  [36mtflops: 40.76  [35mmfu: 4.12%[39m
[rank0]:[titan] 2026-03-17 11:07:51,161 - root - INFO - [31mstep: 611  [32mloss:  2.6940  [38;2;180;60;0mgrad_norm:  1.9956  [38;2;54;234;195mmemory: 72.92GiB(91.79%)  [34mtps: 846  [36mtflops: 40.78  [35mmfu: 4.12%[39m
[rank0]:[titan] 2026-03-17 11:07:53,584 - root - INFO - [31mstep: 612  [32mloss:  2.7468  [38;2;180;60;0mgrad_norm:  2.5448  [38;2;54;234;195mmemory: 72.92GiB(91.79%)  [34mtps: 845  [36mtflops: 40.74  [35mmfu: 4.12%[39m
[rank0]:[titan] 2026-03-17 11:07:56,005 - root - INFO - [31mstep: 613  [32mloss:  2.7586  [38;2;180;60;0mgrad_norm:  2.4868  [38;2;54;234;195mmemory: 72.92GiB(91.79%)  [34mtps: 846  [36mtflops: 40.76  [35mmfu: 4.12%[39m
[rank0]:[titan] 2026-03-17 11:07:58,425 - root - INFO - [31mstep: 614  [32mloss:  2.7421  [38;2;180;60;0mgrad_norm:  1.9776  [38;2;54;234;195mmemory: 72.92GiB(91.79%)  [34mtps: 847  [36mtflops: 40.79  [35mmfu: 4.12%[39m
[rank0]:[titan] 2026-03-17 11:08:00,852 - root - INFO - [31mstep: 615  [32mloss:  2.7906  [38;2;180;60;0mgrad_norm:  2.6243  [38;2;54;234;195mmemory: 72.92GiB(91.79%)  [34mtps: 844  [36mtflops: 40.66  [35mmfu: 4.11%[39m
[rank0]:[titan] 2026-03-17 11:08:03,275 - root - INFO - [31mstep: 616  [32mloss:  2.7633  [38;2;180;60;0mgrad_norm:  2.2494  [38;2;54;234;195mmemory: 72.92GiB(91.79%)  [34mtps: 845  [36mtflops: 40.73  [35mmfu: 4.12%[39m
[rank0]:[titan] 2026-03-17 11:08:05,699 - root - INFO - [31mstep: 617  [32mloss:  2.7234  [38;2;180;60;0mgrad_norm:  2.8758  [38;2;54;234;195mmemory: 72.92GiB(91.79%)  [34mtps: 845  [36mtflops: 40.73  [35mmfu: 4.12%[39m
[rank0]:[titan] 2026-03-17 11:08:08,128 - root - INFO - [31mstep: 618  [32mloss:  2.7510  [38;2;180;60;0mgrad_norm:  2.6805  [38;2;54;234;195mmemory: 72.92GiB(91.79%)  [34mtps: 843  [36mtflops: 40.64  [35mmfu: 4.11%[39m
[rank0]:[titan] 2026-03-17 11:08:10,549 - root - INFO - [31mstep: 619  [32mloss:  2.6605  [38;2;180;60;0mgrad_norm:  3.0635  [38;2;54;234;195mmemory: 72.92GiB(91.79%)  [34mtps: 846  [36mtflops: 40.77  [35mmfu: 4.12%[39m
[rank0]:[titan] 2026-03-17 11:08:12,970 - root - INFO - [31mstep: 620  [32mloss:  2.6673  [38;2;180;60;0mgrad_norm:  2.9753  [38;2;54;234;195mmemory: 72.92GiB(91.79%)  [34mtps: 846  [36mtflops: 40.77  [35mmfu: 4.12%[39m
[rank0]:[titan] 2026-03-17 11:08:15,394 - root - INFO - [31mstep: 621  [32mloss:  2.6973  [38;2;180;60;0mgrad_norm:  2.0812  [38;2;54;234;195mmemory: 72.92GiB(91.79%)  [34mtps: 846  [36mtflops: 40.74  [35mmfu: 4.12%[39m
[rank0]:[titan] 2026-03-17 11:08:17,813 - root - INFO - [31mstep: 622  [32mloss:  2.7344  [38;2;180;60;0mgrad_norm:  3.1892  [38;2;54;234;195mmemory: 72.92GiB(91.79%)  [34mtps: 847  [36mtflops: 40.80  [35mmfu: 4.13%[39m
[rank0]:[titan] 2026-03-17 11:08:20,235 - root - INFO - [31mstep: 623  [32mloss:  2.8033  [38;2;180;60;0mgrad_norm:  2.8629  [38;2;54;234;195mmemory: 72.92GiB(91.79%)  [34mtps: 846  [36mtflops: 40.75  [35mmfu: 4.12%[39m
[rank0]:[titan] 2026-03-17 11:08:22,659 - root - INFO - [31mstep: 624  [32mloss:  2.7631  [38;2;180;60;0mgrad_norm:  2.0876  [38;2;54;234;195mmemory: 72.92GiB(91.79%)  [34mtps: 845  [36mtflops: 40.72  [35mmfu: 4.12%[39m
[rank0]:[titan] 2026-03-17 11:08:25,084 - root - INFO - [31mstep: 625  [32mloss:  2.7451  [38;2;180;60;0mgrad_norm:  3.2142  [38;2;54;234;195mmemory: 72.92GiB(91.79%)  [34mtps: 845  [36mtflops: 40.70  [35mmfu: 4.12%[39m
[rank0]:[titan] 2026-03-17 11:08:27,511 - root - INFO - [31mstep: 626  [32mloss:  2.7321  [38;2;180;60;0mgrad_norm:  1.5687  [38;2;54;234;195mmemory: 72.92GiB(91.79%)  [34mtps: 844  [36mtflops: 40.66  [35mmfu: 4.11%[39m
[rank0]:[titan] 2026-03-17 11:08:29,938 - root - INFO - [31mstep: 627  [32mloss:  2.7023  [38;2;180;60;0mgrad_norm:  3.0233  [38;2;54;234;195mmemory: 72.92GiB(91.79%)  [34mtps: 844  [36mtflops: 40.68  [35mmfu: 4.11%[39m
[rank0]:[titan] 2026-03-17 11:08:32,361 - root - INFO - [31mstep: 628  [32mloss:  2.6961  [38;2;180;60;0mgrad_norm:  2.4072  [38;2;54;234;195mmemory: 72.92GiB(91.79%)  [34mtps: 845  [36mtflops: 40.73  [35mmfu: 4.12%[39m
[rank0]:[titan] 2026-03-17 11:08:34,787 - root - INFO - [31mstep: 629  [32mloss:  2.7073  [38;2;180;60;0mgrad_norm:  2.7820  [38;2;54;234;195mmemory: 72.92GiB(91.79%)  [34mtps: 844  [36mtflops: 40.68  [35mmfu: 4.11%[39m
[rank0]:[titan] 2026-03-17 11:08:37,214 - root - INFO - [31mstep: 630  [32mloss:  2.7111  [38;2;180;60;0mgrad_norm:  3.3385  [38;2;54;234;195mmemory: 72.92GiB(91.79%)  [34mtps: 844  [36mtflops: 40.67  [35mmfu: 4.11%[39m
[rank0]:[titan] 2026-03-17 11:08:39,635 - root - INFO - [31mstep: 631  [32mloss:  2.7668  [38;2;180;60;0mgrad_norm:  2.4944  [38;2;54;234;195mmemory: 72.92GiB(91.79%)  [34mtps: 846  [36mtflops: 40.77  [35mmfu: 4.12%[39m
[rank0]:[titan] 2026-03-17 11:08:42,056 - root - INFO - [31mstep: 632  [32mloss:  2.8465  [38;2;180;60;0mgrad_norm:  2.2368  [38;2;54;234;195mmemory: 72.92GiB(91.79%)  [34mtps: 846  [36mtflops: 40.76  [35mmfu: 4.12%[39m
[rank0]:[titan] 2026-03-17 11:08:44,478 - root - INFO - [31mstep: 633  [32mloss:  2.7819  [38;2;180;60;0mgrad_norm:  3.0221  [38;2;54;234;195mmemory: 72.92GiB(91.79%)  [34mtps: 846  [36mtflops: 40.76  [35mmfu: 4.12%[39m
[rank0]:[titan] 2026-03-17 11:08:46,899 - root - INFO - [31mstep: 634  [32mloss:  2.7192  [38;2;180;60;0mgrad_norm:  1.4624  [38;2;54;234;195mmemory: 72.92GiB(91.79%)  [34mtps: 846  [36mtflops: 40.76  [35mmfu: 4.12%[39m
[rank0]:[titan] 2026-03-17 11:08:46,900 - root - WARNING - Dataset c4_test is being re-looped
[rank0]:[titan] 2026-03-17 11:08:49,321 - root - INFO - [31mstep: 635  [32mloss:  2.8212  [38;2;180;60;0mgrad_norm:  2.3219  [38;2;54;234;195mmemory: 72.92GiB(91.79%)  [34mtps: 846  [36mtflops: 40.75  [35mmfu: 4.12%[39m
[rank0]:[titan] 2026-03-17 11:08:51,741 - root - INFO - [31mstep: 636  [32mloss:  2.7837  [38;2;180;60;0mgrad_norm:  2.9025  [38;2;54;234;195mmemory: 72.92GiB(91.79%)  [34mtps: 846  [36mtflops: 40.78  [35mmfu: 4.12%[39m
[rank0]:[titan] 2026-03-17 11:08:54,167 - root - INFO - [31mstep: 637  [32mloss:  2.7992  [38;2;180;60;0mgrad_norm:  2.1735  [38;2;54;234;195mmemory: 72.92GiB(91.79%)  [34mtps: 845  [36mtflops: 40.69  [35mmfu: 4.11%[39m
[rank0]:[titan] 2026-03-17 11:08:56,601 - root - INFO - [31mstep: 638  [32mloss:  2.7622  [38;2;180;60;0mgrad_norm:  2.4181  [38;2;54;234;195mmemory: 72.92GiB(91.79%)  [34mtps: 842  [36mtflops: 40.55  [35mmfu: 4.10%[39m
[rank0]:[titan] 2026-03-17 11:08:59,020 - root - INFO - [31mstep: 639  [32mloss:  2.7168  [38;2;180;60;0mgrad_norm:  2.0154  [38;2;54;234;195mmemory: 72.92GiB(91.79%)  [34mtps: 847  [36mtflops: 40.79  [35mmfu: 4.12%[39m
[rank0]:[titan] 2026-03-17 11:09:01,448 - root - INFO - [31mstep: 640  [32mloss:  2.7153  [38;2;180;60;0mgrad_norm:  2.3605  [38;2;54;234;195mmemory: 72.92GiB(91.79%)  [34mtps: 844  [36mtflops: 40.65  [35mmfu: 4.11%[39m
[rank0]:[titan] 2026-03-17 11:09:03,879 - root - INFO - [31mstep: 641  [32mloss:  2.7430  [38;2;180;60;0mgrad_norm:  2.6242  [38;2;54;234;195mmemory: 72.92GiB(91.79%)  [34mtps: 843  [36mtflops: 40.62  [35mmfu: 4.11%[39m
[rank0]:[titan] 2026-03-17 11:09:06,300 - root - INFO - [31mstep: 642  [32mloss:  2.7431  [38;2;180;60;0mgrad_norm:  1.9475  [38;2;54;234;195mmemory: 72.92GiB(91.79%)  [34mtps: 846  [36mtflops: 40.76  [35mmfu: 4.12%[39m
[rank0]:[titan] 2026-03-17 11:09:08,722 - root - INFO - [31mstep: 643  [32mloss:  2.8170  [38;2;180;60;0mgrad_norm:  2.3071  [38;2;54;234;195mmemory: 72.92GiB(91.79%)  [34mtps: 846  [36mtflops: 40.76  [35mmfu: 4.12%[39m
[rank0]:[titan] 2026-03-17 11:09:11,143 - root - INFO - [31mstep: 644  [32mloss:  2.7274  [38;2;180;60;0mgrad_norm:  2.2786  [38;2;54;234;195mmemory: 72.92GiB(91.79%)  [34mtps: 846  [36mtflops: 40.77  [35mmfu: 4.12%[39m
[rank0]:[titan] 2026-03-17 11:09:13,563 - root - INFO - [31mstep: 645  [32mloss:  2.7114  [38;2;180;60;0mgrad_norm:  1.8749  [38;2;54;234;195mmemory: 72.92GiB(91.79%)  [34mtps: 847  [36mtflops: 40.79  [35mmfu: 4.12%[39m
[rank0]:[titan] 2026-03-17 11:09:15,984 - root - INFO - [31mstep: 646  [32mloss:  2.7350  [38;2;180;60;0mgrad_norm:  2.2856  [38;2;54;234;195mmemory: 72.92GiB(91.79%)  [34mtps: 846  [36mtflops: 40.76  [35mmfu: 4.12%[39m
[rank0]:[titan] 2026-03-17 11:09:18,417 - root - INFO - [31mstep: 647  [32mloss:  2.7595  [38;2;180;60;0mgrad_norm:  2.1225  [38;2;54;234;195mmemory: 72.92GiB(91.79%)  [34mtps: 842  [36mtflops: 40.57  [35mmfu: 4.10%[39m
[rank0]:[titan] 2026-03-17 11:09:20,838 - root - INFO - [31mstep: 648  [32mloss:  2.8199  [38;2;180;60;0mgrad_norm:  2.1576  [38;2;54;234;195mmemory: 72.92GiB(91.79%)  [34mtps: 846  [36mtflops: 40.77  [35mmfu: 4.12%[39m
[rank0]:[titan] 2026-03-17 11:09:23,263 - root - INFO - [31mstep: 649  [32mloss:  2.8529  [38;2;180;60;0mgrad_norm:  1.9445  [38;2;54;234;195mmemory: 72.92GiB(91.79%)  [34mtps: 845  [36mtflops: 40.71  [35mmfu: 4.12%[39m
[rank0]:[titan] 2026-03-17 11:09:25,683 - root - INFO - [31mstep: 650  [32mloss:  2.8012  [38;2;180;60;0mgrad_norm:  1.7236  [38;2;54;234;195mmemory: 72.92GiB(91.79%)  [34mtps: 846  [36mtflops: 40.78  [35mmfu: 4.12%[39m
[rank0]:[titan] 2026-03-17 11:09:28,104 - root - INFO - [31mstep: 651  [32mloss:  2.7394  [38;2;180;60;0mgrad_norm:  2.0582  [38;2;54;234;195mmemory: 72.92GiB(91.79%)  [34mtps: 846  [36mtflops: 40.78  [35mmfu: 4.12%[39m
[rank0]:[titan] 2026-03-17 11:09:30,524 - root - INFO - [31mstep: 652  [32mloss:  2.7515  [38;2;180;60;0mgrad_norm:  2.1001  [38;2;54;234;195mmemory: 72.92GiB(91.79%)  [34mtps: 846  [36mtflops: 40.78  [35mmfu: 4.12%[39m
[rank0]:[titan] 2026-03-17 11:09:32,946 - root - INFO - [31mstep: 653  [32mloss:  2.8365  [38;2;180;60;0mgrad_norm:  2.3431  [38;2;54;234;195mmemory: 72.92GiB(91.79%)  [34mtps: 846  [36mtflops: 40.76  [35mmfu: 4.12%[39m
[rank0]:[titan] 2026-03-17 11:09:35,369 - root - INFO - [31mstep: 654  [32mloss:  2.7464  [38;2;180;60;0mgrad_norm:  2.8507  [38;2;54;234;195mmemory: 72.92GiB(91.79%)  [34mtps: 845  [36mtflops: 40.73  [35mmfu: 4.12%[39m
[rank0]:[titan] 2026-03-17 11:09:37,788 - root - INFO - [31mstep: 655  [32mloss:  2.7925  [38;2;180;60;0mgrad_norm:  2.5059  [38;2;54;234;195mmemory: 72.92GiB(91.79%)  [34mtps: 847  [36mtflops: 40.80  [35mmfu: 4.12%[39m
[rank0]:[titan] 2026-03-17 11:09:40,217 - root - INFO - [31mstep: 656  [32mloss:  2.7959  [38;2;180;60;0mgrad_norm:  2.3824  [38;2;54;234;195mmemory: 72.92GiB(91.79%)  [34mtps: 844  [36mtflops: 40.65  [35mmfu: 4.11%[39m
[rank0]:[titan] 2026-03-17 11:09:42,642 - root - INFO - [31mstep: 657  [32mloss:  2.7825  [38;2;180;60;0mgrad_norm:  1.9550  [38;2;54;234;195mmemory: 72.92GiB(91.79%)  [34mtps: 845  [36mtflops: 40.69  [35mmfu: 4.11%[39m
[rank0]:[titan] 2026-03-17 11:09:45,064 - root - INFO - [31mstep: 658  [32mloss:  2.7384  [38;2;180;60;0mgrad_norm:  2.2771  [38;2;54;234;195mmemory: 72.92GiB(91.79%)  [34mtps: 846  [36mtflops: 40.76  [35mmfu: 4.12%[39m
[rank0]:[titan] 2026-03-17 11:09:47,489 - root - INFO - [31mstep: 659  [32mloss:  2.7637  [38;2;180;60;0mgrad_norm:  1.9047  [38;2;54;234;195mmemory: 72.92GiB(91.79%)  [34mtps: 845  [36mtflops: 40.71  [35mmfu: 4.12%[39m
[rank0]:[titan] 2026-03-17 11:09:49,908 - root - INFO - [31mstep: 660  [32mloss:  2.7416  [38;2;180;60;0mgrad_norm:  1.6979  [38;2;54;234;195mmemory: 72.92GiB(91.79%)  [34mtps: 847  [36mtflops: 40.80  [35mmfu: 4.12%[39m
[rank0]:[titan] 2026-03-17 11:09:52,329 - root - INFO - [31mstep: 661  [32mloss:  2.7304  [38;2;180;60;0mgrad_norm:  2.4676  [38;2;54;234;195mmemory: 72.92GiB(91.79%)  [34mtps: 846  [36mtflops: 40.77  [35mmfu: 4.12%[39m
[rank0]:[titan] 2026-03-17 11:09:54,756 - root - INFO - [31mstep: 662  [32mloss:  2.7597  [38;2;180;60;0mgrad_norm:  2.2337  [38;2;54;234;195mmemory: 72.92GiB(91.79%)  [34mtps: 844  [36mtflops: 40.67  [35mmfu: 4.11%[39m
[rank0]:[titan] 2026-03-17 11:09:57,176 - root - INFO - [31mstep: 663  [32mloss:  2.7751  [38;2;180;60;0mgrad_norm:  2.2357  [38;2;54;234;195mmemory: 72.92GiB(91.79%)  [34mtps: 846  [36mtflops: 40.77  [35mmfu: 4.12%[39m
[rank0]:[titan] 2026-03-17 11:09:59,598 - root - INFO - [31mstep: 664  [32mloss:  2.7709  [38;2;180;60;0mgrad_norm:  2.7994  [38;2;54;234;195mmemory: 72.92GiB(91.79%)  [34mtps: 846  [36mtflops: 40.75  [35mmfu: 4.12%[39m
[rank0]:[titan] 2026-03-17 11:10:02,022 - root - INFO - [31mstep: 665  [32mloss:  2.8322  [38;2;180;60;0mgrad_norm:  1.8890  [38;2;54;234;195mmemory: 72.92GiB(91.79%)  [34mtps: 845  [36mtflops: 40.73  [35mmfu: 4.12%[39m
[rank0]:[titan] 2026-03-17 11:10:04,444 - root - INFO - [31mstep: 666  [32mloss:  2.7823  [38;2;180;60;0mgrad_norm:  2.3971  [38;2;54;234;195mmemory: 72.92GiB(91.79%)  [34mtps: 846  [36mtflops: 40.74  [35mmfu: 4.12%[39m
[rank0]:[titan] 2026-03-17 11:10:06,866 - root - INFO - [31mstep: 667  [32mloss:  2.7623  [38;2;180;60;0mgrad_norm:  2.6004  [38;2;54;234;195mmemory: 72.92GiB(91.79%)  [34mtps: 846  [36mtflops: 40.76  [35mmfu: 4.12%[39m
[rank0]:[titan] 2026-03-17 11:10:09,290 - root - INFO - [31mstep: 668  [32mloss:  2.8088  [38;2;180;60;0mgrad_norm:  2.5091  [38;2;54;234;195mmemory: 72.92GiB(91.79%)  [34mtps: 845  [36mtflops: 40.70  [35mmfu: 4.12%[39m
[rank0]:[titan] 2026-03-17 11:10:11,712 - root - INFO - [31mstep: 669  [32mloss:  2.7557  [38;2;180;60;0mgrad_norm:  2.0253  [38;2;54;234;195mmemory: 72.92GiB(91.79%)  [34mtps: 846  [36mtflops: 40.77  [35mmfu: 4.12%[39m
[rank0]:[titan] 2026-03-17 11:10:14,132 - root - INFO - [31mstep: 670  [32mloss:  2.7552  [38;2;180;60;0mgrad_norm:  2.7277  [38;2;54;234;195mmemory: 72.92GiB(91.79%)  [34mtps: 846  [36mtflops: 40.77  [35mmfu: 4.12%[39m
[rank0]:[titan] 2026-03-17 11:10:16,555 - root - INFO - [31mstep: 671  [32mloss:  2.7648  [38;2;180;60;0mgrad_norm:  2.4533  [38;2;54;234;195mmemory: 72.92GiB(91.79%)  [34mtps: 846  [36mtflops: 40.74  [35mmfu: 4.12%[39m
[rank0]:[titan] 2026-03-17 11:10:18,975 - root - INFO - [31mstep: 672  [32mloss:  2.7387  [38;2;180;60;0mgrad_norm:  2.0757  [38;2;54;234;195mmemory: 72.92GiB(91.79%)  [34mtps: 846  [36mtflops: 40.78  [35mmfu: 4.12%[39m
[rank0]:[titan] 2026-03-17 11:10:21,404 - root - INFO - [31mstep: 673  [32mloss:  2.7716  [38;2;180;60;0mgrad_norm:  2.1689  [38;2;54;234;195mmemory: 72.92GiB(91.79%)  [34mtps: 843  [36mtflops: 40.64  [35mmfu: 4.11%[39m
[rank0]:[titan] 2026-03-17 11:10:23,824 - root - INFO - [31mstep: 674  [32mloss:  2.7628  [38;2;180;60;0mgrad_norm:  2.2030  [38;2;54;234;195mmemory: 72.92GiB(91.79%)  [34mtps: 846  [36mtflops: 40.78  [35mmfu: 4.12%[39m
[rank0]:[titan] 2026-03-17 11:10:26,246 - root - INFO - [31mstep: 675  [32mloss:  2.7968  [38;2;180;60;0mgrad_norm:  2.1228  [38;2;54;234;195mmemory: 72.92GiB(91.79%)  [34mtps: 846  [36mtflops: 40.75  [35mmfu: 4.12%[39m
[rank0]:[titan] 2026-03-17 11:10:28,666 - root - INFO - [31mstep: 676  [32mloss:  2.7150  [38;2;180;60;0mgrad_norm:  2.6937  [38;2;54;234;195mmemory: 72.92GiB(91.79%)  [34mtps: 846  [36mtflops: 40.78  [35mmfu: 4.12%[39m
[rank0]:[titan] 2026-03-17 11:10:31,086 - root - INFO - [31mstep: 677  [32mloss:  2.7392  [38;2;180;60;0mgrad_norm:  2.1272  [38;2;54;234;195mmemory: 72.92GiB(91.79%)  [34mtps: 846  [36mtflops: 40.78  [35mmfu: 4.12%[39m
[rank0]:[titan] 2026-03-17 11:10:33,516 - root - INFO - [31mstep: 678  [32mloss:  2.8089  [38;2;180;60;0mgrad_norm:  2.5883  [38;2;54;234;195mmemory: 72.92GiB(91.79%)  [34mtps: 843  [36mtflops: 40.62  [35mmfu: 4.11%[39m
[rank0]:[titan] 2026-03-17 11:10:35,937 - root - INFO - [31mstep: 679  [32mloss:  2.7076  [38;2;180;60;0mgrad_norm:  2.2058  [38;2;54;234;195mmemory: 72.92GiB(91.79%)  [34mtps: 846  [36mtflops: 40.77  [35mmfu: 4.12%[39m
[rank0]:[titan] 2026-03-17 11:10:38,370 - root - INFO - [31mstep: 680  [32mloss:  2.8014  [38;2;180;60;0mgrad_norm:  2.5168  [38;2;54;234;195mmemory: 72.92GiB(91.79%)  [34mtps: 842  [36mtflops: 40.57  [35mmfu: 4.10%[39m
[rank0]:[titan] 2026-03-17 11:10:40,791 - root - INFO - [31mstep: 681  [32mloss:  2.7627  [38;2;180;60;0mgrad_norm:  2.4112  [38;2;54;234;195mmemory: 72.92GiB(91.79%)  [34mtps: 846  [36mtflops: 40.78  [35mmfu: 4.12%[39m
[rank0]:[titan] 2026-03-17 11:10:43,220 - root - INFO - [31mstep: 682  [32mloss:  2.7250  [38;2;180;60;0mgrad_norm:  2.2175  [38;2;54;234;195mmemory: 72.92GiB(91.79%)  [34mtps: 843  [36mtflops: 40.63  [35mmfu: 4.11%[39m
[rank0]:[titan] 2026-03-17 11:10:45,640 - root - INFO - [31mstep: 683  [32mloss:  2.7236  [38;2;180;60;0mgrad_norm:  3.0424  [38;2;54;234;195mmemory: 72.92GiB(91.79%)  [34mtps: 846  [36mtflops: 40.78  [35mmfu: 4.12%[39m
[rank0]:[titan] 2026-03-17 11:10:48,060 - root - INFO - [31mstep: 684  [32mloss:  2.7444  [38;2;180;60;0mgrad_norm:  2.8180  [38;2;54;234;195mmemory: 72.92GiB(91.79%)  [34mtps: 847  [36mtflops: 40.79  [35mmfu: 4.12%[39m
[rank0]:[titan] 2026-03-17 11:10:50,482 - root - INFO - [31mstep: 685  [32mloss:  2.7324  [38;2;180;60;0mgrad_norm:  1.8683  [38;2;54;234;195mmemory: 72.92GiB(91.79%)  [34mtps: 846  [36mtflops: 40.76  [35mmfu: 4.12%[39m
[rank0]:[titan] 2026-03-17 11:10:52,903 - root - INFO - [31mstep: 686  [32mloss:  2.6862  [38;2;180;60;0mgrad_norm:  2.8590  [38;2;54;234;195mmemory: 72.92GiB(91.79%)  [34mtps: 846  [36mtflops: 40.77  [35mmfu: 4.12%[39m
[rank0]:[titan] 2026-03-17 11:10:55,326 - root - INFO - [31mstep: 687  [32mloss:  2.7350  [38;2;180;60;0mgrad_norm:  3.2057  [38;2;54;234;195mmemory: 72.92GiB(91.79%)  [34mtps: 845  [36mtflops: 40.73  [35mmfu: 4.12%[39m
[rank0]:[titan] 2026-03-17 11:10:57,747 - root - INFO - [31mstep: 688  [32mloss:  2.7402  [38;2;180;60;0mgrad_norm:  3.0211  [38;2;54;234;195mmemory: 72.92GiB(91.79%)  [34mtps: 846  [36mtflops: 40.76  [35mmfu: 4.12%[39m
[rank0]:[titan] 2026-03-17 11:11:00,169 - root - INFO - [31mstep: 689  [32mloss:  2.8155  [38;2;180;60;0mgrad_norm:  2.3333  [38;2;54;234;195mmemory: 72.92GiB(91.79%)  [34mtps: 846  [36mtflops: 40.74  [35mmfu: 4.12%[39m
[rank0]:[titan] 2026-03-17 11:11:02,591 - root - INFO - [31mstep: 690  [32mloss:  2.7114  [38;2;180;60;0mgrad_norm:  3.0863  [38;2;54;234;195mmemory: 72.92GiB(91.79%)  [34mtps: 846  [36mtflops: 40.75  [35mmfu: 4.12%[39m
[rank0]:[titan] 2026-03-17 11:11:05,011 - root - INFO - [31mstep: 691  [32mloss:  2.7119  [38;2;180;60;0mgrad_norm:  2.6298  [38;2;54;234;195mmemory: 72.92GiB(91.79%)  [34mtps: 846  [36mtflops: 40.78  [35mmfu: 4.12%[39m
[rank0]:[titan] 2026-03-17 11:11:07,434 - root - INFO - [31mstep: 692  [32mloss:  2.7498  [38;2;180;60;0mgrad_norm:  3.1020  [38;2;54;234;195mmemory: 72.92GiB(91.79%)  [34mtps: 846  [36mtflops: 40.74  [35mmfu: 4.12%[39m
[rank0]:[titan] 2026-03-17 11:11:09,867 - root - INFO - [31mstep: 693  [32mloss:  2.7800  [38;2;180;60;0mgrad_norm:  2.4660  [38;2;54;234;195mmemory: 72.92GiB(91.79%)  [34mtps: 842  [36mtflops: 40.57  [35mmfu: 4.10%[39m
[rank0]:[titan] 2026-03-17 11:11:12,286 - root - INFO - [31mstep: 694  [32mloss:  2.7622  [38;2;180;60;0mgrad_norm:  2.4018  [38;2;54;234;195mmemory: 72.92GiB(91.79%)  [34mtps: 847  [36mtflops: 40.80  [35mmfu: 4.13%[39m
[rank0]:[titan] 2026-03-17 11:11:14,716 - root - INFO - [31mstep: 695  [32mloss:  2.7577  [38;2;180;60;0mgrad_norm:  2.3466  [38;2;54;234;195mmemory: 72.92GiB(91.79%)  [34mtps: 843  [36mtflops: 40.62  [35mmfu: 4.11%[39m
[rank0]:[titan] 2026-03-17 11:11:17,136 - root - INFO - [31mstep: 696  [32mloss:  2.6894  [38;2;180;60;0mgrad_norm:  2.3382  [38;2;54;234;195mmemory: 72.92GiB(91.79%)  [34mtps: 847  [36mtflops: 40.80  [35mmfu: 4.13%[39m
[rank0]:[titan] 2026-03-17 11:11:19,555 - root - INFO - [31mstep: 697  [32mloss:  2.7196  [38;2;180;60;0mgrad_norm:  2.7852  [38;2;54;234;195mmemory: 72.92GiB(91.79%)  [34mtps: 847  [36mtflops: 40.80  [35mmfu: 4.13%[39m
[rank0]:[titan] 2026-03-17 11:11:21,982 - root - INFO - [31mstep: 698  [32mloss:  2.7220  [38;2;180;60;0mgrad_norm:  1.7539  [38;2;54;234;195mmemory: 72.92GiB(91.79%)  [34mtps: 844  [36mtflops: 40.66  [35mmfu: 4.11%[39m
[rank0]:[titan] 2026-03-17 11:11:24,411 - root - INFO - [31mstep: 699  [32mloss:  2.6974  [38;2;180;60;0mgrad_norm:  2.8333  [38;2;54;234;195mmemory: 72.92GiB(91.79%)  [34mtps: 845  [36mtflops: 40.73  [35mmfu: 4.12%[39m
[rank0]:[titan] 2026-03-17 11:11:26,834 - root - INFO - [31mstep: 700  [32mloss:  2.7221  [38;2;180;60;0mgrad_norm:  2.9158  [38;2;54;234;195mmemory: 72.92GiB(91.79%)  [34mtps: 846  [36mtflops: 40.77  [35mmfu: 4.12%[39m
[rank0]:[titan] 2026-03-17 11:11:29,255 - root - INFO - [31mstep: 701  [32mloss:  2.7670  [38;2;180;60;0mgrad_norm:  1.8029  [38;2;54;234;195mmemory: 72.92GiB(91.79%)  [34mtps: 846  [36mtflops: 40.76  [35mmfu: 4.12%[39m
[rank0]:[titan] 2026-03-17 11:11:31,676 - root - INFO - [31mstep: 702  [32mloss:  2.7858  [38;2;180;60;0mgrad_norm:  2.5573  [38;2;54;234;195mmemory: 72.92GiB(91.79%)  [34mtps: 846  [36mtflops: 40.77  [35mmfu: 4.12%[39m
[rank0]:[titan] 2026-03-17 11:11:34,098 - root - INFO - [31mstep: 703  [32mloss:  2.8190  [38;2;180;60;0mgrad_norm:  2.9146  [38;2;54;234;195mmemory: 72.92GiB(91.79%)  [34mtps: 846  [36mtflops: 40.75  [35mmfu: 4.12%[39m
[rank0]:[titan] 2026-03-17 11:11:36,548 - root - INFO - [31mstep: 704  [32mloss:  2.7280  [38;2;180;60;0mgrad_norm:  2.0576  [38;2;54;234;195mmemory: 72.92GiB(91.79%)  [34mtps: 836  [36mtflops: 40.28  [35mmfu: 4.07%[39m
[rank0]:[titan] 2026-03-17 11:11:38,974 - root - INFO - [31mstep: 705  [32mloss:  2.9286  [38;2;180;60;0mgrad_norm:  3.2665  [38;2;54;234;195mmemory: 72.92GiB(91.79%)  [34mtps: 845  [36mtflops: 40.69  [35mmfu: 4.11%[39m
[rank0]:[titan] 2026-03-17 11:11:41,392 - root - INFO - [31mstep: 706  [32mloss:  2.9460  [38;2;180;60;0mgrad_norm:  3.2198  [38;2;54;234;195mmemory: 72.92GiB(91.79%)  [34mtps: 847  [36mtflops: 40.81  [35mmfu: 4.13%[39m
[rank0]:[titan] 2026-03-17 11:11:43,813 - root - INFO - [31mstep: 707  [32mloss:  2.8300  [38;2;180;60;0mgrad_norm:  2.1868  [38;2;54;234;195mmemory: 72.92GiB(91.79%)  [34mtps: 846  [36mtflops: 40.78  [35mmfu: 4.12%[39m
[rank0]:[titan] 2026-03-17 11:11:46,232 - root - INFO - [31mstep: 708  [32mloss:  2.7780  [38;2;180;60;0mgrad_norm:  2.5238  [38;2;54;234;195mmemory: 72.92GiB(91.79%)  [34mtps: 847  [36mtflops: 40.79  [35mmfu: 4.12%[39m
[rank0]:[titan] 2026-03-17 11:11:48,656 - root - INFO - [31mstep: 709  [32mloss:  2.7263  [38;2;180;60;0mgrad_norm:  2.6342  [38;2;54;234;195mmemory: 72.92GiB(91.79%)  [34mtps: 845  [36mtflops: 40.72  [35mmfu: 4.12%[39m
[rank0]:[titan] 2026-03-17 11:11:51,076 - root - INFO - [31mstep: 710  [32mloss:  2.7642  [38;2;180;60;0mgrad_norm:  2.3878  [38;2;54;234;195mmemory: 72.92GiB(91.79%)  [34mtps: 846  [36mtflops: 40.78  [35mmfu: 4.12%[39m
[rank0]:[titan] 2026-03-17 11:11:53,494 - root - INFO - [31mstep: 711  [32mloss:  2.7748  [38;2;180;60;0mgrad_norm:  2.0934  [38;2;54;234;195mmemory: 72.92GiB(91.79%)  [34mtps: 847  [36mtflops: 40.81  [35mmfu: 4.13%[39m
[rank0]:[titan] 2026-03-17 11:11:55,918 - root - INFO - [31mstep: 712  [32mloss:  2.7544  [38;2;180;60;0mgrad_norm:  1.7897  [38;2;54;234;195mmemory: 72.92GiB(91.79%)  [34mtps: 845  [36mtflops: 40.72  [35mmfu: 4.12%[39m
[rank0]:[titan] 2026-03-17 11:11:58,345 - root - INFO - [31mstep: 713  [32mloss:  2.7163  [38;2;180;60;0mgrad_norm:  2.2242  [38;2;54;234;195mmemory: 72.92GiB(91.79%)  [34mtps: 844  [36mtflops: 40.67  [35mmfu: 4.11%[39m
[rank0]:[titan] 2026-03-17 11:12:00,765 - root - INFO - [31mstep: 714  [32mloss:  2.7312  [38;2;180;60;0mgrad_norm:  2.0632  [38;2;54;234;195mmemory: 72.92GiB(91.79%)  [34mtps: 847  [36mtflops: 40.79  [35mmfu: 4.12%[39m
[rank0]:[titan] 2026-03-17 11:12:03,192 - root - INFO - [31mstep: 715  [32mloss:  2.7853  [38;2;180;60;0mgrad_norm:  1.8211  [38;2;54;234;195mmemory: 72.92GiB(91.79%)  [34mtps: 844  [36mtflops: 40.66  [35mmfu: 4.11%[39m
[rank0]:[titan] 2026-03-17 11:12:05,611 - root - INFO - [31mstep: 716  [32mloss:  2.7736  [38;2;180;60;0mgrad_norm:  2.8294  [38;2;54;234;195mmemory: 72.92GiB(91.79%)  [34mtps: 847  [36mtflops: 40.80  [35mmfu: 4.13%[39m
[rank0]:[titan] 2026-03-17 11:12:08,031 - root - INFO - [31mstep: 717  [32mloss:  2.7388  [38;2;180;60;0mgrad_norm:  1.6433  [38;2;54;234;195mmemory: 72.92GiB(91.79%)  [34mtps: 847  [36mtflops: 40.80  [35mmfu: 4.13%[39m
[rank0]:[titan] 2026-03-17 11:12:10,453 - root - INFO - [31mstep: 718  [32mloss:  2.6936  [38;2;180;60;0mgrad_norm:  2.3355  [38;2;54;234;195mmemory: 72.92GiB(91.79%)  [34mtps: 846  [36mtflops: 40.75  [35mmfu: 4.12%[39m
[rank0]:[titan] 2026-03-17 11:12:12,874 - root - INFO - [31mstep: 719  [32mloss:  2.7505  [38;2;180;60;0mgrad_norm:  2.1351  [38;2;54;234;195mmemory: 72.92GiB(91.79%)  [34mtps: 846  [36mtflops: 40.76  [35mmfu: 4.12%[39m
[rank0]:[titan] 2026-03-17 11:12:15,296 - root - INFO - [31mstep: 720  [32mloss:  2.7268  [38;2;180;60;0mgrad_norm:  3.1170  [38;2;54;234;195mmemory: 72.92GiB(91.79%)  [34mtps: 846  [36mtflops: 40.75  [35mmfu: 4.12%[39m
[rank0]:[titan] 2026-03-17 11:12:17,715 - root - INFO - [31mstep: 721  [32mloss:  2.8022  [38;2;180;60;0mgrad_norm:  1.9454  [38;2;54;234;195mmemory: 72.92GiB(91.79%)  [34mtps: 847  [36mtflops: 40.80  [35mmfu: 4.13%[39m
[rank0]:[titan] 2026-03-17 11:12:20,135 - root - INFO - [31mstep: 722  [32mloss:  2.7762  [38;2;180;60;0mgrad_norm:  3.1020  [38;2;54;234;195mmemory: 72.92GiB(91.79%)  [34mtps: 846  [36mtflops: 40.78  [35mmfu: 4.12%[39m
[rank0]:[titan] 2026-03-17 11:12:22,560 - root - INFO - [31mstep: 723  [32mloss:  2.7542  [38;2;180;60;0mgrad_norm:  1.9859  [38;2;54;234;195mmemory: 72.92GiB(91.79%)  [34mtps: 845  [36mtflops: 40.71  [35mmfu: 4.12%[39m
[rank0]:[titan] 2026-03-17 11:12:24,982 - root - INFO - [31mstep: 724  [32mloss:  2.8014  [38;2;180;60;0mgrad_norm:  3.3108  [38;2;54;234;195mmemory: 72.92GiB(91.79%)  [34mtps: 846  [36mtflops: 40.75  [35mmfu: 4.12%[39m
[rank0]:[titan] 2026-03-17 11:12:27,401 - root - INFO - [31mstep: 725  [32mloss:  2.7775  [38;2;180;60;0mgrad_norm:  3.2176  [38;2;54;234;195mmemory: 72.92GiB(91.79%)  [34mtps: 847  [36mtflops: 40.79  [35mmfu: 4.12%[39m
[rank0]:[titan] 2026-03-17 11:12:29,820 - root - INFO - [31mstep: 726  [32mloss:  2.8784  [38;2;180;60;0mgrad_norm:  2.3146  [38;2;54;234;195mmemory: 72.92GiB(91.79%)  [34mtps: 847  [36mtflops: 40.80  [35mmfu: 4.13%[39m
[rank0]:[titan] 2026-03-17 11:12:32,241 - root - INFO - [31mstep: 727  [32mloss:  2.7484  [38;2;180;60;0mgrad_norm:  2.8163  [38;2;54;234;195mmemory: 72.92GiB(91.79%)  [34mtps: 847  [36mtflops: 40.79  [35mmfu: 4.12%[39m
[rank0]:[titan] 2026-03-17 11:12:34,663 - root - INFO - [31mstep: 728  [32mloss:  2.7478  [38;2;180;60;0mgrad_norm:  2.5436  [38;2;54;234;195mmemory: 72.92GiB(91.79%)  [34mtps: 845  [36mtflops: 40.73  [35mmfu: 4.12%[39m
[rank0]:[titan] 2026-03-17 11:12:37,090 - root - INFO - [31mstep: 729  [32mloss:  2.7956  [38;2;180;60;0mgrad_norm:  2.6489  [38;2;54;234;195mmemory: 72.92GiB(91.79%)  [34mtps: 844  [36mtflops: 40.68  [35mmfu: 4.11%[39m
[rank0]:[titan] 2026-03-17 11:12:39,511 - root - INFO - [31mstep: 730  [32mloss:  2.7680  [38;2;180;60;0mgrad_norm:  2.7999  [38;2;54;234;195mmemory: 72.92GiB(91.79%)  [34mtps: 846  [36mtflops: 40.77  [35mmfu: 4.12%[39m
[rank0]:[titan] 2026-03-17 11:12:41,938 - root - INFO - [31mstep: 731  [32mloss:  2.7553  [38;2;180;60;0mgrad_norm:  2.5422  [38;2;54;234;195mmemory: 72.92GiB(91.79%)  [34mtps: 844  [36mtflops: 40.68  [35mmfu: 4.11%[39m
[rank0]:[titan] 2026-03-17 11:12:44,361 - root - INFO - [31mstep: 732  [32mloss:  2.7349  [38;2;180;60;0mgrad_norm:  2.6740  [38;2;54;234;195mmemory: 72.92GiB(91.79%)  [34mtps: 846  [36mtflops: 40.74  [35mmfu: 4.12%[39m
[rank0]:[titan] 2026-03-17 11:12:46,783 - root - INFO - [31mstep: 733  [32mloss:  2.7080  [38;2;180;60;0mgrad_norm:  1.8995  [38;2;54;234;195mmemory: 72.92GiB(91.79%)  [34mtps: 846  [36mtflops: 40.74  [35mmfu: 4.12%[39m
[rank0]:[titan] 2026-03-17 11:12:49,207 - root - INFO - [31mstep: 734  [32mloss:  2.7218  [38;2;180;60;0mgrad_norm:  2.0797  [38;2;54;234;195mmemory: 72.92GiB(91.79%)  [34mtps: 845  [36mtflops: 40.72  [35mmfu: 4.12%[39m
[rank0]:[titan] 2026-03-17 11:12:51,635 - root - INFO - [31mstep: 735  [32mloss:  2.7496  [38;2;180;60;0mgrad_norm:  1.7430  [38;2;54;234;195mmemory: 72.92GiB(91.79%)  [34mtps: 844  [36mtflops: 40.65  [35mmfu: 4.11%[39m
[rank0]:[titan] 2026-03-17 11:12:54,056 - root - INFO - [31mstep: 736  [32mloss:  2.7608  [38;2;180;60;0mgrad_norm:  1.7582  [38;2;54;234;195mmemory: 72.92GiB(91.79%)  [34mtps: 846  [36mtflops: 40.77  [35mmfu: 4.12%[39m
[rank0]:[titan] 2026-03-17 11:12:56,484 - root - INFO - [31mstep: 737  [32mloss:  2.7598  [38;2;180;60;0mgrad_norm:  2.4804  [38;2;54;234;195mmemory: 72.92GiB(91.79%)  [34mtps: 844  [36mtflops: 40.65  [35mmfu: 4.11%[39m
[rank0]:[titan] 2026-03-17 11:12:58,904 - root - INFO - [31mstep: 738  [32mloss:  2.7934  [38;2;180;60;0mgrad_norm:  2.4658  [38;2;54;234;195mmemory: 72.92GiB(91.79%)  [34mtps: 846  [36mtflops: 40.78  [35mmfu: 4.12%[39m
[rank0]:[titan] 2026-03-17 11:13:01,328 - root - INFO - [31mstep: 739  [32mloss:  2.7477  [38;2;180;60;0mgrad_norm:  2.3753  [38;2;54;234;195mmemory: 72.92GiB(91.79%)  [34mtps: 845  [36mtflops: 40.72  [35mmfu: 4.12%[39m
[rank0]:[titan] 2026-03-17 11:13:03,746 - root - INFO - [31mstep: 740  [32mloss:  2.7350  [38;2;180;60;0mgrad_norm:  2.5552  [38;2;54;234;195mmemory: 72.92GiB(91.79%)  [34mtps: 847  [36mtflops: 40.83  [35mmfu: 4.13%[39m
[rank0]:[titan] 2026-03-17 11:13:06,167 - root - INFO - [31mstep: 741  [32mloss:  2.7438  [38;2;180;60;0mgrad_norm:  2.0976  [38;2;54;234;195mmemory: 72.92GiB(91.79%)  [34mtps: 846  [36mtflops: 40.76  [35mmfu: 4.12%[39m
[rank0]:[titan] 2026-03-17 11:13:08,586 - root - INFO - [31mstep: 742  [32mloss:  2.7223  [38;2;180;60;0mgrad_norm:  2.5927  [38;2;54;234;195mmemory: 72.92GiB(91.79%)  [34mtps: 847  [36mtflops: 40.81  [35mmfu: 4.13%[39m
[rank0]:[titan] 2026-03-17 11:13:11,008 - root - INFO - [31mstep: 743  [32mloss:  2.7063  [38;2;180;60;0mgrad_norm:  2.3430  [38;2;54;234;195mmemory: 72.92GiB(91.79%)  [34mtps: 846  [36mtflops: 40.75  [35mmfu: 4.12%[39m
[rank0]:[titan] 2026-03-17 11:13:13,432 - root - INFO - [31mstep: 744  [32mloss:  2.7488  [38;2;180;60;0mgrad_norm:  2.4486  [38;2;54;234;195mmemory: 72.92GiB(91.79%)  [34mtps: 845  [36mtflops: 40.72  [35mmfu: 4.12%[39m
[rank0]:[titan] 2026-03-17 11:13:15,861 - root - INFO - [31mstep: 745  [32mloss:  2.8319  [38;2;180;60;0mgrad_norm:  2.7038  [38;2;54;234;195mmemory: 72.92GiB(91.79%)  [34mtps: 843  [36mtflops: 40.63  [35mmfu: 4.11%[39m
[rank0]:[titan] 2026-03-17 11:13:18,303 - root - INFO - [31mstep: 746  [32mloss:  2.7780  [38;2;180;60;0mgrad_norm:  2.4777  [38;2;54;234;195mmemory: 72.92GiB(91.79%)  [34mtps: 839  [36mtflops: 40.43  [35mmfu: 4.09%[39m
[rank0]:[titan] 2026-03-17 11:13:20,722 - root - INFO - [31mstep: 747  [32mloss:  2.7072  [38;2;180;60;0mgrad_norm:  1.7207  [38;2;54;234;195mmemory: 72.92GiB(91.79%)  [34mtps: 847  [36mtflops: 40.79  [35mmfu: 4.12%[39m
[rank0]:[titan] 2026-03-17 11:13:23,144 - root - INFO - [31mstep: 748  [32mloss:  2.6944  [38;2;180;60;0mgrad_norm:  2.1203  [38;2;54;234;195mmemory: 72.92GiB(91.79%)  [34mtps: 846  [36mtflops: 40.76  [35mmfu: 4.12%[39m
[rank0]:[titan] 2026-03-17 11:13:25,565 - root - INFO - [31mstep: 749  [32mloss:  2.7428  [38;2;180;60;0mgrad_norm:  2.7886  [38;2;54;234;195mmemory: 72.92GiB(91.79%)  [34mtps: 846  [36mtflops: 40.77  [35mmfu: 4.12%[39m
[rank0]:[titan] 2026-03-17 11:13:27,988 - root - INFO - [31mstep: 750  [32mloss:  2.7147  [38;2;180;60;0mgrad_norm:  2.3690  [38;2;54;234;195mmemory: 72.92GiB(91.79%)  [34mtps: 845  [36mtflops: 40.73  [35mmfu: 4.12%[39m
[rank0]:[titan] 2026-03-17 11:13:30,409 - root - INFO - [31mstep: 751  [32mloss:  2.6815  [38;2;180;60;0mgrad_norm:  1.4166  [38;2;54;234;195mmemory: 72.92GiB(91.79%)  [34mtps: 846  [36mtflops: 40.76  [35mmfu: 4.12%[39m
[rank0]:[titan] 2026-03-17 11:13:32,831 - root - INFO - [31mstep: 752  [32mloss:  2.6575  [38;2;180;60;0mgrad_norm:  1.9325  [38;2;54;234;195mmemory: 72.92GiB(91.79%)  [34mtps: 846  [36mtflops: 40.76  [35mmfu: 4.12%[39m
[rank0]:[titan] 2026-03-17 11:13:35,251 - root - INFO - [31mstep: 753  [32mloss:  2.7759  [38;2;180;60;0mgrad_norm:  2.2776  [38;2;54;234;195mmemory: 72.92GiB(91.79%)  [34mtps: 846  [36mtflops: 40.77  [35mmfu: 4.12%[39m
[rank0]:[titan] 2026-03-17 11:13:37,676 - root - INFO - [31mstep: 754  [32mloss:  2.7153  [38;2;180;60;0mgrad_norm:  1.3479  [38;2;54;234;195mmemory: 72.92GiB(91.79%)  [34mtps: 845  [36mtflops: 40.71  [35mmfu: 4.12%[39m
[rank0]:[titan] 2026-03-17 11:13:40,100 - root - INFO - [31mstep: 755  [32mloss:  2.7771  [38;2;180;60;0mgrad_norm:  2.5806  [38;2;54;234;195mmemory: 72.92GiB(91.79%)  [34mtps: 845  [36mtflops: 40.71  [35mmfu: 4.12%[39m
[rank0]:[titan] 2026-03-17 11:13:42,523 - root - INFO - [31mstep: 756  [32mloss:  2.7549  [38;2;180;60;0mgrad_norm:  2.4877  [38;2;54;234;195mmemory: 72.92GiB(91.79%)  [34mtps: 846  [36mtflops: 40.75  [35mmfu: 4.12%[39m
[rank0]:[titan] 2026-03-17 11:13:44,950 - root - INFO - [31mstep: 757  [32mloss:  2.7326  [38;2;180;60;0mgrad_norm:  2.0373  [38;2;54;234;195mmemory: 72.92GiB(91.79%)  [34mtps: 844  [36mtflops: 40.65  [35mmfu: 4.11%[39m
[rank0]:[titan] 2026-03-17 11:13:47,372 - root - INFO - [31mstep: 758  [32mloss:  2.6582  [38;2;180;60;0mgrad_norm:  2.7110  [38;2;54;234;195mmemory: 72.92GiB(91.79%)  [34mtps: 846  [36mtflops: 40.76  [35mmfu: 4.12%[39m
[rank0]:[titan] 2026-03-17 11:13:49,795 - root - INFO - [31mstep: 759  [32mloss:  2.7520  [38;2;180;60;0mgrad_norm:  2.0572  [38;2;54;234;195mmemory: 72.92GiB(91.79%)  [34mtps: 845  [36mtflops: 40.73  [35mmfu: 4.12%[39m
[rank0]:[titan] 2026-03-17 11:13:52,216 - root - INFO - [31mstep: 760  [32mloss:  2.7182  [38;2;180;60;0mgrad_norm:  2.0603  [38;2;54;234;195mmemory: 72.92GiB(91.79%)  [34mtps: 846  [36mtflops: 40.77  [35mmfu: 4.12%[39m
[rank0]:[titan] 2026-03-17 11:13:54,637 - root - INFO - [31mstep: 761  [32mloss:  2.7378  [38;2;180;60;0mgrad_norm:  2.4547  [38;2;54;234;195mmemory: 72.92GiB(91.79%)  [34mtps: 846  [36mtflops: 40.77  [35mmfu: 4.12%[39m
[rank0]:[titan] 2026-03-17 11:13:57,058 - root - INFO - [31mstep: 762  [32mloss:  2.6765  [38;2;180;60;0mgrad_norm:  1.7358  [38;2;54;234;195mmemory: 72.92GiB(91.79%)  [34mtps: 846  [36mtflops: 40.77  [35mmfu: 4.12%[39m
[rank0]:[titan] 2026-03-17 11:13:59,478 - root - INFO - [31mstep: 763  [32mloss:  2.6586  [38;2;180;60;0mgrad_norm:  1.7301  [38;2;54;234;195mmemory: 72.92GiB(91.79%)  [34mtps: 846  [36mtflops: 40.78  [35mmfu: 4.12%[39m
[rank0]:[titan] 2026-03-17 11:14:01,899 - root - INFO - [31mstep: 764  [32mloss:  2.6851  [38;2;180;60;0mgrad_norm:  2.1026  [38;2;54;234;195mmemory: 72.92GiB(91.79%)  [34mtps: 846  [36mtflops: 40.76  [35mmfu: 4.12%[39m
[rank0]:[titan] 2026-03-17 11:14:04,322 - root - INFO - [31mstep: 765  [32mloss:  2.7170  [38;2;180;60;0mgrad_norm:  1.7394  [38;2;54;234;195mmemory: 72.92GiB(91.79%)  [34mtps: 846  [36mtflops: 40.74  [35mmfu: 4.12%[39m
[rank0]:[titan] 2026-03-17 11:14:06,745 - root - INFO - [31mstep: 766  [32mloss:  2.7908  [38;2;180;60;0mgrad_norm:  2.2353  [38;2;54;234;195mmemory: 72.92GiB(91.79%)  [34mtps: 845  [36mtflops: 40.73  [35mmfu: 4.12%[39m
[rank0]:[titan] 2026-03-17 11:14:09,169 - root - INFO - [31mstep: 767  [32mloss:  2.7186  [38;2;180;60;0mgrad_norm:  1.6465  [38;2;54;234;195mmemory: 72.92GiB(91.79%)  [34mtps: 845  [36mtflops: 40.71  [35mmfu: 4.12%[39m
[rank0]:[titan] 2026-03-17 11:14:11,598 - root - INFO - [31mstep: 768  [32mloss:  2.7172  [38;2;180;60;0mgrad_norm:  1.7406  [38;2;54;234;195mmemory: 72.92GiB(91.79%)  [34mtps: 844  [36mtflops: 40.64  [35mmfu: 4.11%[39m
[rank0]:[titan] 2026-03-17 11:14:14,018 - root - INFO - [31mstep: 769  [32mloss:  2.7302  [38;2;180;60;0mgrad_norm:  1.9325  [38;2;54;234;195mmemory: 72.92GiB(91.79%)  [34mtps: 846  [36mtflops: 40.77  [35mmfu: 4.12%[39m
[rank0]:[titan] 2026-03-17 11:14:16,437 - root - INFO - [31mstep: 770  [32mloss:  2.7444  [38;2;180;60;0mgrad_norm:  1.4056  [38;2;54;234;195mmemory: 72.92GiB(91.79%)  [34mtps: 847  [36mtflops: 40.80  [35mmfu: 4.13%[39m
[rank0]:[titan] 2026-03-17 11:14:18,859 - root - INFO - [31mstep: 771  [32mloss:  2.7413  [38;2;180;60;0mgrad_norm:  2.1043  [38;2;54;234;195mmemory: 72.92GiB(91.79%)  [34mtps: 846  [36mtflops: 40.76  [35mmfu: 4.12%[39m
[rank0]:[titan] 2026-03-17 11:14:21,281 - root - INFO - [31mstep: 772  [32mloss:  2.7066  [38;2;180;60;0mgrad_norm:  2.1197  [38;2;54;234;195mmemory: 72.92GiB(91.79%)  [34mtps: 846  [36mtflops: 40.75  [35mmfu: 4.12%[39m
[rank0]:[titan] 2026-03-17 11:14:23,703 - root - INFO - [31mstep: 773  [32mloss:  2.7275  [38;2;180;60;0mgrad_norm:  1.8597  [38;2;54;234;195mmemory: 72.92GiB(91.79%)  [34mtps: 846  [36mtflops: 40.74  [35mmfu: 4.12%[39m
[rank0]:[titan] 2026-03-17 11:14:26,124 - root - INFO - [31mstep: 774  [32mloss:  2.6336  [38;2;180;60;0mgrad_norm:  1.9731  [38;2;54;234;195mmemory: 72.92GiB(91.79%)  [34mtps: 846  [36mtflops: 40.77  [35mmfu: 4.12%[39m
[rank0]:[titan] 2026-03-17 11:14:28,546 - root - INFO - [31mstep: 775  [32mloss:  2.6704  [38;2;180;60;0mgrad_norm:  1.6821  [38;2;54;234;195mmemory: 72.92GiB(91.79%)  [34mtps: 846  [36mtflops: 40.76  [35mmfu: 4.12%[39m
[rank0]:[titan] 2026-03-17 11:14:30,967 - root - INFO - [31mstep: 776  [32mloss:  2.7522  [38;2;180;60;0mgrad_norm:  1.9182  [38;2;54;234;195mmemory: 72.92GiB(91.79%)  [34mtps: 846  [36mtflops: 40.76  [35mmfu: 4.12%[39m
[rank0]:[titan] 2026-03-17 11:14:33,388 - root - INFO - [31mstep: 777  [32mloss:  2.6836  [38;2;180;60;0mgrad_norm:  1.5783  [38;2;54;234;195mmemory: 72.92GiB(91.79%)  [34mtps: 846  [36mtflops: 40.78  [35mmfu: 4.12%[39m
[rank0]:[titan] 2026-03-17 11:14:35,808 - root - INFO - [31mstep: 778  [32mloss:  2.6311  [38;2;180;60;0mgrad_norm:  1.9078  [38;2;54;234;195mmemory: 72.92GiB(91.79%)  [34mtps: 847  [36mtflops: 40.79  [35mmfu: 4.12%[39m
[rank0]:[titan] 2026-03-17 11:14:38,238 - root - INFO - [31mstep: 779  [32mloss:  2.6831  [38;2;180;60;0mgrad_norm:  1.8011  [38;2;54;234;195mmemory: 72.92GiB(91.79%)  [34mtps: 843  [36mtflops: 40.62  [35mmfu: 4.11%[39m
[rank0]:[titan] 2026-03-17 11:14:40,659 - root - INFO - [31mstep: 780  [32mloss:  2.6443  [38;2;180;60;0mgrad_norm:  1.9585  [38;2;54;234;195mmemory: 72.92GiB(91.79%)  [34mtps: 846  [36mtflops: 40.76  [35mmfu: 4.12%[39m
[rank0]:[titan] 2026-03-17 11:14:43,080 - root - INFO - [31mstep: 781  [32mloss:  2.6614  [38;2;180;60;0mgrad_norm:  1.5074  [38;2;54;234;195mmemory: 72.92GiB(91.79%)  [34mtps: 846  [36mtflops: 40.77  [35mmfu: 4.12%[39m
[rank0]:[titan] 2026-03-17 11:14:45,499 - root - INFO - [31mstep: 782  [32mloss:  2.6672  [38;2;180;60;0mgrad_norm:  2.3003  [38;2;54;234;195mmemory: 72.92GiB(91.79%)  [34mtps: 847  [36mtflops: 40.80  [35mmfu: 4.12%[39m
[rank0]:[titan] 2026-03-17 11:14:47,918 - root - INFO - [31mstep: 783  [32mloss:  2.7726  [38;2;180;60;0mgrad_norm:  2.5908  [38;2;54;234;195mmemory: 72.92GiB(91.79%)  [34mtps: 847  [36mtflops: 40.79  [35mmfu: 4.12%[39m
[rank0]:[titan] 2026-03-17 11:14:50,339 - root - INFO - [31mstep: 784  [32mloss:  2.6674  [38;2;180;60;0mgrad_norm:  2.0866  [38;2;54;234;195mmemory: 72.92GiB(91.79%)  [34mtps: 846  [36mtflops: 40.78  [35mmfu: 4.12%[39m
[rank0]:[titan] 2026-03-17 11:14:52,764 - root - INFO - [31mstep: 785  [32mloss:  2.7301  [38;2;180;60;0mgrad_norm:  1.9450  [38;2;54;234;195mmemory: 72.92GiB(91.79%)  [34mtps: 845  [36mtflops: 40.70  [35mmfu: 4.12%[39m
[rank0]:[titan] 2026-03-17 11:14:55,188 - root - INFO - [31mstep: 786  [32mloss:  2.7269  [38;2;180;60;0mgrad_norm:  2.1893  [38;2;54;234;195mmemory: 72.92GiB(91.79%)  [34mtps: 845  [36mtflops: 40.70  [35mmfu: 4.12%[39m
[rank0]:[titan] 2026-03-17 11:14:57,610 - root - INFO - [31mstep: 787  [32mloss:  2.7119  [38;2;180;60;0mgrad_norm:  1.7926  [38;2;54;234;195mmemory: 72.92GiB(91.79%)  [34mtps: 846  [36mtflops: 40.76  [35mmfu: 4.12%[39m
[rank0]:[titan] 2026-03-17 11:15:00,029 - root - INFO - [31mstep: 788  [32mloss:  2.7041  [38;2;180;60;0mgrad_norm:  1.9698  [38;2;54;234;195mmemory: 72.92GiB(91.79%)  [34mtps: 847  [36mtflops: 40.81  [35mmfu: 4.13%[39m
[rank0]:[titan] 2026-03-17 11:15:02,455 - root - INFO - [31mstep: 789  [32mloss:  2.7075  [38;2;180;60;0mgrad_norm:  1.7006  [38;2;54;234;195mmemory: 72.92GiB(91.79%)  [34mtps: 844  [36mtflops: 40.68  [35mmfu: 4.11%[39m
[rank0]:[titan] 2026-03-17 11:15:04,878 - root - INFO - [31mstep: 790  [32mloss:  2.7321  [38;2;180;60;0mgrad_norm:  1.7504  [38;2;54;234;195mmemory: 72.92GiB(91.79%)  [34mtps: 845  [36mtflops: 40.73  [35mmfu: 4.12%[39m
[rank0]:[titan] 2026-03-17 11:15:07,300 - root - INFO - [31mstep: 791  [32mloss:  2.7153  [38;2;180;60;0mgrad_norm:  2.0678  [38;2;54;234;195mmemory: 72.92GiB(91.79%)  [34mtps: 846  [36mtflops: 40.74  [35mmfu: 4.12%[39m
[rank0]:[titan] 2026-03-17 11:15:09,720 - root - INFO - [31mstep: 792  [32mloss:  2.6936  [38;2;180;60;0mgrad_norm:  1.5796  [38;2;54;234;195mmemory: 72.92GiB(91.79%)  [34mtps: 847  [36mtflops: 40.79  [35mmfu: 4.12%[39m
[rank0]:[titan] 2026-03-17 11:15:12,146 - root - INFO - [31mstep: 793  [32mloss:  2.6616  [38;2;180;60;0mgrad_norm:  2.2343  [38;2;54;234;195mmemory: 72.92GiB(91.79%)  [34mtps: 845  [36mtflops: 40.71  [35mmfu: 4.12%[39m
[rank0]:[titan] 2026-03-17 11:15:14,570 - root - INFO - [31mstep: 794  [32mloss:  2.7991  [38;2;180;60;0mgrad_norm:  2.1196  [38;2;54;234;195mmemory: 72.92GiB(91.79%)  [34mtps: 845  [36mtflops: 40.71  [35mmfu: 4.12%[39m
[rank0]:[titan] 2026-03-17 11:15:16,991 - root - INFO - [31mstep: 795  [32mloss:  2.8056  [38;2;180;60;0mgrad_norm:  1.5653  [38;2;54;234;195mmemory: 72.92GiB(91.79%)  [34mtps: 846  [36mtflops: 40.77  [35mmfu: 4.12%[39m
[rank0]:[titan] 2026-03-17 11:15:19,412 - root - INFO - [31mstep: 796  [32mloss:  2.6827  [38;2;180;60;0mgrad_norm:  1.8676  [38;2;54;234;195mmemory: 72.92GiB(91.79%)  [34mtps: 846  [36mtflops: 40.76  [35mmfu: 4.12%[39m
[rank0]:[titan] 2026-03-17 11:15:21,832 - root - INFO - [31mstep: 797  [32mloss:  2.7119  [38;2;180;60;0mgrad_norm:  1.5724  [38;2;54;234;195mmemory: 72.92GiB(91.79%)  [34mtps: 847  [36mtflops: 40.79  [35mmfu: 4.12%[39m
[rank0]:[titan] 2026-03-17 11:15:24,253 - root - INFO - [31mstep: 798  [32mloss:  2.7429  [38;2;180;60;0mgrad_norm:  2.1721  [38;2;54;234;195mmemory: 72.92GiB(91.79%)  [34mtps: 846  [36mtflops: 40.76  [35mmfu: 4.12%[39m
[rank0]:[titan] 2026-03-17 11:15:26,680 - root - INFO - [31mstep: 799  [32mloss:  2.7116  [38;2;180;60;0mgrad_norm:  2.2769  [38;2;54;234;195mmemory: 72.92GiB(91.79%)  [34mtps: 844  [36mtflops: 40.66  [35mmfu: 4.11%[39m
[rank0]:[titan] 2026-03-17 11:15:29,101 - root - INFO - [31mstep: 800  [32mloss:  2.6797  [38;2;180;60;0mgrad_norm:  1.9040  [38;2;54;234;195mmemory: 72.92GiB(91.79%)  [34mtps: 846  [36mtflops: 40.77  [35mmfu: 4.12%[39m
[rank0]:[titan] 2026-03-17 11:15:31,523 - root - INFO - [31mstep: 801  [32mloss:  2.7006  [38;2;180;60;0mgrad_norm:  1.9564  [38;2;54;234;195mmemory: 72.92GiB(91.79%)  [34mtps: 846  [36mtflops: 40.76  [35mmfu: 4.12%[39m
[rank0]:[titan] 2026-03-17 11:15:33,943 - root - INFO - [31mstep: 802  [32mloss:  2.7442  [38;2;180;60;0mgrad_norm:  2.5076  [38;2;54;234;195mmemory: 72.92GiB(91.79%)  [34mtps: 847  [36mtflops: 40.80  [35mmfu: 4.12%[39m
[rank0]:[titan] 2026-03-17 11:15:36,363 - root - INFO - [31mstep: 803  [32mloss:  2.6984  [38;2;180;60;0mgrad_norm:  1.5070  [38;2;54;234;195mmemory: 72.92GiB(91.79%)  [34mtps: 846  [36mtflops: 40.78  [35mmfu: 4.12%[39m
[rank0]:[titan] 2026-03-17 11:15:38,786 - root - INFO - [31mstep: 804  [32mloss:  2.7451  [38;2;180;60;0mgrad_norm:  2.5724  [38;2;54;234;195mmemory: 72.92GiB(91.79%)  [34mtps: 845  [36mtflops: 40.73  [35mmfu: 4.12%[39m
[rank0]:[titan] 2026-03-17 11:15:41,207 - root - INFO - [31mstep: 805  [32mloss:  2.7723  [38;2;180;60;0mgrad_norm:  2.9471  [38;2;54;234;195mmemory: 72.92GiB(91.79%)  [34mtps: 846  [36mtflops: 40.77  [35mmfu: 4.12%[39m
[rank0]:[titan] 2026-03-17 11:15:43,628 - root - INFO - [31mstep: 806  [32mloss:  2.7094  [38;2;180;60;0mgrad_norm:  1.4881  [38;2;54;234;195mmemory: 72.92GiB(91.79%)  [34mtps: 846  [36mtflops: 40.77  [35mmfu: 4.12%[39m
[rank0]:[titan] 2026-03-17 11:15:46,046 - root - INFO - [31mstep: 807  [32mloss:  2.7329  [38;2;180;60;0mgrad_norm:  2.6978  [38;2;54;234;195mmemory: 72.92GiB(91.79%)  [34mtps: 847  [36mtflops: 40.80  [35mmfu: 4.13%[39m
[rank0]:[titan] 2026-03-17 11:15:48,468 - root - INFO - [31mstep: 808  [32mloss:  2.7595  [38;2;180;60;0mgrad_norm:  3.0001  [38;2;54;234;195mmemory: 72.92GiB(91.79%)  [34mtps: 846  [36mtflops: 40.76  [35mmfu: 4.12%[39m
[rank0]:[titan] 2026-03-17 11:15:50,890 - root - INFO - [31mstep: 809  [32mloss:  2.7884  [38;2;180;60;0mgrad_norm:  1.9524  [38;2;54;234;195mmemory: 72.92GiB(91.79%)  [34mtps: 846  [36mtflops: 40.75  [35mmfu: 4.12%[39m
[rank0]:[titan] 2026-03-17 11:15:53,315 - root - INFO - [31mstep: 810  [32mloss:  2.7611  [38;2;180;60;0mgrad_norm:  2.2486  [38;2;54;234;195mmemory: 72.92GiB(91.79%)  [34mtps: 845  [36mtflops: 40.69  [35mmfu: 4.11%[39m
[rank0]:[titan] 2026-03-17 11:15:55,735 - root - INFO - [31mstep: 811  [32mloss:  2.7494  [38;2;180;60;0mgrad_norm:  3.1760  [38;2;54;234;195mmemory: 72.92GiB(91.79%)  [34mtps: 846  [36mtflops: 40.78  [35mmfu: 4.12%[39m
[rank0]:[titan] 2026-03-17 11:15:58,157 - root - INFO - [31mstep: 812  [32mloss:  2.7389  [38;2;180;60;0mgrad_norm:  2.0967  [38;2;54;234;195mmemory: 72.92GiB(91.79%)  [34mtps: 846  [36mtflops: 40.76  [35mmfu: 4.12%[39m
[rank0]:[titan] 2026-03-17 11:16:00,583 - root - INFO - [31mstep: 813  [32mloss:  2.7262  [38;2;180;60;0mgrad_norm:  2.2612  [38;2;54;234;195mmemory: 72.92GiB(91.79%)  [34mtps: 844  [36mtflops: 40.69  [35mmfu: 4.11%[39m
[rank0]:[titan] 2026-03-17 11:16:03,006 - root - INFO - [31mstep: 814  [32mloss:  2.7493  [38;2;180;60;0mgrad_norm:  2.5861  [38;2;54;234;195mmemory: 72.92GiB(91.79%)  [34mtps: 845  [36mtflops: 40.74  [35mmfu: 4.12%[39m
[rank0]:[titan] 2026-03-17 11:16:05,425 - root - INFO - [31mstep: 815  [32mloss:  2.6850  [38;2;180;60;0mgrad_norm:  1.9719  [38;2;54;234;195mmemory: 72.92GiB(91.79%)  [34mtps: 847  [36mtflops: 40.79  [35mmfu: 4.12%[39m
[rank0]:[titan] 2026-03-17 11:16:07,846 - root - INFO - [31mstep: 816  [32mloss:  2.7730  [38;2;180;60;0mgrad_norm:  2.1256  [38;2;54;234;195mmemory: 72.92GiB(91.79%)  [34mtps: 846  [36mtflops: 40.78  [35mmfu: 4.12%[39m
[rank0]:[titan] 2026-03-17 11:16:10,268 - root - INFO - [31mstep: 817  [32mloss:  2.6832  [38;2;180;60;0mgrad_norm:  1.8490  [38;2;54;234;195mmemory: 72.92GiB(91.79%)  [34mtps: 846  [36mtflops: 40.75  [35mmfu: 4.12%[39m
[rank0]:[titan] 2026-03-17 11:16:12,687 - root - INFO - [31mstep: 818  [32mloss:  2.7217  [38;2;180;60;0mgrad_norm:  1.3629  [38;2;54;234;195mmemory: 72.92GiB(91.79%)  [34mtps: 847  [36mtflops: 40.79  [35mmfu: 4.12%[39m
[rank0]:[titan] 2026-03-17 11:16:15,110 - root - INFO - [31mstep: 819  [32mloss:  2.7383  [38;2;180;60;0mgrad_norm:  1.9604  [38;2;54;234;195mmemory: 72.92GiB(91.79%)  [34mtps: 846  [36mtflops: 40.74  [35mmfu: 4.12%[39m
[rank0]:[titan] 2026-03-17 11:16:17,531 - root - INFO - [31mstep: 820  [32mloss:  2.7270  [38;2;180;60;0mgrad_norm:  1.8761  [38;2;54;234;195mmemory: 72.92GiB(91.79%)  [34mtps: 846  [36mtflops: 40.77  [35mmfu: 4.12%[39m
[rank0]:[titan] 2026-03-17 11:16:19,952 - root - INFO - [31mstep: 821  [32mloss:  2.7657  [38;2;180;60;0mgrad_norm:  1.6792  [38;2;54;234;195mmemory: 72.92GiB(91.79%)  [34mtps: 846  [36mtflops: 40.76  [35mmfu: 4.12%[39m
[rank0]:[titan] 2026-03-17 11:16:22,379 - root - INFO - [31mstep: 822  [32mloss:  2.7110  [38;2;180;60;0mgrad_norm:  2.5684  [38;2;54;234;195mmemory: 72.92GiB(91.79%)  [34mtps: 844  [36mtflops: 40.67  [35mmfu: 4.11%[39m
[rank0]:[titan] 2026-03-17 11:16:24,802 - root - INFO - [31mstep: 823  [32mloss:  2.7414  [38;2;180;60;0mgrad_norm:  1.6581  [38;2;54;234;195mmemory: 72.92GiB(91.79%)  [34mtps: 845  [36mtflops: 40.74  [35mmfu: 4.12%[39m
[rank0]:[titan] 2026-03-17 11:16:27,225 - root - INFO - [31mstep: 824  [32mloss:  2.7015  [38;2;180;60;0mgrad_norm:  2.1541  [38;2;54;234;195mmemory: 72.92GiB(91.79%)  [34mtps: 845  [36mtflops: 40.73  [35mmfu: 4.12%[39m
[rank0]:[titan] 2026-03-17 11:16:29,648 - root - INFO - [31mstep: 825  [32mloss:  2.6708  [38;2;180;60;0mgrad_norm:  2.3682  [38;2;54;234;195mmemory: 72.92GiB(91.79%)  [34mtps: 845  [36mtflops: 40.73  [35mmfu: 4.12%[39m
[rank0]:[titan] 2026-03-17 11:16:32,069 - root - INFO - [31mstep: 826  [32mloss:  2.6847  [38;2;180;60;0mgrad_norm:  2.1513  [38;2;54;234;195mmemory: 72.92GiB(91.79%)  [34mtps: 846  [36mtflops: 40.76  [35mmfu: 4.12%[39m
[rank0]:[titan] 2026-03-17 11:16:34,491 - root - INFO - [31mstep: 827  [32mloss:  2.6991  [38;2;180;60;0mgrad_norm:  2.0481  [38;2;54;234;195mmemory: 72.92GiB(91.79%)  [34mtps: 846  [36mtflops: 40.76  [35mmfu: 4.12%[39m
[rank0]:[titan] 2026-03-17 11:16:36,911 - root - INFO - [31mstep: 828  [32mloss:  2.7710  [38;2;180;60;0mgrad_norm:  2.2184  [38;2;54;234;195mmemory: 72.92GiB(91.79%)  [34mtps: 846  [36mtflops: 40.78  [35mmfu: 4.12%[39m
[rank0]:[titan] 2026-03-17 11:16:39,333 - root - INFO - [31mstep: 829  [32mloss:  2.7320  [38;2;180;60;0mgrad_norm:  2.3719  [38;2;54;234;195mmemory: 72.92GiB(91.79%)  [34mtps: 846  [36mtflops: 40.75  [35mmfu: 4.12%[39m
[rank0]:[titan] 2026-03-17 11:16:41,761 - root - INFO - [31mstep: 830  [32mloss:  2.6823  [38;2;180;60;0mgrad_norm:  2.0409  [38;2;54;234;195mmemory: 72.92GiB(91.79%)  [34mtps: 844  [36mtflops: 40.65  [35mmfu: 4.11%[39m
[rank0]:[titan] 2026-03-17 11:16:44,182 - root - INFO - [31mstep: 831  [32mloss:  2.6639  [38;2;180;60;0mgrad_norm:  1.6248  [38;2;54;234;195mmemory: 72.92GiB(91.79%)  [34mtps: 846  [36mtflops: 40.78  [35mmfu: 4.12%[39m
[rank0]:[titan] 2026-03-17 11:16:46,603 - root - INFO - [31mstep: 832  [32mloss:  2.7186  [38;2;180;60;0mgrad_norm:  1.8682  [38;2;54;234;195mmemory: 72.92GiB(91.79%)  [34mtps: 846  [36mtflops: 40.76  [35mmfu: 4.12%[39m
[rank0]:[titan] 2026-03-17 11:16:49,023 - root - INFO - [31mstep: 833  [32mloss:  2.7256  [38;2;180;60;0mgrad_norm:  1.7807  [38;2;54;234;195mmemory: 72.92GiB(91.79%)  [34mtps: 846  [36mtflops: 40.78  [35mmfu: 4.12%[39m
[rank0]:[titan] 2026-03-17 11:16:51,443 - root - INFO - [31mstep: 834  [32mloss:  2.6966  [38;2;180;60;0mgrad_norm:  1.4537  [38;2;54;234;195mmemory: 72.92GiB(91.79%)  [34mtps: 847  [36mtflops: 40.79  [35mmfu: 4.12%[39m
[rank0]:[titan] 2026-03-17 11:16:53,867 - root - INFO - [31mstep: 835  [32mloss:  2.7228  [38;2;180;60;0mgrad_norm:  1.9030  [38;2;54;234;195mmemory: 72.92GiB(91.79%)  [34mtps: 846  [36mtflops: 40.74  [35mmfu: 4.12%[39m
[rank0]:[titan] 2026-03-17 11:16:56,302 - root - INFO - [31mstep: 836  [32mloss:  2.7447  [38;2;180;60;0mgrad_norm:  2.1815  [38;2;54;234;195mmemory: 72.92GiB(91.79%)  [34mtps: 841  [36mtflops: 40.53  [35mmfu: 4.10%[39m
[rank0]:[titan] 2026-03-17 11:16:58,731 - root - INFO - [31mstep: 837  [32mloss:  2.7465  [38;2;180;60;0mgrad_norm:  1.6486  [38;2;54;234;195mmemory: 72.92GiB(91.79%)  [34mtps: 843  [36mtflops: 40.63  [35mmfu: 4.11%[39m
[rank0]:[titan] 2026-03-17 11:17:01,157 - root - INFO - [31mstep: 838  [32mloss:  2.7555  [38;2;180;60;0mgrad_norm:  2.4292  [38;2;54;234;195mmemory: 72.92GiB(91.79%)  [34mtps: 844  [36mtflops: 40.67  [35mmfu: 4.11%[39m
[rank0]:[titan] 2026-03-17 11:17:03,578 - root - INFO - [31mstep: 839  [32mloss:  2.7057  [38;2;180;60;0mgrad_norm:  1.6768  [38;2;54;234;195mmemory: 72.92GiB(91.79%)  [34mtps: 846  [36mtflops: 40.77  [35mmfu: 4.12%[39m
[rank0]:[titan] 2026-03-17 11:17:06,005 - root - INFO - [31mstep: 840  [32mloss:  2.7273  [38;2;180;60;0mgrad_norm:  2.2804  [38;2;54;234;195mmemory: 72.92GiB(91.79%)  [34mtps: 844  [36mtflops: 40.67  [35mmfu: 4.11%[39m
[rank0]:[titan] 2026-03-17 11:17:08,427 - root - INFO - [31mstep: 841  [32mloss:  2.7302  [38;2;180;60;0mgrad_norm:  1.9991  [38;2;54;234;195mmemory: 72.92GiB(91.79%)  [34mtps: 846  [36mtflops: 40.76  [35mmfu: 4.12%[39m
[rank0]:[titan] 2026-03-17 11:17:10,853 - root - INFO - [31mstep: 842  [32mloss:  2.6796  [38;2;180;60;0mgrad_norm:  1.7751  [38;2;54;234;195mmemory: 72.92GiB(91.79%)  [34mtps: 844  [36mtflops: 40.69  [35mmfu: 4.11%[39m
[rank0]:[titan] 2026-03-17 11:17:13,273 - root - INFO - [31mstep: 843  [32mloss:  2.6724  [38;2;180;60;0mgrad_norm:  1.9552  [38;2;54;234;195mmemory: 72.92GiB(91.79%)  [34mtps: 846  [36mtflops: 40.78  [35mmfu: 4.12%[39m
[rank0]:[titan] 2026-03-17 11:17:15,702 - root - INFO - [31mstep: 844  [32mloss:  2.7423  [38;2;180;60;0mgrad_norm:  2.2424  [38;2;54;234;195mmemory: 72.92GiB(91.79%)  [34mtps: 843  [36mtflops: 40.64  [35mmfu: 4.11%[39m
[rank0]:[titan] 2026-03-17 11:17:18,122 - root - INFO - [31mstep: 845  [32mloss:  2.7550  [38;2;180;60;0mgrad_norm:  2.3333  [38;2;54;234;195mmemory: 72.92GiB(91.79%)  [34mtps: 846  [36mtflops: 40.78  [35mmfu: 4.12%[39m
[rank0]:[titan] 2026-03-17 11:17:18,123 - root - WARNING - Dataset c4_test is being re-looped
[rank0]:[titan] 2026-03-17 11:17:20,543 - root - INFO - [31mstep: 846  [32mloss:  2.7309  [38;2;180;60;0mgrad_norm:  1.9018  [38;2;54;234;195mmemory: 72.92GiB(91.79%)  [34mtps: 846  [36mtflops: 40.76  [35mmfu: 4.12%[39m
[rank0]:[titan] 2026-03-17 11:17:22,965 - root - INFO - [31mstep: 847  [32mloss:  2.7579  [38;2;180;60;0mgrad_norm:  1.7857  [38;2;54;234;195mmemory: 72.92GiB(91.79%)  [34mtps: 846  [36mtflops: 40.76  [35mmfu: 4.12%[39m
[rank0]:[titan] 2026-03-17 11:17:25,385 - root - INFO - [31mstep: 848  [32mloss:  2.7336  [38;2;180;60;0mgrad_norm:  1.7702  [38;2;54;234;195mmemory: 72.92GiB(91.79%)  [34mtps: 846  [36mtflops: 40.78  [35mmfu: 4.12%[39m
[rank0]:[titan] 2026-03-17 11:17:27,807 - root - INFO - [31mstep: 849  [32mloss:  2.6976  [38;2;180;60;0mgrad_norm:  1.9214  [38;2;54;234;195mmemory: 72.92GiB(91.79%)  [34mtps: 846  [36mtflops: 40.76  [35mmfu: 4.12%[39m
[rank0]:[titan] 2026-03-17 11:17:30,226 - root - INFO - [31mstep: 850  [32mloss:  2.7277  [38;2;180;60;0mgrad_norm:  2.1432  [38;2;54;234;195mmemory: 72.92GiB(91.79%)  [34mtps: 847  [36mtflops: 40.79  [35mmfu: 4.12%[39m
[rank0]:[titan] 2026-03-17 11:17:32,650 - root - INFO - [31mstep: 851  [32mloss:  2.7335  [38;2;180;60;0mgrad_norm:  1.9176  [38;2;54;234;195mmemory: 72.92GiB(91.79%)  [34mtps: 845  [36mtflops: 40.72  [35mmfu: 4.12%[39m
[rank0]:[titan] 2026-03-17 11:17:35,075 - root - INFO - [31mstep: 852  [32mloss:  2.6912  [38;2;180;60;0mgrad_norm:  1.6171  [38;2;54;234;195mmemory: 72.92GiB(91.79%)  [34mtps: 845  [36mtflops: 40.69  [35mmfu: 4.11%[39m
[rank0]:[titan] 2026-03-17 11:17:37,495 - root - INFO - [31mstep: 853  [32mloss:  2.7052  [38;2;180;60;0mgrad_norm:  2.0460  [38;2;54;234;195mmemory: 72.92GiB(91.79%)  [34mtps: 847  [36mtflops: 40.79  [35mmfu: 4.12%[39m
[rank0]:[titan] 2026-03-17 11:17:39,918 - root - INFO - [31mstep: 854  [32mloss:  2.6620  [38;2;180;60;0mgrad_norm:  2.0936  [38;2;54;234;195mmemory: 72.92GiB(91.79%)  [34mtps: 846  [36mtflops: 40.74  [35mmfu: 4.12%[39m
[rank0]:[titan] 2026-03-17 11:17:42,345 - root - INFO - [31mstep: 855  [32mloss:  2.6921  [38;2;180;60;0mgrad_norm:  2.0608  [38;2;54;234;195mmemory: 72.92GiB(91.79%)  [34mtps: 844  [36mtflops: 40.66  [35mmfu: 4.11%[39m
[rank0]:[titan] 2026-03-17 11:17:44,771 - root - INFO - [31mstep: 856  [32mloss:  2.7341  [38;2;180;60;0mgrad_norm:  1.8949  [38;2;54;234;195mmemory: 72.92GiB(91.79%)  [34mtps: 845  [36mtflops: 40.69  [35mmfu: 4.11%[39m
[rank0]:[titan] 2026-03-17 11:17:47,193 - root - INFO - [31mstep: 857  [32mloss:  2.7269  [38;2;180;60;0mgrad_norm:  1.7790  [38;2;54;234;195mmemory: 72.92GiB(91.79%)  [34mtps: 846  [36mtflops: 40.76  [35mmfu: 4.12%[39m
[rank0]:[titan] 2026-03-17 11:17:49,612 - root - INFO - [31mstep: 858  [32mloss:  2.7537  [38;2;180;60;0mgrad_norm:  2.1302  [38;2;54;234;195mmemory: 72.92GiB(91.79%)  [34mtps: 847  [36mtflops: 40.79  [35mmfu: 4.12%[39m
[rank0]:[titan] 2026-03-17 11:17:52,037 - root - INFO - [31mstep: 859  [32mloss:  2.7905  [38;2;180;60;0mgrad_norm:  1.5081  [38;2;54;234;195mmemory: 72.92GiB(91.79%)  [34mtps: 845  [36mtflops: 40.71  [35mmfu: 4.12%[39m
[rank0]:[titan] 2026-03-17 11:17:54,457 - root - INFO - [31mstep: 860  [32mloss:  2.7886  [38;2;180;60;0mgrad_norm:  2.2240  [38;2;54;234;195mmemory: 72.92GiB(91.79%)  [34mtps: 846  [36mtflops: 40.78  [35mmfu: 4.12%[39m
[rank0]:[titan] 2026-03-17 11:17:56,875 - root - INFO - [31mstep: 861  [32mloss:  2.9309  [38;2;180;60;0mgrad_norm:  2.3573  [38;2;54;234;195mmemory: 72.92GiB(91.79%)  [34mtps: 847  [36mtflops: 40.81  [35mmfu: 4.13%[39m
[rank0]:[titan] 2026-03-17 11:17:59,301 - root - INFO - [31mstep: 862  [32mloss:  2.8175  [38;2;180;60;0mgrad_norm:  1.6770  [38;2;54;234;195mmemory: 72.92GiB(91.79%)  [34mtps: 845  [36mtflops: 40.69  [35mmfu: 4.11%[39m
[rank0]:[titan] 2026-03-17 11:18:01,721 - root - INFO - [31mstep: 863  [32mloss:  2.8038  [38;2;180;60;0mgrad_norm:  2.0933  [38;2;54;234;195mmemory: 72.92GiB(91.79%)  [34mtps: 847  [36mtflops: 40.79  [35mmfu: 4.12%[39m
[rank0]:[titan] 2026-03-17 11:18:04,143 - root - INFO - [31mstep: 864  [32mloss:  2.7874  [38;2;180;60;0mgrad_norm:  2.0334  [38;2;54;234;195mmemory: 72.92GiB(91.79%)  [34mtps: 846  [36mtflops: 40.74  [35mmfu: 4.12%[39m
[rank0]:[titan] 2026-03-17 11:18:06,570 - root - INFO - [31mstep: 865  [32mloss:  2.7586  [38;2;180;60;0mgrad_norm:  1.9220  [38;2;54;234;195mmemory: 72.92GiB(91.79%)  [34mtps: 844  [36mtflops: 40.68  [35mmfu: 4.11%[39m
[rank0]:[titan] 2026-03-17 11:18:08,992 - root - INFO - [31mstep: 866  [32mloss:  2.7685  [38;2;180;60;0mgrad_norm:  2.2745  [38;2;54;234;195mmemory: 72.92GiB(91.79%)  [34mtps: 846  [36mtflops: 40.77  [35mmfu: 4.12%[39m
[rank0]:[titan] 2026-03-17 11:18:11,413 - root - INFO - [31mstep: 867  [32mloss:  2.7472  [38;2;180;60;0mgrad_norm:  2.3135  [38;2;54;234;195mmemory: 72.92GiB(91.79%)  [34mtps: 846  [36mtflops: 40.77  [35mmfu: 4.12%[39m
[rank0]:[titan] 2026-03-17 11:18:13,836 - root - INFO - [31mstep: 868  [32mloss:  2.7635  [38;2;180;60;0mgrad_norm:  2.3048  [38;2;54;234;195mmemory: 72.92GiB(91.79%)  [34mtps: 845  [36mtflops: 40.73  [35mmfu: 4.12%[39m
[rank0]:[titan] 2026-03-17 11:18:16,256 - root - INFO - [31mstep: 869  [32mloss:  2.7345  [38;2;180;60;0mgrad_norm:  1.9282  [38;2;54;234;195mmemory: 72.92GiB(91.79%)  [34mtps: 846  [36mtflops: 40.78  [35mmfu: 4.12%[39m
[rank0]:[titan] 2026-03-17 11:18:18,676 - root - INFO - [31mstep: 870  [32mloss:  2.8577  [38;2;180;60;0mgrad_norm:  2.5184  [38;2;54;234;195mmemory: 72.92GiB(91.79%)  [34mtps: 847  [36mtflops: 40.79  [35mmfu: 4.12%[39m
[rank0]:[titan] 2026-03-17 11:18:21,096 - root - INFO - [31mstep: 871  [32mloss:  2.8566  [38;2;180;60;0mgrad_norm:  2.5576  [38;2;54;234;195mmemory: 72.92GiB(91.79%)  [34mtps: 847  [36mtflops: 40.79  [35mmfu: 4.12%[39m
[rank0]:[titan] 2026-03-17 11:18:23,516 - root - INFO - [31mstep: 872  [32mloss:  2.7844  [38;2;180;60;0mgrad_norm:  1.8165  [38;2;54;234;195mmemory: 72.92GiB(91.79%)  [34mtps: 846  [36mtflops: 40.78  [35mmfu: 4.12%[39m
[rank0]:[titan] 2026-03-17 11:18:25,936 - root - INFO - [31mstep: 873  [32mloss:  2.7466  [38;2;180;60;0mgrad_norm:  1.9996  [38;2;54;234;195mmemory: 72.92GiB(91.79%)  [34mtps: 846  [36mtflops: 40.77  [35mmfu: 4.12%[39m
[rank0]:[titan] 2026-03-17 11:18:28,357 - root - INFO - [31mstep: 874  [32mloss:  2.7473  [38;2;180;60;0mgrad_norm:  1.8018  [38;2;54;234;195mmemory: 72.92GiB(91.79%)  [34mtps: 846  [36mtflops: 40.78  [35mmfu: 4.12%[39m
[rank0]:[titan] 2026-03-17 11:18:30,782 - root - INFO - [31mstep: 875  [32mloss:  2.7361  [38;2;180;60;0mgrad_norm:  1.6226  [38;2;54;234;195mmemory: 72.92GiB(91.79%)  [34mtps: 845  [36mtflops: 40.69  [35mmfu: 4.11%[39m
[rank0]:[titan] 2026-03-17 11:18:33,205 - root - INFO - [31mstep: 876  [32mloss:  2.6863  [38;2;180;60;0mgrad_norm:  1.8285  [38;2;54;234;195mmemory: 72.92GiB(91.79%)  [34mtps: 845  [36mtflops: 40.73  [35mmfu: 4.12%[39m
[rank0]:[titan] 2026-03-17 11:18:35,627 - root - INFO - [31mstep: 877  [32mloss:  2.7614  [38;2;180;60;0mgrad_norm:  2.1426  [38;2;54;234;195mmemory: 72.92GiB(91.79%)  [34mtps: 846  [36mtflops: 40.76  [35mmfu: 4.12%[39m
[rank0]:[titan] 2026-03-17 11:18:38,048 - root - INFO - [31mstep: 878  [32mloss:  2.7354  [38;2;180;60;0mgrad_norm:  1.4132  [38;2;54;234;195mmemory: 72.92GiB(91.79%)  [34mtps: 846  [36mtflops: 40.78  [35mmfu: 4.12%[39m
[rank0]:[titan] 2026-03-17 11:18:40,467 - root - INFO - [31mstep: 879  [32mloss:  2.7437  [38;2;180;60;0mgrad_norm:  1.5473  [38;2;54;234;195mmemory: 72.92GiB(91.79%)  [34mtps: 847  [36mtflops: 40.80  [35mmfu: 4.13%[39m
[rank0]:[titan] 2026-03-17 11:18:42,889 - root - INFO - [31mstep: 880  [32mloss:  2.7109  [38;2;180;60;0mgrad_norm:  1.4855  [38;2;54;234;195mmemory: 72.92GiB(91.79%)  [34mtps: 846  [36mtflops: 40.75  [35mmfu: 4.12%[39m
[rank0]:[titan] 2026-03-17 11:18:45,310 - root - INFO - [31mstep: 881  [32mloss:  2.8348  [38;2;180;60;0mgrad_norm:  1.7963  [38;2;54;234;195mmemory: 72.92GiB(91.79%)  [34mtps: 846  [36mtflops: 40.77  [35mmfu: 4.12%[39m
[rank0]:[titan] 2026-03-17 11:18:47,734 - root - INFO - [31mstep: 882  [32mloss:  2.6949  [38;2;180;60;0mgrad_norm:  2.0799  [38;2;54;234;195mmemory: 72.92GiB(91.79%)  [34mtps: 845  [36mtflops: 40.72  [35mmfu: 4.12%[39m
[rank0]:[titan] 2026-03-17 11:18:50,157 - root - INFO - [31mstep: 883  [32mloss:  2.7242  [38;2;180;60;0mgrad_norm:  1.9364  [38;2;54;234;195mmemory: 72.92GiB(91.79%)  [34mtps: 846  [36mtflops: 40.74  [35mmfu: 4.12%[39m
[rank0]:[titan] 2026-03-17 11:18:52,577 - root - INFO - [31mstep: 884  [32mloss:  2.7885  [38;2;180;60;0mgrad_norm:  3.4169  [38;2;54;234;195mmemory: 72.92GiB(91.79%)  [34mtps: 846  [36mtflops: 40.77  [35mmfu: 4.12%[39m
[rank0]:[titan] 2026-03-17 11:18:55,013 - root - INFO - [31mstep: 885  [32mloss:  2.9604  [38;2;180;60;0mgrad_norm:  2.9224  [38;2;54;234;195mmemory: 72.92GiB(91.79%)  [34mtps: 841  [36mtflops: 40.53  [35mmfu: 4.10%[39m
[rank0]:[titan] 2026-03-17 11:18:57,431 - root - INFO - [31mstep: 886  [32mloss:  2.9462  [38;2;180;60;0mgrad_norm:  3.0196  [38;2;54;234;195mmemory: 72.92GiB(91.79%)  [34mtps: 847  [36mtflops: 40.81  [35mmfu: 4.13%[39m
[rank0]:[titan] 2026-03-17 11:18:59,854 - root - INFO - [31mstep: 887  [32mloss:  2.9212  [38;2;180;60;0mgrad_norm:  2.5898  [38;2;54;234;195mmemory: 72.92GiB(91.79%)  [34mtps: 846  [36mtflops: 40.74  [35mmfu: 4.12%[39m
[rank0]:[titan] 2026-03-17 11:19:02,273 - root - INFO - [31mstep: 888  [32mloss:  2.8935  [38;2;180;60;0mgrad_norm:  2.5330  [38;2;54;234;195mmemory: 72.92GiB(91.79%)  [34mtps: 847  [36mtflops: 40.81  [35mmfu: 4.13%[39m
[rank0]:[titan] 2026-03-17 11:19:04,703 - root - INFO - [31mstep: 889  [32mloss:  2.9305  [38;2;180;60;0mgrad_norm:  2.5984  [38;2;54;234;195mmemory: 72.92GiB(91.79%)  [34mtps: 843  [36mtflops: 40.60  [35mmfu: 4.11%[39m
[rank0]:[titan] 2026-03-17 11:19:07,124 - root - INFO - [31mstep: 890  [32mloss:  2.8915  [38;2;180;60;0mgrad_norm:  2.9039  [38;2;54;234;195mmemory: 72.92GiB(91.79%)  [34mtps: 846  [36mtflops: 40.78  [35mmfu: 4.12%[39m
[rank0]:[titan] 2026-03-17 11:19:09,546 - root - INFO - [31mstep: 891  [32mloss:  2.8806  [38;2;180;60;0mgrad_norm:  2.2169  [38;2;54;234;195mmemory: 72.92GiB(91.79%)  [34mtps: 846  [36mtflops: 40.74  [35mmfu: 4.12%[39m
[rank0]:[titan] 2026-03-17 11:19:11,972 - root - INFO - [31mstep: 892  [32mloss:  2.8862  [38;2;180;60;0mgrad_norm:  2.1922  [38;2;54;234;195mmemory: 72.92GiB(91.79%)  [34mtps: 844  [36mtflops: 40.69  [35mmfu: 4.11%[39m
[rank0]:[titan] 2026-03-17 11:19:14,395 - root - INFO - [31mstep: 893  [32mloss:  2.8837  [38;2;180;60;0mgrad_norm:  1.9991  [38;2;54;234;195mmemory: 72.92GiB(91.79%)  [34mtps: 846  [36mtflops: 40.74  [35mmfu: 4.12%[39m
[rank0]:[titan] 2026-03-17 11:19:16,822 - root - INFO - [31mstep: 894  [32mloss:  2.8441  [38;2;180;60;0mgrad_norm:  2.0790  [38;2;54;234;195mmemory: 72.92GiB(91.79%)  [34mtps: 844  [36mtflops: 40.66  [35mmfu: 4.11%[39m
[rank0]:[titan] 2026-03-17 11:19:19,242 - root - INFO - [31mstep: 895  [32mloss:  2.8285  [38;2;180;60;0mgrad_norm:  1.9337  [38;2;54;234;195mmemory: 72.92GiB(91.79%)  [34mtps: 846  [36mtflops: 40.78  [35mmfu: 4.12%[39m
[rank0]:[titan] 2026-03-17 11:19:21,660 - root - INFO - [31mstep: 896  [32mloss:  2.7857  [38;2;180;60;0mgrad_norm:  2.1530  [38;2;54;234;195mmemory: 72.92GiB(91.79%)  [34mtps: 847  [36mtflops: 40.82  [35mmfu: 4.13%[39m
[rank0]:[titan] 2026-03-17 11:19:24,079 - root - INFO - [31mstep: 897  [32mloss:  2.7724  [38;2;180;60;0mgrad_norm:  2.3909  [38;2;54;234;195mmemory: 72.92GiB(91.79%)  [34mtps: 847  [36mtflops: 40.81  [35mmfu: 4.13%[39m
[rank0]:[titan] 2026-03-17 11:19:26,500 - root - INFO - [31mstep: 898  [32mloss:  2.8469  [38;2;180;60;0mgrad_norm:  2.0488  [38;2;54;234;195mmemory: 72.92GiB(91.79%)  [34mtps: 846  [36mtflops: 40.76  [35mmfu: 4.12%[39m
[rank0]:[titan] 2026-03-17 11:19:28,920 - root - INFO - [31mstep: 899  [32mloss:  2.7735  [38;2;180;60;0mgrad_norm:  2.3055  [38;2;54;234;195mmemory: 72.92GiB(91.79%)  [34mtps: 846  [36mtflops: 40.78  [35mmfu: 4.12%[39m
[rank0]:[titan] 2026-03-17 11:19:31,340 - root - INFO - [31mstep: 900  [32mloss:  2.7489  [38;2;180;60;0mgrad_norm:  2.4414  [38;2;54;234;195mmemory: 72.92GiB(91.79%)  [34mtps: 847  [36mtflops: 40.79  [35mmfu: 4.12%[39m
[rank0]:[titan] 2026-03-17 11:19:33,760 - root - INFO - [31mstep: 901  [32mloss:  2.8119  [38;2;180;60;0mgrad_norm:  1.7351  [38;2;54;234;195mmemory: 72.92GiB(91.79%)  [34mtps: 847  [36mtflops: 40.79  [35mmfu: 4.12%[39m
[rank0]:[titan] 2026-03-17 11:19:36,183 - root - INFO - [31mstep: 902  [32mloss:  2.7949  [38;2;180;60;0mgrad_norm:  1.8522  [38;2;54;234;195mmemory: 72.92GiB(91.79%)  [34mtps: 846  [36mtflops: 40.74  [35mmfu: 4.12%[39m
[rank0]:[titan] 2026-03-17 11:19:38,607 - root - INFO - [31mstep: 903  [32mloss:  2.7710  [38;2;180;60;0mgrad_norm:  2.2035  [38;2;54;234;195mmemory: 72.92GiB(91.79%)  [34mtps: 845  [36mtflops: 40.70  [35mmfu: 4.12%[39m
[rank0]:[titan] 2026-03-17 11:19:41,029 - root - INFO - [31mstep: 904  [32mloss:  2.7215  [38;2;180;60;0mgrad_norm:  1.6960  [38;2;54;234;195mmemory: 72.92GiB(91.79%)  [34mtps: 846  [36mtflops: 40.75  [35mmfu: 4.12%[39m
[rank0]:[titan] 2026-03-17 11:19:43,448 - root - INFO - [31mstep: 905  [32mloss:  2.7360  [38;2;180;60;0mgrad_norm:  2.0353  [38;2;54;234;195mmemory: 72.92GiB(91.79%)  [34mtps: 847  [36mtflops: 40.80  [35mmfu: 4.13%[39m
[rank0]:[titan] 2026-03-17 11:19:45,868 - root - INFO - [31mstep: 906  [32mloss:  2.6872  [38;2;180;60;0mgrad_norm:  2.0492  [38;2;54;234;195mmemory: 72.92GiB(91.79%)  [34mtps: 847  [36mtflops: 40.79  [35mmfu: 4.12%[39m
[rank0]:[titan] 2026-03-17 11:19:48,292 - root - INFO - [31mstep: 907  [32mloss:  2.6873  [38;2;180;60;0mgrad_norm:  1.3049  [38;2;54;234;195mmemory: 72.92GiB(91.79%)  [34mtps: 845  [36mtflops: 40.72  [35mmfu: 4.12%[39m
[rank0]:[titan] 2026-03-17 11:19:50,712 - root - INFO - [31mstep: 908  [32mloss:  2.6739  [38;2;180;60;0mgrad_norm:  2.0232  [38;2;54;234;195mmemory: 72.92GiB(91.79%)  [34mtps: 847  [36mtflops: 40.79  [35mmfu: 4.12%[39m
[rank0]:[titan] 2026-03-17 11:19:53,136 - root - INFO - [31mstep: 909  [32mloss:  2.7379  [38;2;180;60;0mgrad_norm:  2.1568  [38;2;54;234;195mmemory: 72.92GiB(91.79%)  [34mtps: 845  [36mtflops: 40.71  [35mmfu: 4.12%[39m
[rank0]:[titan] 2026-03-17 11:19:55,559 - root - INFO - [31mstep: 910  [32mloss:  2.7164  [38;2;180;60;0mgrad_norm:  1.2293  [38;2;54;234;195mmemory: 72.92GiB(91.79%)  [34mtps: 846  [36mtflops: 40.75  [35mmfu: 4.12%[39m
[rank0]:[titan] 2026-03-17 11:19:57,978 - root - INFO - [31mstep: 911  [32mloss:  2.7235  [38;2;180;60;0mgrad_norm:  2.6550  [38;2;54;234;195mmemory: 72.92GiB(91.79%)  [34mtps: 847  [36mtflops: 40.80  [35mmfu: 4.13%[39m
[rank0]:[titan] 2026-03-17 11:20:00,399 - root - INFO - [31mstep: 912  [32mloss:  2.7415  [38;2;180;60;0mgrad_norm:  2.4753  [38;2;54;234;195mmemory: 72.92GiB(91.79%)  [34mtps: 846  [36mtflops: 40.77  [35mmfu: 4.12%[39m
[rank0]:[titan] 2026-03-17 11:20:02,818 - root - INFO - [31mstep: 913  [32mloss:  2.7296  [38;2;180;60;0mgrad_norm:  1.7794  [38;2;54;234;195mmemory: 72.92GiB(91.79%)  [34mtps: 847  [36mtflops: 40.80  [35mmfu: 4.13%[39m
[rank0]:[titan] 2026-03-17 11:20:05,240 - root - INFO - [31mstep: 914  [32mloss:  2.7352  [38;2;180;60;0mgrad_norm:  1.8914  [38;2;54;234;195mmemory: 72.92GiB(91.79%)  [34mtps: 846  [36mtflops: 40.74  [35mmfu: 4.12%[39m
[rank0]:[titan] 2026-03-17 11:20:07,660 - root - INFO - [31mstep: 915  [32mloss:  2.7255  [38;2;180;60;0mgrad_norm:  2.2979  [38;2;54;234;195mmemory: 72.92GiB(91.79%)  [34mtps: 847  [36mtflops: 40.79  [35mmfu: 4.12%[39m
[rank0]:[titan] 2026-03-17 11:20:10,082 - root - INFO - [31mstep: 916  [32mloss:  2.8299  [38;2;180;60;0mgrad_norm:  1.7095  [38;2;54;234;195mmemory: 72.92GiB(91.79%)  [34mtps: 846  [36mtflops: 40.76  [35mmfu: 4.12%[39m
[rank0]:[titan] 2026-03-17 11:20:12,508 - root - INFO - [31mstep: 917  [32mloss:  2.8747  [38;2;180;60;0mgrad_norm:  2.2515  [38;2;54;234;195mmemory: 72.92GiB(91.79%)  [34mtps: 844  [36mtflops: 40.68  [35mmfu: 4.11%[39m
[rank0]:[titan] 2026-03-17 11:20:14,930 - root - INFO - [31mstep: 918  [32mloss:  2.8715  [38;2;180;60;0mgrad_norm:  2.0050  [38;2;54;234;195mmemory: 72.92GiB(91.79%)  [34mtps: 846  [36mtflops: 40.74  [35mmfu: 4.12%[39m
[rank0]:[titan] 2026-03-17 11:20:17,351 - root - INFO - [31mstep: 919  [32mloss:  2.7320  [38;2;180;60;0mgrad_norm:  1.6497  [38;2;54;234;195mmemory: 72.92GiB(91.79%)  [34mtps: 846  [36mtflops: 40.78  [35mmfu: 4.12%[39m
[rank0]:[titan] 2026-03-17 11:20:19,784 - root - INFO - [31mstep: 920  [32mloss:  2.7035  [38;2;180;60;0mgrad_norm:  1.6508  [38;2;54;234;195mmemory: 72.92GiB(91.79%)  [34mtps: 842  [36mtflops: 40.56  [35mmfu: 4.10%[39m
[rank0]:[titan] 2026-03-17 11:20:22,212 - root - INFO - [31mstep: 921  [32mloss:  2.6894  [38;2;180;60;0mgrad_norm:  1.5903  [38;2;54;234;195mmemory: 72.92GiB(91.79%)  [34mtps: 844  [36mtflops: 40.65  [35mmfu: 4.11%[39m
[rank0]:[titan] 2026-03-17 11:20:24,631 - root - INFO - [31mstep: 922  [32mloss:  2.7171  [38;2;180;60;0mgrad_norm:  1.9546  [38;2;54;234;195mmemory: 72.92GiB(91.79%)  [34mtps: 847  [36mtflops: 40.81  [35mmfu: 4.13%[39m
[rank0]:[titan] 2026-03-17 11:20:27,053 - root - INFO - [31mstep: 923  [32mloss:  2.8169  [38;2;180;60;0mgrad_norm:  1.8904  [38;2;54;234;195mmemory: 72.92GiB(91.79%)  [34mtps: 846  [36mtflops: 40.75  [35mmfu: 4.12%[39m
[rank0]:[titan] 2026-03-17 11:20:29,474 - root - INFO - [31mstep: 924  [32mloss:  2.7549  [38;2;180;60;0mgrad_norm:  2.0917  [38;2;54;234;195mmemory: 72.92GiB(91.79%)  [34mtps: 846  [36mtflops: 40.77  [35mmfu: 4.12%[39m
[rank0]:[titan] 2026-03-17 11:20:31,892 - root - INFO - [31mstep: 925  [32mloss:  2.7666  [38;2;180;60;0mgrad_norm:  2.0352  [38;2;54;234;195mmemory: 72.92GiB(91.79%)  [34mtps: 847  [36mtflops: 40.81  [35mmfu: 4.13%[39m
[rank0]:[titan] 2026-03-17 11:20:34,313 - root - INFO - [31mstep: 926  [32mloss:  2.7971  [38;2;180;60;0mgrad_norm:  2.1751  [38;2;54;234;195mmemory: 72.92GiB(91.79%)  [34mtps: 846  [36mtflops: 40.78  [35mmfu: 4.12%[39m
[rank0]:[titan] 2026-03-17 11:20:36,738 - root - INFO - [31mstep: 927  [32mloss:  2.7853  [38;2;180;60;0mgrad_norm:  1.4066  [38;2;54;234;195mmemory: 72.92GiB(91.79%)  [34mtps: 845  [36mtflops: 40.70  [35mmfu: 4.12%[39m
[rank0]:[titan] 2026-03-17 11:20:39,157 - root - INFO - [31mstep: 928  [32mloss:  2.7459  [38;2;180;60;0mgrad_norm:  2.4528  [38;2;54;234;195mmemory: 72.92GiB(91.79%)  [34mtps: 847  [36mtflops: 40.79  [35mmfu: 4.12%[39m
[rank0]:[titan] 2026-03-17 11:20:41,577 - root - INFO - [31mstep: 929  [32mloss:  2.7341  [38;2;180;60;0mgrad_norm:  2.3849  [38;2;54;234;195mmemory: 72.92GiB(91.79%)  [34mtps: 847  [36mtflops: 40.79  [35mmfu: 4.12%[39m
[rank0]:[titan] 2026-03-17 11:20:43,999 - root - INFO - [31mstep: 930  [32mloss:  2.6780  [38;2;180;60;0mgrad_norm:  1.3497  [38;2;54;234;195mmemory: 72.92GiB(91.79%)  [34mtps: 846  [36mtflops: 40.75  [35mmfu: 4.12%[39m
[rank0]:[titan] 2026-03-17 11:20:46,419 - root - INFO - [31mstep: 931  [32mloss:  2.6521  [38;2;180;60;0mgrad_norm:  2.0033  [38;2;54;234;195mmemory: 72.92GiB(91.79%)  [34mtps: 846  [36mtflops: 40.78  [35mmfu: 4.12%[39m
[rank0]:[titan] 2026-03-17 11:20:48,839 - root - INFO - [31mstep: 932  [32mloss:  2.6565  [38;2;180;60;0mgrad_norm:  2.4497  [38;2;54;234;195mmemory: 72.92GiB(91.79%)  [34mtps: 847  [36mtflops: 40.79  [35mmfu: 4.12%[39m
[rank0]:[titan] 2026-03-17 11:20:51,262 - root - INFO - [31mstep: 933  [32mloss:  2.7943  [38;2;180;60;0mgrad_norm:  2.0239  [38;2;54;234;195mmemory: 72.92GiB(91.79%)  [34mtps: 845  [36mtflops: 40.73  [35mmfu: 4.12%[39m
[rank0]:[titan] 2026-03-17 11:20:53,689 - root - INFO - [31mstep: 934  [32mloss:  2.6790  [38;2;180;60;0mgrad_norm:  2.3620  [38;2;54;234;195mmemory: 72.92GiB(91.79%)  [34mtps: 844  [36mtflops: 40.66  [35mmfu: 4.11%[39m
[rank0]:[titan] 2026-03-17 11:20:56,112 - root - INFO - [31mstep: 935  [32mloss:  2.7303  [38;2;180;60;0mgrad_norm:  2.9373  [38;2;54;234;195mmemory: 72.92GiB(91.79%)  [34mtps: 846  [36mtflops: 40.74  [35mmfu: 4.12%[39m
[rank0]:[titan] 2026-03-17 11:20:58,542 - root - INFO - [31mstep: 936  [32mloss:  2.7902  [38;2;180;60;0mgrad_norm:  2.0108  [38;2;54;234;195mmemory: 72.92GiB(91.79%)  [34mtps: 843  [36mtflops: 40.62  [35mmfu: 4.11%[39m
[rank0]:[titan] 2026-03-17 11:21:00,964 - root - INFO - [31mstep: 937  [32mloss:  2.7291  [38;2;180;60;0mgrad_norm:  2.5839  [38;2;54;234;195mmemory: 72.92GiB(91.79%)  [34mtps: 846  [36mtflops: 40.75  [35mmfu: 4.12%[39m
[rank0]:[titan] 2026-03-17 11:21:03,384 - root - INFO - [31mstep: 938  [32mloss:  2.7020  [38;2;180;60;0mgrad_norm:  2.4549  [38;2;54;234;195mmemory: 72.92GiB(91.79%)  [34mtps: 846  [36mtflops: 40.79  [35mmfu: 4.12%[39m
[rank0]:[titan] 2026-03-17 11:21:05,810 - root - INFO - [31mstep: 939  [32mloss:  2.7417  [38;2;180;60;0mgrad_norm:  1.8040  [38;2;54;234;195mmemory: 72.92GiB(91.79%)  [34mtps: 844  [36mtflops: 40.68  [35mmfu: 4.11%[39m
[rank0]:[titan] 2026-03-17 11:21:08,229 - root - INFO - [31mstep: 940  [32mloss:  2.7647  [38;2;180;60;0mgrad_norm:  1.8892  [38;2;54;234;195mmemory: 72.92GiB(91.79%)  [34mtps: 847  [36mtflops: 40.80  [35mmfu: 4.13%[39m
[rank0]:[titan] 2026-03-17 11:21:10,660 - root - INFO - [31mstep: 941  [32mloss:  2.8279  [38;2;180;60;0mgrad_norm:  1.8214  [38;2;54;234;195mmemory: 72.92GiB(91.79%)  [34mtps: 843  [36mtflops: 40.60  [35mmfu: 4.11%[39m
[rank0]:[titan] 2026-03-17 11:21:13,082 - root - INFO - [31mstep: 942  [32mloss:  2.7586  [38;2;180;60;0mgrad_norm:  1.7554  [38;2;54;234;195mmemory: 72.92GiB(91.79%)  [34mtps: 846  [36mtflops: 40.74  [35mmfu: 4.12%[39m
[rank0]:[titan] 2026-03-17 11:21:15,506 - root - INFO - [31mstep: 943  [32mloss:  2.7315  [38;2;180;60;0mgrad_norm:  1.5597  [38;2;54;234;195mmemory: 72.92GiB(91.79%)  [34mtps: 845  [36mtflops: 40.73  [35mmfu: 4.12%[39m
[rank0]:[titan] 2026-03-17 11:21:17,928 - root - INFO - [31mstep: 944  [32mloss:  2.7272  [38;2;180;60;0mgrad_norm:  1.2681  [38;2;54;234;195mmemory: 72.92GiB(91.79%)  [34mtps: 846  [36mtflops: 40.74  [35mmfu: 4.12%[39m
[rank0]:[titan] 2026-03-17 11:21:20,355 - root - INFO - [31mstep: 945  [32mloss:  2.7195  [38;2;180;60;0mgrad_norm:  2.2213  [38;2;54;234;195mmemory: 72.92GiB(91.79%)  [34mtps: 844  [36mtflops: 40.66  [35mmfu: 4.11%[39m
[rank0]:[titan] 2026-03-17 11:21:22,776 - root - INFO - [31mstep: 946  [32mloss:  2.7235  [38;2;180;60;0mgrad_norm:  1.7157  [38;2;54;234;195mmemory: 72.92GiB(91.79%)  [34mtps: 846  [36mtflops: 40.78  [35mmfu: 4.12%[39m
[rank0]:[titan] 2026-03-17 11:21:25,199 - root - INFO - [31mstep: 947  [32mloss:  2.7699  [38;2;180;60;0mgrad_norm:  1.9657  [38;2;54;234;195mmemory: 72.92GiB(91.79%)  [34mtps: 845  [36mtflops: 40.74  [35mmfu: 4.12%[39m
[rank0]:[titan] 2026-03-17 11:21:27,627 - root - INFO - [31mstep: 948  [32mloss:  2.8159  [38;2;180;60;0mgrad_norm:  2.3483  [38;2;54;234;195mmemory: 72.92GiB(91.79%)  [34mtps: 844  [36mtflops: 40.65  [35mmfu: 4.11%[39m
[rank0]:[titan] 2026-03-17 11:21:30,048 - root - INFO - [31mstep: 949  [32mloss:  2.8057  [38;2;180;60;0mgrad_norm:  1.5456  [38;2;54;234;195mmemory: 72.92GiB(91.79%)  [34mtps: 846  [36mtflops: 40.76  [35mmfu: 4.12%[39m
[rank0]:[titan] 2026-03-17 11:21:32,479 - root - INFO - [31mstep: 950  [32mloss:  2.7196  [38;2;180;60;0mgrad_norm:  1.9830  [38;2;54;234;195mmemory: 72.92GiB(91.79%)  [34mtps: 843  [36mtflops: 40.60  [35mmfu: 4.11%[39m
[rank0]:[titan] 2026-03-17 11:21:34,900 - root - INFO - [31mstep: 951  [32mloss:  2.7413  [38;2;180;60;0mgrad_norm:  2.4600  [38;2;54;234;195mmemory: 72.92GiB(91.79%)  [34mtps: 846  [36mtflops: 40.77  [35mmfu: 4.12%[39m
[rank0]:[titan] 2026-03-17 11:21:37,319 - root - INFO - [31mstep: 952  [32mloss:  2.7032  [38;2;180;60;0mgrad_norm:  2.2510  [38;2;54;234;195mmemory: 72.92GiB(91.79%)  [34mtps: 847  [36mtflops: 40.80  [35mmfu: 4.13%[39m
[rank0]:[titan] 2026-03-17 11:21:39,743 - root - INFO - [31mstep: 953  [32mloss:  2.7182  [38;2;180;60;0mgrad_norm:  1.1864  [38;2;54;234;195mmemory: 72.92GiB(91.79%)  [34mtps: 845  [36mtflops: 40.71  [35mmfu: 4.12%[39m
[rank0]:[titan] 2026-03-17 11:21:42,163 - root - INFO - [31mstep: 954  [32mloss:  2.7569  [38;2;180;60;0mgrad_norm:  2.7568  [38;2;54;234;195mmemory: 72.92GiB(91.79%)  [34mtps: 846  [36mtflops: 40.78  [35mmfu: 4.12%[39m
[rank0]:[titan] 2026-03-17 11:21:44,586 - root - INFO - [31mstep: 955  [32mloss:  2.7484  [38;2;180;60;0mgrad_norm:  3.3673  [38;2;54;234;195mmemory: 72.92GiB(91.79%)  [34mtps: 845  [36mtflops: 40.74  [35mmfu: 4.12%[39m
[rank0]:[titan] 2026-03-17 11:21:47,008 - root - INFO - [31mstep: 956  [32mloss:  2.7240  [38;2;180;60;0mgrad_norm:  1.7228  [38;2;54;234;195mmemory: 72.92GiB(91.79%)  [34mtps: 846  [36mtflops: 40.75  [35mmfu: 4.12%[39m
[rank0]:[titan] 2026-03-17 11:21:49,428 - root - INFO - [31mstep: 957  [32mloss:  2.6809  [38;2;180;60;0mgrad_norm:  1.8760  [38;2;54;234;195mmemory: 72.92GiB(91.79%)  [34mtps: 847  [36mtflops: 40.79  [35mmfu: 4.12%[39m
[rank0]:[titan] 2026-03-17 11:21:51,847 - root - INFO - [31mstep: 958  [32mloss:  2.7456  [38;2;180;60;0mgrad_norm:  2.1198  [38;2;54;234;195mmemory: 72.92GiB(91.79%)  [34mtps: 847  [36mtflops: 40.80  [35mmfu: 4.13%[39m
[rank0]:[titan] 2026-03-17 11:21:54,267 - root - INFO - [31mstep: 959  [32mloss:  2.7563  [38;2;180;60;0mgrad_norm:  1.9176  [38;2;54;234;195mmemory: 72.92GiB(91.79%)  [34mtps: 846  [36mtflops: 40.77  [35mmfu: 4.12%[39m
[rank0]:[titan] 2026-03-17 11:21:56,722 - root - INFO - [31mstep: 960  [32mloss:  2.7237  [38;2;180;60;0mgrad_norm:  1.9336  [38;2;54;234;195mmemory: 72.92GiB(91.79%)  [34mtps: 835  [36mtflops: 40.22  [35mmfu: 4.07%[39m
[rank0]:[titan] 2026-03-17 11:21:59,146 - root - INFO - [31mstep: 961  [32mloss:  2.7787  [38;2;180;60;0mgrad_norm:  2.5091  [38;2;54;234;195mmemory: 72.92GiB(91.79%)  [34mtps: 845  [36mtflops: 40.71  [35mmfu: 4.12%[39m
[rank0]:[titan] 2026-03-17 11:22:01,566 - root - INFO - [31mstep: 962  [32mloss:  2.7946  [38;2;180;60;0mgrad_norm:  2.1722  [38;2;54;234;195mmemory: 72.92GiB(91.79%)  [34mtps: 846  [36mtflops: 40.78  [35mmfu: 4.12%[39m
[rank0]:[titan] 2026-03-17 11:22:03,990 - root - INFO - [31mstep: 963  [32mloss:  2.7409  [38;2;180;60;0mgrad_norm:  1.5086  [38;2;54;234;195mmemory: 72.92GiB(91.79%)  [34mtps: 845  [36mtflops: 40.73  [35mmfu: 4.12%[39m
[rank0]:[titan] 2026-03-17 11:22:06,411 - root - INFO - [31mstep: 964  [32mloss:  2.8099  [38;2;180;60;0mgrad_norm:  2.5390  [38;2;54;234;195mmemory: 72.92GiB(91.79%)  [34mtps: 846  [36mtflops: 40.76  [35mmfu: 4.12%[39m
[rank0]:[titan] 2026-03-17 11:22:08,832 - root - INFO - [31mstep: 965  [32mloss:  2.7079  [38;2;180;60;0mgrad_norm:  2.2459  [38;2;54;234;195mmemory: 72.92GiB(91.79%)  [34mtps: 846  [36mtflops: 40.77  [35mmfu: 4.12%[39m
[rank0]:[titan] 2026-03-17 11:22:11,252 - root - INFO - [31mstep: 966  [32mloss:  2.7121  [38;2;180;60;0mgrad_norm:  2.0781  [38;2;54;234;195mmemory: 72.92GiB(91.79%)  [34mtps: 847  [36mtflops: 40.79  [35mmfu: 4.12%[39m
[rank0]:[titan] 2026-03-17 11:22:13,672 - root - INFO - [31mstep: 967  [32mloss:  2.7245  [38;2;180;60;0mgrad_norm:  1.6792  [38;2;54;234;195mmemory: 72.92GiB(91.79%)  [34mtps: 846  [36mtflops: 40.78  [35mmfu: 4.12%[39m
[rank0]:[titan] 2026-03-17 11:22:16,093 - root - INFO - [31mstep: 968  [32mloss:  2.6878  [38;2;180;60;0mgrad_norm:  2.0843  [38;2;54;234;195mmemory: 72.92GiB(91.79%)  [34mtps: 846  [36mtflops: 40.77  [35mmfu: 4.12%[39m
[rank0]:[titan] 2026-03-17 11:22:18,513 - root - INFO - [31mstep: 969  [32mloss:  2.7021  [38;2;180;60;0mgrad_norm:  1.7603  [38;2;54;234;195mmemory: 72.92GiB(91.79%)  [34mtps: 847  [36mtflops: 40.79  [35mmfu: 4.12%[39m
[rank0]:[titan] 2026-03-17 11:22:20,936 - root - INFO - [31mstep: 970  [32mloss:  2.7178  [38;2;180;60;0mgrad_norm:  1.8181  [38;2;54;234;195mmemory: 72.92GiB(91.79%)  [34mtps: 846  [36mtflops: 40.74  [35mmfu: 4.12%[39m
[rank0]:[titan] 2026-03-17 11:22:23,356 - root - INFO - [31mstep: 971  [32mloss:  2.7576  [38;2;180;60;0mgrad_norm:  2.0302  [38;2;54;234;195mmemory: 72.92GiB(91.79%)  [34mtps: 846  [36mtflops: 40.78  [35mmfu: 4.12%[39m
[rank0]:[titan] 2026-03-17 11:22:25,779 - root - INFO - [31mstep: 972  [32mloss:  2.7325  [38;2;180;60;0mgrad_norm:  1.6257  [38;2;54;234;195mmemory: 72.92GiB(91.79%)  [34mtps: 845  [36mtflops: 40.74  [35mmfu: 4.12%[39m
[rank0]:[titan] 2026-03-17 11:22:28,201 - root - INFO - [31mstep: 973  [32mloss:  2.7748  [38;2;180;60;0mgrad_norm:  2.0737  [38;2;54;234;195mmemory: 72.92GiB(91.79%)  [34mtps: 846  [36mtflops: 40.75  [35mmfu: 4.12%[39m
[rank0]:[titan] 2026-03-17 11:22:30,621 - root - INFO - [31mstep: 974  [32mloss:  2.8137  [38;2;180;60;0mgrad_norm:  2.3531  [38;2;54;234;195mmemory: 72.92GiB(91.79%)  [34mtps: 846  [36mtflops: 40.78  [35mmfu: 4.12%[39m
[rank0]:[titan] 2026-03-17 11:22:33,042 - root - INFO - [31mstep: 975  [32mloss:  2.7313  [38;2;180;60;0mgrad_norm:  1.6326  [38;2;54;234;195mmemory: 72.92GiB(91.79%)  [34mtps: 846  [36mtflops: 40.77  [35mmfu: 4.12%[39m
[rank0]:[titan] 2026-03-17 11:22:35,464 - root - INFO - [31mstep: 976  [32mloss:  2.7162  [38;2;180;60;0mgrad_norm:  1.6573  [38;2;54;234;195mmemory: 72.92GiB(91.79%)  [34mtps: 846  [36mtflops: 40.74  [35mmfu: 4.12%[39m
[rank0]:[titan] 2026-03-17 11:22:37,887 - root - INFO - [31mstep: 977  [32mloss:  2.6977  [38;2;180;60;0mgrad_norm:  1.9383  [38;2;54;234;195mmemory: 72.92GiB(91.79%)  [34mtps: 846  [36mtflops: 40.74  [35mmfu: 4.12%[39m
[rank0]:[titan] 2026-03-17 11:22:40,306 - root - INFO - [31mstep: 978  [32mloss:  2.6697  [38;2;180;60;0mgrad_norm:  1.5606  [38;2;54;234;195mmemory: 72.92GiB(91.79%)  [34mtps: 847  [36mtflops: 40.79  [35mmfu: 4.12%[39m
[rank0]:[titan] 2026-03-17 11:22:42,727 - root - INFO - [31mstep: 979  [32mloss:  2.7343  [38;2;180;60;0mgrad_norm:  1.9001  [38;2;54;234;195mmemory: 72.92GiB(91.79%)  [34mtps: 846  [36mtflops: 40.77  [35mmfu: 4.12%[39m
[rank0]:[titan] 2026-03-17 11:22:45,154 - root - INFO - [31mstep: 980  [32mloss:  2.6627  [38;2;180;60;0mgrad_norm:  2.0844  [38;2;54;234;195mmemory: 72.92GiB(91.79%)  [34mtps: 844  [36mtflops: 40.67  [35mmfu: 4.11%[39m
[rank0]:[titan] 2026-03-17 11:22:47,579 - root - INFO - [31mstep: 981  [32mloss:  2.7394  [38;2;180;60;0mgrad_norm:  1.7982  [38;2;54;234;195mmemory: 72.92GiB(91.79%)  [34mtps: 845  [36mtflops: 40.70  [35mmfu: 4.12%[39m
[rank0]:[titan] 2026-03-17 11:22:50,002 - root - INFO - [31mstep: 982  [32mloss:  2.7434  [38;2;180;60;0mgrad_norm:  1.4191  [38;2;54;234;195mmemory: 72.92GiB(91.79%)  [34mtps: 845  [36mtflops: 40.73  [35mmfu: 4.12%[39m
[rank0]:[titan] 2026-03-17 11:22:52,425 - root - INFO - [31mstep: 983  [32mloss:  2.7638  [38;2;180;60;0mgrad_norm:  1.5886  [38;2;54;234;195mmemory: 72.92GiB(91.79%)  [34mtps: 845  [36mtflops: 40.74  [35mmfu: 4.12%[39m
[rank0]:[titan] 2026-03-17 11:22:54,845 - root - INFO - [31mstep: 984  [32mloss:  2.7035  [38;2;180;60;0mgrad_norm:  1.4429  [38;2;54;234;195mmemory: 72.92GiB(91.79%)  [34mtps: 846  [36mtflops: 40.78  [35mmfu: 4.12%[39m
[rank0]:[titan] 2026-03-17 11:22:57,273 - root - INFO - [31mstep: 985  [32mloss:  2.7084  [38;2;180;60;0mgrad_norm:  1.5351  [38;2;54;234;195mmemory: 72.92GiB(91.79%)  [34mtps: 844  [36mtflops: 40.66  [35mmfu: 4.11%[39m
[rank0]:[titan] 2026-03-17 11:22:59,696 - root - INFO - [31mstep: 986  [32mloss:  2.7267  [38;2;180;60;0mgrad_norm:  1.7816  [38;2;54;234;195mmemory: 72.92GiB(91.79%)  [34mtps: 846  [36mtflops: 40.74  [35mmfu: 4.12%[39m
[rank0]:[titan] 2026-03-17 11:23:02,120 - root - INFO - [31mstep: 987  [32mloss:  2.6722  [38;2;180;60;0mgrad_norm:  1.7055  [38;2;54;234;195mmemory: 72.92GiB(91.79%)  [34mtps: 845  [36mtflops: 40.71  [35mmfu: 4.12%[39m
[rank0]:[titan] 2026-03-17 11:23:04,541 - root - INFO - [31mstep: 988  [32mloss:  2.6404  [38;2;180;60;0mgrad_norm:  1.5842  [38;2;54;234;195mmemory: 72.92GiB(91.79%)  [34mtps: 846  [36mtflops: 40.76  [35mmfu: 4.12%[39m
[rank0]:[titan] 2026-03-17 11:23:06,962 - root - INFO - [31mstep: 989  [32mloss:  2.6520  [38;2;180;60;0mgrad_norm:  1.6247  [38;2;54;234;195mmemory: 72.92GiB(91.79%)  [34mtps: 846  [36mtflops: 40.78  [35mmfu: 4.12%[39m
[rank0]:[titan] 2026-03-17 11:23:09,383 - root - INFO - [31mstep: 990  [32mloss:  2.6798  [38;2;180;60;0mgrad_norm:  1.6887  [38;2;54;234;195mmemory: 72.92GiB(91.79%)  [34mtps: 846  [36mtflops: 40.77  [35mmfu: 4.12%[39m
[rank0]:[titan] 2026-03-17 11:23:11,805 - root - INFO - [31mstep: 991  [32mloss:  2.6910  [38;2;180;60;0mgrad_norm:  1.5279  [38;2;54;234;195mmemory: 72.92GiB(91.79%)  [34mtps: 846  [36mtflops: 40.75  [35mmfu: 4.12%[39m
[rank0]:[titan] 2026-03-17 11:23:14,229 - root - INFO - [31mstep: 992  [32mloss:  2.7251  [38;2;180;60;0mgrad_norm:  1.2952  [38;2;54;234;195mmemory: 72.92GiB(91.79%)  [34mtps: 845  [36mtflops: 40.72  [35mmfu: 4.12%[39m
[rank0]:[titan] 2026-03-17 11:23:16,650 - root - INFO - [31mstep: 993  [32mloss:  2.7274  [38;2;180;60;0mgrad_norm:  1.4941  [38;2;54;234;195mmemory: 72.92GiB(91.79%)  [34mtps: 846  [36mtflops: 40.76  [35mmfu: 4.12%[39m
[rank0]:[titan] 2026-03-17 11:23:19,072 - root - INFO - [31mstep: 994  [32mloss:  2.7060  [38;2;180;60;0mgrad_norm:  1.6083  [38;2;54;234;195mmemory: 72.92GiB(91.79%)  [34mtps: 846  [36mtflops: 40.75  [35mmfu: 4.12%[39m
[rank0]:[titan] 2026-03-17 11:23:21,496 - root - INFO - [31mstep: 995  [32mloss:  2.7398  [38;2;180;60;0mgrad_norm:  1.7101  [38;2;54;234;195mmemory: 72.92GiB(91.79%)  [34mtps: 845  [36mtflops: 40.72  [35mmfu: 4.12%[39m
[rank0]:[titan] 2026-03-17 11:23:23,916 - root - INFO - [31mstep: 996  [32mloss:  2.7572  [38;2;180;60;0mgrad_norm:  2.2565  [38;2;54;234;195mmemory: 72.92GiB(91.79%)  [34mtps: 846  [36mtflops: 40.78  [35mmfu: 4.12%[39m
[rank0]:[titan] 2026-03-17 11:23:26,343 - root - INFO - [31mstep: 997  [32mloss:  2.7622  [38;2;180;60;0mgrad_norm:  1.6342  [38;2;54;234;195mmemory: 72.92GiB(91.79%)  [34mtps: 844  [36mtflops: 40.67  [35mmfu: 4.11%[39m
[rank0]:[titan] 2026-03-17 11:23:28,766 - root - INFO - [31mstep: 998  [32mloss:  2.6618  [38;2;180;60;0mgrad_norm:  1.7452  [38;2;54;234;195mmemory: 72.92GiB(91.79%)  [34mtps: 846  [36mtflops: 40.74  [35mmfu: 4.12%[39m
[rank0]:[titan] 2026-03-17 11:23:31,185 - root - INFO - [31mstep: 999  [32mloss:  2.7078  [38;2;180;60;0mgrad_norm:  1.6155  [38;2;54;234;195mmemory: 72.92GiB(91.79%)  [34mtps: 847  [36mtflops: 40.79  [35mmfu: 4.12%[39m
[rank0]:[titan] 2026-03-17 11:23:33,605 - root - INFO - [31mstep: 1000  [32mloss:  2.7082  [38;2;180;60;0mgrad_norm:  1.1757  [38;2;54;234;195mmemory: 72.92GiB(91.79%)  [34mtps: 846  [36mtflops: 40.78  [35mmfu: 4.12%[39m
[rank0]:[titan] 2026-03-17 11:23:36,030 - root - INFO - [31mstep: 1001  [32mloss:  2.7059  [38;2;180;60;0mgrad_norm:  1.7046  [38;2;54;234;195mmemory: 72.92GiB(91.79%)  [34mtps: 845  [36mtflops: 40.71  [35mmfu: 4.12%[39m
[rank0]:[titan] 2026-03-17 11:23:38,472 - root - INFO - [31mstep: 1002  [32mloss:  2.6222  [38;2;180;60;0mgrad_norm:  2.1893  [38;2;54;234;195mmemory: 72.92GiB(91.79%)  [34mtps: 839  [36mtflops: 40.42  [35mmfu: 4.09%[39m
[rank0]:[titan] 2026-03-17 11:23:40,891 - root - INFO - [31mstep: 1003  [32mloss:  2.6229  [38;2;180;60;0mgrad_norm:  1.6361  [38;2;54;234;195mmemory: 72.92GiB(91.79%)  [34mtps: 847  [36mtflops: 40.80  [35mmfu: 4.13%[39m
[rank0]:[titan] 2026-03-17 11:23:43,313 - root - INFO - [31mstep: 1004  [32mloss:  2.6539  [38;2;180;60;0mgrad_norm:  1.8380  [38;2;54;234;195mmemory: 72.92GiB(91.79%)  [34mtps: 846  [36mtflops: 40.74  [35mmfu: 4.12%[39m
[rank0]:[titan] 2026-03-17 11:23:45,738 - root - INFO - [31mstep: 1005  [32mloss:  2.7221  [38;2;180;60;0mgrad_norm:  1.8863  [38;2;54;234;195mmemory: 72.92GiB(91.79%)  [34mtps: 845  [36mtflops: 40.71  [35mmfu: 4.12%[39m
[rank0]:[titan] 2026-03-17 11:23:48,157 - root - INFO - [31mstep: 1006  [32mloss:  2.6177  [38;2;180;60;0mgrad_norm:  1.8303  [38;2;54;234;195mmemory: 72.92GiB(91.79%)  [34mtps: 847  [36mtflops: 40.80  [35mmfu: 4.13%[39m
[rank0]:[titan] 2026-03-17 11:23:50,579 - root - INFO - [31mstep: 1007  [32mloss:  2.6917  [38;2;180;60;0mgrad_norm:  1.9710  [38;2;54;234;195mmemory: 72.92GiB(91.79%)  [34mtps: 846  [36mtflops: 40.75  [35mmfu: 4.12%[39m
[rank0]:[titan] 2026-03-17 11:23:53,007 - root - INFO - [31mstep: 1008  [32mloss:  2.6998  [38;2;180;60;0mgrad_norm:  1.8633  [38;2;54;234;195mmemory: 72.92GiB(91.79%)  [34mtps: 844  [36mtflops: 40.66  [35mmfu: 4.11%[39m
[rank0]:[titan] 2026-03-17 11:23:55,429 - root - INFO - [31mstep: 1009  [32mloss:  2.6981  [38;2;180;60;0mgrad_norm:  1.5146  [38;2;54;234;195mmemory: 72.92GiB(91.79%)  [34mtps: 846  [36mtflops: 40.75  [35mmfu: 4.12%[39m
[rank0]:[titan] 2026-03-17 11:23:57,850 - root - INFO - [31mstep: 1010  [32mloss:  2.7425  [38;2;180;60;0mgrad_norm:  1.5557  [38;2;54;234;195mmemory: 72.92GiB(91.79%)  [34mtps: 846  [36mtflops: 40.77  [35mmfu: 4.12%[39m
[rank0]:[titan] 2026-03-17 11:24:00,271 - root - INFO - [31mstep: 1011  [32mloss:  2.6651  [38;2;180;60;0mgrad_norm:  1.7500  [38;2;54;234;195mmemory: 72.92GiB(91.79%)  [34mtps: 846  [36mtflops: 40.76  [35mmfu: 4.12%[39m
[rank0]:[titan] 2026-03-17 11:24:02,692 - root - INFO - [31mstep: 1012  [32mloss:  2.7404  [38;2;180;60;0mgrad_norm:  1.0798  [38;2;54;234;195mmemory: 72.92GiB(91.79%)  [34mtps: 846  [36mtflops: 40.78  [35mmfu: 4.12%[39m
[rank0]:[titan] 2026-03-17 11:24:05,113 - root - INFO - [31mstep: 1013  [32mloss:  2.6795  [38;2;180;60;0mgrad_norm:  1.5995  [38;2;54;234;195mmemory: 72.92GiB(91.79%)  [34mtps: 846  [36mtflops: 40.77  [35mmfu: 4.12%[39m
[rank0]:[titan] 2026-03-17 11:24:07,539 - root - INFO - [31mstep: 1014  [32mloss:  2.6752  [38;2;180;60;0mgrad_norm:  1.5492  [38;2;54;234;195mmemory: 72.92GiB(91.79%)  [34mtps: 845  [36mtflops: 40.69  [35mmfu: 4.11%[39m
[rank0]:[titan] 2026-03-17 11:24:09,962 - root - INFO - [31mstep: 1015  [32mloss:  2.7159  [38;2;180;60;0mgrad_norm:  1.5805  [38;2;54;234;195mmemory: 72.92GiB(91.79%)  [34mtps: 845  [36mtflops: 40.74  [35mmfu: 4.12%[39m
[rank0]:[titan] 2026-03-17 11:24:12,386 - root - INFO - [31mstep: 1016  [32mloss:  2.7455  [38;2;180;60;0mgrad_norm:  1.5774  [38;2;54;234;195mmemory: 72.92GiB(91.79%)  [34mtps: 845  [36mtflops: 40.72  [35mmfu: 4.12%[39m
[rank0]:[titan] 2026-03-17 11:24:14,813 - root - INFO - [31mstep: 1017  [32mloss:  2.7345  [38;2;180;60;0mgrad_norm:  1.7503  [38;2;54;234;195mmemory: 72.92GiB(91.79%)  [34mtps: 844  [36mtflops: 40.66  [35mmfu: 4.11%[39m
[rank0]:[titan] 2026-03-17 11:24:17,240 - root - INFO - [31mstep: 1018  [32mloss:  2.6432  [38;2;180;60;0mgrad_norm:  1.7467  [38;2;54;234;195mmemory: 72.92GiB(91.79%)  [34mtps: 844  [36mtflops: 40.68  [35mmfu: 4.11%[39m
[rank0]:[titan] 2026-03-17 11:24:19,664 - root - INFO - [31mstep: 1019  [32mloss:  2.6572  [38;2;180;60;0mgrad_norm:  1.3527  [38;2;54;234;195mmemory: 72.92GiB(91.79%)  [34mtps: 845  [36mtflops: 40.71  [35mmfu: 4.12%[39m
[rank0]:[titan] 2026-03-17 11:24:22,084 - root - INFO - [31mstep: 1020  [32mloss:  2.6708  [38;2;180;60;0mgrad_norm:  2.0807  [38;2;54;234;195mmemory: 72.92GiB(91.79%)  [34mtps: 847  [36mtflops: 40.79  [35mmfu: 4.12%[39m
[rank0]:[titan] 2026-03-17 11:24:24,505 - root - INFO - [31mstep: 1021  [32mloss:  2.7376  [38;2;180;60;0mgrad_norm:  1.9788  [38;2;54;234;195mmemory: 72.92GiB(91.79%)  [34mtps: 846  [36mtflops: 40.76  [35mmfu: 4.12%[39m
[rank0]:[titan] 2026-03-17 11:24:26,926 - root - INFO - [31mstep: 1022  [32mloss:  2.6805  [38;2;180;60;0mgrad_norm:  1.6001  [38;2;54;234;195mmemory: 72.92GiB(91.79%)  [34mtps: 846  [36mtflops: 40.77  [35mmfu: 4.12%[39m
[rank0]:[titan] 2026-03-17 11:24:29,347 - root - INFO - [31mstep: 1023  [32mloss:  2.7097  [38;2;180;60;0mgrad_norm:  1.5667  [38;2;54;234;195mmemory: 72.92GiB(91.79%)  [34mtps: 846  [36mtflops: 40.77  [35mmfu: 4.12%[39m
[rank0]:[titan] 2026-03-17 11:24:31,765 - root - INFO - [31mstep: 1024  [32mloss:  2.7203  [38;2;180;60;0mgrad_norm:  1.2460  [38;2;54;234;195mmemory: 72.92GiB(91.79%)  [34mtps: 847  [36mtflops: 40.82  [35mmfu: 4.13%[39m
[rank0]:[titan] 2026-03-17 11:24:34,193 - root - INFO - [31mstep: 1025  [32mloss:  2.6836  [38;2;180;60;0mgrad_norm:  1.5791  [38;2;54;234;195mmemory: 72.92GiB(91.79%)  [34mtps: 844  [36mtflops: 40.65  [35mmfu: 4.11%[39m
[rank0]:[titan] 2026-03-17 11:24:36,613 - root - INFO - [31mstep: 1026  [32mloss:  2.7359  [38;2;180;60;0mgrad_norm:  2.0677  [38;2;54;234;195mmemory: 72.92GiB(91.79%)  [34mtps: 846  [36mtflops: 40.78  [35mmfu: 4.12%[39m
[rank0]:[titan] 2026-03-17 11:24:39,038 - root - INFO - [31mstep: 1027  [32mloss:  2.7205  [38;2;180;60;0mgrad_norm:  1.4538  [38;2;54;234;195mmemory: 72.92GiB(91.79%)  [34mtps: 845  [36mtflops: 40.70  [35mmfu: 4.12%[39m
[rank0]:[titan] 2026-03-17 11:24:41,463 - root - INFO - [31mstep: 1028  [32mloss:  2.6850  [38;2;180;60;0mgrad_norm:  1.6445  [38;2;54;234;195mmemory: 72.92GiB(91.79%)  [34mtps: 845  [36mtflops: 40.71  [35mmfu: 4.12%[39m
[rank0]:[titan] 2026-03-17 11:24:43,881 - root - INFO - [31mstep: 1029  [32mloss:  2.6667  [38;2;180;60;0mgrad_norm:  1.7756  [38;2;54;234;195mmemory: 72.92GiB(91.79%)  [34mtps: 847  [36mtflops: 40.81  [35mmfu: 4.13%[39m
[rank0]:[titan] 2026-03-17 11:24:46,302 - root - INFO - [31mstep: 1030  [32mloss:  2.7155  [38;2;180;60;0mgrad_norm:  1.5977  [38;2;54;234;195mmemory: 72.92GiB(91.79%)  [34mtps: 846  [36mtflops: 40.77  [35mmfu: 4.12%[39m
[rank0]:[titan] 2026-03-17 11:24:48,725 - root - INFO - [31mstep: 1031  [32mloss:  2.6525  [38;2;180;60;0mgrad_norm:  1.6247  [38;2;54;234;195mmemory: 72.92GiB(91.79%)  [34mtps: 846  [36mtflops: 40.74  [35mmfu: 4.12%[39m
[rank0]:[titan] 2026-03-17 11:24:51,145 - root - INFO - [31mstep: 1032  [32mloss:  2.6520  [38;2;180;60;0mgrad_norm:  2.0123  [38;2;54;234;195mmemory: 72.92GiB(91.79%)  [34mtps: 846  [36mtflops: 40.78  [35mmfu: 4.12%[39m
[rank0]:[titan] 2026-03-17 11:24:53,574 - root - INFO - [31mstep: 1033  [32mloss:  2.6793  [38;2;180;60;0mgrad_norm:  1.8862  [38;2;54;234;195mmemory: 72.92GiB(91.79%)  [34mtps: 843  [36mtflops: 40.64  [35mmfu: 4.11%[39m
[rank0]:[titan] 2026-03-17 11:24:55,997 - root - INFO - [31mstep: 1034  [32mloss:  2.6405  [38;2;180;60;0mgrad_norm:  1.9837  [38;2;54;234;195mmemory: 72.92GiB(91.79%)  [34mtps: 845  [36mtflops: 40.72  [35mmfu: 4.12%[39m
[rank0]:[titan] 2026-03-17 11:24:58,424 - root - INFO - [31mstep: 1035  [32mloss:  2.6750  [38;2;180;60;0mgrad_norm:  1.7504  [38;2;54;234;195mmemory: 72.92GiB(91.79%)  [34mtps: 844  [36mtflops: 40.68  [35mmfu: 4.11%[39m
[rank0]:[titan] 2026-03-17 11:25:00,843 - root - INFO - [31mstep: 1036  [32mloss:  2.6427  [38;2;180;60;0mgrad_norm:  1.7683  [38;2;54;234;195mmemory: 72.92GiB(91.79%)  [34mtps: 847  [36mtflops: 40.79  [35mmfu: 4.12%[39m
[rank0]:[titan] 2026-03-17 11:25:03,265 - root - INFO - [31mstep: 1037  [32mloss:  2.6456  [38;2;180;60;0mgrad_norm:  2.0739  [38;2;54;234;195mmemory: 72.92GiB(91.79%)  [34mtps: 846  [36mtflops: 40.76  [35mmfu: 4.12%[39m
[rank0]:[titan] 2026-03-17 11:25:05,687 - root - INFO - [31mstep: 1038  [32mloss:  2.6439  [38;2;180;60;0mgrad_norm:  1.9500  [38;2;54;234;195mmemory: 72.92GiB(91.79%)  [34mtps: 846  [36mtflops: 40.74  [35mmfu: 4.12%[39m
[rank0]:[titan] 2026-03-17 11:25:08,115 - root - INFO - [31mstep: 1039  [32mloss:  2.6100  [38;2;180;60;0mgrad_norm:  1.5752  [38;2;54;234;195mmemory: 72.92GiB(91.79%)  [34mtps: 844  [36mtflops: 40.65  [35mmfu: 4.11%[39m
[rank0]:[titan] 2026-03-17 11:25:10,537 - root - INFO - [31mstep: 1040  [32mloss:  2.6244  [38;2;180;60;0mgrad_norm:  1.7274  [38;2;54;234;195mmemory: 72.92GiB(91.79%)  [34mtps: 846  [36mtflops: 40.75  [35mmfu: 4.12%[39m
[rank0]:[titan] 2026-03-17 11:25:12,959 - root - INFO - [31mstep: 1041  [32mloss:  2.6531  [38;2;180;60;0mgrad_norm:  2.1162  [38;2;54;234;195mmemory: 72.92GiB(91.79%)  [34mtps: 846  [36mtflops: 40.76  [35mmfu: 4.12%[39m
[rank0]:[titan] 2026-03-17 11:25:15,380 - root - INFO - [31mstep: 1042  [32mloss:  2.6344  [38;2;180;60;0mgrad_norm:  1.4224  [38;2;54;234;195mmemory: 72.92GiB(91.79%)  [34mtps: 846  [36mtflops: 40.77  [35mmfu: 4.12%[39m
[rank0]:[titan] 2026-03-17 11:25:17,801 - root - INFO - [31mstep: 1043  [32mloss:  2.6539  [38;2;180;60;0mgrad_norm:  1.6399  [38;2;54;234;195mmemory: 72.92GiB(91.79%)  [34mtps: 846  [36mtflops: 40.76  [35mmfu: 4.12%[39m
[rank0]:[titan] 2026-03-17 11:25:20,229 - root - INFO - [31mstep: 1044  [32mloss:  2.7222  [38;2;180;60;0mgrad_norm:  1.2431  [38;2;54;234;195mmemory: 72.92GiB(91.79%)  [34mtps: 844  [36mtflops: 40.66  [35mmfu: 4.11%[39m
[rank0]:[titan] 2026-03-17 11:25:22,649 - root - INFO - [31mstep: 1045  [32mloss:  2.6414  [38;2;180;60;0mgrad_norm:  1.7213  [38;2;54;234;195mmemory: 72.92GiB(91.79%)  [34mtps: 846  [36mtflops: 40.77  [35mmfu: 4.12%[39m
[rank0]:[titan] 2026-03-17 11:25:25,071 - root - INFO - [31mstep: 1046  [32mloss:  2.6571  [38;2;180;60;0mgrad_norm:  1.5683  [38;2;54;234;195mmemory: 72.92GiB(91.79%)  [34mtps: 846  [36mtflops: 40.76  [35mmfu: 4.12%[39m
[rank0]:[titan] 2026-03-17 11:25:27,496 - root - INFO - [31mstep: 1047  [32mloss:  2.7010  [38;2;180;60;0mgrad_norm:  1.5581  [38;2;54;234;195mmemory: 72.92GiB(91.79%)  [34mtps: 845  [36mtflops: 40.70  [35mmfu: 4.12%[39m
[rank0]:[titan] 2026-03-17 11:25:29,916 - root - INFO - [31mstep: 1048  [32mloss:  2.6509  [38;2;180;60;0mgrad_norm:  1.4953  [38;2;54;234;195mmemory: 72.92GiB(91.79%)  [34mtps: 846  [36mtflops: 40.78  [35mmfu: 4.12%[39m
[rank0]:[titan] 2026-03-17 11:25:32,339 - root - INFO - [31mstep: 1049  [32mloss:  2.7176  [38;2;180;60;0mgrad_norm:  1.2146  [38;2;54;234;195mmemory: 72.92GiB(91.79%)  [34mtps: 846  [36mtflops: 40.75  [35mmfu: 4.12%[39m
[rank0]:[titan] 2026-03-17 11:25:34,764 - root - INFO - [31mstep: 1050  [32mloss:  2.7613  [38;2;180;60;0mgrad_norm:  1.2214  [38;2;54;234;195mmemory: 72.92GiB(91.79%)  [34mtps: 845  [36mtflops: 40.70  [35mmfu: 4.11%[39m
[rank0]:[titan] 2026-03-17 11:25:37,188 - root - INFO - [31mstep: 1051  [32mloss:  2.6903  [38;2;180;60;0mgrad_norm:  1.6138  [38;2;54;234;195mmemory: 72.92GiB(91.79%)  [34mtps: 845  [36mtflops: 40.72  [35mmfu: 4.12%[39m
[rank0]:[titan] 2026-03-17 11:25:39,615 - root - INFO - [31mstep: 1052  [32mloss:  2.7048  [38;2;180;60;0mgrad_norm:  1.4888  [38;2;54;234;195mmemory: 72.92GiB(91.79%)  [34mtps: 844  [36mtflops: 40.66  [35mmfu: 4.11%[39m
[rank0]:[titan] 2026-03-17 11:25:42,040 - root - INFO - [31mstep: 1053  [32mloss:  2.6562  [38;2;180;60;0mgrad_norm:  1.1156  [38;2;54;234;195mmemory: 72.92GiB(91.79%)  [34mtps: 845  [36mtflops: 40.71  [35mmfu: 4.12%[39m
[rank0]:[titan] 2026-03-17 11:25:44,460 - root - INFO - [31mstep: 1054  [32mloss:  2.7246  [38;2;180;60;0mgrad_norm:  1.5978  [38;2;54;234;195mmemory: 72.92GiB(91.79%)  [34mtps: 847  [36mtflops: 40.79  [35mmfu: 4.12%[39m
[rank0]:[titan] 2026-03-17 11:25:46,884 - root - INFO - [31mstep: 1055  [32mloss:  2.6911  [38;2;180;60;0mgrad_norm:  1.9539  [38;2;54;234;195mmemory: 72.92GiB(91.79%)  [34mtps: 845  [36mtflops: 40.71  [35mmfu: 4.12%[39m
[rank0]:[titan] 2026-03-17 11:25:49,312 - root - INFO - [31mstep: 1056  [32mloss:  2.7507  [38;2;180;60;0mgrad_norm:  1.4040  [38;2;54;234;195mmemory: 72.92GiB(91.79%)  [34mtps: 844  [36mtflops: 40.66  [35mmfu: 4.11%[39m
[rank0]:[titan] 2026-03-17 11:25:51,732 - root - INFO - [31mstep: 1057  [32mloss:  2.7220  [38;2;180;60;0mgrad_norm:  1.2706  [38;2;54;234;195mmemory: 72.92GiB(91.79%)  [34mtps: 846  [36mtflops: 40.78  [35mmfu: 4.12%[39m
[rank0]:[titan] 2026-03-17 11:25:51,733 - root - WARNING - Dataset c4_test is being re-looped
[rank0]:[titan] 2026-03-17 11:25:54,158 - root - INFO - [31mstep: 1058  [32mloss:  2.7153  [38;2;180;60;0mgrad_norm:  1.5362  [38;2;54;234;195mmemory: 72.92GiB(91.79%)  [34mtps: 844  [36mtflops: 40.67  [35mmfu: 4.11%[39m
[rank0]:[titan] 2026-03-17 11:25:56,578 - root - INFO - [31mstep: 1059  [32mloss:  2.6873  [38;2;180;60;0mgrad_norm:  1.4099  [38;2;54;234;195mmemory: 72.92GiB(91.79%)  [34mtps: 846  [36mtflops: 40.78  [35mmfu: 4.12%[39m
[rank0]:[titan] 2026-03-17 11:25:58,999 - root - INFO - [31mstep: 1060  [32mloss:  2.6900  [38;2;180;60;0mgrad_norm:  1.6668  [38;2;54;234;195mmemory: 72.92GiB(91.79%)  [34mtps: 846  [36mtflops: 40.78  [35mmfu: 4.12%[39m
[rank0]:[titan] 2026-03-17 11:26:01,421 - root - INFO - [31mstep: 1061  [32mloss:  2.6894  [38;2;180;60;0mgrad_norm:  1.4419  [38;2;54;234;195mmemory: 72.92GiB(91.79%)  [34mtps: 846  [36mtflops: 40.75  [35mmfu: 4.12%[39m
[rank0]:[titan] 2026-03-17 11:26:03,842 - root - INFO - [31mstep: 1062  [32mloss:  2.6670  [38;2;180;60;0mgrad_norm:  1.4304  [38;2;54;234;195mmemory: 72.92GiB(91.79%)  [34mtps: 846  [36mtflops: 40.76  [35mmfu: 4.12%[39m
[rank0]:[titan] 2026-03-17 11:26:06,266 - root - INFO - [31mstep: 1063  [32mloss:  2.6795  [38;2;180;60;0mgrad_norm:  1.5922  [38;2;54;234;195mmemory: 72.92GiB(91.79%)  [34mtps: 845  [36mtflops: 40.72  [35mmfu: 4.12%[39m
[rank0]:[titan] 2026-03-17 11:26:08,686 - root - INFO - [31mstep: 1064  [32mloss:  2.6906  [38;2;180;60;0mgrad_norm:  2.0692  [38;2;54;234;195mmemory: 72.92GiB(91.79%)  [34mtps: 847  [36mtflops: 40.79  [35mmfu: 4.12%[39m
[rank0]:[titan] 2026-03-17 11:26:11,107 - root - INFO - [31mstep: 1065  [32mloss:  2.6732  [38;2;180;60;0mgrad_norm:  1.5183  [38;2;54;234;195mmemory: 72.92GiB(91.79%)  [34mtps: 846  [36mtflops: 40.77  [35mmfu: 4.12%[39m
[rank0]:[titan] 2026-03-17 11:26:13,530 - root - INFO - [31mstep: 1066  [32mloss:  2.7707  [38;2;180;60;0mgrad_norm:  1.5771  [38;2;54;234;195mmemory: 72.92GiB(91.79%)  [34mtps: 845  [36mtflops: 40.73  [35mmfu: 4.12%[39m
[rank0]:[titan] 2026-03-17 11:26:15,954 - root - INFO - [31mstep: 1067  [32mloss:  2.7045  [38;2;180;60;0mgrad_norm:  1.9544  [38;2;54;234;195mmemory: 72.92GiB(91.79%)  [34mtps: 845  [36mtflops: 40.71  [35mmfu: 4.12%[39m
[rank0]:[titan] 2026-03-17 11:26:18,375 - root - INFO - [31mstep: 1068  [32mloss:  2.6548  [38;2;180;60;0mgrad_norm:  1.8944  [38;2;54;234;195mmemory: 72.92GiB(91.79%)  [34mtps: 846  [36mtflops: 40.78  [35mmfu: 4.12%[39m
[rank0]:[titan] 2026-03-17 11:26:20,798 - root - INFO - [31mstep: 1069  [32mloss:  2.7230  [38;2;180;60;0mgrad_norm:  1.8065  [38;2;54;234;195mmemory: 72.92GiB(91.79%)  [34mtps: 845  [36mtflops: 40.73  [35mmfu: 4.12%[39m
[rank0]:[titan] 2026-03-17 11:26:23,226 - root - INFO - [31mstep: 1070  [32mloss:  2.7472  [38;2;180;60;0mgrad_norm:  1.5877  [38;2;54;234;195mmemory: 72.92GiB(91.79%)  [34mtps: 844  [36mtflops: 40.65  [35mmfu: 4.11%[39m
[rank0]:[titan] 2026-03-17 11:26:25,645 - root - INFO - [31mstep: 1071  [32mloss:  2.7356  [38;2;180;60;0mgrad_norm:  1.6454  [38;2;54;234;195mmemory: 72.92GiB(91.79%)  [34mtps: 847  [36mtflops: 40.79  [35mmfu: 4.12%[39m
[rank0]:[titan] 2026-03-17 11:26:28,069 - root - INFO - [31mstep: 1072  [32mloss:  2.6949  [38;2;180;60;0mgrad_norm:  1.1127  [38;2;54;234;195mmemory: 72.92GiB(91.79%)  [34mtps: 845  [36mtflops: 40.72  [35mmfu: 4.12%[39m
[rank0]:[titan] 2026-03-17 11:26:30,489 - root - INFO - [31mstep: 1073  [32mloss:  2.7113  [38;2;180;60;0mgrad_norm:  1.7190  [38;2;54;234;195mmemory: 72.92GiB(91.79%)  [34mtps: 846  [36mtflops: 40.77  [35mmfu: 4.12%[39m
[rank0]:[titan] 2026-03-17 11:26:32,924 - root - INFO - [31mstep: 1074  [32mloss:  2.6908  [38;2;180;60;0mgrad_norm:  1.4927  [38;2;54;234;195mmemory: 72.92GiB(91.79%)  [34mtps: 841  [36mtflops: 40.53  [35mmfu: 4.10%[39m
[rank0]:[titan] 2026-03-17 11:26:35,348 - root - INFO - [31mstep: 1075  [32mloss:  2.7190  [38;2;180;60;0mgrad_norm:  1.2591  [38;2;54;234;195mmemory: 72.92GiB(91.79%)  [34mtps: 845  [36mtflops: 40.71  [35mmfu: 4.12%[39m
[rank0]:[titan] 2026-03-17 11:26:37,768 - root - INFO - [31mstep: 1076  [32mloss:  2.6810  [38;2;180;60;0mgrad_norm:  1.7072  [38;2;54;234;195mmemory: 72.92GiB(91.79%)  [34mtps: 847  [36mtflops: 40.80  [35mmfu: 4.13%[39m
[rank0]:[titan] 2026-03-17 11:26:40,188 - root - INFO - [31mstep: 1077  [32mloss:  2.7232  [38;2;180;60;0mgrad_norm:  1.6585  [38;2;54;234;195mmemory: 72.92GiB(91.79%)  [34mtps: 846  [36mtflops: 40.77  [35mmfu: 4.12%[39m
[rank0]:[titan] 2026-03-17 11:26:42,611 - root - INFO - [31mstep: 1078  [32mloss:  2.7088  [38;2;180;60;0mgrad_norm:  1.9801  [38;2;54;234;195mmemory: 72.92GiB(91.79%)  [34mtps: 845  [36mtflops: 40.73  [35mmfu: 4.12%[39m
[rank0]:[titan] 2026-03-17 11:26:45,040 - root - INFO - [31mstep: 1079  [32mloss:  2.7099  [38;2;180;60;0mgrad_norm:  1.4533  [38;2;54;234;195mmemory: 72.92GiB(91.79%)  [34mtps: 845  [36mtflops: 40.72  [35mmfu: 4.12%[39m
[rank0]:[titan] 2026-03-17 11:26:47,469 - root - INFO - [31mstep: 1080  [32mloss:  2.7005  [38;2;180;60;0mgrad_norm:  1.8570  [38;2;54;234;195mmemory: 72.92GiB(91.79%)  [34mtps: 844  [36mtflops: 40.68  [35mmfu: 4.11%[39m
[rank0]:[titan] 2026-03-17 11:26:49,898 - root - INFO - [31mstep: 1081  [32mloss:  2.7157  [38;2;180;60;0mgrad_norm:  1.3502  [38;2;54;234;195mmemory: 72.92GiB(91.79%)  [34mtps: 843  [36mtflops: 40.63  [35mmfu: 4.11%[39m
[rank0]:[titan] 2026-03-17 11:26:52,319 - root - INFO - [31mstep: 1082  [32mloss:  2.7176  [38;2;180;60;0mgrad_norm:  1.5552  [38;2;54;234;195mmemory: 72.92GiB(91.79%)  [34mtps: 846  [36mtflops: 40.77  [35mmfu: 4.12%[39m
[rank0]:[titan] 2026-03-17 11:26:54,739 - root - INFO - [31mstep: 1083  [32mloss:  2.7024  [38;2;180;60;0mgrad_norm:  1.5594  [38;2;54;234;195mmemory: 72.92GiB(91.79%)  [34mtps: 846  [36mtflops: 40.79  [35mmfu: 4.12%[39m
[rank0]:[titan] 2026-03-17 11:26:57,161 - root - INFO - [31mstep: 1084  [32mloss:  2.7611  [38;2;180;60;0mgrad_norm:  1.7195  [38;2;54;234;195mmemory: 72.92GiB(91.79%)  [34mtps: 846  [36mtflops: 40.74  [35mmfu: 4.12%[39m
[rank0]:[titan] 2026-03-17 11:26:59,584 - root - INFO - [31mstep: 1085  [32mloss:  2.6953  [38;2;180;60;0mgrad_norm:  1.6846  [38;2;54;234;195mmemory: 72.92GiB(91.79%)  [34mtps: 845  [36mtflops: 40.73  [35mmfu: 4.12%[39m
[rank0]:[titan] 2026-03-17 11:27:02,010 - root - INFO - [31mstep: 1086  [32mloss:  2.6580  [38;2;180;60;0mgrad_norm:  1.3183  [38;2;54;234;195mmemory: 72.92GiB(91.79%)  [34mtps: 845  [36mtflops: 40.69  [35mmfu: 4.11%[39m
[rank0]:[titan] 2026-03-17 11:27:04,429 - root - INFO - [31mstep: 1087  [32mloss:  2.6730  [38;2;180;60;0mgrad_norm:  1.2780  [38;2;54;234;195mmemory: 72.92GiB(91.79%)  [34mtps: 847  [36mtflops: 40.80  [35mmfu: 4.13%[39m
[rank0]:[titan] 2026-03-17 11:27:06,848 - root - INFO - [31mstep: 1088  [32mloss:  2.7477  [38;2;180;60;0mgrad_norm:  1.4326  [38;2;54;234;195mmemory: 72.92GiB(91.79%)  [34mtps: 847  [36mtflops: 40.79  [35mmfu: 4.12%[39m
[rank0]:[titan] 2026-03-17 11:27:09,270 - root - INFO - [31mstep: 1089  [32mloss:  2.7333  [38;2;180;60;0mgrad_norm:  1.6704  [38;2;54;234;195mmemory: 72.92GiB(91.79%)  [34mtps: 846  [36mtflops: 40.76  [35mmfu: 4.12%[39m
[rank0]:[titan] 2026-03-17 11:27:11,689 - root - INFO - [31mstep: 1090  [32mloss:  2.6750  [38;2;180;60;0mgrad_norm:  1.6922  [38;2;54;234;195mmemory: 72.92GiB(91.79%)  [34mtps: 847  [36mtflops: 40.79  [35mmfu: 4.12%[39m
[rank0]:[titan] 2026-03-17 11:27:14,111 - root - INFO - [31mstep: 1091  [32mloss:  2.6905  [38;2;180;60;0mgrad_norm:  1.1017  [38;2;54;234;195mmemory: 72.92GiB(91.79%)  [34mtps: 846  [36mtflops: 40.76  [35mmfu: 4.12%[39m
[rank0]:[titan] 2026-03-17 11:27:16,533 - root - INFO - [31mstep: 1092  [32mloss:  2.6796  [38;2;180;60;0mgrad_norm:  1.6774  [38;2;54;234;195mmemory: 72.92GiB(91.79%)  [34mtps: 846  [36mtflops: 40.75  [35mmfu: 4.12%[39m
[rank0]:[titan] 2026-03-17 11:27:18,952 - root - INFO - [31mstep: 1093  [32mloss:  2.7144  [38;2;180;60;0mgrad_norm:  1.4203  [38;2;54;234;195mmemory: 72.92GiB(91.79%)  [34mtps: 847  [36mtflops: 40.80  [35mmfu: 4.13%[39m
[rank0]:[titan] 2026-03-17 11:27:21,374 - root - INFO - [31mstep: 1094  [32mloss:  2.7248  [38;2;180;60;0mgrad_norm:  1.3575  [38;2;54;234;195mmemory: 72.92GiB(91.79%)  [34mtps: 846  [36mtflops: 40.74  [35mmfu: 4.12%[39m
[rank0]:[titan] 2026-03-17 11:27:23,801 - root - INFO - [31mstep: 1095  [32mloss:  2.6573  [38;2;180;60;0mgrad_norm:  1.5285  [38;2;54;234;195mmemory: 72.92GiB(91.79%)  [34mtps: 844  [36mtflops: 40.67  [35mmfu: 4.11%[39m
[rank0]:[titan] 2026-03-17 11:27:26,222 - root - INFO - [31mstep: 1096  [32mloss:  2.6566  [38;2;180;60;0mgrad_norm:  1.4505  [38;2;54;234;195mmemory: 72.92GiB(91.79%)  [34mtps: 846  [36mtflops: 40.78  [35mmfu: 4.12%[39m
[rank0]:[titan] 2026-03-17 11:27:28,644 - root - INFO - [31mstep: 1097  [32mloss:  2.6744  [38;2;180;60;0mgrad_norm:  1.4684  [38;2;54;234;195mmemory: 72.92GiB(91.79%)  [34mtps: 846  [36mtflops: 40.75  [35mmfu: 4.12%[39m
[rank0]:[titan] 2026-03-17 11:27:31,065 - root - INFO - [31mstep: 1098  [32mloss:  2.7086  [38;2;180;60;0mgrad_norm:  1.3949  [38;2;54;234;195mmemory: 72.92GiB(91.79%)  [34mtps: 846  [36mtflops: 40.77  [35mmfu: 4.12%[39m
[rank0]:[titan] 2026-03-17 11:27:33,483 - root - INFO - [31mstep: 1099  [32mloss:  2.6652  [38;2;180;60;0mgrad_norm:  1.4104  [38;2;54;234;195mmemory: 72.92GiB(91.79%)  [34mtps: 847  [36mtflops: 40.81  [35mmfu: 4.13%[39m
[rank0]:[titan] 2026-03-17 11:27:35,915 - root - INFO - [31mstep: 1100  [32mloss:  2.6748  [38;2;180;60;0mgrad_norm:  1.6752  [38;2;54;234;195mmemory: 72.92GiB(91.79%)  [34mtps: 842  [36mtflops: 40.59  [35mmfu: 4.10%[39m
[rank0]:[titan] 2026-03-17 11:27:38,337 - root - INFO - [31mstep: 1101  [32mloss:  2.6817  [38;2;180;60;0mgrad_norm:  1.2609  [38;2;54;234;195mmemory: 72.92GiB(91.79%)  [34mtps: 846  [36mtflops: 40.76  [35mmfu: 4.12%[39m
[rank0]:[titan] 2026-03-17 11:27:40,761 - root - INFO - [31mstep: 1102  [32mloss:  2.6796  [38;2;180;60;0mgrad_norm:  1.4235  [38;2;54;234;195mmemory: 72.92GiB(91.79%)  [34mtps: 845  [36mtflops: 40.71  [35mmfu: 4.12%[39m
[rank0]:[titan] 2026-03-17 11:27:43,181 - root - INFO - [31mstep: 1103  [32mloss:  2.6280  [38;2;180;60;0mgrad_norm:  1.7689  [38;2;54;234;195mmemory: 72.92GiB(91.79%)  [34mtps: 846  [36mtflops: 40.78  [35mmfu: 4.12%[39m
[rank0]:[titan] 2026-03-17 11:27:45,603 - root - INFO - [31mstep: 1104  [32mloss:  2.6910  [38;2;180;60;0mgrad_norm:  1.6291  [38;2;54;234;195mmemory: 72.92GiB(91.79%)  [34mtps: 846  [36mtflops: 40.75  [35mmfu: 4.12%[39m
[rank0]:[titan] 2026-03-17 11:27:48,029 - root - INFO - [31mstep: 1105  [32mloss:  2.7183  [38;2;180;60;0mgrad_norm:  1.5839  [38;2;54;234;195mmemory: 72.92GiB(91.79%)  [34mtps: 845  [36mtflops: 40.69  [35mmfu: 4.11%[39m
[rank0]:[titan] 2026-03-17 11:27:50,450 - root - INFO - [31mstep: 1106  [32mloss:  2.6657  [38;2;180;60;0mgrad_norm:  2.0457  [38;2;54;234;195mmemory: 72.92GiB(91.79%)  [34mtps: 846  [36mtflops: 40.77  [35mmfu: 4.12%[39m
[rank0]:[titan] 2026-03-17 11:27:52,871 - root - INFO - [31mstep: 1107  [32mloss:  2.6976  [38;2;180;60;0mgrad_norm:  1.9717  [38;2;54;234;195mmemory: 72.92GiB(91.79%)  [34mtps: 846  [36mtflops: 40.76  [35mmfu: 4.12%[39m
[rank0]:[titan] 2026-03-17 11:27:55,295 - root - INFO - [31mstep: 1108  [32mloss:  2.7580  [38;2;180;60;0mgrad_norm:  1.7002  [38;2;54;234;195mmemory: 72.92GiB(91.79%)  [34mtps: 845  [36mtflops: 40.72  [35mmfu: 4.12%[39m
[rank0]:[titan] 2026-03-17 11:27:57,715 - root - INFO - [31mstep: 1109  [32mloss:  2.8050  [38;2;180;60;0mgrad_norm:  1.9646  [38;2;54;234;195mmemory: 72.92GiB(91.79%)  [34mtps: 846  [36mtflops: 40.78  [35mmfu: 4.12%[39m
[rank0]:[titan] 2026-03-17 11:28:00,139 - root - INFO - [31mstep: 1110  [32mloss:  2.6792  [38;2;180;60;0mgrad_norm:  1.7407  [38;2;54;234;195mmemory: 72.92GiB(91.79%)  [34mtps: 845  [36mtflops: 40.72  [35mmfu: 4.12%[39m
[rank0]:[titan] 2026-03-17 11:28:02,562 - root - INFO - [31mstep: 1111  [32mloss:  2.7277  [38;2;180;60;0mgrad_norm:  1.5724  [38;2;54;234;195mmemory: 72.92GiB(91.79%)  [34mtps: 845  [36mtflops: 40.73  [35mmfu: 4.12%[39m
[rank0]:[titan] 2026-03-17 11:28:04,982 - root - INFO - [31mstep: 1112  [32mloss:  2.7113  [38;2;180;60;0mgrad_norm:  1.7080  [38;2;54;234;195mmemory: 72.92GiB(91.79%)  [34mtps: 847  [36mtflops: 40.79  [35mmfu: 4.12%[39m
[rank0]:[titan] 2026-03-17 11:28:07,410 - root - INFO - [31mstep: 1113  [32mloss:  2.6712  [38;2;180;60;0mgrad_norm:  1.7292  [38;2;54;234;195mmemory: 72.92GiB(91.79%)  [34mtps: 844  [36mtflops: 40.66  [35mmfu: 4.11%[39m
[rank0]:[titan] 2026-03-17 11:28:09,831 - root - INFO - [31mstep: 1114  [32mloss:  2.7061  [38;2;180;60;0mgrad_norm:  1.4740  [38;2;54;234;195mmemory: 72.92GiB(91.79%)  [34mtps: 846  [36mtflops: 40.77  [35mmfu: 4.12%[39m
[rank0]:[titan] 2026-03-17 11:28:12,257 - root - INFO - [31mstep: 1115  [32mloss:  2.7928  [38;2;180;60;0mgrad_norm:  1.7475  [38;2;54;234;195mmemory: 72.92GiB(91.79%)  [34mtps: 844  [36mtflops: 40.68  [35mmfu: 4.11%[39m
[rank0]:[titan] 2026-03-17 11:28:14,676 - root - INFO - [31mstep: 1116  [32mloss:  2.6358  [38;2;180;60;0mgrad_norm:  1.4809  [38;2;54;234;195mmemory: 72.92GiB(91.79%)  [34mtps: 847  [36mtflops: 40.80  [35mmfu: 4.13%[39m
[rank0]:[titan] 2026-03-17 11:28:17,100 - root - INFO - [31mstep: 1117  [32mloss:  2.6369  [38;2;180;60;0mgrad_norm:  1.5375  [38;2;54;234;195mmemory: 72.92GiB(91.79%)  [34mtps: 845  [36mtflops: 40.71  [35mmfu: 4.12%[39m
[rank0]:[titan] 2026-03-17 11:28:19,522 - root - INFO - [31mstep: 1118  [32mloss:  2.6757  [38;2;180;60;0mgrad_norm:  1.7519  [38;2;54;234;195mmemory: 72.92GiB(91.79%)  [34mtps: 846  [36mtflops: 40.75  [35mmfu: 4.12%[39m
[rank0]:[titan] 2026-03-17 11:28:21,945 - root - INFO - [31mstep: 1119  [32mloss:  2.7872  [38;2;180;60;0mgrad_norm:  1.5281  [38;2;54;234;195mmemory: 72.92GiB(91.79%)  [34mtps: 846  [36mtflops: 40.74  [35mmfu: 4.12%[39m
[rank0]:[titan] 2026-03-17 11:28:24,366 - root - INFO - [31mstep: 1120  [32mloss:  2.6744  [38;2;180;60;0mgrad_norm:  1.8668  [38;2;54;234;195mmemory: 72.92GiB(91.79%)  [34mtps: 846  [36mtflops: 40.76  [35mmfu: 4.12%[39m
[rank0]:[titan] 2026-03-17 11:28:26,786 - root - INFO - [31mstep: 1121  [32mloss:  2.7276  [38;2;180;60;0mgrad_norm:  1.7308  [38;2;54;234;195mmemory: 72.92GiB(91.79%)  [34mtps: 847  [36mtflops: 40.80  [35mmfu: 4.13%[39m
[rank0]:[titan] 2026-03-17 11:28:29,213 - root - INFO - [31mstep: 1122  [32mloss:  2.6713  [38;2;180;60;0mgrad_norm:  1.4585  [38;2;54;234;195mmemory: 72.92GiB(91.79%)  [34mtps: 844  [36mtflops: 40.66  [35mmfu: 4.11%[39m
[rank0]:[titan] 2026-03-17 11:28:31,639 - root - INFO - [31mstep: 1123  [32mloss:  2.6753  [38;2;180;60;0mgrad_norm:  1.6788  [38;2;54;234;195mmemory: 72.92GiB(91.79%)  [34mtps: 845  [36mtflops: 40.69  [35mmfu: 4.11%[39m
[rank0]:[titan] 2026-03-17 11:28:34,061 - root - INFO - [31mstep: 1124  [32mloss:  2.6546  [38;2;180;60;0mgrad_norm:  1.7600  [38;2;54;234;195mmemory: 72.92GiB(91.79%)  [34mtps: 846  [36mtflops: 40.74  [35mmfu: 4.12%[39m
[rank0]:[titan] 2026-03-17 11:28:36,484 - root - INFO - [31mstep: 1125  [32mloss:  2.6928  [38;2;180;60;0mgrad_norm:  3.9985  [38;2;54;234;195mmemory: 72.92GiB(91.79%)  [34mtps: 846  [36mtflops: 40.74  [35mmfu: 4.12%[39m
[rank0]:[titan] 2026-03-17 11:28:38,904 - root - INFO - [31mstep: 1126  [32mloss:  2.6896  [38;2;180;60;0mgrad_norm:  1.9104  [38;2;54;234;195mmemory: 72.92GiB(91.79%)  [34mtps: 846  [36mtflops: 40.78  [35mmfu: 4.12%[39m
[rank0]:[titan] 2026-03-17 11:28:41,325 - root - INFO - [31mstep: 1127  [32mloss:  2.6535  [38;2;180;60;0mgrad_norm:  1.2027  [38;2;54;234;195mmemory: 72.92GiB(91.79%)  [34mtps: 846  [36mtflops: 40.77  [35mmfu: 4.12%[39m
[rank0]:[titan] 2026-03-17 11:28:43,746 - root - INFO - [31mstep: 1128  [32mloss:  2.7973  [38;2;180;60;0mgrad_norm:  1.7000  [38;2;54;234;195mmemory: 72.92GiB(91.79%)  [34mtps: 846  [36mtflops: 40.78  [35mmfu: 4.12%[39m
[rank0]:[titan] 2026-03-17 11:28:46,177 - root - INFO - [31mstep: 1129  [32mloss:  2.8329  [38;2;180;60;0mgrad_norm:  1.8120  [38;2;54;234;195mmemory: 72.92GiB(91.79%)  [34mtps: 843  [36mtflops: 40.60  [35mmfu: 4.11%[39m
[rank0]:[titan] 2026-03-17 11:28:48,597 - root - INFO - [31mstep: 1130  [32mloss:  2.7288  [38;2;180;60;0mgrad_norm:  1.7531  [38;2;54;234;195mmemory: 72.92GiB(91.79%)  [34mtps: 846  [36mtflops: 40.77  [35mmfu: 4.12%[39m
[rank0]:[titan] 2026-03-17 11:28:51,020 - root - INFO - [31mstep: 1131  [32mloss:  2.7236  [38;2;180;60;0mgrad_norm:  1.6963  [38;2;54;234;195mmemory: 72.92GiB(91.79%)  [34mtps: 846  [36mtflops: 40.75  [35mmfu: 4.12%[39m
[rank0]:[titan] 2026-03-17 11:28:53,446 - root - INFO - [31mstep: 1132  [32mloss:  2.7260  [38;2;180;60;0mgrad_norm:  1.9288  [38;2;54;234;195mmemory: 72.92GiB(91.79%)  [34mtps: 844  [36mtflops: 40.68  [35mmfu: 4.11%[39m
[rank0]:[titan] 2026-03-17 11:28:55,881 - root - INFO - [31mstep: 1133  [32mloss:  2.7179  [38;2;180;60;0mgrad_norm:  1.9585  [38;2;54;234;195mmemory: 72.92GiB(91.79%)  [34mtps: 841  [36mtflops: 40.54  [35mmfu: 4.10%[39m
[rank0]:[titan] 2026-03-17 11:28:58,300 - root - INFO - [31mstep: 1134  [32mloss:  2.6589  [38;2;180;60;0mgrad_norm:  1.6732  [38;2;54;234;195mmemory: 72.92GiB(91.79%)  [34mtps: 847  [36mtflops: 40.80  [35mmfu: 4.13%[39m
[rank0]:[titan] 2026-03-17 11:29:00,721 - root - INFO - [31mstep: 1135  [32mloss:  2.6204  [38;2;180;60;0mgrad_norm:  1.7900  [38;2;54;234;195mmemory: 72.92GiB(91.79%)  [34mtps: 846  [36mtflops: 40.77  [35mmfu: 4.12%[39m
[rank0]:[titan] 2026-03-17 11:29:03,142 - root - INFO - [31mstep: 1136  [32mloss:  2.6698  [38;2;180;60;0mgrad_norm:  1.7704  [38;2;54;234;195mmemory: 72.92GiB(91.79%)  [34mtps: 846  [36mtflops: 40.76  [35mmfu: 4.12%[39m
[rank0]:[titan] 2026-03-17 11:29:05,562 - root - INFO - [31mstep: 1137  [32mloss:  2.6458  [38;2;180;60;0mgrad_norm:  1.5296  [38;2;54;234;195mmemory: 72.92GiB(91.79%)  [34mtps: 847  [36mtflops: 40.79  [35mmfu: 4.12%[39m
[rank0]:[titan] 2026-03-17 11:29:07,985 - root - INFO - [31mstep: 1138  [32mloss:  2.6784  [38;2;180;60;0mgrad_norm:  1.5823  [38;2;54;234;195mmemory: 72.92GiB(91.79%)  [34mtps: 845  [36mtflops: 40.74  [35mmfu: 4.12%[39m
[rank0]:[titan] 2026-03-17 11:29:10,406 - root - INFO - [31mstep: 1139  [32mloss:  2.6815  [38;2;180;60;0mgrad_norm:  1.1914  [38;2;54;234;195mmemory: 72.92GiB(91.79%)  [34mtps: 846  [36mtflops: 40.77  [35mmfu: 4.12%[39m
[rank0]:[titan] 2026-03-17 11:29:12,827 - root - INFO - [31mstep: 1140  [32mloss:  2.6860  [38;2;180;60;0mgrad_norm:  1.5464  [38;2;54;234;195mmemory: 72.92GiB(91.79%)  [34mtps: 846  [36mtflops: 40.77  [35mmfu: 4.12%[39m
[rank0]:[titan] 2026-03-17 11:29:15,250 - root - INFO - [31mstep: 1141  [32mloss:  2.6564  [38;2;180;60;0mgrad_norm:  1.6790  [38;2;54;234;195mmemory: 72.92GiB(91.79%)  [34mtps: 845  [36mtflops: 40.73  [35mmfu: 4.12%[39m
[rank0]:[titan] 2026-03-17 11:29:17,672 - root - INFO - [31mstep: 1142  [32mloss:  2.6334  [38;2;180;60;0mgrad_norm:  1.4295  [38;2;54;234;195mmemory: 72.92GiB(91.79%)  [34mtps: 846  [36mtflops: 40.75  [35mmfu: 4.12%[39m
[rank0]:[titan] 2026-03-17 11:29:20,095 - root - INFO - [31mstep: 1143  [32mloss:  2.6398  [38;2;180;60;0mgrad_norm:  1.4465  [38;2;54;234;195mmemory: 72.92GiB(91.79%)  [34mtps: 845  [36mtflops: 40.73  [35mmfu: 4.12%[39m
[rank0]:[titan] 2026-03-17 11:29:22,513 - root - INFO - [31mstep: 1144  [32mloss:  2.6546  [38;2;180;60;0mgrad_norm:  1.6554  [38;2;54;234;195mmemory: 72.92GiB(91.79%)  [34mtps: 847  [36mtflops: 40.82  [35mmfu: 4.13%[39m
[rank0]:[titan] 2026-03-17 11:29:24,933 - root - INFO - [31mstep: 1145  [32mloss:  2.6935  [38;2;180;60;0mgrad_norm:  1.3531  [38;2;54;234;195mmemory: 72.92GiB(91.79%)  [34mtps: 846  [36mtflops: 40.78  [35mmfu: 4.12%[39m
[rank0]:[titan] 2026-03-17 11:29:27,353 - root - INFO - [31mstep: 1146  [32mloss:  2.6920  [38;2;180;60;0mgrad_norm:  1.5931  [38;2;54;234;195mmemory: 72.92GiB(91.79%)  [34mtps: 846  [36mtflops: 40.78  [35mmfu: 4.12%[39m
[rank0]:[titan] 2026-03-17 11:29:29,785 - root - INFO - [31mstep: 1147  [32mloss:  2.6824  [38;2;180;60;0mgrad_norm:  2.1435  [38;2;54;234;195mmemory: 72.92GiB(91.79%)  [34mtps: 842  [36mtflops: 40.59  [35mmfu: 4.10%[39m
[rank0]:[titan] 2026-03-17 11:29:32,204 - root - INFO - [31mstep: 1148  [32mloss:  2.6570  [38;2;180;60;0mgrad_norm:  1.7818  [38;2;54;234;195mmemory: 72.92GiB(91.79%)  [34mtps: 847  [36mtflops: 40.79  [35mmfu: 4.12%[39m
[rank0]:[titan] 2026-03-17 11:29:34,628 - root - INFO - [31mstep: 1149  [32mloss:  2.6493  [38;2;180;60;0mgrad_norm:  1.5209  [38;2;54;234;195mmemory: 72.92GiB(91.79%)  [34mtps: 845  [36mtflops: 40.73  [35mmfu: 4.12%[39m
[rank0]:[titan] 2026-03-17 11:29:37,048 - root - INFO - [31mstep: 1150  [32mloss:  2.6561  [38;2;180;60;0mgrad_norm:  1.6995  [38;2;54;234;195mmemory: 72.92GiB(91.79%)  [34mtps: 846  [36mtflops: 40.78  [35mmfu: 4.12%[39m
[rank0]:[titan] 2026-03-17 11:29:39,473 - root - INFO - [31mstep: 1151  [32mloss:  2.6487  [38;2;180;60;0mgrad_norm:  1.8828  [38;2;54;234;195mmemory: 72.92GiB(91.79%)  [34mtps: 845  [36mtflops: 40.70  [35mmfu: 4.12%[39m
[rank0]:[titan] 2026-03-17 11:29:41,892 - root - INFO - [31mstep: 1152  [32mloss:  2.6164  [38;2;180;60;0mgrad_norm:  1.3336  [38;2;54;234;195mmemory: 72.92GiB(91.79%)  [34mtps: 847  [36mtflops: 40.80  [35mmfu: 4.13%[39m
[rank0]:[titan] 2026-03-17 11:29:44,313 - root - INFO - [31mstep: 1153  [32mloss:  2.6447  [38;2;180;60;0mgrad_norm:  1.5226  [38;2;54;234;195mmemory: 72.92GiB(91.79%)  [34mtps: 846  [36mtflops: 40.76  [35mmfu: 4.12%[39m
[rank0]:[titan] 2026-03-17 11:29:46,735 - root - INFO - [31mstep: 1154  [32mloss:  2.6159  [38;2;180;60;0mgrad_norm:  1.5712  [38;2;54;234;195mmemory: 72.92GiB(91.79%)  [34mtps: 846  [36mtflops: 40.75  [35mmfu: 4.12%[39m
[rank0]:[titan] 2026-03-17 11:29:49,157 - root - INFO - [31mstep: 1155  [32mloss:  2.6323  [38;2;180;60;0mgrad_norm:  1.4820  [38;2;54;234;195mmemory: 72.92GiB(91.79%)  [34mtps: 846  [36mtflops: 40.75  [35mmfu: 4.12%[39m
[rank0]:[titan] 2026-03-17 11:29:51,578 - root - INFO - [31mstep: 1156  [32mloss:  2.6586  [38;2;180;60;0mgrad_norm:  1.4108  [38;2;54;234;195mmemory: 72.92GiB(91.79%)  [34mtps: 846  [36mtflops: 40.77  [35mmfu: 4.12%[39m
[rank0]:[titan] 2026-03-17 11:29:54,003 - root - INFO - [31mstep: 1157  [32mloss:  2.7036  [38;2;180;60;0mgrad_norm:  1.6036  [38;2;54;234;195mmemory: 72.92GiB(91.79%)  [34mtps: 845  [36mtflops: 40.70  [35mmfu: 4.12%[39m
[rank0]:[titan] 2026-03-17 11:29:56,431 - root - INFO - [31mstep: 1158  [32mloss:  2.7065  [38;2;180;60;0mgrad_norm:  1.6797  [38;2;54;234;195mmemory: 72.92GiB(91.79%)  [34mtps: 844  [36mtflops: 40.65  [35mmfu: 4.11%[39m
[rank0]:[titan] 2026-03-17 11:29:58,852 - root - INFO - [31mstep: 1159  [32mloss:  2.6897  [38;2;180;60;0mgrad_norm:  2.0161  [38;2;54;234;195mmemory: 72.92GiB(91.79%)  [34mtps: 846  [36mtflops: 40.78  [35mmfu: 4.12%[39m
[rank0]:[titan] 2026-03-17 11:30:01,286 - root - INFO - [31mstep: 1160  [32mloss:  2.6336  [38;2;180;60;0mgrad_norm:  1.3630  [38;2;54;234;195mmemory: 72.92GiB(91.79%)  [34mtps: 841  [36mtflops: 40.54  [35mmfu: 4.10%[39m
[rank0]:[titan] 2026-03-17 11:30:03,704 - root - INFO - [31mstep: 1161  [32mloss:  2.6401  [38;2;180;60;0mgrad_norm:  1.4094  [38;2;54;234;195mmemory: 72.92GiB(91.79%)  [34mtps: 847  [36mtflops: 40.82  [35mmfu: 4.13%[39m
[rank0]:[titan] 2026-03-17 11:30:06,124 - root - INFO - [31mstep: 1162  [32mloss:  2.6319  [38;2;180;60;0mgrad_norm:  2.2619  [38;2;54;234;195mmemory: 72.92GiB(91.79%)  [34mtps: 847  [36mtflops: 40.79  [35mmfu: 4.12%[39m
[rank0]:[titan] 2026-03-17 11:30:08,544 - root - INFO - [31mstep: 1163  [32mloss:  2.6754  [38;2;180;60;0mgrad_norm:  2.4758  [38;2;54;234;195mmemory: 72.92GiB(91.79%)  [34mtps: 846  [36mtflops: 40.78  [35mmfu: 4.12%[39m
[rank0]:[titan] 2026-03-17 11:30:10,965 - root - INFO - [31mstep: 1164  [32mloss:  2.6570  [38;2;180;60;0mgrad_norm:  1.4332  [38;2;54;234;195mmemory: 72.92GiB(91.79%)  [34mtps: 846  [36mtflops: 40.78  [35mmfu: 4.12%[39m
[rank0]:[titan] 2026-03-17 11:30:13,391 - root - INFO - [31mstep: 1165  [32mloss:  2.7014  [38;2;180;60;0mgrad_norm:  1.7500  [38;2;54;234;195mmemory: 72.92GiB(91.79%)  [34mtps: 844  [36mtflops: 40.69  [35mmfu: 4.11%[39m
[rank0]:[titan] 2026-03-17 11:30:15,812 - root - INFO - [31mstep: 1166  [32mloss:  2.6851  [38;2;180;60;0mgrad_norm:  1.5737  [38;2;54;234;195mmemory: 72.92GiB(91.79%)  [34mtps: 846  [36mtflops: 40.77  [35mmfu: 4.12%[39m
[rank0]:[titan] 2026-03-17 11:30:18,232 - root - INFO - [31mstep: 1167  [32mloss:  2.7059  [38;2;180;60;0mgrad_norm:  1.3499  [38;2;54;234;195mmemory: 72.92GiB(91.79%)  [34mtps: 847  [36mtflops: 40.79  [35mmfu: 4.12%[39m
[rank0]:[titan] 2026-03-17 11:30:20,660 - root - INFO - [31mstep: 1168  [32mloss:  2.6891  [38;2;180;60;0mgrad_norm:  1.5725  [38;2;54;234;195mmemory: 72.92GiB(91.79%)  [34mtps: 844  [36mtflops: 40.65  [35mmfu: 4.11%[39m
[rank0]:[titan] 2026-03-17 11:30:23,084 - root - INFO - [31mstep: 1169  [32mloss:  2.7080  [38;2;180;60;0mgrad_norm:  1.5613  [38;2;54;234;195mmemory: 72.92GiB(91.79%)  [34mtps: 845  [36mtflops: 40.73  [35mmfu: 4.12%[39m
[rank0]:[titan] 2026-03-17 11:30:25,505 - root - INFO - [31mstep: 1170  [32mloss:  2.6515  [38;2;180;60;0mgrad_norm:  1.1771  [38;2;54;234;195mmemory: 72.92GiB(91.79%)  [34mtps: 846  [36mtflops: 40.76  [35mmfu: 4.12%[39m
[rank0]:[titan] 2026-03-17 11:30:27,930 - root - INFO - [31mstep: 1171  [32mloss:  2.6666  [38;2;180;60;0mgrad_norm:  1.4119  [38;2;54;234;195mmemory: 72.92GiB(91.79%)  [34mtps: 845  [36mtflops: 40.71  [35mmfu: 4.12%[39m
[rank0]:[titan] 2026-03-17 11:30:30,350 - root - INFO - [31mstep: 1172  [32mloss:  2.6594  [38;2;180;60;0mgrad_norm:  1.8526  [38;2;54;234;195mmemory: 72.92GiB(91.79%)  [34mtps: 846  [36mtflops: 40.78  [35mmfu: 4.12%[39m
[rank0]:[titan] 2026-03-17 11:30:32,775 - root - INFO - [31mstep: 1173  [32mloss:  2.8012  [38;2;180;60;0mgrad_norm:  1.5408  [38;2;54;234;195mmemory: 72.92GiB(91.79%)  [34mtps: 845  [36mtflops: 40.71  [35mmfu: 4.12%[39m
[rank0]:[titan] 2026-03-17 11:30:35,201 - root - INFO - [31mstep: 1174  [32mloss:  2.8430  [38;2;180;60;0mgrad_norm:  1.5537  [38;2;54;234;195mmemory: 72.92GiB(91.79%)  [34mtps: 844  [36mtflops: 40.69  [35mmfu: 4.11%[39m
[rank0]:[titan] 2026-03-17 11:30:37,623 - root - INFO - [31mstep: 1175  [32mloss:  2.8194  [38;2;180;60;0mgrad_norm:  1.6441  [38;2;54;234;195mmemory: 72.92GiB(91.79%)  [34mtps: 846  [36mtflops: 40.75  [35mmfu: 4.12%[39m
[rank0]:[titan] 2026-03-17 11:30:40,043 - root - INFO - [31mstep: 1176  [32mloss:  2.7171  [38;2;180;60;0mgrad_norm:  1.4256  [38;2;54;234;195mmemory: 72.92GiB(91.79%)  [34mtps: 847  [36mtflops: 40.79  [35mmfu: 4.12%[39m
[rank0]:[titan] 2026-03-17 11:30:42,464 - root - INFO - [31mstep: 1177  [32mloss:  2.7674  [38;2;180;60;0mgrad_norm:  2.3029  [38;2;54;234;195mmemory: 72.92GiB(91.79%)  [34mtps: 846  [36mtflops: 40.77  [35mmfu: 4.12%[39m
[rank0]:[titan] 2026-03-17 11:30:44,884 - root - INFO - [31mstep: 1178  [32mloss:  2.8138  [38;2;180;60;0mgrad_norm:  2.3965  [38;2;54;234;195mmemory: 72.92GiB(91.79%)  [34mtps: 847  [36mtflops: 40.79  [35mmfu: 4.12%[39m
[rank0]:[titan] 2026-03-17 11:30:47,307 - root - INFO - [31mstep: 1179  [32mloss:  2.8060  [38;2;180;60;0mgrad_norm:  2.2660  [38;2;54;234;195mmemory: 72.92GiB(91.79%)  [34mtps: 845  [36mtflops: 40.73  [35mmfu: 4.12%[39m
[rank0]:[titan] 2026-03-17 11:30:49,726 - root - INFO - [31mstep: 1180  [32mloss:  2.7768  [38;2;180;60;0mgrad_norm:  2.3747  [38;2;54;234;195mmemory: 72.92GiB(91.79%)  [34mtps: 847  [36mtflops: 40.80  [35mmfu: 4.13%[39m
[rank0]:[titan] 2026-03-17 11:30:52,152 - root - INFO - [31mstep: 1181  [32mloss:  2.7666  [38;2;180;60;0mgrad_norm:  2.6957  [38;2;54;234;195mmemory: 72.92GiB(91.79%)  [34mtps: 844  [36mtflops: 40.69  [35mmfu: 4.11%[39m
[rank0]:[titan] 2026-03-17 11:30:54,574 - root - INFO - [31mstep: 1182  [32mloss:  2.8154  [38;2;180;60;0mgrad_norm:  1.9592  [38;2;54;234;195mmemory: 72.92GiB(91.79%)  [34mtps: 846  [36mtflops: 40.74  [35mmfu: 4.12%[39m
[rank0]:[titan] 2026-03-17 11:30:56,996 - root - INFO - [31mstep: 1183  [32mloss:  2.7977  [38;2;180;60;0mgrad_norm:  1.8442  [38;2;54;234;195mmemory: 72.92GiB(91.79%)  [34mtps: 846  [36mtflops: 40.76  [35mmfu: 4.12%[39m
[rank0]:[titan] 2026-03-17 11:30:59,416 - root - INFO - [31mstep: 1184  [32mloss:  2.8593  [38;2;180;60;0mgrad_norm:  2.3473  [38;2;54;234;195mmemory: 72.92GiB(91.79%)  [34mtps: 847  [36mtflops: 40.79  [35mmfu: 4.12%[39m
[rank0]:[titan] 2026-03-17 11:31:01,843 - root - INFO - [31mstep: 1185  [32mloss:  2.7735  [38;2;180;60;0mgrad_norm:  2.0782  [38;2;54;234;195mmemory: 72.92GiB(91.79%)  [34mtps: 844  [36mtflops: 40.67  [35mmfu: 4.11%[39m
[rank0]:[titan] 2026-03-17 11:31:04,272 - root - INFO - [31mstep: 1186  [32mloss:  2.7669  [38;2;180;60;0mgrad_norm:  1.8169  [38;2;54;234;195mmemory: 72.92GiB(91.79%)  [34mtps: 843  [36mtflops: 40.64  [35mmfu: 4.11%[39m
[rank0]:[titan] 2026-03-17 11:31:06,696 - root - INFO - [31mstep: 1187  [32mloss:  2.7729  [38;2;180;60;0mgrad_norm:  1.7944  [38;2;54;234;195mmemory: 72.92GiB(91.79%)  [34mtps: 845  [36mtflops: 40.72  [35mmfu: 4.12%[39m
[rank0]:[titan] 2026-03-17 11:31:09,117 - root - INFO - [31mstep: 1188  [32mloss:  2.7661  [38;2;180;60;0mgrad_norm:  1.8189  [38;2;54;234;195mmemory: 72.92GiB(91.79%)  [34mtps: 846  [36mtflops: 40.76  [35mmfu: 4.12%[39m
[rank0]:[titan] 2026-03-17 11:31:11,551 - root - INFO - [31mstep: 1189  [32mloss:  2.7852  [38;2;180;60;0mgrad_norm:  1.9000  [38;2;54;234;195mmemory: 72.92GiB(91.79%)  [34mtps: 842  [36mtflops: 40.56  [35mmfu: 4.10%[39m
[rank0]:[titan] 2026-03-17 11:31:13,978 - root - INFO - [31mstep: 1190  [32mloss:  2.7152  [38;2;180;60;0mgrad_norm:  1.1046  [38;2;54;234;195mmemory: 72.92GiB(91.79%)  [34mtps: 844  [36mtflops: 40.66  [35mmfu: 4.11%[39m
[rank0]:[titan] 2026-03-17 11:31:16,400 - root - INFO - [31mstep: 1191  [32mloss:  2.7652  [38;2;180;60;0mgrad_norm:  1.2763  [38;2;54;234;195mmemory: 72.92GiB(91.79%)  [34mtps: 846  [36mtflops: 40.75  [35mmfu: 4.12%[39m
[rank0]:[titan] 2026-03-17 11:31:18,821 - root - INFO - [31mstep: 1192  [32mloss:  2.7725  [38;2;180;60;0mgrad_norm:  1.3396  [38;2;54;234;195mmemory: 72.92GiB(91.79%)  [34mtps: 846  [36mtflops: 40.76  [35mmfu: 4.12%[39m
[rank0]:[titan] 2026-03-17 11:31:21,245 - root - INFO - [31mstep: 1193  [32mloss:  2.7356  [38;2;180;60;0mgrad_norm:  1.4604  [38;2;54;234;195mmemory: 72.92GiB(91.79%)  [34mtps: 845  [36mtflops: 40.72  [35mmfu: 4.12%[39m
[rank0]:[titan] 2026-03-17 11:31:23,669 - root - INFO - [31mstep: 1194  [32mloss:  2.7294  [38;2;180;60;0mgrad_norm:  1.4596  [38;2;54;234;195mmemory: 72.92GiB(91.79%)  [34mtps: 845  [36mtflops: 40.73  [35mmfu: 4.12%[39m
[rank0]:[titan] 2026-03-17 11:31:26,087 - root - INFO - [31mstep: 1195  [32mloss:  2.7009  [38;2;180;60;0mgrad_norm:  1.4663  [38;2;54;234;195mmemory: 72.92GiB(91.79%)  [34mtps: 847  [36mtflops: 40.81  [35mmfu: 4.13%[39m
[rank0]:[titan] 2026-03-17 11:31:28,510 - root - INFO - [31mstep: 1196  [32mloss:  2.7229  [38;2;180;60;0mgrad_norm:  1.0966  [38;2;54;234;195mmemory: 72.92GiB(91.79%)  [34mtps: 846  [36mtflops: 40.74  [35mmfu: 4.12%[39m
[rank0]:[titan] 2026-03-17 11:31:30,936 - root - INFO - [31mstep: 1197  [32mloss:  2.7407  [38;2;180;60;0mgrad_norm:  1.6004  [38;2;54;234;195mmemory: 72.92GiB(91.79%)  [34mtps: 844  [36mtflops: 40.68  [35mmfu: 4.11%[39m
[rank0]:[titan] 2026-03-17 11:31:33,357 - root - INFO - [31mstep: 1198  [32mloss:  2.7135  [38;2;180;60;0mgrad_norm:  1.5448  [38;2;54;234;195mmemory: 72.92GiB(91.79%)  [34mtps: 846  [36mtflops: 40.78  [35mmfu: 4.12%[39m
[rank0]:[titan] 2026-03-17 11:31:35,782 - root - INFO - [31mstep: 1199  [32mloss:  2.6900  [38;2;180;60;0mgrad_norm:  1.3152  [38;2;54;234;195mmemory: 72.92GiB(91.79%)  [34mtps: 845  [36mtflops: 40.70  [35mmfu: 4.11%[39m
[rank0]:[titan] 2026-03-17 11:31:38,202 - root - INFO - [31mstep: 1200  [32mloss:  2.7973  [38;2;180;60;0mgrad_norm:  1.3300  [38;2;54;234;195mmemory: 72.92GiB(91.79%)  [34mtps: 847  [36mtflops: 40.79  [35mmfu: 4.12%[39m
[rank0]:[titan] 2026-03-17 11:31:40,623 - root - INFO - [31mstep: 1201  [32mloss:  2.8148  [38;2;180;60;0mgrad_norm:  1.4847  [38;2;54;234;195mmemory: 72.92GiB(91.79%)  [34mtps: 846  [36mtflops: 40.77  [35mmfu: 4.12%[39m
[rank0]:[titan] 2026-03-17 11:31:43,044 - root - INFO - [31mstep: 1202  [32mloss:  2.7878  [38;2;180;60;0mgrad_norm:  1.3460  [38;2;54;234;195mmemory: 72.92GiB(91.79%)  [34mtps: 846  [36mtflops: 40.78  [35mmfu: 4.12%[39m
[rank0]:[titan] 2026-03-17 11:31:45,466 - root - INFO - [31mstep: 1203  [32mloss:  2.7255  [38;2;180;60;0mgrad_norm:  1.3443  [38;2;54;234;195mmemory: 72.92GiB(91.79%)  [34mtps: 846  [36mtflops: 40.75  [35mmfu: 4.12%[39m
[rank0]:[titan] 2026-03-17 11:31:47,886 - root - INFO - [31mstep: 1204  [32mloss:  2.7490  [38;2;180;60;0mgrad_norm:  1.1744  [38;2;54;234;195mmemory: 72.92GiB(91.79%)  [34mtps: 847  [36mtflops: 40.79  [35mmfu: 4.12%[39m
[rank0]:[titan] 2026-03-17 11:31:50,307 - root - INFO - [31mstep: 1205  [32mloss:  2.7170  [38;2;180;60;0mgrad_norm:  1.2719  [38;2;54;234;195mmemory: 72.92GiB(91.79%)  [34mtps: 846  [36mtflops: 40.75  [35mmfu: 4.12%[39m
[rank0]:[titan] 2026-03-17 11:31:52,735 - root - INFO - [31mstep: 1206  [32mloss:  2.8282  [38;2;180;60;0mgrad_norm:  1.3439  [38;2;54;234;195mmemory: 72.92GiB(91.79%)  [34mtps: 844  [36mtflops: 40.65  [35mmfu: 4.11%[39m
[rank0]:[titan] 2026-03-17 11:31:55,158 - root - INFO - [31mstep: 1207  [32mloss:  2.7630  [38;2;180;60;0mgrad_norm:  1.9855  [38;2;54;234;195mmemory: 72.92GiB(91.79%)  [34mtps: 846  [36mtflops: 40.75  [35mmfu: 4.12%[39m
[rank0]:[titan] 2026-03-17 11:31:57,584 - root - INFO - [31mstep: 1208  [32mloss:  2.7352  [38;2;180;60;0mgrad_norm:  1.6118  [38;2;54;234;195mmemory: 72.92GiB(91.79%)  [34mtps: 844  [36mtflops: 40.68  [35mmfu: 4.11%[39m
[rank0]:[titan] 2026-03-17 11:32:00,004 - root - INFO - [31mstep: 1209  [32mloss:  2.7245  [38;2;180;60;0mgrad_norm:  1.3597  [38;2;54;234;195mmemory: 72.92GiB(91.79%)  [34mtps: 846  [36mtflops: 40.78  [35mmfu: 4.12%[39m
[rank0]:[titan] 2026-03-17 11:32:02,430 - root - INFO - [31mstep: 1210  [32mloss:  2.7104  [38;2;180;60;0mgrad_norm:  1.6266  [38;2;54;234;195mmemory: 72.92GiB(91.79%)  [34mtps: 845  [36mtflops: 40.71  [35mmfu: 4.12%[39m
[rank0]:[titan] 2026-03-17 11:32:04,852 - root - INFO - [31mstep: 1211  [32mloss:  2.6984  [38;2;180;60;0mgrad_norm:  1.6338  [38;2;54;234;195mmemory: 72.92GiB(91.79%)  [34mtps: 846  [36mtflops: 40.75  [35mmfu: 4.12%[39m
[rank0]:[titan] 2026-03-17 11:32:07,275 - root - INFO - [31mstep: 1212  [32mloss:  2.7114  [38;2;180;60;0mgrad_norm:  2.9735  [38;2;54;234;195mmemory: 72.92GiB(91.79%)  [34mtps: 846  [36mtflops: 40.74  [35mmfu: 4.12%[39m
[rank0]:[titan] 2026-03-17 11:32:09,693 - root - INFO - [31mstep: 1213  [32mloss:  2.7115  [38;2;180;60;0mgrad_norm:  1.5604  [38;2;54;234;195mmemory: 72.92GiB(91.79%)  [34mtps: 847  [36mtflops: 40.81  [35mmfu: 4.13%[39m
[rank0]:[titan] 2026-03-17 11:32:12,120 - root - INFO - [31mstep: 1214  [32mloss:  2.7810  [38;2;180;60;0mgrad_norm:  1.7571  [38;2;54;234;195mmemory: 72.92GiB(91.79%)  [34mtps: 844  [36mtflops: 40.66  [35mmfu: 4.11%[39m
[rank0]:[titan] 2026-03-17 11:32:14,573 - root - INFO - [31mstep: 1215  [32mloss:  2.7514  [38;2;180;60;0mgrad_norm:  1.6719  [38;2;54;234;195mmemory: 72.92GiB(91.79%)  [34mtps: 835  [36mtflops: 40.23  [35mmfu: 4.07%[39m
[rank0]:[titan] 2026-03-17 11:32:16,995 - root - INFO - [31mstep: 1216  [32mloss:  2.7538  [38;2;180;60;0mgrad_norm:  1.4475  [38;2;54;234;195mmemory: 72.92GiB(91.79%)  [34mtps: 846  [36mtflops: 40.75  [35mmfu: 4.12%[39m
[rank0]:[titan] 2026-03-17 11:32:19,416 - root - INFO - [31mstep: 1217  [32mloss:  2.7145  [38;2;180;60;0mgrad_norm:  1.1539  [38;2;54;234;195mmemory: 72.92GiB(91.79%)  [34mtps: 846  [36mtflops: 40.77  [35mmfu: 4.12%[39m
[rank0]:[titan] 2026-03-17 11:32:21,835 - root - INFO - [31mstep: 1218  [32mloss:  2.7070  [38;2;180;60;0mgrad_norm:  1.9028  [38;2;54;234;195mmemory: 72.92GiB(91.79%)  [34mtps: 847  [36mtflops: 40.80  [35mmfu: 4.13%[39m
[rank0]:[titan] 2026-03-17 11:32:24,255 - root - INFO - [31mstep: 1219  [32mloss:  2.6988  [38;2;180;60;0mgrad_norm:  1.6558  [38;2;54;234;195mmemory: 72.92GiB(91.79%)  [34mtps: 846  [36mtflops: 40.78  [35mmfu: 4.12%[39m
[rank0]:[titan] 2026-03-17 11:32:26,678 - root - INFO - [31mstep: 1220  [32mloss:  2.6996  [38;2;180;60;0mgrad_norm:  1.5083  [38;2;54;234;195mmemory: 72.92GiB(91.79%)  [34mtps: 846  [36mtflops: 40.74  [35mmfu: 4.12%[39m
[rank0]:[titan] 2026-03-17 11:32:29,099 - root - INFO - [31mstep: 1221  [32mloss:  2.8623  [38;2;180;60;0mgrad_norm:  1.9161  [38;2;54;234;195mmemory: 72.92GiB(91.79%)  [34mtps: 846  [36mtflops: 40.76  [35mmfu: 4.12%[39m
[rank0]:[titan] 2026-03-17 11:32:31,521 - root - INFO - [31mstep: 1222  [32mloss:  2.7859  [38;2;180;60;0mgrad_norm:  1.8714  [38;2;54;234;195mmemory: 72.92GiB(91.79%)  [34mtps: 846  [36mtflops: 40.75  [35mmfu: 4.12%[39m
[rank0]:[titan] 2026-03-17 11:32:33,944 - root - INFO - [31mstep: 1223  [32mloss:  2.7091  [38;2;180;60;0mgrad_norm:  1.5879  [38;2;54;234;195mmemory: 72.92GiB(91.79%)  [34mtps: 846  [36mtflops: 40.74  [35mmfu: 4.12%[39m
[rank0]:[titan] 2026-03-17 11:32:36,366 - root - INFO - [31mstep: 1224  [32mloss:  2.6835  [38;2;180;60;0mgrad_norm:  2.0522  [38;2;54;234;195mmemory: 72.92GiB(91.79%)  [34mtps: 846  [36mtflops: 40.75  [35mmfu: 4.12%[39m
[rank0]:[titan] 2026-03-17 11:32:38,794 - root - INFO - [31mstep: 1225  [32mloss:  2.7185  [38;2;180;60;0mgrad_norm:  1.8664  [38;2;54;234;195mmemory: 72.92GiB(91.79%)  [34mtps: 844  [36mtflops: 40.64  [35mmfu: 4.11%[39m
[rank0]:[titan] 2026-03-17 11:32:41,217 - root - INFO - [31mstep: 1226  [32mloss:  2.7146  [38;2;180;60;0mgrad_norm:  1.4731  [38;2;54;234;195mmemory: 72.92GiB(91.79%)  [34mtps: 845  [36mtflops: 40.74  [35mmfu: 4.12%[39m
[rank0]:[titan] 2026-03-17 11:32:43,640 - root - INFO - [31mstep: 1227  [32mloss:  2.6985  [38;2;180;60;0mgrad_norm:  1.3777  [38;2;54;234;195mmemory: 72.92GiB(91.79%)  [34mtps: 845  [36mtflops: 40.73  [35mmfu: 4.12%[39m
[rank0]:[titan] 2026-03-17 11:32:46,061 - root - INFO - [31mstep: 1228  [32mloss:  2.6518  [38;2;180;60;0mgrad_norm:  2.1199  [38;2;54;234;195mmemory: 72.92GiB(91.79%)  [34mtps: 846  [36mtflops: 40.76  [35mmfu: 4.12%[39m
[rank0]:[titan] 2026-03-17 11:32:48,492 - root - INFO - [31mstep: 1229  [32mloss:  2.6880  [38;2;180;60;0mgrad_norm:  1.8623  [38;2;54;234;195mmemory: 72.92GiB(91.79%)  [34mtps: 843  [36mtflops: 40.61  [35mmfu: 4.11%[39m
[rank0]:[titan] 2026-03-17 11:32:50,911 - root - INFO - [31mstep: 1230  [32mloss:  2.6754  [38;2;180;60;0mgrad_norm:  1.6627  [38;2;54;234;195mmemory: 72.92GiB(91.79%)  [34mtps: 847  [36mtflops: 40.79  [35mmfu: 4.12%[39m
[rank0]:[titan] 2026-03-17 11:32:53,339 - root - INFO - [31mstep: 1231  [32mloss:  2.6849  [38;2;180;60;0mgrad_norm:  1.6136  [38;2;54;234;195mmemory: 72.92GiB(91.79%)  [34mtps: 845  [36mtflops: 40.73  [35mmfu: 4.12%[39m
[rank0]:[titan] 2026-03-17 11:32:55,760 - root - INFO - [31mstep: 1232  [32mloss:  2.7060  [38;2;180;60;0mgrad_norm:  1.5138  [38;2;54;234;195mmemory: 72.92GiB(91.79%)  [34mtps: 847  [36mtflops: 40.80  [35mmfu: 4.13%[39m
[rank0]:[titan] 2026-03-17 11:32:58,182 - root - INFO - [31mstep: 1233  [32mloss:  2.7013  [38;2;180;60;0mgrad_norm:  1.7416  [38;2;54;234;195mmemory: 72.92GiB(91.79%)  [34mtps: 846  [36mtflops: 40.76  [35mmfu: 4.12%[39m
[rank0]:[titan] 2026-03-17 11:33:00,603 - root - INFO - [31mstep: 1234  [32mloss:  2.7140  [38;2;180;60;0mgrad_norm:  2.1478  [38;2;54;234;195mmemory: 72.92GiB(91.79%)  [34mtps: 846  [36mtflops: 40.77  [35mmfu: 4.12%[39m
[rank0]:[titan] 2026-03-17 11:33:03,025 - root - INFO - [31mstep: 1235  [32mloss:  2.7771  [38;2;180;60;0mgrad_norm:  1.3459  [38;2;54;234;195mmemory: 72.92GiB(91.79%)  [34mtps: 846  [36mtflops: 40.75  [35mmfu: 4.12%[39m
[rank0]:[titan] 2026-03-17 11:33:05,451 - root - INFO - [31mstep: 1236  [32mloss:  2.7442  [38;2;180;60;0mgrad_norm:  1.9169  [38;2;54;234;195mmemory: 72.92GiB(91.79%)  [34mtps: 845  [36mtflops: 40.69  [35mmfu: 4.11%[39m
[rank0]:[titan] 2026-03-17 11:33:07,871 - root - INFO - [31mstep: 1237  [32mloss:  2.7288  [38;2;180;60;0mgrad_norm:  2.4163  [38;2;54;234;195mmemory: 72.92GiB(91.79%)  [34mtps: 847  [36mtflops: 40.79  [35mmfu: 4.12%[39m
[rank0]:[titan] 2026-03-17 11:33:10,295 - root - INFO - [31mstep: 1238  [32mloss:  2.7231  [38;2;180;60;0mgrad_norm:  1.6731  [38;2;54;234;195mmemory: 72.92GiB(91.79%)  [34mtps: 845  [36mtflops: 40.72  [35mmfu: 4.12%[39m
[rank0]:[titan] 2026-03-17 11:33:12,723 - root - INFO - [31mstep: 1239  [32mloss:  2.7797  [38;2;180;60;0mgrad_norm:  2.8471  [38;2;54;234;195mmemory: 72.92GiB(91.79%)  [34mtps: 844  [36mtflops: 40.67  [35mmfu: 4.11%[39m
[rank0]:[titan] 2026-03-17 11:33:15,142 - root - INFO - [31mstep: 1240  [32mloss:  2.7800  [38;2;180;60;0mgrad_norm:  2.7289  [38;2;54;234;195mmemory: 72.92GiB(91.79%)  [34mtps: 847  [36mtflops: 40.80  [35mmfu: 4.13%[39m
[rank0]:[titan] 2026-03-17 11:33:17,565 - root - INFO - [31mstep: 1241  [32mloss:  2.7717  [38;2;180;60;0mgrad_norm:  2.6361  [38;2;54;234;195mmemory: 72.92GiB(91.79%)  [34mtps: 845  [36mtflops: 40.72  [35mmfu: 4.12%[39m
[rank0]:[titan] 2026-03-17 11:33:19,986 - root - INFO - [31mstep: 1242  [32mloss:  2.7555  [38;2;180;60;0mgrad_norm:  1.7697  [38;2;54;234;195mmemory: 72.92GiB(91.79%)  [34mtps: 846  [36mtflops: 40.78  [35mmfu: 4.12%[39m
[rank0]:[titan] 2026-03-17 11:33:22,407 - root - INFO - [31mstep: 1243  [32mloss:  2.7869  [38;2;180;60;0mgrad_norm:  2.3467  [38;2;54;234;195mmemory: 72.92GiB(91.79%)  [34mtps: 846  [36mtflops: 40.76  [35mmfu: 4.12%[39m
[rank0]:[titan] 2026-03-17 11:33:24,828 - root - INFO - [31mstep: 1244  [32mloss:  2.7811  [38;2;180;60;0mgrad_norm:  2.4953  [38;2;54;234;195mmemory: 72.92GiB(91.79%)  [34mtps: 846  [36mtflops: 40.77  [35mmfu: 4.12%[39m
[rank0]:[titan] 2026-03-17 11:33:27,251 - root - INFO - [31mstep: 1245  [32mloss:  2.8155  [38;2;180;60;0mgrad_norm:  1.4283  [38;2;54;234;195mmemory: 72.92GiB(91.79%)  [34mtps: 846  [36mtflops: 40.74  [35mmfu: 4.12%[39m
[rank0]:[titan] 2026-03-17 11:33:29,672 - root - INFO - [31mstep: 1246  [32mloss:  2.7878  [38;2;180;60;0mgrad_norm:  1.7722  [38;2;54;234;195mmemory: 72.92GiB(91.79%)  [34mtps: 846  [36mtflops: 40.77  [35mmfu: 4.12%[39m
[rank0]:[titan] 2026-03-17 11:33:32,099 - root - INFO - [31mstep: 1247  [32mloss:  2.7944  [38;2;180;60;0mgrad_norm:  1.8375  [38;2;54;234;195mmemory: 72.92GiB(91.79%)  [34mtps: 844  [36mtflops: 40.66  [35mmfu: 4.11%[39m
[rank0]:[titan] 2026-03-17 11:33:34,522 - root - INFO - [31mstep: 1248  [32mloss:  2.7787  [38;2;180;60;0mgrad_norm:  1.8227  [38;2;54;234;195mmemory: 72.92GiB(91.79%)  [34mtps: 845  [36mtflops: 40.73  [35mmfu: 4.12%[39m
[rank0]:[titan] 2026-03-17 11:33:36,945 - root - INFO - [31mstep: 1249  [32mloss:  2.7756  [38;2;180;60;0mgrad_norm:  1.7190  [38;2;54;234;195mmemory: 72.92GiB(91.79%)  [34mtps: 846  [36mtflops: 40.74  [35mmfu: 4.12%[39m
[rank0]:[titan] 2026-03-17 11:33:39,367 - root - INFO - [31mstep: 1250  [32mloss:  2.7432  [38;2;180;60;0mgrad_norm:  1.6244  [38;2;54;234;195mmemory: 72.92GiB(91.79%)  [34mtps: 846  [36mtflops: 40.74  [35mmfu: 4.12%[39m
[rank0]:[titan] 2026-03-17 11:33:41,787 - root - INFO - [31mstep: 1251  [32mloss:  2.7239  [38;2;180;60;0mgrad_norm:  2.0062  [38;2;54;234;195mmemory: 72.92GiB(91.79%)  [34mtps: 847  [36mtflops: 40.80  [35mmfu: 4.12%[39m
[rank0]:[titan] 2026-03-17 11:33:44,206 - root - INFO - [31mstep: 1252  [32mloss:  2.7575  [38;2;180;60;0mgrad_norm:  1.7359  [38;2;54;234;195mmemory: 72.92GiB(91.79%)  [34mtps: 847  [36mtflops: 40.80  [35mmfu: 4.13%[39m
[rank0]:[titan] 2026-03-17 11:33:46,630 - root - INFO - [31mstep: 1253  [32mloss:  2.7773  [38;2;180;60;0mgrad_norm:  1.8750  [38;2;54;234;195mmemory: 72.92GiB(91.79%)  [34mtps: 845  [36mtflops: 40.72  [35mmfu: 4.12%[39m
[rank0]:[titan] 2026-03-17 11:33:49,048 - root - INFO - [31mstep: 1254  [32mloss:  2.7129  [38;2;180;60;0mgrad_norm:  1.9509  [38;2;54;234;195mmemory: 72.92GiB(91.79%)  [34mtps: 847  [36mtflops: 40.81  [35mmfu: 4.13%[39m
[rank0]:[titan] 2026-03-17 11:33:51,477 - root - INFO - [31mstep: 1255  [32mloss:  2.7799  [38;2;180;60;0mgrad_norm:  1.6710  [38;2;54;234;195mmemory: 72.92GiB(91.79%)  [34mtps: 843  [36mtflops: 40.64  [35mmfu: 4.11%[39m
[rank0]:[titan] 2026-03-17 11:33:53,897 - root - INFO - [31mstep: 1256  [32mloss:  2.7927  [38;2;180;60;0mgrad_norm:  1.7401  [38;2;54;234;195mmemory: 72.92GiB(91.79%)  [34mtps: 846  [36mtflops: 40.77  [35mmfu: 4.12%[39m
[rank0]:[titan] 2026-03-17 11:33:56,340 - root - INFO - [31mstep: 1257  [32mloss:  2.6842  [38;2;180;60;0mgrad_norm:  1.7543  [38;2;54;234;195mmemory: 72.92GiB(91.79%)  [34mtps: 838  [36mtflops: 40.40  [35mmfu: 4.08%[39m
[rank0]:[titan] 2026-03-17 11:33:58,765 - root - INFO - [31mstep: 1258  [32mloss:  2.6673  [38;2;180;60;0mgrad_norm:  1.5746  [38;2;54;234;195mmemory: 72.92GiB(91.79%)  [34mtps: 845  [36mtflops: 40.72  [35mmfu: 4.12%[39m
[rank0]:[titan] 2026-03-17 11:34:01,187 - root - INFO - [31mstep: 1259  [32mloss:  2.6820  [38;2;180;60;0mgrad_norm:  1.5976  [38;2;54;234;195mmemory: 72.92GiB(91.79%)  [34mtps: 846  [36mtflops: 40.75  [35mmfu: 4.12%[39m
[rank0]:[titan] 2026-03-17 11:34:03,606 - root - INFO - [31mstep: 1260  [32mloss:  2.7096  [38;2;180;60;0mgrad_norm:  3.5610  [38;2;54;234;195mmemory: 72.92GiB(91.79%)  [34mtps: 847  [36mtflops: 40.79  [35mmfu: 4.12%[39m
[rank0]:[titan] 2026-03-17 11:34:06,027 - root - INFO - [31mstep: 1261  [32mloss:  2.7089  [38;2;180;60;0mgrad_norm:  2.1223  [38;2;54;234;195mmemory: 72.92GiB(91.79%)  [34mtps: 846  [36mtflops: 40.77  [35mmfu: 4.12%[39m
[rank0]:[titan] 2026-03-17 11:34:08,448 - root - INFO - [31mstep: 1262  [32mloss:  2.7426  [38;2;180;60;0mgrad_norm:  2.0125  [38;2;54;234;195mmemory: 72.92GiB(91.79%)  [34mtps: 846  [36mtflops: 40.77  [35mmfu: 4.12%[39m
[rank0]:[titan] 2026-03-17 11:34:10,876 - root - INFO - [31mstep: 1263  [32mloss:  2.7564  [38;2;180;60;0mgrad_norm:  1.9895  [38;2;54;234;195mmemory: 72.92GiB(91.79%)  [34mtps: 844  [36mtflops: 40.65  [35mmfu: 4.11%[39m
[rank0]:[titan] 2026-03-17 11:34:13,299 - root - INFO - [31mstep: 1264  [32mloss:  2.7215  [38;2;180;60;0mgrad_norm:  1.6619  [38;2;54;234;195mmemory: 72.92GiB(91.79%)  [34mtps: 846  [36mtflops: 40.74  [35mmfu: 4.12%[39m
[rank0]:[titan] 2026-03-17 11:34:15,724 - root - INFO - [31mstep: 1265  [32mloss:  2.7856  [38;2;180;60;0mgrad_norm:  1.9389  [38;2;54;234;195mmemory: 72.92GiB(91.79%)  [34mtps: 845  [36mtflops: 40.69  [35mmfu: 4.11%[39m
[rank0]:[titan] 2026-03-17 11:34:18,148 - root - INFO - [31mstep: 1266  [32mloss:  2.7679  [38;2;180;60;0mgrad_norm:  1.8193  [38;2;54;234;195mmemory: 72.92GiB(91.79%)  [34mtps: 845  [36mtflops: 40.72  [35mmfu: 4.12%[39m
[rank0]:[titan] 2026-03-17 11:34:20,569 - root - INFO - [31mstep: 1267  [32mloss:  2.7416  [38;2;180;60;0mgrad_norm:  1.5395  [38;2;54;234;195mmemory: 72.92GiB(91.79%)  [34mtps: 846  [36mtflops: 40.77  [35mmfu: 4.12%[39m
[rank0]:[titan] 2026-03-17 11:34:22,994 - root - INFO - [31mstep: 1268  [32mloss:  2.7557  [38;2;180;60;0mgrad_norm:  1.4539  [38;2;54;234;195mmemory: 72.92GiB(91.79%)  [34mtps: 845  [36mtflops: 40.71  [35mmfu: 4.12%[39m
[rank0]:[titan] 2026-03-17 11:34:22,995 - root - WARNING - Dataset c4_test is being re-looped
[rank0]:[titan] 2026-03-17 11:34:25,415 - root - INFO - [31mstep: 1269  [32mloss:  2.7811  [38;2;180;60;0mgrad_norm:  1.8187  [38;2;54;234;195mmemory: 72.92GiB(91.79%)  [34mtps: 846  [36mtflops: 40.76  [35mmfu: 4.12%[39m
[rank0]:[titan] 2026-03-17 11:34:27,836 - root - INFO - [31mstep: 1270  [32mloss:  2.8328  [38;2;180;60;0mgrad_norm:  1.9764  [38;2;54;234;195mmemory: 72.92GiB(91.79%)  [34mtps: 846  [36mtflops: 40.77  [35mmfu: 4.12%[39m
[rank0]:[titan] 2026-03-17 11:34:30,259 - root - INFO - [31mstep: 1271  [32mloss:  2.8390  [38;2;180;60;0mgrad_norm:  2.3201  [38;2;54;234;195mmemory: 72.92GiB(91.79%)  [34mtps: 846  [36mtflops: 40.75  [35mmfu: 4.12%[39m
[rank0]:[titan] 2026-03-17 11:34:32,680 - root - INFO - [31mstep: 1272  [32mloss:  2.7589  [38;2;180;60;0mgrad_norm:  2.1580  [38;2;54;234;195mmemory: 72.92GiB(91.79%)  [34mtps: 846  [36mtflops: 40.77  [35mmfu: 4.12%[39m
[rank0]:[titan] 2026-03-17 11:34:35,100 - root - INFO - [31mstep: 1273  [32mloss:  2.7774  [38;2;180;60;0mgrad_norm:  2.4242  [38;2;54;234;195mmemory: 72.92GiB(91.79%)  [34mtps: 846  [36mtflops: 40.78  [35mmfu: 4.12%[39m
[rank0]:[titan] 2026-03-17 11:34:37,526 - root - INFO - [31mstep: 1274  [32mloss:  2.7426  [38;2;180;60;0mgrad_norm:  2.1407  [38;2;54;234;195mmemory: 72.92GiB(91.79%)  [34mtps: 845  [36mtflops: 40.69  [35mmfu: 4.11%[39m
[rank0]:[titan] 2026-03-17 11:34:39,947 - root - INFO - [31mstep: 1275  [32mloss:  2.7619  [38;2;180;60;0mgrad_norm:  1.9779  [38;2;54;234;195mmemory: 72.92GiB(91.79%)  [34mtps: 846  [36mtflops: 40.76  [35mmfu: 4.12%[39m
[rank0]:[titan] 2026-03-17 11:34:42,369 - root - INFO - [31mstep: 1276  [32mloss:  2.7216  [38;2;180;60;0mgrad_norm:  1.9671  [38;2;54;234;195mmemory: 72.92GiB(91.79%)  [34mtps: 846  [36mtflops: 40.75  [35mmfu: 4.12%[39m
[rank0]:[titan] 2026-03-17 11:34:44,793 - root - INFO - [31mstep: 1277  [32mloss:  2.7391  [38;2;180;60;0mgrad_norm:  1.9734  [38;2;54;234;195mmemory: 72.92GiB(91.79%)  [34mtps: 845  [36mtflops: 40.71  [35mmfu: 4.12%[39m
[rank0]:[titan] 2026-03-17 11:34:47,215 - root - INFO - [31mstep: 1278  [32mloss:  2.7403  [38;2;180;60;0mgrad_norm:  1.3613  [38;2;54;234;195mmemory: 72.92GiB(91.79%)  [34mtps: 846  [36mtflops: 40.75  [35mmfu: 4.12%[39m
[rank0]:[titan] 2026-03-17 11:34:49,644 - root - INFO - [31mstep: 1279  [32mloss:  2.7417  [38;2;180;60;0mgrad_norm:  1.6867  [38;2;54;234;195mmemory: 72.92GiB(91.79%)  [34mtps: 844  [36mtflops: 40.64  [35mmfu: 4.11%[39m
[rank0]:[titan] 2026-03-17 11:34:52,065 - root - INFO - [31mstep: 1280  [32mloss:  2.7489  [38;2;180;60;0mgrad_norm:  1.3160  [38;2;54;234;195mmemory: 72.92GiB(91.79%)  [34mtps: 846  [36mtflops: 40.77  [35mmfu: 4.12%[39m
[rank0]:[titan] 2026-03-17 11:34:54,494 - root - INFO - [31mstep: 1281  [32mloss:  2.7452  [38;2;180;60;0mgrad_norm:  1.3389  [38;2;54;234;195mmemory: 72.92GiB(91.79%)  [34mtps: 843  [36mtflops: 40.64  [35mmfu: 4.11%[39m
[rank0]:[titan] 2026-03-17 11:34:56,916 - root - INFO - [31mstep: 1282  [32mloss:  2.7899  [38;2;180;60;0mgrad_norm:  1.6017  [38;2;54;234;195mmemory: 72.92GiB(91.79%)  [34mtps: 846  [36mtflops: 40.74  [35mmfu: 4.12%[39m
[rank0]:[titan] 2026-03-17 11:34:59,337 - root - INFO - [31mstep: 1283  [32mloss:  2.7701  [38;2;180;60;0mgrad_norm:  1.7134  [38;2;54;234;195mmemory: 72.92GiB(91.79%)  [34mtps: 846  [36mtflops: 40.78  [35mmfu: 4.12%[39m
[rank0]:[titan] 2026-03-17 11:35:01,756 - root - INFO - [31mstep: 1284  [32mloss:  2.7387  [38;2;180;60;0mgrad_norm:  1.6941  [38;2;54;234;195mmemory: 72.92GiB(91.79%)  [34mtps: 847  [36mtflops: 40.80  [35mmfu: 4.13%[39m
[rank0]:[titan] 2026-03-17 11:35:04,178 - root - INFO - [31mstep: 1285  [32mloss:  2.7293  [38;2;180;60;0mgrad_norm:  1.9741  [38;2;54;234;195mmemory: 72.92GiB(91.79%)  [34mtps: 846  [36mtflops: 40.76  [35mmfu: 4.12%[39m
[rank0]:[titan] 2026-03-17 11:35:06,601 - root - INFO - [31mstep: 1286  [32mloss:  2.7340  [38;2;180;60;0mgrad_norm:  1.9314  [38;2;54;234;195mmemory: 72.92GiB(91.79%)  [34mtps: 845  [36mtflops: 40.72  [35mmfu: 4.12%[39m
[rank0]:[titan] 2026-03-17 11:35:09,022 - root - INFO - [31mstep: 1287  [32mloss:  2.7466  [38;2;180;60;0mgrad_norm:  2.0955  [38;2;54;234;195mmemory: 72.92GiB(91.79%)  [34mtps: 846  [36mtflops: 40.77  [35mmfu: 4.12%[39m
[rank0]:[titan] 2026-03-17 11:35:11,442 - root - INFO - [31mstep: 1288  [32mloss:  2.7143  [38;2;180;60;0mgrad_norm:  1.6488  [38;2;54;234;195mmemory: 72.92GiB(91.79%)  [34mtps: 846  [36mtflops: 40.78  [35mmfu: 4.12%[39m
[rank0]:[titan] 2026-03-17 11:35:13,863 - root - INFO - [31mstep: 1289  [32mloss:  2.7233  [38;2;180;60;0mgrad_norm:  1.6185  [38;2;54;234;195mmemory: 72.92GiB(91.79%)  [34mtps: 846  [36mtflops: 40.77  [35mmfu: 4.12%[39m
[rank0]:[titan] 2026-03-17 11:35:16,291 - root - INFO - [31mstep: 1290  [32mloss:  2.7580  [38;2;180;60;0mgrad_norm:  2.1005  [38;2;54;234;195mmemory: 72.92GiB(91.79%)  [34mtps: 844  [36mtflops: 40.66  [35mmfu: 4.11%[39m
[rank0]:[titan] 2026-03-17 11:35:18,712 - root - INFO - [31mstep: 1291  [32mloss:  2.7120  [38;2;180;60;0mgrad_norm:  1.7342  [38;2;54;234;195mmemory: 72.92GiB(91.79%)  [34mtps: 846  [36mtflops: 40.77  [35mmfu: 4.12%[39m
[rank0]:[titan] 2026-03-17 11:35:21,131 - root - INFO - [31mstep: 1292  [32mloss:  2.7165  [38;2;180;60;0mgrad_norm:  1.8354  [38;2;54;234;195mmemory: 72.92GiB(91.79%)  [34mtps: 847  [36mtflops: 40.80  [35mmfu: 4.13%[39m
[rank0]:[titan] 2026-03-17 11:35:23,554 - root - INFO - [31mstep: 1293  [32mloss:  2.7460  [38;2;180;60;0mgrad_norm:  2.0608  [38;2;54;234;195mmemory: 72.92GiB(91.79%)  [34mtps: 845  [36mtflops: 40.73  [35mmfu: 4.12%[39m
[rank0]:[titan] 2026-03-17 11:35:25,980 - root - INFO - [31mstep: 1294  [32mloss:  2.7924  [38;2;180;60;0mgrad_norm:  2.1180  [38;2;54;234;195mmemory: 72.92GiB(91.79%)  [34mtps: 844  [36mtflops: 40.69  [35mmfu: 4.11%[39m
[rank0]:[titan] 2026-03-17 11:35:28,400 - root - INFO - [31mstep: 1295  [32mloss:  2.7809  [38;2;180;60;0mgrad_norm:  2.0119  [38;2;54;234;195mmemory: 72.92GiB(91.79%)  [34mtps: 847  [36mtflops: 40.79  [35mmfu: 4.12%[39m
[rank0]:[titan] 2026-03-17 11:35:30,830 - root - INFO - [31mstep: 1296  [32mloss:  2.7308  [38;2;180;60;0mgrad_norm:  1.7045  [38;2;54;234;195mmemory: 72.92GiB(91.79%)  [34mtps: 843  [36mtflops: 40.62  [35mmfu: 4.11%[39m
[rank0]:[titan] 2026-03-17 11:35:33,250 - root - INFO - [31mstep: 1297  [32mloss:  2.7358  [38;2;180;60;0mgrad_norm:  1.8140  [38;2;54;234;195mmemory: 72.92GiB(91.79%)  [34mtps: 846  [36mtflops: 40.78  [35mmfu: 4.12%[39m
[rank0]:[titan] 2026-03-17 11:35:35,670 - root - INFO - [31mstep: 1298  [32mloss:  2.6876  [38;2;180;60;0mgrad_norm:  2.1161  [38;2;54;234;195mmemory: 72.92GiB(91.79%)  [34mtps: 847  [36mtflops: 40.79  [35mmfu: 4.12%[39m
[rank0]:[titan] 2026-03-17 11:35:38,097 - root - INFO - [31mstep: 1299  [32mloss:  2.7548  [38;2;180;60;0mgrad_norm:  1.8013  [38;2;54;234;195mmemory: 72.92GiB(91.79%)  [34mtps: 844  [36mtflops: 40.67  [35mmfu: 4.11%[39m
[rank0]:[titan] 2026-03-17 11:35:40,518 - root - INFO - [31mstep: 1300  [32mloss:  2.8384  [38;2;180;60;0mgrad_norm:  1.7612  [38;2;54;234;195mmemory: 72.92GiB(91.79%)  [34mtps: 847  [36mtflops: 40.80  [35mmfu: 4.13%[39m
[rank0]:[titan] 2026-03-17 11:35:42,944 - root - INFO - [31mstep: 1301  [32mloss:  2.8129  [38;2;180;60;0mgrad_norm:  2.1712  [38;2;54;234;195mmemory: 72.92GiB(91.79%)  [34mtps: 844  [36mtflops: 40.68  [35mmfu: 4.11%[39m
[rank0]:[titan] 2026-03-17 11:35:45,364 - root - INFO - [31mstep: 1302  [32mloss:  2.7401  [38;2;180;60;0mgrad_norm:  2.0458  [38;2;54;234;195mmemory: 72.92GiB(91.79%)  [34mtps: 847  [36mtflops: 40.80  [35mmfu: 4.13%[39m
[rank0]:[titan] 2026-03-17 11:35:47,788 - root - INFO - [31mstep: 1303  [32mloss:  2.7834  [38;2;180;60;0mgrad_norm:  1.7994  [38;2;54;234;195mmemory: 72.92GiB(91.79%)  [34mtps: 846  [36mtflops: 40.75  [35mmfu: 4.12%[39m
[rank0]:[titan] 2026-03-17 11:35:50,211 - root - INFO - [31mstep: 1304  [32mloss:  2.8455  [38;2;180;60;0mgrad_norm:  1.7138  [38;2;54;234;195mmemory: 72.92GiB(91.79%)  [34mtps: 845  [36mtflops: 40.73  [35mmfu: 4.12%[39m
[rank0]:[titan] 2026-03-17 11:35:52,637 - root - INFO - [31mstep: 1305  [32mloss:  2.8512  [38;2;180;60;0mgrad_norm:  2.1258  [38;2;54;234;195mmemory: 72.92GiB(91.79%)  [34mtps: 844  [36mtflops: 40.69  [35mmfu: 4.11%[39m
[rank0]:[titan] 2026-03-17 11:35:55,059 - root - INFO - [31mstep: 1306  [32mloss:  2.7213  [38;2;180;60;0mgrad_norm:  1.8458  [38;2;54;234;195mmemory: 72.92GiB(91.79%)  [34mtps: 846  [36mtflops: 40.75  [35mmfu: 4.12%[39m
[rank0]:[titan] 2026-03-17 11:35:57,486 - root - INFO - [31mstep: 1307  [32mloss:  2.7010  [38;2;180;60;0mgrad_norm:  1.4048  [38;2;54;234;195mmemory: 72.92GiB(91.79%)  [34mtps: 844  [36mtflops: 40.66  [35mmfu: 4.11%[39m
[rank0]:[titan] 2026-03-17 11:35:59,906 - root - INFO - [31mstep: 1308  [32mloss:  2.7412  [38;2;180;60;0mgrad_norm:  1.2631  [38;2;54;234;195mmemory: 72.92GiB(91.79%)  [34mtps: 847  [36mtflops: 40.79  [35mmfu: 4.12%[39m
[rank0]:[titan] 2026-03-17 11:36:02,326 - root - INFO - [31mstep: 1309  [32mloss:  2.7697  [38;2;180;60;0mgrad_norm:  1.6835  [38;2;54;234;195mmemory: 72.92GiB(91.79%)  [34mtps: 846  [36mtflops: 40.78  [35mmfu: 4.12%[39m
[rank0]:[titan] 2026-03-17 11:36:04,748 - root - INFO - [31mstep: 1310  [32mloss:  2.7823  [38;2;180;60;0mgrad_norm:  1.5978  [38;2;54;234;195mmemory: 72.92GiB(91.79%)  [34mtps: 846  [36mtflops: 40.76  [35mmfu: 4.12%[39m
[rank0]:[titan] 2026-03-17 11:36:07,168 - root - INFO - [31mstep: 1311  [32mloss:  2.7581  [38;2;180;60;0mgrad_norm:  1.4417  [38;2;54;234;195mmemory: 72.92GiB(91.79%)  [34mtps: 847  [36mtflops: 40.79  [35mmfu: 4.12%[39m
[rank0]:[titan] 2026-03-17 11:36:09,614 - root - INFO - [31mstep: 1312  [32mloss:  2.7530  [38;2;180;60;0mgrad_norm:  1.4169  [38;2;54;234;195mmemory: 72.92GiB(91.79%)  [34mtps: 838  [36mtflops: 40.36  [35mmfu: 4.08%[39m
[rank0]:[titan] 2026-03-17 11:36:12,035 - root - INFO - [31mstep: 1313  [32mloss:  2.7426  [38;2;180;60;0mgrad_norm:  1.5093  [38;2;54;234;195mmemory: 72.92GiB(91.79%)  [34mtps: 846  [36mtflops: 40.77  [35mmfu: 4.12%[39m
[rank0]:[titan] 2026-03-17 11:36:14,456 - root - INFO - [31mstep: 1314  [32mloss:  2.7357  [38;2;180;60;0mgrad_norm:  1.5364  [38;2;54;234;195mmemory: 72.92GiB(91.79%)  [34mtps: 846  [36mtflops: 40.76  [35mmfu: 4.12%[39m
[rank0]:[titan] 2026-03-17 11:36:16,876 - root - INFO - [31mstep: 1315  [32mloss:  2.7948  [38;2;180;60;0mgrad_norm:  1.8263  [38;2;54;234;195mmemory: 72.92GiB(91.79%)  [34mtps: 847  [36mtflops: 40.79  [35mmfu: 4.12%[39m
[rank0]:[titan] 2026-03-17 11:36:19,297 - root - INFO - [31mstep: 1316  [32mloss:  2.7654  [38;2;180;60;0mgrad_norm:  1.2973  [38;2;54;234;195mmemory: 72.92GiB(91.79%)  [34mtps: 846  [36mtflops: 40.76  [35mmfu: 4.12%[39m
[rank0]:[titan] 2026-03-17 11:36:21,721 - root - INFO - [31mstep: 1317  [32mloss:  2.7836  [38;2;180;60;0mgrad_norm:  1.5960  [38;2;54;234;195mmemory: 72.92GiB(91.79%)  [34mtps: 845  [36mtflops: 40.72  [35mmfu: 4.12%[39m
[rank0]:[titan] 2026-03-17 11:36:24,142 - root - INFO - [31mstep: 1318  [32mloss:  2.8271  [38;2;180;60;0mgrad_norm:  1.4565  [38;2;54;234;195mmemory: 72.92GiB(91.79%)  [34mtps: 846  [36mtflops: 40.77  [35mmfu: 4.12%[39m
[rank0]:[titan] 2026-03-17 11:36:26,569 - root - INFO - [31mstep: 1319  [32mloss:  2.7406  [38;2;180;60;0mgrad_norm:  1.8774  [38;2;54;234;195mmemory: 72.92GiB(91.79%)  [34mtps: 844  [36mtflops: 40.66  [35mmfu: 4.11%[39m
[rank0]:[titan] 2026-03-17 11:36:28,994 - root - INFO - [31mstep: 1320  [32mloss:  2.7348  [38;2;180;60;0mgrad_norm:  1.8288  [38;2;54;234;195mmemory: 72.92GiB(91.79%)  [34mtps: 845  [36mtflops: 40.71  [35mmfu: 4.12%[39m
[rank0]:[titan] 2026-03-17 11:36:31,415 - root - INFO - [31mstep: 1321  [32mloss:  2.7310  [38;2;180;60;0mgrad_norm:  1.6489  [38;2;54;234;195mmemory: 72.92GiB(91.79%)  [34mtps: 846  [36mtflops: 40.76  [35mmfu: 4.12%[39m
[rank0]:[titan] 2026-03-17 11:36:33,836 - root - INFO - [31mstep: 1322  [32mloss:  2.7306  [38;2;180;60;0mgrad_norm:  1.2660  [38;2;54;234;195mmemory: 72.92GiB(91.79%)  [34mtps: 846  [36mtflops: 40.76  [35mmfu: 4.12%[39m
[rank0]:[titan] 2026-03-17 11:36:36,259 - root - INFO - [31mstep: 1323  [32mloss:  2.7029  [38;2;180;60;0mgrad_norm:  1.4368  [38;2;54;234;195mmemory: 72.92GiB(91.79%)  [34mtps: 845  [36mtflops: 40.74  [35mmfu: 4.12%[39m
[rank0]:[titan] 2026-03-17 11:36:38,682 - root - INFO - [31mstep: 1324  [32mloss:  2.7636  [38;2;180;60;0mgrad_norm:  1.5940  [38;2;54;234;195mmemory: 72.92GiB(91.79%)  [34mtps: 846  [36mtflops: 40.75  [35mmfu: 4.12%[39m
[rank0]:[titan] 2026-03-17 11:36:41,105 - root - INFO - [31mstep: 1325  [32mloss:  2.7370  [38;2;180;60;0mgrad_norm:  1.6940  [38;2;54;234;195mmemory: 72.92GiB(91.79%)  [34mtps: 845  [36mtflops: 40.73  [35mmfu: 4.12%[39m
[rank0]:[titan] 2026-03-17 11:36:43,528 - root - INFO - [31mstep: 1326  [32mloss:  2.7942  [38;2;180;60;0mgrad_norm:  1.8517  [38;2;54;234;195mmemory: 72.92GiB(91.79%)  [34mtps: 845  [36mtflops: 40.73  [35mmfu: 4.12%[39m
[rank0]:[titan] 2026-03-17 11:36:45,953 - root - INFO - [31mstep: 1327  [32mloss:  2.7830  [38;2;180;60;0mgrad_norm:  1.5316  [38;2;54;234;195mmemory: 72.92GiB(91.79%)  [34mtps: 845  [36mtflops: 40.70  [35mmfu: 4.12%[39m
[rank0]:[titan] 2026-03-17 11:36:48,373 - root - INFO - [31mstep: 1328  [32mloss:  2.7896  [38;2;180;60;0mgrad_norm:  1.4194  [38;2;54;234;195mmemory: 72.92GiB(91.79%)  [34mtps: 847  [36mtflops: 40.79  [35mmfu: 4.12%[39m
[rank0]:[titan] 2026-03-17 11:36:50,795 - root - INFO - [31mstep: 1329  [32mloss:  2.7343  [38;2;180;60;0mgrad_norm:  1.9135  [38;2;54;234;195mmemory: 72.92GiB(91.79%)  [34mtps: 846  [36mtflops: 40.75  [35mmfu: 4.12%[39m
[rank0]:[titan] 2026-03-17 11:36:53,218 - root - INFO - [31mstep: 1330  [32mloss:  2.7779  [38;2;180;60;0mgrad_norm:  1.3284  [38;2;54;234;195mmemory: 72.92GiB(91.79%)  [34mtps: 846  [36mtflops: 40.74  [35mmfu: 4.12%[39m
[rank0]:[titan] 2026-03-17 11:36:55,637 - root - INFO - [31mstep: 1331  [32mloss:  2.7191  [38;2;180;60;0mgrad_norm:  1.2201  [38;2;54;234;195mmemory: 72.92GiB(91.79%)  [34mtps: 847  [36mtflops: 40.79  [35mmfu: 4.12%[39m
[rank0]:[titan] 2026-03-17 11:36:58,058 - root - INFO - [31mstep: 1332  [32mloss:  2.7681  [38;2;180;60;0mgrad_norm:  1.3347  [38;2;54;234;195mmemory: 72.92GiB(91.79%)  [34mtps: 846  [36mtflops: 40.77  [35mmfu: 4.12%[39m
[rank0]:[titan] 2026-03-17 11:37:00,486 - root - INFO - [31mstep: 1333  [32mloss:  2.7109  [38;2;180;60;0mgrad_norm:  1.2560  [38;2;54;234;195mmemory: 72.92GiB(91.79%)  [34mtps: 844  [36mtflops: 40.66  [35mmfu: 4.11%[39m
[rank0]:[titan] 2026-03-17 11:37:02,907 - root - INFO - [31mstep: 1334  [32mloss:  2.7228  [38;2;180;60;0mgrad_norm:  1.0002  [38;2;54;234;195mmemory: 72.92GiB(91.79%)  [34mtps: 846  [36mtflops: 40.76  [35mmfu: 4.12%[39m
[rank0]:[titan] 2026-03-17 11:37:05,333 - root - INFO - [31mstep: 1335  [32mloss:  2.7459  [38;2;180;60;0mgrad_norm:  1.3741  [38;2;54;234;195mmemory: 72.92GiB(91.79%)  [34mtps: 844  [36mtflops: 40.69  [35mmfu: 4.11%[39m
[rank0]:[titan] 2026-03-17 11:37:07,754 - root - INFO - [31mstep: 1336  [32mloss:  2.7072  [38;2;180;60;0mgrad_norm:  1.6387  [38;2;54;234;195mmemory: 72.92GiB(91.79%)  [34mtps: 846  [36mtflops: 40.78  [35mmfu: 4.12%[39m
[rank0]:[titan] 2026-03-17 11:37:10,177 - root - INFO - [31mstep: 1337  [32mloss:  2.7988  [38;2;180;60;0mgrad_norm:  1.4408  [38;2;54;234;195mmemory: 72.92GiB(91.79%)  [34mtps: 845  [36mtflops: 40.73  [35mmfu: 4.12%[39m
[rank0]:[titan] 2026-03-17 11:37:12,596 - root - INFO - [31mstep: 1338  [32mloss:  2.7378  [38;2;180;60;0mgrad_norm:  1.3629  [38;2;54;234;195mmemory: 72.92GiB(91.79%)  [34mtps: 847  [36mtflops: 40.79  [35mmfu: 4.12%[39m
[rank0]:[titan] 2026-03-17 11:37:15,019 - root - INFO - [31mstep: 1339  [32mloss:  2.7828  [38;2;180;60;0mgrad_norm:  1.5826  [38;2;54;234;195mmemory: 72.92GiB(91.79%)  [34mtps: 846  [36mtflops: 40.74  [35mmfu: 4.12%[39m
[rank0]:[titan] 2026-03-17 11:37:17,444 - root - INFO - [31mstep: 1340  [32mloss:  2.9007  [38;2;180;60;0mgrad_norm:  1.5440  [38;2;54;234;195mmemory: 72.92GiB(91.79%)  [34mtps: 845  [36mtflops: 40.70  [35mmfu: 4.11%[39m
[rank0]:[titan] 2026-03-17 11:37:19,866 - root - INFO - [31mstep: 1341  [32mloss:  2.8502  [38;2;180;60;0mgrad_norm:  1.2039  [38;2;54;234;195mmemory: 72.92GiB(91.79%)  [34mtps: 846  [36mtflops: 40.76  [35mmfu: 4.12%[39m
[rank0]:[titan] 2026-03-17 11:37:22,289 - root - INFO - [31mstep: 1342  [32mloss:  2.7484  [38;2;180;60;0mgrad_norm:  1.6342  [38;2;54;234;195mmemory: 72.92GiB(91.79%)  [34mtps: 846  [36mtflops: 40.74  [35mmfu: 4.12%[39m
[rank0]:[titan] 2026-03-17 11:37:24,707 - root - INFO - [31mstep: 1343  [32mloss:  2.6970  [38;2;180;60;0mgrad_norm:  1.3477  [38;2;54;234;195mmemory: 72.92GiB(91.79%)  [34mtps: 847  [36mtflops: 40.80  [35mmfu: 4.13%[39m
[rank0]:[titan] 2026-03-17 11:37:27,128 - root - INFO - [31mstep: 1344  [32mloss:  2.7260  [38;2;180;60;0mgrad_norm:  1.4137  [38;2;54;234;195mmemory: 72.92GiB(91.79%)  [34mtps: 846  [36mtflops: 40.78  [35mmfu: 4.12%[39m
[rank0]:[titan] 2026-03-17 11:37:29,554 - root - INFO - [31mstep: 1345  [32mloss:  2.7985  [38;2;180;60;0mgrad_norm:  1.7428  [38;2;54;234;195mmemory: 72.92GiB(91.79%)  [34mtps: 844  [36mtflops: 40.68  [35mmfu: 4.11%[39m
[rank0]:[titan] 2026-03-17 11:37:31,976 - root - INFO - [31mstep: 1346  [32mloss:  2.8333  [38;2;180;60;0mgrad_norm:  1.8760  [38;2;54;234;195mmemory: 72.92GiB(91.79%)  [34mtps: 846  [36mtflops: 40.75  [35mmfu: 4.12%[39m
[rank0]:[titan] 2026-03-17 11:37:34,402 - root - INFO - [31mstep: 1347  [32mloss:  2.7429  [38;2;180;60;0mgrad_norm:  2.1834  [38;2;54;234;195mmemory: 72.92GiB(91.79%)  [34mtps: 845  [36mtflops: 40.70  [35mmfu: 4.11%[39m
[rank0]:[titan] 2026-03-17 11:37:36,821 - root - INFO - [31mstep: 1348  [32mloss:  2.7353  [38;2;180;60;0mgrad_norm:  1.3890  [38;2;54;234;195mmemory: 72.92GiB(91.79%)  [34mtps: 847  [36mtflops: 40.79  [35mmfu: 4.12%[39m
[rank0]:[titan] 2026-03-17 11:37:39,243 - root - INFO - [31mstep: 1349  [32mloss:  2.7383  [38;2;180;60;0mgrad_norm:  1.8256  [38;2;54;234;195mmemory: 72.92GiB(91.79%)  [34mtps: 846  [36mtflops: 40.76  [35mmfu: 4.12%[39m
[rank0]:[titan] 2026-03-17 11:37:41,665 - root - INFO - [31mstep: 1350  [32mloss:  2.7779  [38;2;180;60;0mgrad_norm:  2.0899  [38;2;54;234;195mmemory: 72.92GiB(91.79%)  [34mtps: 846  [36mtflops: 40.76  [35mmfu: 4.12%[39m
[rank0]:[titan] 2026-03-17 11:37:44,085 - root - INFO - [31mstep: 1351  [32mloss:  2.7571  [38;2;180;60;0mgrad_norm:  2.0337  [38;2;54;234;195mmemory: 72.92GiB(91.79%)  [34mtps: 846  [36mtflops: 40.78  [35mmfu: 4.12%[39m
[rank0]:[titan] 2026-03-17 11:37:46,507 - root - INFO - [31mstep: 1352  [32mloss:  2.7375  [38;2;180;60;0mgrad_norm:  1.8391  [38;2;54;234;195mmemory: 72.92GiB(91.79%)  [34mtps: 846  [36mtflops: 40.75  [35mmfu: 4.12%[39m
[rank0]:[titan] 2026-03-17 11:37:48,930 - root - INFO - [31mstep: 1353  [32mloss:  2.7132  [38;2;180;60;0mgrad_norm:  1.8812  [38;2;54;234;195mmemory: 72.92GiB(91.79%)  [34mtps: 846  [36mtflops: 40.74  [35mmfu: 4.12%[39m
[rank0]:[titan] 2026-03-17 11:37:51,351 - root - INFO - [31mstep: 1354  [32mloss:  2.7150  [38;2;180;60;0mgrad_norm:  1.9113  [38;2;54;234;195mmemory: 72.92GiB(91.79%)  [34mtps: 846  [36mtflops: 40.77  [35mmfu: 4.12%[39m
[rank0]:[titan] 2026-03-17 11:37:53,775 - root - INFO - [31mstep: 1355  [32mloss:  2.7794  [38;2;180;60;0mgrad_norm:  2.0937  [38;2;54;234;195mmemory: 72.92GiB(91.79%)  [34mtps: 845  [36mtflops: 40.72  [35mmfu: 4.12%[39m
[rank0]:[titan] 2026-03-17 11:37:56,195 - root - INFO - [31mstep: 1356  [32mloss:  2.7858  [38;2;180;60;0mgrad_norm:  1.6492  [38;2;54;234;195mmemory: 72.92GiB(91.79%)  [34mtps: 847  [36mtflops: 40.79  [35mmfu: 4.12%[39m
[rank0]:[titan] 2026-03-17 11:37:58,615 - root - INFO - [31mstep: 1357  [32mloss:  2.8481  [38;2;180;60;0mgrad_norm:  1.8891  [38;2;54;234;195mmemory: 72.92GiB(91.79%)  [34mtps: 846  [36mtflops: 40.78  [35mmfu: 4.12%[39m
[rank0]:[titan] 2026-03-17 11:38:01,039 - root - INFO - [31mstep: 1358  [32mloss:  2.6939  [38;2;180;60;0mgrad_norm:  1.8872  [38;2;54;234;195mmemory: 72.92GiB(91.79%)  [34mtps: 845  [36mtflops: 40.71  [35mmfu: 4.12%[39m
[rank0]:[titan] 2026-03-17 11:38:03,462 - root - INFO - [31mstep: 1359  [32mloss:  2.6807  [38;2;180;60;0mgrad_norm:  1.7649  [38;2;54;234;195mmemory: 72.92GiB(91.79%)  [34mtps: 846  [36mtflops: 40.74  [35mmfu: 4.12%[39m
[rank0]:[titan] 2026-03-17 11:38:05,881 - root - INFO - [31mstep: 1360  [32mloss:  2.6482  [38;2;180;60;0mgrad_norm:  1.3171  [38;2;54;234;195mmemory: 72.92GiB(91.79%)  [34mtps: 847  [36mtflops: 40.80  [35mmfu: 4.13%[39m
[rank0]:[titan] 2026-03-17 11:38:08,307 - root - INFO - [31mstep: 1361  [32mloss:  2.6955  [38;2;180;60;0mgrad_norm:  1.4715  [38;2;54;234;195mmemory: 72.92GiB(91.79%)  [34mtps: 845  [36mtflops: 40.69  [35mmfu: 4.11%[39m
[rank0]:[titan] 2026-03-17 11:38:10,729 - root - INFO - [31mstep: 1362  [32mloss:  2.7070  [38;2;180;60;0mgrad_norm:  1.7054  [38;2;54;234;195mmemory: 72.92GiB(91.79%)  [34mtps: 846  [36mtflops: 40.74  [35mmfu: 4.12%[39m
[rank0]:[titan] 2026-03-17 11:38:13,153 - root - INFO - [31mstep: 1363  [32mloss:  2.6923  [38;2;180;60;0mgrad_norm:  1.3680  [38;2;54;234;195mmemory: 72.92GiB(91.79%)  [34mtps: 845  [36mtflops: 40.73  [35mmfu: 4.12%[39m
[rank0]:[titan] 2026-03-17 11:38:15,574 - root - INFO - [31mstep: 1364  [32mloss:  2.6466  [38;2;180;60;0mgrad_norm:  1.1542  [38;2;54;234;195mmemory: 72.92GiB(91.79%)  [34mtps: 846  [36mtflops: 40.76  [35mmfu: 4.12%[39m
[rank0]:[titan] 2026-03-17 11:38:17,998 - root - INFO - [31mstep: 1365  [32mloss:  2.6165  [38;2;180;60;0mgrad_norm:  1.5786  [38;2;54;234;195mmemory: 72.92GiB(91.79%)  [34mtps: 845  [36mtflops: 40.73  [35mmfu: 4.12%[39m
[rank0]:[titan] 2026-03-17 11:38:20,418 - root - INFO - [31mstep: 1366  [32mloss:  2.6734  [38;2;180;60;0mgrad_norm:  1.2719  [38;2;54;234;195mmemory: 72.92GiB(91.79%)  [34mtps: 846  [36mtflops: 40.78  [35mmfu: 4.12%[39m
[rank0]:[titan] 2026-03-17 11:38:22,838 - root - INFO - [31mstep: 1367  [32mloss:  2.7138  [38;2;180;60;0mgrad_norm:  1.3546  [38;2;54;234;195mmemory: 72.92GiB(91.79%)  [34mtps: 846  [36mtflops: 40.78  [35mmfu: 4.12%[39m
[rank0]:[titan] 2026-03-17 11:38:25,258 - root - INFO - [31mstep: 1368  [32mloss:  2.6771  [38;2;180;60;0mgrad_norm:  1.5431  [38;2;54;234;195mmemory: 72.92GiB(91.79%)  [34mtps: 847  [36mtflops: 40.79  [35mmfu: 4.12%[39m
[rank0]:[titan] 2026-03-17 11:38:27,680 - root - INFO - [31mstep: 1369  [32mloss:  2.6989  [38;2;180;60;0mgrad_norm:  1.1702  [38;2;54;234;195mmemory: 72.92GiB(91.79%)  [34mtps: 846  [36mtflops: 40.76  [35mmfu: 4.12%[39m
[rank0]:[titan] 2026-03-17 11:38:30,112 - root - INFO - [31mstep: 1370  [32mloss:  2.7304  [38;2;180;60;0mgrad_norm:  1.6196  [38;2;54;234;195mmemory: 72.92GiB(91.79%)  [34mtps: 842  [36mtflops: 40.57  [35mmfu: 4.10%[39m
[rank0]:[titan] 2026-03-17 11:38:32,542 - root - INFO - [31mstep: 1371  [32mloss:  2.7210  [38;2;180;60;0mgrad_norm:  1.4765  [38;2;54;234;195mmemory: 72.92GiB(91.79%)  [34mtps: 843  [36mtflops: 40.62  [35mmfu: 4.11%[39m
[rank0]:[titan] 2026-03-17 11:38:34,961 - root - INFO - [31mstep: 1372  [32mloss:  2.6921  [38;2;180;60;0mgrad_norm:  1.5827  [38;2;54;234;195mmemory: 72.92GiB(91.79%)  [34mtps: 847  [36mtflops: 40.82  [35mmfu: 4.13%[39m
[rank0]:[titan] 2026-03-17 11:38:37,385 - root - INFO - [31mstep: 1373  [32mloss:  2.7179  [38;2;180;60;0mgrad_norm:  1.3000  [38;2;54;234;195mmemory: 72.92GiB(91.79%)  [34mtps: 845  [36mtflops: 40.71  [35mmfu: 4.12%[39m
[rank0]:[titan] 2026-03-17 11:38:39,804 - root - INFO - [31mstep: 1374  [32mloss:  2.7294  [38;2;180;60;0mgrad_norm:  1.5839  [38;2;54;234;195mmemory: 72.92GiB(91.79%)  [34mtps: 847  [36mtflops: 40.80  [35mmfu: 4.13%[39m
[rank0]:[titan] 2026-03-17 11:38:42,228 - root - INFO - [31mstep: 1375  [32mloss:  2.7445  [38;2;180;60;0mgrad_norm:  1.4343  [38;2;54;234;195mmemory: 72.92GiB(91.79%)  [34mtps: 845  [36mtflops: 40.72  [35mmfu: 4.12%[39m
[rank0]:[titan] 2026-03-17 11:38:44,648 - root - INFO - [31mstep: 1376  [32mloss:  2.7753  [38;2;180;60;0mgrad_norm:  1.4868  [38;2;54;234;195mmemory: 72.92GiB(91.79%)  [34mtps: 846  [36mtflops: 40.78  [35mmfu: 4.12%[39m
[rank0]:[titan] 2026-03-17 11:38:47,068 - root - INFO - [31mstep: 1377  [32mloss:  2.7797  [38;2;180;60;0mgrad_norm:  1.2764  [38;2;54;234;195mmemory: 72.92GiB(91.79%)  [34mtps: 847  [36mtflops: 40.79  [35mmfu: 4.12%[39m
[rank0]:[titan] 2026-03-17 11:38:49,495 - root - INFO - [31mstep: 1378  [32mloss:  2.7793  [38;2;180;60;0mgrad_norm:  1.3360  [38;2;54;234;195mmemory: 72.92GiB(91.79%)  [34mtps: 844  [36mtflops: 40.67  [35mmfu: 4.11%[39m
[rank0]:[titan] 2026-03-17 11:38:51,919 - root - INFO - [31mstep: 1379  [32mloss:  2.7580  [38;2;180;60;0mgrad_norm:  1.2811  [38;2;54;234;195mmemory: 72.92GiB(91.79%)  [34mtps: 845  [36mtflops: 40.72  [35mmfu: 4.12%[39m
[rank0]:[titan] 2026-03-17 11:38:54,342 - root - INFO - [31mstep: 1380  [32mloss:  2.7312  [38;2;180;60;0mgrad_norm:  1.3200  [38;2;54;234;195mmemory: 72.92GiB(91.79%)  [34mtps: 846  [36mtflops: 40.74  [35mmfu: 4.12%[39m
[rank0]:[titan] 2026-03-17 11:38:56,780 - root - INFO - [31mstep: 1381  [32mloss:  2.7129  [38;2;180;60;0mgrad_norm:  1.0649  [38;2;54;234;195mmemory: 72.92GiB(91.79%)  [34mtps: 840  [36mtflops: 40.48  [35mmfu: 4.09%[39m
[rank0]:[titan] 2026-03-17 11:38:59,201 - root - INFO - [31mstep: 1382  [32mloss:  2.7068  [38;2;180;60;0mgrad_norm:  1.0979  [38;2;54;234;195mmemory: 72.92GiB(91.79%)  [34mtps: 846  [36mtflops: 40.77  [35mmfu: 4.12%[39m
[rank0]:[titan] 2026-03-17 11:39:01,630 - root - INFO - [31mstep: 1383  [32mloss:  2.7134  [38;2;180;60;0mgrad_norm:  0.9980  [38;2;54;234;195mmemory: 72.92GiB(91.79%)  [34mtps: 845  [36mtflops: 40.72  [35mmfu: 4.12%[39m
[rank0]:[titan] 2026-03-17 11:39:04,057 - root - INFO - [31mstep: 1384  [32mloss:  2.7503  [38;2;180;60;0mgrad_norm:  1.3468  [38;2;54;234;195mmemory: 72.92GiB(91.79%)  [34mtps: 845  [36mtflops: 40.73  [35mmfu: 4.12%[39m
[rank0]:[titan] 2026-03-17 11:39:06,478 - root - INFO - [31mstep: 1385  [32mloss:  2.7629  [38;2;180;60;0mgrad_norm:  1.5466  [38;2;54;234;195mmemory: 72.92GiB(91.79%)  [34mtps: 846  [36mtflops: 40.77  [35mmfu: 4.12%[39m
[rank0]:[titan] 2026-03-17 11:39:08,905 - root - INFO - [31mstep: 1386  [32mloss:  2.7325  [38;2;180;60;0mgrad_norm:  1.7424  [38;2;54;234;195mmemory: 72.92GiB(91.79%)  [34mtps: 844  [36mtflops: 40.67  [35mmfu: 4.11%[39m
[rank0]:[titan] 2026-03-17 11:39:11,327 - root - INFO - [31mstep: 1387  [32mloss:  2.7234  [38;2;180;60;0mgrad_norm:  1.3950  [38;2;54;234;195mmemory: 72.92GiB(91.79%)  [34mtps: 846  [36mtflops: 40.75  [35mmfu: 4.12%[39m
[rank0]:[titan] 2026-03-17 11:39:13,751 - root - INFO - [31mstep: 1388  [32mloss:  2.7424  [38;2;180;60;0mgrad_norm:  1.4432  [38;2;54;234;195mmemory: 72.92GiB(91.79%)  [34mtps: 845  [36mtflops: 40.72  [35mmfu: 4.12%[39m
[rank0]:[titan] 2026-03-17 11:39:16,170 - root - INFO - [31mstep: 1389  [32mloss:  2.7513  [38;2;180;60;0mgrad_norm:  1.5833  [38;2;54;234;195mmemory: 72.92GiB(91.79%)  [34mtps: 847  [36mtflops: 40.79  [35mmfu: 4.12%[39m
[rank0]:[titan] 2026-03-17 11:39:18,598 - root - INFO - [31mstep: 1390  [32mloss:  2.7317  [38;2;180;60;0mgrad_norm:  0.8464  [38;2;54;234;195mmemory: 72.92GiB(91.79%)  [34mtps: 844  [36mtflops: 40.66  [35mmfu: 4.11%[39m
[rank0]:[titan] 2026-03-17 11:39:21,020 - root - INFO - [31mstep: 1391  [32mloss:  2.7502  [38;2;180;60;0mgrad_norm:  1.3048  [38;2;54;234;195mmemory: 72.92GiB(91.79%)  [34mtps: 846  [36mtflops: 40.75  [35mmfu: 4.12%[39m
[rank0]:[titan] 2026-03-17 11:39:23,443 - root - INFO - [31mstep: 1392  [32mloss:  2.7746  [38;2;180;60;0mgrad_norm:  1.5403  [38;2;54;234;195mmemory: 72.92GiB(91.79%)  [34mtps: 845  [36mtflops: 40.73  [35mmfu: 4.12%[39m
[rank0]:[titan] 2026-03-17 11:39:25,865 - root - INFO - [31mstep: 1393  [32mloss:  2.7385  [38;2;180;60;0mgrad_norm:  1.7142  [38;2;54;234;195mmemory: 72.92GiB(91.79%)  [34mtps: 846  [36mtflops: 40.75  [35mmfu: 4.12%[39m
[rank0]:[titan] 2026-03-17 11:39:28,286 - root - INFO - [31mstep: 1394  [32mloss:  2.7537  [38;2;180;60;0mgrad_norm:  1.4804  [38;2;54;234;195mmemory: 72.92GiB(91.79%)  [34mtps: 846  [36mtflops: 40.77  [35mmfu: 4.12%[39m
[rank0]:[titan] 2026-03-17 11:39:30,707 - root - INFO - [31mstep: 1395  [32mloss:  2.8071  [38;2;180;60;0mgrad_norm:  1.7293  [38;2;54;234;195mmemory: 72.92GiB(91.79%)  [34mtps: 846  [36mtflops: 40.78  [35mmfu: 4.12%[39m
[rank0]:[titan] 2026-03-17 11:39:33,135 - root - INFO - [31mstep: 1396  [32mloss:  2.7706  [38;2;180;60;0mgrad_norm:  1.5773  [38;2;54;234;195mmemory: 72.92GiB(91.79%)  [34mtps: 844  [36mtflops: 40.64  [35mmfu: 4.11%[39m
[rank0]:[titan] 2026-03-17 11:39:35,559 - root - INFO - [31mstep: 1397  [32mloss:  2.7481  [38;2;180;60;0mgrad_norm:  1.2188  [38;2;54;234;195mmemory: 72.92GiB(91.79%)  [34mtps: 845  [36mtflops: 40.73  [35mmfu: 4.12%[39m
[rank0]:[titan] 2026-03-17 11:39:37,978 - root - INFO - [31mstep: 1398  [32mloss:  2.7448  [38;2;180;60;0mgrad_norm:  1.5387  [38;2;54;234;195mmemory: 72.92GiB(91.79%)  [34mtps: 847  [36mtflops: 40.79  [35mmfu: 4.12%[39m
[rank0]:[titan] 2026-03-17 11:39:40,404 - root - INFO - [31mstep: 1399  [32mloss:  2.7319  [38;2;180;60;0mgrad_norm:  1.2642  [38;2;54;234;195mmemory: 72.92GiB(91.79%)  [34mtps: 845  [36mtflops: 40.70  [35mmfu: 4.12%[39m
[rank0]:[titan] 2026-03-17 11:39:42,836 - root - INFO - [31mstep: 1400  [32mloss:  2.7736  [38;2;180;60;0mgrad_norm:  1.3265  [38;2;54;234;195mmemory: 72.92GiB(91.79%)  [34mtps: 842  [36mtflops: 40.58  [35mmfu: 4.10%[39m
[rank0]:[titan] 2026-03-17 11:39:45,257 - root - INFO - [31mstep: 1401  [32mloss:  2.6774  [38;2;180;60;0mgrad_norm:  1.7213  [38;2;54;234;195mmemory: 72.92GiB(91.79%)  [34mtps: 846  [36mtflops: 40.77  [35mmfu: 4.12%[39m
[rank0]:[titan] 2026-03-17 11:39:47,679 - root - INFO - [31mstep: 1402  [32mloss:  2.7114  [38;2;180;60;0mgrad_norm:  1.4087  [38;2;54;234;195mmemory: 72.92GiB(91.79%)  [34mtps: 846  [36mtflops: 40.75  [35mmfu: 4.12%[39m
[rank0]:[titan] 2026-03-17 11:39:50,104 - root - INFO - [31mstep: 1403  [32mloss:  2.7594  [38;2;180;60;0mgrad_norm:  1.8273  [38;2;54;234;195mmemory: 72.92GiB(91.79%)  [34mtps: 845  [36mtflops: 40.70  [35mmfu: 4.12%[39m
[rank0]:[titan] 2026-03-17 11:39:52,526 - root - INFO - [31mstep: 1404  [32mloss:  2.7141  [38;2;180;60;0mgrad_norm:  1.1972  [38;2;54;234;195mmemory: 72.92GiB(91.79%)  [34mtps: 846  [36mtflops: 40.75  [35mmfu: 4.12%[39m
[rank0]:[titan] 2026-03-17 11:39:54,951 - root - INFO - [31mstep: 1405  [32mloss:  2.7129  [38;2;180;60;0mgrad_norm:  1.9067  [38;2;54;234;195mmemory: 72.92GiB(91.79%)  [34mtps: 845  [36mtflops: 40.71  [35mmfu: 4.12%[39m
[rank0]:[titan] 2026-03-17 11:39:57,372 - root - INFO - [31mstep: 1406  [32mloss:  2.7617  [38;2;180;60;0mgrad_norm:  2.5793  [38;2;54;234;195mmemory: 72.92GiB(91.79%)  [34mtps: 846  [36mtflops: 40.76  [35mmfu: 4.12%[39m
[rank0]:[titan] 2026-03-17 11:39:59,797 - root - INFO - [31mstep: 1407  [32mloss:  2.7497  [38;2;180;60;0mgrad_norm:  2.0931  [38;2;54;234;195mmemory: 72.92GiB(91.79%)  [34mtps: 845  [36mtflops: 40.71  [35mmfu: 4.12%[39m
[rank0]:[titan] 2026-03-17 11:40:02,219 - root - INFO - [31mstep: 1408  [32mloss:  2.7574  [38;2;180;60;0mgrad_norm:  1.2833  [38;2;54;234;195mmemory: 72.92GiB(91.79%)  [34mtps: 846  [36mtflops: 40.76  [35mmfu: 4.12%[39m
[rank0]:[titan] 2026-03-17 11:40:04,639 - root - INFO - [31mstep: 1409  [32mloss:  2.7474  [38;2;180;60;0mgrad_norm:  1.3849  [38;2;54;234;195mmemory: 72.92GiB(91.79%)  [34mtps: 846  [36mtflops: 40.77  [35mmfu: 4.12%[39m
[rank0]:[titan] 2026-03-17 11:40:07,062 - root - INFO - [31mstep: 1410  [32mloss:  2.7192  [38;2;180;60;0mgrad_norm:  2.0861  [38;2;54;234;195mmemory: 72.92GiB(91.79%)  [34mtps: 845  [36mtflops: 40.74  [35mmfu: 4.12%[39m
[rank0]:[titan] 2026-03-17 11:40:09,489 - root - INFO - [31mstep: 1411  [32mloss:  2.6936  [38;2;180;60;0mgrad_norm:  1.6285  [38;2;54;234;195mmemory: 72.92GiB(91.79%)  [34mtps: 844  [36mtflops: 40.67  [35mmfu: 4.11%[39m
[rank0]:[titan] 2026-03-17 11:40:11,919 - root - INFO - [31mstep: 1412  [32mloss:  2.7108  [38;2;180;60;0mgrad_norm:  1.4782  [38;2;54;234;195mmemory: 72.92GiB(91.79%)  [34mtps: 843  [36mtflops: 40.62  [35mmfu: 4.11%[39m
[rank0]:[titan] 2026-03-17 11:40:14,338 - root - INFO - [31mstep: 1413  [32mloss:  2.7180  [38;2;180;60;0mgrad_norm:  1.9878  [38;2;54;234;195mmemory: 72.92GiB(91.79%)  [34mtps: 847  [36mtflops: 40.80  [35mmfu: 4.13%[39m
[rank0]:[titan] 2026-03-17 11:40:16,762 - root - INFO - [31mstep: 1414  [32mloss:  2.7118  [38;2;180;60;0mgrad_norm:  2.0330  [38;2;54;234;195mmemory: 72.92GiB(91.79%)  [34mtps: 845  [36mtflops: 40.72  [35mmfu: 4.12%[39m
[rank0]:[titan] 2026-03-17 11:40:19,183 - root - INFO - [31mstep: 1415  [32mloss:  2.7168  [38;2;180;60;0mgrad_norm:  1.6286  [38;2;54;234;195mmemory: 72.92GiB(91.79%)  [34mtps: 846  [36mtflops: 40.76  [35mmfu: 4.12%[39m
[rank0]:[titan] 2026-03-17 11:40:21,612 - root - INFO - [31mstep: 1416  [32mloss:  2.6886  [38;2;180;60;0mgrad_norm:  1.8226  [38;2;54;234;195mmemory: 72.92GiB(91.79%)  [34mtps: 843  [36mtflops: 40.64  [35mmfu: 4.11%[39m
[rank0]:[titan] 2026-03-17 11:40:24,034 - root - INFO - [31mstep: 1417  [32mloss:  2.7075  [38;2;180;60;0mgrad_norm:  1.7139  [38;2;54;234;195mmemory: 72.92GiB(91.79%)  [34mtps: 846  [36mtflops: 40.76  [35mmfu: 4.12%[39m
[rank0]:[titan] 2026-03-17 11:40:26,457 - root - INFO - [31mstep: 1418  [32mloss:  2.7179  [38;2;180;60;0mgrad_norm:  1.5557  [38;2;54;234;195mmemory: 72.92GiB(91.79%)  [34mtps: 846  [36mtflops: 40.74  [35mmfu: 4.12%[39m
[rank0]:[titan] 2026-03-17 11:40:28,885 - root - INFO - [31mstep: 1419  [32mloss:  2.6693  [38;2;180;60;0mgrad_norm:  1.7043  [38;2;54;234;195mmemory: 72.92GiB(91.79%)  [34mtps: 844  [36mtflops: 40.64  [35mmfu: 4.11%[39m
[rank0]:[titan] 2026-03-17 11:40:31,308 - root - INFO - [31mstep: 1420  [32mloss:  2.6744  [38;2;180;60;0mgrad_norm:  1.5148  [38;2;54;234;195mmemory: 72.92GiB(91.79%)  [34mtps: 846  [36mtflops: 40.75  [35mmfu: 4.12%[39m
[rank0]:[titan] 2026-03-17 11:40:33,729 - root - INFO - [31mstep: 1421  [32mloss:  2.6974  [38;2;180;60;0mgrad_norm:  1.2896  [38;2;54;234;195mmemory: 72.92GiB(91.79%)  [34mtps: 846  [36mtflops: 40.77  [35mmfu: 4.12%[39m
[rank0]:[titan] 2026-03-17 11:40:36,154 - root - INFO - [31mstep: 1422  [32mloss:  2.7207  [38;2;180;60;0mgrad_norm:  1.3074  [38;2;54;234;195mmemory: 72.92GiB(91.79%)  [34mtps: 845  [36mtflops: 40.70  [35mmfu: 4.11%[39m
[rank0]:[titan] 2026-03-17 11:40:38,574 - root - INFO - [31mstep: 1423  [32mloss:  2.7826  [38;2;180;60;0mgrad_norm:  1.6861  [38;2;54;234;195mmemory: 72.92GiB(91.79%)  [34mtps: 846  [36mtflops: 40.78  [35mmfu: 4.12%[39m
[rank0]:[titan] 2026-03-17 11:40:40,994 - root - INFO - [31mstep: 1424  [32mloss:  2.7022  [38;2;180;60;0mgrad_norm:  1.2889  [38;2;54;234;195mmemory: 72.92GiB(91.79%)  [34mtps: 846  [36mtflops: 40.78  [35mmfu: 4.12%[39m
[rank0]:[titan] 2026-03-17 11:40:43,426 - root - INFO - [31mstep: 1425  [32mloss:  2.7479  [38;2;180;60;0mgrad_norm:  1.2734  [38;2;54;234;195mmemory: 72.92GiB(91.79%)  [34mtps: 843  [36mtflops: 40.60  [35mmfu: 4.11%[39m
[rank0]:[titan] 2026-03-17 11:40:45,848 - root - INFO - [31mstep: 1426  [32mloss:  2.7263  [38;2;180;60;0mgrad_norm:  1.6243  [38;2;54;234;195mmemory: 72.92GiB(91.79%)  [34mtps: 846  [36mtflops: 40.75  [35mmfu: 4.12%[39m
[rank0]:[titan] 2026-03-17 11:40:48,272 - root - INFO - [31mstep: 1427  [32mloss:  2.7066  [38;2;180;60;0mgrad_norm:  2.0531  [38;2;54;234;195mmemory: 72.92GiB(91.79%)  [34mtps: 845  [36mtflops: 40.70  [35mmfu: 4.12%[39m
[rank0]:[titan] 2026-03-17 11:40:50,693 - root - INFO - [31mstep: 1428  [32mloss:  2.7276  [38;2;180;60;0mgrad_norm:  1.7597  [38;2;54;234;195mmemory: 72.92GiB(91.79%)  [34mtps: 846  [36mtflops: 40.77  [35mmfu: 4.12%[39m
[rank0]:[titan] 2026-03-17 11:40:53,122 - root - INFO - [31mstep: 1429  [32mloss:  2.6612  [38;2;180;60;0mgrad_norm:  1.2280  [38;2;54;234;195mmemory: 72.92GiB(91.79%)  [34mtps: 843  [36mtflops: 40.64  [35mmfu: 4.11%[39m
[rank0]:[titan] 2026-03-17 11:40:55,543 - root - INFO - [31mstep: 1430  [32mloss:  2.7154  [38;2;180;60;0mgrad_norm:  1.7268  [38;2;54;234;195mmemory: 72.92GiB(91.79%)  [34mtps: 846  [36mtflops: 40.77  [35mmfu: 4.12%[39m
[rank0]:[titan] 2026-03-17 11:40:57,972 - root - INFO - [31mstep: 1431  [32mloss:  2.7161  [38;2;180;60;0mgrad_norm:  1.7030  [38;2;54;234;195mmemory: 72.92GiB(91.79%)  [34mtps: 843  [36mtflops: 40.63  [35mmfu: 4.11%[39m
[rank0]:[titan] 2026-03-17 11:41:00,394 - root - INFO - [31mstep: 1432  [32mloss:  2.7722  [38;2;180;60;0mgrad_norm:  1.2968  [38;2;54;234;195mmemory: 72.92GiB(91.79%)  [34mtps: 846  [36mtflops: 40.74  [35mmfu: 4.12%[39m
[rank0]:[titan] 2026-03-17 11:41:02,817 - root - INFO - [31mstep: 1433  [32mloss:  2.7418  [38;2;180;60;0mgrad_norm:  1.1587  [38;2;54;234;195mmemory: 72.92GiB(91.79%)  [34mtps: 845  [36mtflops: 40.74  [35mmfu: 4.12%[39m
[rank0]:[titan] 2026-03-17 11:41:05,238 - root - INFO - [31mstep: 1434  [32mloss:  2.7439  [38;2;180;60;0mgrad_norm:  1.3846  [38;2;54;234;195mmemory: 72.92GiB(91.79%)  [34mtps: 846  [36mtflops: 40.77  [35mmfu: 4.12%[39m
[rank0]:[titan] 2026-03-17 11:41:07,658 - root - INFO - [31mstep: 1435  [32mloss:  2.7002  [38;2;180;60;0mgrad_norm:  1.3919  [38;2;54;234;195mmemory: 72.92GiB(91.79%)  [34mtps: 847  [36mtflops: 40.80  [35mmfu: 4.13%[39m
[rank0]:[titan] 2026-03-17 11:41:10,082 - root - INFO - [31mstep: 1436  [32mloss:  2.7012  [38;2;180;60;0mgrad_norm:  1.0486  [38;2;54;234;195mmemory: 72.92GiB(91.79%)  [34mtps: 845  [36mtflops: 40.72  [35mmfu: 4.12%[39m
[rank0]:[titan] 2026-03-17 11:41:12,513 - root - INFO - [31mstep: 1437  [32mloss:  2.6337  [38;2;180;60;0mgrad_norm:  1.3814  [38;2;54;234;195mmemory: 72.92GiB(91.79%)  [34mtps: 842  [36mtflops: 40.59  [35mmfu: 4.10%[39m
[rank0]:[titan] 2026-03-17 11:41:14,935 - root - INFO - [31mstep: 1438  [32mloss:  2.6972  [38;2;180;60;0mgrad_norm:  1.4706  [38;2;54;234;195mmemory: 72.92GiB(91.79%)  [34mtps: 846  [36mtflops: 40.75  [35mmfu: 4.12%[39m
[rank0]:[titan] 2026-03-17 11:41:17,361 - root - INFO - [31mstep: 1439  [32mloss:  2.6934  [38;2;180;60;0mgrad_norm:  1.2554  [38;2;54;234;195mmemory: 72.92GiB(91.79%)  [34mtps: 845  [36mtflops: 40.69  [35mmfu: 4.11%[39m
[rank0]:[titan] 2026-03-17 11:41:19,781 - root - INFO - [31mstep: 1440  [32mloss:  2.6973  [38;2;180;60;0mgrad_norm:  1.2558  [38;2;54;234;195mmemory: 72.92GiB(91.79%)  [34mtps: 846  [36mtflops: 40.78  [35mmfu: 4.12%[39m
[rank0]:[titan] 2026-03-17 11:41:22,201 - root - INFO - [31mstep: 1441  [32mloss:  2.6932  [38;2;180;60;0mgrad_norm:  1.3475  [38;2;54;234;195mmemory: 72.92GiB(91.79%)  [34mtps: 846  [36mtflops: 40.78  [35mmfu: 4.12%[39m
[rank0]:[titan] 2026-03-17 11:41:24,625 - root - INFO - [31mstep: 1442  [32mloss:  2.6836  [38;2;180;60;0mgrad_norm:  1.5214  [38;2;54;234;195mmemory: 72.92GiB(91.79%)  [34mtps: 845  [36mtflops: 40.73  [35mmfu: 4.12%[39m
[rank0]:[titan] 2026-03-17 11:41:27,046 - root - INFO - [31mstep: 1443  [32mloss:  2.6809  [38;2;180;60;0mgrad_norm:  1.0500  [38;2;54;234;195mmemory: 72.92GiB(91.79%)  [34mtps: 846  [36mtflops: 40.77  [35mmfu: 4.12%[39m
[rank0]:[titan] 2026-03-17 11:41:29,468 - root - INFO - [31mstep: 1444  [32mloss:  2.7559  [38;2;180;60;0mgrad_norm:  1.5544  [38;2;54;234;195mmemory: 72.92GiB(91.79%)  [34mtps: 846  [36mtflops: 40.74  [35mmfu: 4.12%[39m
[rank0]:[titan] 2026-03-17 11:41:31,890 - root - INFO - [31mstep: 1445  [32mloss:  2.6937  [38;2;180;60;0mgrad_norm:  1.2114  [38;2;54;234;195mmemory: 72.92GiB(91.79%)  [34mtps: 846  [36mtflops: 40.75  [35mmfu: 4.12%[39m
[rank0]:[titan] 2026-03-17 11:41:34,310 - root - INFO - [31mstep: 1446  [32mloss:  2.7524  [38;2;180;60;0mgrad_norm:  1.8670  [38;2;54;234;195mmemory: 72.92GiB(91.79%)  [34mtps: 846  [36mtflops: 40.78  [35mmfu: 4.12%[39m
[rank0]:[titan] 2026-03-17 11:41:36,732 - root - INFO - [31mstep: 1447  [32mloss:  2.8098  [38;2;180;60;0mgrad_norm:  1.9575  [38;2;54;234;195mmemory: 72.92GiB(91.79%)  [34mtps: 846  [36mtflops: 40.74  [35mmfu: 4.12%[39m
[rank0]:[titan] 2026-03-17 11:41:39,157 - root - INFO - [31mstep: 1448  [32mloss:  2.6998  [38;2;180;60;0mgrad_norm:  1.3419  [38;2;54;234;195mmemory: 72.92GiB(91.79%)  [34mtps: 845  [36mtflops: 40.70  [35mmfu: 4.12%[39m
[rank0]:[titan] 2026-03-17 11:41:41,578 - root - INFO - [31mstep: 1449  [32mloss:  2.7496  [38;2;180;60;0mgrad_norm:  1.9619  [38;2;54;234;195mmemory: 72.92GiB(91.79%)  [34mtps: 846  [36mtflops: 40.78  [35mmfu: 4.12%[39m
[rank0]:[titan] 2026-03-17 11:41:43,998 - root - INFO - [31mstep: 1450  [32mloss:  2.7542  [38;2;180;60;0mgrad_norm:  1.6991  [38;2;54;234;195mmemory: 72.92GiB(91.79%)  [34mtps: 846  [36mtflops: 40.79  [35mmfu: 4.12%[39m
[rank0]:[titan] 2026-03-17 11:41:46,417 - root - INFO - [31mstep: 1451  [32mloss:  2.7553  [38;2;180;60;0mgrad_norm:  2.0294  [38;2;54;234;195mmemory: 72.92GiB(91.79%)  [34mtps: 847  [36mtflops: 40.79  [35mmfu: 4.12%[39m
[rank0]:[titan] 2026-03-17 11:41:48,841 - root - INFO - [31mstep: 1452  [32mloss:  2.7581  [38;2;180;60;0mgrad_norm:  1.5986  [38;2;54;234;195mmemory: 72.92GiB(91.79%)  [34mtps: 845  [36mtflops: 40.73  [35mmfu: 4.12%[39m
[rank0]:[titan] 2026-03-17 11:41:51,265 - root - INFO - [31mstep: 1453  [32mloss:  2.6853  [38;2;180;60;0mgrad_norm:  1.7243  [38;2;54;234;195mmemory: 72.92GiB(91.79%)  [34mtps: 845  [36mtflops: 40.71  [35mmfu: 4.12%[39m
[rank0]:[titan] 2026-03-17 11:41:53,684 - root - INFO - [31mstep: 1454  [32mloss:  2.6851  [38;2;180;60;0mgrad_norm:  1.5582  [38;2;54;234;195mmemory: 72.92GiB(91.79%)  [34mtps: 847  [36mtflops: 40.80  [35mmfu: 4.13%[39m
[rank0]:[titan] 2026-03-17 11:41:56,108 - root - INFO - [31mstep: 1455  [32mloss:  2.6849  [38;2;180;60;0mgrad_norm:  1.3246  [38;2;54;234;195mmemory: 72.92GiB(91.79%)  [34mtps: 845  [36mtflops: 40.71  [35mmfu: 4.12%[39m
[rank0]:[titan] 2026-03-17 11:41:58,528 - root - INFO - [31mstep: 1456  [32mloss:  2.7025  [38;2;180;60;0mgrad_norm:  1.8273  [38;2;54;234;195mmemory: 72.92GiB(91.79%)  [34mtps: 846  [36mtflops: 40.79  [35mmfu: 4.12%[39m
[rank0]:[titan] 2026-03-17 11:42:00,949 - root - INFO - [31mstep: 1457  [32mloss:  2.7440  [38;2;180;60;0mgrad_norm:  1.4509  [38;2;54;234;195mmemory: 72.92GiB(91.79%)  [34mtps: 846  [36mtflops: 40.77  [35mmfu: 4.12%[39m
[rank0]:[titan] 2026-03-17 11:42:03,372 - root - INFO - [31mstep: 1458  [32mloss:  2.6897  [38;2;180;60;0mgrad_norm:  1.1617  [38;2;54;234;195mmemory: 72.92GiB(91.79%)  [34mtps: 845  [36mtflops: 40.73  [35mmfu: 4.12%[39m
[rank0]:[titan] 2026-03-17 11:42:05,794 - root - INFO - [31mstep: 1459  [32mloss:  2.7217  [38;2;180;60;0mgrad_norm:  1.1104  [38;2;54;234;195mmemory: 72.92GiB(91.79%)  [34mtps: 846  [36mtflops: 40.75  [35mmfu: 4.12%[39m
[rank0]:[titan] 2026-03-17 11:42:08,213 - root - INFO - [31mstep: 1460  [32mloss:  2.7293  [38;2;180;60;0mgrad_norm:  1.5923  [38;2;54;234;195mmemory: 72.92GiB(91.79%)  [34mtps: 847  [36mtflops: 40.80  [35mmfu: 4.13%[39m
[rank0]:[titan] 2026-03-17 11:42:10,641 - root - INFO - [31mstep: 1461  [32mloss:  2.7496  [38;2;180;60;0mgrad_norm:  1.2141  [38;2;54;234;195mmemory: 72.92GiB(91.79%)  [34mtps: 844  [36mtflops: 40.66  [35mmfu: 4.11%[39m
[rank0]:[titan] 2026-03-17 11:42:13,062 - root - INFO - [31mstep: 1462  [32mloss:  2.6836  [38;2;180;60;0mgrad_norm:  1.7753  [38;2;54;234;195mmemory: 72.92GiB(91.79%)  [34mtps: 846  [36mtflops: 40.77  [35mmfu: 4.12%[39m
[rank0]:[titan] 2026-03-17 11:42:15,483 - root - INFO - [31mstep: 1463  [32mloss:  2.7022  [38;2;180;60;0mgrad_norm:  2.0588  [38;2;54;234;195mmemory: 72.92GiB(91.79%)  [34mtps: 846  [36mtflops: 40.76  [35mmfu: 4.12%[39m
[rank0]:[titan] 2026-03-17 11:42:17,907 - root - INFO - [31mstep: 1464  [32mloss:  2.7232  [38;2;180;60;0mgrad_norm:  1.4454  [38;2;54;234;195mmemory: 72.92GiB(91.79%)  [34mtps: 845  [36mtflops: 40.72  [35mmfu: 4.12%[39m
[rank0]:[titan] 2026-03-17 11:42:20,336 - root - INFO - [31mstep: 1465  [32mloss:  2.6880  [38;2;180;60;0mgrad_norm:  1.8115  [38;2;54;234;195mmemory: 72.92GiB(91.79%)  [34mtps: 843  [36mtflops: 40.63  [35mmfu: 4.11%[39m
[rank0]:[titan] 2026-03-17 11:42:22,759 - root - INFO - [31mstep: 1466  [32mloss:  2.7104  [38;2;180;60;0mgrad_norm:  1.8643  [38;2;54;234;195mmemory: 72.92GiB(91.79%)  [34mtps: 846  [36mtflops: 40.74  [35mmfu: 4.12%[39m
[rank0]:[titan] 2026-03-17 11:42:25,181 - root - INFO - [31mstep: 1467  [32mloss:  2.7326  [38;2;180;60;0mgrad_norm:  5.4779  [38;2;54;234;195mmemory: 72.92GiB(91.79%)  [34mtps: 846  [36mtflops: 40.74  [35mmfu: 4.12%[39m
[rank0]:[titan] 2026-03-17 11:42:27,603 - root - INFO - [31mstep: 1468  [32mloss:  2.7264  [38;2;180;60;0mgrad_norm:  1.4209  [38;2;54;234;195mmemory: 72.92GiB(91.79%)  [34mtps: 846  [36mtflops: 40.77  [35mmfu: 4.12%[39m
[rank0]:[titan] 2026-03-17 11:42:30,024 - root - INFO - [31mstep: 1469  [32mloss:  2.7824  [38;2;180;60;0mgrad_norm:  1.7363  [38;2;54;234;195mmemory: 72.92GiB(91.79%)  [34mtps: 846  [36mtflops: 40.78  [35mmfu: 4.12%[39m
[rank0]:[titan] 2026-03-17 11:42:32,480 - root - INFO - [31mstep: 1470  [32mloss:  2.6933  [38;2;180;60;0mgrad_norm:  1.5347  [38;2;54;234;195mmemory: 72.92GiB(91.79%)  [34mtps: 834  [36mtflops: 40.19  [35mmfu: 4.06%[39m
[rank0]:[titan] 2026-03-17 11:42:34,899 - root - INFO - [31mstep: 1471  [32mloss:  2.6996  [38;2;180;60;0mgrad_norm:  1.7822  [38;2;54;234;195mmemory: 72.92GiB(91.79%)  [34mtps: 847  [36mtflops: 40.80  [35mmfu: 4.13%[39m
[rank0]:[titan] 2026-03-17 11:42:37,321 - root - INFO - [31mstep: 1472  [32mloss:  2.6973  [38;2;180;60;0mgrad_norm:  1.4786  [38;2;54;234;195mmemory: 72.92GiB(91.79%)  [34mtps: 846  [36mtflops: 40.75  [35mmfu: 4.12%[39m
[rank0]:[titan] 2026-03-17 11:42:39,743 - root - INFO - [31mstep: 1473  [32mloss:  2.7141  [38;2;180;60;0mgrad_norm:  1.4470  [38;2;54;234;195mmemory: 72.92GiB(91.79%)  [34mtps: 846  [36mtflops: 40.75  [35mmfu: 4.12%[39m
[rank0]:[titan] 2026-03-17 11:42:42,164 - root - INFO - [31mstep: 1474  [32mloss:  2.7603  [38;2;180;60;0mgrad_norm:  1.4227  [38;2;54;234;195mmemory: 72.92GiB(91.79%)  [34mtps: 846  [36mtflops: 40.77  [35mmfu: 4.12%[39m
[rank0]:[titan] 2026-03-17 11:42:44,595 - root - INFO - [31mstep: 1475  [32mloss:  2.7208  [38;2;180;60;0mgrad_norm:  1.3196  [38;2;54;234;195mmemory: 72.92GiB(91.79%)  [34mtps: 843  [36mtflops: 40.61  [35mmfu: 4.11%[39m
[rank0]:[titan] 2026-03-17 11:42:47,017 - root - INFO - [31mstep: 1476  [32mloss:  2.6571  [38;2;180;60;0mgrad_norm:  1.9276  [38;2;54;234;195mmemory: 72.92GiB(91.79%)  [34mtps: 846  [36mtflops: 40.75  [35mmfu: 4.12%[39m
[rank0]:[titan] 2026-03-17 11:42:49,439 - root - INFO - [31mstep: 1477  [32mloss:  2.6996  [38;2;180;60;0mgrad_norm:  1.8521  [38;2;54;234;195mmemory: 72.92GiB(91.79%)  [34mtps: 846  [36mtflops: 40.75  [35mmfu: 4.12%[39m
[rank0]:[titan] 2026-03-17 11:42:51,861 - root - INFO - [31mstep: 1478  [32mloss:  2.6842  [38;2;180;60;0mgrad_norm:  1.5209  [38;2;54;234;195mmemory: 72.92GiB(91.79%)  [34mtps: 846  [36mtflops: 40.76  [35mmfu: 4.12%[39m
[rank0]:[titan] 2026-03-17 11:42:54,282 - root - INFO - [31mstep: 1479  [32mloss:  2.6754  [38;2;180;60;0mgrad_norm:  1.3805  [38;2;54;234;195mmemory: 72.92GiB(91.79%)  [34mtps: 846  [36mtflops: 40.76  [35mmfu: 4.12%[39m
[rank0]:[titan] 2026-03-17 11:42:56,702 - root - INFO - [31mstep: 1480  [32mloss:  2.7405  [38;2;180;60;0mgrad_norm:  1.7213  [38;2;54;234;195mmemory: 72.92GiB(91.79%)  [34mtps: 846  [36mtflops: 40.78  [35mmfu: 4.12%[39m
[rank0]:[titan] 2026-03-17 11:42:56,704 - root - WARNING - Dataset c4_test is being re-looped
[rank0]:[titan] 2026-03-17 11:42:59,124 - root - INFO - [31mstep: 1481  [32mloss:  2.7505  [38;2;180;60;0mgrad_norm:  1.7984  [38;2;54;234;195mmemory: 72.92GiB(91.79%)  [34mtps: 846  [36mtflops: 40.76  [35mmfu: 4.12%[39m
[rank0]:[titan] 2026-03-17 11:43:01,554 - root - INFO - [31mstep: 1482  [32mloss:  2.6813  [38;2;180;60;0mgrad_norm:  1.7207  [38;2;54;234;195mmemory: 72.92GiB(91.79%)  [34mtps: 843  [36mtflops: 40.62  [35mmfu: 4.11%[39m
[rank0]:[titan] 2026-03-17 11:43:03,980 - root - INFO - [31mstep: 1483  [32mloss:  2.6911  [38;2;180;60;0mgrad_norm:  1.3476  [38;2;54;234;195mmemory: 72.92GiB(91.79%)  [34mtps: 844  [36mtflops: 40.67  [35mmfu: 4.11%[39m
[rank0]:[titan] 2026-03-17 11:43:06,402 - root - INFO - [31mstep: 1484  [32mloss:  2.7059  [38;2;180;60;0mgrad_norm:  1.4034  [38;2;54;234;195mmemory: 72.92GiB(91.79%)  [34mtps: 846  [36mtflops: 40.76  [35mmfu: 4.12%[39m
[rank0]:[titan] 2026-03-17 11:43:08,828 - root - INFO - [31mstep: 1485  [32mloss:  2.7379  [38;2;180;60;0mgrad_norm:  1.4921  [38;2;54;234;195mmemory: 72.92GiB(91.79%)  [34mtps: 844  [36mtflops: 40.67  [35mmfu: 4.11%[39m
[rank0]:[titan] 2026-03-17 11:43:11,251 - root - INFO - [31mstep: 1486  [32mloss:  2.7449  [38;2;180;60;0mgrad_norm:  1.3795  [38;2;54;234;195mmemory: 72.92GiB(91.79%)  [34mtps: 846  [36mtflops: 40.75  [35mmfu: 4.12%[39m
[rank0]:[titan] 2026-03-17 11:43:13,680 - root - INFO - [31mstep: 1487  [32mloss:  2.7373  [38;2;180;60;0mgrad_norm:  0.9197  [38;2;54;234;195mmemory: 72.92GiB(91.79%)  [34mtps: 843  [36mtflops: 40.63  [35mmfu: 4.11%[39m
[rank0]:[titan] 2026-03-17 11:43:16,104 - root - INFO - [31mstep: 1488  [32mloss:  2.7255  [38;2;180;60;0mgrad_norm:  1.5121  [38;2;54;234;195mmemory: 72.92GiB(91.79%)  [34mtps: 845  [36mtflops: 40.72  [35mmfu: 4.12%[39m
[rank0]:[titan] 2026-03-17 11:43:18,525 - root - INFO - [31mstep: 1489  [32mloss:  2.6844  [38;2;180;60;0mgrad_norm:  1.7750  [38;2;54;234;195mmemory: 72.92GiB(91.79%)  [34mtps: 846  [36mtflops: 40.77  [35mmfu: 4.12%[39m
[rank0]:[titan] 2026-03-17 11:43:20,946 - root - INFO - [31mstep: 1490  [32mloss:  2.6964  [38;2;180;60;0mgrad_norm:  1.1257  [38;2;54;234;195mmemory: 72.92GiB(91.79%)  [34mtps: 846  [36mtflops: 40.77  [35mmfu: 4.12%[39m
[rank0]:[titan] 2026-03-17 11:43:23,368 - root - INFO - [31mstep: 1491  [32mloss:  2.7300  [38;2;180;60;0mgrad_norm:  1.6719  [38;2;54;234;195mmemory: 72.92GiB(91.79%)  [34mtps: 846  [36mtflops: 40.75  [35mmfu: 4.12%[39m
[rank0]:[titan] 2026-03-17 11:43:25,791 - root - INFO - [31mstep: 1492  [32mloss:  2.7278  [38;2;180;60;0mgrad_norm:  2.4189  [38;2;54;234;195mmemory: 72.92GiB(91.79%)  [34mtps: 845  [36mtflops: 40.73  [35mmfu: 4.12%[39m
[rank0]:[titan] 2026-03-17 11:43:28,220 - root - INFO - [31mstep: 1493  [32mloss:  2.7277  [38;2;180;60;0mgrad_norm:  1.9934  [38;2;54;234;195mmemory: 72.92GiB(91.79%)  [34mtps: 843  [36mtflops: 40.64  [35mmfu: 4.11%[39m
[rank0]:[titan] 2026-03-17 11:43:30,641 - root - INFO - [31mstep: 1494  [32mloss:  2.7435  [38;2;180;60;0mgrad_norm:  1.7122  [38;2;54;234;195mmemory: 72.92GiB(91.79%)  [34mtps: 846  [36mtflops: 40.76  [35mmfu: 4.12%[39m
[rank0]:[titan] 2026-03-17 11:43:33,061 - root - INFO - [31mstep: 1495  [32mloss:  2.7635  [38;2;180;60;0mgrad_norm:  1.7549  [38;2;54;234;195mmemory: 72.92GiB(91.79%)  [34mtps: 847  [36mtflops: 40.79  [35mmfu: 4.12%[39m
[rank0]:[titan] 2026-03-17 11:43:35,482 - root - INFO - [31mstep: 1496  [32mloss:  2.8046  [38;2;180;60;0mgrad_norm:  1.8383  [38;2;54;234;195mmemory: 72.92GiB(91.79%)  [34mtps: 846  [36mtflops: 40.76  [35mmfu: 4.12%[39m
[rank0]:[titan] 2026-03-17 11:43:37,902 - root - INFO - [31mstep: 1497  [32mloss:  2.6778  [38;2;180;60;0mgrad_norm:  1.9565  [38;2;54;234;195mmemory: 72.92GiB(91.79%)  [34mtps: 847  [36mtflops: 40.79  [35mmfu: 4.12%[39m
[rank0]:[titan] 2026-03-17 11:43:40,321 - root - INFO - [31mstep: 1498  [32mloss:  2.6842  [38;2;180;60;0mgrad_norm:  1.6832  [38;2;54;234;195mmemory: 72.92GiB(91.79%)  [34mtps: 847  [36mtflops: 40.81  [35mmfu: 4.13%[39m
[rank0]:[titan] 2026-03-17 11:43:42,744 - root - INFO - [31mstep: 1499  [32mloss:  2.6474  [38;2;180;60;0mgrad_norm:  1.5891  [38;2;54;234;195mmemory: 72.92GiB(91.79%)  [34mtps: 845  [36mtflops: 40.73  [35mmfu: 4.12%[39m
[rank0]:[titan] 2026-03-17 11:43:45,164 - root - INFO - [31mstep: 1500  [32mloss:  2.6936  [38;2;180;60;0mgrad_norm:  1.8860  [38;2;54;234;195mmemory: 72.92GiB(91.79%)  [34mtps: 846  [36mtflops: 40.78  [35mmfu: 4.12%[39m
[rank0]:[titan] 2026-03-17 11:43:47,586 - root - INFO - [31mstep: 1501  [32mloss:  2.6929  [38;2;180;60;0mgrad_norm:  2.3803  [38;2;54;234;195mmemory: 72.92GiB(91.79%)  [34mtps: 846  [36mtflops: 40.75  [35mmfu: 4.12%[39m
[rank0]:[titan] 2026-03-17 11:43:50,008 - root - INFO - [31mstep: 1502  [32mloss:  2.6830  [38;2;180;60;0mgrad_norm:  1.7103  [38;2;54;234;195mmemory: 72.92GiB(91.79%)  [34mtps: 846  [36mtflops: 40.75  [35mmfu: 4.12%[39m
[rank0]:[titan] 2026-03-17 11:43:52,428 - root - INFO - [31mstep: 1503  [32mloss:  2.6723  [38;2;180;60;0mgrad_norm:  1.3903  [38;2;54;234;195mmemory: 72.92GiB(91.79%)  [34mtps: 846  [36mtflops: 40.78  [35mmfu: 4.12%[39m
[rank0]:[titan] 2026-03-17 11:43:54,852 - root - INFO - [31mstep: 1504  [32mloss:  2.6484  [38;2;180;60;0mgrad_norm:  1.8517  [38;2;54;234;195mmemory: 72.92GiB(91.79%)  [34mtps: 845  [36mtflops: 40.72  [35mmfu: 4.12%[39m
[rank0]:[titan] 2026-03-17 11:43:57,281 - root - INFO - [31mstep: 1505  [32mloss:  2.7597  [38;2;180;60;0mgrad_norm:  2.2506  [38;2;54;234;195mmemory: 72.92GiB(91.79%)  [34mtps: 843  [36mtflops: 40.64  [35mmfu: 4.11%[39m
[rank0]:[titan] 2026-03-17 11:43:59,701 - root - INFO - [31mstep: 1506  [32mloss:  2.8466  [38;2;180;60;0mgrad_norm:  1.9982  [38;2;54;234;195mmemory: 72.92GiB(91.79%)  [34mtps: 847  [36mtflops: 40.79  [35mmfu: 4.12%[39m
[rank0]:[titan] 2026-03-17 11:44:02,128 - root - INFO - [31mstep: 1507  [32mloss:  2.7605  [38;2;180;60;0mgrad_norm:  1.1787  [38;2;54;234;195mmemory: 72.92GiB(91.79%)  [34mtps: 844  [36mtflops: 40.65  [35mmfu: 4.11%[39m
[rank0]:[titan] 2026-03-17 11:44:04,548 - root - INFO - [31mstep: 1508  [32mloss:  2.7393  [38;2;180;60;0mgrad_norm:  1.8745  [38;2;54;234;195mmemory: 72.92GiB(91.79%)  [34mtps: 846  [36mtflops: 40.78  [35mmfu: 4.12%[39m
[rank0]:[titan] 2026-03-17 11:44:06,972 - root - INFO - [31mstep: 1509  [32mloss:  2.7385  [38;2;180;60;0mgrad_norm:  1.9441  [38;2;54;234;195mmemory: 72.92GiB(91.79%)  [34mtps: 845  [36mtflops: 40.72  [35mmfu: 4.12%[39m
[rank0]:[titan] 2026-03-17 11:44:09,393 - root - INFO - [31mstep: 1510  [32mloss:  2.7364  [38;2;180;60;0mgrad_norm:  2.1338  [38;2;54;234;195mmemory: 72.92GiB(91.79%)  [34mtps: 846  [36mtflops: 40.77  [35mmfu: 4.12%[39m
[rank0]:[titan] 2026-03-17 11:44:11,813 - root - INFO - [31mstep: 1511  [32mloss:  2.7697  [38;2;180;60;0mgrad_norm:  1.2369  [38;2;54;234;195mmemory: 72.92GiB(91.79%)  [34mtps: 847  [36mtflops: 40.79  [35mmfu: 4.12%[39m
[rank0]:[titan] 2026-03-17 11:44:14,255 - root - INFO - [31mstep: 1512  [32mloss:  2.7425  [38;2;180;60;0mgrad_norm:  1.0022  [38;2;54;234;195mmemory: 72.92GiB(91.79%)  [34mtps: 839  [36mtflops: 40.42  [35mmfu: 4.09%[39m
[rank0]:[titan] 2026-03-17 11:44:16,675 - root - INFO - [31mstep: 1513  [32mloss:  2.7151  [38;2;180;60;0mgrad_norm:  1.7057  [38;2;54;234;195mmemory: 72.92GiB(91.79%)  [34mtps: 846  [36mtflops: 40.78  [35mmfu: 4.12%[39m
[rank0]:[titan] 2026-03-17 11:44:19,097 - root - INFO - [31mstep: 1514  [32mloss:  2.7100  [38;2;180;60;0mgrad_norm:  1.5481  [38;2;54;234;195mmemory: 72.92GiB(91.79%)  [34mtps: 846  [36mtflops: 40.75  [35mmfu: 4.12%[39m
[rank0]:[titan] 2026-03-17 11:44:21,524 - root - INFO - [31mstep: 1515  [32mloss:  2.6887  [38;2;180;60;0mgrad_norm:  1.1267  [38;2;54;234;195mmemory: 72.92GiB(91.79%)  [34mtps: 844  [36mtflops: 40.66  [35mmfu: 4.11%[39m
[rank0]:[titan] 2026-03-17 11:44:23,943 - root - INFO - [31mstep: 1516  [32mloss:  2.6687  [38;2;180;60;0mgrad_norm:  1.5141  [38;2;54;234;195mmemory: 72.92GiB(91.79%)  [34mtps: 847  [36mtflops: 40.80  [35mmfu: 4.13%[39m
[rank0]:[titan] 2026-03-17 11:44:26,365 - root - INFO - [31mstep: 1517  [32mloss:  2.6643  [38;2;180;60;0mgrad_norm:  1.7365  [38;2;54;234;195mmemory: 72.92GiB(91.79%)  [34mtps: 846  [36mtflops: 40.75  [35mmfu: 4.12%[39m
[rank0]:[titan] 2026-03-17 11:44:28,785 - root - INFO - [31mstep: 1518  [32mloss:  2.6673  [38;2;180;60;0mgrad_norm:  1.4172  [38;2;54;234;195mmemory: 72.92GiB(91.79%)  [34mtps: 847  [36mtflops: 40.79  [35mmfu: 4.12%[39m
[rank0]:[titan] 2026-03-17 11:44:31,214 - root - INFO - [31mstep: 1519  [32mloss:  2.6452  [38;2;180;60;0mgrad_norm:  1.4252  [38;2;54;234;195mmemory: 72.92GiB(91.79%)  [34mtps: 844  [36mtflops: 40.65  [35mmfu: 4.11%[39m
[rank0]:[titan] 2026-03-17 11:44:33,634 - root - INFO - [31mstep: 1520  [32mloss:  2.6770  [38;2;180;60;0mgrad_norm:  1.4504  [38;2;54;234;195mmemory: 72.92GiB(91.79%)  [34mtps: 846  [36mtflops: 40.77  [35mmfu: 4.12%[39m
[rank0]:[titan] 2026-03-17 11:44:36,064 - root - INFO - [31mstep: 1521  [32mloss:  2.6306  [38;2;180;60;0mgrad_norm:  1.3044  [38;2;54;234;195mmemory: 72.92GiB(91.79%)  [34mtps: 843  [36mtflops: 40.62  [35mmfu: 4.11%[39m
[rank0]:[titan] 2026-03-17 11:44:38,483 - root - INFO - [31mstep: 1522  [32mloss:  2.6308  [38;2;180;60;0mgrad_norm:  1.3059  [38;2;54;234;195mmemory: 72.92GiB(91.79%)  [34mtps: 847  [36mtflops: 40.80  [35mmfu: 4.13%[39m
[rank0]:[titan] 2026-03-17 11:44:40,914 - root - INFO - [31mstep: 1523  [32mloss:  2.6829  [38;2;180;60;0mgrad_norm:  1.2501  [38;2;54;234;195mmemory: 72.92GiB(91.79%)  [34mtps: 843  [36mtflops: 40.61  [35mmfu: 4.11%[39m
[rank0]:[titan] 2026-03-17 11:44:43,333 - root - INFO - [31mstep: 1524  [32mloss:  2.6780  [38;2;180;60;0mgrad_norm:  0.8866  [38;2;54;234;195mmemory: 72.92GiB(91.79%)  [34mtps: 847  [36mtflops: 40.79  [35mmfu: 4.12%[39m
[rank0]:[titan] 2026-03-17 11:44:45,757 - root - INFO - [31mstep: 1525  [32mloss:  2.6701  [38;2;180;60;0mgrad_norm:  1.6076  [38;2;54;234;195mmemory: 72.92GiB(91.79%)  [34mtps: 845  [36mtflops: 40.72  [35mmfu: 4.12%[39m
[rank0]:[titan] 2026-03-17 11:44:48,178 - root - INFO - [31mstep: 1526  [32mloss:  2.6709  [38;2;180;60;0mgrad_norm:  1.7640  [38;2;54;234;195mmemory: 72.92GiB(91.79%)  [34mtps: 846  [36mtflops: 40.77  [35mmfu: 4.12%[39m
[rank0]:[titan] 2026-03-17 11:44:50,599 - root - INFO - [31mstep: 1527  [32mloss:  2.6854  [38;2;180;60;0mgrad_norm:  1.3316  [38;2;54;234;195mmemory: 72.92GiB(91.79%)  [34mtps: 846  [36mtflops: 40.78  [35mmfu: 4.12%[39m
[rank0]:[titan] 2026-03-17 11:44:53,016 - root - INFO - [31mstep: 1528  [32mloss:  2.6504  [38;2;180;60;0mgrad_norm:  1.5670  [38;2;54;234;195mmemory: 72.92GiB(91.79%)  [34mtps: 847  [36mtflops: 40.82  [35mmfu: 4.13%[39m
[rank0]:[titan] 2026-03-17 11:44:55,441 - root - INFO - [31mstep: 1529  [32mloss:  2.6668  [38;2;180;60;0mgrad_norm:  0.9311  [38;2;54;234;195mmemory: 72.92GiB(91.79%)  [34mtps: 845  [36mtflops: 40.71  [35mmfu: 4.12%[39m
[rank0]:[titan] 2026-03-17 11:44:57,864 - root - INFO - [31mstep: 1530  [32mloss:  2.6889  [38;2;180;60;0mgrad_norm:  1.8065  [38;2;54;234;195mmemory: 72.92GiB(91.79%)  [34mtps: 846  [36mtflops: 40.74  [35mmfu: 4.12%[39m
[rank0]:[titan] 2026-03-17 11:45:00,283 - root - INFO - [31mstep: 1531  [32mloss:  2.6734  [38;2;180;60;0mgrad_norm:  1.5785  [38;2;54;234;195mmemory: 72.92GiB(91.79%)  [34mtps: 847  [36mtflops: 40.79  [35mmfu: 4.12%[39m
[rank0]:[titan] 2026-03-17 11:45:02,705 - root - INFO - [31mstep: 1532  [32mloss:  2.6548  [38;2;180;60;0mgrad_norm:  1.6067  [38;2;54;234;195mmemory: 72.92GiB(91.79%)  [34mtps: 846  [36mtflops: 40.75  [35mmfu: 4.12%[39m
[rank0]:[titan] 2026-03-17 11:45:05,132 - root - INFO - [31mstep: 1533  [32mloss:  2.6747  [38;2;180;60;0mgrad_norm:  1.6294  [38;2;54;234;195mmemory: 72.92GiB(91.79%)  [34mtps: 844  [36mtflops: 40.66  [35mmfu: 4.11%[39m
[rank0]:[titan] 2026-03-17 11:45:07,557 - root - INFO - [31mstep: 1534  [32mloss:  2.7208  [38;2;180;60;0mgrad_norm:  1.2781  [38;2;54;234;195mmemory: 72.92GiB(91.79%)  [34mtps: 845  [36mtflops: 40.70  [35mmfu: 4.12%[39m
[rank0]:[titan] 2026-03-17 11:45:09,986 - root - INFO - [31mstep: 1535  [32mloss:  2.7382  [38;2;180;60;0mgrad_norm:  1.7293  [38;2;54;234;195mmemory: 72.92GiB(91.79%)  [34mtps: 846  [36mtflops: 40.75  [35mmfu: 4.12%[39m
[rank0]:[titan] 2026-03-17 11:45:12,412 - root - INFO - [31mstep: 1536  [32mloss:  2.6943  [38;2;180;60;0mgrad_norm:  1.5516  [38;2;54;234;195mmemory: 72.92GiB(91.79%)  [34mtps: 845  [36mtflops: 40.73  [35mmfu: 4.12%[39m
[rank0]:[titan] 2026-03-17 11:45:14,834 - root - INFO - [31mstep: 1537  [32mloss:  2.6767  [38;2;180;60;0mgrad_norm:  1.1686  [38;2;54;234;195mmemory: 72.92GiB(91.79%)  [34mtps: 846  [36mtflops: 40.75  [35mmfu: 4.12%[39m
[rank0]:[titan] 2026-03-17 11:45:17,253 - root - INFO - [31mstep: 1538  [32mloss:  2.6828  [38;2;180;60;0mgrad_norm:  1.1783  [38;2;54;234;195mmemory: 72.92GiB(91.79%)  [34mtps: 847  [36mtflops: 40.81  [35mmfu: 4.13%[39m
[rank0]:[titan] 2026-03-17 11:45:19,674 - root - INFO - [31mstep: 1539  [32mloss:  2.7065  [38;2;180;60;0mgrad_norm:  1.2999  [38;2;54;234;195mmemory: 72.92GiB(91.79%)  [34mtps: 846  [36mtflops: 40.77  [35mmfu: 4.12%[39m
[rank0]:[titan] 2026-03-17 11:45:22,094 - root - INFO - [31mstep: 1540  [32mloss:  2.6812  [38;2;180;60;0mgrad_norm:  1.3397  [38;2;54;234;195mmemory: 72.92GiB(91.79%)  [34mtps: 846  [36mtflops: 40.78  [35mmfu: 4.12%[39m
[rank0]:[titan] 2026-03-17 11:45:24,518 - root - INFO - [31mstep: 1541  [32mloss:  2.6818  [38;2;180;60;0mgrad_norm:  1.5928  [38;2;54;234;195mmemory: 72.92GiB(91.79%)  [34mtps: 845  [36mtflops: 40.73  [35mmfu: 4.12%[39m
[rank0]:[titan] 2026-03-17 11:45:26,939 - root - INFO - [31mstep: 1542  [32mloss:  2.6952  [38;2;180;60;0mgrad_norm:  1.1332  [38;2;54;234;195mmemory: 72.92GiB(91.79%)  [34mtps: 846  [36mtflops: 40.77  [35mmfu: 4.12%[39m
[rank0]:[titan] 2026-03-17 11:45:29,362 - root - INFO - [31mstep: 1543  [32mloss:  2.7210  [38;2;180;60;0mgrad_norm:  1.5923  [38;2;54;234;195mmemory: 72.92GiB(91.79%)  [34mtps: 845  [36mtflops: 40.72  [35mmfu: 4.12%[39m
[rank0]:[titan] 2026-03-17 11:45:31,785 - root - INFO - [31mstep: 1544  [32mloss:  2.6942  [38;2;180;60;0mgrad_norm:  1.2833  [38;2;54;234;195mmemory: 72.92GiB(91.79%)  [34mtps: 846  [36mtflops: 40.74  [35mmfu: 4.12%[39m
[rank0]:[titan] 2026-03-17 11:45:34,217 - root - INFO - [31mstep: 1545  [32mloss:  2.6964  [38;2;180;60;0mgrad_norm:  0.8289  [38;2;54;234;195mmemory: 72.92GiB(91.79%)  [34mtps: 842  [36mtflops: 40.58  [35mmfu: 4.10%[39m
[rank0]:[titan] 2026-03-17 11:45:36,642 - root - INFO - [31mstep: 1546  [32mloss:  2.6899  [38;2;180;60;0mgrad_norm:  1.6656  [38;2;54;234;195mmemory: 72.92GiB(91.79%)  [34mtps: 845  [36mtflops: 40.71  [35mmfu: 4.12%[39m
[rank0]:[titan] 2026-03-17 11:45:39,062 - root - INFO - [31mstep: 1547  [32mloss:  2.6996  [38;2;180;60;0mgrad_norm:  2.6890  [38;2;54;234;195mmemory: 72.92GiB(91.79%)  [34mtps: 846  [36mtflops: 40.78  [35mmfu: 4.12%[39m
[rank0]:[titan] 2026-03-17 11:45:41,481 - root - INFO - [31mstep: 1548  [32mloss:  2.7478  [38;2;180;60;0mgrad_norm:  1.2778  [38;2;54;234;195mmemory: 72.92GiB(91.79%)  [34mtps: 847  [36mtflops: 40.79  [35mmfu: 4.12%[39m
[rank0]:[titan] 2026-03-17 11:45:43,902 - root - INFO - [31mstep: 1549  [32mloss:  2.7650  [38;2;180;60;0mgrad_norm:  1.4806  [38;2;54;234;195mmemory: 72.92GiB(91.79%)  [34mtps: 846  [36mtflops: 40.78  [35mmfu: 4.12%[39m
[rank0]:[titan] 2026-03-17 11:45:46,341 - root - INFO - [31mstep: 1550  [32mloss:  2.7511  [38;2;180;60;0mgrad_norm:  1.2632  [38;2;54;234;195mmemory: 72.92GiB(91.79%)  [34mtps: 840  [36mtflops: 40.47  [35mmfu: 4.09%[39m
[rank0]:[titan] 2026-03-17 11:45:48,764 - root - INFO - [31mstep: 1551  [32mloss:  2.9037  [38;2;180;60;0mgrad_norm:  1.7846  [38;2;54;234;195mmemory: 72.92GiB(91.79%)  [34mtps: 845  [36mtflops: 40.74  [35mmfu: 4.12%[39m
[rank0]:[titan] 2026-03-17 11:45:51,184 - root - INFO - [31mstep: 1552  [32mloss:  2.8797  [38;2;180;60;0mgrad_norm:  1.8199  [38;2;54;234;195mmemory: 72.92GiB(91.79%)  [34mtps: 846  [36mtflops: 40.78  [35mmfu: 4.12%[39m
[rank0]:[titan] 2026-03-17 11:45:53,611 - root - INFO - [31mstep: 1553  [32mloss:  2.7181  [38;2;180;60;0mgrad_norm:  1.6943  [38;2;54;234;195mmemory: 72.92GiB(91.79%)  [34mtps: 844  [36mtflops: 40.67  [35mmfu: 4.11%[39m
[rank0]:[titan] 2026-03-17 11:45:56,039 - root - INFO - [31mstep: 1554  [32mloss:  2.7135  [38;2;180;60;0mgrad_norm:  1.3922  [38;2;54;234;195mmemory: 72.92GiB(91.79%)  [34mtps: 844  [36mtflops: 40.65  [35mmfu: 4.11%[39m
[rank0]:[titan] 2026-03-17 11:45:58,461 - root - INFO - [31mstep: 1555  [32mloss:  2.7098  [38;2;180;60;0mgrad_norm:  1.2251  [38;2;54;234;195mmemory: 72.92GiB(91.79%)  [34mtps: 846  [36mtflops: 40.76  [35mmfu: 4.12%[39m
[rank0]:[titan] 2026-03-17 11:46:00,881 - root - INFO - [31mstep: 1556  [32mloss:  2.8421  [38;2;180;60;0mgrad_norm:  1.4133  [38;2;54;234;195mmemory: 72.92GiB(91.79%)  [34mtps: 846  [36mtflops: 40.78  [35mmfu: 4.12%[39m
[rank0]:[titan] 2026-03-17 11:46:03,302 - root - INFO - [31mstep: 1557  [32mloss:  2.7136  [38;2;180;60;0mgrad_norm:  1.5012  [38;2;54;234;195mmemory: 72.92GiB(91.79%)  [34mtps: 846  [36mtflops: 40.77  [35mmfu: 4.12%[39m
[rank0]:[titan] 2026-03-17 11:46:05,724 - root - INFO - [31mstep: 1558  [32mloss:  2.6954  [38;2;180;60;0mgrad_norm:  1.1624  [38;2;54;234;195mmemory: 72.92GiB(91.79%)  [34mtps: 846  [36mtflops: 40.75  [35mmfu: 4.12%[39m
[rank0]:[titan] 2026-03-17 11:46:08,148 - root - INFO - [31mstep: 1559  [32mloss:  2.7350  [38;2;180;60;0mgrad_norm:  1.3562  [38;2;54;234;195mmemory: 72.92GiB(91.79%)  [34mtps: 845  [36mtflops: 40.71  [35mmfu: 4.12%[39m
[rank0]:[titan] 2026-03-17 11:46:10,568 - root - INFO - [31mstep: 1560  [32mloss:  2.7420  [38;2;180;60;0mgrad_norm:  1.3474  [38;2;54;234;195mmemory: 72.92GiB(91.79%)  [34mtps: 846  [36mtflops: 40.78  [35mmfu: 4.12%[39m
[rank0]:[titan] 2026-03-17 11:46:12,989 - root - INFO - [31mstep: 1561  [32mloss:  2.7655  [38;2;180;60;0mgrad_norm:  1.3123  [38;2;54;234;195mmemory: 72.92GiB(91.79%)  [34mtps: 846  [36mtflops: 40.76  [35mmfu: 4.12%[39m
[rank0]:[titan] 2026-03-17 11:46:15,413 - root - INFO - [31mstep: 1562  [32mloss:  2.6638  [38;2;180;60;0mgrad_norm:  1.1717  [38;2;54;234;195mmemory: 72.92GiB(91.79%)  [34mtps: 845  [36mtflops: 40.73  [35mmfu: 4.12%[39m
[rank0]:[titan] 2026-03-17 11:46:17,838 - root - INFO - [31mstep: 1563  [32mloss:  2.6717  [38;2;180;60;0mgrad_norm:  1.2809  [38;2;54;234;195mmemory: 72.92GiB(91.79%)  [34mtps: 845  [36mtflops: 40.70  [35mmfu: 4.12%[39m
[rank0]:[titan] 2026-03-17 11:46:20,261 - root - INFO - [31mstep: 1564  [32mloss:  2.7212  [38;2;180;60;0mgrad_norm:  1.5232  [38;2;54;234;195mmemory: 72.92GiB(91.79%)  [34mtps: 846  [36mtflops: 40.74  [35mmfu: 4.12%[39m
[rank0]:[titan] 2026-03-17 11:46:22,685 - root - INFO - [31mstep: 1565  [32mloss:  2.7482  [38;2;180;60;0mgrad_norm:  1.5868  [38;2;54;234;195mmemory: 72.92GiB(91.79%)  [34mtps: 845  [36mtflops: 40.72  [35mmfu: 4.12%[39m
[rank0]:[titan] 2026-03-17 11:46:25,106 - root - INFO - [31mstep: 1566  [32mloss:  2.7706  [38;2;180;60;0mgrad_norm:  1.3296  [38;2;54;234;195mmemory: 72.92GiB(91.79%)  [34mtps: 846  [36mtflops: 40.77  [35mmfu: 4.12%[39m
[rank0]:[titan] 2026-03-17 11:46:27,532 - root - INFO - [31mstep: 1567  [32mloss:  2.7294  [38;2;180;60;0mgrad_norm:  1.3841  [38;2;54;234;195mmemory: 72.92GiB(91.79%)  [34mtps: 844  [36mtflops: 40.68  [35mmfu: 4.11%[39m
[rank0]:[titan] 2026-03-17 11:46:29,958 - root - INFO - [31mstep: 1568  [32mloss:  2.7313  [38;2;180;60;0mgrad_norm:  1.2907  [38;2;54;234;195mmemory: 72.92GiB(91.79%)  [34mtps: 844  [36mtflops: 40.68  [35mmfu: 4.11%[39m
[rank0]:[titan] 2026-03-17 11:46:32,385 - root - INFO - [31mstep: 1569  [32mloss:  2.7153  [38;2;180;60;0mgrad_norm:  1.1716  [38;2;54;234;195mmemory: 72.92GiB(91.79%)  [34mtps: 844  [36mtflops: 40.67  [35mmfu: 4.11%[39m
[rank0]:[titan] 2026-03-17 11:46:34,808 - root - INFO - [31mstep: 1570  [32mloss:  2.7021  [38;2;180;60;0mgrad_norm:  1.1650  [38;2;54;234;195mmemory: 72.92GiB(91.79%)  [34mtps: 846  [36mtflops: 40.75  [35mmfu: 4.12%[39m
[rank0]:[titan] 2026-03-17 11:46:37,231 - root - INFO - [31mstep: 1571  [32mloss:  2.6932  [38;2;180;60;0mgrad_norm:  1.0795  [38;2;54;234;195mmemory: 72.92GiB(91.79%)  [34mtps: 845  [36mtflops: 40.72  [35mmfu: 4.12%[39m
[rank0]:[titan] 2026-03-17 11:46:39,651 - root - INFO - [31mstep: 1572  [32mloss:  2.7328  [38;2;180;60;0mgrad_norm:  1.5505  [38;2;54;234;195mmemory: 72.92GiB(91.79%)  [34mtps: 847  [36mtflops: 40.80  [35mmfu: 4.12%[39m
[rank0]:[titan] 2026-03-17 11:46:42,073 - root - INFO - [31mstep: 1573  [32mloss:  2.7468  [38;2;180;60;0mgrad_norm:  1.6142  [38;2;54;234;195mmemory: 72.92GiB(91.79%)  [34mtps: 846  [36mtflops: 40.74  [35mmfu: 4.12%[39m
[rank0]:[titan] 2026-03-17 11:46:44,493 - root - INFO - [31mstep: 1574  [32mloss:  2.7448  [38;2;180;60;0mgrad_norm:  1.8667  [38;2;54;234;195mmemory: 72.92GiB(91.79%)  [34mtps: 846  [36mtflops: 40.79  [35mmfu: 4.12%[39m
[rank0]:[titan] 2026-03-17 11:46:46,921 - root - INFO - [31mstep: 1575  [32mloss:  2.7916  [38;2;180;60;0mgrad_norm:  1.7680  [38;2;54;234;195mmemory: 72.92GiB(91.79%)  [34mtps: 844  [36mtflops: 40.66  [35mmfu: 4.11%[39m
[rank0]:[titan] 2026-03-17 11:46:49,342 - root - INFO - [31mstep: 1576  [32mloss:  2.7342  [38;2;180;60;0mgrad_norm:  1.5396  [38;2;54;234;195mmemory: 72.92GiB(91.79%)  [34mtps: 846  [36mtflops: 40.77  [35mmfu: 4.12%[39m
[rank0]:[titan] 2026-03-17 11:46:51,762 - root - INFO - [31mstep: 1577  [32mloss:  2.7530  [38;2;180;60;0mgrad_norm:  1.6173  [38;2;54;234;195mmemory: 72.92GiB(91.79%)  [34mtps: 846  [36mtflops: 40.78  [35mmfu: 4.12%[39m
[rank0]:[titan] 2026-03-17 11:46:54,188 - root - INFO - [31mstep: 1578  [32mloss:  2.7468  [38;2;180;60;0mgrad_norm:  1.4237  [38;2;54;234;195mmemory: 72.92GiB(91.79%)  [34mtps: 844  [36mtflops: 40.69  [35mmfu: 4.11%[39m
[rank0]:[titan] 2026-03-17 11:46:56,608 - root - INFO - [31mstep: 1579  [32mloss:  2.7157  [38;2;180;60;0mgrad_norm:  1.0973  [38;2;54;234;195mmemory: 72.92GiB(91.79%)  [34mtps: 847  [36mtflops: 40.79  [35mmfu: 4.12%[39m
[rank0]:[titan] 2026-03-17 11:46:59,030 - root - INFO - [31mstep: 1580  [32mloss:  2.7076  [38;2;180;60;0mgrad_norm:  1.1876  [38;2;54;234;195mmemory: 72.92GiB(91.79%)  [34mtps: 846  [36mtflops: 40.75  [35mmfu: 4.12%[39m
[rank0]:[titan] 2026-03-17 11:47:01,456 - root - INFO - [31mstep: 1581  [32mloss:  2.7114  [38;2;180;60;0mgrad_norm:  1.2145  [38;2;54;234;195mmemory: 72.92GiB(91.79%)  [34mtps: 844  [36mtflops: 40.67  [35mmfu: 4.11%[39m
[rank0]:[titan] 2026-03-17 11:47:03,885 - root - INFO - [31mstep: 1582  [32mloss:  2.6944  [38;2;180;60;0mgrad_norm:  1.2035  [38;2;54;234;195mmemory: 72.92GiB(91.79%)  [34mtps: 844  [36mtflops: 40.65  [35mmfu: 4.11%[39m
[rank0]:[titan] 2026-03-17 11:47:06,310 - root - INFO - [31mstep: 1583  [32mloss:  2.6912  [38;2;180;60;0mgrad_norm:  1.2577  [38;2;54;234;195mmemory: 72.92GiB(91.79%)  [34mtps: 845  [36mtflops: 40.70  [35mmfu: 4.12%[39m
[rank0]:[titan] 2026-03-17 11:47:08,729 - root - INFO - [31mstep: 1584  [32mloss:  2.7429  [38;2;180;60;0mgrad_norm:  1.2959  [38;2;54;234;195mmemory: 72.92GiB(91.79%)  [34mtps: 847  [36mtflops: 40.80  [35mmfu: 4.13%[39m
[rank0]:[titan] 2026-03-17 11:47:11,156 - root - INFO - [31mstep: 1585  [32mloss:  2.7639  [38;2;180;60;0mgrad_norm:  1.7153  [38;2;54;234;195mmemory: 72.92GiB(91.79%)  [34mtps: 844  [36mtflops: 40.67  [35mmfu: 4.11%[39m
[rank0]:[titan] 2026-03-17 11:47:13,574 - root - INFO - [31mstep: 1586  [32mloss:  2.6949  [38;2;180;60;0mgrad_norm:  1.2582  [38;2;54;234;195mmemory: 72.92GiB(91.79%)  [34mtps: 847  [36mtflops: 40.81  [35mmfu: 4.13%[39m
[rank0]:[titan] 2026-03-17 11:47:16,000 - root - INFO - [31mstep: 1587  [32mloss:  2.6910  [38;2;180;60;0mgrad_norm:  0.8356  [38;2;54;234;195mmemory: 72.92GiB(91.79%)  [34mtps: 845  [36mtflops: 40.69  [35mmfu: 4.11%[39m
[rank0]:[titan] 2026-03-17 11:47:18,419 - root - INFO - [31mstep: 1588  [32mloss:  2.7656  [38;2;180;60;0mgrad_norm:  1.3819  [38;2;54;234;195mmemory: 72.92GiB(91.79%)  [34mtps: 847  [36mtflops: 40.79  [35mmfu: 4.12%[39m
[rank0]:[titan] 2026-03-17 11:47:20,842 - root - INFO - [31mstep: 1589  [32mloss:  2.6798  [38;2;180;60;0mgrad_norm:  1.0903  [38;2;54;234;195mmemory: 72.92GiB(91.79%)  [34mtps: 846  [36mtflops: 40.75  [35mmfu: 4.12%[39m
[rank0]:[titan] 2026-03-17 11:47:23,267 - root - INFO - [31mstep: 1590  [32mloss:  2.7169  [38;2;180;60;0mgrad_norm:  1.3123  [38;2;54;234;195mmemory: 72.92GiB(91.79%)  [34mtps: 844  [36mtflops: 40.69  [35mmfu: 4.11%[39m
[rank0]:[titan] 2026-03-17 11:47:25,687 - root - INFO - [31mstep: 1591  [32mloss:  2.7538  [38;2;180;60;0mgrad_norm:  1.3016  [38;2;54;234;195mmemory: 72.92GiB(91.79%)  [34mtps: 847  [36mtflops: 40.79  [35mmfu: 4.12%[39m
[rank0]:[titan] 2026-03-17 11:47:28,107 - root - INFO - [31mstep: 1592  [32mloss:  2.7421  [38;2;180;60;0mgrad_norm:  0.9358  [38;2;54;234;195mmemory: 72.92GiB(91.79%)  [34mtps: 846  [36mtflops: 40.78  [35mmfu: 4.12%[39m
[rank0]:[titan] 2026-03-17 11:47:30,527 - root - INFO - [31mstep: 1593  [32mloss:  2.7199  [38;2;180;60;0mgrad_norm:  1.4719  [38;2;54;234;195mmemory: 72.92GiB(91.79%)  [34mtps: 847  [36mtflops: 40.79  [35mmfu: 4.12%[39m
[rank0]:[titan] 2026-03-17 11:47:32,949 - root - INFO - [31mstep: 1594  [32mloss:  2.7076  [38;2;180;60;0mgrad_norm:  1.5139  [38;2;54;234;195mmemory: 72.92GiB(91.79%)  [34mtps: 846  [36mtflops: 40.76  [35mmfu: 4.12%[39m
[rank0]:[titan] 2026-03-17 11:47:35,369 - root - INFO - [31mstep: 1595  [32mloss:  2.7876  [38;2;180;60;0mgrad_norm:  1.5359  [38;2;54;234;195mmemory: 72.92GiB(91.79%)  [34mtps: 846  [36mtflops: 40.78  [35mmfu: 4.12%[39m
[rank0]:[titan] 2026-03-17 11:47:37,791 - root - INFO - [31mstep: 1596  [32mloss:  2.7000  [38;2;180;60;0mgrad_norm:  1.3125  [38;2;54;234;195mmemory: 72.92GiB(91.79%)  [34mtps: 846  [36mtflops: 40.74  [35mmfu: 4.12%[39m
[rank0]:[titan] 2026-03-17 11:47:40,213 - root - INFO - [31mstep: 1597  [32mloss:  2.6994  [38;2;180;60;0mgrad_norm:  1.7046  [38;2;54;234;195mmemory: 72.92GiB(91.79%)  [34mtps: 846  [36mtflops: 40.76  [35mmfu: 4.12%[39m
[rank0]:[titan] 2026-03-17 11:47:42,639 - root - INFO - [31mstep: 1598  [32mloss:  2.6899  [38;2;180;60;0mgrad_norm:  1.6446  [38;2;54;234;195mmemory: 72.92GiB(91.79%)  [34mtps: 845  [36mtflops: 40.69  [35mmfu: 4.11%[39m
[rank0]:[titan] 2026-03-17 11:47:45,058 - root - INFO - [31mstep: 1599  [32mloss:  2.6586  [38;2;180;60;0mgrad_norm:  1.1107  [38;2;54;234;195mmemory: 72.92GiB(91.79%)  [34mtps: 847  [36mtflops: 40.80  [35mmfu: 4.13%[39m
[rank0]:[titan] 2026-03-17 11:47:47,482 - root - INFO - [31mstep: 1600  [32mloss:  2.6780  [38;2;180;60;0mgrad_norm:  1.3426  [38;2;54;234;195mmemory: 72.92GiB(91.79%)  [34mtps: 845  [36mtflops: 40.72  [35mmfu: 4.12%[39m
[rank0]:[titan] 2026-03-17 11:47:49,903 - root - INFO - [31mstep: 1601  [32mloss:  2.6781  [38;2;180;60;0mgrad_norm:  1.1689  [38;2;54;234;195mmemory: 72.92GiB(91.79%)  [34mtps: 846  [36mtflops: 40.77  [35mmfu: 4.12%[39m
[rank0]:[titan] 2026-03-17 11:47:52,328 - root - INFO - [31mstep: 1602  [32mloss:  2.6507  [38;2;180;60;0mgrad_norm:  0.9122  [38;2;54;234;195mmemory: 72.92GiB(91.79%)  [34mtps: 845  [36mtflops: 40.70  [35mmfu: 4.12%[39m
[rank0]:[titan] 2026-03-17 11:47:54,749 - root - INFO - [31mstep: 1603  [32mloss:  2.6554  [38;2;180;60;0mgrad_norm:  0.9679  [38;2;54;234;195mmemory: 72.92GiB(91.79%)  [34mtps: 847  [36mtflops: 40.79  [35mmfu: 4.12%[39m
[rank0]:[titan] 2026-03-17 11:47:57,169 - root - INFO - [31mstep: 1604  [32mloss:  2.6819  [38;2;180;60;0mgrad_norm:  1.4204  [38;2;54;234;195mmemory: 72.92GiB(91.79%)  [34mtps: 846  [36mtflops: 40.77  [35mmfu: 4.12%[39m
[rank0]:[titan] 2026-03-17 11:47:59,591 - root - INFO - [31mstep: 1605  [32mloss:  2.7119  [38;2;180;60;0mgrad_norm:  1.1927  [38;2;54;234;195mmemory: 72.92GiB(91.79%)  [34mtps: 846  [36mtflops: 40.75  [35mmfu: 4.12%[39m
[rank0]:[titan] 2026-03-17 11:48:02,013 - root - INFO - [31mstep: 1606  [32mloss:  2.7254  [38;2;180;60;0mgrad_norm:  1.5421  [38;2;54;234;195mmemory: 72.92GiB(91.79%)  [34mtps: 846  [36mtflops: 40.76  [35mmfu: 4.12%[39m
[rank0]:[titan] 2026-03-17 11:48:04,439 - root - INFO - [31mstep: 1607  [32mloss:  2.7471  [38;2;180;60;0mgrad_norm:  1.6451  [38;2;54;234;195mmemory: 72.92GiB(91.79%)  [34mtps: 844  [36mtflops: 40.68  [35mmfu: 4.11%[39m
[rank0]:[titan] 2026-03-17 11:48:06,866 - root - INFO - [31mstep: 1608  [32mloss:  2.7138  [38;2;180;60;0mgrad_norm:  1.8386  [38;2;54;234;195mmemory: 72.92GiB(91.79%)  [34mtps: 844  [36mtflops: 40.66  [35mmfu: 4.11%[39m
[rank0]:[titan] 2026-03-17 11:48:09,292 - root - INFO - [31mstep: 1609  [32mloss:  2.7453  [38;2;180;60;0mgrad_norm:  1.5448  [38;2;54;234;195mmemory: 72.92GiB(91.79%)  [34mtps: 844  [36mtflops: 40.68  [35mmfu: 4.11%[39m
[rank0]:[titan] 2026-03-17 11:48:11,714 - root - INFO - [31mstep: 1610  [32mloss:  2.7167  [38;2;180;60;0mgrad_norm:  1.5597  [38;2;54;234;195mmemory: 72.92GiB(91.79%)  [34mtps: 846  [36mtflops: 40.76  [35mmfu: 4.12%[39m
[rank0]:[titan] 2026-03-17 11:48:14,138 - root - INFO - [31mstep: 1611  [32mloss:  2.7391  [38;2;180;60;0mgrad_norm:  1.2996  [38;2;54;234;195mmemory: 72.92GiB(91.79%)  [34mtps: 845  [36mtflops: 40.71  [35mmfu: 4.12%[39m
[rank0]:[titan] 2026-03-17 11:48:16,559 - root - INFO - [31mstep: 1612  [32mloss:  2.6942  [38;2;180;60;0mgrad_norm:  1.6317  [38;2;54;234;195mmemory: 72.92GiB(91.79%)  [34mtps: 846  [36mtflops: 40.77  [35mmfu: 4.12%[39m
[rank0]:[titan] 2026-03-17 11:48:18,979 - root - INFO - [31mstep: 1613  [32mloss:  2.6915  [38;2;180;60;0mgrad_norm:  1.2936  [38;2;54;234;195mmemory: 72.92GiB(91.79%)  [34mtps: 846  [36mtflops: 40.78  [35mmfu: 4.12%[39m
[rank0]:[titan] 2026-03-17 11:48:21,403 - root - INFO - [31mstep: 1614  [32mloss:  2.6525  [38;2;180;60;0mgrad_norm:  1.0059  [38;2;54;234;195mmemory: 72.92GiB(91.79%)  [34mtps: 845  [36mtflops: 40.72  [35mmfu: 4.12%[39m
[rank0]:[titan] 2026-03-17 11:48:23,828 - root - INFO - [31mstep: 1615  [32mloss:  2.7070  [38;2;180;60;0mgrad_norm:  1.4100  [38;2;54;234;195mmemory: 72.92GiB(91.79%)  [34mtps: 845  [36mtflops: 40.71  [35mmfu: 4.12%[39m
[rank0]:[titan] 2026-03-17 11:48:26,254 - root - INFO - [31mstep: 1616  [32mloss:  2.7123  [38;2;180;60;0mgrad_norm:  1.1780  [38;2;54;234;195mmemory: 72.92GiB(91.79%)  [34mtps: 844  [36mtflops: 40.68  [35mmfu: 4.11%[39m
[rank0]:[titan] 2026-03-17 11:48:28,678 - root - INFO - [31mstep: 1617  [32mloss:  2.7716  [38;2;180;60;0mgrad_norm:  1.2657  [38;2;54;234;195mmemory: 72.92GiB(91.79%)  [34mtps: 845  [36mtflops: 40.71  [35mmfu: 4.12%[39m
[rank0]:[titan] 2026-03-17 11:48:31,106 - root - INFO - [31mstep: 1618  [32mloss:  2.7617  [38;2;180;60;0mgrad_norm:  1.4016  [38;2;54;234;195mmemory: 72.92GiB(91.79%)  [34mtps: 844  [36mtflops: 40.66  [35mmfu: 4.11%[39m
[rank0]:[titan] 2026-03-17 11:48:33,525 - root - INFO - [31mstep: 1619  [32mloss:  2.7322  [38;2;180;60;0mgrad_norm:  1.6147  [38;2;54;234;195mmemory: 72.92GiB(91.79%)  [34mtps: 847  [36mtflops: 40.80  [35mmfu: 4.13%[39m
[rank0]:[titan] 2026-03-17 11:48:35,960 - root - INFO - [31mstep: 1620  [32mloss:  2.6836  [38;2;180;60;0mgrad_norm:  1.4961  [38;2;54;234;195mmemory: 72.92GiB(91.79%)  [34mtps: 841  [36mtflops: 40.53  [35mmfu: 4.10%[39m
[rank0]:[titan] 2026-03-17 11:48:38,392 - root - INFO - [31mstep: 1621  [32mloss:  2.7822  [38;2;180;60;0mgrad_norm:  1.0600  [38;2;54;234;195mmemory: 72.92GiB(91.79%)  [34mtps: 842  [36mtflops: 40.59  [35mmfu: 4.10%[39m
[rank0]:[titan] 2026-03-17 11:48:40,811 - root - INFO - [31mstep: 1622  [32mloss:  2.7112  [38;2;180;60;0mgrad_norm:  1.3167  [38;2;54;234;195mmemory: 72.92GiB(91.79%)  [34mtps: 847  [36mtflops: 40.80  [35mmfu: 4.13%[39m
[rank0]:[titan] 2026-03-17 11:48:43,236 - root - INFO - [31mstep: 1623  [32mloss:  2.6771  [38;2;180;60;0mgrad_norm:  1.1069  [38;2;54;234;195mmemory: 72.92GiB(91.79%)  [34mtps: 845  [36mtflops: 40.70  [35mmfu: 4.12%[39m
[rank0]:[titan] 2026-03-17 11:48:45,657 - root - INFO - [31mstep: 1624  [32mloss:  2.7081  [38;2;180;60;0mgrad_norm:  1.7688  [38;2;54;234;195mmemory: 72.92GiB(91.79%)  [34mtps: 846  [36mtflops: 40.75  [35mmfu: 4.12%[39m
[rank0]:[titan] 2026-03-17 11:48:48,078 - root - INFO - [31mstep: 1625  [32mloss:  2.7968  [38;2;180;60;0mgrad_norm:  1.7224  [38;2;54;234;195mmemory: 72.92GiB(91.79%)  [34mtps: 846  [36mtflops: 40.77  [35mmfu: 4.12%[39m
[rank0]:[titan] 2026-03-17 11:48:50,500 - root - INFO - [31mstep: 1626  [32mloss:  2.7751  [38;2;180;60;0mgrad_norm:  1.5277  [38;2;54;234;195mmemory: 72.92GiB(91.79%)  [34mtps: 846  [36mtflops: 40.77  [35mmfu: 4.12%[39m
[rank0]:[titan] 2026-03-17 11:48:52,921 - root - INFO - [31mstep: 1627  [32mloss:  2.7149  [38;2;180;60;0mgrad_norm:  1.5668  [38;2;54;234;195mmemory: 72.92GiB(91.79%)  [34mtps: 846  [36mtflops: 40.76  [35mmfu: 4.12%[39m
[rank0]:[titan] 2026-03-17 11:48:55,348 - root - INFO - [31mstep: 1628  [32mloss:  2.7484  [38;2;180;60;0mgrad_norm:  1.5608  [38;2;54;234;195mmemory: 72.92GiB(91.79%)  [34mtps: 844  [36mtflops: 40.67  [35mmfu: 4.11%[39m
[rank0]:[titan] 2026-03-17 11:48:57,783 - root - INFO - [31mstep: 1629  [32mloss:  2.7888  [38;2;180;60;0mgrad_norm:  1.9049  [38;2;54;234;195mmemory: 72.92GiB(91.79%)  [34mtps: 841  [36mtflops: 40.52  [35mmfu: 4.10%[39m
[rank0]:[titan] 2026-03-17 11:49:00,205 - root - INFO - [31mstep: 1630  [32mloss:  2.7857  [38;2;180;60;0mgrad_norm:  1.3298  [38;2;54;234;195mmemory: 72.92GiB(91.79%)  [34mtps: 846  [36mtflops: 40.75  [35mmfu: 4.12%[39m
[rank0]:[titan] 2026-03-17 11:49:02,632 - root - INFO - [31mstep: 1631  [32mloss:  2.7624  [38;2;180;60;0mgrad_norm:  1.9650  [38;2;54;234;195mmemory: 72.92GiB(91.79%)  [34mtps: 844  [36mtflops: 40.67  [35mmfu: 4.11%[39m
[rank0]:[titan] 2026-03-17 11:49:05,053 - root - INFO - [31mstep: 1632  [32mloss:  2.7523  [38;2;180;60;0mgrad_norm:  2.0189  [38;2;54;234;195mmemory: 72.92GiB(91.79%)  [34mtps: 846  [36mtflops: 40.78  [35mmfu: 4.12%[39m
[rank0]:[titan] 2026-03-17 11:49:07,477 - root - INFO - [31mstep: 1633  [32mloss:  2.7193  [38;2;180;60;0mgrad_norm:  1.6450  [38;2;54;234;195mmemory: 72.92GiB(91.79%)  [34mtps: 845  [36mtflops: 40.72  [35mmfu: 4.12%[39m
[rank0]:[titan] 2026-03-17 11:49:09,908 - root - INFO - [31mstep: 1634  [32mloss:  2.7013  [38;2;180;60;0mgrad_norm:  1.3073  [38;2;54;234;195mmemory: 72.92GiB(91.79%)  [34mtps: 842  [36mtflops: 40.59  [35mmfu: 4.10%[39m
[rank0]:[titan] 2026-03-17 11:49:12,332 - root - INFO - [31mstep: 1635  [32mloss:  2.7427  [38;2;180;60;0mgrad_norm:  1.7844  [38;2;54;234;195mmemory: 72.92GiB(91.79%)  [34mtps: 845  [36mtflops: 40.72  [35mmfu: 4.12%[39m
[rank0]:[titan] 2026-03-17 11:49:14,753 - root - INFO - [31mstep: 1636  [32mloss:  2.7116  [38;2;180;60;0mgrad_norm:  1.7387  [38;2;54;234;195mmemory: 72.92GiB(91.79%)  [34mtps: 846  [36mtflops: 40.77  [35mmfu: 4.12%[39m
[rank0]:[titan] 2026-03-17 11:49:17,175 - root - INFO - [31mstep: 1637  [32mloss:  2.6715  [38;2;180;60;0mgrad_norm:  1.3238  [38;2;54;234;195mmemory: 72.92GiB(91.79%)  [34mtps: 846  [36mtflops: 40.75  [35mmfu: 4.12%[39m
[rank0]:[titan] 2026-03-17 11:49:19,605 - root - INFO - [31mstep: 1638  [32mloss:  2.6722  [38;2;180;60;0mgrad_norm:  1.5212  [38;2;54;234;195mmemory: 72.92GiB(91.79%)  [34mtps: 843  [36mtflops: 40.61  [35mmfu: 4.11%[39m
[rank0]:[titan] 2026-03-17 11:49:22,038 - root - INFO - [31mstep: 1639  [32mloss:  2.6978  [38;2;180;60;0mgrad_norm:  1.7213  [38;2;54;234;195mmemory: 72.92GiB(91.79%)  [34mtps: 842  [36mtflops: 40.58  [35mmfu: 4.10%[39m
[rank0]:[titan] 2026-03-17 11:49:24,461 - root - INFO - [31mstep: 1640  [32mloss:  2.6849  [38;2;180;60;0mgrad_norm:  1.6244  [38;2;54;234;195mmemory: 72.92GiB(91.79%)  [34mtps: 845  [36mtflops: 40.72  [35mmfu: 4.12%[39m
[rank0]:[titan] 2026-03-17 11:49:26,882 - root - INFO - [31mstep: 1641  [32mloss:  2.6681  [38;2;180;60;0mgrad_norm:  1.4932  [38;2;54;234;195mmemory: 72.92GiB(91.79%)  [34mtps: 846  [36mtflops: 40.77  [35mmfu: 4.12%[39m
[rank0]:[titan] 2026-03-17 11:49:29,303 - root - INFO - [31mstep: 1642  [32mloss:  2.6325  [38;2;180;60;0mgrad_norm:  1.2215  [38;2;54;234;195mmemory: 72.92GiB(91.79%)  [34mtps: 846  [36mtflops: 40.77  [35mmfu: 4.12%[39m
[rank0]:[titan] 2026-03-17 11:49:31,726 - root - INFO - [31mstep: 1643  [32mloss:  2.6842  [38;2;180;60;0mgrad_norm:  1.7978  [38;2;54;234;195mmemory: 72.92GiB(91.79%)  [34mtps: 845  [36mtflops: 40.74  [35mmfu: 4.12%[39m
[rank0]:[titan] 2026-03-17 11:49:34,146 - root - INFO - [31mstep: 1644  [32mloss:  2.6777  [38;2;180;60;0mgrad_norm:  1.5889  [38;2;54;234;195mmemory: 72.92GiB(91.79%)  [34mtps: 847  [36mtflops: 40.79  [35mmfu: 4.12%[39m
[rank0]:[titan] 2026-03-17 11:49:36,566 - root - INFO - [31mstep: 1645  [32mloss:  2.6958  [38;2;180;60;0mgrad_norm:  1.3468  [38;2;54;234;195mmemory: 72.92GiB(91.79%)  [34mtps: 846  [36mtflops: 40.77  [35mmfu: 4.12%[39m
[rank0]:[titan] 2026-03-17 11:49:38,986 - root - INFO - [31mstep: 1646  [32mloss:  2.6883  [38;2;180;60;0mgrad_norm:  1.6997  [38;2;54;234;195mmemory: 72.92GiB(91.79%)  [34mtps: 847  [36mtflops: 40.79  [35mmfu: 4.12%[39m
[rank0]:[titan] 2026-03-17 11:49:41,411 - root - INFO - [31mstep: 1647  [32mloss:  2.6930  [38;2;180;60;0mgrad_norm:  1.4233  [38;2;54;234;195mmemory: 72.92GiB(91.79%)  [34mtps: 845  [36mtflops: 40.70  [35mmfu: 4.11%[39m
[rank0]:[titan] 2026-03-17 11:49:43,833 - root - INFO - [31mstep: 1648  [32mloss:  2.6423  [38;2;180;60;0mgrad_norm:  1.4148  [38;2;54;234;195mmemory: 72.92GiB(91.79%)  [34mtps: 846  [36mtflops: 40.76  [35mmfu: 4.12%[39m
[rank0]:[titan] 2026-03-17 11:49:46,253 - root - INFO - [31mstep: 1649  [32mloss:  2.6469  [38;2;180;60;0mgrad_norm:  2.5199  [38;2;54;234;195mmemory: 72.92GiB(91.79%)  [34mtps: 846  [36mtflops: 40.78  [35mmfu: 4.12%[39m
[rank0]:[titan] 2026-03-17 11:49:48,682 - root - INFO - [31mstep: 1650  [32mloss:  2.6349  [38;2;180;60;0mgrad_norm:  1.5044  [38;2;54;234;195mmemory: 72.92GiB(91.79%)  [34mtps: 843  [36mtflops: 40.62  [35mmfu: 4.11%[39m
[rank0]:[titan] 2026-03-17 11:49:51,102 - root - INFO - [31mstep: 1651  [32mloss:  2.6501  [38;2;180;60;0mgrad_norm:  1.4852  [38;2;54;234;195mmemory: 72.92GiB(91.79%)  [34mtps: 847  [36mtflops: 40.80  [35mmfu: 4.12%[39m
[rank0]:[titan] 2026-03-17 11:49:53,523 - root - INFO - [31mstep: 1652  [32mloss:  2.6522  [38;2;180;60;0mgrad_norm:  1.3219  [38;2;54;234;195mmemory: 72.92GiB(91.79%)  [34mtps: 846  [36mtflops: 40.77  [35mmfu: 4.12%[39m
[rank0]:[titan] 2026-03-17 11:49:55,946 - root - INFO - [31mstep: 1653  [32mloss:  2.6963  [38;2;180;60;0mgrad_norm:  1.5359  [38;2;54;234;195mmemory: 72.92GiB(91.79%)  [34mtps: 845  [36mtflops: 40.73  [35mmfu: 4.12%[39m
[rank0]:[titan] 2026-03-17 11:49:58,367 - root - INFO - [31mstep: 1654  [32mloss:  2.6960  [38;2;180;60;0mgrad_norm:  1.5593  [38;2;54;234;195mmemory: 72.92GiB(91.79%)  [34mtps: 846  [36mtflops: 40.77  [35mmfu: 4.12%[39m
[rank0]:[titan] 2026-03-17 11:50:00,789 - root - INFO - [31mstep: 1655  [32mloss:  2.7291  [38;2;180;60;0mgrad_norm:  1.2355  [38;2;54;234;195mmemory: 72.92GiB(91.79%)  [34mtps: 846  [36mtflops: 40.76  [35mmfu: 4.12%[39m
[rank0]:[titan] 2026-03-17 11:50:03,208 - root - INFO - [31mstep: 1656  [32mloss:  2.7394  [38;2;180;60;0mgrad_norm:  1.0345  [38;2;54;234;195mmemory: 72.92GiB(91.79%)  [34mtps: 847  [36mtflops: 40.80  [35mmfu: 4.13%[39m
[rank0]:[titan] 2026-03-17 11:50:05,633 - root - INFO - [31mstep: 1657  [32mloss:  2.6881  [38;2;180;60;0mgrad_norm:  1.3565  [38;2;54;234;195mmemory: 72.92GiB(91.79%)  [34mtps: 845  [36mtflops: 40.70  [35mmfu: 4.12%[39m
[rank0]:[titan] 2026-03-17 11:50:08,059 - root - INFO - [31mstep: 1658  [32mloss:  2.7461  [38;2;180;60;0mgrad_norm:  1.1537  [38;2;54;234;195mmemory: 72.92GiB(91.79%)  [34mtps: 844  [36mtflops: 40.67  [35mmfu: 4.11%[39m
[rank0]:[titan] 2026-03-17 11:50:10,485 - root - INFO - [31mstep: 1659  [32mloss:  2.7237  [38;2;180;60;0mgrad_norm:  1.0297  [38;2;54;234;195mmemory: 72.92GiB(91.79%)  [34mtps: 844  [36mtflops: 40.69  [35mmfu: 4.11%[39m
[rank0]:[titan] 2026-03-17 11:50:12,906 - root - INFO - [31mstep: 1660  [32mloss:  2.7119  [38;2;180;60;0mgrad_norm:  1.4186  [38;2;54;234;195mmemory: 72.92GiB(91.79%)  [34mtps: 846  [36mtflops: 40.78  [35mmfu: 4.12%[39m
[rank0]:[titan] 2026-03-17 11:50:15,329 - root - INFO - [31mstep: 1661  [32mloss:  2.7114  [38;2;180;60;0mgrad_norm:  1.2939  [38;2;54;234;195mmemory: 72.92GiB(91.79%)  [34mtps: 845  [36mtflops: 40.72  [35mmfu: 4.12%[39m
[rank0]:[titan] 2026-03-17 11:50:17,753 - root - INFO - [31mstep: 1662  [32mloss:  2.6782  [38;2;180;60;0mgrad_norm:  1.1150  [38;2;54;234;195mmemory: 72.92GiB(91.79%)  [34mtps: 845  [36mtflops: 40.72  [35mmfu: 4.12%[39m
[rank0]:[titan] 2026-03-17 11:50:20,173 - root - INFO - [31mstep: 1663  [32mloss:  2.7306  [38;2;180;60;0mgrad_norm:  1.0723  [38;2;54;234;195mmemory: 72.92GiB(91.79%)  [34mtps: 846  [36mtflops: 40.78  [35mmfu: 4.12%[39m
[rank0]:[titan] 2026-03-17 11:50:22,603 - root - INFO - [31mstep: 1664  [32mloss:  2.6567  [38;2;180;60;0mgrad_norm:  1.1264  [38;2;54;234;195mmemory: 72.92GiB(91.79%)  [34mtps: 843  [36mtflops: 40.62  [35mmfu: 4.11%[39m
[rank0]:[titan] 2026-03-17 11:50:25,024 - root - INFO - [31mstep: 1665  [32mloss:  2.6683  [38;2;180;60;0mgrad_norm:  1.0682  [38;2;54;234;195mmemory: 72.92GiB(91.79%)  [34mtps: 846  [36mtflops: 40.78  [35mmfu: 4.12%[39m
[rank0]:[titan] 2026-03-17 11:50:27,447 - root - INFO - [31mstep: 1666  [32mloss:  2.6544  [38;2;180;60;0mgrad_norm:  1.4287  [38;2;54;234;195mmemory: 72.92GiB(91.79%)  [34mtps: 845  [36mtflops: 40.74  [35mmfu: 4.12%[39m
[rank0]:[titan] 2026-03-17 11:50:29,869 - root - INFO - [31mstep: 1667  [32mloss:  2.6852  [38;2;180;60;0mgrad_norm:  0.8923  [38;2;54;234;195mmemory: 72.92GiB(91.79%)  [34mtps: 846  [36mtflops: 40.75  [35mmfu: 4.12%[39m
[rank0]:[titan] 2026-03-17 11:50:32,290 - root - INFO - [31mstep: 1668  [32mloss:  2.7435  [38;2;180;60;0mgrad_norm:  1.4321  [38;2;54;234;195mmemory: 72.92GiB(91.79%)  [34mtps: 846  [36mtflops: 40.76  [35mmfu: 4.12%[39m
[rank0]:[titan] 2026-03-17 11:50:34,712 - root - INFO - [31mstep: 1669  [32mloss:  2.7397  [38;2;180;60;0mgrad_norm:  1.1020  [38;2;54;234;195mmemory: 72.92GiB(91.79%)  [34mtps: 846  [36mtflops: 40.77  [35mmfu: 4.12%[39m
[rank0]:[titan] 2026-03-17 11:50:37,137 - root - INFO - [31mstep: 1670  [32mloss:  2.7716  [38;2;180;60;0mgrad_norm:  1.1964  [38;2;54;234;195mmemory: 72.92GiB(91.79%)  [34mtps: 845  [36mtflops: 40.71  [35mmfu: 4.12%[39m
[rank0]:[titan] 2026-03-17 11:50:39,567 - root - INFO - [31mstep: 1671  [32mloss:  2.7054  [38;2;180;60;0mgrad_norm:  1.1794  [38;2;54;234;195mmemory: 72.92GiB(91.79%)  [34mtps: 843  [36mtflops: 40.61  [35mmfu: 4.11%[39m
[rank0]:[titan] 2026-03-17 11:50:41,992 - root - INFO - [31mstep: 1672  [32mloss:  2.7454  [38;2;180;60;0mgrad_norm:  1.1639  [38;2;54;234;195mmemory: 72.92GiB(91.79%)  [34mtps: 845  [36mtflops: 40.70  [35mmfu: 4.12%[39m
[rank0]:[titan] 2026-03-17 11:50:44,416 - root - INFO - [31mstep: 1673  [32mloss:  2.8085  [38;2;180;60;0mgrad_norm:  1.3441  [38;2;54;234;195mmemory: 72.92GiB(91.79%)  [34mtps: 845  [36mtflops: 40.71  [35mmfu: 4.12%[39m
[rank0]:[titan] 2026-03-17 11:50:46,839 - root - INFO - [31mstep: 1674  [32mloss:  2.6964  [38;2;180;60;0mgrad_norm:  1.1526  [38;2;54;234;195mmemory: 72.92GiB(91.79%)  [34mtps: 846  [36mtflops: 40.75  [35mmfu: 4.12%[39m
[rank0]:[titan] 2026-03-17 11:50:49,265 - root - INFO - [31mstep: 1675  [32mloss:  2.6815  [38;2;180;60;0mgrad_norm:  1.3843  [38;2;54;234;195mmemory: 72.92GiB(91.79%)  [34mtps: 844  [36mtflops: 40.68  [35mmfu: 4.11%[39m
[rank0]:[titan] 2026-03-17 11:50:51,689 - root - INFO - [31mstep: 1676  [32mloss:  2.7630  [38;2;180;60;0mgrad_norm:  1.2179  [38;2;54;234;195mmemory: 72.92GiB(91.79%)  [34mtps: 845  [36mtflops: 40.73  [35mmfu: 4.12%[39m
[rank0]:[titan] 2026-03-17 11:50:54,111 - root - INFO - [31mstep: 1677  [32mloss:  2.7264  [38;2;180;60;0mgrad_norm:  1.1832  [38;2;54;234;195mmemory: 72.92GiB(91.79%)  [34mtps: 846  [36mtflops: 40.74  [35mmfu: 4.12%[39m
[rank0]:[titan] 2026-03-17 11:50:56,533 - root - INFO - [31mstep: 1678  [32mloss:  2.7743  [38;2;180;60;0mgrad_norm:  1.1755  [38;2;54;234;195mmemory: 72.92GiB(91.79%)  [34mtps: 846  [36mtflops: 40.75  [35mmfu: 4.12%[39m
[rank0]:[titan] 2026-03-17 11:50:58,955 - root - INFO - [31mstep: 1679  [32mloss:  2.7343  [38;2;180;60;0mgrad_norm:  3.5332  [38;2;54;234;195mmemory: 72.92GiB(91.79%)  [34mtps: 846  [36mtflops: 40.76  [35mmfu: 4.12%[39m
[rank0]:[titan] 2026-03-17 11:51:01,380 - root - INFO - [31mstep: 1680  [32mloss:  2.7953  [38;2;180;60;0mgrad_norm:  2.4334  [38;2;54;234;195mmemory: 72.92GiB(91.79%)  [34mtps: 845  [36mtflops: 40.70  [35mmfu: 4.12%[39m
[rank0]:[titan] 2026-03-17 11:51:03,801 - root - INFO - [31mstep: 1681  [32mloss:  2.7144  [38;2;180;60;0mgrad_norm:  1.5309  [38;2;54;234;195mmemory: 72.92GiB(91.79%)  [34mtps: 846  [36mtflops: 40.76  [35mmfu: 4.12%[39m
[rank0]:[titan] 2026-03-17 11:51:06,220 - root - INFO - [31mstep: 1682  [32mloss:  2.7179  [38;2;180;60;0mgrad_norm:  1.3075  [38;2;54;234;195mmemory: 72.92GiB(91.79%)  [34mtps: 847  [36mtflops: 40.81  [35mmfu: 4.13%[39m
[rank0]:[titan] 2026-03-17 11:51:08,641 - root - INFO - [31mstep: 1683  [32mloss:  2.7224  [38;2;180;60;0mgrad_norm:  1.2757  [38;2;54;234;195mmemory: 72.92GiB(91.79%)  [34mtps: 846  [36mtflops: 40.77  [35mmfu: 4.12%[39m
[rank0]:[titan] 2026-03-17 11:51:11,075 - root - INFO - [31mstep: 1684  [32mloss:  2.7095  [38;2;180;60;0mgrad_norm:  1.2799  [38;2;54;234;195mmemory: 72.92GiB(91.79%)  [34mtps: 842  [36mtflops: 40.56  [35mmfu: 4.10%[39m
[rank0]:[titan] 2026-03-17 11:51:13,497 - root - INFO - [31mstep: 1685  [32mloss:  2.6725  [38;2;180;60;0mgrad_norm:  1.3176  [38;2;54;234;195mmemory: 72.92GiB(91.79%)  [34mtps: 846  [36mtflops: 40.75  [35mmfu: 4.12%[39m
[rank0]:[titan] 2026-03-17 11:51:15,925 - root - INFO - [31mstep: 1686  [32mloss:  2.6966  [38;2;180;60;0mgrad_norm:  1.2419  [38;2;54;234;195mmemory: 72.92GiB(91.79%)  [34mtps: 844  [36mtflops: 40.64  [35mmfu: 4.11%[39m
[rank0]:[titan] 2026-03-17 11:51:18,347 - root - INFO - [31mstep: 1687  [32mloss:  2.6837  [38;2;180;60;0mgrad_norm:  1.2157  [38;2;54;234;195mmemory: 72.92GiB(91.79%)  [34mtps: 846  [36mtflops: 40.76  [35mmfu: 4.12%[39m
[rank0]:[titan] 2026-03-17 11:51:20,767 - root - INFO - [31mstep: 1688  [32mloss:  2.6511  [38;2;180;60;0mgrad_norm:  1.0497  [38;2;54;234;195mmemory: 72.92GiB(91.79%)  [34mtps: 846  [36mtflops: 40.78  [35mmfu: 4.12%[39m
[rank0]:[titan] 2026-03-17 11:51:23,190 - root - INFO - [31mstep: 1689  [32mloss:  2.7794  [38;2;180;60;0mgrad_norm:  1.4233  [38;2;54;234;195mmemory: 72.92GiB(91.79%)  [34mtps: 846  [36mtflops: 40.74  [35mmfu: 4.12%[39m
[rank0]:[titan] 2026-03-17 11:51:25,612 - root - INFO - [31mstep: 1690  [32mloss:  2.7280  [38;2;180;60;0mgrad_norm:  1.1472  [38;2;54;234;195mmemory: 72.92GiB(91.79%)  [34mtps: 845  [36mtflops: 40.74  [35mmfu: 4.12%[39m
[rank0]:[titan] 2026-03-17 11:51:28,036 - root - INFO - [31mstep: 1691  [32mloss:  2.7294  [38;2;180;60;0mgrad_norm:  0.8144  [38;2;54;234;195mmemory: 72.92GiB(91.79%)  [34mtps: 845  [36mtflops: 40.73  [35mmfu: 4.12%[39m
[rank0]:[titan] 2026-03-17 11:51:28,037 - root - WARNING - Dataset c4_test is being re-looped
[rank0]:[titan] 2026-03-17 11:51:30,460 - root - INFO - [31mstep: 1692  [32mloss:  2.7521  [38;2;180;60;0mgrad_norm:  1.1728  [38;2;54;234;195mmemory: 72.92GiB(91.79%)  [34mtps: 845  [36mtflops: 40.71  [35mmfu: 4.12%[39m
[rank0]:[titan] 2026-03-17 11:51:32,882 - root - INFO - [31mstep: 1693  [32mloss:  2.7084  [38;2;180;60;0mgrad_norm:  1.3353  [38;2;54;234;195mmemory: 72.92GiB(91.79%)  [34mtps: 846  [36mtflops: 40.75  [35mmfu: 4.12%[39m
[rank0]:[titan] 2026-03-17 11:51:35,303 - root - INFO - [31mstep: 1694  [32mloss:  2.7077  [38;2;180;60;0mgrad_norm:  1.0467  [38;2;54;234;195mmemory: 72.92GiB(91.79%)  [34mtps: 846  [36mtflops: 40.77  [35mmfu: 4.12%[39m
[rank0]:[titan] 2026-03-17 11:51:37,724 - root - INFO - [31mstep: 1695  [32mloss:  2.7332  [38;2;180;60;0mgrad_norm:  1.1164  [38;2;54;234;195mmemory: 72.92GiB(91.79%)  [34mtps: 846  [36mtflops: 40.77  [35mmfu: 4.12%[39m
[rank0]:[titan] 2026-03-17 11:51:40,150 - root - INFO - [31mstep: 1696  [32mloss:  2.7158  [38;2;180;60;0mgrad_norm:  1.2454  [38;2;54;234;195mmemory: 72.92GiB(91.79%)  [34mtps: 844  [36mtflops: 40.68  [35mmfu: 4.11%[39m
[rank0]:[titan] 2026-03-17 11:51:42,575 - root - INFO - [31mstep: 1697  [32mloss:  2.7521  [38;2;180;60;0mgrad_norm:  1.2781  [38;2;54;234;195mmemory: 72.92GiB(91.79%)  [34mtps: 845  [36mtflops: 40.69  [35mmfu: 4.11%[39m
[rank0]:[titan] 2026-03-17 11:51:45,000 - root - INFO - [31mstep: 1698  [32mloss:  2.6850  [38;2;180;60;0mgrad_norm:  1.2217  [38;2;54;234;195mmemory: 72.92GiB(91.79%)  [34mtps: 845  [36mtflops: 40.70  [35mmfu: 4.12%[39m
[rank0]:[titan] 2026-03-17 11:51:47,421 - root - INFO - [31mstep: 1699  [32mloss:  2.6955  [38;2;180;60;0mgrad_norm:  1.3550  [38;2;54;234;195mmemory: 72.92GiB(91.79%)  [34mtps: 846  [36mtflops: 40.77  [35mmfu: 4.12%[39m
[rank0]:[titan] 2026-03-17 11:51:49,841 - root - INFO - [31mstep: 1700  [32mloss:  2.6255  [38;2;180;60;0mgrad_norm:  1.4143  [38;2;54;234;195mmemory: 72.92GiB(91.79%)  [34mtps: 846  [36mtflops: 40.78  [35mmfu: 4.12%[39m
[rank0]:[titan] 2026-03-17 11:51:52,262 - root - INFO - [31mstep: 1701  [32mloss:  2.7037  [38;2;180;60;0mgrad_norm:  1.5006  [38;2;54;234;195mmemory: 72.92GiB(91.79%)  [34mtps: 846  [36mtflops: 40.77  [35mmfu: 4.12%[39m
[rank0]:[titan] 2026-03-17 11:51:54,686 - root - INFO - [31mstep: 1702  [32mloss:  2.7305  [38;2;180;60;0mgrad_norm:  1.1352  [38;2;54;234;195mmemory: 72.92GiB(91.79%)  [34mtps: 845  [36mtflops: 40.72  [35mmfu: 4.12%[39m
[rank0]:[titan] 2026-03-17 11:51:57,107 - root - INFO - [31mstep: 1703  [32mloss:  2.6779  [38;2;180;60;0mgrad_norm:  1.3407  [38;2;54;234;195mmemory: 72.92GiB(91.79%)  [34mtps: 846  [36mtflops: 40.78  [35mmfu: 4.12%[39m
[rank0]:[titan] 2026-03-17 11:51:59,532 - root - INFO - [31mstep: 1704  [32mloss:  2.6511  [38;2;180;60;0mgrad_norm:  1.2108  [38;2;54;234;195mmemory: 72.92GiB(91.79%)  [34mtps: 845  [36mtflops: 40.70  [35mmfu: 4.12%[39m
[rank0]:[titan] 2026-03-17 11:52:01,963 - root - INFO - [31mstep: 1705  [32mloss:  2.7307  [38;2;180;60;0mgrad_norm:  1.0506  [38;2;54;234;195mmemory: 72.92GiB(91.79%)  [34mtps: 843  [36mtflops: 40.60  [35mmfu: 4.11%[39m
[rank0]:[titan] 2026-03-17 11:52:04,387 - root - INFO - [31mstep: 1706  [32mloss:  2.7248  [38;2;180;60;0mgrad_norm:  1.5792  [38;2;54;234;195mmemory: 72.92GiB(91.79%)  [34mtps: 845  [36mtflops: 40.71  [35mmfu: 4.12%[39m
[rank0]:[titan] 2026-03-17 11:52:06,808 - root - INFO - [31mstep: 1707  [32mloss:  2.7110  [38;2;180;60;0mgrad_norm:  1.7252  [38;2;54;234;195mmemory: 72.92GiB(91.79%)  [34mtps: 846  [36mtflops: 40.78  [35mmfu: 4.12%[39m
[rank0]:[titan] 2026-03-17 11:52:09,232 - root - INFO - [31mstep: 1708  [32mloss:  2.6242  [38;2;180;60;0mgrad_norm:  1.0116  [38;2;54;234;195mmemory: 72.92GiB(91.79%)  [34mtps: 845  [36mtflops: 40.70  [35mmfu: 4.12%[39m
[rank0]:[titan] 2026-03-17 11:52:11,654 - root - INFO - [31mstep: 1709  [32mloss:  2.6388  [38;2;180;60;0mgrad_norm:  1.4803  [38;2;54;234;195mmemory: 72.92GiB(91.79%)  [34mtps: 846  [36mtflops: 40.76  [35mmfu: 4.12%[39m
[rank0]:[titan] 2026-03-17 11:52:14,074 - root - INFO - [31mstep: 1710  [32mloss:  2.6394  [38;2;180;60;0mgrad_norm:  1.2170  [38;2;54;234;195mmemory: 72.92GiB(91.79%)  [34mtps: 847  [36mtflops: 40.79  [35mmfu: 4.12%[39m
[rank0]:[titan] 2026-03-17 11:52:16,500 - root - INFO - [31mstep: 1711  [32mloss:  2.6732  [38;2;180;60;0mgrad_norm:  1.1154  [38;2;54;234;195mmemory: 72.92GiB(91.79%)  [34mtps: 844  [36mtflops: 40.67  [35mmfu: 4.11%[39m
[rank0]:[titan] 2026-03-17 11:52:18,922 - root - INFO - [31mstep: 1712  [32mloss:  2.7266  [38;2;180;60;0mgrad_norm:  1.2177  [38;2;54;234;195mmemory: 72.92GiB(91.79%)  [34mtps: 846  [36mtflops: 40.76  [35mmfu: 4.12%[39m
[rank0]:[titan] 2026-03-17 11:52:21,342 - root - INFO - [31mstep: 1713  [32mloss:  2.7108  [38;2;180;60;0mgrad_norm:  1.4601  [38;2;54;234;195mmemory: 72.92GiB(91.79%)  [34mtps: 846  [36mtflops: 40.78  [35mmfu: 4.12%[39m
[rank0]:[titan] 2026-03-17 11:52:23,769 - root - INFO - [31mstep: 1714  [32mloss:  2.6768  [38;2;180;60;0mgrad_norm:  1.1797  [38;2;54;234;195mmemory: 72.92GiB(91.79%)  [34mtps: 845  [36mtflops: 40.70  [35mmfu: 4.11%[39m
[rank0]:[titan] 2026-03-17 11:52:26,189 - root - INFO - [31mstep: 1715  [32mloss:  2.6890  [38;2;180;60;0mgrad_norm:  0.9238  [38;2;54;234;195mmemory: 72.92GiB(91.79%)  [34mtps: 847  [36mtflops: 40.79  [35mmfu: 4.12%[39m
[rank0]:[titan] 2026-03-17 11:52:28,622 - root - INFO - [31mstep: 1716  [32mloss:  2.6977  [38;2;180;60;0mgrad_norm:  1.1726  [38;2;54;234;195mmemory: 72.92GiB(91.79%)  [34mtps: 842  [36mtflops: 40.57  [35mmfu: 4.10%[39m
[rank0]:[titan] 2026-03-17 11:52:31,045 - root - INFO - [31mstep: 1717  [32mloss:  2.7161  [38;2;180;60;0mgrad_norm:  1.0142  [38;2;54;234;195mmemory: 72.92GiB(91.79%)  [34mtps: 845  [36mtflops: 40.73  [35mmfu: 4.12%[39m
[rank0]:[titan] 2026-03-17 11:52:33,465 - root - INFO - [31mstep: 1718  [32mloss:  2.7114  [38;2;180;60;0mgrad_norm:  0.8220  [38;2;54;234;195mmemory: 72.92GiB(91.79%)  [34mtps: 847  [36mtflops: 40.79  [35mmfu: 4.12%[39m
[rank0]:[titan] 2026-03-17 11:52:35,888 - root - INFO - [31mstep: 1719  [32mloss:  2.6545  [38;2;180;60;0mgrad_norm:  1.2448  [38;2;54;234;195mmemory: 72.92GiB(91.79%)  [34mtps: 846  [36mtflops: 40.74  [35mmfu: 4.12%[39m
[rank0]:[titan] 2026-03-17 11:52:38,311 - root - INFO - [31mstep: 1720  [32mloss:  2.6495  [38;2;180;60;0mgrad_norm:  1.0338  [38;2;54;234;195mmemory: 72.92GiB(91.79%)  [34mtps: 845  [36mtflops: 40.73  [35mmfu: 4.12%[39m
[rank0]:[titan] 2026-03-17 11:52:40,735 - root - INFO - [31mstep: 1721  [32mloss:  2.6763  [38;2;180;60;0mgrad_norm:  0.9404  [38;2;54;234;195mmemory: 72.92GiB(91.79%)  [34mtps: 845  [36mtflops: 40.72  [35mmfu: 4.12%[39m
[rank0]:[titan] 2026-03-17 11:52:43,156 - root - INFO - [31mstep: 1722  [32mloss:  2.6730  [38;2;180;60;0mgrad_norm:  1.3276  [38;2;54;234;195mmemory: 72.92GiB(91.79%)  [34mtps: 846  [36mtflops: 40.77  [35mmfu: 4.12%[39m
[rank0]:[titan] 2026-03-17 11:52:45,577 - root - INFO - [31mstep: 1723  [32mloss:  2.6944  [38;2;180;60;0mgrad_norm:  1.6036  [38;2;54;234;195mmemory: 72.92GiB(91.79%)  [34mtps: 846  [36mtflops: 40.76  [35mmfu: 4.12%[39m
[rank0]:[titan] 2026-03-17 11:52:48,001 - root - INFO - [31mstep: 1724  [32mloss:  2.6674  [38;2;180;60;0mgrad_norm:  0.9810  [38;2;54;234;195mmemory: 72.92GiB(91.79%)  [34mtps: 845  [36mtflops: 40.72  [35mmfu: 4.12%[39m
[rank0]:[titan] 2026-03-17 11:52:50,460 - root - INFO - [31mstep: 1725  [32mloss:  2.6565  [38;2;180;60;0mgrad_norm:  1.1681  [38;2;54;234;195mmemory: 72.92GiB(91.79%)  [34mtps: 833  [36mtflops: 40.13  [35mmfu: 4.06%[39m
[rank0]:[titan] 2026-03-17 11:52:52,884 - root - INFO - [31mstep: 1726  [32mloss:  2.6908  [38;2;180;60;0mgrad_norm:  1.3347  [38;2;54;234;195mmemory: 72.92GiB(91.79%)  [34mtps: 845  [36mtflops: 40.72  [35mmfu: 4.12%[39m
[rank0]:[titan] 2026-03-17 11:52:55,311 - root - INFO - [31mstep: 1727  [32mloss:  2.6841  [38;2;180;60;0mgrad_norm:  1.4507  [38;2;54;234;195mmemory: 72.92GiB(91.79%)  [34mtps: 844  [36mtflops: 40.66  [35mmfu: 4.11%[39m
[rank0]:[titan] 2026-03-17 11:52:57,732 - root - INFO - [31mstep: 1728  [32mloss:  2.6390  [38;2;180;60;0mgrad_norm:  1.3445  [38;2;54;234;195mmemory: 72.92GiB(91.79%)  [34mtps: 846  [36mtflops: 40.78  [35mmfu: 4.12%[39m
[rank0]:[titan] 2026-03-17 11:53:00,155 - root - INFO - [31mstep: 1729  [32mloss:  2.6398  [38;2;180;60;0mgrad_norm:  1.4531  [38;2;54;234;195mmemory: 72.92GiB(91.79%)  [34mtps: 846  [36mtflops: 40.74  [35mmfu: 4.12%[39m
[rank0]:[titan] 2026-03-17 11:53:02,575 - root - INFO - [31mstep: 1730  [32mloss:  2.6526  [38;2;180;60;0mgrad_norm:  1.3009  [38;2;54;234;195mmemory: 72.92GiB(91.79%)  [34mtps: 846  [36mtflops: 40.78  [35mmfu: 4.12%[39m
[rank0]:[titan] 2026-03-17 11:53:05,004 - root - INFO - [31mstep: 1731  [32mloss:  2.6901  [38;2;180;60;0mgrad_norm:  1.4164  [38;2;54;234;195mmemory: 72.92GiB(91.79%)  [34mtps: 843  [36mtflops: 40.64  [35mmfu: 4.11%[39m
[rank0]:[titan] 2026-03-17 11:53:07,425 - root - INFO - [31mstep: 1732  [32mloss:  2.6705  [38;2;180;60;0mgrad_norm:  1.6521  [38;2;54;234;195mmemory: 72.92GiB(91.79%)  [34mtps: 846  [36mtflops: 40.76  [35mmfu: 4.12%[39m
[rank0]:[titan] 2026-03-17 11:53:09,855 - root - INFO - [31mstep: 1733  [32mloss:  2.6908  [38;2;180;60;0mgrad_norm:  1.6546  [38;2;54;234;195mmemory: 72.92GiB(91.79%)  [34mtps: 843  [36mtflops: 40.63  [35mmfu: 4.11%[39m
[rank0]:[titan] 2026-03-17 11:53:12,274 - root - INFO - [31mstep: 1734  [32mloss:  2.6597  [38;2;180;60;0mgrad_norm:  1.4113  [38;2;54;234;195mmemory: 72.92GiB(91.79%)  [34mtps: 847  [36mtflops: 40.79  [35mmfu: 4.12%[39m
[rank0]:[titan] 2026-03-17 11:53:14,704 - root - INFO - [31mstep: 1735  [32mloss:  2.7131  [38;2;180;60;0mgrad_norm:  1.5972  [38;2;54;234;195mmemory: 72.92GiB(91.79%)  [34mtps: 843  [36mtflops: 40.62  [35mmfu: 4.11%[39m
[rank0]:[titan] 2026-03-17 11:53:17,126 - root - INFO - [31mstep: 1736  [32mloss:  2.7765  [38;2;180;60;0mgrad_norm:  1.2014  [38;2;54;234;195mmemory: 72.92GiB(91.79%)  [34mtps: 846  [36mtflops: 40.75  [35mmfu: 4.12%[39m
[rank0]:[titan] 2026-03-17 11:53:19,546 - root - INFO - [31mstep: 1737  [32mloss:  2.6698  [38;2;180;60;0mgrad_norm:  1.5246  [38;2;54;234;195mmemory: 72.92GiB(91.79%)  [34mtps: 846  [36mtflops: 40.78  [35mmfu: 4.12%[39m
[rank0]:[titan] 2026-03-17 11:53:21,966 - root - INFO - [31mstep: 1738  [32mloss:  2.6618  [38;2;180;60;0mgrad_norm:  1.6066  [38;2;54;234;195mmemory: 72.92GiB(91.79%)  [34mtps: 847  [36mtflops: 40.80  [35mmfu: 4.12%[39m
[rank0]:[titan] 2026-03-17 11:53:24,390 - root - INFO - [31mstep: 1739  [32mloss:  2.6894  [38;2;180;60;0mgrad_norm:  1.4999  [38;2;54;234;195mmemory: 72.92GiB(91.79%)  [34mtps: 845  [36mtflops: 40.71  [35mmfu: 4.12%[39m
[rank0]:[titan] 2026-03-17 11:53:26,813 - root - INFO - [31mstep: 1740  [32mloss:  2.7380  [38;2;180;60;0mgrad_norm:  1.5746  [38;2;54;234;195mmemory: 72.92GiB(91.79%)  [34mtps: 845  [36mtflops: 40.74  [35mmfu: 4.12%[39m
[rank0]:[titan] 2026-03-17 11:53:29,234 - root - INFO - [31mstep: 1741  [32mloss:  2.6956  [38;2;180;60;0mgrad_norm:  1.3885  [38;2;54;234;195mmemory: 72.92GiB(91.79%)  [34mtps: 846  [36mtflops: 40.77  [35mmfu: 4.12%[39m
[rank0]:[titan] 2026-03-17 11:53:31,658 - root - INFO - [31mstep: 1742  [32mloss:  2.6435  [38;2;180;60;0mgrad_norm:  1.0103  [38;2;54;234;195mmemory: 72.92GiB(91.79%)  [34mtps: 845  [36mtflops: 40.72  [35mmfu: 4.12%[39m
[rank0]:[titan] 2026-03-17 11:53:34,079 - root - INFO - [31mstep: 1743  [32mloss:  2.6452  [38;2;180;60;0mgrad_norm:  1.3173  [38;2;54;234;195mmemory: 72.92GiB(91.79%)  [34mtps: 846  [36mtflops: 40.77  [35mmfu: 4.12%[39m
[rank0]:[titan] 2026-03-17 11:53:36,498 - root - INFO - [31mstep: 1744  [32mloss:  2.7056  [38;2;180;60;0mgrad_norm:  1.3739  [38;2;54;234;195mmemory: 72.92GiB(91.79%)  [34mtps: 847  [36mtflops: 40.79  [35mmfu: 4.12%[39m
[rank0]:[titan] 2026-03-17 11:53:38,924 - root - INFO - [31mstep: 1745  [32mloss:  2.6761  [38;2;180;60;0mgrad_norm:  1.2930  [38;2;54;234;195mmemory: 72.92GiB(91.79%)  [34mtps: 845  [36mtflops: 40.69  [35mmfu: 4.11%[39m
[rank0]:[titan] 2026-03-17 11:53:41,344 - root - INFO - [31mstep: 1746  [32mloss:  2.7175  [38;2;180;60;0mgrad_norm:  1.4050  [38;2;54;234;195mmemory: 72.92GiB(91.79%)  [34mtps: 846  [36mtflops: 40.78  [35mmfu: 4.12%[39m
[rank0]:[titan] 2026-03-17 11:53:43,778 - root - INFO - [31mstep: 1747  [32mloss:  2.7116  [38;2;180;60;0mgrad_norm:  1.6024  [38;2;54;234;195mmemory: 72.92GiB(91.79%)  [34mtps: 842  [36mtflops: 40.55  [35mmfu: 4.10%[39m
[rank0]:[titan] 2026-03-17 11:53:46,200 - root - INFO - [31mstep: 1748  [32mloss:  2.6602  [38;2;180;60;0mgrad_norm:  1.3672  [38;2;54;234;195mmemory: 72.92GiB(91.79%)  [34mtps: 846  [36mtflops: 40.74  [35mmfu: 4.12%[39m
[rank0]:[titan] 2026-03-17 11:53:48,621 - root - INFO - [31mstep: 1749  [32mloss:  2.6682  [38;2;180;60;0mgrad_norm:  1.0708  [38;2;54;234;195mmemory: 72.92GiB(91.79%)  [34mtps: 846  [36mtflops: 40.77  [35mmfu: 4.12%[39m
[rank0]:[titan] 2026-03-17 11:53:51,040 - root - INFO - [31mstep: 1750  [32mloss:  2.6824  [38;2;180;60;0mgrad_norm:  1.3846  [38;2;54;234;195mmemory: 72.92GiB(91.79%)  [34mtps: 847  [36mtflops: 40.80  [35mmfu: 4.13%[39m
[rank0]:[titan] 2026-03-17 11:53:53,462 - root - INFO - [31mstep: 1751  [32mloss:  2.7105  [38;2;180;60;0mgrad_norm:  1.4571  [38;2;54;234;195mmemory: 72.92GiB(91.79%)  [34mtps: 846  [36mtflops: 40.76  [35mmfu: 4.12%[39m
[rank0]:[titan] 2026-03-17 11:53:55,888 - root - INFO - [31mstep: 1752  [32mloss:  2.6455  [38;2;180;60;0mgrad_norm:  1.5734  [38;2;54;234;195mmemory: 72.92GiB(91.79%)  [34mtps: 845  [36mtflops: 40.69  [35mmfu: 4.11%[39m
[rank0]:[titan] 2026-03-17 11:53:58,308 - root - INFO - [31mstep: 1753  [32mloss:  2.6543  [38;2;180;60;0mgrad_norm:  1.3210  [38;2;54;234;195mmemory: 72.92GiB(91.79%)  [34mtps: 846  [36mtflops: 40.77  [35mmfu: 4.12%[39m
[rank0]:[titan] 2026-03-17 11:54:00,729 - root - INFO - [31mstep: 1754  [32mloss:  2.6607  [38;2;180;60;0mgrad_norm:  1.2032  [38;2;54;234;195mmemory: 72.92GiB(91.79%)  [34mtps: 846  [36mtflops: 40.77  [35mmfu: 4.12%[39m
[rank0]:[titan] 2026-03-17 11:54:03,156 - root - INFO - [31mstep: 1755  [32mloss:  2.7140  [38;2;180;60;0mgrad_norm:  1.6017  [38;2;54;234;195mmemory: 72.92GiB(91.79%)  [34mtps: 844  [36mtflops: 40.67  [35mmfu: 4.11%[39m
[rank0]:[titan] 2026-03-17 11:54:05,580 - root - INFO - [31mstep: 1756  [32mloss:  2.6982  [38;2;180;60;0mgrad_norm:  1.3770  [38;2;54;234;195mmemory: 72.92GiB(91.79%)  [34mtps: 845  [36mtflops: 40.72  [35mmfu: 4.12%[39m
[rank0]:[titan] 2026-03-17 11:54:08,003 - root - INFO - [31mstep: 1757  [32mloss:  2.6693  [38;2;180;60;0mgrad_norm:  1.2759  [38;2;54;234;195mmemory: 72.92GiB(91.79%)  [34mtps: 846  [36mtflops: 40.74  [35mmfu: 4.12%[39m
[rank0]:[titan] 2026-03-17 11:54:10,425 - root - INFO - [31mstep: 1758  [32mloss:  2.6610  [38;2;180;60;0mgrad_norm:  0.9297  [38;2;54;234;195mmemory: 72.92GiB(91.79%)  [34mtps: 846  [36mtflops: 40.75  [35mmfu: 4.12%[39m
[rank0]:[titan] 2026-03-17 11:54:12,856 - root - INFO - [31mstep: 1759  [32mloss:  2.6649  [38;2;180;60;0mgrad_norm:  1.1252  [38;2;54;234;195mmemory: 72.92GiB(91.79%)  [34mtps: 842  [36mtflops: 40.59  [35mmfu: 4.10%[39m
[rank0]:[titan] 2026-03-17 11:54:15,280 - root - INFO - [31mstep: 1760  [32mloss:  2.7139  [38;2;180;60;0mgrad_norm:  1.0257  [38;2;54;234;195mmemory: 72.92GiB(91.79%)  [34mtps: 845  [36mtflops: 40.73  [35mmfu: 4.12%[39m
[rank0]:[titan] 2026-03-17 11:54:17,700 - root - INFO - [31mstep: 1761  [32mloss:  2.7055  [38;2;180;60;0mgrad_norm:  1.1333  [38;2;54;234;195mmemory: 72.92GiB(91.79%)  [34mtps: 847  [36mtflops: 40.79  [35mmfu: 4.12%[39m
[rank0]:[titan] 2026-03-17 11:54:20,122 - root - INFO - [31mstep: 1762  [32mloss:  2.8319  [38;2;180;60;0mgrad_norm:  1.5803  [38;2;54;234;195mmemory: 72.92GiB(91.79%)  [34mtps: 846  [36mtflops: 40.74  [35mmfu: 4.12%[39m
[rank0]:[titan] 2026-03-17 11:54:22,547 - root - INFO - [31mstep: 1763  [32mloss:  2.8485  [38;2;180;60;0mgrad_norm:  1.3149  [38;2;54;234;195mmemory: 72.92GiB(91.79%)  [34mtps: 845  [36mtflops: 40.71  [35mmfu: 4.12%[39m
[rank0]:[titan] 2026-03-17 11:54:24,969 - root - INFO - [31mstep: 1764  [32mloss:  2.7629  [38;2;180;60;0mgrad_norm:  1.0822  [38;2;54;234;195mmemory: 72.92GiB(91.79%)  [34mtps: 846  [36mtflops: 40.74  [35mmfu: 4.12%[39m
[rank0]:[titan] 2026-03-17 11:54:27,390 - root - INFO - [31mstep: 1765  [32mloss:  2.7242  [38;2;180;60;0mgrad_norm:  1.3780  [38;2;54;234;195mmemory: 72.92GiB(91.79%)  [34mtps: 846  [36mtflops: 40.78  [35mmfu: 4.12%[39m
[rank0]:[titan] 2026-03-17 11:54:29,813 - root - INFO - [31mstep: 1766  [32mloss:  2.7900  [38;2;180;60;0mgrad_norm:  1.2690  [38;2;54;234;195mmemory: 72.92GiB(91.79%)  [34mtps: 845  [36mtflops: 40.73  [35mmfu: 4.12%[39m
[rank0]:[titan] 2026-03-17 11:54:32,256 - root - INFO - [31mstep: 1767  [32mloss:  2.6878  [38;2;180;60;0mgrad_norm:  0.9579  [38;2;54;234;195mmemory: 72.92GiB(91.79%)  [34mtps: 839  [36mtflops: 40.41  [35mmfu: 4.09%[39m
[rank0]:[titan] 2026-03-17 11:54:34,680 - root - INFO - [31mstep: 1768  [32mloss:  2.6837  [38;2;180;60;0mgrad_norm:  1.1775  [38;2;54;234;195mmemory: 72.92GiB(91.79%)  [34mtps: 845  [36mtflops: 40.71  [35mmfu: 4.12%[39m
[rank0]:[titan] 2026-03-17 11:54:37,104 - root - INFO - [31mstep: 1769  [32mloss:  2.6393  [38;2;180;60;0mgrad_norm:  1.2468  [38;2;54;234;195mmemory: 72.92GiB(91.79%)  [34mtps: 845  [36mtflops: 40.72  [35mmfu: 4.12%[39m
[rank0]:[titan] 2026-03-17 11:54:39,524 - root - INFO - [31mstep: 1770  [32mloss:  2.6588  [38;2;180;60;0mgrad_norm:  1.1706  [38;2;54;234;195mmemory: 72.92GiB(91.79%)  [34mtps: 846  [36mtflops: 40.78  [35mmfu: 4.12%[39m
[rank0]:[titan] 2026-03-17 11:54:41,948 - root - INFO - [31mstep: 1771  [32mloss:  2.6761  [38;2;180;60;0mgrad_norm:  1.2137  [38;2;54;234;195mmemory: 72.92GiB(91.79%)  [34mtps: 845  [36mtflops: 40.73  [35mmfu: 4.12%[39m
[rank0]:[titan] 2026-03-17 11:54:44,369 - root - INFO - [31mstep: 1772  [32mloss:  2.6490  [38;2;180;60;0mgrad_norm:  1.2808  [38;2;54;234;195mmemory: 72.92GiB(91.79%)  [34mtps: 846  [36mtflops: 40.77  [35mmfu: 4.12%[39m
[rank0]:[titan] 2026-03-17 11:54:46,791 - root - INFO - [31mstep: 1773  [32mloss:  2.6754  [38;2;180;60;0mgrad_norm:  1.1892  [38;2;54;234;195mmemory: 72.92GiB(91.79%)  [34mtps: 846  [36mtflops: 40.75  [35mmfu: 4.12%[39m
[rank0]:[titan] 2026-03-17 11:54:49,213 - root - INFO - [31mstep: 1774  [32mloss:  2.7098  [38;2;180;60;0mgrad_norm:  0.9847  [38;2;54;234;195mmemory: 72.92GiB(91.79%)  [34mtps: 846  [36mtflops: 40.76  [35mmfu: 4.12%[39m
[rank0]:[titan] 2026-03-17 11:54:51,636 - root - INFO - [31mstep: 1775  [32mloss:  2.6907  [38;2;180;60;0mgrad_norm:  1.0586  [38;2;54;234;195mmemory: 72.92GiB(91.79%)  [34mtps: 845  [36mtflops: 40.73  [35mmfu: 4.12%[39m
[rank0]:[titan] 2026-03-17 11:54:54,058 - root - INFO - [31mstep: 1776  [32mloss:  2.6461  [38;2;180;60;0mgrad_norm:  0.9917  [38;2;54;234;195mmemory: 72.92GiB(91.79%)  [34mtps: 846  [36mtflops: 40.76  [35mmfu: 4.12%[39m
[rank0]:[titan] 2026-03-17 11:54:56,483 - root - INFO - [31mstep: 1777  [32mloss:  2.6318  [38;2;180;60;0mgrad_norm:  1.1903  [38;2;54;234;195mmemory: 72.92GiB(91.79%)  [34mtps: 845  [36mtflops: 40.71  [35mmfu: 4.12%[39m
[rank0]:[titan] 2026-03-17 11:54:58,903 - root - INFO - [31mstep: 1778  [32mloss:  2.6424  [38;2;180;60;0mgrad_norm:  1.3251  [38;2;54;234;195mmemory: 72.92GiB(91.79%)  [34mtps: 846  [36mtflops: 40.78  [35mmfu: 4.12%[39m
[rank0]:[titan] 2026-03-17 11:55:01,325 - root - INFO - [31mstep: 1779  [32mloss:  2.6758  [38;2;180;60;0mgrad_norm:  1.3158  [38;2;54;234;195mmemory: 72.92GiB(91.79%)  [34mtps: 846  [36mtflops: 40.75  [35mmfu: 4.12%[39m
[rank0]:[titan] 2026-03-17 11:55:03,745 - root - INFO - [31mstep: 1780  [32mloss:  2.7347  [38;2;180;60;0mgrad_norm:  1.5408  [38;2;54;234;195mmemory: 72.92GiB(91.79%)  [34mtps: 847  [36mtflops: 40.79  [35mmfu: 4.12%[39m
[rank0]:[titan] 2026-03-17 11:55:06,168 - root - INFO - [31mstep: 1781  [32mloss:  2.7210  [38;2;180;60;0mgrad_norm:  1.2764  [38;2;54;234;195mmemory: 72.92GiB(91.79%)  [34mtps: 845  [36mtflops: 40.74  [35mmfu: 4.12%[39m
[rank0]:[titan] 2026-03-17 11:55:08,592 - root - INFO - [31mstep: 1782  [32mloss:  2.6964  [38;2;180;60;0mgrad_norm:  1.4721  [38;2;54;234;195mmemory: 72.92GiB(91.79%)  [34mtps: 845  [36mtflops: 40.71  [35mmfu: 4.12%[39m
[rank0]:[titan] 2026-03-17 11:55:11,014 - root - INFO - [31mstep: 1783  [32mloss:  2.6616  [38;2;180;60;0mgrad_norm:  1.7316  [38;2;54;234;195mmemory: 72.92GiB(91.79%)  [34mtps: 846  [36mtflops: 40.76  [35mmfu: 4.12%[39m
[rank0]:[titan] 2026-03-17 11:55:13,435 - root - INFO - [31mstep: 1784  [32mloss:  2.6826  [38;2;180;60;0mgrad_norm:  1.8205  [38;2;54;234;195mmemory: 72.92GiB(91.79%)  [34mtps: 846  [36mtflops: 40.76  [35mmfu: 4.12%[39m
[rank0]:[titan] 2026-03-17 11:55:15,855 - root - INFO - [31mstep: 1785  [32mloss:  2.7106  [38;2;180;60;0mgrad_norm:  1.5330  [38;2;54;234;195mmemory: 72.92GiB(91.79%)  [34mtps: 846  [36mtflops: 40.78  [35mmfu: 4.12%[39m
[rank0]:[titan] 2026-03-17 11:55:18,276 - root - INFO - [31mstep: 1786  [32mloss:  2.6987  [38;2;180;60;0mgrad_norm:  1.3079  [38;2;54;234;195mmemory: 72.92GiB(91.79%)  [34mtps: 846  [36mtflops: 40.78  [35mmfu: 4.12%[39m
[rank0]:[titan] 2026-03-17 11:55:20,699 - root - INFO - [31mstep: 1787  [32mloss:  2.7515  [38;2;180;60;0mgrad_norm:  1.5558  [38;2;54;234;195mmemory: 72.92GiB(91.79%)  [34mtps: 845  [36mtflops: 40.73  [35mmfu: 4.12%[39m
[rank0]:[titan] 2026-03-17 11:55:23,137 - root - INFO - [31mstep: 1788  [32mloss:  2.6767  [38;2;180;60;0mgrad_norm:  1.4473  [38;2;54;234;195mmemory: 72.92GiB(91.79%)  [34mtps: 840  [36mtflops: 40.49  [35mmfu: 4.09%[39m
[rank0]:[titan] 2026-03-17 11:55:25,558 - root - INFO - [31mstep: 1789  [32mloss:  2.6850  [38;2;180;60;0mgrad_norm:  1.5187  [38;2;54;234;195mmemory: 72.92GiB(91.79%)  [34mtps: 846  [36mtflops: 40.76  [35mmfu: 4.12%[39m
[rank0]:[titan] 2026-03-17 11:55:27,978 - root - INFO - [31mstep: 1790  [32mloss:  2.6713  [38;2;180;60;0mgrad_norm:  1.3440  [38;2;54;234;195mmemory: 72.92GiB(91.79%)  [34mtps: 846  [36mtflops: 40.78  [35mmfu: 4.12%[39m
[rank0]:[titan] 2026-03-17 11:55:30,400 - root - INFO - [31mstep: 1791  [32mloss:  2.6949  [38;2;180;60;0mgrad_norm:  1.1652  [38;2;54;234;195mmemory: 72.92GiB(91.79%)  [34mtps: 846  [36mtflops: 40.75  [35mmfu: 4.12%[39m
[rank0]:[titan] 2026-03-17 11:55:32,820 - root - INFO - [31mstep: 1792  [32mloss:  2.7012  [38;2;180;60;0mgrad_norm:  1.2261  [38;2;54;234;195mmemory: 72.92GiB(91.79%)  [34mtps: 846  [36mtflops: 40.78  [35mmfu: 4.12%[39m
[rank0]:[titan] 2026-03-17 11:55:35,241 - root - INFO - [31mstep: 1793  [32mloss:  2.6704  [38;2;180;60;0mgrad_norm:  1.3153  [38;2;54;234;195mmemory: 72.92GiB(91.79%)  [34mtps: 846  [36mtflops: 40.78  [35mmfu: 4.12%[39m
[rank0]:[titan] 2026-03-17 11:55:37,671 - root - INFO - [31mstep: 1794  [32mloss:  2.7059  [38;2;180;60;0mgrad_norm:  1.1344  [38;2;54;234;195mmemory: 72.92GiB(91.79%)  [34mtps: 843  [36mtflops: 40.62  [35mmfu: 4.11%[39m
[rank0]:[titan] 2026-03-17 11:55:40,091 - root - INFO - [31mstep: 1795  [32mloss:  2.7212  [38;2;180;60;0mgrad_norm:  1.2299  [38;2;54;234;195mmemory: 72.92GiB(91.79%)  [34mtps: 846  [36mtflops: 40.78  [35mmfu: 4.12%[39m
[rank0]:[titan] 2026-03-17 11:55:42,513 - root - INFO - [31mstep: 1796  [32mloss:  2.6961  [38;2;180;60;0mgrad_norm:  1.2479  [38;2;54;234;195mmemory: 72.92GiB(91.79%)  [34mtps: 846  [36mtflops: 40.74  [35mmfu: 4.12%[39m
[rank0]:[titan] 2026-03-17 11:55:44,934 - root - INFO - [31mstep: 1797  [32mloss:  2.6959  [38;2;180;60;0mgrad_norm:  0.9479  [38;2;54;234;195mmemory: 72.92GiB(91.79%)  [34mtps: 846  [36mtflops: 40.78  [35mmfu: 4.12%[39m
[rank0]:[titan] 2026-03-17 11:55:47,360 - root - INFO - [31mstep: 1798  [32mloss:  2.6886  [38;2;180;60;0mgrad_norm:  1.2084  [38;2;54;234;195mmemory: 72.92GiB(91.79%)  [34mtps: 844  [36mtflops: 40.68  [35mmfu: 4.11%[39m
[rank0]:[titan] 2026-03-17 11:55:49,779 - root - INFO - [31mstep: 1799  [32mloss:  2.7230  [38;2;180;60;0mgrad_norm:  1.2077  [38;2;54;234;195mmemory: 72.92GiB(91.79%)  [34mtps: 847  [36mtflops: 40.80  [35mmfu: 4.13%[39m
[rank0]:[titan] 2026-03-17 11:55:52,209 - root - INFO - [31mstep: 1800  [32mloss:  2.7327  [38;2;180;60;0mgrad_norm:  0.9204  [38;2;54;234;195mmemory: 72.92GiB(91.79%)  [34mtps: 843  [36mtflops: 40.63  [35mmfu: 4.11%[39m
[rank0]:[titan] 2026-03-17 11:55:54,636 - root - INFO - [31mstep: 1801  [32mloss:  2.6863  [38;2;180;60;0mgrad_norm:  1.2014  [38;2;54;234;195mmemory: 72.92GiB(91.79%)  [34mtps: 844  [36mtflops: 40.66  [35mmfu: 4.11%[39m
[rank0]:[titan] 2026-03-17 11:55:57,056 - root - INFO - [31mstep: 1802  [32mloss:  2.6717  [38;2;180;60;0mgrad_norm:  1.0955  [38;2;54;234;195mmemory: 72.92GiB(91.79%)  [34mtps: 846  [36mtflops: 40.78  [35mmfu: 4.12%[39m
[rank0]:[titan] 2026-03-17 11:55:59,485 - root - INFO - [31mstep: 1803  [32mloss:  2.6987  [38;2;180;60;0mgrad_norm:  1.0343  [38;2;54;234;195mmemory: 72.92GiB(91.79%)  [34mtps: 843  [36mtflops: 40.64  [35mmfu: 4.11%[39m
[rank0]:[titan] 2026-03-17 11:56:01,909 - root - INFO - [31mstep: 1804  [32mloss:  2.7554  [38;2;180;60;0mgrad_norm:  1.2862  [38;2;54;234;195mmemory: 72.92GiB(91.79%)  [34mtps: 845  [36mtflops: 40.72  [35mmfu: 4.12%[39m
[rank0]:[titan] 2026-03-17 11:56:04,330 - root - INFO - [31mstep: 1805  [32mloss:  2.7121  [38;2;180;60;0mgrad_norm:  1.2339  [38;2;54;234;195mmemory: 72.92GiB(91.79%)  [34mtps: 846  [36mtflops: 40.76  [35mmfu: 4.12%[39m
[rank0]:[titan] 2026-03-17 11:56:06,752 - root - INFO - [31mstep: 1806  [32mloss:  2.7251  [38;2;180;60;0mgrad_norm:  1.4153  [38;2;54;234;195mmemory: 72.92GiB(91.79%)  [34mtps: 846  [36mtflops: 40.75  [35mmfu: 4.12%[39m
[rank0]:[titan] 2026-03-17 11:56:09,173 - root - INFO - [31mstep: 1807  [32mloss:  2.7408  [38;2;180;60;0mgrad_norm:  1.5035  [38;2;54;234;195mmemory: 72.92GiB(91.79%)  [34mtps: 846  [36mtflops: 40.76  [35mmfu: 4.12%[39m
[rank0]:[titan] 2026-03-17 11:56:11,592 - root - INFO - [31mstep: 1808  [32mloss:  2.6902  [38;2;180;60;0mgrad_norm:  1.6950  [38;2;54;234;195mmemory: 72.92GiB(91.79%)  [34mtps: 847  [36mtflops: 40.80  [35mmfu: 4.13%[39m
[rank0]:[titan] 2026-03-17 11:56:14,013 - root - INFO - [31mstep: 1809  [32mloss:  2.7229  [38;2;180;60;0mgrad_norm:  1.4710  [38;2;54;234;195mmemory: 72.92GiB(91.79%)  [34mtps: 846  [36mtflops: 40.77  [35mmfu: 4.12%[39m
[rank0]:[titan] 2026-03-17 11:56:16,441 - root - INFO - [31mstep: 1810  [32mloss:  2.6309  [38;2;180;60;0mgrad_norm:  1.2171  [38;2;54;234;195mmemory: 72.92GiB(91.79%)  [34mtps: 844  [36mtflops: 40.66  [35mmfu: 4.11%[39m
[rank0]:[titan] 2026-03-17 11:56:18,865 - root - INFO - [31mstep: 1811  [32mloss:  2.6497  [38;2;180;60;0mgrad_norm:  1.4878  [38;2;54;234;195mmemory: 72.92GiB(91.79%)  [34mtps: 845  [36mtflops: 40.72  [35mmfu: 4.12%[39m
[rank0]:[titan] 2026-03-17 11:56:21,284 - root - INFO - [31mstep: 1812  [32mloss:  2.6741  [38;2;180;60;0mgrad_norm:  1.6367  [38;2;54;234;195mmemory: 72.92GiB(91.79%)  [34mtps: 847  [36mtflops: 40.80  [35mmfu: 4.13%[39m
[rank0]:[titan] 2026-03-17 11:56:23,706 - root - INFO - [31mstep: 1813  [32mloss:  2.6630  [38;2;180;60;0mgrad_norm:  1.2015  [38;2;54;234;195mmemory: 72.92GiB(91.79%)  [34mtps: 846  [36mtflops: 40.74  [35mmfu: 4.12%[39m
[rank0]:[titan] 2026-03-17 11:56:26,126 - root - INFO - [31mstep: 1814  [32mloss:  2.7007  [38;2;180;60;0mgrad_norm:  1.2319  [38;2;54;234;195mmemory: 72.92GiB(91.79%)  [34mtps: 847  [36mtflops: 40.79  [35mmfu: 4.12%[39m
[rank0]:[titan] 2026-03-17 11:56:28,555 - root - INFO - [31mstep: 1815  [32mloss:  2.6986  [38;2;180;60;0mgrad_norm:  1.3680  [38;2;54;234;195mmemory: 72.92GiB(91.79%)  [34mtps: 843  [36mtflops: 40.64  [35mmfu: 4.11%[39m
[rank0]:[titan] 2026-03-17 11:56:30,980 - root - INFO - [31mstep: 1816  [32mloss:  2.7384  [38;2;180;60;0mgrad_norm:  1.2769  [38;2;54;234;195mmemory: 72.92GiB(91.79%)  [34mtps: 845  [36mtflops: 40.69  [35mmfu: 4.11%[39m
[rank0]:[titan] 2026-03-17 11:56:33,411 - root - INFO - [31mstep: 1817  [32mloss:  2.7313  [38;2;180;60;0mgrad_norm:  1.2627  [38;2;54;234;195mmemory: 72.92GiB(91.79%)  [34mtps: 843  [36mtflops: 40.61  [35mmfu: 4.11%[39m
[rank0]:[titan] 2026-03-17 11:56:35,833 - root - INFO - [31mstep: 1818  [32mloss:  2.7047  [38;2;180;60;0mgrad_norm:  1.3432  [38;2;54;234;195mmemory: 72.92GiB(91.79%)  [34mtps: 846  [36mtflops: 40.74  [35mmfu: 4.12%[39m
[rank0]:[titan] 2026-03-17 11:56:38,256 - root - INFO - [31mstep: 1819  [32mloss:  2.6223  [38;2;180;60;0mgrad_norm:  1.7404  [38;2;54;234;195mmemory: 72.92GiB(91.79%)  [34mtps: 846  [36mtflops: 40.74  [35mmfu: 4.12%[39m
[rank0]:[titan] 2026-03-17 11:56:40,677 - root - INFO - [31mstep: 1820  [32mloss:  2.7132  [38;2;180;60;0mgrad_norm:  1.5222  [38;2;54;234;195mmemory: 72.92GiB(91.79%)  [34mtps: 846  [36mtflops: 40.77  [35mmfu: 4.12%[39m
[rank0]:[titan] 2026-03-17 11:56:43,104 - root - INFO - [31mstep: 1821  [32mloss:  2.7173  [38;2;180;60;0mgrad_norm:  1.2639  [38;2;54;234;195mmemory: 72.92GiB(91.79%)  [34mtps: 844  [36mtflops: 40.68  [35mmfu: 4.11%[39m
[rank0]:[titan] 2026-03-17 11:56:45,526 - root - INFO - [31mstep: 1822  [32mloss:  2.7933  [38;2;180;60;0mgrad_norm:  1.6055  [38;2;54;234;195mmemory: 72.92GiB(91.79%)  [34mtps: 846  [36mtflops: 40.74  [35mmfu: 4.12%[39m
[rank0]:[titan] 2026-03-17 11:56:47,947 - root - INFO - [31mstep: 1823  [32mloss:  2.8202  [38;2;180;60;0mgrad_norm:  1.8474  [38;2;54;234;195mmemory: 72.92GiB(91.79%)  [34mtps: 846  [36mtflops: 40.77  [35mmfu: 4.12%[39m
[rank0]:[titan] 2026-03-17 11:56:50,373 - root - INFO - [31mstep: 1824  [32mloss:  2.7060  [38;2;180;60;0mgrad_norm:  1.5369  [38;2;54;234;195mmemory: 72.92GiB(91.79%)  [34mtps: 845  [36mtflops: 40.69  [35mmfu: 4.11%[39m
[rank0]:[titan] 2026-03-17 11:56:52,797 - root - INFO - [31mstep: 1825  [32mloss:  2.6993  [38;2;180;60;0mgrad_norm:  1.5134  [38;2;54;234;195mmemory: 72.92GiB(91.79%)  [34mtps: 845  [36mtflops: 40.72  [35mmfu: 4.12%[39m
[rank0]:[titan] 2026-03-17 11:56:55,218 - root - INFO - [31mstep: 1826  [32mloss:  2.7412  [38;2;180;60;0mgrad_norm:  1.5697  [38;2;54;234;195mmemory: 72.92GiB(91.79%)  [34mtps: 846  [36mtflops: 40.77  [35mmfu: 4.12%[39m
[rank0]:[titan] 2026-03-17 11:56:57,643 - root - INFO - [31mstep: 1827  [32mloss:  2.7099  [38;2;180;60;0mgrad_norm:  1.2695  [38;2;54;234;195mmemory: 72.92GiB(91.79%)  [34mtps: 845  [36mtflops: 40.71  [35mmfu: 4.12%[39m
[rank0]:[titan] 2026-03-17 11:57:00,066 - root - INFO - [31mstep: 1828  [32mloss:  2.7134  [38;2;180;60;0mgrad_norm:  1.4872  [38;2;54;234;195mmemory: 72.92GiB(91.79%)  [34mtps: 845  [36mtflops: 40.73  [35mmfu: 4.12%[39m
[rank0]:[titan] 2026-03-17 11:57:02,494 - root - INFO - [31mstep: 1829  [32mloss:  2.7282  [38;2;180;60;0mgrad_norm:  1.3431  [38;2;54;234;195mmemory: 72.92GiB(91.79%)  [34mtps: 844  [36mtflops: 40.66  [35mmfu: 4.11%[39m
[rank0]:[titan] 2026-03-17 11:57:04,914 - root - INFO - [31mstep: 1830  [32mloss:  2.7213  [38;2;180;60;0mgrad_norm:  1.3502  [38;2;54;234;195mmemory: 72.92GiB(91.79%)  [34mtps: 846  [36mtflops: 40.78  [35mmfu: 4.12%[39m
[rank0]:[titan] 2026-03-17 11:57:07,339 - root - INFO - [31mstep: 1831  [32mloss:  2.7134  [38;2;180;60;0mgrad_norm:  1.4204  [38;2;54;234;195mmemory: 72.92GiB(91.79%)  [34mtps: 845  [36mtflops: 40.71  [35mmfu: 4.12%[39m
[rank0]:[titan] 2026-03-17 11:57:09,761 - root - INFO - [31mstep: 1832  [32mloss:  2.7458  [38;2;180;60;0mgrad_norm:  1.3765  [38;2;54;234;195mmemory: 72.92GiB(91.79%)  [34mtps: 846  [36mtflops: 40.75  [35mmfu: 4.12%[39m
[rank0]:[titan] 2026-03-17 11:57:12,185 - root - INFO - [31mstep: 1833  [32mloss:  2.7846  [38;2;180;60;0mgrad_norm:  0.9452  [38;2;54;234;195mmemory: 72.92GiB(91.79%)  [34mtps: 845  [36mtflops: 40.73  [35mmfu: 4.12%[39m
[rank0]:[titan] 2026-03-17 11:57:14,604 - root - INFO - [31mstep: 1834  [32mloss:  2.7245  [38;2;180;60;0mgrad_norm:  1.3726  [38;2;54;234;195mmemory: 72.92GiB(91.79%)  [34mtps: 847  [36mtflops: 40.79  [35mmfu: 4.12%[39m
[rank0]:[titan] 2026-03-17 11:57:17,025 - root - INFO - [31mstep: 1835  [32mloss:  2.7145  [38;2;180;60;0mgrad_norm:  1.1673  [38;2;54;234;195mmemory: 72.92GiB(91.79%)  [34mtps: 846  [36mtflops: 40.78  [35mmfu: 4.12%[39m
[rank0]:[titan] 2026-03-17 11:57:19,448 - root - INFO - [31mstep: 1836  [32mloss:  2.7491  [38;2;180;60;0mgrad_norm:  0.9920  [38;2;54;234;195mmemory: 72.92GiB(91.79%)  [34mtps: 845  [36mtflops: 40.72  [35mmfu: 4.12%[39m
[rank0]:[titan] 2026-03-17 11:57:21,873 - root - INFO - [31mstep: 1837  [32mloss:  2.7356  [38;2;180;60;0mgrad_norm:  1.2088  [38;2;54;234;195mmemory: 72.92GiB(91.79%)  [34mtps: 845  [36mtflops: 40.71  [35mmfu: 4.12%[39m
[rank0]:[titan] 2026-03-17 11:57:24,294 - root - INFO - [31mstep: 1838  [32mloss:  2.7203  [38;2;180;60;0mgrad_norm:  1.5965  [38;2;54;234;195mmemory: 72.92GiB(91.79%)  [34mtps: 846  [36mtflops: 40.78  [35mmfu: 4.12%[39m
[rank0]:[titan] 2026-03-17 11:57:26,713 - root - INFO - [31mstep: 1839  [32mloss:  2.7191  [38;2;180;60;0mgrad_norm:  1.6997  [38;2;54;234;195mmemory: 72.92GiB(91.79%)  [34mtps: 847  [36mtflops: 40.79  [35mmfu: 4.12%[39m
[rank0]:[titan] 2026-03-17 11:57:29,133 - root - INFO - [31mstep: 1840  [32mloss:  2.7094  [38;2;180;60;0mgrad_norm:  1.1856  [38;2;54;234;195mmemory: 72.92GiB(91.79%)  [34mtps: 846  [36mtflops: 40.79  [35mmfu: 4.12%[39m
[rank0]:[titan] 2026-03-17 11:57:31,557 - root - INFO - [31mstep: 1841  [32mloss:  2.6860  [38;2;180;60;0mgrad_norm:  1.3456  [38;2;54;234;195mmemory: 72.92GiB(91.79%)  [34mtps: 845  [36mtflops: 40.72  [35mmfu: 4.12%[39m
[rank0]:[titan] 2026-03-17 11:57:33,985 - root - INFO - [31mstep: 1842  [32mloss:  2.7881  [38;2;180;60;0mgrad_norm:  1.3556  [38;2;54;234;195mmemory: 72.92GiB(91.79%)  [34mtps: 844  [36mtflops: 40.65  [35mmfu: 4.11%[39m
[rank0]:[titan] 2026-03-17 11:57:36,405 - root - INFO - [31mstep: 1843  [32mloss:  2.7308  [38;2;180;60;0mgrad_norm:  1.8848  [38;2;54;234;195mmemory: 72.92GiB(91.79%)  [34mtps: 846  [36mtflops: 40.78  [35mmfu: 4.12%[39m
[rank0]:[titan] 2026-03-17 11:57:38,825 - root - INFO - [31mstep: 1844  [32mloss:  2.7195  [38;2;180;60;0mgrad_norm:  1.7005  [38;2;54;234;195mmemory: 72.92GiB(91.79%)  [34mtps: 847  [36mtflops: 40.79  [35mmfu: 4.12%[39m
[rank0]:[titan] 2026-03-17 11:57:41,248 - root - INFO - [31mstep: 1845  [32mloss:  2.7139  [38;2;180;60;0mgrad_norm:  1.5263  [38;2;54;234;195mmemory: 72.92GiB(91.79%)  [34mtps: 846  [36mtflops: 40.74  [35mmfu: 4.12%[39m
[rank0]:[titan] 2026-03-17 11:57:43,678 - root - INFO - [31mstep: 1846  [32mloss:  2.7058  [38;2;180;60;0mgrad_norm:  1.4354  [38;2;54;234;195mmemory: 72.92GiB(91.79%)  [34mtps: 843  [36mtflops: 40.61  [35mmfu: 4.11%[39m
[rank0]:[titan] 2026-03-17 11:57:46,095 - root - INFO - [31mstep: 1847  [32mloss:  2.6943  [38;2;180;60;0mgrad_norm:  1.3661  [38;2;54;234;195mmemory: 72.92GiB(91.79%)  [34mtps: 847  [36mtflops: 40.83  [35mmfu: 4.13%[39m
[rank0]:[titan] 2026-03-17 11:57:48,518 - root - INFO - [31mstep: 1848  [32mloss:  2.6430  [38;2;180;60;0mgrad_norm:  1.1288  [38;2;54;234;195mmemory: 72.92GiB(91.79%)  [34mtps: 845  [36mtflops: 40.74  [35mmfu: 4.12%[39m
[rank0]:[titan] 2026-03-17 11:57:50,939 - root - INFO - [31mstep: 1849  [32mloss:  2.6675  [38;2;180;60;0mgrad_norm:  1.1469  [38;2;54;234;195mmemory: 72.92GiB(91.79%)  [34mtps: 846  [36mtflops: 40.76  [35mmfu: 4.12%[39m
[rank0]:[titan] 2026-03-17 11:57:53,360 - root - INFO - [31mstep: 1850  [32mloss:  2.6557  [38;2;180;60;0mgrad_norm:  1.3328  [38;2;54;234;195mmemory: 72.92GiB(91.79%)  [34mtps: 846  [36mtflops: 40.77  [35mmfu: 4.12%[39m
[rank0]:[titan] 2026-03-17 11:57:55,783 - root - INFO - [31mstep: 1851  [32mloss:  2.7518  [38;2;180;60;0mgrad_norm:  0.9127  [38;2;54;234;195mmemory: 72.92GiB(91.79%)  [34mtps: 846  [36mtflops: 40.75  [35mmfu: 4.12%[39m
[rank0]:[titan] 2026-03-17 11:57:58,206 - root - INFO - [31mstep: 1852  [32mloss:  2.7305  [38;2;180;60;0mgrad_norm:  1.2584  [38;2;54;234;195mmemory: 72.92GiB(91.79%)  [34mtps: 845  [36mtflops: 40.73  [35mmfu: 4.12%[39m
[rank0]:[titan] 2026-03-17 11:58:00,626 - root - INFO - [31mstep: 1853  [32mloss:  2.6477  [38;2;180;60;0mgrad_norm:  1.4037  [38;2;54;234;195mmemory: 72.92GiB(91.79%)  [34mtps: 847  [36mtflops: 40.79  [35mmfu: 4.12%[39m
[rank0]:[titan] 2026-03-17 11:58:03,047 - root - INFO - [31mstep: 1854  [32mloss:  2.6716  [38;2;180;60;0mgrad_norm:  1.1355  [38;2;54;234;195mmemory: 72.92GiB(91.79%)  [34mtps: 846  [36mtflops: 40.77  [35mmfu: 4.12%[39m
[rank0]:[titan] 2026-03-17 11:58:05,471 - root - INFO - [31mstep: 1855  [32mloss:  2.7263  [38;2;180;60;0mgrad_norm:  1.3926  [38;2;54;234;195mmemory: 72.92GiB(91.79%)  [34mtps: 845  [36mtflops: 40.71  [35mmfu: 4.12%[39m
[rank0]:[titan] 2026-03-17 11:58:07,897 - root - INFO - [31mstep: 1856  [32mloss:  2.6970  [38;2;180;60;0mgrad_norm:  1.3283  [38;2;54;234;195mmemory: 72.92GiB(91.79%)  [34mtps: 844  [36mtflops: 40.68  [35mmfu: 4.11%[39m
[rank0]:[titan] 2026-03-17 11:58:10,320 - root - INFO - [31mstep: 1857  [32mloss:  2.6534  [38;2;180;60;0mgrad_norm:  1.3872  [38;2;54;234;195mmemory: 72.92GiB(91.79%)  [34mtps: 845  [36mtflops: 40.73  [35mmfu: 4.12%[39m
[rank0]:[titan] 2026-03-17 11:58:12,742 - root - INFO - [31mstep: 1858  [32mloss:  2.7171  [38;2;180;60;0mgrad_norm:  1.7462  [38;2;54;234;195mmemory: 72.92GiB(91.79%)  [34mtps: 846  [36mtflops: 40.75  [35mmfu: 4.12%[39m
[rank0]:[titan] 2026-03-17 11:58:15,171 - root - INFO - [31mstep: 1859  [32mloss:  2.7380  [38;2;180;60;0mgrad_norm:  1.5460  [38;2;54;234;195mmemory: 72.92GiB(91.79%)  [34mtps: 844  [36mtflops: 40.64  [35mmfu: 4.11%[39m
[rank0]:[titan] 2026-03-17 11:58:17,593 - root - INFO - [31mstep: 1860  [32mloss:  2.6586  [38;2;180;60;0mgrad_norm:  1.3175  [38;2;54;234;195mmemory: 72.92GiB(91.79%)  [34mtps: 846  [36mtflops: 40.76  [35mmfu: 4.12%[39m
[rank0]:[titan] 2026-03-17 11:58:20,014 - root - INFO - [31mstep: 1861  [32mloss:  2.6850  [38;2;180;60;0mgrad_norm:  1.5249  [38;2;54;234;195mmemory: 72.92GiB(91.79%)  [34mtps: 846  [36mtflops: 40.77  [35mmfu: 4.12%[39m
[rank0]:[titan] 2026-03-17 11:58:22,436 - root - INFO - [31mstep: 1862  [32mloss:  2.7007  [38;2;180;60;0mgrad_norm:  1.1342  [38;2;54;234;195mmemory: 72.92GiB(91.79%)  [34mtps: 846  [36mtflops: 40.74  [35mmfu: 4.12%[39m
[rank0]:[titan] 2026-03-17 11:58:24,866 - root - INFO - [31mstep: 1863  [32mloss:  2.7299  [38;2;180;60;0mgrad_norm:  1.4663  [38;2;54;234;195mmemory: 72.92GiB(91.79%)  [34mtps: 843  [36mtflops: 40.63  [35mmfu: 4.11%[39m
[rank0]:[titan] 2026-03-17 11:58:27,286 - root - INFO - [31mstep: 1864  [32mloss:  2.7661  [38;2;180;60;0mgrad_norm:  1.4700  [38;2;54;234;195mmemory: 72.92GiB(91.79%)  [34mtps: 847  [36mtflops: 40.79  [35mmfu: 4.12%[39m
[rank0]:[titan] 2026-03-17 11:58:29,711 - root - INFO - [31mstep: 1865  [32mloss:  2.7860  [38;2;180;60;0mgrad_norm:  2.1039  [38;2;54;234;195mmemory: 72.92GiB(91.79%)  [34mtps: 844  [36mtflops: 40.69  [35mmfu: 4.11%[39m
[rank0]:[titan] 2026-03-17 11:58:32,138 - root - INFO - [31mstep: 1866  [32mloss:  2.8309  [38;2;180;60;0mgrad_norm:  1.4160  [38;2;54;234;195mmemory: 72.92GiB(91.79%)  [34mtps: 844  [36mtflops: 40.67  [35mmfu: 4.11%[39m
[rank0]:[titan] 2026-03-17 11:58:34,558 - root - INFO - [31mstep: 1867  [32mloss:  2.7675  [38;2;180;60;0mgrad_norm:  1.3851  [38;2;54;234;195mmemory: 72.92GiB(91.79%)  [34mtps: 847  [36mtflops: 40.79  [35mmfu: 4.12%[39m
[rank0]:[titan] 2026-03-17 11:58:36,979 - root - INFO - [31mstep: 1868  [32mloss:  2.7860  [38;2;180;60;0mgrad_norm:  9.9373  [38;2;54;234;195mmemory: 72.92GiB(91.79%)  [34mtps: 846  [36mtflops: 40.77  [35mmfu: 4.12%[39m
[rank0]:[titan] 2026-03-17 11:58:39,403 - root - INFO - [31mstep: 1869  [32mloss:  2.7674  [38;2;180;60;0mgrad_norm:  1.5161  [38;2;54;234;195mmemory: 72.92GiB(91.79%)  [34mtps: 845  [36mtflops: 40.72  [35mmfu: 4.12%[39m
[rank0]:[titan] 2026-03-17 11:58:41,825 - root - INFO - [31mstep: 1870  [32mloss:  2.7424  [38;2;180;60;0mgrad_norm:  1.7340  [38;2;54;234;195mmemory: 72.92GiB(91.79%)  [34mtps: 846  [36mtflops: 40.74  [35mmfu: 4.12%[39m
[rank0]:[titan] 2026-03-17 11:58:44,255 - root - INFO - [31mstep: 1871  [32mloss:  2.7335  [38;2;180;60;0mgrad_norm:  1.5452  [38;2;54;234;195mmemory: 72.92GiB(91.79%)  [34mtps: 843  [36mtflops: 40.62  [35mmfu: 4.11%[39m
[rank0]:[titan] 2026-03-17 11:58:46,687 - root - INFO - [31mstep: 1872  [32mloss:  2.7326  [38;2;180;60;0mgrad_norm:  1.2574  [38;2;54;234;195mmemory: 72.92GiB(91.79%)  [34mtps: 843  [36mtflops: 40.59  [35mmfu: 4.10%[39m
[rank0]:[titan] 2026-03-17 11:58:49,109 - root - INFO - [31mstep: 1873  [32mloss:  2.7073  [38;2;180;60;0mgrad_norm:  1.4736  [38;2;54;234;195mmemory: 72.92GiB(91.79%)  [34mtps: 846  [36mtflops: 40.74  [35mmfu: 4.12%[39m
[rank0]:[titan] 2026-03-17 11:58:51,528 - root - INFO - [31mstep: 1874  [32mloss:  2.6951  [38;2;180;60;0mgrad_norm:  1.4520  [38;2;54;234;195mmemory: 72.92GiB(91.79%)  [34mtps: 847  [36mtflops: 40.80  [35mmfu: 4.13%[39m
[rank0]:[titan] 2026-03-17 11:58:53,951 - root - INFO - [31mstep: 1875  [32mloss:  2.7596  [38;2;180;60;0mgrad_norm:  1.5572  [38;2;54;234;195mmemory: 72.92GiB(91.79%)  [34mtps: 846  [36mtflops: 40.75  [35mmfu: 4.12%[39m
[rank0]:[titan] 2026-03-17 11:58:56,389 - root - INFO - [31mstep: 1876  [32mloss:  2.7230  [38;2;180;60;0mgrad_norm:  1.6402  [38;2;54;234;195mmemory: 72.92GiB(91.79%)  [34mtps: 840  [36mtflops: 40.48  [35mmfu: 4.09%[39m
[rank0]:[titan] 2026-03-17 11:58:58,809 - root - INFO - [31mstep: 1877  [32mloss:  2.7366  [38;2;180;60;0mgrad_norm:  1.0950  [38;2;54;234;195mmemory: 72.92GiB(91.79%)  [34mtps: 846  [36mtflops: 40.78  [35mmfu: 4.12%[39m
[rank0]:[titan] 2026-03-17 11:59:01,231 - root - INFO - [31mstep: 1878  [32mloss:  2.7036  [38;2;180;60;0mgrad_norm:  1.4728  [38;2;54;234;195mmemory: 72.92GiB(91.79%)  [34mtps: 846  [36mtflops: 40.75  [35mmfu: 4.12%[39m
[rank0]:[titan] 2026-03-17 11:59:03,663 - root - INFO - [31mstep: 1879  [32mloss:  2.7087  [38;2;180;60;0mgrad_norm:  1.3477  [38;2;54;234;195mmemory: 72.92GiB(91.79%)  [34mtps: 842  [36mtflops: 40.58  [35mmfu: 4.10%[39m
[rank0]:[titan] 2026-03-17 11:59:06,086 - root - INFO - [31mstep: 1880  [32mloss:  2.6996  [38;2;180;60;0mgrad_norm:  0.8902  [38;2;54;234;195mmemory: 72.92GiB(91.79%)  [34mtps: 846  [36mtflops: 40.74  [35mmfu: 4.12%[39m
[rank0]:[titan] 2026-03-17 11:59:08,507 - root - INFO - [31mstep: 1881  [32mloss:  2.6446  [38;2;180;60;0mgrad_norm:  1.2595  [38;2;54;234;195mmemory: 72.92GiB(91.79%)  [34mtps: 846  [36mtflops: 40.76  [35mmfu: 4.12%[39m
[rank0]:[titan] 2026-03-17 11:59:10,932 - root - INFO - [31mstep: 1882  [32mloss:  2.6795  [38;2;180;60;0mgrad_norm:  1.4928  [38;2;54;234;195mmemory: 72.92GiB(91.79%)  [34mtps: 845  [36mtflops: 40.70  [35mmfu: 4.12%[39m
[rank0]:[titan] 2026-03-17 11:59:13,360 - root - INFO - [31mstep: 1883  [32mloss:  2.7703  [38;2;180;60;0mgrad_norm:  1.1568  [38;2;54;234;195mmemory: 72.92GiB(91.79%)  [34mtps: 844  [36mtflops: 40.64  [35mmfu: 4.11%[39m
[rank0]:[titan] 2026-03-17 11:59:15,782 - root - INFO - [31mstep: 1884  [32mloss:  2.8532  [38;2;180;60;0mgrad_norm:  1.6463  [38;2;54;234;195mmemory: 72.92GiB(91.79%)  [34mtps: 846  [36mtflops: 40.76  [35mmfu: 4.12%[39m
[rank0]:[titan] 2026-03-17 11:59:18,206 - root - INFO - [31mstep: 1885  [32mloss:  2.8361  [38;2;180;60;0mgrad_norm:  1.8333  [38;2;54;234;195mmemory: 72.92GiB(91.79%)  [34mtps: 845  [36mtflops: 40.71  [35mmfu: 4.12%[39m
[rank0]:[titan] 2026-03-17 11:59:20,626 - root - INFO - [31mstep: 1886  [32mloss:  2.8462  [38;2;180;60;0mgrad_norm:  1.5145  [38;2;54;234;195mmemory: 72.92GiB(91.79%)  [34mtps: 846  [36mtflops: 40.78  [35mmfu: 4.12%[39m
[rank0]:[titan] 2026-03-17 11:59:23,050 - root - INFO - [31mstep: 1887  [32mloss:  2.8392  [38;2;180;60;0mgrad_norm:  1.0455  [38;2;54;234;195mmemory: 72.92GiB(91.79%)  [34mtps: 845  [36mtflops: 40.72  [35mmfu: 4.12%[39m
[rank0]:[titan] 2026-03-17 11:59:25,478 - root - INFO - [31mstep: 1888  [32mloss:  2.8176  [38;2;180;60;0mgrad_norm:  1.4048  [38;2;54;234;195mmemory: 72.92GiB(91.79%)  [34mtps: 844  [36mtflops: 40.66  [35mmfu: 4.11%[39m
[rank0]:[titan] 2026-03-17 11:59:27,901 - root - INFO - [31mstep: 1889  [32mloss:  2.8301  [38;2;180;60;0mgrad_norm:  1.3158  [38;2;54;234;195mmemory: 72.92GiB(91.79%)  [34mtps: 845  [36mtflops: 40.72  [35mmfu: 4.12%[39m
[rank0]:[titan] 2026-03-17 11:59:30,323 - root - INFO - [31mstep: 1890  [32mloss:  2.7531  [38;2;180;60;0mgrad_norm:  0.8927  [38;2;54;234;195mmemory: 72.92GiB(91.79%)  [34mtps: 846  [36mtflops: 40.75  [35mmfu: 4.12%[39m
[rank0]:[titan] 2026-03-17 11:59:32,743 - root - INFO - [31mstep: 1891  [32mloss:  2.7832  [38;2;180;60;0mgrad_norm:  1.3124  [38;2;54;234;195mmemory: 72.92GiB(91.79%)  [34mtps: 847  [36mtflops: 40.80  [35mmfu: 4.13%[39m
[rank0]:[titan] 2026-03-17 11:59:35,164 - root - INFO - [31mstep: 1892  [32mloss:  2.7916  [38;2;180;60;0mgrad_norm:  1.0523  [38;2;54;234;195mmemory: 72.92GiB(91.79%)  [34mtps: 846  [36mtflops: 40.76  [35mmfu: 4.12%[39m
[rank0]:[titan] 2026-03-17 11:59:37,588 - root - INFO - [31mstep: 1893  [32mloss:  2.8018  [38;2;180;60;0mgrad_norm:  1.0910  [38;2;54;234;195mmemory: 72.92GiB(91.79%)  [34mtps: 845  [36mtflops: 40.72  [35mmfu: 4.12%[39m
[rank0]:[titan] 2026-03-17 11:59:40,015 - root - INFO - [31mstep: 1894  [32mloss:  2.7875  [38;2;180;60;0mgrad_norm:  1.0167  [38;2;54;234;195mmemory: 72.92GiB(91.79%)  [34mtps: 844  [36mtflops: 40.68  [35mmfu: 4.11%[39m
[rank0]:[titan] 2026-03-17 11:59:42,439 - root - INFO - [31mstep: 1895  [32mloss:  2.7346  [38;2;180;60;0mgrad_norm:  1.1037  [38;2;54;234;195mmemory: 72.92GiB(91.79%)  [34mtps: 845  [36mtflops: 40.72  [35mmfu: 4.12%[39m
[rank0]:[titan] 2026-03-17 11:59:44,862 - root - INFO - [31mstep: 1896  [32mloss:  2.7203  [38;2;180;60;0mgrad_norm:  0.9469  [38;2;54;234;195mmemory: 72.92GiB(91.79%)  [34mtps: 845  [36mtflops: 40.74  [35mmfu: 4.12%[39m
[rank0]:[titan] 2026-03-17 11:59:47,283 - root - INFO - [31mstep: 1897  [32mloss:  2.6884  [38;2;180;60;0mgrad_norm:  0.9345  [38;2;54;234;195mmemory: 72.92GiB(91.79%)  [34mtps: 846  [36mtflops: 40.76  [35mmfu: 4.12%[39m
[rank0]:[titan] 2026-03-17 11:59:49,710 - root - INFO - [31mstep: 1898  [32mloss:  2.7767  [38;2;180;60;0mgrad_norm:  1.1740  [38;2;54;234;195mmemory: 72.92GiB(91.79%)  [34mtps: 844  [36mtflops: 40.67  [35mmfu: 4.11%[39m
[rank0]:[titan] 2026-03-17 11:59:52,132 - root - INFO - [31mstep: 1899  [32mloss:  2.7131  [38;2;180;60;0mgrad_norm:  1.1338  [38;2;54;234;195mmemory: 72.92GiB(91.79%)  [34mtps: 846  [36mtflops: 40.75  [35mmfu: 4.12%[39m
[rank0]:[titan] 2026-03-17 11:59:54,557 - root - INFO - [31mstep: 1900  [32mloss:  2.7581  [38;2;180;60;0mgrad_norm:  1.3834  [38;2;54;234;195mmemory: 72.92GiB(91.79%)  [34mtps: 845  [36mtflops: 40.70  [35mmfu: 4.12%[39m
[rank0]:[titan] 2026-03-17 11:59:56,977 - root - INFO - [31mstep: 1901  [32mloss:  2.7726  [38;2;180;60;0mgrad_norm:  1.3928  [38;2;54;234;195mmemory: 72.92GiB(91.79%)  [34mtps: 847  [36mtflops: 40.79  [35mmfu: 4.12%[39m
[rank0]:[titan] 2026-03-17 11:59:59,401 - root - INFO - [31mstep: 1902  [32mloss:  2.8014  [38;2;180;60;0mgrad_norm:  1.2249  [38;2;54;234;195mmemory: 72.92GiB(91.79%)  [34mtps: 845  [36mtflops: 40.72  [35mmfu: 4.12%[39m
[rank0]:[titan] 2026-03-17 11:59:59,402 - root - WARNING - Dataset c4_test is being re-looped
[rank0]:[titan] 2026-03-17 12:00:01,822 - root - INFO - [31mstep: 1903  [32mloss:  2.7883  [38;2;180;60;0mgrad_norm:  1.2203  [38;2;54;234;195mmemory: 72.92GiB(91.79%)  [34mtps: 846  [36mtflops: 40.77  [35mmfu: 4.12%[39m
[rank0]:[titan] 2026-03-17 12:00:04,248 - root - INFO - [31mstep: 1904  [32mloss:  2.8019  [38;2;180;60;0mgrad_norm:  1.2826  [38;2;54;234;195mmemory: 72.92GiB(91.79%)  [34mtps: 844  [36mtflops: 40.68  [35mmfu: 4.11%[39m
[rank0]:[titan] 2026-03-17 12:00:06,672 - root - INFO - [31mstep: 1905  [32mloss:  2.8178  [38;2;180;60;0mgrad_norm:  1.2288  [38;2;54;234;195mmemory: 72.92GiB(91.79%)  [34mtps: 845  [36mtflops: 40.72  [35mmfu: 4.12%[39m
[rank0]:[titan] 2026-03-17 12:00:09,092 - root - INFO - [31mstep: 1906  [32mloss:  2.8149  [38;2;180;60;0mgrad_norm:  1.0394  [38;2;54;234;195mmemory: 72.92GiB(91.79%)  [34mtps: 846  [36mtflops: 40.78  [35mmfu: 4.12%[39m
[rank0]:[titan] 2026-03-17 12:00:11,514 - root - INFO - [31mstep: 1907  [32mloss:  2.7928  [38;2;180;60;0mgrad_norm:  1.2244  [38;2;54;234;195mmemory: 72.92GiB(91.79%)  [34mtps: 846  [36mtflops: 40.75  [35mmfu: 4.12%[39m
[rank0]:[titan] 2026-03-17 12:00:13,945 - root - INFO - [31mstep: 1908  [32mloss:  2.7883  [38;2;180;60;0mgrad_norm:  1.5739  [38;2;54;234;195mmemory: 72.92GiB(91.79%)  [34mtps: 843  [36mtflops: 40.61  [35mmfu: 4.11%[39m
[rank0]:[titan] 2026-03-17 12:00:16,366 - root - INFO - [31mstep: 1909  [32mloss:  2.6995  [38;2;180;60;0mgrad_norm:  1.1756  [38;2;54;234;195mmemory: 72.92GiB(91.79%)  [34mtps: 846  [36mtflops: 40.77  [35mmfu: 4.12%[39m
[rank0]:[titan] 2026-03-17 12:00:18,784 - root - INFO - [31mstep: 1910  [32mloss:  2.7287  [38;2;180;60;0mgrad_norm:  1.3659  [38;2;54;234;195mmemory: 72.92GiB(91.79%)  [34mtps: 847  [36mtflops: 40.81  [35mmfu: 4.13%[39m
[rank0]:[titan] 2026-03-17 12:00:21,206 - root - INFO - [31mstep: 1911  [32mloss:  2.7452  [38;2;180;60;0mgrad_norm:  1.3848  [38;2;54;234;195mmemory: 72.92GiB(91.79%)  [34mtps: 846  [36mtflops: 40.75  [35mmfu: 4.12%[39m
[rank0]:[titan] 2026-03-17 12:00:23,635 - root - INFO - [31mstep: 1912  [32mloss:  2.7031  [38;2;180;60;0mgrad_norm:  1.2454  [38;2;54;234;195mmemory: 72.92GiB(91.79%)  [34mtps: 844  [36mtflops: 40.64  [35mmfu: 4.11%[39m
[rank0]:[titan] 2026-03-17 12:00:26,061 - root - INFO - [31mstep: 1913  [32mloss:  2.7029  [38;2;180;60;0mgrad_norm:  0.9478  [38;2;54;234;195mmemory: 72.92GiB(91.79%)  [34mtps: 844  [36mtflops: 40.68  [35mmfu: 4.11%[39m
[rank0]:[titan] 2026-03-17 12:00:28,480 - root - INFO - [31mstep: 1914  [32mloss:  2.7454  [38;2;180;60;0mgrad_norm:  1.4876  [38;2;54;234;195mmemory: 72.92GiB(91.79%)  [34mtps: 847  [36mtflops: 40.80  [35mmfu: 4.13%[39m
[rank0]:[titan] 2026-03-17 12:00:30,900 - root - INFO - [31mstep: 1915  [32mloss:  2.7787  [38;2;180;60;0mgrad_norm:  1.4446  [38;2;54;234;195mmemory: 72.92GiB(91.79%)  [34mtps: 847  [36mtflops: 40.79  [35mmfu: 4.12%[39m
[rank0]:[titan] 2026-03-17 12:00:33,327 - root - INFO - [31mstep: 1916  [32mloss:  2.7909  [38;2;180;60;0mgrad_norm:  1.2883  [38;2;54;234;195mmemory: 72.92GiB(91.79%)  [34mtps: 844  [36mtflops: 40.65  [35mmfu: 4.11%[39m
[rank0]:[titan] 2026-03-17 12:00:35,745 - root - INFO - [31mstep: 1917  [32mloss:  2.7760  [38;2;180;60;0mgrad_norm:  1.5208  [38;2;54;234;195mmemory: 72.92GiB(91.79%)  [34mtps: 847  [36mtflops: 40.83  [35mmfu: 4.13%[39m
[rank0]:[titan] 2026-03-17 12:00:38,167 - root - INFO - [31mstep: 1918  [32mloss:  2.7605  [38;2;180;60;0mgrad_norm:  1.1076  [38;2;54;234;195mmemory: 72.92GiB(91.79%)  [34mtps: 846  [36mtflops: 40.75  [35mmfu: 4.12%[39m
[rank0]:[titan] 2026-03-17 12:00:40,588 - root - INFO - [31mstep: 1919  [32mloss:  2.7032  [38;2;180;60;0mgrad_norm:  1.0658  [38;2;54;234;195mmemory: 72.92GiB(91.79%)  [34mtps: 846  [36mtflops: 40.77  [35mmfu: 4.12%[39m
[rank0]:[titan] 2026-03-17 12:00:43,010 - root - INFO - [31mstep: 1920  [32mloss:  2.7260  [38;2;180;60;0mgrad_norm:  1.1343  [38;2;54;234;195mmemory: 72.92GiB(91.79%)  [34mtps: 846  [36mtflops: 40.75  [35mmfu: 4.12%[39m
[rank0]:[titan] 2026-03-17 12:00:45,431 - root - INFO - [31mstep: 1921  [32mloss:  2.7787  [38;2;180;60;0mgrad_norm:  1.3807  [38;2;54;234;195mmemory: 72.92GiB(91.79%)  [34mtps: 846  [36mtflops: 40.77  [35mmfu: 4.12%[39m
[rank0]:[titan] 2026-03-17 12:00:47,852 - root - INFO - [31mstep: 1922  [32mloss:  2.7346  [38;2;180;60;0mgrad_norm:  1.5208  [38;2;54;234;195mmemory: 72.92GiB(91.79%)  [34mtps: 846  [36mtflops: 40.78  [35mmfu: 4.12%[39m
[rank0]:[titan] 2026-03-17 12:00:50,275 - root - INFO - [31mstep: 1923  [32mloss:  2.7366  [38;2;180;60;0mgrad_norm:  1.1574  [38;2;54;234;195mmemory: 72.92GiB(91.79%)  [34mtps: 846  [36mtflops: 40.74  [35mmfu: 4.12%[39m
[rank0]:[titan] 2026-03-17 12:00:52,698 - root - INFO - [31mstep: 1924  [32mloss:  2.7107  [38;2;180;60;0mgrad_norm:  1.1512  [38;2;54;234;195mmemory: 72.92GiB(91.79%)  [34mtps: 845  [36mtflops: 40.73  [35mmfu: 4.12%[39m
[rank0]:[titan] 2026-03-17 12:00:55,120 - root - INFO - [31mstep: 1925  [32mloss:  2.6760  [38;2;180;60;0mgrad_norm:  1.4796  [38;2;54;234;195mmemory: 72.92GiB(91.79%)  [34mtps: 846  [36mtflops: 40.75  [35mmfu: 4.12%[39m
[rank0]:[titan] 2026-03-17 12:00:57,541 - root - INFO - [31mstep: 1926  [32mloss:  2.6341  [38;2;180;60;0mgrad_norm:  1.3394  [38;2;54;234;195mmemory: 72.92GiB(91.79%)  [34mtps: 846  [36mtflops: 40.76  [35mmfu: 4.12%[39m
[rank0]:[titan] 2026-03-17 12:00:59,965 - root - INFO - [31mstep: 1927  [32mloss:  2.7402  [38;2;180;60;0mgrad_norm:  1.1535  [38;2;54;234;195mmemory: 72.92GiB(91.79%)  [34mtps: 845  [36mtflops: 40.73  [35mmfu: 4.12%[39m
[rank0]:[titan] 2026-03-17 12:01:02,388 - root - INFO - [31mstep: 1928  [32mloss:  2.7704  [38;2;180;60;0mgrad_norm:  1.3582  [38;2;54;234;195mmemory: 72.92GiB(91.79%)  [34mtps: 845  [36mtflops: 40.73  [35mmfu: 4.12%[39m
[rank0]:[titan] 2026-03-17 12:01:04,809 - root - INFO - [31mstep: 1929  [32mloss:  2.7373  [38;2;180;60;0mgrad_norm:  1.4279  [38;2;54;234;195mmemory: 72.92GiB(91.79%)  [34mtps: 846  [36mtflops: 40.78  [35mmfu: 4.12%[39m
[rank0]:[titan] 2026-03-17 12:01:07,233 - root - INFO - [31mstep: 1930  [32mloss:  2.6988  [38;2;180;60;0mgrad_norm:  1.3150  [38;2;54;234;195mmemory: 72.92GiB(91.79%)  [34mtps: 845  [36mtflops: 40.71  [35mmfu: 4.12%[39m
[rank0]:[titan] 2026-03-17 12:01:09,655 - root - INFO - [31mstep: 1931  [32mloss:  2.7042  [38;2;180;60;0mgrad_norm:  1.1029  [38;2;54;234;195mmemory: 72.92GiB(91.79%)  [34mtps: 846  [36mtflops: 40.77  [35mmfu: 4.12%[39m
[rank0]:[titan] 2026-03-17 12:01:12,088 - root - INFO - [31mstep: 1932  [32mloss:  2.7365  [38;2;180;60;0mgrad_norm:  0.9212  [38;2;54;234;195mmemory: 72.92GiB(91.79%)  [34mtps: 842  [36mtflops: 40.56  [35mmfu: 4.10%[39m
[rank0]:[titan] 2026-03-17 12:01:14,509 - root - INFO - [31mstep: 1933  [32mloss:  2.6981  [38;2;180;60;0mgrad_norm:  1.2142  [38;2;54;234;195mmemory: 72.92GiB(91.79%)  [34mtps: 846  [36mtflops: 40.77  [35mmfu: 4.12%[39m
[rank0]:[titan] 2026-03-17 12:01:16,935 - root - INFO - [31mstep: 1934  [32mloss:  2.7052  [38;2;180;60;0mgrad_norm:  1.4844  [38;2;54;234;195mmemory: 72.92GiB(91.79%)  [34mtps: 845  [36mtflops: 40.71  [35mmfu: 4.12%[39m
[rank0]:[titan] 2026-03-17 12:01:19,355 - root - INFO - [31mstep: 1935  [32mloss:  2.7295  [38;2;180;60;0mgrad_norm:  1.3181  [38;2;54;234;195mmemory: 72.92GiB(91.79%)  [34mtps: 846  [36mtflops: 40.78  [35mmfu: 4.12%[39m
[rank0]:[titan] 2026-03-17 12:01:21,778 - root - INFO - [31mstep: 1936  [32mloss:  2.7231  [38;2;180;60;0mgrad_norm:  1.1365  [38;2;54;234;195mmemory: 72.92GiB(91.79%)  [34mtps: 846  [36mtflops: 40.75  [35mmfu: 4.12%[39m
[rank0]:[titan] 2026-03-17 12:01:24,198 - root - INFO - [31mstep: 1937  [32mloss:  2.7210  [38;2;180;60;0mgrad_norm:  1.4281  [38;2;54;234;195mmemory: 72.92GiB(91.79%)  [34mtps: 846  [36mtflops: 40.78  [35mmfu: 4.12%[39m
[rank0]:[titan] 2026-03-17 12:01:26,619 - root - INFO - [31mstep: 1938  [32mloss:  2.6742  [38;2;180;60;0mgrad_norm:  1.1005  [38;2;54;234;195mmemory: 72.92GiB(91.79%)  [34mtps: 846  [36mtflops: 40.77  [35mmfu: 4.12%[39m
[rank0]:[titan] 2026-03-17 12:01:29,040 - root - INFO - [31mstep: 1939  [32mloss:  2.7017  [38;2;180;60;0mgrad_norm:  0.9075  [38;2;54;234;195mmemory: 72.92GiB(91.79%)  [34mtps: 846  [36mtflops: 40.76  [35mmfu: 4.12%[39m
[rank0]:[titan] 2026-03-17 12:01:31,462 - root - INFO - [31mstep: 1940  [32mloss:  2.6686  [38;2;180;60;0mgrad_norm:  0.7896  [38;2;54;234;195mmemory: 72.92GiB(91.79%)  [34mtps: 846  [36mtflops: 40.74  [35mmfu: 4.12%[39m
[rank0]:[titan] 2026-03-17 12:01:33,883 - root - INFO - [31mstep: 1941  [32mloss:  2.6656  [38;2;180;60;0mgrad_norm:  1.0262  [38;2;54;234;195mmemory: 72.92GiB(91.79%)  [34mtps: 846  [36mtflops: 40.78  [35mmfu: 4.12%[39m
[rank0]:[titan] 2026-03-17 12:01:36,303 - root - INFO - [31mstep: 1942  [32mloss:  2.7110  [38;2;180;60;0mgrad_norm:  0.9899  [38;2;54;234;195mmemory: 72.92GiB(91.79%)  [34mtps: 847  [36mtflops: 40.79  [35mmfu: 4.12%[39m
[rank0]:[titan] 2026-03-17 12:01:38,731 - root - INFO - [31mstep: 1943  [32mloss:  2.7084  [38;2;180;60;0mgrad_norm:  0.8039  [38;2;54;234;195mmemory: 72.92GiB(91.79%)  [34mtps: 844  [36mtflops: 40.65  [35mmfu: 4.11%[39m
[rank0]:[titan] 2026-03-17 12:01:41,153 - root - INFO - [31mstep: 1944  [32mloss:  2.7265  [38;2;180;60;0mgrad_norm:  1.1136  [38;2;54;234;195mmemory: 72.92GiB(91.79%)  [34mtps: 846  [36mtflops: 40.75  [35mmfu: 4.12%[39m
[rank0]:[titan] 2026-03-17 12:01:43,583 - root - INFO - [31mstep: 1945  [32mloss:  2.7299  [38;2;180;60;0mgrad_norm:  1.2306  [38;2;54;234;195mmemory: 72.92GiB(91.79%)  [34mtps: 843  [36mtflops: 40.62  [35mmfu: 4.11%[39m
[rank0]:[titan] 2026-03-17 12:01:46,014 - root - INFO - [31mstep: 1946  [32mloss:  2.7207  [38;2;180;60;0mgrad_norm:  1.0661  [38;2;54;234;195mmemory: 72.92GiB(91.79%)  [34mtps: 843  [36mtflops: 40.60  [35mmfu: 4.11%[39m
[rank0]:[titan] 2026-03-17 12:01:48,436 - root - INFO - [31mstep: 1947  [32mloss:  2.7279  [38;2;180;60;0mgrad_norm:  1.0276  [38;2;54;234;195mmemory: 72.92GiB(91.79%)  [34mtps: 846  [36mtflops: 40.75  [35mmfu: 4.12%[39m
[rank0]:[titan] 2026-03-17 12:01:50,858 - root - INFO - [31mstep: 1948  [32mloss:  2.6723  [38;2;180;60;0mgrad_norm:  1.2134  [38;2;54;234;195mmemory: 72.92GiB(91.79%)  [34mtps: 846  [36mtflops: 40.75  [35mmfu: 4.12%[39m
[rank0]:[titan] 2026-03-17 12:01:53,277 - root - INFO - [31mstep: 1949  [32mloss:  2.7384  [38;2;180;60;0mgrad_norm:  1.1429  [38;2;54;234;195mmemory: 72.92GiB(91.79%)  [34mtps: 847  [36mtflops: 40.79  [35mmfu: 4.12%[39m
[rank0]:[titan] 2026-03-17 12:01:55,697 - root - INFO - [31mstep: 1950  [32mloss:  2.7374  [38;2;180;60;0mgrad_norm:  0.9161  [38;2;54;234;195mmemory: 72.92GiB(91.79%)  [34mtps: 846  [36mtflops: 40.78  [35mmfu: 4.12%[39m
[rank0]:[titan] 2026-03-17 12:01:58,119 - root - INFO - [31mstep: 1951  [32mloss:  2.7060  [38;2;180;60;0mgrad_norm:  0.9516  [38;2;54;234;195mmemory: 72.92GiB(91.79%)  [34mtps: 846  [36mtflops: 40.76  [35mmfu: 4.12%[39m
[rank0]:[titan] 2026-03-17 12:02:00,540 - root - INFO - [31mstep: 1952  [32mloss:  2.6891  [38;2;180;60;0mgrad_norm:  1.0654  [38;2;54;234;195mmemory: 72.92GiB(91.79%)  [34mtps: 846  [36mtflops: 40.75  [35mmfu: 4.12%[39m
[rank0]:[titan] 2026-03-17 12:02:02,960 - root - INFO - [31mstep: 1953  [32mloss:  2.6416  [38;2;180;60;0mgrad_norm:  1.3138  [38;2;54;234;195mmemory: 72.92GiB(91.79%)  [34mtps: 846  [36mtflops: 40.78  [35mmfu: 4.12%[39m
[rank0]:[titan] 2026-03-17 12:02:05,385 - root - INFO - [31mstep: 1954  [32mloss:  2.7350  [38;2;180;60;0mgrad_norm:  1.0625  [38;2;54;234;195mmemory: 72.92GiB(91.79%)  [34mtps: 845  [36mtflops: 40.71  [35mmfu: 4.12%[39m
[rank0]:[titan] 2026-03-17 12:02:07,805 - root - INFO - [31mstep: 1955  [32mloss:  2.6383  [38;2;180;60;0mgrad_norm:  1.0748  [38;2;54;234;195mmemory: 72.92GiB(91.79%)  [34mtps: 846  [36mtflops: 40.78  [35mmfu: 4.12%[39m
[rank0]:[titan] 2026-03-17 12:02:10,225 - root - INFO - [31mstep: 1956  [32mloss:  2.7256  [38;2;180;60;0mgrad_norm:  1.1400  [38;2;54;234;195mmemory: 72.92GiB(91.79%)  [34mtps: 846  [36mtflops: 40.78  [35mmfu: 4.12%[39m
[rank0]:[titan] 2026-03-17 12:02:12,647 - root - INFO - [31mstep: 1957  [32mloss:  2.7129  [38;2;180;60;0mgrad_norm:  1.5032  [38;2;54;234;195mmemory: 72.92GiB(91.79%)  [34mtps: 846  [36mtflops: 40.75  [35mmfu: 4.12%[39m
[rank0]:[titan] 2026-03-17 12:02:15,078 - root - INFO - [31mstep: 1958  [32mloss:  2.6496  [38;2;180;60;0mgrad_norm:  1.2993  [38;2;54;234;195mmemory: 72.92GiB(91.79%)  [34mtps: 843  [36mtflops: 40.61  [35mmfu: 4.11%[39m
[rank0]:[titan] 2026-03-17 12:02:17,502 - root - INFO - [31mstep: 1959  [32mloss:  2.7073  [38;2;180;60;0mgrad_norm:  1.5840  [38;2;54;234;195mmemory: 72.92GiB(91.79%)  [34mtps: 845  [36mtflops: 40.72  [35mmfu: 4.12%[39m
[rank0]:[titan] 2026-03-17 12:02:19,921 - root - INFO - [31mstep: 1960  [32mloss:  2.6974  [38;2;180;60;0mgrad_norm:  1.2996  [38;2;54;234;195mmemory: 72.92GiB(91.79%)  [34mtps: 847  [36mtflops: 40.79  [35mmfu: 4.12%[39m
[rank0]:[titan] 2026-03-17 12:02:22,343 - root - INFO - [31mstep: 1961  [32mloss:  2.7148  [38;2;180;60;0mgrad_norm:  1.3052  [38;2;54;234;195mmemory: 72.92GiB(91.79%)  [34mtps: 846  [36mtflops: 40.76  [35mmfu: 4.12%[39m
[rank0]:[titan] 2026-03-17 12:02:24,765 - root - INFO - [31mstep: 1962  [32mloss:  2.7518  [38;2;180;60;0mgrad_norm:  1.3080  [38;2;54;234;195mmemory: 72.92GiB(91.79%)  [34mtps: 846  [36mtflops: 40.75  [35mmfu: 4.12%[39m
[rank0]:[titan] 2026-03-17 12:02:27,189 - root - INFO - [31mstep: 1963  [32mloss:  2.6972  [38;2;180;60;0mgrad_norm:  1.2331  [38;2;54;234;195mmemory: 72.92GiB(91.79%)  [34mtps: 845  [36mtflops: 40.71  [35mmfu: 4.12%[39m
[rank0]:[titan] 2026-03-17 12:02:29,612 - root - INFO - [31mstep: 1964  [32mloss:  2.6896  [38;2;180;60;0mgrad_norm:  1.1359  [38;2;54;234;195mmemory: 72.92GiB(91.79%)  [34mtps: 845  [36mtflops: 40.73  [35mmfu: 4.12%[39m
[rank0]:[titan] 2026-03-17 12:02:32,035 - root - INFO - [31mstep: 1965  [32mloss:  2.7177  [38;2;180;60;0mgrad_norm:  1.2544  [38;2;54;234;195mmemory: 72.92GiB(91.79%)  [34mtps: 846  [36mtflops: 40.75  [35mmfu: 4.12%[39m
[rank0]:[titan] 2026-03-17 12:02:34,456 - root - INFO - [31mstep: 1966  [32mloss:  2.7068  [38;2;180;60;0mgrad_norm:  1.2706  [38;2;54;234;195mmemory: 72.92GiB(91.79%)  [34mtps: 846  [36mtflops: 40.77  [35mmfu: 4.12%[39m
[rank0]:[titan] 2026-03-17 12:02:36,885 - root - INFO - [31mstep: 1967  [32mloss:  2.7701  [38;2;180;60;0mgrad_norm:  0.8239  [38;2;54;234;195mmemory: 72.92GiB(91.79%)  [34mtps: 843  [36mtflops: 40.64  [35mmfu: 4.11%[39m
[rank0]:[titan] 2026-03-17 12:02:39,304 - root - INFO - [31mstep: 1968  [32mloss:  2.7493  [38;2;180;60;0mgrad_norm:  1.3911  [38;2;54;234;195mmemory: 72.92GiB(91.79%)  [34mtps: 847  [36mtflops: 40.79  [35mmfu: 4.12%[39m
[rank0]:[titan] 2026-03-17 12:02:41,735 - root - INFO - [31mstep: 1969  [32mloss:  2.7511  [38;2;180;60;0mgrad_norm:  1.0724  [38;2;54;234;195mmemory: 72.92GiB(91.79%)  [34mtps: 843  [36mtflops: 40.62  [35mmfu: 4.11%[39m
[rank0]:[titan] 2026-03-17 12:02:44,159 - root - INFO - [31mstep: 1970  [32mloss:  2.7303  [38;2;180;60;0mgrad_norm:  1.5102  [38;2;54;234;195mmemory: 72.92GiB(91.79%)  [34mtps: 845  [36mtflops: 40.70  [35mmfu: 4.12%[39m
[rank0]:[titan] 2026-03-17 12:02:46,591 - root - INFO - [31mstep: 1971  [32mloss:  2.7357  [38;2;180;60;0mgrad_norm:  1.8375  [38;2;54;234;195mmemory: 72.92GiB(91.79%)  [34mtps: 843  [36mtflops: 40.60  [35mmfu: 4.10%[39m
[rank0]:[titan] 2026-03-17 12:02:49,015 - root - INFO - [31mstep: 1972  [32mloss:  2.6691  [38;2;180;60;0mgrad_norm:  1.0690  [38;2;54;234;195mmemory: 72.92GiB(91.79%)  [34mtps: 845  [36mtflops: 40.71  [35mmfu: 4.12%[39m
[rank0]:[titan] 2026-03-17 12:02:51,446 - root - INFO - [31mstep: 1973  [32mloss:  2.6894  [38;2;180;60;0mgrad_norm:  1.8082  [38;2;54;234;195mmemory: 72.92GiB(91.79%)  [34mtps: 843  [36mtflops: 40.60  [35mmfu: 4.11%[39m
[rank0]:[titan] 2026-03-17 12:02:53,865 - root - INFO - [31mstep: 1974  [32mloss:  2.8446  [38;2;180;60;0mgrad_norm:  2.2087  [38;2;54;234;195mmemory: 72.92GiB(91.79%)  [34mtps: 847  [36mtflops: 40.79  [35mmfu: 4.12%[39m
[rank0]:[titan] 2026-03-17 12:02:56,286 - root - INFO - [31mstep: 1975  [32mloss:  2.8043  [38;2;180;60;0mgrad_norm:  1.6646  [38;2;54;234;195mmemory: 72.92GiB(91.79%)  [34mtps: 846  [36mtflops: 40.78  [35mmfu: 4.12%[39m
[rank0]:[titan] 2026-03-17 12:02:58,708 - root - INFO - [31mstep: 1976  [32mloss:  2.7265  [38;2;180;60;0mgrad_norm:  2.2016  [38;2;54;234;195mmemory: 72.92GiB(91.79%)  [34mtps: 846  [36mtflops: 40.76  [35mmfu: 4.12%[39m
[rank0]:[titan] 2026-03-17 12:03:01,131 - root - INFO - [31mstep: 1977  [32mloss:  2.7315  [38;2;180;60;0mgrad_norm:  2.0687  [38;2;54;234;195mmemory: 72.92GiB(91.79%)  [34mtps: 845  [36mtflops: 40.72  [35mmfu: 4.12%[39m
[rank0]:[titan] 2026-03-17 12:03:03,553 - root - INFO - [31mstep: 1978  [32mloss:  2.6828  [38;2;180;60;0mgrad_norm:  1.9712  [38;2;54;234;195mmemory: 72.92GiB(91.79%)  [34mtps: 846  [36mtflops: 40.76  [35mmfu: 4.12%[39m
[rank0]:[titan] 2026-03-17 12:03:05,975 - root - INFO - [31mstep: 1979  [32mloss:  2.7039  [38;2;180;60;0mgrad_norm:  1.2850  [38;2;54;234;195mmemory: 72.92GiB(91.79%)  [34mtps: 846  [36mtflops: 40.74  [35mmfu: 4.12%[39m
[rank0]:[titan] 2026-03-17 12:03:08,399 - root - INFO - [31mstep: 1980  [32mloss:  2.6915  [38;2;180;60;0mgrad_norm:  1.5771  [38;2;54;234;195mmemory: 72.92GiB(91.79%)  [34mtps: 845  [36mtflops: 40.72  [35mmfu: 4.12%[39m
[rank0]:[titan] 2026-03-17 12:03:10,855 - root - INFO - [31mstep: 1981  [32mloss:  2.6470  [38;2;180;60;0mgrad_norm:  1.4990  [38;2;54;234;195mmemory: 72.92GiB(91.79%)  [34mtps: 834  [36mtflops: 40.20  [35mmfu: 4.06%[39m
[rank0]:[titan] 2026-03-17 12:03:13,276 - root - INFO - [31mstep: 1982  [32mloss:  2.6770  [38;2;180;60;0mgrad_norm:  1.1735  [38;2;54;234;195mmemory: 72.92GiB(91.79%)  [34mtps: 846  [36mtflops: 40.77  [35mmfu: 4.12%[39m
[rank0]:[titan] 2026-03-17 12:03:15,699 - root - INFO - [31mstep: 1983  [32mloss:  2.6738  [38;2;180;60;0mgrad_norm:  1.5622  [38;2;54;234;195mmemory: 72.92GiB(91.79%)  [34mtps: 846  [36mtflops: 40.74  [35mmfu: 4.12%[39m
[rank0]:[titan] 2026-03-17 12:03:18,125 - root - INFO - [31mstep: 1984  [32mloss:  2.6927  [38;2;180;60;0mgrad_norm:  1.4914  [38;2;54;234;195mmemory: 72.92GiB(91.79%)  [34mtps: 844  [36mtflops: 40.68  [35mmfu: 4.11%[39m
[rank0]:[titan] 2026-03-17 12:03:20,552 - root - INFO - [31mstep: 1985  [32mloss:  2.7489  [38;2;180;60;0mgrad_norm:  1.2701  [38;2;54;234;195mmemory: 72.92GiB(91.79%)  [34mtps: 844  [36mtflops: 40.69  [35mmfu: 4.11%[39m
[rank0]:[titan] 2026-03-17 12:03:22,974 - root - INFO - [31mstep: 1986  [32mloss:  2.7084  [38;2;180;60;0mgrad_norm:  1.1862  [38;2;54;234;195mmemory: 72.92GiB(91.79%)  [34mtps: 846  [36mtflops: 40.74  [35mmfu: 4.12%[39m
[rank0]:[titan] 2026-03-17 12:03:25,397 - root - INFO - [31mstep: 1987  [32mloss:  2.7259  [38;2;180;60;0mgrad_norm:  1.3401  [38;2;54;234;195mmemory: 72.92GiB(91.79%)  [34mtps: 846  [36mtflops: 40.74  [35mmfu: 4.12%[39m
[rank0]:[titan] 2026-03-17 12:03:27,819 - root - INFO - [31mstep: 1988  [32mloss:  2.7428  [38;2;180;60;0mgrad_norm:  1.2326  [38;2;54;234;195mmemory: 72.92GiB(91.79%)  [34mtps: 846  [36mtflops: 40.76  [35mmfu: 4.12%[39m
[rank0]:[titan] 2026-03-17 12:03:30,240 - root - INFO - [31mstep: 1989  [32mloss:  2.7220  [38;2;180;60;0mgrad_norm:  1.0262  [38;2;54;234;195mmemory: 72.92GiB(91.79%)  [34mtps: 846  [36mtflops: 40.76  [35mmfu: 4.12%[39m
[rank0]:[titan] 2026-03-17 12:03:32,661 - root - INFO - [31mstep: 1990  [32mloss:  2.7584  [38;2;180;60;0mgrad_norm:  0.9547  [38;2;54;234;195mmemory: 72.92GiB(91.79%)  [34mtps: 846  [36mtflops: 40.78  [35mmfu: 4.12%[39m
[rank0]:[titan] 2026-03-17 12:03:35,081 - root - INFO - [31mstep: 1991  [32mloss:  2.7559  [38;2;180;60;0mgrad_norm:  1.1552  [38;2;54;234;195mmemory: 72.92GiB(91.79%)  [34mtps: 846  [36mtflops: 40.78  [35mmfu: 4.12%[39m
[rank0]:[titan] 2026-03-17 12:03:37,509 - root - INFO - [31mstep: 1992  [32mloss:  2.7548  [38;2;180;60;0mgrad_norm:  1.2869  [38;2;54;234;195mmemory: 72.92GiB(91.79%)  [34mtps: 845  [36mtflops: 40.71  [35mmfu: 4.12%[39m
[rank0]:[titan] 2026-03-17 12:03:39,933 - root - INFO - [31mstep: 1993  [32mloss:  2.6882  [38;2;180;60;0mgrad_norm:  1.8384  [38;2;54;234;195mmemory: 72.92GiB(91.79%)  [34mtps: 846  [36mtflops: 40.75  [35mmfu: 4.12%[39m
[rank0]:[titan] 2026-03-17 12:03:42,353 - root - INFO - [31mstep: 1994  [32mloss:  2.7057  [38;2;180;60;0mgrad_norm:  1.1381  [38;2;54;234;195mmemory: 72.92GiB(91.79%)  [34mtps: 846  [36mtflops: 40.78  [35mmfu: 4.12%[39m
[rank0]:[titan] 2026-03-17 12:03:44,775 - root - INFO - [31mstep: 1995  [32mloss:  2.7354  [38;2;180;60;0mgrad_norm:  0.9989  [38;2;54;234;195mmemory: 72.92GiB(91.79%)  [34mtps: 846  [36mtflops: 40.76  [35mmfu: 4.12%[39m
[rank0]:[titan] 2026-03-17 12:03:47,199 - root - INFO - [31mstep: 1996  [32mloss:  2.7769  [38;2;180;60;0mgrad_norm:  0.7529  [38;2;54;234;195mmemory: 72.92GiB(91.79%)  [34mtps: 845  [36mtflops: 40.71  [35mmfu: 4.12%[39m
[rank0]:[titan] 2026-03-17 12:03:49,620 - root - INFO - [31mstep: 1997  [32mloss:  2.6815  [38;2;180;60;0mgrad_norm:  1.0852  [38;2;54;234;195mmemory: 72.92GiB(91.79%)  [34mtps: 846  [36mtflops: 40.77  [35mmfu: 4.12%[39m
[rank0]:[titan] 2026-03-17 12:03:52,049 - root - INFO - [31mstep: 1998  [32mloss:  2.6933  [38;2;180;60;0mgrad_norm:  1.0678  [38;2;54;234;195mmemory: 72.92GiB(91.79%)  [34mtps: 843  [36mtflops: 40.64  [35mmfu: 4.11%[39m
[rank0]:[titan] 2026-03-17 12:03:54,475 - root - INFO - [31mstep: 1999  [32mloss:  2.6496  [38;2;180;60;0mgrad_norm:  0.7728  [38;2;54;234;195mmemory: 72.92GiB(91.79%)  [34mtps: 844  [36mtflops: 40.68  [35mmfu: 4.11%[39m
[rank0]:[titan] 2026-03-17 12:03:56,895 - root - INFO - [31mstep: 2000  [32mloss:  2.6502  [38;2;180;60;0mgrad_norm:  1.1570  [38;2;54;234;195mmemory: 72.92GiB(91.79%)  [34mtps: 847  [36mtflops: 40.79  [35mmfu: 4.12%[39m
[rank0]:[titan] 2026-03-17 12:03:59,316 - root - INFO - [31mstep: 2001  [32mloss:  2.6675  [38;2;180;60;0mgrad_norm:  1.0533  [38;2;54;234;195mmemory: 72.92GiB(91.79%)  [34mtps: 846  [36mtflops: 40.77  [35mmfu: 4.12%[39m
[rank0]:[titan] 2026-03-17 12:04:01,735 - root - INFO - [31mstep: 2002  [32mloss:  2.6679  [38;2;180;60;0mgrad_norm:  0.9420  [38;2;54;234;195mmemory: 72.92GiB(91.79%)  [34mtps: 847  [36mtflops: 40.80  [35mmfu: 4.13%[39m
[rank0]:[titan] 2026-03-17 12:04:04,159 - root - INFO - [31mstep: 2003  [32mloss:  2.6467  [38;2;180;60;0mgrad_norm:  1.1751  [38;2;54;234;195mmemory: 72.92GiB(91.79%)  [34mtps: 845  [36mtflops: 40.71  [35mmfu: 4.12%[39m
[rank0]:[titan] 2026-03-17 12:04:06,581 - root - INFO - [31mstep: 2004  [32mloss:  2.6481  [38;2;180;60;0mgrad_norm:  0.9447  [38;2;54;234;195mmemory: 72.92GiB(91.79%)  [34mtps: 846  [36mtflops: 40.76  [35mmfu: 4.12%[39m
[rank0]:[titan] 2026-03-17 12:04:09,012 - root - INFO - [31mstep: 2005  [32mloss:  2.6532  [38;2;180;60;0mgrad_norm:  0.7627  [38;2;54;234;195mmemory: 72.92GiB(91.79%)  [34mtps: 843  [36mtflops: 40.61  [35mmfu: 4.11%[39m
[rank0]:[titan] 2026-03-17 12:04:11,431 - root - INFO - [31mstep: 2006  [32mloss:  2.6496  [38;2;180;60;0mgrad_norm:  1.1985  [38;2;54;234;195mmemory: 72.92GiB(91.79%)  [34mtps: 847  [36mtflops: 40.80  [35mmfu: 4.13%[39m
[rank0]:[titan] 2026-03-17 12:04:13,855 - root - INFO - [31mstep: 2007  [32mloss:  2.7169  [38;2;180;60;0mgrad_norm:  1.0508  [38;2;54;234;195mmemory: 72.92GiB(91.79%)  [34mtps: 845  [36mtflops: 40.71  [35mmfu: 4.12%[39m
[rank0]:[titan] 2026-03-17 12:04:16,275 - root - INFO - [31mstep: 2008  [32mloss:  2.6953  [38;2;180;60;0mgrad_norm:  1.6879  [38;2;54;234;195mmemory: 72.92GiB(91.79%)  [34mtps: 847  [36mtflops: 40.79  [35mmfu: 4.12%[39m
[rank0]:[titan] 2026-03-17 12:04:18,698 - root - INFO - [31mstep: 2009  [32mloss:  2.6426  [38;2;180;60;0mgrad_norm:  1.2621  [38;2;54;234;195mmemory: 72.92GiB(91.79%)  [34mtps: 846  [36mtflops: 40.74  [35mmfu: 4.12%[39m
[rank0]:[titan] 2026-03-17 12:04:21,120 - root - INFO - [31mstep: 2010  [32mloss:  2.6880  [38;2;180;60;0mgrad_norm:  1.1491  [38;2;54;234;195mmemory: 72.92GiB(91.79%)  [34mtps: 846  [36mtflops: 40.75  [35mmfu: 4.12%[39m
[rank0]:[titan] 2026-03-17 12:04:23,541 - root - INFO - [31mstep: 2011  [32mloss:  2.7174  [38;2;180;60;0mgrad_norm:  0.8339  [38;2;54;234;195mmemory: 72.92GiB(91.79%)  [34mtps: 846  [36mtflops: 40.77  [35mmfu: 4.12%[39m
[rank0]:[titan] 2026-03-17 12:04:25,965 - root - INFO - [31mstep: 2012  [32mloss:  2.6738  [38;2;180;60;0mgrad_norm:  1.1737  [38;2;54;234;195mmemory: 72.92GiB(91.79%)  [34mtps: 845  [36mtflops: 40.72  [35mmfu: 4.12%[39m
[rank0]:[titan] 2026-03-17 12:04:28,398 - root - INFO - [31mstep: 2013  [32mloss:  2.6804  [38;2;180;60;0mgrad_norm:  1.3117  [38;2;54;234;195mmemory: 72.92GiB(91.79%)  [34mtps: 842  [36mtflops: 40.56  [35mmfu: 4.10%[39m
[rank0]:[titan] 2026-03-17 12:04:30,820 - root - INFO - [31mstep: 2014  [32mloss:  2.6706  [38;2;180;60;0mgrad_norm:  0.8866  [38;2;54;234;195mmemory: 72.92GiB(91.79%)  [34mtps: 846  [36mtflops: 40.75  [35mmfu: 4.12%[39m
[rank0]:[titan] 2026-03-17 12:04:33,241 - root - INFO - [31mstep: 2015  [32mloss:  2.6897  [38;2;180;60;0mgrad_norm:  0.9206  [38;2;54;234;195mmemory: 72.92GiB(91.79%)  [34mtps: 846  [36mtflops: 40.77  [35mmfu: 4.12%[39m
[rank0]:[titan] 2026-03-17 12:04:35,663 - root - INFO - [31mstep: 2016  [32mloss:  2.6587  [38;2;180;60;0mgrad_norm:  1.0374  [38;2;54;234;195mmemory: 72.92GiB(91.79%)  [34mtps: 846  [36mtflops: 40.76  [35mmfu: 4.12%[39m
[rank0]:[titan] 2026-03-17 12:04:38,088 - root - INFO - [31mstep: 2017  [32mloss:  2.6811  [38;2;180;60;0mgrad_norm:  0.7734  [38;2;54;234;195mmemory: 72.92GiB(91.79%)  [34mtps: 845  [36mtflops: 40.69  [35mmfu: 4.11%[39m
[rank0]:[titan] 2026-03-17 12:04:40,510 - root - INFO - [31mstep: 2018  [32mloss:  2.7308  [38;2;180;60;0mgrad_norm:  0.8390  [38;2;54;234;195mmemory: 72.92GiB(91.79%)  [34mtps: 846  [36mtflops: 40.75  [35mmfu: 4.12%[39m
[rank0]:[titan] 2026-03-17 12:04:42,937 - root - INFO - [31mstep: 2019  [32mloss:  2.6891  [38;2;180;60;0mgrad_norm:  1.0967  [38;2;54;234;195mmemory: 72.92GiB(91.79%)  [34mtps: 844  [36mtflops: 40.68  [35mmfu: 4.11%[39m
[rank0]:[titan] 2026-03-17 12:04:45,357 - root - INFO - [31mstep: 2020  [32mloss:  2.6280  [38;2;180;60;0mgrad_norm:  0.9937  [38;2;54;234;195mmemory: 72.92GiB(91.79%)  [34mtps: 846  [36mtflops: 40.78  [35mmfu: 4.12%[39m
[rank0]:[titan] 2026-03-17 12:04:47,780 - root - INFO - [31mstep: 2021  [32mloss:  2.6912  [38;2;180;60;0mgrad_norm:  0.9699  [38;2;54;234;195mmemory: 72.92GiB(91.79%)  [34mtps: 846  [36mtflops: 40.75  [35mmfu: 4.12%[39m
[rank0]:[titan] 2026-03-17 12:04:50,226 - root - INFO - [31mstep: 2022  [32mloss:  2.7097  [38;2;180;60;0mgrad_norm:  0.6440  [38;2;54;234;195mmemory: 72.92GiB(91.79%)  [34mtps: 837  [36mtflops: 40.35  [35mmfu: 4.08%[39m
[rank0]:[titan] 2026-03-17 12:04:52,647 - root - INFO - [31mstep: 2023  [32mloss:  2.6746  [38;2;180;60;0mgrad_norm:  1.0927  [38;2;54;234;195mmemory: 72.92GiB(91.79%)  [34mtps: 846  [36mtflops: 40.78  [35mmfu: 4.12%[39m
[rank0]:[titan] 2026-03-17 12:04:55,069 - root - INFO - [31mstep: 2024  [32mloss:  2.6553  [38;2;180;60;0mgrad_norm:  1.0145  [38;2;54;234;195mmemory: 72.92GiB(91.79%)  [34mtps: 846  [36mtflops: 40.75  [35mmfu: 4.12%[39m
[rank0]:[titan] 2026-03-17 12:04:57,494 - root - INFO - [31mstep: 2025  [32mloss:  2.7134  [38;2;180;60;0mgrad_norm:  1.1527  [38;2;54;234;195mmemory: 72.92GiB(91.79%)  [34mtps: 845  [36mtflops: 40.70  [35mmfu: 4.12%[39m
[rank0]:[titan] 2026-03-17 12:04:59,931 - root - INFO - [31mstep: 2026  [32mloss:  2.6639  [38;2;180;60;0mgrad_norm:  1.0610  [38;2;54;234;195mmemory: 72.92GiB(91.79%)  [34mtps: 840  [36mtflops: 40.49  [35mmfu: 4.09%[39m
[rank0]:[titan] 2026-03-17 12:05:02,351 - root - INFO - [31mstep: 2027  [32mloss:  2.6494  [38;2;180;60;0mgrad_norm:  1.2578  [38;2;54;234;195mmemory: 72.92GiB(91.79%)  [34mtps: 846  [36mtflops: 40.78  [35mmfu: 4.12%[39m
[rank0]:[titan] 2026-03-17 12:05:04,772 - root - INFO - [31mstep: 2028  [32mloss:  2.7315  [38;2;180;60;0mgrad_norm:  1.4594  [38;2;54;234;195mmemory: 72.92GiB(91.79%)  [34mtps: 846  [36mtflops: 40.78  [35mmfu: 4.12%[39m
[rank0]:[titan] 2026-03-17 12:05:07,197 - root - INFO - [31mstep: 2029  [32mloss:  2.7065  [38;2;180;60;0mgrad_norm:  1.4493  [38;2;54;234;195mmemory: 72.92GiB(91.79%)  [34mtps: 845  [36mtflops: 40.69  [35mmfu: 4.11%[39m
[rank0]:[titan] 2026-03-17 12:05:09,620 - root - INFO - [31mstep: 2030  [32mloss:  2.7354  [38;2;180;60;0mgrad_norm:  1.3149  [38;2;54;234;195mmemory: 72.92GiB(91.79%)  [34mtps: 846  [36mtflops: 40.74  [35mmfu: 4.12%[39m
[rank0]:[titan] 2026-03-17 12:05:12,039 - root - INFO - [31mstep: 2031  [32mloss:  2.6813  [38;2;180;60;0mgrad_norm:  1.3310  [38;2;54;234;195mmemory: 72.92GiB(91.79%)  [34mtps: 847  [36mtflops: 40.79  [35mmfu: 4.12%[39m
[rank0]:[titan] 2026-03-17 12:05:14,470 - root - INFO - [31mstep: 2032  [32mloss:  2.6855  [38;2;180;60;0mgrad_norm:  1.1441  [38;2;54;234;195mmemory: 72.92GiB(91.79%)  [34mtps: 843  [36mtflops: 40.60  [35mmfu: 4.11%[39m
[rank0]:[titan] 2026-03-17 12:05:16,891 - root - INFO - [31mstep: 2033  [32mloss:  2.6835  [38;2;180;60;0mgrad_norm:  0.9163  [38;2;54;234;195mmemory: 72.92GiB(91.79%)  [34mtps: 846  [36mtflops: 40.78  [35mmfu: 4.12%[39m
[rank0]:[titan] 2026-03-17 12:05:19,311 - root - INFO - [31mstep: 2034  [32mloss:  2.6923  [38;2;180;60;0mgrad_norm:  1.1627  [38;2;54;234;195mmemory: 72.92GiB(91.79%)  [34mtps: 846  [36mtflops: 40.77  [35mmfu: 4.12%[39m
[rank0]:[titan] 2026-03-17 12:05:21,732 - root - INFO - [31mstep: 2035  [32mloss:  2.6723  [38;2;180;60;0mgrad_norm:  1.1378  [38;2;54;234;195mmemory: 72.92GiB(91.79%)  [34mtps: 846  [36mtflops: 40.77  [35mmfu: 4.12%[39m
[rank0]:[titan] 2026-03-17 12:05:24,154 - root - INFO - [31mstep: 2036  [32mloss:  2.6166  [38;2;180;60;0mgrad_norm:  0.8853  [38;2;54;234;195mmemory: 72.92GiB(91.79%)  [34mtps: 846  [36mtflops: 40.76  [35mmfu: 4.12%[39m
[rank0]:[titan] 2026-03-17 12:05:26,574 - root - INFO - [31mstep: 2037  [32mloss:  2.6643  [38;2;180;60;0mgrad_norm:  0.7541  [38;2;54;234;195mmemory: 72.92GiB(91.79%)  [34mtps: 846  [36mtflops: 40.78  [35mmfu: 4.12%[39m
[rank0]:[titan] 2026-03-17 12:05:28,994 - root - INFO - [31mstep: 2038  [32mloss:  2.6747  [38;2;180;60;0mgrad_norm:  1.3056  [38;2;54;234;195mmemory: 72.92GiB(91.79%)  [34mtps: 846  [36mtflops: 40.78  [35mmfu: 4.12%[39m
[rank0]:[titan] 2026-03-17 12:05:31,416 - root - INFO - [31mstep: 2039  [32mloss:  2.6421  [38;2;180;60;0mgrad_norm:  1.2640  [38;2;54;234;195mmemory: 72.92GiB(91.79%)  [34mtps: 846  [36mtflops: 40.74  [35mmfu: 4.12%[39m
[rank0]:[titan] 2026-03-17 12:05:33,837 - root - INFO - [31mstep: 2040  [32mloss:  2.6615  [38;2;180;60;0mgrad_norm:  0.9694  [38;2;54;234;195mmemory: 72.92GiB(91.79%)  [34mtps: 846  [36mtflops: 40.77  [35mmfu: 4.12%[39m
[rank0]:[titan] 2026-03-17 12:05:36,258 - root - INFO - [31mstep: 2041  [32mloss:  2.6337  [38;2;180;60;0mgrad_norm:  1.2509  [38;2;54;234;195mmemory: 72.92GiB(91.79%)  [34mtps: 846  [36mtflops: 40.77  [35mmfu: 4.12%[39m
[rank0]:[titan] 2026-03-17 12:05:38,682 - root - INFO - [31mstep: 2042  [32mloss:  2.6373  [38;2;180;60;0mgrad_norm:  1.2225  [38;2;54;234;195mmemory: 72.92GiB(91.79%)  [34mtps: 845  [36mtflops: 40.72  [35mmfu: 4.12%[39m
[rank0]:[titan] 2026-03-17 12:05:41,108 - root - INFO - [31mstep: 2043  [32mloss:  2.6517  [38;2;180;60;0mgrad_norm:  1.0276  [38;2;54;234;195mmemory: 72.92GiB(91.79%)  [34mtps: 845  [36mtflops: 40.69  [35mmfu: 4.11%[39m
[rank0]:[titan] 2026-03-17 12:05:43,531 - root - INFO - [31mstep: 2044  [32mloss:  2.7114  [38;2;180;60;0mgrad_norm:  1.2116  [38;2;54;234;195mmemory: 72.92GiB(91.79%)  [34mtps: 845  [36mtflops: 40.74  [35mmfu: 4.12%[39m
[rank0]:[titan] 2026-03-17 12:05:45,952 - root - INFO - [31mstep: 2045  [32mloss:  2.6654  [38;2;180;60;0mgrad_norm:  1.7293  [38;2;54;234;195mmemory: 72.92GiB(91.79%)  [34mtps: 846  [36mtflops: 40.76  [35mmfu: 4.12%[39m
[rank0]:[titan] 2026-03-17 12:05:48,372 - root - INFO - [31mstep: 2046  [32mloss:  2.6755  [38;2;180;60;0mgrad_norm:  1.1840  [38;2;54;234;195mmemory: 72.92GiB(91.79%)  [34mtps: 846  [36mtflops: 40.78  [35mmfu: 4.12%[39m
[rank0]:[titan] 2026-03-17 12:05:50,799 - root - INFO - [31mstep: 2047  [32mloss:  2.7294  [38;2;180;60;0mgrad_norm:  1.1744  [38;2;54;234;195mmemory: 72.92GiB(91.79%)  [34mtps: 844  [36mtflops: 40.67  [35mmfu: 4.11%[39m
[rank0]:[titan] 2026-03-17 12:05:53,221 - root - INFO - [31mstep: 2048  [32mloss:  2.7115  [38;2;180;60;0mgrad_norm:  1.2941  [38;2;54;234;195mmemory: 72.92GiB(91.79%)  [34mtps: 846  [36mtflops: 40.75  [35mmfu: 4.12%[39m
[rank0]:[titan] 2026-03-17 12:05:55,650 - root - INFO - [31mstep: 2049  [32mloss:  2.7057  [38;2;180;60;0mgrad_norm:  1.3655  [38;2;54;234;195mmemory: 72.92GiB(91.79%)  [34mtps: 843  [36mtflops: 40.64  [35mmfu: 4.11%[39m
[rank0]:[titan] 2026-03-17 12:05:58,075 - root - INFO - [31mstep: 2050  [32mloss:  2.6863  [38;2;180;60;0mgrad_norm:  1.1371  [38;2;54;234;195mmemory: 72.92GiB(91.79%)  [34mtps: 845  [36mtflops: 40.70  [35mmfu: 4.11%[39m
[rank0]:[titan] 2026-03-17 12:06:00,496 - root - INFO - [31mstep: 2051  [32mloss:  2.7102  [38;2;180;60;0mgrad_norm:  1.1400  [38;2;54;234;195mmemory: 72.92GiB(91.79%)  [34mtps: 846  [36mtflops: 40.77  [35mmfu: 4.12%[39m
[rank0]:[titan] 2026-03-17 12:06:02,916 - root - INFO - [31mstep: 2052  [32mloss:  2.7545  [38;2;180;60;0mgrad_norm:  1.5088  [38;2;54;234;195mmemory: 72.92GiB(91.79%)  [34mtps: 847  [36mtflops: 40.79  [35mmfu: 4.12%[39m
[rank0]:[titan] 2026-03-17 12:06:05,339 - root - INFO - [31mstep: 2053  [32mloss:  2.7149  [38;2;180;60;0mgrad_norm:  1.2547  [38;2;54;234;195mmemory: 72.92GiB(91.79%)  [34mtps: 845  [36mtflops: 40.73  [35mmfu: 4.12%[39m
[rank0]:[titan] 2026-03-17 12:06:07,766 - root - INFO - [31mstep: 2054  [32mloss:  2.7313  [38;2;180;60;0mgrad_norm:  1.2545  [38;2;54;234;195mmemory: 72.92GiB(91.79%)  [34mtps: 844  [36mtflops: 40.67  [35mmfu: 4.11%[39m
[rank0]:[titan] 2026-03-17 12:06:10,195 - root - INFO - [31mstep: 2055  [32mloss:  2.7283  [38;2;180;60;0mgrad_norm:  1.1236  [38;2;54;234;195mmemory: 72.92GiB(91.79%)  [34mtps: 843  [36mtflops: 40.63  [35mmfu: 4.11%[39m
[rank0]:[titan] 2026-03-17 12:06:12,613 - root - INFO - [31mstep: 2056  [32mloss:  2.6962  [38;2;180;60;0mgrad_norm:  1.2532  [38;2;54;234;195mmemory: 72.92GiB(91.79%)  [34mtps: 847  [36mtflops: 40.82  [35mmfu: 4.13%[39m
[rank0]:[titan] 2026-03-17 12:06:15,038 - root - INFO - [31mstep: 2057  [32mloss:  2.6922  [38;2;180;60;0mgrad_norm:  1.1573  [38;2;54;234;195mmemory: 72.92GiB(91.79%)  [34mtps: 845  [36mtflops: 40.70  [35mmfu: 4.12%[39m
[rank0]:[titan] 2026-03-17 12:06:17,458 - root - INFO - [31mstep: 2058  [32mloss:  2.6420  [38;2;180;60;0mgrad_norm:  1.3561  [38;2;54;234;195mmemory: 72.92GiB(91.79%)  [34mtps: 847  [36mtflops: 40.79  [35mmfu: 4.12%[39m
[rank0]:[titan] 2026-03-17 12:06:19,882 - root - INFO - [31mstep: 2059  [32mloss:  2.6488  [38;2;180;60;0mgrad_norm:  1.4414  [38;2;54;234;195mmemory: 72.92GiB(91.79%)  [34mtps: 845  [36mtflops: 40.71  [35mmfu: 4.12%[39m
[rank0]:[titan] 2026-03-17 12:06:22,305 - root - INFO - [31mstep: 2060  [32mloss:  2.7446  [38;2;180;60;0mgrad_norm:  1.4579  [38;2;54;234;195mmemory: 72.92GiB(91.79%)  [34mtps: 846  [36mtflops: 40.74  [35mmfu: 4.12%[39m
[rank0]:[titan] 2026-03-17 12:06:24,726 - root - INFO - [31mstep: 2061  [32mloss:  2.6893  [38;2;180;60;0mgrad_norm:  1.1103  [38;2;54;234;195mmemory: 72.92GiB(91.79%)  [34mtps: 846  [36mtflops: 40.76  [35mmfu: 4.12%[39m
[rank0]:[titan] 2026-03-17 12:06:27,148 - root - INFO - [31mstep: 2062  [32mloss:  2.7136  [38;2;180;60;0mgrad_norm:  1.3455  [38;2;54;234;195mmemory: 72.92GiB(91.79%)  [34mtps: 846  [36mtflops: 40.75  [35mmfu: 4.12%[39m
[rank0]:[titan] 2026-03-17 12:06:29,574 - root - INFO - [31mstep: 2063  [32mloss:  2.6432  [38;2;180;60;0mgrad_norm:  1.6718  [38;2;54;234;195mmemory: 72.92GiB(91.79%)  [34mtps: 844  [36mtflops: 40.69  [35mmfu: 4.11%[39m
[rank0]:[titan] 2026-03-17 12:06:31,994 - root - INFO - [31mstep: 2064  [32mloss:  2.6821  [38;2;180;60;0mgrad_norm:  1.6317  [38;2;54;234;195mmemory: 72.92GiB(91.79%)  [34mtps: 846  [36mtflops: 40.78  [35mmfu: 4.12%[39m
[rank0]:[titan] 2026-03-17 12:06:34,424 - root - INFO - [31mstep: 2065  [32mloss:  2.7059  [38;2;180;60;0mgrad_norm:  1.4540  [38;2;54;234;195mmemory: 72.92GiB(91.79%)  [34mtps: 843  [36mtflops: 40.62  [35mmfu: 4.11%[39m
[rank0]:[titan] 2026-03-17 12:06:36,848 - root - INFO - [31mstep: 2066  [32mloss:  2.6769  [38;2;180;60;0mgrad_norm:  1.1276  [38;2;54;234;195mmemory: 72.92GiB(91.79%)  [34mtps: 845  [36mtflops: 40.73  [35mmfu: 4.12%[39m
[rank0]:[titan] 2026-03-17 12:06:39,275 - root - INFO - [31mstep: 2067  [32mloss:  2.6907  [38;2;180;60;0mgrad_norm:  1.0676  [38;2;54;234;195mmemory: 72.92GiB(91.79%)  [34mtps: 844  [36mtflops: 40.66  [35mmfu: 4.11%[39m
[rank0]:[titan] 2026-03-17 12:06:41,695 - root - INFO - [31mstep: 2068  [32mloss:  2.7748  [38;2;180;60;0mgrad_norm:  1.6618  [38;2;54;234;195mmemory: 72.92GiB(91.79%)  [34mtps: 846  [36mtflops: 40.78  [35mmfu: 4.12%[39m
[rank0]:[titan] 2026-03-17 12:06:44,119 - root - INFO - [31mstep: 2069  [32mloss:  2.7265  [38;2;180;60;0mgrad_norm:  1.9396  [38;2;54;234;195mmemory: 72.92GiB(91.79%)  [34mtps: 845  [36mtflops: 40.73  [35mmfu: 4.12%[39m
[rank0]:[titan] 2026-03-17 12:06:46,539 - root - INFO - [31mstep: 2070  [32mloss:  2.8306  [38;2;180;60;0mgrad_norm:  1.2828  [38;2;54;234;195mmemory: 72.92GiB(91.79%)  [34mtps: 846  [36mtflops: 40.78  [35mmfu: 4.12%[39m
[rank0]:[titan] 2026-03-17 12:06:48,961 - root - INFO - [31mstep: 2071  [32mloss:  2.8832  [38;2;180;60;0mgrad_norm:  1.0891  [38;2;54;234;195mmemory: 72.92GiB(91.79%)  [34mtps: 846  [36mtflops: 40.75  [35mmfu: 4.12%[39m
[rank0]:[titan] 2026-03-17 12:06:51,382 - root - INFO - [31mstep: 2072  [32mloss:  2.7707  [38;2;180;60;0mgrad_norm:  1.4735  [38;2;54;234;195mmemory: 72.92GiB(91.79%)  [34mtps: 846  [36mtflops: 40.76  [35mmfu: 4.12%[39m
[rank0]:[titan] 2026-03-17 12:06:53,805 - root - INFO - [31mstep: 2073  [32mloss:  2.7145  [38;2;180;60;0mgrad_norm:  1.5298  [38;2;54;234;195mmemory: 72.92GiB(91.79%)  [34mtps: 846  [36mtflops: 40.74  [35mmfu: 4.12%[39m
[rank0]:[titan] 2026-03-17 12:06:56,228 - root - INFO - [31mstep: 2074  [32mloss:  2.6843  [38;2;180;60;0mgrad_norm:  1.0916  [38;2;54;234;195mmemory: 72.92GiB(91.79%)  [34mtps: 845  [36mtflops: 40.72  [35mmfu: 4.12%[39m
[rank0]:[titan] 2026-03-17 12:06:58,648 - root - INFO - [31mstep: 2075  [32mloss:  2.7520  [38;2;180;60;0mgrad_norm:  1.1721  [38;2;54;234;195mmemory: 72.92GiB(91.79%)  [34mtps: 847  [36mtflops: 40.79  [35mmfu: 4.12%[39m
[rank0]:[titan] 2026-03-17 12:07:01,071 - root - INFO - [31mstep: 2076  [32mloss:  2.7413  [38;2;180;60;0mgrad_norm:  1.1783  [38;2;54;234;195mmemory: 72.92GiB(91.79%)  [34mtps: 845  [36mtflops: 40.73  [35mmfu: 4.12%[39m
[rank0]:[titan] 2026-03-17 12:07:03,498 - root - INFO - [31mstep: 2077  [32mloss:  2.7701  [38;2;180;60;0mgrad_norm:  1.1573  [38;2;54;234;195mmemory: 72.92GiB(91.79%)  [34mtps: 844  [36mtflops: 40.68  [35mmfu: 4.11%[39m
[rank0]:[titan] 2026-03-17 12:07:05,919 - root - INFO - [31mstep: 2078  [32mloss:  2.7065  [38;2;180;60;0mgrad_norm:  0.9805  [38;2;54;234;195mmemory: 72.92GiB(91.79%)  [34mtps: 846  [36mtflops: 40.77  [35mmfu: 4.12%[39m
[rank0]:[titan] 2026-03-17 12:07:08,341 - root - INFO - [31mstep: 2079  [32mloss:  2.6728  [38;2;180;60;0mgrad_norm:  0.9515  [38;2;54;234;195mmemory: 72.92GiB(91.79%)  [34mtps: 846  [36mtflops: 40.75  [35mmfu: 4.12%[39m
[rank0]:[titan] 2026-03-17 12:07:10,762 - root - INFO - [31mstep: 2080  [32mloss:  2.6712  [38;2;180;60;0mgrad_norm:  1.2097  [38;2;54;234;195mmemory: 72.92GiB(91.79%)  [34mtps: 846  [36mtflops: 40.76  [35mmfu: 4.12%[39m
[rank0]:[titan] 2026-03-17 12:07:13,184 - root - INFO - [31mstep: 2081  [32mloss:  2.7437  [38;2;180;60;0mgrad_norm:  1.1471  [38;2;54;234;195mmemory: 72.92GiB(91.79%)  [34mtps: 846  [36mtflops: 40.75  [35mmfu: 4.12%[39m
[rank0]:[titan] 2026-03-17 12:07:15,609 - root - INFO - [31mstep: 2082  [32mloss:  2.6647  [38;2;180;60;0mgrad_norm:  0.8807  [38;2;54;234;195mmemory: 72.92GiB(91.79%)  [34mtps: 845  [36mtflops: 40.70  [35mmfu: 4.12%[39m
[rank0]:[titan] 2026-03-17 12:07:18,028 - root - INFO - [31mstep: 2083  [32mloss:  2.6726  [38;2;180;60;0mgrad_norm:  1.2510  [38;2;54;234;195mmemory: 72.92GiB(91.79%)  [34mtps: 847  [36mtflops: 40.80  [35mmfu: 4.13%[39m
[rank0]:[titan] 2026-03-17 12:07:20,454 - root - INFO - [31mstep: 2084  [32mloss:  2.6902  [38;2;180;60;0mgrad_norm:  1.4942  [38;2;54;234;195mmemory: 72.92GiB(91.79%)  [34mtps: 844  [36mtflops: 40.69  [35mmfu: 4.11%[39m
[rank0]:[titan] 2026-03-17 12:07:22,875 - root - INFO - [31mstep: 2085  [32mloss:  2.7029  [38;2;180;60;0mgrad_norm:  1.1284  [38;2;54;234;195mmemory: 72.92GiB(91.79%)  [34mtps: 846  [36mtflops: 40.77  [35mmfu: 4.12%[39m
[rank0]:[titan] 2026-03-17 12:07:25,295 - root - INFO - [31mstep: 2086  [32mloss:  2.6414  [38;2;180;60;0mgrad_norm:  1.3391  [38;2;54;234;195mmemory: 72.92GiB(91.79%)  [34mtps: 846  [36mtflops: 40.78  [35mmfu: 4.12%[39m
[rank0]:[titan] 2026-03-17 12:07:27,714 - root - INFO - [31mstep: 2087  [32mloss:  2.6841  [38;2;180;60;0mgrad_norm:  1.0928  [38;2;54;234;195mmemory: 72.92GiB(91.79%)  [34mtps: 847  [36mtflops: 40.80  [35mmfu: 4.13%[39m
[rank0]:[titan] 2026-03-17 12:07:30,135 - root - INFO - [31mstep: 2088  [32mloss:  2.6526  [38;2;180;60;0mgrad_norm:  0.9581  [38;2;54;234;195mmemory: 72.92GiB(91.79%)  [34mtps: 846  [36mtflops: 40.77  [35mmfu: 4.12%[39m
[rank0]:[titan] 2026-03-17 12:07:32,569 - root - INFO - [31mstep: 2089  [32mloss:  2.7174  [38;2;180;60;0mgrad_norm:  1.0255  [38;2;54;234;195mmemory: 72.92GiB(91.79%)  [34mtps: 842  [36mtflops: 40.57  [35mmfu: 4.10%[39m
[rank0]:[titan] 2026-03-17 12:07:34,990 - root - INFO - [31mstep: 2090  [32mloss:  2.7052  [38;2;180;60;0mgrad_norm:  1.0645  [38;2;54;234;195mmemory: 72.92GiB(91.79%)  [34mtps: 846  [36mtflops: 40.77  [35mmfu: 4.12%[39m
[rank0]:[titan] 2026-03-17 12:07:37,413 - root - INFO - [31mstep: 2091  [32mloss:  2.6505  [38;2;180;60;0mgrad_norm:  0.9210  [38;2;54;234;195mmemory: 72.92GiB(91.79%)  [34mtps: 845  [36mtflops: 40.73  [35mmfu: 4.12%[39m
[rank0]:[titan] 2026-03-17 12:07:39,833 - root - INFO - [31mstep: 2092  [32mloss:  2.7152  [38;2;180;60;0mgrad_norm:  1.0418  [38;2;54;234;195mmemory: 72.92GiB(91.79%)  [34mtps: 846  [36mtflops: 40.79  [35mmfu: 4.12%[39m
[rank0]:[titan] 2026-03-17 12:07:42,258 - root - INFO - [31mstep: 2093  [32mloss:  2.6841  [38;2;180;60;0mgrad_norm:  1.0046  [38;2;54;234;195mmemory: 72.92GiB(91.79%)  [34mtps: 845  [36mtflops: 40.70  [35mmfu: 4.12%[39m
[rank0]:[titan] 2026-03-17 12:07:44,679 - root - INFO - [31mstep: 2094  [32mloss:  2.6484  [38;2;180;60;0mgrad_norm:  0.8117  [38;2;54;234;195mmemory: 72.92GiB(91.79%)  [34mtps: 846  [36mtflops: 40.76  [35mmfu: 4.12%[39m
[rank0]:[titan] 2026-03-17 12:07:47,101 - root - INFO - [31mstep: 2095  [32mloss:  2.7162  [38;2;180;60;0mgrad_norm:  1.1227  [38;2;54;234;195mmemory: 72.92GiB(91.79%)  [34mtps: 846  [36mtflops: 40.76  [35mmfu: 4.12%[39m
[rank0]:[titan] 2026-03-17 12:07:49,522 - root - INFO - [31mstep: 2096  [32mloss:  2.6781  [38;2;180;60;0mgrad_norm:  1.1808  [38;2;54;234;195mmemory: 72.92GiB(91.79%)  [34mtps: 846  [36mtflops: 40.76  [35mmfu: 4.12%[39m
[rank0]:[titan] 2026-03-17 12:07:51,944 - root - INFO - [31mstep: 2097  [32mloss:  2.6695  [38;2;180;60;0mgrad_norm:  0.6761  [38;2;54;234;195mmemory: 72.92GiB(91.79%)  [34mtps: 846  [36mtflops: 40.76  [35mmfu: 4.12%[39m
[rank0]:[titan] 2026-03-17 12:07:54,366 - root - INFO - [31mstep: 2098  [32mloss:  2.6896  [38;2;180;60;0mgrad_norm:  1.1696  [38;2;54;234;195mmemory: 72.92GiB(91.79%)  [34mtps: 846  [36mtflops: 40.75  [35mmfu: 4.12%[39m
[rank0]:[titan] 2026-03-17 12:07:56,790 - root - INFO - [31mstep: 2099  [32mloss:  2.6777  [38;2;180;60;0mgrad_norm:  1.3266  [38;2;54;234;195mmemory: 72.92GiB(91.79%)  [34mtps: 845  [36mtflops: 40.72  [35mmfu: 4.12%[39m
[rank0]:[titan] 2026-03-17 12:07:59,208 - root - INFO - [31mstep: 2100  [32mloss:  2.7014  [38;2;180;60;0mgrad_norm:  0.7291  [38;2;54;234;195mmemory: 72.92GiB(91.79%)  [34mtps: 847  [36mtflops: 40.82  [35mmfu: 4.13%[39m
[rank0]:[titan] 2026-03-17 12:08:01,632 - root - INFO - [31mstep: 2101  [32mloss:  2.6752  [38;2;180;60;0mgrad_norm:  0.9833  [38;2;54;234;195mmemory: 72.92GiB(91.79%)  [34mtps: 845  [36mtflops: 40.71  [35mmfu: 4.12%[39m
[rank0]:[titan] 2026-03-17 12:08:04,054 - root - INFO - [31mstep: 2102  [32mloss:  2.6668  [38;2;180;60;0mgrad_norm:  1.1306  [38;2;54;234;195mmemory: 72.92GiB(91.79%)  [34mtps: 846  [36mtflops: 40.75  [35mmfu: 4.12%[39m
[rank0]:[titan] 2026-03-17 12:08:06,474 - root - INFO - [31mstep: 2103  [32mloss:  2.6736  [38;2;180;60;0mgrad_norm:  0.9456  [38;2;54;234;195mmemory: 72.92GiB(91.79%)  [34mtps: 846  [36mtflops: 40.78  [35mmfu: 4.12%[39m
[rank0]:[titan] 2026-03-17 12:08:08,904 - root - INFO - [31mstep: 2104  [32mloss:  2.6543  [38;2;180;60;0mgrad_norm:  1.1155  [38;2;54;234;195mmemory: 72.92GiB(91.79%)  [34mtps: 843  [36mtflops: 40.61  [35mmfu: 4.11%[39m
[rank0]:[titan] 2026-03-17 12:08:11,326 - root - INFO - [31mstep: 2105  [32mloss:  2.6571  [38;2;180;60;0mgrad_norm:  1.0126  [38;2;54;234;195mmemory: 72.92GiB(91.79%)  [34mtps: 846  [36mtflops: 40.77  [35mmfu: 4.12%[39m
[rank0]:[titan] 2026-03-17 12:08:13,746 - root - INFO - [31mstep: 2106  [32mloss:  2.6393  [38;2;180;60;0mgrad_norm:  1.0489  [38;2;54;234;195mmemory: 72.92GiB(91.79%)  [34mtps: 846  [36mtflops: 40.77  [35mmfu: 4.12%[39m
[rank0]:[titan] 2026-03-17 12:08:16,170 - root - INFO - [31mstep: 2107  [32mloss:  2.6112  [38;2;180;60;0mgrad_norm:  1.3332  [38;2;54;234;195mmemory: 72.92GiB(91.79%)  [34mtps: 845  [36mtflops: 40.73  [35mmfu: 4.12%[39m
[rank0]:[titan] 2026-03-17 12:08:18,590 - root - INFO - [31mstep: 2108  [32mloss:  2.6488  [38;2;180;60;0mgrad_norm:  1.0037  [38;2;54;234;195mmemory: 72.92GiB(91.79%)  [34mtps: 846  [36mtflops: 40.77  [35mmfu: 4.12%[39m
[rank0]:[titan] 2026-03-17 12:08:21,019 - root - INFO - [31mstep: 2109  [32mloss:  2.6947  [38;2;180;60;0mgrad_norm:  0.9957  [38;2;54;234;195mmemory: 72.92GiB(91.79%)  [34mtps: 843  [36mtflops: 40.64  [35mmfu: 4.11%[39m
[rank0]:[titan] 2026-03-17 12:08:23,449 - root - INFO - [31mstep: 2110  [32mloss:  2.7512  [38;2;180;60;0mgrad_norm:  1.2431  [38;2;54;234;195mmemory: 72.92GiB(91.79%)  [34mtps: 843  [36mtflops: 40.62  [35mmfu: 4.11%[39m
[rank0]:[titan] 2026-03-17 12:08:25,875 - root - INFO - [31mstep: 2111  [32mloss:  2.7273  [38;2;180;60;0mgrad_norm:  1.1547  [38;2;54;234;195mmemory: 72.92GiB(91.79%)  [34mtps: 844  [36mtflops: 40.69  [35mmfu: 4.11%[39m
[rank0]:[titan] 2026-03-17 12:08:28,294 - root - INFO - [31mstep: 2112  [32mloss:  2.7112  [38;2;180;60;0mgrad_norm:  1.1276  [38;2;54;234;195mmemory: 72.92GiB(91.79%)  [34mtps: 847  [36mtflops: 40.81  [35mmfu: 4.13%[39m
[rank0]:[titan] 2026-03-17 12:08:30,722 - root - INFO - [31mstep: 2113  [32mloss:  2.6440  [38;2;180;60;0mgrad_norm:  1.0328  [38;2;54;234;195mmemory: 72.92GiB(91.79%)  [34mtps: 844  [36mtflops: 40.65  [35mmfu: 4.11%[39m
[rank0]:[titan] 2026-03-17 12:08:33,143 - root - INFO - [31mstep: 2114  [32mloss:  2.6596  [38;2;180;60;0mgrad_norm:  0.9286  [38;2;54;234;195mmemory: 72.92GiB(91.79%)  [34mtps: 846  [36mtflops: 40.77  [35mmfu: 4.12%[39m
[rank0]:[titan] 2026-03-17 12:08:33,144 - root - WARNING - Dataset c4_test is being re-looped
[rank0]:[titan] 2026-03-17 12:08:35,567 - root - INFO - [31mstep: 2115  [32mloss:  2.6734  [38;2;180;60;0mgrad_norm:  0.9325  [38;2;54;234;195mmemory: 72.92GiB(91.79%)  [34mtps: 845  [36mtflops: 40.72  [35mmfu: 4.12%[39m
[rank0]:[titan] 2026-03-17 12:08:37,986 - root - INFO - [31mstep: 2116  [32mloss:  2.6897  [38;2;180;60;0mgrad_norm:  0.8883  [38;2;54;234;195mmemory: 72.92GiB(91.79%)  [34mtps: 847  [36mtflops: 40.79  [35mmfu: 4.12%[39m
[rank0]:[titan] 2026-03-17 12:08:40,410 - root - INFO - [31mstep: 2117  [32mloss:  2.6766  [38;2;180;60;0mgrad_norm:  0.9804  [38;2;54;234;195mmemory: 72.92GiB(91.79%)  [34mtps: 845  [36mtflops: 40.72  [35mmfu: 4.12%[39m
[rank0]:[titan] 2026-03-17 12:08:42,829 - root - INFO - [31mstep: 2118  [32mloss:  2.6757  [38;2;180;60;0mgrad_norm:  0.8348  [38;2;54;234;195mmemory: 72.92GiB(91.79%)  [34mtps: 847  [36mtflops: 40.80  [35mmfu: 4.13%[39m
[rank0]:[titan] 2026-03-17 12:08:45,262 - root - INFO - [31mstep: 2119  [32mloss:  2.6536  [38;2;180;60;0mgrad_norm:  0.7743  [38;2;54;234;195mmemory: 72.92GiB(91.79%)  [34mtps: 842  [36mtflops: 40.57  [35mmfu: 4.10%[39m
[rank0]:[titan] 2026-03-17 12:08:47,686 - root - INFO - [31mstep: 2120  [32mloss:  2.6544  [38;2;180;60;0mgrad_norm:  0.9065  [38;2;54;234;195mmemory: 72.92GiB(91.79%)  [34mtps: 845  [36mtflops: 40.72  [35mmfu: 4.12%[39m
[rank0]:[titan] 2026-03-17 12:08:50,107 - root - INFO - [31mstep: 2121  [32mloss:  2.6720  [38;2;180;60;0mgrad_norm:  0.8988  [38;2;54;234;195mmemory: 72.92GiB(91.79%)  [34mtps: 846  [36mtflops: 40.76  [35mmfu: 4.12%[39m
[rank0]:[titan] 2026-03-17 12:08:52,530 - root - INFO - [31mstep: 2122  [32mloss:  2.6566  [38;2;180;60;0mgrad_norm:  0.6736  [38;2;54;234;195mmemory: 72.92GiB(91.79%)  [34mtps: 846  [36mtflops: 40.74  [35mmfu: 4.12%[39m
[rank0]:[titan] 2026-03-17 12:08:54,950 - root - INFO - [31mstep: 2123  [32mloss:  2.6957  [38;2;180;60;0mgrad_norm:  0.9597  [38;2;54;234;195mmemory: 72.92GiB(91.79%)  [34mtps: 847  [36mtflops: 40.79  [35mmfu: 4.12%[39m
[rank0]:[titan] 2026-03-17 12:08:57,390 - root - INFO - [31mstep: 2124  [32mloss:  2.7268  [38;2;180;60;0mgrad_norm:  0.9943  [38;2;54;234;195mmemory: 72.92GiB(91.79%)  [34mtps: 840  [36mtflops: 40.46  [35mmfu: 4.09%[39m
[rank0]:[titan] 2026-03-17 12:08:59,811 - root - INFO - [31mstep: 2125  [32mloss:  2.6699  [38;2;180;60;0mgrad_norm:  0.9884  [38;2;54;234;195mmemory: 72.92GiB(91.79%)  [34mtps: 846  [36mtflops: 40.76  [35mmfu: 4.12%[39m
[rank0]:[titan] 2026-03-17 12:09:02,232 - root - INFO - [31mstep: 2126  [32mloss:  2.6728  [38;2;180;60;0mgrad_norm:  1.0405  [38;2;54;234;195mmemory: 72.92GiB(91.79%)  [34mtps: 846  [36mtflops: 40.77  [35mmfu: 4.12%[39m
[rank0]:[titan] 2026-03-17 12:09:04,661 - root - INFO - [31mstep: 2127  [32mloss:  2.6559  [38;2;180;60;0mgrad_norm:  0.9026  [38;2;54;234;195mmemory: 72.92GiB(91.79%)  [34mtps: 843  [36mtflops: 40.64  [35mmfu: 4.11%[39m
[rank0]:[titan] 2026-03-17 12:09:07,083 - root - INFO - [31mstep: 2128  [32mloss:  2.7215  [38;2;180;60;0mgrad_norm:  1.2173  [38;2;54;234;195mmemory: 72.92GiB(91.79%)  [34mtps: 846  [36mtflops: 40.76  [35mmfu: 4.12%[39m
[rank0]:[titan] 2026-03-17 12:09:09,502 - root - INFO - [31mstep: 2129  [32mloss:  2.6600  [38;2;180;60;0mgrad_norm:  0.8560  [38;2;54;234;195mmemory: 72.92GiB(91.79%)  [34mtps: 847  [36mtflops: 40.80  [35mmfu: 4.13%[39m
[rank0]:[titan] 2026-03-17 12:09:11,922 - root - INFO - [31mstep: 2130  [32mloss:  2.6805  [38;2;180;60;0mgrad_norm:  0.9125  [38;2;54;234;195mmemory: 72.92GiB(91.79%)  [34mtps: 846  [36mtflops: 40.78  [35mmfu: 4.12%[39m
[rank0]:[titan] 2026-03-17 12:09:14,347 - root - INFO - [31mstep: 2131  [32mloss:  2.6663  [38;2;180;60;0mgrad_norm:  0.6594  [38;2;54;234;195mmemory: 72.92GiB(91.79%)  [34mtps: 845  [36mtflops: 40.71  [35mmfu: 4.12%[39m
[rank0]:[titan] 2026-03-17 12:09:16,772 - root - INFO - [31mstep: 2132  [32mloss:  2.6583  [38;2;180;60;0mgrad_norm:  0.9851  [38;2;54;234;195mmemory: 72.92GiB(91.79%)  [34mtps: 845  [36mtflops: 40.70  [35mmfu: 4.12%[39m
[rank0]:[titan] 2026-03-17 12:09:19,195 - root - INFO - [31mstep: 2133  [32mloss:  2.6174  [38;2;180;60;0mgrad_norm:  1.0384  [38;2;54;234;195mmemory: 72.92GiB(91.79%)  [34mtps: 845  [36mtflops: 40.74  [35mmfu: 4.12%[39m
[rank0]:[titan] 2026-03-17 12:09:21,615 - root - INFO - [31mstep: 2134  [32mloss:  2.6441  [38;2;180;60;0mgrad_norm:  0.7997  [38;2;54;234;195mmemory: 72.92GiB(91.79%)  [34mtps: 846  [36mtflops: 40.78  [35mmfu: 4.12%[39m
[rank0]:[titan] 2026-03-17 12:09:24,038 - root - INFO - [31mstep: 2135  [32mloss:  2.6596  [38;2;180;60;0mgrad_norm:  0.6569  [38;2;54;234;195mmemory: 72.92GiB(91.79%)  [34mtps: 846  [36mtflops: 40.74  [35mmfu: 4.12%[39m
[rank0]:[titan] 2026-03-17 12:09:26,458 - root - INFO - [31mstep: 2136  [32mloss:  2.6810  [38;2;180;60;0mgrad_norm:  1.0933  [38;2;54;234;195mmemory: 72.92GiB(91.79%)  [34mtps: 847  [36mtflops: 40.79  [35mmfu: 4.12%[39m
[rank0]:[titan] 2026-03-17 12:09:28,879 - root - INFO - [31mstep: 2137  [32mloss:  2.6527  [38;2;180;60;0mgrad_norm:  1.1425  [38;2;54;234;195mmemory: 72.92GiB(91.79%)  [34mtps: 846  [36mtflops: 40.76  [35mmfu: 4.12%[39m
[rank0]:[titan] 2026-03-17 12:09:31,306 - root - INFO - [31mstep: 2138  [32mloss:  2.6881  [38;2;180;60;0mgrad_norm:  0.9147  [38;2;54;234;195mmemory: 72.92GiB(91.79%)  [34mtps: 844  [36mtflops: 40.66  [35mmfu: 4.11%[39m
[rank0]:[titan] 2026-03-17 12:09:33,728 - root - INFO - [31mstep: 2139  [32mloss:  2.7172  [38;2;180;60;0mgrad_norm:  0.7518  [38;2;54;234;195mmemory: 72.92GiB(91.79%)  [34mtps: 846  [36mtflops: 40.76  [35mmfu: 4.12%[39m
[rank0]:[titan] 2026-03-17 12:09:36,151 - root - INFO - [31mstep: 2140  [32mloss:  2.7776  [38;2;180;60;0mgrad_norm:  0.9438  [38;2;54;234;195mmemory: 72.92GiB(91.79%)  [34mtps: 845  [36mtflops: 40.73  [35mmfu: 4.12%[39m
[rank0]:[titan] 2026-03-17 12:09:38,579 - root - INFO - [31mstep: 2141  [32mloss:  2.7682  [38;2;180;60;0mgrad_norm:  1.2084  [38;2;54;234;195mmemory: 72.92GiB(91.79%)  [34mtps: 844  [36mtflops: 40.66  [35mmfu: 4.11%[39m
[rank0]:[titan] 2026-03-17 12:09:41,004 - root - INFO - [31mstep: 2142  [32mloss:  2.7419  [38;2;180;60;0mgrad_norm:  1.2730  [38;2;54;234;195mmemory: 72.92GiB(91.79%)  [34mtps: 845  [36mtflops: 40.70  [35mmfu: 4.12%[39m
[rank0]:[titan] 2026-03-17 12:09:43,425 - root - INFO - [31mstep: 2143  [32mloss:  2.7413  [38;2;180;60;0mgrad_norm:  1.0684  [38;2;54;234;195mmemory: 72.92GiB(91.79%)  [34mtps: 846  [36mtflops: 40.77  [35mmfu: 4.12%[39m
[rank0]:[titan] 2026-03-17 12:09:45,852 - root - INFO - [31mstep: 2144  [32mloss:  2.6966  [38;2;180;60;0mgrad_norm:  0.9255  [38;2;54;234;195mmemory: 72.92GiB(91.79%)  [34mtps: 844  [36mtflops: 40.66  [35mmfu: 4.11%[39m
[rank0]:[titan] 2026-03-17 12:09:48,274 - root - INFO - [31mstep: 2145  [32mloss:  2.6940  [38;2;180;60;0mgrad_norm:  1.0519  [38;2;54;234;195mmemory: 72.92GiB(91.79%)  [34mtps: 846  [36mtflops: 40.76  [35mmfu: 4.12%[39m
[rank0]:[titan] 2026-03-17 12:09:50,698 - root - INFO - [31mstep: 2146  [32mloss:  2.6641  [38;2;180;60;0mgrad_norm:  1.1769  [38;2;54;234;195mmemory: 72.92GiB(91.79%)  [34mtps: 845  [36mtflops: 40.73  [35mmfu: 4.12%[39m
[rank0]:[titan] 2026-03-17 12:09:53,119 - root - INFO - [31mstep: 2147  [32mloss:  2.6618  [38;2;180;60;0mgrad_norm:  1.0884  [38;2;54;234;195mmemory: 72.92GiB(91.79%)  [34mtps: 846  [36mtflops: 40.76  [35mmfu: 4.12%[39m
[rank0]:[titan] 2026-03-17 12:09:55,544 - root - INFO - [31mstep: 2148  [32mloss:  2.7012  [38;2;180;60;0mgrad_norm:  0.8574  [38;2;54;234;195mmemory: 72.92GiB(91.79%)  [34mtps: 845  [36mtflops: 40.70  [35mmfu: 4.12%[39m
[rank0]:[titan] 2026-03-17 12:09:57,964 - root - INFO - [31mstep: 2149  [32mloss:  2.7091  [38;2;180;60;0mgrad_norm:  0.9872  [38;2;54;234;195mmemory: 72.92GiB(91.79%)  [34mtps: 846  [36mtflops: 40.78  [35mmfu: 4.12%[39m
[rank0]:[titan] 2026-03-17 12:10:00,384 - root - INFO - [31mstep: 2150  [32mloss:  2.7008  [38;2;180;60;0mgrad_norm:  0.9527  [38;2;54;234;195mmemory: 72.92GiB(91.79%)  [34mtps: 846  [36mtflops: 40.78  [35mmfu: 4.12%[39m
[rank0]:[titan] 2026-03-17 12:10:02,809 - root - INFO - [31mstep: 2151  [32mloss:  2.7199  [38;2;180;60;0mgrad_norm:  0.9292  [38;2;54;234;195mmemory: 72.92GiB(91.79%)  [34mtps: 845  [36mtflops: 40.70  [35mmfu: 4.12%[39m
[rank0]:[titan] 2026-03-17 12:10:05,231 - root - INFO - [31mstep: 2152  [32mloss:  2.7212  [38;2;180;60;0mgrad_norm:  0.9017  [38;2;54;234;195mmemory: 72.92GiB(91.79%)  [34mtps: 846  [36mtflops: 40.76  [35mmfu: 4.12%[39m
[rank0]:[titan] 2026-03-17 12:10:07,654 - root - INFO - [31mstep: 2153  [32mloss:  2.6543  [38;2;180;60;0mgrad_norm:  0.7625  [38;2;54;234;195mmemory: 72.92GiB(91.79%)  [34mtps: 845  [36mtflops: 40.73  [35mmfu: 4.12%[39m
[rank0]:[titan] 2026-03-17 12:10:10,077 - root - INFO - [31mstep: 2154  [32mloss:  2.7095  [38;2;180;60;0mgrad_norm:  0.9480  [38;2;54;234;195mmemory: 72.92GiB(91.79%)  [34mtps: 845  [36mtflops: 40.73  [35mmfu: 4.12%[39m
[rank0]:[titan] 2026-03-17 12:10:12,501 - root - INFO - [31mstep: 2155  [32mloss:  2.6608  [38;2;180;60;0mgrad_norm:  1.0528  [38;2;54;234;195mmemory: 72.92GiB(91.79%)  [34mtps: 845  [36mtflops: 40.73  [35mmfu: 4.12%[39m
[rank0]:[titan] 2026-03-17 12:10:14,922 - root - INFO - [31mstep: 2156  [32mloss:  2.6888  [38;2;180;60;0mgrad_norm:  1.0916  [38;2;54;234;195mmemory: 72.92GiB(91.79%)  [34mtps: 846  [36mtflops: 40.76  [35mmfu: 4.12%[39m
[rank0]:[titan] 2026-03-17 12:10:17,345 - root - INFO - [31mstep: 2157  [32mloss:  2.7118  [38;2;180;60;0mgrad_norm:  1.1270  [38;2;54;234;195mmemory: 72.92GiB(91.79%)  [34mtps: 845  [36mtflops: 40.73  [35mmfu: 4.12%[39m
[rank0]:[titan] 2026-03-17 12:10:19,775 - root - INFO - [31mstep: 2158  [32mloss:  2.7112  [38;2;180;60;0mgrad_norm:  0.9292  [38;2;54;234;195mmemory: 72.92GiB(91.79%)  [34mtps: 843  [36mtflops: 40.62  [35mmfu: 4.11%[39m
[rank0]:[titan] 2026-03-17 12:10:22,195 - root - INFO - [31mstep: 2159  [32mloss:  2.6586  [38;2;180;60;0mgrad_norm:  0.8822  [38;2;54;234;195mmemory: 72.92GiB(91.79%)  [34mtps: 846  [36mtflops: 40.78  [35mmfu: 4.12%[39m
[rank0]:[titan] 2026-03-17 12:10:24,622 - root - INFO - [31mstep: 2160  [32mloss:  2.6854  [38;2;180;60;0mgrad_norm:  0.8256  [38;2;54;234;195mmemory: 72.92GiB(91.79%)  [34mtps: 844  [36mtflops: 40.66  [35mmfu: 4.11%[39m
[rank0]:[titan] 2026-03-17 12:10:27,042 - root - INFO - [31mstep: 2161  [32mloss:  2.6886  [38;2;180;60;0mgrad_norm:  0.8425  [38;2;54;234;195mmemory: 72.92GiB(91.79%)  [34mtps: 846  [36mtflops: 40.78  [35mmfu: 4.12%[39m
[rank0]:[titan] 2026-03-17 12:10:29,461 - root - INFO - [31mstep: 2162  [32mloss:  2.7128  [38;2;180;60;0mgrad_norm:  1.2125  [38;2;54;234;195mmemory: 72.92GiB(91.79%)  [34mtps: 847  [36mtflops: 40.81  [35mmfu: 4.13%[39m
[rank0]:[titan] 2026-03-17 12:10:31,883 - root - INFO - [31mstep: 2163  [32mloss:  2.7327  [38;2;180;60;0mgrad_norm:  1.3568  [38;2;54;234;195mmemory: 72.92GiB(91.79%)  [34mtps: 846  [36mtflops: 40.74  [35mmfu: 4.12%[39m
[rank0]:[titan] 2026-03-17 12:10:34,308 - root - INFO - [31mstep: 2164  [32mloss:  2.7078  [38;2;180;60;0mgrad_norm:  0.8194  [38;2;54;234;195mmemory: 72.92GiB(91.79%)  [34mtps: 845  [36mtflops: 40.71  [35mmfu: 4.12%[39m
[rank0]:[titan] 2026-03-17 12:10:36,742 - root - INFO - [31mstep: 2165  [32mloss:  2.7119  [38;2;180;60;0mgrad_norm:  0.7891  [38;2;54;234;195mmemory: 72.92GiB(91.79%)  [34mtps: 841  [36mtflops: 40.54  [35mmfu: 4.10%[39m
[rank0]:[titan] 2026-03-17 12:10:39,167 - root - INFO - [31mstep: 2166  [32mloss:  2.6862  [38;2;180;60;0mgrad_norm:  1.1793  [38;2;54;234;195mmemory: 72.92GiB(91.79%)  [34mtps: 845  [36mtflops: 40.70  [35mmfu: 4.12%[39m
[rank0]:[titan] 2026-03-17 12:10:41,589 - root - INFO - [31mstep: 2167  [32mloss:  2.6604  [38;2;180;60;0mgrad_norm:  1.2127  [38;2;54;234;195mmemory: 72.92GiB(91.79%)  [34mtps: 846  [36mtflops: 40.75  [35mmfu: 4.12%[39m
[rank0]:[titan] 2026-03-17 12:10:44,021 - root - INFO - [31mstep: 2168  [32mloss:  2.6942  [38;2;180;60;0mgrad_norm:  0.9544  [38;2;54;234;195mmemory: 72.92GiB(91.79%)  [34mtps: 843  [36mtflops: 40.60  [35mmfu: 4.10%[39m
[rank0]:[titan] 2026-03-17 12:10:46,447 - root - INFO - [31mstep: 2169  [32mloss:  2.6657  [38;2;180;60;0mgrad_norm:  1.0526  [38;2;54;234;195mmemory: 72.92GiB(91.79%)  [34mtps: 844  [36mtflops: 40.68  [35mmfu: 4.11%[39m
[rank0]:[titan] 2026-03-17 12:10:48,868 - root - INFO - [31mstep: 2170  [32mloss:  2.6870  [38;2;180;60;0mgrad_norm:  1.0469  [38;2;54;234;195mmemory: 72.92GiB(91.79%)  [34mtps: 846  [36mtflops: 40.76  [35mmfu: 4.12%[39m
[rank0]:[titan] 2026-03-17 12:10:51,293 - root - INFO - [31mstep: 2171  [32mloss:  2.6416  [38;2;180;60;0mgrad_norm:  1.2890  [38;2;54;234;195mmemory: 72.92GiB(91.79%)  [34mtps: 845  [36mtflops: 40.71  [35mmfu: 4.12%[39m
[rank0]:[titan] 2026-03-17 12:10:53,716 - root - INFO - [31mstep: 2172  [32mloss:  2.7246  [38;2;180;60;0mgrad_norm:  1.4195  [38;2;54;234;195mmemory: 72.92GiB(91.79%)  [34mtps: 845  [36mtflops: 40.73  [35mmfu: 4.12%[39m
[rank0]:[titan] 2026-03-17 12:10:56,137 - root - INFO - [31mstep: 2173  [32mloss:  2.6669  [38;2;180;60;0mgrad_norm:  1.3012  [38;2;54;234;195mmemory: 72.92GiB(91.79%)  [34mtps: 846  [36mtflops: 40.76  [35mmfu: 4.12%[39m
[rank0]:[titan] 2026-03-17 12:10:58,561 - root - INFO - [31mstep: 2174  [32mloss:  2.6836  [38;2;180;60;0mgrad_norm:  1.1004  [38;2;54;234;195mmemory: 72.92GiB(91.79%)  [34mtps: 845  [36mtflops: 40.72  [35mmfu: 4.12%[39m
[rank0]:[titan] 2026-03-17 12:11:00,990 - root - INFO - [31mstep: 2175  [32mloss:  2.7273  [38;2;180;60;0mgrad_norm:  1.2592  [38;2;54;234;195mmemory: 72.92GiB(91.79%)  [34mtps: 843  [36mtflops: 40.64  [35mmfu: 4.11%[39m
[rank0]:[titan] 2026-03-17 12:11:03,414 - root - INFO - [31mstep: 2176  [32mloss:  2.6652  [38;2;180;60;0mgrad_norm:  1.5376  [38;2;54;234;195mmemory: 72.92GiB(91.79%)  [34mtps: 845  [36mtflops: 40.71  [35mmfu: 4.12%[39m
[rank0]:[titan] 2026-03-17 12:11:05,838 - root - INFO - [31mstep: 2177  [32mloss:  2.7006  [38;2;180;60;0mgrad_norm:  1.4006  [38;2;54;234;195mmemory: 72.92GiB(91.79%)  [34mtps: 845  [36mtflops: 40.72  [35mmfu: 4.12%[39m
[rank0]:[titan] 2026-03-17 12:11:08,261 - root - INFO - [31mstep: 2178  [32mloss:  2.6978  [38;2;180;60;0mgrad_norm:  1.1342  [38;2;54;234;195mmemory: 72.92GiB(91.79%)  [34mtps: 846  [36mtflops: 40.74  [35mmfu: 4.12%[39m
[rank0]:[titan] 2026-03-17 12:11:10,682 - root - INFO - [31mstep: 2179  [32mloss:  2.6803  [38;2;180;60;0mgrad_norm:  1.2709  [38;2;54;234;195mmemory: 72.92GiB(91.79%)  [34mtps: 846  [36mtflops: 40.76  [35mmfu: 4.12%[39m
[rank0]:[titan] 2026-03-17 12:11:13,118 - root - INFO - [31mstep: 2180  [32mloss:  2.6370  [38;2;180;60;0mgrad_norm:  0.9291  [38;2;54;234;195mmemory: 72.92GiB(91.79%)  [34mtps: 841  [36mtflops: 40.52  [35mmfu: 4.10%[39m
[rank0]:[titan] 2026-03-17 12:11:15,539 - root - INFO - [31mstep: 2181  [32mloss:  2.6664  [38;2;180;60;0mgrad_norm:  0.8592  [38;2;54;234;195mmemory: 72.92GiB(91.79%)  [34mtps: 846  [36mtflops: 40.77  [35mmfu: 4.12%[39m
[rank0]:[titan] 2026-03-17 12:11:17,962 - root - INFO - [31mstep: 2182  [32mloss:  2.7455  [38;2;180;60;0mgrad_norm:  1.0446  [38;2;54;234;195mmemory: 72.92GiB(91.79%)  [34mtps: 846  [36mtflops: 40.74  [35mmfu: 4.12%[39m
[rank0]:[titan] 2026-03-17 12:11:20,383 - root - INFO - [31mstep: 2183  [32mloss:  2.6888  [38;2;180;60;0mgrad_norm:  1.0975  [38;2;54;234;195mmemory: 72.92GiB(91.79%)  [34mtps: 846  [36mtflops: 40.77  [35mmfu: 4.12%[39m
[rank0]:[titan] 2026-03-17 12:11:22,812 - root - INFO - [31mstep: 2184  [32mloss:  2.7288  [38;2;180;60;0mgrad_norm:  0.8068  [38;2;54;234;195mmemory: 72.92GiB(91.79%)  [34mtps: 843  [36mtflops: 40.63  [35mmfu: 4.11%[39m
[rank0]:[titan] 2026-03-17 12:11:25,243 - root - INFO - [31mstep: 2185  [32mloss:  2.8099  [38;2;180;60;0mgrad_norm:  1.3727  [38;2;54;234;195mmemory: 72.92GiB(91.79%)  [34mtps: 843  [36mtflops: 40.61  [35mmfu: 4.11%[39m
[rank0]:[titan] 2026-03-17 12:11:27,668 - root - INFO - [31mstep: 2186  [32mloss:  2.8183  [38;2;180;60;0mgrad_norm:  1.0491  [38;2;54;234;195mmemory: 72.92GiB(91.79%)  [34mtps: 845  [36mtflops: 40.70  [35mmfu: 4.12%[39m
[rank0]:[titan] 2026-03-17 12:11:30,091 - root - INFO - [31mstep: 2187  [32mloss:  2.7945  [38;2;180;60;0mgrad_norm:  0.9251  [38;2;54;234;195mmemory: 72.92GiB(91.79%)  [34mtps: 845  [36mtflops: 40.73  [35mmfu: 4.12%[39m
[rank0]:[titan] 2026-03-17 12:11:32,513 - root - INFO - [31mstep: 2188  [32mloss:  2.6955  [38;2;180;60;0mgrad_norm:  1.2634  [38;2;54;234;195mmemory: 72.92GiB(91.79%)  [34mtps: 846  [36mtflops: 40.76  [35mmfu: 4.12%[39m
[rank0]:[titan] 2026-03-17 12:11:34,936 - root - INFO - [31mstep: 2189  [32mloss:  2.6984  [38;2;180;60;0mgrad_norm:  0.7964  [38;2;54;234;195mmemory: 72.92GiB(91.79%)  [34mtps: 845  [36mtflops: 40.73  [35mmfu: 4.12%[39m
[rank0]:[titan] 2026-03-17 12:11:37,358 - root - INFO - [31mstep: 2190  [32mloss:  2.6799  [38;2;180;60;0mgrad_norm:  0.9092  [38;2;54;234;195mmemory: 72.92GiB(91.79%)  [34mtps: 846  [36mtflops: 40.77  [35mmfu: 4.12%[39m
[rank0]:[titan] 2026-03-17 12:11:39,781 - root - INFO - [31mstep: 2191  [32mloss:  2.7255  [38;2;180;60;0mgrad_norm:  1.2716  [38;2;54;234;195mmemory: 72.92GiB(91.79%)  [34mtps: 845  [36mtflops: 40.73  [35mmfu: 4.12%[39m
[rank0]:[titan] 2026-03-17 12:11:42,204 - root - INFO - [31mstep: 2192  [32mloss:  2.7499  [38;2;180;60;0mgrad_norm:  1.2075  [38;2;54;234;195mmemory: 72.92GiB(91.79%)  [34mtps: 845  [36mtflops: 40.73  [35mmfu: 4.12%[39m
[rank0]:[titan] 2026-03-17 12:11:44,626 - root - INFO - [31mstep: 2193  [32mloss:  2.6415  [38;2;180;60;0mgrad_norm:  0.8704  [38;2;54;234;195mmemory: 72.92GiB(91.79%)  [34mtps: 846  [36mtflops: 40.75  [35mmfu: 4.12%[39m
[rank0]:[titan] 2026-03-17 12:11:47,047 - root - INFO - [31mstep: 2194  [32mloss:  2.7360  [38;2;180;60;0mgrad_norm:  0.8217  [38;2;54;234;195mmemory: 72.92GiB(91.79%)  [34mtps: 846  [36mtflops: 40.77  [35mmfu: 4.12%[39m
[rank0]:[titan] 2026-03-17 12:11:49,474 - root - INFO - [31mstep: 2195  [32mloss:  2.7069  [38;2;180;60;0mgrad_norm:  1.2246  [38;2;54;234;195mmemory: 72.92GiB(91.79%)  [34mtps: 844  [36mtflops: 40.67  [35mmfu: 4.11%[39m
[rank0]:[titan] 2026-03-17 12:11:51,896 - root - INFO - [31mstep: 2196  [32mloss:  2.6561  [38;2;180;60;0mgrad_norm:  1.1599  [38;2;54;234;195mmemory: 72.92GiB(91.79%)  [34mtps: 846  [36mtflops: 40.75  [35mmfu: 4.12%[39m
[rank0]:[titan] 2026-03-17 12:11:54,318 - root - INFO - [31mstep: 2197  [32mloss:  2.6785  [38;2;180;60;0mgrad_norm:  1.4810  [38;2;54;234;195mmemory: 72.92GiB(91.79%)  [34mtps: 846  [36mtflops: 40.75  [35mmfu: 4.12%[39m
[rank0]:[titan] 2026-03-17 12:11:56,754 - root - INFO - [31mstep: 2198  [32mloss:  2.6408  [38;2;180;60;0mgrad_norm:  0.9931  [38;2;54;234;195mmemory: 72.92GiB(91.79%)  [34mtps: 841  [36mtflops: 40.52  [35mmfu: 4.10%[39m
[rank0]:[titan] 2026-03-17 12:11:59,177 - root - INFO - [31mstep: 2199  [32mloss:  2.6688  [38;2;180;60;0mgrad_norm:  1.0898  [38;2;54;234;195mmemory: 72.92GiB(91.79%)  [34mtps: 845  [36mtflops: 40.73  [35mmfu: 4.12%[39m
[rank0]:[titan] 2026-03-17 12:12:01,599 - root - INFO - [31mstep: 2200  [32mloss:  2.6924  [38;2;180;60;0mgrad_norm:  1.2398  [38;2;54;234;195mmemory: 72.92GiB(91.79%)  [34mtps: 846  [36mtflops: 40.77  [35mmfu: 4.12%[39m
[rank0]:[titan] 2026-03-17 12:12:04,024 - root - INFO - [31mstep: 2201  [32mloss:  2.6714  [38;2;180;60;0mgrad_norm:  1.2555  [38;2;54;234;195mmemory: 72.92GiB(91.79%)  [34mtps: 845  [36mtflops: 40.69  [35mmfu: 4.11%[39m
[rank0]:[titan] 2026-03-17 12:12:06,448 - root - INFO - [31mstep: 2202  [32mloss:  2.6098  [38;2;180;60;0mgrad_norm:  1.4358  [38;2;54;234;195mmemory: 72.92GiB(91.79%)  [34mtps: 845  [36mtflops: 40.72  [35mmfu: 4.12%[39m
[rank0]:[titan] 2026-03-17 12:12:08,868 - root - INFO - [31mstep: 2203  [32mloss:  2.6022  [38;2;180;60;0mgrad_norm:  1.0605  [38;2;54;234;195mmemory: 72.92GiB(91.79%)  [34mtps: 846  [36mtflops: 40.78  [35mmfu: 4.12%[39m
[rank0]:[titan] 2026-03-17 12:12:11,290 - root - INFO - [31mstep: 2204  [32mloss:  2.6113  [38;2;180;60;0mgrad_norm:  0.7681  [38;2;54;234;195mmemory: 72.92GiB(91.79%)  [34mtps: 846  [36mtflops: 40.75  [35mmfu: 4.12%[39m
[rank0]:[titan] 2026-03-17 12:12:13,715 - root - INFO - [31mstep: 2205  [32mloss:  2.6444  [38;2;180;60;0mgrad_norm:  1.1074  [38;2;54;234;195mmemory: 72.92GiB(91.79%)  [34mtps: 845  [36mtflops: 40.71  [35mmfu: 4.12%[39m
[rank0]:[titan] 2026-03-17 12:12:16,135 - root - INFO - [31mstep: 2206  [32mloss:  2.6116  [38;2;180;60;0mgrad_norm:  1.0034  [38;2;54;234;195mmemory: 72.92GiB(91.79%)  [34mtps: 846  [36mtflops: 40.77  [35mmfu: 4.12%[39m
[rank0]:[titan] 2026-03-17 12:12:18,565 - root - INFO - [31mstep: 2207  [32mloss:  2.6491  [38;2;180;60;0mgrad_norm:  0.7636  [38;2;54;234;195mmemory: 72.92GiB(91.79%)  [34mtps: 843  [36mtflops: 40.63  [35mmfu: 4.11%[39m
[rank0]:[titan] 2026-03-17 12:12:20,985 - root - INFO - [31mstep: 2208  [32mloss:  2.6369  [38;2;180;60;0mgrad_norm:  0.7901  [38;2;54;234;195mmemory: 72.92GiB(91.79%)  [34mtps: 847  [36mtflops: 40.79  [35mmfu: 4.12%[39m
[rank0]:[titan] 2026-03-17 12:12:23,415 - root - INFO - [31mstep: 2209  [32mloss:  2.6228  [38;2;180;60;0mgrad_norm:  0.8653  [38;2;54;234;195mmemory: 72.92GiB(91.79%)  [34mtps: 843  [36mtflops: 40.61  [35mmfu: 4.11%[39m
[rank0]:[titan] 2026-03-17 12:12:25,843 - root - INFO - [31mstep: 2210  [32mloss:  2.6519  [38;2;180;60;0mgrad_norm:  0.7550  [38;2;54;234;195mmemory: 72.92GiB(91.79%)  [34mtps: 844  [36mtflops: 40.65  [35mmfu: 4.11%[39m
[rank0]:[titan] 2026-03-17 12:12:28,265 - root - INFO - [31mstep: 2211  [32mloss:  2.6264  [38;2;180;60;0mgrad_norm:  0.9505  [38;2;54;234;195mmemory: 72.92GiB(91.79%)  [34mtps: 846  [36mtflops: 40.76  [35mmfu: 4.12%[39m
[rank0]:[titan] 2026-03-17 12:12:30,685 - root - INFO - [31mstep: 2212  [32mloss:  2.7527  [38;2;180;60;0mgrad_norm:  0.7675  [38;2;54;234;195mmemory: 72.92GiB(91.79%)  [34mtps: 847  [36mtflops: 40.79  [35mmfu: 4.12%[39m
[rank0]:[titan] 2026-03-17 12:12:33,105 - root - INFO - [31mstep: 2213  [32mloss:  2.7070  [38;2;180;60;0mgrad_norm:  1.0464  [38;2;54;234;195mmemory: 72.92GiB(91.79%)  [34mtps: 846  [36mtflops: 40.77  [35mmfu: 4.12%[39m
[rank0]:[titan] 2026-03-17 12:12:35,526 - root - INFO - [31mstep: 2214  [32mloss:  2.6554  [38;2;180;60;0mgrad_norm:  0.9333  [38;2;54;234;195mmemory: 72.92GiB(91.79%)  [34mtps: 846  [36mtflops: 40.77  [35mmfu: 4.12%[39m
[rank0]:[titan] 2026-03-17 12:12:37,952 - root - INFO - [31mstep: 2215  [32mloss:  2.6586  [38;2;180;60;0mgrad_norm:  1.5498  [38;2;54;234;195mmemory: 72.92GiB(91.79%)  [34mtps: 845  [36mtflops: 40.70  [35mmfu: 4.11%[39m
[rank0]:[titan] 2026-03-17 12:12:40,372 - root - INFO - [31mstep: 2216  [32mloss:  2.7145  [38;2;180;60;0mgrad_norm:  1.1539  [38;2;54;234;195mmemory: 72.92GiB(91.79%)  [34mtps: 847  [36mtflops: 40.79  [35mmfu: 4.12%[39m
[rank0]:[titan] 2026-03-17 12:12:42,803 - root - INFO - [31mstep: 2217  [32mloss:  2.6859  [38;2;180;60;0mgrad_norm:  1.0509  [38;2;54;234;195mmemory: 72.92GiB(91.79%)  [34mtps: 843  [36mtflops: 40.61  [35mmfu: 4.11%[39m
[rank0]:[titan] 2026-03-17 12:12:45,226 - root - INFO - [31mstep: 2218  [32mloss:  2.6539  [38;2;180;60;0mgrad_norm:  1.1450  [38;2;54;234;195mmemory: 72.92GiB(91.79%)  [34mtps: 845  [36mtflops: 40.73  [35mmfu: 4.12%[39m
[rank0]:[titan] 2026-03-17 12:12:47,646 - root - INFO - [31mstep: 2219  [32mloss:  2.5960  [38;2;180;60;0mgrad_norm:  1.0516  [38;2;54;234;195mmemory: 72.92GiB(91.79%)  [34mtps: 846  [36mtflops: 40.78  [35mmfu: 4.12%[39m
[rank0]:[titan] 2026-03-17 12:12:50,069 - root - INFO - [31mstep: 2220  [32mloss:  2.6614  [38;2;180;60;0mgrad_norm:  0.8895  [38;2;54;234;195mmemory: 72.92GiB(91.79%)  [34mtps: 846  [36mtflops: 40.74  [35mmfu: 4.12%[39m
[rank0]:[titan] 2026-03-17 12:12:52,488 - root - INFO - [31mstep: 2221  [32mloss:  2.6297  [38;2;180;60;0mgrad_norm:  1.0941  [38;2;54;234;195mmemory: 72.92GiB(91.79%)  [34mtps: 847  [36mtflops: 40.80  [35mmfu: 4.13%[39m
[rank0]:[titan] 2026-03-17 12:12:54,910 - root - INFO - [31mstep: 2222  [32mloss:  2.6973  [38;2;180;60;0mgrad_norm:  0.8494  [38;2;54;234;195mmemory: 72.92GiB(91.79%)  [34mtps: 846  [36mtflops: 40.75  [35mmfu: 4.12%[39m
[rank0]:[titan] 2026-03-17 12:12:57,331 - root - INFO - [31mstep: 2223  [32mloss:  2.6845  [38;2;180;60;0mgrad_norm:  0.7441  [38;2;54;234;195mmemory: 72.92GiB(91.79%)  [34mtps: 846  [36mtflops: 40.77  [35mmfu: 4.12%[39m
[rank0]:[titan] 2026-03-17 12:12:59,753 - root - INFO - [31mstep: 2224  [32mloss:  2.6671  [38;2;180;60;0mgrad_norm:  0.7235  [38;2;54;234;195mmemory: 72.92GiB(91.79%)  [34mtps: 846  [36mtflops: 40.76  [35mmfu: 4.12%[39m
[rank0]:[titan] 2026-03-17 12:13:02,179 - root - INFO - [31mstep: 2225  [32mloss:  2.6435  [38;2;180;60;0mgrad_norm:  0.8093  [38;2;54;234;195mmemory: 72.92GiB(91.79%)  [34mtps: 844  [36mtflops: 40.67  [35mmfu: 4.11%[39m
[rank0]:[titan] 2026-03-17 12:13:04,600 - root - INFO - [31mstep: 2226  [32mloss:  2.6726  [38;2;180;60;0mgrad_norm:  0.7065  [38;2;54;234;195mmemory: 72.92GiB(91.79%)  [34mtps: 846  [36mtflops: 40.78  [35mmfu: 4.12%[39m
[rank0]:[titan] 2026-03-17 12:13:07,029 - root - INFO - [31mstep: 2227  [32mloss:  2.6418  [38;2;180;60;0mgrad_norm:  1.0050  [38;2;54;234;195mmemory: 72.92GiB(91.79%)  [34mtps: 843  [36mtflops: 40.63  [35mmfu: 4.11%[39m
[rank0]:[titan] 2026-03-17 12:13:09,454 - root - INFO - [31mstep: 2228  [32mloss:  2.6089  [38;2;180;60;0mgrad_norm:  1.0674  [38;2;54;234;195mmemory: 72.92GiB(91.79%)  [34mtps: 845  [36mtflops: 40.71  [35mmfu: 4.12%[39m
[rank0]:[titan] 2026-03-17 12:13:11,875 - root - INFO - [31mstep: 2229  [32mloss:  2.6122  [38;2;180;60;0mgrad_norm:  0.9126  [38;2;54;234;195mmemory: 72.92GiB(91.79%)  [34mtps: 846  [36mtflops: 40.76  [35mmfu: 4.12%[39m
[rank0]:[titan] 2026-03-17 12:13:14,297 - root - INFO - [31mstep: 2230  [32mloss:  2.6333  [38;2;180;60;0mgrad_norm:  0.7984  [38;2;54;234;195mmemory: 72.92GiB(91.79%)  [34mtps: 846  [36mtflops: 40.75  [35mmfu: 4.12%[39m
[rank0]:[titan] 2026-03-17 12:13:16,717 - root - INFO - [31mstep: 2231  [32mloss:  2.6433  [38;2;180;60;0mgrad_norm:  0.9013  [38;2;54;234;195mmemory: 72.92GiB(91.79%)  [34mtps: 847  [36mtflops: 40.79  [35mmfu: 4.12%[39m
[rank0]:[titan] 2026-03-17 12:13:19,139 - root - INFO - [31mstep: 2232  [32mloss:  2.6451  [38;2;180;60;0mgrad_norm:  0.6633  [38;2;54;234;195mmemory: 72.92GiB(91.79%)  [34mtps: 846  [36mtflops: 40.74  [35mmfu: 4.12%[39m
[rank0]:[titan] 2026-03-17 12:13:21,560 - root - INFO - [31mstep: 2233  [32mloss:  2.6723  [38;2;180;60;0mgrad_norm:  0.9075  [38;2;54;234;195mmemory: 72.92GiB(91.79%)  [34mtps: 846  [36mtflops: 40.77  [35mmfu: 4.12%[39m
[rank0]:[titan] 2026-03-17 12:13:23,984 - root - INFO - [31mstep: 2234  [32mloss:  2.6718  [38;2;180;60;0mgrad_norm:  0.7805  [38;2;54;234;195mmemory: 72.92GiB(91.79%)  [34mtps: 845  [36mtflops: 40.73  [35mmfu: 4.12%[39m
[rank0]:[titan] 2026-03-17 12:13:26,405 - root - INFO - [31mstep: 2235  [32mloss:  2.6800  [38;2;180;60;0mgrad_norm:  1.4051  [38;2;54;234;195mmemory: 72.92GiB(91.79%)  [34mtps: 846  [36mtflops: 40.76  [35mmfu: 4.12%[39m
[rank0]:[titan] 2026-03-17 12:13:28,863 - root - INFO - [31mstep: 2236  [32mloss:  2.6614  [38;2;180;60;0mgrad_norm:  1.1564  [38;2;54;234;195mmemory: 72.92GiB(91.79%)  [34mtps: 833  [36mtflops: 40.15  [35mmfu: 4.06%[39m
[rank0]:[titan] 2026-03-17 12:13:31,284 - root - INFO - [31mstep: 2237  [32mloss:  2.6316  [38;2;180;60;0mgrad_norm:  0.9339  [38;2;54;234;195mmemory: 72.92GiB(91.79%)  [34mtps: 846  [36mtflops: 40.78  [35mmfu: 4.12%[39m
[rank0]:[titan] 2026-03-17 12:13:33,712 - root - INFO - [31mstep: 2238  [32mloss:  2.6428  [38;2;180;60;0mgrad_norm:  0.9776  [38;2;54;234;195mmemory: 72.92GiB(91.79%)  [34mtps: 844  [36mtflops: 40.64  [35mmfu: 4.11%[39m
[rank0]:[titan] 2026-03-17 12:13:36,133 - root - INFO - [31mstep: 2239  [32mloss:  2.6634  [38;2;180;60;0mgrad_norm:  0.9114  [38;2;54;234;195mmemory: 72.92GiB(91.79%)  [34mtps: 846  [36mtflops: 40.77  [35mmfu: 4.12%[39m
[rank0]:[titan] 2026-03-17 12:13:38,552 - root - INFO - [31mstep: 2240  [32mloss:  2.6697  [38;2;180;60;0mgrad_norm:  0.9123  [38;2;54;234;195mmemory: 72.92GiB(91.79%)  [34mtps: 847  [36mtflops: 40.80  [35mmfu: 4.13%[39m
[rank0]:[titan] 2026-03-17 12:13:40,976 - root - INFO - [31mstep: 2241  [32mloss:  2.6610  [38;2;180;60;0mgrad_norm:  1.0206  [38;2;54;234;195mmemory: 72.92GiB(91.79%)  [34mtps: 845  [36mtflops: 40.72  [35mmfu: 4.12%[39m
[rank0]:[titan] 2026-03-17 12:13:43,395 - root - INFO - [31mstep: 2242  [32mloss:  2.7227  [38;2;180;60;0mgrad_norm:  1.2041  [38;2;54;234;195mmemory: 72.92GiB(91.79%)  [34mtps: 847  [36mtflops: 40.80  [35mmfu: 4.13%[39m
[rank0]:[titan] 2026-03-17 12:13:45,814 - root - INFO - [31mstep: 2243  [32mloss:  2.7300  [38;2;180;60;0mgrad_norm:  0.9665  [38;2;54;234;195mmemory: 72.92GiB(91.79%)  [34mtps: 847  [36mtflops: 40.81  [35mmfu: 4.13%[39m
[rank0]:[titan] 2026-03-17 12:13:48,236 - root - INFO - [31mstep: 2244  [32mloss:  2.7029  [38;2;180;60;0mgrad_norm:  1.1401  [38;2;54;234;195mmemory: 72.92GiB(91.79%)  [34mtps: 846  [36mtflops: 40.74  [35mmfu: 4.12%[39m
[rank0]:[titan] 2026-03-17 12:13:50,656 - root - INFO - [31mstep: 2245  [32mloss:  2.6909  [38;2;180;60;0mgrad_norm:  1.7084  [38;2;54;234;195mmemory: 72.92GiB(91.79%)  [34mtps: 847  [36mtflops: 40.80  [35mmfu: 4.12%[39m
[rank0]:[titan] 2026-03-17 12:13:53,082 - root - INFO - [31mstep: 2246  [32mloss:  2.6831  [38;2;180;60;0mgrad_norm:  1.7094  [38;2;54;234;195mmemory: 72.92GiB(91.79%)  [34mtps: 844  [36mtflops: 40.69  [35mmfu: 4.11%[39m
[rank0]:[titan] 2026-03-17 12:13:55,503 - root - INFO - [31mstep: 2247  [32mloss:  2.6737  [38;2;180;60;0mgrad_norm:  1.3169  [38;2;54;234;195mmemory: 72.92GiB(91.79%)  [34mtps: 846  [36mtflops: 40.76  [35mmfu: 4.12%[39m
[rank0]:[titan] 2026-03-17 12:13:57,927 - root - INFO - [31mstep: 2248  [32mloss:  2.6457  [38;2;180;60;0mgrad_norm:  1.0382  [38;2;54;234;195mmemory: 72.92GiB(91.79%)  [34mtps: 845  [36mtflops: 40.72  [35mmfu: 4.12%[39m
[rank0]:[titan] 2026-03-17 12:14:00,351 - root - INFO - [31mstep: 2249  [32mloss:  2.6454  [38;2;180;60;0mgrad_norm:  1.1684  [38;2;54;234;195mmemory: 72.92GiB(91.79%)  [34mtps: 845  [36mtflops: 40.72  [35mmfu: 4.12%[39m
[rank0]:[titan] 2026-03-17 12:14:02,772 - root - INFO - [31mstep: 2250  [32mloss:  2.6187  [38;2;180;60;0mgrad_norm:  1.4097  [38;2;54;234;195mmemory: 72.92GiB(91.79%)  [34mtps: 846  [36mtflops: 40.77  [35mmfu: 4.12%[39m
[rank0]:[titan] 2026-03-17 12:14:05,195 - root - INFO - [31mstep: 2251  [32mloss:  2.6926  [38;2;180;60;0mgrad_norm:  1.8704  [38;2;54;234;195mmemory: 72.92GiB(91.79%)  [34mtps: 845  [36mtflops: 40.74  [35mmfu: 4.12%[39m
[rank0]:[titan] 2026-03-17 12:14:07,616 - root - INFO - [31mstep: 2252  [32mloss:  2.6641  [38;2;180;60;0mgrad_norm:  1.5154  [38;2;54;234;195mmemory: 72.92GiB(91.79%)  [34mtps: 846  [36mtflops: 40.76  [35mmfu: 4.12%[39m
[rank0]:[titan] 2026-03-17 12:14:10,039 - root - INFO - [31mstep: 2253  [32mloss:  2.6378  [38;2;180;60;0mgrad_norm:  1.2335  [38;2;54;234;195mmemory: 72.92GiB(91.79%)  [34mtps: 845  [36mtflops: 40.73  [35mmfu: 4.12%[39m
[rank0]:[titan] 2026-03-17 12:14:12,459 - root - INFO - [31mstep: 2254  [32mloss:  2.6709  [38;2;180;60;0mgrad_norm:  1.4723  [38;2;54;234;195mmemory: 72.92GiB(91.79%)  [34mtps: 847  [36mtflops: 40.79  [35mmfu: 4.12%[39m
[rank0]:[titan] 2026-03-17 12:14:14,883 - root - INFO - [31mstep: 2255  [32mloss:  2.6952  [38;2;180;60;0mgrad_norm:  1.2871  [38;2;54;234;195mmemory: 72.92GiB(91.79%)  [34mtps: 845  [36mtflops: 40.72  [35mmfu: 4.12%[39m
[rank0]:[titan] 2026-03-17 12:14:17,305 - root - INFO - [31mstep: 2256  [32mloss:  2.7358  [38;2;180;60;0mgrad_norm:  1.2535  [38;2;54;234;195mmemory: 72.92GiB(91.79%)  [34mtps: 846  [36mtflops: 40.75  [35mmfu: 4.12%[39m
[rank0]:[titan] 2026-03-17 12:14:19,727 - root - INFO - [31mstep: 2257  [32mloss:  2.6462  [38;2;180;60;0mgrad_norm:  1.2285  [38;2;54;234;195mmemory: 72.92GiB(91.79%)  [34mtps: 846  [36mtflops: 40.75  [35mmfu: 4.12%[39m
[rank0]:[titan] 2026-03-17 12:14:22,150 - root - INFO - [31mstep: 2258  [32mloss:  2.6740  [38;2;180;60;0mgrad_norm:  1.3501  [38;2;54;234;195mmemory: 72.92GiB(91.79%)  [34mtps: 845  [36mtflops: 40.73  [35mmfu: 4.12%[39m
[rank0]:[titan] 2026-03-17 12:14:24,572 - root - INFO - [31mstep: 2259  [32mloss:  2.6452  [38;2;180;60;0mgrad_norm:  1.0820  [38;2;54;234;195mmemory: 72.92GiB(91.79%)  [34mtps: 846  [36mtflops: 40.76  [35mmfu: 4.12%[39m
[rank0]:[titan] 2026-03-17 12:14:26,993 - root - INFO - [31mstep: 2260  [32mloss:  2.7182  [38;2;180;60;0mgrad_norm:  0.8663  [38;2;54;234;195mmemory: 72.92GiB(91.79%)  [34mtps: 846  [36mtflops: 40.76  [35mmfu: 4.12%[39m
[rank0]:[titan] 2026-03-17 12:14:29,417 - root - INFO - [31mstep: 2261  [32mloss:  2.7288  [38;2;180;60;0mgrad_norm:  1.5030  [38;2;54;234;195mmemory: 72.92GiB(91.79%)  [34mtps: 845  [36mtflops: 40.73  [35mmfu: 4.12%[39m
[rank0]:[titan] 2026-03-17 12:14:31,843 - root - INFO - [31mstep: 2262  [32mloss:  2.7084  [38;2;180;60;0mgrad_norm:  1.9610  [38;2;54;234;195mmemory: 72.92GiB(91.79%)  [34mtps: 844  [36mtflops: 40.68  [35mmfu: 4.11%[39m
[rank0]:[titan] 2026-03-17 12:14:34,263 - root - INFO - [31mstep: 2263  [32mloss:  2.7151  [38;2;180;60;0mgrad_norm:  1.8043  [38;2;54;234;195mmemory: 72.92GiB(91.79%)  [34mtps: 846  [36mtflops: 40.79  [35mmfu: 4.12%[39m
[rank0]:[titan] 2026-03-17 12:14:36,702 - root - INFO - [31mstep: 2264  [32mloss:  2.7026  [38;2;180;60;0mgrad_norm:  1.0334  [38;2;54;234;195mmemory: 72.92GiB(91.79%)  [34mtps: 840  [36mtflops: 40.46  [35mmfu: 4.09%[39m
[rank0]:[titan] 2026-03-17 12:14:39,129 - root - INFO - [31mstep: 2265  [32mloss:  2.6865  [38;2;180;60;0mgrad_norm:  0.8678  [38;2;54;234;195mmemory: 72.92GiB(91.79%)  [34mtps: 844  [36mtflops: 40.67  [35mmfu: 4.11%[39m
[rank0]:[titan] 2026-03-17 12:14:41,548 - root - INFO - [31mstep: 2266  [32mloss:  2.6733  [38;2;180;60;0mgrad_norm:  1.4287  [38;2;54;234;195mmemory: 72.92GiB(91.79%)  [34mtps: 847  [36mtflops: 40.80  [35mmfu: 4.13%[39m
[rank0]:[titan] 2026-03-17 12:14:43,973 - root - INFO - [31mstep: 2267  [32mloss:  2.6188  [38;2;180;60;0mgrad_norm:  1.5564  [38;2;54;234;195mmemory: 72.92GiB(91.79%)  [34mtps: 845  [36mtflops: 40.71  [35mmfu: 4.12%[39m
[rank0]:[titan] 2026-03-17 12:14:46,394 - root - INFO - [31mstep: 2268  [32mloss:  2.6847  [38;2;180;60;0mgrad_norm:  1.4785  [38;2;54;234;195mmemory: 72.92GiB(91.79%)  [34mtps: 846  [36mtflops: 40.77  [35mmfu: 4.12%[39m
[rank0]:[titan] 2026-03-17 12:14:48,813 - root - INFO - [31mstep: 2269  [32mloss:  2.6651  [38;2;180;60;0mgrad_norm:  1.1131  [38;2;54;234;195mmemory: 72.92GiB(91.79%)  [34mtps: 847  [36mtflops: 40.79  [35mmfu: 4.12%[39m
[rank0]:[titan] 2026-03-17 12:14:51,234 - root - INFO - [31mstep: 2270  [32mloss:  2.6516  [38;2;180;60;0mgrad_norm:  0.9616  [38;2;54;234;195mmemory: 72.92GiB(91.79%)  [34mtps: 846  [36mtflops: 40.77  [35mmfu: 4.12%[39m
[rank0]:[titan] 2026-03-17 12:14:53,656 - root - INFO - [31mstep: 2271  [32mloss:  2.6466  [38;2;180;60;0mgrad_norm:  1.1570  [38;2;54;234;195mmemory: 72.92GiB(91.79%)  [34mtps: 846  [36mtflops: 40.76  [35mmfu: 4.12%[39m
[rank0]:[titan] 2026-03-17 12:14:56,081 - root - INFO - [31mstep: 2272  [32mloss:  2.6524  [38;2;180;60;0mgrad_norm:  1.1643  [38;2;54;234;195mmemory: 72.92GiB(91.79%)  [34mtps: 845  [36mtflops: 40.70  [35mmfu: 4.12%[39m
[rank0]:[titan] 2026-03-17 12:14:58,501 - root - INFO - [31mstep: 2273  [32mloss:  2.6211  [38;2;180;60;0mgrad_norm:  1.3812  [38;2;54;234;195mmemory: 72.92GiB(91.79%)  [34mtps: 846  [36mtflops: 40.78  [35mmfu: 4.12%[39m
[rank0]:[titan] 2026-03-17 12:15:00,923 - root - INFO - [31mstep: 2274  [32mloss:  2.6137  [38;2;180;60;0mgrad_norm:  1.0726  [38;2;54;234;195mmemory: 72.92GiB(91.79%)  [34mtps: 846  [36mtflops: 40.75  [35mmfu: 4.12%[39m
[rank0]:[titan] 2026-03-17 12:15:03,347 - root - INFO - [31mstep: 2275  [32mloss:  2.6707  [38;2;180;60;0mgrad_norm:  1.0669  [38;2;54;234;195mmemory: 72.92GiB(91.79%)  [34mtps: 845  [36mtflops: 40.72  [35mmfu: 4.12%[39m
[rank0]:[titan] 2026-03-17 12:15:05,768 - root - INFO - [31mstep: 2276  [32mloss:  2.6136  [38;2;180;60;0mgrad_norm:  1.1319  [38;2;54;234;195mmemory: 72.92GiB(91.79%)  [34mtps: 846  [36mtflops: 40.76  [35mmfu: 4.12%[39m
[rank0]:[titan] 2026-03-17 12:15:08,193 - root - INFO - [31mstep: 2277  [32mloss:  2.6805  [38;2;180;60;0mgrad_norm:  1.1653  [38;2;54;234;195mmemory: 72.92GiB(91.79%)  [34mtps: 845  [36mtflops: 40.71  [35mmfu: 4.12%[39m
[rank0]:[titan] 2026-03-17 12:15:10,637 - root - INFO - [31mstep: 2278  [32mloss:  2.6743  [38;2;180;60;0mgrad_norm:  0.7612  [38;2;54;234;195mmemory: 72.92GiB(91.79%)  [34mtps: 838  [36mtflops: 40.38  [35mmfu: 4.08%[39m
[rank0]:[titan] 2026-03-17 12:15:13,060 - root - INFO - [31mstep: 2279  [32mloss:  2.6215  [38;2;180;60;0mgrad_norm:  1.6342  [38;2;54;234;195mmemory: 72.92GiB(91.79%)  [34mtps: 845  [36mtflops: 40.73  [35mmfu: 4.12%[39m
[rank0]:[titan] 2026-03-17 12:15:15,483 - root - INFO - [31mstep: 2280  [32mloss:  2.6270  [38;2;180;60;0mgrad_norm:  1.1320  [38;2;54;234;195mmemory: 72.92GiB(91.79%)  [34mtps: 845  [36mtflops: 40.73  [35mmfu: 4.12%[39m
[rank0]:[titan] 2026-03-17 12:15:17,904 - root - INFO - [31mstep: 2281  [32mloss:  2.6181  [38;2;180;60;0mgrad_norm:  0.9799  [38;2;54;234;195mmemory: 72.92GiB(91.79%)  [34mtps: 846  [36mtflops: 40.78  [35mmfu: 4.12%[39m
[rank0]:[titan] 2026-03-17 12:15:20,326 - root - INFO - [31mstep: 2282  [32mloss:  2.6177  [38;2;180;60;0mgrad_norm:  0.9695  [38;2;54;234;195mmemory: 72.92GiB(91.79%)  [34mtps: 846  [36mtflops: 40.75  [35mmfu: 4.12%[39m
[rank0]:[titan] 2026-03-17 12:15:22,751 - root - INFO - [31mstep: 2283  [32mloss:  2.6208  [38;2;180;60;0mgrad_norm:  1.4111  [38;2;54;234;195mmemory: 72.92GiB(91.79%)  [34mtps: 845  [36mtflops: 40.70  [35mmfu: 4.12%[39m
[rank0]:[titan] 2026-03-17 12:15:25,174 - root - INFO - [31mstep: 2284  [32mloss:  2.6508  [38;2;180;60;0mgrad_norm:  1.8239  [38;2;54;234;195mmemory: 72.92GiB(91.79%)  [34mtps: 845  [36mtflops: 40.73  [35mmfu: 4.12%[39m
[rank0]:[titan] 2026-03-17 12:15:27,598 - root - INFO - [31mstep: 2285  [32mloss:  2.6344  [38;2;180;60;0mgrad_norm:  1.1265  [38;2;54;234;195mmemory: 72.92GiB(91.79%)  [34mtps: 845  [36mtflops: 40.73  [35mmfu: 4.12%[39m
[rank0]:[titan] 2026-03-17 12:15:30,018 - root - INFO - [31mstep: 2286  [32mloss:  2.6136  [38;2;180;60;0mgrad_norm:  1.0053  [38;2;54;234;195mmemory: 72.92GiB(91.79%)  [34mtps: 847  [36mtflops: 40.81  [35mmfu: 4.13%[39m
[rank0]:[titan] 2026-03-17 12:15:32,442 - root - INFO - [31mstep: 2287  [32mloss:  2.6826  [38;2;180;60;0mgrad_norm:  1.1532  [38;2;54;234;195mmemory: 72.92GiB(91.79%)  [34mtps: 845  [36mtflops: 40.72  [35mmfu: 4.12%[39m
[rank0]:[titan] 2026-03-17 12:15:34,866 - root - INFO - [31mstep: 2288  [32mloss:  2.6943  [38;2;180;60;0mgrad_norm:  1.0768  [38;2;54;234;195mmemory: 72.92GiB(91.79%)  [34mtps: 845  [36mtflops: 40.72  [35mmfu: 4.12%[39m
[rank0]:[titan] 2026-03-17 12:15:37,293 - root - INFO - [31mstep: 2289  [32mloss:  2.6217  [38;2;180;60;0mgrad_norm:  0.7424  [38;2;54;234;195mmemory: 72.92GiB(91.79%)  [34mtps: 844  [36mtflops: 40.66  [35mmfu: 4.11%[39m
[rank0]:[titan] 2026-03-17 12:15:39,715 - root - INFO - [31mstep: 2290  [32mloss:  2.7275  [38;2;180;60;0mgrad_norm:  0.8813  [38;2;54;234;195mmemory: 72.92GiB(91.79%)  [34mtps: 846  [36mtflops: 40.75  [35mmfu: 4.12%[39m
[rank0]:[titan] 2026-03-17 12:15:42,136 - root - INFO - [31mstep: 2291  [32mloss:  2.6605  [38;2;180;60;0mgrad_norm:  0.9867  [38;2;54;234;195mmemory: 72.92GiB(91.79%)  [34mtps: 846  [36mtflops: 40.78  [35mmfu: 4.12%[39m
[rank0]:[titan] 2026-03-17 12:15:44,559 - root - INFO - [31mstep: 2292  [32mloss:  2.7125  [38;2;180;60;0mgrad_norm:  0.9312  [38;2;54;234;195mmemory: 72.92GiB(91.79%)  [34mtps: 845  [36mtflops: 40.73  [35mmfu: 4.12%[39m
[rank0]:[titan] 2026-03-17 12:15:46,987 - root - INFO - [31mstep: 2293  [32mloss:  2.6993  [38;2;180;60;0mgrad_norm:  1.0204  [38;2;54;234;195mmemory: 72.92GiB(91.79%)  [34mtps: 844  [36mtflops: 40.65  [35mmfu: 4.11%[39m
[rank0]:[titan] 2026-03-17 12:15:49,409 - root - INFO - [31mstep: 2294  [32mloss:  2.6694  [38;2;180;60;0mgrad_norm:  0.8508  [38;2;54;234;195mmemory: 72.92GiB(91.79%)  [34mtps: 846  [36mtflops: 40.76  [35mmfu: 4.12%[39m
[rank0]:[titan] 2026-03-17 12:15:51,836 - root - INFO - [31mstep: 2295  [32mloss:  2.7207  [38;2;180;60;0mgrad_norm:  0.9222  [38;2;54;234;195mmemory: 72.92GiB(91.79%)  [34mtps: 844  [36mtflops: 40.66  [35mmfu: 4.11%[39m
[rank0]:[titan] 2026-03-17 12:15:54,264 - root - INFO - [31mstep: 2296  [32mloss:  2.6880  [38;2;180;60;0mgrad_norm:  1.0120  [38;2;54;234;195mmemory: 72.92GiB(91.79%)  [34mtps: 844  [36mtflops: 40.66  [35mmfu: 4.11%[39m
[rank0]:[titan] 2026-03-17 12:15:56,687 - root - INFO - [31mstep: 2297  [32mloss:  2.6879  [38;2;180;60;0mgrad_norm:  0.9357  [38;2;54;234;195mmemory: 72.92GiB(91.79%)  [34mtps: 845  [36mtflops: 40.74  [35mmfu: 4.12%[39m
[rank0]:[titan] 2026-03-17 12:15:59,108 - root - INFO - [31mstep: 2298  [32mloss:  2.7957  [38;2;180;60;0mgrad_norm:  0.9432  [38;2;54;234;195mmemory: 72.92GiB(91.79%)  [34mtps: 846  [36mtflops: 40.77  [35mmfu: 4.12%[39m
[rank0]:[titan] 2026-03-17 12:16:01,530 - root - INFO - [31mstep: 2299  [32mloss:  2.7074  [38;2;180;60;0mgrad_norm:  0.8638  [38;2;54;234;195mmemory: 72.92GiB(91.79%)  [34mtps: 846  [36mtflops: 40.77  [35mmfu: 4.12%[39m
[rank0]:[titan] 2026-03-17 12:16:03,960 - root - INFO - [31mstep: 2300  [32mloss:  2.6767  [38;2;180;60;0mgrad_norm:  0.9725  [38;2;54;234;195mmemory: 72.92GiB(91.79%)  [34mtps: 843  [36mtflops: 40.61  [35mmfu: 4.11%[39m
[rank0]:[titan] 2026-03-17 12:16:06,381 - root - INFO - [31mstep: 2301  [32mloss:  2.6623  [38;2;180;60;0mgrad_norm:  0.8708  [38;2;54;234;195mmemory: 72.92GiB(91.79%)  [34mtps: 846  [36mtflops: 40.77  [35mmfu: 4.12%[39m
[rank0]:[titan] 2026-03-17 12:16:08,800 - root - INFO - [31mstep: 2302  [32mloss:  2.7348  [38;2;180;60;0mgrad_norm:  1.0721  [38;2;54;234;195mmemory: 72.92GiB(91.79%)  [34mtps: 847  [36mtflops: 40.79  [35mmfu: 4.12%[39m
[rank0]:[titan] 2026-03-17 12:16:11,221 - root - INFO - [31mstep: 2303  [32mloss:  2.7242  [38;2;180;60;0mgrad_norm:  1.0488  [38;2;54;234;195mmemory: 72.92GiB(91.79%)  [34mtps: 846  [36mtflops: 40.77  [35mmfu: 4.12%[39m
[rank0]:[titan] 2026-03-17 12:16:13,642 - root - INFO - [31mstep: 2304  [32mloss:  2.6945  [38;2;180;60;0mgrad_norm:  0.9017  [38;2;54;234;195mmemory: 72.92GiB(91.79%)  [34mtps: 846  [36mtflops: 40.77  [35mmfu: 4.12%[39m
[rank0]:[titan] 2026-03-17 12:16:16,068 - root - INFO - [31mstep: 2305  [32mloss:  2.6649  [38;2;180;60;0mgrad_norm:  0.8860  [38;2;54;234;195mmemory: 72.92GiB(91.79%)  [34mtps: 844  [36mtflops: 40.68  [35mmfu: 4.11%[39m
[rank0]:[titan] 2026-03-17 12:16:18,488 - root - INFO - [31mstep: 2306  [32mloss:  2.7313  [38;2;180;60;0mgrad_norm:  1.0565  [38;2;54;234;195mmemory: 72.92GiB(91.79%)  [34mtps: 846  [36mtflops: 40.79  [35mmfu: 4.12%[39m
[rank0]:[titan] 2026-03-17 12:16:20,913 - root - INFO - [31mstep: 2307  [32mloss:  2.7061  [38;2;180;60;0mgrad_norm:  1.9986  [38;2;54;234;195mmemory: 72.92GiB(91.79%)  [34mtps: 845  [36mtflops: 40.70  [35mmfu: 4.11%[39m
[rank0]:[titan] 2026-03-17 12:16:23,338 - root - INFO - [31mstep: 2308  [32mloss:  2.7542  [38;2;180;60;0mgrad_norm:  1.3661  [38;2;54;234;195mmemory: 72.92GiB(91.79%)  [34mtps: 845  [36mtflops: 40.71  [35mmfu: 4.12%[39m
[rank0]:[titan] 2026-03-17 12:16:25,757 - root - INFO - [31mstep: 2309  [32mloss:  2.7855  [38;2;180;60;0mgrad_norm:  1.1938  [38;2;54;234;195mmemory: 72.92GiB(91.79%)  [34mtps: 847  [36mtflops: 40.80  [35mmfu: 4.13%[39m
[rank0]:[titan] 2026-03-17 12:16:28,179 - root - INFO - [31mstep: 2310  [32mloss:  2.7240  [38;2;180;60;0mgrad_norm:  1.4248  [38;2;54;234;195mmemory: 72.92GiB(91.79%)  [34mtps: 846  [36mtflops: 40.76  [35mmfu: 4.12%[39m
[rank0]:[titan] 2026-03-17 12:16:30,608 - root - INFO - [31mstep: 2311  [32mloss:  2.7118  [38;2;180;60;0mgrad_norm:  1.8302  [38;2;54;234;195mmemory: 72.92GiB(91.79%)  [34mtps: 843  [36mtflops: 40.64  [35mmfu: 4.11%[39m
[rank0]:[titan] 2026-03-17 12:16:33,031 - root - INFO - [31mstep: 2312  [32mloss:  2.7103  [38;2;180;60;0mgrad_norm:  1.4416  [38;2;54;234;195mmemory: 72.92GiB(91.79%)  [34mtps: 845  [36mtflops: 40.72  [35mmfu: 4.12%[39m
[rank0]:[titan] 2026-03-17 12:16:35,454 - root - INFO - [31mstep: 2313  [32mloss:  2.7483  [38;2;180;60;0mgrad_norm:  1.1101  [38;2;54;234;195mmemory: 72.92GiB(91.79%)  [34mtps: 846  [36mtflops: 40.74  [35mmfu: 4.12%[39m
[rank0]:[titan] 2026-03-17 12:16:37,877 - root - INFO - [31mstep: 2314  [32mloss:  2.7472  [38;2;180;60;0mgrad_norm:  1.4732  [38;2;54;234;195mmemory: 72.92GiB(91.79%)  [34mtps: 845  [36mtflops: 40.74  [35mmfu: 4.12%[39m
[rank0]:[titan] 2026-03-17 12:16:40,307 - root - INFO - [31mstep: 2315  [32mloss:  2.7392  [38;2;180;60;0mgrad_norm:  1.4830  [38;2;54;234;195mmemory: 72.92GiB(91.79%)  [34mtps: 843  [36mtflops: 40.62  [35mmfu: 4.11%[39m
[rank0]:[titan] 2026-03-17 12:16:42,726 - root - INFO - [31mstep: 2316  [32mloss:  2.7009  [38;2;180;60;0mgrad_norm:  1.6701  [38;2;54;234;195mmemory: 72.92GiB(91.79%)  [34mtps: 847  [36mtflops: 40.80  [35mmfu: 4.13%[39m
[rank0]:[titan] 2026-03-17 12:16:45,148 - root - INFO - [31mstep: 2317  [32mloss:  2.6714  [38;2;180;60;0mgrad_norm:  1.0300  [38;2;54;234;195mmemory: 72.92GiB(91.79%)  [34mtps: 846  [36mtflops: 40.76  [35mmfu: 4.12%[39m
[rank0]:[titan] 2026-03-17 12:16:47,567 - root - INFO - [31mstep: 2318  [32mloss:  2.6858  [38;2;180;60;0mgrad_norm:  1.0972  [38;2;54;234;195mmemory: 72.92GiB(91.79%)  [34mtps: 847  [36mtflops: 40.80  [35mmfu: 4.13%[39m
[rank0]:[titan] 2026-03-17 12:16:49,989 - root - INFO - [31mstep: 2319  [32mloss:  2.7105  [38;2;180;60;0mgrad_norm:  1.2446  [38;2;54;234;195mmemory: 72.92GiB(91.79%)  [34mtps: 846  [36mtflops: 40.77  [35mmfu: 4.12%[39m
[rank0]:[titan] 2026-03-17 12:16:52,417 - root - INFO - [31mstep: 2320  [32mloss:  2.7161  [38;2;180;60;0mgrad_norm:  1.3026  [38;2;54;234;195mmemory: 72.92GiB(91.79%)  [34mtps: 843  [36mtflops: 40.64  [35mmfu: 4.11%[39m
[rank0]:[titan] 2026-03-17 12:16:54,846 - root - INFO - [31mstep: 2321  [32mloss:  2.7003  [38;2;180;60;0mgrad_norm:  1.4688  [38;2;54;234;195mmemory: 72.92GiB(91.79%)  [34mtps: 843  [36mtflops: 40.64  [35mmfu: 4.11%[39m
[rank0]:[titan] 2026-03-17 12:16:57,273 - root - INFO - [31mstep: 2322  [32mloss:  2.7420  [38;2;180;60;0mgrad_norm:  1.1177  [38;2;54;234;195mmemory: 72.92GiB(91.79%)  [34mtps: 844  [36mtflops: 40.66  [35mmfu: 4.11%[39m
[rank0]:[titan] 2026-03-17 12:16:59,694 - root - INFO - [31mstep: 2323  [32mloss:  2.7192  [38;2;180;60;0mgrad_norm:  0.9597  [38;2;54;234;195mmemory: 72.92GiB(91.79%)  [34mtps: 846  [36mtflops: 40.77  [35mmfu: 4.12%[39m
[rank0]:[titan] 2026-03-17 12:17:02,122 - root - INFO - [31mstep: 2324  [32mloss:  2.6636  [38;2;180;60;0mgrad_norm:  0.8090  [38;2;54;234;195mmemory: 72.92GiB(91.79%)  [34mtps: 844  [36mtflops: 40.66  [35mmfu: 4.11%[39m
[rank0]:[titan] 2026-03-17 12:17:04,545 - root - INFO - [31mstep: 2325  [32mloss:  2.7564  [38;2;180;60;0mgrad_norm:  0.8379  [38;2;54;234;195mmemory: 72.92GiB(91.79%)  [34mtps: 845  [36mtflops: 40.74  [35mmfu: 4.12%[39m
[rank0]:[titan] 2026-03-17 12:17:04,546 - root - WARNING - Dataset c4_test is being re-looped
[rank0]:[titan] 2026-03-17 12:17:06,965 - root - INFO - [31mstep: 2326  [32mloss:  2.7810  [38;2;180;60;0mgrad_norm:  0.9324  [38;2;54;234;195mmemory: 72.92GiB(91.79%)  [34mtps: 846  [36mtflops: 40.77  [35mmfu: 4.12%[39m
[rank0]:[titan] 2026-03-17 12:17:09,386 - root - INFO - [31mstep: 2327  [32mloss:  2.7713  [38;2;180;60;0mgrad_norm:  0.8951  [38;2;54;234;195mmemory: 72.92GiB(91.79%)  [34mtps: 846  [36mtflops: 40.78  [35mmfu: 4.12%[39m
[rank0]:[titan] 2026-03-17 12:17:11,807 - root - INFO - [31mstep: 2328  [32mloss:  2.7780  [38;2;180;60;0mgrad_norm:  0.9849  [38;2;54;234;195mmemory: 72.92GiB(91.79%)  [34mtps: 846  [36mtflops: 40.76  [35mmfu: 4.12%[39m
[rank0]:[titan] 2026-03-17 12:17:14,229 - root - INFO - [31mstep: 2329  [32mloss:  2.7213  [38;2;180;60;0mgrad_norm:  1.1437  [38;2;54;234;195mmemory: 72.92GiB(91.79%)  [34mtps: 846  [36mtflops: 40.75  [35mmfu: 4.12%[39m
[rank0]:[titan] 2026-03-17 12:17:16,650 - root - INFO - [31mstep: 2330  [32mloss:  2.7324  [38;2;180;60;0mgrad_norm:  1.3815  [38;2;54;234;195mmemory: 72.92GiB(91.79%)  [34mtps: 846  [36mtflops: 40.78  [35mmfu: 4.12%[39m
[rank0]:[titan] 2026-03-17 12:17:19,075 - root - INFO - [31mstep: 2331  [32mloss:  2.7672  [38;2;180;60;0mgrad_norm:  1.6986  [38;2;54;234;195mmemory: 72.92GiB(91.79%)  [34mtps: 845  [36mtflops: 40.70  [35mmfu: 4.12%[39m
[rank0]:[titan] 2026-03-17 12:17:21,495 - root - INFO - [31mstep: 2332  [32mloss:  2.7096  [38;2;180;60;0mgrad_norm:  1.3383  [38;2;54;234;195mmemory: 72.92GiB(91.79%)  [34mtps: 847  [36mtflops: 40.79  [35mmfu: 4.12%[39m
[rank0]:[titan] 2026-03-17 12:17:23,918 - root - INFO - [31mstep: 2333  [32mloss:  2.7288  [38;2;180;60;0mgrad_norm:  1.1283  [38;2;54;234;195mmemory: 72.92GiB(91.79%)  [34mtps: 845  [36mtflops: 40.74  [35mmfu: 4.12%[39m
[rank0]:[titan] 2026-03-17 12:17:26,343 - root - INFO - [31mstep: 2334  [32mloss:  2.7186  [38;2;180;60;0mgrad_norm:  0.8840  [38;2;54;234;195mmemory: 72.92GiB(91.79%)  [34mtps: 845  [36mtflops: 40.70  [35mmfu: 4.11%[39m
[rank0]:[titan] 2026-03-17 12:17:28,762 - root - INFO - [31mstep: 2335  [32mloss:  2.7428  [38;2;180;60;0mgrad_norm:  1.2570  [38;2;54;234;195mmemory: 72.92GiB(91.79%)  [34mtps: 847  [36mtflops: 40.79  [35mmfu: 4.12%[39m
[rank0]:[titan] 2026-03-17 12:17:31,187 - root - INFO - [31mstep: 2336  [32mloss:  2.7703  [38;2;180;60;0mgrad_norm:  1.0424  [38;2;54;234;195mmemory: 72.92GiB(91.79%)  [34mtps: 845  [36mtflops: 40.71  [35mmfu: 4.12%[39m
[rank0]:[titan] 2026-03-17 12:17:33,607 - root - INFO - [31mstep: 2337  [32mloss:  2.7540  [38;2;180;60;0mgrad_norm:  0.7447  [38;2;54;234;195mmemory: 72.92GiB(91.79%)  [34mtps: 847  [36mtflops: 40.79  [35mmfu: 4.12%[39m
[rank0]:[titan] 2026-03-17 12:17:36,029 - root - INFO - [31mstep: 2338  [32mloss:  2.7335  [38;2;180;60;0mgrad_norm:  1.0748  [38;2;54;234;195mmemory: 72.92GiB(91.79%)  [34mtps: 846  [36mtflops: 40.75  [35mmfu: 4.12%[39m
[rank0]:[titan] 2026-03-17 12:17:38,453 - root - INFO - [31mstep: 2339  [32mloss:  2.7729  [38;2;180;60;0mgrad_norm:  0.9058  [38;2;54;234;195mmemory: 72.92GiB(91.79%)  [34mtps: 845  [36mtflops: 40.72  [35mmfu: 4.12%[39m
[rank0]:[titan] 2026-03-17 12:17:40,872 - root - INFO - [31mstep: 2340  [32mloss:  2.7467  [38;2;180;60;0mgrad_norm:  0.8851  [38;2;54;234;195mmemory: 72.92GiB(91.79%)  [34mtps: 847  [36mtflops: 40.80  [35mmfu: 4.13%[39m
[rank0]:[titan] 2026-03-17 12:17:43,293 - root - INFO - [31mstep: 2341  [32mloss:  2.7155  [38;2;180;60;0mgrad_norm:  1.0147  [38;2;54;234;195mmemory: 72.92GiB(91.79%)  [34mtps: 846  [36mtflops: 40.77  [35mmfu: 4.12%[39m
[rank0]:[titan] 2026-03-17 12:17:45,713 - root - INFO - [31mstep: 2342  [32mloss:  2.6723  [38;2;180;60;0mgrad_norm:  1.0470  [38;2;54;234;195mmemory: 72.92GiB(91.79%)  [34mtps: 846  [36mtflops: 40.78  [35mmfu: 4.12%[39m
[rank0]:[titan] 2026-03-17 12:17:48,135 - root - INFO - [31mstep: 2343  [32mloss:  2.6834  [38;2;180;60;0mgrad_norm:  1.1805  [38;2;54;234;195mmemory: 72.92GiB(91.79%)  [34mtps: 846  [36mtflops: 40.75  [35mmfu: 4.12%[39m
[rank0]:[titan] 2026-03-17 12:17:50,557 - root - INFO - [31mstep: 2344  [32mloss:  2.7622  [38;2;180;60;0mgrad_norm:  1.1485  [38;2;54;234;195mmemory: 72.92GiB(91.79%)  [34mtps: 846  [36mtflops: 40.76  [35mmfu: 4.12%[39m
[rank0]:[titan] 2026-03-17 12:17:52,981 - root - INFO - [31mstep: 2345  [32mloss:  2.7860  [38;2;180;60;0mgrad_norm:  1.0581  [38;2;54;234;195mmemory: 72.92GiB(91.79%)  [34mtps: 845  [36mtflops: 40.73  [35mmfu: 4.12%[39m
[rank0]:[titan] 2026-03-17 12:17:55,403 - root - INFO - [31mstep: 2346  [32mloss:  2.7685  [38;2;180;60;0mgrad_norm:  1.2531  [38;2;54;234;195mmemory: 72.92GiB(91.79%)  [34mtps: 846  [36mtflops: 40.75  [35mmfu: 4.12%[39m
[rank0]:[titan] 2026-03-17 12:17:57,825 - root - INFO - [31mstep: 2347  [32mloss:  2.7673  [38;2;180;60;0mgrad_norm:  1.4391  [38;2;54;234;195mmemory: 72.92GiB(91.79%)  [34mtps: 846  [36mtflops: 40.76  [35mmfu: 4.12%[39m
[rank0]:[titan] 2026-03-17 12:18:00,255 - root - INFO - [31mstep: 2348  [32mloss:  2.7600  [38;2;180;60;0mgrad_norm:  1.1261  [38;2;54;234;195mmemory: 72.92GiB(91.79%)  [34mtps: 843  [36mtflops: 40.61  [35mmfu: 4.11%[39m
[rank0]:[titan] 2026-03-17 12:18:02,676 - root - INFO - [31mstep: 2349  [32mloss:  2.6857  [38;2;180;60;0mgrad_norm:  1.1824  [38;2;54;234;195mmemory: 72.92GiB(91.79%)  [34mtps: 846  [36mtflops: 40.76  [35mmfu: 4.12%[39m
[rank0]:[titan] 2026-03-17 12:18:05,098 - root - INFO - [31mstep: 2350  [32mloss:  2.7732  [38;2;180;60;0mgrad_norm:  1.3341  [38;2;54;234;195mmemory: 72.92GiB(91.79%)  [34mtps: 846  [36mtflops: 40.75  [35mmfu: 4.12%[39m
[rank0]:[titan] 2026-03-17 12:18:07,521 - root - INFO - [31mstep: 2351  [32mloss:  2.7752  [38;2;180;60;0mgrad_norm:  1.1102  [38;2;54;234;195mmemory: 72.92GiB(91.79%)  [34mtps: 846  [36mtflops: 40.74  [35mmfu: 4.12%[39m
[rank0]:[titan] 2026-03-17 12:18:09,952 - root - INFO - [31mstep: 2352  [32mloss:  2.7757  [38;2;180;60;0mgrad_norm:  1.3347  [38;2;54;234;195mmemory: 72.92GiB(91.79%)  [34mtps: 843  [36mtflops: 40.60  [35mmfu: 4.11%[39m
[rank0]:[titan] 2026-03-17 12:18:12,371 - root - INFO - [31mstep: 2353  [32mloss:  2.7148  [38;2;180;60;0mgrad_norm:  1.4560  [38;2;54;234;195mmemory: 72.92GiB(91.79%)  [34mtps: 847  [36mtflops: 40.80  [35mmfu: 4.13%[39m
[rank0]:[titan] 2026-03-17 12:18:14,792 - root - INFO - [31mstep: 2354  [32mloss:  2.7556  [38;2;180;60;0mgrad_norm:  1.3312  [38;2;54;234;195mmemory: 72.92GiB(91.79%)  [34mtps: 846  [36mtflops: 40.76  [35mmfu: 4.12%[39m
[rank0]:[titan] 2026-03-17 12:18:17,212 - root - INFO - [31mstep: 2355  [32mloss:  2.7064  [38;2;180;60;0mgrad_norm:  1.4422  [38;2;54;234;195mmemory: 72.92GiB(91.79%)  [34mtps: 847  [36mtflops: 40.79  [35mmfu: 4.12%[39m
[rank0]:[titan] 2026-03-17 12:18:19,639 - root - INFO - [31mstep: 2356  [32mloss:  2.7422  [38;2;180;60;0mgrad_norm:  1.4107  [38;2;54;234;195mmemory: 72.92GiB(91.79%)  [34mtps: 844  [36mtflops: 40.67  [35mmfu: 4.11%[39m
[rank0]:[titan] 2026-03-17 12:18:22,059 - root - INFO - [31mstep: 2357  [32mloss:  2.7259  [38;2;180;60;0mgrad_norm:  1.2986  [38;2;54;234;195mmemory: 72.92GiB(91.79%)  [34mtps: 846  [36mtflops: 40.77  [35mmfu: 4.12%[39m
[rank0]:[titan] 2026-03-17 12:18:24,481 - root - INFO - [31mstep: 2358  [32mloss:  2.7142  [38;2;180;60;0mgrad_norm:  1.0442  [38;2;54;234;195mmemory: 72.92GiB(91.79%)  [34mtps: 846  [36mtflops: 40.77  [35mmfu: 4.12%[39m
[rank0]:[titan] 2026-03-17 12:18:26,913 - root - INFO - [31mstep: 2359  [32mloss:  2.6907  [38;2;180;60;0mgrad_norm:  1.3966  [38;2;54;234;195mmemory: 72.92GiB(91.79%)  [34mtps: 842  [36mtflops: 40.58  [35mmfu: 4.10%[39m
[rank0]:[titan] 2026-03-17 12:18:29,333 - root - INFO - [31mstep: 2360  [32mloss:  2.7030  [38;2;180;60;0mgrad_norm:  1.2897  [38;2;54;234;195mmemory: 72.92GiB(91.79%)  [34mtps: 846  [36mtflops: 40.78  [35mmfu: 4.12%[39m
[rank0]:[titan] 2026-03-17 12:18:31,759 - root - INFO - [31mstep: 2361  [32mloss:  2.6800  [38;2;180;60;0mgrad_norm:  1.2036  [38;2;54;234;195mmemory: 72.92GiB(91.79%)  [34mtps: 844  [36mtflops: 40.68  [35mmfu: 4.11%[39m
[rank0]:[titan] 2026-03-17 12:18:34,181 - root - INFO - [31mstep: 2362  [32mloss:  2.6941  [38;2;180;60;0mgrad_norm:  1.0318  [38;2;54;234;195mmemory: 72.92GiB(91.79%)  [34mtps: 846  [36mtflops: 40.76  [35mmfu: 4.12%[39m
[rank0]:[titan] 2026-03-17 12:18:36,606 - root - INFO - [31mstep: 2363  [32mloss:  2.6940  [38;2;180;60;0mgrad_norm:  1.0204  [38;2;54;234;195mmemory: 72.92GiB(91.79%)  [34mtps: 845  [36mtflops: 40.70  [35mmfu: 4.12%[39m
[rank0]:[titan] 2026-03-17 12:18:39,025 - root - INFO - [31mstep: 2364  [32mloss:  2.6758  [38;2;180;60;0mgrad_norm:  1.1434  [38;2;54;234;195mmemory: 72.92GiB(91.79%)  [34mtps: 847  [36mtflops: 40.80  [35mmfu: 4.13%[39m
[rank0]:[titan] 2026-03-17 12:18:41,452 - root - INFO - [31mstep: 2365  [32mloss:  2.7278  [38;2;180;60;0mgrad_norm:  1.0549  [38;2;54;234;195mmemory: 72.92GiB(91.79%)  [34mtps: 844  [36mtflops: 40.68  [35mmfu: 4.11%[39m
[rank0]:[titan] 2026-03-17 12:18:43,871 - root - INFO - [31mstep: 2366  [32mloss:  2.7532  [38;2;180;60;0mgrad_norm:  1.1044  [38;2;54;234;195mmemory: 72.92GiB(91.79%)  [34mtps: 847  [36mtflops: 40.79  [35mmfu: 4.12%[39m
[rank0]:[titan] 2026-03-17 12:18:46,292 - root - INFO - [31mstep: 2367  [32mloss:  2.7090  [38;2;180;60;0mgrad_norm:  0.9436  [38;2;54;234;195mmemory: 72.92GiB(91.79%)  [34mtps: 846  [36mtflops: 40.77  [35mmfu: 4.12%[39m
[rank0]:[titan] 2026-03-17 12:18:48,711 - root - INFO - [31mstep: 2368  [32mloss:  2.7375  [38;2;180;60;0mgrad_norm:  0.9230  [38;2;54;234;195mmemory: 72.92GiB(91.79%)  [34mtps: 847  [36mtflops: 40.80  [35mmfu: 4.13%[39m
[rank0]:[titan] 2026-03-17 12:18:51,149 - root - INFO - [31mstep: 2369  [32mloss:  2.7460  [38;2;180;60;0mgrad_norm:  0.8653  [38;2;54;234;195mmemory: 72.92GiB(91.79%)  [34mtps: 841  [36mtflops: 40.50  [35mmfu: 4.09%[39m
[rank0]:[titan] 2026-03-17 12:18:53,573 - root - INFO - [31mstep: 2370  [32mloss:  2.7461  [38;2;180;60;0mgrad_norm:  0.8197  [38;2;54;234;195mmemory: 72.92GiB(91.79%)  [34mtps: 845  [36mtflops: 40.72  [35mmfu: 4.12%[39m
[rank0]:[titan] 2026-03-17 12:18:55,996 - root - INFO - [31mstep: 2371  [32mloss:  2.7389  [38;2;180;60;0mgrad_norm:  1.1641  [38;2;54;234;195mmemory: 72.92GiB(91.79%)  [34mtps: 845  [36mtflops: 40.73  [35mmfu: 4.12%[39m
[rank0]:[titan] 2026-03-17 12:18:58,438 - root - INFO - [31mstep: 2372  [32mloss:  2.7152  [38;2;180;60;0mgrad_norm:  1.0082  [38;2;54;234;195mmemory: 72.92GiB(91.79%)  [34mtps: 840  [36mtflops: 40.49  [35mmfu: 4.09%[39m
[rank0]:[titan] 2026-03-17 12:19:00,859 - root - INFO - [31mstep: 2373  [32mloss:  2.7356  [38;2;180;60;0mgrad_norm:  1.2752  [38;2;54;234;195mmemory: 72.92GiB(91.79%)  [34mtps: 847  [36mtflops: 40.82  [35mmfu: 4.13%[39m
[rank0]:[titan] 2026-03-17 12:19:03,282 - root - INFO - [31mstep: 2374  [32mloss:  2.7598  [38;2;180;60;0mgrad_norm:  1.1786  [38;2;54;234;195mmemory: 72.92GiB(91.79%)  [34mtps: 846  [36mtflops: 40.74  [35mmfu: 4.12%[39m
[rank0]:[titan] 2026-03-17 12:19:05,703 - root - INFO - [31mstep: 2375  [32mloss:  2.7446  [38;2;180;60;0mgrad_norm:  1.1809  [38;2;54;234;195mmemory: 72.92GiB(91.79%)  [34mtps: 846  [36mtflops: 40.77  [35mmfu: 4.12%[39m
[rank0]:[titan] 2026-03-17 12:19:08,124 - root - INFO - [31mstep: 2376  [32mloss:  2.6707  [38;2;180;60;0mgrad_norm:  0.7569  [38;2;54;234;195mmemory: 72.92GiB(91.79%)  [34mtps: 846  [36mtflops: 40.76  [35mmfu: 4.12%[39m
[rank0]:[titan] 2026-03-17 12:19:10,547 - root - INFO - [31mstep: 2377  [32mloss:  2.6969  [38;2;180;60;0mgrad_norm:  1.1380  [38;2;54;234;195mmemory: 72.92GiB(91.79%)  [34mtps: 846  [36mtflops: 40.74  [35mmfu: 4.12%[39m
[rank0]:[titan] 2026-03-17 12:19:12,969 - root - INFO - [31mstep: 2378  [32mloss:  2.6966  [38;2;180;60;0mgrad_norm:  0.9585  [38;2;54;234;195mmemory: 72.92GiB(91.79%)  [34mtps: 846  [36mtflops: 40.75  [35mmfu: 4.12%[39m
[rank0]:[titan] 2026-03-17 12:19:15,390 - root - INFO - [31mstep: 2379  [32mloss:  2.6628  [38;2;180;60;0mgrad_norm:  0.8474  [38;2;54;234;195mmemory: 72.92GiB(91.79%)  [34mtps: 846  [36mtflops: 40.78  [35mmfu: 4.12%[39m
[rank0]:[titan] 2026-03-17 12:19:17,812 - root - INFO - [31mstep: 2380  [32mloss:  2.6551  [38;2;180;60;0mgrad_norm:  0.9017  [38;2;54;234;195mmemory: 72.92GiB(91.79%)  [34mtps: 846  [36mtflops: 40.75  [35mmfu: 4.12%[39m
[rank0]:[titan] 2026-03-17 12:19:20,239 - root - INFO - [31mstep: 2381  [32mloss:  2.6482  [38;2;180;60;0mgrad_norm:  1.0722  [38;2;54;234;195mmemory: 72.92GiB(91.79%)  [34mtps: 844  [36mtflops: 40.66  [35mmfu: 4.11%[39m
[rank0]:[titan] 2026-03-17 12:19:22,665 - root - INFO - [31mstep: 2382  [32mloss:  2.7476  [38;2;180;60;0mgrad_norm:  1.1515  [38;2;54;234;195mmemory: 72.92GiB(91.79%)  [34mtps: 845  [36mtflops: 40.70  [35mmfu: 4.12%[39m
[rank0]:[titan] 2026-03-17 12:19:25,086 - root - INFO - [31mstep: 2383  [32mloss:  2.7711  [38;2;180;60;0mgrad_norm:  0.7920  [38;2;54;234;195mmemory: 72.92GiB(91.79%)  [34mtps: 846  [36mtflops: 40.76  [35mmfu: 4.12%[39m
[rank0]:[titan] 2026-03-17 12:19:27,514 - root - INFO - [31mstep: 2384  [32mloss:  2.7074  [38;2;180;60;0mgrad_norm:  0.8469  [38;2;54;234;195mmemory: 72.92GiB(91.79%)  [34mtps: 844  [36mtflops: 40.65  [35mmfu: 4.11%[39m
[rank0]:[titan] 2026-03-17 12:19:29,934 - root - INFO - [31mstep: 2385  [32mloss:  2.6950  [38;2;180;60;0mgrad_norm:  1.0070  [38;2;54;234;195mmemory: 72.92GiB(91.79%)  [34mtps: 846  [36mtflops: 40.78  [35mmfu: 4.12%[39m
[rank0]:[titan] 2026-03-17 12:19:32,359 - root - INFO - [31mstep: 2386  [32mloss:  2.6853  [38;2;180;60;0mgrad_norm:  1.1032  [38;2;54;234;195mmemory: 72.92GiB(91.79%)  [34mtps: 845  [36mtflops: 40.71  [35mmfu: 4.12%[39m
[rank0]:[titan] 2026-03-17 12:19:34,784 - root - INFO - [31mstep: 2387  [32mloss:  2.6945  [38;2;180;60;0mgrad_norm:  0.7038  [38;2;54;234;195mmemory: 72.92GiB(91.79%)  [34mtps: 845  [36mtflops: 40.71  [35mmfu: 4.12%[39m
[rank0]:[titan] 2026-03-17 12:19:37,206 - root - INFO - [31mstep: 2388  [32mloss:  2.7191  [38;2;180;60;0mgrad_norm:  0.8220  [38;2;54;234;195mmemory: 72.92GiB(91.79%)  [34mtps: 846  [36mtflops: 40.75  [35mmfu: 4.12%[39m
[rank0]:[titan] 2026-03-17 12:19:39,633 - root - INFO - [31mstep: 2389  [32mloss:  2.7137  [38;2;180;60;0mgrad_norm:  1.1831  [38;2;54;234;195mmemory: 72.92GiB(91.79%)  [34mtps: 844  [36mtflops: 40.67  [35mmfu: 4.11%[39m
[rank0]:[titan] 2026-03-17 12:19:42,060 - root - INFO - [31mstep: 2390  [32mloss:  2.7810  [38;2;180;60;0mgrad_norm:  1.1743  [38;2;54;234;195mmemory: 72.92GiB(91.79%)  [34mtps: 844  [36mtflops: 40.67  [35mmfu: 4.11%[39m
[rank0]:[titan] 2026-03-17 12:19:44,488 - root - INFO - [31mstep: 2391  [32mloss:  2.6932  [38;2;180;60;0mgrad_norm:  1.0427  [38;2;54;234;195mmemory: 72.92GiB(91.79%)  [34mtps: 844  [36mtflops: 40.65  [35mmfu: 4.11%[39m
[rank0]:[titan] 2026-03-17 12:19:46,908 - root - INFO - [31mstep: 2392  [32mloss:  2.6706  [38;2;180;60;0mgrad_norm:  1.0525  [38;2;54;234;195mmemory: 72.92GiB(91.79%)  [34mtps: 847  [36mtflops: 40.79  [35mmfu: 4.12%[39m
[rank0]:[titan] 2026-03-17 12:19:49,333 - root - INFO - [31mstep: 2393  [32mloss:  2.6068  [38;2;180;60;0mgrad_norm:  1.0152  [38;2;54;234;195mmemory: 72.92GiB(91.79%)  [34mtps: 845  [36mtflops: 40.70  [35mmfu: 4.12%[39m
[rank0]:[titan] 2026-03-17 12:19:51,760 - root - INFO - [31mstep: 2394  [32mloss:  2.7283  [38;2;180;60;0mgrad_norm:  1.0106  [38;2;54;234;195mmemory: 72.92GiB(91.79%)  [34mtps: 844  [36mtflops: 40.67  [35mmfu: 4.11%[39m
[rank0]:[titan] 2026-03-17 12:19:54,180 - root - INFO - [31mstep: 2395  [32mloss:  2.6664  [38;2;180;60;0mgrad_norm:  0.9081  [38;2;54;234;195mmemory: 72.92GiB(91.79%)  [34mtps: 846  [36mtflops: 40.77  [35mmfu: 4.12%[39m
[rank0]:[titan] 2026-03-17 12:19:56,604 - root - INFO - [31mstep: 2396  [32mloss:  2.7446  [38;2;180;60;0mgrad_norm:  0.8608  [38;2;54;234;195mmemory: 72.92GiB(91.79%)  [34mtps: 845  [36mtflops: 40.73  [35mmfu: 4.12%[39m
[rank0]:[titan] 2026-03-17 12:19:59,025 - root - INFO - [31mstep: 2397  [32mloss:  2.8887  [38;2;180;60;0mgrad_norm:  1.3219  [38;2;54;234;195mmemory: 72.92GiB(91.79%)  [34mtps: 846  [36mtflops: 40.77  [35mmfu: 4.12%[39m
[rank0]:[titan] 2026-03-17 12:20:01,445 - root - INFO - [31mstep: 2398  [32mloss:  2.8636  [38;2;180;60;0mgrad_norm:  1.3028  [38;2;54;234;195mmemory: 72.92GiB(91.79%)  [34mtps: 846  [36mtflops: 40.78  [35mmfu: 4.12%[39m
[rank0]:[titan] 2026-03-17 12:20:03,868 - root - INFO - [31mstep: 2399  [32mloss:  2.7419  [38;2;180;60;0mgrad_norm:  1.0078  [38;2;54;234;195mmemory: 72.92GiB(91.79%)  [34mtps: 846  [36mtflops: 40.74  [35mmfu: 4.12%[39m
[rank0]:[titan] 2026-03-17 12:20:06,288 - root - INFO - [31mstep: 2400  [32mloss:  2.7561  [38;2;180;60;0mgrad_norm:  0.9095  [38;2;54;234;195mmemory: 72.92GiB(91.79%)  [34mtps: 846  [36mtflops: 40.78  [35mmfu: 4.12%[39m
[rank0]:[titan] 2026-03-17 12:20:08,709 - root - INFO - [31mstep: 2401  [32mloss:  2.7182  [38;2;180;60;0mgrad_norm:  0.9579  [38;2;54;234;195mmemory: 72.92GiB(91.79%)  [34mtps: 846  [36mtflops: 40.77  [35mmfu: 4.12%[39m
[rank0]:[titan] 2026-03-17 12:20:11,131 - root - INFO - [31mstep: 2402  [32mloss:  2.7483  [38;2;180;60;0mgrad_norm:  1.0829  [38;2;54;234;195mmemory: 72.92GiB(91.79%)  [34mtps: 846  [36mtflops: 40.74  [35mmfu: 4.12%[39m
[rank0]:[titan] 2026-03-17 12:20:13,554 - root - INFO - [31mstep: 2403  [32mloss:  2.7573  [38;2;180;60;0mgrad_norm:  1.1115  [38;2;54;234;195mmemory: 72.92GiB(91.79%)  [34mtps: 846  [36mtflops: 40.74  [35mmfu: 4.12%[39m
[rank0]:[titan] 2026-03-17 12:20:15,976 - root - INFO - [31mstep: 2404  [32mloss:  2.7176  [38;2;180;60;0mgrad_norm:  1.0257  [38;2;54;234;195mmemory: 72.92GiB(91.79%)  [34mtps: 846  [36mtflops: 40.76  [35mmfu: 4.12%[39m
[rank0]:[titan] 2026-03-17 12:20:18,397 - root - INFO - [31mstep: 2405  [32mloss:  2.7125  [38;2;180;60;0mgrad_norm:  0.9968  [38;2;54;234;195mmemory: 72.92GiB(91.79%)  [34mtps: 846  [36mtflops: 40.76  [35mmfu: 4.12%[39m
[rank0]:[titan] 2026-03-17 12:20:20,829 - root - INFO - [31mstep: 2406  [32mloss:  2.6955  [38;2;180;60;0mgrad_norm:  0.9212  [38;2;54;234;195mmemory: 72.92GiB(91.79%)  [34mtps: 843  [36mtflops: 40.60  [35mmfu: 4.10%[39m
[rank0]:[titan] 2026-03-17 12:20:23,262 - root - INFO - [31mstep: 2407  [32mloss:  2.6807  [38;2;180;60;0mgrad_norm:  1.2993  [38;2;54;234;195mmemory: 72.92GiB(91.79%)  [34mtps: 842  [36mtflops: 40.57  [35mmfu: 4.10%[39m
[rank0]:[titan] 2026-03-17 12:20:25,683 - root - INFO - [31mstep: 2408  [32mloss:  2.7632  [38;2;180;60;0mgrad_norm:  1.2378  [38;2;54;234;195mmemory: 72.92GiB(91.79%)  [34mtps: 846  [36mtflops: 40.77  [35mmfu: 4.12%[39m
[rank0]:[titan] 2026-03-17 12:20:28,106 - root - INFO - [31mstep: 2409  [32mloss:  2.6939  [38;2;180;60;0mgrad_norm:  1.1025  [38;2;54;234;195mmemory: 72.92GiB(91.79%)  [34mtps: 845  [36mtflops: 40.74  [35mmfu: 4.12%[39m
[rank0]:[titan] 2026-03-17 12:20:30,537 - root - INFO - [31mstep: 2410  [32mloss:  2.7337  [38;2;180;60;0mgrad_norm:  1.0310  [38;2;54;234;195mmemory: 72.92GiB(91.79%)  [34mtps: 843  [36mtflops: 40.60  [35mmfu: 4.10%[39m
[rank0]:[titan] 2026-03-17 12:20:32,959 - root - INFO - [31mstep: 2411  [32mloss:  2.7067  [38;2;180;60;0mgrad_norm:  0.9050  [38;2;54;234;195mmemory: 72.92GiB(91.79%)  [34mtps: 846  [36mtflops: 40.76  [35mmfu: 4.12%[39m
[rank0]:[titan] 2026-03-17 12:20:35,382 - root - INFO - [31mstep: 2412  [32mloss:  2.7631  [38;2;180;60;0mgrad_norm:  0.7528  [38;2;54;234;195mmemory: 72.92GiB(91.79%)  [34mtps: 845  [36mtflops: 40.73  [35mmfu: 4.12%[39m
[rank0]:[titan] 2026-03-17 12:20:37,807 - root - INFO - [31mstep: 2413  [32mloss:  2.6884  [38;2;180;60;0mgrad_norm:  1.0614  [38;2;54;234;195mmemory: 72.92GiB(91.79%)  [34mtps: 845  [36mtflops: 40.71  [35mmfu: 4.12%[39m
[rank0]:[titan] 2026-03-17 12:20:40,227 - root - INFO - [31mstep: 2414  [32mloss:  2.6828  [38;2;180;60;0mgrad_norm:  0.9750  [38;2;54;234;195mmemory: 72.92GiB(91.79%)  [34mtps: 847  [36mtflops: 40.79  [35mmfu: 4.12%[39m
[rank0]:[titan] 2026-03-17 12:20:42,654 - root - INFO - [31mstep: 2415  [32mloss:  2.6904  [38;2;180;60;0mgrad_norm:  0.7938  [38;2;54;234;195mmemory: 72.92GiB(91.79%)  [34mtps: 844  [36mtflops: 40.66  [35mmfu: 4.11%[39m
[rank0]:[titan] 2026-03-17 12:20:45,076 - root - INFO - [31mstep: 2416  [32mloss:  2.7145  [38;2;180;60;0mgrad_norm:  0.8141  [38;2;54;234;195mmemory: 72.92GiB(91.79%)  [34mtps: 846  [36mtflops: 40.75  [35mmfu: 4.12%[39m
[rank0]:[titan] 2026-03-17 12:20:47,497 - root - INFO - [31mstep: 2417  [32mloss:  2.6785  [38;2;180;60;0mgrad_norm:  0.9402  [38;2;54;234;195mmemory: 72.92GiB(91.79%)  [34mtps: 846  [36mtflops: 40.77  [35mmfu: 4.12%[39m
[rank0]:[titan] 2026-03-17 12:20:49,920 - root - INFO - [31mstep: 2418  [32mloss:  2.6872  [38;2;180;60;0mgrad_norm:  0.8533  [38;2;54;234;195mmemory: 72.92GiB(91.79%)  [34mtps: 846  [36mtflops: 40.75  [35mmfu: 4.12%[39m
[rank0]:[titan] 2026-03-17 12:20:52,343 - root - INFO - [31mstep: 2419  [32mloss:  2.6808  [38;2;180;60;0mgrad_norm:  0.8160  [38;2;54;234;195mmemory: 72.92GiB(91.79%)  [34mtps: 846  [36mtflops: 40.74  [35mmfu: 4.12%[39m
[rank0]:[titan] 2026-03-17 12:20:54,764 - root - INFO - [31mstep: 2420  [32mloss:  2.6991  [38;2;180;60;0mgrad_norm:  0.7682  [38;2;54;234;195mmemory: 72.92GiB(91.79%)  [34mtps: 846  [36mtflops: 40.77  [35mmfu: 4.12%[39m
[rank0]:[titan] 2026-03-17 12:20:57,188 - root - INFO - [31mstep: 2421  [32mloss:  2.7050  [38;2;180;60;0mgrad_norm:  0.9256  [38;2;54;234;195mmemory: 72.92GiB(91.79%)  [34mtps: 845  [36mtflops: 40.71  [35mmfu: 4.12%[39m
[rank0]:[titan] 2026-03-17 12:20:59,614 - root - INFO - [31mstep: 2422  [32mloss:  2.6836  [38;2;180;60;0mgrad_norm:  1.0018  [38;2;54;234;195mmemory: 72.92GiB(91.79%)  [34mtps: 845  [36mtflops: 40.69  [35mmfu: 4.11%[39m
[rank0]:[titan] 2026-03-17 12:21:02,042 - root - INFO - [31mstep: 2423  [32mloss:  2.7057  [38;2;180;60;0mgrad_norm:  0.7139  [38;2;54;234;195mmemory: 72.92GiB(91.79%)  [34mtps: 844  [36mtflops: 40.66  [35mmfu: 4.11%[39m
[rank0]:[titan] 2026-03-17 12:21:04,472 - root - INFO - [31mstep: 2424  [32mloss:  2.7030  [38;2;180;60;0mgrad_norm:  1.0506  [38;2;54;234;195mmemory: 72.92GiB(91.79%)  [34mtps: 843  [36mtflops: 40.62  [35mmfu: 4.11%[39m
[rank0]:[titan] 2026-03-17 12:21:06,901 - root - INFO - [31mstep: 2425  [32mloss:  2.7359  [38;2;180;60;0mgrad_norm:  1.0547  [38;2;54;234;195mmemory: 72.92GiB(91.79%)  [34mtps: 843  [36mtflops: 40.63  [35mmfu: 4.11%[39m
[rank0]:[titan] 2026-03-17 12:21:09,322 - root - INFO - [31mstep: 2426  [32mloss:  2.6848  [38;2;180;60;0mgrad_norm:  0.9685  [38;2;54;234;195mmemory: 72.92GiB(91.79%)  [34mtps: 846  [36mtflops: 40.77  [35mmfu: 4.12%[39m
[rank0]:[titan] 2026-03-17 12:21:11,741 - root - INFO - [31mstep: 2427  [32mloss:  2.7133  [38;2;180;60;0mgrad_norm:  0.9350  [38;2;54;234;195mmemory: 72.92GiB(91.79%)  [34mtps: 847  [36mtflops: 40.81  [35mmfu: 4.13%[39m
[rank0]:[titan] 2026-03-17 12:21:14,177 - root - INFO - [31mstep: 2428  [32mloss:  2.7091  [38;2;180;60;0mgrad_norm:  0.8111  [38;2;54;234;195mmemory: 72.92GiB(91.79%)  [34mtps: 841  [36mtflops: 40.52  [35mmfu: 4.10%[39m
[rank0]:[titan] 2026-03-17 12:21:16,597 - root - INFO - [31mstep: 2429  [32mloss:  2.6954  [38;2;180;60;0mgrad_norm:  1.2854  [38;2;54;234;195mmemory: 72.92GiB(91.79%)  [34mtps: 846  [36mtflops: 40.78  [35mmfu: 4.12%[39m
[rank0]:[titan] 2026-03-17 12:21:19,022 - root - INFO - [31mstep: 2430  [32mloss:  2.7693  [38;2;180;60;0mgrad_norm:  1.1710  [38;2;54;234;195mmemory: 72.92GiB(91.79%)  [34mtps: 845  [36mtflops: 40.71  [35mmfu: 4.12%[39m
[rank0]:[titan] 2026-03-17 12:21:21,441 - root - INFO - [31mstep: 2431  [32mloss:  2.7361  [38;2;180;60;0mgrad_norm:  1.0390  [38;2;54;234;195mmemory: 72.92GiB(91.79%)  [34mtps: 847  [36mtflops: 40.79  [35mmfu: 4.12%[39m
[rank0]:[titan] 2026-03-17 12:21:23,864 - root - INFO - [31mstep: 2432  [32mloss:  2.7729  [38;2;180;60;0mgrad_norm:  0.8848  [38;2;54;234;195mmemory: 72.92GiB(91.79%)  [34mtps: 846  [36mtflops: 40.74  [35mmfu: 4.12%[39m
[rank0]:[titan] 2026-03-17 12:21:26,284 - root - INFO - [31mstep: 2433  [32mloss:  2.7511  [38;2;180;60;0mgrad_norm:  1.1501  [38;2;54;234;195mmemory: 72.92GiB(91.79%)  [34mtps: 847  [36mtflops: 40.80  [35mmfu: 4.13%[39m
[rank0]:[titan] 2026-03-17 12:21:28,709 - root - INFO - [31mstep: 2434  [32mloss:  2.7506  [38;2;180;60;0mgrad_norm:  1.1611  [38;2;54;234;195mmemory: 72.92GiB(91.79%)  [34mtps: 845  [36mtflops: 40.69  [35mmfu: 4.11%[39m
[rank0]:[titan] 2026-03-17 12:21:31,132 - root - INFO - [31mstep: 2435  [32mloss:  2.6811  [38;2;180;60;0mgrad_norm:  1.1823  [38;2;54;234;195mmemory: 72.92GiB(91.79%)  [34mtps: 845  [36mtflops: 40.73  [35mmfu: 4.12%[39m
[rank0]:[titan] 2026-03-17 12:21:33,563 - root - INFO - [31mstep: 2436  [32mloss:  2.7083  [38;2;180;60;0mgrad_norm:  1.2323  [38;2;54;234;195mmemory: 72.92GiB(91.79%)  [34mtps: 843  [36mtflops: 40.61  [35mmfu: 4.11%[39m
[rank0]:[titan] 2026-03-17 12:21:35,982 - root - INFO - [31mstep: 2437  [32mloss:  2.6825  [38;2;180;60;0mgrad_norm:  1.0888  [38;2;54;234;195mmemory: 72.92GiB(91.79%)  [34mtps: 847  [36mtflops: 40.80  [35mmfu: 4.13%[39m
[rank0]:[titan] 2026-03-17 12:21:38,403 - root - INFO - [31mstep: 2438  [32mloss:  2.7354  [38;2;180;60;0mgrad_norm:  0.8591  [38;2;54;234;195mmemory: 72.92GiB(91.79%)  [34mtps: 846  [36mtflops: 40.76  [35mmfu: 4.12%[39m
[rank0]:[titan] 2026-03-17 12:21:40,828 - root - INFO - [31mstep: 2439  [32mloss:  2.7266  [38;2;180;60;0mgrad_norm:  1.2595  [38;2;54;234;195mmemory: 72.92GiB(91.79%)  [34mtps: 845  [36mtflops: 40.72  [35mmfu: 4.12%[39m
[rank0]:[titan] 2026-03-17 12:21:43,251 - root - INFO - [31mstep: 2440  [32mloss:  2.7338  [38;2;180;60;0mgrad_norm:  1.1524  [38;2;54;234;195mmemory: 72.92GiB(91.79%)  [34mtps: 845  [36mtflops: 40.73  [35mmfu: 4.12%[39m
[rank0]:[titan] 2026-03-17 12:21:45,674 - root - INFO - [31mstep: 2441  [32mloss:  2.6674  [38;2;180;60;0mgrad_norm:  1.1467  [38;2;54;234;195mmemory: 72.92GiB(91.79%)  [34mtps: 846  [36mtflops: 40.74  [35mmfu: 4.12%[39m
[rank0]:[titan] 2026-03-17 12:21:48,094 - root - INFO - [31mstep: 2442  [32mloss:  2.6881  [38;2;180;60;0mgrad_norm:  0.9440  [38;2;54;234;195mmemory: 72.92GiB(91.79%)  [34mtps: 846  [36mtflops: 40.78  [35mmfu: 4.12%[39m
[rank0]:[titan] 2026-03-17 12:21:50,514 - root - INFO - [31mstep: 2443  [32mloss:  2.7182  [38;2;180;60;0mgrad_norm:  0.7290  [38;2;54;234;195mmemory: 72.92GiB(91.79%)  [34mtps: 846  [36mtflops: 40.78  [35mmfu: 4.12%[39m
[rank0]:[titan] 2026-03-17 12:21:52,937 - root - INFO - [31mstep: 2444  [32mloss:  2.6859  [38;2;180;60;0mgrad_norm:  1.0454  [38;2;54;234;195mmemory: 72.92GiB(91.79%)  [34mtps: 846  [36mtflops: 40.75  [35mmfu: 4.12%[39m
[rank0]:[titan] 2026-03-17 12:21:55,367 - root - INFO - [31mstep: 2445  [32mloss:  2.6808  [38;2;180;60;0mgrad_norm:  0.8342  [38;2;54;234;195mmemory: 72.92GiB(91.79%)  [34mtps: 843  [36mtflops: 40.61  [35mmfu: 4.11%[39m
[rank0]:[titan] 2026-03-17 12:21:57,788 - root - INFO - [31mstep: 2446  [32mloss:  2.6635  [38;2;180;60;0mgrad_norm:  0.7239  [38;2;54;234;195mmemory: 72.92GiB(91.79%)  [34mtps: 846  [36mtflops: 40.77  [35mmfu: 4.12%[39m
[rank0]:[titan] 2026-03-17 12:22:00,218 - root - INFO - [31mstep: 2447  [32mloss:  2.7088  [38;2;180;60;0mgrad_norm:  0.7638  [38;2;54;234;195mmemory: 72.92GiB(91.79%)  [34mtps: 843  [36mtflops: 40.63  [35mmfu: 4.11%[39m
[rank0]:[titan] 2026-03-17 12:22:02,640 - root - INFO - [31mstep: 2448  [32mloss:  2.7100  [38;2;180;60;0mgrad_norm:  0.9590  [38;2;54;234;195mmemory: 72.92GiB(91.79%)  [34mtps: 846  [36mtflops: 40.75  [35mmfu: 4.12%[39m
[rank0]:[titan] 2026-03-17 12:22:05,062 - root - INFO - [31mstep: 2449  [32mloss:  2.6821  [38;2;180;60;0mgrad_norm:  0.6649  [38;2;54;234;195mmemory: 72.92GiB(91.79%)  [34mtps: 846  [36mtflops: 40.76  [35mmfu: 4.12%[39m
[rank0]:[titan] 2026-03-17 12:22:07,485 - root - INFO - [31mstep: 2450  [32mloss:  2.6883  [38;2;180;60;0mgrad_norm:  0.9157  [38;2;54;234;195mmemory: 72.92GiB(91.79%)  [34mtps: 845  [36mtflops: 40.74  [35mmfu: 4.12%[39m
[rank0]:[titan] 2026-03-17 12:22:09,908 - root - INFO - [31mstep: 2451  [32mloss:  2.6737  [38;2;180;60;0mgrad_norm:  1.0675  [38;2;54;234;195mmemory: 72.92GiB(91.79%)  [34mtps: 845  [36mtflops: 40.73  [35mmfu: 4.12%[39m
[rank0]:[titan] 2026-03-17 12:22:12,330 - root - INFO - [31mstep: 2452  [32mloss:  2.6820  [38;2;180;60;0mgrad_norm:  0.8645  [38;2;54;234;195mmemory: 72.92GiB(91.79%)  [34mtps: 846  [36mtflops: 40.76  [35mmfu: 4.12%[39m
[rank0]:[titan] 2026-03-17 12:22:14,751 - root - INFO - [31mstep: 2453  [32mloss:  2.6731  [38;2;180;60;0mgrad_norm:  0.8267  [38;2;54;234;195mmemory: 72.92GiB(91.79%)  [34mtps: 846  [36mtflops: 40.76  [35mmfu: 4.12%[39m
[rank0]:[titan] 2026-03-17 12:22:17,175 - root - INFO - [31mstep: 2454  [32mloss:  2.7101  [38;2;180;60;0mgrad_norm:  0.8857  [38;2;54;234;195mmemory: 72.92GiB(91.79%)  [34mtps: 845  [36mtflops: 40.72  [35mmfu: 4.12%[39m
[rank0]:[titan] 2026-03-17 12:22:19,596 - root - INFO - [31mstep: 2455  [32mloss:  2.6869  [38;2;180;60;0mgrad_norm:  3.0433  [38;2;54;234;195mmemory: 72.92GiB(91.79%)  [34mtps: 846  [36mtflops: 40.77  [35mmfu: 4.12%[39m
[rank0]:[titan] 2026-03-17 12:22:22,026 - root - INFO - [31mstep: 2456  [32mloss:  2.7248  [38;2;180;60;0mgrad_norm:  1.1831  [38;2;54;234;195mmemory: 72.92GiB(91.79%)  [34mtps: 843  [36mtflops: 40.62  [35mmfu: 4.11%[39m
[rank0]:[titan] 2026-03-17 12:22:24,451 - root - INFO - [31mstep: 2457  [32mloss:  2.6944  [38;2;180;60;0mgrad_norm:  1.2540  [38;2;54;234;195mmemory: 72.92GiB(91.79%)  [34mtps: 845  [36mtflops: 40.70  [35mmfu: 4.12%[39m
[rank0]:[titan] 2026-03-17 12:22:26,872 - root - INFO - [31mstep: 2458  [32mloss:  2.6974  [38;2;180;60;0mgrad_norm:  0.7018  [38;2;54;234;195mmemory: 72.92GiB(91.79%)  [34mtps: 846  [36mtflops: 40.77  [35mmfu: 4.12%[39m
[rank0]:[titan] 2026-03-17 12:22:29,295 - root - INFO - [31mstep: 2459  [32mloss:  2.6962  [38;2;180;60;0mgrad_norm:  0.8742  [38;2;54;234;195mmemory: 72.92GiB(91.79%)  [34mtps: 846  [36mtflops: 40.74  [35mmfu: 4.12%[39m
[rank0]:[titan] 2026-03-17 12:22:31,718 - root - INFO - [31mstep: 2460  [32mloss:  2.7478  [38;2;180;60;0mgrad_norm:  0.9356  [38;2;54;234;195mmemory: 72.92GiB(91.79%)  [34mtps: 845  [36mtflops: 40.72  [35mmfu: 4.12%[39m
[rank0]:[titan] 2026-03-17 12:22:34,142 - root - INFO - [31mstep: 2461  [32mloss:  2.6899  [38;2;180;60;0mgrad_norm:  0.9893  [38;2;54;234;195mmemory: 72.92GiB(91.79%)  [34mtps: 845  [36mtflops: 40.72  [35mmfu: 4.12%[39m
[rank0]:[titan] 2026-03-17 12:22:36,569 - root - INFO - [31mstep: 2462  [32mloss:  2.6148  [38;2;180;60;0mgrad_norm:  0.5936  [38;2;54;234;195mmemory: 72.92GiB(91.79%)  [34mtps: 844  [36mtflops: 40.67  [35mmfu: 4.11%[39m
[rank0]:[titan] 2026-03-17 12:22:38,992 - root - INFO - [31mstep: 2463  [32mloss:  2.6452  [38;2;180;60;0mgrad_norm:  0.6048  [38;2;54;234;195mmemory: 72.92GiB(91.79%)  [34mtps: 846  [36mtflops: 40.74  [35mmfu: 4.12%[39m
[rank0]:[titan] 2026-03-17 12:22:41,413 - root - INFO - [31mstep: 2464  [32mloss:  2.6357  [38;2;180;60;0mgrad_norm:  0.6059  [38;2;54;234;195mmemory: 72.92GiB(91.79%)  [34mtps: 846  [36mtflops: 40.76  [35mmfu: 4.12%[39m
[rank0]:[titan] 2026-03-17 12:22:43,841 - root - INFO - [31mstep: 2465  [32mloss:  2.6843  [38;2;180;60;0mgrad_norm:  0.7760  [38;2;54;234;195mmemory: 72.92GiB(91.79%)  [34mtps: 844  [36mtflops: 40.66  [35mmfu: 4.11%[39m
[rank0]:[titan] 2026-03-17 12:22:46,261 - root - INFO - [31mstep: 2466  [32mloss:  2.6622  [38;2;180;60;0mgrad_norm:  0.6278  [38;2;54;234;195mmemory: 72.92GiB(91.79%)  [34mtps: 847  [36mtflops: 40.79  [35mmfu: 4.12%[39m
[rank0]:[titan] 2026-03-17 12:22:48,688 - root - INFO - [31mstep: 2467  [32mloss:  2.7207  [38;2;180;60;0mgrad_norm:  0.7840  [38;2;54;234;195mmemory: 72.92GiB(91.79%)  [34mtps: 844  [36mtflops: 40.66  [35mmfu: 4.11%[39m
[rank0]:[titan] 2026-03-17 12:22:51,108 - root - INFO - [31mstep: 2468  [32mloss:  2.7023  [38;2;180;60;0mgrad_norm:  0.8458  [38;2;54;234;195mmemory: 72.92GiB(91.79%)  [34mtps: 847  [36mtflops: 40.80  [35mmfu: 4.13%[39m
[rank0]:[titan] 2026-03-17 12:22:53,529 - root - INFO - [31mstep: 2469  [32mloss:  2.7023  [38;2;180;60;0mgrad_norm:  0.6541  [38;2;54;234;195mmemory: 72.92GiB(91.79%)  [34mtps: 846  [36mtflops: 40.77  [35mmfu: 4.12%[39m
[rank0]:[titan] 2026-03-17 12:22:55,949 - root - INFO - [31mstep: 2470  [32mloss:  2.7266  [38;2;180;60;0mgrad_norm:  1.0258  [38;2;54;234;195mmemory: 72.92GiB(91.79%)  [34mtps: 846  [36mtflops: 40.78  [35mmfu: 4.12%[39m
[rank0]:[titan] 2026-03-17 12:22:58,369 - root - INFO - [31mstep: 2471  [32mloss:  2.7174  [38;2;180;60;0mgrad_norm:  0.7272  [38;2;54;234;195mmemory: 72.92GiB(91.79%)  [34mtps: 846  [36mtflops: 40.78  [35mmfu: 4.12%[39m
[rank0]:[titan] 2026-03-17 12:23:00,791 - root - INFO - [31mstep: 2472  [32mloss:  2.7082  [38;2;180;60;0mgrad_norm:  0.6859  [38;2;54;234;195mmemory: 72.92GiB(91.79%)  [34mtps: 846  [36mtflops: 40.77  [35mmfu: 4.12%[39m
[rank0]:[titan] 2026-03-17 12:23:03,214 - root - INFO - [31mstep: 2473  [32mloss:  2.6966  [38;2;180;60;0mgrad_norm:  0.8661  [38;2;54;234;195mmemory: 72.92GiB(91.79%)  [34mtps: 845  [36mtflops: 40.73  [35mmfu: 4.12%[39m
[rank0]:[titan] 2026-03-17 12:23:05,635 - root - INFO - [31mstep: 2474  [32mloss:  2.6845  [38;2;180;60;0mgrad_norm:  0.6287  [38;2;54;234;195mmemory: 72.92GiB(91.79%)  [34mtps: 846  [36mtflops: 40.77  [35mmfu: 4.12%[39m
[rank0]:[titan] 2026-03-17 12:23:08,056 - root - INFO - [31mstep: 2475  [32mloss:  2.6697  [38;2;180;60;0mgrad_norm:  0.8109  [38;2;54;234;195mmemory: 72.92GiB(91.79%)  [34mtps: 846  [36mtflops: 40.77  [35mmfu: 4.12%[39m
[rank0]:[titan] 2026-03-17 12:23:10,476 - root - INFO - [31mstep: 2476  [32mloss:  2.6768  [38;2;180;60;0mgrad_norm:  0.6517  [38;2;54;234;195mmemory: 72.92GiB(91.79%)  [34mtps: 846  [36mtflops: 40.78  [35mmfu: 4.12%[39m
[rank0]:[titan] 2026-03-17 12:23:12,904 - root - INFO - [31mstep: 2477  [32mloss:  2.6775  [38;2;180;60;0mgrad_norm:  0.5043  [38;2;54;234;195mmemory: 72.92GiB(91.79%)  [34mtps: 844  [36mtflops: 40.65  [35mmfu: 4.11%[39m
[rank0]:[titan] 2026-03-17 12:23:15,332 - root - INFO - [31mstep: 2478  [32mloss:  2.6889  [38;2;180;60;0mgrad_norm:  0.7627  [38;2;54;234;195mmemory: 72.92GiB(91.79%)  [34mtps: 844  [36mtflops: 40.65  [35mmfu: 4.11%[39m
[rank0]:[titan] 2026-03-17 12:23:17,753 - root - INFO - [31mstep: 2479  [32mloss:  2.6523  [38;2;180;60;0mgrad_norm:  0.8256  [38;2;54;234;195mmemory: 72.92GiB(91.79%)  [34mtps: 846  [36mtflops: 40.77  [35mmfu: 4.12%[39m
[rank0]:[titan] 2026-03-17 12:23:20,176 - root - INFO - [31mstep: 2480  [32mloss:  2.7032  [38;2;180;60;0mgrad_norm:  0.6712  [38;2;54;234;195mmemory: 72.92GiB(91.79%)  [34mtps: 845  [36mtflops: 40.73  [35mmfu: 4.12%[39m
[rank0]:[titan] 2026-03-17 12:23:22,600 - root - INFO - [31mstep: 2481  [32mloss:  2.6850  [38;2;180;60;0mgrad_norm:  0.7831  [38;2;54;234;195mmemory: 72.92GiB(91.79%)  [34mtps: 845  [36mtflops: 40.71  [35mmfu: 4.12%[39m
[rank0]:[titan] 2026-03-17 12:23:25,029 - root - INFO - [31mstep: 2482  [32mloss:  2.6362  [38;2;180;60;0mgrad_norm:  0.8256  [38;2;54;234;195mmemory: 72.92GiB(91.79%)  [34mtps: 843  [36mtflops: 40.64  [35mmfu: 4.11%[39m
[rank0]:[titan] 2026-03-17 12:23:27,450 - root - INFO - [31mstep: 2483  [32mloss:  2.6504  [38;2;180;60;0mgrad_norm:  0.9106  [38;2;54;234;195mmemory: 72.92GiB(91.79%)  [34mtps: 846  [36mtflops: 40.77  [35mmfu: 4.12%[39m
[rank0]:[titan] 2026-03-17 12:23:29,872 - root - INFO - [31mstep: 2484  [32mloss:  2.6623  [38;2;180;60;0mgrad_norm:  0.7546  [38;2;54;234;195mmemory: 72.92GiB(91.79%)  [34mtps: 846  [36mtflops: 40.75  [35mmfu: 4.12%[39m
[rank0]:[titan] 2026-03-17 12:23:32,296 - root - INFO - [31mstep: 2485  [32mloss:  2.6580  [38;2;180;60;0mgrad_norm:  0.8792  [38;2;54;234;195mmemory: 72.92GiB(91.79%)  [34mtps: 845  [36mtflops: 40.73  [35mmfu: 4.12%[39m
[rank0]:[titan] 2026-03-17 12:23:34,717 - root - INFO - [31mstep: 2486  [32mloss:  2.6988  [38;2;180;60;0mgrad_norm:  1.0079  [38;2;54;234;195mmemory: 72.92GiB(91.79%)  [34mtps: 846  [36mtflops: 40.76  [35mmfu: 4.12%[39m
[rank0]:[titan] 2026-03-17 12:23:37,135 - root - INFO - [31mstep: 2487  [32mloss:  2.6874  [38;2;180;60;0mgrad_norm:  1.0552  [38;2;54;234;195mmemory: 72.92GiB(91.79%)  [34mtps: 847  [36mtflops: 40.81  [35mmfu: 4.13%[39m
[rank0]:[titan] 2026-03-17 12:23:39,559 - root - INFO - [31mstep: 2488  [32mloss:  2.6437  [38;2;180;60;0mgrad_norm:  0.9369  [38;2;54;234;195mmemory: 72.92GiB(91.79%)  [34mtps: 845  [36mtflops: 40.72  [35mmfu: 4.12%[39m
[rank0]:[titan] 2026-03-17 12:23:41,979 - root - INFO - [31mstep: 2489  [32mloss:  2.6817  [38;2;180;60;0mgrad_norm:  0.9137  [38;2;54;234;195mmemory: 72.92GiB(91.79%)  [34mtps: 847  [36mtflops: 40.79  [35mmfu: 4.12%[39m
[rank0]:[titan] 2026-03-17 12:23:44,403 - root - INFO - [31mstep: 2490  [32mloss:  2.6703  [38;2;180;60;0mgrad_norm:  0.6961  [38;2;54;234;195mmemory: 72.92GiB(91.79%)  [34mtps: 845  [36mtflops: 40.73  [35mmfu: 4.12%[39m
[rank0]:[titan] 2026-03-17 12:23:46,859 - root - INFO - [31mstep: 2491  [32mloss:  2.6866  [38;2;180;60;0mgrad_norm:  0.9862  [38;2;54;234;195mmemory: 72.92GiB(91.79%)  [34mtps: 834  [36mtflops: 40.19  [35mmfu: 4.06%[39m
[rank0]:[titan] 2026-03-17 12:23:49,282 - root - INFO - [31mstep: 2492  [32mloss:  2.6665  [38;2;180;60;0mgrad_norm:  0.8437  [38;2;54;234;195mmemory: 72.92GiB(91.79%)  [34mtps: 845  [36mtflops: 40.73  [35mmfu: 4.12%[39m
[rank0]:[titan] 2026-03-17 12:23:51,704 - root - INFO - [31mstep: 2493  [32mloss:  2.7187  [38;2;180;60;0mgrad_norm:  0.7619  [38;2;54;234;195mmemory: 72.92GiB(91.79%)  [34mtps: 846  [36mtflops: 40.74  [35mmfu: 4.12%[39m
[rank0]:[titan] 2026-03-17 12:23:54,126 - root - INFO - [31mstep: 2494  [32mloss:  2.7526  [38;2;180;60;0mgrad_norm:  1.0525  [38;2;54;234;195mmemory: 72.92GiB(91.79%)  [34mtps: 846  [36mtflops: 40.75  [35mmfu: 4.12%[39m
[rank0]:[titan] 2026-03-17 12:23:56,549 - root - INFO - [31mstep: 2495  [32mloss:  2.7295  [38;2;180;60;0mgrad_norm:  0.7696  [38;2;54;234;195mmemory: 72.92GiB(91.79%)  [34mtps: 846  [36mtflops: 40.74  [35mmfu: 4.12%[39m
[rank0]:[titan] 2026-03-17 12:23:58,976 - root - INFO - [31mstep: 2496  [32mloss:  2.6736  [38;2;180;60;0mgrad_norm:  0.8588  [38;2;54;234;195mmemory: 72.92GiB(91.79%)  [34mtps: 844  [36mtflops: 40.67  [35mmfu: 4.11%[39m
[rank0]:[titan] 2026-03-17 12:24:01,436 - root - INFO - [31mstep: 2497  [32mloss:  2.6277  [38;2;180;60;0mgrad_norm:  0.7145  [38;2;54;234;195mmemory: 72.92GiB(91.79%)  [34mtps: 833  [36mtflops: 40.12  [35mmfu: 4.06%[39m
[rank0]:[titan] 2026-03-17 12:24:03,859 - root - INFO - [31mstep: 2498  [32mloss:  2.7025  [38;2;180;60;0mgrad_norm:  1.0356  [38;2;54;234;195mmemory: 72.92GiB(91.79%)  [34mtps: 846  [36mtflops: 40.75  [35mmfu: 4.12%[39m
[rank0]:[titan] 2026-03-17 12:24:06,283 - root - INFO - [31mstep: 2499  [32mloss:  2.7187  [38;2;180;60;0mgrad_norm:  1.1748  [38;2;54;234;195mmemory: 72.92GiB(91.79%)  [34mtps: 845  [36mtflops: 40.72  [35mmfu: 4.12%[39m
[rank0]:[titan] 2026-03-17 12:24:08,703 - root - INFO - [31mstep: 2500  [32mloss:  2.7199  [38;2;180;60;0mgrad_norm:  0.8518  [38;2;54;234;195mmemory: 72.92GiB(91.79%)  [34mtps: 846  [36mtflops: 40.78  [35mmfu: 4.12%[39m
[rank0]:[titan] 2026-03-17 12:24:11,128 - root - INFO - [31mstep: 2501  [32mloss:  2.7518  [38;2;180;60;0mgrad_norm:  0.8798  [38;2;54;234;195mmemory: 72.92GiB(91.79%)  [34mtps: 845  [36mtflops: 40.70  [35mmfu: 4.12%[39m
[rank0]:[titan] 2026-03-17 12:24:13,564 - root - INFO - [31mstep: 2502  [32mloss:  2.7236  [38;2;180;60;0mgrad_norm:  0.8420  [38;2;54;234;195mmemory: 72.92GiB(91.79%)  [34mtps: 841  [36mtflops: 40.53  [35mmfu: 4.10%[39m
[rank0]:[titan] 2026-03-17 12:24:15,987 - root - INFO - [31mstep: 2503  [32mloss:  2.7101  [38;2;180;60;0mgrad_norm:  1.0288  [38;2;54;234;195mmemory: 72.92GiB(91.79%)  [34mtps: 845  [36mtflops: 40.73  [35mmfu: 4.12%[39m
[rank0]:[titan] 2026-03-17 12:24:18,406 - root - INFO - [31mstep: 2504  [32mloss:  2.7126  [38;2;180;60;0mgrad_norm:  0.8006  [38;2;54;234;195mmemory: 72.92GiB(91.79%)  [34mtps: 847  [36mtflops: 40.81  [35mmfu: 4.13%[39m
[rank0]:[titan] 2026-03-17 12:24:20,832 - root - INFO - [31mstep: 2505  [32mloss:  2.6897  [38;2;180;60;0mgrad_norm:  0.8349  [38;2;54;234;195mmemory: 72.92GiB(91.79%)  [34mtps: 844  [36mtflops: 40.69  [35mmfu: 4.11%[39m
[rank0]:[titan] 2026-03-17 12:24:23,252 - root - INFO - [31mstep: 2506  [32mloss:  2.6928  [38;2;180;60;0mgrad_norm:  1.0647  [38;2;54;234;195mmemory: 72.92GiB(91.79%)  [34mtps: 846  [36mtflops: 40.78  [35mmfu: 4.12%[39m
[rank0]:[titan] 2026-03-17 12:24:25,672 - root - INFO - [31mstep: 2507  [32mloss:  2.6940  [38;2;180;60;0mgrad_norm:  1.0727  [38;2;54;234;195mmemory: 72.92GiB(91.79%)  [34mtps: 847  [36mtflops: 40.79  [35mmfu: 4.12%[39m
[rank0]:[titan] 2026-03-17 12:24:28,099 - root - INFO - [31mstep: 2508  [32mloss:  2.7217  [38;2;180;60;0mgrad_norm:  1.1643  [38;2;54;234;195mmemory: 72.92GiB(91.79%)  [34mtps: 844  [36mtflops: 40.66  [35mmfu: 4.11%[39m
[rank0]:[titan] 2026-03-17 12:24:30,520 - root - INFO - [31mstep: 2509  [32mloss:  2.6915  [38;2;180;60;0mgrad_norm:  0.9538  [38;2;54;234;195mmemory: 72.92GiB(91.79%)  [34mtps: 846  [36mtflops: 40.77  [35mmfu: 4.12%[39m
[rank0]:[titan] 2026-03-17 12:24:32,940 - root - INFO - [31mstep: 2510  [32mloss:  2.6943  [38;2;180;60;0mgrad_norm:  1.0718  [38;2;54;234;195mmemory: 72.92GiB(91.79%)  [34mtps: 846  [36mtflops: 40.78  [35mmfu: 4.12%[39m
[rank0]:[titan] 2026-03-17 12:24:35,362 - root - INFO - [31mstep: 2511  [32mloss:  2.6765  [38;2;180;60;0mgrad_norm:  1.1105  [38;2;54;234;195mmemory: 72.92GiB(91.79%)  [34mtps: 846  [36mtflops: 40.76  [35mmfu: 4.12%[39m
[rank0]:[titan] 2026-03-17 12:24:37,783 - root - INFO - [31mstep: 2512  [32mloss:  2.6538  [38;2;180;60;0mgrad_norm:  0.8204  [38;2;54;234;195mmemory: 72.92GiB(91.79%)  [34mtps: 846  [36mtflops: 40.75  [35mmfu: 4.12%[39m
[rank0]:[titan] 2026-03-17 12:24:40,203 - root - INFO - [31mstep: 2513  [32mloss:  2.6888  [38;2;180;60;0mgrad_norm:  1.3077  [38;2;54;234;195mmemory: 72.92GiB(91.79%)  [34mtps: 847  [36mtflops: 40.79  [35mmfu: 4.12%[39m
[rank0]:[titan] 2026-03-17 12:24:42,627 - root - INFO - [31mstep: 2514  [32mloss:  2.6513  [38;2;180;60;0mgrad_norm:  1.1159  [38;2;54;234;195mmemory: 72.92GiB(91.79%)  [34mtps: 845  [36mtflops: 40.72  [35mmfu: 4.12%[39m
[rank0]:[titan] 2026-03-17 12:24:45,046 - root - INFO - [31mstep: 2515  [32mloss:  2.6985  [38;2;180;60;0mgrad_norm:  0.7479  [38;2;54;234;195mmemory: 72.92GiB(91.79%)  [34mtps: 847  [36mtflops: 40.80  [35mmfu: 4.13%[39m
[rank0]:[titan] 2026-03-17 12:24:47,468 - root - INFO - [31mstep: 2516  [32mloss:  2.6863  [38;2;180;60;0mgrad_norm:  1.2815  [38;2;54;234;195mmemory: 72.92GiB(91.79%)  [34mtps: 846  [36mtflops: 40.75  [35mmfu: 4.12%[39m
[rank0]:[titan] 2026-03-17 12:24:49,891 - root - INFO - [31mstep: 2517  [32mloss:  2.6974  [38;2;180;60;0mgrad_norm:  1.2889  [38;2;54;234;195mmemory: 72.92GiB(91.79%)  [34mtps: 846  [36mtflops: 40.75  [35mmfu: 4.12%[39m
[rank0]:[titan] 2026-03-17 12:24:52,312 - root - INFO - [31mstep: 2518  [32mloss:  2.7315  [38;2;180;60;0mgrad_norm:  0.8220  [38;2;54;234;195mmemory: 72.92GiB(91.79%)  [34mtps: 846  [36mtflops: 40.76  [35mmfu: 4.12%[39m
[rank0]:[titan] 2026-03-17 12:24:54,741 - root - INFO - [31mstep: 2519  [32mloss:  2.7630  [38;2;180;60;0mgrad_norm:  1.1128  [38;2;54;234;195mmemory: 72.92GiB(91.79%)  [34mtps: 843  [36mtflops: 40.63  [35mmfu: 4.11%[39m
[rank0]:[titan] 2026-03-17 12:24:57,166 - root - INFO - [31mstep: 2520  [32mloss:  2.7215  [38;2;180;60;0mgrad_norm:  1.6309  [38;2;54;234;195mmemory: 72.92GiB(91.79%)  [34mtps: 845  [36mtflops: 40.71  [35mmfu: 4.12%[39m
[rank0]:[titan] 2026-03-17 12:24:59,587 - root - INFO - [31mstep: 2521  [32mloss:  2.7179  [38;2;180;60;0mgrad_norm:  0.7755  [38;2;54;234;195mmemory: 72.92GiB(91.79%)  [34mtps: 846  [36mtflops: 40.76  [35mmfu: 4.12%[39m
[rank0]:[titan] 2026-03-17 12:25:02,008 - root - INFO - [31mstep: 2522  [32mloss:  2.6341  [38;2;180;60;0mgrad_norm:  0.9878  [38;2;54;234;195mmemory: 72.92GiB(91.79%)  [34mtps: 846  [36mtflops: 40.77  [35mmfu: 4.12%[39m
[rank0]:[titan] 2026-03-17 12:25:04,431 - root - INFO - [31mstep: 2523  [32mloss:  2.6403  [38;2;180;60;0mgrad_norm:  0.7072  [38;2;54;234;195mmemory: 72.92GiB(91.79%)  [34mtps: 845  [36mtflops: 40.73  [35mmfu: 4.12%[39m
[rank0]:[titan] 2026-03-17 12:25:06,854 - root - INFO - [31mstep: 2524  [32mloss:  2.7194  [38;2;180;60;0mgrad_norm:  0.8076  [38;2;54;234;195mmemory: 72.92GiB(91.79%)  [34mtps: 846  [36mtflops: 40.74  [35mmfu: 4.12%[39m
[rank0]:[titan] 2026-03-17 12:25:09,278 - root - INFO - [31mstep: 2525  [32mloss:  2.6826  [38;2;180;60;0mgrad_norm:  0.9853  [38;2;54;234;195mmemory: 72.92GiB(91.79%)  [34mtps: 845  [36mtflops: 40.71  [35mmfu: 4.12%[39m
[rank0]:[titan] 2026-03-17 12:25:11,701 - root - INFO - [31mstep: 2526  [32mloss:  2.6869  [38;2;180;60;0mgrad_norm:  0.6557  [38;2;54;234;195mmemory: 72.92GiB(91.79%)  [34mtps: 845  [36mtflops: 40.73  [35mmfu: 4.12%[39m
[rank0]:[titan] 2026-03-17 12:25:14,123 - root - INFO - [31mstep: 2527  [32mloss:  2.7030  [38;2;180;60;0mgrad_norm:  0.7275  [38;2;54;234;195mmemory: 72.92GiB(91.79%)  [34mtps: 846  [36mtflops: 40.75  [35mmfu: 4.12%[39m
[rank0]:[titan] 2026-03-17 12:25:16,544 - root - INFO - [31mstep: 2528  [32mloss:  2.8136  [38;2;180;60;0mgrad_norm:  1.0533  [38;2;54;234;195mmemory: 72.92GiB(91.79%)  [34mtps: 846  [36mtflops: 40.77  [35mmfu: 4.12%[39m
[rank0]:[titan] 2026-03-17 12:25:18,964 - root - INFO - [31mstep: 2529  [32mloss:  2.6892  [38;2;180;60;0mgrad_norm:  0.7704  [38;2;54;234;195mmemory: 72.92GiB(91.79%)  [34mtps: 847  [36mtflops: 40.79  [35mmfu: 4.12%[39m
[rank0]:[titan] 2026-03-17 12:25:21,384 - root - INFO - [31mstep: 2530  [32mloss:  2.6581  [38;2;180;60;0mgrad_norm:  0.6896  [38;2;54;234;195mmemory: 72.92GiB(91.79%)  [34mtps: 846  [36mtflops: 40.79  [35mmfu: 4.12%[39m
[rank0]:[titan] 2026-03-17 12:25:23,809 - root - INFO - [31mstep: 2531  [32mloss:  2.7328  [38;2;180;60;0mgrad_norm:  0.8751  [38;2;54;234;195mmemory: 72.92GiB(91.79%)  [34mtps: 845  [36mtflops: 40.69  [35mmfu: 4.11%[39m
[rank0]:[titan] 2026-03-17 12:25:26,235 - root - INFO - [31mstep: 2532  [32mloss:  2.7574  [38;2;180;60;0mgrad_norm:  1.2108  [38;2;54;234;195mmemory: 72.92GiB(91.79%)  [34mtps: 844  [36mtflops: 40.68  [35mmfu: 4.11%[39m
[rank0]:[titan] 2026-03-17 12:25:28,681 - root - INFO - [31mstep: 2533  [32mloss:  2.7479  [38;2;180;60;0mgrad_norm:  1.1001  [38;2;54;234;195mmemory: 72.92GiB(91.79%)  [34mtps: 837  [36mtflops: 40.35  [35mmfu: 4.08%[39m
[rank0]:[titan] 2026-03-17 12:25:31,101 - root - INFO - [31mstep: 2534  [32mloss:  2.6893  [38;2;180;60;0mgrad_norm:  1.3761  [38;2;54;234;195mmemory: 72.92GiB(91.79%)  [34mtps: 847  [36mtflops: 40.79  [35mmfu: 4.12%[39m
[rank0]:[titan] 2026-03-17 12:25:33,529 - root - INFO - [31mstep: 2535  [32mloss:  2.7021  [38;2;180;60;0mgrad_norm:  1.7257  [38;2;54;234;195mmemory: 72.92GiB(91.79%)  [34mtps: 844  [36mtflops: 40.66  [35mmfu: 4.11%[39m
[rank0]:[titan] 2026-03-17 12:25:35,948 - root - INFO - [31mstep: 2536  [32mloss:  2.7289  [38;2;180;60;0mgrad_norm:  1.3093  [38;2;54;234;195mmemory: 72.92GiB(91.79%)  [34mtps: 847  [36mtflops: 40.80  [35mmfu: 4.13%[39m
[rank0]:[titan] 2026-03-17 12:25:38,369 - root - INFO - [31mstep: 2537  [32mloss:  2.7030  [38;2;180;60;0mgrad_norm:  1.0809  [38;2;54;234;195mmemory: 72.92GiB(91.79%)  [34mtps: 846  [36mtflops: 40.77  [35mmfu: 4.12%[39m
[rank0]:[titan] 2026-03-17 12:25:38,370 - root - WARNING - Dataset c4_test is being re-looped
[rank0]:[titan] 2026-03-17 12:25:40,790 - root - INFO - [31mstep: 2538  [32mloss:  2.7087  [38;2;180;60;0mgrad_norm:  1.2732  [38;2;54;234;195mmemory: 72.92GiB(91.79%)  [34mtps: 846  [36mtflops: 40.76  [35mmfu: 4.12%[39m
[rank0]:[titan] 2026-03-17 12:25:43,211 - root - INFO - [31mstep: 2539  [32mloss:  2.7284  [38;2;180;60;0mgrad_norm:  1.3510  [38;2;54;234;195mmemory: 72.92GiB(91.79%)  [34mtps: 846  [36mtflops: 40.78  [35mmfu: 4.12%[39m
[rank0]:[titan] 2026-03-17 12:25:45,640 - root - INFO - [31mstep: 2540  [32mloss:  2.7479  [38;2;180;60;0mgrad_norm:  0.6769  [38;2;54;234;195mmemory: 72.92GiB(91.79%)  [34mtps: 843  [36mtflops: 40.64  [35mmfu: 4.11%[39m
[rank0]:[titan] 2026-03-17 12:25:48,058 - root - INFO - [31mstep: 2541  [32mloss:  2.6749  [38;2;180;60;0mgrad_norm:  1.0540  [38;2;54;234;195mmemory: 72.92GiB(91.79%)  [34mtps: 847  [36mtflops: 40.80  [35mmfu: 4.13%[39m
[rank0]:[titan] 2026-03-17 12:25:50,480 - root - INFO - [31mstep: 2542  [32mloss:  2.7050  [38;2;180;60;0mgrad_norm:  0.9786  [38;2;54;234;195mmemory: 72.92GiB(91.79%)  [34mtps: 846  [36mtflops: 40.75  [35mmfu: 4.12%[39m
[rank0]:[titan] 2026-03-17 12:25:52,907 - root - INFO - [31mstep: 2543  [32mloss:  2.7150  [38;2;180;60;0mgrad_norm:  1.0941  [38;2;54;234;195mmemory: 72.92GiB(91.79%)  [34mtps: 844  [36mtflops: 40.68  [35mmfu: 4.11%[39m
[rank0]:[titan] 2026-03-17 12:25:55,335 - root - INFO - [31mstep: 2544  [32mloss:  2.6908  [38;2;180;60;0mgrad_norm:  1.0805  [38;2;54;234;195mmemory: 72.92GiB(91.79%)  [34mtps: 844  [36mtflops: 40.65  [35mmfu: 4.11%[39m
[rank0]:[titan] 2026-03-17 12:25:57,753 - root - INFO - [31mstep: 2545  [32mloss:  2.6385  [38;2;180;60;0mgrad_norm:  1.1015  [38;2;54;234;195mmemory: 72.92GiB(91.79%)  [34mtps: 847  [36mtflops: 40.81  [35mmfu: 4.13%[39m
[rank0]:[titan] 2026-03-17 12:26:00,175 - root - INFO - [31mstep: 2546  [32mloss:  2.7169  [38;2;180;60;0mgrad_norm:  0.9105  [38;2;54;234;195mmemory: 72.92GiB(91.79%)  [34mtps: 846  [36mtflops: 40.76  [35mmfu: 4.12%[39m
[rank0]:[titan] 2026-03-17 12:26:02,602 - root - INFO - [31mstep: 2547  [32mloss:  2.7397  [38;2;180;60;0mgrad_norm:  0.8408  [38;2;54;234;195mmemory: 72.92GiB(91.79%)  [34mtps: 844  [36mtflops: 40.67  [35mmfu: 4.11%[39m
[rank0]:[titan] 2026-03-17 12:26:05,023 - root - INFO - [31mstep: 2548  [32mloss:  2.7027  [38;2;180;60;0mgrad_norm:  0.7775  [38;2;54;234;195mmemory: 72.92GiB(91.79%)  [34mtps: 846  [36mtflops: 40.76  [35mmfu: 4.12%[39m
[rank0]:[titan] 2026-03-17 12:26:07,442 - root - INFO - [31mstep: 2549  [32mloss:  2.6557  [38;2;180;60;0mgrad_norm:  0.8923  [38;2;54;234;195mmemory: 72.92GiB(91.79%)  [34mtps: 847  [36mtflops: 40.80  [35mmfu: 4.13%[39m
[rank0]:[titan] 2026-03-17 12:26:09,866 - root - INFO - [31mstep: 2550  [32mloss:  2.7194  [38;2;180;60;0mgrad_norm:  0.6411  [38;2;54;234;195mmemory: 72.92GiB(91.79%)  [34mtps: 845  [36mtflops: 40.73  [35mmfu: 4.12%[39m
[rank0]:[titan] 2026-03-17 12:26:12,287 - root - INFO - [31mstep: 2551  [32mloss:  2.7180  [38;2;180;60;0mgrad_norm:  0.4559  [38;2;54;234;195mmemory: 72.92GiB(91.79%)  [34mtps: 846  [36mtflops: 40.76  [35mmfu: 4.12%[39m
[rank0]:[titan] 2026-03-17 12:26:14,711 - root - INFO - [31mstep: 2552  [32mloss:  2.7555  [38;2;180;60;0mgrad_norm:  0.7882  [38;2;54;234;195mmemory: 72.92GiB(91.79%)  [34mtps: 845  [36mtflops: 40.73  [35mmfu: 4.12%[39m
[rank0]:[titan] 2026-03-17 12:26:17,134 - root - INFO - [31mstep: 2553  [32mloss:  2.7186  [38;2;180;60;0mgrad_norm:  0.7487  [38;2;54;234;195mmemory: 72.92GiB(91.79%)  [34mtps: 845  [36mtflops: 40.73  [35mmfu: 4.12%[39m
[rank0]:[titan] 2026-03-17 12:26:19,553 - root - INFO - [31mstep: 2554  [32mloss:  2.7268  [38;2;180;60;0mgrad_norm:  0.5812  [38;2;54;234;195mmemory: 72.92GiB(91.79%)  [34mtps: 847  [36mtflops: 40.79  [35mmfu: 4.12%[39m
[rank0]:[titan] 2026-03-17 12:26:21,973 - root - INFO - [31mstep: 2555  [32mloss:  2.6683  [38;2;180;60;0mgrad_norm:  0.7442  [38;2;54;234;195mmemory: 72.92GiB(91.79%)  [34mtps: 847  [36mtflops: 40.79  [35mmfu: 4.12%[39m
[rank0]:[titan] 2026-03-17 12:26:24,397 - root - INFO - [31mstep: 2556  [32mloss:  2.6367  [38;2;180;60;0mgrad_norm:  0.6159  [38;2;54;234;195mmemory: 72.92GiB(91.79%)  [34mtps: 845  [36mtflops: 40.73  [35mmfu: 4.12%[39m
[rank0]:[titan] 2026-03-17 12:26:26,823 - root - INFO - [31mstep: 2557  [32mloss:  2.6582  [38;2;180;60;0mgrad_norm:  0.7259  [38;2;54;234;195mmemory: 72.92GiB(91.79%)  [34mtps: 844  [36mtflops: 40.68  [35mmfu: 4.11%[39m
[rank0]:[titan] 2026-03-17 12:26:29,244 - root - INFO - [31mstep: 2558  [32mloss:  2.6407  [38;2;180;60;0mgrad_norm:  0.6745  [38;2;54;234;195mmemory: 72.92GiB(91.79%)  [34mtps: 846  [36mtflops: 40.76  [35mmfu: 4.12%[39m
[rank0]:[titan] 2026-03-17 12:26:31,664 - root - INFO - [31mstep: 2559  [32mloss:  2.7152  [38;2;180;60;0mgrad_norm:  0.9864  [38;2;54;234;195mmemory: 72.92GiB(91.79%)  [34mtps: 847  [36mtflops: 40.79  [35mmfu: 4.12%[39m
[rank0]:[titan] 2026-03-17 12:26:34,093 - root - INFO - [31mstep: 2560  [32mloss:  2.6797  [38;2;180;60;0mgrad_norm:  0.7847  [38;2;54;234;195mmemory: 72.92GiB(91.79%)  [34mtps: 844  [36mtflops: 40.64  [35mmfu: 4.11%[39m
[rank0]:[titan] 2026-03-17 12:26:36,516 - root - INFO - [31mstep: 2561  [32mloss:  2.7464  [38;2;180;60;0mgrad_norm:  0.8466  [38;2;54;234;195mmemory: 72.92GiB(91.79%)  [34mtps: 845  [36mtflops: 40.73  [35mmfu: 4.12%[39m
[rank0]:[titan] 2026-03-17 12:26:38,941 - root - INFO - [31mstep: 2562  [32mloss:  2.6993  [38;2;180;60;0mgrad_norm:  1.0930  [38;2;54;234;195mmemory: 72.92GiB(91.79%)  [34mtps: 845  [36mtflops: 40.69  [35mmfu: 4.11%[39m
[rank0]:[titan] 2026-03-17 12:26:41,361 - root - INFO - [31mstep: 2563  [32mloss:  2.7512  [38;2;180;60;0mgrad_norm:  0.7707  [38;2;54;234;195mmemory: 72.92GiB(91.79%)  [34mtps: 847  [36mtflops: 40.80  [35mmfu: 4.13%[39m
[rank0]:[titan] 2026-03-17 12:26:43,782 - root - INFO - [31mstep: 2564  [32mloss:  2.6686  [38;2;180;60;0mgrad_norm:  0.6502  [38;2;54;234;195mmemory: 72.92GiB(91.79%)  [34mtps: 846  [36mtflops: 40.76  [35mmfu: 4.12%[39m
[rank0]:[titan] 2026-03-17 12:26:46,206 - root - INFO - [31mstep: 2565  [32mloss:  2.6714  [38;2;180;60;0mgrad_norm:  1.0203  [38;2;54;234;195mmemory: 72.92GiB(91.79%)  [34mtps: 845  [36mtflops: 40.73  [35mmfu: 4.12%[39m
[rank0]:[titan] 2026-03-17 12:26:48,635 - root - INFO - [31mstep: 2566  [32mloss:  2.6846  [38;2;180;60;0mgrad_norm:  1.2042  [38;2;54;234;195mmemory: 72.92GiB(91.79%)  [34mtps: 843  [36mtflops: 40.63  [35mmfu: 4.11%[39m
[rank0]:[titan] 2026-03-17 12:26:51,055 - root - INFO - [31mstep: 2567  [32mloss:  2.6490  [38;2;180;60;0mgrad_norm:  0.9833  [38;2;54;234;195mmemory: 72.92GiB(91.79%)  [34mtps: 847  [36mtflops: 40.79  [35mmfu: 4.12%[39m
[rank0]:[titan] 2026-03-17 12:26:53,476 - root - INFO - [31mstep: 2568  [32mloss:  2.6776  [38;2;180;60;0mgrad_norm:  0.7761  [38;2;54;234;195mmemory: 72.92GiB(91.79%)  [34mtps: 846  [36mtflops: 40.76  [35mmfu: 4.12%[39m
[rank0]:[titan] 2026-03-17 12:26:55,900 - root - INFO - [31mstep: 2569  [32mloss:  2.6778  [38;2;180;60;0mgrad_norm:  1.2270  [38;2;54;234;195mmemory: 72.92GiB(91.79%)  [34mtps: 845  [36mtflops: 40.72  [35mmfu: 4.12%[39m
[rank0]:[titan] 2026-03-17 12:26:58,320 - root - INFO - [31mstep: 2570  [32mloss:  2.6488  [38;2;180;60;0mgrad_norm:  1.0892  [38;2;54;234;195mmemory: 72.92GiB(91.79%)  [34mtps: 846  [36mtflops: 40.78  [35mmfu: 4.12%[39m
[rank0]:[titan] 2026-03-17 12:27:00,747 - root - INFO - [31mstep: 2571  [32mloss:  2.6835  [38;2;180;60;0mgrad_norm:  1.1311  [38;2;54;234;195mmemory: 72.92GiB(91.79%)  [34mtps: 844  [36mtflops: 40.68  [35mmfu: 4.11%[39m
[rank0]:[titan] 2026-03-17 12:27:03,175 - root - INFO - [31mstep: 2572  [32mloss:  2.6488  [38;2;180;60;0mgrad_norm:  1.0053  [38;2;54;234;195mmemory: 72.92GiB(91.79%)  [34mtps: 844  [36mtflops: 40.66  [35mmfu: 4.11%[39m
[rank0]:[titan] 2026-03-17 12:27:05,594 - root - INFO - [31mstep: 2573  [32mloss:  2.6739  [38;2;180;60;0mgrad_norm:  0.9405  [38;2;54;234;195mmemory: 72.92GiB(91.79%)  [34mtps: 847  [36mtflops: 40.79  [35mmfu: 4.12%[39m
[rank0]:[titan] 2026-03-17 12:27:08,020 - root - INFO - [31mstep: 2574  [32mloss:  2.6346  [38;2;180;60;0mgrad_norm:  0.7943  [38;2;54;234;195mmemory: 72.92GiB(91.79%)  [34mtps: 844  [36mtflops: 40.69  [35mmfu: 4.11%[39m
[rank0]:[titan] 2026-03-17 12:27:10,448 - root - INFO - [31mstep: 2575  [32mloss:  2.6542  [38;2;180;60;0mgrad_norm:  0.5527  [38;2;54;234;195mmemory: 72.92GiB(91.79%)  [34mtps: 844  [36mtflops: 40.65  [35mmfu: 4.11%[39m
[rank0]:[titan] 2026-03-17 12:27:12,867 - root - INFO - [31mstep: 2576  [32mloss:  2.7029  [38;2;180;60;0mgrad_norm:  0.7646  [38;2;54;234;195mmemory: 72.92GiB(91.79%)  [34mtps: 847  [36mtflops: 40.81  [35mmfu: 4.13%[39m
[rank0]:[titan] 2026-03-17 12:27:15,290 - root - INFO - [31mstep: 2577  [32mloss:  2.7225  [38;2;180;60;0mgrad_norm:  0.9232  [38;2;54;234;195mmemory: 72.92GiB(91.79%)  [34mtps: 845  [36mtflops: 40.74  [35mmfu: 4.12%[39m
[rank0]:[titan] 2026-03-17 12:27:17,711 - root - INFO - [31mstep: 2578  [32mloss:  2.6529  [38;2;180;60;0mgrad_norm:  0.8937  [38;2;54;234;195mmemory: 72.92GiB(91.79%)  [34mtps: 846  [36mtflops: 40.77  [35mmfu: 4.12%[39m
[rank0]:[titan] 2026-03-17 12:27:20,131 - root - INFO - [31mstep: 2579  [32mloss:  2.7066  [38;2;180;60;0mgrad_norm:  0.6072  [38;2;54;234;195mmemory: 72.92GiB(91.79%)  [34mtps: 847  [36mtflops: 40.79  [35mmfu: 4.12%[39m
[rank0]:[titan] 2026-03-17 12:27:22,563 - root - INFO - [31mstep: 2580  [32mloss:  2.6557  [38;2;180;60;0mgrad_norm:  0.7883  [38;2;54;234;195mmemory: 72.92GiB(91.79%)  [34mtps: 842  [36mtflops: 40.57  [35mmfu: 4.10%[39m
[rank0]:[titan] 2026-03-17 12:27:24,983 - root - INFO - [31mstep: 2581  [32mloss:  2.7134  [38;2;180;60;0mgrad_norm:  0.9894  [38;2;54;234;195mmemory: 72.92GiB(91.79%)  [34mtps: 847  [36mtflops: 40.79  [35mmfu: 4.12%[39m
[rank0]:[titan] 2026-03-17 12:27:27,409 - root - INFO - [31mstep: 2582  [32mloss:  2.7687  [38;2;180;60;0mgrad_norm:  0.7446  [38;2;54;234;195mmemory: 72.92GiB(91.79%)  [34mtps: 844  [36mtflops: 40.69  [35mmfu: 4.11%[39m
[rank0]:[titan] 2026-03-17 12:27:29,829 - root - INFO - [31mstep: 2583  [32mloss:  2.7001  [38;2;180;60;0mgrad_norm:  0.9018  [38;2;54;234;195mmemory: 72.92GiB(91.79%)  [34mtps: 846  [36mtflops: 40.78  [35mmfu: 4.12%[39m
[rank0]:[titan] 2026-03-17 12:27:32,249 - root - INFO - [31mstep: 2584  [32mloss:  2.7036  [38;2;180;60;0mgrad_norm:  1.0086  [38;2;54;234;195mmemory: 72.92GiB(91.79%)  [34mtps: 847  [36mtflops: 40.79  [35mmfu: 4.12%[39m
[rank0]:[titan] 2026-03-17 12:27:34,669 - root - INFO - [31mstep: 2585  [32mloss:  2.7499  [38;2;180;60;0mgrad_norm:  0.7649  [38;2;54;234;195mmemory: 72.92GiB(91.79%)  [34mtps: 846  [36mtflops: 40.79  [35mmfu: 4.12%[39m
[rank0]:[titan] 2026-03-17 12:27:37,099 - root - INFO - [31mstep: 2586  [32mloss:  2.7337  [38;2;180;60;0mgrad_norm:  0.9211  [38;2;54;234;195mmemory: 72.92GiB(91.79%)  [34mtps: 843  [36mtflops: 40.62  [35mmfu: 4.11%[39m
[rank0]:[titan] 2026-03-17 12:27:39,526 - root - INFO - [31mstep: 2587  [32mloss:  2.6929  [38;2;180;60;0mgrad_norm:  0.7943  [38;2;54;234;195mmemory: 72.92GiB(91.79%)  [34mtps: 844  [36mtflops: 40.66  [35mmfu: 4.11%[39m
[rank0]:[titan] 2026-03-17 12:27:41,949 - root - INFO - [31mstep: 2588  [32mloss:  2.6673  [38;2;180;60;0mgrad_norm:  0.9737  [38;2;54;234;195mmemory: 72.92GiB(91.79%)  [34mtps: 846  [36mtflops: 40.74  [35mmfu: 4.12%[39m
[rank0]:[titan] 2026-03-17 12:27:44,371 - root - INFO - [31mstep: 2589  [32mloss:  2.6538  [38;2;180;60;0mgrad_norm:  0.9236  [38;2;54;234;195mmemory: 72.92GiB(91.79%)  [34mtps: 846  [36mtflops: 40.76  [35mmfu: 4.12%[39m
[rank0]:[titan] 2026-03-17 12:27:46,792 - root - INFO - [31mstep: 2590  [32mloss:  2.6584  [38;2;180;60;0mgrad_norm:  0.8459  [38;2;54;234;195mmemory: 72.92GiB(91.79%)  [34mtps: 846  [36mtflops: 40.77  [35mmfu: 4.12%[39m
[rank0]:[titan] 2026-03-17 12:27:49,215 - root - INFO - [31mstep: 2591  [32mloss:  2.6753  [38;2;180;60;0mgrad_norm:  1.1616  [38;2;54;234;195mmemory: 72.92GiB(91.79%)  [34mtps: 845  [36mtflops: 40.73  [35mmfu: 4.12%[39m
[rank0]:[titan] 2026-03-17 12:27:51,635 - root - INFO - [31mstep: 2592  [32mloss:  2.7501  [38;2;180;60;0mgrad_norm:  0.9604  [38;2;54;234;195mmemory: 72.92GiB(91.79%)  [34mtps: 846  [36mtflops: 40.78  [35mmfu: 4.12%[39m
[rank0]:[titan] 2026-03-17 12:27:54,060 - root - INFO - [31mstep: 2593  [32mloss:  2.6798  [38;2;180;60;0mgrad_norm:  1.1530  [38;2;54;234;195mmemory: 72.92GiB(91.79%)  [34mtps: 845  [36mtflops: 40.70  [35mmfu: 4.12%[39m
[rank0]:[titan] 2026-03-17 12:27:56,480 - root - INFO - [31mstep: 2594  [32mloss:  2.7150  [38;2;180;60;0mgrad_norm:  1.3731  [38;2;54;234;195mmemory: 72.92GiB(91.79%)  [34mtps: 847  [36mtflops: 40.79  [35mmfu: 4.12%[39m
[rank0]:[titan] 2026-03-17 12:27:58,904 - root - INFO - [31mstep: 2595  [32mloss:  2.7218  [38;2;180;60;0mgrad_norm:  1.1990  [38;2;54;234;195mmemory: 72.92GiB(91.79%)  [34mtps: 845  [36mtflops: 40.72  [35mmfu: 4.12%[39m
[rank0]:[titan] 2026-03-17 12:28:01,324 - root - INFO - [31mstep: 2596  [32mloss:  2.7741  [38;2;180;60;0mgrad_norm:  1.1471  [38;2;54;234;195mmemory: 72.92GiB(91.79%)  [34mtps: 846  [36mtflops: 40.78  [35mmfu: 4.12%[39m
[rank0]:[titan] 2026-03-17 12:28:03,743 - root - INFO - [31mstep: 2597  [32mloss:  2.6995  [38;2;180;60;0mgrad_norm:  1.2479  [38;2;54;234;195mmemory: 72.92GiB(91.79%)  [34mtps: 847  [36mtflops: 40.80  [35mmfu: 4.12%[39m
[rank0]:[titan] 2026-03-17 12:28:06,167 - root - INFO - [31mstep: 2598  [32mloss:  2.6960  [38;2;180;60;0mgrad_norm:  0.9589  [38;2;54;234;195mmemory: 72.92GiB(91.79%)  [34mtps: 845  [36mtflops: 40.72  [35mmfu: 4.12%[39m
[rank0]:[titan] 2026-03-17 12:28:08,600 - root - INFO - [31mstep: 2599  [32mloss:  2.6960  [38;2;180;60;0mgrad_norm:  1.1172  [38;2;54;234;195mmemory: 72.92GiB(91.79%)  [34mtps: 842  [36mtflops: 40.58  [35mmfu: 4.10%[39m
[rank0]:[titan] 2026-03-17 12:28:11,027 - root - INFO - [31mstep: 2600  [32mloss:  2.6924  [38;2;180;60;0mgrad_norm:  0.9630  [38;2;54;234;195mmemory: 72.92GiB(91.79%)  [34mtps: 844  [36mtflops: 40.67  [35mmfu: 4.11%[39m
[rank0]:[titan] 2026-03-17 12:28:13,447 - root - INFO - [31mstep: 2601  [32mloss:  2.6989  [38;2;180;60;0mgrad_norm:  0.8545  [38;2;54;234;195mmemory: 72.92GiB(91.79%)  [34mtps: 846  [36mtflops: 40.77  [35mmfu: 4.12%[39m
[rank0]:[titan] 2026-03-17 12:28:15,880 - root - INFO - [31mstep: 2602  [32mloss:  2.7002  [38;2;180;60;0mgrad_norm:  1.0068  [38;2;54;234;195mmemory: 72.92GiB(91.79%)  [34mtps: 842  [36mtflops: 40.57  [35mmfu: 4.10%[39m
[rank0]:[titan] 2026-03-17 12:28:18,310 - root - INFO - [31mstep: 2603  [32mloss:  2.6346  [38;2;180;60;0mgrad_norm:  0.5974  [38;2;54;234;195mmemory: 72.92GiB(91.79%)  [34mtps: 843  [36mtflops: 40.62  [35mmfu: 4.11%[39m
[rank0]:[titan] 2026-03-17 12:28:20,730 - root - INFO - [31mstep: 2604  [32mloss:  2.6428  [38;2;180;60;0mgrad_norm:  1.1394  [38;2;54;234;195mmemory: 72.92GiB(91.79%)  [34mtps: 846  [36mtflops: 40.78  [35mmfu: 4.12%[39m
[rank0]:[titan] 2026-03-17 12:28:23,153 - root - INFO - [31mstep: 2605  [32mloss:  2.6466  [38;2;180;60;0mgrad_norm:  0.9001  [38;2;54;234;195mmemory: 72.92GiB(91.79%)  [34mtps: 846  [36mtflops: 40.74  [35mmfu: 4.12%[39m
[rank0]:[titan] 2026-03-17 12:28:25,576 - root - INFO - [31mstep: 2606  [32mloss:  2.6695  [38;2;180;60;0mgrad_norm:  0.8765  [38;2;54;234;195mmemory: 72.92GiB(91.79%)  [34mtps: 845  [36mtflops: 40.73  [35mmfu: 4.12%[39m
[rank0]:[titan] 2026-03-17 12:28:28,002 - root - INFO - [31mstep: 2607  [32mloss:  2.6176  [38;2;180;60;0mgrad_norm:  0.9650  [38;2;54;234;195mmemory: 72.92GiB(91.79%)  [34mtps: 844  [36mtflops: 40.68  [35mmfu: 4.11%[39m
[rank0]:[titan] 2026-03-17 12:28:30,425 - root - INFO - [31mstep: 2608  [32mloss:  2.7759  [38;2;180;60;0mgrad_norm:  1.0509  [38;2;54;234;195mmemory: 72.92GiB(91.79%)  [34mtps: 845  [36mtflops: 40.73  [35mmfu: 4.12%[39m
[rank0]:[titan] 2026-03-17 12:28:32,852 - root - INFO - [31mstep: 2609  [32mloss:  2.7547  [38;2;180;60;0mgrad_norm:  0.7921  [38;2;54;234;195mmemory: 72.92GiB(91.79%)  [34mtps: 844  [36mtflops: 40.67  [35mmfu: 4.11%[39m
[rank0]:[titan] 2026-03-17 12:28:35,275 - root - INFO - [31mstep: 2610  [32mloss:  2.6597  [38;2;180;60;0mgrad_norm:  0.9356  [38;2;54;234;195mmemory: 72.92GiB(91.79%)  [34mtps: 846  [36mtflops: 40.75  [35mmfu: 4.12%[39m
[rank0]:[titan] 2026-03-17 12:28:37,702 - root - INFO - [31mstep: 2611  [32mloss:  2.6309  [38;2;180;60;0mgrad_norm:  0.9065  [38;2;54;234;195mmemory: 72.92GiB(91.79%)  [34mtps: 844  [36mtflops: 40.67  [35mmfu: 4.11%[39m
[rank0]:[titan] 2026-03-17 12:28:40,128 - root - INFO - [31mstep: 2612  [32mloss:  2.6355  [38;2;180;60;0mgrad_norm:  1.0542  [38;2;54;234;195mmemory: 72.92GiB(91.79%)  [34mtps: 844  [36mtflops: 40.69  [35mmfu: 4.11%[39m
[rank0]:[titan] 2026-03-17 12:28:42,550 - root - INFO - [31mstep: 2613  [32mloss:  2.6651  [38;2;180;60;0mgrad_norm:  0.8703  [38;2;54;234;195mmemory: 72.92GiB(91.79%)  [34mtps: 846  [36mtflops: 40.75  [35mmfu: 4.12%[39m
[rank0]:[titan] 2026-03-17 12:28:44,971 - root - INFO - [31mstep: 2614  [32mloss:  2.6858  [38;2;180;60;0mgrad_norm:  0.8589  [38;2;54;234;195mmemory: 72.92GiB(91.79%)  [34mtps: 846  [36mtflops: 40.76  [35mmfu: 4.12%[39m
[rank0]:[titan] 2026-03-17 12:28:47,393 - root - INFO - [31mstep: 2615  [32mloss:  2.6688  [38;2;180;60;0mgrad_norm:  0.8786  [38;2;54;234;195mmemory: 72.92GiB(91.79%)  [34mtps: 846  [36mtflops: 40.75  [35mmfu: 4.12%[39m
[rank0]:[titan] 2026-03-17 12:28:49,815 - root - INFO - [31mstep: 2616  [32mloss:  2.6809  [38;2;180;60;0mgrad_norm:  0.9271  [38;2;54;234;195mmemory: 72.92GiB(91.79%)  [34mtps: 846  [36mtflops: 40.75  [35mmfu: 4.12%[39m
[rank0]:[titan] 2026-03-17 12:28:52,235 - root - INFO - [31mstep: 2617  [32mloss:  2.6542  [38;2;180;60;0mgrad_norm:  0.7905  [38;2;54;234;195mmemory: 72.92GiB(91.79%)  [34mtps: 847  [36mtflops: 40.80  [35mmfu: 4.13%[39m
[rank0]:[titan] 2026-03-17 12:28:54,657 - root - INFO - [31mstep: 2618  [32mloss:  2.7109  [38;2;180;60;0mgrad_norm:  0.8206  [38;2;54;234;195mmemory: 72.92GiB(91.79%)  [34mtps: 846  [36mtflops: 40.74  [35mmfu: 4.12%[39m
[rank0]:[titan] 2026-03-17 12:28:57,079 - root - INFO - [31mstep: 2619  [32mloss:  2.7001  [38;2;180;60;0mgrad_norm:  0.9399  [38;2;54;234;195mmemory: 72.92GiB(91.79%)  [34mtps: 846  [36mtflops: 40.76  [35mmfu: 4.12%[39m
[rank0]:[titan] 2026-03-17 12:28:59,517 - root - INFO - [31mstep: 2620  [32mloss:  2.7157  [38;2;180;60;0mgrad_norm:  0.7371  [38;2;54;234;195mmemory: 72.92GiB(91.79%)  [34mtps: 840  [36mtflops: 40.48  [35mmfu: 4.09%[39m
[rank0]:[titan] 2026-03-17 12:29:01,945 - root - INFO - [31mstep: 2621  [32mloss:  2.7424  [38;2;180;60;0mgrad_norm:  1.1387  [38;2;54;234;195mmemory: 72.92GiB(91.79%)  [34mtps: 844  [36mtflops: 40.65  [35mmfu: 4.11%[39m
[rank0]:[titan] 2026-03-17 12:29:04,371 - root - INFO - [31mstep: 2622  [32mloss:  2.7162  [38;2;180;60;0mgrad_norm:  1.2585  [38;2;54;234;195mmemory: 72.92GiB(91.79%)  [34mtps: 845  [36mtflops: 40.69  [35mmfu: 4.11%[39m
[rank0]:[titan] 2026-03-17 12:29:06,792 - root - INFO - [31mstep: 2623  [32mloss:  2.6639  [38;2;180;60;0mgrad_norm:  1.0495  [38;2;54;234;195mmemory: 72.92GiB(91.79%)  [34mtps: 846  [36mtflops: 40.76  [35mmfu: 4.12%[39m
[rank0]:[titan] 2026-03-17 12:29:09,219 - root - INFO - [31mstep: 2624  [32mloss:  2.7448  [38;2;180;60;0mgrad_norm:  1.2017  [38;2;54;234;195mmemory: 72.92GiB(91.79%)  [34mtps: 844  [36mtflops: 40.67  [35mmfu: 4.11%[39m
[rank0]:[titan] 2026-03-17 12:29:11,641 - root - INFO - [31mstep: 2625  [32mloss:  2.6898  [38;2;180;60;0mgrad_norm:  0.8151  [38;2;54;234;195mmemory: 72.92GiB(91.79%)  [34mtps: 846  [36mtflops: 40.75  [35mmfu: 4.12%[39m
[rank0]:[titan] 2026-03-17 12:29:14,061 - root - INFO - [31mstep: 2626  [32mloss:  2.6916  [38;2;180;60;0mgrad_norm:  1.0296  [38;2;54;234;195mmemory: 72.92GiB(91.79%)  [34mtps: 846  [36mtflops: 40.78  [35mmfu: 4.12%[39m
[rank0]:[titan] 2026-03-17 12:29:16,486 - root - INFO - [31mstep: 2627  [32mloss:  2.6684  [38;2;180;60;0mgrad_norm:  0.9936  [38;2;54;234;195mmemory: 72.92GiB(91.79%)  [34mtps: 845  [36mtflops: 40.70  [35mmfu: 4.12%[39m
[rank0]:[titan] 2026-03-17 12:29:18,906 - root - INFO - [31mstep: 2628  [32mloss:  2.6780  [38;2;180;60;0mgrad_norm:  0.8741  [38;2;54;234;195mmemory: 72.92GiB(91.79%)  [34mtps: 847  [36mtflops: 40.79  [35mmfu: 4.12%[39m
[rank0]:[titan] 2026-03-17 12:29:21,332 - root - INFO - [31mstep: 2629  [32mloss:  2.6428  [38;2;180;60;0mgrad_norm:  1.0421  [38;2;54;234;195mmemory: 72.92GiB(91.79%)  [34mtps: 844  [36mtflops: 40.69  [35mmfu: 4.11%[39m
[rank0]:[titan] 2026-03-17 12:29:23,752 - root - INFO - [31mstep: 2630  [32mloss:  2.7043  [38;2;180;60;0mgrad_norm:  0.9362  [38;2;54;234;195mmemory: 72.92GiB(91.79%)  [34mtps: 846  [36mtflops: 40.78  [35mmfu: 4.12%[39m
[rank0]:[titan] 2026-03-17 12:29:26,171 - root - INFO - [31mstep: 2631  [32mloss:  2.6552  [38;2;180;60;0mgrad_norm:  0.9417  [38;2;54;234;195mmemory: 72.92GiB(91.79%)  [34mtps: 847  [36mtflops: 40.81  [35mmfu: 4.13%[39m
[rank0]:[titan] 2026-03-17 12:29:28,592 - root - INFO - [31mstep: 2632  [32mloss:  2.6473  [38;2;180;60;0mgrad_norm:  1.0066  [38;2;54;234;195mmemory: 72.92GiB(91.79%)  [34mtps: 846  [36mtflops: 40.78  [35mmfu: 4.12%[39m
[rank0]:[titan] 2026-03-17 12:29:31,017 - root - INFO - [31mstep: 2633  [32mloss:  2.6622  [38;2;180;60;0mgrad_norm:  0.8723  [38;2;54;234;195mmemory: 72.92GiB(91.79%)  [34mtps: 844  [36mtflops: 40.69  [35mmfu: 4.11%[39m
[rank0]:[titan] 2026-03-17 12:29:33,439 - root - INFO - [31mstep: 2634  [32mloss:  2.6428  [38;2;180;60;0mgrad_norm:  0.7703  [38;2;54;234;195mmemory: 72.92GiB(91.79%)  [34mtps: 846  [36mtflops: 40.77  [35mmfu: 4.12%[39m
[rank0]:[titan] 2026-03-17 12:29:35,862 - root - INFO - [31mstep: 2635  [32mloss:  2.6385  [38;2;180;60;0mgrad_norm:  0.8954  [38;2;54;234;195mmemory: 72.92GiB(91.79%)  [34mtps: 845  [36mtflops: 40.73  [35mmfu: 4.12%[39m
[rank0]:[titan] 2026-03-17 12:29:38,293 - root - INFO - [31mstep: 2636  [32mloss:  2.6496  [38;2;180;60;0mgrad_norm:  0.8576  [38;2;54;234;195mmemory: 72.92GiB(91.79%)  [34mtps: 843  [36mtflops: 40.60  [35mmfu: 4.11%[39m
[rank0]:[titan] 2026-03-17 12:29:40,712 - root - INFO - [31mstep: 2637  [32mloss:  2.6697  [38;2;180;60;0mgrad_norm:  0.7057  [38;2;54;234;195mmemory: 72.92GiB(91.79%)  [34mtps: 847  [36mtflops: 40.79  [35mmfu: 4.12%[39m
[rank0]:[titan] 2026-03-17 12:29:43,139 - root - INFO - [31mstep: 2638  [32mloss:  2.6393  [38;2;180;60;0mgrad_norm:  0.8379  [38;2;54;234;195mmemory: 72.92GiB(91.79%)  [34mtps: 844  [36mtflops: 40.67  [35mmfu: 4.11%[39m
[rank0]:[titan] 2026-03-17 12:29:45,564 - root - INFO - [31mstep: 2639  [32mloss:  2.6332  [38;2;180;60;0mgrad_norm:  0.7853  [38;2;54;234;195mmemory: 72.92GiB(91.79%)  [34mtps: 845  [36mtflops: 40.71  [35mmfu: 4.12%[39m
[rank0]:[titan] 2026-03-17 12:29:47,993 - root - INFO - [31mstep: 2640  [32mloss:  2.6192  [38;2;180;60;0mgrad_norm:  0.7714  [38;2;54;234;195mmemory: 72.92GiB(91.79%)  [34mtps: 843  [36mtflops: 40.63  [35mmfu: 4.11%[39m
[rank0]:[titan] 2026-03-17 12:29:50,417 - root - INFO - [31mstep: 2641  [32mloss:  2.6700  [38;2;180;60;0mgrad_norm:  0.5999  [38;2;54;234;195mmemory: 72.92GiB(91.79%)  [34mtps: 845  [36mtflops: 40.72  [35mmfu: 4.12%[39m
[rank0]:[titan] 2026-03-17 12:29:52,840 - root - INFO - [31mstep: 2642  [32mloss:  2.6167  [38;2;180;60;0mgrad_norm:  0.8773  [38;2;54;234;195mmemory: 72.92GiB(91.79%)  [34mtps: 845  [36mtflops: 40.72  [35mmfu: 4.12%[39m
[rank0]:[titan] 2026-03-17 12:29:55,262 - root - INFO - [31mstep: 2643  [32mloss:  2.6548  [38;2;180;60;0mgrad_norm:  0.5548  [38;2;54;234;195mmemory: 72.92GiB(91.79%)  [34mtps: 846  [36mtflops: 40.76  [35mmfu: 4.12%[39m
[rank0]:[titan] 2026-03-17 12:29:57,688 - root - INFO - [31mstep: 2644  [32mloss:  2.6987  [38;2;180;60;0mgrad_norm:  0.6906  [38;2;54;234;195mmemory: 72.92GiB(91.79%)  [34mtps: 844  [36mtflops: 40.68  [35mmfu: 4.11%[39m
[rank0]:[titan] 2026-03-17 12:30:00,108 - root - INFO - [31mstep: 2645  [32mloss:  2.6647  [38;2;180;60;0mgrad_norm:  0.9784  [38;2;54;234;195mmemory: 72.92GiB(91.79%)  [34mtps: 846  [36mtflops: 40.78  [35mmfu: 4.12%[39m
[rank0]:[titan] 2026-03-17 12:30:02,530 - root - INFO - [31mstep: 2646  [32mloss:  2.6885  [38;2;180;60;0mgrad_norm:  0.6164  [38;2;54;234;195mmemory: 72.92GiB(91.79%)  [34mtps: 846  [36mtflops: 40.75  [35mmfu: 4.12%[39m
[rank0]:[titan] 2026-03-17 12:30:04,957 - root - INFO - [31mstep: 2647  [32mloss:  2.6587  [38;2;180;60;0mgrad_norm:  0.6038  [38;2;54;234;195mmemory: 72.92GiB(91.79%)  [34mtps: 844  [36mtflops: 40.67  [35mmfu: 4.11%[39m
[rank0]:[titan] 2026-03-17 12:30:07,381 - root - INFO - [31mstep: 2648  [32mloss:  2.6382  [38;2;180;60;0mgrad_norm:  0.5950  [38;2;54;234;195mmemory: 72.92GiB(91.79%)  [34mtps: 845  [36mtflops: 40.71  [35mmfu: 4.12%[39m
[rank0]:[titan] 2026-03-17 12:30:09,808 - root - INFO - [31mstep: 2649  [32mloss:  2.6682  [38;2;180;60;0mgrad_norm:  0.9448  [38;2;54;234;195mmemory: 72.92GiB(91.79%)  [34mtps: 844  [36mtflops: 40.68  [35mmfu: 4.11%[39m
[rank0]:[titan] 2026-03-17 12:30:12,238 - root - INFO - [31mstep: 2650  [32mloss:  2.7435  [38;2;180;60;0mgrad_norm:  0.5852  [38;2;54;234;195mmemory: 72.92GiB(91.79%)  [34mtps: 843  [36mtflops: 40.60  [35mmfu: 4.11%[39m
[rank0]:[titan] 2026-03-17 12:30:14,659 - root - INFO - [31mstep: 2651  [32mloss:  2.6524  [38;2;180;60;0mgrad_norm:  0.8463  [38;2;54;234;195mmemory: 72.92GiB(91.79%)  [34mtps: 846  [36mtflops: 40.78  [35mmfu: 4.12%[39m
[rank0]:[titan] 2026-03-17 12:30:17,080 - root - INFO - [31mstep: 2652  [32mloss:  2.6824  [38;2;180;60;0mgrad_norm:  0.5837  [38;2;54;234;195mmemory: 72.92GiB(91.79%)  [34mtps: 846  [36mtflops: 40.76  [35mmfu: 4.12%[39m
[rank0]:[titan] 2026-03-17 12:30:19,502 - root - INFO - [31mstep: 2653  [32mloss:  2.6714  [38;2;180;60;0mgrad_norm:  0.7519  [38;2;54;234;195mmemory: 72.92GiB(91.79%)  [34mtps: 846  [36mtflops: 40.76  [35mmfu: 4.12%[39m
[rank0]:[titan] 2026-03-17 12:30:21,925 - root - INFO - [31mstep: 2654  [32mloss:  2.6750  [38;2;180;60;0mgrad_norm:  0.7194  [38;2;54;234;195mmemory: 72.92GiB(91.79%)  [34mtps: 845  [36mtflops: 40.73  [35mmfu: 4.12%[39m
[rank0]:[titan] 2026-03-17 12:30:24,354 - root - INFO - [31mstep: 2655  [32mloss:  2.6646  [38;2;180;60;0mgrad_norm:  0.6021  [38;2;54;234;195mmemory: 72.92GiB(91.79%)  [34mtps: 843  [36mtflops: 40.63  [35mmfu: 4.11%[39m
[rank0]:[titan] 2026-03-17 12:30:26,778 - root - INFO - [31mstep: 2656  [32mloss:  2.6112  [38;2;180;60;0mgrad_norm:  0.8852  [38;2;54;234;195mmemory: 72.92GiB(91.79%)  [34mtps: 845  [36mtflops: 40.72  [35mmfu: 4.12%[39m
[rank0]:[titan] 2026-03-17 12:30:29,198 - root - INFO - [31mstep: 2657  [32mloss:  2.6544  [38;2;180;60;0mgrad_norm:  0.9082  [38;2;54;234;195mmemory: 72.92GiB(91.79%)  [34mtps: 846  [36mtflops: 40.78  [35mmfu: 4.12%[39m
[rank0]:[titan] 2026-03-17 12:30:31,619 - root - INFO - [31mstep: 2658  [32mloss:  2.6400  [38;2;180;60;0mgrad_norm:  0.6210  [38;2;54;234;195mmemory: 72.92GiB(91.79%)  [34mtps: 846  [36mtflops: 40.77  [35mmfu: 4.12%[39m
[rank0]:[titan] 2026-03-17 12:30:34,042 - root - INFO - [31mstep: 2659  [32mloss:  2.6019  [38;2;180;60;0mgrad_norm:  0.8772  [38;2;54;234;195mmemory: 72.92GiB(91.79%)  [34mtps: 846  [36mtflops: 40.74  [35mmfu: 4.12%[39m
[rank0]:[titan] 2026-03-17 12:30:36,463 - root - INFO - [31mstep: 2660  [32mloss:  2.6490  [38;2;180;60;0mgrad_norm:  0.8144  [38;2;54;234;195mmemory: 72.92GiB(91.79%)  [34mtps: 846  [36mtflops: 40.77  [35mmfu: 4.12%[39m
[rank0]:[titan] 2026-03-17 12:30:38,892 - root - INFO - [31mstep: 2661  [32mloss:  2.5771  [38;2;180;60;0mgrad_norm:  0.6207  [38;2;54;234;195mmemory: 72.92GiB(91.79%)  [34mtps: 844  [36mtflops: 40.64  [35mmfu: 4.11%[39m
[rank0]:[titan] 2026-03-17 12:30:41,314 - root - INFO - [31mstep: 2662  [32mloss:  2.6652  [38;2;180;60;0mgrad_norm:  0.8820  [38;2;54;234;195mmemory: 72.92GiB(91.79%)  [34mtps: 846  [36mtflops: 40.75  [35mmfu: 4.12%[39m
[rank0]:[titan] 2026-03-17 12:30:43,733 - root - INFO - [31mstep: 2663  [32mloss:  2.6740  [38;2;180;60;0mgrad_norm:  0.6846  [38;2;54;234;195mmemory: 72.92GiB(91.79%)  [34mtps: 847  [36mtflops: 40.79  [35mmfu: 4.12%[39m
[rank0]:[titan] 2026-03-17 12:30:46,162 - root - INFO - [31mstep: 2664  [32mloss:  2.7254  [38;2;180;60;0mgrad_norm:  0.8530  [38;2;54;234;195mmemory: 72.92GiB(91.79%)  [34mtps: 843  [36mtflops: 40.64  [35mmfu: 4.11%[39m
[rank0]:[titan] 2026-03-17 12:30:48,593 - root - INFO - [31mstep: 2665  [32mloss:  2.6285  [38;2;180;60;0mgrad_norm:  0.6923  [38;2;54;234;195mmemory: 72.92GiB(91.79%)  [34mtps: 843  [36mtflops: 40.60  [35mmfu: 4.11%[39m
[rank0]:[titan] 2026-03-17 12:30:51,013 - root - INFO - [31mstep: 2666  [32mloss:  2.6285  [38;2;180;60;0mgrad_norm:  0.5923  [38;2;54;234;195mmemory: 72.92GiB(91.79%)  [34mtps: 847  [36mtflops: 40.79  [35mmfu: 4.12%[39m
[rank0]:[titan] 2026-03-17 12:30:53,437 - root - INFO - [31mstep: 2667  [32mloss:  2.6179  [38;2;180;60;0mgrad_norm:  0.7230  [38;2;54;234;195mmemory: 72.92GiB(91.79%)  [34mtps: 845  [36mtflops: 40.72  [35mmfu: 4.12%[39m
[rank0]:[titan] 2026-03-17 12:30:55,860 - root - INFO - [31mstep: 2668  [32mloss:  2.6265  [38;2;180;60;0mgrad_norm:  0.4998  [38;2;54;234;195mmemory: 72.92GiB(91.79%)  [34mtps: 845  [36mtflops: 40.73  [35mmfu: 4.12%[39m
[rank0]:[titan] 2026-03-17 12:30:58,280 - root - INFO - [31mstep: 2669  [32mloss:  2.6133  [38;2;180;60;0mgrad_norm:  0.6878  [38;2;54;234;195mmemory: 72.92GiB(91.79%)  [34mtps: 847  [36mtflops: 40.80  [35mmfu: 4.12%[39m
[rank0]:[titan] 2026-03-17 12:31:00,700 - root - INFO - [31mstep: 2670  [32mloss:  2.5894  [38;2;180;60;0mgrad_norm:  0.4444  [38;2;54;234;195mmemory: 72.92GiB(91.79%)  [34mtps: 846  [36mtflops: 40.78  [35mmfu: 4.12%[39m
[rank0]:[titan] 2026-03-17 12:31:03,122 - root - INFO - [31mstep: 2671  [32mloss:  2.6284  [38;2;180;60;0mgrad_norm:  0.6014  [38;2;54;234;195mmemory: 72.92GiB(91.79%)  [34mtps: 846  [36mtflops: 40.75  [35mmfu: 4.12%[39m
[rank0]:[titan] 2026-03-17 12:31:05,542 - root - INFO - [31mstep: 2672  [32mloss:  2.5778  [38;2;180;60;0mgrad_norm:  0.5739  [38;2;54;234;195mmemory: 72.92GiB(91.79%)  [34mtps: 846  [36mtflops: 40.78  [35mmfu: 4.12%[39m
[rank0]:[titan] 2026-03-17 12:31:07,968 - root - INFO - [31mstep: 2673  [32mloss:  2.5953  [38;2;180;60;0mgrad_norm:  0.6885  [38;2;54;234;195mmemory: 72.92GiB(91.79%)  [34mtps: 845  [36mtflops: 40.69  [35mmfu: 4.11%[39m
[rank0]:[titan] 2026-03-17 12:31:10,390 - root - INFO - [31mstep: 2674  [32mloss:  2.6524  [38;2;180;60;0mgrad_norm:  0.5673  [38;2;54;234;195mmemory: 72.92GiB(91.79%)  [34mtps: 846  [36mtflops: 40.76  [35mmfu: 4.12%[39m
[rank0]:[titan] 2026-03-17 12:31:12,823 - root - INFO - [31mstep: 2675  [32mloss:  2.6341  [38;2;180;60;0mgrad_norm:  0.8672  [38;2;54;234;195mmemory: 72.92GiB(91.79%)  [34mtps: 842  [36mtflops: 40.56  [35mmfu: 4.10%[39m
[rank0]:[titan] 2026-03-17 12:31:15,249 - root - INFO - [31mstep: 2676  [32mloss:  2.6262  [38;2;180;60;0mgrad_norm:  0.8713  [38;2;54;234;195mmemory: 72.92GiB(91.79%)  [34mtps: 844  [36mtflops: 40.69  [35mmfu: 4.11%[39m
[rank0]:[titan] 2026-03-17 12:31:17,671 - root - INFO - [31mstep: 2677  [32mloss:  2.5903  [38;2;180;60;0mgrad_norm:  0.6927  [38;2;54;234;195mmemory: 72.92GiB(91.79%)  [34mtps: 846  [36mtflops: 40.75  [35mmfu: 4.12%[39m
[rank0]:[titan] 2026-03-17 12:31:20,092 - root - INFO - [31mstep: 2678  [32mloss:  2.5742  [38;2;180;60;0mgrad_norm:  0.7620  [38;2;54;234;195mmemory: 72.92GiB(91.79%)  [34mtps: 846  [36mtflops: 40.77  [35mmfu: 4.12%[39m
[rank0]:[titan] 2026-03-17 12:31:22,520 - root - INFO - [31mstep: 2679  [32mloss:  2.5645  [38;2;180;60;0mgrad_norm:  0.8834  [38;2;54;234;195mmemory: 72.92GiB(91.79%)  [34mtps: 844  [36mtflops: 40.66  [35mmfu: 4.11%[39m
[rank0]:[titan] 2026-03-17 12:31:24,938 - root - INFO - [31mstep: 2680  [32mloss:  2.5940  [38;2;180;60;0mgrad_norm:  0.7015  [38;2;54;234;195mmemory: 72.92GiB(91.79%)  [34mtps: 847  [36mtflops: 40.81  [35mmfu: 4.13%[39m
[rank0]:[titan] 2026-03-17 12:31:27,359 - root - INFO - [31mstep: 2681  [32mloss:  2.6181  [38;2;180;60;0mgrad_norm:  0.9616  [38;2;54;234;195mmemory: 72.92GiB(91.79%)  [34mtps: 846  [36mtflops: 40.77  [35mmfu: 4.12%[39m
[rank0]:[titan] 2026-03-17 12:31:29,783 - root - INFO - [31mstep: 2682  [32mloss:  2.6276  [38;2;180;60;0mgrad_norm:  0.8768  [38;2;54;234;195mmemory: 72.92GiB(91.79%)  [34mtps: 845  [36mtflops: 40.73  [35mmfu: 4.12%[39m
[rank0]:[titan] 2026-03-17 12:31:32,213 - root - INFO - [31mstep: 2683  [32mloss:  2.5781  [38;2;180;60;0mgrad_norm:  0.7442  [38;2;54;234;195mmemory: 72.92GiB(91.79%)  [34mtps: 843  [36mtflops: 40.61  [35mmfu: 4.11%[39m
[rank0]:[titan] 2026-03-17 12:31:34,633 - root - INFO - [31mstep: 2684  [32mloss:  2.6237  [38;2;180;60;0mgrad_norm:  1.1150  [38;2;54;234;195mmemory: 72.92GiB(91.79%)  [34mtps: 846  [36mtflops: 40.78  [35mmfu: 4.12%[39m
[rank0]:[titan] 2026-03-17 12:31:37,052 - root - INFO - [31mstep: 2685  [32mloss:  2.6339  [38;2;180;60;0mgrad_norm:  0.8740  [38;2;54;234;195mmemory: 72.92GiB(91.79%)  [34mtps: 847  [36mtflops: 40.80  [35mmfu: 4.13%[39m
[rank0]:[titan] 2026-03-17 12:31:39,474 - root - INFO - [31mstep: 2686  [32mloss:  2.6523  [38;2;180;60;0mgrad_norm:  0.8381  [38;2;54;234;195mmemory: 72.92GiB(91.79%)  [34mtps: 846  [36mtflops: 40.76  [35mmfu: 4.12%[39m
[rank0]:[titan] 2026-03-17 12:31:41,901 - root - INFO - [31mstep: 2687  [32mloss:  2.6518  [38;2;180;60;0mgrad_norm:  1.7820  [38;2;54;234;195mmemory: 72.92GiB(91.79%)  [34mtps: 844  [36mtflops: 40.66  [35mmfu: 4.11%[39m
[rank0]:[titan] 2026-03-17 12:31:44,331 - root - INFO - [31mstep: 2688  [32mloss:  2.6996  [38;2;180;60;0mgrad_norm:  1.4332  [38;2;54;234;195mmemory: 72.92GiB(91.79%)  [34mtps: 843  [36mtflops: 40.61  [35mmfu: 4.11%[39m
[rank0]:[titan] 2026-03-17 12:31:46,753 - root - INFO - [31mstep: 2689  [32mloss:  2.6826  [38;2;180;60;0mgrad_norm:  1.2619  [38;2;54;234;195mmemory: 72.92GiB(91.79%)  [34mtps: 846  [36mtflops: 40.76  [35mmfu: 4.12%[39m
[rank0]:[titan] 2026-03-17 12:31:49,176 - root - INFO - [31mstep: 2690  [32mloss:  2.6356  [38;2;180;60;0mgrad_norm:  0.8604  [38;2;54;234;195mmemory: 72.92GiB(91.79%)  [34mtps: 846  [36mtflops: 40.74  [35mmfu: 4.12%[39m
[rank0]:[titan] 2026-03-17 12:31:51,601 - root - INFO - [31mstep: 2691  [32mloss:  2.6178  [38;2;180;60;0mgrad_norm:  0.8414  [38;2;54;234;195mmemory: 72.92GiB(91.79%)  [34mtps: 845  [36mtflops: 40.70  [35mmfu: 4.12%[39m
[rank0]:[titan] 2026-03-17 12:31:54,029 - root - INFO - [31mstep: 2692  [32mloss:  2.6229  [38;2;180;60;0mgrad_norm:  1.0903  [38;2;54;234;195mmemory: 72.92GiB(91.79%)  [34mtps: 844  [36mtflops: 40.66  [35mmfu: 4.11%[39m
[rank0]:[titan] 2026-03-17 12:31:56,452 - root - INFO - [31mstep: 2693  [32mloss:  2.6343  [38;2;180;60;0mgrad_norm:  1.1451  [38;2;54;234;195mmemory: 72.92GiB(91.79%)  [34mtps: 845  [36mtflops: 40.73  [35mmfu: 4.12%[39m
[rank0]:[titan] 2026-03-17 12:31:58,878 - root - INFO - [31mstep: 2694  [32mloss:  2.6565  [38;2;180;60;0mgrad_norm:  0.7523  [38;2;54;234;195mmemory: 72.92GiB(91.79%)  [34mtps: 844  [36mtflops: 40.67  [35mmfu: 4.11%[39m
[rank0]:[titan] 2026-03-17 12:32:01,300 - root - INFO - [31mstep: 2695  [32mloss:  2.6964  [38;2;180;60;0mgrad_norm:  1.0670  [38;2;54;234;195mmemory: 72.92GiB(91.79%)  [34mtps: 846  [36mtflops: 40.76  [35mmfu: 4.12%[39m
[rank0]:[titan] 2026-03-17 12:32:03,722 - root - INFO - [31mstep: 2696  [32mloss:  2.6919  [38;2;180;60;0mgrad_norm:  1.0197  [38;2;54;234;195mmemory: 72.92GiB(91.79%)  [34mtps: 846  [36mtflops: 40.75  [35mmfu: 4.12%[39m
[rank0]:[titan] 2026-03-17 12:32:06,149 - root - INFO - [31mstep: 2697  [32mloss:  2.6153  [38;2;180;60;0mgrad_norm:  1.0600  [38;2;54;234;195mmemory: 72.92GiB(91.79%)  [34mtps: 844  [36mtflops: 40.67  [35mmfu: 4.11%[39m
[rank0]:[titan] 2026-03-17 12:32:08,567 - root - INFO - [31mstep: 2698  [32mloss:  2.6350  [38;2;180;60;0mgrad_norm:  1.0266  [38;2;54;234;195mmemory: 72.92GiB(91.79%)  [34mtps: 847  [36mtflops: 40.81  [35mmfu: 4.13%[39m
[rank0]:[titan] 2026-03-17 12:32:10,991 - root - INFO - [31mstep: 2699  [32mloss:  2.6766  [38;2;180;60;0mgrad_norm:  0.8981  [38;2;54;234;195mmemory: 72.92GiB(91.79%)  [34mtps: 845  [36mtflops: 40.73  [35mmfu: 4.12%[39m
[rank0]:[titan] 2026-03-17 12:32:13,410 - root - INFO - [31mstep: 2700  [32mloss:  2.6334  [38;2;180;60;0mgrad_norm:  0.8776  [38;2;54;234;195mmemory: 72.92GiB(91.79%)  [34mtps: 847  [36mtflops: 40.79  [35mmfu: 4.12%[39m
[rank0]:[titan] 2026-03-17 12:32:15,832 - root - INFO - [31mstep: 2701  [32mloss:  2.6291  [38;2;180;60;0mgrad_norm:  0.9748  [38;2;54;234;195mmemory: 72.92GiB(91.79%)  [34mtps: 846  [36mtflops: 40.74  [35mmfu: 4.12%[39m
[rank0]:[titan] 2026-03-17 12:32:18,254 - root - INFO - [31mstep: 2702  [32mloss:  2.6693  [38;2;180;60;0mgrad_norm:  1.2849  [38;2;54;234;195mmemory: 72.92GiB(91.79%)  [34mtps: 846  [36mtflops: 40.75  [35mmfu: 4.12%[39m
[rank0]:[titan] 2026-03-17 12:32:20,675 - root - INFO - [31mstep: 2703  [32mloss:  2.6352  [38;2;180;60;0mgrad_norm:  0.8874  [38;2;54;234;195mmemory: 72.92GiB(91.79%)  [34mtps: 846  [36mtflops: 40.78  [35mmfu: 4.12%[39m
[rank0]:[titan] 2026-03-17 12:32:23,095 - root - INFO - [31mstep: 2704  [32mloss:  2.6598  [38;2;180;60;0mgrad_norm:  0.9026  [38;2;54;234;195mmemory: 72.92GiB(91.79%)  [34mtps: 846  [36mtflops: 40.78  [35mmfu: 4.12%[39m
[rank0]:[titan] 2026-03-17 12:32:25,519 - root - INFO - [31mstep: 2705  [32mloss:  2.6606  [38;2;180;60;0mgrad_norm:  1.1570  [38;2;54;234;195mmemory: 72.92GiB(91.79%)  [34mtps: 845  [36mtflops: 40.71  [35mmfu: 4.12%[39m
[rank0]:[titan] 2026-03-17 12:32:27,940 - root - INFO - [31mstep: 2706  [32mloss:  2.6650  [38;2;180;60;0mgrad_norm:  0.9072  [38;2;54;234;195mmemory: 72.92GiB(91.79%)  [34mtps: 846  [36mtflops: 40.77  [35mmfu: 4.12%[39m
[rank0]:[titan] 2026-03-17 12:32:30,365 - root - INFO - [31mstep: 2707  [32mloss:  2.7179  [38;2;180;60;0mgrad_norm:  1.0051  [38;2;54;234;195mmemory: 72.92GiB(91.79%)  [34mtps: 845  [36mtflops: 40.71  [35mmfu: 4.12%[39m
[rank0]:[titan] 2026-03-17 12:32:32,786 - root - INFO - [31mstep: 2708  [32mloss:  2.7019  [38;2;180;60;0mgrad_norm:  1.0730  [38;2;54;234;195mmemory: 72.92GiB(91.79%)  [34mtps: 846  [36mtflops: 40.77  [35mmfu: 4.12%[39m
[rank0]:[titan] 2026-03-17 12:32:35,210 - root - INFO - [31mstep: 2709  [32mloss:  2.6509  [38;2;180;60;0mgrad_norm:  0.6508  [38;2;54;234;195mmemory: 72.92GiB(91.79%)  [34mtps: 845  [36mtflops: 40.70  [35mmfu: 4.12%[39m
[rank0]:[titan] 2026-03-17 12:32:37,633 - root - INFO - [31mstep: 2710  [32mloss:  2.6954  [38;2;180;60;0mgrad_norm:  0.9584  [38;2;54;234;195mmemory: 72.92GiB(91.79%)  [34mtps: 846  [36mtflops: 40.75  [35mmfu: 4.12%[39m
[rank0]:[titan] 2026-03-17 12:32:40,054 - root - INFO - [31mstep: 2711  [32mloss:  2.6618  [38;2;180;60;0mgrad_norm:  0.8463  [38;2;54;234;195mmemory: 72.92GiB(91.79%)  [34mtps: 846  [36mtflops: 40.76  [35mmfu: 4.12%[39m
[rank0]:[titan] 2026-03-17 12:32:42,478 - root - INFO - [31mstep: 2712  [32mloss:  2.6310  [38;2;180;60;0mgrad_norm:  0.7127  [38;2;54;234;195mmemory: 72.92GiB(91.79%)  [34mtps: 845  [36mtflops: 40.73  [35mmfu: 4.12%[39m
[rank0]:[titan] 2026-03-17 12:32:44,899 - root - INFO - [31mstep: 2713  [32mloss:  2.6432  [38;2;180;60;0mgrad_norm:  0.6694  [38;2;54;234;195mmemory: 72.92GiB(91.79%)  [34mtps: 846  [36mtflops: 40.76  [35mmfu: 4.12%[39m
[rank0]:[titan] 2026-03-17 12:32:47,320 - root - INFO - [31mstep: 2714  [32mloss:  2.6801  [38;2;180;60;0mgrad_norm:  0.8343  [38;2;54;234;195mmemory: 72.92GiB(91.79%)  [34mtps: 846  [36mtflops: 40.77  [35mmfu: 4.12%[39m
[rank0]:[titan] 2026-03-17 12:32:49,742 - root - INFO - [31mstep: 2715  [32mloss:  2.6949  [38;2;180;60;0mgrad_norm:  0.9840  [38;2;54;234;195mmemory: 72.92GiB(91.79%)  [34mtps: 846  [36mtflops: 40.75  [35mmfu: 4.12%[39m
[rank0]:[titan] 2026-03-17 12:32:52,167 - root - INFO - [31mstep: 2716  [32mloss:  2.6675  [38;2;180;60;0mgrad_norm:  0.6029  [38;2;54;234;195mmemory: 72.92GiB(91.79%)  [34mtps: 845  [36mtflops: 40.69  [35mmfu: 4.11%[39m
[rank0]:[titan] 2026-03-17 12:32:54,589 - root - INFO - [31mstep: 2717  [32mloss:  2.6361  [38;2;180;60;0mgrad_norm:  1.0479  [38;2;54;234;195mmemory: 72.92GiB(91.79%)  [34mtps: 846  [36mtflops: 40.75  [35mmfu: 4.12%[39m
[rank0]:[titan] 2026-03-17 12:32:57,017 - root - INFO - [31mstep: 2718  [32mloss:  2.6183  [38;2;180;60;0mgrad_norm:  1.0219  [38;2;54;234;195mmemory: 72.92GiB(91.79%)  [34mtps: 844  [36mtflops: 40.65  [35mmfu: 4.11%[39m
[rank0]:[titan] 2026-03-17 12:32:59,436 - root - INFO - [31mstep: 2719  [32mloss:  2.6078  [38;2;180;60;0mgrad_norm:  0.8903  [38;2;54;234;195mmemory: 72.92GiB(91.79%)  [34mtps: 847  [36mtflops: 40.79  [35mmfu: 4.12%[39m
[rank0]:[titan] 2026-03-17 12:33:01,857 - root - INFO - [31mstep: 2720  [32mloss:  2.6934  [38;2;180;60;0mgrad_norm:  1.1224  [38;2;54;234;195mmemory: 72.92GiB(91.79%)  [34mtps: 846  [36mtflops: 40.77  [35mmfu: 4.12%[39m
[rank0]:[titan] 2026-03-17 12:33:04,282 - root - INFO - [31mstep: 2721  [32mloss:  2.6715  [38;2;180;60;0mgrad_norm:  0.9418  [38;2;54;234;195mmemory: 72.92GiB(91.79%)  [34mtps: 845  [36mtflops: 40.69  [35mmfu: 4.11%[39m
[rank0]:[titan] 2026-03-17 12:33:06,703 - root - INFO - [31mstep: 2722  [32mloss:  2.6953  [38;2;180;60;0mgrad_norm:  0.6992  [38;2;54;234;195mmemory: 72.92GiB(91.79%)  [34mtps: 846  [36mtflops: 40.77  [35mmfu: 4.12%[39m
[rank0]:[titan] 2026-03-17 12:33:09,123 - root - INFO - [31mstep: 2723  [32mloss:  2.7122  [38;2;180;60;0mgrad_norm:  0.9688  [38;2;54;234;195mmemory: 72.92GiB(91.79%)  [34mtps: 847  [36mtflops: 40.80  [35mmfu: 4.13%[39m
[rank0]:[titan] 2026-03-17 12:33:11,545 - root - INFO - [31mstep: 2724  [32mloss:  2.6600  [38;2;180;60;0mgrad_norm:  0.7098  [38;2;54;234;195mmemory: 72.92GiB(91.79%)  [34mtps: 846  [36mtflops: 40.75  [35mmfu: 4.12%[39m
[rank0]:[titan] 2026-03-17 12:33:13,969 - root - INFO - [31mstep: 2725  [32mloss:  2.6992  [38;2;180;60;0mgrad_norm:  1.0234  [38;2;54;234;195mmemory: 72.92GiB(91.79%)  [34mtps: 845  [36mtflops: 40.72  [35mmfu: 4.12%[39m
[rank0]:[titan] 2026-03-17 12:33:16,396 - root - INFO - [31mstep: 2726  [32mloss:  2.7324  [38;2;180;60;0mgrad_norm:  0.9546  [38;2;54;234;195mmemory: 72.92GiB(91.79%)  [34mtps: 844  [36mtflops: 40.66  [35mmfu: 4.11%[39m
[rank0]:[titan] 2026-03-17 12:33:18,820 - root - INFO - [31mstep: 2727  [32mloss:  2.7615  [38;2;180;60;0mgrad_norm:  0.9453  [38;2;54;234;195mmemory: 72.92GiB(91.79%)  [34mtps: 845  [36mtflops: 40.72  [35mmfu: 4.12%[39m
[rank0]:[titan] 2026-03-17 12:33:21,243 - root - INFO - [31mstep: 2728  [32mloss:  2.6751  [38;2;180;60;0mgrad_norm:  0.7077  [38;2;54;234;195mmemory: 72.92GiB(91.79%)  [34mtps: 845  [36mtflops: 40.73  [35mmfu: 4.12%[39m
[rank0]:[titan] 2026-03-17 12:33:23,664 - root - INFO - [31mstep: 2729  [32mloss:  2.6882  [38;2;180;60;0mgrad_norm:  1.0600  [38;2;54;234;195mmemory: 72.92GiB(91.79%)  [34mtps: 846  [36mtflops: 40.76  [35mmfu: 4.12%[39m
[rank0]:[titan] 2026-03-17 12:33:26,088 - root - INFO - [31mstep: 2730  [32mloss:  2.6714  [38;2;180;60;0mgrad_norm:  1.2305  [38;2;54;234;195mmemory: 72.92GiB(91.79%)  [34mtps: 845  [36mtflops: 40.74  [35mmfu: 4.12%[39m
[rank0]:[titan] 2026-03-17 12:33:28,507 - root - INFO - [31mstep: 2731  [32mloss:  2.7153  [38;2;180;60;0mgrad_norm:  0.7531  [38;2;54;234;195mmemory: 72.92GiB(91.79%)  [34mtps: 847  [36mtflops: 40.79  [35mmfu: 4.12%[39m
[rank0]:[titan] 2026-03-17 12:33:30,937 - root - INFO - [31mstep: 2732  [32mloss:  2.7094  [38;2;180;60;0mgrad_norm:  0.8490  [38;2;54;234;195mmemory: 72.92GiB(91.79%)  [34mtps: 843  [36mtflops: 40.63  [35mmfu: 4.11%[39m
[rank0]:[titan] 2026-03-17 12:33:33,359 - root - INFO - [31mstep: 2733  [32mloss:  2.7445  [38;2;180;60;0mgrad_norm:  0.9650  [38;2;54;234;195mmemory: 72.92GiB(91.79%)  [34mtps: 846  [36mtflops: 40.76  [35mmfu: 4.12%[39m
[rank0]:[titan] 2026-03-17 12:33:35,779 - root - INFO - [31mstep: 2734  [32mloss:  2.6699  [38;2;180;60;0mgrad_norm:  0.7675  [38;2;54;234;195mmemory: 72.92GiB(91.79%)  [34mtps: 847  [36mtflops: 40.79  [35mmfu: 4.12%[39m
[rank0]:[titan] 2026-03-17 12:33:38,202 - root - INFO - [31mstep: 2735  [32mloss:  2.6871  [38;2;180;60;0mgrad_norm:  0.6571  [38;2;54;234;195mmemory: 72.92GiB(91.79%)  [34mtps: 846  [36mtflops: 40.74  [35mmfu: 4.12%[39m
[rank0]:[titan] 2026-03-17 12:33:40,624 - root - INFO - [31mstep: 2736  [32mloss:  2.7210  [38;2;180;60;0mgrad_norm:  0.8537  [38;2;54;234;195mmemory: 72.92GiB(91.79%)  [34mtps: 846  [36mtflops: 40.76  [35mmfu: 4.12%[39m
[rank0]:[titan] 2026-03-17 12:33:43,052 - root - INFO - [31mstep: 2737  [32mloss:  2.6272  [38;2;180;60;0mgrad_norm:  1.1776  [38;2;54;234;195mmemory: 72.92GiB(91.79%)  [34mtps: 844  [36mtflops: 40.64  [35mmfu: 4.11%[39m
[rank0]:[titan] 2026-03-17 12:33:45,477 - root - INFO - [31mstep: 2738  [32mloss:  2.6246  [38;2;180;60;0mgrad_norm:  0.7685  [38;2;54;234;195mmemory: 72.92GiB(91.79%)  [34mtps: 845  [36mtflops: 40.70  [35mmfu: 4.12%[39m
[rank0]:[titan] 2026-03-17 12:33:47,897 - root - INFO - [31mstep: 2739  [32mloss:  2.7018  [38;2;180;60;0mgrad_norm:  0.8379  [38;2;54;234;195mmemory: 72.92GiB(91.79%)  [34mtps: 847  [36mtflops: 40.80  [35mmfu: 4.12%[39m
[rank0]:[titan] 2026-03-17 12:33:50,337 - root - INFO - [31mstep: 2740  [32mloss:  2.6513  [38;2;180;60;0mgrad_norm:  0.7893  [38;2;54;234;195mmemory: 72.92GiB(91.79%)  [34mtps: 840  [36mtflops: 40.45  [35mmfu: 4.09%[39m
[rank0]:[titan] 2026-03-17 12:33:52,755 - root - INFO - [31mstep: 2741  [32mloss:  2.6102  [38;2;180;60;0mgrad_norm:  1.0136  [38;2;54;234;195mmemory: 72.92GiB(91.79%)  [34mtps: 847  [36mtflops: 40.81  [35mmfu: 4.13%[39m
[rank0]:[titan] 2026-03-17 12:33:55,177 - root - INFO - [31mstep: 2742  [32mloss:  2.6604  [38;2;180;60;0mgrad_norm:  0.6836  [38;2;54;234;195mmemory: 72.92GiB(91.79%)  [34mtps: 846  [36mtflops: 40.75  [35mmfu: 4.12%[39m
[rank0]:[titan] 2026-03-17 12:33:57,605 - root - INFO - [31mstep: 2743  [32mloss:  2.6559  [38;2;180;60;0mgrad_norm:  0.9164  [38;2;54;234;195mmemory: 72.92GiB(91.79%)  [34mtps: 844  [36mtflops: 40.64  [35mmfu: 4.11%[39m
[rank0]:[titan] 2026-03-17 12:34:00,024 - root - INFO - [31mstep: 2744  [32mloss:  2.6190  [38;2;180;60;0mgrad_norm:  0.8440  [38;2;54;234;195mmemory: 72.92GiB(91.79%)  [34mtps: 847  [36mtflops: 40.80  [35mmfu: 4.13%[39m
[rank0]:[titan] 2026-03-17 12:34:02,455 - root - INFO - [31mstep: 2745  [32mloss:  2.6982  [38;2;180;60;0mgrad_norm:  0.5948  [38;2;54;234;195mmemory: 72.92GiB(91.79%)  [34mtps: 843  [36mtflops: 40.60  [35mmfu: 4.11%[39m
[rank0]:[titan] 2026-03-17 12:34:04,909 - root - INFO - [31mstep: 2746  [32mloss:  2.7364  [38;2;180;60;0mgrad_norm:  0.7986  [38;2;54;234;195mmemory: 72.92GiB(91.79%)  [34mtps: 835  [36mtflops: 40.23  [35mmfu: 4.07%[39m
[rank0]:[titan] 2026-03-17 12:34:07,331 - root - INFO - [31mstep: 2747  [32mloss:  2.7543  [38;2;180;60;0mgrad_norm:  1.0736  [38;2;54;234;195mmemory: 72.92GiB(91.79%)  [34mtps: 845  [36mtflops: 40.74  [35mmfu: 4.12%[39m
[rank0]:[titan] 2026-03-17 12:34:09,755 - root - INFO - [31mstep: 2748  [32mloss:  2.7312  [38;2;180;60;0mgrad_norm:  0.7530  [38;2;54;234;195mmemory: 72.92GiB(91.79%)  [34mtps: 845  [36mtflops: 40.73  [35mmfu: 4.12%[39m
[rank0]:[titan] 2026-03-17 12:34:09,756 - root - WARNING - Dataset c4_test is being re-looped
[rank0]:[titan] 2026-03-17 12:34:12,175 - root - INFO - [31mstep: 2749  [32mloss:  2.7128  [38;2;180;60;0mgrad_norm:  0.9265  [38;2;54;234;195mmemory: 72.92GiB(91.79%)  [34mtps: 846  [36mtflops: 40.78  [35mmfu: 4.12%[39m
[rank0]:[titan] 2026-03-17 12:34:14,598 - root - INFO - [31mstep: 2750  [32mloss:  2.7326  [38;2;180;60;0mgrad_norm:  0.7478  [38;2;54;234;195mmemory: 72.92GiB(91.79%)  [34mtps: 845  [36mtflops: 40.74  [35mmfu: 4.12%[39m
[rank0]:[titan] 2026-03-17 12:34:17,020 - root - INFO - [31mstep: 2751  [32mloss:  2.7065  [38;2;180;60;0mgrad_norm:  0.7808  [38;2;54;234;195mmemory: 72.92GiB(91.79%)  [34mtps: 846  [36mtflops: 40.75  [35mmfu: 4.12%[39m
[rank0]:[titan] 2026-03-17 12:34:19,441 - root - INFO - [31mstep: 2752  [32mloss:  2.6443  [38;2;180;60;0mgrad_norm:  0.8869  [38;2;54;234;195mmemory: 72.92GiB(91.79%)  [34mtps: 846  [36mtflops: 40.78  [35mmfu: 4.12%[39m
[rank0]:[titan] 2026-03-17 12:34:21,863 - root - INFO - [31mstep: 2753  [32mloss:  2.6342  [38;2;180;60;0mgrad_norm:  0.5473  [38;2;54;234;195mmemory: 72.92GiB(91.79%)  [34mtps: 846  [36mtflops: 40.77  [35mmfu: 4.12%[39m
[rank0]:[titan] 2026-03-17 12:34:24,293 - root - INFO - [31mstep: 2754  [32mloss:  2.7263  [38;2;180;60;0mgrad_norm:  0.7838  [38;2;54;234;195mmemory: 72.92GiB(91.79%)  [34mtps: 843  [36mtflops: 40.62  [35mmfu: 4.11%[39m
[rank0]:[titan] 2026-03-17 12:34:26,713 - root - INFO - [31mstep: 2755  [32mloss:  2.7149  [38;2;180;60;0mgrad_norm:  0.7982  [38;2;54;234;195mmemory: 72.92GiB(91.79%)  [34mtps: 847  [36mtflops: 40.79  [35mmfu: 4.12%[39m
[rank0]:[titan] 2026-03-17 12:34:29,132 - root - INFO - [31mstep: 2756  [32mloss:  2.6533  [38;2;180;60;0mgrad_norm:  0.5772  [38;2;54;234;195mmemory: 72.92GiB(91.79%)  [34mtps: 847  [36mtflops: 40.80  [35mmfu: 4.13%[39m
[rank0]:[titan] 2026-03-17 12:34:31,557 - root - INFO - [31mstep: 2757  [32mloss:  2.7257  [38;2;180;60;0mgrad_norm:  0.9035  [38;2;54;234;195mmemory: 72.92GiB(91.79%)  [34mtps: 845  [36mtflops: 40.70  [35mmfu: 4.12%[39m
[rank0]:[titan] 2026-03-17 12:34:33,978 - root - INFO - [31mstep: 2758  [32mloss:  2.6938  [38;2;180;60;0mgrad_norm:  0.8842  [38;2;54;234;195mmemory: 72.92GiB(91.79%)  [34mtps: 846  [36mtflops: 40.76  [35mmfu: 4.12%[39m
[rank0]:[titan] 2026-03-17 12:34:36,399 - root - INFO - [31mstep: 2759  [32mloss:  2.6875  [38;2;180;60;0mgrad_norm:  0.6707  [38;2;54;234;195mmemory: 72.92GiB(91.79%)  [34mtps: 846  [36mtflops: 40.78  [35mmfu: 4.12%[39m
[rank0]:[titan] 2026-03-17 12:34:38,818 - root - INFO - [31mstep: 2760  [32mloss:  2.6536  [38;2;180;60;0mgrad_norm:  1.0476  [38;2;54;234;195mmemory: 72.92GiB(91.79%)  [34mtps: 847  [36mtflops: 40.79  [35mmfu: 4.12%[39m
[rank0]:[titan] 2026-03-17 12:34:41,239 - root - INFO - [31mstep: 2761  [32mloss:  2.6416  [38;2;180;60;0mgrad_norm:  0.7448  [38;2;54;234;195mmemory: 72.92GiB(91.79%)  [34mtps: 846  [36mtflops: 40.77  [35mmfu: 4.12%[39m
[rank0]:[titan] 2026-03-17 12:34:43,663 - root - INFO - [31mstep: 2762  [32mloss:  2.6878  [38;2;180;60;0mgrad_norm:  1.1557  [38;2;54;234;195mmemory: 72.92GiB(91.79%)  [34mtps: 845  [36mtflops: 40.70  [35mmfu: 4.12%[39m
[rank0]:[titan] 2026-03-17 12:34:46,086 - root - INFO - [31mstep: 2763  [32mloss:  2.6828  [38;2;180;60;0mgrad_norm:  1.2986  [38;2;54;234;195mmemory: 72.92GiB(91.79%)  [34mtps: 845  [36mtflops: 40.73  [35mmfu: 4.12%[39m
[rank0]:[titan] 2026-03-17 12:34:48,509 - root - INFO - [31mstep: 2764  [32mloss:  2.6866  [38;2;180;60;0mgrad_norm:  0.8662  [38;2;54;234;195mmemory: 72.92GiB(91.79%)  [34mtps: 846  [36mtflops: 40.74  [35mmfu: 4.12%[39m
[rank0]:[titan] 2026-03-17 12:34:50,932 - root - INFO - [31mstep: 2765  [32mloss:  2.7165  [38;2;180;60;0mgrad_norm:  1.1027  [38;2;54;234;195mmemory: 72.92GiB(91.79%)  [34mtps: 845  [36mtflops: 40.73  [35mmfu: 4.12%[39m
[rank0]:[titan] 2026-03-17 12:34:53,363 - root - INFO - [31mstep: 2766  [32mloss:  2.6980  [38;2;180;60;0mgrad_norm:  0.9272  [38;2;54;234;195mmemory: 72.92GiB(91.79%)  [34mtps: 843  [36mtflops: 40.60  [35mmfu: 4.11%[39m
[rank0]:[titan] 2026-03-17 12:34:55,782 - root - INFO - [31mstep: 2767  [32mloss:  2.6809  [38;2;180;60;0mgrad_norm:  0.8316  [38;2;54;234;195mmemory: 72.92GiB(91.79%)  [34mtps: 847  [36mtflops: 40.81  [35mmfu: 4.13%[39m
[rank0]:[titan] 2026-03-17 12:34:58,207 - root - INFO - [31mstep: 2768  [32mloss:  2.6193  [38;2;180;60;0mgrad_norm:  1.0449  [38;2;54;234;195mmemory: 72.92GiB(91.79%)  [34mtps: 845  [36mtflops: 40.70  [35mmfu: 4.12%[39m
[rank0]:[titan] 2026-03-17 12:35:00,630 - root - INFO - [31mstep: 2769  [32mloss:  2.6208  [38;2;180;60;0mgrad_norm:  1.0472  [38;2;54;234;195mmemory: 72.92GiB(91.79%)  [34mtps: 845  [36mtflops: 40.73  [35mmfu: 4.12%[39m
[rank0]:[titan] 2026-03-17 12:35:03,053 - root - INFO - [31mstep: 2770  [32mloss:  2.6468  [38;2;180;60;0mgrad_norm:  0.9372  [38;2;54;234;195mmemory: 72.92GiB(91.79%)  [34mtps: 845  [36mtflops: 40.73  [35mmfu: 4.12%[39m
[rank0]:[titan] 2026-03-17 12:35:05,476 - root - INFO - [31mstep: 2771  [32mloss:  2.6111  [38;2;180;60;0mgrad_norm:  1.1796  [38;2;54;234;195mmemory: 72.92GiB(91.79%)  [34mtps: 845  [36mtflops: 40.73  [35mmfu: 4.12%[39m
[rank0]:[titan] 2026-03-17 12:35:07,896 - root - INFO - [31mstep: 2772  [32mloss:  2.6410  [38;2;180;60;0mgrad_norm:  1.0121  [38;2;54;234;195mmemory: 72.92GiB(91.79%)  [34mtps: 847  [36mtflops: 40.80  [35mmfu: 4.13%[39m
[rank0]:[titan] 2026-03-17 12:35:10,321 - root - INFO - [31mstep: 2773  [32mloss:  2.6680  [38;2;180;60;0mgrad_norm:  0.7780  [38;2;54;234;195mmemory: 72.92GiB(91.79%)  [34mtps: 845  [36mtflops: 40.70  [35mmfu: 4.12%[39m
[rank0]:[titan] 2026-03-17 12:35:12,741 - root - INFO - [31mstep: 2774  [32mloss:  2.7279  [38;2;180;60;0mgrad_norm:  1.0897  [38;2;54;234;195mmemory: 72.92GiB(91.79%)  [34mtps: 846  [36mtflops: 40.78  [35mmfu: 4.12%[39m
[rank0]:[titan] 2026-03-17 12:35:15,168 - root - INFO - [31mstep: 2775  [32mloss:  2.7673  [38;2;180;60;0mgrad_norm:  1.0413  [38;2;54;234;195mmemory: 72.92GiB(91.79%)  [34mtps: 844  [36mtflops: 40.67  [35mmfu: 4.11%[39m
[rank0]:[titan] 2026-03-17 12:35:17,590 - root - INFO - [31mstep: 2776  [32mloss:  2.6403  [38;2;180;60;0mgrad_norm:  0.6273  [38;2;54;234;195mmemory: 72.92GiB(91.79%)  [34mtps: 846  [36mtflops: 40.76  [35mmfu: 4.12%[39m
[rank0]:[titan] 2026-03-17 12:35:20,013 - root - INFO - [31mstep: 2777  [32mloss:  2.6560  [38;2;180;60;0mgrad_norm:  0.8629  [38;2;54;234;195mmemory: 72.92GiB(91.79%)  [34mtps: 846  [36mtflops: 40.74  [35mmfu: 4.12%[39m
[rank0]:[titan] 2026-03-17 12:35:22,437 - root - INFO - [31mstep: 2778  [32mloss:  2.6606  [38;2;180;60;0mgrad_norm:  0.9999  [38;2;54;234;195mmemory: 72.92GiB(91.79%)  [34mtps: 845  [36mtflops: 40.71  [35mmfu: 4.12%[39m
[rank0]:[titan] 2026-03-17 12:35:24,859 - root - INFO - [31mstep: 2779  [32mloss:  2.6744  [38;2;180;60;0mgrad_norm:  1.3394  [38;2;54;234;195mmemory: 72.92GiB(91.79%)  [34mtps: 846  [36mtflops: 40.77  [35mmfu: 4.12%[39m
[rank0]:[titan] 2026-03-17 12:35:27,281 - root - INFO - [31mstep: 2780  [32mloss:  2.7003  [38;2;180;60;0mgrad_norm:  0.8738  [38;2;54;234;195mmemory: 72.92GiB(91.79%)  [34mtps: 846  [36mtflops: 40.75  [35mmfu: 4.12%[39m
[rank0]:[titan] 2026-03-17 12:35:29,705 - root - INFO - [31mstep: 2781  [32mloss:  2.6622  [38;2;180;60;0mgrad_norm:  0.8778  [38;2;54;234;195mmemory: 72.92GiB(91.79%)  [34mtps: 845  [36mtflops: 40.73  [35mmfu: 4.12%[39m
[rank0]:[titan] 2026-03-17 12:35:32,124 - root - INFO - [31mstep: 2782  [32mloss:  2.6977  [38;2;180;60;0mgrad_norm:  0.6639  [38;2;54;234;195mmemory: 72.92GiB(91.79%)  [34mtps: 847  [36mtflops: 40.79  [35mmfu: 4.12%[39m
[rank0]:[titan] 2026-03-17 12:35:34,552 - root - INFO - [31mstep: 2783  [32mloss:  2.6459  [38;2;180;60;0mgrad_norm:  1.1116  [38;2;54;234;195mmemory: 72.92GiB(91.79%)  [34mtps: 844  [36mtflops: 40.66  [35mmfu: 4.11%[39m
[rank0]:[titan] 2026-03-17 12:35:36,974 - root - INFO - [31mstep: 2784  [32mloss:  2.6813  [38;2;180;60;0mgrad_norm:  0.7187  [38;2;54;234;195mmemory: 72.92GiB(91.79%)  [34mtps: 846  [36mtflops: 40.76  [35mmfu: 4.12%[39m
[rank0]:[titan] 2026-03-17 12:35:39,395 - root - INFO - [31mstep: 2785  [32mloss:  2.7078  [38;2;180;60;0mgrad_norm:  0.7776  [38;2;54;234;195mmemory: 72.92GiB(91.79%)  [34mtps: 846  [36mtflops: 40.76  [35mmfu: 4.12%[39m
[rank0]:[titan] 2026-03-17 12:35:41,819 - root - INFO - [31mstep: 2786  [32mloss:  2.7273  [38;2;180;60;0mgrad_norm:  2.1279  [38;2;54;234;195mmemory: 72.92GiB(91.79%)  [34mtps: 845  [36mtflops: 40.73  [35mmfu: 4.12%[39m
[rank0]:[titan] 2026-03-17 12:35:44,244 - root - INFO - [31mstep: 2787  [32mloss:  2.7395  [38;2;180;60;0mgrad_norm:  0.7162  [38;2;54;234;195mmemory: 72.92GiB(91.79%)  [34mtps: 845  [36mtflops: 40.70  [35mmfu: 4.12%[39m
[rank0]:[titan] 2026-03-17 12:35:46,691 - root - INFO - [31mstep: 2788  [32mloss:  2.7265  [38;2;180;60;0mgrad_norm:  0.7496  [38;2;54;234;195mmemory: 72.92GiB(91.79%)  [34mtps: 837  [36mtflops: 40.34  [35mmfu: 4.08%[39m
[rank0]:[titan] 2026-03-17 12:35:49,111 - root - INFO - [31mstep: 2789  [32mloss:  2.6815  [38;2;180;60;0mgrad_norm:  0.8515  [38;2;54;234;195mmemory: 72.92GiB(91.79%)  [34mtps: 846  [36mtflops: 40.78  [35mmfu: 4.12%[39m
[rank0]:[titan] 2026-03-17 12:35:51,538 - root - INFO - [31mstep: 2790  [32mloss:  2.6855  [38;2;180;60;0mgrad_norm:  0.6423  [38;2;54;234;195mmemory: 72.92GiB(91.79%)  [34mtps: 844  [36mtflops: 40.66  [35mmfu: 4.11%[39m
[rank0]:[titan] 2026-03-17 12:35:53,958 - root - INFO - [31mstep: 2791  [32mloss:  2.6739  [38;2;180;60;0mgrad_norm:  0.5859  [38;2;54;234;195mmemory: 72.92GiB(91.79%)  [34mtps: 847  [36mtflops: 40.80  [35mmfu: 4.12%[39m
[rank0]:[titan] 2026-03-17 12:35:56,390 - root - INFO - [31mstep: 2792  [32mloss:  2.6069  [38;2;180;60;0mgrad_norm:  0.7947  [38;2;54;234;195mmemory: 72.92GiB(91.79%)  [34mtps: 842  [36mtflops: 40.58  [35mmfu: 4.10%[39m
[rank0]:[titan] 2026-03-17 12:35:58,809 - root - INFO - [31mstep: 2793  [32mloss:  2.5968  [38;2;180;60;0mgrad_norm:  0.9151  [38;2;54;234;195mmemory: 72.92GiB(91.79%)  [34mtps: 847  [36mtflops: 40.80  [35mmfu: 4.13%[39m
[rank0]:[titan] 2026-03-17 12:36:01,231 - root - INFO - [31mstep: 2794  [32mloss:  2.6387  [38;2;180;60;0mgrad_norm:  0.5933  [38;2;54;234;195mmemory: 72.92GiB(91.79%)  [34mtps: 846  [36mtflops: 40.76  [35mmfu: 4.12%[39m
[rank0]:[titan] 2026-03-17 12:36:03,651 - root - INFO - [31mstep: 2795  [32mloss:  2.6200  [38;2;180;60;0mgrad_norm:  0.6088  [38;2;54;234;195mmemory: 72.92GiB(91.79%)  [34mtps: 847  [36mtflops: 40.79  [35mmfu: 4.12%[39m
[rank0]:[titan] 2026-03-17 12:36:06,070 - root - INFO - [31mstep: 2796  [32mloss:  2.6359  [38;2;180;60;0mgrad_norm:  0.7666  [38;2;54;234;195mmemory: 72.92GiB(91.79%)  [34mtps: 847  [36mtflops: 40.80  [35mmfu: 4.13%[39m
[rank0]:[titan] 2026-03-17 12:36:08,491 - root - INFO - [31mstep: 2797  [32mloss:  2.6705  [38;2;180;60;0mgrad_norm:  0.9028  [38;2;54;234;195mmemory: 72.92GiB(91.79%)  [34mtps: 846  [36mtflops: 40.75  [35mmfu: 4.12%[39m
[rank0]:[titan] 2026-03-17 12:36:10,923 - root - INFO - [31mstep: 2798  [32mloss:  2.6963  [38;2;180;60;0mgrad_norm:  0.7451  [38;2;54;234;195mmemory: 72.92GiB(91.79%)  [34mtps: 843  [36mtflops: 40.60  [35mmfu: 4.10%[39m
[rank0]:[titan] 2026-03-17 12:36:13,343 - root - INFO - [31mstep: 2799  [32mloss:  2.6280  [38;2;180;60;0mgrad_norm:  0.7091  [38;2;54;234;195mmemory: 72.92GiB(91.79%)  [34mtps: 846  [36mtflops: 40.78  [35mmfu: 4.12%[39m
[rank0]:[titan] 2026-03-17 12:36:15,762 - root - INFO - [31mstep: 2800  [32mloss:  2.5980  [38;2;180;60;0mgrad_norm:  0.5750  [38;2;54;234;195mmemory: 72.92GiB(91.79%)  [34mtps: 847  [36mtflops: 40.80  [35mmfu: 4.13%[39m
[rank0]:[titan] 2026-03-17 12:36:18,192 - root - INFO - [31mstep: 2801  [32mloss:  2.6732  [38;2;180;60;0mgrad_norm:  0.5414  [38;2;54;234;195mmemory: 72.92GiB(91.79%)  [34mtps: 843  [36mtflops: 40.62  [35mmfu: 4.11%[39m
[rank0]:[titan] 2026-03-17 12:36:20,612 - root - INFO - [31mstep: 2802  [32mloss:  2.6142  [38;2;180;60;0mgrad_norm:  0.7815  [38;2;54;234;195mmemory: 72.92GiB(91.79%)  [34mtps: 846  [36mtflops: 40.78  [35mmfu: 4.12%[39m
[rank0]:[titan] 2026-03-17 12:36:23,033 - root - INFO - [31mstep: 2803  [32mloss:  2.6411  [38;2;180;60;0mgrad_norm:  0.5281  [38;2;54;234;195mmemory: 72.92GiB(91.79%)  [34mtps: 846  [36mtflops: 40.77  [35mmfu: 4.12%[39m
[rank0]:[titan] 2026-03-17 12:36:25,457 - root - INFO - [31mstep: 2804  [32mloss:  2.5947  [38;2;180;60;0mgrad_norm:  0.6479  [38;2;54;234;195mmemory: 72.92GiB(91.79%)  [34mtps: 845  [36mtflops: 40.73  [35mmfu: 4.12%[39m
[rank0]:[titan] 2026-03-17 12:36:27,881 - root - INFO - [31mstep: 2805  [32mloss:  2.6439  [38;2;180;60;0mgrad_norm:  0.7851  [38;2;54;234;195mmemory: 72.92GiB(91.79%)  [34mtps: 845  [36mtflops: 40.71  [35mmfu: 4.12%[39m
[rank0]:[titan] 2026-03-17 12:36:30,303 - root - INFO - [31mstep: 2806  [32mloss:  2.6066  [38;2;180;60;0mgrad_norm:  0.5695  [38;2;54;234;195mmemory: 72.92GiB(91.79%)  [34mtps: 846  [36mtflops: 40.75  [35mmfu: 4.12%[39m
[rank0]:[titan] 2026-03-17 12:36:32,726 - root - INFO - [31mstep: 2807  [32mloss:  2.7401  [38;2;180;60;0mgrad_norm:  0.7446  [38;2;54;234;195mmemory: 72.92GiB(91.79%)  [34mtps: 845  [36mtflops: 40.74  [35mmfu: 4.12%[39m
[rank0]:[titan] 2026-03-17 12:36:35,149 - root - INFO - [31mstep: 2808  [32mloss:  2.7397  [38;2;180;60;0mgrad_norm:  0.6799  [38;2;54;234;195mmemory: 72.92GiB(91.79%)  [34mtps: 846  [36mtflops: 40.74  [35mmfu: 4.12%[39m
[rank0]:[titan] 2026-03-17 12:36:37,574 - root - INFO - [31mstep: 2809  [32mloss:  2.6815  [38;2;180;60;0mgrad_norm:  0.6680  [38;2;54;234;195mmemory: 72.92GiB(91.79%)  [34mtps: 845  [36mtflops: 40.71  [35mmfu: 4.12%[39m
[rank0]:[titan] 2026-03-17 12:36:39,993 - root - INFO - [31mstep: 2810  [32mloss:  2.6432  [38;2;180;60;0mgrad_norm:  0.8930  [38;2;54;234;195mmemory: 72.92GiB(91.79%)  [34mtps: 847  [36mtflops: 40.79  [35mmfu: 4.12%[39m
[rank0]:[titan] 2026-03-17 12:36:42,417 - root - INFO - [31mstep: 2811  [32mloss:  2.6708  [38;2;180;60;0mgrad_norm:  0.6431  [38;2;54;234;195mmemory: 72.92GiB(91.79%)  [34mtps: 845  [36mtflops: 40.72  [35mmfu: 4.12%[39m
[rank0]:[titan] 2026-03-17 12:36:44,841 - root - INFO - [31mstep: 2812  [32mloss:  2.6802  [38;2;180;60;0mgrad_norm:  0.9290  [38;2;54;234;195mmemory: 72.92GiB(91.79%)  [34mtps: 845  [36mtflops: 40.73  [35mmfu: 4.12%[39m
[rank0]:[titan] 2026-03-17 12:36:47,263 - root - INFO - [31mstep: 2813  [32mloss:  2.6704  [38;2;180;60;0mgrad_norm:  0.7715  [38;2;54;234;195mmemory: 72.92GiB(91.79%)  [34mtps: 846  [36mtflops: 40.75  [35mmfu: 4.12%[39m
[rank0]:[titan] 2026-03-17 12:36:49,683 - root - INFO - [31mstep: 2814  [32mloss:  2.6645  [38;2;180;60;0mgrad_norm:  0.5241  [38;2;54;234;195mmemory: 72.92GiB(91.79%)  [34mtps: 847  [36mtflops: 40.79  [35mmfu: 4.12%[39m
[rank0]:[titan] 2026-03-17 12:36:52,104 - root - INFO - [31mstep: 2815  [32mloss:  2.7090  [38;2;180;60;0mgrad_norm:  0.7632  [38;2;54;234;195mmemory: 72.92GiB(91.79%)  [34mtps: 846  [36mtflops: 40.75  [35mmfu: 4.12%[39m
[rank0]:[titan] 2026-03-17 12:36:54,523 - root - INFO - [31mstep: 2816  [32mloss:  2.6498  [38;2;180;60;0mgrad_norm:  1.3926  [38;2;54;234;195mmemory: 72.92GiB(91.79%)  [34mtps: 847  [36mtflops: 40.80  [35mmfu: 4.13%[39m
[rank0]:[titan] 2026-03-17 12:36:56,948 - root - INFO - [31mstep: 2817  [32mloss:  2.7346  [38;2;180;60;0mgrad_norm:  0.7250  [38;2;54;234;195mmemory: 72.92GiB(91.79%)  [34mtps: 845  [36mtflops: 40.71  [35mmfu: 4.12%[39m
[rank0]:[titan] 2026-03-17 12:36:59,370 - root - INFO - [31mstep: 2818  [32mloss:  2.7115  [38;2;180;60;0mgrad_norm:  0.5580  [38;2;54;234;195mmemory: 72.92GiB(91.79%)  [34mtps: 846  [36mtflops: 40.75  [35mmfu: 4.12%[39m
[rank0]:[titan] 2026-03-17 12:37:01,794 - root - INFO - [31mstep: 2819  [32mloss:  2.7081  [38;2;180;60;0mgrad_norm:  0.7004  [38;2;54;234;195mmemory: 72.92GiB(91.79%)  [34mtps: 845  [36mtflops: 40.72  [35mmfu: 4.12%[39m
[rank0]:[titan] 2026-03-17 12:37:04,221 - root - INFO - [31mstep: 2820  [32mloss:  2.8215  [38;2;180;60;0mgrad_norm:  0.8080  [38;2;54;234;195mmemory: 72.92GiB(91.79%)  [34mtps: 844  [36mtflops: 40.67  [35mmfu: 4.11%[39m
[rank0]:[titan] 2026-03-17 12:37:06,652 - root - INFO - [31mstep: 2821  [32mloss:  2.7540  [38;2;180;60;0mgrad_norm:  0.6007  [38;2;54;234;195mmemory: 72.92GiB(91.79%)  [34mtps: 843  [36mtflops: 40.60  [35mmfu: 4.11%[39m
[rank0]:[titan] 2026-03-17 12:37:09,073 - root - INFO - [31mstep: 2822  [32mloss:  2.6748  [38;2;180;60;0mgrad_norm:  0.6153  [38;2;54;234;195mmemory: 72.92GiB(91.79%)  [34mtps: 846  [36mtflops: 40.77  [35mmfu: 4.12%[39m
[rank0]:[titan] 2026-03-17 12:37:11,493 - root - INFO - [31mstep: 2823  [32mloss:  2.7147  [38;2;180;60;0mgrad_norm:  0.9284  [38;2;54;234;195mmemory: 72.92GiB(91.79%)  [34mtps: 847  [36mtflops: 40.79  [35mmfu: 4.12%[39m
[rank0]:[titan] 2026-03-17 12:37:13,923 - root - INFO - [31mstep: 2824  [32mloss:  2.6789  [38;2;180;60;0mgrad_norm:  0.8189  [38;2;54;234;195mmemory: 72.92GiB(91.79%)  [34mtps: 843  [36mtflops: 40.61  [35mmfu: 4.11%[39m
[rank0]:[titan] 2026-03-17 12:37:16,344 - root - INFO - [31mstep: 2825  [32mloss:  2.7402  [38;2;180;60;0mgrad_norm:  0.8566  [38;2;54;234;195mmemory: 72.92GiB(91.79%)  [34mtps: 846  [36mtflops: 40.77  [35mmfu: 4.12%[39m
[rank0]:[titan] 2026-03-17 12:37:18,767 - root - INFO - [31mstep: 2826  [32mloss:  2.6989  [38;2;180;60;0mgrad_norm:  0.5417  [38;2;54;234;195mmemory: 72.92GiB(91.79%)  [34mtps: 846  [36mtflops: 40.74  [35mmfu: 4.12%[39m
[rank0]:[titan] 2026-03-17 12:37:21,191 - root - INFO - [31mstep: 2827  [32mloss:  2.6247  [38;2;180;60;0mgrad_norm:  0.8872  [38;2;54;234;195mmemory: 72.92GiB(91.79%)  [34mtps: 845  [36mtflops: 40.72  [35mmfu: 4.12%[39m
[rank0]:[titan] 2026-03-17 12:37:23,613 - root - INFO - [31mstep: 2828  [32mloss:  2.6467  [38;2;180;60;0mgrad_norm:  1.0562  [38;2;54;234;195mmemory: 72.92GiB(91.79%)  [34mtps: 846  [36mtflops: 40.75  [35mmfu: 4.12%[39m
[rank0]:[titan] 2026-03-17 12:37:26,035 - root - INFO - [31mstep: 2829  [32mloss:  2.6182  [38;2;180;60;0mgrad_norm:  0.7156  [38;2;54;234;195mmemory: 72.92GiB(91.79%)  [34mtps: 846  [36mtflops: 40.76  [35mmfu: 4.12%[39m
[rank0]:[titan] 2026-03-17 12:37:28,467 - root - INFO - [31mstep: 2830  [32mloss:  2.7010  [38;2;180;60;0mgrad_norm:  0.7088  [38;2;54;234;195mmemory: 72.92GiB(91.79%)  [34mtps: 842  [36mtflops: 40.58  [35mmfu: 4.10%[39m
[rank0]:[titan] 2026-03-17 12:37:30,887 - root - INFO - [31mstep: 2831  [32mloss:  2.6631  [38;2;180;60;0mgrad_norm:  0.8465  [38;2;54;234;195mmemory: 72.92GiB(91.79%)  [34mtps: 847  [36mtflops: 40.79  [35mmfu: 4.12%[39m
[rank0]:[titan] 2026-03-17 12:37:33,309 - root - INFO - [31mstep: 2832  [32mloss:  2.6616  [38;2;180;60;0mgrad_norm:  0.7746  [38;2;54;234;195mmemory: 72.92GiB(91.79%)  [34mtps: 846  [36mtflops: 40.76  [35mmfu: 4.12%[39m
[rank0]:[titan] 2026-03-17 12:37:35,734 - root - INFO - [31mstep: 2833  [32mloss:  2.6316  [38;2;180;60;0mgrad_norm:  0.7151  [38;2;54;234;195mmemory: 72.92GiB(91.79%)  [34mtps: 845  [36mtflops: 40.70  [35mmfu: 4.12%[39m
[rank0]:[titan] 2026-03-17 12:37:38,153 - root - INFO - [31mstep: 2834  [32mloss:  2.6451  [38;2;180;60;0mgrad_norm:  0.6371  [38;2;54;234;195mmemory: 72.92GiB(91.79%)  [34mtps: 847  [36mtflops: 40.79  [35mmfu: 4.12%[39m
[rank0]:[titan] 2026-03-17 12:37:40,574 - root - INFO - [31mstep: 2835  [32mloss:  2.6997  [38;2;180;60;0mgrad_norm:  0.9676  [38;2;54;234;195mmemory: 72.92GiB(91.79%)  [34mtps: 846  [36mtflops: 40.78  [35mmfu: 4.12%[39m
[rank0]:[titan] 2026-03-17 12:37:42,996 - root - INFO - [31mstep: 2836  [32mloss:  2.7065  [38;2;180;60;0mgrad_norm:  0.5654  [38;2;54;234;195mmemory: 72.92GiB(91.79%)  [34mtps: 846  [36mtflops: 40.75  [35mmfu: 4.12%[39m
[rank0]:[titan] 2026-03-17 12:37:45,421 - root - INFO - [31mstep: 2837  [32mloss:  2.6951  [38;2;180;60;0mgrad_norm:  0.5988  [38;2;54;234;195mmemory: 72.92GiB(91.79%)  [34mtps: 845  [36mtflops: 40.69  [35mmfu: 4.11%[39m
[rank0]:[titan] 2026-03-17 12:37:47,845 - root - INFO - [31mstep: 2838  [32mloss:  2.6229  [38;2;180;60;0mgrad_norm:  0.5177  [38;2;54;234;195mmemory: 72.92GiB(91.79%)  [34mtps: 845  [36mtflops: 40.72  [35mmfu: 4.12%[39m
[rank0]:[titan] 2026-03-17 12:37:50,277 - root - INFO - [31mstep: 2839  [32mloss:  2.6070  [38;2;180;60;0mgrad_norm:  0.5149  [38;2;54;234;195mmemory: 72.92GiB(91.79%)  [34mtps: 842  [36mtflops: 40.58  [35mmfu: 4.10%[39m
[rank0]:[titan] 2026-03-17 12:37:52,696 - root - INFO - [31mstep: 2840  [32mloss:  2.6415  [38;2;180;60;0mgrad_norm:  0.6944  [38;2;54;234;195mmemory: 72.92GiB(91.79%)  [34mtps: 847  [36mtflops: 40.81  [35mmfu: 4.13%[39m
[rank0]:[titan] 2026-03-17 12:37:55,126 - root - INFO - [31mstep: 2841  [32mloss:  2.6591  [38;2;180;60;0mgrad_norm:  0.5489  [38;2;54;234;195mmemory: 72.92GiB(91.79%)  [34mtps: 843  [36mtflops: 40.62  [35mmfu: 4.11%[39m
[rank0]:[titan] 2026-03-17 12:37:57,547 - root - INFO - [31mstep: 2842  [32mloss:  2.6910  [38;2;180;60;0mgrad_norm:  0.7854  [38;2;54;234;195mmemory: 72.92GiB(91.79%)  [34mtps: 846  [36mtflops: 40.77  [35mmfu: 4.12%[39m
[rank0]:[titan] 2026-03-17 12:37:59,970 - root - INFO - [31mstep: 2843  [32mloss:  2.6440  [38;2;180;60;0mgrad_norm:  0.6765  [38;2;54;234;195mmemory: 72.92GiB(91.79%)  [34mtps: 845  [36mtflops: 40.73  [35mmfu: 4.12%[39m
[rank0]:[titan] 2026-03-17 12:38:02,393 - root - INFO - [31mstep: 2844  [32mloss:  2.6766  [38;2;180;60;0mgrad_norm:  0.7747  [38;2;54;234;195mmemory: 72.92GiB(91.79%)  [34mtps: 845  [36mtflops: 40.72  [35mmfu: 4.12%[39m
[rank0]:[titan] 2026-03-17 12:38:04,813 - root - INFO - [31mstep: 2845  [32mloss:  2.5956  [38;2;180;60;0mgrad_norm:  0.9348  [38;2;54;234;195mmemory: 72.92GiB(91.79%)  [34mtps: 847  [36mtflops: 40.79  [35mmfu: 4.12%[39m
[rank0]:[titan] 2026-03-17 12:38:07,233 - root - INFO - [31mstep: 2846  [32mloss:  2.6300  [38;2;180;60;0mgrad_norm:  0.6385  [38;2;54;234;195mmemory: 72.92GiB(91.79%)  [34mtps: 846  [36mtflops: 40.78  [35mmfu: 4.12%[39m
[rank0]:[titan] 2026-03-17 12:38:09,660 - root - INFO - [31mstep: 2847  [32mloss:  2.6907  [38;2;180;60;0mgrad_norm:  0.5630  [38;2;54;234;195mmemory: 72.92GiB(91.79%)  [34mtps: 844  [36mtflops: 40.68  [35mmfu: 4.11%[39m
[rank0]:[titan] 2026-03-17 12:38:12,080 - root - INFO - [31mstep: 2848  [32mloss:  2.6086  [38;2;180;60;0mgrad_norm:  0.7313  [38;2;54;234;195mmemory: 72.92GiB(91.79%)  [34mtps: 846  [36mtflops: 40.78  [35mmfu: 4.12%[39m
[rank0]:[titan] 2026-03-17 12:38:14,501 - root - INFO - [31mstep: 2849  [32mloss:  2.6581  [38;2;180;60;0mgrad_norm:  0.9511  [38;2;54;234;195mmemory: 72.92GiB(91.79%)  [34mtps: 846  [36mtflops: 40.77  [35mmfu: 4.12%[39m
[rank0]:[titan] 2026-03-17 12:38:16,924 - root - INFO - [31mstep: 2850  [32mloss:  2.6552  [38;2;180;60;0mgrad_norm:  0.6919  [38;2;54;234;195mmemory: 72.92GiB(91.79%)  [34mtps: 846  [36mtflops: 40.74  [35mmfu: 4.12%[39m
[rank0]:[titan] 2026-03-17 12:38:19,355 - root - INFO - [31mstep: 2851  [32mloss:  2.6206  [38;2;180;60;0mgrad_norm:  0.8719  [38;2;54;234;195mmemory: 72.92GiB(91.79%)  [34mtps: 842  [36mtflops: 40.59  [35mmfu: 4.10%[39m
[rank0]:[titan] 2026-03-17 12:38:21,776 - root - INFO - [31mstep: 2852  [32mloss:  2.6282  [38;2;180;60;0mgrad_norm:  1.0733  [38;2;54;234;195mmemory: 72.92GiB(91.79%)  [34mtps: 846  [36mtflops: 40.77  [35mmfu: 4.12%[39m
[rank0]:[titan] 2026-03-17 12:38:24,197 - root - INFO - [31mstep: 2853  [32mloss:  2.6913  [38;2;180;60;0mgrad_norm:  0.7535  [38;2;54;234;195mmemory: 72.92GiB(91.79%)  [34mtps: 846  [36mtflops: 40.77  [35mmfu: 4.12%[39m
[rank0]:[titan] 2026-03-17 12:38:26,618 - root - INFO - [31mstep: 2854  [32mloss:  2.6506  [38;2;180;60;0mgrad_norm:  0.6850  [38;2;54;234;195mmemory: 72.92GiB(91.79%)  [34mtps: 846  [36mtflops: 40.76  [35mmfu: 4.12%[39m
[rank0]:[titan] 2026-03-17 12:38:29,040 - root - INFO - [31mstep: 2855  [32mloss:  2.6423  [38;2;180;60;0mgrad_norm:  0.9521  [38;2;54;234;195mmemory: 72.92GiB(91.79%)  [34mtps: 846  [36mtflops: 40.76  [35mmfu: 4.12%[39m
[rank0]:[titan] 2026-03-17 12:38:31,459 - root - INFO - [31mstep: 2856  [32mloss:  2.6332  [38;2;180;60;0mgrad_norm:  0.9213  [38;2;54;234;195mmemory: 72.92GiB(91.79%)  [34mtps: 847  [36mtflops: 40.80  [35mmfu: 4.13%[39m
[rank0]:[titan] 2026-03-17 12:38:33,885 - root - INFO - [31mstep: 2857  [32mloss:  2.6531  [38;2;180;60;0mgrad_norm:  0.9020  [38;2;54;234;195mmemory: 72.92GiB(91.79%)  [34mtps: 844  [36mtflops: 40.67  [35mmfu: 4.11%[39m
[rank0]:[titan] 2026-03-17 12:38:36,305 - root - INFO - [31mstep: 2858  [32mloss:  2.6330  [38;2;180;60;0mgrad_norm:  0.7939  [38;2;54;234;195mmemory: 72.92GiB(91.79%)  [34mtps: 846  [36mtflops: 40.78  [35mmfu: 4.12%[39m
[rank0]:[titan] 2026-03-17 12:38:38,726 - root - INFO - [31mstep: 2859  [32mloss:  2.6800  [38;2;180;60;0mgrad_norm:  0.6594  [38;2;54;234;195mmemory: 72.92GiB(91.79%)  [34mtps: 846  [36mtflops: 40.77  [35mmfu: 4.12%[39m
[rank0]:[titan] 2026-03-17 12:38:41,148 - root - INFO - [31mstep: 2860  [32mloss:  2.6139  [38;2;180;60;0mgrad_norm:  0.9339  [38;2;54;234;195mmemory: 72.92GiB(91.79%)  [34mtps: 846  [36mtflops: 40.75  [35mmfu: 4.12%[39m
[rank0]:[titan] 2026-03-17 12:38:43,577 - root - INFO - [31mstep: 2861  [32mloss:  2.6461  [38;2;180;60;0mgrad_norm:  0.8532  [38;2;54;234;195mmemory: 72.92GiB(91.79%)  [34mtps: 843  [36mtflops: 40.63  [35mmfu: 4.11%[39m
[rank0]:[titan] 2026-03-17 12:38:45,996 - root - INFO - [31mstep: 2862  [32mloss:  2.6690  [38;2;180;60;0mgrad_norm:  0.6807  [38;2;54;234;195mmemory: 72.92GiB(91.79%)  [34mtps: 847  [36mtflops: 40.80  [35mmfu: 4.13%[39m
[rank0]:[titan] 2026-03-17 12:38:48,417 - root - INFO - [31mstep: 2863  [32mloss:  2.7417  [38;2;180;60;0mgrad_norm:  1.2164  [38;2;54;234;195mmemory: 72.92GiB(91.79%)  [34mtps: 846  [36mtflops: 40.78  [35mmfu: 4.12%[39m
[rank0]:[titan] 2026-03-17 12:38:50,843 - root - INFO - [31mstep: 2864  [32mloss:  2.6644  [38;2;180;60;0mgrad_norm:  1.0063  [38;2;54;234;195mmemory: 72.92GiB(91.79%)  [34mtps: 844  [36mtflops: 40.68  [35mmfu: 4.11%[39m
[rank0]:[titan] 2026-03-17 12:38:53,268 - root - INFO - [31mstep: 2865  [32mloss:  2.6542  [38;2;180;60;0mgrad_norm:  0.9537  [38;2;54;234;195mmemory: 72.92GiB(91.79%)  [34mtps: 845  [36mtflops: 40.69  [35mmfu: 4.11%[39m
[rank0]:[titan] 2026-03-17 12:38:55,689 - root - INFO - [31mstep: 2866  [32mloss:  2.6979  [38;2;180;60;0mgrad_norm:  1.0991  [38;2;54;234;195mmemory: 72.92GiB(91.79%)  [34mtps: 846  [36mtflops: 40.77  [35mmfu: 4.12%[39m
[rank0]:[titan] 2026-03-17 12:38:58,129 - root - INFO - [31mstep: 2867  [32mloss:  2.6513  [38;2;180;60;0mgrad_norm:  0.8441  [38;2;54;234;195mmemory: 72.92GiB(91.79%)  [34mtps: 840  [36mtflops: 40.45  [35mmfu: 4.09%[39m
[rank0]:[titan] 2026-03-17 12:39:00,547 - root - INFO - [31mstep: 2868  [32mloss:  2.6279  [38;2;180;60;0mgrad_norm:  0.8504  [38;2;54;234;195mmemory: 72.92GiB(91.79%)  [34mtps: 847  [36mtflops: 40.82  [35mmfu: 4.13%[39m
[rank0]:[titan] 2026-03-17 12:39:02,966 - root - INFO - [31mstep: 2869  [32mloss:  2.6490  [38;2;180;60;0mgrad_norm:  1.1861  [38;2;54;234;195mmemory: 72.92GiB(91.79%)  [34mtps: 847  [36mtflops: 40.80  [35mmfu: 4.13%[39m
[rank0]:[titan] 2026-03-17 12:39:05,390 - root - INFO - [31mstep: 2870  [32mloss:  2.6695  [38;2;180;60;0mgrad_norm:  1.0738  [38;2;54;234;195mmemory: 72.92GiB(91.79%)  [34mtps: 845  [36mtflops: 40.72  [35mmfu: 4.12%[39m
[rank0]:[titan] 2026-03-17 12:39:07,812 - root - INFO - [31mstep: 2871  [32mloss:  2.6220  [38;2;180;60;0mgrad_norm:  0.9866  [38;2;54;234;195mmemory: 72.92GiB(91.79%)  [34mtps: 846  [36mtflops: 40.75  [35mmfu: 4.12%[39m
[rank0]:[titan] 2026-03-17 12:39:10,231 - root - INFO - [31mstep: 2872  [32mloss:  2.6015  [38;2;180;60;0mgrad_norm:  1.0095  [38;2;54;234;195mmemory: 72.92GiB(91.79%)  [34mtps: 847  [36mtflops: 40.80  [35mmfu: 4.13%[39m
[rank0]:[titan] 2026-03-17 12:39:12,658 - root - INFO - [31mstep: 2873  [32mloss:  2.6431  [38;2;180;60;0mgrad_norm:  1.0700  [38;2;54;234;195mmemory: 72.92GiB(91.79%)  [34mtps: 844  [36mtflops: 40.68  [35mmfu: 4.11%[39m
[rank0]:[titan] 2026-03-17 12:39:15,077 - root - INFO - [31mstep: 2874  [32mloss:  2.6302  [38;2;180;60;0mgrad_norm:  1.0220  [38;2;54;234;195mmemory: 72.92GiB(91.79%)  [34mtps: 847  [36mtflops: 40.80  [35mmfu: 4.13%[39m
[rank0]:[titan] 2026-03-17 12:39:17,498 - root - INFO - [31mstep: 2875  [32mloss:  2.6079  [38;2;180;60;0mgrad_norm:  0.9869  [38;2;54;234;195mmemory: 72.92GiB(91.79%)  [34mtps: 846  [36mtflops: 40.76  [35mmfu: 4.12%[39m
[rank0]:[titan] 2026-03-17 12:39:19,928 - root - INFO - [31mstep: 2876  [32mloss:  2.6191  [38;2;180;60;0mgrad_norm:  0.8016  [38;2;54;234;195mmemory: 72.92GiB(91.79%)  [34mtps: 843  [36mtflops: 40.62  [35mmfu: 4.11%[39m
[rank0]:[titan] 2026-03-17 12:39:22,348 - root - INFO - [31mstep: 2877  [32mloss:  2.6098  [38;2;180;60;0mgrad_norm:  1.3357  [38;2;54;234;195mmemory: 72.92GiB(91.79%)  [34mtps: 847  [36mtflops: 40.79  [35mmfu: 4.12%[39m
[rank0]:[titan] 2026-03-17 12:39:24,769 - root - INFO - [31mstep: 2878  [32mloss:  2.6010  [38;2;180;60;0mgrad_norm:  1.1059  [38;2;54;234;195mmemory: 72.92GiB(91.79%)  [34mtps: 846  [36mtflops: 40.76  [35mmfu: 4.12%[39m
[rank0]:[titan] 2026-03-17 12:39:27,190 - root - INFO - [31mstep: 2879  [32mloss:  2.6581  [38;2;180;60;0mgrad_norm:  0.8249  [38;2;54;234;195mmemory: 72.92GiB(91.79%)  [34mtps: 846  [36mtflops: 40.77  [35mmfu: 4.12%[39m
[rank0]:[titan] 2026-03-17 12:39:29,610 - root - INFO - [31mstep: 2880  [32mloss:  2.6674  [38;2;180;60;0mgrad_norm:  1.0865  [38;2;54;234;195mmemory: 72.92GiB(91.79%)  [34mtps: 846  [36mtflops: 40.78  [35mmfu: 4.12%[39m
[rank0]:[titan] 2026-03-17 12:39:32,034 - root - INFO - [31mstep: 2881  [32mloss:  2.6341  [38;2;180;60;0mgrad_norm:  1.1673  [38;2;54;234;195mmemory: 72.92GiB(91.79%)  [34mtps: 845  [36mtflops: 40.71  [35mmfu: 4.12%[39m
[rank0]:[titan] 2026-03-17 12:39:34,456 - root - INFO - [31mstep: 2882  [32mloss:  2.6104  [38;2;180;60;0mgrad_norm:  0.8117  [38;2;54;234;195mmemory: 72.92GiB(91.79%)  [34mtps: 846  [36mtflops: 40.76  [35mmfu: 4.12%[39m
[rank0]:[titan] 2026-03-17 12:39:36,876 - root - INFO - [31mstep: 2883  [32mloss:  2.6485  [38;2;180;60;0mgrad_norm:  0.6960  [38;2;54;234;195mmemory: 72.92GiB(91.79%)  [34mtps: 847  [36mtflops: 40.80  [35mmfu: 4.13%[39m
[rank0]:[titan] 2026-03-17 12:39:39,295 - root - INFO - [31mstep: 2884  [32mloss:  2.6591  [38;2;180;60;0mgrad_norm:  1.0089  [38;2;54;234;195mmemory: 72.92GiB(91.79%)  [34mtps: 847  [36mtflops: 40.80  [35mmfu: 4.12%[39m
[rank0]:[titan] 2026-03-17 12:39:41,721 - root - INFO - [31mstep: 2885  [32mloss:  2.6479  [38;2;180;60;0mgrad_norm:  1.0958  [38;2;54;234;195mmemory: 72.92GiB(91.79%)  [34mtps: 844  [36mtflops: 40.69  [35mmfu: 4.11%[39m
[rank0]:[titan] 2026-03-17 12:39:44,145 - root - INFO - [31mstep: 2886  [32mloss:  2.6131  [38;2;180;60;0mgrad_norm:  0.5599  [38;2;54;234;195mmemory: 72.92GiB(91.79%)  [34mtps: 845  [36mtflops: 40.71  [35mmfu: 4.12%[39m
[rank0]:[titan] 2026-03-17 12:39:46,571 - root - INFO - [31mstep: 2887  [32mloss:  2.6198  [38;2;180;60;0mgrad_norm:  1.1517  [38;2;54;234;195mmemory: 72.92GiB(91.79%)  [34mtps: 844  [36mtflops: 40.68  [35mmfu: 4.11%[39m
[rank0]:[titan] 2026-03-17 12:39:48,998 - root - INFO - [31mstep: 2888  [32mloss:  2.6327  [38;2;180;60;0mgrad_norm:  1.1671  [38;2;54;234;195mmemory: 72.92GiB(91.79%)  [34mtps: 844  [36mtflops: 40.67  [35mmfu: 4.11%[39m
[rank0]:[titan] 2026-03-17 12:39:51,417 - root - INFO - [31mstep: 2889  [32mloss:  2.6059  [38;2;180;60;0mgrad_norm:  0.5782  [38;2;54;234;195mmemory: 72.92GiB(91.79%)  [34mtps: 847  [36mtflops: 40.81  [35mmfu: 4.13%[39m
[rank0]:[titan] 2026-03-17 12:39:53,844 - root - INFO - [31mstep: 2890  [32mloss:  2.6337  [38;2;180;60;0mgrad_norm:  0.8065  [38;2;54;234;195mmemory: 72.92GiB(91.79%)  [34mtps: 844  [36mtflops: 40.67  [35mmfu: 4.11%[39m
[rank0]:[titan] 2026-03-17 12:39:56,270 - root - INFO - [31mstep: 2891  [32mloss:  2.6225  [38;2;180;60;0mgrad_norm:  0.8888  [38;2;54;234;195mmemory: 72.92GiB(91.79%)  [34mtps: 845  [36mtflops: 40.69  [35mmfu: 4.11%[39m
[rank0]:[titan] 2026-03-17 12:39:58,692 - root - INFO - [31mstep: 2892  [32mloss:  2.6829  [38;2;180;60;0mgrad_norm:  0.5015  [38;2;54;234;195mmemory: 72.92GiB(91.79%)  [34mtps: 846  [36mtflops: 40.75  [35mmfu: 4.12%[39m
[rank0]:[titan] 2026-03-17 12:40:01,114 - root - INFO - [31mstep: 2893  [32mloss:  2.6193  [38;2;180;60;0mgrad_norm:  0.6008  [38;2;54;234;195mmemory: 72.92GiB(91.79%)  [34mtps: 846  [36mtflops: 40.74  [35mmfu: 4.12%[39m
[rank0]:[titan] 2026-03-17 12:40:03,538 - root - INFO - [31mstep: 2894  [32mloss:  2.6431  [38;2;180;60;0mgrad_norm:  1.0574  [38;2;54;234;195mmemory: 72.92GiB(91.79%)  [34mtps: 845  [36mtflops: 40.71  [35mmfu: 4.12%[39m
[rank0]:[titan] 2026-03-17 12:40:05,959 - root - INFO - [31mstep: 2895  [32mloss:  2.7162  [38;2;180;60;0mgrad_norm:  0.8174  [38;2;54;234;195mmemory: 72.92GiB(91.79%)  [34mtps: 846  [36mtflops: 40.77  [35mmfu: 4.12%[39m
[rank0]:[titan] 2026-03-17 12:40:08,380 - root - INFO - [31mstep: 2896  [32mloss:  2.7023  [38;2;180;60;0mgrad_norm:  0.7734  [38;2;54;234;195mmemory: 72.92GiB(91.79%)  [34mtps: 846  [36mtflops: 40.77  [35mmfu: 4.12%[39m
[rank0]:[titan] 2026-03-17 12:40:10,803 - root - INFO - [31mstep: 2897  [32mloss:  2.6807  [38;2;180;60;0mgrad_norm:  0.8381  [38;2;54;234;195mmemory: 72.92GiB(91.79%)  [34mtps: 845  [36mtflops: 40.73  [35mmfu: 4.12%[39m
[rank0]:[titan] 2026-03-17 12:40:13,224 - root - INFO - [31mstep: 2898  [32mloss:  2.6898  [38;2;180;60;0mgrad_norm:  0.6375  [38;2;54;234;195mmemory: 72.92GiB(91.79%)  [34mtps: 846  [36mtflops: 40.77  [35mmfu: 4.12%[39m
[rank0]:[titan] 2026-03-17 12:40:15,646 - root - INFO - [31mstep: 2899  [32mloss:  2.6099  [38;2;180;60;0mgrad_norm:  0.8446  [38;2;54;234;195mmemory: 72.92GiB(91.79%)  [34mtps: 846  [36mtflops: 40.75  [35mmfu: 4.12%[39m
[rank0]:[titan] 2026-03-17 12:40:18,076 - root - INFO - [31mstep: 2900  [32mloss:  2.6197  [38;2;180;60;0mgrad_norm:  0.6643  [38;2;54;234;195mmemory: 72.92GiB(91.79%)  [34mtps: 843  [36mtflops: 40.62  [35mmfu: 4.11%[39m
[rank0]:[titan] 2026-03-17 12:40:20,499 - root - INFO - [31mstep: 2901  [32mloss:  2.6680  [38;2;180;60;0mgrad_norm:  0.7899  [38;2;54;234;195mmemory: 72.92GiB(91.79%)  [34mtps: 846  [36mtflops: 40.74  [35mmfu: 4.12%[39m
[rank0]:[titan] 2026-03-17 12:40:22,922 - root - INFO - [31mstep: 2902  [32mloss:  2.6220  [38;2;180;60;0mgrad_norm:  0.6101  [38;2;54;234;195mmemory: 72.92GiB(91.79%)  [34mtps: 846  [36mtflops: 40.75  [35mmfu: 4.12%[39m
[rank0]:[titan] 2026-03-17 12:40:25,349 - root - INFO - [31mstep: 2903  [32mloss:  2.6556  [38;2;180;60;0mgrad_norm:  0.6154  [38;2;54;234;195mmemory: 72.92GiB(91.79%)  [34mtps: 844  [36mtflops: 40.67  [35mmfu: 4.11%[39m
[rank0]:[titan] 2026-03-17 12:40:27,787 - root - INFO - [31mstep: 2904  [32mloss:  2.6401  [38;2;180;60;0mgrad_norm:  0.6771  [38;2;54;234;195mmemory: 72.92GiB(91.79%)  [34mtps: 842  [36mtflops: 40.57  [35mmfu: 4.10%[39m
[rank0]:[titan] 2026-03-17 12:40:30,209 - root - INFO - [31mstep: 2905  [32mloss:  2.6388  [38;2;180;60;0mgrad_norm:  0.7849  [38;2;54;234;195mmemory: 72.92GiB(91.79%)  [34mtps: 847  [36mtflops: 40.81  [35mmfu: 4.13%[39m
[rank0]:[titan] 2026-03-17 12:40:32,631 - root - INFO - [31mstep: 2906  [32mloss:  2.6607  [38;2;180;60;0mgrad_norm:  0.5949  [38;2;54;234;195mmemory: 72.92GiB(91.79%)  [34mtps: 846  [36mtflops: 40.76  [35mmfu: 4.12%[39m
[rank0]:[titan] 2026-03-17 12:40:35,053 - root - INFO - [31mstep: 2907  [32mloss:  2.6447  [38;2;180;60;0mgrad_norm:  0.6970  [38;2;54;234;195mmemory: 72.92GiB(91.79%)  [34mtps: 846  [36mtflops: 40.75  [35mmfu: 4.12%[39m
[rank0]:[titan] 2026-03-17 12:40:37,476 - root - INFO - [31mstep: 2908  [32mloss:  2.7079  [38;2;180;60;0mgrad_norm:  0.5337  [38;2;54;234;195mmemory: 72.92GiB(91.79%)  [34mtps: 845  [36mtflops: 40.74  [35mmfu: 4.12%[39m
[rank0]:[titan] 2026-03-17 12:40:39,898 - root - INFO - [31mstep: 2909  [32mloss:  2.6744  [38;2;180;60;0mgrad_norm:  0.7281  [38;2;54;234;195mmemory: 72.92GiB(91.79%)  [34mtps: 846  [36mtflops: 40.76  [35mmfu: 4.12%[39m
[rank0]:[titan] 2026-03-17 12:40:42,321 - root - INFO - [31mstep: 2910  [32mloss:  2.7646  [38;2;180;60;0mgrad_norm:  0.7046  [38;2;54;234;195mmemory: 72.92GiB(91.79%)  [34mtps: 845  [36mtflops: 40.73  [35mmfu: 4.12%[39m
[rank0]:[titan] 2026-03-17 12:40:44,742 - root - INFO - [31mstep: 2911  [32mloss:  2.6801  [38;2;180;60;0mgrad_norm:  0.8525  [38;2;54;234;195mmemory: 72.92GiB(91.79%)  [34mtps: 846  [36mtflops: 40.77  [35mmfu: 4.12%[39m
[rank0]:[titan] 2026-03-17 12:40:47,164 - root - INFO - [31mstep: 2912  [32mloss:  2.6889  [38;2;180;60;0mgrad_norm:  0.6824  [38;2;54;234;195mmemory: 72.92GiB(91.79%)  [34mtps: 846  [36mtflops: 40.77  [35mmfu: 4.12%[39m
[rank0]:[titan] 2026-03-17 12:40:49,587 - root - INFO - [31mstep: 2913  [32mloss:  2.6680  [38;2;180;60;0mgrad_norm:  0.5958  [38;2;54;234;195mmemory: 72.92GiB(91.79%)  [34mtps: 845  [36mtflops: 40.73  [35mmfu: 4.12%[39m
[rank0]:[titan] 2026-03-17 12:40:52,009 - root - INFO - [31mstep: 2914  [32mloss:  2.6546  [38;2;180;60;0mgrad_norm:  0.6726  [38;2;54;234;195mmemory: 72.92GiB(91.79%)  [34mtps: 846  [36mtflops: 40.75  [35mmfu: 4.12%[39m
[rank0]:[titan] 2026-03-17 12:40:54,433 - root - INFO - [31mstep: 2915  [32mloss:  2.6826  [38;2;180;60;0mgrad_norm:  0.7877  [38;2;54;234;195mmemory: 72.92GiB(91.79%)  [34mtps: 845  [36mtflops: 40.72  [35mmfu: 4.12%[39m
[rank0]:[titan] 2026-03-17 12:40:56,855 - root - INFO - [31mstep: 2916  [32mloss:  2.6601  [38;2;180;60;0mgrad_norm:  0.6782  [38;2;54;234;195mmemory: 72.92GiB(91.79%)  [34mtps: 846  [36mtflops: 40.77  [35mmfu: 4.12%[39m
[rank0]:[titan] 2026-03-17 12:40:59,276 - root - INFO - [31mstep: 2917  [32mloss:  2.5840  [38;2;180;60;0mgrad_norm:  0.7503  [38;2;54;234;195mmemory: 72.92GiB(91.79%)  [34mtps: 846  [36mtflops: 40.76  [35mmfu: 4.12%[39m
[rank0]:[titan] 2026-03-17 12:41:01,696 - root - INFO - [31mstep: 2918  [32mloss:  2.6240  [38;2;180;60;0mgrad_norm:  0.8794  [38;2;54;234;195mmemory: 72.92GiB(91.79%)  [34mtps: 847  [36mtflops: 40.79  [35mmfu: 4.12%[39m
[rank0]:[titan] 2026-03-17 12:41:04,120 - root - INFO - [31mstep: 2919  [32mloss:  2.6865  [38;2;180;60;0mgrad_norm:  0.6810  [38;2;54;234;195mmemory: 72.92GiB(91.79%)  [34mtps: 845  [36mtflops: 40.72  [35mmfu: 4.12%[39m
[rank0]:[titan] 2026-03-17 12:41:06,542 - root - INFO - [31mstep: 2920  [32mloss:  2.6553  [38;2;180;60;0mgrad_norm:  0.8196  [38;2;54;234;195mmemory: 72.92GiB(91.79%)  [34mtps: 846  [36mtflops: 40.77  [35mmfu: 4.12%[39m
[rank0]:[titan] 2026-03-17 12:41:08,969 - root - INFO - [31mstep: 2921  [32mloss:  2.6461  [38;2;180;60;0mgrad_norm:  1.0298  [38;2;54;234;195mmemory: 72.92GiB(91.79%)  [34mtps: 844  [36mtflops: 40.66  [35mmfu: 4.11%[39m
[rank0]:[titan] 2026-03-17 12:41:11,393 - root - INFO - [31mstep: 2922  [32mloss:  2.6470  [38;2;180;60;0mgrad_norm:  0.7924  [38;2;54;234;195mmemory: 72.92GiB(91.79%)  [34mtps: 845  [36mtflops: 40.73  [35mmfu: 4.12%[39m
[rank0]:[titan] 2026-03-17 12:41:13,824 - root - INFO - [31mstep: 2923  [32mloss:  2.6811  [38;2;180;60;0mgrad_norm:  0.8100  [38;2;54;234;195mmemory: 72.92GiB(91.79%)  [34mtps: 843  [36mtflops: 40.59  [35mmfu: 4.10%[39m
[rank0]:[titan] 2026-03-17 12:41:16,245 - root - INFO - [31mstep: 2924  [32mloss:  2.6538  [38;2;180;60;0mgrad_norm:  0.9441  [38;2;54;234;195mmemory: 72.92GiB(91.79%)  [34mtps: 846  [36mtflops: 40.77  [35mmfu: 4.12%[39m
[rank0]:[titan] 2026-03-17 12:41:18,669 - root - INFO - [31mstep: 2925  [32mloss:  2.6571  [38;2;180;60;0mgrad_norm:  0.6668  [38;2;54;234;195mmemory: 72.92GiB(91.79%)  [34mtps: 845  [36mtflops: 40.72  [35mmfu: 4.12%[39m
[rank0]:[titan] 2026-03-17 12:41:21,091 - root - INFO - [31mstep: 2926  [32mloss:  2.6423  [38;2;180;60;0mgrad_norm:  0.7709  [38;2;54;234;195mmemory: 72.92GiB(91.79%)  [34mtps: 846  [36mtflops: 40.76  [35mmfu: 4.12%[39m
[rank0]:[titan] 2026-03-17 12:41:23,520 - root - INFO - [31mstep: 2927  [32mloss:  2.6920  [38;2;180;60;0mgrad_norm:  0.6702  [38;2;54;234;195mmemory: 72.92GiB(91.79%)  [34mtps: 843  [36mtflops: 40.63  [35mmfu: 4.11%[39m
[rank0]:[titan] 2026-03-17 12:41:25,946 - root - INFO - [31mstep: 2928  [32mloss:  2.6550  [38;2;180;60;0mgrad_norm:  0.7302  [38;2;54;234;195mmemory: 72.92GiB(91.79%)  [34mtps: 844  [36mtflops: 40.68  [35mmfu: 4.11%[39m
[rank0]:[titan] 2026-03-17 12:41:28,367 - root - INFO - [31mstep: 2929  [32mloss:  2.6631  [38;2;180;60;0mgrad_norm:  0.8329  [38;2;54;234;195mmemory: 72.92GiB(91.79%)  [34mtps: 846  [36mtflops: 40.78  [35mmfu: 4.12%[39m
[rank0]:[titan] 2026-03-17 12:41:30,786 - root - INFO - [31mstep: 2930  [32mloss:  2.6443  [38;2;180;60;0mgrad_norm:  0.7621  [38;2;54;234;195mmemory: 72.92GiB(91.79%)  [34mtps: 847  [36mtflops: 40.79  [35mmfu: 4.12%[39m
[rank0]:[titan] 2026-03-17 12:41:33,209 - root - INFO - [31mstep: 2931  [32mloss:  2.6577  [38;2;180;60;0mgrad_norm:  0.7791  [38;2;54;234;195mmemory: 72.92GiB(91.79%)  [34mtps: 846  [36mtflops: 40.74  [35mmfu: 4.12%[39m
[rank0]:[titan] 2026-03-17 12:41:35,632 - root - INFO - [31mstep: 2932  [32mloss:  2.6691  [38;2;180;60;0mgrad_norm:  0.8987  [38;2;54;234;195mmemory: 72.92GiB(91.79%)  [34mtps: 845  [36mtflops: 40.74  [35mmfu: 4.12%[39m
[rank0]:[titan] 2026-03-17 12:41:38,051 - root - INFO - [31mstep: 2933  [32mloss:  2.5950  [38;2;180;60;0mgrad_norm:  0.6882  [38;2;54;234;195mmemory: 72.92GiB(91.79%)  [34mtps: 847  [36mtflops: 40.80  [35mmfu: 4.13%[39m
[rank0]:[titan] 2026-03-17 12:41:40,478 - root - INFO - [31mstep: 2934  [32mloss:  2.6434  [38;2;180;60;0mgrad_norm:  0.9321  [38;2;54;234;195mmemory: 72.92GiB(91.79%)  [34mtps: 844  [36mtflops: 40.65  [35mmfu: 4.11%[39m
[rank0]:[titan] 2026-03-17 12:41:42,910 - root - INFO - [31mstep: 2935  [32mloss:  2.6986  [38;2;180;60;0mgrad_norm:  0.7397  [38;2;54;234;195mmemory: 72.92GiB(91.79%)  [34mtps: 843  [36mtflops: 40.59  [35mmfu: 4.10%[39m
[rank0]:[titan] 2026-03-17 12:41:45,330 - root - INFO - [31mstep: 2936  [32mloss:  2.7080  [38;2;180;60;0mgrad_norm:  0.5393  [38;2;54;234;195mmemory: 72.92GiB(91.79%)  [34mtps: 846  [36mtflops: 40.78  [35mmfu: 4.12%[39m
[rank0]:[titan] 2026-03-17 12:41:47,751 - root - INFO - [31mstep: 2937  [32mloss:  2.6776  [38;2;180;60;0mgrad_norm:  0.7585  [38;2;54;234;195mmemory: 72.92GiB(91.79%)  [34mtps: 846  [36mtflops: 40.76  [35mmfu: 4.12%[39m
[rank0]:[titan] 2026-03-17 12:41:50,172 - root - INFO - [31mstep: 2938  [32mloss:  2.6299  [38;2;180;60;0mgrad_norm:  0.9248  [38;2;54;234;195mmemory: 72.92GiB(91.79%)  [34mtps: 846  [36mtflops: 40.76  [35mmfu: 4.12%[39m
[rank0]:[titan] 2026-03-17 12:41:52,598 - root - INFO - [31mstep: 2939  [32mloss:  2.5775  [38;2;180;60;0mgrad_norm:  0.6959  [38;2;54;234;195mmemory: 72.92GiB(91.79%)  [34mtps: 845  [36mtflops: 40.69  [35mmfu: 4.11%[39m
[rank0]:[titan] 2026-03-17 12:41:55,018 - root - INFO - [31mstep: 2940  [32mloss:  2.6310  [38;2;180;60;0mgrad_norm:  0.6465  [38;2;54;234;195mmemory: 72.92GiB(91.79%)  [34mtps: 847  [36mtflops: 40.79  [35mmfu: 4.12%[39m
[rank0]:[titan] 2026-03-17 12:41:57,438 - root - INFO - [31mstep: 2941  [32mloss:  2.6828  [38;2;180;60;0mgrad_norm:  0.7447  [38;2;54;234;195mmemory: 72.92GiB(91.79%)  [34mtps: 846  [36mtflops: 40.78  [35mmfu: 4.12%[39m
[rank0]:[titan] 2026-03-17 12:41:59,860 - root - INFO - [31mstep: 2942  [32mloss:  2.6256  [38;2;180;60;0mgrad_norm:  0.7076  [38;2;54;234;195mmemory: 72.92GiB(91.79%)  [34mtps: 846  [36mtflops: 40.74  [35mmfu: 4.12%[39m
[rank0]:[titan] 2026-03-17 12:42:02,281 - root - INFO - [31mstep: 2943  [32mloss:  2.6260  [38;2;180;60;0mgrad_norm:  0.7131  [38;2;54;234;195mmemory: 72.92GiB(91.79%)  [34mtps: 846  [36mtflops: 40.77  [35mmfu: 4.12%[39m
[rank0]:[titan] 2026-03-17 12:42:04,704 - root - INFO - [31mstep: 2944  [32mloss:  2.6456  [38;2;180;60;0mgrad_norm:  0.5199  [38;2;54;234;195mmemory: 72.92GiB(91.79%)  [34mtps: 845  [36mtflops: 40.74  [35mmfu: 4.12%[39m
[rank0]:[titan] 2026-03-17 12:42:07,129 - root - INFO - [31mstep: 2945  [32mloss:  2.6218  [38;2;180;60;0mgrad_norm:  0.5769  [38;2;54;234;195mmemory: 72.92GiB(91.79%)  [34mtps: 845  [36mtflops: 40.71  [35mmfu: 4.12%[39m
[rank0]:[titan] 2026-03-17 12:42:09,554 - root - INFO - [31mstep: 2946  [32mloss:  2.6118  [38;2;180;60;0mgrad_norm:  0.6971  [38;2;54;234;195mmemory: 72.92GiB(91.79%)  [34mtps: 845  [36mtflops: 40.69  [35mmfu: 4.11%[39m
[rank0]:[titan] 2026-03-17 12:42:11,978 - root - INFO - [31mstep: 2947  [32mloss:  2.6137  [38;2;180;60;0mgrad_norm:  0.5842  [38;2;54;234;195mmemory: 72.92GiB(91.79%)  [34mtps: 845  [36mtflops: 40.73  [35mmfu: 4.12%[39m
[rank0]:[titan] 2026-03-17 12:42:14,398 - root - INFO - [31mstep: 2948  [32mloss:  2.6188  [38;2;180;60;0mgrad_norm:  0.7928  [38;2;54;234;195mmemory: 72.92GiB(91.79%)  [34mtps: 846  [36mtflops: 40.78  [35mmfu: 4.12%[39m
[rank0]:[titan] 2026-03-17 12:42:16,819 - root - INFO - [31mstep: 2949  [32mloss:  2.5822  [38;2;180;60;0mgrad_norm:  0.5508  [38;2;54;234;195mmemory: 72.92GiB(91.79%)  [34mtps: 846  [36mtflops: 40.79  [35mmfu: 4.12%[39m
[rank0]:[titan] 2026-03-17 12:42:19,242 - root - INFO - [31mstep: 2950  [32mloss:  2.6036  [38;2;180;60;0mgrad_norm:  0.5865  [38;2;54;234;195mmemory: 72.92GiB(91.79%)  [34mtps: 845  [36mtflops: 40.72  [35mmfu: 4.12%[39m
[rank0]:[titan] 2026-03-17 12:42:21,664 - root - INFO - [31mstep: 2951  [32mloss:  2.6225  [38;2;180;60;0mgrad_norm:  0.6726  [38;2;54;234;195mmemory: 72.92GiB(91.79%)  [34mtps: 846  [36mtflops: 40.76  [35mmfu: 4.12%[39m
[rank0]:[titan] 2026-03-17 12:42:24,083 - root - INFO - [31mstep: 2952  [32mloss:  2.5922  [38;2;180;60;0mgrad_norm:  0.7067  [38;2;54;234;195mmemory: 72.92GiB(91.79%)  [34mtps: 847  [36mtflops: 40.81  [35mmfu: 4.13%[39m
[rank0]:[titan] 2026-03-17 12:42:26,509 - root - INFO - [31mstep: 2953  [32mloss:  2.6451  [38;2;180;60;0mgrad_norm:  0.5787  [38;2;54;234;195mmemory: 72.92GiB(91.79%)  [34mtps: 844  [36mtflops: 40.68  [35mmfu: 4.11%[39m
[rank0]:[titan] 2026-03-17 12:42:28,932 - root - INFO - [31mstep: 2954  [32mloss:  2.6664  [38;2;180;60;0mgrad_norm:  0.8197  [38;2;54;234;195mmemory: 72.92GiB(91.79%)  [34mtps: 845  [36mtflops: 40.73  [35mmfu: 4.12%[39m
[rank0]:[titan] 2026-03-17 12:42:31,360 - root - INFO - [31mstep: 2955  [32mloss:  2.6366  [38;2;180;60;0mgrad_norm:  0.9359  [38;2;54;234;195mmemory: 72.92GiB(91.79%)  [34mtps: 844  [36mtflops: 40.64  [35mmfu: 4.11%[39m
[rank0]:[titan] 2026-03-17 12:42:33,782 - root - INFO - [31mstep: 2956  [32mloss:  2.6324  [38;2;180;60;0mgrad_norm:  0.7505  [38;2;54;234;195mmemory: 72.92GiB(91.79%)  [34mtps: 846  [36mtflops: 40.77  [35mmfu: 4.12%[39m
[rank0]:[titan] 2026-03-17 12:42:36,204 - root - INFO - [31mstep: 2957  [32mloss:  2.5890  [38;2;180;60;0mgrad_norm:  0.4699  [38;2;54;234;195mmemory: 72.92GiB(91.79%)  [34mtps: 846  [36mtflops: 40.75  [35mmfu: 4.12%[39m
[rank0]:[titan] 2026-03-17 12:42:38,634 - root - INFO - [31mstep: 2958  [32mloss:  2.6023  [38;2;180;60;0mgrad_norm:  1.0654  [38;2;54;234;195mmemory: 72.92GiB(91.79%)  [34mtps: 843  [36mtflops: 40.64  [35mmfu: 4.11%[39m
[rank0]:[titan] 2026-03-17 12:42:41,056 - root - INFO - [31mstep: 2959  [32mloss:  2.6146  [38;2;180;60;0mgrad_norm:  0.7855  [38;2;54;234;195mmemory: 72.92GiB(91.79%)  [34mtps: 846  [36mtflops: 40.75  [35mmfu: 4.12%[39m
[rank0]:[titan] 2026-03-17 12:42:43,478 - root - INFO - [31mstep: 2960  [32mloss:  2.6091  [38;2;180;60;0mgrad_norm:  0.6686  [38;2;54;234;195mmemory: 72.92GiB(91.79%)  [34mtps: 846  [36mtflops: 40.75  [35mmfu: 4.12%[39m
[rank0]:[titan] 2026-03-17 12:42:43,479 - root - WARNING - Dataset c4_test is being re-looped
[rank0]:[titan] 2026-03-17 12:42:45,900 - root - INFO - [31mstep: 2961  [32mloss:  2.6632  [38;2;180;60;0mgrad_norm:  0.9712  [38;2;54;234;195mmemory: 72.92GiB(91.79%)  [34mtps: 846  [36mtflops: 40.75  [35mmfu: 4.12%[39m
[rank0]:[titan] 2026-03-17 12:42:48,322 - root - INFO - [31mstep: 2962  [32mloss:  2.6396  [38;2;180;60;0mgrad_norm:  0.6747  [38;2;54;234;195mmemory: 72.92GiB(91.79%)  [34mtps: 846  [36mtflops: 40.76  [35mmfu: 4.12%[39m
[rank0]:[titan] 2026-03-17 12:42:50,743 - root - INFO - [31mstep: 2963  [32mloss:  2.6498  [38;2;180;60;0mgrad_norm:  0.5540  [38;2;54;234;195mmemory: 72.92GiB(91.79%)  [34mtps: 846  [36mtflops: 40.76  [35mmfu: 4.12%[39m
[rank0]:[titan] 2026-03-17 12:42:53,164 - root - INFO - [31mstep: 2964  [32mloss:  2.6563  [38;2;180;60;0mgrad_norm:  0.7827  [38;2;54;234;195mmemory: 72.92GiB(91.79%)  [34mtps: 846  [36mtflops: 40.78  [35mmfu: 4.12%[39m
[rank0]:[titan] 2026-03-17 12:42:55,585 - root - INFO - [31mstep: 2965  [32mloss:  2.6664  [38;2;180;60;0mgrad_norm:  0.7329  [38;2;54;234;195mmemory: 72.92GiB(91.79%)  [34mtps: 846  [36mtflops: 40.76  [35mmfu: 4.12%[39m
[rank0]:[titan] 2026-03-17 12:42:58,010 - root - INFO - [31mstep: 2966  [32mloss:  2.6553  [38;2;180;60;0mgrad_norm:  0.6751  [38;2;54;234;195mmemory: 72.92GiB(91.79%)  [34mtps: 845  [36mtflops: 40.69  [35mmfu: 4.11%[39m
[rank0]:[titan] 2026-03-17 12:43:00,430 - root - INFO - [31mstep: 2967  [32mloss:  2.6395  [38;2;180;60;0mgrad_norm:  0.4927  [38;2;54;234;195mmemory: 72.92GiB(91.79%)  [34mtps: 847  [36mtflops: 40.79  [35mmfu: 4.12%[39m
[rank0]:[titan] 2026-03-17 12:43:02,853 - root - INFO - [31mstep: 2968  [32mloss:  2.6237  [38;2;180;60;0mgrad_norm:  0.8027  [38;2;54;234;195mmemory: 72.92GiB(91.79%)  [34mtps: 845  [36mtflops: 40.73  [35mmfu: 4.12%[39m
[rank0]:[titan] 2026-03-17 12:43:05,274 - root - INFO - [31mstep: 2969  [32mloss:  2.6267  [38;2;180;60;0mgrad_norm:  0.6885  [38;2;54;234;195mmemory: 72.92GiB(91.79%)  [34mtps: 846  [36mtflops: 40.77  [35mmfu: 4.12%[39m
[rank0]:[titan] 2026-03-17 12:43:07,704 - root - INFO - [31mstep: 2970  [32mloss:  2.7018  [38;2;180;60;0mgrad_norm:  0.7101  [38;2;54;234;195mmemory: 72.92GiB(91.79%)  [34mtps: 843  [36mtflops: 40.63  [35mmfu: 4.11%[39m
[rank0]:[titan] 2026-03-17 12:43:10,126 - root - INFO - [31mstep: 2971  [32mloss:  2.7402  [38;2;180;60;0mgrad_norm:  0.7939  [38;2;54;234;195mmemory: 72.92GiB(91.79%)  [34mtps: 846  [36mtflops: 40.74  [35mmfu: 4.12%[39m
[rank0]:[titan] 2026-03-17 12:43:12,547 - root - INFO - [31mstep: 2972  [32mloss:  2.6276  [38;2;180;60;0mgrad_norm:  0.8466  [38;2;54;234;195mmemory: 72.92GiB(91.79%)  [34mtps: 846  [36mtflops: 40.78  [35mmfu: 4.12%[39m
[rank0]:[titan] 2026-03-17 12:43:14,971 - root - INFO - [31mstep: 2973  [32mloss:  2.6897  [38;2;180;60;0mgrad_norm:  0.7035  [38;2;54;234;195mmemory: 72.92GiB(91.79%)  [34mtps: 845  [36mtflops: 40.72  [35mmfu: 4.12%[39m
[rank0]:[titan] 2026-03-17 12:43:17,393 - root - INFO - [31mstep: 2974  [32mloss:  2.7283  [38;2;180;60;0mgrad_norm:  0.5546  [38;2;54;234;195mmemory: 72.92GiB(91.79%)  [34mtps: 846  [36mtflops: 40.76  [35mmfu: 4.12%[39m
[rank0]:[titan] 2026-03-17 12:43:19,813 - root - INFO - [31mstep: 2975  [32mloss:  2.8107  [38;2;180;60;0mgrad_norm:  0.9156  [38;2;54;234;195mmemory: 72.92GiB(91.79%)  [34mtps: 847  [36mtflops: 40.79  [35mmfu: 4.12%[39m
[rank0]:[titan] 2026-03-17 12:43:22,234 - root - INFO - [31mstep: 2976  [32mloss:  2.7079  [38;2;180;60;0mgrad_norm:  0.7202  [38;2;54;234;195mmemory: 72.92GiB(91.79%)  [34mtps: 846  [36mtflops: 40.77  [35mmfu: 4.12%[39m
[rank0]:[titan] 2026-03-17 12:43:24,656 - root - INFO - [31mstep: 2977  [32mloss:  2.6919  [38;2;180;60;0mgrad_norm:  0.7626  [38;2;54;234;195mmemory: 72.92GiB(91.79%)  [34mtps: 846  [36mtflops: 40.74  [35mmfu: 4.12%[39m
[rank0]:[titan] 2026-03-17 12:43:27,098 - root - INFO - [31mstep: 2978  [32mloss:  2.7243  [38;2;180;60;0mgrad_norm:  0.8417  [38;2;54;234;195mmemory: 72.92GiB(91.79%)  [34mtps: 839  [36mtflops: 40.42  [35mmfu: 4.09%[39m
[rank0]:[titan] 2026-03-17 12:43:29,526 - root - INFO - [31mstep: 2979  [32mloss:  2.7018  [38;2;180;60;0mgrad_norm:  0.8507  [38;2;54;234;195mmemory: 72.92GiB(91.79%)  [34mtps: 844  [36mtflops: 40.67  [35mmfu: 4.11%[39m
[rank0]:[titan] 2026-03-17 12:43:31,949 - root - INFO - [31mstep: 2980  [32mloss:  2.7352  [38;2;180;60;0mgrad_norm:  0.7701  [38;2;54;234;195mmemory: 72.92GiB(91.79%)  [34mtps: 845  [36mtflops: 40.74  [35mmfu: 4.12%[39m
[rank0]:[titan] 2026-03-17 12:43:34,370 - root - INFO - [31mstep: 2981  [32mloss:  2.6590  [38;2;180;60;0mgrad_norm:  0.6479  [38;2;54;234;195mmemory: 72.92GiB(91.79%)  [34mtps: 846  [36mtflops: 40.78  [35mmfu: 4.12%[39m
[rank0]:[titan] 2026-03-17 12:43:36,792 - root - INFO - [31mstep: 2982  [32mloss:  2.6891  [38;2;180;60;0mgrad_norm:  0.8721  [38;2;54;234;195mmemory: 72.92GiB(91.79%)  [34mtps: 846  [36mtflops: 40.75  [35mmfu: 4.12%[39m
[rank0]:[titan] 2026-03-17 12:43:39,216 - root - INFO - [31mstep: 2983  [32mloss:  2.6994  [38;2;180;60;0mgrad_norm:  0.9769  [38;2;54;234;195mmemory: 72.92GiB(91.79%)  [34mtps: 845  [36mtflops: 40.73  [35mmfu: 4.12%[39m
[rank0]:[titan] 2026-03-17 12:43:41,638 - root - INFO - [31mstep: 2984  [32mloss:  2.6532  [38;2;180;60;0mgrad_norm:  0.8082  [38;2;54;234;195mmemory: 72.92GiB(91.79%)  [34mtps: 846  [36mtflops: 40.75  [35mmfu: 4.12%[39m
[rank0]:[titan] 2026-03-17 12:43:44,060 - root - INFO - [31mstep: 2985  [32mloss:  2.6849  [38;2;180;60;0mgrad_norm:  0.9605  [38;2;54;234;195mmemory: 72.92GiB(91.79%)  [34mtps: 846  [36mtflops: 40.75  [35mmfu: 4.12%[39m
[rank0]:[titan] 2026-03-17 12:43:46,482 - root - INFO - [31mstep: 2986  [32mloss:  2.7094  [38;2;180;60;0mgrad_norm:  1.1225  [38;2;54;234;195mmemory: 72.92GiB(91.79%)  [34mtps: 846  [36mtflops: 40.76  [35mmfu: 4.12%[39m
[rank0]:[titan] 2026-03-17 12:43:48,906 - root - INFO - [31mstep: 2987  [32mloss:  2.6515  [38;2;180;60;0mgrad_norm:  1.2082  [38;2;54;234;195mmemory: 72.92GiB(91.79%)  [34mtps: 845  [36mtflops: 40.71  [35mmfu: 4.12%[39m
[rank0]:[titan] 2026-03-17 12:43:51,328 - root - INFO - [31mstep: 2988  [32mloss:  2.7109  [38;2;180;60;0mgrad_norm:  0.8314  [38;2;54;234;195mmemory: 72.92GiB(91.79%)  [34mtps: 846  [36mtflops: 40.76  [35mmfu: 4.12%[39m
[rank0]:[titan] 2026-03-17 12:43:53,754 - root - INFO - [31mstep: 2989  [32mloss:  2.7013  [38;2;180;60;0mgrad_norm:  0.8044  [38;2;54;234;195mmemory: 72.92GiB(91.79%)  [34mtps: 844  [36mtflops: 40.68  [35mmfu: 4.11%[39m
[rank0]:[titan] 2026-03-17 12:43:56,175 - root - INFO - [31mstep: 2990  [32mloss:  2.6432  [38;2;180;60;0mgrad_norm:  0.9847  [38;2;54;234;195mmemory: 72.92GiB(91.79%)  [34mtps: 846  [36mtflops: 40.78  [35mmfu: 4.12%[39m
[rank0]:[titan] 2026-03-17 12:43:58,595 - root - INFO - [31mstep: 2991  [32mloss:  2.7196  [38;2;180;60;0mgrad_norm:  0.7246  [38;2;54;234;195mmemory: 72.92GiB(91.79%)  [34mtps: 846  [36mtflops: 40.78  [35mmfu: 4.12%[39m
[rank0]:[titan] 2026-03-17 12:44:01,028 - root - INFO - [31mstep: 2992  [32mloss:  2.6759  [38;2;180;60;0mgrad_norm:  0.8848  [38;2;54;234;195mmemory: 72.92GiB(91.79%)  [34mtps: 842  [36mtflops: 40.57  [35mmfu: 4.10%[39m
[rank0]:[titan] 2026-03-17 12:44:03,449 - root - INFO - [31mstep: 2993  [32mloss:  2.6873  [38;2;180;60;0mgrad_norm:  0.6869  [38;2;54;234;195mmemory: 72.92GiB(91.79%)  [34mtps: 846  [36mtflops: 40.78  [35mmfu: 4.12%[39m
[rank0]:[titan] 2026-03-17 12:44:05,881 - root - INFO - [31mstep: 2994  [32mloss:  2.7003  [38;2;180;60;0mgrad_norm:  0.6148  [38;2;54;234;195mmemory: 72.92GiB(91.79%)  [34mtps: 842  [36mtflops: 40.59  [35mmfu: 4.10%[39m
[rank0]:[titan] 2026-03-17 12:44:08,304 - root - INFO - [31mstep: 2995  [32mloss:  2.7473  [38;2;180;60;0mgrad_norm:  0.7548  [38;2;54;234;195mmemory: 72.92GiB(91.79%)  [34mtps: 845  [36mtflops: 40.73  [35mmfu: 4.12%[39m
[rank0]:[titan] 2026-03-17 12:44:10,723 - root - INFO - [31mstep: 2996  [32mloss:  2.6826  [38;2;180;60;0mgrad_norm:  0.9632  [38;2;54;234;195mmemory: 72.92GiB(91.79%)  [34mtps: 847  [36mtflops: 40.80  [35mmfu: 4.13%[39m
[rank0]:[titan] 2026-03-17 12:44:13,151 - root - INFO - [31mstep: 2997  [32mloss:  2.7024  [38;2;180;60;0mgrad_norm:  0.8995  [38;2;54;234;195mmemory: 72.92GiB(91.79%)  [34mtps: 844  [36mtflops: 40.66  [35mmfu: 4.11%[39m
[rank0]:[titan] 2026-03-17 12:44:15,574 - root - INFO - [31mstep: 2998  [32mloss:  2.7071  [38;2;180;60;0mgrad_norm:  0.7726  [38;2;54;234;195mmemory: 72.92GiB(91.79%)  [34mtps: 845  [36mtflops: 40.74  [35mmfu: 4.12%[39m
[rank0]:[titan] 2026-03-17 12:44:17,997 - root - INFO - [31mstep: 2999  [32mloss:  2.6961  [38;2;180;60;0mgrad_norm:  3.1478  [38;2;54;234;195mmemory: 72.92GiB(91.79%)  [34mtps: 845  [36mtflops: 40.72  [35mmfu: 4.12%[39m
[rank0]:/fsx/ferdinandmom/ferdinand-hf/huggingface/torchtitan/env_torchtitan_official/lib/python3.12/site-packages/torch/distributed/c10d_logger.py:83: UserWarning: barrier(): using the device under current context. You can specify `device_id` in `init_process_group` to mute this warning.
[rank0]:  return func(*args, **kwargs)
[rank0]:[titan] 2026-03-17 12:44:20,419 - root - INFO - [31mstep: 3000  [32mloss:  2.6624  [38;2;180;60;0mgrad_norm:  1.0735  [38;2;54;234;195mmemory: 72.92GiB(91.79%)  [34mtps: 846  [36mtflops: 40.76  [35mmfu: 4.12%[39m
[rank0]:[titan] 2026-03-17 12:44:20,420 - root - INFO - [33mpost-warmup (100 steps) avg  [34mtps: 845  [36mtflops: 40.72  [35mmfu: 4.12%[39m
[rank0]:[titan] 2026-03-17 12:44:20,420 - root - INFO - Training completed
