========================
START TIME: Tue Mar 17 10:40:37 UTC 2026
python3 version = Python 3.12.9
===========
Running job: llama3_8b_fsdp_cpu_offload_mixed_precision_torchtitan
Config file: /fsx/ferdinandmom/ferdinand-hf/huggingface/torchtitan/torchtitan/experiments/debug_fsdp/configs/torchtitan_llama3_8b.toml
Running command: srun -u torchrun     --nproc_per_node 8     --nnodes 1     --rdzv_endpoint ip-26-0-174-215:8663     --rdzv_backend c10d     --max_restarts 0     --role rank     --local_ranks_filter 0     --tee 3     minimal_fsdp.py     --job.config_file /fsx/ferdinandmom/ferdinand-hf/huggingface/torchtitan/torchtitan/experiments/debug_fsdp/configs/torchtitan_llama3_8b.toml     --checkpoint.enable     --checkpoint.initial_load_path outputs/llama3_8b/seed_checkpoint/checkpoint/step-0     --checkpoint.load_only     --training.enable_cpu_offload     --training.mixed_precision_param bfloat16     --training.mixed_precision_reduce float32     --model.flavor 8B
Job status: RUNNING
W0317 10:40:43.784000 1192858 torch/distributed/run.py:853] 
W0317 10:40:43.784000 1192858 torch/distributed/run.py:853] *****************************************
W0317 10:40:43.784000 1192858 torch/distributed/run.py:853] Setting OMP_NUM_THREADS environment variable for each process to be 1 in default, to avoid your system being overloaded, please further tune the variable for optimal performance in your application as needed. 
W0317 10:40:43.784000 1192858 torch/distributed/run.py:853] *****************************************
[rank0]:[titan] 2026-03-17 10:41:04,103 - root - WARNING - ENV[TORCH_NCCL_ASYNC_ERROR_HANDLING] = 1 will be overridden to 3 based on job config
[rank0]:[Gloo] Rank 0 is connected to 7 peer ranks. Expected number of connected peer ranks is : 7
[rank0]:[titan] 2026-03-17 10:41:09,160 - root - INFO - Building 1-D device mesh with ['dp_shard'], [8]
[rank0]:[titan] 2026-03-17 10:41:09,165 - root - INFO - Deterministic algorithm enabled (expect perf degradation).
[rank0]:[titan] 2026-03-17 10:41:09,222 - root - INFO - Initialized distributed run rank=0 world_size=8 local_rank=0 mesh=[0, 1, 2, 3, 4, 5, 6, 7]
[rank0]:[titan] 2026-03-17 10:41:09,222 - root - INFO - Backend: torchtitan (llama3)
[rank0]:[titan] 2026-03-17 10:41:09,222 - root - INFO - Building llama3 8B with TransformerModelArgs(_enforced='This field is used to enforce all fields have defaults.', dim=4096, n_layers=32, n_heads=32, n_kv_heads=8, vocab_size=128256, multiple_of=1024, ffn_dim_multiplier=1.3, norm_eps=1e-05, rope_theta=500000, rope_scaling_args=RoPEScalingArgs(scaling_factor=8.0, low_freq_factor=1.0, high_freq_factor=4.0, original_max_position_embeddings=8192), max_seq_len=2048, depth_init=True, attn_type='sdpa', attn_mask_type='causal', eos_id=0)
[rank0]:[titan] 2026-03-17 10:41:57,620 - root - WARNING - model.safetensors.index.json not found at hf_assets_path: ../../../tests/assets/tokenizer/model.safetensors.index.json.                     Defaulting to saving a single safetensors file if checkpoint is saved in HF format
[rank0]:[titan] 2026-03-17 10:42:11,419 - root - INFO - Loaded seed checkpoint from outputs/llama3_8b/seed_checkpoint/checkpoint/step-0
[rank0]:[titan] 2026-03-17 10:42:21,892 - root - INFO - TorchTitan FSDP options: cpu_offload=True mixed_precision=True param_dtype=bfloat16 reduce_dtype=float32
[rank0]:/fsx/ferdinandmom/ferdinand-hf/huggingface/torchtitan/env_torchtitan_official/lib/python3.12/site-packages/torch/distributed/device_mesh.py:604: UserWarning: Slicing a flattened dim from root mesh will be deprecated in PT 2.11. Users need to bookkeep the flattened mesh directly. 
[rank0]:  sliced_mesh_layout = self._get_slice_mesh_layout(mesh_dim_names)
[rank0]:[titan] 2026-03-17 10:42:28,030 - root - INFO - Peak FLOPS used for computing MFU: 9.890e+14
[rank0]:[titan] 2026-03-17 10:42:28,030 - root - INFO - CUDA memory usage for model: 30.16GiB(37.97%)
[rank0]:[titan] 2026-03-17 10:42:28,030 - root - INFO - Loading tokenizer from tokenizer.json
[rank0]:[titan] 2026-03-17 10:42:28,034 - root - INFO - Preparing c4_test dataset from ../../../tests/assets/c4_test
[rank0]:[titan] 2026-03-17 10:42:28,301 - root - INFO - Trainer: local_bs=1, global_bs=8, seq_len=2048, steps=3000 (warmup 100)
[rank0]:[titan] 2026-03-17 10:42:28,301 - root - INFO - Training starts at step 1
[rank0]:/fsx/ferdinandmom/ferdinand-hf/huggingface/torchtitan/env_torchtitan_official/lib/python3.12/site-packages/torch/distributed/device_mesh.py:604: UserWarning: Slicing a flattened dim from root mesh will be deprecated in PT 2.11. Users need to bookkeep the flattened mesh directly. 
[rank0]:  sliced_mesh_layout = self._get_slice_mesh_layout(mesh_dim_names)
[rank0]:[titan] 2026-03-17 10:42:52,031 - root - INFO - [31mstep:  1  [32mloss: 12.0625  [38;2;180;60;0mgrad_norm: 27.1418  [38;2;54;234;195mmemory: 22.44GiB(28.24%)  [34mtps: 86  [36mtflops: 4.16  [35mmfu: 0.42%[39m
[rank0]:[titan] 2026-03-17 10:42:52,031 - root - INFO - Synchronizing and adjusting timeout for all ProcessGroups to 0:01:40
[rank0]:[titan] 2026-03-17 10:43:07,153 - root - INFO - [31mstep:  2  [32mloss: 11.5000  [38;2;180;60;0mgrad_norm: 49.4355  [38;2;54;234;195mmemory: 22.44GiB(28.24%)  [34mtps: 135  [36mtflops: 6.53  [35mmfu: 0.66%[39m
[rank0]:[titan] 2026-03-17 10:43:22,433 - root - INFO - [31mstep:  3  [32mloss: 13.0000  [38;2;180;60;0mgrad_norm: 24.0534  [38;2;54;234;195mmemory: 22.44GiB(28.24%)  [34mtps: 134  [36mtflops: 6.47  [35mmfu: 0.65%[39m
[rank0]:[titan] 2026-03-17 10:43:37,560 - root - INFO - [31mstep:  4  [32mloss: 13.6875  [38;2;180;60;0mgrad_norm: 36.5508  [38;2;54;234;195mmemory: 22.44GiB(28.24%)  [34mtps: 135  [36mtflops: 6.53  [35mmfu: 0.66%[39m
[rank0]:[titan] 2026-03-17 10:43:52,429 - root - INFO - [31mstep:  5  [32mloss: 14.3125  [38;2;180;60;0mgrad_norm: 42.1108  [38;2;54;234;195mmemory: 22.44GiB(28.24%)  [34mtps: 138  [36mtflops: 6.65  [35mmfu: 0.67%[39m
[rank0]:[titan] 2026-03-17 10:44:07,688 - root - INFO - [31mstep:  6  [32mloss: 12.4375  [38;2;180;60;0mgrad_norm: 31.8511  [38;2;54;234;195mmemory: 22.44GiB(28.24%)  [34mtps: 134  [36mtflops: 6.48  [35mmfu: 0.65%[39m
[rank0]:[titan] 2026-03-17 10:44:23,038 - root - INFO - [31mstep:  7  [32mloss: 11.2500  [38;2;180;60;0mgrad_norm: 30.9761  [38;2;54;234;195mmemory: 22.44GiB(28.24%)  [34mtps: 133  [36mtflops: 6.44  [35mmfu: 0.65%[39m
[rank0]:[titan] 2026-03-17 10:44:37,884 - root - INFO - [31mstep:  8  [32mloss:  9.8750  [38;2;180;60;0mgrad_norm: 29.8998  [38;2;54;234;195mmemory: 22.44GiB(28.24%)  [34mtps: 138  [36mtflops: 6.66  [35mmfu: 0.67%[39m
[rank0]:[titan] 2026-03-17 10:44:53,002 - root - INFO - [31mstep:  9  [32mloss:  8.8125  [38;2;180;60;0mgrad_norm: 33.7479  [38;2;54;234;195mmemory: 22.44GiB(28.24%)  [34mtps: 135  [36mtflops: 6.54  [35mmfu: 0.66%[39m
[rank0]:[titan] 2026-03-17 10:45:08,075 - root - INFO - [31mstep: 10  [32mloss:  7.5625  [38;2;180;60;0mgrad_norm: 20.8193  [38;2;54;234;195mmemory: 22.44GiB(28.24%)  [34mtps: 136  [36mtflops: 6.56  [35mmfu: 0.66%[39m
[rank0]:[titan] 2026-03-17 10:45:23,082 - root - INFO - [31mstep: 11  [32mloss:  6.3125  [38;2;180;60;0mgrad_norm: 14.9149  [38;2;54;234;195mmemory: 22.44GiB(28.24%)  [34mtps: 136  [36mtflops: 6.59  [35mmfu: 0.67%[39m
[rank0]:[titan] 2026-03-17 10:45:38,014 - root - INFO - [31mstep: 12  [32mloss:  6.1250  [38;2;180;60;0mgrad_norm: 43.5403  [38;2;54;234;195mmemory: 22.44GiB(28.24%)  [34mtps: 137  [36mtflops: 6.62  [35mmfu: 0.67%[39m
[rank0]:[titan] 2026-03-17 10:45:52,927 - root - INFO - [31mstep: 13  [32mloss:  5.7188  [38;2;180;60;0mgrad_norm: 32.9886  [38;2;54;234;195mmemory: 22.44GiB(28.24%)  [34mtps: 137  [36mtflops: 6.63  [35mmfu: 0.67%[39m
[rank0]:[titan] 2026-03-17 10:46:07,858 - root - INFO - [31mstep: 14  [32mloss:  5.5625  [38;2;180;60;0mgrad_norm: 38.9654  [38;2;54;234;195mmemory: 22.44GiB(28.24%)  [34mtps: 137  [36mtflops: 6.62  [35mmfu: 0.67%[39m
[rank0]:[titan] 2026-03-17 10:46:23,121 - root - INFO - [31mstep: 15  [32mloss:  4.6562  [38;2;180;60;0mgrad_norm: 14.5948  [38;2;54;234;195mmemory: 22.44GiB(28.24%)  [34mtps: 134  [36mtflops: 6.47  [35mmfu: 0.65%[39m
[rank0]:[titan] 2026-03-17 10:46:38,376 - root - INFO - [31mstep: 16  [32mloss:  4.5938  [38;2;180;60;0mgrad_norm: 20.4293  [38;2;54;234;195mmemory: 22.44GiB(28.24%)  [34mtps: 134  [36mtflops: 6.48  [35mmfu: 0.65%[39m
[rank0]:[titan] 2026-03-17 10:46:53,355 - root - INFO - [31mstep: 17  [32mloss:  4.4062  [38;2;180;60;0mgrad_norm: 20.0625  [38;2;54;234;195mmemory: 22.44GiB(28.24%)  [34mtps: 137  [36mtflops: 6.60  [35mmfu: 0.67%[39m
[rank0]:[titan] 2026-03-17 10:47:08,796 - root - INFO - [31mstep: 18  [32mloss:  4.2500  [38;2;180;60;0mgrad_norm: 25.3351  [38;2;54;234;195mmemory: 22.44GiB(28.24%)  [34mtps: 133  [36mtflops: 6.40  [35mmfu: 0.65%[39m
[rank0]:[titan] 2026-03-17 10:47:23,866 - root - INFO - [31mstep: 19  [32mloss:  4.0312  [38;2;180;60;0mgrad_norm: 21.2386  [38;2;54;234;195mmemory: 22.44GiB(28.24%)  [34mtps: 136  [36mtflops: 6.56  [35mmfu: 0.66%[39m
[rank0]:[titan] 2026-03-17 10:47:39,089 - root - INFO - [31mstep: 20  [32mloss:  3.6719  [38;2;180;60;0mgrad_norm: 14.2894  [38;2;54;234;195mmemory: 22.44GiB(28.24%)  [34mtps: 135  [36mtflops: 6.49  [35mmfu: 0.66%[39m
[rank0]:[titan] 2026-03-17 10:47:54,341 - root - INFO - [31mstep: 21  [32mloss:  3.6406  [38;2;180;60;0mgrad_norm: 12.8411  [38;2;54;234;195mmemory: 22.44GiB(28.24%)  [34mtps: 134  [36mtflops: 6.48  [35mmfu: 0.66%[39m
[rank0]:[titan] 2026-03-17 10:48:09,586 - root - INFO - [31mstep: 22  [32mloss:  3.7812  [38;2;180;60;0mgrad_norm: 14.0754  [38;2;54;234;195mmemory: 22.44GiB(28.24%)  [34mtps: 134  [36mtflops: 6.48  [35mmfu: 0.66%[39m
[rank0]:[titan] 2026-03-17 10:48:24,687 - root - INFO - [31mstep: 23  [32mloss:  3.7656  [38;2;180;60;0mgrad_norm: 13.3936  [38;2;54;234;195mmemory: 22.44GiB(28.24%)  [34mtps: 136  [36mtflops: 6.54  [35mmfu: 0.66%[39m
[rank0]:[titan] 2026-03-17 10:48:39,653 - root - INFO - [31mstep: 24  [32mloss:  3.7656  [38;2;180;60;0mgrad_norm: 10.4300  [38;2;54;234;195mmemory: 22.44GiB(28.24%)  [34mtps: 137  [36mtflops: 6.60  [35mmfu: 0.67%[39m
[rank0]:[titan] 2026-03-17 10:48:53,884 - root - INFO - [31mstep: 25  [32mloss:  3.5938  [38;2;180;60;0mgrad_norm:  7.8167  [38;2;54;234;195mmemory: 22.44GiB(28.24%)  [34mtps: 144  [36mtflops: 6.94  [35mmfu: 0.70%[39m
[rank0]:[titan] 2026-03-17 10:49:09,674 - root - INFO - [31mstep: 26  [32mloss:  3.6719  [38;2;180;60;0mgrad_norm: 12.9650  [38;2;54;234;195mmemory: 22.44GiB(28.24%)  [34mtps: 130  [36mtflops: 6.26  [35mmfu: 0.63%[39m
[rank0]:[titan] 2026-03-17 10:49:25,488 - root - INFO - [31mstep: 27  [32mloss:  3.5781  [38;2;180;60;0mgrad_norm: 13.8112  [38;2;54;234;195mmemory: 22.44GiB(28.24%)  [34mtps: 130  [36mtflops: 6.25  [35mmfu: 0.63%[39m
[rank0]:[titan] 2026-03-17 10:49:40,401 - root - INFO - [31mstep: 28  [32mloss:  3.4531  [38;2;180;60;0mgrad_norm:  7.5942  [38;2;54;234;195mmemory: 22.44GiB(28.24%)  [34mtps: 137  [36mtflops: 6.63  [35mmfu: 0.67%[39m
[rank0]:[titan] 2026-03-17 10:49:55,552 - root - INFO - [31mstep: 29  [32mloss:  3.5312  [38;2;180;60;0mgrad_norm:  7.7876  [38;2;54;234;195mmemory: 22.44GiB(28.24%)  [34mtps: 135  [36mtflops: 6.52  [35mmfu: 0.66%[39m
[rank0]:[titan] 2026-03-17 10:50:10,549 - root - INFO - [31mstep: 30  [32mloss:  3.5625  [38;2;180;60;0mgrad_norm:  9.1067  [38;2;54;234;195mmemory: 22.44GiB(28.24%)  [34mtps: 137  [36mtflops: 6.59  [35mmfu: 0.67%[39m
[rank0]:[titan] 2026-03-17 10:50:25,829 - root - INFO - [31mstep: 31  [32mloss:  3.5469  [38;2;180;60;0mgrad_norm:  8.6324  [38;2;54;234;195mmemory: 22.44GiB(28.24%)  [34mtps: 134  [36mtflops: 6.47  [35mmfu: 0.65%[39m
[rank0]:[titan] 2026-03-17 10:50:41,205 - root - INFO - [31mstep: 32  [32mloss:  3.3750  [38;2;180;60;0mgrad_norm:  5.9674  [38;2;54;234;195mmemory: 22.44GiB(28.24%)  [34mtps: 133  [36mtflops: 6.43  [35mmfu: 0.65%[39m
[rank0]:[titan] 2026-03-17 10:50:56,419 - root - INFO - [31mstep: 33  [32mloss:  3.3438  [38;2;180;60;0mgrad_norm:  5.8760  [38;2;54;234;195mmemory: 22.44GiB(28.24%)  [34mtps: 135  [36mtflops: 6.50  [35mmfu: 0.66%[39m
[rank0]:[titan] 2026-03-17 10:51:11,383 - root - INFO - [31mstep: 34  [32mloss:  3.3906  [38;2;180;60;0mgrad_norm:  8.5252  [38;2;54;234;195mmemory: 22.44GiB(28.24%)  [34mtps: 137  [36mtflops: 6.60  [35mmfu: 0.67%[39m
[rank0]:[titan] 2026-03-17 10:51:26,791 - root - INFO - [31mstep: 35  [32mloss:  3.3906  [38;2;180;60;0mgrad_norm:  6.1356  [38;2;54;234;195mmemory: 22.44GiB(28.24%)  [34mtps: 133  [36mtflops: 6.41  [35mmfu: 0.65%[39m
[rank0]:[titan] 2026-03-17 10:51:41,818 - root - INFO - [31mstep: 36  [32mloss:  3.3906  [38;2;180;60;0mgrad_norm:  5.2042  [38;2;54;234;195mmemory: 22.44GiB(28.24%)  [34mtps: 136  [36mtflops: 6.58  [35mmfu: 0.66%[39m
[rank0]:[titan] 2026-03-17 10:51:56,963 - root - INFO - [31mstep: 37  [32mloss:  3.4375  [38;2;180;60;0mgrad_norm:  4.5572  [38;2;54;234;195mmemory: 22.44GiB(28.24%)  [34mtps: 135  [36mtflops: 6.53  [35mmfu: 0.66%[39m
[rank0]:[titan] 2026-03-17 10:52:12,345 - root - INFO - [31mstep: 38  [32mloss:  3.2969  [38;2;180;60;0mgrad_norm:  6.1092  [38;2;54;234;195mmemory: 22.44GiB(28.24%)  [34mtps: 133  [36mtflops: 6.42  [35mmfu: 0.65%[39m
[rank0]:[titan] 2026-03-17 10:52:27,440 - root - INFO - [31mstep: 39  [32mloss:  3.3438  [38;2;180;60;0mgrad_norm:  4.5362  [38;2;54;234;195mmemory: 22.44GiB(28.24%)  [34mtps: 136  [36mtflops: 6.55  [35mmfu: 0.66%[39m
[rank0]:[titan] 2026-03-17 10:52:42,582 - root - INFO - [31mstep: 40  [32mloss:  3.3594  [38;2;180;60;0mgrad_norm:  5.9821  [38;2;54;234;195mmemory: 22.44GiB(28.24%)  [34mtps: 135  [36mtflops: 6.53  [35mmfu: 0.66%[39m
[rank0]:[titan] 2026-03-17 10:52:57,938 - root - INFO - [31mstep: 41  [32mloss:  3.3125  [38;2;180;60;0mgrad_norm:  5.6042  [38;2;54;234;195mmemory: 22.44GiB(28.24%)  [34mtps: 133  [36mtflops: 6.44  [35mmfu: 0.65%[39m
[rank0]:[titan] 2026-03-17 10:53:13,224 - root - INFO - [31mstep: 42  [32mloss:  3.2344  [38;2;180;60;0mgrad_norm:  4.4597  [38;2;54;234;195mmemory: 22.44GiB(28.24%)  [34mtps: 134  [36mtflops: 6.46  [35mmfu: 0.65%[39m
[rank0]:[titan] 2026-03-17 10:53:28,632 - root - INFO - [31mstep: 43  [32mloss:  3.2344  [38;2;180;60;0mgrad_norm:  4.8504  [38;2;54;234;195mmemory: 22.44GiB(28.24%)  [34mtps: 133  [36mtflops: 6.41  [35mmfu: 0.65%[39m
[rank0]:[titan] 2026-03-17 10:53:44,071 - root - INFO - [31mstep: 44  [32mloss:  3.3438  [38;2;180;60;0mgrad_norm:  5.0649  [38;2;54;234;195mmemory: 22.44GiB(28.24%)  [34mtps: 133  [36mtflops: 6.40  [35mmfu: 0.65%[39m
[rank0]:[titan] 2026-03-17 10:53:59,495 - root - INFO - [31mstep: 45  [32mloss:  3.3438  [38;2;180;60;0mgrad_norm:  3.5706  [38;2;54;234;195mmemory: 22.44GiB(28.24%)  [34mtps: 133  [36mtflops: 6.41  [35mmfu: 0.65%[39m
[rank0]:[titan] 2026-03-17 10:54:14,927 - root - INFO - [31mstep: 46  [32mloss:  3.3125  [38;2;180;60;0mgrad_norm:  4.4074  [38;2;54;234;195mmemory: 22.44GiB(28.24%)  [34mtps: 133  [36mtflops: 6.40  [35mmfu: 0.65%[39m
[rank0]:[titan] 2026-03-17 10:54:30,067 - root - INFO - [31mstep: 47  [32mloss:  3.2188  [38;2;180;60;0mgrad_norm:  3.7491  [38;2;54;234;195mmemory: 22.44GiB(28.24%)  [34mtps: 135  [36mtflops: 6.53  [35mmfu: 0.66%[39m
[rank0]:[titan] 2026-03-17 10:54:45,378 - root - INFO - [31mstep: 48  [32mloss:  3.2656  [38;2;180;60;0mgrad_norm:  4.1405  [38;2;54;234;195mmemory: 22.44GiB(28.24%)  [34mtps: 134  [36mtflops: 6.45  [35mmfu: 0.65%[39m
[rank0]:[titan] 2026-03-17 10:55:00,819 - root - INFO - [31mstep: 49  [32mloss:  3.2344  [38;2;180;60;0mgrad_norm:  4.0201  [38;2;54;234;195mmemory: 22.44GiB(28.24%)  [34mtps: 133  [36mtflops: 6.40  [35mmfu: 0.65%[39m
[rank0]:[titan] 2026-03-17 10:55:16,257 - root - INFO - [31mstep: 50  [32mloss:  3.2031  [38;2;180;60;0mgrad_norm:  3.4677  [38;2;54;234;195mmemory: 22.44GiB(28.24%)  [34mtps: 133  [36mtflops: 6.40  [35mmfu: 0.65%[39m
[rank0]:[titan] 2026-03-17 10:55:31,684 - root - INFO - [31mstep: 51  [32mloss:  3.2188  [38;2;180;60;0mgrad_norm:  5.2116  [38;2;54;234;195mmemory: 22.44GiB(28.24%)  [34mtps: 133  [36mtflops: 6.41  [35mmfu: 0.65%[39m
[rank0]:[titan] 2026-03-17 10:55:47,187 - root - INFO - [31mstep: 52  [32mloss:  3.2812  [38;2;180;60;0mgrad_norm:  5.1400  [38;2;54;234;195mmemory: 22.44GiB(28.24%)  [34mtps: 132  [36mtflops: 6.37  [35mmfu: 0.64%[39m
[rank0]:[titan] 2026-03-17 10:56:02,637 - root - INFO - [31mstep: 53  [32mloss:  3.2500  [38;2;180;60;0mgrad_norm:  5.5253  [38;2;54;234;195mmemory: 22.44GiB(28.24%)  [34mtps: 133  [36mtflops: 6.40  [35mmfu: 0.65%[39m
[rank0]:[titan] 2026-03-17 10:56:18,088 - root - INFO - [31mstep: 54  [32mloss:  3.2188  [38;2;180;60;0mgrad_norm:  3.8746  [38;2;54;234;195mmemory: 22.44GiB(28.24%)  [34mtps: 133  [36mtflops: 6.40  [35mmfu: 0.65%[39m
[rank0]:[titan] 2026-03-17 10:56:33,417 - root - INFO - [31mstep: 55  [32mloss:  3.2500  [38;2;180;60;0mgrad_norm:  5.3787  [38;2;54;234;195mmemory: 22.44GiB(28.24%)  [34mtps: 134  [36mtflops: 6.45  [35mmfu: 0.65%[39m
[rank0]:[titan] 2026-03-17 10:56:48,929 - root - INFO - [31mstep: 56  [32mloss:  3.3281  [38;2;180;60;0mgrad_norm:  5.7433  [38;2;54;234;195mmemory: 22.44GiB(28.24%)  [34mtps: 132  [36mtflops: 6.37  [35mmfu: 0.64%[39m
[rank0]:[titan] 2026-03-17 10:57:04,553 - root - INFO - [31mstep: 57  [32mloss:  3.2656  [38;2;180;60;0mgrad_norm:  4.2203  [38;2;54;234;195mmemory: 22.44GiB(28.24%)  [34mtps: 131  [36mtflops: 6.32  [35mmfu: 0.64%[39m
[rank0]:[titan] 2026-03-17 10:57:19,814 - root - INFO - [31mstep: 58  [32mloss:  3.2500  [38;2;180;60;0mgrad_norm:  4.8246  [38;2;54;234;195mmemory: 22.44GiB(28.24%)  [34mtps: 134  [36mtflops: 6.48  [35mmfu: 0.65%[39m
[rank0]:[titan] 2026-03-17 10:57:35,225 - root - INFO - [31mstep: 59  [32mloss:  3.2344  [38;2;180;60;0mgrad_norm:  4.3698  [38;2;54;234;195mmemory: 22.44GiB(28.24%)  [34mtps: 133  [36mtflops: 6.41  [35mmfu: 0.65%[39m
[rank0]:[titan] 2026-03-17 10:57:50,746 - root - INFO - [31mstep: 60  [32mloss:  3.1875  [38;2;180;60;0mgrad_norm:  4.3451  [38;2;54;234;195mmemory: 22.44GiB(28.24%)  [34mtps: 132  [36mtflops: 6.37  [35mmfu: 0.64%[39m
[rank0]:[titan] 2026-03-17 10:58:06,188 - root - INFO - [31mstep: 61  [32mloss:  3.1875  [38;2;180;60;0mgrad_norm:  4.6709  [38;2;54;234;195mmemory: 22.44GiB(28.24%)  [34mtps: 133  [36mtflops: 6.40  [35mmfu: 0.65%[39m
[rank0]:[titan] 2026-03-17 10:58:21,744 - root - INFO - [31mstep: 62  [32mloss:  3.1719  [38;2;180;60;0mgrad_norm:  3.3315  [38;2;54;234;195mmemory: 22.44GiB(28.24%)  [34mtps: 132  [36mtflops: 6.35  [35mmfu: 0.64%[39m
[rank0]:[titan] 2026-03-17 10:58:37,181 - root - INFO - [31mstep: 63  [32mloss:  3.2812  [38;2;180;60;0mgrad_norm:  5.3755  [38;2;54;234;195mmemory: 22.44GiB(28.24%)  [34mtps: 133  [36mtflops: 6.40  [35mmfu: 0.65%[39m
[rank0]:[titan] 2026-03-17 10:58:52,442 - root - INFO - [31mstep: 64  [32mloss:  3.2344  [38;2;180;60;0mgrad_norm:  4.0341  [38;2;54;234;195mmemory: 22.44GiB(28.24%)  [34mtps: 134  [36mtflops: 6.48  [35mmfu: 0.65%[39m
[rank0]:[titan] 2026-03-17 10:59:07,780 - root - INFO - [31mstep: 65  [32mloss:  3.2500  [38;2;180;60;0mgrad_norm:  4.6013  [38;2;54;234;195mmemory: 22.44GiB(28.24%)  [34mtps: 134  [36mtflops: 6.44  [35mmfu: 0.65%[39m
[rank0]:[titan] 2026-03-17 10:59:23,154 - root - INFO - [31mstep: 66  [32mloss:  3.3281  [38;2;180;60;0mgrad_norm:  5.0979  [38;2;54;234;195mmemory: 22.44GiB(28.24%)  [34mtps: 133  [36mtflops: 6.43  [35mmfu: 0.65%[39m
[rank0]:[titan] 2026-03-17 10:59:38,288 - root - INFO - [31mstep: 67  [32mloss:  3.2188  [38;2;180;60;0mgrad_norm:  3.5726  [38;2;54;234;195mmemory: 22.44GiB(28.24%)  [34mtps: 135  [36mtflops: 6.53  [35mmfu: 0.66%[39m
[rank0]:[titan] 2026-03-17 10:59:53,655 - root - INFO - [31mstep: 68  [32mloss:  3.2656  [38;2;180;60;0mgrad_norm:  3.6806  [38;2;54;234;195mmemory: 22.44GiB(28.24%)  [34mtps: 133  [36mtflops: 6.43  [35mmfu: 0.65%[39m
[rank0]:[titan] 2026-03-17 11:00:09,113 - root - INFO - [31mstep: 69  [32mloss:  3.2188  [38;2;180;60;0mgrad_norm:  3.5815  [38;2;54;234;195mmemory: 22.44GiB(28.24%)  [34mtps: 132  [36mtflops: 6.39  [35mmfu: 0.65%[39m
[rank0]:[titan] 2026-03-17 11:00:24,446 - root - INFO - [31mstep: 70  [32mloss:  3.2656  [38;2;180;60;0mgrad_norm:  3.2717  [38;2;54;234;195mmemory: 22.44GiB(28.24%)  [34mtps: 134  [36mtflops: 6.45  [35mmfu: 0.65%[39m
[rank0]:[titan] 2026-03-17 11:00:39,759 - root - INFO - [31mstep: 71  [32mloss:  3.4844  [38;2;180;60;0mgrad_norm:  4.6295  [38;2;54;234;195mmemory: 22.44GiB(28.24%)  [34mtps: 134  [36mtflops: 6.45  [35mmfu: 0.65%[39m
[rank0]:[titan] 2026-03-17 11:00:54,828 - root - INFO - [31mstep: 72  [32mloss:  3.4062  [38;2;180;60;0mgrad_norm:  3.9625  [38;2;54;234;195mmemory: 22.44GiB(28.24%)  [34mtps: 136  [36mtflops: 6.56  [35mmfu: 0.66%[39m
[rank0]:[titan] 2026-03-17 11:01:09,899 - root - INFO - [31mstep: 73  [32mloss:  3.2656  [38;2;180;60;0mgrad_norm:  4.0602  [38;2;54;234;195mmemory: 22.44GiB(28.24%)  [34mtps: 136  [36mtflops: 6.56  [35mmfu: 0.66%[39m
[rank0]:[titan] 2026-03-17 11:01:25,450 - root - INFO - [31mstep: 74  [32mloss:  3.2188  [38;2;180;60;0mgrad_norm:  4.9033  [38;2;54;234;195mmemory: 22.44GiB(28.24%)  [34mtps: 132  [36mtflops: 6.35  [35mmfu: 0.64%[39m
[rank0]:[titan] 2026-03-17 11:01:40,728 - root - INFO - [31mstep: 75  [32mloss:  3.1875  [38;2;180;60;0mgrad_norm:  4.6355  [38;2;54;234;195mmemory: 22.44GiB(28.24%)  [34mtps: 134  [36mtflops: 6.47  [35mmfu: 0.65%[39m
[rank0]:[titan] 2026-03-17 11:01:56,070 - root - INFO - [31mstep: 76  [32mloss:  3.1875  [38;2;180;60;0mgrad_norm:  4.4543  [38;2;54;234;195mmemory: 22.44GiB(28.24%)  [34mtps: 133  [36mtflops: 6.44  [35mmfu: 0.65%[39m
[rank0]:[titan] 2026-03-17 11:02:11,529 - root - INFO - [31mstep: 77  [32mloss:  3.1875  [38;2;180;60;0mgrad_norm:  3.8291  [38;2;54;234;195mmemory: 22.44GiB(28.24%)  [34mtps: 132  [36mtflops: 6.39  [35mmfu: 0.65%[39m
[rank0]:[titan] 2026-03-17 11:02:26,888 - root - INFO - [31mstep: 78  [32mloss:  3.2500  [38;2;180;60;0mgrad_norm:  4.8427  [38;2;54;234;195mmemory: 22.44GiB(28.24%)  [34mtps: 133  [36mtflops: 6.43  [35mmfu: 0.65%[39m
[rank0]:[titan] 2026-03-17 11:02:42,115 - root - INFO - [31mstep: 79  [32mloss:  3.1250  [38;2;180;60;0mgrad_norm:  3.9131  [38;2;54;234;195mmemory: 22.44GiB(28.24%)  [34mtps: 135  [36mtflops: 6.49  [35mmfu: 0.66%[39m
[rank0]:[titan] 2026-03-17 11:02:57,386 - root - INFO - [31mstep: 80  [32mloss:  3.1875  [38;2;180;60;0mgrad_norm:  4.1281  [38;2;54;234;195mmemory: 22.44GiB(28.24%)  [34mtps: 134  [36mtflops: 6.47  [35mmfu: 0.65%[39m
[rank0]:[titan] 2026-03-17 11:03:12,656 - root - INFO - [31mstep: 81  [32mloss:  3.1406  [38;2;180;60;0mgrad_norm:  4.5855  [38;2;54;234;195mmemory: 22.44GiB(28.24%)  [34mtps: 134  [36mtflops: 6.47  [35mmfu: 0.65%[39m
[rank0]:[titan] 2026-03-17 11:03:27,602 - root - INFO - [31mstep: 82  [32mloss:  3.0938  [38;2;180;60;0mgrad_norm:  3.1623  [38;2;54;234;195mmemory: 22.44GiB(28.24%)  [34mtps: 137  [36mtflops: 6.61  [35mmfu: 0.67%[39m
[rank0]:[titan] 2026-03-17 11:03:42,716 - root - INFO - [31mstep: 83  [32mloss:  3.1094  [38;2;180;60;0mgrad_norm:  5.4242  [38;2;54;234;195mmemory: 22.44GiB(28.24%)  [34mtps: 136  [36mtflops: 6.54  [35mmfu: 0.66%[39m
[rank0]:[titan] 2026-03-17 11:03:58,058 - root - INFO - [31mstep: 84  [32mloss:  3.2500  [38;2;180;60;0mgrad_norm:  5.0241  [38;2;54;234;195mmemory: 22.44GiB(28.24%)  [34mtps: 133  [36mtflops: 6.44  [35mmfu: 0.65%[39m
[rank0]:[titan] 2026-03-17 11:04:13,001 - root - INFO - [31mstep: 85  [32mloss:  3.2344  [38;2;180;60;0mgrad_norm:  3.6095  [38;2;54;234;195mmemory: 22.44GiB(28.24%)  [34mtps: 137  [36mtflops: 6.61  [35mmfu: 0.67%[39m
[rank0]:[titan] 2026-03-17 11:04:27,949 - root - INFO - [31mstep: 86  [32mloss:  3.1250  [38;2;180;60;0mgrad_norm:  4.8805  [38;2;54;234;195mmemory: 22.44GiB(28.24%)  [34mtps: 137  [36mtflops: 6.61  [35mmfu: 0.67%[39m
[rank0]:[titan] 2026-03-17 11:04:43,049 - root - INFO - [31mstep: 87  [32mloss:  3.0938  [38;2;180;60;0mgrad_norm:  4.9356  [38;2;54;234;195mmemory: 22.44GiB(28.24%)  [34mtps: 136  [36mtflops: 6.54  [35mmfu: 0.66%[39m
[rank0]:[titan] 2026-03-17 11:04:58,022 - root - INFO - [31mstep: 88  [32mloss:  3.0469  [38;2;180;60;0mgrad_norm:  3.7864  [38;2;54;234;195mmemory: 22.44GiB(28.24%)  [34mtps: 137  [36mtflops: 6.60  [35mmfu: 0.67%[39m
[rank0]:[titan] 2026-03-17 11:05:13,478 - root - INFO - [31mstep: 89  [32mloss:  3.0625  [38;2;180;60;0mgrad_norm:  4.2301  [38;2;54;234;195mmemory: 22.44GiB(28.24%)  [34mtps: 133  [36mtflops: 6.39  [35mmfu: 0.65%[39m
[rank0]:[titan] 2026-03-17 11:05:28,614 - root - INFO - [31mstep: 90  [32mloss:  3.1250  [38;2;180;60;0mgrad_norm:  3.5787  [38;2;54;234;195mmemory: 22.44GiB(28.24%)  [34mtps: 135  [36mtflops: 6.53  [35mmfu: 0.66%[39m
[rank0]:[titan] 2026-03-17 11:05:44,122 - root - INFO - [31mstep: 91  [32mloss:  3.0312  [38;2;180;60;0mgrad_norm:  3.0055  [38;2;54;234;195mmemory: 22.44GiB(28.24%)  [34mtps: 132  [36mtflops: 6.37  [35mmfu: 0.64%[39m
[rank0]:[titan] 2026-03-17 11:05:58,557 - root - INFO - [31mstep: 92  [32mloss:  3.1250  [38;2;180;60;0mgrad_norm:  2.6339  [38;2;54;234;195mmemory: 22.44GiB(28.24%)  [34mtps: 142  [36mtflops: 6.85  [35mmfu: 0.69%[39m
[rank0]:[titan] 2026-03-17 11:06:14,053 - root - INFO - [31mstep: 93  [32mloss:  3.0938  [38;2;180;60;0mgrad_norm:  4.2685  [38;2;54;234;195mmemory: 22.44GiB(28.24%)  [34mtps: 132  [36mtflops: 6.38  [35mmfu: 0.64%[39m
[rank0]:[titan] 2026-03-17 11:06:29,460 - root - INFO - [31mstep: 94  [32mloss:  3.0781  [38;2;180;60;0mgrad_norm:  2.7222  [38;2;54;234;195mmemory: 22.44GiB(28.24%)  [34mtps: 133  [36mtflops: 6.41  [35mmfu: 0.65%[39m
[rank0]:[titan] 2026-03-17 11:06:44,535 - root - INFO - [31mstep: 95  [32mloss:  3.0312  [38;2;180;60;0mgrad_norm:  3.5764  [38;2;54;234;195mmemory: 22.44GiB(28.24%)  [34mtps: 136  [36mtflops: 6.56  [35mmfu: 0.66%[39m
[rank0]:[titan] 2026-03-17 11:06:59,487 - root - INFO - [31mstep: 96  [32mloss:  3.0469  [38;2;180;60;0mgrad_norm:  2.3340  [38;2;54;234;195mmemory: 22.44GiB(28.24%)  [34mtps: 137  [36mtflops: 6.61  [35mmfu: 0.67%[39m
[rank0]:[titan] 2026-03-17 11:07:14,502 - root - INFO - [31mstep: 97  [32mloss:  3.0156  [38;2;180;60;0mgrad_norm:  4.1916  [38;2;54;234;195mmemory: 22.44GiB(28.24%)  [34mtps: 136  [36mtflops: 6.58  [35mmfu: 0.67%[39m
[rank0]:[titan] 2026-03-17 11:07:29,649 - root - INFO - [31mstep: 98  [32mloss:  2.9688  [38;2;180;60;0mgrad_norm:  4.0278  [38;2;54;234;195mmemory: 22.44GiB(28.24%)  [34mtps: 135  [36mtflops: 6.52  [35mmfu: 0.66%[39m
[rank0]:[titan] 2026-03-17 11:07:44,682 - root - INFO - [31mstep: 99  [32mloss:  3.0938  [38;2;180;60;0mgrad_norm:  4.9262  [38;2;54;234;195mmemory: 22.44GiB(28.24%)  [34mtps: 136  [36mtflops: 6.57  [35mmfu: 0.66%[39m
[rank0]:[titan] 2026-03-17 11:07:59,783 - root - INFO - [31mstep: 100  [32mloss:  3.0156  [38;2;180;60;0mgrad_norm:  3.3084  [38;2;54;234;195mmemory: 22.44GiB(28.24%)  [34mtps: 136  [36mtflops: 6.54  [35mmfu: 0.66%[39m
[rank0]:[titan] 2026-03-17 11:08:14,972 - root - INFO - [31mstep: 101  [32mloss:  3.1094  [38;2;180;60;0mgrad_norm:  6.2124  [38;2;54;234;195mmemory: 22.44GiB(28.24%)  [34mtps: 135  [36mtflops: 6.51  [35mmfu: 0.66%[39m
[rank0]:[titan] 2026-03-17 11:08:29,917 - root - INFO - [31mstep: 102  [32mloss:  3.1406  [38;2;180;60;0mgrad_norm:  5.9311  [38;2;54;234;195mmemory: 22.44GiB(28.24%)  [34mtps: 137  [36mtflops: 6.61  [35mmfu: 0.67%[39m
[rank0]:[titan] 2026-03-17 11:08:44,957 - root - INFO - [31mstep: 103  [32mloss:  2.9688  [38;2;180;60;0mgrad_norm:  3.1541  [38;2;54;234;195mmemory: 22.44GiB(28.24%)  [34mtps: 136  [36mtflops: 6.57  [35mmfu: 0.66%[39m
[rank0]:[titan] 2026-03-17 11:09:00,301 - root - INFO - [31mstep: 104  [32mloss:  3.1562  [38;2;180;60;0mgrad_norm:  8.3192  [38;2;54;234;195mmemory: 22.44GiB(28.24%)  [34mtps: 133  [36mtflops: 6.44  [35mmfu: 0.65%[39m
[rank0]:[titan] 2026-03-17 11:09:15,467 - root - INFO - [31mstep: 105  [32mloss:  3.1250  [38;2;180;60;0mgrad_norm:  8.1629  [38;2;54;234;195mmemory: 22.44GiB(28.24%)  [34mtps: 135  [36mtflops: 6.52  [35mmfu: 0.66%[39m
[rank0]:[titan] 2026-03-17 11:09:30,705 - root - INFO - [31mstep: 106  [32mloss:  3.0625  [38;2;180;60;0mgrad_norm:  5.5007  [38;2;54;234;195mmemory: 22.44GiB(28.24%)  [34mtps: 134  [36mtflops: 6.49  [35mmfu: 0.66%[39m
[rank0]:[titan] 2026-03-17 11:09:45,680 - root - INFO - [31mstep: 107  [32mloss:  3.0625  [38;2;180;60;0mgrad_norm:  5.7633  [38;2;54;234;195mmemory: 22.44GiB(28.24%)  [34mtps: 137  [36mtflops: 6.60  [35mmfu: 0.67%[39m
[rank0]:[titan] 2026-03-17 11:10:00,866 - root - INFO - [31mstep: 108  [32mloss:  3.0938  [38;2;180;60;0mgrad_norm:  6.2483  [38;2;54;234;195mmemory: 22.44GiB(28.24%)  [34mtps: 135  [36mtflops: 6.51  [35mmfu: 0.66%[39m
[rank0]:[titan] 2026-03-17 11:10:16,047 - root - INFO - [31mstep: 109  [32mloss:  3.0469  [38;2;180;60;0mgrad_norm:  5.1413  [38;2;54;234;195mmemory: 22.44GiB(28.24%)  [34mtps: 135  [36mtflops: 6.51  [35mmfu: 0.66%[39m
[rank0]:[titan] 2026-03-17 11:10:30,972 - root - INFO - [31mstep: 110  [32mloss:  3.0312  [38;2;180;60;0mgrad_norm:  5.3248  [38;2;54;234;195mmemory: 22.44GiB(28.24%)  [34mtps: 137  [36mtflops: 6.62  [35mmfu: 0.67%[39m
[rank0]:[titan] 2026-03-17 11:10:46,024 - root - INFO - [31mstep: 111  [32mloss:  3.0156  [38;2;180;60;0mgrad_norm:  4.6990  [38;2;54;234;195mmemory: 22.44GiB(28.24%)  [34mtps: 136  [36mtflops: 6.57  [35mmfu: 0.66%[39m
[rank0]:[titan] 2026-03-17 11:11:01,216 - root - INFO - [31mstep: 112  [32mloss:  3.0625  [38;2;180;60;0mgrad_norm:  4.7673  [38;2;54;234;195mmemory: 22.44GiB(28.24%)  [34mtps: 135  [36mtflops: 6.51  [35mmfu: 0.66%[39m
[rank0]:[titan] 2026-03-17 11:11:16,407 - root - INFO - [31mstep: 113  [32mloss:  2.9844  [38;2;180;60;0mgrad_norm:  5.7449  [38;2;54;234;195mmemory: 22.44GiB(28.24%)  [34mtps: 135  [36mtflops: 6.51  [35mmfu: 0.66%[39m
[rank0]:[titan] 2026-03-17 11:11:31,587 - root - INFO - [31mstep: 114  [32mloss:  3.0625  [38;2;180;60;0mgrad_norm:  3.6192  [38;2;54;234;195mmemory: 22.44GiB(28.24%)  [34mtps: 135  [36mtflops: 6.51  [35mmfu: 0.66%[39m
[rank0]:[titan] 2026-03-17 11:11:47,398 - root - INFO - [31mstep: 115  [32mloss:  2.9844  [38;2;180;60;0mgrad_norm:  5.5702  [38;2;54;234;195mmemory: 22.44GiB(28.24%)  [34mtps: 130  [36mtflops: 6.25  [35mmfu: 0.63%[39m
[rank0]:[titan] 2026-03-17 11:12:02,747 - root - INFO - [31mstep: 116  [32mloss:  2.9844  [38;2;180;60;0mgrad_norm:  4.2059  [38;2;54;234;195mmemory: 22.44GiB(28.24%)  [34mtps: 133  [36mtflops: 6.44  [35mmfu: 0.65%[39m
[rank0]:[titan] 2026-03-17 11:12:17,865 - root - INFO - [31mstep: 117  [32mloss:  2.9688  [38;2;180;60;0mgrad_norm:  4.2970  [38;2;54;234;195mmemory: 22.44GiB(28.24%)  [34mtps: 135  [36mtflops: 6.54  [35mmfu: 0.66%[39m
[rank0]:[titan] 2026-03-17 11:12:32,811 - root - INFO - [31mstep: 118  [32mloss:  3.1719  [38;2;180;60;0mgrad_norm:  7.1001  [38;2;54;234;195mmemory: 22.44GiB(28.24%)  [34mtps: 137  [36mtflops: 6.61  [35mmfu: 0.67%[39m
[rank0]:[titan] 2026-03-17 11:12:47,947 - root - INFO - [31mstep: 119  [32mloss:  3.0156  [38;2;180;60;0mgrad_norm:  4.8155  [38;2;54;234;195mmemory: 22.44GiB(28.24%)  [34mtps: 135  [36mtflops: 6.53  [35mmfu: 0.66%[39m
[rank0]:[titan] 2026-03-17 11:13:02,712 - root - INFO - [31mstep: 120  [32mloss:  2.9531  [38;2;180;60;0mgrad_norm:  3.6967  [38;2;54;234;195mmemory: 22.44GiB(28.24%)  [34mtps: 139  [36mtflops: 6.69  [35mmfu: 0.68%[39m
[rank0]:[titan] 2026-03-17 11:13:17,906 - root - INFO - [31mstep: 121  [32mloss:  3.0312  [38;2;180;60;0mgrad_norm:  4.9804  [38;2;54;234;195mmemory: 22.44GiB(28.24%)  [34mtps: 135  [36mtflops: 6.50  [35mmfu: 0.66%[39m
[rank0]:[titan] 2026-03-17 11:13:33,170 - root - INFO - [31mstep: 122  [32mloss:  2.9531  [38;2;180;60;0mgrad_norm:  4.4430  [38;2;54;234;195mmemory: 22.44GiB(28.24%)  [34mtps: 134  [36mtflops: 6.47  [35mmfu: 0.65%[39m
[rank0]:[titan] 2026-03-17 11:13:48,637 - root - INFO - [31mstep: 123  [32mloss:  2.9062  [38;2;180;60;0mgrad_norm:  3.8185  [38;2;54;234;195mmemory: 22.44GiB(28.24%)  [34mtps: 132  [36mtflops: 6.39  [35mmfu: 0.65%[39m
[rank0]:[titan] 2026-03-17 11:14:03,474 - root - INFO - [31mstep: 124  [32mloss:  2.9375  [38;2;180;60;0mgrad_norm:  4.1189  [38;2;54;234;195mmemory: 22.44GiB(28.24%)  [34mtps: 138  [36mtflops: 6.66  [35mmfu: 0.67%[39m
[rank0]:[titan] 2026-03-17 11:14:18,507 - root - INFO - [31mstep: 125  [32mloss:  2.9688  [38;2;180;60;0mgrad_norm:  2.4150  [38;2;54;234;195mmemory: 22.44GiB(28.24%)  [34mtps: 136  [36mtflops: 6.57  [35mmfu: 0.66%[39m
[rank0]:[titan] 2026-03-17 11:14:33,750 - root - INFO - [31mstep: 126  [32mloss:  2.9844  [38;2;180;60;0mgrad_norm:  6.0718  [38;2;54;234;195mmemory: 22.44GiB(28.24%)  [34mtps: 134  [36mtflops: 6.48  [35mmfu: 0.66%[39m
[rank0]:[titan] 2026-03-17 11:14:49,313 - root - INFO - [31mstep: 127  [32mloss:  3.0312  [38;2;180;60;0mgrad_norm:  3.1485  [38;2;54;234;195mmemory: 22.44GiB(28.24%)  [34mtps: 132  [36mtflops: 6.35  [35mmfu: 0.64%[39m
[rank0]:[titan] 2026-03-17 11:15:04,397 - root - INFO - [31mstep: 128  [32mloss:  3.0000  [38;2;180;60;0mgrad_norm:  4.9663  [38;2;54;234;195mmemory: 22.44GiB(28.24%)  [34mtps: 136  [36mtflops: 6.55  [35mmfu: 0.66%[39m
[rank0]:[titan] 2026-03-17 11:15:19,492 - root - INFO - [31mstep: 129  [32mloss:  2.9219  [38;2;180;60;0mgrad_norm:  3.0553  [38;2;54;234;195mmemory: 22.44GiB(28.24%)  [34mtps: 136  [36mtflops: 6.55  [35mmfu: 0.66%[39m
[rank0]:[titan] 2026-03-17 11:15:34,790 - root - INFO - [31mstep: 130  [32mloss:  2.9531  [38;2;180;60;0mgrad_norm:  5.7059  [38;2;54;234;195mmemory: 22.44GiB(28.24%)  [34mtps: 134  [36mtflops: 6.46  [35mmfu: 0.65%[39m
[rank0]:[titan] 2026-03-17 11:15:49,769 - root - INFO - [31mstep: 131  [32mloss:  2.8906  [38;2;180;60;0mgrad_norm:  4.1295  [38;2;54;234;195mmemory: 22.44GiB(28.24%)  [34mtps: 137  [36mtflops: 6.60  [35mmfu: 0.67%[39m
[rank0]:[titan] 2026-03-17 11:16:04,396 - root - INFO - [31mstep: 132  [32mloss:  2.9688  [38;2;180;60;0mgrad_norm:  4.4499  [38;2;54;234;195mmemory: 22.44GiB(28.24%)  [34mtps: 140  [36mtflops: 6.76  [35mmfu: 0.68%[39m
[rank0]:[titan] 2026-03-17 11:16:19,501 - root - INFO - [31mstep: 133  [32mloss:  2.9688  [38;2;180;60;0mgrad_norm:  4.5197  [38;2;54;234;195mmemory: 22.44GiB(28.24%)  [34mtps: 136  [36mtflops: 6.54  [35mmfu: 0.66%[39m
[rank0]:[titan] 2026-03-17 11:16:34,679 - root - INFO - [31mstep: 134  [32mloss:  2.8594  [38;2;180;60;0mgrad_norm:  2.7792  [38;2;54;234;195mmemory: 22.44GiB(28.24%)  [34mtps: 135  [36mtflops: 6.51  [35mmfu: 0.66%[39m
[rank0]:[titan] 2026-03-17 11:16:49,734 - root - INFO - [31mstep: 135  [32mloss:  2.8438  [38;2;180;60;0mgrad_norm:  3.5596  [38;2;54;234;195mmemory: 22.44GiB(28.24%)  [34mtps: 136  [36mtflops: 6.56  [35mmfu: 0.66%[39m
[rank0]:[titan] 2026-03-17 11:17:05,148 - root - INFO - [31mstep: 136  [32mloss:  2.9062  [38;2;180;60;0mgrad_norm:  4.2829  [38;2;54;234;195mmemory: 22.44GiB(28.24%)  [34mtps: 133  [36mtflops: 6.41  [35mmfu: 0.65%[39m
[rank0]:[titan] 2026-03-17 11:17:20,516 - root - INFO - [31mstep: 137  [32mloss:  2.9219  [38;2;180;60;0mgrad_norm:  3.3441  [38;2;54;234;195mmemory: 22.44GiB(28.24%)  [34mtps: 133  [36mtflops: 6.43  [35mmfu: 0.65%[39m
[rank0]:[titan] 2026-03-17 11:17:35,822 - root - INFO - [31mstep: 138  [32mloss:  2.9688  [38;2;180;60;0mgrad_norm:  4.4765  [38;2;54;234;195mmemory: 22.44GiB(28.24%)  [34mtps: 134  [36mtflops: 6.46  [35mmfu: 0.65%[39m
[rank0]:[titan] 2026-03-17 11:17:50,845 - root - INFO - [31mstep: 139  [32mloss:  2.9219  [38;2;180;60;0mgrad_norm:  2.9814  [38;2;54;234;195mmemory: 22.44GiB(28.24%)  [34mtps: 136  [36mtflops: 6.58  [35mmfu: 0.67%[39m
[rank0]:[titan] 2026-03-17 11:18:05,924 - root - INFO - [31mstep: 140  [32mloss:  2.9531  [38;2;180;60;0mgrad_norm:  3.3363  [38;2;54;234;195mmemory: 22.44GiB(28.24%)  [34mtps: 136  [36mtflops: 6.55  [35mmfu: 0.66%[39m
[rank0]:[titan] 2026-03-17 11:18:20,873 - root - INFO - [31mstep: 141  [32mloss:  3.0156  [38;2;180;60;0mgrad_norm:  3.9623  [38;2;54;234;195mmemory: 22.44GiB(28.24%)  [34mtps: 137  [36mtflops: 6.61  [35mmfu: 0.67%[39m
[rank0]:[titan] 2026-03-17 11:18:36,279 - root - INFO - [31mstep: 142  [32mloss:  2.9844  [38;2;180;60;0mgrad_norm:  5.4209  [38;2;54;234;195mmemory: 22.44GiB(28.24%)  [34mtps: 133  [36mtflops: 6.41  [35mmfu: 0.65%[39m
[rank0]:[titan] 2026-03-17 11:18:51,693 - root - INFO - [31mstep: 143  [32mloss:  2.9062  [38;2;180;60;0mgrad_norm:  3.4918  [38;2;54;234;195mmemory: 22.44GiB(28.24%)  [34mtps: 133  [36mtflops: 6.41  [35mmfu: 0.65%[39m
[rank0]:[titan] 2026-03-17 11:19:06,920 - root - INFO - [31mstep: 144  [32mloss:  2.9062  [38;2;180;60;0mgrad_norm:  5.7847  [38;2;54;234;195mmemory: 22.44GiB(28.24%)  [34mtps: 134  [36mtflops: 6.49  [35mmfu: 0.66%[39m
[rank0]:[titan] 2026-03-17 11:19:22,287 - root - INFO - [31mstep: 145  [32mloss:  2.9375  [38;2;180;60;0mgrad_norm:  5.3825  [38;2;54;234;195mmemory: 22.44GiB(28.24%)  [34mtps: 133  [36mtflops: 6.43  [35mmfu: 0.65%[39m
[rank0]:[titan] 2026-03-17 11:19:37,169 - root - INFO - [31mstep: 146  [32mloss:  2.9062  [38;2;180;60;0mgrad_norm:  2.7686  [38;2;54;234;195mmemory: 22.44GiB(28.24%)  [34mtps: 138  [36mtflops: 6.64  [35mmfu: 0.67%[39m
[rank0]:[titan] 2026-03-17 11:19:52,587 - root - INFO - [31mstep: 147  [32mloss:  3.1250  [38;2;180;60;0mgrad_norm:  7.2591  [38;2;54;234;195mmemory: 22.44GiB(28.24%)  [34mtps: 133  [36mtflops: 6.41  [35mmfu: 0.65%[39m
[rank0]:[titan] 2026-03-17 11:20:07,814 - root - INFO - [31mstep: 148  [32mloss:  3.0312  [38;2;180;60;0mgrad_norm:  5.1027  [38;2;54;234;195mmemory: 22.44GiB(28.24%)  [34mtps: 135  [36mtflops: 6.49  [35mmfu: 0.66%[39m
[rank0]:[titan] 2026-03-17 11:20:23,005 - root - INFO - [31mstep: 149  [32mloss:  3.0312  [38;2;180;60;0mgrad_norm:  4.9784  [38;2;54;234;195mmemory: 22.44GiB(28.24%)  [34mtps: 135  [36mtflops: 6.51  [35mmfu: 0.66%[39m
[rank0]:[titan] 2026-03-17 11:20:38,500 - root - INFO - [31mstep: 150  [32mloss:  3.0000  [38;2;180;60;0mgrad_norm:  5.1154  [38;2;54;234;195mmemory: 22.44GiB(28.24%)  [34mtps: 132  [36mtflops: 6.38  [35mmfu: 0.64%[39m
[rank0]:[titan] 2026-03-17 11:20:53,736 - root - INFO - [31mstep: 151  [32mloss:  2.9844  [38;2;180;60;0mgrad_norm:  5.7619  [38;2;54;234;195mmemory: 22.44GiB(28.24%)  [34mtps: 134  [36mtflops: 6.49  [35mmfu: 0.66%[39m
[rank0]:[titan] 2026-03-17 11:21:08,840 - root - INFO - [31mstep: 152  [32mloss:  2.8906  [38;2;180;60;0mgrad_norm:  3.7348  [38;2;54;234;195mmemory: 22.44GiB(28.24%)  [34mtps: 136  [36mtflops: 6.54  [35mmfu: 0.66%[39m
[rank0]:[titan] 2026-03-17 11:21:23,773 - root - INFO - [31mstep: 153  [32mloss:  2.8594  [38;2;180;60;0mgrad_norm:  4.7569  [38;2;54;234;195mmemory: 22.44GiB(28.24%)  [34mtps: 137  [36mtflops: 6.62  [35mmfu: 0.67%[39m
[rank0]:[titan] 2026-03-17 11:21:39,479 - root - INFO - [31mstep: 154  [32mloss:  2.8438  [38;2;180;60;0mgrad_norm:  3.7298  [38;2;54;234;195mmemory: 22.44GiB(28.24%)  [34mtps: 130  [36mtflops: 6.29  [35mmfu: 0.64%[39m
[rank0]:[titan] 2026-03-17 11:21:54,547 - root - INFO - [31mstep: 155  [32mloss:  2.9219  [38;2;180;60;0mgrad_norm:  2.8352  [38;2;54;234;195mmemory: 22.44GiB(28.24%)  [34mtps: 136  [36mtflops: 6.56  [35mmfu: 0.66%[39m
[rank0]:[titan] 2026-03-17 11:22:09,683 - root - INFO - [31mstep: 156  [32mloss:  2.9375  [38;2;180;60;0mgrad_norm:  3.8802  [38;2;54;234;195mmemory: 22.44GiB(28.24%)  [34mtps: 135  [36mtflops: 6.53  [35mmfu: 0.66%[39m
[rank0]:[titan] 2026-03-17 11:22:24,890 - root - INFO - [31mstep: 157  [32mloss:  2.9062  [38;2;180;60;0mgrad_norm:  3.1007  [38;2;54;234;195mmemory: 22.44GiB(28.24%)  [34mtps: 135  [36mtflops: 6.50  [35mmfu: 0.66%[39m
[rank0]:[titan] 2026-03-17 11:22:40,600 - root - INFO - [31mstep: 158  [32mloss:  2.8594  [38;2;180;60;0mgrad_norm:  3.1261  [38;2;54;234;195mmemory: 22.44GiB(28.24%)  [34mtps: 130  [36mtflops: 6.29  [35mmfu: 0.64%[39m
[rank0]:[titan] 2026-03-17 11:22:55,825 - root - INFO - [31mstep: 159  [32mloss:  2.8594  [38;2;180;60;0mgrad_norm:  2.7238  [38;2;54;234;195mmemory: 22.44GiB(28.24%)  [34mtps: 135  [36mtflops: 6.49  [35mmfu: 0.66%[39m
[rank0]:[titan] 2026-03-17 11:23:10,945 - root - INFO - [31mstep: 160  [32mloss:  2.8750  [38;2;180;60;0mgrad_norm:  4.4227  [38;2;54;234;195mmemory: 22.44GiB(28.24%)  [34mtps: 135  [36mtflops: 6.54  [35mmfu: 0.66%[39m
[rank0]:[titan] 2026-03-17 11:23:26,205 - root - INFO - [31mstep: 161  [32mloss:  2.8281  [38;2;180;60;0mgrad_norm:  2.9417  [38;2;54;234;195mmemory: 22.44GiB(28.24%)  [34mtps: 134  [36mtflops: 6.48  [35mmfu: 0.65%[39m
[rank0]:[titan] 2026-03-17 11:23:41,621 - root - INFO - [31mstep: 162  [32mloss:  2.8594  [38;2;180;60;0mgrad_norm:  4.3240  [38;2;54;234;195mmemory: 22.44GiB(28.24%)  [34mtps: 133  [36mtflops: 6.41  [35mmfu: 0.65%[39m
[rank0]:[titan] 2026-03-17 11:23:56,923 - root - INFO - [31mstep: 163  [32mloss:  2.9375  [38;2;180;60;0mgrad_norm:  4.0442  [38;2;54;234;195mmemory: 22.44GiB(28.24%)  [34mtps: 134  [36mtflops: 6.46  [35mmfu: 0.65%[39m
[rank0]:[titan] 2026-03-17 11:24:11,797 - root - INFO - [31mstep: 164  [32mloss:  2.8750  [38;2;180;60;0mgrad_norm:  3.5148  [38;2;54;234;195mmemory: 22.44GiB(28.24%)  [34mtps: 138  [36mtflops: 6.64  [35mmfu: 0.67%[39m
[rank0]:[titan] 2026-03-17 11:24:26,979 - root - INFO - [31mstep: 165  [32mloss:  2.8906  [38;2;180;60;0mgrad_norm:  5.2965  [38;2;54;234;195mmemory: 22.44GiB(28.24%)  [34mtps: 135  [36mtflops: 6.51  [35mmfu: 0.66%[39m
[rank0]:[titan] 2026-03-17 11:24:42,283 - root - INFO - [31mstep: 166  [32mloss:  2.9062  [38;2;180;60;0mgrad_norm:  3.3106  [38;2;54;234;195mmemory: 22.44GiB(28.24%)  [34mtps: 134  [36mtflops: 6.46  [35mmfu: 0.65%[39m
[rank0]:[titan] 2026-03-17 11:24:57,943 - root - INFO - [31mstep: 167  [32mloss:  3.0156  [38;2;180;60;0mgrad_norm:  3.5876  [38;2;54;234;195mmemory: 22.44GiB(28.24%)  [34mtps: 131  [36mtflops: 6.31  [35mmfu: 0.64%[39m
[rank0]:[titan] 2026-03-17 11:25:13,683 - root - INFO - [31mstep: 168  [32mloss:  2.8906  [38;2;180;60;0mgrad_norm:  3.7108  [38;2;54;234;195mmemory: 22.44GiB(28.24%)  [34mtps: 130  [36mtflops: 6.28  [35mmfu: 0.63%[39m
[rank0]:[titan] 2026-03-17 11:25:28,856 - root - INFO - [31mstep: 169  [32mloss:  2.9219  [38;2;180;60;0mgrad_norm:  4.6859  [38;2;54;234;195mmemory: 22.44GiB(28.24%)  [34mtps: 135  [36mtflops: 6.51  [35mmfu: 0.66%[39m
[rank0]:[titan] 2026-03-17 11:25:43,868 - root - INFO - [31mstep: 170  [32mloss:  2.9688  [38;2;180;60;0mgrad_norm:  3.6583  [38;2;54;234;195mmemory: 22.44GiB(28.24%)  [34mtps: 136  [36mtflops: 6.58  [35mmfu: 0.67%[39m
[rank0]:[titan] 2026-03-17 11:25:59,044 - root - INFO - [31mstep: 171  [32mloss:  2.9844  [38;2;180;60;0mgrad_norm:  3.5356  [38;2;54;234;195mmemory: 22.44GiB(28.24%)  [34mtps: 135  [36mtflops: 6.51  [35mmfu: 0.66%[39m
[rank0]:[titan] 2026-03-17 11:26:14,277 - root - INFO - [31mstep: 172  [32mloss:  2.9375  [38;2;180;60;0mgrad_norm:  4.0920  [38;2;54;234;195mmemory: 22.44GiB(28.24%)  [34mtps: 134  [36mtflops: 6.49  [35mmfu: 0.66%[39m
[rank0]:[titan] 2026-03-17 11:26:29,708 - root - INFO - [31mstep: 173  [32mloss:  2.9219  [38;2;180;60;0mgrad_norm:  3.2217  [38;2;54;234;195mmemory: 22.44GiB(28.24%)  [34mtps: 133  [36mtflops: 6.40  [35mmfu: 0.65%[39m
[rank0]:[titan] 2026-03-17 11:26:44,931 - root - INFO - [31mstep: 174  [32mloss:  2.8906  [38;2;180;60;0mgrad_norm:  5.7888  [38;2;54;234;195mmemory: 22.44GiB(28.24%)  [34mtps: 135  [36mtflops: 6.49  [35mmfu: 0.66%[39m
[rank0]:[titan] 2026-03-17 11:27:00,053 - root - INFO - [31mstep: 175  [32mloss:  2.9375  [38;2;180;60;0mgrad_norm:  4.9013  [38;2;54;234;195mmemory: 22.44GiB(28.24%)  [34mtps: 135  [36mtflops: 6.53  [35mmfu: 0.66%[39m
[rank0]:[titan] 2026-03-17 11:27:15,163 - root - INFO - [31mstep: 176  [32mloss:  2.9531  [38;2;180;60;0mgrad_norm:  3.8204  [38;2;54;234;195mmemory: 22.44GiB(28.24%)  [34mtps: 136  [36mtflops: 6.54  [35mmfu: 0.66%[39m
[rank0]:[titan] 2026-03-17 11:27:30,375 - root - INFO - [31mstep: 177  [32mloss:  2.9062  [38;2;180;60;0mgrad_norm:  5.4669  [38;2;54;234;195mmemory: 22.44GiB(28.24%)  [34mtps: 135  [36mtflops: 6.50  [35mmfu: 0.66%[39m
[rank0]:[titan] 2026-03-17 11:27:45,381 - root - INFO - [31mstep: 178  [32mloss:  2.9375  [38;2;180;60;0mgrad_norm:  4.1264  [38;2;54;234;195mmemory: 22.44GiB(28.24%)  [34mtps: 136  [36mtflops: 6.59  [35mmfu: 0.67%[39m
[rank0]:[titan] 2026-03-17 11:28:00,606 - root - INFO - [31mstep: 179  [32mloss:  2.9375  [38;2;180;60;0mgrad_norm:  5.2706  [38;2;54;234;195mmemory: 22.44GiB(28.24%)  [34mtps: 135  [36mtflops: 6.49  [35mmfu: 0.66%[39m
[rank0]:[titan] 2026-03-17 11:28:15,673 - root - INFO - [31mstep: 180  [32mloss:  2.9062  [38;2;180;60;0mgrad_norm:  3.9746  [38;2;54;234;195mmemory: 22.44GiB(28.24%)  [34mtps: 136  [36mtflops: 6.56  [35mmfu: 0.66%[39m
[rank0]:[titan] 2026-03-17 11:28:30,856 - root - INFO - [31mstep: 181  [32mloss:  2.9219  [38;2;180;60;0mgrad_norm:  5.4530  [38;2;54;234;195mmemory: 22.44GiB(28.24%)  [34mtps: 135  [36mtflops: 6.51  [35mmfu: 0.66%[39m
[rank0]:[titan] 2026-03-17 11:28:45,854 - root - INFO - [31mstep: 182  [32mloss:  2.9688  [38;2;180;60;0mgrad_norm:  6.1541  [38;2;54;234;195mmemory: 22.44GiB(28.24%)  [34mtps: 137  [36mtflops: 6.59  [35mmfu: 0.67%[39m
[rank0]:[titan] 2026-03-17 11:29:00,402 - root - INFO - [31mstep: 183  [32mloss:  2.8750  [38;2;180;60;0mgrad_norm:  2.8624  [38;2;54;234;195mmemory: 22.44GiB(28.24%)  [34mtps: 141  [36mtflops: 6.79  [35mmfu: 0.69%[39m
[rank0]:[titan] 2026-03-17 11:29:16,504 - root - INFO - [31mstep: 184  [32mloss:  2.9531  [38;2;180;60;0mgrad_norm:  5.7482  [38;2;54;234;195mmemory: 22.44GiB(28.24%)  [34mtps: 127  [36mtflops: 6.14  [35mmfu: 0.62%[39m
[rank0]:[titan] 2026-03-17 11:29:32,061 - root - INFO - [31mstep: 185  [32mloss:  2.9531  [38;2;180;60;0mgrad_norm:  6.7132  [38;2;54;234;195mmemory: 22.44GiB(28.24%)  [34mtps: 132  [36mtflops: 6.35  [35mmfu: 0.64%[39m
[rank0]:[titan] 2026-03-17 11:29:47,315 - root - INFO - [31mstep: 186  [32mloss:  2.9375  [38;2;180;60;0mgrad_norm:  3.2788  [38;2;54;234;195mmemory: 22.44GiB(28.24%)  [34mtps: 134  [36mtflops: 6.48  [35mmfu: 0.66%[39m
[rank0]:[titan] 2026-03-17 11:30:02,627 - root - INFO - [31mstep: 187  [32mloss:  2.8594  [38;2;180;60;0mgrad_norm:  5.5776  [38;2;54;234;195mmemory: 22.44GiB(28.24%)  [34mtps: 134  [36mtflops: 6.45  [35mmfu: 0.65%[39m
[rank0]:[titan] 2026-03-17 11:30:18,255 - root - INFO - [31mstep: 188  [32mloss:  2.9375  [38;2;180;60;0mgrad_norm:  5.2568  [38;2;54;234;195mmemory: 22.44GiB(28.24%)  [34mtps: 131  [36mtflops: 6.32  [35mmfu: 0.64%[39m
[rank0]:[titan] 2026-03-17 11:30:33,295 - root - INFO - [31mstep: 189  [32mloss:  2.9219  [38;2;180;60;0mgrad_norm:  4.8275  [38;2;54;234;195mmemory: 22.44GiB(28.24%)  [34mtps: 136  [36mtflops: 6.57  [35mmfu: 0.66%[39m
[rank0]:[titan] 2026-03-17 11:30:48,255 - root - INFO - [31mstep: 190  [32mloss:  2.9375  [38;2;180;60;0mgrad_norm:  6.0751  [38;2;54;234;195mmemory: 22.44GiB(28.24%)  [34mtps: 137  [36mtflops: 6.61  [35mmfu: 0.67%[39m
[rank0]:[titan] 2026-03-17 11:31:03,245 - root - INFO - [31mstep: 191  [32mloss:  2.8750  [38;2;180;60;0mgrad_norm:  5.2695  [38;2;54;234;195mmemory: 22.44GiB(28.24%)  [34mtps: 137  [36mtflops: 6.59  [35mmfu: 0.67%[39m
[rank0]:[titan] 2026-03-17 11:31:18,414 - root - INFO - [31mstep: 192  [32mloss:  2.8594  [38;2;180;60;0mgrad_norm:  5.2213  [38;2;54;234;195mmemory: 22.44GiB(28.24%)  [34mtps: 135  [36mtflops: 6.51  [35mmfu: 0.66%[39m
[rank0]:[titan] 2026-03-17 11:31:33,636 - root - INFO - [31mstep: 193  [32mloss:  2.9531  [38;2;180;60;0mgrad_norm:  4.3051  [38;2;54;234;195mmemory: 22.44GiB(28.24%)  [34mtps: 135  [36mtflops: 6.49  [35mmfu: 0.66%[39m
[rank0]:[titan] 2026-03-17 11:31:48,654 - root - INFO - [31mstep: 194  [32mloss:  2.8438  [38;2;180;60;0mgrad_norm:  3.9975  [38;2;54;234;195mmemory: 22.44GiB(28.24%)  [34mtps: 136  [36mtflops: 6.58  [35mmfu: 0.67%[39m
[rank0]:[titan] 2026-03-17 11:32:03,326 - root - INFO - [31mstep: 195  [32mloss:  2.8906  [38;2;180;60;0mgrad_norm:  3.9223  [38;2;54;234;195mmemory: 22.44GiB(28.24%)  [34mtps: 140  [36mtflops: 6.74  [35mmfu: 0.68%[39m
[rank0]:[titan] 2026-03-17 11:32:18,414 - root - INFO - [31mstep: 196  [32mloss:  2.8750  [38;2;180;60;0mgrad_norm:  4.8378  [38;2;54;234;195mmemory: 22.44GiB(28.24%)  [34mtps: 136  [36mtflops: 6.55  [35mmfu: 0.66%[39m
[rank0]:[titan] 2026-03-17 11:32:33,444 - root - INFO - [31mstep: 197  [32mloss:  2.8906  [38;2;180;60;0mgrad_norm:  3.5619  [38;2;54;234;195mmemory: 22.44GiB(28.24%)  [34mtps: 136  [36mtflops: 6.57  [35mmfu: 0.66%[39m
[rank0]:[titan] 2026-03-17 11:32:48,884 - root - INFO - [31mstep: 198  [32mloss:  2.8906  [38;2;180;60;0mgrad_norm:  3.4263  [38;2;54;234;195mmemory: 22.44GiB(28.24%)  [34mtps: 133  [36mtflops: 6.40  [35mmfu: 0.65%[39m
[rank0]:[titan] 2026-03-17 11:33:04,172 - root - INFO - [31mstep: 199  [32mloss:  2.8125  [38;2;180;60;0mgrad_norm:  2.9469  [38;2;54;234;195mmemory: 22.44GiB(28.24%)  [34mtps: 134  [36mtflops: 6.46  [35mmfu: 0.65%[39m
[rank0]:[titan] 2026-03-17 11:33:19,603 - root - INFO - [31mstep: 200  [32mloss:  2.7969  [38;2;180;60;0mgrad_norm:  3.1895  [38;2;54;234;195mmemory: 22.44GiB(28.24%)  [34mtps: 133  [36mtflops: 6.40  [35mmfu: 0.65%[39m
[rank0]:[titan] 2026-03-17 11:33:34,791 - root - INFO - [31mstep: 201  [32mloss:  2.8594  [38;2;180;60;0mgrad_norm:  2.4145  [38;2;54;234;195mmemory: 22.44GiB(28.24%)  [34mtps: 135  [36mtflops: 6.51  [35mmfu: 0.66%[39m
[rank0]:[titan] 2026-03-17 11:33:50,775 - root - INFO - [31mstep: 202  [32mloss:  2.8906  [38;2;180;60;0mgrad_norm:  3.3930  [38;2;54;234;195mmemory: 22.44GiB(28.24%)  [34mtps: 128  [36mtflops: 6.18  [35mmfu: 0.63%[39m
[rank0]:[titan] 2026-03-17 11:34:06,003 - root - INFO - [31mstep: 203  [32mloss:  2.7812  [38;2;180;60;0mgrad_norm:  3.7242  [38;2;54;234;195mmemory: 22.44GiB(28.24%)  [34mtps: 134  [36mtflops: 6.49  [35mmfu: 0.66%[39m
[rank0]:[titan] 2026-03-17 11:34:21,121 - root - INFO - [31mstep: 204  [32mloss:  2.8750  [38;2;180;60;0mgrad_norm:  3.6980  [38;2;54;234;195mmemory: 22.44GiB(28.24%)  [34mtps: 135  [36mtflops: 6.54  [35mmfu: 0.66%[39m
[rank0]:[titan] 2026-03-17 11:34:36,440 - root - INFO - [31mstep: 205  [32mloss:  2.8438  [38;2;180;60;0mgrad_norm:  4.0737  [38;2;54;234;195mmemory: 22.44GiB(28.24%)  [34mtps: 134  [36mtflops: 6.45  [35mmfu: 0.65%[39m
[rank0]:[titan] 2026-03-17 11:34:51,901 - root - INFO - [31mstep: 206  [32mloss:  2.8750  [38;2;180;60;0mgrad_norm:  3.0960  [38;2;54;234;195mmemory: 22.44GiB(28.24%)  [34mtps: 132  [36mtflops: 6.39  [35mmfu: 0.65%[39m
[rank0]:[titan] 2026-03-17 11:35:07,381 - root - INFO - [31mstep: 207  [32mloss:  2.8438  [38;2;180;60;0mgrad_norm:  3.6236  [38;2;54;234;195mmemory: 22.44GiB(28.24%)  [34mtps: 132  [36mtflops: 6.38  [35mmfu: 0.65%[39m
[rank0]:[titan] 2026-03-17 11:35:22,428 - root - INFO - [31mstep: 208  [32mloss:  2.8125  [38;2;180;60;0mgrad_norm:  2.9876  [38;2;54;234;195mmemory: 22.44GiB(28.24%)  [34mtps: 136  [36mtflops: 6.57  [35mmfu: 0.66%[39m
[rank0]:[titan] 2026-03-17 11:35:37,293 - root - INFO - [31mstep: 209  [32mloss:  2.8125  [38;2;180;60;0mgrad_norm:  4.2311  [38;2;54;234;195mmemory: 22.44GiB(28.24%)  [34mtps: 138  [36mtflops: 6.65  [35mmfu: 0.67%[39m
[rank0]:[titan] 2026-03-17 11:35:52,668 - root - INFO - [31mstep: 210  [32mloss:  2.8125  [38;2;180;60;0mgrad_norm:  3.0836  [38;2;54;234;195mmemory: 22.44GiB(28.24%)  [34mtps: 133  [36mtflops: 6.43  [35mmfu: 0.65%[39m
[rank0]:[titan] 2026-03-17 11:36:08,014 - root - INFO - [31mstep: 211  [32mloss:  2.8594  [38;2;180;60;0mgrad_norm:  4.3018  [38;2;54;234;195mmemory: 22.44GiB(28.24%)  [34mtps: 133  [36mtflops: 6.44  [35mmfu: 0.65%[39m
[rank0]:[titan] 2026-03-17 11:36:08,016 - root - WARNING - Dataset c4_test is being re-looped
[rank0]:[titan] 2026-03-17 11:36:23,249 - root - INFO - [31mstep: 212  [32mloss:  2.8906  [38;2;180;60;0mgrad_norm:  3.7061  [38;2;54;234;195mmemory: 22.44GiB(28.24%)  [34mtps: 134  [36mtflops: 6.49  [35mmfu: 0.66%[39m
[rank0]:[titan] 2026-03-17 11:36:38,708 - root - INFO - [31mstep: 213  [32mloss:  2.8125  [38;2;180;60;0mgrad_norm:  3.8863  [38;2;54;234;195mmemory: 22.44GiB(28.24%)  [34mtps: 132  [36mtflops: 6.39  [35mmfu: 0.65%[39m
[rank0]:[titan] 2026-03-17 11:36:54,319 - root - INFO - [31mstep: 214  [32mloss:  2.8438  [38;2;180;60;0mgrad_norm:  4.5523  [38;2;54;234;195mmemory: 22.44GiB(28.24%)  [34mtps: 131  [36mtflops: 6.33  [35mmfu: 0.64%[39m
[rank0]:[titan] 2026-03-17 11:37:09,913 - root - INFO - [31mstep: 215  [32mloss:  2.8906  [38;2;180;60;0mgrad_norm:  4.1728  [38;2;54;234;195mmemory: 22.44GiB(28.24%)  [34mtps: 131  [36mtflops: 6.34  [35mmfu: 0.64%[39m
[rank0]:[titan] 2026-03-17 11:37:25,505 - root - INFO - [31mstep: 216  [32mloss:  2.8594  [38;2;180;60;0mgrad_norm:  2.9477  [38;2;54;234;195mmemory: 22.44GiB(28.24%)  [34mtps: 131  [36mtflops: 6.34  [35mmfu: 0.64%[39m
[rank0]:[titan] 2026-03-17 11:37:40,865 - root - INFO - [31mstep: 217  [32mloss:  2.7969  [38;2;180;60;0mgrad_norm:  3.6682  [38;2;54;234;195mmemory: 22.44GiB(28.24%)  [34mtps: 133  [36mtflops: 6.43  [35mmfu: 0.65%[39m
[rank0]:[titan] 2026-03-17 11:37:56,040 - root - INFO - [31mstep: 218  [32mloss:  2.7812  [38;2;180;60;0mgrad_norm:  2.4307  [38;2;54;234;195mmemory: 22.44GiB(28.24%)  [34mtps: 135  [36mtflops: 6.51  [35mmfu: 0.66%[39m
[rank0]:[titan] 2026-03-17 11:38:11,300 - root - INFO - [31mstep: 219  [32mloss:  2.8125  [38;2;180;60;0mgrad_norm:  4.9432  [38;2;54;234;195mmemory: 22.44GiB(28.24%)  [34mtps: 134  [36mtflops: 6.48  [35mmfu: 0.65%[39m
[rank0]:[titan] 2026-03-17 11:38:26,452 - root - INFO - [31mstep: 220  [32mloss:  2.8125  [38;2;180;60;0mgrad_norm:  3.5620  [38;2;54;234;195mmemory: 22.44GiB(28.24%)  [34mtps: 135  [36mtflops: 6.52  [35mmfu: 0.66%[39m
[rank0]:[titan] 2026-03-17 11:38:41,912 - root - INFO - [31mstep: 221  [32mloss:  2.8438  [38;2;180;60;0mgrad_norm:  3.3879  [38;2;54;234;195mmemory: 22.44GiB(28.24%)  [34mtps: 132  [36mtflops: 6.39  [35mmfu: 0.65%[39m
[rank0]:[titan] 2026-03-17 11:38:57,056 - root - INFO - [31mstep: 222  [32mloss:  2.8281  [38;2;180;60;0mgrad_norm:  4.2827  [38;2;54;234;195mmemory: 22.44GiB(28.24%)  [34mtps: 135  [36mtflops: 6.53  [35mmfu: 0.66%[39m
[rank0]:[titan] 2026-03-17 11:39:12,282 - root - INFO - [31mstep: 223  [32mloss:  2.8125  [38;2;180;60;0mgrad_norm:  2.4382  [38;2;54;234;195mmemory: 22.44GiB(28.24%)  [34mtps: 135  [36mtflops: 6.49  [35mmfu: 0.66%[39m
[rank0]:[titan] 2026-03-17 11:39:27,350 - root - INFO - [31mstep: 224  [32mloss:  2.8438  [38;2;180;60;0mgrad_norm:  3.1782  [38;2;54;234;195mmemory: 22.44GiB(28.24%)  [34mtps: 136  [36mtflops: 6.56  [35mmfu: 0.66%[39m
[rank0]:[titan] 2026-03-17 11:39:42,330 - root - INFO - [31mstep: 225  [32mloss:  2.8750  [38;2;180;60;0mgrad_norm:  3.1204  [38;2;54;234;195mmemory: 22.44GiB(28.24%)  [34mtps: 137  [36mtflops: 6.60  [35mmfu: 0.67%[39m
[rank0]:[titan] 2026-03-17 11:39:57,600 - root - INFO - [31mstep: 226  [32mloss:  2.8438  [38;2;180;60;0mgrad_norm:  2.4827  [38;2;54;234;195mmemory: 22.44GiB(28.24%)  [34mtps: 134  [36mtflops: 6.47  [35mmfu: 0.65%[39m
[rank0]:[titan] 2026-03-17 11:40:12,964 - root - INFO - [31mstep: 227  [32mloss:  2.8281  [38;2;180;60;0mgrad_norm:  4.0519  [38;2;54;234;195mmemory: 22.44GiB(28.24%)  [34mtps: 133  [36mtflops: 6.43  [35mmfu: 0.65%[39m
[rank0]:[titan] 2026-03-17 11:40:28,554 - root - INFO - [31mstep: 228  [32mloss:  2.8438  [38;2;180;60;0mgrad_norm:  3.9487  [38;2;54;234;195mmemory: 22.44GiB(28.24%)  [34mtps: 131  [36mtflops: 6.34  [35mmfu: 0.64%[39m
[rank0]:[titan] 2026-03-17 11:40:43,881 - root - INFO - [31mstep: 229  [32mloss:  2.8281  [38;2;180;60;0mgrad_norm:  2.6649  [38;2;54;234;195mmemory: 22.44GiB(28.24%)  [34mtps: 134  [36mtflops: 6.45  [35mmfu: 0.65%[39m
[rank0]:[titan] 2026-03-17 11:40:58,823 - root - INFO - [31mstep: 230  [32mloss:  2.9062  [38;2;180;60;0mgrad_norm:  3.1797  [38;2;54;234;195mmemory: 22.44GiB(28.24%)  [34mtps: 137  [36mtflops: 6.61  [35mmfu: 0.67%[39m
[rank0]:[titan] 2026-03-17 11:41:14,342 - root - INFO - [31mstep: 231  [32mloss:  2.9062  [38;2;180;60;0mgrad_norm:  2.1864  [38;2;54;234;195mmemory: 22.44GiB(28.24%)  [34mtps: 132  [36mtflops: 6.37  [35mmfu: 0.64%[39m
[rank0]:[titan] 2026-03-17 11:41:29,769 - root - INFO - [31mstep: 232  [32mloss:  2.8438  [38;2;180;60;0mgrad_norm:  3.9261  [38;2;54;234;195mmemory: 22.44GiB(28.24%)  [34mtps: 133  [36mtflops: 6.41  [35mmfu: 0.65%[39m
[rank0]:[titan] 2026-03-17 11:41:45,254 - root - INFO - [31mstep: 233  [32mloss:  2.8750  [38;2;180;60;0mgrad_norm:  3.7691  [38;2;54;234;195mmemory: 22.44GiB(28.24%)  [34mtps: 132  [36mtflops: 6.38  [35mmfu: 0.65%[39m
[rank0]:[titan] 2026-03-17 11:42:00,937 - root - INFO - [31mstep: 234  [32mloss:  2.8281  [38;2;180;60;0mgrad_norm:  3.3557  [38;2;54;234;195mmemory: 22.44GiB(28.24%)  [34mtps: 131  [36mtflops: 6.30  [35mmfu: 0.64%[39m
[rank0]:[titan] 2026-03-17 11:42:16,153 - root - INFO - [31mstep: 235  [32mloss:  2.8281  [38;2;180;60;0mgrad_norm:  4.0480  [38;2;54;234;195mmemory: 22.44GiB(28.24%)  [34mtps: 135  [36mtflops: 6.49  [35mmfu: 0.66%[39m
[rank0]:[titan] 2026-03-17 11:42:31,383 - root - INFO - [31mstep: 236  [32mloss:  2.8281  [38;2;180;60;0mgrad_norm:  3.3811  [38;2;54;234;195mmemory: 22.44GiB(28.24%)  [34mtps: 134  [36mtflops: 6.49  [35mmfu: 0.66%[39m
[rank0]:[titan] 2026-03-17 11:42:46,317 - root - INFO - [31mstep: 237  [32mloss:  2.8438  [38;2;180;60;0mgrad_norm:  3.6451  [38;2;54;234;195mmemory: 22.44GiB(28.24%)  [34mtps: 137  [36mtflops: 6.62  [35mmfu: 0.67%[39m
[rank0]:[titan] 2026-03-17 11:43:01,184 - root - INFO - [31mstep: 238  [32mloss:  2.7969  [38;2;180;60;0mgrad_norm:  3.1273  [38;2;54;234;195mmemory: 22.44GiB(28.24%)  [34mtps: 138  [36mtflops: 6.65  [35mmfu: 0.67%[39m
[rank0]:[titan] 2026-03-17 11:43:16,549 - root - INFO - [31mstep: 239  [32mloss:  2.7812  [38;2;180;60;0mgrad_norm:  3.1949  [38;2;54;234;195mmemory: 22.44GiB(28.24%)  [34mtps: 133  [36mtflops: 6.43  [35mmfu: 0.65%[39m
[rank0]:[titan] 2026-03-17 11:43:31,905 - root - INFO - [31mstep: 240  [32mloss:  2.8438  [38;2;180;60;0mgrad_norm:  2.7364  [38;2;54;234;195mmemory: 22.44GiB(28.24%)  [34mtps: 133  [36mtflops: 6.44  [35mmfu: 0.65%[39m
[rank0]:[titan] 2026-03-17 11:43:47,149 - root - INFO - [31mstep: 241  [32mloss:  2.7812  [38;2;180;60;0mgrad_norm:  3.4649  [38;2;54;234;195mmemory: 22.44GiB(28.24%)  [34mtps: 134  [36mtflops: 6.48  [35mmfu: 0.66%[39m
[rank0]:[titan] 2026-03-17 11:44:02,378 - root - INFO - [31mstep: 242  [32mloss:  2.8125  [38;2;180;60;0mgrad_norm:  2.6408  [38;2;54;234;195mmemory: 22.44GiB(28.24%)  [34mtps: 134  [36mtflops: 6.49  [35mmfu: 0.66%[39m
[rank0]:[titan] 2026-03-17 11:44:17,307 - root - INFO - [31mstep: 243  [32mloss:  2.8438  [38;2;180;60;0mgrad_norm:  5.0781  [38;2;54;234;195mmemory: 22.44GiB(28.24%)  [34mtps: 137  [36mtflops: 6.62  [35mmfu: 0.67%[39m
[rank0]:[titan] 2026-03-17 11:44:32,355 - root - INFO - [31mstep: 244  [32mloss:  2.8281  [38;2;180;60;0mgrad_norm:  3.4590  [38;2;54;234;195mmemory: 22.44GiB(28.24%)  [34mtps: 136  [36mtflops: 6.57  [35mmfu: 0.66%[39m
[rank0]:[titan] 2026-03-17 11:44:47,804 - root - INFO - [31mstep: 245  [32mloss:  2.8438  [38;2;180;60;0mgrad_norm:  4.5437  [38;2;54;234;195mmemory: 22.44GiB(28.24%)  [34mtps: 133  [36mtflops: 6.40  [35mmfu: 0.65%[39m
[rank0]:[titan] 2026-03-17 11:45:03,372 - root - INFO - [31mstep: 246  [32mloss:  2.8281  [38;2;180;60;0mgrad_norm:  4.4900  [38;2;54;234;195mmemory: 22.44GiB(28.24%)  [34mtps: 132  [36mtflops: 6.35  [35mmfu: 0.64%[39m
[rank0]:[titan] 2026-03-17 11:45:18,510 - root - INFO - [31mstep: 247  [32mloss:  2.7656  [38;2;180;60;0mgrad_norm:  3.6136  [38;2;54;234;195mmemory: 22.44GiB(28.24%)  [34mtps: 135  [36mtflops: 6.53  [35mmfu: 0.66%[39m
[rank0]:[titan] 2026-03-17 11:45:33,760 - root - INFO - [31mstep: 248  [32mloss:  2.8906  [38;2;180;60;0mgrad_norm:  4.9019  [38;2;54;234;195mmemory: 22.44GiB(28.24%)  [34mtps: 134  [36mtflops: 6.48  [35mmfu: 0.66%[39m
[rank0]:[titan] 2026-03-17 11:45:49,066 - root - INFO - [31mstep: 249  [32mloss:  2.8281  [38;2;180;60;0mgrad_norm:  4.1787  [38;2;54;234;195mmemory: 22.44GiB(28.24%)  [34mtps: 134  [36mtflops: 6.46  [35mmfu: 0.65%[39m
[rank0]:[titan] 2026-03-17 11:46:04,110 - root - INFO - [31mstep: 250  [32mloss:  2.8906  [38;2;180;60;0mgrad_norm:  3.8692  [38;2;54;234;195mmemory: 22.44GiB(28.24%)  [34mtps: 136  [36mtflops: 6.57  [35mmfu: 0.66%[39m
[rank0]:[titan] 2026-03-17 11:46:19,187 - root - INFO - [31mstep: 251  [32mloss:  2.8125  [38;2;180;60;0mgrad_norm:  3.7692  [38;2;54;234;195mmemory: 22.44GiB(28.24%)  [34mtps: 136  [36mtflops: 6.55  [35mmfu: 0.66%[39m
[rank0]:[titan] 2026-03-17 11:46:34,194 - root - INFO - [31mstep: 252  [32mloss:  2.7500  [38;2;180;60;0mgrad_norm:  3.6697  [38;2;54;234;195mmemory: 22.44GiB(28.24%)  [34mtps: 136  [36mtflops: 6.59  [35mmfu: 0.67%[39m
[rank0]:[titan] 2026-03-17 11:46:48,994 - root - INFO - [31mstep: 253  [32mloss:  2.8281  [38;2;180;60;0mgrad_norm:  4.6461  [38;2;54;234;195mmemory: 22.44GiB(28.24%)  [34mtps: 138  [36mtflops: 6.68  [35mmfu: 0.68%[39m
[rank0]:[titan] 2026-03-17 11:47:04,016 - root - INFO - [31mstep: 254  [32mloss:  2.7812  [38;2;180;60;0mgrad_norm:  3.6649  [38;2;54;234;195mmemory: 22.44GiB(28.24%)  [34mtps: 136  [36mtflops: 6.58  [35mmfu: 0.67%[39m
[rank0]:[titan] 2026-03-17 11:47:18,952 - root - INFO - [31mstep: 255  [32mloss:  2.8438  [38;2;180;60;0mgrad_norm:  3.2021  [38;2;54;234;195mmemory: 22.44GiB(28.24%)  [34mtps: 137  [36mtflops: 6.62  [35mmfu: 0.67%[39m
[rank0]:[titan] 2026-03-17 11:47:33,944 - root - INFO - [31mstep: 256  [32mloss:  2.8438  [38;2;180;60;0mgrad_norm:  3.7277  [38;2;54;234;195mmemory: 22.44GiB(28.24%)  [34mtps: 137  [36mtflops: 6.59  [35mmfu: 0.67%[39m
[rank0]:[titan] 2026-03-17 11:47:49,165 - root - INFO - [31mstep: 257  [32mloss:  2.8281  [38;2;180;60;0mgrad_norm:  3.4109  [38;2;54;234;195mmemory: 22.44GiB(28.24%)  [34mtps: 135  [36mtflops: 6.49  [35mmfu: 0.66%[39m
[rank0]:[titan] 2026-03-17 11:48:03,337 - root - INFO - [31mstep: 258  [32mloss:  2.8438  [38;2;180;60;0mgrad_norm:  3.0741  [38;2;54;234;195mmemory: 22.44GiB(28.24%)  [34mtps: 145  [36mtflops: 6.97  [35mmfu: 0.71%[39m
[rank0]:[titan] 2026-03-17 11:48:18,477 - root - INFO - [31mstep: 259  [32mloss:  2.8125  [38;2;180;60;0mgrad_norm:  4.3727  [38;2;54;234;195mmemory: 22.44GiB(28.24%)  [34mtps: 135  [36mtflops: 6.53  [35mmfu: 0.66%[39m
[rank0]:[titan] 2026-03-17 11:48:33,524 - root - INFO - [31mstep: 260  [32mloss:  2.7969  [38;2;180;60;0mgrad_norm:  3.2196  [38;2;54;234;195mmemory: 22.44GiB(28.24%)  [34mtps: 136  [36mtflops: 6.57  [35mmfu: 0.66%[39m
[rank0]:[titan] 2026-03-17 11:48:48,496 - root - INFO - [31mstep: 261  [32mloss:  2.7969  [38;2;180;60;0mgrad_norm:  3.2590  [38;2;54;234;195mmemory: 22.44GiB(28.24%)  [34mtps: 137  [36mtflops: 6.60  [35mmfu: 0.67%[39m
[rank0]:[titan] 2026-03-17 11:49:03,509 - root - INFO - [31mstep: 262  [32mloss:  2.9062  [38;2;180;60;0mgrad_norm:  3.1086  [38;2;54;234;195mmemory: 22.44GiB(28.24%)  [34mtps: 136  [36mtflops: 6.58  [35mmfu: 0.67%[39m
[rank0]:[titan] 2026-03-17 11:49:18,972 - root - INFO - [31mstep: 263  [32mloss:  2.8438  [38;2;180;60;0mgrad_norm:  2.7463  [38;2;54;234;195mmemory: 22.44GiB(28.24%)  [34mtps: 132  [36mtflops: 6.39  [35mmfu: 0.65%[39m
[rank0]:[titan] 2026-03-17 11:49:34,115 - root - INFO - [31mstep: 264  [32mloss:  2.8438  [38;2;180;60;0mgrad_norm:  3.7792  [38;2;54;234;195mmemory: 22.44GiB(28.24%)  [34mtps: 135  [36mtflops: 6.53  [35mmfu: 0.66%[39m
[rank0]:[titan] 2026-03-17 11:49:49,314 - root - INFO - [31mstep: 265  [32mloss:  2.8281  [38;2;180;60;0mgrad_norm:  2.6704  [38;2;54;234;195mmemory: 22.44GiB(28.24%)  [34mtps: 135  [36mtflops: 6.50  [35mmfu: 0.66%[39m
[rank0]:[titan] 2026-03-17 11:50:04,658 - root - INFO - [31mstep: 266  [32mloss:  2.8125  [38;2;180;60;0mgrad_norm:  3.4853  [38;2;54;234;195mmemory: 22.44GiB(28.24%)  [34mtps: 133  [36mtflops: 6.44  [35mmfu: 0.65%[39m
[rank0]:[titan] 2026-03-17 11:50:19,772 - root - INFO - [31mstep: 267  [32mloss:  2.8125  [38;2;180;60;0mgrad_norm:  2.6514  [38;2;54;234;195mmemory: 22.44GiB(28.24%)  [34mtps: 136  [36mtflops: 6.54  [35mmfu: 0.66%[39m
[rank0]:[titan] 2026-03-17 11:50:35,039 - root - INFO - [31mstep: 268  [32mloss:  2.7812  [38;2;180;60;0mgrad_norm:  2.8616  [38;2;54;234;195mmemory: 22.44GiB(28.24%)  [34mtps: 134  [36mtflops: 6.47  [35mmfu: 0.65%[39m
[rank0]:[titan] 2026-03-17 11:50:50,178 - root - INFO - [31mstep: 269  [32mloss:  2.8594  [38;2;180;60;0mgrad_norm:  3.5292  [38;2;54;234;195mmemory: 22.44GiB(28.24%)  [34mtps: 135  [36mtflops: 6.53  [35mmfu: 0.66%[39m
[rank0]:[titan] 2026-03-17 11:51:05,683 - root - INFO - [31mstep: 270  [32mloss:  2.7969  [38;2;180;60;0mgrad_norm:  2.9170  [38;2;54;234;195mmemory: 22.44GiB(28.24%)  [34mtps: 132  [36mtflops: 6.37  [35mmfu: 0.64%[39m
[rank0]:[titan] 2026-03-17 11:51:21,067 - root - INFO - [31mstep: 271  [32mloss:  2.8906  [38;2;180;60;0mgrad_norm:  2.3090  [38;2;54;234;195mmemory: 22.44GiB(28.24%)  [34mtps: 133  [36mtflops: 6.42  [35mmfu: 0.65%[39m
[rank0]:[titan] 2026-03-17 11:51:36,350 - root - INFO - [31mstep: 272  [32mloss:  2.9531  [38;2;180;60;0mgrad_norm:  3.7374  [38;2;54;234;195mmemory: 22.44GiB(28.24%)  [34mtps: 134  [36mtflops: 6.47  [35mmfu: 0.65%[39m
[rank0]:[titan] 2026-03-17 11:51:51,840 - root - INFO - [31mstep: 273  [32mloss:  2.9531  [38;2;180;60;0mgrad_norm:  4.1812  [38;2;54;234;195mmemory: 22.44GiB(28.24%)  [34mtps: 132  [36mtflops: 6.38  [35mmfu: 0.65%[39m
[rank0]:[titan] 2026-03-17 11:52:07,436 - root - INFO - [31mstep: 274  [32mloss:  2.9531  [38;2;180;60;0mgrad_norm:  3.3674  [38;2;54;234;195mmemory: 22.44GiB(28.24%)  [34mtps: 131  [36mtflops: 6.34  [35mmfu: 0.64%[39m
[rank0]:[titan] 2026-03-17 11:52:23,079 - root - INFO - [31mstep: 275  [32mloss:  2.8594  [38;2;180;60;0mgrad_norm:  4.2044  [38;2;54;234;195mmemory: 22.44GiB(28.24%)  [34mtps: 131  [36mtflops: 6.32  [35mmfu: 0.64%[39m
[rank0]:[titan] 2026-03-17 11:52:38,420 - root - INFO - [31mstep: 276  [32mloss:  2.8281  [38;2;180;60;0mgrad_norm:  3.0952  [38;2;54;234;195mmemory: 22.44GiB(28.24%)  [34mtps: 134  [36mtflops: 6.44  [35mmfu: 0.65%[39m
[rank0]:[titan] 2026-03-17 11:52:53,398 - root - INFO - [31mstep: 277  [32mloss:  2.8594  [38;2;180;60;0mgrad_norm:  3.4646  [38;2;54;234;195mmemory: 22.44GiB(28.24%)  [34mtps: 137  [36mtflops: 6.60  [35mmfu: 0.67%[39m
[rank0]:[titan] 2026-03-17 11:53:08,615 - root - INFO - [31mstep: 278  [32mloss:  2.8125  [38;2;180;60;0mgrad_norm:  3.1577  [38;2;54;234;195mmemory: 22.44GiB(28.24%)  [34mtps: 135  [36mtflops: 6.49  [35mmfu: 0.66%[39m
[rank0]:[titan] 2026-03-17 11:53:23,911 - root - INFO - [31mstep: 279  [32mloss:  2.8594  [38;2;180;60;0mgrad_norm:  4.2113  [38;2;54;234;195mmemory: 22.44GiB(28.24%)  [34mtps: 134  [36mtflops: 6.46  [35mmfu: 0.65%[39m
[rank0]:[titan] 2026-03-17 11:53:39,142 - root - INFO - [31mstep: 280  [32mloss:  2.9219  [38;2;180;60;0mgrad_norm:  2.7009  [38;2;54;234;195mmemory: 22.44GiB(28.24%)  [34mtps: 134  [36mtflops: 6.49  [35mmfu: 0.66%[39m
[rank0]:[titan] 2026-03-17 11:53:54,405 - root - INFO - [31mstep: 281  [32mloss:  2.8125  [38;2;180;60;0mgrad_norm:  3.1266  [38;2;54;234;195mmemory: 22.44GiB(28.24%)  [34mtps: 134  [36mtflops: 6.47  [35mmfu: 0.65%[39m
[rank0]:[titan] 2026-03-17 11:54:09,666 - root - INFO - [31mstep: 282  [32mloss:  2.9375  [38;2;180;60;0mgrad_norm:  2.9279  [38;2;54;234;195mmemory: 22.44GiB(28.24%)  [34mtps: 134  [36mtflops: 6.48  [35mmfu: 0.65%[39m
[rank0]:[titan] 2026-03-17 11:54:24,717 - root - INFO - [31mstep: 283  [32mloss:  2.9844  [38;2;180;60;0mgrad_norm:  3.1428  [38;2;54;234;195mmemory: 22.44GiB(28.24%)  [34mtps: 136  [36mtflops: 6.57  [35mmfu: 0.66%[39m
[rank0]:[titan] 2026-03-17 11:54:40,038 - root - INFO - [31mstep: 284  [32mloss:  2.9844  [38;2;180;60;0mgrad_norm:  2.7866  [38;2;54;234;195mmemory: 22.44GiB(28.24%)  [34mtps: 134  [36mtflops: 6.45  [35mmfu: 0.65%[39m
[rank0]:[titan] 2026-03-17 11:54:55,439 - root - INFO - [31mstep: 285  [32mloss:  2.8750  [38;2;180;60;0mgrad_norm:  3.6420  [38;2;54;234;195mmemory: 22.44GiB(28.24%)  [34mtps: 133  [36mtflops: 6.42  [35mmfu: 0.65%[39m
[rank0]:[titan] 2026-03-17 11:55:10,511 - root - INFO - [31mstep: 286  [32mloss:  2.8281  [38;2;180;60;0mgrad_norm:  3.4082  [38;2;54;234;195mmemory: 22.44GiB(28.24%)  [34mtps: 136  [36mtflops: 6.56  [35mmfu: 0.66%[39m
[rank0]:[titan] 2026-03-17 11:55:25,478 - root - INFO - [31mstep: 287  [32mloss:  2.8125  [38;2;180;60;0mgrad_norm:  2.6401  [38;2;54;234;195mmemory: 22.44GiB(28.24%)  [34mtps: 137  [36mtflops: 6.60  [35mmfu: 0.67%[39m
[rank0]:[titan] 2026-03-17 11:55:40,647 - root - INFO - [31mstep: 288  [32mloss:  2.8438  [38;2;180;60;0mgrad_norm:  4.1744  [38;2;54;234;195mmemory: 22.44GiB(28.24%)  [34mtps: 135  [36mtflops: 6.51  [35mmfu: 0.66%[39m
[rank0]:[titan] 2026-03-17 11:55:55,913 - root - INFO - [31mstep: 289  [32mloss:  2.7812  [38;2;180;60;0mgrad_norm:  2.5238  [38;2;54;234;195mmemory: 22.44GiB(28.24%)  [34mtps: 134  [36mtflops: 6.47  [35mmfu: 0.65%[39m
[rank0]:[titan] 2026-03-17 11:56:09,707 - root - INFO - [31mstep: 290  [32mloss:  2.8281  [38;2;180;60;0mgrad_norm:  4.8645  [38;2;54;234;195mmemory: 22.44GiB(28.24%)  [34mtps: 148  [36mtflops: 7.16  [35mmfu: 0.72%[39m
[rank0]:[titan] 2026-03-17 11:56:25,654 - root - INFO - [31mstep: 291  [32mloss:  2.8281  [38;2;180;60;0mgrad_norm:  4.7175  [38;2;54;234;195mmemory: 22.44GiB(28.24%)  [34mtps: 128  [36mtflops: 6.20  [35mmfu: 0.63%[39m
[rank0]:[titan] 2026-03-17 11:56:41,263 - root - INFO - [31mstep: 292  [32mloss:  2.8125  [38;2;180;60;0mgrad_norm:  3.8377  [38;2;54;234;195mmemory: 22.44GiB(28.24%)  [34mtps: 131  [36mtflops: 6.33  [35mmfu: 0.64%[39m
[rank0]:[titan] 2026-03-17 11:56:56,559 - root - INFO - [31mstep: 293  [32mloss:  2.8281  [38;2;180;60;0mgrad_norm:  4.1881  [38;2;54;234;195mmemory: 22.44GiB(28.24%)  [34mtps: 134  [36mtflops: 6.46  [35mmfu: 0.65%[39m
[rank0]:[titan] 2026-03-17 11:57:11,584 - root - INFO - [31mstep: 294  [32mloss:  2.8281  [38;2;180;60;0mgrad_norm:  3.4851  [38;2;54;234;195mmemory: 22.44GiB(28.24%)  [34mtps: 136  [36mtflops: 6.58  [35mmfu: 0.67%[39m
[rank0]:[titan] 2026-03-17 11:57:26,427 - root - INFO - [31mstep: 295  [32mloss:  2.9062  [38;2;180;60;0mgrad_norm:  3.8667  [38;2;54;234;195mmemory: 22.44GiB(28.24%)  [34mtps: 138  [36mtflops: 6.66  [35mmfu: 0.67%[39m
[rank0]:[titan] 2026-03-17 11:57:41,259 - root - INFO - [31mstep: 296  [32mloss:  2.9062  [38;2;180;60;0mgrad_norm:  3.0016  [38;2;54;234;195mmemory: 22.44GiB(28.24%)  [34mtps: 138  [36mtflops: 6.66  [35mmfu: 0.67%[39m
[rank0]:[titan] 2026-03-17 11:57:56,449 - root - INFO - [31mstep: 297  [32mloss:  2.9062  [38;2;180;60;0mgrad_norm:  2.9531  [38;2;54;234;195mmemory: 22.44GiB(28.24%)  [34mtps: 135  [36mtflops: 6.51  [35mmfu: 0.66%[39m
[rank0]:[titan] 2026-03-17 11:58:11,457 - root - INFO - [31mstep: 298  [32mloss:  2.8125  [38;2;180;60;0mgrad_norm:  3.0053  [38;2;54;234;195mmemory: 22.44GiB(28.24%)  [34mtps: 136  [36mtflops: 6.58  [35mmfu: 0.67%[39m
[rank0]:[titan] 2026-03-17 11:58:26,461 - root - INFO - [31mstep: 299  [32mloss:  2.7656  [38;2;180;60;0mgrad_norm:  4.2136  [38;2;54;234;195mmemory: 22.44GiB(28.24%)  [34mtps: 137  [36mtflops: 6.59  [35mmfu: 0.67%[39m
[rank0]:[titan] 2026-03-17 11:58:41,644 - root - INFO - [31mstep: 300  [32mloss:  2.8125  [38;2;180;60;0mgrad_norm:  3.1036  [38;2;54;234;195mmemory: 22.44GiB(28.24%)  [34mtps: 135  [36mtflops: 6.51  [35mmfu: 0.66%[39m
[rank0]:[titan] 2026-03-17 11:58:56,605 - root - INFO - [31mstep: 301  [32mloss:  2.7656  [38;2;180;60;0mgrad_norm:  3.6964  [38;2;54;234;195mmemory: 22.44GiB(28.24%)  [34mtps: 137  [36mtflops: 6.61  [35mmfu: 0.67%[39m
[rank0]:[titan] 2026-03-17 11:59:11,546 - root - INFO - [31mstep: 302  [32mloss:  2.7500  [38;2;180;60;0mgrad_norm:  3.8118  [38;2;54;234;195mmemory: 22.44GiB(28.24%)  [34mtps: 137  [36mtflops: 6.61  [35mmfu: 0.67%[39m
[rank0]:[titan] 2026-03-17 11:59:26,795 - root - INFO - [31mstep: 303  [32mloss:  2.8750  [38;2;180;60;0mgrad_norm:  3.3599  [38;2;54;234;195mmemory: 22.44GiB(28.24%)  [34mtps: 134  [36mtflops: 6.48  [35mmfu: 0.66%[39m
[rank0]:[titan] 2026-03-17 11:59:41,943 - root - INFO - [31mstep: 304  [32mloss:  2.8750  [38;2;180;60;0mgrad_norm:  2.8947  [38;2;54;234;195mmemory: 22.44GiB(28.24%)  [34mtps: 135  [36mtflops: 6.52  [35mmfu: 0.66%[39m
[rank0]:[titan] 2026-03-17 11:59:57,324 - root - INFO - [31mstep: 305  [32mloss:  2.8594  [38;2;180;60;0mgrad_norm:  4.3422  [38;2;54;234;195mmemory: 22.44GiB(28.24%)  [34mtps: 133  [36mtflops: 6.43  [35mmfu: 0.65%[39m
[rank0]:[titan] 2026-03-17 12:00:12,392 - root - INFO - [31mstep: 306  [32mloss:  2.8594  [38;2;180;60;0mgrad_norm:  4.0501  [38;2;54;234;195mmemory: 22.44GiB(28.24%)  [34mtps: 136  [36mtflops: 6.56  [35mmfu: 0.66%[39m
[rank0]:[titan] 2026-03-17 12:00:27,856 - root - INFO - [31mstep: 307  [32mloss:  2.8281  [38;2;180;60;0mgrad_norm:  3.2648  [38;2;54;234;195mmemory: 22.44GiB(28.24%)  [34mtps: 132  [36mtflops: 6.39  [35mmfu: 0.65%[39m
[rank0]:[titan] 2026-03-17 12:00:43,020 - root - INFO - [31mstep: 308  [32mloss:  2.7656  [38;2;180;60;0mgrad_norm:  3.8699  [38;2;54;234;195mmemory: 22.44GiB(28.24%)  [34mtps: 135  [36mtflops: 6.52  [35mmfu: 0.66%[39m
[rank0]:[titan] 2026-03-17 12:00:58,231 - root - INFO - [31mstep: 309  [32mloss:  2.8125  [38;2;180;60;0mgrad_norm:  3.3118  [38;2;54;234;195mmemory: 22.44GiB(28.24%)  [34mtps: 135  [36mtflops: 6.50  [35mmfu: 0.66%[39m
[rank0]:[titan] 2026-03-17 12:01:13,730 - root - INFO - [31mstep: 310  [32mloss:  2.8438  [38;2;180;60;0mgrad_norm:  3.0304  [38;2;54;234;195mmemory: 22.44GiB(28.24%)  [34mtps: 132  [36mtflops: 6.38  [35mmfu: 0.64%[39m
[rank0]:[titan] 2026-03-17 12:01:28,884 - root - INFO - [31mstep: 311  [32mloss:  2.8594  [38;2;180;60;0mgrad_norm:  3.3291  [38;2;54;234;195mmemory: 22.44GiB(28.24%)  [34mtps: 135  [36mtflops: 6.52  [35mmfu: 0.66%[39m
[rank0]:[titan] 2026-03-17 12:01:43,917 - root - INFO - [31mstep: 312  [32mloss:  2.7500  [38;2;180;60;0mgrad_norm:  2.5147  [38;2;54;234;195mmemory: 22.44GiB(28.24%)  [34mtps: 136  [36mtflops: 6.57  [35mmfu: 0.66%[39m
[rank0]:[titan] 2026-03-17 12:01:59,018 - root - INFO - [31mstep: 313  [32mloss:  2.7969  [38;2;180;60;0mgrad_norm:  2.7544  [38;2;54;234;195mmemory: 22.44GiB(28.24%)  [34mtps: 136  [36mtflops: 6.54  [35mmfu: 0.66%[39m
[rank0]:[titan] 2026-03-17 12:02:14,517 - root - INFO - [31mstep: 314  [32mloss:  2.8125  [38;2;180;60;0mgrad_norm:  2.8431  [38;2;54;234;195mmemory: 22.44GiB(28.24%)  [34mtps: 132  [36mtflops: 6.38  [35mmfu: 0.64%[39m
[rank0]:[titan] 2026-03-17 12:02:29,678 - root - INFO - [31mstep: 315  [32mloss:  2.7656  [38;2;180;60;0mgrad_norm:  2.1615  [38;2;54;234;195mmemory: 22.44GiB(28.24%)  [34mtps: 135  [36mtflops: 6.52  [35mmfu: 0.66%[39m
[rank0]:[titan] 2026-03-17 12:02:45,236 - root - INFO - [31mstep: 316  [32mloss:  2.7969  [38;2;180;60;0mgrad_norm:  3.0923  [38;2;54;234;195mmemory: 22.44GiB(28.24%)  [34mtps: 132  [36mtflops: 6.35  [35mmfu: 0.64%[39m
[rank0]:[titan] 2026-03-17 12:03:00,254 - root - INFO - [31mstep: 317  [32mloss:  2.7344  [38;2;180;60;0mgrad_norm:  2.6779  [38;2;54;234;195mmemory: 22.44GiB(28.24%)  [34mtps: 136  [36mtflops: 6.58  [35mmfu: 0.67%[39m
[rank0]:[titan] 2026-03-17 12:03:15,525 - root - INFO - [31mstep: 318  [32mloss:  2.7812  [38;2;180;60;0mgrad_norm:  2.9913  [38;2;54;234;195mmemory: 22.44GiB(28.24%)  [34mtps: 134  [36mtflops: 6.47  [35mmfu: 0.65%[39m
[rank0]:[titan] 2026-03-17 12:03:30,205 - root - INFO - [31mstep: 319  [32mloss:  2.7969  [38;2;180;60;0mgrad_norm:  2.8199  [38;2;54;234;195mmemory: 22.44GiB(28.24%)  [34mtps: 140  [36mtflops: 6.73  [35mmfu: 0.68%[39m
[rank0]:[titan] 2026-03-17 12:03:45,970 - root - INFO - [31mstep: 320  [32mloss:  2.7969  [38;2;180;60;0mgrad_norm:  3.1583  [38;2;54;234;195mmemory: 22.44GiB(28.24%)  [34mtps: 130  [36mtflops: 6.27  [35mmfu: 0.63%[39m
[rank0]:[titan] 2026-03-17 12:04:01,718 - root - INFO - [31mstep: 321  [32mloss:  2.7656  [38;2;180;60;0mgrad_norm:  3.2955  [38;2;54;234;195mmemory: 22.44GiB(28.24%)  [34mtps: 130  [36mtflops: 6.27  [35mmfu: 0.63%[39m
[rank0]:[titan] 2026-03-17 12:04:16,667 - root - INFO - [31mstep: 322  [32mloss:  2.7812  [38;2;180;60;0mgrad_norm:  2.5647  [38;2;54;234;195mmemory: 22.44GiB(28.24%)  [34mtps: 137  [36mtflops: 6.61  [35mmfu: 0.67%[39m
[rank0]:[titan] 2026-03-17 12:04:31,560 - root - INFO - [31mstep: 323  [32mloss:  2.7500  [38;2;180;60;0mgrad_norm:  2.9576  [38;2;54;234;195mmemory: 22.44GiB(28.24%)  [34mtps: 138  [36mtflops: 6.64  [35mmfu: 0.67%[39m
[rank0]:[titan] 2026-03-17 12:04:46,981 - root - INFO - [31mstep: 324  [32mloss:  2.7812  [38;2;180;60;0mgrad_norm:  2.6132  [38;2;54;234;195mmemory: 22.44GiB(28.24%)  [34mtps: 133  [36mtflops: 6.41  [35mmfu: 0.65%[39m
[rank0]:[titan] 2026-03-17 12:05:02,296 - root - INFO - [31mstep: 325  [32mloss:  2.7500  [38;2;180;60;0mgrad_norm:  3.0314  [38;2;54;234;195mmemory: 22.44GiB(28.24%)  [34mtps: 134  [36mtflops: 6.45  [35mmfu: 0.65%[39m
[rank0]:[titan] 2026-03-17 12:05:17,200 - root - INFO - [31mstep: 326  [32mloss:  2.7500  [38;2;180;60;0mgrad_norm:  3.0802  [38;2;54;234;195mmemory: 22.44GiB(28.24%)  [34mtps: 137  [36mtflops: 6.63  [35mmfu: 0.67%[39m
[rank0]:[titan] 2026-03-17 12:05:32,248 - root - INFO - [31mstep: 327  [32mloss:  2.7969  [38;2;180;60;0mgrad_norm:  3.1965  [38;2;54;234;195mmemory: 22.44GiB(28.24%)  [34mtps: 136  [36mtflops: 6.57  [35mmfu: 0.66%[39m
[rank0]:[titan] 2026-03-17 12:05:47,268 - root - INFO - [31mstep: 328  [32mloss:  2.7812  [38;2;180;60;0mgrad_norm:  3.0023  [38;2;54;234;195mmemory: 22.44GiB(28.24%)  [34mtps: 136  [36mtflops: 6.58  [35mmfu: 0.67%[39m
[rank0]:[titan] 2026-03-17 12:06:02,401 - root - INFO - [31mstep: 329  [32mloss:  2.7812  [38;2;180;60;0mgrad_norm:  2.7107  [38;2;54;234;195mmemory: 22.44GiB(28.24%)  [34mtps: 135  [36mtflops: 6.53  [35mmfu: 0.66%[39m
[rank0]:[titan] 2026-03-17 12:06:17,327 - root - INFO - [31mstep: 330  [32mloss:  2.8125  [38;2;180;60;0mgrad_norm:  3.4394  [38;2;54;234;195mmemory: 22.44GiB(28.24%)  [34mtps: 137  [36mtflops: 6.62  [35mmfu: 0.67%[39m
[rank0]:[titan] 2026-03-17 12:06:32,860 - root - INFO - [31mstep: 331  [32mloss:  2.7500  [38;2;180;60;0mgrad_norm:  2.8261  [38;2;54;234;195mmemory: 22.44GiB(28.24%)  [34mtps: 132  [36mtflops: 6.36  [35mmfu: 0.64%[39m
[rank0]:[titan] 2026-03-17 12:06:48,104 - root - INFO - [31mstep: 332  [32mloss:  2.7500  [38;2;180;60;0mgrad_norm:  2.4301  [38;2;54;234;195mmemory: 22.44GiB(28.24%)  [34mtps: 134  [36mtflops: 6.48  [35mmfu: 0.66%[39m
[rank0]:[titan] 2026-03-17 12:07:03,498 - root - INFO - [31mstep: 333  [32mloss:  2.7812  [38;2;180;60;0mgrad_norm:  3.5407  [38;2;54;234;195mmemory: 22.44GiB(28.24%)  [34mtps: 133  [36mtflops: 6.42  [35mmfu: 0.65%[39m
[rank0]:[titan] 2026-03-17 12:07:18,747 - root - INFO - [31mstep: 334  [32mloss:  2.8125  [38;2;180;60;0mgrad_norm:  1.9232  [38;2;54;234;195mmemory: 22.44GiB(28.24%)  [34mtps: 134  [36mtflops: 6.48  [35mmfu: 0.66%[39m
[rank0]:[titan] 2026-03-17 12:07:34,099 - root - INFO - [31mstep: 335  [32mloss:  2.8438  [38;2;180;60;0mgrad_norm:  3.3190  [38;2;54;234;195mmemory: 22.44GiB(28.24%)  [34mtps: 133  [36mtflops: 6.44  [35mmfu: 0.65%[39m
[rank0]:[titan] 2026-03-17 12:07:49,134 - root - INFO - [31mstep: 336  [32mloss:  2.8906  [38;2;180;60;0mgrad_norm:  2.8945  [38;2;54;234;195mmemory: 22.44GiB(28.24%)  [34mtps: 136  [36mtflops: 6.57  [35mmfu: 0.66%[39m
[rank0]:[titan] 2026-03-17 12:08:04,459 - root - INFO - [31mstep: 337  [32mloss:  2.8281  [38;2;180;60;0mgrad_norm:  3.1514  [38;2;54;234;195mmemory: 22.44GiB(28.24%)  [34mtps: 134  [36mtflops: 6.45  [35mmfu: 0.65%[39m
[rank0]:[titan] 2026-03-17 12:08:19,809 - root - INFO - [31mstep: 338  [32mloss:  2.7969  [38;2;180;60;0mgrad_norm:  2.7188  [38;2;54;234;195mmemory: 22.44GiB(28.24%)  [34mtps: 133  [36mtflops: 6.44  [35mmfu: 0.65%[39m
[rank0]:[titan] 2026-03-17 12:08:35,134 - root - INFO - [31mstep: 339  [32mloss:  2.7812  [38;2;180;60;0mgrad_norm:  3.6925  [38;2;54;234;195mmemory: 22.44GiB(28.24%)  [34mtps: 134  [36mtflops: 6.45  [35mmfu: 0.65%[39m
[rank0]:[titan] 2026-03-17 12:08:50,149 - root - INFO - [31mstep: 340  [32mloss:  2.7969  [38;2;180;60;0mgrad_norm:  3.0806  [38;2;54;234;195mmemory: 22.44GiB(28.24%)  [34mtps: 136  [36mtflops: 6.58  [35mmfu: 0.67%[39m
[rank0]:[titan] 2026-03-17 12:09:05,400 - root - INFO - [31mstep: 341  [32mloss:  2.7812  [38;2;180;60;0mgrad_norm:  3.0711  [38;2;54;234;195mmemory: 22.44GiB(28.24%)  [34mtps: 134  [36mtflops: 6.48  [35mmfu: 0.66%[39m
[rank0]:[titan] 2026-03-17 12:09:19,845 - root - INFO - [31mstep: 342  [32mloss:  2.7812  [38;2;180;60;0mgrad_norm:  2.9851  [38;2;54;234;195mmemory: 22.44GiB(28.24%)  [34mtps: 142  [36mtflops: 6.84  [35mmfu: 0.69%[39m
[rank0]:[titan] 2026-03-17 12:09:35,386 - root - INFO - [31mstep: 343  [32mloss:  2.7656  [38;2;180;60;0mgrad_norm:  3.0429  [38;2;54;234;195mmemory: 22.44GiB(28.24%)  [34mtps: 132  [36mtflops: 6.36  [35mmfu: 0.64%[39m
[rank0]:[titan] 2026-03-17 12:09:51,098 - root - INFO - [31mstep: 344  [32mloss:  2.7812  [38;2;180;60;0mgrad_norm:  2.8118  [38;2;54;234;195mmemory: 22.44GiB(28.24%)  [34mtps: 130  [36mtflops: 6.29  [35mmfu: 0.64%[39m
[rank0]:[titan] 2026-03-17 12:10:06,495 - root - INFO - [31mstep: 345  [32mloss:  2.7656  [38;2;180;60;0mgrad_norm:  3.2223  [38;2;54;234;195mmemory: 22.44GiB(28.24%)  [34mtps: 133  [36mtflops: 6.42  [35mmfu: 0.65%[39m
[rank0]:[titan] 2026-03-17 12:10:21,769 - root - INFO - [31mstep: 346  [32mloss:  2.7500  [38;2;180;60;0mgrad_norm:  2.3648  [38;2;54;234;195mmemory: 22.44GiB(28.24%)  [34mtps: 134  [36mtflops: 6.47  [35mmfu: 0.65%[39m
[rank0]:[titan] 2026-03-17 12:10:37,033 - root - INFO - [31mstep: 347  [32mloss:  2.7344  [38;2;180;60;0mgrad_norm:  2.3145  [38;2;54;234;195mmemory: 22.44GiB(28.24%)  [34mtps: 134  [36mtflops: 6.47  [35mmfu: 0.65%[39m
[rank0]:[titan] 2026-03-17 12:10:52,385 - root - INFO - [31mstep: 348  [32mloss:  2.7656  [38;2;180;60;0mgrad_norm:  2.9040  [38;2;54;234;195mmemory: 22.44GiB(28.24%)  [34mtps: 133  [36mtflops: 6.44  [35mmfu: 0.65%[39m
[rank0]:[titan] 2026-03-17 12:11:07,409 - root - INFO - [31mstep: 349  [32mloss:  2.7812  [38;2;180;60;0mgrad_norm:  2.4935  [38;2;54;234;195mmemory: 22.44GiB(28.24%)  [34mtps: 136  [36mtflops: 6.58  [35mmfu: 0.67%[39m
[rank0]:[titan] 2026-03-17 12:11:22,429 - root - INFO - [31mstep: 350  [32mloss:  2.7656  [38;2;180;60;0mgrad_norm:  3.0310  [38;2;54;234;195mmemory: 22.44GiB(28.24%)  [34mtps: 136  [36mtflops: 6.58  [35mmfu: 0.67%[39m
[rank0]:[titan] 2026-03-17 12:11:37,427 - root - INFO - [31mstep: 351  [32mloss:  2.7656  [38;2;180;60;0mgrad_norm:  2.6211  [38;2;54;234;195mmemory: 22.44GiB(28.24%)  [34mtps: 137  [36mtflops: 6.59  [35mmfu: 0.67%[39m
[rank0]:[titan] 2026-03-17 12:11:52,430 - root - INFO - [31mstep: 352  [32mloss:  2.9062  [38;2;180;60;0mgrad_norm:  2.9195  [38;2;54;234;195mmemory: 22.44GiB(28.24%)  [34mtps: 137  [36mtflops: 6.59  [35mmfu: 0.67%[39m
[rank0]:[titan] 2026-03-17 12:12:07,939 - root - INFO - [31mstep: 353  [32mloss:  2.8125  [38;2;180;60;0mgrad_norm:  2.7330  [38;2;54;234;195mmemory: 22.44GiB(28.24%)  [34mtps: 132  [36mtflops: 6.37  [35mmfu: 0.64%[39m
[rank0]:[titan] 2026-03-17 12:12:22,933 - root - INFO - [31mstep: 354  [32mloss:  2.7969  [38;2;180;60;0mgrad_norm:  2.4085  [38;2;54;234;195mmemory: 22.44GiB(28.24%)  [34mtps: 137  [36mtflops: 6.59  [35mmfu: 0.67%[39m
[rank0]:[titan] 2026-03-17 12:12:37,886 - root - INFO - [31mstep: 355  [32mloss:  2.8125  [38;2;180;60;0mgrad_norm:  2.5728  [38;2;54;234;195mmemory: 22.44GiB(28.24%)  [34mtps: 137  [36mtflops: 6.61  [35mmfu: 0.67%[39m
[rank0]:[titan] 2026-03-17 12:12:52,871 - root - INFO - [31mstep: 356  [32mloss:  2.8906  [38;2;180;60;0mgrad_norm:  3.1237  [38;2;54;234;195mmemory: 22.44GiB(28.24%)  [34mtps: 137  [36mtflops: 6.59  [35mmfu: 0.67%[39m
[rank0]:[titan] 2026-03-17 12:13:08,044 - root - INFO - [31mstep: 357  [32mloss:  2.8750  [38;2;180;60;0mgrad_norm:  2.4811  [38;2;54;234;195mmemory: 22.44GiB(28.24%)  [34mtps: 135  [36mtflops: 6.51  [35mmfu: 0.66%[39m
[rank0]:[titan] 2026-03-17 12:13:23,223 - root - INFO - [31mstep: 358  [32mloss:  2.9219  [38;2;180;60;0mgrad_norm:  2.9810  [38;2;54;234;195mmemory: 22.44GiB(28.24%)  [34mtps: 135  [36mtflops: 6.51  [35mmfu: 0.66%[39m
[rank0]:[titan] 2026-03-17 12:13:38,582 - root - INFO - [31mstep: 359  [32mloss:  2.8906  [38;2;180;60;0mgrad_norm:  2.5899  [38;2;54;234;195mmemory: 22.44GiB(28.24%)  [34mtps: 133  [36mtflops: 6.43  [35mmfu: 0.65%[39m
[rank0]:[titan] 2026-03-17 12:13:53,662 - root - INFO - [31mstep: 360  [32mloss:  2.8906  [38;2;180;60;0mgrad_norm:  4.0830  [38;2;54;234;195mmemory: 22.44GiB(28.24%)  [34mtps: 136  [36mtflops: 6.55  [35mmfu: 0.66%[39m
[rank0]:[titan] 2026-03-17 12:14:08,729 - root - INFO - [31mstep: 361  [32mloss:  2.9062  [38;2;180;60;0mgrad_norm:  4.4085  [38;2;54;234;195mmemory: 22.44GiB(28.24%)  [34mtps: 136  [36mtflops: 6.56  [35mmfu: 0.66%[39m
[rank0]:[titan] 2026-03-17 12:14:23,896 - root - INFO - [31mstep: 362  [32mloss:  2.7812  [38;2;180;60;0mgrad_norm:  4.0912  [38;2;54;234;195mmemory: 22.44GiB(28.24%)  [34mtps: 135  [36mtflops: 6.52  [35mmfu: 0.66%[39m
[rank0]:[titan] 2026-03-17 12:14:39,003 - root - INFO - [31mstep: 363  [32mloss:  2.8125  [38;2;180;60;0mgrad_norm:  2.7244  [38;2;54;234;195mmemory: 22.44GiB(28.24%)  [34mtps: 136  [36mtflops: 6.54  [35mmfu: 0.66%[39m
[rank0]:[titan] 2026-03-17 12:14:54,085 - root - INFO - [31mstep: 364  [32mloss:  2.8125  [38;2;180;60;0mgrad_norm:  3.6599  [38;2;54;234;195mmemory: 22.44GiB(28.24%)  [34mtps: 136  [36mtflops: 6.55  [35mmfu: 0.66%[39m
[rank0]:[titan] 2026-03-17 12:15:09,372 - root - INFO - [31mstep: 365  [32mloss:  2.8125  [38;2;180;60;0mgrad_norm:  3.3150  [38;2;54;234;195mmemory: 22.44GiB(28.24%)  [34mtps: 134  [36mtflops: 6.46  [35mmfu: 0.65%[39m
[rank0]:[titan] 2026-03-17 12:15:24,674 - root - INFO - [31mstep: 366  [32mloss:  2.9531  [38;2;180;60;0mgrad_norm:  4.0884  [38;2;54;234;195mmemory: 22.44GiB(28.24%)  [34mtps: 134  [36mtflops: 6.46  [35mmfu: 0.65%[39m
[rank0]:[titan] 2026-03-17 12:15:39,666 - root - INFO - [31mstep: 367  [32mloss:  2.8594  [38;2;180;60;0mgrad_norm:  2.4408  [38;2;54;234;195mmemory: 22.44GiB(28.24%)  [34mtps: 137  [36mtflops: 6.59  [35mmfu: 0.67%[39m
[rank0]:[titan] 2026-03-17 12:15:54,898 - root - INFO - [31mstep: 368  [32mloss:  2.8594  [38;2;180;60;0mgrad_norm:  3.4463  [38;2;54;234;195mmemory: 22.44GiB(28.24%)  [34mtps: 134  [36mtflops: 6.49  [35mmfu: 0.66%[39m
[rank0]:[titan] 2026-03-17 12:16:10,168 - root - INFO - [31mstep: 369  [32mloss:  2.7500  [38;2;180;60;0mgrad_norm:  2.8778  [38;2;54;234;195mmemory: 22.44GiB(28.24%)  [34mtps: 134  [36mtflops: 6.47  [35mmfu: 0.65%[39m
[rank0]:[titan] 2026-03-17 12:16:25,400 - root - INFO - [31mstep: 370  [32mloss:  2.7500  [38;2;180;60;0mgrad_norm:  3.7053  [38;2;54;234;195mmemory: 22.44GiB(28.24%)  [34mtps: 134  [36mtflops: 6.49  [35mmfu: 0.66%[39m
[rank0]:[titan] 2026-03-17 12:16:40,681 - root - INFO - [31mstep: 371  [32mloss:  2.7656  [38;2;180;60;0mgrad_norm:  2.6684  [38;2;54;234;195mmemory: 22.44GiB(28.24%)  [34mtps: 134  [36mtflops: 6.47  [35mmfu: 0.65%[39m
[rank0]:[titan] 2026-03-17 12:16:56,050 - root - INFO - [31mstep: 372  [32mloss:  2.7656  [38;2;180;60;0mgrad_norm:  3.7680  [38;2;54;234;195mmemory: 22.44GiB(28.24%)  [34mtps: 133  [36mtflops: 6.43  [35mmfu: 0.65%[39m
[rank0]:[titan] 2026-03-17 12:17:11,204 - root - INFO - [31mstep: 373  [32mloss:  2.8281  [38;2;180;60;0mgrad_norm:  3.5399  [38;2;54;234;195mmemory: 22.44GiB(28.24%)  [34mtps: 135  [36mtflops: 6.52  [35mmfu: 0.66%[39m
[rank0]:[titan] 2026-03-17 12:17:26,533 - root - INFO - [31mstep: 374  [32mloss:  2.8125  [38;2;180;60;0mgrad_norm:  2.7565  [38;2;54;234;195mmemory: 22.44GiB(28.24%)  [34mtps: 134  [36mtflops: 6.45  [35mmfu: 0.65%[39m
[rank0]:[titan] 2026-03-17 12:17:41,736 - root - INFO - [31mstep: 375  [32mloss:  2.8438  [38;2;180;60;0mgrad_norm:  3.7454  [38;2;54;234;195mmemory: 22.44GiB(28.24%)  [34mtps: 135  [36mtflops: 6.50  [35mmfu: 0.66%[39m
[rank0]:[titan] 2026-03-17 12:17:56,885 - root - INFO - [31mstep: 376  [32mloss:  2.9219  [38;2;180;60;0mgrad_norm:  3.3506  [38;2;54;234;195mmemory: 22.44GiB(28.24%)  [34mtps: 135  [36mtflops: 6.52  [35mmfu: 0.66%[39m
[rank0]:[titan] 2026-03-17 12:18:12,292 - root - INFO - [31mstep: 377  [32mloss:  2.8438  [38;2;180;60;0mgrad_norm:  2.9237  [38;2;54;234;195mmemory: 22.44GiB(28.24%)  [34mtps: 133  [36mtflops: 6.41  [35mmfu: 0.65%[39m
[rank0]:[titan] 2026-03-17 12:18:27,198 - root - INFO - [31mstep: 378  [32mloss:  2.8281  [38;2;180;60;0mgrad_norm:  3.4080  [38;2;54;234;195mmemory: 22.44GiB(28.24%)  [34mtps: 137  [36mtflops: 6.63  [35mmfu: 0.67%[39m
[rank0]:[titan] 2026-03-17 12:18:42,174 - root - INFO - [31mstep: 379  [32mloss:  2.8125  [38;2;180;60;0mgrad_norm:  2.9038  [38;2;54;234;195mmemory: 22.44GiB(28.24%)  [34mtps: 137  [36mtflops: 6.60  [35mmfu: 0.67%[39m
[rank0]:[titan] 2026-03-17 12:18:57,150 - root - INFO - [31mstep: 380  [32mloss:  2.7812  [38;2;180;60;0mgrad_norm:  3.5474  [38;2;54;234;195mmemory: 22.44GiB(28.24%)  [34mtps: 137  [36mtflops: 6.60  [35mmfu: 0.67%[39m
[rank0]:[titan] 2026-03-17 12:19:11,948 - root - INFO - [31mstep: 381  [32mloss:  2.8125  [38;2;180;60;0mgrad_norm:  3.1829  [38;2;54;234;195mmemory: 22.44GiB(28.24%)  [34mtps: 138  [36mtflops: 6.68  [35mmfu: 0.68%[39m
[rank0]:[titan] 2026-03-17 12:19:27,439 - root - INFO - [31mstep: 382  [32mloss:  2.8281  [38;2;180;60;0mgrad_norm:  2.7681  [38;2;54;234;195mmemory: 22.44GiB(28.24%)  [34mtps: 132  [36mtflops: 6.38  [35mmfu: 0.64%[39m
[rank0]:[titan] 2026-03-17 12:19:42,602 - root - INFO - [31mstep: 383  [32mloss:  2.7500  [38;2;180;60;0mgrad_norm:  3.4728  [38;2;54;234;195mmemory: 22.44GiB(28.24%)  [34mtps: 135  [36mtflops: 6.52  [35mmfu: 0.66%[39m
[rank0]:[titan] 2026-03-17 12:19:57,754 - root - INFO - [31mstep: 384  [32mloss:  2.7969  [38;2;180;60;0mgrad_norm:  2.2698  [38;2;54;234;195mmemory: 22.44GiB(28.24%)  [34mtps: 135  [36mtflops: 6.52  [35mmfu: 0.66%[39m
[rank0]:[titan] 2026-03-17 12:20:13,215 - root - INFO - [31mstep: 385  [32mloss:  2.8438  [38;2;180;60;0mgrad_norm:  2.4559  [38;2;54;234;195mmemory: 22.44GiB(28.24%)  [34mtps: 132  [36mtflops: 6.39  [35mmfu: 0.65%[39m
[rank0]:[titan] 2026-03-17 12:20:28,397 - root - INFO - [31mstep: 386  [32mloss:  2.8281  [38;2;180;60;0mgrad_norm:  2.4478  [38;2;54;234;195mmemory: 22.44GiB(28.24%)  [34mtps: 135  [36mtflops: 6.51  [35mmfu: 0.66%[39m
[rank0]:[titan] 2026-03-17 12:20:43,380 - root - INFO - [31mstep: 387  [32mloss:  2.8438  [38;2;180;60;0mgrad_norm:  2.2959  [38;2;54;234;195mmemory: 22.44GiB(28.24%)  [34mtps: 137  [36mtflops: 6.60  [35mmfu: 0.67%[39m
[rank0]:[titan] 2026-03-17 12:20:58,534 - root - INFO - [31mstep: 388  [32mloss:  2.8594  [38;2;180;60;0mgrad_norm:  2.8169  [38;2;54;234;195mmemory: 22.44GiB(28.24%)  [34mtps: 135  [36mtflops: 6.52  [35mmfu: 0.66%[39m
[rank0]:[titan] 2026-03-17 12:21:13,899 - root - INFO - [31mstep: 389  [32mloss:  2.8594  [38;2;180;60;0mgrad_norm:  2.7137  [38;2;54;234;195mmemory: 22.44GiB(28.24%)  [34mtps: 133  [36mtflops: 6.43  [35mmfu: 0.65%[39m
[rank0]:[titan] 2026-03-17 12:21:29,146 - root - INFO - [31mstep: 390  [32mloss:  2.8125  [38;2;180;60;0mgrad_norm:  2.9759  [38;2;54;234;195mmemory: 22.44GiB(28.24%)  [34mtps: 134  [36mtflops: 6.48  [35mmfu: 0.66%[39m
[rank0]:[titan] 2026-03-17 12:21:44,414 - root - INFO - [31mstep: 391  [32mloss:  2.7812  [38;2;180;60;0mgrad_norm:  2.7395  [38;2;54;234;195mmemory: 22.44GiB(28.24%)  [34mtps: 134  [36mtflops: 6.47  [35mmfu: 0.65%[39m
[rank0]:[titan] 2026-03-17 12:21:59,634 - root - INFO - [31mstep: 392  [32mloss:  2.7656  [38;2;180;60;0mgrad_norm:  2.7142  [38;2;54;234;195mmemory: 22.44GiB(28.24%)  [34mtps: 135  [36mtflops: 6.49  [35mmfu: 0.66%[39m
[rank0]:[titan] 2026-03-17 12:22:14,834 - root - INFO - [31mstep: 393  [32mloss:  2.8125  [38;2;180;60;0mgrad_norm:  2.5213  [38;2;54;234;195mmemory: 22.44GiB(28.24%)  [34mtps: 135  [36mtflops: 6.50  [35mmfu: 0.66%[39m
[rank0]:[titan] 2026-03-17 12:22:30,404 - root - INFO - [31mstep: 394  [32mloss:  2.8438  [38;2;180;60;0mgrad_norm:  3.3349  [38;2;54;234;195mmemory: 22.44GiB(28.24%)  [34mtps: 132  [36mtflops: 6.35  [35mmfu: 0.64%[39m
[rank0]:[titan] 2026-03-17 12:22:45,719 - root - INFO - [31mstep: 395  [32mloss:  2.8594  [38;2;180;60;0mgrad_norm:  3.0608  [38;2;54;234;195mmemory: 22.44GiB(28.24%)  [34mtps: 134  [36mtflops: 6.45  [35mmfu: 0.65%[39m
[rank0]:[titan] 2026-03-17 12:23:00,687 - root - INFO - [31mstep: 396  [32mloss:  2.7344  [38;2;180;60;0mgrad_norm:  2.4887  [38;2;54;234;195mmemory: 22.44GiB(28.24%)  [34mtps: 137  [36mtflops: 6.60  [35mmfu: 0.67%[39m
[rank0]:[titan] 2026-03-17 12:23:15,610 - root - INFO - [31mstep: 397  [32mloss:  2.8438  [38;2;180;60;0mgrad_norm:  3.3408  [38;2;54;234;195mmemory: 22.44GiB(28.24%)  [34mtps: 137  [36mtflops: 6.62  [35mmfu: 0.67%[39m
[rank0]:[titan] 2026-03-17 12:23:30,625 - root - INFO - [31mstep: 398  [32mloss:  2.7500  [38;2;180;60;0mgrad_norm:  2.6371  [38;2;54;234;195mmemory: 22.44GiB(28.24%)  [34mtps: 136  [36mtflops: 6.58  [35mmfu: 0.67%[39m
[rank0]:[titan] 2026-03-17 12:23:45,854 - root - INFO - [31mstep: 399  [32mloss:  2.7812  [38;2;180;60;0mgrad_norm:  2.9949  [38;2;54;234;195mmemory: 22.44GiB(28.24%)  [34mtps: 134  [36mtflops: 6.49  [35mmfu: 0.66%[39m
[rank0]:[titan] 2026-03-17 12:24:01,006 - root - INFO - [31mstep: 400  [32mloss:  2.7656  [38;2;180;60;0mgrad_norm:  2.8069  [38;2;54;234;195mmemory: 22.44GiB(28.24%)  [34mtps: 135  [36mtflops: 6.52  [35mmfu: 0.66%[39m
[rank0]:[titan] 2026-03-17 12:24:16,281 - root - INFO - [31mstep: 401  [32mloss:  2.7812  [38;2;180;60;0mgrad_norm:  2.7656  [38;2;54;234;195mmemory: 22.44GiB(28.24%)  [34mtps: 134  [36mtflops: 6.47  [35mmfu: 0.65%[39m
[rank0]:[titan] 2026-03-17 12:24:31,027 - root - INFO - [31mstep: 402  [32mloss:  2.8281  [38;2;180;60;0mgrad_norm:  2.8412  [38;2;54;234;195mmemory: 22.44GiB(28.24%)  [34mtps: 139  [36mtflops: 6.70  [35mmfu: 0.68%[39m
[rank0]:[titan] 2026-03-17 12:24:46,098 - root - INFO - [31mstep: 403  [32mloss:  2.7969  [38;2;180;60;0mgrad_norm:  2.9992  [38;2;54;234;195mmemory: 22.44GiB(28.24%)  [34mtps: 136  [36mtflops: 6.56  [35mmfu: 0.66%[39m
[rank0]:[titan] 2026-03-17 12:25:01,000 - root - INFO - [31mstep: 404  [32mloss:  2.8125  [38;2;180;60;0mgrad_norm:  2.7902  [38;2;54;234;195mmemory: 22.44GiB(28.24%)  [34mtps: 137  [36mtflops: 6.63  [35mmfu: 0.67%[39m
[rank0]:[titan] 2026-03-17 12:25:16,147 - root - INFO - [31mstep: 405  [32mloss:  2.8281  [38;2;180;60;0mgrad_norm:  2.7535  [38;2;54;234;195mmemory: 22.44GiB(28.24%)  [34mtps: 135  [36mtflops: 6.52  [35mmfu: 0.66%[39m
[rank0]:[titan] 2026-03-17 12:25:31,318 - root - INFO - [31mstep: 406  [32mloss:  2.7969  [38;2;180;60;0mgrad_norm:  2.5289  [38;2;54;234;195mmemory: 22.44GiB(28.24%)  [34mtps: 135  [36mtflops: 6.51  [35mmfu: 0.66%[39m
[rank0]:[titan] 2026-03-17 12:25:46,164 - root - INFO - [31mstep: 407  [32mloss:  2.8281  [38;2;180;60;0mgrad_norm:  2.5301  [38;2;54;234;195mmemory: 22.44GiB(28.24%)  [34mtps: 138  [36mtflops: 6.66  [35mmfu: 0.67%[39m
[rank0]:[titan] 2026-03-17 12:26:02,004 - root - INFO - [31mstep: 408  [32mloss:  2.7812  [38;2;180;60;0mgrad_norm:  2.9040  [38;2;54;234;195mmemory: 22.44GiB(28.24%)  [34mtps: 129  [36mtflops: 6.24  [35mmfu: 0.63%[39m
[rank0]:[titan] 2026-03-17 12:26:17,508 - root - INFO - [31mstep: 409  [32mloss:  2.7812  [38;2;180;60;0mgrad_norm:  2.9220  [38;2;54;234;195mmemory: 22.44GiB(28.24%)  [34mtps: 132  [36mtflops: 6.37  [35mmfu: 0.64%[39m
[rank0]:[titan] 2026-03-17 12:26:32,556 - root - INFO - [31mstep: 410  [32mloss:  2.7812  [38;2;180;60;0mgrad_norm:  3.3483  [38;2;54;234;195mmemory: 22.44GiB(28.24%)  [34mtps: 136  [36mtflops: 6.57  [35mmfu: 0.66%[39m
[rank0]:[titan] 2026-03-17 12:26:47,735 - root - INFO - [31mstep: 411  [32mloss:  2.7656  [38;2;180;60;0mgrad_norm:  3.9490  [38;2;54;234;195mmemory: 22.44GiB(28.24%)  [34mtps: 135  [36mtflops: 6.51  [35mmfu: 0.66%[39m
[rank0]:[titan] 2026-03-17 12:27:02,972 - root - INFO - [31mstep: 412  [32mloss:  2.7656  [38;2;180;60;0mgrad_norm:  2.4372  [38;2;54;234;195mmemory: 22.44GiB(28.24%)  [34mtps: 134  [36mtflops: 6.49  [35mmfu: 0.66%[39m
[rank0]:[titan] 2026-03-17 12:27:17,890 - root - INFO - [31mstep: 413  [32mloss:  2.7500  [38;2;180;60;0mgrad_norm:  2.9754  [38;2;54;234;195mmemory: 22.44GiB(28.24%)  [34mtps: 137  [36mtflops: 6.62  [35mmfu: 0.67%[39m
[rank0]:[titan] 2026-03-17 12:27:32,869 - root - INFO - [31mstep: 414  [32mloss:  2.7969  [38;2;180;60;0mgrad_norm:  3.2063  [38;2;54;234;195mmemory: 22.44GiB(28.24%)  [34mtps: 137  [36mtflops: 6.60  [35mmfu: 0.67%[39m
[rank0]:[titan] 2026-03-17 12:27:47,730 - root - INFO - [31mstep: 415  [32mloss:  2.7812  [38;2;180;60;0mgrad_norm:  3.6559  [38;2;54;234;195mmemory: 22.44GiB(28.24%)  [34mtps: 138  [36mtflops: 6.65  [35mmfu: 0.67%[39m
[rank0]:[titan] 2026-03-17 12:28:02,645 - root - INFO - [31mstep: 416  [32mloss:  2.7969  [38;2;180;60;0mgrad_norm:  3.0163  [38;2;54;234;195mmemory: 22.44GiB(28.24%)  [34mtps: 137  [36mtflops: 6.63  [35mmfu: 0.67%[39m
[rank0]:[titan] 2026-03-17 12:28:17,909 - root - INFO - [31mstep: 417  [32mloss:  2.7969  [38;2;180;60;0mgrad_norm:  3.1824  [38;2;54;234;195mmemory: 22.44GiB(28.24%)  [34mtps: 134  [36mtflops: 6.47  [35mmfu: 0.65%[39m
[rank0]:[titan] 2026-03-17 12:28:33,130 - root - INFO - [31mstep: 418  [32mloss:  2.8281  [38;2;180;60;0mgrad_norm:  2.6481  [38;2;54;234;195mmemory: 22.44GiB(28.24%)  [34mtps: 135  [36mtflops: 6.49  [35mmfu: 0.66%[39m
[rank0]:[titan] 2026-03-17 12:28:48,080 - root - INFO - [31mstep: 419  [32mloss:  2.7500  [38;2;180;60;0mgrad_norm:  3.1695  [38;2;54;234;195mmemory: 22.44GiB(28.24%)  [34mtps: 137  [36mtflops: 6.61  [35mmfu: 0.67%[39m
[rank0]:[titan] 2026-03-17 12:29:03,040 - root - INFO - [31mstep: 420  [32mloss:  2.7500  [38;2;180;60;0mgrad_norm:  3.1275  [38;2;54;234;195mmemory: 22.44GiB(28.24%)  [34mtps: 137  [36mtflops: 6.61  [35mmfu: 0.67%[39m
[rank0]:[titan] 2026-03-17 12:29:17,976 - root - INFO - [31mstep: 421  [32mloss:  2.7969  [38;2;180;60;0mgrad_norm:  2.9280  [38;2;54;234;195mmemory: 22.44GiB(28.24%)  [34mtps: 137  [36mtflops: 6.62  [35mmfu: 0.67%[39m
[rank0]:[titan] 2026-03-17 12:29:32,921 - root - INFO - [31mstep: 422  [32mloss:  2.7812  [38;2;180;60;0mgrad_norm:  3.5297  [38;2;54;234;195mmemory: 22.44GiB(28.24%)  [34mtps: 137  [36mtflops: 6.61  [35mmfu: 0.67%[39m
[rank0]:[titan] 2026-03-17 12:29:32,923 - root - WARNING - Dataset c4_test is being re-looped
[rank0]:[titan] 2026-03-17 12:29:47,434 - root - INFO - [31mstep: 423  [32mloss:  2.7500  [38;2;180;60;0mgrad_norm:  2.4414  [38;2;54;234;195mmemory: 22.44GiB(28.24%)  [34mtps: 141  [36mtflops: 6.81  [35mmfu: 0.69%[39m
[rank0]:[titan] 2026-03-17 12:30:02,909 - root - INFO - [31mstep: 424  [32mloss:  2.7656  [38;2;180;60;0mgrad_norm:  3.2584  [38;2;54;234;195mmemory: 22.44GiB(28.24%)  [34mtps: 132  [36mtflops: 6.39  [35mmfu: 0.65%[39m
[rank0]:[titan] 2026-03-17 12:30:18,266 - root - INFO - [31mstep: 425  [32mloss:  2.8281  [38;2;180;60;0mgrad_norm:  2.3479  [38;2;54;234;195mmemory: 22.44GiB(28.24%)  [34mtps: 133  [36mtflops: 6.43  [35mmfu: 0.65%[39m
[rank0]:[titan] 2026-03-17 12:30:33,693 - root - INFO - [31mstep: 426  [32mloss:  2.8594  [38;2;180;60;0mgrad_norm:  2.2381  [38;2;54;234;195mmemory: 22.44GiB(28.24%)  [34mtps: 133  [36mtflops: 6.41  [35mmfu: 0.65%[39m
[rank0]:[titan] 2026-03-17 12:30:48,537 - root - INFO - [31mstep: 427  [32mloss:  2.8438  [38;2;180;60;0mgrad_norm:  2.4950  [38;2;54;234;195mmemory: 22.44GiB(28.24%)  [34mtps: 138  [36mtflops: 6.66  [35mmfu: 0.67%[39m
[rank0]:[titan] 2026-03-17 12:31:03,642 - root - INFO - [31mstep: 428  [32mloss:  2.8438  [38;2;180;60;0mgrad_norm:  2.4221  [38;2;54;234;195mmemory: 22.44GiB(28.24%)  [34mtps: 136  [36mtflops: 6.54  [35mmfu: 0.66%[39m
[rank0]:[titan] 2026-03-17 12:31:18,747 - root - INFO - [31mstep: 429  [32mloss:  2.7812  [38;2;180;60;0mgrad_norm:  2.2983  [38;2;54;234;195mmemory: 22.44GiB(28.24%)  [34mtps: 136  [36mtflops: 6.54  [35mmfu: 0.66%[39m
[rank0]:[titan] 2026-03-17 12:31:33,818 - root - INFO - [31mstep: 430  [32mloss:  2.7656  [38;2;180;60;0mgrad_norm:  2.5743  [38;2;54;234;195mmemory: 22.44GiB(28.24%)  [34mtps: 136  [36mtflops: 6.56  [35mmfu: 0.66%[39m
[rank0]:[titan] 2026-03-17 12:31:48,985 - root - INFO - [31mstep: 431  [32mloss:  2.7812  [38;2;180;60;0mgrad_norm:  2.4959  [38;2;54;234;195mmemory: 22.44GiB(28.24%)  [34mtps: 135  [36mtflops: 6.52  [35mmfu: 0.66%[39m
[rank0]:[titan] 2026-03-17 12:32:03,936 - root - INFO - [31mstep: 432  [32mloss:  2.7500  [38;2;180;60;0mgrad_norm:  1.9238  [38;2;54;234;195mmemory: 22.44GiB(28.24%)  [34mtps: 137  [36mtflops: 6.61  [35mmfu: 0.67%[39m
[rank0]:[titan] 2026-03-17 12:32:19,262 - root - INFO - [31mstep: 433  [32mloss:  2.7344  [38;2;180;60;0mgrad_norm:  2.7088  [38;2;54;234;195mmemory: 22.44GiB(28.24%)  [34mtps: 134  [36mtflops: 6.45  [35mmfu: 0.65%[39m
[rank0]:[titan] 2026-03-17 12:32:34,533 - root - INFO - [31mstep: 434  [32mloss:  2.7344  [38;2;180;60;0mgrad_norm:  2.3988  [38;2;54;234;195mmemory: 22.44GiB(28.24%)  [34mtps: 134  [36mtflops: 6.47  [35mmfu: 0.65%[39m
[rank0]:[titan] 2026-03-17 12:32:49,801 - root - INFO - [31mstep: 435  [32mloss:  2.8125  [38;2;180;60;0mgrad_norm:  2.6554  [38;2;54;234;195mmemory: 22.44GiB(28.24%)  [34mtps: 134  [36mtflops: 6.47  [35mmfu: 0.65%[39m
[rank0]:[titan] 2026-03-17 12:33:04,810 - root - INFO - [31mstep: 436  [32mloss:  2.8750  [38;2;180;60;0mgrad_norm:  2.1995  [38;2;54;234;195mmemory: 22.44GiB(28.24%)  [34mtps: 136  [36mtflops: 6.58  [35mmfu: 0.67%[39m
[rank0]:[titan] 2026-03-17 12:33:19,855 - root - INFO - [31mstep: 437  [32mloss:  2.8125  [38;2;180;60;0mgrad_norm:  3.1828  [38;2;54;234;195mmemory: 22.44GiB(28.24%)  [34mtps: 136  [36mtflops: 6.57  [35mmfu: 0.66%[39m
[rank0]:[titan] 2026-03-17 12:33:35,197 - root - INFO - [31mstep: 438  [32mloss:  2.8125  [38;2;180;60;0mgrad_norm:  3.3753  [38;2;54;234;195mmemory: 22.44GiB(28.24%)  [34mtps: 133  [36mtflops: 6.44  [35mmfu: 0.65%[39m
[rank0]:[titan] 2026-03-17 12:33:50,566 - root - INFO - [31mstep: 439  [32mloss:  2.7812  [38;2;180;60;0mgrad_norm:  2.4135  [38;2;54;234;195mmemory: 22.44GiB(28.24%)  [34mtps: 133  [36mtflops: 6.43  [35mmfu: 0.65%[39m
[rank0]:[titan] 2026-03-17 12:34:05,991 - root - INFO - [31mstep: 440  [32mloss:  2.7500  [38;2;180;60;0mgrad_norm:  2.5105  [38;2;54;234;195mmemory: 22.44GiB(28.24%)  [34mtps: 133  [36mtflops: 6.41  [35mmfu: 0.65%[39m
[rank0]:[titan] 2026-03-17 12:34:21,161 - root - INFO - [31mstep: 441  [32mloss:  2.7969  [38;2;180;60;0mgrad_norm:  2.4879  [38;2;54;234;195mmemory: 22.44GiB(28.24%)  [34mtps: 135  [36mtflops: 6.51  [35mmfu: 0.66%[39m
[rank0]:[titan] 2026-03-17 12:34:36,253 - root - INFO - [31mstep: 442  [32mloss:  2.7812  [38;2;180;60;0mgrad_norm:  2.5047  [38;2;54;234;195mmemory: 22.44GiB(28.24%)  [34mtps: 136  [36mtflops: 6.55  [35mmfu: 0.66%[39m
[rank0]:[titan] 2026-03-17 12:34:51,289 - root - INFO - [31mstep: 443  [32mloss:  2.7500  [38;2;180;60;0mgrad_norm:  2.6669  [38;2;54;234;195mmemory: 22.44GiB(28.24%)  [34mtps: 136  [36mtflops: 6.57  [35mmfu: 0.66%[39m
[rank0]:[titan] 2026-03-17 12:35:06,662 - root - INFO - [31mstep: 444  [32mloss:  2.7188  [38;2;180;60;0mgrad_norm:  2.6096  [38;2;54;234;195mmemory: 22.44GiB(28.24%)  [34mtps: 133  [36mtflops: 6.43  [35mmfu: 0.65%[39m
[rank0]:[titan] 2026-03-17 12:35:22,037 - root - INFO - [31mstep: 445  [32mloss:  2.7812  [38;2;180;60;0mgrad_norm:  3.0590  [38;2;54;234;195mmemory: 22.44GiB(28.24%)  [34mtps: 133  [36mtflops: 6.43  [35mmfu: 0.65%[39m
[rank0]:[titan] 2026-03-17 12:35:37,285 - root - INFO - [31mstep: 446  [32mloss:  2.7344  [38;2;180;60;0mgrad_norm:  2.7559  [38;2;54;234;195mmemory: 22.44GiB(28.24%)  [34mtps: 134  [36mtflops: 6.48  [35mmfu: 0.66%[39m
[rank0]:[titan] 2026-03-17 12:35:52,576 - root - INFO - [31mstep: 447  [32mloss:  2.8125  [38;2;180;60;0mgrad_norm:  2.7943  [38;2;54;234;195mmemory: 22.44GiB(28.24%)  [34mtps: 134  [36mtflops: 6.46  [35mmfu: 0.65%[39m
[rank0]:[titan] 2026-03-17 12:36:07,315 - root - INFO - [31mstep: 448  [32mloss:  2.7812  [38;2;180;60;0mgrad_norm:  2.6361  [38;2;54;234;195mmemory: 22.44GiB(28.24%)  [34mtps: 139  [36mtflops: 6.70  [35mmfu: 0.68%[39m
[rank0]:[titan] 2026-03-17 12:36:22,984 - root - INFO - [31mstep: 449  [32mloss:  2.7969  [38;2;180;60;0mgrad_norm:  2.4278  [38;2;54;234;195mmemory: 22.44GiB(28.24%)  [34mtps: 131  [36mtflops: 6.31  [35mmfu: 0.64%[39m
[rank0]:[titan] 2026-03-17 12:36:38,523 - root - INFO - [31mstep: 450  [32mloss:  2.7188  [38;2;180;60;0mgrad_norm:  2.4379  [38;2;54;234;195mmemory: 22.44GiB(28.24%)  [34mtps: 132  [36mtflops: 6.36  [35mmfu: 0.64%[39m
[rank0]:[titan] 2026-03-17 12:36:53,399 - root - INFO - [31mstep: 451  [32mloss:  2.7031  [38;2;180;60;0mgrad_norm:  2.5649  [38;2;54;234;195mmemory: 22.44GiB(28.24%)  [34mtps: 138  [36mtflops: 6.64  [35mmfu: 0.67%[39m
[rank0]:[titan] 2026-03-17 12:37:08,360 - root - INFO - [31mstep: 452  [32mloss:  2.7344  [38;2;180;60;0mgrad_norm:  2.6237  [38;2;54;234;195mmemory: 22.44GiB(28.24%)  [34mtps: 137  [36mtflops: 6.61  [35mmfu: 0.67%[39m
[rank0]:[titan] 2026-03-17 12:37:23,754 - root - INFO - [31mstep: 453  [32mloss:  2.7812  [38;2;180;60;0mgrad_norm:  2.6949  [38;2;54;234;195mmemory: 22.44GiB(28.24%)  [34mtps: 133  [36mtflops: 6.42  [35mmfu: 0.65%[39m
[rank0]:[titan] 2026-03-17 12:37:39,281 - root - INFO - [31mstep: 454  [32mloss:  2.8125  [38;2;180;60;0mgrad_norm:  2.3050  [38;2;54;234;195mmemory: 22.44GiB(28.24%)  [34mtps: 132  [36mtflops: 6.36  [35mmfu: 0.64%[39m
[rank0]:[titan] 2026-03-17 12:37:54,668 - root - INFO - [31mstep: 455  [32mloss:  2.7812  [38;2;180;60;0mgrad_norm:  3.0990  [38;2;54;234;195mmemory: 22.44GiB(28.24%)  [34mtps: 133  [36mtflops: 6.42  [35mmfu: 0.65%[39m
[rank0]:[titan] 2026-03-17 12:38:09,857 - root - INFO - [31mstep: 456  [32mloss:  2.7656  [38;2;180;60;0mgrad_norm:  3.2413  [38;2;54;234;195mmemory: 22.44GiB(28.24%)  [34mtps: 135  [36mtflops: 6.51  [35mmfu: 0.66%[39m
[rank0]:[titan] 2026-03-17 12:38:25,027 - root - INFO - [31mstep: 457  [32mloss:  2.8125  [38;2;180;60;0mgrad_norm:  2.9240  [38;2;54;234;195mmemory: 22.44GiB(28.24%)  [34mtps: 135  [36mtflops: 6.51  [35mmfu: 0.66%[39m
[rank0]:[titan] 2026-03-17 12:38:40,383 - root - INFO - [31mstep: 458  [32mloss:  2.7812  [38;2;180;60;0mgrad_norm:  2.6401  [38;2;54;234;195mmemory: 22.44GiB(28.24%)  [34mtps: 133  [36mtflops: 6.44  [35mmfu: 0.65%[39m
[rank0]:[titan] 2026-03-17 12:38:55,294 - root - INFO - [31mstep: 459  [32mloss:  2.8438  [38;2;180;60;0mgrad_norm:  2.5285  [38;2;54;234;195mmemory: 22.44GiB(28.24%)  [34mtps: 137  [36mtflops: 6.63  [35mmfu: 0.67%[39m
[rank0]:[titan] 2026-03-17 12:39:10,313 - root - INFO - [31mstep: 460  [32mloss:  2.7969  [38;2;180;60;0mgrad_norm:  2.5089  [38;2;54;234;195mmemory: 22.44GiB(28.24%)  [34mtps: 136  [36mtflops: 6.58  [35mmfu: 0.67%[39m
[rank0]:[titan] 2026-03-17 12:39:25,708 - root - INFO - [31mstep: 461  [32mloss:  2.8438  [38;2;180;60;0mgrad_norm:  2.5336  [38;2;54;234;195mmemory: 22.44GiB(28.24%)  [34mtps: 133  [36mtflops: 6.42  [35mmfu: 0.65%[39m
[rank0]:[titan] 2026-03-17 12:39:40,998 - root - INFO - [31mstep: 462  [32mloss:  2.7969  [38;2;180;60;0mgrad_norm:  2.6665  [38;2;54;234;195mmemory: 22.44GiB(28.24%)  [34mtps: 134  [36mtflops: 6.46  [35mmfu: 0.65%[39m
[rank0]:[titan] 2026-03-17 12:39:56,514 - root - INFO - [31mstep: 463  [32mloss:  2.8750  [38;2;180;60;0mgrad_norm:  2.7221  [38;2;54;234;195mmemory: 22.44GiB(28.24%)  [34mtps: 132  [36mtflops: 6.37  [35mmfu: 0.64%[39m
[rank0]:[titan] 2026-03-17 12:40:11,349 - root - INFO - [31mstep: 464  [32mloss:  2.7812  [38;2;180;60;0mgrad_norm:  2.6867  [38;2;54;234;195mmemory: 22.44GiB(28.24%)  [34mtps: 138  [36mtflops: 6.66  [35mmfu: 0.67%[39m
[rank0]:[titan] 2026-03-17 12:40:26,394 - root - INFO - [31mstep: 465  [32mloss:  2.7969  [38;2;180;60;0mgrad_norm:  1.7294  [38;2;54;234;195mmemory: 22.44GiB(28.24%)  [34mtps: 136  [36mtflops: 6.57  [35mmfu: 0.66%[39m
[rank0]:[titan] 2026-03-17 12:40:41,663 - root - INFO - [31mstep: 466  [32mloss:  2.7500  [38;2;180;60;0mgrad_norm:  2.1323  [38;2;54;234;195mmemory: 22.44GiB(28.24%)  [34mtps: 134  [36mtflops: 6.47  [35mmfu: 0.65%[39m
[rank0]:[titan] 2026-03-17 12:40:57,047 - root - INFO - [31mstep: 467  [32mloss:  2.7656  [38;2;180;60;0mgrad_norm:  1.4747  [38;2;54;234;195mmemory: 22.44GiB(28.24%)  [34mtps: 133  [36mtflops: 6.42  [35mmfu: 0.65%[39m
[rank0]:[titan] 2026-03-17 12:41:12,498 - root - INFO - [31mstep: 468  [32mloss:  2.8125  [38;2;180;60;0mgrad_norm:  2.6162  [38;2;54;234;195mmemory: 22.44GiB(28.24%)  [34mtps: 133  [36mtflops: 6.40  [35mmfu: 0.65%[39m
[rank0]:[titan] 2026-03-17 12:41:27,889 - root - INFO - [31mstep: 469  [32mloss:  2.7969  [38;2;180;60;0mgrad_norm:  2.9226  [38;2;54;234;195mmemory: 22.44GiB(28.24%)  [34mtps: 133  [36mtflops: 6.42  [35mmfu: 0.65%[39m
[rank0]:[titan] 2026-03-17 12:41:42,261 - root - INFO - [31mstep: 470  [32mloss:  2.8438  [38;2;180;60;0mgrad_norm:  2.9751  [38;2;54;234;195mmemory: 22.44GiB(28.24%)  [34mtps: 143  [36mtflops: 6.88  [35mmfu: 0.70%[39m
[rank0]:[titan] 2026-03-17 12:41:57,717 - root - INFO - [31mstep: 471  [32mloss:  2.8125  [38;2;180;60;0mgrad_norm:  2.9914  [38;2;54;234;195mmemory: 22.44GiB(28.24%)  [34mtps: 133  [36mtflops: 6.39  [35mmfu: 0.65%[39m
[rank0]:[titan] 2026-03-17 12:42:13,294 - root - INFO - [31mstep: 472  [32mloss:  2.7812  [38;2;180;60;0mgrad_norm:  2.7915  [38;2;54;234;195mmemory: 22.44GiB(28.24%)  [34mtps: 131  [36mtflops: 6.34  [35mmfu: 0.64%[39m
[rank0]:[titan] 2026-03-17 12:42:28,438 - root - INFO - [31mstep: 473  [32mloss:  2.7969  [38;2;180;60;0mgrad_norm:  3.1961  [38;2;54;234;195mmemory: 22.44GiB(28.24%)  [34mtps: 135  [36mtflops: 6.53  [35mmfu: 0.66%[39m
[rank0]:[titan] 2026-03-17 12:42:43,356 - root - INFO - [31mstep: 474  [32mloss:  2.7344  [38;2;180;60;0mgrad_norm:  2.0209  [38;2;54;234;195mmemory: 22.44GiB(28.24%)  [34mtps: 137  [36mtflops: 6.62  [35mmfu: 0.67%[39m
[rank0]:[titan] 2026-03-17 12:42:58,291 - root - INFO - [31mstep: 475  [32mloss:  2.7500  [38;2;180;60;0mgrad_norm:  2.9633  [38;2;54;234;195mmemory: 22.44GiB(28.24%)  [34mtps: 137  [36mtflops: 6.62  [35mmfu: 0.67%[39m
[rank0]:[titan] 2026-03-17 12:43:13,446 - root - INFO - [31mstep: 476  [32mloss:  2.7812  [38;2;180;60;0mgrad_norm:  2.9166  [38;2;54;234;195mmemory: 22.44GiB(28.24%)  [34mtps: 135  [36mtflops: 6.52  [35mmfu: 0.66%[39m
[rank0]:[titan] 2026-03-17 12:43:28,292 - root - INFO - [31mstep: 477  [32mloss:  2.7969  [38;2;180;60;0mgrad_norm:  2.3750  [38;2;54;234;195mmemory: 22.44GiB(28.24%)  [34mtps: 138  [36mtflops: 6.66  [35mmfu: 0.67%[39m
[rank0]:[titan] 2026-03-17 12:43:43,542 - root - INFO - [31mstep: 478  [32mloss:  2.8594  [38;2;180;60;0mgrad_norm:  2.8768  [38;2;54;234;195mmemory: 22.44GiB(28.24%)  [34mtps: 134  [36mtflops: 6.48  [35mmfu: 0.66%[39m
[rank0]:[titan] 2026-03-17 12:43:58,426 - root - INFO - [31mstep: 479  [32mloss:  2.7812  [38;2;180;60;0mgrad_norm:  2.2978  [38;2;54;234;195mmemory: 22.44GiB(28.24%)  [34mtps: 138  [36mtflops: 6.64  [35mmfu: 0.67%[39m
[rank0]:[titan] 2026-03-17 12:44:13,376 - root - INFO - [31mstep: 480  [32mloss:  2.7188  [38;2;180;60;0mgrad_norm:  2.3634  [38;2;54;234;195mmemory: 22.44GiB(28.24%)  [34mtps: 137  [36mtflops: 6.61  [35mmfu: 0.67%[39m
[rank0]:[titan] 2026-03-17 12:44:28,404 - root - INFO - [31mstep: 481  [32mloss:  2.8125  [38;2;180;60;0mgrad_norm:  2.3019  [38;2;54;234;195mmemory: 22.44GiB(28.24%)  [34mtps: 136  [36mtflops: 6.58  [35mmfu: 0.66%[39m
[rank0]:[titan] 2026-03-17 12:44:43,269 - root - INFO - [31mstep: 482  [32mloss:  2.7812  [38;2;180;60;0mgrad_norm:  2.9037  [38;2;54;234;195mmemory: 22.44GiB(28.24%)  [34mtps: 138  [36mtflops: 6.65  [35mmfu: 0.67%[39m
[rank0]:[titan] 2026-03-17 12:44:58,647 - root - INFO - [31mstep: 483  [32mloss:  2.7344  [38;2;180;60;0mgrad_norm:  2.6038  [38;2;54;234;195mmemory: 22.44GiB(28.24%)  [34mtps: 133  [36mtflops: 6.43  [35mmfu: 0.65%[39m
[rank0]:[titan] 2026-03-17 12:45:13,863 - root - INFO - [31mstep: 484  [32mloss:  2.7500  [38;2;180;60;0mgrad_norm:  2.6908  [38;2;54;234;195mmemory: 22.44GiB(28.24%)  [34mtps: 135  [36mtflops: 6.49  [35mmfu: 0.66%[39m
[rank0]:[titan] 2026-03-17 12:45:29,123 - root - INFO - [31mstep: 485  [32mloss:  2.8125  [38;2;180;60;0mgrad_norm:  2.6636  [38;2;54;234;195mmemory: 22.44GiB(28.24%)  [34mtps: 134  [36mtflops: 6.48  [35mmfu: 0.65%[39m
[rank0]:[titan] 2026-03-17 12:45:44,263 - root - INFO - [31mstep: 486  [32mloss:  2.8906  [38;2;180;60;0mgrad_norm:  2.8289  [38;2;54;234;195mmemory: 22.44GiB(28.24%)  [34mtps: 135  [36mtflops: 6.53  [35mmfu: 0.66%[39m
[rank0]:[titan] 2026-03-17 12:45:59,479 - root - INFO - [31mstep: 487  [32mloss:  2.7812  [38;2;180;60;0mgrad_norm:  2.7448  [38;2;54;234;195mmemory: 22.44GiB(28.24%)  [34mtps: 135  [36mtflops: 6.49  [35mmfu: 0.66%[39m
[rank0]:[titan] 2026-03-17 12:46:14,678 - root - INFO - [31mstep: 488  [32mloss:  2.8594  [38;2;180;60;0mgrad_norm:  3.1091  [38;2;54;234;195mmemory: 22.44GiB(28.24%)  [34mtps: 135  [36mtflops: 6.50  [35mmfu: 0.66%[39m
[rank0]:[titan] 2026-03-17 12:46:28,412 - root - INFO - [31mstep: 489  [32mloss:  2.8125  [38;2;180;60;0mgrad_norm:  2.9876  [38;2;54;234;195mmemory: 22.44GiB(28.24%)  [34mtps: 149  [36mtflops: 7.20  [35mmfu: 0.73%[39m
[rank0]:[titan] 2026-03-17 12:46:44,093 - root - INFO - [31mstep: 490  [32mloss:  2.8125  [38;2;180;60;0mgrad_norm:  2.4918  [38;2;54;234;195mmemory: 22.44GiB(28.24%)  [34mtps: 131  [36mtflops: 6.30  [35mmfu: 0.64%[39m
[rank0]:[titan] 2026-03-17 12:46:59,727 - root - INFO - [31mstep: 491  [32mloss:  2.8438  [38;2;180;60;0mgrad_norm:  2.1948  [38;2;54;234;195mmemory: 22.44GiB(28.24%)  [34mtps: 131  [36mtflops: 6.32  [35mmfu: 0.64%[39m
[rank0]:[titan] 2026-03-17 12:47:14,656 - root - INFO - [31mstep: 492  [32mloss:  2.7656  [38;2;180;60;0mgrad_norm:  2.4261  [38;2;54;234;195mmemory: 22.44GiB(28.24%)  [34mtps: 137  [36mtflops: 6.62  [35mmfu: 0.67%[39m
[rank0]:[titan] 2026-03-17 12:47:29,807 - root - INFO - [31mstep: 493  [32mloss:  2.8281  [38;2;180;60;0mgrad_norm:  1.9404  [38;2;54;234;195mmemory: 22.44GiB(28.24%)  [34mtps: 135  [36mtflops: 6.52  [35mmfu: 0.66%[39m
[rank0]:[titan] 2026-03-17 12:47:44,945 - root - INFO - [31mstep: 494  [32mloss:  2.8750  [38;2;180;60;0mgrad_norm:  2.0927  [38;2;54;234;195mmemory: 22.44GiB(28.24%)  [34mtps: 135  [36mtflops: 6.53  [35mmfu: 0.66%[39m
[rank0]:[titan] 2026-03-17 12:48:00,014 - root - INFO - [31mstep: 495  [32mloss:  2.8281  [38;2;180;60;0mgrad_norm:  1.9539  [38;2;54;234;195mmemory: 22.44GiB(28.24%)  [34mtps: 136  [36mtflops: 6.56  [35mmfu: 0.66%[39m
[rank0]:[titan] 2026-03-17 12:48:14,983 - root - INFO - [31mstep: 496  [32mloss:  2.7969  [38;2;180;60;0mgrad_norm:  2.1364  [38;2;54;234;195mmemory: 22.44GiB(28.24%)  [34mtps: 137  [36mtflops: 6.60  [35mmfu: 0.67%[39m
[rank0]:[titan] 2026-03-17 12:48:29,977 - root - INFO - [31mstep: 497  [32mloss:  2.7812  [38;2;180;60;0mgrad_norm:  2.1819  [38;2;54;234;195mmemory: 22.44GiB(28.24%)  [34mtps: 137  [36mtflops: 6.59  [35mmfu: 0.67%[39m
[rank0]:[titan] 2026-03-17 12:48:45,290 - root - INFO - [31mstep: 498  [32mloss:  2.7188  [38;2;180;60;0mgrad_norm:  2.6448  [38;2;54;234;195mmemory: 22.44GiB(28.24%)  [34mtps: 134  [36mtflops: 6.45  [35mmfu: 0.65%[39m
[rank0]:[titan] 2026-03-17 12:49:00,032 - root - INFO - [31mstep: 499  [32mloss:  2.7812  [38;2;180;60;0mgrad_norm:  2.7607  [38;2;54;234;195mmemory: 22.44GiB(28.24%)  [34mtps: 139  [36mtflops: 6.70  [35mmfu: 0.68%[39m
[rank0]:[titan] 2026-03-17 12:49:15,403 - root - INFO - [31mstep: 500  [32mloss:  2.7969  [38;2;180;60;0mgrad_norm:  2.5743  [38;2;54;234;195mmemory: 22.44GiB(28.24%)  [34mtps: 133  [36mtflops: 6.43  [35mmfu: 0.65%[39m
[rank0]:[titan] 2026-03-17 12:49:30,307 - root - INFO - [31mstep: 501  [32mloss:  2.7344  [38;2;180;60;0mgrad_norm:  2.7764  [38;2;54;234;195mmemory: 22.44GiB(28.24%)  [34mtps: 137  [36mtflops: 6.63  [35mmfu: 0.67%[39m
[rank0]:[titan] 2026-03-17 12:49:45,476 - root - INFO - [31mstep: 502  [32mloss:  2.7188  [38;2;180;60;0mgrad_norm:  2.0818  [38;2;54;234;195mmemory: 22.44GiB(28.24%)  [34mtps: 135  [36mtflops: 6.52  [35mmfu: 0.66%[39m
[rank0]:[titan] 2026-03-17 12:50:00,813 - root - INFO - [31mstep: 503  [32mloss:  2.7656  [38;2;180;60;0mgrad_norm:  2.9973  [38;2;54;234;195mmemory: 22.44GiB(28.24%)  [34mtps: 134  [36mtflops: 6.44  [35mmfu: 0.65%[39m
[rank0]:[titan] 2026-03-17 12:50:15,760 - root - INFO - [31mstep: 504  [32mloss:  2.7500  [38;2;180;60;0mgrad_norm:  2.1119  [38;2;54;234;195mmemory: 22.44GiB(28.24%)  [34mtps: 137  [36mtflops: 6.61  [35mmfu: 0.67%[39m
[rank0]:[titan] 2026-03-17 12:50:30,741 - root - INFO - [31mstep: 505  [32mloss:  2.7969  [38;2;180;60;0mgrad_norm:  3.1033  [38;2;54;234;195mmemory: 22.44GiB(28.24%)  [34mtps: 137  [36mtflops: 6.60  [35mmfu: 0.67%[39m
[rank0]:[titan] 2026-03-17 12:50:45,741 - root - INFO - [31mstep: 506  [32mloss:  2.8125  [38;2;180;60;0mgrad_norm:  3.6889  [38;2;54;234;195mmemory: 22.44GiB(28.24%)  [34mtps: 137  [36mtflops: 6.59  [35mmfu: 0.67%[39m
[rank0]:[titan] 2026-03-17 12:51:01,214 - root - INFO - [31mstep: 507  [32mloss:  2.7656  [38;2;180;60;0mgrad_norm:  2.8149  [38;2;54;234;195mmemory: 22.44GiB(28.24%)  [34mtps: 132  [36mtflops: 6.39  [35mmfu: 0.65%[39m
[rank0]:[titan] 2026-03-17 12:51:16,614 - root - INFO - [31mstep: 508  [32mloss:  2.7031  [38;2;180;60;0mgrad_norm:  2.6030  [38;2;54;234;195mmemory: 22.44GiB(28.24%)  [34mtps: 133  [36mtflops: 6.42  [35mmfu: 0.65%[39m
[rank0]:[titan] 2026-03-17 12:51:31,674 - root - INFO - [31mstep: 509  [32mloss:  2.7188  [38;2;180;60;0mgrad_norm:  2.2440  [38;2;54;234;195mmemory: 22.44GiB(28.24%)  [34mtps: 136  [36mtflops: 6.56  [35mmfu: 0.66%[39m
[rank0]:[titan] 2026-03-17 12:51:46,641 - root - INFO - [31mstep: 510  [32mloss:  2.8281  [38;2;180;60;0mgrad_norm:  2.2525  [38;2;54;234;195mmemory: 22.44GiB(28.24%)  [34mtps: 137  [36mtflops: 6.60  [35mmfu: 0.67%[39m
[rank0]:[titan] 2026-03-17 12:52:01,613 - root - INFO - [31mstep: 511  [32mloss:  2.7500  [38;2;180;60;0mgrad_norm:  2.9093  [38;2;54;234;195mmemory: 22.44GiB(28.24%)  [34mtps: 137  [36mtflops: 6.60  [35mmfu: 0.67%[39m
[rank0]:[titan] 2026-03-17 12:52:16,450 - root - INFO - [31mstep: 512  [32mloss:  2.7969  [38;2;180;60;0mgrad_norm:  2.2665  [38;2;54;234;195mmemory: 22.44GiB(28.24%)  [34mtps: 138  [36mtflops: 6.66  [35mmfu: 0.67%[39m
[rank0]:[titan] 2026-03-17 12:52:31,656 - root - INFO - [31mstep: 513  [32mloss:  2.7188  [38;2;180;60;0mgrad_norm:  1.9151  [38;2;54;234;195mmemory: 22.44GiB(28.24%)  [34mtps: 135  [36mtflops: 6.50  [35mmfu: 0.66%[39m
[rank0]:[titan] 2026-03-17 12:52:46,009 - root - INFO - [31mstep: 514  [32mloss:  2.7188  [38;2;180;60;0mgrad_norm:  1.9310  [38;2;54;234;195mmemory: 22.44GiB(28.24%)  [34mtps: 143  [36mtflops: 6.89  [35mmfu: 0.70%[39m
[rank0]:[titan] 2026-03-17 12:53:02,028 - root - INFO - [31mstep: 515  [32mloss:  2.7812  [38;2;180;60;0mgrad_norm:  1.8728  [38;2;54;234;195mmemory: 22.44GiB(28.24%)  [34mtps: 128  [36mtflops: 6.17  [35mmfu: 0.62%[39m
[rank0]:[titan] 2026-03-17 12:53:17,681 - root - INFO - [31mstep: 516  [32mloss:  2.7812  [38;2;180;60;0mgrad_norm:  2.1694  [38;2;54;234;195mmemory: 22.44GiB(28.24%)  [34mtps: 131  [36mtflops: 6.31  [35mmfu: 0.64%[39m
[rank0]:[titan] 2026-03-17 12:53:32,980 - root - INFO - [31mstep: 517  [32mloss:  2.7812  [38;2;180;60;0mgrad_norm:  2.2392  [38;2;54;234;195mmemory: 22.44GiB(28.24%)  [34mtps: 134  [36mtflops: 6.46  [35mmfu: 0.65%[39m
[rank0]:[titan] 2026-03-17 12:53:48,386 - root - INFO - [31mstep: 518  [32mloss:  2.7500  [38;2;180;60;0mgrad_norm:  2.1912  [38;2;54;234;195mmemory: 22.44GiB(28.24%)  [34mtps: 133  [36mtflops: 6.41  [35mmfu: 0.65%[39m
[rank0]:[titan] 2026-03-17 12:54:03,632 - root - INFO - [31mstep: 519  [32mloss:  2.7344  [38;2;180;60;0mgrad_norm:  2.0868  [38;2;54;234;195mmemory: 22.44GiB(28.24%)  [34mtps: 134  [36mtflops: 6.48  [35mmfu: 0.66%[39m
[rank0]:[titan] 2026-03-17 12:54:18,602 - root - INFO - [31mstep: 520  [32mloss:  2.7500  [38;2;180;60;0mgrad_norm:  2.0540  [38;2;54;234;195mmemory: 22.44GiB(28.24%)  [34mtps: 137  [36mtflops: 6.60  [35mmfu: 0.67%[39m
[rank0]:[titan] 2026-03-17 12:54:33,597 - root - INFO - [31mstep: 521  [32mloss:  2.7812  [38;2;180;60;0mgrad_norm:  2.1944  [38;2;54;234;195mmemory: 22.44GiB(28.24%)  [34mtps: 137  [36mtflops: 6.59  [35mmfu: 0.67%[39m
[rank0]:[titan] 2026-03-17 12:54:48,593 - root - INFO - [31mstep: 522  [32mloss:  2.7812  [38;2;180;60;0mgrad_norm:  2.5935  [38;2;54;234;195mmemory: 22.44GiB(28.24%)  [34mtps: 137  [36mtflops: 6.59  [35mmfu: 0.67%[39m
[rank0]:[titan] 2026-03-17 12:55:03,680 - root - INFO - [31mstep: 523  [32mloss:  2.7344  [38;2;180;60;0mgrad_norm:  1.8208  [38;2;54;234;195mmemory: 22.44GiB(28.24%)  [34mtps: 136  [36mtflops: 6.55  [35mmfu: 0.66%[39m
[rank0]:[titan] 2026-03-17 12:55:18,896 - root - INFO - [31mstep: 524  [32mloss:  2.7656  [38;2;180;60;0mgrad_norm:  3.7314  [38;2;54;234;195mmemory: 22.44GiB(28.24%)  [34mtps: 135  [36mtflops: 6.49  [35mmfu: 0.66%[39m
[rank0]:[titan] 2026-03-17 12:55:34,333 - root - INFO - [31mstep: 525  [32mloss:  2.7812  [38;2;180;60;0mgrad_norm:  2.8839  [38;2;54;234;195mmemory: 22.44GiB(28.24%)  [34mtps: 133  [36mtflops: 6.40  [35mmfu: 0.65%[39m
[rank0]:[titan] 2026-03-17 12:55:49,532 - root - INFO - [31mstep: 526  [32mloss:  2.7344  [38;2;180;60;0mgrad_norm:  2.6840  [38;2;54;234;195mmemory: 22.44GiB(28.24%)  [34mtps: 135  [36mtflops: 6.50  [35mmfu: 0.66%[39m
[rank0]:[titan] 2026-03-17 12:56:04,111 - root - INFO - [31mstep: 527  [32mloss:  2.7344  [38;2;180;60;0mgrad_norm:  2.8163  [38;2;54;234;195mmemory: 22.44GiB(28.24%)  [34mtps: 140  [36mtflops: 6.78  [35mmfu: 0.69%[39m
[rank0]:[titan] 2026-03-17 12:56:19,686 - root - INFO - [31mstep: 528  [32mloss:  2.7656  [38;2;180;60;0mgrad_norm:  2.5823  [38;2;54;234;195mmemory: 22.44GiB(28.24%)  [34mtps: 131  [36mtflops: 6.34  [35mmfu: 0.64%[39m
[rank0]:[titan] 2026-03-17 12:56:35,008 - root - INFO - [31mstep: 529  [32mloss:  2.7656  [38;2;180;60;0mgrad_norm:  2.8733  [38;2;54;234;195mmemory: 22.44GiB(28.24%)  [34mtps: 134  [36mtflops: 6.45  [35mmfu: 0.65%[39m
[rank0]:[titan] 2026-03-17 12:56:50,142 - root - INFO - [31mstep: 530  [32mloss:  2.7812  [38;2;180;60;0mgrad_norm:  2.1049  [38;2;54;234;195mmemory: 22.44GiB(28.24%)  [34mtps: 135  [36mtflops: 6.53  [35mmfu: 0.66%[39m
[rank0]:[titan] 2026-03-17 12:57:05,374 - root - INFO - [31mstep: 531  [32mloss:  2.7969  [38;2;180;60;0mgrad_norm:  2.3255  [38;2;54;234;195mmemory: 22.44GiB(28.24%)  [34mtps: 134  [36mtflops: 6.49  [35mmfu: 0.66%[39m
[rank0]:[titan] 2026-03-17 12:57:20,562 - root - INFO - [31mstep: 532  [32mloss:  2.7656  [38;2;180;60;0mgrad_norm:  2.0451  [38;2;54;234;195mmemory: 22.44GiB(28.24%)  [34mtps: 135  [36mtflops: 6.51  [35mmfu: 0.66%[39m
[rank0]:[titan] 2026-03-17 12:57:35,825 - root - INFO - [31mstep: 533  [32mloss:  2.8125  [38;2;180;60;0mgrad_norm:  3.1449  [38;2;54;234;195mmemory: 22.44GiB(28.24%)  [34mtps: 134  [36mtflops: 6.47  [35mmfu: 0.65%[39m
[rank0]:[titan] 2026-03-17 12:57:50,956 - root - INFO - [31mstep: 534  [32mloss:  2.7031  [38;2;180;60;0mgrad_norm:  1.9255  [38;2;54;234;195mmemory: 22.44GiB(28.24%)  [34mtps: 135  [36mtflops: 6.53  [35mmfu: 0.66%[39m
[rank0]:[titan] 2026-03-17 12:58:06,003 - root - INFO - [31mstep: 535  [32mloss:  2.7969  [38;2;180;60;0mgrad_norm:  2.7651  [38;2;54;234;195mmemory: 22.44GiB(28.24%)  [34mtps: 136  [36mtflops: 6.57  [35mmfu: 0.66%[39m
[rank0]:[titan] 2026-03-17 12:58:21,094 - root - INFO - [31mstep: 536  [32mloss:  2.7812  [38;2;180;60;0mgrad_norm:  2.3145  [38;2;54;234;195mmemory: 22.44GiB(28.24%)  [34mtps: 136  [36mtflops: 6.55  [35mmfu: 0.66%[39m
[rank0]:[titan] 2026-03-17 12:58:36,501 - root - INFO - [31mstep: 537  [32mloss:  2.7344  [38;2;180;60;0mgrad_norm:  2.3157  [38;2;54;234;195mmemory: 22.44GiB(28.24%)  [34mtps: 133  [36mtflops: 6.41  [35mmfu: 0.65%[39m
[rank0]:[titan] 2026-03-17 12:58:51,659 - root - INFO - [31mstep: 538  [32mloss:  2.7188  [38;2;180;60;0mgrad_norm:  2.1806  [38;2;54;234;195mmemory: 22.44GiB(28.24%)  [34mtps: 135  [36mtflops: 6.52  [35mmfu: 0.66%[39m
[rank0]:[titan] 2026-03-17 12:59:06,967 - root - INFO - [31mstep: 539  [32mloss:  2.7969  [38;2;180;60;0mgrad_norm:  2.4723  [38;2;54;234;195mmemory: 22.44GiB(28.24%)  [34mtps: 134  [36mtflops: 6.46  [35mmfu: 0.65%[39m
[rank0]:[titan] 2026-03-17 12:59:22,190 - root - INFO - [31mstep: 540  [32mloss:  2.7969  [38;2;180;60;0mgrad_norm:  2.0507  [38;2;54;234;195mmemory: 22.44GiB(28.24%)  [34mtps: 135  [36mtflops: 6.49  [35mmfu: 0.66%[39m
[rank0]:[titan] 2026-03-17 12:59:37,360 - root - INFO - [31mstep: 541  [32mloss:  2.7500  [38;2;180;60;0mgrad_norm:  2.8062  [38;2;54;234;195mmemory: 22.44GiB(28.24%)  [34mtps: 135  [36mtflops: 6.51  [35mmfu: 0.66%[39m
[rank0]:[titan] 2026-03-17 12:59:52,208 - root - INFO - [31mstep: 542  [32mloss:  2.7500  [38;2;180;60;0mgrad_norm:  3.3243  [38;2;54;234;195mmemory: 22.44GiB(28.24%)  [34mtps: 138  [36mtflops: 6.66  [35mmfu: 0.67%[39m
[rank0]:[titan] 2026-03-17 13:00:07,140 - root - INFO - [31mstep: 543  [32mloss:  2.7812  [38;2;180;60;0mgrad_norm:  2.8131  [38;2;54;234;195mmemory: 22.44GiB(28.24%)  [34mtps: 137  [36mtflops: 6.62  [35mmfu: 0.67%[39m
[rank0]:[titan] 2026-03-17 13:00:22,205 - root - INFO - [31mstep: 544  [32mloss:  2.8281  [38;2;180;60;0mgrad_norm:  2.6347  [38;2;54;234;195mmemory: 22.44GiB(28.24%)  [34mtps: 136  [36mtflops: 6.56  [35mmfu: 0.66%[39m
[rank0]:[titan] 2026-03-17 13:00:37,363 - root - INFO - [31mstep: 545  [32mloss:  2.7656  [38;2;180;60;0mgrad_norm:  3.0709  [38;2;54;234;195mmemory: 22.44GiB(28.24%)  [34mtps: 135  [36mtflops: 6.52  [35mmfu: 0.66%[39m
[rank0]:[titan] 2026-03-17 13:00:52,594 - root - INFO - [31mstep: 546  [32mloss:  2.7812  [38;2;180;60;0mgrad_norm:  2.7532  [38;2;54;234;195mmemory: 22.44GiB(28.24%)  [34mtps: 134  [36mtflops: 6.49  [35mmfu: 0.66%[39m
[rank0]:[titan] 2026-03-17 13:01:07,242 - root - INFO - [31mstep: 547  [32mloss:  2.8438  [38;2;180;60;0mgrad_norm:  2.9087  [38;2;54;234;195mmemory: 22.44GiB(28.24%)  [34mtps: 140  [36mtflops: 6.75  [35mmfu: 0.68%[39m
[rank0]:[titan] 2026-03-17 13:01:22,935 - root - INFO - [31mstep: 548  [32mloss:  2.8125  [38;2;180;60;0mgrad_norm:  3.2831  [38;2;54;234;195mmemory: 22.44GiB(28.24%)  [34mtps: 131  [36mtflops: 6.30  [35mmfu: 0.64%[39m
[rank0]:[titan] 2026-03-17 13:01:37,671 - root - INFO - [31mstep: 549  [32mloss:  2.7969  [38;2;180;60;0mgrad_norm:  3.2209  [38;2;54;234;195mmemory: 22.44GiB(28.24%)  [34mtps: 139  [36mtflops: 6.71  [35mmfu: 0.68%[39m
[rank0]:[titan] 2026-03-17 13:01:52,562 - root - INFO - [31mstep: 550  [32mloss:  2.9062  [38;2;180;60;0mgrad_norm:  3.6032  [38;2;54;234;195mmemory: 22.44GiB(28.24%)  [34mtps: 138  [36mtflops: 6.64  [35mmfu: 0.67%[39m
[rank0]:[titan] 2026-03-17 13:02:07,719 - root - INFO - [31mstep: 551  [32mloss:  2.7500  [38;2;180;60;0mgrad_norm:  3.3408  [38;2;54;234;195mmemory: 22.44GiB(28.24%)  [34mtps: 135  [36mtflops: 6.52  [35mmfu: 0.66%[39m
[rank0]:[titan] 2026-03-17 13:02:22,915 - root - INFO - [31mstep: 552  [32mloss:  2.7812  [38;2;180;60;0mgrad_norm:  3.3560  [38;2;54;234;195mmemory: 22.44GiB(28.24%)  [34mtps: 135  [36mtflops: 6.50  [35mmfu: 0.66%[39m
[rank0]:[titan] 2026-03-17 13:02:38,392 - root - INFO - [31mstep: 553  [32mloss:  2.7344  [38;2;180;60;0mgrad_norm:  2.7502  [38;2;54;234;195mmemory: 22.44GiB(28.24%)  [34mtps: 132  [36mtflops: 6.38  [35mmfu: 0.65%[39m
[rank0]:[titan] 2026-03-17 13:02:54,009 - root - INFO - [31mstep: 554  [32mloss:  2.7656  [38;2;180;60;0mgrad_norm:  2.7852  [38;2;54;234;195mmemory: 22.44GiB(28.24%)  [34mtps: 131  [36mtflops: 6.33  [35mmfu: 0.64%[39m
[rank0]:[titan] 2026-03-17 13:03:09,569 - root - INFO - [31mstep: 555  [32mloss:  2.7344  [38;2;180;60;0mgrad_norm:  2.8236  [38;2;54;234;195mmemory: 22.44GiB(28.24%)  [34mtps: 132  [36mtflops: 6.35  [35mmfu: 0.64%[39m
[rank0]:[titan] 2026-03-17 13:03:24,879 - root - INFO - [31mstep: 556  [32mloss:  2.7812  [38;2;180;60;0mgrad_norm:  2.5828  [38;2;54;234;195mmemory: 22.44GiB(28.24%)  [34mtps: 134  [36mtflops: 6.45  [35mmfu: 0.65%[39m
[rank0]:[titan] 2026-03-17 13:03:40,202 - root - INFO - [31mstep: 557  [32mloss:  2.7344  [38;2;180;60;0mgrad_norm:  3.8250  [38;2;54;234;195mmemory: 22.44GiB(28.24%)  [34mtps: 134  [36mtflops: 6.45  [35mmfu: 0.65%[39m
[rank0]:[titan] 2026-03-17 13:03:55,233 - root - INFO - [31mstep: 558  [32mloss:  2.7656  [38;2;180;60;0mgrad_norm:  3.1726  [38;2;54;234;195mmemory: 22.44GiB(28.24%)  [34mtps: 136  [36mtflops: 6.57  [35mmfu: 0.66%[39m
[rank0]:[titan] 2026-03-17 13:04:10,380 - root - INFO - [31mstep: 559  [32mloss:  2.7344  [38;2;180;60;0mgrad_norm:  2.7269  [38;2;54;234;195mmemory: 22.44GiB(28.24%)  [34mtps: 135  [36mtflops: 6.52  [35mmfu: 0.66%[39m
[rank0]:[titan] 2026-03-17 13:04:25,562 - root - INFO - [31mstep: 560  [32mloss:  2.8125  [38;2;180;60;0mgrad_norm:  3.4905  [38;2;54;234;195mmemory: 22.44GiB(28.24%)  [34mtps: 135  [36mtflops: 6.51  [35mmfu: 0.66%[39m
[rank0]:[titan] 2026-03-17 13:04:40,695 - root - INFO - [31mstep: 561  [32mloss:  2.8281  [38;2;180;60;0mgrad_norm:  2.7945  [38;2;54;234;195mmemory: 22.44GiB(28.24%)  [34mtps: 135  [36mtflops: 6.53  [35mmfu: 0.66%[39m
[rank0]:[titan] 2026-03-17 13:04:55,940 - root - INFO - [31mstep: 562  [32mloss:  2.7500  [38;2;180;60;0mgrad_norm:  2.3985  [38;2;54;234;195mmemory: 22.44GiB(28.24%)  [34mtps: 134  [36mtflops: 6.48  [35mmfu: 0.66%[39m
[rank0]:[titan] 2026-03-17 13:05:10,951 - root - INFO - [31mstep: 563  [32mloss:  2.7500  [38;2;180;60;0mgrad_norm:  3.3858  [38;2;54;234;195mmemory: 22.44GiB(28.24%)  [34mtps: 136  [36mtflops: 6.58  [35mmfu: 0.67%[39m
[rank0]:[titan] 2026-03-17 13:05:25,880 - root - INFO - [31mstep: 564  [32mloss:  2.8125  [38;2;180;60;0mgrad_norm:  1.8493  [38;2;54;234;195mmemory: 22.44GiB(28.24%)  [34mtps: 137  [36mtflops: 6.62  [35mmfu: 0.67%[39m
[rank0]:[titan] 2026-03-17 13:05:41,203 - root - INFO - [31mstep: 565  [32mloss:  2.7812  [38;2;180;60;0mgrad_norm:  2.6503  [38;2;54;234;195mmemory: 22.44GiB(28.24%)  [34mtps: 134  [36mtflops: 6.45  [35mmfu: 0.65%[39m
[rank0]:[titan] 2026-03-17 13:05:56,341 - root - INFO - [31mstep: 566  [32mloss:  2.7812  [38;2;180;60;0mgrad_norm:  2.6940  [38;2;54;234;195mmemory: 22.44GiB(28.24%)  [34mtps: 135  [36mtflops: 6.53  [35mmfu: 0.66%[39m
[rank0]:[titan] 2026-03-17 13:06:11,754 - root - INFO - [31mstep: 567  [32mloss:  2.7656  [38;2;180;60;0mgrad_norm:  2.4462  [38;2;54;234;195mmemory: 22.44GiB(28.24%)  [34mtps: 133  [36mtflops: 6.41  [35mmfu: 0.65%[39m
[rank0]:[titan] 2026-03-17 13:06:26,703 - root - INFO - [31mstep: 568  [32mloss:  2.8125  [38;2;180;60;0mgrad_norm:  2.8629  [38;2;54;234;195mmemory: 22.44GiB(28.24%)  [34mtps: 137  [36mtflops: 6.61  [35mmfu: 0.67%[39m
[rank0]:[titan] 2026-03-17 13:06:41,391 - root - INFO - [31mstep: 569  [32mloss:  2.7969  [38;2;180;60;0mgrad_norm:  2.5543  [38;2;54;234;195mmemory: 22.44GiB(28.24%)  [34mtps: 139  [36mtflops: 6.73  [35mmfu: 0.68%[39m
[rank0]:[titan] 2026-03-17 13:06:56,637 - root - INFO - [31mstep: 570  [32mloss:  2.7812  [38;2;180;60;0mgrad_norm:  2.2079  [38;2;54;234;195mmemory: 22.44GiB(28.24%)  [34mtps: 134  [36mtflops: 6.48  [35mmfu: 0.66%[39m
[rank0]:[titan] 2026-03-17 13:07:11,989 - root - INFO - [31mstep: 571  [32mloss:  2.8125  [38;2;180;60;0mgrad_norm:  2.6830  [38;2;54;234;195mmemory: 22.44GiB(28.24%)  [34mtps: 133  [36mtflops: 6.44  [35mmfu: 0.65%[39m
[rank0]:[titan] 2026-03-17 13:07:25,968 - root - INFO - [31mstep: 572  [32mloss:  2.8125  [38;2;180;60;0mgrad_norm:  2.2064  [38;2;54;234;195mmemory: 22.44GiB(28.24%)  [34mtps: 147  [36mtflops: 7.07  [35mmfu: 0.71%[39m
[rank0]:[titan] 2026-03-17 13:07:41,785 - root - INFO - [31mstep: 573  [32mloss:  2.7500  [38;2;180;60;0mgrad_norm:  2.7517  [38;2;54;234;195mmemory: 22.44GiB(28.24%)  [34mtps: 129  [36mtflops: 6.25  [35mmfu: 0.63%[39m
[rank0]:[titan] 2026-03-17 13:07:57,847 - root - INFO - [31mstep: 574  [32mloss:  2.7812  [38;2;180;60;0mgrad_norm:  2.9031  [38;2;54;234;195mmemory: 22.44GiB(28.24%)  [34mtps: 128  [36mtflops: 6.15  [35mmfu: 0.62%[39m
[rank0]:[titan] 2026-03-17 13:08:13,020 - root - INFO - [31mstep: 575  [32mloss:  2.7344  [38;2;180;60;0mgrad_norm:  2.2831  [38;2;54;234;195mmemory: 22.44GiB(28.24%)  [34mtps: 135  [36mtflops: 6.51  [35mmfu: 0.66%[39m
[rank0]:[titan] 2026-03-17 13:08:28,192 - root - INFO - [31mstep: 576  [32mloss:  2.7344  [38;2;180;60;0mgrad_norm:  2.2533  [38;2;54;234;195mmemory: 22.44GiB(28.24%)  [34mtps: 135  [36mtflops: 6.51  [35mmfu: 0.66%[39m
[rank0]:[titan] 2026-03-17 13:08:43,349 - root - INFO - [31mstep: 577  [32mloss:  2.7188  [38;2;180;60;0mgrad_norm:  2.6120  [38;2;54;234;195mmemory: 22.44GiB(28.24%)  [34mtps: 135  [36mtflops: 6.52  [35mmfu: 0.66%[39m
[rank0]:[titan] 2026-03-17 13:08:58,493 - root - INFO - [31mstep: 578  [32mloss:  2.7344  [38;2;180;60;0mgrad_norm:  2.2462  [38;2;54;234;195mmemory: 22.44GiB(28.24%)  [34mtps: 135  [36mtflops: 6.53  [35mmfu: 0.66%[39m
[rank0]:[titan] 2026-03-17 13:09:13,819 - root - INFO - [31mstep: 579  [32mloss:  2.7656  [38;2;180;60;0mgrad_norm:  2.5299  [38;2;54;234;195mmemory: 22.44GiB(28.24%)  [34mtps: 134  [36mtflops: 6.45  [35mmfu: 0.65%[39m
[rank0]:[titan] 2026-03-17 13:09:29,271 - root - INFO - [31mstep: 580  [32mloss:  2.6719  [38;2;180;60;0mgrad_norm:  2.4711  [38;2;54;234;195mmemory: 22.44GiB(28.24%)  [34mtps: 133  [36mtflops: 6.40  [35mmfu: 0.65%[39m
[rank0]:[titan] 2026-03-17 13:09:44,636 - root - INFO - [31mstep: 581  [32mloss:  2.7188  [38;2;180;60;0mgrad_norm:  2.5518  [38;2;54;234;195mmemory: 22.44GiB(28.24%)  [34mtps: 133  [36mtflops: 6.43  [35mmfu: 0.65%[39m
[rank0]:[titan] 2026-03-17 13:09:59,849 - root - INFO - [31mstep: 582  [32mloss:  2.7969  [38;2;180;60;0mgrad_norm:  2.5591  [38;2;54;234;195mmemory: 22.44GiB(28.24%)  [34mtps: 135  [36mtflops: 6.50  [35mmfu: 0.66%[39m
[rank0]:[titan] 2026-03-17 13:10:15,405 - root - INFO - [31mstep: 583  [32mloss:  2.7500  [38;2;180;60;0mgrad_norm:  2.5011  [38;2;54;234;195mmemory: 22.44GiB(28.24%)  [34mtps: 132  [36mtflops: 6.35  [35mmfu: 0.64%[39m
[rank0]:[titan] 2026-03-17 13:10:30,619 - root - INFO - [31mstep: 584  [32mloss:  2.7188  [38;2;180;60;0mgrad_norm:  2.8996  [38;2;54;234;195mmemory: 22.44GiB(28.24%)  [34mtps: 135  [36mtflops: 6.50  [35mmfu: 0.66%[39m
[rank0]:[titan] 2026-03-17 13:10:45,575 - root - INFO - [31mstep: 585  [32mloss:  2.7500  [38;2;180;60;0mgrad_norm:  2.0238  [38;2;54;234;195mmemory: 22.44GiB(28.24%)  [34mtps: 137  [36mtflops: 6.61  [35mmfu: 0.67%[39m
[rank0]:[titan] 2026-03-17 13:11:00,136 - root - INFO - [31mstep: 586  [32mloss:  2.7031  [38;2;180;60;0mgrad_norm:  2.0484  [38;2;54;234;195mmemory: 22.44GiB(28.24%)  [34mtps: 141  [36mtflops: 6.79  [35mmfu: 0.69%[39m
[rank0]:[titan] 2026-03-17 13:11:15,515 - root - INFO - [31mstep: 587  [32mloss:  2.7344  [38;2;180;60;0mgrad_norm:  1.4746  [38;2;54;234;195mmemory: 22.44GiB(28.24%)  [34mtps: 133  [36mtflops: 6.43  [35mmfu: 0.65%[39m
[rank0]:[titan] 2026-03-17 13:11:30,787 - root - INFO - [31mstep: 588  [32mloss:  2.7969  [38;2;180;60;0mgrad_norm:  2.8542  [38;2;54;234;195mmemory: 22.44GiB(28.24%)  [34mtps: 134  [36mtflops: 6.47  [35mmfu: 0.65%[39m
[rank0]:[titan] 2026-03-17 13:11:45,857 - root - INFO - [31mstep: 589  [32mloss:  2.7969  [38;2;180;60;0mgrad_norm:  3.1226  [38;2;54;234;195mmemory: 22.44GiB(28.24%)  [34mtps: 136  [36mtflops: 6.56  [35mmfu: 0.66%[39m
[rank0]:[titan] 2026-03-17 13:12:00,666 - root - INFO - [31mstep: 590  [32mloss:  2.8438  [38;2;180;60;0mgrad_norm:  2.0886  [38;2;54;234;195mmemory: 22.44GiB(28.24%)  [34mtps: 138  [36mtflops: 6.67  [35mmfu: 0.67%[39m
[rank0]:[titan] 2026-03-17 13:12:15,665 - root - INFO - [31mstep: 591  [32mloss:  2.7812  [38;2;180;60;0mgrad_norm:  2.2316  [38;2;54;234;195mmemory: 22.44GiB(28.24%)  [34mtps: 137  [36mtflops: 6.59  [35mmfu: 0.67%[39m
[rank0]:[titan] 2026-03-17 13:12:30,567 - root - INFO - [31mstep: 592  [32mloss:  2.7969  [38;2;180;60;0mgrad_norm:  2.8690  [38;2;54;234;195mmemory: 22.44GiB(28.24%)  [34mtps: 137  [36mtflops: 6.63  [35mmfu: 0.67%[39m
[rank0]:[titan] 2026-03-17 13:12:45,744 - root - INFO - [31mstep: 593  [32mloss:  2.7812  [38;2;180;60;0mgrad_norm:  1.5647  [38;2;54;234;195mmemory: 22.44GiB(28.24%)  [34mtps: 135  [36mtflops: 6.51  [35mmfu: 0.66%[39m
[rank0]:[titan] 2026-03-17 13:13:00,763 - root - INFO - [31mstep: 594  [32mloss:  2.7500  [38;2;180;60;0mgrad_norm:  2.5067  [38;2;54;234;195mmemory: 22.44GiB(28.24%)  [34mtps: 136  [36mtflops: 6.58  [35mmfu: 0.67%[39m
[rank0]:[titan] 2026-03-17 13:13:16,504 - root - INFO - [31mstep: 595  [32mloss:  2.7656  [38;2;180;60;0mgrad_norm:  2.4768  [38;2;54;234;195mmemory: 22.44GiB(28.24%)  [34mtps: 130  [36mtflops: 6.28  [35mmfu: 0.63%[39m
[rank0]:[titan] 2026-03-17 13:13:31,960 - root - INFO - [31mstep: 596  [32mloss:  2.8281  [38;2;180;60;0mgrad_norm:  2.2435  [38;2;54;234;195mmemory: 22.44GiB(28.24%)  [34mtps: 133  [36mtflops: 6.39  [35mmfu: 0.65%[39m
[rank0]:[titan] 2026-03-17 13:13:46,910 - root - INFO - [31mstep: 597  [32mloss:  2.8594  [38;2;180;60;0mgrad_norm:  2.2275  [38;2;54;234;195mmemory: 22.44GiB(28.24%)  [34mtps: 137  [36mtflops: 6.61  [35mmfu: 0.67%[39m
[rank0]:[titan] 2026-03-17 13:14:01,722 - root - INFO - [31mstep: 598  [32mloss:  2.8125  [38;2;180;60;0mgrad_norm:  1.8048  [38;2;54;234;195mmemory: 22.44GiB(28.24%)  [34mtps: 138  [36mtflops: 6.67  [35mmfu: 0.67%[39m
[rank0]:[titan] 2026-03-17 13:14:17,069 - root - INFO - [31mstep: 599  [32mloss:  2.7812  [38;2;180;60;0mgrad_norm:  1.5938  [38;2;54;234;195mmemory: 22.44GiB(28.24%)  [34mtps: 133  [36mtflops: 6.44  [35mmfu: 0.65%[39m
[rank0]:[titan] 2026-03-17 13:14:32,437 - root - INFO - [31mstep: 600  [32mloss:  2.7344  [38;2;180;60;0mgrad_norm:  1.7496  [38;2;54;234;195mmemory: 22.44GiB(28.24%)  [34mtps: 133  [36mtflops: 6.43  [35mmfu: 0.65%[39m
[rank0]:[titan] 2026-03-17 13:14:47,234 - root - INFO - [31mstep: 601  [32mloss:  2.7969  [38;2;180;60;0mgrad_norm:  1.5473  [38;2;54;234;195mmemory: 22.44GiB(28.24%)  [34mtps: 138  [36mtflops: 6.68  [35mmfu: 0.68%[39m
[rank0]:[titan] 2026-03-17 13:15:02,529 - root - INFO - [31mstep: 602  [32mloss:  2.7969  [38;2;180;60;0mgrad_norm:  2.1055  [38;2;54;234;195mmemory: 22.44GiB(28.24%)  [34mtps: 134  [36mtflops: 6.46  [35mmfu: 0.65%[39m
[rank0]:[titan] 2026-03-17 13:15:17,563 - root - INFO - [31mstep: 603  [32mloss:  2.7500  [38;2;180;60;0mgrad_norm:  2.5388  [38;2;54;234;195mmemory: 22.44GiB(28.24%)  [34mtps: 136  [36mtflops: 6.57  [35mmfu: 0.66%[39m
[rank0]:[titan] 2026-03-17 13:15:32,723 - root - INFO - [31mstep: 604  [32mloss:  2.8125  [38;2;180;60;0mgrad_norm:  2.0890  [38;2;54;234;195mmemory: 22.44GiB(28.24%)  [34mtps: 135  [36mtflops: 6.52  [35mmfu: 0.66%[39m
[rank0]:[titan] 2026-03-17 13:15:48,096 - root - INFO - [31mstep: 605  [32mloss:  2.7969  [38;2;180;60;0mgrad_norm:  2.8125  [38;2;54;234;195mmemory: 22.44GiB(28.24%)  [34mtps: 133  [36mtflops: 6.43  [35mmfu: 0.65%[39m
[rank0]:[titan] 2026-03-17 13:16:03,407 - root - INFO - [31mstep: 606  [32mloss:  2.7656  [38;2;180;60;0mgrad_norm:  2.4621  [38;2;54;234;195mmemory: 22.44GiB(28.24%)  [34mtps: 134  [36mtflops: 6.45  [35mmfu: 0.65%[39m
[rank0]:[titan] 2026-03-17 13:16:18,366 - root - INFO - [31mstep: 607  [32mloss:  2.7500  [38;2;180;60;0mgrad_norm:  2.8853  [38;2;54;234;195mmemory: 22.44GiB(28.24%)  [34mtps: 137  [36mtflops: 6.61  [35mmfu: 0.67%[39m
[rank0]:[titan] 2026-03-17 13:16:33,654 - root - INFO - [31mstep: 608  [32mloss:  2.7812  [38;2;180;60;0mgrad_norm:  2.7431  [38;2;54;234;195mmemory: 22.44GiB(28.24%)  [34mtps: 134  [36mtflops: 6.46  [35mmfu: 0.65%[39m
[rank0]:[titan] 2026-03-17 13:16:48,974 - root - INFO - [31mstep: 609  [32mloss:  2.8125  [38;2;180;60;0mgrad_norm:  2.6006  [38;2;54;234;195mmemory: 22.44GiB(28.24%)  [34mtps: 134  [36mtflops: 6.45  [35mmfu: 0.65%[39m
[rank0]:[titan] 2026-03-17 13:17:04,190 - root - INFO - [31mstep: 610  [32mloss:  2.7344  [38;2;180;60;0mgrad_norm:  2.1793  [38;2;54;234;195mmemory: 22.44GiB(28.24%)  [34mtps: 135  [36mtflops: 6.49  [35mmfu: 0.66%[39m
[rank0]:[titan] 2026-03-17 13:17:19,317 - root - INFO - [31mstep: 611  [32mloss:  2.7500  [38;2;180;60;0mgrad_norm:  2.4866  [38;2;54;234;195mmemory: 22.44GiB(28.24%)  [34mtps: 135  [36mtflops: 6.53  [35mmfu: 0.66%[39m
[rank0]:[titan] 2026-03-17 13:17:34,698 - root - INFO - [31mstep: 612  [32mloss:  2.8125  [38;2;180;60;0mgrad_norm:  2.3573  [38;2;54;234;195mmemory: 22.44GiB(28.24%)  [34mtps: 133  [36mtflops: 6.43  [35mmfu: 0.65%[39m
[rank0]:[titan] 2026-03-17 13:17:50,071 - root - INFO - [31mstep: 613  [32mloss:  2.8281  [38;2;180;60;0mgrad_norm:  3.0416  [38;2;54;234;195mmemory: 22.44GiB(28.24%)  [34mtps: 133  [36mtflops: 6.43  [35mmfu: 0.65%[39m
[rank0]:[titan] 2026-03-17 13:18:05,414 - root - INFO - [31mstep: 614  [32mloss:  2.7812  [38;2;180;60;0mgrad_norm:  2.3129  [38;2;54;234;195mmemory: 22.44GiB(28.24%)  [34mtps: 133  [36mtflops: 6.44  [35mmfu: 0.65%[39m
[rank0]:[titan] 2026-03-17 13:18:20,629 - root - INFO - [31mstep: 615  [32mloss:  2.8594  [38;2;180;60;0mgrad_norm:  2.3791  [38;2;54;234;195mmemory: 22.44GiB(28.24%)  [34mtps: 135  [36mtflops: 6.50  [35mmfu: 0.66%[39m
[rank0]:[titan] 2026-03-17 13:18:35,466 - root - INFO - [31mstep: 616  [32mloss:  2.8281  [38;2;180;60;0mgrad_norm:  3.1957  [38;2;54;234;195mmemory: 22.44GiB(28.24%)  [34mtps: 138  [36mtflops: 6.66  [35mmfu: 0.67%[39m
[rank0]:[titan] 2026-03-17 13:18:50,524 - root - INFO - [31mstep: 617  [32mloss:  2.7500  [38;2;180;60;0mgrad_norm:  2.1081  [38;2;54;234;195mmemory: 22.44GiB(28.24%)  [34mtps: 136  [36mtflops: 6.56  [35mmfu: 0.66%[39m
[rank0]:[titan] 2026-03-17 13:19:05,503 - root - INFO - [31mstep: 618  [32mloss:  2.7812  [38;2;180;60;0mgrad_norm:  2.4375  [38;2;54;234;195mmemory: 22.44GiB(28.24%)  [34mtps: 137  [36mtflops: 6.60  [35mmfu: 0.67%[39m
[rank0]:[titan] 2026-03-17 13:19:20,458 - root - INFO - [31mstep: 619  [32mloss:  2.7031  [38;2;180;60;0mgrad_norm:  3.1384  [38;2;54;234;195mmemory: 22.44GiB(28.24%)  [34mtps: 137  [36mtflops: 6.61  [35mmfu: 0.67%[39m
[rank0]:[titan] 2026-03-17 13:19:35,423 - root - INFO - [31mstep: 620  [32mloss:  2.7031  [38;2;180;60;0mgrad_norm:  2.7676  [38;2;54;234;195mmemory: 22.44GiB(28.24%)  [34mtps: 137  [36mtflops: 6.60  [35mmfu: 0.67%[39m
[rank0]:[titan] 2026-03-17 13:19:50,481 - root - INFO - [31mstep: 621  [32mloss:  2.7344  [38;2;180;60;0mgrad_norm:  2.5068  [38;2;54;234;195mmemory: 22.44GiB(28.24%)  [34mtps: 136  [36mtflops: 6.56  [35mmfu: 0.66%[39m
[rank0]:[titan] 2026-03-17 13:20:05,516 - root - INFO - [31mstep: 622  [32mloss:  2.7812  [38;2;180;60;0mgrad_norm:  2.9038  [38;2;54;234;195mmemory: 22.44GiB(28.24%)  [34mtps: 136  [36mtflops: 6.57  [35mmfu: 0.66%[39m
[rank0]:[titan] 2026-03-17 13:20:20,660 - root - INFO - [31mstep: 623  [32mloss:  2.8438  [38;2;180;60;0mgrad_norm:  2.3374  [38;2;54;234;195mmemory: 22.44GiB(28.24%)  [34mtps: 135  [36mtflops: 6.53  [35mmfu: 0.66%[39m
[rank0]:[titan] 2026-03-17 13:20:35,451 - root - INFO - [31mstep: 624  [32mloss:  2.7969  [38;2;180;60;0mgrad_norm:  2.7482  [38;2;54;234;195mmemory: 22.44GiB(28.24%)  [34mtps: 138  [36mtflops: 6.68  [35mmfu: 0.68%[39m
[rank0]:[titan] 2026-03-17 13:20:50,511 - root - INFO - [31mstep: 625  [32mloss:  2.7812  [38;2;180;60;0mgrad_norm:  2.4847  [38;2;54;234;195mmemory: 22.44GiB(28.24%)  [34mtps: 136  [36mtflops: 6.56  [35mmfu: 0.66%[39m
[rank0]:[titan] 2026-03-17 13:21:05,542 - root - INFO - [31mstep: 626  [32mloss:  2.7656  [38;2;180;60;0mgrad_norm:  1.8785  [38;2;54;234;195mmemory: 22.44GiB(28.24%)  [34mtps: 136  [36mtflops: 6.57  [35mmfu: 0.66%[39m
[rank0]:[titan] 2026-03-17 13:21:20,785 - root - INFO - [31mstep: 627  [32mloss:  2.7188  [38;2;180;60;0mgrad_norm:  2.7260  [38;2;54;234;195mmemory: 22.44GiB(28.24%)  [34mtps: 134  [36mtflops: 6.48  [35mmfu: 0.66%[39m
[rank0]:[titan] 2026-03-17 13:21:36,065 - root - INFO - [31mstep: 628  [32mloss:  2.7188  [38;2;180;60;0mgrad_norm:  2.2284  [38;2;54;234;195mmemory: 22.44GiB(28.24%)  [34mtps: 134  [36mtflops: 6.47  [35mmfu: 0.65%[39m
[rank0]:[titan] 2026-03-17 13:21:51,557 - root - INFO - [31mstep: 629  [32mloss:  2.7188  [38;2;180;60;0mgrad_norm:  2.3645  [38;2;54;234;195mmemory: 22.44GiB(28.24%)  [34mtps: 132  [36mtflops: 6.38  [35mmfu: 0.64%[39m
[rank0]:[titan] 2026-03-17 13:22:07,097 - root - INFO - [31mstep: 630  [32mloss:  2.7031  [38;2;180;60;0mgrad_norm:  1.8096  [38;2;54;234;195mmemory: 22.44GiB(28.24%)  [34mtps: 132  [36mtflops: 6.36  [35mmfu: 0.64%[39m
[rank0]:[titan] 2026-03-17 13:22:21,823 - root - INFO - [31mstep: 631  [32mloss:  2.7969  [38;2;180;60;0mgrad_norm:  3.0376  [38;2;54;234;195mmemory: 22.44GiB(28.24%)  [34mtps: 139  [36mtflops: 6.71  [35mmfu: 0.68%[39m
[rank0]:[titan] 2026-03-17 13:22:37,106 - root - INFO - [31mstep: 632  [32mloss:  2.8438  [38;2;180;60;0mgrad_norm:  2.3304  [38;2;54;234;195mmemory: 22.44GiB(28.24%)  [34mtps: 134  [36mtflops: 6.47  [35mmfu: 0.65%[39m
[rank0]:[titan] 2026-03-17 13:22:52,545 - root - INFO - [31mstep: 633  [32mloss:  2.7969  [38;2;180;60;0mgrad_norm:  2.6479  [38;2;54;234;195mmemory: 22.44GiB(28.24%)  [34mtps: 133  [36mtflops: 6.40  [35mmfu: 0.65%[39m
[rank0]:[titan] 2026-03-17 13:23:07,718 - root - INFO - [31mstep: 634  [32mloss:  2.7656  [38;2;180;60;0mgrad_norm:  2.7638  [38;2;54;234;195mmemory: 22.44GiB(28.24%)  [34mtps: 135  [36mtflops: 6.51  [35mmfu: 0.66%[39m
[rank0]:[titan] 2026-03-17 13:23:07,721 - root - WARNING - Dataset c4_test is being re-looped
[rank0]:[titan] 2026-03-17 13:23:22,781 - root - INFO - [31mstep: 635  [32mloss:  2.8594  [38;2;180;60;0mgrad_norm:  1.9306  [38;2;54;234;195mmemory: 22.44GiB(28.24%)  [34mtps: 136  [36mtflops: 6.56  [35mmfu: 0.66%[39m
[rank0]:[titan] 2026-03-17 13:23:37,628 - root - INFO - [31mstep: 636  [32mloss:  2.8125  [38;2;180;60;0mgrad_norm:  2.2324  [38;2;54;234;195mmemory: 22.44GiB(28.24%)  [34mtps: 138  [36mtflops: 6.66  [35mmfu: 0.67%[39m
[rank0]:[titan] 2026-03-17 13:23:52,601 - root - INFO - [31mstep: 637  [32mloss:  2.8125  [38;2;180;60;0mgrad_norm:  2.3096  [38;2;54;234;195mmemory: 22.44GiB(28.24%)  [34mtps: 137  [36mtflops: 6.60  [35mmfu: 0.67%[39m
[rank0]:[titan] 2026-03-17 13:24:08,035 - root - INFO - [31mstep: 638  [32mloss:  2.7969  [38;2;180;60;0mgrad_norm:  2.0729  [38;2;54;234;195mmemory: 22.44GiB(28.24%)  [34mtps: 133  [36mtflops: 6.40  [35mmfu: 0.65%[39m
[rank0]:[titan] 2026-03-17 13:24:23,106 - root - INFO - [31mstep: 639  [32mloss:  2.7344  [38;2;180;60;0mgrad_norm:  1.8108  [38;2;54;234;195mmemory: 22.44GiB(28.24%)  [34mtps: 136  [36mtflops: 6.56  [35mmfu: 0.66%[39m
[rank0]:[titan] 2026-03-17 13:24:38,241 - root - INFO - [31mstep: 640  [32mloss:  2.7500  [38;2;180;60;0mgrad_norm:  2.0807  [38;2;54;234;195mmemory: 22.44GiB(28.24%)  [34mtps: 135  [36mtflops: 6.53  [35mmfu: 0.66%[39m
[rank0]:[titan] 2026-03-17 13:24:53,089 - root - INFO - [31mstep: 641  [32mloss:  2.7344  [38;2;180;60;0mgrad_norm:  1.7440  [38;2;54;234;195mmemory: 22.44GiB(28.24%)  [34mtps: 138  [36mtflops: 6.66  [35mmfu: 0.67%[39m
[rank0]:[titan] 2026-03-17 13:25:08,057 - root - INFO - [31mstep: 642  [32mloss:  2.7500  [38;2;180;60;0mgrad_norm:  2.0778  [38;2;54;234;195mmemory: 22.44GiB(28.24%)  [34mtps: 137  [36mtflops: 6.60  [35mmfu: 0.67%[39m
[rank0]:[titan] 2026-03-17 13:25:23,045 - root - INFO - [31mstep: 643  [32mloss:  2.8281  [38;2;180;60;0mgrad_norm:  2.4516  [38;2;54;234;195mmemory: 22.44GiB(28.24%)  [34mtps: 137  [36mtflops: 6.59  [35mmfu: 0.67%[39m
[rank0]:[titan] 2026-03-17 13:25:38,619 - root - INFO - [31mstep: 644  [32mloss:  2.7344  [38;2;180;60;0mgrad_norm:  1.5243  [38;2;54;234;195mmemory: 22.44GiB(28.24%)  [34mtps: 132  [36mtflops: 6.35  [35mmfu: 0.64%[39m
[rank0]:[titan] 2026-03-17 13:25:54,354 - root - INFO - [31mstep: 645  [32mloss:  2.7344  [38;2;180;60;0mgrad_norm:  2.6067  [38;2;54;234;195mmemory: 22.44GiB(28.24%)  [34mtps: 130  [36mtflops: 6.28  [35mmfu: 0.64%[39m
[rank0]:[titan] 2026-03-17 13:26:09,653 - root - INFO - [31mstep: 646  [32mloss:  2.7500  [38;2;180;60;0mgrad_norm:  2.4627  [38;2;54;234;195mmemory: 22.44GiB(28.24%)  [34mtps: 134  [36mtflops: 6.46  [35mmfu: 0.65%[39m
[rank0]:[titan] 2026-03-17 13:26:25,060 - root - INFO - [31mstep: 647  [32mloss:  2.7656  [38;2;180;60;0mgrad_norm:  1.9913  [38;2;54;234;195mmemory: 22.44GiB(28.24%)  [34mtps: 133  [36mtflops: 6.41  [35mmfu: 0.65%[39m
[rank0]:[titan] 2026-03-17 13:26:40,038 - root - INFO - [31mstep: 648  [32mloss:  2.8438  [38;2;180;60;0mgrad_norm:  2.9901  [38;2;54;234;195mmemory: 22.44GiB(28.24%)  [34mtps: 137  [36mtflops: 6.60  [35mmfu: 0.67%[39m
[rank0]:[titan] 2026-03-17 13:26:54,846 - root - INFO - [31mstep: 649  [32mloss:  2.8750  [38;2;180;60;0mgrad_norm:  2.6696  [38;2;54;234;195mmemory: 22.44GiB(28.24%)  [34mtps: 138  [36mtflops: 6.67  [35mmfu: 0.67%[39m
[rank0]:[titan] 2026-03-17 13:27:09,766 - root - INFO - [31mstep: 650  [32mloss:  2.8125  [38;2;180;60;0mgrad_norm:  1.9270  [38;2;54;234;195mmemory: 22.44GiB(28.24%)  [34mtps: 137  [36mtflops: 6.62  [35mmfu: 0.67%[39m
[rank0]:[titan] 2026-03-17 13:27:24,463 - root - INFO - [31mstep: 651  [32mloss:  2.7500  [38;2;180;60;0mgrad_norm:  2.4355  [38;2;54;234;195mmemory: 22.44GiB(28.24%)  [34mtps: 139  [36mtflops: 6.72  [35mmfu: 0.68%[39m
[rank0]:[titan] 2026-03-17 13:27:39,901 - root - INFO - [31mstep: 652  [32mloss:  2.7969  [38;2;180;60;0mgrad_norm:  2.2094  [38;2;54;234;195mmemory: 22.44GiB(28.24%)  [34mtps: 133  [36mtflops: 6.40  [35mmfu: 0.65%[39m
[rank0]:[titan] 2026-03-17 13:27:55,136 - root - INFO - [31mstep: 653  [32mloss:  2.8281  [38;2;180;60;0mgrad_norm:  2.7601  [38;2;54;234;195mmemory: 22.44GiB(28.24%)  [34mtps: 134  [36mtflops: 6.49  [35mmfu: 0.66%[39m
[rank0]:[titan] 2026-03-17 13:28:10,371 - root - INFO - [31mstep: 654  [32mloss:  2.7500  [38;2;180;60;0mgrad_norm:  2.5348  [38;2;54;234;195mmemory: 22.44GiB(28.24%)  [34mtps: 134  [36mtflops: 6.49  [35mmfu: 0.66%[39m
[rank0]:[titan] 2026-03-17 13:28:25,410 - root - INFO - [31mstep: 655  [32mloss:  2.7812  [38;2;180;60;0mgrad_norm:  2.5369  [38;2;54;234;195mmemory: 22.44GiB(28.24%)  [34mtps: 136  [36mtflops: 6.57  [35mmfu: 0.66%[39m
[rank0]:[titan] 2026-03-17 13:28:40,535 - root - INFO - [31mstep: 656  [32mloss:  2.7969  [38;2;180;60;0mgrad_norm:  2.8417  [38;2;54;234;195mmemory: 22.44GiB(28.24%)  [34mtps: 135  [36mtflops: 6.53  [35mmfu: 0.66%[39m
[rank0]:[titan] 2026-03-17 13:28:55,707 - root - INFO - [31mstep: 657  [32mloss:  2.7969  [38;2;180;60;0mgrad_norm:  2.1219  [38;2;54;234;195mmemory: 22.44GiB(28.24%)  [34mtps: 135  [36mtflops: 6.51  [35mmfu: 0.66%[39m
[rank0]:[titan] 2026-03-17 13:29:10,783 - root - INFO - [31mstep: 658  [32mloss:  2.7656  [38;2;180;60;0mgrad_norm:  3.0323  [38;2;54;234;195mmemory: 22.44GiB(28.24%)  [34mtps: 136  [36mtflops: 6.55  [35mmfu: 0.66%[39m
[rank0]:[titan] 2026-03-17 13:29:25,739 - root - INFO - [31mstep: 659  [32mloss:  2.7969  [38;2;180;60;0mgrad_norm:  2.4054  [38;2;54;234;195mmemory: 22.44GiB(28.24%)  [34mtps: 137  [36mtflops: 6.61  [35mmfu: 0.67%[39m
[rank0]:[titan] 2026-03-17 13:29:40,997 - root - INFO - [31mstep: 660  [32mloss:  2.7656  [38;2;180;60;0mgrad_norm:  1.8572  [38;2;54;234;195mmemory: 22.44GiB(28.24%)  [34mtps: 134  [36mtflops: 6.48  [35mmfu: 0.65%[39m
[rank0]:[titan] 2026-03-17 13:29:56,205 - root - INFO - [31mstep: 661  [32mloss:  2.7656  [38;2;180;60;0mgrad_norm:  3.7246  [38;2;54;234;195mmemory: 22.44GiB(28.24%)  [34mtps: 135  [36mtflops: 6.50  [35mmfu: 0.66%[39m
[rank0]:[titan] 2026-03-17 13:30:11,372 - root - INFO - [31mstep: 662  [32mloss:  2.8125  [38;2;180;60;0mgrad_norm:  4.0101  [38;2;54;234;195mmemory: 22.44GiB(28.24%)  [34mtps: 135  [36mtflops: 6.52  [35mmfu: 0.66%[39m
[rank0]:[titan] 2026-03-17 13:30:26,439 - root - INFO - [31mstep: 663  [32mloss:  2.8281  [38;2;180;60;0mgrad_norm:  1.6958  [38;2;54;234;195mmemory: 22.44GiB(28.24%)  [34mtps: 136  [36mtflops: 6.56  [35mmfu: 0.66%[39m
[rank0]:[titan] 2026-03-17 13:30:41,503 - root - INFO - [31mstep: 664  [32mloss:  2.8125  [38;2;180;60;0mgrad_norm:  3.1138  [38;2;54;234;195mmemory: 22.44GiB(28.24%)  [34mtps: 136  [36mtflops: 6.56  [35mmfu: 0.66%[39m
[rank0]:[titan] 2026-03-17 13:30:56,368 - root - INFO - [31mstep: 665  [32mloss:  2.8750  [38;2;180;60;0mgrad_norm:  3.0512  [38;2;54;234;195mmemory: 22.44GiB(28.24%)  [34mtps: 138  [36mtflops: 6.65  [35mmfu: 0.67%[39m
[rank0]:[titan] 2026-03-17 13:31:11,381 - root - INFO - [31mstep: 666  [32mloss:  2.8125  [38;2;180;60;0mgrad_norm:  1.7283  [38;2;54;234;195mmemory: 22.44GiB(28.24%)  [34mtps: 136  [36mtflops: 6.58  [35mmfu: 0.67%[39m
[rank0]:[titan] 2026-03-17 13:31:26,361 - root - INFO - [31mstep: 667  [32mloss:  2.7812  [38;2;180;60;0mgrad_norm:  3.6029  [38;2;54;234;195mmemory: 22.44GiB(28.24%)  [34mtps: 137  [36mtflops: 6.60  [35mmfu: 0.67%[39m
[rank0]:[titan] 2026-03-17 13:31:41,520 - root - INFO - [31mstep: 668  [32mloss:  2.8438  [38;2;180;60;0mgrad_norm:  3.8418  [38;2;54;234;195mmemory: 22.44GiB(28.24%)  [34mtps: 135  [36mtflops: 6.52  [35mmfu: 0.66%[39m
[rank0]:[titan] 2026-03-17 13:31:56,600 - root - INFO - [31mstep: 669  [32mloss:  2.7969  [38;2;180;60;0mgrad_norm:  1.9720  [38;2;54;234;195mmemory: 22.44GiB(28.24%)  [34mtps: 136  [36mtflops: 6.55  [35mmfu: 0.66%[39m
[rank0]:[titan] 2026-03-17 13:32:11,698 - root - INFO - [31mstep: 670  [32mloss:  2.8125  [38;2;180;60;0mgrad_norm:  2.8700  [38;2;54;234;195mmemory: 22.44GiB(28.24%)  [34mtps: 136  [36mtflops: 6.55  [35mmfu: 0.66%[39m
[rank0]:[titan] 2026-03-17 13:32:26,713 - root - INFO - [31mstep: 671  [32mloss:  2.8281  [38;2;180;60;0mgrad_norm:  3.4606  [38;2;54;234;195mmemory: 22.44GiB(28.24%)  [34mtps: 136  [36mtflops: 6.58  [35mmfu: 0.67%[39m
[rank0]:[titan] 2026-03-17 13:32:41,721 - root - INFO - [31mstep: 672  [32mloss:  2.7812  [38;2;180;60;0mgrad_norm:  2.1755  [38;2;54;234;195mmemory: 22.44GiB(28.24%)  [34mtps: 136  [36mtflops: 6.58  [35mmfu: 0.67%[39m
[rank0]:[titan] 2026-03-17 13:32:57,048 - root - INFO - [31mstep: 673  [32mloss:  2.8125  [38;2;180;60;0mgrad_norm:  2.9532  [38;2;54;234;195mmemory: 22.44GiB(28.24%)  [34mtps: 134  [36mtflops: 6.45  [35mmfu: 0.65%[39m
[rank0]:[titan] 2026-03-17 13:33:11,875 - root - INFO - [31mstep: 674  [32mloss:  2.8281  [38;2;180;60;0mgrad_norm:  3.0768  [38;2;54;234;195mmemory: 22.44GiB(28.24%)  [34mtps: 138  [36mtflops: 6.67  [35mmfu: 0.67%[39m
[rank0]:[titan] 2026-03-17 13:33:27,250 - root - INFO - [31mstep: 675  [32mloss:  2.8438  [38;2;180;60;0mgrad_norm:  2.7174  [38;2;54;234;195mmemory: 22.44GiB(28.24%)  [34mtps: 133  [36mtflops: 6.43  [35mmfu: 0.65%[39m
[rank0]:[titan] 2026-03-17 13:33:42,263 - root - INFO - [31mstep: 676  [32mloss:  2.7656  [38;2;180;60;0mgrad_norm:  3.0716  [38;2;54;234;195mmemory: 22.44GiB(28.24%)  [34mtps: 136  [36mtflops: 6.58  [35mmfu: 0.67%[39m
[rank0]:[titan] 2026-03-17 13:33:57,622 - root - INFO - [31mstep: 677  [32mloss:  2.7969  [38;2;180;60;0mgrad_norm:  3.2901  [38;2;54;234;195mmemory: 22.44GiB(28.24%)  [34mtps: 133  [36mtflops: 6.43  [35mmfu: 0.65%[39m
[rank0]:[titan] 2026-03-17 13:34:12,664 - root - INFO - [31mstep: 678  [32mloss:  2.8906  [38;2;180;60;0mgrad_norm:  3.2417  [38;2;54;234;195mmemory: 22.44GiB(28.24%)  [34mtps: 136  [36mtflops: 6.57  [35mmfu: 0.66%[39m
[rank0]:[titan] 2026-03-17 13:34:27,683 - root - INFO - [31mstep: 679  [32mloss:  2.7656  [38;2;180;60;0mgrad_norm:  3.2665  [38;2;54;234;195mmemory: 22.44GiB(28.24%)  [34mtps: 136  [36mtflops: 6.58  [35mmfu: 0.67%[39m
[rank0]:[titan] 2026-03-17 13:34:42,832 - root - INFO - [31mstep: 680  [32mloss:  2.8125  [38;2;180;60;0mgrad_norm:  2.3988  [38;2;54;234;195mmemory: 22.44GiB(28.24%)  [34mtps: 135  [36mtflops: 6.52  [35mmfu: 0.66%[39m
[rank0]:[titan] 2026-03-17 13:34:57,256 - root - INFO - [31mstep: 681  [32mloss:  2.7969  [38;2;180;60;0mgrad_norm:  2.7342  [38;2;54;234;195mmemory: 22.44GiB(28.24%)  [34mtps: 142  [36mtflops: 6.85  [35mmfu: 0.69%[39m
[rank0]:[titan] 2026-03-17 13:35:12,803 - root - INFO - [31mstep: 682  [32mloss:  2.7500  [38;2;180;60;0mgrad_norm:  2.2407  [38;2;54;234;195mmemory: 22.44GiB(28.24%)  [34mtps: 132  [36mtflops: 6.36  [35mmfu: 0.64%[39m
[rank0]:[titan] 2026-03-17 13:35:28,773 - root - INFO - [31mstep: 683  [32mloss:  2.7344  [38;2;180;60;0mgrad_norm:  2.7010  [38;2;54;234;195mmemory: 22.44GiB(28.24%)  [34mtps: 128  [36mtflops: 6.19  [35mmfu: 0.63%[39m
[rank0]:[titan] 2026-03-17 13:35:43,946 - root - INFO - [31mstep: 684  [32mloss:  2.7500  [38;2;180;60;0mgrad_norm:  2.9853  [38;2;54;234;195mmemory: 22.44GiB(28.24%)  [34mtps: 135  [36mtflops: 6.51  [35mmfu: 0.66%[39m
[rank0]:[titan] 2026-03-17 13:35:58,990 - root - INFO - [31mstep: 685  [32mloss:  2.7188  [38;2;180;60;0mgrad_norm:  2.4228  [38;2;54;234;195mmemory: 22.44GiB(28.24%)  [34mtps: 136  [36mtflops: 6.57  [35mmfu: 0.66%[39m
[rank0]:[titan] 2026-03-17 13:36:13,928 - root - INFO - [31mstep: 686  [32mloss:  2.6719  [38;2;180;60;0mgrad_norm:  2.8426  [38;2;54;234;195mmemory: 22.44GiB(28.24%)  [34mtps: 137  [36mtflops: 6.62  [35mmfu: 0.67%[39m
[rank0]:[titan] 2026-03-17 13:36:28,959 - root - INFO - [31mstep: 687  [32mloss:  2.7344  [38;2;180;60;0mgrad_norm:  2.6293  [38;2;54;234;195mmemory: 22.44GiB(28.24%)  [34mtps: 136  [36mtflops: 6.57  [35mmfu: 0.66%[39m
[rank0]:[titan] 2026-03-17 13:36:43,446 - root - INFO - [31mstep: 688  [32mloss:  2.7188  [38;2;180;60;0mgrad_norm:  2.7457  [38;2;54;234;195mmemory: 22.44GiB(28.24%)  [34mtps: 141  [36mtflops: 6.82  [35mmfu: 0.69%[39m
[rank0]:[titan] 2026-03-17 13:36:59,302 - root - INFO - [31mstep: 689  [32mloss:  2.8125  [38;2;180;60;0mgrad_norm:  2.5364  [38;2;54;234;195mmemory: 22.44GiB(28.24%)  [34mtps: 129  [36mtflops: 6.23  [35mmfu: 0.63%[39m
[rank0]:[titan] 2026-03-17 13:37:14,891 - root - INFO - [31mstep: 690  [32mloss:  2.7031  [38;2;180;60;0mgrad_norm:  2.0503  [38;2;54;234;195mmemory: 22.44GiB(28.24%)  [34mtps: 131  [36mtflops: 6.34  [35mmfu: 0.64%[39m
[rank0]:[titan] 2026-03-17 13:37:30,073 - root - INFO - [31mstep: 691  [32mloss:  2.6719  [38;2;180;60;0mgrad_norm:  2.6547  [38;2;54;234;195mmemory: 22.44GiB(28.24%)  [34mtps: 135  [36mtflops: 6.51  [35mmfu: 0.66%[39m
[rank0]:[titan] 2026-03-17 13:37:45,057 - root - INFO - [31mstep: 692  [32mloss:  2.7344  [38;2;180;60;0mgrad_norm:  2.6621  [38;2;54;234;195mmemory: 22.44GiB(28.24%)  [34mtps: 137  [36mtflops: 6.60  [35mmfu: 0.67%[39m
[rank0]:[titan] 2026-03-17 13:38:00,729 - root - INFO - [31mstep: 693  [32mloss:  2.7500  [38;2;180;60;0mgrad_norm:  2.0530  [38;2;54;234;195mmemory: 22.44GiB(28.24%)  [34mtps: 131  [36mtflops: 6.31  [35mmfu: 0.64%[39m
[rank0]:[titan] 2026-03-17 13:38:16,309 - root - INFO - [31mstep: 694  [32mloss:  2.7500  [38;2;180;60;0mgrad_norm:  2.3384  [38;2;54;234;195mmemory: 22.44GiB(28.24%)  [34mtps: 131  [36mtflops: 6.34  [35mmfu: 0.64%[39m
[rank0]:[titan] 2026-03-17 13:38:31,747 - root - INFO - [31mstep: 695  [32mloss:  2.7344  [38;2;180;60;0mgrad_norm:  1.4918  [38;2;54;234;195mmemory: 22.44GiB(28.24%)  [34mtps: 133  [36mtflops: 6.40  [35mmfu: 0.65%[39m
[rank0]:[titan] 2026-03-17 13:38:47,212 - root - INFO - [31mstep: 696  [32mloss:  2.6875  [38;2;180;60;0mgrad_norm:  2.6594  [38;2;54;234;195mmemory: 22.44GiB(28.24%)  [34mtps: 132  [36mtflops: 6.39  [35mmfu: 0.65%[39m
[rank0]:[titan] 2026-03-17 13:39:02,532 - root - INFO - [31mstep: 697  [32mloss:  2.7188  [38;2;180;60;0mgrad_norm:  2.4876  [38;2;54;234;195mmemory: 22.44GiB(28.24%)  [34mtps: 134  [36mtflops: 6.45  [35mmfu: 0.65%[39m
[rank0]:[titan] 2026-03-17 13:39:17,758 - root - INFO - [31mstep: 698  [32mloss:  2.7344  [38;2;180;60;0mgrad_norm:  1.7487  [38;2;54;234;195mmemory: 22.44GiB(28.24%)  [34mtps: 135  [36mtflops: 6.49  [35mmfu: 0.66%[39m
[rank0]:[titan] 2026-03-17 13:39:33,005 - root - INFO - [31mstep: 699  [32mloss:  2.7188  [38;2;180;60;0mgrad_norm:  2.1217  [38;2;54;234;195mmemory: 22.44GiB(28.24%)  [34mtps: 134  [36mtflops: 6.48  [35mmfu: 0.66%[39m
[rank0]:[titan] 2026-03-17 13:39:48,728 - root - INFO - [31mstep: 700  [32mloss:  2.7344  [38;2;180;60;0mgrad_norm:  2.2067  [38;2;54;234;195mmemory: 22.44GiB(28.24%)  [34mtps: 130  [36mtflops: 6.29  [35mmfu: 0.64%[39m
[rank0]:[titan] 2026-03-17 13:40:03,994 - root - INFO - [31mstep: 701  [32mloss:  2.7812  [38;2;180;60;0mgrad_norm:  2.1368  [38;2;54;234;195mmemory: 22.44GiB(28.24%)  [34mtps: 134  [36mtflops: 6.47  [35mmfu: 0.65%[39m
[rank0]:[titan] 2026-03-17 13:40:19,471 - root - INFO - [31mstep: 702  [32mloss:  2.7812  [38;2;180;60;0mgrad_norm:  1.7616  [38;2;54;234;195mmemory: 22.44GiB(28.24%)  [34mtps: 132  [36mtflops: 6.38  [35mmfu: 0.65%[39m
[rank0]:[titan] 2026-03-17 13:40:34,755 - root - INFO - [31mstep: 703  [32mloss:  2.8125  [38;2;180;60;0mgrad_norm:  1.6485  [38;2;54;234;195mmemory: 22.44GiB(28.24%)  [34mtps: 134  [36mtflops: 6.47  [35mmfu: 0.65%[39m
[rank0]:[titan] 2026-03-17 13:40:49,881 - root - INFO - [31mstep: 704  [32mloss:  2.7656  [38;2;180;60;0mgrad_norm:  2.5574  [38;2;54;234;195mmemory: 22.44GiB(28.24%)  [34mtps: 135  [36mtflops: 6.53  [35mmfu: 0.66%[39m
[rank0]:[titan] 2026-03-17 13:41:05,324 - root - INFO - [31mstep: 705  [32mloss:  2.9375  [38;2;180;60;0mgrad_norm:  2.7599  [38;2;54;234;195mmemory: 22.44GiB(28.24%)  [34mtps: 133  [36mtflops: 6.40  [35mmfu: 0.65%[39m
[rank0]:[titan] 2026-03-17 13:41:20,788 - root - INFO - [31mstep: 706  [32mloss:  2.9375  [38;2;180;60;0mgrad_norm:  1.4899  [38;2;54;234;195mmemory: 22.44GiB(28.24%)  [34mtps: 132  [36mtflops: 6.39  [35mmfu: 0.65%[39m
[rank0]:[titan] 2026-03-17 13:41:36,111 - root - INFO - [31mstep: 707  [32mloss:  2.8594  [38;2;180;60;0mgrad_norm:  2.9300  [38;2;54;234;195mmemory: 22.44GiB(28.24%)  [34mtps: 134  [36mtflops: 6.45  [35mmfu: 0.65%[39m
[rank0]:[titan] 2026-03-17 13:41:51,616 - root - INFO - [31mstep: 708  [32mloss:  2.8281  [38;2;180;60;0mgrad_norm:  2.7427  [38;2;54;234;195mmemory: 22.44GiB(28.24%)  [34mtps: 132  [36mtflops: 6.37  [35mmfu: 0.64%[39m
[rank0]:[titan] 2026-03-17 13:42:06,748 - root - INFO - [31mstep: 709  [32mloss:  2.7812  [38;2;180;60;0mgrad_norm:  2.6719  [38;2;54;234;195mmemory: 22.44GiB(28.24%)  [34mtps: 135  [36mtflops: 6.53  [35mmfu: 0.66%[39m
[rank0]:[titan] 2026-03-17 13:42:21,848 - root - INFO - [31mstep: 710  [32mloss:  2.8125  [38;2;180;60;0mgrad_norm:  2.6124  [38;2;54;234;195mmemory: 22.44GiB(28.24%)  [34mtps: 136  [36mtflops: 6.54  [35mmfu: 0.66%[39m
[rank0]:[titan] 2026-03-17 13:42:37,271 - root - INFO - [31mstep: 711  [32mloss:  2.8438  [38;2;180;60;0mgrad_norm:  2.9632  [38;2;54;234;195mmemory: 22.44GiB(28.24%)  [34mtps: 133  [36mtflops: 6.41  [35mmfu: 0.65%[39m
[rank0]:[titan] 2026-03-17 13:42:52,550 - root - INFO - [31mstep: 712  [32mloss:  2.8125  [38;2;180;60;0mgrad_norm:  1.9285  [38;2;54;234;195mmemory: 22.44GiB(28.24%)  [34mtps: 134  [36mtflops: 6.47  [35mmfu: 0.65%[39m
[rank0]:[titan] 2026-03-17 13:43:07,511 - root - INFO - [31mstep: 713  [32mloss:  2.7969  [38;2;180;60;0mgrad_norm:  3.4797  [38;2;54;234;195mmemory: 22.44GiB(28.24%)  [34mtps: 137  [36mtflops: 6.61  [35mmfu: 0.67%[39m
[rank0]:[titan] 2026-03-17 13:43:22,887 - root - INFO - [31mstep: 714  [32mloss:  2.7812  [38;2;180;60;0mgrad_norm:  2.7044  [38;2;54;234;195mmemory: 22.44GiB(28.24%)  [34mtps: 133  [36mtflops: 6.43  [35mmfu: 0.65%[39m
[rank0]:[titan] 2026-03-17 13:43:37,935 - root - INFO - [31mstep: 715  [32mloss:  2.8438  [38;2;180;60;0mgrad_norm:  2.7644  [38;2;54;234;195mmemory: 22.44GiB(28.24%)  [34mtps: 136  [36mtflops: 6.57  [35mmfu: 0.66%[39m
[rank0]:[titan] 2026-03-17 13:43:53,250 - root - INFO - [31mstep: 716  [32mloss:  2.8281  [38;2;180;60;0mgrad_norm:  2.3970  [38;2;54;234;195mmemory: 22.44GiB(28.24%)  [34mtps: 134  [36mtflops: 6.45  [35mmfu: 0.65%[39m
[rank0]:[titan] 2026-03-17 13:44:08,007 - root - INFO - [31mstep: 717  [32mloss:  2.7969  [38;2;180;60;0mgrad_norm:  2.0356  [38;2;54;234;195mmemory: 22.44GiB(28.24%)  [34mtps: 139  [36mtflops: 6.70  [35mmfu: 0.68%[39m
[rank0]:[titan] 2026-03-17 13:44:23,119 - root - INFO - [31mstep: 718  [32mloss:  2.7344  [38;2;180;60;0mgrad_norm:  2.5905  [38;2;54;234;195mmemory: 22.44GiB(28.24%)  [34mtps: 136  [36mtflops: 6.54  [35mmfu: 0.66%[39m
[rank0]:[titan] 2026-03-17 13:44:37,909 - root - INFO - [31mstep: 719  [32mloss:  2.7812  [38;2;180;60;0mgrad_norm:  2.5007  [38;2;54;234;195mmemory: 22.44GiB(28.24%)  [34mtps: 138  [36mtflops: 6.68  [35mmfu: 0.68%[39m
[rank0]:[titan] 2026-03-17 13:44:53,154 - root - INFO - [31mstep: 720  [32mloss:  2.7344  [38;2;180;60;0mgrad_norm:  1.7023  [38;2;54;234;195mmemory: 22.44GiB(28.24%)  [34mtps: 134  [36mtflops: 6.48  [35mmfu: 0.66%[39m
[rank0]:[titan] 2026-03-17 13:45:08,191 - root - INFO - [31mstep: 721  [32mloss:  2.8438  [38;2;180;60;0mgrad_norm:  2.6754  [38;2;54;234;195mmemory: 22.44GiB(28.24%)  [34mtps: 136  [36mtflops: 6.57  [35mmfu: 0.66%[39m
[rank0]:[titan] 2026-03-17 13:45:23,176 - root - INFO - [31mstep: 722  [32mloss:  2.8125  [38;2;180;60;0mgrad_norm:  1.6644  [38;2;54;234;195mmemory: 22.44GiB(28.24%)  [34mtps: 137  [36mtflops: 6.59  [35mmfu: 0.67%[39m
[rank0]:[titan] 2026-03-17 13:45:38,711 - root - INFO - [31mstep: 723  [32mloss:  2.7656  [38;2;180;60;0mgrad_norm:  1.8588  [38;2;54;234;195mmemory: 22.44GiB(28.24%)  [34mtps: 132  [36mtflops: 6.36  [35mmfu: 0.64%[39m
[rank0]:[titan] 2026-03-17 13:45:54,212 - root - INFO - [31mstep: 724  [32mloss:  2.8125  [38;2;180;60;0mgrad_norm:  2.0622  [38;2;54;234;195mmemory: 22.44GiB(28.24%)  [34mtps: 132  [36mtflops: 6.38  [35mmfu: 0.64%[39m
[rank0]:[titan] 2026-03-17 13:46:09,331 - root - INFO - [31mstep: 725  [32mloss:  2.7969  [38;2;180;60;0mgrad_norm:  2.0069  [38;2;54;234;195mmemory: 22.44GiB(28.24%)  [34mtps: 135  [36mtflops: 6.54  [35mmfu: 0.66%[39m
[rank0]:[titan] 2026-03-17 13:46:24,276 - root - INFO - [31mstep: 726  [32mloss:  2.9062  [38;2;180;60;0mgrad_norm:  2.0822  [38;2;54;234;195mmemory: 22.44GiB(28.24%)  [34mtps: 137  [36mtflops: 6.61  [35mmfu: 0.67%[39m
[rank0]:[titan] 2026-03-17 13:46:39,328 - root - INFO - [31mstep: 727  [32mloss:  2.7812  [38;2;180;60;0mgrad_norm:  2.1405  [38;2;54;234;195mmemory: 22.44GiB(28.24%)  [34mtps: 136  [36mtflops: 6.57  [35mmfu: 0.66%[39m
[rank0]:[titan] 2026-03-17 13:46:54,454 - root - INFO - [31mstep: 728  [32mloss:  2.7812  [38;2;180;60;0mgrad_norm:  2.7281  [38;2;54;234;195mmemory: 22.44GiB(28.24%)  [34mtps: 135  [36mtflops: 6.53  [35mmfu: 0.66%[39m
[rank0]:[titan] 2026-03-17 13:47:09,386 - root - INFO - [31mstep: 729  [32mloss:  2.8438  [38;2;180;60;0mgrad_norm:  2.4694  [38;2;54;234;195mmemory: 22.44GiB(28.24%)  [34mtps: 137  [36mtflops: 6.62  [35mmfu: 0.67%[39m
[rank0]:[titan] 2026-03-17 13:47:24,240 - root - INFO - [31mstep: 730  [32mloss:  2.7969  [38;2;180;60;0mgrad_norm:  2.0959  [38;2;54;234;195mmemory: 22.44GiB(28.24%)  [34mtps: 138  [36mtflops: 6.65  [35mmfu: 0.67%[39m
[rank0]:[titan] 2026-03-17 13:47:39,100 - root - INFO - [31mstep: 731  [32mloss:  2.7969  [38;2;180;60;0mgrad_norm:  2.6929  [38;2;54;234;195mmemory: 22.44GiB(28.24%)  [34mtps: 138  [36mtflops: 6.65  [35mmfu: 0.67%[39m
[rank0]:[titan] 2026-03-17 13:47:54,047 - root - INFO - [31mstep: 732  [32mloss:  2.7812  [38;2;180;60;0mgrad_norm:  1.9210  [38;2;54;234;195mmemory: 22.44GiB(28.24%)  [34mtps: 137  [36mtflops: 6.61  [35mmfu: 0.67%[39m
[rank0]:[titan] 2026-03-17 13:48:09,006 - root - INFO - [31mstep: 733  [32mloss:  2.7500  [38;2;180;60;0mgrad_norm:  2.4554  [38;2;54;234;195mmemory: 22.44GiB(28.24%)  [34mtps: 137  [36mtflops: 6.61  [35mmfu: 0.67%[39m
[rank0]:[titan] 2026-03-17 13:48:24,125 - root - INFO - [31mstep: 734  [32mloss:  2.7812  [38;2;180;60;0mgrad_norm:  2.6188  [38;2;54;234;195mmemory: 22.44GiB(28.24%)  [34mtps: 135  [36mtflops: 6.54  [35mmfu: 0.66%[39m
[rank0]:[titan] 2026-03-17 13:48:39,055 - root - INFO - [31mstep: 735  [32mloss:  2.7812  [38;2;180;60;0mgrad_norm:  1.9999  [38;2;54;234;195mmemory: 22.44GiB(28.24%)  [34mtps: 137  [36mtflops: 6.62  [35mmfu: 0.67%[39m
[rank0]:[titan] 2026-03-17 13:48:54,002 - root - INFO - [31mstep: 736  [32mloss:  2.8125  [38;2;180;60;0mgrad_norm:  1.9312  [38;2;54;234;195mmemory: 22.44GiB(28.24%)  [34mtps: 137  [36mtflops: 6.61  [35mmfu: 0.67%[39m
[rank0]:[titan] 2026-03-17 13:49:08,745 - root - INFO - [31mstep: 737  [32mloss:  2.7969  [38;2;180;60;0mgrad_norm:  2.1433  [38;2;54;234;195mmemory: 22.44GiB(28.24%)  [34mtps: 139  [36mtflops: 6.70  [35mmfu: 0.68%[39m
[rank0]:[titan] 2026-03-17 13:49:23,771 - root - INFO - [31mstep: 738  [32mloss:  2.8281  [38;2;180;60;0mgrad_norm:  1.8833  [38;2;54;234;195mmemory: 22.44GiB(28.24%)  [34mtps: 136  [36mtflops: 6.58  [35mmfu: 0.67%[39m
[rank0]:[titan] 2026-03-17 13:49:39,008 - root - INFO - [31mstep: 739  [32mloss:  2.7656  [38;2;180;60;0mgrad_norm:  2.0944  [38;2;54;234;195mmemory: 22.44GiB(28.24%)  [34mtps: 134  [36mtflops: 6.49  [35mmfu: 0.66%[39m
[rank0]:[titan] 2026-03-17 13:49:53,719 - root - INFO - [31mstep: 740  [32mloss:  2.7500  [38;2;180;60;0mgrad_norm:  1.9127  [38;2;54;234;195mmemory: 22.44GiB(28.24%)  [34mtps: 139  [36mtflops: 6.72  [35mmfu: 0.68%[39m
[rank0]:[titan] 2026-03-17 13:50:08,952 - root - INFO - [31mstep: 741  [32mloss:  2.7656  [38;2;180;60;0mgrad_norm:  2.3651  [38;2;54;234;195mmemory: 22.44GiB(28.24%)  [34mtps: 134  [36mtflops: 6.49  [35mmfu: 0.66%[39m
[rank0]:[titan] 2026-03-17 13:50:24,213 - root - INFO - [31mstep: 742  [32mloss:  2.7344  [38;2;180;60;0mgrad_norm:  1.7467  [38;2;54;234;195mmemory: 22.44GiB(28.24%)  [34mtps: 134  [36mtflops: 6.48  [35mmfu: 0.65%[39m
[rank0]:[titan] 2026-03-17 13:50:39,738 - root - INFO - [31mstep: 743  [32mloss:  2.7188  [38;2;180;60;0mgrad_norm:  1.8514  [38;2;54;234;195mmemory: 22.44GiB(28.24%)  [34mtps: 132  [36mtflops: 6.37  [35mmfu: 0.64%[39m
[rank0]:[titan] 2026-03-17 13:50:55,049 - root - INFO - [31mstep: 744  [32mloss:  2.7656  [38;2;180;60;0mgrad_norm:  2.4729  [38;2;54;234;195mmemory: 22.44GiB(28.24%)  [34mtps: 134  [36mtflops: 6.45  [35mmfu: 0.65%[39m
[rank0]:[titan] 2026-03-17 13:51:10,511 - root - INFO - [31mstep: 745  [32mloss:  2.8438  [38;2;180;60;0mgrad_norm:  1.7499  [38;2;54;234;195mmemory: 22.44GiB(28.24%)  [34mtps: 132  [36mtflops: 6.39  [35mmfu: 0.65%[39m
[rank0]:[titan] 2026-03-17 13:51:26,100 - root - INFO - [31mstep: 746  [32mloss:  2.7656  [38;2;180;60;0mgrad_norm:  2.0316  [38;2;54;234;195mmemory: 22.44GiB(28.24%)  [34mtps: 131  [36mtflops: 6.34  [35mmfu: 0.64%[39m
[rank0]:[titan] 2026-03-17 13:51:41,610 - root - INFO - [31mstep: 747  [32mloss:  2.7344  [38;2;180;60;0mgrad_norm:  1.9050  [38;2;54;234;195mmemory: 22.44GiB(28.24%)  [34mtps: 132  [36mtflops: 6.37  [35mmfu: 0.64%[39m
[rank0]:[titan] 2026-03-17 13:51:57,067 - root - INFO - [31mstep: 748  [32mloss:  2.7031  [38;2;180;60;0mgrad_norm:  1.5832  [38;2;54;234;195mmemory: 22.44GiB(28.24%)  [34mtps: 133  [36mtflops: 6.39  [35mmfu: 0.65%[39m
[rank0]:[titan] 2026-03-17 13:52:12,380 - root - INFO - [31mstep: 749  [32mloss:  2.7656  [38;2;180;60;0mgrad_norm:  2.0573  [38;2;54;234;195mmemory: 22.44GiB(28.24%)  [34mtps: 134  [36mtflops: 6.45  [35mmfu: 0.65%[39m
[rank0]:[titan] 2026-03-17 13:52:27,500 - root - INFO - [31mstep: 750  [32mloss:  2.7188  [38;2;180;60;0mgrad_norm:  1.8471  [38;2;54;234;195mmemory: 22.44GiB(28.24%)  [34mtps: 135  [36mtflops: 6.54  [35mmfu: 0.66%[39m
[rank0]:[titan] 2026-03-17 13:52:42,453 - root - INFO - [31mstep: 751  [32mloss:  2.7031  [38;2;180;60;0mgrad_norm:  1.8038  [38;2;54;234;195mmemory: 22.44GiB(28.24%)  [34mtps: 137  [36mtflops: 6.61  [35mmfu: 0.67%[39m
[rank0]:[titan] 2026-03-17 13:52:57,497 - root - INFO - [31mstep: 752  [32mloss:  2.7031  [38;2;180;60;0mgrad_norm:  2.1157  [38;2;54;234;195mmemory: 22.44GiB(28.24%)  [34mtps: 136  [36mtflops: 6.57  [35mmfu: 0.66%[39m
[rank0]:[titan] 2026-03-17 13:53:12,741 - root - INFO - [31mstep: 753  [32mloss:  2.7969  [38;2;180;60;0mgrad_norm:  1.9346  [38;2;54;234;195mmemory: 22.44GiB(28.24%)  [34mtps: 134  [36mtflops: 6.48  [35mmfu: 0.66%[39m
[rank0]:[titan] 2026-03-17 13:53:27,955 - root - INFO - [31mstep: 754  [32mloss:  2.7500  [38;2;180;60;0mgrad_norm:  1.6124  [38;2;54;234;195mmemory: 22.44GiB(28.24%)  [34mtps: 135  [36mtflops: 6.50  [35mmfu: 0.66%[39m
[rank0]:[titan] 2026-03-17 13:53:43,614 - root - INFO - [31mstep: 755  [32mloss:  2.7969  [38;2;180;60;0mgrad_norm:  2.0271  [38;2;54;234;195mmemory: 22.44GiB(28.24%)  [34mtps: 131  [36mtflops: 6.31  [35mmfu: 0.64%[39m
[rank0]:[titan] 2026-03-17 13:53:58,906 - root - INFO - [31mstep: 756  [32mloss:  2.7656  [38;2;180;60;0mgrad_norm:  2.1478  [38;2;54;234;195mmemory: 22.44GiB(28.24%)  [34mtps: 134  [36mtflops: 6.46  [35mmfu: 0.65%[39m
[rank0]:[titan] 2026-03-17 13:54:14,071 - root - INFO - [31mstep: 757  [32mloss:  2.7656  [38;2;180;60;0mgrad_norm:  1.8331  [38;2;54;234;195mmemory: 22.44GiB(28.24%)  [34mtps: 135  [36mtflops: 6.52  [35mmfu: 0.66%[39m
[rank0]:[titan] 2026-03-17 13:54:29,212 - root - INFO - [31mstep: 758  [32mloss:  2.7188  [38;2;180;60;0mgrad_norm:  2.0899  [38;2;54;234;195mmemory: 22.44GiB(28.24%)  [34mtps: 135  [36mtflops: 6.53  [35mmfu: 0.66%[39m
[rank0]:[titan] 2026-03-17 13:54:44,225 - root - INFO - [31mstep: 759  [32mloss:  2.7969  [38;2;180;60;0mgrad_norm:  1.8868  [38;2;54;234;195mmemory: 22.44GiB(28.24%)  [34mtps: 136  [36mtflops: 6.58  [35mmfu: 0.67%[39m
[rank0]:[titan] 2026-03-17 13:54:59,174 - root - INFO - [31mstep: 760  [32mloss:  2.7812  [38;2;180;60;0mgrad_norm:  2.8155  [38;2;54;234;195mmemory: 22.44GiB(28.24%)  [34mtps: 137  [36mtflops: 6.61  [35mmfu: 0.67%[39m
[rank0]:[titan] 2026-03-17 13:55:14,191 - root - INFO - [31mstep: 761  [32mloss:  2.8125  [38;2;180;60;0mgrad_norm:  2.7562  [38;2;54;234;195mmemory: 22.44GiB(28.24%)  [34mtps: 136  [36mtflops: 6.58  [35mmfu: 0.67%[39m
[rank0]:[titan] 2026-03-17 13:55:28,807 - root - INFO - [31mstep: 762  [32mloss:  2.7656  [38;2;180;60;0mgrad_norm:  2.9908  [38;2;54;234;195mmemory: 22.44GiB(28.24%)  [34mtps: 140  [36mtflops: 6.76  [35mmfu: 0.68%[39m
[rank0]:[titan] 2026-03-17 13:55:44,188 - root - INFO - [31mstep: 763  [32mloss:  2.7656  [38;2;180;60;0mgrad_norm:  2.2044  [38;2;54;234;195mmemory: 22.44GiB(28.24%)  [34mtps: 133  [36mtflops: 6.43  [35mmfu: 0.65%[39m
[rank0]:[titan] 2026-03-17 13:55:59,448 - root - INFO - [31mstep: 764  [32mloss:  2.7656  [38;2;180;60;0mgrad_norm:  2.9484  [38;2;54;234;195mmemory: 22.44GiB(28.24%)  [34mtps: 134  [36mtflops: 6.48  [35mmfu: 0.65%[39m
[rank0]:[titan] 2026-03-17 13:56:14,445 - root - INFO - [31mstep: 765  [32mloss:  2.7969  [38;2;180;60;0mgrad_norm:  2.8494  [38;2;54;234;195mmemory: 22.44GiB(28.24%)  [34mtps: 137  [36mtflops: 6.59  [35mmfu: 0.67%[39m
[rank0]:[titan] 2026-03-17 13:56:29,644 - root - INFO - [31mstep: 766  [32mloss:  2.9062  [38;2;180;60;0mgrad_norm:  2.8554  [38;2;54;234;195mmemory: 22.44GiB(28.24%)  [34mtps: 135  [36mtflops: 6.50  [35mmfu: 0.66%[39m
[rank0]:[titan] 2026-03-17 13:56:44,724 - root - INFO - [31mstep: 767  [32mloss:  2.7969  [38;2;180;60;0mgrad_norm:  2.8995  [38;2;54;234;195mmemory: 22.44GiB(28.24%)  [34mtps: 136  [36mtflops: 6.55  [35mmfu: 0.66%[39m
[rank0]:[titan] 2026-03-17 13:56:59,741 - root - INFO - [31mstep: 768  [32mloss:  2.8281  [38;2;180;60;0mgrad_norm:  2.6233  [38;2;54;234;195mmemory: 22.44GiB(28.24%)  [34mtps: 136  [36mtflops: 6.58  [35mmfu: 0.67%[39m
[rank0]:[titan] 2026-03-17 13:57:14,785 - root - INFO - [31mstep: 769  [32mloss:  2.8125  [38;2;180;60;0mgrad_norm:  2.6038  [38;2;54;234;195mmemory: 22.44GiB(28.24%)  [34mtps: 136  [36mtflops: 6.57  [35mmfu: 0.66%[39m
[rank0]:[titan] 2026-03-17 13:57:29,588 - root - INFO - [31mstep: 770  [32mloss:  2.8281  [38;2;180;60;0mgrad_norm:  2.8820  [38;2;54;234;195mmemory: 22.44GiB(28.24%)  [34mtps: 138  [36mtflops: 6.68  [35mmfu: 0.68%[39m
[rank0]:[titan] 2026-03-17 13:57:44,566 - root - INFO - [31mstep: 771  [32mloss:  2.8125  [38;2;180;60;0mgrad_norm:  2.1471  [38;2;54;234;195mmemory: 22.44GiB(28.24%)  [34mtps: 137  [36mtflops: 6.60  [35mmfu: 0.67%[39m
[rank0]:[titan] 2026-03-17 13:57:59,265 - root - INFO - [31mstep: 772  [32mloss:  2.7656  [38;2;180;60;0mgrad_norm:  2.4947  [38;2;54;234;195mmemory: 22.44GiB(28.24%)  [34mtps: 139  [36mtflops: 6.72  [35mmfu: 0.68%[39m
[rank0]:[titan] 2026-03-17 13:58:14,343 - root - INFO - [31mstep: 773  [32mloss:  2.7812  [38;2;180;60;0mgrad_norm:  2.5273  [38;2;54;234;195mmemory: 22.44GiB(28.24%)  [34mtps: 136  [36mtflops: 6.55  [35mmfu: 0.66%[39m
[rank0]:[titan] 2026-03-17 13:58:29,529 - root - INFO - [31mstep: 774  [32mloss:  2.6875  [38;2;180;60;0mgrad_norm:  2.3779  [38;2;54;234;195mmemory: 22.44GiB(28.24%)  [34mtps: 135  [36mtflops: 6.51  [35mmfu: 0.66%[39m
[rank0]:[titan] 2026-03-17 13:58:44,924 - root - INFO - [31mstep: 775  [32mloss:  2.7188  [38;2;180;60;0mgrad_norm:  2.2256  [38;2;54;234;195mmemory: 22.44GiB(28.24%)  [34mtps: 133  [36mtflops: 6.42  [35mmfu: 0.65%[39m
[rank0]:[titan] 2026-03-17 13:58:59,958 - root - INFO - [31mstep: 776  [32mloss:  2.8281  [38;2;180;60;0mgrad_norm:  2.7678  [38;2;54;234;195mmemory: 22.44GiB(28.24%)  [34mtps: 136  [36mtflops: 6.57  [35mmfu: 0.66%[39m
[rank0]:[titan] 2026-03-17 13:59:15,340 - root - INFO - [31mstep: 777  [32mloss:  2.7500  [38;2;180;60;0mgrad_norm:  1.9558  [38;2;54;234;195mmemory: 22.44GiB(28.24%)  [34mtps: 133  [36mtflops: 6.42  [35mmfu: 0.65%[39m
[rank0]:[titan] 2026-03-17 13:59:30,664 - root - INFO - [31mstep: 778  [32mloss:  2.6719  [38;2;180;60;0mgrad_norm:  2.1718  [38;2;54;234;195mmemory: 22.44GiB(28.24%)  [34mtps: 134  [36mtflops: 6.45  [35mmfu: 0.65%[39m
[rank0]:[titan] 2026-03-17 13:59:45,356 - root - INFO - [31mstep: 779  [32mloss:  2.7188  [38;2;180;60;0mgrad_norm:  1.6565  [38;2;54;234;195mmemory: 22.44GiB(28.24%)  [34mtps: 139  [36mtflops: 6.73  [35mmfu: 0.68%[39m
[rank0]:[titan] 2026-03-17 14:00:00,343 - root - INFO - [31mstep: 780  [32mloss:  2.6875  [38;2;180;60;0mgrad_norm:  1.9209  [38;2;54;234;195mmemory: 22.44GiB(28.24%)  [34mtps: 137  [36mtflops: 6.59  [35mmfu: 0.67%[39m
[rank0]:[titan] 2026-03-17 14:00:15,392 - root - INFO - [31mstep: 781  [32mloss:  2.7188  [38;2;180;60;0mgrad_norm:  2.3693  [38;2;54;234;195mmemory: 22.44GiB(28.24%)  [34mtps: 136  [36mtflops: 6.57  [35mmfu: 0.66%[39m
[rank0]:[titan] 2026-03-17 14:00:30,388 - root - INFO - [31mstep: 782  [32mloss:  2.7031  [38;2;180;60;0mgrad_norm:  1.9741  [38;2;54;234;195mmemory: 22.44GiB(28.24%)  [34mtps: 137  [36mtflops: 6.59  [35mmfu: 0.67%[39m
[rank0]:[titan] 2026-03-17 14:00:45,422 - root - INFO - [31mstep: 783  [32mloss:  2.7656  [38;2;180;60;0mgrad_norm:  2.3167  [38;2;54;234;195mmemory: 22.44GiB(28.24%)  [34mtps: 136  [36mtflops: 6.58  [35mmfu: 0.66%[39m
[rank0]:[titan] 2026-03-17 14:01:00,455 - root - INFO - [31mstep: 784  [32mloss:  2.6875  [38;2;180;60;0mgrad_norm:  2.6636  [38;2;54;234;195mmemory: 22.44GiB(28.24%)  [34mtps: 136  [36mtflops: 6.57  [35mmfu: 0.66%[39m
[rank0]:[titan] 2026-03-17 14:01:15,570 - root - INFO - [31mstep: 785  [32mloss:  2.7500  [38;2;180;60;0mgrad_norm:  2.2834  [38;2;54;234;195mmemory: 22.44GiB(28.24%)  [34mtps: 135  [36mtflops: 6.54  [35mmfu: 0.66%[39m
[rank0]:[titan] 2026-03-17 14:01:31,079 - root - INFO - [31mstep: 786  [32mloss:  2.7500  [38;2;180;60;0mgrad_norm:  1.9253  [38;2;54;234;195mmemory: 22.44GiB(28.24%)  [34mtps: 132  [36mtflops: 6.37  [35mmfu: 0.64%[39m
[rank0]:[titan] 2026-03-17 14:01:46,277 - root - INFO - [31mstep: 787  [32mloss:  2.7344  [38;2;180;60;0mgrad_norm:  2.3731  [38;2;54;234;195mmemory: 22.44GiB(28.24%)  [34mtps: 135  [36mtflops: 6.50  [35mmfu: 0.66%[39m
[rank0]:[titan] 2026-03-17 14:02:01,446 - root - INFO - [31mstep: 788  [32mloss:  2.7344  [38;2;180;60;0mgrad_norm:  2.0680  [38;2;54;234;195mmemory: 22.44GiB(28.24%)  [34mtps: 135  [36mtflops: 6.51  [35mmfu: 0.66%[39m
[rank0]:[titan] 2026-03-17 14:02:17,016 - root - INFO - [31mstep: 789  [32mloss:  2.7500  [38;2;180;60;0mgrad_norm:  2.5047  [38;2;54;234;195mmemory: 22.44GiB(28.24%)  [34mtps: 132  [36mtflops: 6.35  [35mmfu: 0.64%[39m
[rank0]:[titan] 2026-03-17 14:02:32,396 - root - INFO - [31mstep: 790  [32mloss:  2.7500  [38;2;180;60;0mgrad_norm:  1.3736  [38;2;54;234;195mmemory: 22.44GiB(28.24%)  [34mtps: 133  [36mtflops: 6.43  [35mmfu: 0.65%[39m
[rank0]:[titan] 2026-03-17 14:02:47,525 - root - INFO - [31mstep: 791  [32mloss:  2.7656  [38;2;180;60;0mgrad_norm:  2.5148  [38;2;54;234;195mmemory: 22.44GiB(28.24%)  [34mtps: 135  [36mtflops: 6.53  [35mmfu: 0.66%[39m
[rank0]:[titan] 2026-03-17 14:03:02,384 - root - INFO - [31mstep: 792  [32mloss:  2.7188  [38;2;180;60;0mgrad_norm:  2.4247  [38;2;54;234;195mmemory: 22.44GiB(28.24%)  [34mtps: 138  [36mtflops: 6.65  [35mmfu: 0.67%[39m
[rank0]:[titan] 2026-03-17 14:03:17,324 - root - INFO - [31mstep: 793  [32mloss:  2.6875  [38;2;180;60;0mgrad_norm:  1.9803  [38;2;54;234;195mmemory: 22.44GiB(28.24%)  [34mtps: 137  [36mtflops: 6.61  [35mmfu: 0.67%[39m
[rank0]:[titan] 2026-03-17 14:03:32,594 - root - INFO - [31mstep: 794  [32mloss:  2.8281  [38;2;180;60;0mgrad_norm:  2.1302  [38;2;54;234;195mmemory: 22.44GiB(28.24%)  [34mtps: 134  [36mtflops: 6.47  [35mmfu: 0.65%[39m
[rank0]:[titan] 2026-03-17 14:03:47,951 - root - INFO - [31mstep: 795  [32mloss:  2.8438  [38;2;180;60;0mgrad_norm:  1.6515  [38;2;54;234;195mmemory: 22.44GiB(28.24%)  [34mtps: 133  [36mtflops: 6.43  [35mmfu: 0.65%[39m
[rank0]:[titan] 2026-03-17 14:04:02,685 - root - INFO - [31mstep: 796  [32mloss:  2.7188  [38;2;180;60;0mgrad_norm:  2.2890  [38;2;54;234;195mmemory: 22.44GiB(28.24%)  [34mtps: 139  [36mtflops: 6.71  [35mmfu: 0.68%[39m
[rank0]:[titan] 2026-03-17 14:04:18,576 - root - INFO - [31mstep: 797  [32mloss:  2.7656  [38;2;180;60;0mgrad_norm:  2.0494  [38;2;54;234;195mmemory: 22.44GiB(28.24%)  [34mtps: 129  [36mtflops: 6.22  [35mmfu: 0.63%[39m
[rank0]:[titan] 2026-03-17 14:04:34,259 - root - INFO - [31mstep: 798  [32mloss:  2.7500  [38;2;180;60;0mgrad_norm:  1.9262  [38;2;54;234;195mmemory: 22.44GiB(28.24%)  [34mtps: 131  [36mtflops: 6.30  [35mmfu: 0.64%[39m
[rank0]:[titan] 2026-03-17 14:04:49,470 - root - INFO - [31mstep: 799  [32mloss:  2.7188  [38;2;180;60;0mgrad_norm:  2.6393  [38;2;54;234;195mmemory: 22.44GiB(28.24%)  [34mtps: 135  [36mtflops: 6.50  [35mmfu: 0.66%[39m
[rank0]:[titan] 2026-03-17 14:05:04,589 - root - INFO - [31mstep: 800  [32mloss:  2.7031  [38;2;180;60;0mgrad_norm:  1.9414  [38;2;54;234;195mmemory: 22.44GiB(28.24%)  [34mtps: 135  [36mtflops: 6.54  [35mmfu: 0.66%[39m
[rank0]:[titan] 2026-03-17 14:05:19,901 - root - INFO - [31mstep: 801  [32mloss:  2.7188  [38;2;180;60;0mgrad_norm:  2.0303  [38;2;54;234;195mmemory: 22.44GiB(28.24%)  [34mtps: 134  [36mtflops: 6.45  [35mmfu: 0.65%[39m
[rank0]:[titan] 2026-03-17 14:05:34,845 - root - INFO - [31mstep: 802  [32mloss:  2.7500  [38;2;180;60;0mgrad_norm:  2.3053  [38;2;54;234;195mmemory: 22.44GiB(28.24%)  [34mtps: 137  [36mtflops: 6.61  [35mmfu: 0.67%[39m
[rank0]:[titan] 2026-03-17 14:05:50,100 - root - INFO - [31mstep: 803  [32mloss:  2.7188  [38;2;180;60;0mgrad_norm:  2.2004  [38;2;54;234;195mmemory: 22.44GiB(28.24%)  [34mtps: 134  [36mtflops: 6.48  [35mmfu: 0.66%[39m
[rank0]:[titan] 2026-03-17 14:06:05,372 - root - INFO - [31mstep: 804  [32mloss:  2.7812  [38;2;180;60;0mgrad_norm:  2.6859  [38;2;54;234;195mmemory: 22.44GiB(28.24%)  [34mtps: 134  [36mtflops: 6.47  [35mmfu: 0.65%[39m
[rank0]:[titan] 2026-03-17 14:06:20,437 - root - INFO - [31mstep: 805  [32mloss:  2.7969  [38;2;180;60;0mgrad_norm:  2.5258  [38;2;54;234;195mmemory: 22.44GiB(28.24%)  [34mtps: 136  [36mtflops: 6.56  [35mmfu: 0.66%[39m
[rank0]:[titan] 2026-03-17 14:06:35,457 - root - INFO - [31mstep: 806  [32mloss:  2.7344  [38;2;180;60;0mgrad_norm:  2.5538  [38;2;54;234;195mmemory: 22.44GiB(28.24%)  [34mtps: 136  [36mtflops: 6.58  [35mmfu: 0.67%[39m
[rank0]:[titan] 2026-03-17 14:06:50,453 - root - INFO - [31mstep: 807  [32mloss:  2.7500  [38;2;180;60;0mgrad_norm:  2.8483  [38;2;54;234;195mmemory: 22.44GiB(28.24%)  [34mtps: 137  [36mtflops: 6.59  [35mmfu: 0.67%[39m
[rank0]:[titan] 2026-03-17 14:07:05,570 - root - INFO - [31mstep: 808  [32mloss:  2.7656  [38;2;180;60;0mgrad_norm:  3.3067  [38;2;54;234;195mmemory: 22.44GiB(28.24%)  [34mtps: 135  [36mtflops: 6.54  [35mmfu: 0.66%[39m
[rank0]:[titan] 2026-03-17 14:07:20,894 - root - INFO - [31mstep: 809  [32mloss:  2.7969  [38;2;180;60;0mgrad_norm:  2.4911  [38;2;54;234;195mmemory: 22.44GiB(28.24%)  [34mtps: 134  [36mtflops: 6.45  [35mmfu: 0.65%[39m
[rank0]:[titan] 2026-03-17 14:07:36,088 - root - INFO - [31mstep: 810  [32mloss:  2.7656  [38;2;180;60;0mgrad_norm:  2.4058  [38;2;54;234;195mmemory: 22.44GiB(28.24%)  [34mtps: 135  [36mtflops: 6.50  [35mmfu: 0.66%[39m
[rank0]:[titan] 2026-03-17 14:07:51,004 - root - INFO - [31mstep: 811  [32mloss:  2.7812  [38;2;180;60;0mgrad_norm:  3.3684  [38;2;54;234;195mmemory: 22.44GiB(28.24%)  [34mtps: 137  [36mtflops: 6.63  [35mmfu: 0.67%[39m
[rank0]:[titan] 2026-03-17 14:08:05,993 - root - INFO - [31mstep: 812  [32mloss:  2.7500  [38;2;180;60;0mgrad_norm:  1.8717  [38;2;54;234;195mmemory: 22.44GiB(28.24%)  [34mtps: 137  [36mtflops: 6.59  [35mmfu: 0.67%[39m
[rank0]:[titan] 2026-03-17 14:08:21,124 - root - INFO - [31mstep: 813  [32mloss:  2.7500  [38;2;180;60;0mgrad_norm:  2.9227  [38;2;54;234;195mmemory: 22.44GiB(28.24%)  [34mtps: 135  [36mtflops: 6.53  [35mmfu: 0.66%[39m
[rank0]:[titan] 2026-03-17 14:08:36,715 - root - INFO - [31mstep: 814  [32mloss:  2.7812  [38;2;180;60;0mgrad_norm:  3.0478  [38;2;54;234;195mmemory: 22.44GiB(28.24%)  [34mtps: 131  [36mtflops: 6.34  [35mmfu: 0.64%[39m
[rank0]:[titan] 2026-03-17 14:08:51,653 - root - INFO - [31mstep: 815  [32mloss:  2.6875  [38;2;180;60;0mgrad_norm:  1.9589  [38;2;54;234;195mmemory: 22.44GiB(28.24%)  [34mtps: 137  [36mtflops: 6.62  [35mmfu: 0.67%[39m
[rank0]:[titan] 2026-03-17 14:09:06,770 - root - INFO - [31mstep: 816  [32mloss:  2.8125  [38;2;180;60;0mgrad_norm:  2.5442  [38;2;54;234;195mmemory: 22.44GiB(28.24%)  [34mtps: 135  [36mtflops: 6.54  [35mmfu: 0.66%[39m
[rank0]:[titan] 2026-03-17 14:09:21,844 - root - INFO - [31mstep: 817  [32mloss:  2.7188  [38;2;180;60;0mgrad_norm:  2.4700  [38;2;54;234;195mmemory: 22.44GiB(28.24%)  [34mtps: 136  [36mtflops: 6.56  [35mmfu: 0.66%[39m
[rank0]:[titan] 2026-03-17 14:09:36,795 - root - INFO - [31mstep: 818  [32mloss:  2.7500  [38;2;180;60;0mgrad_norm:  1.7318  [38;2;54;234;195mmemory: 22.44GiB(28.24%)  [34mtps: 137  [36mtflops: 6.61  [35mmfu: 0.67%[39m
[rank0]:[titan] 2026-03-17 14:09:52,245 - root - INFO - [31mstep: 819  [32mloss:  2.7656  [38;2;180;60;0mgrad_norm:  2.2787  [38;2;54;234;195mmemory: 22.44GiB(28.24%)  [34mtps: 133  [36mtflops: 6.40  [35mmfu: 0.65%[39m
[rank0]:[titan] 2026-03-17 14:10:07,495 - root - INFO - [31mstep: 820  [32mloss:  2.7656  [38;2;180;60;0mgrad_norm:  2.8942  [38;2;54;234;195mmemory: 22.44GiB(28.24%)  [34mtps: 134  [36mtflops: 6.48  [35mmfu: 0.66%[39m
[rank0]:[titan] 2026-03-17 14:10:22,632 - root - INFO - [31mstep: 821  [32mloss:  2.7969  [38;2;180;60;0mgrad_norm:  1.6283  [38;2;54;234;195mmemory: 22.44GiB(28.24%)  [34mtps: 135  [36mtflops: 6.53  [35mmfu: 0.66%[39m
[rank0]:[titan] 2026-03-17 14:10:37,690 - root - INFO - [31mstep: 822  [32mloss:  2.7188  [38;2;180;60;0mgrad_norm:  2.7679  [38;2;54;234;195mmemory: 22.44GiB(28.24%)  [34mtps: 136  [36mtflops: 6.56  [35mmfu: 0.66%[39m
[rank0]:[titan] 2026-03-17 14:10:53,135 - root - INFO - [31mstep: 823  [32mloss:  2.7656  [38;2;180;60;0mgrad_norm:  3.0148  [38;2;54;234;195mmemory: 22.44GiB(28.24%)  [34mtps: 133  [36mtflops: 6.40  [35mmfu: 0.65%[39m
[rank0]:[titan] 2026-03-17 14:11:08,455 - root - INFO - [31mstep: 824  [32mloss:  2.7344  [38;2;180;60;0mgrad_norm:  1.9799  [38;2;54;234;195mmemory: 22.44GiB(28.24%)  [34mtps: 134  [36mtflops: 6.45  [35mmfu: 0.65%[39m
[rank0]:[titan] 2026-03-17 14:11:23,772 - root - INFO - [31mstep: 825  [32mloss:  2.7031  [38;2;180;60;0mgrad_norm:  2.5780  [38;2;54;234;195mmemory: 22.44GiB(28.24%)  [34mtps: 134  [36mtflops: 6.45  [35mmfu: 0.65%[39m
[rank0]:[titan] 2026-03-17 14:11:39,049 - root - INFO - [31mstep: 826  [32mloss:  2.7344  [38;2;180;60;0mgrad_norm:  3.2695  [38;2;54;234;195mmemory: 22.44GiB(28.24%)  [34mtps: 134  [36mtflops: 6.47  [35mmfu: 0.65%[39m
[rank0]:[titan] 2026-03-17 14:11:53,994 - root - INFO - [31mstep: 827  [32mloss:  2.7500  [38;2;180;60;0mgrad_norm:  2.5780  [38;2;54;234;195mmemory: 22.44GiB(28.24%)  [34mtps: 137  [36mtflops: 6.61  [35mmfu: 0.67%[39m
[rank0]:[titan] 2026-03-17 14:12:09,166 - root - INFO - [31mstep: 828  [32mloss:  2.8125  [38;2;180;60;0mgrad_norm:  2.1483  [38;2;54;234;195mmemory: 22.44GiB(28.24%)  [34mtps: 135  [36mtflops: 6.51  [35mmfu: 0.66%[39m
[rank0]:[titan] 2026-03-17 14:12:24,503 - root - INFO - [31mstep: 829  [32mloss:  2.7656  [38;2;180;60;0mgrad_norm:  2.7194  [38;2;54;234;195mmemory: 22.44GiB(28.24%)  [34mtps: 134  [36mtflops: 6.44  [35mmfu: 0.65%[39m
[rank0]:[titan] 2026-03-17 14:12:39,737 - root - INFO - [31mstep: 830  [32mloss:  2.7031  [38;2;180;60;0mgrad_norm:  2.1036  [38;2;54;234;195mmemory: 22.44GiB(28.24%)  [34mtps: 134  [36mtflops: 6.49  [35mmfu: 0.66%[39m
[rank0]:[titan] 2026-03-17 14:12:54,935 - root - INFO - [31mstep: 831  [32mloss:  2.7031  [38;2;180;60;0mgrad_norm:  1.6611  [38;2;54;234;195mmemory: 22.44GiB(28.24%)  [34mtps: 135  [36mtflops: 6.50  [35mmfu: 0.66%[39m
[rank0]:[titan] 2026-03-17 14:13:10,552 - root - INFO - [31mstep: 832  [32mloss:  2.7500  [38;2;180;60;0mgrad_norm:  2.4228  [38;2;54;234;195mmemory: 22.44GiB(28.24%)  [34mtps: 131  [36mtflops: 6.33  [35mmfu: 0.64%[39m
[rank0]:[titan] 2026-03-17 14:13:26,027 - root - INFO - [31mstep: 833  [32mloss:  2.7812  [38;2;180;60;0mgrad_norm:  1.9387  [38;2;54;234;195mmemory: 22.44GiB(28.24%)  [34mtps: 132  [36mtflops: 6.39  [35mmfu: 0.65%[39m
[rank0]:[titan] 2026-03-17 14:13:41,497 - root - INFO - [31mstep: 834  [32mloss:  2.7344  [38;2;180;60;0mgrad_norm:  1.8452  [38;2;54;234;195mmemory: 22.44GiB(28.24%)  [34mtps: 132  [36mtflops: 6.39  [35mmfu: 0.65%[39m
[rank0]:[titan] 2026-03-17 14:13:56,648 - root - INFO - [31mstep: 835  [32mloss:  2.7656  [38;2;180;60;0mgrad_norm:  1.5840  [38;2;54;234;195mmemory: 22.44GiB(28.24%)  [34mtps: 135  [36mtflops: 6.52  [35mmfu: 0.66%[39m
[rank0]:[titan] 2026-03-17 14:14:11,842 - root - INFO - [31mstep: 836  [32mloss:  2.7812  [38;2;180;60;0mgrad_norm:  2.4092  [38;2;54;234;195mmemory: 22.44GiB(28.24%)  [34mtps: 135  [36mtflops: 6.50  [35mmfu: 0.66%[39m
[rank0]:[titan] 2026-03-17 14:14:27,197 - root - INFO - [31mstep: 837  [32mloss:  2.8125  [38;2;180;60;0mgrad_norm:  1.7772  [38;2;54;234;195mmemory: 22.44GiB(28.24%)  [34mtps: 133  [36mtflops: 6.44  [35mmfu: 0.65%[39m
[rank0]:[titan] 2026-03-17 14:14:42,340 - root - INFO - [31mstep: 838  [32mloss:  2.7812  [38;2;180;60;0mgrad_norm:  1.5919  [38;2;54;234;195mmemory: 22.44GiB(28.24%)  [34mtps: 135  [36mtflops: 6.53  [35mmfu: 0.66%[39m
[rank0]:[titan] 2026-03-17 14:14:57,374 - root - INFO - [31mstep: 839  [32mloss:  2.7500  [38;2;180;60;0mgrad_norm:  1.7493  [38;2;54;234;195mmemory: 22.44GiB(28.24%)  [34mtps: 136  [36mtflops: 6.57  [35mmfu: 0.66%[39m
[rank0]:[titan] 2026-03-17 14:15:12,711 - root - INFO - [31mstep: 840  [32mloss:  2.7500  [38;2;180;60;0mgrad_norm:  2.1886  [38;2;54;234;195mmemory: 22.44GiB(28.24%)  [34mtps: 134  [36mtflops: 6.44  [35mmfu: 0.65%[39m
[rank0]:[titan] 2026-03-17 14:15:27,618 - root - INFO - [31mstep: 841  [32mloss:  2.7500  [38;2;180;60;0mgrad_norm:  1.5922  [38;2;54;234;195mmemory: 22.44GiB(28.24%)  [34mtps: 137  [36mtflops: 6.63  [35mmfu: 0.67%[39m
[rank0]:[titan] 2026-03-17 14:15:42,941 - root - INFO - [31mstep: 842  [32mloss:  2.6875  [38;2;180;60;0mgrad_norm:  2.1362  [38;2;54;234;195mmemory: 22.44GiB(28.24%)  [34mtps: 134  [36mtflops: 6.45  [35mmfu: 0.65%[39m
[rank0]:[titan] 2026-03-17 14:15:57,849 - root - INFO - [31mstep: 843  [32mloss:  2.6875  [38;2;180;60;0mgrad_norm:  1.8203  [38;2;54;234;195mmemory: 22.44GiB(28.24%)  [34mtps: 137  [36mtflops: 6.63  [35mmfu: 0.67%[39m
[rank0]:[titan] 2026-03-17 14:16:13,011 - root - INFO - [31mstep: 844  [32mloss:  2.7656  [38;2;180;60;0mgrad_norm:  1.9883  [38;2;54;234;195mmemory: 22.44GiB(28.24%)  [34mtps: 135  [36mtflops: 6.52  [35mmfu: 0.66%[39m
[rank0]:[titan] 2026-03-17 14:16:28,176 - root - INFO - [31mstep: 845  [32mloss:  2.8125  [38;2;180;60;0mgrad_norm:  2.2721  [38;2;54;234;195mmemory: 22.44GiB(28.24%)  [34mtps: 135  [36mtflops: 6.52  [35mmfu: 0.66%[39m
[rank0]:[titan] 2026-03-17 14:16:28,179 - root - WARNING - Dataset c4_test is being re-looped
[rank0]:[titan] 2026-03-17 14:16:43,341 - root - INFO - [31mstep: 846  [32mloss:  2.7656  [38;2;180;60;0mgrad_norm:  2.1402  [38;2;54;234;195mmemory: 22.44GiB(28.24%)  [34mtps: 135  [36mtflops: 6.52  [35mmfu: 0.66%[39m
[rank0]:[titan] 2026-03-17 14:16:58,909 - root - INFO - [31mstep: 847  [32mloss:  2.7969  [38;2;180;60;0mgrad_norm:  2.0611  [38;2;54;234;195mmemory: 22.44GiB(28.24%)  [34mtps: 132  [36mtflops: 6.35  [35mmfu: 0.64%[39m
[rank0]:[titan] 2026-03-17 14:17:13,386 - root - INFO - [31mstep: 848  [32mloss:  2.7812  [38;2;180;60;0mgrad_norm:  1.7404  [38;2;54;234;195mmemory: 22.44GiB(28.24%)  [34mtps: 141  [36mtflops: 6.83  [35mmfu: 0.69%[39m
[rank0]:[titan] 2026-03-17 14:17:28,770 - root - INFO - [31mstep: 849  [32mloss:  2.7031  [38;2;180;60;0mgrad_norm:  1.9125  [38;2;54;234;195mmemory: 22.44GiB(28.24%)  [34mtps: 133  [36mtflops: 6.42  [35mmfu: 0.65%[39m
[rank0]:[titan] 2026-03-17 14:17:44,042 - root - INFO - [31mstep: 850  [32mloss:  2.7500  [38;2;180;60;0mgrad_norm:  1.8794  [38;2;54;234;195mmemory: 22.44GiB(28.24%)  [34mtps: 134  [36mtflops: 6.47  [35mmfu: 0.65%[39m
[rank0]:[titan] 2026-03-17 14:17:59,716 - root - INFO - [31mstep: 851  [32mloss:  2.7500  [38;2;180;60;0mgrad_norm:  1.8794  [38;2;54;234;195mmemory: 22.44GiB(28.24%)  [34mtps: 131  [36mtflops: 6.30  [35mmfu: 0.64%[39m
[rank0]:[titan] 2026-03-17 14:18:15,095 - root - INFO - [31mstep: 852  [32mloss:  2.7031  [38;2;180;60;0mgrad_norm:  1.3027  [38;2;54;234;195mmemory: 22.44GiB(28.24%)  [34mtps: 133  [36mtflops: 6.43  [35mmfu: 0.65%[39m
[rank0]:[titan] 2026-03-17 14:18:30,580 - root - INFO - [31mstep: 853  [32mloss:  2.7344  [38;2;180;60;0mgrad_norm:  2.0206  [38;2;54;234;195mmemory: 22.44GiB(28.24%)  [34mtps: 132  [36mtflops: 6.38  [35mmfu: 0.65%[39m
[rank0]:[titan] 2026-03-17 14:18:45,618 - root - INFO - [31mstep: 854  [32mloss:  2.6875  [38;2;180;60;0mgrad_norm:  1.7521  [38;2;54;234;195mmemory: 22.44GiB(28.24%)  [34mtps: 136  [36mtflops: 6.57  [35mmfu: 0.66%[39m
[rank0]:[titan] 2026-03-17 14:19:00,702 - root - INFO - [31mstep: 855  [32mloss:  2.7031  [38;2;180;60;0mgrad_norm:  1.4681  [38;2;54;234;195mmemory: 22.44GiB(28.24%)  [34mtps: 136  [36mtflops: 6.55  [35mmfu: 0.66%[39m
[rank0]:[titan] 2026-03-17 14:19:15,500 - root - INFO - [31mstep: 856  [32mloss:  2.7188  [38;2;180;60;0mgrad_norm:  1.7564  [38;2;54;234;195mmemory: 22.44GiB(28.24%)  [34mtps: 138  [36mtflops: 6.68  [35mmfu: 0.68%[39m
[rank0]:[titan] 2026-03-17 14:19:30,511 - root - INFO - [31mstep: 857  [32mloss:  2.7031  [38;2;180;60;0mgrad_norm:  1.1436  [38;2;54;234;195mmemory: 22.44GiB(28.24%)  [34mtps: 136  [36mtflops: 6.58  [35mmfu: 0.67%[39m
[rank0]:[titan] 2026-03-17 14:19:45,515 - root - INFO - [31mstep: 858  [32mloss:  2.7344  [38;2;180;60;0mgrad_norm:  1.7915  [38;2;54;234;195mmemory: 22.44GiB(28.24%)  [34mtps: 137  [36mtflops: 6.59  [35mmfu: 0.67%[39m
[rank0]:[titan] 2026-03-17 14:20:00,740 - root - INFO - [31mstep: 859  [32mloss:  2.7500  [38;2;180;60;0mgrad_norm:  1.6595  [38;2;54;234;195mmemory: 22.44GiB(28.24%)  [34mtps: 135  [36mtflops: 6.49  [35mmfu: 0.66%[39m
[rank0]:[titan] 2026-03-17 14:20:15,964 - root - INFO - [31mstep: 860  [32mloss:  2.7500  [38;2;180;60;0mgrad_norm:  1.5821  [38;2;54;234;195mmemory: 22.44GiB(28.24%)  [34mtps: 135  [36mtflops: 6.49  [35mmfu: 0.66%[39m
[rank0]:[titan] 2026-03-17 14:20:31,368 - root - INFO - [31mstep: 861  [32mloss:  2.9062  [38;2;180;60;0mgrad_norm:  2.2063  [38;2;54;234;195mmemory: 22.44GiB(28.24%)  [34mtps: 133  [36mtflops: 6.42  [35mmfu: 0.65%[39m
[rank0]:[titan] 2026-03-17 14:20:46,732 - root - INFO - [31mstep: 862  [32mloss:  2.8125  [38;2;180;60;0mgrad_norm:  2.0116  [38;2;54;234;195mmemory: 22.44GiB(28.24%)  [34mtps: 133  [36mtflops: 6.43  [35mmfu: 0.65%[39m
[rank0]:[titan] 2026-03-17 14:21:01,811 - root - INFO - [31mstep: 863  [32mloss:  2.7812  [38;2;180;60;0mgrad_norm:  1.7703  [38;2;54;234;195mmemory: 22.44GiB(28.24%)  [34mtps: 136  [36mtflops: 6.55  [35mmfu: 0.66%[39m
[rank0]:[titan] 2026-03-17 14:21:16,745 - root - INFO - [31mstep: 864  [32mloss:  2.7656  [38;2;180;60;0mgrad_norm:  1.8587  [38;2;54;234;195mmemory: 22.44GiB(28.24%)  [34mtps: 137  [36mtflops: 6.62  [35mmfu: 0.67%[39m
[rank0]:[titan] 2026-03-17 14:21:31,755 - root - INFO - [31mstep: 865  [32mloss:  2.7344  [38;2;180;60;0mgrad_norm:  1.6483  [38;2;54;234;195mmemory: 22.44GiB(28.24%)  [34mtps: 136  [36mtflops: 6.58  [35mmfu: 0.67%[39m
[rank0]:[titan] 2026-03-17 14:21:46,736 - root - INFO - [31mstep: 866  [32mloss:  2.7344  [38;2;180;60;0mgrad_norm:  1.4023  [38;2;54;234;195mmemory: 22.44GiB(28.24%)  [34mtps: 137  [36mtflops: 6.60  [35mmfu: 0.67%[39m
[rank0]:[titan] 2026-03-17 14:22:01,950 - root - INFO - [31mstep: 867  [32mloss:  2.7188  [38;2;180;60;0mgrad_norm:  1.8179  [38;2;54;234;195mmemory: 22.44GiB(28.24%)  [34mtps: 135  [36mtflops: 6.50  [35mmfu: 0.66%[39m
[rank0]:[titan] 2026-03-17 14:22:17,316 - root - INFO - [31mstep: 868  [32mloss:  2.7500  [38;2;180;60;0mgrad_norm:  1.7521  [38;2;54;234;195mmemory: 22.44GiB(28.24%)  [34mtps: 133  [36mtflops: 6.43  [35mmfu: 0.65%[39m
[rank0]:[titan] 2026-03-17 14:22:32,328 - root - INFO - [31mstep: 869  [32mloss:  2.7031  [38;2;180;60;0mgrad_norm:  1.6664  [38;2;54;234;195mmemory: 22.44GiB(28.24%)  [34mtps: 136  [36mtflops: 6.58  [35mmfu: 0.67%[39m
[rank0]:[titan] 2026-03-17 14:22:47,638 - root - INFO - [31mstep: 870  [32mloss:  2.8125  [38;2;180;60;0mgrad_norm:  1.8526  [38;2;54;234;195mmemory: 22.44GiB(28.24%)  [34mtps: 134  [36mtflops: 6.45  [35mmfu: 0.65%[39m
[rank0]:[titan] 2026-03-17 14:23:02,813 - root - INFO - [31mstep: 871  [32mloss:  2.8125  [38;2;180;60;0mgrad_norm:  1.0113  [38;2;54;234;195mmemory: 22.44GiB(28.24%)  [34mtps: 135  [36mtflops: 6.51  [35mmfu: 0.66%[39m
[rank0]:[titan] 2026-03-17 14:23:17,925 - root - INFO - [31mstep: 872  [32mloss:  2.7656  [38;2;180;60;0mgrad_norm:  2.3507  [38;2;54;234;195mmemory: 22.44GiB(28.24%)  [34mtps: 136  [36mtflops: 6.54  [35mmfu: 0.66%[39m
[rank0]:[titan] 2026-03-17 14:23:33,006 - root - INFO - [31mstep: 873  [32mloss:  2.7188  [38;2;180;60;0mgrad_norm:  1.7792  [38;2;54;234;195mmemory: 22.44GiB(28.24%)  [34mtps: 136  [36mtflops: 6.55  [35mmfu: 0.66%[39m
[rank0]:[titan] 2026-03-17 14:23:48,038 - root - INFO - [31mstep: 874  [32mloss:  2.7344  [38;2;180;60;0mgrad_norm:  1.4594  [38;2;54;234;195mmemory: 22.44GiB(28.24%)  [34mtps: 136  [36mtflops: 6.57  [35mmfu: 0.66%[39m
[rank0]:[titan] 2026-03-17 14:24:02,853 - root - INFO - [31mstep: 875  [32mloss:  2.7188  [38;2;180;60;0mgrad_norm:  1.7951  [38;2;54;234;195mmemory: 22.44GiB(28.24%)  [34mtps: 138  [36mtflops: 6.67  [35mmfu: 0.67%[39m
[rank0]:[titan] 2026-03-17 14:24:18,216 - root - INFO - [31mstep: 876  [32mloss:  2.6875  [38;2;180;60;0mgrad_norm:  1.6308  [38;2;54;234;195mmemory: 22.44GiB(28.24%)  [34mtps: 133  [36mtflops: 6.43  [35mmfu: 0.65%[39m
[rank0]:[titan] 2026-03-17 14:24:33,537 - root - INFO - [31mstep: 877  [32mloss:  2.7500  [38;2;180;60;0mgrad_norm:  1.9500  [38;2;54;234;195mmemory: 22.44GiB(28.24%)  [34mtps: 134  [36mtflops: 6.45  [35mmfu: 0.65%[39m
[rank0]:[titan] 2026-03-17 14:24:48,693 - root - INFO - [31mstep: 878  [32mloss:  2.7500  [38;2;180;60;0mgrad_norm:  1.3445  [38;2;54;234;195mmemory: 22.44GiB(28.24%)  [34mtps: 135  [36mtflops: 6.52  [35mmfu: 0.66%[39m
[rank0]:[titan] 2026-03-17 14:25:03,835 - root - INFO - [31mstep: 879  [32mloss:  2.7656  [38;2;180;60;0mgrad_norm:  1.8085  [38;2;54;234;195mmemory: 22.44GiB(28.24%)  [34mtps: 135  [36mtflops: 6.53  [35mmfu: 0.66%[39m
[rank0]:[titan] 2026-03-17 14:25:19,171 - root - INFO - [31mstep: 880  [32mloss:  2.7188  [38;2;180;60;0mgrad_norm:  1.6098  [38;2;54;234;195mmemory: 22.44GiB(28.24%)  [34mtps: 134  [36mtflops: 6.44  [35mmfu: 0.65%[39m
[rank0]:[titan] 2026-03-17 14:25:34,386 - root - INFO - [31mstep: 881  [32mloss:  2.8125  [38;2;180;60;0mgrad_norm:  1.4601  [38;2;54;234;195mmemory: 22.44GiB(28.24%)  [34mtps: 135  [36mtflops: 6.50  [35mmfu: 0.66%[39m
[rank0]:[titan] 2026-03-17 14:25:49,880 - root - INFO - [31mstep: 882  [32mloss:  2.7188  [38;2;180;60;0mgrad_norm:  2.3286  [38;2;54;234;195mmemory: 22.44GiB(28.24%)  [34mtps: 132  [36mtflops: 6.38  [35mmfu: 0.64%[39m
[rank0]:[titan] 2026-03-17 14:26:05,119 - root - INFO - [31mstep: 883  [32mloss:  2.7188  [38;2;180;60;0mgrad_norm:  1.7523  [38;2;54;234;195mmemory: 22.44GiB(28.24%)  [34mtps: 134  [36mtflops: 6.49  [35mmfu: 0.66%[39m
[rank0]:[titan] 2026-03-17 14:26:18,847 - root - INFO - [31mstep: 884  [32mloss:  2.7188  [38;2;180;60;0mgrad_norm:  2.7579  [38;2;54;234;195mmemory: 22.44GiB(28.24%)  [34mtps: 149  [36mtflops: 7.20  [35mmfu: 0.73%[39m
[rank0]:[titan] 2026-03-17 14:26:34,296 - root - INFO - [31mstep: 885  [32mloss:  2.8281  [38;2;180;60;0mgrad_norm:  3.0319  [38;2;54;234;195mmemory: 22.44GiB(28.24%)  [34mtps: 133  [36mtflops: 6.40  [35mmfu: 0.65%[39m
[rank0]:[titan] 2026-03-17 14:26:49,717 - root - INFO - [31mstep: 886  [32mloss:  2.7969  [38;2;180;60;0mgrad_norm:  1.7231  [38;2;54;234;195mmemory: 22.44GiB(28.24%)  [34mtps: 133  [36mtflops: 6.41  [35mmfu: 0.65%[39m
[rank0]:[titan] 2026-03-17 14:27:05,107 - root - INFO - [31mstep: 887  [32mloss:  2.7500  [38;2;180;60;0mgrad_norm:  2.4112  [38;2;54;234;195mmemory: 22.44GiB(28.24%)  [34mtps: 133  [36mtflops: 6.42  [35mmfu: 0.65%[39m
[rank0]:[titan] 2026-03-17 14:27:20,303 - root - INFO - [31mstep: 888  [32mloss:  2.7344  [38;2;180;60;0mgrad_norm:  2.5441  [38;2;54;234;195mmemory: 22.44GiB(28.24%)  [34mtps: 135  [36mtflops: 6.50  [35mmfu: 0.66%[39m
[rank0]:[titan] 2026-03-17 14:27:35,388 - root - INFO - [31mstep: 889  [32mloss:  2.8125  [38;2;180;60;0mgrad_norm:  2.2723  [38;2;54;234;195mmemory: 22.44GiB(28.24%)  [34mtps: 136  [36mtflops: 6.55  [35mmfu: 0.66%[39m
[rank0]:[titan] 2026-03-17 14:27:50,529 - root - INFO - [31mstep: 890  [32mloss:  2.7500  [38;2;180;60;0mgrad_norm:  2.1945  [38;2;54;234;195mmemory: 22.44GiB(28.24%)  [34mtps: 135  [36mtflops: 6.53  [35mmfu: 0.66%[39m
[rank0]:[titan] 2026-03-17 14:28:04,329 - root - INFO - [31mstep: 891  [32mloss:  2.7812  [38;2;180;60;0mgrad_norm:  2.4366  [38;2;54;234;195mmemory: 22.44GiB(28.24%)  [34mtps: 148  [36mtflops: 7.16  [35mmfu: 0.72%[39m
[rank0]:[titan] 2026-03-17 14:28:20,400 - root - INFO - [31mstep: 892  [32mloss:  2.8125  [38;2;180;60;0mgrad_norm:  2.2816  [38;2;54;234;195mmemory: 22.44GiB(28.24%)  [34mtps: 127  [36mtflops: 6.15  [35mmfu: 0.62%[39m
[rank0]:[titan] 2026-03-17 14:28:36,924 - root - INFO - [31mstep: 893  [32mloss:  2.8125  [38;2;180;60;0mgrad_norm:  2.5699  [38;2;54;234;195mmemory: 22.44GiB(28.24%)  [34mtps: 124  [36mtflops: 5.98  [35mmfu: 0.60%[39m
[rank0]:[titan] 2026-03-17 14:28:52,179 - root - INFO - [31mstep: 894  [32mloss:  2.7969  [38;2;180;60;0mgrad_norm:  1.8938  [38;2;54;234;195mmemory: 22.44GiB(28.24%)  [34mtps: 134  [36mtflops: 6.48  [35mmfu: 0.65%[39m
[rank0]:[titan] 2026-03-17 14:29:07,356 - root - INFO - [31mstep: 895  [32mloss:  2.7969  [38;2;180;60;0mgrad_norm:  2.0065  [38;2;54;234;195mmemory: 22.44GiB(28.24%)  [34mtps: 135  [36mtflops: 6.51  [35mmfu: 0.66%[39m
[rank0]:[titan] 2026-03-17 14:29:22,674 - root - INFO - [31mstep: 896  [32mloss:  2.7656  [38;2;180;60;0mgrad_norm:  2.4284  [38;2;54;234;195mmemory: 22.44GiB(28.24%)  [34mtps: 134  [36mtflops: 6.45  [35mmfu: 0.65%[39m
[rank0]:[titan] 2026-03-17 14:29:37,864 - root - INFO - [31mstep: 897  [32mloss:  2.7812  [38;2;180;60;0mgrad_norm:  2.9077  [38;2;54;234;195mmemory: 22.44GiB(28.24%)  [34mtps: 135  [36mtflops: 6.51  [35mmfu: 0.66%[39m
[rank0]:[titan] 2026-03-17 14:29:52,473 - root - INFO - [31mstep: 898  [32mloss:  2.7969  [38;2;180;60;0mgrad_norm:  2.1723  [38;2;54;234;195mmemory: 22.44GiB(28.24%)  [34mtps: 140  [36mtflops: 6.76  [35mmfu: 0.68%[39m
[rank0]:[titan] 2026-03-17 14:30:08,042 - root - INFO - [31mstep: 899  [32mloss:  2.7500  [38;2;180;60;0mgrad_norm:  2.9702  [38;2;54;234;195mmemory: 22.44GiB(28.24%)  [34mtps: 132  [36mtflops: 6.35  [35mmfu: 0.64%[39m
[rank0]:[titan] 2026-03-17 14:30:23,324 - root - INFO - [31mstep: 900  [32mloss:  2.7188  [38;2;180;60;0mgrad_norm:  2.8915  [38;2;54;234;195mmemory: 22.44GiB(28.24%)  [34mtps: 134  [36mtflops: 6.47  [35mmfu: 0.65%[39m
[rank0]:[titan] 2026-03-17 14:30:38,712 - root - INFO - [31mstep: 901  [32mloss:  2.8125  [38;2;180;60;0mgrad_norm:  2.2675  [38;2;54;234;195mmemory: 22.44GiB(28.24%)  [34mtps: 133  [36mtflops: 6.42  [35mmfu: 0.65%[39m
[rank0]:[titan] 2026-03-17 14:30:53,991 - root - INFO - [31mstep: 902  [32mloss:  2.7656  [38;2;180;60;0mgrad_norm:  2.3293  [38;2;54;234;195mmemory: 22.44GiB(28.24%)  [34mtps: 134  [36mtflops: 6.47  [35mmfu: 0.65%[39m
[rank0]:[titan] 2026-03-17 14:31:09,102 - root - INFO - [31mstep: 903  [32mloss:  2.7344  [38;2;180;60;0mgrad_norm:  2.6690  [38;2;54;234;195mmemory: 22.44GiB(28.24%)  [34mtps: 136  [36mtflops: 6.54  [35mmfu: 0.66%[39m
[rank0]:[titan] 2026-03-17 14:31:24,040 - root - INFO - [31mstep: 904  [32mloss:  2.7188  [38;2;180;60;0mgrad_norm:  2.2464  [38;2;54;234;195mmemory: 22.44GiB(28.24%)  [34mtps: 137  [36mtflops: 6.62  [35mmfu: 0.67%[39m
[rank0]:[titan] 2026-03-17 14:31:38,831 - root - INFO - [31mstep: 905  [32mloss:  2.7344  [38;2;180;60;0mgrad_norm:  1.9962  [38;2;54;234;195mmemory: 22.44GiB(28.24%)  [34mtps: 138  [36mtflops: 6.68  [35mmfu: 0.68%[39m
[rank0]:[titan] 2026-03-17 14:31:54,028 - root - INFO - [31mstep: 906  [32mloss:  2.7031  [38;2;180;60;0mgrad_norm:  2.2439  [38;2;54;234;195mmemory: 22.44GiB(28.24%)  [34mtps: 135  [36mtflops: 6.50  [35mmfu: 0.66%[39m
[rank0]:[titan] 2026-03-17 14:32:09,807 - root - INFO - [31mstep: 907  [32mloss:  2.6875  [38;2;180;60;0mgrad_norm:  1.6356  [38;2;54;234;195mmemory: 22.44GiB(28.24%)  [34mtps: 130  [36mtflops: 6.26  [35mmfu: 0.63%[39m
[rank0]:[titan] 2026-03-17 14:32:25,244 - root - INFO - [31mstep: 908  [32mloss:  2.6875  [38;2;180;60;0mgrad_norm:  2.1951  [38;2;54;234;195mmemory: 22.44GiB(28.24%)  [34mtps: 133  [36mtflops: 6.40  [35mmfu: 0.65%[39m
[rank0]:[titan] 2026-03-17 14:32:40,261 - root - INFO - [31mstep: 909  [32mloss:  2.7344  [38;2;180;60;0mgrad_norm:  2.0105  [38;2;54;234;195mmemory: 22.44GiB(28.24%)  [34mtps: 136  [36mtflops: 6.58  [35mmfu: 0.67%[39m
[rank0]:[titan] 2026-03-17 14:32:54,797 - root - INFO - [31mstep: 910  [32mloss:  2.7500  [38;2;180;60;0mgrad_norm:  2.0511  [38;2;54;234;195mmemory: 22.44GiB(28.24%)  [34mtps: 141  [36mtflops: 6.80  [35mmfu: 0.69%[39m
[rank0]:[titan] 2026-03-17 14:33:09,884 - root - INFO - [31mstep: 911  [32mloss:  2.7500  [38;2;180;60;0mgrad_norm:  2.4157  [38;2;54;234;195mmemory: 22.44GiB(28.24%)  [34mtps: 136  [36mtflops: 6.55  [35mmfu: 0.66%[39m
[rank0]:[titan] 2026-03-17 14:33:24,858 - root - INFO - [31mstep: 912  [32mloss:  2.7500  [38;2;180;60;0mgrad_norm:  2.0089  [38;2;54;234;195mmemory: 22.44GiB(28.24%)  [34mtps: 137  [36mtflops: 6.60  [35mmfu: 0.67%[39m
[rank0]:[titan] 2026-03-17 14:33:39,892 - root - INFO - [31mstep: 913  [32mloss:  2.7344  [38;2;180;60;0mgrad_norm:  1.8656  [38;2;54;234;195mmemory: 22.44GiB(28.24%)  [34mtps: 136  [36mtflops: 6.57  [35mmfu: 0.66%[39m
[rank0]:[titan] 2026-03-17 14:33:55,075 - root - INFO - [31mstep: 914  [32mloss:  2.7656  [38;2;180;60;0mgrad_norm:  1.9021  [38;2;54;234;195mmemory: 22.44GiB(28.24%)  [34mtps: 135  [36mtflops: 6.51  [35mmfu: 0.66%[39m
[rank0]:[titan] 2026-03-17 14:34:10,192 - root - INFO - [31mstep: 915  [32mloss:  2.7344  [38;2;180;60;0mgrad_norm:  1.6526  [38;2;54;234;195mmemory: 22.44GiB(28.24%)  [34mtps: 135  [36mtflops: 6.54  [35mmfu: 0.66%[39m
[rank0]:[titan] 2026-03-17 14:34:25,372 - root - INFO - [31mstep: 916  [32mloss:  2.8438  [38;2;180;60;0mgrad_norm:  2.3613  [38;2;54;234;195mmemory: 22.44GiB(28.24%)  [34mtps: 135  [36mtflops: 6.51  [35mmfu: 0.66%[39m
[rank0]:[titan] 2026-03-17 14:34:40,395 - root - INFO - [31mstep: 917  [32mloss:  2.8906  [38;2;180;60;0mgrad_norm:  1.8615  [38;2;54;234;195mmemory: 22.44GiB(28.24%)  [34mtps: 136  [36mtflops: 6.58  [35mmfu: 0.67%[39m
[rank0]:[titan] 2026-03-17 14:34:55,306 - root - INFO - [31mstep: 918  [32mloss:  2.8906  [38;2;180;60;0mgrad_norm:  2.0026  [38;2;54;234;195mmemory: 22.44GiB(28.24%)  [34mtps: 137  [36mtflops: 6.63  [35mmfu: 0.67%[39m
[rank0]:[titan] 2026-03-17 14:35:10,366 - root - INFO - [31mstep: 919  [32mloss:  2.7344  [38;2;180;60;0mgrad_norm:  1.7448  [38;2;54;234;195mmemory: 22.44GiB(28.24%)  [34mtps: 136  [36mtflops: 6.56  [35mmfu: 0.66%[39m
[rank0]:[titan] 2026-03-17 14:35:25,440 - root - INFO - [31mstep: 920  [32mloss:  2.7188  [38;2;180;60;0mgrad_norm:  1.5328  [38;2;54;234;195mmemory: 22.44GiB(28.24%)  [34mtps: 136  [36mtflops: 6.56  [35mmfu: 0.66%[39m
[rank0]:[titan] 2026-03-17 14:35:40,554 - root - INFO - [31mstep: 921  [32mloss:  2.6875  [38;2;180;60;0mgrad_norm:  1.7916  [38;2;54;234;195mmemory: 22.44GiB(28.24%)  [34mtps: 136  [36mtflops: 6.54  [35mmfu: 0.66%[39m
[rank0]:[titan] 2026-03-17 14:35:55,518 - root - INFO - [31mstep: 922  [32mloss:  2.7188  [38;2;180;60;0mgrad_norm:  1.7644  [38;2;54;234;195mmemory: 22.44GiB(28.24%)  [34mtps: 137  [36mtflops: 6.60  [35mmfu: 0.67%[39m
[rank0]:[titan] 2026-03-17 14:36:10,563 - root - INFO - [31mstep: 923  [32mloss:  2.7969  [38;2;180;60;0mgrad_norm:  1.5631  [38;2;54;234;195mmemory: 22.44GiB(28.24%)  [34mtps: 136  [36mtflops: 6.57  [35mmfu: 0.66%[39m
[rank0]:[titan] 2026-03-17 14:36:25,639 - root - INFO - [31mstep: 924  [32mloss:  2.7188  [38;2;180;60;0mgrad_norm:  2.4142  [38;2;54;234;195mmemory: 22.44GiB(28.24%)  [34mtps: 136  [36mtflops: 6.55  [35mmfu: 0.66%[39m
[rank0]:[titan] 2026-03-17 14:36:40,891 - root - INFO - [31mstep: 925  [32mloss:  2.7656  [38;2;180;60;0mgrad_norm:  1.9812  [38;2;54;234;195mmemory: 22.44GiB(28.24%)  [34mtps: 134  [36mtflops: 6.48  [35mmfu: 0.66%[39m
[rank0]:[titan] 2026-03-17 14:36:55,798 - root - INFO - [31mstep: 926  [32mloss:  2.7969  [38;2;180;60;0mgrad_norm:  2.0657  [38;2;54;234;195mmemory: 22.44GiB(28.24%)  [34mtps: 137  [36mtflops: 6.63  [35mmfu: 0.67%[39m
[rank0]:[titan] 2026-03-17 14:37:10,815 - root - INFO - [31mstep: 927  [32mloss:  2.7812  [38;2;180;60;0mgrad_norm:  1.6982  [38;2;54;234;195mmemory: 22.44GiB(28.24%)  [34mtps: 136  [36mtflops: 6.58  [35mmfu: 0.67%[39m
[rank0]:[titan] 2026-03-17 14:37:26,227 - root - INFO - [31mstep: 928  [32mloss:  2.7344  [38;2;180;60;0mgrad_norm:  2.0826  [38;2;54;234;195mmemory: 22.44GiB(28.24%)  [34mtps: 133  [36mtflops: 6.41  [35mmfu: 0.65%[39m
[rank0]:[titan] 2026-03-17 14:37:41,556 - root - INFO - [31mstep: 929  [32mloss:  2.7188  [38;2;180;60;0mgrad_norm:  1.9243  [38;2;54;234;195mmemory: 22.44GiB(28.24%)  [34mtps: 134  [36mtflops: 6.45  [35mmfu: 0.65%[39m
[rank0]:[titan] 2026-03-17 14:37:56,524 - root - INFO - [31mstep: 930  [32mloss:  2.6719  [38;2;180;60;0mgrad_norm:  1.4684  [38;2;54;234;195mmemory: 22.44GiB(28.24%)  [34mtps: 137  [36mtflops: 6.60  [35mmfu: 0.67%[39m
[rank0]:[titan] 2026-03-17 14:38:11,562 - root - INFO - [31mstep: 931  [32mloss:  2.6562  [38;2;180;60;0mgrad_norm:  2.0673  [38;2;54;234;195mmemory: 22.44GiB(28.24%)  [34mtps: 136  [36mtflops: 6.57  [35mmfu: 0.66%[39m
[rank0]:[titan] 2026-03-17 14:38:26,769 - root - INFO - [31mstep: 932  [32mloss:  2.6875  [38;2;180;60;0mgrad_norm:  2.4438  [38;2;54;234;195mmemory: 22.44GiB(28.24%)  [34mtps: 135  [36mtflops: 6.50  [35mmfu: 0.66%[39m
[rank0]:[titan] 2026-03-17 14:38:42,081 - root - INFO - [31mstep: 933  [32mloss:  2.8125  [38;2;180;60;0mgrad_norm:  1.9518  [38;2;54;234;195mmemory: 22.44GiB(28.24%)  [34mtps: 134  [36mtflops: 6.45  [35mmfu: 0.65%[39m
[rank0]:[titan] 2026-03-17 14:38:57,501 - root - INFO - [31mstep: 934  [32mloss:  2.6719  [38;2;180;60;0mgrad_norm:  2.0930  [38;2;54;234;195mmemory: 22.44GiB(28.24%)  [34mtps: 133  [36mtflops: 6.41  [35mmfu: 0.65%[39m
[rank0]:[titan] 2026-03-17 14:39:12,738 - root - INFO - [31mstep: 935  [32mloss:  2.7344  [38;2;180;60;0mgrad_norm:  2.6413  [38;2;54;234;195mmemory: 22.44GiB(28.24%)  [34mtps: 134  [36mtflops: 6.49  [35mmfu: 0.66%[39m
[rank0]:[titan] 2026-03-17 14:39:28,081 - root - INFO - [31mstep: 936  [32mloss:  2.8125  [38;2;180;60;0mgrad_norm:  2.0018  [38;2;54;234;195mmemory: 22.44GiB(28.24%)  [34mtps: 133  [36mtflops: 6.44  [35mmfu: 0.65%[39m
[rank0]:[titan] 2026-03-17 14:39:43,332 - root - INFO - [31mstep: 937  [32mloss:  2.7344  [38;2;180;60;0mgrad_norm:  2.3693  [38;2;54;234;195mmemory: 22.44GiB(28.24%)  [34mtps: 134  [36mtflops: 6.48  [35mmfu: 0.66%[39m
[rank0]:[titan] 2026-03-17 14:39:58,597 - root - INFO - [31mstep: 938  [32mloss:  2.7031  [38;2;180;60;0mgrad_norm:  2.0876  [38;2;54;234;195mmemory: 22.44GiB(28.24%)  [34mtps: 134  [36mtflops: 6.47  [35mmfu: 0.65%[39m
[rank0]:[titan] 2026-03-17 14:40:13,742 - root - INFO - [31mstep: 939  [32mloss:  2.7812  [38;2;180;60;0mgrad_norm:  2.0428  [38;2;54;234;195mmemory: 22.44GiB(28.24%)  [34mtps: 135  [36mtflops: 6.53  [35mmfu: 0.66%[39m
[rank0]:[titan] 2026-03-17 14:40:28,779 - root - INFO - [31mstep: 940  [32mloss:  2.7812  [38;2;180;60;0mgrad_norm:  1.6340  [38;2;54;234;195mmemory: 22.44GiB(28.24%)  [34mtps: 136  [36mtflops: 6.57  [35mmfu: 0.66%[39m
[rank0]:[titan] 2026-03-17 14:40:43,816 - root - INFO - [31mstep: 941  [32mloss:  2.8438  [38;2;180;60;0mgrad_norm:  1.8589  [38;2;54;234;195mmemory: 22.44GiB(28.24%)  [34mtps: 136  [36mtflops: 6.57  [35mmfu: 0.66%[39m
[rank0]:[titan] 2026-03-17 14:40:58,717 - root - INFO - [31mstep: 942  [32mloss:  2.7812  [38;2;180;60;0mgrad_norm:  1.7099  [38;2;54;234;195mmemory: 22.44GiB(28.24%)  [34mtps: 137  [36mtflops: 6.63  [35mmfu: 0.67%[39m
[rank0]:[titan] 2026-03-17 14:41:13,801 - root - INFO - [31mstep: 943  [32mloss:  2.7344  [38;2;180;60;0mgrad_norm:  1.9205  [38;2;54;234;195mmemory: 22.44GiB(28.24%)  [34mtps: 136  [36mtflops: 6.55  [35mmfu: 0.66%[39m
[rank0]:[titan] 2026-03-17 14:41:28,869 - root - INFO - [31mstep: 944  [32mloss:  2.7656  [38;2;180;60;0mgrad_norm:  1.7132  [38;2;54;234;195mmemory: 22.44GiB(28.24%)  [34mtps: 136  [36mtflops: 6.56  [35mmfu: 0.66%[39m
[rank0]:[titan] 2026-03-17 14:41:43,810 - root - INFO - [31mstep: 945  [32mloss:  2.7500  [38;2;180;60;0mgrad_norm:  2.1181  [38;2;54;234;195mmemory: 22.44GiB(28.24%)  [34mtps: 137  [36mtflops: 6.61  [35mmfu: 0.67%[39m
[rank0]:[titan] 2026-03-17 14:41:58,699 - root - INFO - [31mstep: 946  [32mloss:  2.7500  [38;2;180;60;0mgrad_norm:  1.7395  [38;2;54;234;195mmemory: 22.44GiB(28.24%)  [34mtps: 138  [36mtflops: 6.64  [35mmfu: 0.67%[39m
[rank0]:[titan] 2026-03-17 14:42:14,005 - root - INFO - [31mstep: 947  [32mloss:  2.7812  [38;2;180;60;0mgrad_norm:  1.8782  [38;2;54;234;195mmemory: 22.44GiB(28.24%)  [34mtps: 134  [36mtflops: 6.46  [35mmfu: 0.65%[39m
[rank0]:[titan] 2026-03-17 14:42:29,032 - root - INFO - [31mstep: 948  [32mloss:  2.8281  [38;2;180;60;0mgrad_norm:  2.4700  [38;2;54;234;195mmemory: 22.44GiB(28.24%)  [34mtps: 136  [36mtflops: 6.58  [35mmfu: 0.66%[39m
[rank0]:[titan] 2026-03-17 14:42:44,089 - root - INFO - [31mstep: 949  [32mloss:  2.8281  [38;2;180;60;0mgrad_norm:  2.1432  [38;2;54;234;195mmemory: 22.44GiB(28.24%)  [34mtps: 136  [36mtflops: 6.56  [35mmfu: 0.66%[39m
[rank0]:[titan] 2026-03-17 14:42:59,117 - root - INFO - [31mstep: 950  [32mloss:  2.7344  [38;2;180;60;0mgrad_norm:  1.5682  [38;2;54;234;195mmemory: 22.44GiB(28.24%)  [34mtps: 136  [36mtflops: 6.58  [35mmfu: 0.66%[39m
[rank0]:[titan] 2026-03-17 14:43:14,615 - root - INFO - [31mstep: 951  [32mloss:  2.7812  [38;2;180;60;0mgrad_norm:  2.7176  [38;2;54;234;195mmemory: 22.44GiB(28.24%)  [34mtps: 132  [36mtflops: 6.38  [35mmfu: 0.64%[39m
[rank0]:[titan] 2026-03-17 14:43:29,697 - root - INFO - [31mstep: 952  [32mloss:  2.7500  [38;2;180;60;0mgrad_norm:  3.0652  [38;2;54;234;195mmemory: 22.44GiB(28.24%)  [34mtps: 136  [36mtflops: 6.55  [35mmfu: 0.66%[39m
[rank0]:[titan] 2026-03-17 14:43:44,517 - root - INFO - [31mstep: 953  [32mloss:  2.7969  [38;2;180;60;0mgrad_norm:  2.7858  [38;2;54;234;195mmemory: 22.44GiB(28.24%)  [34mtps: 138  [36mtflops: 6.67  [35mmfu: 0.67%[39m
[rank0]:[titan] 2026-03-17 14:43:59,427 - root - INFO - [31mstep: 954  [32mloss:  2.8281  [38;2;180;60;0mgrad_norm:  3.2113  [38;2;54;234;195mmemory: 22.44GiB(28.24%)  [34mtps: 137  [36mtflops: 6.63  [35mmfu: 0.67%[39m
[rank0]:[titan] 2026-03-17 14:44:14,428 - root - INFO - [31mstep: 955  [32mloss:  2.8125  [38;2;180;60;0mgrad_norm:  3.0918  [38;2;54;234;195mmemory: 22.44GiB(28.24%)  [34mtps: 137  [36mtflops: 6.59  [35mmfu: 0.67%[39m
[rank0]:[titan] 2026-03-17 14:44:29,324 - root - INFO - [31mstep: 956  [32mloss:  2.8281  [38;2;180;60;0mgrad_norm:  2.7056  [38;2;54;234;195mmemory: 22.44GiB(28.24%)  [34mtps: 137  [36mtflops: 6.63  [35mmfu: 0.67%[39m
[rank0]:[titan] 2026-03-17 14:44:44,521 - root - INFO - [31mstep: 957  [32mloss:  2.7969  [38;2;180;60;0mgrad_norm:  2.5451  [38;2;54;234;195mmemory: 22.44GiB(28.24%)  [34mtps: 135  [36mtflops: 6.50  [35mmfu: 0.66%[39m
[rank0]:[titan] 2026-03-17 14:45:00,051 - root - INFO - [31mstep: 958  [32mloss:  2.8438  [38;2;180;60;0mgrad_norm:  2.9695  [38;2;54;234;195mmemory: 22.44GiB(28.24%)  [34mtps: 132  [36mtflops: 6.36  [35mmfu: 0.64%[39m
[rank0]:[titan] 2026-03-17 14:45:15,651 - root - INFO - [31mstep: 959  [32mloss:  2.8594  [38;2;180;60;0mgrad_norm:  2.5360  [38;2;54;234;195mmemory: 22.44GiB(28.24%)  [34mtps: 131  [36mtflops: 6.33  [35mmfu: 0.64%[39m
[rank0]:[titan] 2026-03-17 14:45:30,586 - root - INFO - [31mstep: 960  [32mloss:  2.8438  [38;2;180;60;0mgrad_norm:  2.1799  [38;2;54;234;195mmemory: 22.44GiB(28.24%)  [34mtps: 137  [36mtflops: 6.62  [35mmfu: 0.67%[39m
[rank0]:[titan] 2026-03-17 14:45:45,769 - root - INFO - [31mstep: 961  [32mloss:  2.9219  [38;2;180;60;0mgrad_norm:  2.7306  [38;2;54;234;195mmemory: 22.44GiB(28.24%)  [34mtps: 135  [36mtflops: 6.51  [35mmfu: 0.66%[39m
[rank0]:[titan] 2026-03-17 14:46:00,903 - root - INFO - [31mstep: 962  [32mloss:  2.9062  [38;2;180;60;0mgrad_norm:  2.9361  [38;2;54;234;195mmemory: 22.44GiB(28.24%)  [34mtps: 135  [36mtflops: 6.53  [35mmfu: 0.66%[39m
[rank0]:[titan] 2026-03-17 14:46:16,028 - root - INFO - [31mstep: 963  [32mloss:  2.8125  [38;2;180;60;0mgrad_norm:  1.8607  [38;2;54;234;195mmemory: 22.44GiB(28.24%)  [34mtps: 135  [36mtflops: 6.53  [35mmfu: 0.66%[39m
[rank0]:[titan] 2026-03-17 14:46:30,928 - root - INFO - [31mstep: 964  [32mloss:  2.8906  [38;2;180;60;0mgrad_norm:  2.9592  [38;2;54;234;195mmemory: 22.44GiB(28.24%)  [34mtps: 137  [36mtflops: 6.63  [35mmfu: 0.67%[39m
[rank0]:[titan] 2026-03-17 14:46:46,425 - root - INFO - [31mstep: 965  [32mloss:  2.8125  [38;2;180;60;0mgrad_norm:  3.0081  [38;2;54;234;195mmemory: 22.44GiB(28.24%)  [34mtps: 132  [36mtflops: 6.38  [35mmfu: 0.64%[39m
[rank0]:[titan] 2026-03-17 14:47:01,711 - root - INFO - [31mstep: 966  [32mloss:  2.8281  [38;2;180;60;0mgrad_norm:  3.3251  [38;2;54;234;195mmemory: 22.44GiB(28.24%)  [34mtps: 134  [36mtflops: 6.46  [35mmfu: 0.65%[39m
[rank0]:[titan] 2026-03-17 14:47:16,616 - root - INFO - [31mstep: 967  [32mloss:  2.7969  [38;2;180;60;0mgrad_norm:  2.5231  [38;2;54;234;195mmemory: 22.44GiB(28.24%)  [34mtps: 137  [36mtflops: 6.63  [35mmfu: 0.67%[39m
[rank0]:[titan] 2026-03-17 14:47:31,609 - root - INFO - [31mstep: 968  [32mloss:  2.7812  [38;2;180;60;0mgrad_norm:  2.1078  [38;2;54;234;195mmemory: 22.44GiB(28.24%)  [34mtps: 137  [36mtflops: 6.59  [35mmfu: 0.67%[39m
[rank0]:[titan] 2026-03-17 14:47:46,728 - root - INFO - [31mstep: 969  [32mloss:  2.7656  [38;2;180;60;0mgrad_norm:  2.8437  [38;2;54;234;195mmemory: 22.44GiB(28.24%)  [34mtps: 135  [36mtflops: 6.54  [35mmfu: 0.66%[39m
[rank0]:[titan] 2026-03-17 14:48:02,063 - root - INFO - [31mstep: 970  [32mloss:  2.7500  [38;2;180;60;0mgrad_norm:  2.0364  [38;2;54;234;195mmemory: 22.44GiB(28.24%)  [34mtps: 134  [36mtflops: 6.44  [35mmfu: 0.65%[39m
[rank0]:[titan] 2026-03-17 14:48:17,069 - root - INFO - [31mstep: 971  [32mloss:  2.7812  [38;2;180;60;0mgrad_norm:  2.2134  [38;2;54;234;195mmemory: 22.44GiB(28.24%)  [34mtps: 136  [36mtflops: 6.59  [35mmfu: 0.67%[39m
[rank0]:[titan] 2026-03-17 14:48:32,278 - root - INFO - [31mstep: 972  [32mloss:  2.7656  [38;2;180;60;0mgrad_norm:  1.8508  [38;2;54;234;195mmemory: 22.44GiB(28.24%)  [34mtps: 135  [36mtflops: 6.50  [35mmfu: 0.66%[39m
[rank0]:[titan] 2026-03-17 14:48:47,660 - root - INFO - [31mstep: 973  [32mloss:  2.8125  [38;2;180;60;0mgrad_norm:  1.9310  [38;2;54;234;195mmemory: 22.44GiB(28.24%)  [34mtps: 133  [36mtflops: 6.42  [35mmfu: 0.65%[39m
[rank0]:[titan] 2026-03-17 14:49:02,852 - root - INFO - [31mstep: 974  [32mloss:  2.8438  [38;2;180;60;0mgrad_norm:  2.3272  [38;2;54;234;195mmemory: 22.44GiB(28.24%)  [34mtps: 135  [36mtflops: 6.50  [35mmfu: 0.66%[39m
[rank0]:[titan] 2026-03-17 14:49:18,354 - root - INFO - [31mstep: 975  [32mloss:  2.7656  [38;2;180;60;0mgrad_norm:  2.3325  [38;2;54;234;195mmemory: 22.44GiB(28.24%)  [34mtps: 132  [36mtflops: 6.37  [35mmfu: 0.64%[39m
[rank0]:[titan] 2026-03-17 14:49:33,465 - root - INFO - [31mstep: 976  [32mloss:  2.7812  [38;2;180;60;0mgrad_norm:  2.1699  [38;2;54;234;195mmemory: 22.44GiB(28.24%)  [34mtps: 136  [36mtflops: 6.54  [35mmfu: 0.66%[39m
[rank0]:[titan] 2026-03-17 14:49:48,419 - root - INFO - [31mstep: 977  [32mloss:  2.7188  [38;2;180;60;0mgrad_norm:  1.4767  [38;2;54;234;195mmemory: 22.44GiB(28.24%)  [34mtps: 137  [36mtflops: 6.61  [35mmfu: 0.67%[39m
[rank0]:[titan] 2026-03-17 14:50:03,443 - root - INFO - [31mstep: 978  [32mloss:  2.7188  [38;2;180;60;0mgrad_norm:  1.8573  [38;2;54;234;195mmemory: 22.44GiB(28.24%)  [34mtps: 136  [36mtflops: 6.58  [35mmfu: 0.67%[39m
[rank0]:[titan] 2026-03-17 14:50:18,458 - root - INFO - [31mstep: 979  [32mloss:  2.7812  [38;2;180;60;0mgrad_norm:  2.3071  [38;2;54;234;195mmemory: 22.44GiB(28.24%)  [34mtps: 136  [36mtflops: 6.58  [35mmfu: 0.67%[39m
[rank0]:[titan] 2026-03-17 14:50:33,716 - root - INFO - [31mstep: 980  [32mloss:  2.7031  [38;2;180;60;0mgrad_norm:  2.0501  [38;2;54;234;195mmemory: 22.44GiB(28.24%)  [34mtps: 134  [36mtflops: 6.48  [35mmfu: 0.65%[39m
[rank0]:[titan] 2026-03-17 14:50:48,770 - root - INFO - [31mstep: 981  [32mloss:  2.7812  [38;2;180;60;0mgrad_norm:  1.8724  [38;2;54;234;195mmemory: 22.44GiB(28.24%)  [34mtps: 136  [36mtflops: 6.56  [35mmfu: 0.66%[39m
[rank0]:[titan] 2026-03-17 14:51:04,138 - root - INFO - [31mstep: 982  [32mloss:  2.7969  [38;2;180;60;0mgrad_norm:  1.7285  [38;2;54;234;195mmemory: 22.44GiB(28.24%)  [34mtps: 133  [36mtflops: 6.43  [35mmfu: 0.65%[39m
[rank0]:[titan] 2026-03-17 14:51:19,137 - root - INFO - [31mstep: 983  [32mloss:  2.8125  [38;2;180;60;0mgrad_norm:  1.6305  [38;2;54;234;195mmemory: 22.44GiB(28.24%)  [34mtps: 137  [36mtflops: 6.59  [35mmfu: 0.67%[39m
[rank0]:[titan] 2026-03-17 14:51:34,358 - root - INFO - [31mstep: 984  [32mloss:  2.7344  [38;2;180;60;0mgrad_norm:  1.4078  [38;2;54;234;195mmemory: 22.44GiB(28.24%)  [34mtps: 135  [36mtflops: 6.49  [35mmfu: 0.66%[39m
[rank0]:[titan] 2026-03-17 14:51:49,689 - root - INFO - [31mstep: 985  [32mloss:  2.7656  [38;2;180;60;0mgrad_norm:  2.0044  [38;2;54;234;195mmemory: 22.44GiB(28.24%)  [34mtps: 134  [36mtflops: 6.45  [35mmfu: 0.65%[39m
[rank0]:[titan] 2026-03-17 14:52:05,023 - root - INFO - [31mstep: 986  [32mloss:  2.7656  [38;2;180;60;0mgrad_norm:  1.7649  [38;2;54;234;195mmemory: 22.44GiB(28.24%)  [34mtps: 134  [36mtflops: 6.44  [35mmfu: 0.65%[39m
[rank0]:[titan] 2026-03-17 14:52:20,560 - root - INFO - [31mstep: 987  [32mloss:  2.7500  [38;2;180;60;0mgrad_norm:  1.8389  [38;2;54;234;195mmemory: 22.44GiB(28.24%)  [34mtps: 132  [36mtflops: 6.36  [35mmfu: 0.64%[39m
[rank0]:[titan] 2026-03-17 14:52:36,082 - root - INFO - [31mstep: 988  [32mloss:  2.7031  [38;2;180;60;0mgrad_norm:  1.7516  [38;2;54;234;195mmemory: 22.44GiB(28.24%)  [34mtps: 132  [36mtflops: 6.37  [35mmfu: 0.64%[39m
[rank0]:[titan] 2026-03-17 14:52:51,497 - root - INFO - [31mstep: 989  [32mloss:  2.7031  [38;2;180;60;0mgrad_norm:  1.8169  [38;2;54;234;195mmemory: 22.44GiB(28.24%)  [34mtps: 133  [36mtflops: 6.41  [35mmfu: 0.65%[39m
[rank0]:[titan] 2026-03-17 14:53:06,808 - root - INFO - [31mstep: 990  [32mloss:  2.7344  [38;2;180;60;0mgrad_norm:  1.8575  [38;2;54;234;195mmemory: 22.44GiB(28.24%)  [34mtps: 134  [36mtflops: 6.45  [35mmfu: 0.65%[39m
[rank0]:[titan] 2026-03-17 14:53:22,473 - root - INFO - [31mstep: 991  [32mloss:  2.7500  [38;2;180;60;0mgrad_norm:  2.6091  [38;2;54;234;195mmemory: 22.44GiB(28.24%)  [34mtps: 131  [36mtflops: 6.31  [35mmfu: 0.64%[39m
[rank0]:[titan] 2026-03-17 14:53:38,064 - root - INFO - [31mstep: 992  [32mloss:  2.7656  [38;2;180;60;0mgrad_norm:  1.9832  [38;2;54;234;195mmemory: 22.44GiB(28.24%)  [34mtps: 131  [36mtflops: 6.34  [35mmfu: 0.64%[39m
[rank0]:[titan] 2026-03-17 14:53:53,602 - root - INFO - [31mstep: 993  [32mloss:  2.8281  [38;2;180;60;0mgrad_norm:  2.9207  [38;2;54;234;195mmemory: 22.44GiB(28.24%)  [34mtps: 132  [36mtflops: 6.36  [35mmfu: 0.64%[39m
[rank0]:[titan] 2026-03-17 14:54:08,718 - root - INFO - [31mstep: 994  [32mloss:  2.7656  [38;2;180;60;0mgrad_norm:  2.3085  [38;2;54;234;195mmemory: 22.44GiB(28.24%)  [34mtps: 135  [36mtflops: 6.54  [35mmfu: 0.66%[39m
[rank0]:[titan] 2026-03-17 14:54:23,781 - root - INFO - [31mstep: 995  [32mloss:  2.7969  [38;2;180;60;0mgrad_norm:  1.5282  [38;2;54;234;195mmemory: 22.44GiB(28.24%)  [34mtps: 136  [36mtflops: 6.56  [35mmfu: 0.66%[39m
[rank0]:[titan] 2026-03-17 14:54:39,198 - root - INFO - [31mstep: 996  [32mloss:  2.7812  [38;2;180;60;0mgrad_norm:  2.4817  [38;2;54;234;195mmemory: 22.44GiB(28.24%)  [34mtps: 133  [36mtflops: 6.41  [35mmfu: 0.65%[39m
[rank0]:[titan] 2026-03-17 14:54:54,449 - root - INFO - [31mstep: 997  [32mloss:  2.8125  [38;2;180;60;0mgrad_norm:  2.2058  [38;2;54;234;195mmemory: 22.44GiB(28.24%)  [34mtps: 134  [36mtflops: 6.48  [35mmfu: 0.66%[39m
[rank0]:[titan] 2026-03-17 14:55:09,888 - root - INFO - [31mstep: 998  [32mloss:  2.7031  [38;2;180;60;0mgrad_norm:  1.6938  [38;2;54;234;195mmemory: 22.44GiB(28.24%)  [34mtps: 133  [36mtflops: 6.40  [35mmfu: 0.65%[39m
[rank0]:[titan] 2026-03-17 14:55:25,065 - root - INFO - [31mstep: 999  [32mloss:  2.7500  [38;2;180;60;0mgrad_norm:  1.6263  [38;2;54;234;195mmemory: 22.44GiB(28.24%)  [34mtps: 135  [36mtflops: 6.51  [35mmfu: 0.66%[39m
[rank0]:[titan] 2026-03-17 14:55:39,803 - root - INFO - [31mstep: 1000  [32mloss:  2.7656  [38;2;180;60;0mgrad_norm:  1.4950  [38;2;54;234;195mmemory: 22.44GiB(28.24%)  [34mtps: 139  [36mtflops: 6.71  [35mmfu: 0.68%[39m
[rank0]:[titan] 2026-03-17 14:55:54,517 - root - INFO - [31mstep: 1001  [32mloss:  2.7500  [38;2;180;60;0mgrad_norm:  1.8534  [38;2;54;234;195mmemory: 22.44GiB(28.24%)  [34mtps: 139  [36mtflops: 6.72  [35mmfu: 0.68%[39m
[rank0]:[titan] 2026-03-17 14:56:09,558 - root - INFO - [31mstep: 1002  [32mloss:  2.6562  [38;2;180;60;0mgrad_norm:  1.8667  [38;2;54;234;195mmemory: 22.44GiB(28.24%)  [34mtps: 136  [36mtflops: 6.57  [35mmfu: 0.66%[39m
[rank0]:[titan] 2026-03-17 14:56:24,865 - root - INFO - [31mstep: 1003  [32mloss:  2.6562  [38;2;180;60;0mgrad_norm:  1.6843  [38;2;54;234;195mmemory: 22.44GiB(28.24%)  [34mtps: 134  [36mtflops: 6.46  [35mmfu: 0.65%[39m
[rank0]:[titan] 2026-03-17 14:56:39,999 - root - INFO - [31mstep: 1004  [32mloss:  2.7031  [38;2;180;60;0mgrad_norm:  2.1989  [38;2;54;234;195mmemory: 22.44GiB(28.24%)  [34mtps: 135  [36mtflops: 6.53  [35mmfu: 0.66%[39m
[rank0]:[titan] 2026-03-17 14:56:55,221 - root - INFO - [31mstep: 1005  [32mloss:  2.7656  [38;2;180;60;0mgrad_norm:  2.1327  [38;2;54;234;195mmemory: 22.44GiB(28.24%)  [34mtps: 135  [36mtflops: 6.49  [35mmfu: 0.66%[39m
[rank0]:[titan] 2026-03-17 14:57:10,027 - root - INFO - [31mstep: 1006  [32mloss:  2.6562  [38;2;180;60;0mgrad_norm:  2.2649  [38;2;54;234;195mmemory: 22.44GiB(28.24%)  [34mtps: 138  [36mtflops: 6.67  [35mmfu: 0.67%[39m
[rank0]:[titan] 2026-03-17 14:57:24,965 - root - INFO - [31mstep: 1007  [32mloss:  2.7344  [38;2;180;60;0mgrad_norm:  2.3748  [38;2;54;234;195mmemory: 22.44GiB(28.24%)  [34mtps: 137  [36mtflops: 6.62  [35mmfu: 0.67%[39m
[rank0]:[titan] 2026-03-17 14:57:40,500 - root - INFO - [31mstep: 1008  [32mloss:  2.7188  [38;2;180;60;0mgrad_norm:  2.1085  [38;2;54;234;195mmemory: 22.44GiB(28.24%)  [34mtps: 132  [36mtflops: 6.36  [35mmfu: 0.64%[39m
[rank0]:[titan] 2026-03-17 14:57:55,513 - root - INFO - [31mstep: 1009  [32mloss:  2.7188  [38;2;180;60;0mgrad_norm:  1.8338  [38;2;54;234;195mmemory: 22.44GiB(28.24%)  [34mtps: 136  [36mtflops: 6.58  [35mmfu: 0.67%[39m
[rank0]:[titan] 2026-03-17 14:58:10,916 - root - INFO - [31mstep: 1010  [32mloss:  2.7500  [38;2;180;60;0mgrad_norm:  1.5608  [38;2;54;234;195mmemory: 22.44GiB(28.24%)  [34mtps: 133  [36mtflops: 6.42  [35mmfu: 0.65%[39m
[rank0]:[titan] 2026-03-17 14:58:26,378 - root - INFO - [31mstep: 1011  [32mloss:  2.6875  [38;2;180;60;0mgrad_norm:  1.4636  [38;2;54;234;195mmemory: 22.44GiB(28.24%)  [34mtps: 132  [36mtflops: 6.39  [35mmfu: 0.65%[39m
[rank0]:[titan] 2026-03-17 14:58:41,878 - root - INFO - [31mstep: 1012  [32mloss:  2.7500  [38;2;180;60;0mgrad_norm:  1.6865  [38;2;54;234;195mmemory: 22.44GiB(28.24%)  [34mtps: 132  [36mtflops: 6.38  [35mmfu: 0.64%[39m
[rank0]:[titan] 2026-03-17 14:58:57,269 - root - INFO - [31mstep: 1013  [32mloss:  2.7188  [38;2;180;60;0mgrad_norm:  1.4388  [38;2;54;234;195mmemory: 22.44GiB(28.24%)  [34mtps: 133  [36mtflops: 6.42  [35mmfu: 0.65%[39m
[rank0]:[titan] 2026-03-17 14:59:12,741 - root - INFO - [31mstep: 1014  [32mloss:  2.7031  [38;2;180;60;0mgrad_norm:  1.6928  [38;2;54;234;195mmemory: 22.44GiB(28.24%)  [34mtps: 132  [36mtflops: 6.39  [35mmfu: 0.65%[39m
[rank0]:[titan] 2026-03-17 14:59:27,703 - root - INFO - [31mstep: 1015  [32mloss:  2.7656  [38;2;180;60;0mgrad_norm:  2.1432  [38;2;54;234;195mmemory: 22.44GiB(28.24%)  [34mtps: 137  [36mtflops: 6.60  [35mmfu: 0.67%[39m
[rank0]:[titan] 2026-03-17 14:59:43,093 - root - INFO - [31mstep: 1016  [32mloss:  2.7812  [38;2;180;60;0mgrad_norm:  1.9338  [38;2;54;234;195mmemory: 22.44GiB(28.24%)  [34mtps: 133  [36mtflops: 6.42  [35mmfu: 0.65%[39m
[rank0]:[titan] 2026-03-17 14:59:58,183 - root - INFO - [31mstep: 1017  [32mloss:  2.7812  [38;2;180;60;0mgrad_norm:  2.4652  [38;2;54;234;195mmemory: 22.44GiB(28.24%)  [34mtps: 136  [36mtflops: 6.55  [35mmfu: 0.66%[39m
[rank0]:[titan] 2026-03-17 15:00:13,247 - root - INFO - [31mstep: 1018  [32mloss:  2.7031  [38;2;180;60;0mgrad_norm:  2.1868  [38;2;54;234;195mmemory: 22.44GiB(28.24%)  [34mtps: 136  [36mtflops: 6.56  [35mmfu: 0.66%[39m
[rank0]:[titan] 2026-03-17 15:00:28,319 - root - INFO - [31mstep: 1019  [32mloss:  2.7188  [38;2;180;60;0mgrad_norm:  2.0930  [38;2;54;234;195mmemory: 22.44GiB(28.24%)  [34mtps: 136  [36mtflops: 6.56  [35mmfu: 0.66%[39m
[rank0]:[titan] 2026-03-17 15:00:43,891 - root - INFO - [31mstep: 1020  [32mloss:  2.7344  [38;2;180;60;0mgrad_norm:  2.6956  [38;2;54;234;195mmemory: 22.44GiB(28.24%)  [34mtps: 132  [36mtflops: 6.35  [35mmfu: 0.64%[39m
[rank0]:[titan] 2026-03-17 15:00:59,260 - root - INFO - [31mstep: 1021  [32mloss:  2.7812  [38;2;180;60;0mgrad_norm:  1.7061  [38;2;54;234;195mmemory: 22.44GiB(28.24%)  [34mtps: 133  [36mtflops: 6.43  [35mmfu: 0.65%[39m
[rank0]:[titan] 2026-03-17 15:01:14,416 - root - INFO - [31mstep: 1022  [32mloss:  2.7500  [38;2;180;60;0mgrad_norm:  2.6320  [38;2;54;234;195mmemory: 22.44GiB(28.24%)  [34mtps: 135  [36mtflops: 6.52  [35mmfu: 0.66%[39m
[rank0]:[titan] 2026-03-17 15:01:29,797 - root - INFO - [31mstep: 1023  [32mloss:  2.7656  [38;2;180;60;0mgrad_norm:  1.9927  [38;2;54;234;195mmemory: 22.44GiB(28.24%)  [34mtps: 133  [36mtflops: 6.42  [35mmfu: 0.65%[39m
[rank0]:[titan] 2026-03-17 15:01:45,045 - root - INFO - [31mstep: 1024  [32mloss:  2.7656  [38;2;180;60;0mgrad_norm:  1.9173  [38;2;54;234;195mmemory: 22.44GiB(28.24%)  [34mtps: 134  [36mtflops: 6.48  [35mmfu: 0.66%[39m
[rank0]:[titan] 2026-03-17 15:02:00,151 - root - INFO - [31mstep: 1025  [32mloss:  2.7188  [38;2;180;60;0mgrad_norm:  1.7164  [38;2;54;234;195mmemory: 22.44GiB(28.24%)  [34mtps: 136  [36mtflops: 6.54  [35mmfu: 0.66%[39m
[rank0]:[titan] 2026-03-17 15:02:15,294 - root - INFO - [31mstep: 1026  [32mloss:  2.8125  [38;2;180;60;0mgrad_norm:  2.8599  [38;2;54;234;195mmemory: 22.44GiB(28.24%)  [34mtps: 135  [36mtflops: 6.53  [35mmfu: 0.66%[39m
[rank0]:[titan] 2026-03-17 15:02:30,932 - root - INFO - [31mstep: 1027  [32mloss:  2.7812  [38;2;180;60;0mgrad_norm:  2.1843  [38;2;54;234;195mmemory: 22.44GiB(28.24%)  [34mtps: 131  [36mtflops: 6.32  [35mmfu: 0.64%[39m
[rank0]:[titan] 2026-03-17 15:02:46,027 - root - INFO - [31mstep: 1028  [32mloss:  2.7500  [38;2;180;60;0mgrad_norm:  2.0896  [38;2;54;234;195mmemory: 22.44GiB(28.24%)  [34mtps: 136  [36mtflops: 6.55  [35mmfu: 0.66%[39m
[rank0]:[titan] 2026-03-17 15:03:01,237 - root - INFO - [31mstep: 1029  [32mloss:  2.7188  [38;2;180;60;0mgrad_norm:  1.9556  [38;2;54;234;195mmemory: 22.44GiB(28.24%)  [34mtps: 135  [36mtflops: 6.50  [35mmfu: 0.66%[39m
[rank0]:[titan] 2026-03-17 15:03:16,531 - root - INFO - [31mstep: 1030  [32mloss:  2.7656  [38;2;180;60;0mgrad_norm:  2.5904  [38;2;54;234;195mmemory: 22.44GiB(28.24%)  [34mtps: 134  [36mtflops: 6.46  [35mmfu: 0.65%[39m
[rank0]:[titan] 2026-03-17 15:03:32,233 - root - INFO - [31mstep: 1031  [32mloss:  2.7031  [38;2;180;60;0mgrad_norm:  1.9517  [38;2;54;234;195mmemory: 22.44GiB(28.24%)  [34mtps: 130  [36mtflops: 6.29  [35mmfu: 0.64%[39m
[rank0]:[titan] 2026-03-17 15:03:47,804 - root - INFO - [31mstep: 1032  [32mloss:  2.7031  [38;2;180;60;0mgrad_norm:  2.1037  [38;2;54;234;195mmemory: 22.44GiB(28.24%)  [34mtps: 132  [36mtflops: 6.35  [35mmfu: 0.64%[39m
[rank0]:[titan] 2026-03-17 15:04:02,698 - root - INFO - [31mstep: 1033  [32mloss:  2.7344  [38;2;180;60;0mgrad_norm:  2.4436  [38;2;54;234;195mmemory: 22.44GiB(28.24%)  [34mtps: 138  [36mtflops: 6.63  [35mmfu: 0.67%[39m
[rank0]:[titan] 2026-03-17 15:04:17,881 - root - INFO - [31mstep: 1034  [32mloss:  2.6719  [38;2;180;60;0mgrad_norm:  2.0902  [38;2;54;234;195mmemory: 22.44GiB(28.24%)  [34mtps: 135  [36mtflops: 6.51  [35mmfu: 0.66%[39m
[rank0]:[titan] 2026-03-17 15:04:32,934 - root - INFO - [31mstep: 1035  [32mloss:  2.7188  [38;2;180;60;0mgrad_norm:  1.8350  [38;2;54;234;195mmemory: 22.44GiB(28.24%)  [34mtps: 136  [36mtflops: 6.57  [35mmfu: 0.66%[39m
[rank0]:[titan] 2026-03-17 15:04:48,299 - root - INFO - [31mstep: 1036  [32mloss:  2.6875  [38;2;180;60;0mgrad_norm:  2.1303  [38;2;54;234;195mmemory: 22.44GiB(28.24%)  [34mtps: 133  [36mtflops: 6.43  [35mmfu: 0.65%[39m
[rank0]:[titan] 2026-03-17 15:05:03,690 - root - INFO - [31mstep: 1037  [32mloss:  2.6875  [38;2;180;60;0mgrad_norm:  1.9667  [38;2;54;234;195mmemory: 22.44GiB(28.24%)  [34mtps: 133  [36mtflops: 6.42  [35mmfu: 0.65%[39m
[rank0]:[titan] 2026-03-17 15:05:19,264 - root - INFO - [31mstep: 1038  [32mloss:  2.6875  [38;2;180;60;0mgrad_norm:  1.6747  [38;2;54;234;195mmemory: 22.44GiB(28.24%)  [34mtps: 132  [36mtflops: 6.35  [35mmfu: 0.64%[39m
[rank0]:[titan] 2026-03-17 15:05:34,757 - root - INFO - [31mstep: 1039  [32mloss:  2.6719  [38;2;180;60;0mgrad_norm:  2.4906  [38;2;54;234;195mmemory: 22.44GiB(28.24%)  [34mtps: 132  [36mtflops: 6.38  [35mmfu: 0.64%[39m
[rank0]:[titan] 2026-03-17 15:05:50,386 - root - INFO - [31mstep: 1040  [32mloss:  2.6875  [38;2;180;60;0mgrad_norm:  2.1136  [38;2;54;234;195mmemory: 22.44GiB(28.24%)  [34mtps: 131  [36mtflops: 6.32  [35mmfu: 0.64%[39m
[rank0]:[titan] 2026-03-17 15:06:05,753 - root - INFO - [31mstep: 1041  [32mloss:  2.7031  [38;2;180;60;0mgrad_norm:  2.2289  [38;2;54;234;195mmemory: 22.44GiB(28.24%)  [34mtps: 133  [36mtflops: 6.43  [35mmfu: 0.65%[39m
[rank0]:[titan] 2026-03-17 15:06:20,751 - root - INFO - [31mstep: 1042  [32mloss:  2.7188  [38;2;180;60;0mgrad_norm:  2.2040  [38;2;54;234;195mmemory: 22.44GiB(28.24%)  [34mtps: 137  [36mtflops: 6.59  [35mmfu: 0.67%[39m
[rank0]:[titan] 2026-03-17 15:06:36,253 - root - INFO - [31mstep: 1043  [32mloss:  2.7188  [38;2;180;60;0mgrad_norm:  2.4064  [38;2;54;234;195mmemory: 22.44GiB(28.24%)  [34mtps: 132  [36mtflops: 6.37  [35mmfu: 0.64%[39m
[rank0]:[titan] 2026-03-17 15:06:51,503 - root - INFO - [31mstep: 1044  [32mloss:  2.7812  [38;2;180;60;0mgrad_norm:  2.1086  [38;2;54;234;195mmemory: 22.44GiB(28.24%)  [34mtps: 134  [36mtflops: 6.48  [35mmfu: 0.66%[39m
[rank0]:[titan] 2026-03-17 15:07:07,054 - root - INFO - [31mstep: 1045  [32mloss:  2.7188  [38;2;180;60;0mgrad_norm:  1.7806  [38;2;54;234;195mmemory: 22.44GiB(28.24%)  [34mtps: 132  [36mtflops: 6.35  [35mmfu: 0.64%[39m
[rank0]:[titan] 2026-03-17 15:07:21,463 - root - INFO - [31mstep: 1046  [32mloss:  2.7188  [38;2;180;60;0mgrad_norm:  1.9827  [38;2;54;234;195mmemory: 22.44GiB(28.24%)  [34mtps: 142  [36mtflops: 6.86  [35mmfu: 0.69%[39m
[rank0]:[titan] 2026-03-17 15:07:37,453 - root - INFO - [31mstep: 1047  [32mloss:  2.7500  [38;2;180;60;0mgrad_norm:  2.1036  [38;2;54;234;195mmemory: 22.44GiB(28.24%)  [34mtps: 128  [36mtflops: 6.18  [35mmfu: 0.62%[39m
[rank0]:[titan] 2026-03-17 15:07:52,868 - root - INFO - [31mstep: 1048  [32mloss:  2.7188  [38;2;180;60;0mgrad_norm:  1.8323  [38;2;54;234;195mmemory: 22.44GiB(28.24%)  [34mtps: 133  [36mtflops: 6.41  [35mmfu: 0.65%[39m
[rank0]:[titan] 2026-03-17 15:08:07,821 - root - INFO - [31mstep: 1049  [32mloss:  2.7812  [38;2;180;60;0mgrad_norm:  1.5440  [38;2;54;234;195mmemory: 22.44GiB(28.24%)  [34mtps: 137  [36mtflops: 6.61  [35mmfu: 0.67%[39m
[rank0]:[titan] 2026-03-17 15:08:22,791 - root - INFO - [31mstep: 1050  [32mloss:  2.8125  [38;2;180;60;0mgrad_norm:  1.6743  [38;2;54;234;195mmemory: 22.44GiB(28.24%)  [34mtps: 137  [36mtflops: 6.60  [35mmfu: 0.67%[39m
[rank0]:[titan] 2026-03-17 15:08:37,764 - root - INFO - [31mstep: 1051  [32mloss:  2.7344  [38;2;180;60;0mgrad_norm:  1.3777  [38;2;54;234;195mmemory: 22.44GiB(28.24%)  [34mtps: 137  [36mtflops: 6.60  [35mmfu: 0.67%[39m
[rank0]:[titan] 2026-03-17 15:08:52,646 - root - INFO - [31mstep: 1052  [32mloss:  2.7500  [38;2;180;60;0mgrad_norm:  1.4833  [38;2;54;234;195mmemory: 22.44GiB(28.24%)  [34mtps: 138  [36mtflops: 6.64  [35mmfu: 0.67%[39m
[rank0]:[titan] 2026-03-17 15:09:08,254 - root - INFO - [31mstep: 1053  [32mloss:  2.7188  [38;2;180;60;0mgrad_norm:  1.7950  [38;2;54;234;195mmemory: 22.44GiB(28.24%)  [34mtps: 131  [36mtflops: 6.33  [35mmfu: 0.64%[39m
[rank0]:[titan] 2026-03-17 15:09:23,452 - root - INFO - [31mstep: 1054  [32mloss:  2.7812  [38;2;180;60;0mgrad_norm:  1.9875  [38;2;54;234;195mmemory: 22.44GiB(28.24%)  [34mtps: 135  [36mtflops: 6.50  [35mmfu: 0.66%[39m
[rank0]:[titan] 2026-03-17 15:09:38,513 - root - INFO - [31mstep: 1055  [32mloss:  2.7500  [38;2;180;60;0mgrad_norm:  1.2476  [38;2;54;234;195mmemory: 22.44GiB(28.24%)  [34mtps: 136  [36mtflops: 6.56  [35mmfu: 0.66%[39m
[rank0]:[titan] 2026-03-17 15:09:53,984 - root - INFO - [31mstep: 1056  [32mloss:  2.7812  [38;2;180;60;0mgrad_norm:  1.5264  [38;2;54;234;195mmemory: 22.44GiB(28.24%)  [34mtps: 132  [36mtflops: 6.39  [35mmfu: 0.65%[39m
[rank0]:[titan] 2026-03-17 15:10:09,393 - root - INFO - [31mstep: 1057  [32mloss:  2.7969  [38;2;180;60;0mgrad_norm:  2.2720  [38;2;54;234;195mmemory: 22.44GiB(28.24%)  [34mtps: 133  [36mtflops: 6.41  [35mmfu: 0.65%[39m
[rank0]:[titan] 2026-03-17 15:10:09,395 - root - WARNING - Dataset c4_test is being re-looped
[rank0]:[titan] 2026-03-17 15:10:24,829 - root - INFO - [31mstep: 1058  [32mloss:  2.7812  [38;2;180;60;0mgrad_norm:  1.4160  [38;2;54;234;195mmemory: 22.44GiB(28.24%)  [34mtps: 133  [36mtflops: 6.40  [35mmfu: 0.65%[39m
[rank0]:[titan] 2026-03-17 15:10:39,760 - root - INFO - [31mstep: 1059  [32mloss:  2.7969  [38;2;180;60;0mgrad_norm:  2.7827  [38;2;54;234;195mmemory: 22.44GiB(28.24%)  [34mtps: 137  [36mtflops: 6.62  [35mmfu: 0.67%[39m
[rank0]:[titan] 2026-03-17 15:10:55,130 - root - INFO - [31mstep: 1060  [32mloss:  2.7812  [38;2;180;60;0mgrad_norm:  2.4466  [38;2;54;234;195mmemory: 22.44GiB(28.24%)  [34mtps: 133  [36mtflops: 6.43  [35mmfu: 0.65%[39m
[rank0]:[titan] 2026-03-17 15:11:10,503 - root - INFO - [31mstep: 1061  [32mloss:  2.7812  [38;2;180;60;0mgrad_norm:  2.0135  [38;2;54;234;195mmemory: 22.44GiB(28.24%)  [34mtps: 133  [36mtflops: 6.43  [35mmfu: 0.65%[39m
[rank0]:[titan] 2026-03-17 15:11:25,561 - root - INFO - [31mstep: 1062  [32mloss:  2.7812  [38;2;180;60;0mgrad_norm:  2.4783  [38;2;54;234;195mmemory: 22.44GiB(28.24%)  [34mtps: 136  [36mtflops: 6.56  [35mmfu: 0.66%[39m
[rank0]:[titan] 2026-03-17 15:11:40,804 - root - INFO - [31mstep: 1063  [32mloss:  2.7812  [38;2;180;60;0mgrad_norm:  1.5473  [38;2;54;234;195mmemory: 22.44GiB(28.24%)  [34mtps: 134  [36mtflops: 6.48  [35mmfu: 0.66%[39m
[rank0]:[titan] 2026-03-17 15:11:56,206 - root - INFO - [31mstep: 1064  [32mloss:  2.7812  [38;2;180;60;0mgrad_norm:  2.5667  [38;2;54;234;195mmemory: 22.44GiB(28.24%)  [34mtps: 133  [36mtflops: 6.42  [35mmfu: 0.65%[39m
[rank0]:[titan] 2026-03-17 15:12:11,598 - root - INFO - [31mstep: 1065  [32mloss:  2.7500  [38;2;180;60;0mgrad_norm:  2.2993  [38;2;54;234;195mmemory: 22.44GiB(28.24%)  [34mtps: 133  [36mtflops: 6.42  [35mmfu: 0.65%[39m
[rank0]:[titan] 2026-03-17 15:12:26,926 - root - INFO - [31mstep: 1066  [32mloss:  2.8281  [38;2;180;60;0mgrad_norm:  2.2310  [38;2;54;234;195mmemory: 22.44GiB(28.24%)  [34mtps: 134  [36mtflops: 6.45  [35mmfu: 0.65%[39m
[rank0]:[titan] 2026-03-17 15:12:41,972 - root - INFO - [31mstep: 1067  [32mloss:  2.7500  [38;2;180;60;0mgrad_norm:  2.1918  [38;2;54;234;195mmemory: 22.44GiB(28.24%)  [34mtps: 136  [36mtflops: 6.57  [35mmfu: 0.66%[39m
[rank0]:[titan] 2026-03-17 15:12:55,901 - root - INFO - [31mstep: 1068  [32mloss:  2.7031  [38;2;180;60;0mgrad_norm:  2.0794  [38;2;54;234;195mmemory: 22.44GiB(28.24%)  [34mtps: 147  [36mtflops: 7.09  [35mmfu: 0.72%[39m
[rank0]:[titan] 2026-03-17 15:13:11,288 - root - INFO - [31mstep: 1069  [32mloss:  2.7812  [38;2;180;60;0mgrad_norm:  2.1381  [38;2;54;234;195mmemory: 22.44GiB(28.24%)  [34mtps: 133  [36mtflops: 6.42  [35mmfu: 0.65%[39m
[rank0]:[titan] 2026-03-17 15:13:26,779 - root - INFO - [31mstep: 1070  [32mloss:  2.7969  [38;2;180;60;0mgrad_norm:  2.2218  [38;2;54;234;195mmemory: 22.44GiB(28.24%)  [34mtps: 132  [36mtflops: 6.38  [35mmfu: 0.65%[39m
[rank0]:[titan] 2026-03-17 15:13:42,163 - root - INFO - [31mstep: 1071  [32mloss:  2.7812  [38;2;180;60;0mgrad_norm:  2.3004  [38;2;54;234;195mmemory: 22.44GiB(28.24%)  [34mtps: 133  [36mtflops: 6.42  [35mmfu: 0.65%[39m
[rank0]:[titan] 2026-03-17 15:13:57,800 - root - INFO - [31mstep: 1072  [32mloss:  2.7500  [38;2;180;60;0mgrad_norm:  1.5493  [38;2;54;234;195mmemory: 22.44GiB(28.24%)  [34mtps: 131  [36mtflops: 6.32  [35mmfu: 0.64%[39m
[rank0]:[titan] 2026-03-17 15:14:13,345 - root - INFO - [31mstep: 1073  [32mloss:  2.7656  [38;2;180;60;0mgrad_norm:  1.8228  [38;2;54;234;195mmemory: 22.44GiB(28.24%)  [34mtps: 132  [36mtflops: 6.36  [35mmfu: 0.64%[39m
[rank0]:[titan] 2026-03-17 15:14:28,634 - root - INFO - [31mstep: 1074  [32mloss:  2.7500  [38;2;180;60;0mgrad_norm:  2.2284  [38;2;54;234;195mmemory: 22.44GiB(28.24%)  [34mtps: 134  [36mtflops: 6.46  [35mmfu: 0.65%[39m
[rank0]:[titan] 2026-03-17 15:14:43,810 - root - INFO - [31mstep: 1075  [32mloss:  2.7500  [38;2;180;60;0mgrad_norm:  1.3994  [38;2;54;234;195mmemory: 22.44GiB(28.24%)  [34mtps: 135  [36mtflops: 6.51  [35mmfu: 0.66%[39m
[rank0]:[titan] 2026-03-17 15:14:58,878 - root - INFO - [31mstep: 1076  [32mloss:  2.7344  [38;2;180;60;0mgrad_norm:  2.2093  [38;2;54;234;195mmemory: 22.44GiB(28.24%)  [34mtps: 136  [36mtflops: 6.56  [35mmfu: 0.66%[39m
[rank0]:[titan] 2026-03-17 15:15:13,990 - root - INFO - [31mstep: 1077  [32mloss:  2.7656  [38;2;180;60;0mgrad_norm:  2.0645  [38;2;54;234;195mmemory: 22.44GiB(28.24%)  [34mtps: 136  [36mtflops: 6.54  [35mmfu: 0.66%[39m
[rank0]:[titan] 2026-03-17 15:15:29,061 - root - INFO - [31mstep: 1078  [32mloss:  2.7344  [38;2;180;60;0mgrad_norm:  1.8968  [38;2;54;234;195mmemory: 22.44GiB(28.24%)  [34mtps: 136  [36mtflops: 6.56  [35mmfu: 0.66%[39m
[rank0]:[titan] 2026-03-17 15:15:44,124 - root - INFO - [31mstep: 1079  [32mloss:  2.7500  [38;2;180;60;0mgrad_norm:  1.7509  [38;2;54;234;195mmemory: 22.44GiB(28.24%)  [34mtps: 136  [36mtflops: 6.56  [35mmfu: 0.66%[39m
[rank0]:[titan] 2026-03-17 15:15:59,489 - root - INFO - [31mstep: 1080  [32mloss:  2.7188  [38;2;180;60;0mgrad_norm:  1.9426  [38;2;54;234;195mmemory: 22.44GiB(28.24%)  [34mtps: 133  [36mtflops: 6.43  [35mmfu: 0.65%[39m
[rank0]:[titan] 2026-03-17 15:16:15,113 - root - INFO - [31mstep: 1081  [32mloss:  2.7656  [38;2;180;60;0mgrad_norm:  1.9982  [38;2;54;234;195mmemory: 22.44GiB(28.24%)  [34mtps: 131  [36mtflops: 6.32  [35mmfu: 0.64%[39m
[rank0]:[titan] 2026-03-17 15:16:30,445 - root - INFO - [31mstep: 1082  [32mloss:  2.7656  [38;2;180;60;0mgrad_norm:  1.9271  [38;2;54;234;195mmemory: 22.44GiB(28.24%)  [34mtps: 134  [36mtflops: 6.45  [35mmfu: 0.65%[39m
[rank0]:[titan] 2026-03-17 15:16:45,777 - root - INFO - [31mstep: 1083  [32mloss:  2.7500  [38;2;180;60;0mgrad_norm:  1.4916  [38;2;54;234;195mmemory: 22.44GiB(28.24%)  [34mtps: 134  [36mtflops: 6.45  [35mmfu: 0.65%[39m
[rank0]:[titan] 2026-03-17 15:17:01,303 - root - INFO - [31mstep: 1084  [32mloss:  2.8125  [38;2;180;60;0mgrad_norm:  2.0419  [38;2;54;234;195mmemory: 22.44GiB(28.24%)  [34mtps: 132  [36mtflops: 6.36  [35mmfu: 0.64%[39m
[rank0]:[titan] 2026-03-17 15:17:16,707 - root - INFO - [31mstep: 1085  [32mloss:  2.7344  [38;2;180;60;0mgrad_norm:  1.7003  [38;2;54;234;195mmemory: 22.44GiB(28.24%)  [34mtps: 133  [36mtflops: 6.42  [35mmfu: 0.65%[39m
[rank0]:[titan] 2026-03-17 15:17:31,779 - root - INFO - [31mstep: 1086  [32mloss:  2.7344  [38;2;180;60;0mgrad_norm:  2.2360  [38;2;54;234;195mmemory: 22.44GiB(28.24%)  [34mtps: 136  [36mtflops: 6.56  [35mmfu: 0.66%[39m
[rank0]:[titan] 2026-03-17 15:17:46,434 - root - INFO - [31mstep: 1087  [32mloss:  2.7500  [38;2;180;60;0mgrad_norm:  1.9906  [38;2;54;234;195mmemory: 22.44GiB(28.24%)  [34mtps: 140  [36mtflops: 6.74  [35mmfu: 0.68%[39m
[rank0]:[titan] 2026-03-17 15:18:01,523 - root - INFO - [31mstep: 1088  [32mloss:  2.8125  [38;2;180;60;0mgrad_norm:  1.5966  [38;2;54;234;195mmemory: 22.44GiB(28.24%)  [34mtps: 136  [36mtflops: 6.55  [35mmfu: 0.66%[39m
[rank0]:[titan] 2026-03-17 15:18:17,063 - root - INFO - [31mstep: 1089  [32mloss:  2.7969  [38;2;180;60;0mgrad_norm:  1.5911  [38;2;54;234;195mmemory: 22.44GiB(28.24%)  [34mtps: 132  [36mtflops: 6.36  [35mmfu: 0.64%[39m
[rank0]:[titan] 2026-03-17 15:18:32,436 - root - INFO - [31mstep: 1090  [32mloss:  2.7188  [38;2;180;60;0mgrad_norm:  2.0463  [38;2;54;234;195mmemory: 22.44GiB(28.24%)  [34mtps: 133  [36mtflops: 6.43  [35mmfu: 0.65%[39m
[rank0]:[titan] 2026-03-17 15:18:47,902 - root - INFO - [31mstep: 1091  [32mloss:  2.7656  [38;2;180;60;0mgrad_norm:  1.6890  [38;2;54;234;195mmemory: 22.44GiB(28.24%)  [34mtps: 132  [36mtflops: 6.39  [35mmfu: 0.65%[39m
[rank0]:[titan] 2026-03-17 15:19:03,246 - root - INFO - [31mstep: 1092  [32mloss:  2.7344  [38;2;180;60;0mgrad_norm:  1.9119  [38;2;54;234;195mmemory: 22.44GiB(28.24%)  [34mtps: 133  [36mtflops: 6.44  [35mmfu: 0.65%[39m
[rank0]:[titan] 2026-03-17 15:19:18,861 - root - INFO - [31mstep: 1093  [32mloss:  2.7500  [38;2;180;60;0mgrad_norm:  1.6973  [38;2;54;234;195mmemory: 22.44GiB(28.24%)  [34mtps: 131  [36mtflops: 6.33  [35mmfu: 0.64%[39m
[rank0]:[titan] 2026-03-17 15:19:33,964 - root - INFO - [31mstep: 1094  [32mloss:  2.7656  [38;2;180;60;0mgrad_norm:  1.9276  [38;2;54;234;195mmemory: 22.44GiB(28.24%)  [34mtps: 136  [36mtflops: 6.54  [35mmfu: 0.66%[39m
[rank0]:[titan] 2026-03-17 15:19:48,850 - root - INFO - [31mstep: 1095  [32mloss:  2.7031  [38;2;180;60;0mgrad_norm:  1.8064  [38;2;54;234;195mmemory: 22.44GiB(28.24%)  [34mtps: 138  [36mtflops: 6.64  [35mmfu: 0.67%[39m
[rank0]:[titan] 2026-03-17 15:20:04,461 - root - INFO - [31mstep: 1096  [32mloss:  2.7031  [38;2;180;60;0mgrad_norm:  1.8446  [38;2;54;234;195mmemory: 22.44GiB(28.24%)  [34mtps: 131  [36mtflops: 6.33  [35mmfu: 0.64%[39m
[rank0]:[titan] 2026-03-17 15:20:19,729 - root - INFO - [31mstep: 1097  [32mloss:  2.7031  [38;2;180;60;0mgrad_norm:  1.9831  [38;2;54;234;195mmemory: 22.44GiB(28.24%)  [34mtps: 134  [36mtflops: 6.47  [35mmfu: 0.65%[39m
[rank0]:[titan] 2026-03-17 15:20:34,833 - root - INFO - [31mstep: 1098  [32mloss:  2.7500  [38;2;180;60;0mgrad_norm:  1.6021  [38;2;54;234;195mmemory: 22.44GiB(28.24%)  [34mtps: 136  [36mtflops: 6.54  [35mmfu: 0.66%[39m
[rank0]:[titan] 2026-03-17 15:20:50,068 - root - INFO - [31mstep: 1099  [32mloss:  2.7031  [38;2;180;60;0mgrad_norm:  1.6711  [38;2;54;234;195mmemory: 22.44GiB(28.24%)  [34mtps: 134  [36mtflops: 6.49  [35mmfu: 0.66%[39m
[rank0]:[titan] 2026-03-17 15:21:05,346 - root - INFO - [31mstep: 1100  [32mloss:  2.7188  [38;2;180;60;0mgrad_norm:  1.8620  [38;2;54;234;195mmemory: 22.44GiB(28.24%)  [34mtps: 134  [36mtflops: 6.47  [35mmfu: 0.65%[39m
[rank0]:[titan] 2026-03-17 15:21:20,260 - root - INFO - [31mstep: 1101  [32mloss:  2.7344  [38;2;180;60;0mgrad_norm:  1.3822  [38;2;54;234;195mmemory: 22.44GiB(28.24%)  [34mtps: 137  [36mtflops: 6.63  [35mmfu: 0.67%[39m
[rank0]:[titan] 2026-03-17 15:21:35,242 - root - INFO - [31mstep: 1102  [32mloss:  2.7344  [38;2;180;60;0mgrad_norm:  1.8836  [38;2;54;234;195mmemory: 22.44GiB(28.24%)  [34mtps: 137  [36mtflops: 6.60  [35mmfu: 0.67%[39m
[rank0]:[titan] 2026-03-17 15:21:50,267 - root - INFO - [31mstep: 1103  [32mloss:  2.6875  [38;2;180;60;0mgrad_norm:  1.8905  [38;2;54;234;195mmemory: 22.44GiB(28.24%)  [34mtps: 136  [36mtflops: 6.58  [35mmfu: 0.67%[39m
[rank0]:[titan] 2026-03-17 15:22:05,362 - root - INFO - [31mstep: 1104  [32mloss:  2.7188  [38;2;180;60;0mgrad_norm:  1.6911  [38;2;54;234;195mmemory: 22.44GiB(28.24%)  [34mtps: 136  [36mtflops: 6.55  [35mmfu: 0.66%[39m
[rank0]:[titan] 2026-03-17 15:22:20,352 - root - INFO - [31mstep: 1105  [32mloss:  2.7656  [38;2;180;60;0mgrad_norm:  1.6043  [38;2;54;234;195mmemory: 22.44GiB(28.24%)  [34mtps: 137  [36mtflops: 6.59  [35mmfu: 0.67%[39m
[rank0]:[titan] 2026-03-17 15:22:34,521 - root - INFO - [31mstep: 1106  [32mloss:  2.7031  [38;2;180;60;0mgrad_norm:  2.0559  [38;2;54;234;195mmemory: 22.44GiB(28.24%)  [34mtps: 145  [36mtflops: 6.97  [35mmfu: 0.71%[39m
[rank0]:[titan] 2026-03-17 15:22:50,270 - root - INFO - [31mstep: 1107  [32mloss:  2.7500  [38;2;180;60;0mgrad_norm:  2.1590  [38;2;54;234;195mmemory: 22.44GiB(28.24%)  [34mtps: 130  [36mtflops: 6.27  [35mmfu: 0.63%[39m
[rank0]:[titan] 2026-03-17 15:23:05,688 - root - INFO - [31mstep: 1108  [32mloss:  2.7969  [38;2;180;60;0mgrad_norm:  2.0054  [38;2;54;234;195mmemory: 22.44GiB(28.24%)  [34mtps: 133  [36mtflops: 6.41  [35mmfu: 0.65%[39m
[rank0]:[titan] 2026-03-17 15:23:20,864 - root - INFO - [31mstep: 1109  [32mloss:  2.8594  [38;2;180;60;0mgrad_norm:  1.7900  [38;2;54;234;195mmemory: 22.44GiB(28.24%)  [34mtps: 135  [36mtflops: 6.51  [35mmfu: 0.66%[39m
[rank0]:[titan] 2026-03-17 15:23:35,836 - root - INFO - [31mstep: 1110  [32mloss:  2.7188  [38;2;180;60;0mgrad_norm:  2.0817  [38;2;54;234;195mmemory: 22.44GiB(28.24%)  [34mtps: 137  [36mtflops: 6.60  [35mmfu: 0.67%[39m
[rank0]:[titan] 2026-03-17 15:23:50,800 - root - INFO - [31mstep: 1111  [32mloss:  2.7812  [38;2;180;60;0mgrad_norm:  1.7940  [38;2;54;234;195mmemory: 22.44GiB(28.24%)  [34mtps: 137  [36mtflops: 6.60  [35mmfu: 0.67%[39m
[rank0]:[titan] 2026-03-17 15:24:05,736 - root - INFO - [31mstep: 1112  [32mloss:  2.7500  [38;2;180;60;0mgrad_norm:  1.5607  [38;2;54;234;195mmemory: 22.44GiB(28.24%)  [34mtps: 137  [36mtflops: 6.62  [35mmfu: 0.67%[39m
[rank0]:[titan] 2026-03-17 15:24:20,521 - root - INFO - [31mstep: 1113  [32mloss:  2.7344  [38;2;180;60;0mgrad_norm:  2.1940  [38;2;54;234;195mmemory: 22.44GiB(28.24%)  [34mtps: 139  [36mtflops: 6.68  [35mmfu: 0.68%[39m
[rank0]:[titan] 2026-03-17 15:24:35,675 - root - INFO - [31mstep: 1114  [32mloss:  2.7500  [38;2;180;60;0mgrad_norm:  1.7361  [38;2;54;234;195mmemory: 22.44GiB(28.24%)  [34mtps: 135  [36mtflops: 6.52  [35mmfu: 0.66%[39m
[rank0]:[titan] 2026-03-17 15:24:50,695 - root - INFO - [31mstep: 1115  [32mloss:  2.8438  [38;2;180;60;0mgrad_norm:  1.6235  [38;2;54;234;195mmemory: 22.44GiB(28.24%)  [34mtps: 136  [36mtflops: 6.58  [35mmfu: 0.67%[39m
[rank0]:[titan] 2026-03-17 15:25:05,459 - root - INFO - [31mstep: 1116  [32mloss:  2.6875  [38;2;180;60;0mgrad_norm:  1.9857  [38;2;54;234;195mmemory: 22.44GiB(28.24%)  [34mtps: 139  [36mtflops: 6.69  [35mmfu: 0.68%[39m
[rank0]:[titan] 2026-03-17 15:25:20,481 - root - INFO - [31mstep: 1117  [32mloss:  2.7031  [38;2;180;60;0mgrad_norm:  1.8459  [38;2;54;234;195mmemory: 22.44GiB(28.24%)  [34mtps: 136  [36mtflops: 6.58  [35mmfu: 0.67%[39m
[rank0]:[titan] 2026-03-17 15:25:35,463 - root - INFO - [31mstep: 1118  [32mloss:  2.7344  [38;2;180;60;0mgrad_norm:  1.5967  [38;2;54;234;195mmemory: 22.44GiB(28.24%)  [34mtps: 137  [36mtflops: 6.60  [35mmfu: 0.67%[39m
[rank0]:[titan] 2026-03-17 15:25:50,583 - root - INFO - [31mstep: 1119  [32mloss:  2.8438  [38;2;180;60;0mgrad_norm:  1.5465  [38;2;54;234;195mmemory: 22.44GiB(28.24%)  [34mtps: 135  [36mtflops: 6.54  [35mmfu: 0.66%[39m
[rank0]:[titan] 2026-03-17 15:26:05,510 - root - INFO - [31mstep: 1120  [32mloss:  2.7500  [38;2;180;60;0mgrad_norm:  1.6376  [38;2;54;234;195mmemory: 22.44GiB(28.24%)  [34mtps: 137  [36mtflops: 6.62  [35mmfu: 0.67%[39m
[rank0]:[titan] 2026-03-17 15:26:20,648 - root - INFO - [31mstep: 1121  [32mloss:  2.7812  [38;2;180;60;0mgrad_norm:  1.7518  [38;2;54;234;195mmemory: 22.44GiB(28.24%)  [34mtps: 135  [36mtflops: 6.53  [35mmfu: 0.66%[39m
[rank0]:[titan] 2026-03-17 15:26:35,986 - root - INFO - [31mstep: 1122  [32mloss:  2.7500  [38;2;180;60;0mgrad_norm:  1.3421  [38;2;54;234;195mmemory: 22.44GiB(28.24%)  [34mtps: 134  [36mtflops: 6.44  [35mmfu: 0.65%[39m
[rank0]:[titan] 2026-03-17 15:26:51,091 - root - INFO - [31mstep: 1123  [32mloss:  2.7656  [38;2;180;60;0mgrad_norm:  2.3132  [38;2;54;234;195mmemory: 22.44GiB(28.24%)  [34mtps: 136  [36mtflops: 6.54  [35mmfu: 0.66%[39m
[rank0]:[titan] 2026-03-17 15:27:06,150 - root - INFO - [31mstep: 1124  [32mloss:  2.7500  [38;2;180;60;0mgrad_norm:  2.2803  [38;2;54;234;195mmemory: 22.44GiB(28.24%)  [34mtps: 136  [36mtflops: 6.56  [35mmfu: 0.66%[39m
[rank0]:[titan] 2026-03-17 15:27:21,067 - root - INFO - [31mstep: 1125  [32mloss:  2.7500  [38;2;180;60;0mgrad_norm:  1.4946  [38;2;54;234;195mmemory: 22.44GiB(28.24%)  [34mtps: 137  [36mtflops: 6.63  [35mmfu: 0.67%[39m
[rank0]:[titan] 2026-03-17 15:27:36,055 - root - INFO - [31mstep: 1126  [32mloss:  2.7344  [38;2;180;60;0mgrad_norm:  1.8882  [38;2;54;234;195mmemory: 22.44GiB(28.24%)  [34mtps: 137  [36mtflops: 6.59  [35mmfu: 0.67%[39m
[rank0]:[titan] 2026-03-17 15:27:51,330 - root - INFO - [31mstep: 1127  [32mloss:  2.7188  [38;2;180;60;0mgrad_norm:  1.6732  [38;2;54;234;195mmemory: 22.44GiB(28.24%)  [34mtps: 134  [36mtflops: 6.47  [35mmfu: 0.65%[39m
[rank0]:[titan] 2026-03-17 15:28:06,599 - root - INFO - [31mstep: 1128  [32mloss:  2.8594  [38;2;180;60;0mgrad_norm:  1.4000  [38;2;54;234;195mmemory: 22.44GiB(28.24%)  [34mtps: 134  [36mtflops: 6.47  [35mmfu: 0.65%[39m
[rank0]:[titan] 2026-03-17 15:28:21,883 - root - INFO - [31mstep: 1129  [32mloss:  2.8906  [38;2;180;60;0mgrad_norm:  1.8375  [38;2;54;234;195mmemory: 22.44GiB(28.24%)  [34mtps: 134  [36mtflops: 6.47  [35mmfu: 0.65%[39m
[rank0]:[titan] 2026-03-17 15:28:37,207 - root - INFO - [31mstep: 1130  [32mloss:  2.8125  [38;2;180;60;0mgrad_norm:  1.9031  [38;2;54;234;195mmemory: 22.44GiB(28.24%)  [34mtps: 134  [36mtflops: 6.45  [35mmfu: 0.65%[39m
[rank0]:[titan] 2026-03-17 15:28:52,286 - root - INFO - [31mstep: 1131  [32mloss:  2.7969  [38;2;180;60;0mgrad_norm:  2.0305  [38;2;54;234;195mmemory: 22.44GiB(28.24%)  [34mtps: 136  [36mtflops: 6.55  [35mmfu: 0.66%[39m
[rank0]:[titan] 2026-03-17 15:29:07,535 - root - INFO - [31mstep: 1132  [32mloss:  2.7969  [38;2;180;60;0mgrad_norm:  1.8771  [38;2;54;234;195mmemory: 22.44GiB(28.24%)  [34mtps: 134  [36mtflops: 6.48  [35mmfu: 0.66%[39m
[rank0]:[titan] 2026-03-17 15:29:22,731 - root - INFO - [31mstep: 1133  [32mloss:  2.7812  [38;2;180;60;0mgrad_norm:  1.1936  [38;2;54;234;195mmemory: 22.44GiB(28.24%)  [34mtps: 135  [36mtflops: 6.50  [35mmfu: 0.66%[39m
[rank0]:[titan] 2026-03-17 15:29:37,715 - root - INFO - [31mstep: 1134  [32mloss:  2.7031  [38;2;180;60;0mgrad_norm:  1.6520  [38;2;54;234;195mmemory: 22.44GiB(28.24%)  [34mtps: 137  [36mtflops: 6.60  [35mmfu: 0.67%[39m
[rank0]:[titan] 2026-03-17 15:29:52,727 - root - INFO - [31mstep: 1135  [32mloss:  2.7031  [38;2;180;60;0mgrad_norm:  1.6103  [38;2;54;234;195mmemory: 22.44GiB(28.24%)  [34mtps: 136  [36mtflops: 6.58  [35mmfu: 0.67%[39m
[rank0]:[titan] 2026-03-17 15:30:07,899 - root - INFO - [31mstep: 1136  [32mloss:  2.7500  [38;2;180;60;0mgrad_norm:  1.7646  [38;2;54;234;195mmemory: 22.44GiB(28.24%)  [34mtps: 135  [36mtflops: 6.51  [35mmfu: 0.66%[39m
[rank0]:[titan] 2026-03-17 15:30:22,794 - root - INFO - [31mstep: 1137  [32mloss:  2.7188  [38;2;180;60;0mgrad_norm:  1.5678  [38;2;54;234;195mmemory: 22.44GiB(28.24%)  [34mtps: 138  [36mtflops: 6.63  [35mmfu: 0.67%[39m
[rank0]:[titan] 2026-03-17 15:30:38,177 - root - INFO - [31mstep: 1138  [32mloss:  2.7500  [38;2;180;60;0mgrad_norm:  1.7315  [38;2;54;234;195mmemory: 22.44GiB(28.24%)  [34mtps: 133  [36mtflops: 6.42  [35mmfu: 0.65%[39m
[rank0]:[titan] 2026-03-17 15:30:53,490 - root - INFO - [31mstep: 1139  [32mloss:  2.7344  [38;2;180;60;0mgrad_norm:  1.2941  [38;2;54;234;195mmemory: 22.44GiB(28.24%)  [34mtps: 134  [36mtflops: 6.45  [35mmfu: 0.65%[39m
[rank0]:[titan] 2026-03-17 15:31:08,613 - root - INFO - [31mstep: 1140  [32mloss:  2.7344  [38;2;180;60;0mgrad_norm:  1.8744  [38;2;54;234;195mmemory: 22.44GiB(28.24%)  [34mtps: 135  [36mtflops: 6.53  [35mmfu: 0.66%[39m
[rank0]:[titan] 2026-03-17 15:31:23,892 - root - INFO - [31mstep: 1141  [32mloss:  2.7344  [38;2;180;60;0mgrad_norm:  1.2765  [38;2;54;234;195mmemory: 22.44GiB(28.24%)  [34mtps: 134  [36mtflops: 6.47  [35mmfu: 0.65%[39m
[rank0]:[titan] 2026-03-17 15:31:38,852 - root - INFO - [31mstep: 1142  [32mloss:  2.6875  [38;2;180;60;0mgrad_norm:  2.1685  [38;2;54;234;195mmemory: 22.44GiB(28.24%)  [34mtps: 137  [36mtflops: 6.61  [35mmfu: 0.67%[39m
[rank0]:[titan] 2026-03-17 15:31:53,786 - root - INFO - [31mstep: 1143  [32mloss:  2.7031  [38;2;180;60;0mgrad_norm:  1.6899  [38;2;54;234;195mmemory: 22.44GiB(28.24%)  [34mtps: 137  [36mtflops: 6.62  [35mmfu: 0.67%[39m
[rank0]:[titan] 2026-03-17 15:32:09,220 - root - INFO - [31mstep: 1144  [32mloss:  2.7031  [38;2;180;60;0mgrad_norm:  1.3717  [38;2;54;234;195mmemory: 22.44GiB(28.24%)  [34mtps: 133  [36mtflops: 6.40  [35mmfu: 0.65%[39m
[rank0]:[titan] 2026-03-17 15:32:24,279 - root - INFO - [31mstep: 1145  [32mloss:  2.7812  [38;2;180;60;0mgrad_norm:  3.2842  [38;2;54;234;195mmemory: 22.44GiB(28.24%)  [34mtps: 136  [36mtflops: 6.56  [35mmfu: 0.66%[39m
[rank0]:[titan] 2026-03-17 15:32:39,685 - root - INFO - [31mstep: 1146  [32mloss:  2.8594  [38;2;180;60;0mgrad_norm:  4.5518  [38;2;54;234;195mmemory: 22.44GiB(28.24%)  [34mtps: 133  [36mtflops: 6.41  [35mmfu: 0.65%[39m
[rank0]:[titan] 2026-03-17 15:32:55,024 - root - INFO - [31mstep: 1147  [32mloss:  2.8594  [38;2;180;60;0mgrad_norm:  4.0803  [38;2;54;234;195mmemory: 22.44GiB(28.24%)  [34mtps: 134  [36mtflops: 6.44  [35mmfu: 0.65%[39m
[rank0]:[titan] 2026-03-17 15:33:10,341 - root - INFO - [31mstep: 1148  [32mloss:  2.8281  [38;2;180;60;0mgrad_norm:  3.8629  [38;2;54;234;195mmemory: 22.44GiB(28.24%)  [34mtps: 134  [36mtflops: 6.45  [35mmfu: 0.65%[39m
[rank0]:[titan] 2026-03-17 15:33:25,562 - root - INFO - [31mstep: 1149  [32mloss:  2.8750  [38;2;180;60;0mgrad_norm:  4.0417  [38;2;54;234;195mmemory: 22.44GiB(28.24%)  [34mtps: 135  [36mtflops: 6.49  [35mmfu: 0.66%[39m
[rank0]:[titan] 2026-03-17 15:33:40,920 - root - INFO - [31mstep: 1150  [32mloss:  2.8906  [38;2;180;60;0mgrad_norm:  3.1270  [38;2;54;234;195mmemory: 22.44GiB(28.24%)  [34mtps: 133  [36mtflops: 6.43  [35mmfu: 0.65%[39m
[rank0]:[titan] 2026-03-17 15:33:56,303 - root - INFO - [31mstep: 1151  [32mloss:  2.8750  [38;2;180;60;0mgrad_norm:  3.0952  [38;2;54;234;195mmemory: 22.44GiB(28.24%)  [34mtps: 133  [36mtflops: 6.42  [35mmfu: 0.65%[39m
[rank0]:[titan] 2026-03-17 15:34:11,267 - root - INFO - [31mstep: 1152  [32mloss:  2.8594  [38;2;180;60;0mgrad_norm:  4.0759  [38;2;54;234;195mmemory: 22.44GiB(28.24%)  [34mtps: 137  [36mtflops: 6.60  [35mmfu: 0.67%[39m
[rank0]:[titan] 2026-03-17 15:34:26,015 - root - INFO - [31mstep: 1153  [32mloss:  2.8750  [38;2;180;60;0mgrad_norm:  3.1139  [38;2;54;234;195mmemory: 22.44GiB(28.24%)  [34mtps: 139  [36mtflops: 6.70  [35mmfu: 0.68%[39m
[rank0]:[titan] 2026-03-17 15:34:41,592 - root - INFO - [31mstep: 1154  [32mloss:  2.8438  [38;2;180;60;0mgrad_norm:  3.1676  [38;2;54;234;195mmemory: 22.44GiB(28.24%)  [34mtps: 131  [36mtflops: 6.34  [35mmfu: 0.64%[39m
[rank0]:[titan] 2026-03-17 15:34:56,690 - root - INFO - [31mstep: 1155  [32mloss:  2.8438  [38;2;180;60;0mgrad_norm:  3.2247  [38;2;54;234;195mmemory: 22.44GiB(28.24%)  [34mtps: 136  [36mtflops: 6.55  [35mmfu: 0.66%[39m
[rank0]:[titan] 2026-03-17 15:35:11,747 - root - INFO - [31mstep: 1156  [32mloss:  2.8750  [38;2;180;60;0mgrad_norm:  2.6703  [38;2;54;234;195mmemory: 22.44GiB(28.24%)  [34mtps: 136  [36mtflops: 6.56  [35mmfu: 0.66%[39m
[rank0]:[titan] 2026-03-17 15:35:26,540 - root - INFO - [31mstep: 1157  [32mloss:  2.9219  [38;2;180;60;0mgrad_norm:  3.0402  [38;2;54;234;195mmemory: 22.44GiB(28.24%)  [34mtps: 138  [36mtflops: 6.68  [35mmfu: 0.68%[39m
[rank0]:[titan] 2026-03-17 15:35:41,539 - root - INFO - [31mstep: 1158  [32mloss:  2.8906  [38;2;180;60;0mgrad_norm:  3.0354  [38;2;54;234;195mmemory: 22.44GiB(28.24%)  [34mtps: 137  [36mtflops: 6.59  [35mmfu: 0.67%[39m
[rank0]:[titan] 2026-03-17 15:35:56,484 - root - INFO - [31mstep: 1159  [32mloss:  2.8438  [38;2;180;60;0mgrad_norm:  2.4460  [38;2;54;234;195mmemory: 22.44GiB(28.24%)  [34mtps: 137  [36mtflops: 6.61  [35mmfu: 0.67%[39m
[rank0]:[titan] 2026-03-17 15:36:11,411 - root - INFO - [31mstep: 1160  [32mloss:  2.7969  [38;2;180;60;0mgrad_norm:  2.8773  [38;2;54;234;195mmemory: 22.44GiB(28.24%)  [34mtps: 137  [36mtflops: 6.62  [35mmfu: 0.67%[39m
[rank0]:[titan] 2026-03-17 15:36:26,251 - root - INFO - [31mstep: 1161  [32mloss:  2.7812  [38;2;180;60;0mgrad_norm:  3.3799  [38;2;54;234;195mmemory: 22.44GiB(28.24%)  [34mtps: 138  [36mtflops: 6.66  [35mmfu: 0.67%[39m
[rank0]:[titan] 2026-03-17 15:36:41,339 - root - INFO - [31mstep: 1162  [32mloss:  2.7969  [38;2;180;60;0mgrad_norm:  2.6093  [38;2;54;234;195mmemory: 22.44GiB(28.24%)  [34mtps: 136  [36mtflops: 6.55  [35mmfu: 0.66%[39m
[rank0]:[titan] 2026-03-17 15:36:56,456 - root - INFO - [31mstep: 1163  [32mloss:  2.7812  [38;2;180;60;0mgrad_norm:  2.7374  [38;2;54;234;195mmemory: 22.44GiB(28.24%)  [34mtps: 135  [36mtflops: 6.54  [35mmfu: 0.66%[39m
[rank0]:[titan] 2026-03-17 15:37:10,957 - root - INFO - [31mstep: 1164  [32mloss:  2.7500  [38;2;180;60;0mgrad_norm:  2.1090  [38;2;54;234;195mmemory: 22.44GiB(28.24%)  [34mtps: 141  [36mtflops: 6.81  [35mmfu: 0.69%[39m
[rank0]:[titan] 2026-03-17 15:37:26,040 - root - INFO - [31mstep: 1165  [32mloss:  2.7969  [38;2;180;60;0mgrad_norm:  1.7250  [38;2;54;234;195mmemory: 22.44GiB(28.24%)  [34mtps: 136  [36mtflops: 6.55  [35mmfu: 0.66%[39m
[rank0]:[titan] 2026-03-17 15:37:41,193 - root - INFO - [31mstep: 1166  [32mloss:  2.7812  [38;2;180;60;0mgrad_norm:  1.6482  [38;2;54;234;195mmemory: 22.44GiB(28.24%)  [34mtps: 135  [36mtflops: 6.52  [35mmfu: 0.66%[39m
[rank0]:[titan] 2026-03-17 15:37:55,903 - root - INFO - [31mstep: 1167  [32mloss:  2.8125  [38;2;180;60;0mgrad_norm:  1.8646  [38;2;54;234;195mmemory: 22.44GiB(28.24%)  [34mtps: 139  [36mtflops: 6.72  [35mmfu: 0.68%[39m
[rank0]:[titan] 2026-03-17 15:38:10,914 - root - INFO - [31mstep: 1168  [32mloss:  2.7812  [38;2;180;60;0mgrad_norm:  1.0930  [38;2;54;234;195mmemory: 22.44GiB(28.24%)  [34mtps: 136  [36mtflops: 6.58  [35mmfu: 0.67%[39m
[rank0]:[titan] 2026-03-17 15:38:26,009 - root - INFO - [31mstep: 1169  [32mloss:  2.7969  [38;2;180;60;0mgrad_norm:  1.7087  [38;2;54;234;195mmemory: 22.44GiB(28.24%)  [34mtps: 136  [36mtflops: 6.55  [35mmfu: 0.66%[39m
[rank0]:[titan] 2026-03-17 15:38:40,841 - root - INFO - [31mstep: 1170  [32mloss:  2.7656  [38;2;180;60;0mgrad_norm:  2.1142  [38;2;54;234;195mmemory: 22.44GiB(28.24%)  [34mtps: 138  [36mtflops: 6.66  [35mmfu: 0.67%[39m
[rank0]:[titan] 2026-03-17 15:38:55,596 - root - INFO - [31mstep: 1171  [32mloss:  2.7500  [38;2;180;60;0mgrad_norm:  1.6577  [38;2;54;234;195mmemory: 22.44GiB(28.24%)  [34mtps: 139  [36mtflops: 6.70  [35mmfu: 0.68%[39m
[rank0]:[titan] 2026-03-17 15:39:11,122 - root - INFO - [31mstep: 1172  [32mloss:  2.7344  [38;2;180;60;0mgrad_norm:  1.7938  [38;2;54;234;195mmemory: 22.44GiB(28.24%)  [34mtps: 132  [36mtflops: 6.36  [35mmfu: 0.64%[39m
[rank0]:[titan] 2026-03-17 15:39:26,326 - root - INFO - [31mstep: 1173  [32mloss:  2.8438  [38;2;180;60;0mgrad_norm:  2.1342  [38;2;54;234;195mmemory: 22.44GiB(28.24%)  [34mtps: 135  [36mtflops: 6.50  [35mmfu: 0.66%[39m
[rank0]:[titan] 2026-03-17 15:39:41,541 - root - INFO - [31mstep: 1174  [32mloss:  2.9062  [38;2;180;60;0mgrad_norm:  1.4843  [38;2;54;234;195mmemory: 22.44GiB(28.24%)  [34mtps: 135  [36mtflops: 6.50  [35mmfu: 0.66%[39m
[rank0]:[titan] 2026-03-17 15:39:56,442 - root - INFO - [31mstep: 1175  [32mloss:  2.8281  [38;2;180;60;0mgrad_norm:  1.5316  [38;2;54;234;195mmemory: 22.44GiB(28.24%)  [34mtps: 137  [36mtflops: 6.63  [35mmfu: 0.67%[39m
[rank0]:[titan] 2026-03-17 15:40:11,760 - root - INFO - [31mstep: 1176  [32mloss:  2.7500  [38;2;180;60;0mgrad_norm:  2.1763  [38;2;54;234;195mmemory: 22.44GiB(28.24%)  [34mtps: 134  [36mtflops: 6.45  [35mmfu: 0.65%[39m
[rank0]:[titan] 2026-03-17 15:40:26,737 - root - INFO - [31mstep: 1177  [32mloss:  2.7969  [38;2;180;60;0mgrad_norm:  2.0454  [38;2;54;234;195mmemory: 22.44GiB(28.24%)  [34mtps: 137  [36mtflops: 6.60  [35mmfu: 0.67%[39m
[rank0]:[titan] 2026-03-17 15:40:41,559 - root - INFO - [31mstep: 1178  [32mloss:  2.8281  [38;2;180;60;0mgrad_norm:  1.7641  [38;2;54;234;195mmemory: 22.44GiB(28.24%)  [34mtps: 138  [36mtflops: 6.67  [35mmfu: 0.67%[39m
[rank0]:[titan] 2026-03-17 15:40:56,881 - root - INFO - [31mstep: 1179  [32mloss:  2.8125  [38;2;180;60;0mgrad_norm:  1.7174  [38;2;54;234;195mmemory: 22.44GiB(28.24%)  [34mtps: 134  [36mtflops: 6.45  [35mmfu: 0.65%[39m
[rank0]:[titan] 2026-03-17 15:41:12,108 - root - INFO - [31mstep: 1180  [32mloss:  2.7969  [38;2;180;60;0mgrad_norm:  1.7071  [38;2;54;234;195mmemory: 22.44GiB(28.24%)  [34mtps: 135  [36mtflops: 6.49  [35mmfu: 0.66%[39m
[rank0]:[titan] 2026-03-17 15:41:27,328 - root - INFO - [31mstep: 1181  [32mloss:  2.7500  [38;2;180;60;0mgrad_norm:  2.0382  [38;2;54;234;195mmemory: 22.44GiB(28.24%)  [34mtps: 135  [36mtflops: 6.49  [35mmfu: 0.66%[39m
[rank0]:[titan] 2026-03-17 15:41:42,421 - root - INFO - [31mstep: 1182  [32mloss:  2.8125  [38;2;180;60;0mgrad_norm:  1.9010  [38;2;54;234;195mmemory: 22.44GiB(28.24%)  [34mtps: 136  [36mtflops: 6.55  [35mmfu: 0.66%[39m
[rank0]:[titan] 2026-03-17 15:41:57,096 - root - INFO - [31mstep: 1183  [32mloss:  2.7812  [38;2;180;60;0mgrad_norm:  1.4294  [38;2;54;234;195mmemory: 22.44GiB(28.24%)  [34mtps: 140  [36mtflops: 6.73  [35mmfu: 0.68%[39m
[rank0]:[titan] 2026-03-17 15:42:12,186 - root - INFO - [31mstep: 1184  [32mloss:  2.8438  [38;2;180;60;0mgrad_norm:  1.6435  [38;2;54;234;195mmemory: 22.44GiB(28.24%)  [34mtps: 136  [36mtflops: 6.55  [35mmfu: 0.66%[39m
[rank0]:[titan] 2026-03-17 15:42:27,259 - root - INFO - [31mstep: 1185  [32mloss:  2.7656  [38;2;180;60;0mgrad_norm:  1.8086  [38;2;54;234;195mmemory: 22.44GiB(28.24%)  [34mtps: 136  [36mtflops: 6.56  [35mmfu: 0.66%[39m
[rank0]:[titan] 2026-03-17 15:42:42,563 - root - INFO - [31mstep: 1186  [32mloss:  2.7656  [38;2;180;60;0mgrad_norm:  1.8122  [38;2;54;234;195mmemory: 22.44GiB(28.24%)  [34mtps: 134  [36mtflops: 6.46  [35mmfu: 0.65%[39m
[rank0]:[titan] 2026-03-17 15:42:57,733 - root - INFO - [31mstep: 1187  [32mloss:  2.7656  [38;2;180;60;0mgrad_norm:  1.5921  [38;2;54;234;195mmemory: 22.44GiB(28.24%)  [34mtps: 135  [36mtflops: 6.51  [35mmfu: 0.66%[39m
[rank0]:[titan] 2026-03-17 15:43:13,662 - root - INFO - [31mstep: 1188  [32mloss:  2.7656  [38;2;180;60;0mgrad_norm:  1.5724  [38;2;54;234;195mmemory: 22.44GiB(28.24%)  [34mtps: 129  [36mtflops: 6.20  [35mmfu: 0.63%[39m
[rank0]:[titan] 2026-03-17 15:43:29,214 - root - INFO - [31mstep: 1189  [32mloss:  2.7969  [38;2;180;60;0mgrad_norm:  1.4441  [38;2;54;234;195mmemory: 22.44GiB(28.24%)  [34mtps: 132  [36mtflops: 6.35  [35mmfu: 0.64%[39m
[rank0]:[titan] 2026-03-17 15:43:44,362 - root - INFO - [31mstep: 1190  [32mloss:  2.7344  [38;2;180;60;0mgrad_norm:  1.8109  [38;2;54;234;195mmemory: 22.44GiB(28.24%)  [34mtps: 135  [36mtflops: 6.52  [35mmfu: 0.66%[39m
[rank0]:[titan] 2026-03-17 15:43:59,537 - root - INFO - [31mstep: 1191  [32mloss:  2.7812  [38;2;180;60;0mgrad_norm:  1.4623  [38;2;54;234;195mmemory: 22.44GiB(28.24%)  [34mtps: 135  [36mtflops: 6.51  [35mmfu: 0.66%[39m
[rank0]:[titan] 2026-03-17 15:44:14,780 - root - INFO - [31mstep: 1192  [32mloss:  2.7656  [38;2;180;60;0mgrad_norm:  1.1776  [38;2;54;234;195mmemory: 22.44GiB(28.24%)  [34mtps: 134  [36mtflops: 6.48  [35mmfu: 0.66%[39m
[rank0]:[titan] 2026-03-17 15:44:29,797 - root - INFO - [31mstep: 1193  [32mloss:  2.7656  [38;2;180;60;0mgrad_norm:  1.8969  [38;2;54;234;195mmemory: 22.44GiB(28.24%)  [34mtps: 136  [36mtflops: 6.58  [35mmfu: 0.67%[39m
[rank0]:[titan] 2026-03-17 15:44:44,771 - root - INFO - [31mstep: 1194  [32mloss:  2.7344  [38;2;180;60;0mgrad_norm:  1.6834  [38;2;54;234;195mmemory: 22.44GiB(28.24%)  [34mtps: 137  [36mtflops: 6.60  [35mmfu: 0.67%[39m
[rank0]:[titan] 2026-03-17 15:44:59,688 - root - INFO - [31mstep: 1195  [32mloss:  2.7031  [38;2;180;60;0mgrad_norm:  1.2827  [38;2;54;234;195mmemory: 22.44GiB(28.24%)  [34mtps: 137  [36mtflops: 6.62  [35mmfu: 0.67%[39m
[rank0]:[titan] 2026-03-17 15:45:14,670 - root - INFO - [31mstep: 1196  [32mloss:  2.7188  [38;2;180;60;0mgrad_norm:  1.4771  [38;2;54;234;195mmemory: 22.44GiB(28.24%)  [34mtps: 137  [36mtflops: 6.60  [35mmfu: 0.67%[39m
[rank0]:[titan] 2026-03-17 15:45:29,450 - root - INFO - [31mstep: 1197  [32mloss:  2.7500  [38;2;180;60;0mgrad_norm:  2.3141  [38;2;54;234;195mmemory: 22.44GiB(28.24%)  [34mtps: 139  [36mtflops: 6.69  [35mmfu: 0.68%[39m
[rank0]:[titan] 2026-03-17 15:45:44,601 - root - INFO - [31mstep: 1198  [32mloss:  2.7031  [38;2;180;60;0mgrad_norm:  1.5025  [38;2;54;234;195mmemory: 22.44GiB(28.24%)  [34mtps: 135  [36mtflops: 6.52  [35mmfu: 0.66%[39m
[rank0]:[titan] 2026-03-17 15:46:00,206 - root - INFO - [31mstep: 1199  [32mloss:  2.7031  [38;2;180;60;0mgrad_norm:  1.2754  [38;2;54;234;195mmemory: 22.44GiB(28.24%)  [34mtps: 131  [36mtflops: 6.33  [35mmfu: 0.64%[39m
[rank0]:[titan] 2026-03-17 15:46:15,327 - root - INFO - [31mstep: 1200  [32mloss:  2.8438  [38;2;180;60;0mgrad_norm:  2.1207  [38;2;54;234;195mmemory: 22.44GiB(28.24%)  [34mtps: 135  [36mtflops: 6.54  [35mmfu: 0.66%[39m
[rank0]:[titan] 2026-03-17 15:46:30,558 - root - INFO - [31mstep: 1201  [32mloss:  2.8594  [38;2;180;60;0mgrad_norm:  1.8135  [38;2;54;234;195mmemory: 22.44GiB(28.24%)  [34mtps: 134  [36mtflops: 6.49  [35mmfu: 0.66%[39m
[rank0]:[titan] 2026-03-17 15:46:45,914 - root - INFO - [31mstep: 1202  [32mloss:  2.8438  [38;2;180;60;0mgrad_norm:  1.2615  [38;2;54;234;195mmemory: 22.44GiB(28.24%)  [34mtps: 133  [36mtflops: 6.44  [35mmfu: 0.65%[39m
[rank0]:[titan] 2026-03-17 15:47:01,143 - root - INFO - [31mstep: 1203  [32mloss:  2.7812  [38;2;180;60;0mgrad_norm:  1.7113  [38;2;54;234;195mmemory: 22.44GiB(28.24%)  [34mtps: 134  [36mtflops: 6.49  [35mmfu: 0.66%[39m
[rank0]:[titan] 2026-03-17 15:47:16,315 - root - INFO - [31mstep: 1204  [32mloss:  2.7969  [38;2;180;60;0mgrad_norm:  1.8307  [38;2;54;234;195mmemory: 22.44GiB(28.24%)  [34mtps: 135  [36mtflops: 6.51  [35mmfu: 0.66%[39m
[rank0]:[titan] 2026-03-17 15:47:31,727 - root - INFO - [31mstep: 1205  [32mloss:  2.7500  [38;2;180;60;0mgrad_norm:  1.8775  [38;2;54;234;195mmemory: 22.44GiB(28.24%)  [34mtps: 133  [36mtflops: 6.41  [35mmfu: 0.65%[39m
[rank0]:[titan] 2026-03-17 15:47:46,731 - root - INFO - [31mstep: 1206  [32mloss:  2.8594  [38;2;180;60;0mgrad_norm:  1.5077  [38;2;54;234;195mmemory: 22.44GiB(28.24%)  [34mtps: 137  [36mtflops: 6.59  [35mmfu: 0.67%[39m
[rank0]:[titan] 2026-03-17 15:48:01,569 - root - INFO - [31mstep: 1207  [32mloss:  2.7969  [38;2;180;60;0mgrad_norm:  2.2887  [38;2;54;234;195mmemory: 22.44GiB(28.24%)  [34mtps: 138  [36mtflops: 6.66  [35mmfu: 0.67%[39m
[rank0]:[titan] 2026-03-17 15:48:16,685 - root - INFO - [31mstep: 1208  [32mloss:  2.7656  [38;2;180;60;0mgrad_norm:  2.1159  [38;2;54;234;195mmemory: 22.44GiB(28.24%)  [34mtps: 135  [36mtflops: 6.54  [35mmfu: 0.66%[39m
[rank0]:[titan] 2026-03-17 15:48:31,794 - root - INFO - [31mstep: 1209  [32mloss:  2.7500  [38;2;180;60;0mgrad_norm:  1.0505  [38;2;54;234;195mmemory: 22.44GiB(28.24%)  [34mtps: 136  [36mtflops: 6.54  [35mmfu: 0.66%[39m
[rank0]:[titan] 2026-03-17 15:48:47,017 - root - INFO - [31mstep: 1210  [32mloss:  2.7500  [38;2;180;60;0mgrad_norm:  1.5084  [38;2;54;234;195mmemory: 22.44GiB(28.24%)  [34mtps: 135  [36mtflops: 6.49  [35mmfu: 0.66%[39m
[rank0]:[titan] 2026-03-17 15:49:02,213 - root - INFO - [31mstep: 1211  [32mloss:  2.7344  [38;2;180;60;0mgrad_norm:  1.8425  [38;2;54;234;195mmemory: 22.44GiB(28.24%)  [34mtps: 135  [36mtflops: 6.50  [35mmfu: 0.66%[39m
[rank0]:[titan] 2026-03-17 15:49:16,970 - root - INFO - [31mstep: 1212  [32mloss:  2.7656  [38;2;180;60;0mgrad_norm:  1.8875  [38;2;54;234;195mmemory: 22.44GiB(28.24%)  [34mtps: 139  [36mtflops: 6.70  [35mmfu: 0.68%[39m
[rank0]:[titan] 2026-03-17 15:49:31,852 - root - INFO - [31mstep: 1213  [32mloss:  2.7656  [38;2;180;60;0mgrad_norm:  1.7421  [38;2;54;234;195mmemory: 22.44GiB(28.24%)  [34mtps: 138  [36mtflops: 6.64  [35mmfu: 0.67%[39m
[rank0]:[titan] 2026-03-17 15:49:47,271 - root - INFO - [31mstep: 1214  [32mloss:  2.8438  [38;2;180;60;0mgrad_norm:  1.7544  [38;2;54;234;195mmemory: 22.44GiB(28.24%)  [34mtps: 133  [36mtflops: 6.41  [35mmfu: 0.65%[39m
[rank0]:[titan] 2026-03-17 15:50:02,315 - root - INFO - [31mstep: 1215  [32mloss:  2.8438  [38;2;180;60;0mgrad_norm:  2.0360  [38;2;54;234;195mmemory: 22.44GiB(28.24%)  [34mtps: 136  [36mtflops: 6.57  [35mmfu: 0.66%[39m
[rank0]:[titan] 2026-03-17 15:50:17,404 - root - INFO - [31mstep: 1216  [32mloss:  2.8125  [38;2;180;60;0mgrad_norm:  1.8466  [38;2;54;234;195mmemory: 22.44GiB(28.24%)  [34mtps: 136  [36mtflops: 6.55  [35mmfu: 0.66%[39m
[rank0]:[titan] 2026-03-17 15:50:32,204 - root - INFO - [31mstep: 1217  [32mloss:  2.7812  [38;2;180;60;0mgrad_norm:  1.3102  [38;2;54;234;195mmemory: 22.44GiB(28.24%)  [34mtps: 138  [36mtflops: 6.68  [35mmfu: 0.68%[39m
[rank0]:[titan] 2026-03-17 15:50:47,489 - root - INFO - [31mstep: 1218  [32mloss:  2.7812  [38;2;180;60;0mgrad_norm:  1.5195  [38;2;54;234;195mmemory: 22.44GiB(28.24%)  [34mtps: 134  [36mtflops: 6.47  [35mmfu: 0.65%[39m
[rank0]:[titan] 2026-03-17 15:51:02,214 - root - INFO - [31mstep: 1219  [32mloss:  2.7656  [38;2;180;60;0mgrad_norm:  1.6991  [38;2;54;234;195mmemory: 22.44GiB(28.24%)  [34mtps: 139  [36mtflops: 6.71  [35mmfu: 0.68%[39m
[rank0]:[titan] 2026-03-17 15:51:17,155 - root - INFO - [31mstep: 1220  [32mloss:  2.7656  [38;2;180;60;0mgrad_norm:  1.9914  [38;2;54;234;195mmemory: 22.44GiB(28.24%)  [34mtps: 137  [36mtflops: 6.61  [35mmfu: 0.67%[39m
[rank0]:[titan] 2026-03-17 15:51:32,139 - root - INFO - [31mstep: 1221  [32mloss:  2.9219  [38;2;180;60;0mgrad_norm:  1.7427  [38;2;54;234;195mmemory: 22.44GiB(28.24%)  [34mtps: 137  [36mtflops: 6.60  [35mmfu: 0.67%[39m
[rank0]:[titan] 2026-03-17 15:51:47,154 - root - INFO - [31mstep: 1222  [32mloss:  2.8438  [38;2;180;60;0mgrad_norm:  1.7406  [38;2;54;234;195mmemory: 22.44GiB(28.24%)  [34mtps: 136  [36mtflops: 6.58  [35mmfu: 0.67%[39m
[rank0]:[titan] 2026-03-17 15:52:02,490 - root - INFO - [31mstep: 1223  [32mloss:  2.7656  [38;2;180;60;0mgrad_norm:  1.9684  [38;2;54;234;195mmemory: 22.44GiB(28.24%)  [34mtps: 134  [36mtflops: 6.44  [35mmfu: 0.65%[39m
[rank0]:[titan] 2026-03-17 15:52:17,393 - root - INFO - [31mstep: 1224  [32mloss:  2.7344  [38;2;180;60;0mgrad_norm:  2.0197  [38;2;54;234;195mmemory: 22.44GiB(28.24%)  [34mtps: 137  [36mtflops: 6.63  [35mmfu: 0.67%[39m
[rank0]:[titan] 2026-03-17 15:52:32,241 - root - INFO - [31mstep: 1225  [32mloss:  2.7656  [38;2;180;60;0mgrad_norm:  1.6182  [38;2;54;234;195mmemory: 22.44GiB(28.24%)  [34mtps: 138  [36mtflops: 6.66  [35mmfu: 0.67%[39m
[rank0]:[titan] 2026-03-17 15:52:47,166 - root - INFO - [31mstep: 1226  [32mloss:  2.7500  [38;2;180;60;0mgrad_norm:  1.5056  [38;2;54;234;195mmemory: 22.44GiB(28.24%)  [34mtps: 137  [36mtflops: 6.62  [35mmfu: 0.67%[39m
[rank0]:[titan] 2026-03-17 15:53:02,052 - root - INFO - [31mstep: 1227  [32mloss:  2.7500  [38;2;180;60;0mgrad_norm:  1.9028  [38;2;54;234;195mmemory: 22.44GiB(28.24%)  [34mtps: 138  [36mtflops: 6.64  [35mmfu: 0.67%[39m
[rank0]:[titan] 2026-03-17 15:53:16,656 - root - INFO - [31mstep: 1228  [32mloss:  2.7188  [38;2;180;60;0mgrad_norm:  1.7852  [38;2;54;234;195mmemory: 22.44GiB(28.24%)  [34mtps: 140  [36mtflops: 6.77  [35mmfu: 0.68%[39m
[rank0]:[titan] 2026-03-17 15:53:31,609 - root - INFO - [31mstep: 1229  [32mloss:  2.7344  [38;2;180;60;0mgrad_norm:  1.6505  [38;2;54;234;195mmemory: 22.44GiB(28.24%)  [34mtps: 137  [36mtflops: 6.61  [35mmfu: 0.67%[39m
[rank0]:[titan] 2026-03-17 15:53:46,370 - root - INFO - [31mstep: 1230  [32mloss:  2.7344  [38;2;180;60;0mgrad_norm:  1.7565  [38;2;54;234;195mmemory: 22.44GiB(28.24%)  [34mtps: 139  [36mtflops: 6.69  [35mmfu: 0.68%[39m
[rank0]:[titan] 2026-03-17 15:54:01,308 - root - INFO - [31mstep: 1231  [32mloss:  2.7188  [38;2;180;60;0mgrad_norm:  1.8627  [38;2;54;234;195mmemory: 22.44GiB(28.24%)  [34mtps: 137  [36mtflops: 6.62  [35mmfu: 0.67%[39m
[rank0]:[titan] 2026-03-17 15:54:16,330 - root - INFO - [31mstep: 1232  [32mloss:  2.7344  [38;2;180;60;0mgrad_norm:  1.3525  [38;2;54;234;195mmemory: 22.44GiB(28.24%)  [34mtps: 136  [36mtflops: 6.58  [35mmfu: 0.67%[39m
[rank0]:[titan] 2026-03-17 15:54:31,251 - root - INFO - [31mstep: 1233  [32mloss:  2.7344  [38;2;180;60;0mgrad_norm:  1.9810  [38;2;54;234;195mmemory: 22.44GiB(28.24%)  [34mtps: 137  [36mtflops: 6.62  [35mmfu: 0.67%[39m
[rank0]:[titan] 2026-03-17 15:54:46,245 - root - INFO - [31mstep: 1234  [32mloss:  2.7656  [38;2;180;60;0mgrad_norm:  2.4747  [38;2;54;234;195mmemory: 22.44GiB(28.24%)  [34mtps: 137  [36mtflops: 6.59  [35mmfu: 0.67%[39m
[rank0]:[titan] 2026-03-17 15:55:01,176 - root - INFO - [31mstep: 1235  [32mloss:  2.8125  [38;2;180;60;0mgrad_norm:  1.9453  [38;2;54;234;195mmemory: 22.44GiB(28.24%)  [34mtps: 137  [36mtflops: 6.62  [35mmfu: 0.67%[39m
[rank0]:[titan] 2026-03-17 15:55:16,344 - root - INFO - [31mstep: 1236  [32mloss:  2.7656  [38;2;180;60;0mgrad_norm:  1.0938  [38;2;54;234;195mmemory: 22.44GiB(28.24%)  [34mtps: 135  [36mtflops: 6.52  [35mmfu: 0.66%[39m
[rank0]:[titan] 2026-03-17 15:55:31,589 - root - INFO - [31mstep: 1237  [32mloss:  2.7500  [38;2;180;60;0mgrad_norm:  1.7377  [38;2;54;234;195mmemory: 22.44GiB(28.24%)  [34mtps: 134  [36mtflops: 6.48  [35mmfu: 0.66%[39m
[rank0]:[titan] 2026-03-17 15:55:47,075 - root - INFO - [31mstep: 1238  [32mloss:  2.7344  [38;2;180;60;0mgrad_norm:  1.5829  [38;2;54;234;195mmemory: 22.44GiB(28.24%)  [34mtps: 132  [36mtflops: 6.38  [35mmfu: 0.65%[39m
[rank0]:[titan] 2026-03-17 15:56:02,474 - root - INFO - [31mstep: 1239  [32mloss:  2.7969  [38;2;180;60;0mgrad_norm:  1.1351  [38;2;54;234;195mmemory: 22.44GiB(28.24%)  [34mtps: 133  [36mtflops: 6.42  [35mmfu: 0.65%[39m
[rank0]:[titan] 2026-03-17 15:56:17,777 - root - INFO - [31mstep: 1240  [32mloss:  2.7969  [38;2;180;60;0mgrad_norm:  2.0196  [38;2;54;234;195mmemory: 22.44GiB(28.24%)  [34mtps: 134  [36mtflops: 6.46  [35mmfu: 0.65%[39m
[rank0]:[titan] 2026-03-17 15:56:32,597 - root - INFO - [31mstep: 1241  [32mloss:  2.7656  [38;2;180;60;0mgrad_norm:  1.9958  [38;2;54;234;195mmemory: 22.44GiB(28.24%)  [34mtps: 138  [36mtflops: 6.67  [35mmfu: 0.67%[39m
[rank0]:[titan] 2026-03-17 15:56:47,613 - root - INFO - [31mstep: 1242  [32mloss:  2.7344  [38;2;180;60;0mgrad_norm:  1.3449  [38;2;54;234;195mmemory: 22.44GiB(28.24%)  [34mtps: 136  [36mtflops: 6.58  [35mmfu: 0.67%[39m
[rank0]:[titan] 2026-03-17 15:57:02,707 - root - INFO - [31mstep: 1243  [32mloss:  2.7500  [38;2;180;60;0mgrad_norm:  1.7163  [38;2;54;234;195mmemory: 22.44GiB(28.24%)  [34mtps: 136  [36mtflops: 6.55  [35mmfu: 0.66%[39m
[rank0]:[titan] 2026-03-17 15:57:18,199 - root - INFO - [31mstep: 1244  [32mloss:  2.7500  [38;2;180;60;0mgrad_norm:  1.8352  [38;2;54;234;195mmemory: 22.44GiB(28.24%)  [34mtps: 132  [36mtflops: 6.38  [35mmfu: 0.64%[39m
[rank0]:[titan] 2026-03-17 15:57:33,404 - root - INFO - [31mstep: 1245  [32mloss:  2.7969  [38;2;180;60;0mgrad_norm:  1.5481  [38;2;54;234;195mmemory: 22.44GiB(28.24%)  [34mtps: 135  [36mtflops: 6.50  [35mmfu: 0.66%[39m
[rank0]:[titan] 2026-03-17 15:57:48,606 - root - INFO - [31mstep: 1246  [32mloss:  2.7500  [38;2;180;60;0mgrad_norm:  1.7480  [38;2;54;234;195mmemory: 22.44GiB(28.24%)  [34mtps: 135  [36mtflops: 6.50  [35mmfu: 0.66%[39m
[rank0]:[titan] 2026-03-17 15:58:03,653 - root - INFO - [31mstep: 1247  [32mloss:  2.7812  [38;2;180;60;0mgrad_norm:  1.7745  [38;2;54;234;195mmemory: 22.44GiB(28.24%)  [34mtps: 136  [36mtflops: 6.57  [35mmfu: 0.66%[39m
[rank0]:[titan] 2026-03-17 15:58:18,622 - root - INFO - [31mstep: 1248  [32mloss:  2.7500  [38;2;180;60;0mgrad_norm:  1.7263  [38;2;54;234;195mmemory: 22.44GiB(28.24%)  [34mtps: 137  [36mtflops: 6.60  [35mmfu: 0.67%[39m
[rank0]:[titan] 2026-03-17 15:58:33,616 - root - INFO - [31mstep: 1249  [32mloss:  2.7500  [38;2;180;60;0mgrad_norm:  1.8543  [38;2;54;234;195mmemory: 22.44GiB(28.24%)  [34mtps: 137  [36mtflops: 6.59  [35mmfu: 0.67%[39m
[rank0]:[titan] 2026-03-17 15:58:48,683 - root - INFO - [31mstep: 1250  [32mloss:  2.7031  [38;2;180;60;0mgrad_norm:  1.0705  [38;2;54;234;195mmemory: 22.44GiB(28.24%)  [34mtps: 136  [36mtflops: 6.56  [35mmfu: 0.66%[39m
[rank0]:[titan] 2026-03-17 15:59:04,091 - root - INFO - [31mstep: 1251  [32mloss:  2.7031  [38;2;180;60;0mgrad_norm:  1.6753  [38;2;54;234;195mmemory: 22.44GiB(28.24%)  [34mtps: 133  [36mtflops: 6.41  [35mmfu: 0.65%[39m
[rank0]:[titan] 2026-03-17 15:59:19,286 - root - INFO - [31mstep: 1252  [32mloss:  2.7500  [38;2;180;60;0mgrad_norm:  1.5984  [38;2;54;234;195mmemory: 22.44GiB(28.24%)  [34mtps: 135  [36mtflops: 6.50  [35mmfu: 0.66%[39m
[rank0]:[titan] 2026-03-17 15:59:34,467 - root - INFO - [31mstep: 1253  [32mloss:  2.7656  [38;2;180;60;0mgrad_norm:  1.4611  [38;2;54;234;195mmemory: 22.44GiB(28.24%)  [34mtps: 135  [36mtflops: 6.51  [35mmfu: 0.66%[39m
[rank0]:[titan] 2026-03-17 15:59:49,467 - root - INFO - [31mstep: 1254  [32mloss:  2.7031  [38;2;180;60;0mgrad_norm:  1.3210  [38;2;54;234;195mmemory: 22.44GiB(28.24%)  [34mtps: 137  [36mtflops: 6.59  [35mmfu: 0.67%[39m
[rank0]:[titan] 2026-03-17 16:00:04,923 - root - INFO - [31mstep: 1255  [32mloss:  2.7500  [38;2;180;60;0mgrad_norm:  1.5695  [38;2;54;234;195mmemory: 22.44GiB(28.24%)  [34mtps: 133  [36mtflops: 6.39  [35mmfu: 0.65%[39m
[rank0]:[titan] 2026-03-17 16:00:20,289 - root - INFO - [31mstep: 1256  [32mloss:  2.7656  [38;2;180;60;0mgrad_norm:  1.5166  [38;2;54;234;195mmemory: 22.44GiB(28.24%)  [34mtps: 133  [36mtflops: 6.43  [35mmfu: 0.65%[39m
[rank0]:[titan] 2026-03-17 16:00:35,605 - root - INFO - [31mstep: 1257  [32mloss:  2.6719  [38;2;180;60;0mgrad_norm:  2.0757  [38;2;54;234;195mmemory: 22.44GiB(28.24%)  [34mtps: 134  [36mtflops: 6.45  [35mmfu: 0.65%[39m
[rank0]:[titan] 2026-03-17 16:00:50,662 - root - INFO - [31mstep: 1258  [32mloss:  2.6562  [38;2;180;60;0mgrad_norm:  1.6284  [38;2;54;234;195mmemory: 22.44GiB(28.24%)  [34mtps: 136  [36mtflops: 6.56  [35mmfu: 0.66%[39m
[rank0]:[titan] 2026-03-17 16:01:05,512 - root - INFO - [31mstep: 1259  [32mloss:  2.6562  [38;2;180;60;0mgrad_norm:  1.4505  [38;2;54;234;195mmemory: 22.44GiB(28.24%)  [34mtps: 138  [36mtflops: 6.65  [35mmfu: 0.67%[39m
[rank0]:[titan] 2026-03-17 16:01:20,573 - root - INFO - [31mstep: 1260  [32mloss:  2.7188  [38;2;180;60;0mgrad_norm:  1.8683  [38;2;54;234;195mmemory: 22.44GiB(28.24%)  [34mtps: 136  [36mtflops: 6.56  [35mmfu: 0.66%[39m
[rank0]:[titan] 2026-03-17 16:01:36,236 - root - INFO - [31mstep: 1261  [32mloss:  2.6719  [38;2;180;60;0mgrad_norm:  1.2936  [38;2;54;234;195mmemory: 22.44GiB(28.24%)  [34mtps: 131  [36mtflops: 6.31  [35mmfu: 0.64%[39m
[rank0]:[titan] 2026-03-17 16:01:51,597 - root - INFO - [31mstep: 1262  [32mloss:  2.7031  [38;2;180;60;0mgrad_norm:  1.7186  [38;2;54;234;195mmemory: 22.44GiB(28.24%)  [34mtps: 133  [36mtflops: 6.43  [35mmfu: 0.65%[39m
[rank0]:[titan] 2026-03-17 16:02:06,811 - root - INFO - [31mstep: 1263  [32mloss:  2.7188  [38;2;180;60;0mgrad_norm:  1.6514  [38;2;54;234;195mmemory: 22.44GiB(28.24%)  [34mtps: 135  [36mtflops: 6.50  [35mmfu: 0.66%[39m
[rank0]:[titan] 2026-03-17 16:02:21,868 - root - INFO - [31mstep: 1264  [32mloss:  2.6875  [38;2;180;60;0mgrad_norm:  1.9470  [38;2;54;234;195mmemory: 22.44GiB(28.24%)  [34mtps: 136  [36mtflops: 6.56  [35mmfu: 0.66%[39m
[rank0]:[titan] 2026-03-17 16:02:36,874 - root - INFO - [31mstep: 1265  [32mloss:  2.7188  [38;2;180;60;0mgrad_norm:  1.6950  [38;2;54;234;195mmemory: 22.44GiB(28.24%)  [34mtps: 136  [36mtflops: 6.59  [35mmfu: 0.67%[39m
[rank0]:[titan] 2026-03-17 16:02:51,913 - root - INFO - [31mstep: 1266  [32mloss:  2.7188  [38;2;180;60;0mgrad_norm:  2.0318  [38;2;54;234;195mmemory: 22.44GiB(28.24%)  [34mtps: 136  [36mtflops: 6.57  [35mmfu: 0.66%[39m
[rank0]:[titan] 2026-03-17 16:03:06,938 - root - INFO - [31mstep: 1267  [32mloss:  2.6875  [38;2;180;60;0mgrad_norm:  1.7375  [38;2;54;234;195mmemory: 22.44GiB(28.24%)  [34mtps: 136  [36mtflops: 6.58  [35mmfu: 0.67%[39m
[rank0]:[titan] 2026-03-17 16:03:22,300 - root - INFO - [31mstep: 1268  [32mloss:  2.7031  [38;2;180;60;0mgrad_norm:  1.5663  [38;2;54;234;195mmemory: 22.44GiB(28.24%)  [34mtps: 133  [36mtflops: 6.43  [35mmfu: 0.65%[39m
[rank0]:[titan] 2026-03-17 16:03:22,304 - root - WARNING - Dataset c4_test is being re-looped
[rank0]:[titan] 2026-03-17 16:03:37,333 - root - INFO - [31mstep: 1269  [32mloss:  2.7344  [38;2;180;60;0mgrad_norm:  1.5187  [38;2;54;234;195mmemory: 22.44GiB(28.24%)  [34mtps: 136  [36mtflops: 6.57  [35mmfu: 0.66%[39m
[rank0]:[titan] 2026-03-17 16:03:51,493 - root - INFO - [31mstep: 1270  [32mloss:  2.7969  [38;2;180;60;0mgrad_norm:  1.8302  [38;2;54;234;195mmemory: 22.44GiB(28.24%)  [34mtps: 145  [36mtflops: 6.98  [35mmfu: 0.71%[39m
[rank0]:[titan] 2026-03-17 16:04:07,194 - root - INFO - [31mstep: 1271  [32mloss:  2.7812  [38;2;180;60;0mgrad_norm:  1.8792  [38;2;54;234;195mmemory: 22.44GiB(28.24%)  [34mtps: 130  [36mtflops: 6.29  [35mmfu: 0.64%[39m
[rank0]:[titan] 2026-03-17 16:04:22,958 - root - INFO - [31mstep: 1272  [32mloss:  2.7188  [38;2;180;60;0mgrad_norm:  1.6235  [38;2;54;234;195mmemory: 22.44GiB(28.24%)  [34mtps: 130  [36mtflops: 6.27  [35mmfu: 0.63%[39m
[rank0]:[titan] 2026-03-17 16:04:38,300 - root - INFO - [31mstep: 1273  [32mloss:  2.7188  [38;2;180;60;0mgrad_norm:  1.8661  [38;2;54;234;195mmemory: 22.44GiB(28.24%)  [34mtps: 133  [36mtflops: 6.44  [35mmfu: 0.65%[39m
[rank0]:[titan] 2026-03-17 16:04:53,355 - root - INFO - [31mstep: 1274  [32mloss:  2.7188  [38;2;180;60;0mgrad_norm:  1.7493  [38;2;54;234;195mmemory: 22.44GiB(28.24%)  [34mtps: 136  [36mtflops: 6.56  [35mmfu: 0.66%[39m
[rank0]:[titan] 2026-03-17 16:05:08,189 - root - INFO - [31mstep: 1275  [32mloss:  2.7344  [38;2;180;60;0mgrad_norm:  1.7013  [38;2;54;234;195mmemory: 22.44GiB(28.24%)  [34mtps: 138  [36mtflops: 6.66  [35mmfu: 0.67%[39m
[rank0]:[titan] 2026-03-17 16:05:23,080 - root - INFO - [31mstep: 1276  [32mloss:  2.6719  [38;2;180;60;0mgrad_norm:  1.2435  [38;2;54;234;195mmemory: 22.44GiB(28.24%)  [34mtps: 138  [36mtflops: 6.64  [35mmfu: 0.67%[39m
[rank0]:[titan] 2026-03-17 16:05:38,035 - root - INFO - [31mstep: 1277  [32mloss:  2.7188  [38;2;180;60;0mgrad_norm:  1.5712  [38;2;54;234;195mmemory: 22.44GiB(28.24%)  [34mtps: 137  [36mtflops: 6.61  [35mmfu: 0.67%[39m
[rank0]:[titan] 2026-03-17 16:05:52,751 - root - INFO - [31mstep: 1278  [32mloss:  2.7031  [38;2;180;60;0mgrad_norm:  1.3539  [38;2;54;234;195mmemory: 22.44GiB(28.24%)  [34mtps: 139  [36mtflops: 6.72  [35mmfu: 0.68%[39m
[rank0]:[titan] 2026-03-17 16:06:07,769 - root - INFO - [31mstep: 1279  [32mloss:  2.7188  [38;2;180;60;0mgrad_norm:  1.2934  [38;2;54;234;195mmemory: 22.44GiB(28.24%)  [34mtps: 136  [36mtflops: 6.58  [35mmfu: 0.67%[39m
[rank0]:[titan] 2026-03-17 16:06:22,930 - root - INFO - [31mstep: 1280  [32mloss:  2.7188  [38;2;180;60;0mgrad_norm:  1.1460  [38;2;54;234;195mmemory: 22.44GiB(28.24%)  [34mtps: 135  [36mtflops: 6.52  [35mmfu: 0.66%[39m
[rank0]:[titan] 2026-03-17 16:06:37,910 - root - INFO - [31mstep: 1281  [32mloss:  2.7188  [38;2;180;60;0mgrad_norm:  1.4562  [38;2;54;234;195mmemory: 22.44GiB(28.24%)  [34mtps: 137  [36mtflops: 6.60  [35mmfu: 0.67%[39m
[rank0]:[titan] 2026-03-17 16:06:52,687 - root - INFO - [31mstep: 1282  [32mloss:  2.7656  [38;2;180;60;0mgrad_norm:  1.6569  [38;2;54;234;195mmemory: 22.44GiB(28.24%)  [34mtps: 139  [36mtflops: 6.69  [35mmfu: 0.68%[39m
[rank0]:[titan] 2026-03-17 16:07:07,621 - root - INFO - [31mstep: 1283  [32mloss:  2.7344  [38;2;180;60;0mgrad_norm:  1.2109  [38;2;54;234;195mmemory: 22.44GiB(28.24%)  [34mtps: 137  [36mtflops: 6.62  [35mmfu: 0.67%[39m
[rank0]:[titan] 2026-03-17 16:07:22,478 - root - INFO - [31mstep: 1284  [32mloss:  2.7031  [38;2;180;60;0mgrad_norm:  1.2701  [38;2;54;234;195mmemory: 22.44GiB(28.24%)  [34mtps: 138  [36mtflops: 6.65  [35mmfu: 0.67%[39m
[rank0]:[titan] 2026-03-17 16:07:37,353 - root - INFO - [31mstep: 1285  [32mloss:  2.6875  [38;2;180;60;0mgrad_norm:  1.5211  [38;2;54;234;195mmemory: 22.44GiB(28.24%)  [34mtps: 138  [36mtflops: 6.64  [35mmfu: 0.67%[39m
[rank0]:[titan] 2026-03-17 16:07:52,338 - root - INFO - [31mstep: 1286  [32mloss:  2.6875  [38;2;180;60;0mgrad_norm:  1.2555  [38;2;54;234;195mmemory: 22.44GiB(28.24%)  [34mtps: 137  [36mtflops: 6.59  [35mmfu: 0.67%[39m
[rank0]:[titan] 2026-03-17 16:08:07,906 - root - INFO - [31mstep: 1287  [32mloss:  2.7188  [38;2;180;60;0mgrad_norm:  1.6631  [38;2;54;234;195mmemory: 22.44GiB(28.24%)  [34mtps: 132  [36mtflops: 6.35  [35mmfu: 0.64%[39m
[rank0]:[titan] 2026-03-17 16:08:23,134 - root - INFO - [31mstep: 1288  [32mloss:  2.6562  [38;2;180;60;0mgrad_norm:  1.6239  [38;2;54;234;195mmemory: 22.44GiB(28.24%)  [34mtps: 134  [36mtflops: 6.49  [35mmfu: 0.66%[39m
[rank0]:[titan] 2026-03-17 16:08:38,254 - root - INFO - [31mstep: 1289  [32mloss:  2.6875  [38;2;180;60;0mgrad_norm:  1.8397  [38;2;54;234;195mmemory: 22.44GiB(28.24%)  [34mtps: 135  [36mtflops: 6.54  [35mmfu: 0.66%[39m
[rank0]:[titan] 2026-03-17 16:08:53,635 - root - INFO - [31mstep: 1290  [32mloss:  2.7188  [38;2;180;60;0mgrad_norm:  1.5229  [38;2;54;234;195mmemory: 22.44GiB(28.24%)  [34mtps: 133  [36mtflops: 6.43  [35mmfu: 0.65%[39m
[rank0]:[titan] 2026-03-17 16:09:08,792 - root - INFO - [31mstep: 1291  [32mloss:  2.7031  [38;2;180;60;0mgrad_norm:  1.8952  [38;2;54;234;195mmemory: 22.44GiB(28.24%)  [34mtps: 135  [36mtflops: 6.52  [35mmfu: 0.66%[39m
[rank0]:[titan] 2026-03-17 16:09:24,190 - root - INFO - [31mstep: 1292  [32mloss:  2.7031  [38;2;180;60;0mgrad_norm:  1.9269  [38;2;54;234;195mmemory: 22.44GiB(28.24%)  [34mtps: 133  [36mtflops: 6.42  [35mmfu: 0.65%[39m
[rank0]:[titan] 2026-03-17 16:09:39,763 - root - INFO - [31mstep: 1293  [32mloss:  2.7500  [38;2;180;60;0mgrad_norm:  1.8938  [38;2;54;234;195mmemory: 22.44GiB(28.24%)  [34mtps: 132  [36mtflops: 6.35  [35mmfu: 0.64%[39m
[rank0]:[titan] 2026-03-17 16:09:55,103 - root - INFO - [31mstep: 1294  [32mloss:  2.7969  [38;2;180;60;0mgrad_norm:  1.7450  [38;2;54;234;195mmemory: 22.44GiB(28.24%)  [34mtps: 134  [36mtflops: 6.44  [35mmfu: 0.65%[39m
[rank0]:[titan] 2026-03-17 16:10:10,318 - root - INFO - [31mstep: 1295  [32mloss:  2.7969  [38;2;180;60;0mgrad_norm:  1.6950  [38;2;54;234;195mmemory: 22.44GiB(28.24%)  [34mtps: 135  [36mtflops: 6.50  [35mmfu: 0.66%[39m
[rank0]:[titan] 2026-03-17 16:10:25,309 - root - INFO - [31mstep: 1296  [32mloss:  2.7188  [38;2;180;60;0mgrad_norm:  1.7510  [38;2;54;234;195mmemory: 22.44GiB(28.24%)  [34mtps: 137  [36mtflops: 6.59  [35mmfu: 0.67%[39m
[rank0]:[titan] 2026-03-17 16:10:40,841 - root - INFO - [31mstep: 1297  [32mloss:  2.7344  [38;2;180;60;0mgrad_norm:  1.5051  [38;2;54;234;195mmemory: 22.44GiB(28.24%)  [34mtps: 132  [36mtflops: 6.36  [35mmfu: 0.64%[39m
[rank0]:[titan] 2026-03-17 16:10:55,839 - root - INFO - [31mstep: 1298  [32mloss:  2.6875  [38;2;180;60;0mgrad_norm:  1.5903  [38;2;54;234;195mmemory: 22.44GiB(28.24%)  [34mtps: 137  [36mtflops: 6.59  [35mmfu: 0.67%[39m
[rank0]:[titan] 2026-03-17 16:11:10,843 - root - INFO - [31mstep: 1299  [32mloss:  2.7500  [38;2;180;60;0mgrad_norm:  1.8339  [38;2;54;234;195mmemory: 22.44GiB(28.24%)  [34mtps: 137  [36mtflops: 6.59  [35mmfu: 0.67%[39m
[rank0]:[titan] 2026-03-17 16:11:25,773 - root - INFO - [31mstep: 1300  [32mloss:  2.8438  [38;2;180;60;0mgrad_norm:  2.2714  [38;2;54;234;195mmemory: 22.44GiB(28.24%)  [34mtps: 137  [36mtflops: 6.62  [35mmfu: 0.67%[39m
[rank0]:[titan] 2026-03-17 16:11:41,203 - root - INFO - [31mstep: 1301  [32mloss:  2.8281  [38;2;180;60;0mgrad_norm:  1.9098  [38;2;54;234;195mmemory: 22.44GiB(28.24%)  [34mtps: 133  [36mtflops: 6.40  [35mmfu: 0.65%[39m
[rank0]:[titan] 2026-03-17 16:11:56,665 - root - INFO - [31mstep: 1302  [32mloss:  2.7500  [38;2;180;60;0mgrad_norm:  1.9832  [38;2;54;234;195mmemory: 22.44GiB(28.24%)  [34mtps: 132  [36mtflops: 6.39  [35mmfu: 0.65%[39m
[rank0]:[titan] 2026-03-17 16:12:11,948 - root - INFO - [31mstep: 1303  [32mloss:  2.8125  [38;2;180;60;0mgrad_norm:  2.4510  [38;2;54;234;195mmemory: 22.44GiB(28.24%)  [34mtps: 134  [36mtflops: 6.47  [35mmfu: 0.65%[39m
[rank0]:[titan] 2026-03-17 16:12:27,022 - root - INFO - [31mstep: 1304  [32mloss:  2.8594  [38;2;180;60;0mgrad_norm:  2.0554  [38;2;54;234;195mmemory: 22.44GiB(28.24%)  [34mtps: 136  [36mtflops: 6.56  [35mmfu: 0.66%[39m
[rank0]:[titan] 2026-03-17 16:12:42,105 - root - INFO - [31mstep: 1305  [32mloss:  2.8594  [38;2;180;60;0mgrad_norm:  2.6222  [38;2;54;234;195mmemory: 22.44GiB(28.24%)  [34mtps: 136  [36mtflops: 6.55  [35mmfu: 0.66%[39m
[rank0]:[titan] 2026-03-17 16:12:57,494 - root - INFO - [31mstep: 1306  [32mloss:  2.7344  [38;2;180;60;0mgrad_norm:  2.0021  [38;2;54;234;195mmemory: 22.44GiB(28.24%)  [34mtps: 133  [36mtflops: 6.42  [35mmfu: 0.65%[39m
[rank0]:[titan] 2026-03-17 16:13:12,864 - root - INFO - [31mstep: 1307  [32mloss:  2.7500  [38;2;180;60;0mgrad_norm:  1.5624  [38;2;54;234;195mmemory: 22.44GiB(28.24%)  [34mtps: 133  [36mtflops: 6.43  [35mmfu: 0.65%[39m
[rank0]:[titan] 2026-03-17 16:13:28,076 - root - INFO - [31mstep: 1308  [32mloss:  2.7656  [38;2;180;60;0mgrad_norm:  1.8672  [38;2;54;234;195mmemory: 22.44GiB(28.24%)  [34mtps: 135  [36mtflops: 6.50  [35mmfu: 0.66%[39m
[rank0]:[titan] 2026-03-17 16:13:43,322 - root - INFO - [31mstep: 1309  [32mloss:  2.7812  [38;2;180;60;0mgrad_norm:  1.1922  [38;2;54;234;195mmemory: 22.44GiB(28.24%)  [34mtps: 134  [36mtflops: 6.48  [35mmfu: 0.66%[39m
[rank0]:[titan] 2026-03-17 16:13:58,435 - root - INFO - [31mstep: 1310  [32mloss:  2.7969  [38;2;180;60;0mgrad_norm:  2.1219  [38;2;54;234;195mmemory: 22.44GiB(28.24%)  [34mtps: 136  [36mtflops: 6.54  [35mmfu: 0.66%[39m
[rank0]:[titan] 2026-03-17 16:14:13,653 - root - INFO - [31mstep: 1311  [32mloss:  2.7812  [38;2;180;60;0mgrad_norm:  2.2881  [38;2;54;234;195mmemory: 22.44GiB(28.24%)  [34mtps: 135  [36mtflops: 6.49  [35mmfu: 0.66%[39m
[rank0]:[titan] 2026-03-17 16:14:28,857 - root - INFO - [31mstep: 1312  [32mloss:  2.7656  [38;2;180;60;0mgrad_norm:  1.6786  [38;2;54;234;195mmemory: 22.44GiB(28.24%)  [34mtps: 135  [36mtflops: 6.50  [35mmfu: 0.66%[39m
[rank0]:[titan] 2026-03-17 16:14:43,789 - root - INFO - [31mstep: 1313  [32mloss:  2.7500  [38;2;180;60;0mgrad_norm:  1.6286  [38;2;54;234;195mmemory: 22.44GiB(28.24%)  [34mtps: 137  [36mtflops: 6.62  [35mmfu: 0.67%[39m
[rank0]:[titan] 2026-03-17 16:14:58,771 - root - INFO - [31mstep: 1314  [32mloss:  2.7500  [38;2;180;60;0mgrad_norm:  1.6823  [38;2;54;234;195mmemory: 22.44GiB(28.24%)  [34mtps: 137  [36mtflops: 6.60  [35mmfu: 0.67%[39m
[rank0]:[titan] 2026-03-17 16:15:13,727 - root - INFO - [31mstep: 1315  [32mloss:  2.7812  [38;2;180;60;0mgrad_norm:  1.5349  [38;2;54;234;195mmemory: 22.44GiB(28.24%)  [34mtps: 137  [36mtflops: 6.61  [35mmfu: 0.67%[39m
[rank0]:[titan] 2026-03-17 16:15:28,501 - root - INFO - [31mstep: 1316  [32mloss:  2.7969  [38;2;180;60;0mgrad_norm:  1.9111  [38;2;54;234;195mmemory: 22.44GiB(28.24%)  [34mtps: 139  [36mtflops: 6.69  [35mmfu: 0.68%[39m
[rank0]:[titan] 2026-03-17 16:15:43,849 - root - INFO - [31mstep: 1317  [32mloss:  2.7812  [38;2;180;60;0mgrad_norm:  1.2786  [38;2;54;234;195mmemory: 22.44GiB(28.24%)  [34mtps: 133  [36mtflops: 6.44  [35mmfu: 0.65%[39m
[rank0]:[titan] 2026-03-17 16:15:58,989 - root - INFO - [31mstep: 1318  [32mloss:  2.8281  [38;2;180;60;0mgrad_norm:  1.3068  [38;2;54;234;195mmemory: 22.44GiB(28.24%)  [34mtps: 135  [36mtflops: 6.53  [35mmfu: 0.66%[39m
[rank0]:[titan] 2026-03-17 16:16:14,137 - root - INFO - [31mstep: 1319  [32mloss:  2.7344  [38;2;180;60;0mgrad_norm:  1.7840  [38;2;54;234;195mmemory: 22.44GiB(28.24%)  [34mtps: 135  [36mtflops: 6.52  [35mmfu: 0.66%[39m
[rank0]:[titan] 2026-03-17 16:16:29,218 - root - INFO - [31mstep: 1320  [32mloss:  2.7344  [38;2;180;60;0mgrad_norm:  1.5722  [38;2;54;234;195mmemory: 22.44GiB(28.24%)  [34mtps: 136  [36mtflops: 6.55  [35mmfu: 0.66%[39m
[rank0]:[titan] 2026-03-17 16:16:44,244 - root - INFO - [31mstep: 1321  [32mloss:  2.7344  [38;2;180;60;0mgrad_norm:  1.2895  [38;2;54;234;195mmemory: 22.44GiB(28.24%)  [34mtps: 136  [36mtflops: 6.58  [35mmfu: 0.66%[39m
[rank0]:[titan] 2026-03-17 16:16:59,266 - root - INFO - [31mstep: 1322  [32mloss:  2.7031  [38;2;180;60;0mgrad_norm:  1.2195  [38;2;54;234;195mmemory: 22.44GiB(28.24%)  [34mtps: 136  [36mtflops: 6.58  [35mmfu: 0.67%[39m
[rank0]:[titan] 2026-03-17 16:17:14,142 - root - INFO - [31mstep: 1323  [32mloss:  2.6875  [38;2;180;60;0mgrad_norm:  1.2178  [38;2;54;234;195mmemory: 22.44GiB(28.24%)  [34mtps: 138  [36mtflops: 6.64  [35mmfu: 0.67%[39m
[rank0]:[titan] 2026-03-17 16:17:29,319 - root - INFO - [31mstep: 1324  [32mloss:  2.7656  [38;2;180;60;0mgrad_norm:  1.9949  [38;2;54;234;195mmemory: 22.44GiB(28.24%)  [34mtps: 135  [36mtflops: 6.51  [35mmfu: 0.66%[39m
[rank0]:[titan] 2026-03-17 16:17:44,382 - root - INFO - [31mstep: 1325  [32mloss:  2.7344  [38;2;180;60;0mgrad_norm:  1.7547  [38;2;54;234;195mmemory: 22.44GiB(28.24%)  [34mtps: 136  [36mtflops: 6.56  [35mmfu: 0.66%[39m
[rank0]:[titan] 2026-03-17 16:17:59,383 - root - INFO - [31mstep: 1326  [32mloss:  2.7969  [38;2;180;60;0mgrad_norm:  1.2036  [38;2;54;234;195mmemory: 22.44GiB(28.24%)  [34mtps: 137  [36mtflops: 6.59  [35mmfu: 0.67%[39m
[rank0]:[titan] 2026-03-17 16:18:14,365 - root - INFO - [31mstep: 1327  [32mloss:  2.7812  [38;2;180;60;0mgrad_norm:  1.7913  [38;2;54;234;195mmemory: 22.44GiB(28.24%)  [34mtps: 137  [36mtflops: 6.60  [35mmfu: 0.67%[39m
[rank0]:[titan] 2026-03-17 16:18:29,558 - root - INFO - [31mstep: 1328  [32mloss:  2.7812  [38;2;180;60;0mgrad_norm:  1.7068  [38;2;54;234;195mmemory: 22.44GiB(28.24%)  [34mtps: 135  [36mtflops: 6.50  [35mmfu: 0.66%[39m
[rank0]:[titan] 2026-03-17 16:18:44,614 - root - INFO - [31mstep: 1329  [32mloss:  2.7188  [38;2;180;60;0mgrad_norm:  1.5225  [38;2;54;234;195mmemory: 22.44GiB(28.24%)  [34mtps: 136  [36mtflops: 6.56  [35mmfu: 0.66%[39m
[rank0]:[titan] 2026-03-17 16:18:59,634 - root - INFO - [31mstep: 1330  [32mloss:  2.7656  [38;2;180;60;0mgrad_norm:  1.6177  [38;2;54;234;195mmemory: 22.44GiB(28.24%)  [34mtps: 136  [36mtflops: 6.58  [35mmfu: 0.67%[39m
[rank0]:[titan] 2026-03-17 16:19:14,618 - root - INFO - [31mstep: 1331  [32mloss:  2.7031  [38;2;180;60;0mgrad_norm:  1.4452  [38;2;54;234;195mmemory: 22.44GiB(28.24%)  [34mtps: 137  [36mtflops: 6.60  [35mmfu: 0.67%[39m
[rank0]:[titan] 2026-03-17 16:19:29,723 - root - INFO - [31mstep: 1332  [32mloss:  2.7500  [38;2;180;60;0mgrad_norm:  1.2010  [38;2;54;234;195mmemory: 22.44GiB(28.24%)  [34mtps: 136  [36mtflops: 6.54  [35mmfu: 0.66%[39m
[rank0]:[titan] 2026-03-17 16:19:44,832 - root - INFO - [31mstep: 1333  [32mloss:  2.7031  [38;2;180;60;0mgrad_norm:  1.2414  [38;2;54;234;195mmemory: 22.44GiB(28.24%)  [34mtps: 136  [36mtflops: 6.54  [35mmfu: 0.66%[39m
[rank0]:[titan] 2026-03-17 16:19:59,926 - root - INFO - [31mstep: 1334  [32mloss:  2.7344  [38;2;180;60;0mgrad_norm:  1.5723  [38;2;54;234;195mmemory: 22.44GiB(28.24%)  [34mtps: 136  [36mtflops: 6.55  [35mmfu: 0.66%[39m
[rank0]:[titan] 2026-03-17 16:20:14,938 - root - INFO - [31mstep: 1335  [32mloss:  2.7344  [38;2;180;60;0mgrad_norm:  1.1778  [38;2;54;234;195mmemory: 22.44GiB(28.24%)  [34mtps: 136  [36mtflops: 6.58  [35mmfu: 0.67%[39m
[rank0]:[titan] 2026-03-17 16:20:29,854 - root - INFO - [31mstep: 1336  [32mloss:  2.7031  [38;2;180;60;0mgrad_norm:  1.7101  [38;2;54;234;195mmemory: 22.44GiB(28.24%)  [34mtps: 137  [36mtflops: 6.63  [35mmfu: 0.67%[39m
[rank0]:[titan] 2026-03-17 16:20:44,838 - root - INFO - [31mstep: 1337  [32mloss:  2.7969  [38;2;180;60;0mgrad_norm:  1.1397  [38;2;54;234;195mmemory: 22.44GiB(28.24%)  [34mtps: 137  [36mtflops: 6.60  [35mmfu: 0.67%[39m
[rank0]:[titan] 2026-03-17 16:20:59,691 - root - INFO - [31mstep: 1338  [32mloss:  2.7500  [38;2;180;60;0mgrad_norm:  1.9700  [38;2;54;234;195mmemory: 22.44GiB(28.24%)  [34mtps: 138  [36mtflops: 6.65  [35mmfu: 0.67%[39m
[rank0]:[titan] 2026-03-17 16:21:14,575 - root - INFO - [31mstep: 1339  [32mloss:  2.7812  [38;2;180;60;0mgrad_norm:  1.6941  [38;2;54;234;195mmemory: 22.44GiB(28.24%)  [34mtps: 138  [36mtflops: 6.64  [35mmfu: 0.67%[39m
[rank0]:[titan] 2026-03-17 16:21:29,559 - root - INFO - [31mstep: 1340  [32mloss:  2.9219  [38;2;180;60;0mgrad_norm:  1.6043  [38;2;54;234;195mmemory: 22.44GiB(28.24%)  [34mtps: 137  [36mtflops: 6.60  [35mmfu: 0.67%[39m
[rank0]:[titan] 2026-03-17 16:21:44,533 - root - INFO - [31mstep: 1341  [32mloss:  2.8594  [38;2;180;60;0mgrad_norm:  1.9692  [38;2;54;234;195mmemory: 22.44GiB(28.24%)  [34mtps: 137  [36mtflops: 6.60  [35mmfu: 0.67%[39m
[rank0]:[titan] 2026-03-17 16:21:59,612 - root - INFO - [31mstep: 1342  [32mloss:  2.7500  [38;2;180;60;0mgrad_norm:  1.9237  [38;2;54;234;195mmemory: 22.44GiB(28.24%)  [34mtps: 136  [36mtflops: 6.55  [35mmfu: 0.66%[39m
[rank0]:[titan] 2026-03-17 16:22:14,818 - root - INFO - [31mstep: 1343  [32mloss:  2.7031  [38;2;180;60;0mgrad_norm:  1.6373  [38;2;54;234;195mmemory: 22.44GiB(28.24%)  [34mtps: 135  [36mtflops: 6.50  [35mmfu: 0.66%[39m
[rank0]:[titan] 2026-03-17 16:22:30,076 - root - INFO - [31mstep: 1344  [32mloss:  2.7188  [38;2;180;60;0mgrad_norm:  1.7717  [38;2;54;234;195mmemory: 22.44GiB(28.24%)  [34mtps: 134  [36mtflops: 6.48  [35mmfu: 0.65%[39m
[rank0]:[titan] 2026-03-17 16:22:45,089 - root - INFO - [31mstep: 1345  [32mloss:  2.7969  [38;2;180;60;0mgrad_norm:  2.0927  [38;2;54;234;195mmemory: 22.44GiB(28.24%)  [34mtps: 136  [36mtflops: 6.58  [35mmfu: 0.67%[39m
[rank0]:[titan] 2026-03-17 16:23:00,335 - root - INFO - [31mstep: 1346  [32mloss:  2.7812  [38;2;180;60;0mgrad_norm:  1.7075  [38;2;54;234;195mmemory: 22.44GiB(28.24%)  [34mtps: 134  [36mtflops: 6.48  [35mmfu: 0.66%[39m
[rank0]:[titan] 2026-03-17 16:23:15,604 - root - INFO - [31mstep: 1347  [32mloss:  2.7188  [38;2;180;60;0mgrad_norm:  1.7679  [38;2;54;234;195mmemory: 22.44GiB(28.24%)  [34mtps: 134  [36mtflops: 6.47  [35mmfu: 0.65%[39m
[rank0]:[titan] 2026-03-17 16:23:30,587 - root - INFO - [31mstep: 1348  [32mloss:  2.7344  [38;2;180;60;0mgrad_norm:  1.8394  [38;2;54;234;195mmemory: 22.44GiB(28.24%)  [34mtps: 137  [36mtflops: 6.60  [35mmfu: 0.67%[39m
[rank0]:[titan] 2026-03-17 16:23:45,727 - root - INFO - [31mstep: 1349  [32mloss:  2.7500  [38;2;180;60;0mgrad_norm:  2.1702  [38;2;54;234;195mmemory: 22.44GiB(28.24%)  [34mtps: 135  [36mtflops: 6.53  [35mmfu: 0.66%[39m
[rank0]:[titan] 2026-03-17 16:24:01,076 - root - INFO - [31mstep: 1350  [32mloss:  2.7656  [38;2;180;60;0mgrad_norm:  2.0527  [38;2;54;234;195mmemory: 22.44GiB(28.24%)  [34mtps: 133  [36mtflops: 6.44  [35mmfu: 0.65%[39m
[rank0]:[titan] 2026-03-17 16:24:16,087 - root - INFO - [31mstep: 1351  [32mloss:  2.7344  [38;2;180;60;0mgrad_norm:  2.0184  [38;2;54;234;195mmemory: 22.44GiB(28.24%)  [34mtps: 136  [36mtflops: 6.58  [35mmfu: 0.67%[39m
[rank0]:[titan] 2026-03-17 16:24:31,340 - root - INFO - [31mstep: 1352  [32mloss:  2.7344  [38;2;180;60;0mgrad_norm:  1.9854  [38;2;54;234;195mmemory: 22.44GiB(28.24%)  [34mtps: 134  [36mtflops: 6.48  [35mmfu: 0.66%[39m
[rank0]:[titan] 2026-03-17 16:24:46,279 - root - INFO - [31mstep: 1353  [32mloss:  2.7188  [38;2;180;60;0mgrad_norm:  1.9613  [38;2;54;234;195mmemory: 22.44GiB(28.24%)  [34mtps: 137  [36mtflops: 6.62  [35mmfu: 0.67%[39m
[rank0]:[titan] 2026-03-17 16:25:00,655 - root - INFO - [31mstep: 1354  [32mloss:  2.7188  [38;2;180;60;0mgrad_norm:  1.5822  [38;2;54;234;195mmemory: 22.44GiB(28.24%)  [34mtps: 142  [36mtflops: 6.87  [35mmfu: 0.70%[39m
[rank0]:[titan] 2026-03-17 16:25:16,491 - root - INFO - [31mstep: 1355  [32mloss:  2.7969  [38;2;180;60;0mgrad_norm:  2.1415  [38;2;54;234;195mmemory: 22.44GiB(28.24%)  [34mtps: 129  [36mtflops: 6.24  [35mmfu: 0.63%[39m
[rank0]:[titan] 2026-03-17 16:25:32,061 - root - INFO - [31mstep: 1356  [32mloss:  2.7969  [38;2;180;60;0mgrad_norm:  2.1275  [38;2;54;234;195mmemory: 22.44GiB(28.24%)  [34mtps: 132  [36mtflops: 6.35  [35mmfu: 0.64%[39m
[rank0]:[titan] 2026-03-17 16:25:47,023 - root - INFO - [31mstep: 1357  [32mloss:  2.9062  [38;2;180;60;0mgrad_norm:  2.0941  [38;2;54;234;195mmemory: 22.44GiB(28.24%)  [34mtps: 137  [36mtflops: 6.60  [35mmfu: 0.67%[39m
[rank0]:[titan] 2026-03-17 16:26:02,210 - root - INFO - [31mstep: 1358  [32mloss:  2.6875  [38;2;180;60;0mgrad_norm:  1.8975  [38;2;54;234;195mmemory: 22.44GiB(28.24%)  [34mtps: 135  [36mtflops: 6.51  [35mmfu: 0.66%[39m
[rank0]:[titan] 2026-03-17 16:26:17,311 - root - INFO - [31mstep: 1359  [32mloss:  2.6719  [38;2;180;60;0mgrad_norm:  1.6970  [38;2;54;234;195mmemory: 22.44GiB(28.24%)  [34mtps: 136  [36mtflops: 6.54  [35mmfu: 0.66%[39m
[rank0]:[titan] 2026-03-17 16:26:32,634 - root - INFO - [31mstep: 1360  [32mloss:  2.6562  [38;2;180;60;0mgrad_norm:  1.6842  [38;2;54;234;195mmemory: 22.44GiB(28.24%)  [34mtps: 134  [36mtflops: 6.45  [35mmfu: 0.65%[39m
[rank0]:[titan] 2026-03-17 16:26:47,688 - root - INFO - [31mstep: 1361  [32mloss:  2.7188  [38;2;180;60;0mgrad_norm:  1.4317  [38;2;54;234;195mmemory: 22.44GiB(28.24%)  [34mtps: 136  [36mtflops: 6.56  [35mmfu: 0.66%[39m
[rank0]:[titan] 2026-03-17 16:27:02,672 - root - INFO - [31mstep: 1362  [32mloss:  2.7188  [38;2;180;60;0mgrad_norm:  1.2606  [38;2;54;234;195mmemory: 22.44GiB(28.24%)  [34mtps: 137  [36mtflops: 6.60  [35mmfu: 0.67%[39m
[rank0]:[titan] 2026-03-17 16:27:17,661 - root - INFO - [31mstep: 1363  [32mloss:  2.7188  [38;2;180;60;0mgrad_norm:  1.3898  [38;2;54;234;195mmemory: 22.44GiB(28.24%)  [34mtps: 137  [36mtflops: 6.59  [35mmfu: 0.67%[39m
[rank0]:[titan] 2026-03-17 16:27:32,703 - root - INFO - [31mstep: 1364  [32mloss:  2.6562  [38;2;180;60;0mgrad_norm:  1.4302  [38;2;54;234;195mmemory: 22.44GiB(28.24%)  [34mtps: 136  [36mtflops: 6.57  [35mmfu: 0.66%[39m
[rank0]:[titan] 2026-03-17 16:27:47,861 - root - INFO - [31mstep: 1365  [32mloss:  2.6250  [38;2;180;60;0mgrad_norm:  1.1720  [38;2;54;234;195mmemory: 22.44GiB(28.24%)  [34mtps: 135  [36mtflops: 6.52  [35mmfu: 0.66%[39m
[rank0]:[titan] 2026-03-17 16:28:03,156 - root - INFO - [31mstep: 1366  [32mloss:  2.6719  [38;2;180;60;0mgrad_norm:  1.3317  [38;2;54;234;195mmemory: 22.44GiB(28.24%)  [34mtps: 134  [36mtflops: 6.46  [35mmfu: 0.65%[39m
[rank0]:[titan] 2026-03-17 16:28:18,319 - root - INFO - [31mstep: 1367  [32mloss:  2.7344  [38;2;180;60;0mgrad_norm:  1.4225  [38;2;54;234;195mmemory: 22.44GiB(28.24%)  [34mtps: 135  [36mtflops: 6.52  [35mmfu: 0.66%[39m
[rank0]:[titan] 2026-03-17 16:28:33,850 - root - INFO - [31mstep: 1368  [32mloss:  2.6875  [38;2;180;60;0mgrad_norm:  1.4535  [38;2;54;234;195mmemory: 22.44GiB(28.24%)  [34mtps: 132  [36mtflops: 6.36  [35mmfu: 0.64%[39m
[rank0]:[titan] 2026-03-17 16:28:48,869 - root - INFO - [31mstep: 1369  [32mloss:  2.7031  [38;2;180;60;0mgrad_norm:  1.3670  [38;2;54;234;195mmemory: 22.44GiB(28.24%)  [34mtps: 136  [36mtflops: 6.58  [35mmfu: 0.67%[39m
[rank0]:[titan] 2026-03-17 16:29:04,224 - root - INFO - [31mstep: 1370  [32mloss:  2.7344  [38;2;180;60;0mgrad_norm:  0.8905  [38;2;54;234;195mmemory: 22.44GiB(28.24%)  [34mtps: 133  [36mtflops: 6.44  [35mmfu: 0.65%[39m
[rank0]:[titan] 2026-03-17 16:29:19,187 - root - INFO - [31mstep: 1371  [32mloss:  2.7344  [38;2;180;60;0mgrad_norm:  1.0002  [38;2;54;234;195mmemory: 22.44GiB(28.24%)  [34mtps: 137  [36mtflops: 6.60  [35mmfu: 0.67%[39m
[rank0]:[titan] 2026-03-17 16:29:34,497 - root - INFO - [31mstep: 1372  [32mloss:  2.6875  [38;2;180;60;0mgrad_norm:  1.0082  [38;2;54;234;195mmemory: 22.44GiB(28.24%)  [34mtps: 134  [36mtflops: 6.45  [35mmfu: 0.65%[39m
[rank0]:[titan] 2026-03-17 16:29:49,522 - root - INFO - [31mstep: 1373  [32mloss:  2.7188  [38;2;180;60;0mgrad_norm:  1.0513  [38;2;54;234;195mmemory: 22.44GiB(28.24%)  [34mtps: 136  [36mtflops: 6.58  [35mmfu: 0.67%[39m
[rank0]:[titan] 2026-03-17 16:30:04,673 - root - INFO - [31mstep: 1374  [32mloss:  2.7344  [38;2;180;60;0mgrad_norm:  1.4115  [38;2;54;234;195mmemory: 22.44GiB(28.24%)  [34mtps: 135  [36mtflops: 6.52  [35mmfu: 0.66%[39m
[rank0]:[titan] 2026-03-17 16:30:19,722 - root - INFO - [31mstep: 1375  [32mloss:  2.7344  [38;2;180;60;0mgrad_norm:  1.2051  [38;2;54;234;195mmemory: 22.44GiB(28.24%)  [34mtps: 136  [36mtflops: 6.57  [35mmfu: 0.66%[39m
[rank0]:[titan] 2026-03-17 16:30:34,751 - root - INFO - [31mstep: 1376  [32mloss:  2.7812  [38;2;180;60;0mgrad_norm:  1.2795  [38;2;54;234;195mmemory: 22.44GiB(28.24%)  [34mtps: 136  [36mtflops: 6.58  [35mmfu: 0.66%[39m
[rank0]:[titan] 2026-03-17 16:30:49,725 - root - INFO - [31mstep: 1377  [32mloss:  2.7812  [38;2;180;60;0mgrad_norm:  1.4360  [38;2;54;234;195mmemory: 22.44GiB(28.24%)  [34mtps: 137  [36mtflops: 6.60  [35mmfu: 0.67%[39m
[rank0]:[titan] 2026-03-17 16:31:04,690 - root - INFO - [31mstep: 1378  [32mloss:  2.7969  [38;2;180;60;0mgrad_norm:  1.2696  [38;2;54;234;195mmemory: 22.44GiB(28.24%)  [34mtps: 137  [36mtflops: 6.60  [35mmfu: 0.67%[39m
[rank0]:[titan] 2026-03-17 16:31:19,651 - root - INFO - [31mstep: 1379  [32mloss:  2.7656  [38;2;180;60;0mgrad_norm:  1.2658  [38;2;54;234;195mmemory: 22.44GiB(28.24%)  [34mtps: 137  [36mtflops: 6.61  [35mmfu: 0.67%[39m
[rank0]:[titan] 2026-03-17 16:31:34,662 - root - INFO - [31mstep: 1380  [32mloss:  2.7500  [38;2;180;60;0mgrad_norm:  1.3289  [38;2;54;234;195mmemory: 22.44GiB(28.24%)  [34mtps: 136  [36mtflops: 6.58  [35mmfu: 0.67%[39m
[rank0]:[titan] 2026-03-17 16:31:49,596 - root - INFO - [31mstep: 1381  [32mloss:  2.7500  [38;2;180;60;0mgrad_norm:  1.1957  [38;2;54;234;195mmemory: 22.44GiB(28.24%)  [34mtps: 137  [36mtflops: 6.62  [35mmfu: 0.67%[39m
[rank0]:[titan] 2026-03-17 16:32:04,645 - root - INFO - [31mstep: 1382  [32mloss:  2.7344  [38;2;180;60;0mgrad_norm:  0.9809  [38;2;54;234;195mmemory: 22.44GiB(28.24%)  [34mtps: 136  [36mtflops: 6.57  [35mmfu: 0.66%[39m
[rank0]:[titan] 2026-03-17 16:32:19,516 - root - INFO - [31mstep: 1383  [32mloss:  2.7500  [38;2;180;60;0mgrad_norm:  1.6943  [38;2;54;234;195mmemory: 22.44GiB(28.24%)  [34mtps: 138  [36mtflops: 6.65  [35mmfu: 0.67%[39m
[rank0]:[titan] 2026-03-17 16:32:34,424 - root - INFO - [31mstep: 1384  [32mloss:  2.7969  [38;2;180;60;0mgrad_norm:  1.9917  [38;2;54;234;195mmemory: 22.44GiB(28.24%)  [34mtps: 137  [36mtflops: 6.63  [35mmfu: 0.67%[39m
[rank0]:[titan] 2026-03-17 16:32:49,478 - root - INFO - [31mstep: 1385  [32mloss:  2.7969  [38;2;180;60;0mgrad_norm:  1.6266  [38;2;54;234;195mmemory: 22.44GiB(28.24%)  [34mtps: 136  [36mtflops: 6.56  [35mmfu: 0.66%[39m
[rank0]:[titan] 2026-03-17 16:33:04,869 - root - INFO - [31mstep: 1386  [32mloss:  2.7500  [38;2;180;60;0mgrad_norm:  1.4501  [38;2;54;234;195mmemory: 22.44GiB(28.24%)  [34mtps: 133  [36mtflops: 6.42  [35mmfu: 0.65%[39m
[rank0]:[titan] 2026-03-17 16:33:20,175 - root - INFO - [31mstep: 1387  [32mloss:  2.7812  [38;2;180;60;0mgrad_norm:  1.6398  [38;2;54;234;195mmemory: 22.44GiB(28.24%)  [34mtps: 134  [36mtflops: 6.46  [35mmfu: 0.65%[39m
[rank0]:[titan] 2026-03-17 16:33:35,015 - root - INFO - [31mstep: 1388  [32mloss:  2.7812  [38;2;180;60;0mgrad_norm:  1.8194  [38;2;54;234;195mmemory: 22.44GiB(28.24%)  [34mtps: 138  [36mtflops: 6.66  [35mmfu: 0.67%[39m
[rank0]:[titan] 2026-03-17 16:33:49,750 - root - INFO - [31mstep: 1389  [32mloss:  2.7812  [38;2;180;60;0mgrad_norm:  1.5127  [38;2;54;234;195mmemory: 22.44GiB(28.24%)  [34mtps: 139  [36mtflops: 6.71  [35mmfu: 0.68%[39m
[rank0]:[titan] 2026-03-17 16:34:04,707 - root - INFO - [31mstep: 1390  [32mloss:  2.7500  [38;2;180;60;0mgrad_norm:  1.2249  [38;2;54;234;195mmemory: 22.44GiB(28.24%)  [34mtps: 137  [36mtflops: 6.61  [35mmfu: 0.67%[39m
[rank0]:[titan] 2026-03-17 16:34:19,722 - root - INFO - [31mstep: 1391  [32mloss:  2.7656  [38;2;180;60;0mgrad_norm:  1.3834  [38;2;54;234;195mmemory: 22.44GiB(28.24%)  [34mtps: 136  [36mtflops: 6.58  [35mmfu: 0.67%[39m
[rank0]:[titan] 2026-03-17 16:34:34,522 - root - INFO - [31mstep: 1392  [32mloss:  2.7812  [38;2;180;60;0mgrad_norm:  1.7183  [38;2;54;234;195mmemory: 22.44GiB(28.24%)  [34mtps: 138  [36mtflops: 6.68  [35mmfu: 0.68%[39m
[rank0]:[titan] 2026-03-17 16:34:49,493 - root - INFO - [31mstep: 1393  [32mloss:  2.7500  [38;2;180;60;0mgrad_norm:  1.3758  [38;2;54;234;195mmemory: 22.44GiB(28.24%)  [34mtps: 137  [36mtflops: 6.60  [35mmfu: 0.67%[39m
[rank0]:[titan] 2026-03-17 16:35:04,701 - root - INFO - [31mstep: 1394  [32mloss:  2.7500  [38;2;180;60;0mgrad_norm:  1.6869  [38;2;54;234;195mmemory: 22.44GiB(28.24%)  [34mtps: 135  [36mtflops: 6.50  [35mmfu: 0.66%[39m
[rank0]:[titan] 2026-03-17 16:35:19,968 - root - INFO - [31mstep: 1395  [32mloss:  2.8281  [38;2;180;60;0mgrad_norm:  1.6804  [38;2;54;234;195mmemory: 22.44GiB(28.24%)  [34mtps: 134  [36mtflops: 6.47  [35mmfu: 0.65%[39m
[rank0]:[titan] 2026-03-17 16:35:35,314 - root - INFO - [31mstep: 1396  [32mloss:  2.8125  [38;2;180;60;0mgrad_norm:  1.3211  [38;2;54;234;195mmemory: 22.44GiB(28.24%)  [34mtps: 133  [36mtflops: 6.44  [35mmfu: 0.65%[39m
[rank0]:[titan] 2026-03-17 16:35:50,158 - root - INFO - [31mstep: 1397  [32mloss:  2.7656  [38;2;180;60;0mgrad_norm:  1.0964  [38;2;54;234;195mmemory: 22.44GiB(28.24%)  [34mtps: 138  [36mtflops: 6.66  [35mmfu: 0.67%[39m
[rank0]:[titan] 2026-03-17 16:36:05,146 - root - INFO - [31mstep: 1398  [32mloss:  2.7500  [38;2;180;60;0mgrad_norm:  1.4445  [38;2;54;234;195mmemory: 22.44GiB(28.24%)  [34mtps: 137  [36mtflops: 6.59  [35mmfu: 0.67%[39m
[rank0]:[titan] 2026-03-17 16:36:20,166 - root - INFO - [31mstep: 1399  [32mloss:  2.7500  [38;2;180;60;0mgrad_norm:  1.2706  [38;2;54;234;195mmemory: 22.44GiB(28.24%)  [34mtps: 136  [36mtflops: 6.58  [35mmfu: 0.67%[39m
[rank0]:[titan] 2026-03-17 16:36:35,086 - root - INFO - [31mstep: 1400  [32mloss:  2.7969  [38;2;180;60;0mgrad_norm:  1.3087  [38;2;54;234;195mmemory: 22.44GiB(28.24%)  [34mtps: 137  [36mtflops: 6.63  [35mmfu: 0.67%[39m
[rank0]:[titan] 2026-03-17 16:36:50,021 - root - INFO - [31mstep: 1401  [32mloss:  2.6719  [38;2;180;60;0mgrad_norm:  1.3114  [38;2;54;234;195mmemory: 22.44GiB(28.24%)  [34mtps: 137  [36mtflops: 6.62  [35mmfu: 0.67%[39m
[rank0]:[titan] 2026-03-17 16:37:05,310 - root - INFO - [31mstep: 1402  [32mloss:  2.7500  [38;2;180;60;0mgrad_norm:  1.4033  [38;2;54;234;195mmemory: 22.44GiB(28.24%)  [34mtps: 134  [36mtflops: 6.46  [35mmfu: 0.65%[39m
[rank0]:[titan] 2026-03-17 16:37:20,284 - root - INFO - [31mstep: 1403  [32mloss:  2.7969  [38;2;180;60;0mgrad_norm:  1.9307  [38;2;54;234;195mmemory: 22.44GiB(28.24%)  [34mtps: 137  [36mtflops: 6.60  [35mmfu: 0.67%[39m
[rank0]:[titan] 2026-03-17 16:37:35,478 - root - INFO - [31mstep: 1404  [32mloss:  2.7500  [38;2;180;60;0mgrad_norm:  0.9395  [38;2;54;234;195mmemory: 22.44GiB(28.24%)  [34mtps: 135  [36mtflops: 6.50  [35mmfu: 0.66%[39m
[rank0]:[titan] 2026-03-17 16:37:50,438 - root - INFO - [31mstep: 1405  [32mloss:  2.7500  [38;2;180;60;0mgrad_norm:  2.0336  [38;2;54;234;195mmemory: 22.44GiB(28.24%)  [34mtps: 137  [36mtflops: 6.61  [35mmfu: 0.67%[39m
[rank0]:[titan] 2026-03-17 16:38:05,308 - root - INFO - [31mstep: 1406  [32mloss:  2.7969  [38;2;180;60;0mgrad_norm:  2.4367  [38;2;54;234;195mmemory: 22.44GiB(28.24%)  [34mtps: 138  [36mtflops: 6.65  [35mmfu: 0.67%[39m
[rank0]:[titan] 2026-03-17 16:38:20,902 - root - INFO - [31mstep: 1407  [32mloss:  2.7812  [38;2;180;60;0mgrad_norm:  1.9364  [38;2;54;234;195mmemory: 22.44GiB(28.24%)  [34mtps: 131  [36mtflops: 6.34  [35mmfu: 0.64%[39m
[rank0]:[titan] 2026-03-17 16:38:36,361 - root - INFO - [31mstep: 1408  [32mloss:  2.7969  [38;2;180;60;0mgrad_norm:  1.4251  [38;2;54;234;195mmemory: 22.44GiB(28.24%)  [34mtps: 132  [36mtflops: 6.39  [35mmfu: 0.65%[39m
[rank0]:[titan] 2026-03-17 16:38:51,647 - root - INFO - [31mstep: 1409  [32mloss:  2.7969  [38;2;180;60;0mgrad_norm:  1.5733  [38;2;54;234;195mmemory: 22.44GiB(28.24%)  [34mtps: 134  [36mtflops: 6.46  [35mmfu: 0.65%[39m
[rank0]:[titan] 2026-03-17 16:39:07,120 - root - INFO - [31mstep: 1410  [32mloss:  2.7500  [38;2;180;60;0mgrad_norm:  1.9753  [38;2;54;234;195mmemory: 22.44GiB(28.24%)  [34mtps: 132  [36mtflops: 6.39  [35mmfu: 0.65%[39m
[rank0]:[titan] 2026-03-17 16:39:21,914 - root - INFO - [31mstep: 1411  [32mloss:  2.7188  [38;2;180;60;0mgrad_norm:  1.4980  [38;2;54;234;195mmemory: 22.44GiB(28.24%)  [34mtps: 138  [36mtflops: 6.68  [35mmfu: 0.68%[39m
[rank0]:[titan] 2026-03-17 16:39:36,882 - root - INFO - [31mstep: 1412  [32mloss:  2.7500  [38;2;180;60;0mgrad_norm:  1.6321  [38;2;54;234;195mmemory: 22.44GiB(28.24%)  [34mtps: 137  [36mtflops: 6.60  [35mmfu: 0.67%[39m
[rank0]:[titan] 2026-03-17 16:39:51,761 - root - INFO - [31mstep: 1413  [32mloss:  2.7500  [38;2;180;60;0mgrad_norm:  1.9931  [38;2;54;234;195mmemory: 22.44GiB(28.24%)  [34mtps: 138  [36mtflops: 6.64  [35mmfu: 0.67%[39m
[rank0]:[titan] 2026-03-17 16:40:06,981 - root - INFO - [31mstep: 1414  [32mloss:  2.7344  [38;2;180;60;0mgrad_norm:  1.9169  [38;2;54;234;195mmemory: 22.44GiB(28.24%)  [34mtps: 135  [36mtflops: 6.49  [35mmfu: 0.66%[39m
[rank0]:[titan] 2026-03-17 16:40:22,290 - root - INFO - [31mstep: 1415  [32mloss:  2.7500  [38;2;180;60;0mgrad_norm:  1.7389  [38;2;54;234;195mmemory: 22.44GiB(28.24%)  [34mtps: 134  [36mtflops: 6.46  [35mmfu: 0.65%[39m
[rank0]:[titan] 2026-03-17 16:40:37,429 - root - INFO - [31mstep: 1416  [32mloss:  2.7188  [38;2;180;60;0mgrad_norm:  1.8536  [38;2;54;234;195mmemory: 22.44GiB(28.24%)  [34mtps: 135  [36mtflops: 6.53  [35mmfu: 0.66%[39m
[rank0]:[titan] 2026-03-17 16:40:52,812 - root - INFO - [31mstep: 1417  [32mloss:  2.7500  [38;2;180;60;0mgrad_norm:  1.6582  [38;2;54;234;195mmemory: 22.44GiB(28.24%)  [34mtps: 133  [36mtflops: 6.42  [35mmfu: 0.65%[39m
[rank0]:[titan] 2026-03-17 16:41:07,816 - root - INFO - [31mstep: 1418  [32mloss:  2.7812  [38;2;180;60;0mgrad_norm:  1.8020  [38;2;54;234;195mmemory: 22.44GiB(28.24%)  [34mtps: 137  [36mtflops: 6.59  [35mmfu: 0.67%[39m
[rank0]:[titan] 2026-03-17 16:41:23,207 - root - INFO - [31mstep: 1419  [32mloss:  2.7031  [38;2;180;60;0mgrad_norm:  1.4923  [38;2;54;234;195mmemory: 22.44GiB(28.24%)  [34mtps: 133  [36mtflops: 6.42  [35mmfu: 0.65%[39m
[rank0]:[titan] 2026-03-17 16:41:38,632 - root - INFO - [31mstep: 1420  [32mloss:  2.7188  [38;2;180;60;0mgrad_norm:  1.1168  [38;2;54;234;195mmemory: 22.44GiB(28.24%)  [34mtps: 133  [36mtflops: 6.41  [35mmfu: 0.65%[39m
[rank0]:[titan] 2026-03-17 16:41:53,375 - root - INFO - [31mstep: 1421  [32mloss:  2.7344  [38;2;180;60;0mgrad_norm:  1.6619  [38;2;54;234;195mmemory: 22.44GiB(28.24%)  [34mtps: 139  [36mtflops: 6.70  [35mmfu: 0.68%[39m
[rank0]:[titan] 2026-03-17 16:42:09,206 - root - INFO - [31mstep: 1422  [32mloss:  2.7656  [38;2;180;60;0mgrad_norm:  1.5650  [38;2;54;234;195mmemory: 22.44GiB(28.24%)  [34mtps: 129  [36mtflops: 6.24  [35mmfu: 0.63%[39m
[rank0]:[titan] 2026-03-17 16:42:24,948 - root - INFO - [31mstep: 1423  [32mloss:  2.8281  [38;2;180;60;0mgrad_norm:  1.2441  [38;2;54;234;195mmemory: 22.44GiB(28.24%)  [34mtps: 130  [36mtflops: 6.28  [35mmfu: 0.63%[39m
[rank0]:[titan] 2026-03-17 16:42:40,066 - root - INFO - [31mstep: 1424  [32mloss:  2.7344  [38;2;180;60;0mgrad_norm:  0.9949  [38;2;54;234;195mmemory: 22.44GiB(28.24%)  [34mtps: 135  [36mtflops: 6.54  [35mmfu: 0.66%[39m
[rank0]:[titan] 2026-03-17 16:42:55,565 - root - INFO - [31mstep: 1425  [32mloss:  2.7812  [38;2;180;60;0mgrad_norm:  1.7816  [38;2;54;234;195mmemory: 22.44GiB(28.24%)  [34mtps: 132  [36mtflops: 6.38  [35mmfu: 0.64%[39m
[rank0]:[titan] 2026-03-17 16:43:10,638 - root - INFO - [31mstep: 1426  [32mloss:  2.7812  [38;2;180;60;0mgrad_norm:  1.6275  [38;2;54;234;195mmemory: 22.44GiB(28.24%)  [34mtps: 136  [36mtflops: 6.56  [35mmfu: 0.66%[39m
[rank0]:[titan] 2026-03-17 16:43:25,901 - root - INFO - [31mstep: 1427  [32mloss:  2.7500  [38;2;180;60;0mgrad_norm:  1.5914  [38;2;54;234;195mmemory: 22.44GiB(28.24%)  [34mtps: 134  [36mtflops: 6.47  [35mmfu: 0.65%[39m
[rank0]:[titan] 2026-03-17 16:43:41,160 - root - INFO - [31mstep: 1428  [32mloss:  2.7812  [38;2;180;60;0mgrad_norm:  1.7941  [38;2;54;234;195mmemory: 22.44GiB(28.24%)  [34mtps: 134  [36mtflops: 6.48  [35mmfu: 0.65%[39m
[rank0]:[titan] 2026-03-17 16:43:56,606 - root - INFO - [31mstep: 1429  [32mloss:  2.7344  [38;2;180;60;0mgrad_norm:  1.5985  [38;2;54;234;195mmemory: 22.44GiB(28.24%)  [34mtps: 133  [36mtflops: 6.40  [35mmfu: 0.65%[39m
[rank0]:[titan] 2026-03-17 16:44:11,956 - root - INFO - [31mstep: 1430  [32mloss:  2.7500  [38;2;180;60;0mgrad_norm:  1.5169  [38;2;54;234;195mmemory: 22.44GiB(28.24%)  [34mtps: 133  [36mtflops: 6.44  [35mmfu: 0.65%[39m
[rank0]:[titan] 2026-03-17 16:44:27,238 - root - INFO - [31mstep: 1431  [32mloss:  2.7500  [38;2;180;60;0mgrad_norm:  0.8828  [38;2;54;234;195mmemory: 22.44GiB(28.24%)  [34mtps: 134  [36mtflops: 6.47  [35mmfu: 0.65%[39m
[rank0]:[titan] 2026-03-17 16:44:42,431 - root - INFO - [31mstep: 1432  [32mloss:  2.8125  [38;2;180;60;0mgrad_norm:  1.3512  [38;2;54;234;195mmemory: 22.44GiB(28.24%)  [34mtps: 135  [36mtflops: 6.50  [35mmfu: 0.66%[39m
[rank0]:[titan] 2026-03-17 16:44:57,510 - root - INFO - [31mstep: 1433  [32mloss:  2.7656  [38;2;180;60;0mgrad_norm:  1.0881  [38;2;54;234;195mmemory: 22.44GiB(28.24%)  [34mtps: 136  [36mtflops: 6.55  [35mmfu: 0.66%[39m
[rank0]:[titan] 2026-03-17 16:45:12,498 - root - INFO - [31mstep: 1434  [32mloss:  2.7656  [38;2;180;60;0mgrad_norm:  1.6260  [38;2;54;234;195mmemory: 22.44GiB(28.24%)  [34mtps: 137  [36mtflops: 6.59  [35mmfu: 0.67%[39m
[rank0]:[titan] 2026-03-17 16:45:27,325 - root - INFO - [31mstep: 1435  [32mloss:  2.7344  [38;2;180;60;0mgrad_norm:  1.2353  [38;2;54;234;195mmemory: 22.44GiB(28.24%)  [34mtps: 138  [36mtflops: 6.66  [35mmfu: 0.67%[39m
[rank0]:[titan] 2026-03-17 16:45:42,257 - root - INFO - [31mstep: 1436  [32mloss:  2.7500  [38;2;180;60;0mgrad_norm:  0.9956  [38;2;54;234;195mmemory: 22.44GiB(28.24%)  [34mtps: 137  [36mtflops: 6.62  [35mmfu: 0.67%[39m
[rank0]:[titan] 2026-03-17 16:45:57,324 - root - INFO - [31mstep: 1437  [32mloss:  2.6719  [38;2;180;60;0mgrad_norm:  1.0738  [38;2;54;234;195mmemory: 22.44GiB(28.24%)  [34mtps: 136  [36mtflops: 6.56  [35mmfu: 0.66%[39m
[rank0]:[titan] 2026-03-17 16:46:12,413 - root - INFO - [31mstep: 1438  [32mloss:  2.7344  [38;2;180;60;0mgrad_norm:  0.9527  [38;2;54;234;195mmemory: 22.44GiB(28.24%)  [34mtps: 136  [36mtflops: 6.55  [35mmfu: 0.66%[39m
[rank0]:[titan] 2026-03-17 16:46:27,319 - root - INFO - [31mstep: 1439  [32mloss:  2.7344  [38;2;180;60;0mgrad_norm:  1.3767  [38;2;54;234;195mmemory: 22.44GiB(28.24%)  [34mtps: 137  [36mtflops: 6.63  [35mmfu: 0.67%[39m
[rank0]:[titan] 2026-03-17 16:46:42,356 - root - INFO - [31mstep: 1440  [32mloss:  2.7656  [38;2;180;60;0mgrad_norm:  1.1260  [38;2;54;234;195mmemory: 22.44GiB(28.24%)  [34mtps: 136  [36mtflops: 6.57  [35mmfu: 0.66%[39m
[rank0]:[titan] 2026-03-17 16:46:57,474 - root - INFO - [31mstep: 1441  [32mloss:  2.7500  [38;2;180;60;0mgrad_norm:  0.8529  [38;2;54;234;195mmemory: 22.44GiB(28.24%)  [34mtps: 135  [36mtflops: 6.54  [35mmfu: 0.66%[39m
[rank0]:[titan] 2026-03-17 16:47:12,474 - root - INFO - [31mstep: 1442  [32mloss:  2.7344  [38;2;180;60;0mgrad_norm:  1.6108  [38;2;54;234;195mmemory: 22.44GiB(28.24%)  [34mtps: 137  [36mtflops: 6.59  [35mmfu: 0.67%[39m
[rank0]:[titan] 2026-03-17 16:47:27,752 - root - INFO - [31mstep: 1443  [32mloss:  2.7344  [38;2;180;60;0mgrad_norm:  1.1759  [38;2;54;234;195mmemory: 22.44GiB(28.24%)  [34mtps: 134  [36mtflops: 6.47  [35mmfu: 0.65%[39m
[rank0]:[titan] 2026-03-17 16:47:42,918 - root - INFO - [31mstep: 1444  [32mloss:  2.8125  [38;2;180;60;0mgrad_norm:  1.4149  [38;2;54;234;195mmemory: 22.44GiB(28.24%)  [34mtps: 135  [36mtflops: 6.52  [35mmfu: 0.66%[39m
[rank0]:[titan] 2026-03-17 16:47:57,792 - root - INFO - [31mstep: 1445  [32mloss:  2.7500  [38;2;180;60;0mgrad_norm:  1.6095  [38;2;54;234;195mmemory: 22.44GiB(28.24%)  [34mtps: 138  [36mtflops: 6.64  [35mmfu: 0.67%[39m
[rank0]:[titan] 2026-03-17 16:48:13,146 - root - INFO - [31mstep: 1446  [32mloss:  2.8125  [38;2;180;60;0mgrad_norm:  1.0942  [38;2;54;234;195mmemory: 22.44GiB(28.24%)  [34mtps: 133  [36mtflops: 6.44  [35mmfu: 0.65%[39m
[rank0]:[titan] 2026-03-17 16:48:28,494 - root - INFO - [31mstep: 1447  [32mloss:  2.8438  [38;2;180;60;0mgrad_norm:  1.4830  [38;2;54;234;195mmemory: 22.44GiB(28.24%)  [34mtps: 133  [36mtflops: 6.44  [35mmfu: 0.65%[39m
[rank0]:[titan] 2026-03-17 16:48:43,715 - root - INFO - [31mstep: 1448  [32mloss:  2.7500  [38;2;180;60;0mgrad_norm:  1.4845  [38;2;54;234;195mmemory: 22.44GiB(28.24%)  [34mtps: 135  [36mtflops: 6.49  [35mmfu: 0.66%[39m
[rank0]:[titan] 2026-03-17 16:48:58,642 - root - INFO - [31mstep: 1449  [32mloss:  2.7969  [38;2;180;60;0mgrad_norm:  1.3645  [38;2;54;234;195mmemory: 22.44GiB(28.24%)  [34mtps: 137  [36mtflops: 6.62  [35mmfu: 0.67%[39m
[rank0]:[titan] 2026-03-17 16:49:13,755 - root - INFO - [31mstep: 1450  [32mloss:  2.8125  [38;2;180;60;0mgrad_norm:  1.1833  [38;2;54;234;195mmemory: 22.44GiB(28.24%)  [34mtps: 136  [36mtflops: 6.54  [35mmfu: 0.66%[39m
[rank0]:[titan] 2026-03-17 16:49:28,842 - root - INFO - [31mstep: 1451  [32mloss:  2.7812  [38;2;180;60;0mgrad_norm:  1.9899  [38;2;54;234;195mmemory: 22.44GiB(28.24%)  [34mtps: 136  [36mtflops: 6.55  [35mmfu: 0.66%[39m
[rank0]:[titan] 2026-03-17 16:49:43,955 - root - INFO - [31mstep: 1452  [32mloss:  2.7969  [38;2;180;60;0mgrad_norm:  2.3662  [38;2;54;234;195mmemory: 22.44GiB(28.24%)  [34mtps: 136  [36mtflops: 6.54  [35mmfu: 0.66%[39m
[rank0]:[titan] 2026-03-17 16:49:59,037 - root - INFO - [31mstep: 1453  [32mloss:  2.7031  [38;2;180;60;0mgrad_norm:  1.8701  [38;2;54;234;195mmemory: 22.44GiB(28.24%)  [34mtps: 136  [36mtflops: 6.55  [35mmfu: 0.66%[39m
[rank0]:[titan] 2026-03-17 16:50:14,129 - root - INFO - [31mstep: 1454  [32mloss:  2.7188  [38;2;180;60;0mgrad_norm:  1.5292  [38;2;54;234;195mmemory: 22.44GiB(28.24%)  [34mtps: 136  [36mtflops: 6.55  [35mmfu: 0.66%[39m
[rank0]:[titan] 2026-03-17 16:50:29,187 - root - INFO - [31mstep: 1455  [32mloss:  2.7500  [38;2;180;60;0mgrad_norm:  2.2648  [38;2;54;234;195mmemory: 22.44GiB(28.24%)  [34mtps: 136  [36mtflops: 6.56  [35mmfu: 0.66%[39m
[rank0]:[titan] 2026-03-17 16:50:44,361 - root - INFO - [31mstep: 1456  [32mloss:  2.7500  [38;2;180;60;0mgrad_norm:  2.1549  [38;2;54;234;195mmemory: 22.44GiB(28.24%)  [34mtps: 135  [36mtflops: 6.51  [35mmfu: 0.66%[39m
[rank0]:[titan] 2026-03-17 16:50:59,438 - root - INFO - [31mstep: 1457  [32mloss:  2.7812  [38;2;180;60;0mgrad_norm:  2.2342  [38;2;54;234;195mmemory: 22.44GiB(28.24%)  [34mtps: 136  [36mtflops: 6.55  [35mmfu: 0.66%[39m
[rank0]:[titan] 2026-03-17 16:51:14,804 - root - INFO - [31mstep: 1458  [32mloss:  2.7656  [38;2;180;60;0mgrad_norm:  2.1248  [38;2;54;234;195mmemory: 22.44GiB(28.24%)  [34mtps: 133  [36mtflops: 6.43  [35mmfu: 0.65%[39m
[rank0]:[titan] 2026-03-17 16:51:29,716 - root - INFO - [31mstep: 1459  [32mloss:  2.7812  [38;2;180;60;0mgrad_norm:  1.5805  [38;2;54;234;195mmemory: 22.44GiB(28.24%)  [34mtps: 137  [36mtflops: 6.63  [35mmfu: 0.67%[39m
[rank0]:[titan] 2026-03-17 16:51:44,730 - root - INFO - [31mstep: 1460  [32mloss:  2.7812  [38;2;180;60;0mgrad_norm:  1.7963  [38;2;54;234;195mmemory: 22.44GiB(28.24%)  [34mtps: 136  [36mtflops: 6.58  [35mmfu: 0.67%[39m
[rank0]:[titan] 2026-03-17 16:51:59,517 - root - INFO - [31mstep: 1461  [32mloss:  2.8125  [38;2;180;60;0mgrad_norm:  1.9321  [38;2;54;234;195mmemory: 22.44GiB(28.24%)  [34mtps: 139  [36mtflops: 6.68  [35mmfu: 0.68%[39m
[rank0]:[titan] 2026-03-17 16:52:14,495 - root - INFO - [31mstep: 1462  [32mloss:  2.7188  [38;2;180;60;0mgrad_norm:  1.5043  [38;2;54;234;195mmemory: 22.44GiB(28.24%)  [34mtps: 137  [36mtflops: 6.60  [35mmfu: 0.67%[39m
[rank0]:[titan] 2026-03-17 16:52:29,380 - root - INFO - [31mstep: 1463  [32mloss:  2.7344  [38;2;180;60;0mgrad_norm:  1.5599  [38;2;54;234;195mmemory: 22.44GiB(28.24%)  [34mtps: 138  [36mtflops: 6.64  [35mmfu: 0.67%[39m
[rank0]:[titan] 2026-03-17 16:52:44,374 - root - INFO - [31mstep: 1464  [32mloss:  2.7500  [38;2;180;60;0mgrad_norm:  1.4909  [38;2;54;234;195mmemory: 22.44GiB(28.24%)  [34mtps: 137  [36mtflops: 6.59  [35mmfu: 0.67%[39m
[rank0]:[titan] 2026-03-17 16:52:59,434 - root - INFO - [31mstep: 1465  [32mloss:  2.7344  [38;2;180;60;0mgrad_norm:  1.8957  [38;2;54;234;195mmemory: 22.44GiB(28.24%)  [34mtps: 136  [36mtflops: 6.56  [35mmfu: 0.66%[39m
[rank0]:[titan] 2026-03-17 16:53:14,362 - root - INFO - [31mstep: 1466  [32mloss:  2.7500  [38;2;180;60;0mgrad_norm:  1.8747  [38;2;54;234;195mmemory: 22.44GiB(28.24%)  [34mtps: 137  [36mtflops: 6.62  [35mmfu: 0.67%[39m
[rank0]:[titan] 2026-03-17 16:53:29,368 - root - INFO - [31mstep: 1467  [32mloss:  2.7656  [38;2;180;60;0mgrad_norm:  1.3786  [38;2;54;234;195mmemory: 22.44GiB(28.24%)  [34mtps: 136  [36mtflops: 6.59  [35mmfu: 0.67%[39m
[rank0]:[titan] 2026-03-17 16:53:44,083 - root - INFO - [31mstep: 1468  [32mloss:  2.7500  [38;2;180;60;0mgrad_norm:  1.4178  [38;2;54;234;195mmemory: 22.44GiB(28.24%)  [34mtps: 139  [36mtflops: 6.72  [35mmfu: 0.68%[39m
[rank0]:[titan] 2026-03-17 16:53:59,037 - root - INFO - [31mstep: 1469  [32mloss:  2.7969  [38;2;180;60;0mgrad_norm:  1.1877  [38;2;54;234;195mmemory: 22.44GiB(28.24%)  [34mtps: 137  [36mtflops: 6.61  [35mmfu: 0.67%[39m
[rank0]:[titan] 2026-03-17 16:54:14,135 - root - INFO - [31mstep: 1470  [32mloss:  2.7031  [38;2;180;60;0mgrad_norm:  1.3573  [38;2;54;234;195mmemory: 22.44GiB(28.24%)  [34mtps: 136  [36mtflops: 6.55  [35mmfu: 0.66%[39m
[rank0]:[titan] 2026-03-17 16:54:29,309 - root - INFO - [31mstep: 1471  [32mloss:  2.7188  [38;2;180;60;0mgrad_norm:  1.3721  [38;2;54;234;195mmemory: 22.44GiB(28.24%)  [34mtps: 135  [36mtflops: 6.51  [35mmfu: 0.66%[39m
[rank0]:[titan] 2026-03-17 16:54:44,549 - root - INFO - [31mstep: 1472  [32mloss:  2.7344  [38;2;180;60;0mgrad_norm:  1.6994  [38;2;54;234;195mmemory: 22.44GiB(28.24%)  [34mtps: 134  [36mtflops: 6.48  [35mmfu: 0.66%[39m
[rank0]:[titan] 2026-03-17 16:54:59,614 - root - INFO - [31mstep: 1473  [32mloss:  2.7500  [38;2;180;60;0mgrad_norm:  1.1796  [38;2;54;234;195mmemory: 22.44GiB(28.24%)  [34mtps: 136  [36mtflops: 6.56  [35mmfu: 0.66%[39m
[rank0]:[titan] 2026-03-17 16:55:14,637 - root - INFO - [31mstep: 1474  [32mloss:  2.7656  [38;2;180;60;0mgrad_norm:  1.5009  [38;2;54;234;195mmemory: 22.44GiB(28.24%)  [34mtps: 136  [36mtflops: 6.58  [35mmfu: 0.67%[39m
[rank0]:[titan] 2026-03-17 16:55:29,603 - root - INFO - [31mstep: 1475  [32mloss:  2.7500  [38;2;180;60;0mgrad_norm:  1.2364  [38;2;54;234;195mmemory: 22.44GiB(28.24%)  [34mtps: 137  [36mtflops: 6.60  [35mmfu: 0.67%[39m
[rank0]:[titan] 2026-03-17 16:55:44,604 - root - INFO - [31mstep: 1476  [32mloss:  2.6875  [38;2;180;60;0mgrad_norm:  1.1387  [38;2;54;234;195mmemory: 22.44GiB(28.24%)  [34mtps: 137  [36mtflops: 6.59  [35mmfu: 0.67%[39m
[rank0]:[titan] 2026-03-17 16:55:59,564 - root - INFO - [31mstep: 1477  [32mloss:  2.7500  [38;2;180;60;0mgrad_norm:  1.0649  [38;2;54;234;195mmemory: 22.44GiB(28.24%)  [34mtps: 137  [36mtflops: 6.61  [35mmfu: 0.67%[39m
[rank0]:[titan] 2026-03-17 16:56:14,482 - root - INFO - [31mstep: 1478  [32mloss:  2.7344  [38;2;180;60;0mgrad_norm:  1.7987  [38;2;54;234;195mmemory: 22.44GiB(28.24%)  [34mtps: 137  [36mtflops: 6.62  [35mmfu: 0.67%[39m
[rank0]:[titan] 2026-03-17 16:56:29,567 - root - INFO - [31mstep: 1479  [32mloss:  2.7188  [38;2;180;60;0mgrad_norm:  1.4801  [38;2;54;234;195mmemory: 22.44GiB(28.24%)  [34mtps: 136  [36mtflops: 6.55  [35mmfu: 0.66%[39m
[rank0]:[titan] 2026-03-17 16:56:44,726 - root - INFO - [31mstep: 1480  [32mloss:  2.7656  [38;2;180;60;0mgrad_norm:  1.2747  [38;2;54;234;195mmemory: 22.44GiB(28.24%)  [34mtps: 135  [36mtflops: 6.52  [35mmfu: 0.66%[39m
[rank0]:[titan] 2026-03-17 16:56:44,729 - root - WARNING - Dataset c4_test is being re-looped
[rank0]:[titan] 2026-03-17 16:57:00,035 - root - INFO - [31mstep: 1481  [32mloss:  2.7656  [38;2;180;60;0mgrad_norm:  1.0643  [38;2;54;234;195mmemory: 22.44GiB(28.24%)  [34mtps: 134  [36mtflops: 6.46  [35mmfu: 0.65%[39m
[rank0]:[titan] 2026-03-17 16:57:15,543 - root - INFO - [31mstep: 1482  [32mloss:  2.7031  [38;2;180;60;0mgrad_norm:  1.2611  [38;2;54;234;195mmemory: 22.44GiB(28.24%)  [34mtps: 132  [36mtflops: 6.37  [35mmfu: 0.64%[39m
[rank0]:[titan] 2026-03-17 16:57:30,899 - root - INFO - [31mstep: 1483  [32mloss:  2.7344  [38;2;180;60;0mgrad_norm:  1.4945  [38;2;54;234;195mmemory: 22.44GiB(28.24%)  [34mtps: 133  [36mtflops: 6.44  [35mmfu: 0.65%[39m
[rank0]:[titan] 2026-03-17 16:57:46,198 - root - INFO - [31mstep: 1484  [32mloss:  2.7344  [38;2;180;60;0mgrad_norm:  1.1368  [38;2;54;234;195mmemory: 22.44GiB(28.24%)  [34mtps: 134  [36mtflops: 6.46  [35mmfu: 0.65%[39m
[rank0]:[titan] 2026-03-17 16:58:00,754 - root - INFO - [31mstep: 1485  [32mloss:  2.7812  [38;2;180;60;0mgrad_norm:  1.5636  [38;2;54;234;195mmemory: 22.44GiB(28.24%)  [34mtps: 141  [36mtflops: 6.79  [35mmfu: 0.69%[39m
[rank0]:[titan] 2026-03-17 16:58:15,973 - root - INFO - [31mstep: 1486  [32mloss:  2.8125  [38;2;180;60;0mgrad_norm:  1.4370  [38;2;54;234;195mmemory: 22.44GiB(28.24%)  [34mtps: 135  [36mtflops: 6.49  [35mmfu: 0.66%[39m
[rank0]:[titan] 2026-03-17 16:58:31,077 - root - INFO - [31mstep: 1487  [32mloss:  2.7812  [38;2;180;60;0mgrad_norm:  1.0266  [38;2;54;234;195mmemory: 22.44GiB(28.24%)  [34mtps: 136  [36mtflops: 6.54  [35mmfu: 0.66%[39m
[rank0]:[titan] 2026-03-17 16:58:46,095 - root - INFO - [31mstep: 1488  [32mloss:  2.7656  [38;2;180;60;0mgrad_norm:  1.1531  [38;2;54;234;195mmemory: 22.44GiB(28.24%)  [34mtps: 136  [36mtflops: 6.58  [35mmfu: 0.67%[39m
[rank0]:[titan] 2026-03-17 16:59:00,871 - root - INFO - [31mstep: 1489  [32mloss:  2.7344  [38;2;180;60;0mgrad_norm:  1.0602  [38;2;54;234;195mmemory: 22.44GiB(28.24%)  [34mtps: 139  [36mtflops: 6.69  [35mmfu: 0.68%[39m
[rank0]:[titan] 2026-03-17 16:59:16,415 - root - INFO - [31mstep: 1490  [32mloss:  2.7344  [38;2;180;60;0mgrad_norm:  1.2555  [38;2;54;234;195mmemory: 22.44GiB(28.24%)  [34mtps: 132  [36mtflops: 6.36  [35mmfu: 0.64%[39m
[rank0]:[titan] 2026-03-17 16:59:31,509 - root - INFO - [31mstep: 1491  [32mloss:  2.7812  [38;2;180;60;0mgrad_norm:  1.7325  [38;2;54;234;195mmemory: 22.44GiB(28.24%)  [34mtps: 136  [36mtflops: 6.55  [35mmfu: 0.66%[39m
[rank0]:[titan] 2026-03-17 16:59:46,984 - root - INFO - [31mstep: 1492  [32mloss:  2.7812  [38;2;180;60;0mgrad_norm:  2.0261  [38;2;54;234;195mmemory: 22.44GiB(28.24%)  [34mtps: 132  [36mtflops: 6.39  [35mmfu: 0.65%[39m
[rank0]:[titan] 2026-03-17 17:00:02,014 - root - INFO - [31mstep: 1493  [32mloss:  2.7500  [38;2;180;60;0mgrad_norm:  1.2445  [38;2;54;234;195mmemory: 22.44GiB(28.24%)  [34mtps: 136  [36mtflops: 6.58  [35mmfu: 0.66%[39m
[rank0]:[titan] 2026-03-17 17:00:17,042 - root - INFO - [31mstep: 1494  [32mloss:  2.7812  [38;2;180;60;0mgrad_norm:  1.5073  [38;2;54;234;195mmemory: 22.44GiB(28.24%)  [34mtps: 136  [36mtflops: 6.58  [35mmfu: 0.66%[39m
[rank0]:[titan] 2026-03-17 17:00:32,399 - root - INFO - [31mstep: 1495  [32mloss:  2.8125  [38;2;180;60;0mgrad_norm:  2.4525  [38;2;54;234;195mmemory: 22.44GiB(28.24%)  [34mtps: 133  [36mtflops: 6.44  [35mmfu: 0.65%[39m
[rank0]:[titan] 2026-03-17 17:00:47,374 - root - INFO - [31mstep: 1496  [32mloss:  2.8594  [38;2;180;60;0mgrad_norm:  1.6731  [38;2;54;234;195mmemory: 22.44GiB(28.24%)  [34mtps: 137  [36mtflops: 6.60  [35mmfu: 0.67%[39m
[rank0]:[titan] 2026-03-17 17:01:02,572 - root - INFO - [31mstep: 1497  [32mloss:  2.7812  [38;2;180;60;0mgrad_norm:  2.0945  [38;2;54;234;195mmemory: 22.44GiB(28.24%)  [34mtps: 135  [36mtflops: 6.50  [35mmfu: 0.66%[39m
[rank0]:[titan] 2026-03-17 17:01:17,588 - root - INFO - [31mstep: 1498  [32mloss:  2.7969  [38;2;180;60;0mgrad_norm:  1.9857  [38;2;54;234;195mmemory: 22.44GiB(28.24%)  [34mtps: 136  [36mtflops: 6.58  [35mmfu: 0.67%[39m
[rank0]:[titan] 2026-03-17 17:01:32,680 - root - INFO - [31mstep: 1499  [32mloss:  2.7500  [38;2;180;60;0mgrad_norm:  1.6017  [38;2;54;234;195mmemory: 22.44GiB(28.24%)  [34mtps: 136  [36mtflops: 6.55  [35mmfu: 0.66%[39m
[rank0]:[titan] 2026-03-17 17:01:47,529 - root - INFO - [31mstep: 1500  [32mloss:  2.7812  [38;2;180;60;0mgrad_norm:  2.0646  [38;2;54;234;195mmemory: 22.44GiB(28.24%)  [34mtps: 138  [36mtflops: 6.66  [35mmfu: 0.67%[39m
[rank0]:[titan] 2026-03-17 17:02:02,453 - root - INFO - [31mstep: 1501  [32mloss:  2.7812  [38;2;180;60;0mgrad_norm:  2.0032  [38;2;54;234;195mmemory: 22.44GiB(28.24%)  [34mtps: 137  [36mtflops: 6.62  [35mmfu: 0.67%[39m
[rank0]:[titan] 2026-03-17 17:02:17,259 - root - INFO - [31mstep: 1502  [32mloss:  2.7969  [38;2;180;60;0mgrad_norm:  2.0737  [38;2;54;234;195mmemory: 22.44GiB(28.24%)  [34mtps: 138  [36mtflops: 6.67  [35mmfu: 0.67%[39m
[rank0]:[titan] 2026-03-17 17:02:32,689 - root - INFO - [31mstep: 1503  [32mloss:  2.7812  [38;2;180;60;0mgrad_norm:  1.8167  [38;2;54;234;195mmemory: 22.44GiB(28.24%)  [34mtps: 133  [36mtflops: 6.40  [35mmfu: 0.65%[39m
[rank0]:[titan] 2026-03-17 17:02:47,954 - root - INFO - [31mstep: 1504  [32mloss:  2.7500  [38;2;180;60;0mgrad_norm:  1.3665  [38;2;54;234;195mmemory: 22.44GiB(28.24%)  [34mtps: 134  [36mtflops: 6.47  [35mmfu: 0.65%[39m
[rank0]:[titan] 2026-03-17 17:03:03,242 - root - INFO - [31mstep: 1505  [32mloss:  2.8281  [38;2;180;60;0mgrad_norm:  1.6342  [38;2;54;234;195mmemory: 22.44GiB(28.24%)  [34mtps: 134  [36mtflops: 6.46  [35mmfu: 0.65%[39m
[rank0]:[titan] 2026-03-17 17:03:18,180 - root - INFO - [31mstep: 1506  [32mloss:  2.9062  [38;2;180;60;0mgrad_norm:  1.4361  [38;2;54;234;195mmemory: 22.44GiB(28.24%)  [34mtps: 137  [36mtflops: 6.62  [35mmfu: 0.67%[39m
[rank0]:[titan] 2026-03-17 17:03:33,128 - root - INFO - [31mstep: 1507  [32mloss:  2.8281  [38;2;180;60;0mgrad_norm:  1.6265  [38;2;54;234;195mmemory: 22.44GiB(28.24%)  [34mtps: 137  [36mtflops: 6.61  [35mmfu: 0.67%[39m
[rank0]:[titan] 2026-03-17 17:03:48,190 - root - INFO - [31mstep: 1508  [32mloss:  2.7969  [38;2;180;60;0mgrad_norm:  1.7952  [38;2;54;234;195mmemory: 22.44GiB(28.24%)  [34mtps: 136  [36mtflops: 6.56  [35mmfu: 0.66%[39m
[rank0]:[titan] 2026-03-17 17:04:03,275 - root - INFO - [31mstep: 1509  [32mloss:  2.7969  [38;2;180;60;0mgrad_norm:  1.0923  [38;2;54;234;195mmemory: 22.44GiB(28.24%)  [34mtps: 136  [36mtflops: 6.55  [35mmfu: 0.66%[39m
[rank0]:[titan] 2026-03-17 17:04:18,446 - root - INFO - [31mstep: 1510  [32mloss:  2.7812  [38;2;180;60;0mgrad_norm:  1.3718  [38;2;54;234;195mmemory: 22.44GiB(28.24%)  [34mtps: 135  [36mtflops: 6.51  [35mmfu: 0.66%[39m
[rank0]:[titan] 2026-03-17 17:04:33,461 - root - INFO - [31mstep: 1511  [32mloss:  2.8125  [38;2;180;60;0mgrad_norm:  1.3217  [38;2;54;234;195mmemory: 22.44GiB(28.24%)  [34mtps: 136  [36mtflops: 6.58  [35mmfu: 0.67%[39m
[rank0]:[titan] 2026-03-17 17:04:48,484 - root - INFO - [31mstep: 1512  [32mloss:  2.7969  [38;2;180;60;0mgrad_norm:  1.2778  [38;2;54;234;195mmemory: 22.44GiB(28.24%)  [34mtps: 136  [36mtflops: 6.58  [35mmfu: 0.67%[39m
[rank0]:[titan] 2026-03-17 17:05:03,805 - root - INFO - [31mstep: 1513  [32mloss:  2.7812  [38;2;180;60;0mgrad_norm:  1.7124  [38;2;54;234;195mmemory: 22.44GiB(28.24%)  [34mtps: 134  [36mtflops: 6.45  [35mmfu: 0.65%[39m
[rank0]:[titan] 2026-03-17 17:05:17,582 - root - INFO - [31mstep: 1514  [32mloss:  2.7656  [38;2;180;60;0mgrad_norm:  1.2105  [38;2;54;234;195mmemory: 22.44GiB(28.24%)  [34mtps: 149  [36mtflops: 7.17  [35mmfu: 0.73%[39m
[rank0]:[titan] 2026-03-17 17:05:33,176 - root - INFO - [31mstep: 1515  [32mloss:  2.7500  [38;2;180;60;0mgrad_norm:  1.5275  [38;2;54;234;195mmemory: 22.44GiB(28.24%)  [34mtps: 131  [36mtflops: 6.34  [35mmfu: 0.64%[39m
[rank0]:[titan] 2026-03-17 17:05:48,652 - root - INFO - [31mstep: 1516  [32mloss:  2.7344  [38;2;180;60;0mgrad_norm:  1.2117  [38;2;54;234;195mmemory: 22.44GiB(28.24%)  [34mtps: 132  [36mtflops: 6.39  [35mmfu: 0.65%[39m
[rank0]:[titan] 2026-03-17 17:06:03,621 - root - INFO - [31mstep: 1517  [32mloss:  2.7188  [38;2;180;60;0mgrad_norm:  1.5467  [38;2;54;234;195mmemory: 22.44GiB(28.24%)  [34mtps: 137  [36mtflops: 6.60  [35mmfu: 0.67%[39m
[rank0]:[titan] 2026-03-17 17:06:18,716 - root - INFO - [31mstep: 1518  [32mloss:  2.7500  [38;2;180;60;0mgrad_norm:  1.1362  [38;2;54;234;195mmemory: 22.44GiB(28.24%)  [34mtps: 136  [36mtflops: 6.55  [35mmfu: 0.66%[39m
[rank0]:[titan] 2026-03-17 17:06:33,568 - root - INFO - [31mstep: 1519  [32mloss:  2.6875  [38;2;180;60;0mgrad_norm:  1.1859  [38;2;54;234;195mmemory: 22.44GiB(28.24%)  [34mtps: 138  [36mtflops: 6.65  [35mmfu: 0.67%[39m
[rank0]:[titan] 2026-03-17 17:06:48,682 - root - INFO - [31mstep: 1520  [32mloss:  2.7188  [38;2;180;60;0mgrad_norm:  1.1634  [38;2;54;234;195mmemory: 22.44GiB(28.24%)  [34mtps: 136  [36mtflops: 6.54  [35mmfu: 0.66%[39m
[rank0]:[titan] 2026-03-17 17:07:03,698 - root - INFO - [31mstep: 1521  [32mloss:  2.6875  [38;2;180;60;0mgrad_norm:  1.5286  [38;2;54;234;195mmemory: 22.44GiB(28.24%)  [34mtps: 136  [36mtflops: 6.58  [35mmfu: 0.67%[39m
[rank0]:[titan] 2026-03-17 17:07:19,017 - root - INFO - [31mstep: 1522  [32mloss:  2.7031  [38;2;180;60;0mgrad_norm:  1.3082  [38;2;54;234;195mmemory: 22.44GiB(28.24%)  [34mtps: 134  [36mtflops: 6.45  [35mmfu: 0.65%[39m
[rank0]:[titan] 2026-03-17 17:07:34,260 - root - INFO - [31mstep: 1523  [32mloss:  2.7344  [38;2;180;60;0mgrad_norm:  1.1444  [38;2;54;234;195mmemory: 22.44GiB(28.24%)  [34mtps: 134  [36mtflops: 6.48  [35mmfu: 0.66%[39m
[rank0]:[titan] 2026-03-17 17:07:49,266 - root - INFO - [31mstep: 1524  [32mloss:  2.7031  [38;2;180;60;0mgrad_norm:  1.3130  [38;2;54;234;195mmemory: 22.44GiB(28.24%)  [34mtps: 137  [36mtflops: 6.59  [35mmfu: 0.67%[39m
[rank0]:[titan] 2026-03-17 17:08:04,182 - root - INFO - [31mstep: 1525  [32mloss:  2.7031  [38;2;180;60;0mgrad_norm:  1.4951  [38;2;54;234;195mmemory: 22.44GiB(28.24%)  [34mtps: 137  [36mtflops: 6.63  [35mmfu: 0.67%[39m
[rank0]:[titan] 2026-03-17 17:08:19,525 - root - INFO - [31mstep: 1526  [32mloss:  2.7188  [38;2;180;60;0mgrad_norm:  1.6269  [38;2;54;234;195mmemory: 22.44GiB(28.24%)  [34mtps: 133  [36mtflops: 6.44  [35mmfu: 0.65%[39m
[rank0]:[titan] 2026-03-17 17:08:34,974 - root - INFO - [31mstep: 1527  [32mloss:  2.7344  [38;2;180;60;0mgrad_norm:  1.4805  [38;2;54;234;195mmemory: 22.44GiB(28.24%)  [34mtps: 133  [36mtflops: 6.40  [35mmfu: 0.65%[39m
[rank0]:[titan] 2026-03-17 17:08:50,234 - root - INFO - [31mstep: 1528  [32mloss:  2.7031  [38;2;180;60;0mgrad_norm:  1.4349  [38;2;54;234;195mmemory: 22.44GiB(28.24%)  [34mtps: 134  [36mtflops: 6.48  [35mmfu: 0.65%[39m
[rank0]:[titan] 2026-03-17 17:09:05,330 - root - INFO - [31mstep: 1529  [32mloss:  2.7188  [38;2;180;60;0mgrad_norm:  1.1530  [38;2;54;234;195mmemory: 22.44GiB(28.24%)  [34mtps: 136  [36mtflops: 6.55  [35mmfu: 0.66%[39m
[rank0]:[titan] 2026-03-17 17:09:20,384 - root - INFO - [31mstep: 1530  [32mloss:  2.7500  [38;2;180;60;0mgrad_norm:  1.1156  [38;2;54;234;195mmemory: 22.44GiB(28.24%)  [34mtps: 136  [36mtflops: 6.56  [35mmfu: 0.66%[39m
[rank0]:[titan] 2026-03-17 17:09:35,383 - root - INFO - [31mstep: 1531  [32mloss:  2.6875  [38;2;180;60;0mgrad_norm:  1.2506  [38;2;54;234;195mmemory: 22.44GiB(28.24%)  [34mtps: 137  [36mtflops: 6.59  [35mmfu: 0.67%[39m
[rank0]:[titan] 2026-03-17 17:09:50,485 - root - INFO - [31mstep: 1532  [32mloss:  2.6875  [38;2;180;60;0mgrad_norm:  0.9008  [38;2;54;234;195mmemory: 22.44GiB(28.24%)  [34mtps: 136  [36mtflops: 6.54  [35mmfu: 0.66%[39m
[rank0]:[titan] 2026-03-17 17:10:05,210 - root - INFO - [31mstep: 1533  [32mloss:  2.6875  [38;2;180;60;0mgrad_norm:  1.2785  [38;2;54;234;195mmemory: 22.44GiB(28.24%)  [34mtps: 139  [36mtflops: 6.71  [35mmfu: 0.68%[39m
[rank0]:[titan] 2026-03-17 17:10:20,094 - root - INFO - [31mstep: 1534  [32mloss:  2.7656  [38;2;180;60;0mgrad_norm:  1.0655  [38;2;54;234;195mmemory: 22.44GiB(28.24%)  [34mtps: 138  [36mtflops: 6.64  [35mmfu: 0.67%[39m
[rank0]:[titan] 2026-03-17 17:10:35,409 - root - INFO - [31mstep: 1535  [32mloss:  2.7812  [38;2;180;60;0mgrad_norm:  1.1655  [38;2;54;234;195mmemory: 22.44GiB(28.24%)  [34mtps: 134  [36mtflops: 6.45  [35mmfu: 0.65%[39m
[rank0]:[titan] 2026-03-17 17:10:50,644 - root - INFO - [31mstep: 1536  [32mloss:  2.7500  [38;2;180;60;0mgrad_norm:  1.7791  [38;2;54;234;195mmemory: 22.44GiB(28.24%)  [34mtps: 134  [36mtflops: 6.49  [35mmfu: 0.66%[39m
[rank0]:[titan] 2026-03-17 17:11:05,961 - root - INFO - [31mstep: 1537  [32mloss:  2.7344  [38;2;180;60;0mgrad_norm:  1.5930  [38;2;54;234;195mmemory: 22.44GiB(28.24%)  [34mtps: 134  [36mtflops: 6.45  [35mmfu: 0.65%[39m
[rank0]:[titan] 2026-03-17 17:11:20,959 - root - INFO - [31mstep: 1538  [32mloss:  2.7500  [38;2;180;60;0mgrad_norm:  1.3093  [38;2;54;234;195mmemory: 22.44GiB(28.24%)  [34mtps: 137  [36mtflops: 6.59  [35mmfu: 0.67%[39m
[rank0]:[titan] 2026-03-17 17:11:36,013 - root - INFO - [31mstep: 1539  [32mloss:  2.8125  [38;2;180;60;0mgrad_norm:  1.9079  [38;2;54;234;195mmemory: 22.44GiB(28.24%)  [34mtps: 136  [36mtflops: 6.56  [35mmfu: 0.66%[39m
[rank0]:[titan] 2026-03-17 17:11:51,257 - root - INFO - [31mstep: 1540  [32mloss:  2.7656  [38;2;180;60;0mgrad_norm:  1.5000  [38;2;54;234;195mmemory: 22.44GiB(28.24%)  [34mtps: 134  [36mtflops: 6.48  [35mmfu: 0.66%[39m
[rank0]:[titan] 2026-03-17 17:12:06,350 - root - INFO - [31mstep: 1541  [32mloss:  2.7500  [38;2;180;60;0mgrad_norm:  1.4229  [38;2;54;234;195mmemory: 22.44GiB(28.24%)  [34mtps: 136  [36mtflops: 6.55  [35mmfu: 0.66%[39m
[rank0]:[titan] 2026-03-17 17:12:21,348 - root - INFO - [31mstep: 1542  [32mloss:  2.7812  [38;2;180;60;0mgrad_norm:  1.3234  [38;2;54;234;195mmemory: 22.44GiB(28.24%)  [34mtps: 137  [36mtflops: 6.59  [35mmfu: 0.67%[39m
[rank0]:[titan] 2026-03-17 17:12:35,272 - root - INFO - [31mstep: 1543  [32mloss:  2.7812  [38;2;180;60;0mgrad_norm:  1.2948  [38;2;54;234;195mmemory: 22.44GiB(28.24%)  [34mtps: 147  [36mtflops: 7.10  [35mmfu: 0.72%[39m
[rank0]:[titan] 2026-03-17 17:12:51,665 - root - INFO - [31mstep: 1544  [32mloss:  2.7656  [38;2;180;60;0mgrad_norm:  1.4294  [38;2;54;234;195mmemory: 22.44GiB(28.24%)  [34mtps: 125  [36mtflops: 6.03  [35mmfu: 0.61%[39m
[rank0]:[titan] 2026-03-17 17:13:07,744 - root - INFO - [31mstep: 1545  [32mloss:  2.7500  [38;2;180;60;0mgrad_norm:  1.1233  [38;2;54;234;195mmemory: 22.44GiB(28.24%)  [34mtps: 127  [36mtflops: 6.15  [35mmfu: 0.62%[39m
[rank0]:[titan] 2026-03-17 17:13:22,892 - root - INFO - [31mstep: 1546  [32mloss:  2.7344  [38;2;180;60;0mgrad_norm:  1.3252  [38;2;54;234;195mmemory: 22.44GiB(28.24%)  [34mtps: 135  [36mtflops: 6.52  [35mmfu: 0.66%[39m
[rank0]:[titan] 2026-03-17 17:13:37,879 - root - INFO - [31mstep: 1547  [32mloss:  2.7500  [38;2;180;60;0mgrad_norm:  1.4519  [38;2;54;234;195mmemory: 22.44GiB(28.24%)  [34mtps: 137  [36mtflops: 6.59  [35mmfu: 0.67%[39m
[rank0]:[titan] 2026-03-17 17:13:53,440 - root - INFO - [31mstep: 1548  [32mloss:  2.7969  [38;2;180;60;0mgrad_norm:  1.2094  [38;2;54;234;195mmemory: 22.44GiB(28.24%)  [34mtps: 132  [36mtflops: 6.35  [35mmfu: 0.64%[39m
[rank0]:[titan] 2026-03-17 17:14:08,621 - root - INFO - [31mstep: 1549  [32mloss:  2.7969  [38;2;180;60;0mgrad_norm:  1.5336  [38;2;54;234;195mmemory: 22.44GiB(28.24%)  [34mtps: 135  [36mtflops: 6.51  [35mmfu: 0.66%[39m
[rank0]:[titan] 2026-03-17 17:14:24,065 - root - INFO - [31mstep: 1550  [32mloss:  2.7812  [38;2;180;60;0mgrad_norm:  1.2654  [38;2;54;234;195mmemory: 22.44GiB(28.24%)  [34mtps: 133  [36mtflops: 6.40  [35mmfu: 0.65%[39m
[rank0]:[titan] 2026-03-17 17:14:38,854 - root - INFO - [31mstep: 1551  [32mloss:  2.9531  [38;2;180;60;0mgrad_norm:  1.4820  [38;2;54;234;195mmemory: 22.44GiB(28.24%)  [34mtps: 138  [36mtflops: 6.68  [35mmfu: 0.68%[39m
[rank0]:[titan] 2026-03-17 17:14:54,475 - root - INFO - [31mstep: 1552  [32mloss:  2.9062  [38;2;180;60;0mgrad_norm:  1.5158  [38;2;54;234;195mmemory: 22.44GiB(28.24%)  [34mtps: 131  [36mtflops: 6.33  [35mmfu: 0.64%[39m
[rank0]:[titan] 2026-03-17 17:15:09,556 - root - INFO - [31mstep: 1553  [32mloss:  2.7344  [38;2;180;60;0mgrad_norm:  1.5129  [38;2;54;234;195mmemory: 22.44GiB(28.24%)  [34mtps: 136  [36mtflops: 6.55  [35mmfu: 0.66%[39m
[rank0]:[titan] 2026-03-17 17:15:24,869 - root - INFO - [31mstep: 1554  [32mloss:  2.7500  [38;2;180;60;0mgrad_norm:  1.2699  [38;2;54;234;195mmemory: 22.44GiB(28.24%)  [34mtps: 134  [36mtflops: 6.45  [35mmfu: 0.65%[39m
[rank0]:[titan] 2026-03-17 17:15:40,308 - root - INFO - [31mstep: 1555  [32mloss:  2.7656  [38;2;180;60;0mgrad_norm:  2.1346  [38;2;54;234;195mmemory: 22.44GiB(28.24%)  [34mtps: 133  [36mtflops: 6.40  [35mmfu: 0.65%[39m
[rank0]:[titan] 2026-03-17 17:15:55,268 - root - INFO - [31mstep: 1556  [32mloss:  2.8750  [38;2;180;60;0mgrad_norm:  2.2019  [38;2;54;234;195mmemory: 22.44GiB(28.24%)  [34mtps: 137  [36mtflops: 6.61  [35mmfu: 0.67%[39m
[rank0]:[titan] 2026-03-17 17:16:10,332 - root - INFO - [31mstep: 1557  [32mloss:  2.7500  [38;2;180;60;0mgrad_norm:  1.4007  [38;2;54;234;195mmemory: 22.44GiB(28.24%)  [34mtps: 136  [36mtflops: 6.56  [35mmfu: 0.66%[39m
[rank0]:[titan] 2026-03-17 17:16:25,524 - root - INFO - [31mstep: 1558  [32mloss:  2.7344  [38;2;180;60;0mgrad_norm:  1.2465  [38;2;54;234;195mmemory: 22.44GiB(28.24%)  [34mtps: 135  [36mtflops: 6.50  [35mmfu: 0.66%[39m
[rank0]:[titan] 2026-03-17 17:16:40,779 - root - INFO - [31mstep: 1559  [32mloss:  2.7656  [38;2;180;60;0mgrad_norm:  1.8654  [38;2;54;234;195mmemory: 22.44GiB(28.24%)  [34mtps: 134  [36mtflops: 6.48  [35mmfu: 0.65%[39m
[rank0]:[titan] 2026-03-17 17:16:55,998 - root - INFO - [31mstep: 1560  [32mloss:  2.7656  [38;2;180;60;0mgrad_norm:  1.9750  [38;2;54;234;195mmemory: 22.44GiB(28.24%)  [34mtps: 135  [36mtflops: 6.49  [35mmfu: 0.66%[39m
[rank0]:[titan] 2026-03-17 17:17:11,455 - root - INFO - [31mstep: 1561  [32mloss:  2.8125  [38;2;180;60;0mgrad_norm:  2.0113  [38;2;54;234;195mmemory: 22.44GiB(28.24%)  [34mtps: 133  [36mtflops: 6.39  [35mmfu: 0.65%[39m
[rank0]:[titan] 2026-03-17 17:17:25,914 - root - INFO - [31mstep: 1562  [32mloss:  2.6875  [38;2;180;60;0mgrad_norm:  1.6984  [38;2;54;234;195mmemory: 22.44GiB(28.24%)  [34mtps: 142  [36mtflops: 6.83  [35mmfu: 0.69%[39m
[rank0]:[titan] 2026-03-17 17:17:41,717 - root - INFO - [31mstep: 1563  [32mloss:  2.7031  [38;2;180;60;0mgrad_norm:  1.5332  [38;2;54;234;195mmemory: 22.44GiB(28.24%)  [34mtps: 130  [36mtflops: 6.25  [35mmfu: 0.63%[39m
[rank0]:[titan] 2026-03-17 17:17:57,172 - root - INFO - [31mstep: 1564  [32mloss:  2.7656  [38;2;180;60;0mgrad_norm:  1.9302  [38;2;54;234;195mmemory: 22.44GiB(28.24%)  [34mtps: 133  [36mtflops: 6.39  [35mmfu: 0.65%[39m
[rank0]:[titan] 2026-03-17 17:18:12,440 - root - INFO - [31mstep: 1565  [32mloss:  2.7656  [38;2;180;60;0mgrad_norm:  1.5471  [38;2;54;234;195mmemory: 22.44GiB(28.24%)  [34mtps: 134  [36mtflops: 6.47  [35mmfu: 0.65%[39m
[rank0]:[titan] 2026-03-17 17:18:27,541 - root - INFO - [31mstep: 1566  [32mloss:  2.7969  [38;2;180;60;0mgrad_norm:  1.3419  [38;2;54;234;195mmemory: 22.44GiB(28.24%)  [34mtps: 136  [36mtflops: 6.54  [35mmfu: 0.66%[39m
[rank0]:[titan] 2026-03-17 17:18:42,259 - root - INFO - [31mstep: 1567  [32mloss:  2.7500  [38;2;180;60;0mgrad_norm:  1.8390  [38;2;54;234;195mmemory: 22.44GiB(28.24%)  [34mtps: 139  [36mtflops: 6.71  [35mmfu: 0.68%[39m
[rank0]:[titan] 2026-03-17 17:18:57,406 - root - INFO - [31mstep: 1568  [32mloss:  2.7500  [38;2;180;60;0mgrad_norm:  1.7608  [38;2;54;234;195mmemory: 22.44GiB(28.24%)  [34mtps: 135  [36mtflops: 6.52  [35mmfu: 0.66%[39m
[rank0]:[titan] 2026-03-17 17:19:12,717 - root - INFO - [31mstep: 1569  [32mloss:  2.7500  [38;2;180;60;0mgrad_norm:  1.3666  [38;2;54;234;195mmemory: 22.44GiB(28.24%)  [34mtps: 134  [36mtflops: 6.45  [35mmfu: 0.65%[39m
[rank0]:[titan] 2026-03-17 17:19:27,786 - root - INFO - [31mstep: 1570  [32mloss:  2.7188  [38;2;180;60;0mgrad_norm:  1.3272  [38;2;54;234;195mmemory: 22.44GiB(28.24%)  [34mtps: 136  [36mtflops: 6.56  [35mmfu: 0.66%[39m
[rank0]:[titan] 2026-03-17 17:19:42,796 - root - INFO - [31mstep: 1571  [32mloss:  2.7344  [38;2;180;60;0mgrad_norm:  1.6605  [38;2;54;234;195mmemory: 22.44GiB(28.24%)  [34mtps: 136  [36mtflops: 6.58  [35mmfu: 0.67%[39m
[rank0]:[titan] 2026-03-17 17:19:57,867 - root - INFO - [31mstep: 1572  [32mloss:  2.7500  [38;2;180;60;0mgrad_norm:  1.6426  [38;2;54;234;195mmemory: 22.44GiB(28.24%)  [34mtps: 136  [36mtflops: 6.56  [35mmfu: 0.66%[39m
[rank0]:[titan] 2026-03-17 17:20:13,023 - root - INFO - [31mstep: 1573  [32mloss:  2.7656  [38;2;180;60;0mgrad_norm:  1.7866  [38;2;54;234;195mmemory: 22.44GiB(28.24%)  [34mtps: 135  [36mtflops: 6.52  [35mmfu: 0.66%[39m
[rank0]:[titan] 2026-03-17 17:20:28,249 - root - INFO - [31mstep: 1574  [32mloss:  2.7500  [38;2;180;60;0mgrad_norm:  1.3813  [38;2;54;234;195mmemory: 22.44GiB(28.24%)  [34mtps: 135  [36mtflops: 6.49  [35mmfu: 0.66%[39m
[rank0]:[titan] 2026-03-17 17:20:43,686 - root - INFO - [31mstep: 1575  [32mloss:  2.8125  [38;2;180;60;0mgrad_norm:  1.6261  [38;2;54;234;195mmemory: 22.44GiB(28.24%)  [34mtps: 133  [36mtflops: 6.40  [35mmfu: 0.65%[39m
[rank0]:[titan] 2026-03-17 17:20:58,927 - root - INFO - [31mstep: 1576  [32mloss:  2.7344  [38;2;180;60;0mgrad_norm:  1.5386  [38;2;54;234;195mmemory: 22.44GiB(28.24%)  [34mtps: 134  [36mtflops: 6.48  [35mmfu: 0.66%[39m
[rank0]:[titan] 2026-03-17 17:21:13,788 - root - INFO - [31mstep: 1577  [32mloss:  2.7656  [38;2;180;60;0mgrad_norm:  1.1416  [38;2;54;234;195mmemory: 22.44GiB(28.24%)  [34mtps: 138  [36mtflops: 6.65  [35mmfu: 0.67%[39m
[rank0]:[titan] 2026-03-17 17:21:29,101 - root - INFO - [31mstep: 1578  [32mloss:  2.7656  [38;2;180;60;0mgrad_norm:  1.3285  [38;2;54;234;195mmemory: 22.44GiB(28.24%)  [34mtps: 134  [36mtflops: 6.45  [35mmfu: 0.65%[39m
[rank0]:[titan] 2026-03-17 17:21:44,336 - root - INFO - [31mstep: 1579  [32mloss:  2.7188  [38;2;180;60;0mgrad_norm:  0.9292  [38;2;54;234;195mmemory: 22.44GiB(28.24%)  [34mtps: 134  [36mtflops: 6.49  [35mmfu: 0.66%[39m
[rank0]:[titan] 2026-03-17 17:21:59,286 - root - INFO - [31mstep: 1580  [32mloss:  2.7031  [38;2;180;60;0mgrad_norm:  1.4574  [38;2;54;234;195mmemory: 22.44GiB(28.24%)  [34mtps: 137  [36mtflops: 6.61  [35mmfu: 0.67%[39m
[rank0]:[titan] 2026-03-17 17:22:14,384 - root - INFO - [31mstep: 1581  [32mloss:  2.7344  [38;2;180;60;0mgrad_norm:  1.0200  [38;2;54;234;195mmemory: 22.44GiB(28.24%)  [34mtps: 136  [36mtflops: 6.55  [35mmfu: 0.66%[39m
[rank0]:[titan] 2026-03-17 17:22:29,437 - root - INFO - [31mstep: 1582  [32mloss:  2.7188  [38;2;180;60;0mgrad_norm:  1.0408  [38;2;54;234;195mmemory: 22.44GiB(28.24%)  [34mtps: 136  [36mtflops: 6.56  [35mmfu: 0.66%[39m
[rank0]:[titan] 2026-03-17 17:22:44,373 - root - INFO - [31mstep: 1583  [32mloss:  2.7188  [38;2;180;60;0mgrad_norm:  1.2982  [38;2;54;234;195mmemory: 22.44GiB(28.24%)  [34mtps: 137  [36mtflops: 6.62  [35mmfu: 0.67%[39m
[rank0]:[titan] 2026-03-17 17:22:59,309 - root - INFO - [31mstep: 1584  [32mloss:  2.7656  [38;2;180;60;0mgrad_norm:  0.9304  [38;2;54;234;195mmemory: 22.44GiB(28.24%)  [34mtps: 137  [36mtflops: 6.62  [35mmfu: 0.67%[39m
[rank0]:[titan] 2026-03-17 17:23:14,507 - root - INFO - [31mstep: 1585  [32mloss:  2.7656  [38;2;180;60;0mgrad_norm:  1.1364  [38;2;54;234;195mmemory: 22.44GiB(28.24%)  [34mtps: 135  [36mtflops: 6.50  [35mmfu: 0.66%[39m
[rank0]:[titan] 2026-03-17 17:23:29,822 - root - INFO - [31mstep: 1586  [32mloss:  2.7344  [38;2;180;60;0mgrad_norm:  1.2285  [38;2;54;234;195mmemory: 22.44GiB(28.24%)  [34mtps: 134  [36mtflops: 6.45  [35mmfu: 0.65%[39m
[rank0]:[titan] 2026-03-17 17:23:44,825 - root - INFO - [31mstep: 1587  [32mloss:  2.7344  [38;2;180;60;0mgrad_norm:  0.9660  [38;2;54;234;195mmemory: 22.44GiB(28.24%)  [34mtps: 137  [36mtflops: 6.59  [35mmfu: 0.67%[39m
[rank0]:[titan] 2026-03-17 17:24:00,116 - root - INFO - [31mstep: 1588  [32mloss:  2.8281  [38;2;180;60;0mgrad_norm:  1.2209  [38;2;54;234;195mmemory: 22.44GiB(28.24%)  [34mtps: 134  [36mtflops: 6.46  [35mmfu: 0.65%[39m
[rank0]:[titan] 2026-03-17 17:24:15,091 - root - INFO - [31mstep: 1589  [32mloss:  2.7344  [38;2;180;60;0mgrad_norm:  1.6049  [38;2;54;234;195mmemory: 22.44GiB(28.24%)  [34mtps: 137  [36mtflops: 6.60  [35mmfu: 0.67%[39m
[rank0]:[titan] 2026-03-17 17:24:30,071 - root - INFO - [31mstep: 1590  [32mloss:  2.7656  [38;2;180;60;0mgrad_norm:  1.4915  [38;2;54;234;195mmemory: 22.44GiB(28.24%)  [34mtps: 137  [36mtflops: 6.60  [35mmfu: 0.67%[39m
[rank0]:[titan] 2026-03-17 17:24:45,192 - root - INFO - [31mstep: 1591  [32mloss:  2.8281  [38;2;180;60;0mgrad_norm:  1.4689  [38;2;54;234;195mmemory: 22.44GiB(28.24%)  [34mtps: 135  [36mtflops: 6.54  [35mmfu: 0.66%[39m
[rank0]:[titan] 2026-03-17 17:25:00,187 - root - INFO - [31mstep: 1592  [32mloss:  2.8438  [38;2;180;60;0mgrad_norm:  1.5937  [38;2;54;234;195mmemory: 22.44GiB(28.24%)  [34mtps: 137  [36mtflops: 6.59  [35mmfu: 0.67%[39m
[rank0]:[titan] 2026-03-17 17:25:15,315 - root - INFO - [31mstep: 1593  [32mloss:  2.7812  [38;2;180;60;0mgrad_norm:  1.6269  [38;2;54;234;195mmemory: 22.44GiB(28.24%)  [34mtps: 135  [36mtflops: 6.53  [35mmfu: 0.66%[39m
[rank0]:[titan] 2026-03-17 17:25:30,491 - root - INFO - [31mstep: 1594  [32mloss:  2.7500  [38;2;180;60;0mgrad_norm:  1.4920  [38;2;54;234;195mmemory: 22.44GiB(28.24%)  [34mtps: 135  [36mtflops: 6.51  [35mmfu: 0.66%[39m
[rank0]:[titan] 2026-03-17 17:25:46,034 - root - INFO - [31mstep: 1595  [32mloss:  2.8281  [38;2;180;60;0mgrad_norm:  1.5712  [38;2;54;234;195mmemory: 22.44GiB(28.24%)  [34mtps: 132  [36mtflops: 6.36  [35mmfu: 0.64%[39m
[rank0]:[titan] 2026-03-17 17:26:01,432 - root - INFO - [31mstep: 1596  [32mloss:  2.7500  [38;2;180;60;0mgrad_norm:  1.8328  [38;2;54;234;195mmemory: 22.44GiB(28.24%)  [34mtps: 133  [36mtflops: 6.42  [35mmfu: 0.65%[39m
[rank0]:[titan] 2026-03-17 17:26:16,371 - root - INFO - [31mstep: 1597  [32mloss:  2.7500  [38;2;180;60;0mgrad_norm:  1.4710  [38;2;54;234;195mmemory: 22.44GiB(28.24%)  [34mtps: 137  [36mtflops: 6.61  [35mmfu: 0.67%[39m
[rank0]:[titan] 2026-03-17 17:26:31,207 - root - INFO - [31mstep: 1598  [32mloss:  2.7188  [38;2;180;60;0mgrad_norm:  1.2871  [38;2;54;234;195mmemory: 22.44GiB(28.24%)  [34mtps: 138  [36mtflops: 6.66  [35mmfu: 0.67%[39m
[rank0]:[titan] 2026-03-17 17:26:46,228 - root - INFO - [31mstep: 1599  [32mloss:  2.7031  [38;2;180;60;0mgrad_norm:  0.9855  [38;2;54;234;195mmemory: 22.44GiB(28.24%)  [34mtps: 136  [36mtflops: 6.58  [35mmfu: 0.67%[39m
[rank0]:[titan] 2026-03-17 17:27:01,221 - root - INFO - [31mstep: 1600  [32mloss:  2.7188  [38;2;180;60;0mgrad_norm:  1.3042  [38;2;54;234;195mmemory: 22.44GiB(28.24%)  [34mtps: 137  [36mtflops: 6.59  [35mmfu: 0.67%[39m
[rank0]:[titan] 2026-03-17 17:27:16,271 - root - INFO - [31mstep: 1601  [32mloss:  2.7656  [38;2;180;60;0mgrad_norm:  1.3687  [38;2;54;234;195mmemory: 22.44GiB(28.24%)  [34mtps: 136  [36mtflops: 6.57  [35mmfu: 0.66%[39m
[rank0]:[titan] 2026-03-17 17:27:31,372 - root - INFO - [31mstep: 1602  [32mloss:  2.7188  [38;2;180;60;0mgrad_norm:  1.2112  [38;2;54;234;195mmemory: 22.44GiB(28.24%)  [34mtps: 136  [36mtflops: 6.54  [35mmfu: 0.66%[39m
[rank0]:[titan] 2026-03-17 17:27:46,323 - root - INFO - [31mstep: 1603  [32mloss:  2.7344  [38;2;180;60;0mgrad_norm:  1.6509  [38;2;54;234;195mmemory: 22.44GiB(28.24%)  [34mtps: 137  [36mtflops: 6.61  [35mmfu: 0.67%[39m
[rank0]:[titan] 2026-03-17 17:28:01,265 - root - INFO - [31mstep: 1604  [32mloss:  2.7500  [38;2;180;60;0mgrad_norm:  1.0546  [38;2;54;234;195mmemory: 22.44GiB(28.24%)  [34mtps: 137  [36mtflops: 6.61  [35mmfu: 0.67%[39m
[rank0]:[titan] 2026-03-17 17:28:16,247 - root - INFO - [31mstep: 1605  [32mloss:  2.7969  [38;2;180;60;0mgrad_norm:  1.5097  [38;2;54;234;195mmemory: 22.44GiB(28.24%)  [34mtps: 137  [36mtflops: 6.60  [35mmfu: 0.67%[39m
[rank0]:[titan] 2026-03-17 17:28:31,600 - root - INFO - [31mstep: 1606  [32mloss:  2.7500  [38;2;180;60;0mgrad_norm:  1.4912  [38;2;54;234;195mmemory: 22.44GiB(28.24%)  [34mtps: 133  [36mtflops: 6.44  [35mmfu: 0.65%[39m
[rank0]:[titan] 2026-03-17 17:28:46,769 - root - INFO - [31mstep: 1607  [32mloss:  2.7656  [38;2;180;60;0mgrad_norm:  1.0078  [38;2;54;234;195mmemory: 22.44GiB(28.24%)  [34mtps: 135  [36mtflops: 6.51  [35mmfu: 0.66%[39m
[rank0]:[titan] 2026-03-17 17:29:02,113 - root - INFO - [31mstep: 1608  [32mloss:  2.7188  [38;2;180;60;0mgrad_norm:  1.1902  [38;2;54;234;195mmemory: 22.44GiB(28.24%)  [34mtps: 133  [36mtflops: 6.44  [35mmfu: 0.65%[39m
[rank0]:[titan] 2026-03-17 17:29:17,148 - root - INFO - [31mstep: 1609  [32mloss:  2.7344  [38;2;180;60;0mgrad_norm:  1.2234  [38;2;54;234;195mmemory: 22.44GiB(28.24%)  [34mtps: 136  [36mtflops: 6.57  [35mmfu: 0.66%[39m
[rank0]:[titan] 2026-03-17 17:29:32,651 - root - INFO - [31mstep: 1610  [32mloss:  2.7188  [38;2;180;60;0mgrad_norm:  0.9915  [38;2;54;234;195mmemory: 22.44GiB(28.24%)  [34mtps: 132  [36mtflops: 6.37  [35mmfu: 0.64%[39m
[rank0]:[titan] 2026-03-17 17:29:47,824 - root - INFO - [31mstep: 1611  [32mloss:  2.7344  [38;2;180;60;0mgrad_norm:  0.6586  [38;2;54;234;195mmemory: 22.44GiB(28.24%)  [34mtps: 135  [36mtflops: 6.51  [35mmfu: 0.66%[39m
[rank0]:[titan] 2026-03-17 17:30:03,282 - root - INFO - [31mstep: 1612  [32mloss:  2.7031  [38;2;180;60;0mgrad_norm:  1.4579  [38;2;54;234;195mmemory: 22.44GiB(28.24%)  [34mtps: 132  [36mtflops: 6.39  [35mmfu: 0.65%[39m
[rank0]:[titan] 2026-03-17 17:30:18,683 - root - INFO - [31mstep: 1613  [32mloss:  2.7188  [38;2;180;60;0mgrad_norm:  1.9983  [38;2;54;234;195mmemory: 22.44GiB(28.24%)  [34mtps: 133  [36mtflops: 6.42  [35mmfu: 0.65%[39m
[rank0]:[titan] 2026-03-17 17:30:34,222 - root - INFO - [31mstep: 1614  [32mloss:  2.6719  [38;2;180;60;0mgrad_norm:  1.7830  [38;2;54;234;195mmemory: 22.44GiB(28.24%)  [34mtps: 132  [36mtflops: 6.36  [35mmfu: 0.64%[39m
[rank0]:[titan] 2026-03-17 17:30:49,683 - root - INFO - [31mstep: 1615  [32mloss:  2.7344  [38;2;180;60;0mgrad_norm:  0.9053  [38;2;54;234;195mmemory: 22.44GiB(28.24%)  [34mtps: 132  [36mtflops: 6.39  [35mmfu: 0.65%[39m
[rank0]:[titan] 2026-03-17 17:31:05,257 - root - INFO - [31mstep: 1616  [32mloss:  2.7344  [38;2;180;60;0mgrad_norm:  1.4262  [38;2;54;234;195mmemory: 22.44GiB(28.24%)  [34mtps: 132  [36mtflops: 6.35  [35mmfu: 0.64%[39m
[rank0]:[titan] 2026-03-17 17:31:20,181 - root - INFO - [31mstep: 1617  [32mloss:  2.7812  [38;2;180;60;0mgrad_norm:  0.6276  [38;2;54;234;195mmemory: 22.44GiB(28.24%)  [34mtps: 137  [36mtflops: 6.62  [35mmfu: 0.67%[39m
[rank0]:[titan] 2026-03-17 17:31:35,184 - root - INFO - [31mstep: 1618  [32mloss:  2.7656  [38;2;180;60;0mgrad_norm:  1.3329  [38;2;54;234;195mmemory: 22.44GiB(28.24%)  [34mtps: 137  [36mtflops: 6.59  [35mmfu: 0.67%[39m
[rank0]:[titan] 2026-03-17 17:31:50,363 - root - INFO - [31mstep: 1619  [32mloss:  2.7344  [38;2;180;60;0mgrad_norm:  1.1471  [38;2;54;234;195mmemory: 22.44GiB(28.24%)  [34mtps: 135  [36mtflops: 6.51  [35mmfu: 0.66%[39m
[rank0]:[titan] 2026-03-17 17:32:05,556 - root - INFO - [31mstep: 1620  [32mloss:  2.6875  [38;2;180;60;0mgrad_norm:  1.2480  [38;2;54;234;195mmemory: 22.44GiB(28.24%)  [34mtps: 135  [36mtflops: 6.50  [35mmfu: 0.66%[39m
[rank0]:[titan] 2026-03-17 17:32:20,570 - root - INFO - [31mstep: 1621  [32mloss:  2.7969  [38;2;180;60;0mgrad_norm:  1.3796  [38;2;54;234;195mmemory: 22.44GiB(28.24%)  [34mtps: 136  [36mtflops: 6.58  [35mmfu: 0.67%[39m
[rank0]:[titan] 2026-03-17 17:32:35,695 - root - INFO - [31mstep: 1622  [32mloss:  2.7344  [38;2;180;60;0mgrad_norm:  1.1096  [38;2;54;234;195mmemory: 22.44GiB(28.24%)  [34mtps: 135  [36mtflops: 6.53  [35mmfu: 0.66%[39m
[rank0]:[titan] 2026-03-17 17:32:50,937 - root - INFO - [31mstep: 1623  [32mloss:  2.6875  [38;2;180;60;0mgrad_norm:  1.1668  [38;2;54;234;195mmemory: 22.44GiB(28.24%)  [34mtps: 134  [36mtflops: 6.48  [35mmfu: 0.66%[39m
[rank0]:[titan] 2026-03-17 17:33:05,918 - root - INFO - [31mstep: 1624  [32mloss:  2.7031  [38;2;180;60;0mgrad_norm:  1.8366  [38;2;54;234;195mmemory: 22.44GiB(28.24%)  [34mtps: 137  [36mtflops: 6.60  [35mmfu: 0.67%[39m
[rank0]:[titan] 2026-03-17 17:33:20,943 - root - INFO - [31mstep: 1625  [32mloss:  2.8125  [38;2;180;60;0mgrad_norm:  2.0369  [38;2;54;234;195mmemory: 22.44GiB(28.24%)  [34mtps: 136  [36mtflops: 6.58  [35mmfu: 0.66%[39m
[rank0]:[titan] 2026-03-17 17:33:35,969 - root - INFO - [31mstep: 1626  [32mloss:  2.7812  [38;2;180;60;0mgrad_norm:  0.7663  [38;2;54;234;195mmemory: 22.44GiB(28.24%)  [34mtps: 136  [36mtflops: 6.58  [35mmfu: 0.67%[39m
[rank0]:[titan] 2026-03-17 17:33:50,680 - root - INFO - [31mstep: 1627  [32mloss:  2.7344  [38;2;180;60;0mgrad_norm:  1.6652  [38;2;54;234;195mmemory: 22.44GiB(28.24%)  [34mtps: 139  [36mtflops: 6.72  [35mmfu: 0.68%[39m
[rank0]:[titan] 2026-03-17 17:34:06,076 - root - INFO - [31mstep: 1628  [32mloss:  2.7812  [38;2;180;60;0mgrad_norm:  1.2662  [38;2;54;234;195mmemory: 22.44GiB(28.24%)  [34mtps: 133  [36mtflops: 6.42  [35mmfu: 0.65%[39m
[rank0]:[titan] 2026-03-17 17:34:21,211 - root - INFO - [31mstep: 1629  [32mloss:  2.8125  [38;2;180;60;0mgrad_norm:  1.5091  [38;2;54;234;195mmemory: 22.44GiB(28.24%)  [34mtps: 135  [36mtflops: 6.53  [35mmfu: 0.66%[39m
[rank0]:[titan] 2026-03-17 17:34:36,758 - root - INFO - [31mstep: 1630  [32mloss:  2.8125  [38;2;180;60;0mgrad_norm:  1.3413  [38;2;54;234;195mmemory: 22.44GiB(28.24%)  [34mtps: 132  [36mtflops: 6.36  [35mmfu: 0.64%[39m
[rank0]:[titan] 2026-03-17 17:34:51,859 - root - INFO - [31mstep: 1631  [32mloss:  2.7812  [38;2;180;60;0mgrad_norm:  1.6909  [38;2;54;234;195mmemory: 22.44GiB(28.24%)  [34mtps: 136  [36mtflops: 6.54  [35mmfu: 0.66%[39m
[rank0]:[titan] 2026-03-17 17:35:06,943 - root - INFO - [31mstep: 1632  [32mloss:  2.7656  [38;2;180;60;0mgrad_norm:  1.7482  [38;2;54;234;195mmemory: 22.44GiB(28.24%)  [34mtps: 136  [36mtflops: 6.55  [35mmfu: 0.66%[39m
[rank0]:[titan] 2026-03-17 17:35:22,030 - root - INFO - [31mstep: 1633  [32mloss:  2.7344  [38;2;180;60;0mgrad_norm:  1.0645  [38;2;54;234;195mmemory: 22.44GiB(28.24%)  [34mtps: 136  [36mtflops: 6.55  [35mmfu: 0.66%[39m
[rank0]:[titan] 2026-03-17 17:35:36,793 - root - INFO - [31mstep: 1634  [32mloss:  2.7031  [38;2;180;60;0mgrad_norm:  0.9975  [38;2;54;234;195mmemory: 22.44GiB(28.24%)  [34mtps: 139  [36mtflops: 6.69  [35mmfu: 0.68%[39m
[rank0]:[titan] 2026-03-17 17:35:52,118 - root - INFO - [31mstep: 1635  [32mloss:  2.7656  [38;2;180;60;0mgrad_norm:  1.3103  [38;2;54;234;195mmemory: 22.44GiB(28.24%)  [34mtps: 134  [36mtflops: 6.45  [35mmfu: 0.65%[39m
[rank0]:[titan] 2026-03-17 17:36:07,179 - root - INFO - [31mstep: 1636  [32mloss:  2.7188  [38;2;180;60;0mgrad_norm:  1.2188  [38;2;54;234;195mmemory: 22.44GiB(28.24%)  [34mtps: 136  [36mtflops: 6.56  [35mmfu: 0.66%[39m
[rank0]:[titan] 2026-03-17 17:36:22,402 - root - INFO - [31mstep: 1637  [32mloss:  2.6875  [38;2;180;60;0mgrad_norm:  1.2292  [38;2;54;234;195mmemory: 22.44GiB(28.24%)  [34mtps: 135  [36mtflops: 6.49  [35mmfu: 0.66%[39m
[rank0]:[titan] 2026-03-17 17:36:37,673 - root - INFO - [31mstep: 1638  [32mloss:  2.6875  [38;2;180;60;0mgrad_norm:  1.2552  [38;2;54;234;195mmemory: 22.44GiB(28.24%)  [34mtps: 134  [36mtflops: 6.47  [35mmfu: 0.65%[39m
[rank0]:[titan] 2026-03-17 17:36:53,055 - root - INFO - [31mstep: 1639  [32mloss:  2.7188  [38;2;180;60;0mgrad_norm:  1.3164  [38;2;54;234;195mmemory: 22.44GiB(28.24%)  [34mtps: 133  [36mtflops: 6.42  [35mmfu: 0.65%[39m
[rank0]:[titan] 2026-03-17 17:37:08,187 - root - INFO - [31mstep: 1640  [32mloss:  2.7188  [38;2;180;60;0mgrad_norm:  1.6428  [38;2;54;234;195mmemory: 22.44GiB(28.24%)  [34mtps: 135  [36mtflops: 6.53  [35mmfu: 0.66%[39m
[rank0]:[titan] 2026-03-17 17:37:23,126 - root - INFO - [31mstep: 1641  [32mloss:  2.6875  [38;2;180;60;0mgrad_norm:  1.2439  [38;2;54;234;195mmemory: 22.44GiB(28.24%)  [34mtps: 137  [36mtflops: 6.61  [35mmfu: 0.67%[39m
[rank0]:[titan] 2026-03-17 17:37:38,111 - root - INFO - [31mstep: 1642  [32mloss:  2.6562  [38;2;180;60;0mgrad_norm:  1.3021  [38;2;54;234;195mmemory: 22.44GiB(28.24%)  [34mtps: 137  [36mtflops: 6.60  [35mmfu: 0.67%[39m
[rank0]:[titan] 2026-03-17 17:37:53,004 - root - INFO - [31mstep: 1643  [32mloss:  2.7188  [38;2;180;60;0mgrad_norm:  1.6098  [38;2;54;234;195mmemory: 22.44GiB(28.24%)  [34mtps: 138  [36mtflops: 6.64  [35mmfu: 0.67%[39m
[rank0]:[titan] 2026-03-17 17:38:08,183 - root - INFO - [31mstep: 1644  [32mloss:  2.7031  [38;2;180;60;0mgrad_norm:  1.8964  [38;2;54;234;195mmemory: 22.44GiB(28.24%)  [34mtps: 135  [36mtflops: 6.51  [35mmfu: 0.66%[39m
[rank0]:[titan] 2026-03-17 17:38:23,142 - root - INFO - [31mstep: 1645  [32mloss:  2.7500  [38;2;180;60;0mgrad_norm:  1.3888  [38;2;54;234;195mmemory: 22.44GiB(28.24%)  [34mtps: 137  [36mtflops: 6.61  [35mmfu: 0.67%[39m
[rank0]:[titan] 2026-03-17 17:38:38,097 - root - INFO - [31mstep: 1646  [32mloss:  2.7344  [38;2;180;60;0mgrad_norm:  1.8196  [38;2;54;234;195mmemory: 22.44GiB(28.24%)  [34mtps: 137  [36mtflops: 6.61  [35mmfu: 0.67%[39m
[rank0]:[titan] 2026-03-17 17:38:53,026 - root - INFO - [31mstep: 1647  [32mloss:  2.7344  [38;2;180;60;0mgrad_norm:  1.1419  [38;2;54;234;195mmemory: 22.44GiB(28.24%)  [34mtps: 137  [36mtflops: 6.62  [35mmfu: 0.67%[39m
[rank0]:[titan] 2026-03-17 17:39:08,001 - root - INFO - [31mstep: 1648  [32mloss:  2.6875  [38;2;180;60;0mgrad_norm:  1.4231  [38;2;54;234;195mmemory: 22.44GiB(28.24%)  [34mtps: 137  [36mtflops: 6.60  [35mmfu: 0.67%[39m
[rank0]:[titan] 2026-03-17 17:39:23,404 - root - INFO - [31mstep: 1649  [32mloss:  2.6875  [38;2;180;60;0mgrad_norm:  1.3173  [38;2;54;234;195mmemory: 22.44GiB(28.24%)  [34mtps: 133  [36mtflops: 6.42  [35mmfu: 0.65%[39m
[rank0]:[titan] 2026-03-17 17:39:38,508 - root - INFO - [31mstep: 1650  [32mloss:  2.6719  [38;2;180;60;0mgrad_norm:  1.0197  [38;2;54;234;195mmemory: 22.44GiB(28.24%)  [34mtps: 136  [36mtflops: 6.54  [35mmfu: 0.66%[39m
[rank0]:[titan] 2026-03-17 17:39:53,674 - root - INFO - [31mstep: 1651  [32mloss:  2.6875  [38;2;180;60;0mgrad_norm:  0.9209  [38;2;54;234;195mmemory: 22.44GiB(28.24%)  [34mtps: 135  [36mtflops: 6.52  [35mmfu: 0.66%[39m
[rank0]:[titan] 2026-03-17 17:40:08,679 - root - INFO - [31mstep: 1652  [32mloss:  2.7031  [38;2;180;60;0mgrad_norm:  1.1476  [38;2;54;234;195mmemory: 22.44GiB(28.24%)  [34mtps: 136  [36mtflops: 6.59  [35mmfu: 0.67%[39m
[rank0]:[titan] 2026-03-17 17:40:23,791 - root - INFO - [31mstep: 1653  [32mloss:  2.7500  [38;2;180;60;0mgrad_norm:  1.3935  [38;2;54;234;195mmemory: 22.44GiB(28.24%)  [34mtps: 136  [36mtflops: 6.54  [35mmfu: 0.66%[39m
[rank0]:[titan] 2026-03-17 17:40:38,783 - root - INFO - [31mstep: 1654  [32mloss:  2.7188  [38;2;180;60;0mgrad_norm:  1.1164  [38;2;54;234;195mmemory: 22.44GiB(28.24%)  [34mtps: 137  [36mtflops: 6.59  [35mmfu: 0.67%[39m
[rank0]:[titan] 2026-03-17 17:40:53,860 - root - INFO - [31mstep: 1655  [32mloss:  2.7656  [38;2;180;60;0mgrad_norm:  1.2327  [38;2;54;234;195mmemory: 22.44GiB(28.24%)  [34mtps: 136  [36mtflops: 6.55  [35mmfu: 0.66%[39m
[rank0]:[titan] 2026-03-17 17:41:08,911 - root - INFO - [31mstep: 1656  [32mloss:  2.7656  [38;2;180;60;0mgrad_norm:  1.1120  [38;2;54;234;195mmemory: 22.44GiB(28.24%)  [34mtps: 136  [36mtflops: 6.57  [35mmfu: 0.66%[39m
[rank0]:[titan] 2026-03-17 17:41:24,266 - root - INFO - [31mstep: 1657  [32mloss:  2.7188  [38;2;180;60;0mgrad_norm:  1.3328  [38;2;54;234;195mmemory: 22.44GiB(28.24%)  [34mtps: 133  [36mtflops: 6.44  [35mmfu: 0.65%[39m
[rank0]:[titan] 2026-03-17 17:41:39,770 - root - INFO - [31mstep: 1658  [32mloss:  2.7812  [38;2;180;60;0mgrad_norm:  1.3651  [38;2;54;234;195mmemory: 22.44GiB(28.24%)  [34mtps: 132  [36mtflops: 6.37  [35mmfu: 0.64%[39m
[rank0]:[titan] 2026-03-17 17:41:55,327 - root - INFO - [31mstep: 1659  [32mloss:  2.7656  [38;2;180;60;0mgrad_norm:  1.4904  [38;2;54;234;195mmemory: 22.44GiB(28.24%)  [34mtps: 132  [36mtflops: 6.35  [35mmfu: 0.64%[39m
[rank0]:[titan] 2026-03-17 17:42:10,825 - root - INFO - [31mstep: 1660  [32mloss:  2.7500  [38;2;180;60;0mgrad_norm:  1.3463  [38;2;54;234;195mmemory: 22.44GiB(28.24%)  [34mtps: 132  [36mtflops: 6.38  [35mmfu: 0.64%[39m
[rank0]:[titan] 2026-03-17 17:42:26,354 - root - INFO - [31mstep: 1661  [32mloss:  2.7500  [38;2;180;60;0mgrad_norm:  1.1335  [38;2;54;234;195mmemory: 22.44GiB(28.24%)  [34mtps: 132  [36mtflops: 6.36  [35mmfu: 0.64%[39m
[rank0]:[titan] 2026-03-17 17:42:41,855 - root - INFO - [31mstep: 1662  [32mloss:  2.7188  [38;2;180;60;0mgrad_norm:  1.5681  [38;2;54;234;195mmemory: 22.44GiB(28.24%)  [34mtps: 132  [36mtflops: 6.38  [35mmfu: 0.64%[39m
[rank0]:[titan] 2026-03-17 17:42:57,384 - root - INFO - [31mstep: 1663  [32mloss:  2.7656  [38;2;180;60;0mgrad_norm:  1.3927  [38;2;54;234;195mmemory: 22.44GiB(28.24%)  [34mtps: 132  [36mtflops: 6.36  [35mmfu: 0.64%[39m
[rank0]:[titan] 2026-03-17 17:43:12,750 - root - INFO - [31mstep: 1664  [32mloss:  2.6719  [38;2;180;60;0mgrad_norm:  0.8223  [38;2;54;234;195mmemory: 22.44GiB(28.24%)  [34mtps: 133  [36mtflops: 6.43  [35mmfu: 0.65%[39m
[rank0]:[titan] 2026-03-17 17:43:27,866 - root - INFO - [31mstep: 1665  [32mloss:  2.7031  [38;2;180;60;0mgrad_norm:  1.1134  [38;2;54;234;195mmemory: 22.44GiB(28.24%)  [34mtps: 135  [36mtflops: 6.54  [35mmfu: 0.66%[39m
[rank0]:[titan] 2026-03-17 17:43:42,977 - root - INFO - [31mstep: 1666  [32mloss:  2.6719  [38;2;180;60;0mgrad_norm:  1.5240  [38;2;54;234;195mmemory: 22.44GiB(28.24%)  [34mtps: 136  [36mtflops: 6.54  [35mmfu: 0.66%[39m
[rank0]:[titan] 2026-03-17 17:43:58,243 - root - INFO - [31mstep: 1667  [32mloss:  2.7344  [38;2;180;60;0mgrad_norm:  1.4139  [38;2;54;234;195mmemory: 22.44GiB(28.24%)  [34mtps: 134  [36mtflops: 6.47  [35mmfu: 0.65%[39m
[rank0]:[titan] 2026-03-17 17:44:13,235 - root - INFO - [31mstep: 1668  [32mloss:  2.7656  [38;2;180;60;0mgrad_norm:  1.1004  [38;2;54;234;195mmemory: 22.44GiB(28.24%)  [34mtps: 137  [36mtflops: 6.59  [35mmfu: 0.67%[39m
[rank0]:[titan] 2026-03-17 17:44:28,990 - root - INFO - [31mstep: 1669  [32mloss:  2.7812  [38;2;180;60;0mgrad_norm:  1.1183  [38;2;54;234;195mmemory: 22.44GiB(28.24%)  [34mtps: 130  [36mtflops: 6.27  [35mmfu: 0.63%[39m
[rank0]:[titan] 2026-03-17 17:44:43,879 - root - INFO - [31mstep: 1670  [32mloss:  2.8281  [38;2;180;60;0mgrad_norm:  1.4492  [38;2;54;234;195mmemory: 22.44GiB(28.24%)  [34mtps: 138  [36mtflops: 6.64  [35mmfu: 0.67%[39m
[rank0]:[titan] 2026-03-17 17:44:59,222 - root - INFO - [31mstep: 1671  [32mloss:  2.7500  [38;2;180;60;0mgrad_norm:  1.5726  [38;2;54;234;195mmemory: 22.44GiB(28.24%)  [34mtps: 133  [36mtflops: 6.44  [35mmfu: 0.65%[39m
[rank0]:[titan] 2026-03-17 17:45:14,982 - root - INFO - [31mstep: 1672  [32mloss:  2.7656  [38;2;180;60;0mgrad_norm:  2.1122  [38;2;54;234;195mmemory: 22.44GiB(28.24%)  [34mtps: 130  [36mtflops: 6.27  [35mmfu: 0.63%[39m
[rank0]:[titan] 2026-03-17 17:45:29,887 - root - INFO - [31mstep: 1673  [32mloss:  2.9062  [38;2;180;60;0mgrad_norm:  1.8779  [38;2;54;234;195mmemory: 22.44GiB(28.24%)  [34mtps: 137  [36mtflops: 6.63  [35mmfu: 0.67%[39m
[rank0]:[titan] 2026-03-17 17:45:44,920 - root - INFO - [31mstep: 1674  [32mloss:  2.7969  [38;2;180;60;0mgrad_norm:  1.4274  [38;2;54;234;195mmemory: 22.44GiB(28.24%)  [34mtps: 136  [36mtflops: 6.57  [35mmfu: 0.66%[39m
[rank0]:[titan] 2026-03-17 17:46:00,145 - root - INFO - [31mstep: 1675  [32mloss:  2.8281  [38;2;180;60;0mgrad_norm:  1.5938  [38;2;54;234;195mmemory: 22.44GiB(28.24%)  [34mtps: 135  [36mtflops: 6.49  [35mmfu: 0.66%[39m
[rank0]:[titan] 2026-03-17 17:46:14,988 - root - INFO - [31mstep: 1676  [32mloss:  2.8906  [38;2;180;60;0mgrad_norm:  1.5755  [38;2;54;234;195mmemory: 22.44GiB(28.24%)  [34mtps: 138  [36mtflops: 6.66  [35mmfu: 0.67%[39m
[rank0]:[titan] 2026-03-17 17:46:30,598 - root - INFO - [31mstep: 1677  [32mloss:  2.8125  [38;2;180;60;0mgrad_norm:  1.0669  [38;2;54;234;195mmemory: 22.44GiB(28.24%)  [34mtps: 131  [36mtflops: 6.33  [35mmfu: 0.64%[39m
[rank0]:[titan] 2026-03-17 17:46:45,996 - root - INFO - [31mstep: 1678  [32mloss:  2.8750  [38;2;180;60;0mgrad_norm:  1.8810  [38;2;54;234;195mmemory: 22.44GiB(28.24%)  [34mtps: 133  [36mtflops: 6.42  [35mmfu: 0.65%[39m
[rank0]:[titan] 2026-03-17 17:47:00,981 - root - INFO - [31mstep: 1679  [32mloss:  2.8281  [38;2;180;60;0mgrad_norm:  1.4914  [38;2;54;234;195mmemory: 22.44GiB(28.24%)  [34mtps: 137  [36mtflops: 6.59  [35mmfu: 0.67%[39m
[rank0]:[titan] 2026-03-17 17:47:15,159 - root - INFO - [31mstep: 1680  [32mloss:  2.8438  [38;2;180;60;0mgrad_norm:  1.2775  [38;2;54;234;195mmemory: 22.44GiB(28.24%)  [34mtps: 144  [36mtflops: 6.97  [35mmfu: 0.70%[39m
[rank0]:[titan] 2026-03-17 17:47:30,937 - root - INFO - [31mstep: 1681  [32mloss:  2.8125  [38;2;180;60;0mgrad_norm:  1.7339  [38;2;54;234;195mmemory: 22.44GiB(28.24%)  [34mtps: 130  [36mtflops: 6.26  [35mmfu: 0.63%[39m
[rank0]:[titan] 2026-03-17 17:47:46,592 - root - INFO - [31mstep: 1682  [32mloss:  2.7812  [38;2;180;60;0mgrad_norm:  1.3454  [38;2;54;234;195mmemory: 22.44GiB(28.24%)  [34mtps: 131  [36mtflops: 6.31  [35mmfu: 0.64%[39m
[rank0]:[titan] 2026-03-17 17:48:01,821 - root - INFO - [31mstep: 1683  [32mloss:  2.8125  [38;2;180;60;0mgrad_norm:  1.2128  [38;2;54;234;195mmemory: 22.44GiB(28.24%)  [34mtps: 134  [36mtflops: 6.49  [35mmfu: 0.66%[39m
[rank0]:[titan] 2026-03-17 17:48:16,874 - root - INFO - [31mstep: 1684  [32mloss:  2.7812  [38;2;180;60;0mgrad_norm:  1.0002  [38;2;54;234;195mmemory: 22.44GiB(28.24%)  [34mtps: 136  [36mtflops: 6.57  [35mmfu: 0.66%[39m
[rank0]:[titan] 2026-03-17 17:48:31,583 - root - INFO - [31mstep: 1685  [32mloss:  2.7344  [38;2;180;60;0mgrad_norm:  1.0698  [38;2;54;234;195mmemory: 22.44GiB(28.24%)  [34mtps: 139  [36mtflops: 6.72  [35mmfu: 0.68%[39m
[rank0]:[titan] 2026-03-17 17:48:46,671 - root - INFO - [31mstep: 1686  [32mloss:  2.7500  [38;2;180;60;0mgrad_norm:  1.3554  [38;2;54;234;195mmemory: 22.44GiB(28.24%)  [34mtps: 136  [36mtflops: 6.55  [35mmfu: 0.66%[39m
[rank0]:[titan] 2026-03-17 17:49:01,646 - root - INFO - [31mstep: 1687  [32mloss:  2.7500  [38;2;180;60;0mgrad_norm:  1.2042  [38;2;54;234;195mmemory: 22.44GiB(28.24%)  [34mtps: 137  [36mtflops: 6.60  [35mmfu: 0.67%[39m
[rank0]:[titan] 2026-03-17 17:49:16,386 - root - INFO - [31mstep: 1688  [32mloss:  2.7344  [38;2;180;60;0mgrad_norm:  1.1801  [38;2;54;234;195mmemory: 22.44GiB(28.24%)  [34mtps: 139  [36mtflops: 6.70  [35mmfu: 0.68%[39m
[rank0]:[titan] 2026-03-17 17:49:31,522 - root - INFO - [31mstep: 1689  [32mloss:  2.8438  [38;2;180;60;0mgrad_norm:  1.6555  [38;2;54;234;195mmemory: 22.44GiB(28.24%)  [34mtps: 135  [36mtflops: 6.53  [35mmfu: 0.66%[39m
[rank0]:[titan] 2026-03-17 17:49:46,510 - root - INFO - [31mstep: 1690  [32mloss:  2.7969  [38;2;180;60;0mgrad_norm:  1.5057  [38;2;54;234;195mmemory: 22.44GiB(28.24%)  [34mtps: 137  [36mtflops: 6.59  [35mmfu: 0.67%[39m
[rank0]:[titan] 2026-03-17 17:50:02,498 - root - INFO - [31mstep: 1691  [32mloss:  2.8125  [38;2;180;60;0mgrad_norm:  0.9489  [38;2;54;234;195mmemory: 22.44GiB(28.24%)  [34mtps: 128  [36mtflops: 6.18  [35mmfu: 0.62%[39m
[rank0]:[titan] 2026-03-17 17:50:02,501 - root - WARNING - Dataset c4_test is being re-looped
[rank0]:[titan] 2026-03-17 17:50:18,133 - root - INFO - [31mstep: 1692  [32mloss:  2.8281  [38;2;180;60;0mgrad_norm:  1.1594  [38;2;54;234;195mmemory: 22.44GiB(28.24%)  [34mtps: 131  [36mtflops: 6.32  [35mmfu: 0.64%[39m
[rank0]:[titan] 2026-03-17 17:50:33,551 - root - INFO - [31mstep: 1693  [32mloss:  2.7656  [38;2;180;60;0mgrad_norm:  1.2976  [38;2;54;234;195mmemory: 22.44GiB(28.24%)  [34mtps: 133  [36mtflops: 6.41  [35mmfu: 0.65%[39m
[rank0]:[titan] 2026-03-17 17:50:48,831 - root - INFO - [31mstep: 1694  [32mloss:  2.7969  [38;2;180;60;0mgrad_norm:  1.6419  [38;2;54;234;195mmemory: 22.44GiB(28.24%)  [34mtps: 134  [36mtflops: 6.47  [35mmfu: 0.65%[39m
[rank0]:[titan] 2026-03-17 17:51:04,104 - root - INFO - [31mstep: 1695  [32mloss:  2.8125  [38;2;180;60;0mgrad_norm:  1.3752  [38;2;54;234;195mmemory: 22.44GiB(28.24%)  [34mtps: 134  [36mtflops: 6.47  [35mmfu: 0.65%[39m
[rank0]:[titan] 2026-03-17 17:51:19,491 - root - INFO - [31mstep: 1696  [32mloss:  2.7656  [38;2;180;60;0mgrad_norm:  1.3069  [38;2;54;234;195mmemory: 22.44GiB(28.24%)  [34mtps: 133  [36mtflops: 6.42  [35mmfu: 0.65%[39m
[rank0]:[titan] 2026-03-17 17:51:34,497 - root - INFO - [31mstep: 1697  [32mloss:  2.8281  [38;2;180;60;0mgrad_norm:  1.4585  [38;2;54;234;195mmemory: 22.44GiB(28.24%)  [34mtps: 136  [36mtflops: 6.59  [35mmfu: 0.67%[39m
[rank0]:[titan] 2026-03-17 17:51:49,469 - root - INFO - [31mstep: 1698  [32mloss:  2.7500  [38;2;180;60;0mgrad_norm:  1.2967  [38;2;54;234;195mmemory: 22.44GiB(28.24%)  [34mtps: 137  [36mtflops: 6.60  [35mmfu: 0.67%[39m
[rank0]:[titan] 2026-03-17 17:52:04,357 - root - INFO - [31mstep: 1699  [32mloss:  2.7344  [38;2;180;60;0mgrad_norm:  1.0585  [38;2;54;234;195mmemory: 22.44GiB(28.24%)  [34mtps: 138  [36mtflops: 6.64  [35mmfu: 0.67%[39m
[rank0]:[titan] 2026-03-17 17:52:19,154 - root - INFO - [31mstep: 1700  [32mloss:  2.6719  [38;2;180;60;0mgrad_norm:  1.1000  [38;2;54;234;195mmemory: 22.44GiB(28.24%)  [34mtps: 138  [36mtflops: 6.68  [35mmfu: 0.68%[39m
[rank0]:[titan] 2026-03-17 17:52:34,165 - root - INFO - [31mstep: 1701  [32mloss:  2.7812  [38;2;180;60;0mgrad_norm:  1.4639  [38;2;54;234;195mmemory: 22.44GiB(28.24%)  [34mtps: 136  [36mtflops: 6.58  [35mmfu: 0.67%[39m
[rank0]:[titan] 2026-03-17 17:52:49,273 - root - INFO - [31mstep: 1702  [32mloss:  2.7969  [38;2;180;60;0mgrad_norm:  1.1207  [38;2;54;234;195mmemory: 22.44GiB(28.24%)  [34mtps: 136  [36mtflops: 6.54  [35mmfu: 0.66%[39m
[rank0]:[titan] 2026-03-17 17:53:04,686 - root - INFO - [31mstep: 1703  [32mloss:  2.7344  [38;2;180;60;0mgrad_norm:  1.0958  [38;2;54;234;195mmemory: 22.44GiB(28.24%)  [34mtps: 133  [36mtflops: 6.41  [35mmfu: 0.65%[39m
[rank0]:[titan] 2026-03-17 17:53:20,028 - root - INFO - [31mstep: 1704  [32mloss:  2.7188  [38;2;180;60;0mgrad_norm:  1.2190  [38;2;54;234;195mmemory: 22.44GiB(28.24%)  [34mtps: 133  [36mtflops: 6.44  [35mmfu: 0.65%[39m
[rank0]:[titan] 2026-03-17 17:53:35,541 - root - INFO - [31mstep: 1705  [32mloss:  2.7969  [38;2;180;60;0mgrad_norm:  0.9795  [38;2;54;234;195mmemory: 22.44GiB(28.24%)  [34mtps: 132  [36mtflops: 6.37  [35mmfu: 0.64%[39m
[rank0]:[titan] 2026-03-17 17:53:50,740 - root - INFO - [31mstep: 1706  [32mloss:  2.7812  [38;2;180;60;0mgrad_norm:  1.4524  [38;2;54;234;195mmemory: 22.44GiB(28.24%)  [34mtps: 135  [36mtflops: 6.50  [35mmfu: 0.66%[39m
[rank0]:[titan] 2026-03-17 17:54:05,980 - root - INFO - [31mstep: 1707  [32mloss:  2.7500  [38;2;180;60;0mgrad_norm:  1.4385  [38;2;54;234;195mmemory: 22.44GiB(28.24%)  [34mtps: 134  [36mtflops: 6.48  [35mmfu: 0.66%[39m
[rank0]:[titan] 2026-03-17 17:54:21,307 - root - INFO - [31mstep: 1708  [32mloss:  2.6719  [38;2;180;60;0mgrad_norm:  1.3495  [38;2;54;234;195mmemory: 22.44GiB(28.24%)  [34mtps: 134  [36mtflops: 6.45  [35mmfu: 0.65%[39m
[rank0]:[titan] 2026-03-17 17:54:36,568 - root - INFO - [31mstep: 1709  [32mloss:  2.7031  [38;2;180;60;0mgrad_norm:  1.7707  [38;2;54;234;195mmemory: 22.44GiB(28.24%)  [34mtps: 134  [36mtflops: 6.48  [35mmfu: 0.65%[39m
[rank0]:[titan] 2026-03-17 17:54:51,748 - root - INFO - [31mstep: 1710  [32mloss:  2.6875  [38;2;180;60;0mgrad_norm:  1.1781  [38;2;54;234;195mmemory: 22.44GiB(28.24%)  [34mtps: 135  [36mtflops: 6.51  [35mmfu: 0.66%[39m
[rank0]:[titan] 2026-03-17 17:55:06,908 - root - INFO - [31mstep: 1711  [32mloss:  2.7344  [38;2;180;60;0mgrad_norm:  1.3781  [38;2;54;234;195mmemory: 22.44GiB(28.24%)  [34mtps: 135  [36mtflops: 6.52  [35mmfu: 0.66%[39m
[rank0]:[titan] 2026-03-17 17:55:22,583 - root - INFO - [31mstep: 1712  [32mloss:  2.8125  [38;2;180;60;0mgrad_norm:  1.2514  [38;2;54;234;195mmemory: 22.44GiB(28.24%)  [34mtps: 131  [36mtflops: 6.30  [35mmfu: 0.64%[39m
[rank0]:[titan] 2026-03-17 17:55:38,037 - root - INFO - [31mstep: 1713  [32mloss:  2.7500  [38;2;180;60;0mgrad_norm:  1.4033  [38;2;54;234;195mmemory: 22.44GiB(28.24%)  [34mtps: 133  [36mtflops: 6.39  [35mmfu: 0.65%[39m
[rank0]:[titan] 2026-03-17 17:55:53,366 - root - INFO - [31mstep: 1714  [32mloss:  2.7188  [38;2;180;60;0mgrad_norm:  1.2935  [38;2;54;234;195mmemory: 22.44GiB(28.24%)  [34mtps: 134  [36mtflops: 6.45  [35mmfu: 0.65%[39m
[rank0]:[titan] 2026-03-17 17:56:08,741 - root - INFO - [31mstep: 1715  [32mloss:  2.7344  [38;2;180;60;0mgrad_norm:  1.2187  [38;2;54;234;195mmemory: 22.44GiB(28.24%)  [34mtps: 133  [36mtflops: 6.43  [35mmfu: 0.65%[39m
[rank0]:[titan] 2026-03-17 17:56:24,315 - root - INFO - [31mstep: 1716  [32mloss:  2.7500  [38;2;180;60;0mgrad_norm:  1.0362  [38;2;54;234;195mmemory: 22.44GiB(28.24%)  [34mtps: 132  [36mtflops: 6.35  [35mmfu: 0.64%[39m
[rank0]:[titan] 2026-03-17 17:56:39,673 - root - INFO - [31mstep: 1717  [32mloss:  2.7656  [38;2;180;60;0mgrad_norm:  0.9190  [38;2;54;234;195mmemory: 22.44GiB(28.24%)  [34mtps: 133  [36mtflops: 6.43  [35mmfu: 0.65%[39m
[rank0]:[titan] 2026-03-17 17:56:54,742 - root - INFO - [31mstep: 1718  [32mloss:  2.7344  [38;2;180;60;0mgrad_norm:  1.2370  [38;2;54;234;195mmemory: 22.44GiB(28.24%)  [34mtps: 136  [36mtflops: 6.56  [35mmfu: 0.66%[39m
[rank0]:[titan] 2026-03-17 17:57:10,123 - root - INFO - [31mstep: 1719  [32mloss:  2.6875  [38;2;180;60;0mgrad_norm:  1.0327  [38;2;54;234;195mmemory: 22.44GiB(28.24%)  [34mtps: 133  [36mtflops: 6.42  [35mmfu: 0.65%[39m
[rank0]:[titan] 2026-03-17 17:57:25,244 - root - INFO - [31mstep: 1720  [32mloss:  2.7031  [38;2;180;60;0mgrad_norm:  1.0798  [38;2;54;234;195mmemory: 22.44GiB(28.24%)  [34mtps: 135  [36mtflops: 6.54  [35mmfu: 0.66%[39m
[rank0]:[titan] 2026-03-17 17:57:40,414 - root - INFO - [31mstep: 1721  [32mloss:  2.7344  [38;2;180;60;0mgrad_norm:  0.8583  [38;2;54;234;195mmemory: 22.44GiB(28.24%)  [34mtps: 135  [36mtflops: 6.51  [35mmfu: 0.66%[39m
[rank0]:[titan] 2026-03-17 17:57:55,666 - root - INFO - [31mstep: 1722  [32mloss:  2.7344  [38;2;180;60;0mgrad_norm:  0.8618  [38;2;54;234;195mmemory: 22.44GiB(28.24%)  [34mtps: 134  [36mtflops: 6.48  [35mmfu: 0.66%[39m
[rank0]:[titan] 2026-03-17 17:58:10,570 - root - INFO - [31mstep: 1723  [32mloss:  2.7344  [38;2;180;60;0mgrad_norm:  1.5081  [38;2;54;234;195mmemory: 22.44GiB(28.24%)  [34mtps: 137  [36mtflops: 6.63  [35mmfu: 0.67%[39m
[rank0]:[titan] 2026-03-17 17:58:25,518 - root - INFO - [31mstep: 1724  [32mloss:  2.7344  [38;2;180;60;0mgrad_norm:  1.1684  [38;2;54;234;195mmemory: 22.44GiB(28.24%)  [34mtps: 137  [36mtflops: 6.61  [35mmfu: 0.67%[39m
[rank0]:[titan] 2026-03-17 17:58:40,562 - root - INFO - [31mstep: 1725  [32mloss:  2.7031  [38;2;180;60;0mgrad_norm:  0.8845  [38;2;54;234;195mmemory: 22.44GiB(28.24%)  [34mtps: 136  [36mtflops: 6.57  [35mmfu: 0.66%[39m
[rank0]:[titan] 2026-03-17 17:58:55,588 - root - INFO - [31mstep: 1726  [32mloss:  2.7344  [38;2;180;60;0mgrad_norm:  1.0315  [38;2;54;234;195mmemory: 22.44GiB(28.24%)  [34mtps: 136  [36mtflops: 6.58  [35mmfu: 0.66%[39m
[rank0]:[titan] 2026-03-17 17:59:10,756 - root - INFO - [31mstep: 1727  [32mloss:  2.7500  [38;2;180;60;0mgrad_norm:  1.3466  [38;2;54;234;195mmemory: 22.44GiB(28.24%)  [34mtps: 135  [36mtflops: 6.51  [35mmfu: 0.66%[39m
[rank0]:[titan] 2026-03-17 17:59:25,988 - root - INFO - [31mstep: 1728  [32mloss:  2.6875  [38;2;180;60;0mgrad_norm:  1.1942  [38;2;54;234;195mmemory: 22.44GiB(28.24%)  [34mtps: 134  [36mtflops: 6.49  [35mmfu: 0.66%[39m
[rank0]:[titan] 2026-03-17 17:59:41,110 - root - INFO - [31mstep: 1729  [32mloss:  2.6875  [38;2;180;60;0mgrad_norm:  1.1897  [38;2;54;234;195mmemory: 22.44GiB(28.24%)  [34mtps: 135  [36mtflops: 6.54  [35mmfu: 0.66%[39m
[rank0]:[titan] 2026-03-17 17:59:56,589 - root - INFO - [31mstep: 1730  [32mloss:  2.6875  [38;2;180;60;0mgrad_norm:  1.3997  [38;2;54;234;195mmemory: 22.44GiB(28.24%)  [34mtps: 132  [36mtflops: 6.38  [35mmfu: 0.65%[39m
[rank0]:[titan] 2026-03-17 18:00:12,007 - root - INFO - [31mstep: 1731  [32mloss:  2.7188  [38;2;180;60;0mgrad_norm:  1.1778  [38;2;54;234;195mmemory: 22.44GiB(28.24%)  [34mtps: 133  [36mtflops: 6.41  [35mmfu: 0.65%[39m
[rank0]:[titan] 2026-03-17 18:00:27,345 - root - INFO - [31mstep: 1732  [32mloss:  2.7031  [38;2;180;60;0mgrad_norm:  1.3753  [38;2;54;234;195mmemory: 22.44GiB(28.24%)  [34mtps: 134  [36mtflops: 6.44  [35mmfu: 0.65%[39m
[rank0]:[titan] 2026-03-17 18:00:42,547 - root - INFO - [31mstep: 1733  [32mloss:  2.7188  [38;2;180;60;0mgrad_norm:  1.4195  [38;2;54;234;195mmemory: 22.44GiB(28.24%)  [34mtps: 135  [36mtflops: 6.50  [35mmfu: 0.66%[39m
[rank0]:[titan] 2026-03-17 18:00:57,546 - root - INFO - [31mstep: 1734  [32mloss:  2.6719  [38;2;180;60;0mgrad_norm:  1.3325  [38;2;54;234;195mmemory: 22.44GiB(28.24%)  [34mtps: 137  [36mtflops: 6.59  [35mmfu: 0.67%[39m
[rank0]:[titan] 2026-03-17 18:01:12,812 - root - INFO - [31mstep: 1735  [32mloss:  2.7500  [38;2;180;60;0mgrad_norm:  1.8326  [38;2;54;234;195mmemory: 22.44GiB(28.24%)  [34mtps: 134  [36mtflops: 6.48  [35mmfu: 0.65%[39m
[rank0]:[titan] 2026-03-17 18:01:27,778 - root - INFO - [31mstep: 1736  [32mloss:  2.8125  [38;2;180;60;0mgrad_norm:  1.2744  [38;2;54;234;195mmemory: 22.44GiB(28.24%)  [34mtps: 137  [36mtflops: 6.60  [35mmfu: 0.67%[39m
[rank0]:[titan] 2026-03-17 18:01:43,330 - root - INFO - [31mstep: 1737  [32mloss:  2.7031  [38;2;180;60;0mgrad_norm:  1.4436  [38;2;54;234;195mmemory: 22.44GiB(28.24%)  [34mtps: 132  [36mtflops: 6.35  [35mmfu: 0.64%[39m
[rank0]:[titan] 2026-03-17 18:01:58,855 - root - INFO - [31mstep: 1738  [32mloss:  2.7031  [38;2;180;60;0mgrad_norm:  1.9210  [38;2;54;234;195mmemory: 22.44GiB(28.24%)  [34mtps: 132  [36mtflops: 6.37  [35mmfu: 0.64%[39m
[rank0]:[titan] 2026-03-17 18:02:14,034 - root - INFO - [31mstep: 1739  [32mloss:  2.7031  [38;2;180;60;0mgrad_norm:  1.3752  [38;2;54;234;195mmemory: 22.44GiB(28.24%)  [34mtps: 135  [36mtflops: 6.51  [35mmfu: 0.66%[39m
[rank0]:[titan] 2026-03-17 18:02:28,809 - root - INFO - [31mstep: 1740  [32mloss:  2.7500  [38;2;180;60;0mgrad_norm:  1.2411  [38;2;54;234;195mmemory: 22.44GiB(28.24%)  [34mtps: 139  [36mtflops: 6.69  [35mmfu: 0.68%[39m
[rank0]:[titan] 2026-03-17 18:02:44,071 - root - INFO - [31mstep: 1741  [32mloss:  2.7344  [38;2;180;60;0mgrad_norm:  1.4423  [38;2;54;234;195mmemory: 22.44GiB(28.24%)  [34mtps: 134  [36mtflops: 6.48  [35mmfu: 0.65%[39m
[rank0]:[titan] 2026-03-17 18:02:59,396 - root - INFO - [31mstep: 1742  [32mloss:  2.6719  [38;2;180;60;0mgrad_norm:  1.1851  [38;2;54;234;195mmemory: 22.44GiB(28.24%)  [34mtps: 134  [36mtflops: 6.45  [35mmfu: 0.65%[39m
[rank0]:[titan] 2026-03-17 18:03:14,689 - root - INFO - [31mstep: 1743  [32mloss:  2.6719  [38;2;180;60;0mgrad_norm:  1.1985  [38;2;54;234;195mmemory: 22.44GiB(28.24%)  [34mtps: 134  [36mtflops: 6.46  [35mmfu: 0.65%[39m
[rank0]:[titan] 2026-03-17 18:03:29,771 - root - INFO - [31mstep: 1744  [32mloss:  2.7188  [38;2;180;60;0mgrad_norm:  1.1447  [38;2;54;234;195mmemory: 22.44GiB(28.24%)  [34mtps: 136  [36mtflops: 6.55  [35mmfu: 0.66%[39m
[rank0]:[titan] 2026-03-17 18:03:45,012 - root - INFO - [31mstep: 1745  [32mloss:  2.7031  [38;2;180;60;0mgrad_norm:  1.1733  [38;2;54;234;195mmemory: 22.44GiB(28.24%)  [34mtps: 134  [36mtflops: 6.48  [35mmfu: 0.66%[39m
[rank0]:[titan] 2026-03-17 18:04:00,020 - root - INFO - [31mstep: 1746  [32mloss:  2.7188  [38;2;180;60;0mgrad_norm:  0.9291  [38;2;54;234;195mmemory: 22.44GiB(28.24%)  [34mtps: 136  [36mtflops: 6.58  [35mmfu: 0.67%[39m
[rank0]:[titan] 2026-03-17 18:04:15,026 - root - INFO - [31mstep: 1747  [32mloss:  2.7500  [38;2;180;60;0mgrad_norm:  1.0693  [38;2;54;234;195mmemory: 22.44GiB(28.24%)  [34mtps: 136  [36mtflops: 6.59  [35mmfu: 0.67%[39m
[rank0]:[titan] 2026-03-17 18:04:29,826 - root - INFO - [31mstep: 1748  [32mloss:  2.6875  [38;2;180;60;0mgrad_norm:  1.3615  [38;2;54;234;195mmemory: 22.44GiB(28.24%)  [34mtps: 138  [36mtflops: 6.68  [35mmfu: 0.68%[39m
[rank0]:[titan] 2026-03-17 18:04:44,771 - root - INFO - [31mstep: 1749  [32mloss:  2.7031  [38;2;180;60;0mgrad_norm:  0.8590  [38;2;54;234;195mmemory: 22.44GiB(28.24%)  [34mtps: 137  [36mtflops: 6.61  [35mmfu: 0.67%[39m
[rank0]:[titan] 2026-03-17 18:05:00,409 - root - INFO - [31mstep: 1750  [32mloss:  2.7031  [38;2;180;60;0mgrad_norm:  0.8873  [38;2;54;234;195mmemory: 22.44GiB(28.24%)  [34mtps: 131  [36mtflops: 6.32  [35mmfu: 0.64%[39m
[rank0]:[titan] 2026-03-17 18:05:15,920 - root - INFO - [31mstep: 1751  [32mloss:  2.7500  [38;2;180;60;0mgrad_norm:  0.7278  [38;2;54;234;195mmemory: 22.44GiB(28.24%)  [34mtps: 132  [36mtflops: 6.37  [35mmfu: 0.64%[39m
[rank0]:[titan] 2026-03-17 18:05:31,168 - root - INFO - [31mstep: 1752  [32mloss:  2.6562  [38;2;180;60;0mgrad_norm:  0.9292  [38;2;54;234;195mmemory: 22.44GiB(28.24%)  [34mtps: 134  [36mtflops: 6.48  [35mmfu: 0.66%[39m
[rank0]:[titan] 2026-03-17 18:05:46,524 - root - INFO - [31mstep: 1753  [32mloss:  2.6875  [38;2;180;60;0mgrad_norm:  0.9536  [38;2;54;234;195mmemory: 22.44GiB(28.24%)  [34mtps: 133  [36mtflops: 6.44  [35mmfu: 0.65%[39m
[rank0]:[titan] 2026-03-17 18:06:01,448 - root - INFO - [31mstep: 1754  [32mloss:  2.6875  [38;2;180;60;0mgrad_norm:  0.8656  [38;2;54;234;195mmemory: 22.44GiB(28.24%)  [34mtps: 137  [36mtflops: 6.62  [35mmfu: 0.67%[39m
[rank0]:[titan] 2026-03-17 18:06:16,811 - root - INFO - [31mstep: 1755  [32mloss:  2.7500  [38;2;180;60;0mgrad_norm:  1.0617  [38;2;54;234;195mmemory: 22.44GiB(28.24%)  [34mtps: 133  [36mtflops: 6.43  [35mmfu: 0.65%[39m
[rank0]:[titan] 2026-03-17 18:06:31,796 - root - INFO - [31mstep: 1756  [32mloss:  2.7031  [38;2;180;60;0mgrad_norm:  1.3644  [38;2;54;234;195mmemory: 22.44GiB(28.24%)  [34mtps: 137  [36mtflops: 6.59  [35mmfu: 0.67%[39m
[rank0]:[titan] 2026-03-17 18:06:46,803 - root - INFO - [31mstep: 1757  [32mloss:  2.6875  [38;2;180;60;0mgrad_norm:  1.5427  [38;2;54;234;195mmemory: 22.44GiB(28.24%)  [34mtps: 136  [36mtflops: 6.59  [35mmfu: 0.67%[39m
[rank0]:[titan] 2026-03-17 18:07:02,057 - root - INFO - [31mstep: 1758  [32mloss:  2.7031  [38;2;180;60;0mgrad_norm:  1.1449  [38;2;54;234;195mmemory: 22.44GiB(28.24%)  [34mtps: 134  [36mtflops: 6.48  [35mmfu: 0.66%[39m
[rank0]:[titan] 2026-03-17 18:07:17,553 - root - INFO - [31mstep: 1759  [32mloss:  2.7031  [38;2;180;60;0mgrad_norm:  1.0805  [38;2;54;234;195mmemory: 22.44GiB(28.24%)  [34mtps: 132  [36mtflops: 6.38  [35mmfu: 0.64%[39m
[rank0]:[titan] 2026-03-17 18:07:33,050 - root - INFO - [31mstep: 1760  [32mloss:  2.7500  [38;2;180;60;0mgrad_norm:  1.8248  [38;2;54;234;195mmemory: 22.44GiB(28.24%)  [34mtps: 132  [36mtflops: 6.38  [35mmfu: 0.64%[39m
[rank0]:[titan] 2026-03-17 18:07:48,114 - root - INFO - [31mstep: 1761  [32mloss:  2.7188  [38;2;180;60;0mgrad_norm:  1.7296  [38;2;54;234;195mmemory: 22.44GiB(28.24%)  [34mtps: 136  [36mtflops: 6.56  [35mmfu: 0.66%[39m
[rank0]:[titan] 2026-03-17 18:08:03,524 - root - INFO - [31mstep: 1762  [32mloss:  2.8438  [38;2;180;60;0mgrad_norm:  1.2590  [38;2;54;234;195mmemory: 22.44GiB(28.24%)  [34mtps: 133  [36mtflops: 6.41  [35mmfu: 0.65%[39m
[rank0]:[titan] 2026-03-17 18:08:18,836 - root - INFO - [31mstep: 1763  [32mloss:  2.8906  [38;2;180;60;0mgrad_norm:  1.6835  [38;2;54;234;195mmemory: 22.44GiB(28.24%)  [34mtps: 134  [36mtflops: 6.45  [35mmfu: 0.65%[39m
[rank0]:[titan] 2026-03-17 18:08:34,169 - root - INFO - [31mstep: 1764  [32mloss:  2.8125  [38;2;180;60;0mgrad_norm:  2.0393  [38;2;54;234;195mmemory: 22.44GiB(28.24%)  [34mtps: 134  [36mtflops: 6.45  [35mmfu: 0.65%[39m
[rank0]:[titan] 2026-03-17 18:08:49,087 - root - INFO - [31mstep: 1765  [32mloss:  2.7500  [38;2;180;60;0mgrad_norm:  1.2560  [38;2;54;234;195mmemory: 22.44GiB(28.24%)  [34mtps: 137  [36mtflops: 6.62  [35mmfu: 0.67%[39m
[rank0]:[titan] 2026-03-17 18:09:04,123 - root - INFO - [31mstep: 1766  [32mloss:  2.8281  [38;2;180;60;0mgrad_norm:  1.8359  [38;2;54;234;195mmemory: 22.44GiB(28.24%)  [34mtps: 136  [36mtflops: 6.57  [35mmfu: 0.66%[39m
[rank0]:[titan] 2026-03-17 18:09:19,135 - root - INFO - [31mstep: 1767  [32mloss:  2.7344  [38;2;180;60;0mgrad_norm:  1.9172  [38;2;54;234;195mmemory: 22.44GiB(28.24%)  [34mtps: 136  [36mtflops: 6.58  [35mmfu: 0.67%[39m
[rank0]:[titan] 2026-03-17 18:09:34,032 - root - INFO - [31mstep: 1768  [32mloss:  2.7344  [38;2;180;60;0mgrad_norm:  1.5265  [38;2;54;234;195mmemory: 22.44GiB(28.24%)  [34mtps: 137  [36mtflops: 6.63  [35mmfu: 0.67%[39m
[rank0]:[titan] 2026-03-17 18:09:48,969 - root - INFO - [31mstep: 1769  [32mloss:  2.6875  [38;2;180;60;0mgrad_norm:  1.3706  [38;2;54;234;195mmemory: 22.44GiB(28.24%)  [34mtps: 137  [36mtflops: 6.62  [35mmfu: 0.67%[39m
[rank0]:[titan] 2026-03-17 18:10:04,031 - root - INFO - [31mstep: 1770  [32mloss:  2.6875  [38;2;180;60;0mgrad_norm:  1.7496  [38;2;54;234;195mmemory: 22.44GiB(28.24%)  [34mtps: 136  [36mtflops: 6.56  [35mmfu: 0.66%[39m
[rank0]:[titan] 2026-03-17 18:10:19,536 - root - INFO - [31mstep: 1771  [32mloss:  2.7188  [38;2;180;60;0mgrad_norm:  1.3323  [38;2;54;234;195mmemory: 22.44GiB(28.24%)  [34mtps: 132  [36mtflops: 6.37  [35mmfu: 0.64%[39m
[rank0]:[titan] 2026-03-17 18:10:34,784 - root - INFO - [31mstep: 1772  [32mloss:  2.6875  [38;2;180;60;0mgrad_norm:  1.2469  [38;2;54;234;195mmemory: 22.44GiB(28.24%)  [34mtps: 134  [36mtflops: 6.48  [35mmfu: 0.66%[39m
[rank0]:[titan] 2026-03-17 18:10:49,759 - root - INFO - [31mstep: 1773  [32mloss:  2.7344  [38;2;180;60;0mgrad_norm:  1.9791  [38;2;54;234;195mmemory: 22.44GiB(28.24%)  [34mtps: 137  [36mtflops: 6.60  [35mmfu: 0.67%[39m
[rank0]:[titan] 2026-03-17 18:11:04,924 - root - INFO - [31mstep: 1774  [32mloss:  2.7188  [38;2;180;60;0mgrad_norm:  1.0335  [38;2;54;234;195mmemory: 22.44GiB(28.24%)  [34mtps: 135  [36mtflops: 6.52  [35mmfu: 0.66%[39m
[rank0]:[titan] 2026-03-17 18:11:20,349 - root - INFO - [31mstep: 1775  [32mloss:  2.7344  [38;2;180;60;0mgrad_norm:  1.3495  [38;2;54;234;195mmemory: 22.44GiB(28.24%)  [34mtps: 133  [36mtflops: 6.41  [35mmfu: 0.65%[39m
[rank0]:[titan] 2026-03-17 18:11:35,658 - root - INFO - [31mstep: 1776  [32mloss:  2.6875  [38;2;180;60;0mgrad_norm:  1.8878  [38;2;54;234;195mmemory: 22.44GiB(28.24%)  [34mtps: 134  [36mtflops: 6.45  [35mmfu: 0.65%[39m
[rank0]:[titan] 2026-03-17 18:11:50,798 - root - INFO - [31mstep: 1777  [32mloss:  2.6719  [38;2;180;60;0mgrad_norm:  1.5741  [38;2;54;234;195mmemory: 22.44GiB(28.24%)  [34mtps: 135  [36mtflops: 6.53  [35mmfu: 0.66%[39m
[rank0]:[titan] 2026-03-17 18:12:05,702 - root - INFO - [31mstep: 1778  [32mloss:  2.6875  [38;2;180;60;0mgrad_norm:  1.2657  [38;2;54;234;195mmemory: 22.44GiB(28.24%)  [34mtps: 137  [36mtflops: 6.63  [35mmfu: 0.67%[39m
[rank0]:[titan] 2026-03-17 18:12:20,776 - root - INFO - [31mstep: 1779  [32mloss:  2.7500  [38;2;180;60;0mgrad_norm:  1.6913  [38;2;54;234;195mmemory: 22.44GiB(28.24%)  [34mtps: 136  [36mtflops: 6.56  [35mmfu: 0.66%[39m
[rank0]:[titan] 2026-03-17 18:12:35,609 - root - INFO - [31mstep: 1780  [32mloss:  2.8281  [38;2;180;60;0mgrad_norm:  1.5366  [38;2;54;234;195mmemory: 22.44GiB(28.24%)  [34mtps: 138  [36mtflops: 6.66  [35mmfu: 0.67%[39m
[rank0]:[titan] 2026-03-17 18:12:50,723 - root - INFO - [31mstep: 1781  [32mloss:  2.7656  [38;2;180;60;0mgrad_norm:  1.3232  [38;2;54;234;195mmemory: 22.44GiB(28.24%)  [34mtps: 136  [36mtflops: 6.54  [35mmfu: 0.66%[39m
[rank0]:[titan] 2026-03-17 18:13:05,787 - root - INFO - [31mstep: 1782  [32mloss:  2.7188  [38;2;180;60;0mgrad_norm:  1.0429  [38;2;54;234;195mmemory: 22.44GiB(28.24%)  [34mtps: 136  [36mtflops: 6.56  [35mmfu: 0.66%[39m
[rank0]:[titan] 2026-03-17 18:13:20,723 - root - INFO - [31mstep: 1783  [32mloss:  2.6719  [38;2;180;60;0mgrad_norm:  1.5337  [38;2;54;234;195mmemory: 22.44GiB(28.24%)  [34mtps: 137  [36mtflops: 6.62  [35mmfu: 0.67%[39m
[rank0]:[titan] 2026-03-17 18:13:35,989 - root - INFO - [31mstep: 1784  [32mloss:  2.7188  [38;2;180;60;0mgrad_norm:  1.8744  [38;2;54;234;195mmemory: 22.44GiB(28.24%)  [34mtps: 134  [36mtflops: 6.47  [35mmfu: 0.65%[39m
[rank0]:[titan] 2026-03-17 18:13:50,965 - root - INFO - [31mstep: 1785  [32mloss:  2.7188  [38;2;180;60;0mgrad_norm:  1.0357  [38;2;54;234;195mmemory: 22.44GiB(28.24%)  [34mtps: 137  [36mtflops: 6.60  [35mmfu: 0.67%[39m
[rank0]:[titan] 2026-03-17 18:14:06,419 - root - INFO - [31mstep: 1786  [32mloss:  2.6875  [38;2;180;60;0mgrad_norm:  1.2385  [38;2;54;234;195mmemory: 22.44GiB(28.24%)  [34mtps: 133  [36mtflops: 6.39  [35mmfu: 0.65%[39m
[rank0]:[titan] 2026-03-17 18:14:21,626 - root - INFO - [31mstep: 1787  [32mloss:  2.7812  [38;2;180;60;0mgrad_norm:  1.7273  [38;2;54;234;195mmemory: 22.44GiB(28.24%)  [34mtps: 135  [36mtflops: 6.50  [35mmfu: 0.66%[39m
[rank0]:[titan] 2026-03-17 18:14:36,856 - root - INFO - [31mstep: 1788  [32mloss:  2.7031  [38;2;180;60;0mgrad_norm:  1.2455  [38;2;54;234;195mmemory: 22.44GiB(28.24%)  [34mtps: 134  [36mtflops: 6.49  [35mmfu: 0.66%[39m
[rank0]:[titan] 2026-03-17 18:14:52,157 - root - INFO - [31mstep: 1789  [32mloss:  2.7188  [38;2;180;60;0mgrad_norm:  1.5268  [38;2;54;234;195mmemory: 22.44GiB(28.24%)  [34mtps: 134  [36mtflops: 6.46  [35mmfu: 0.65%[39m
[rank0]:[titan] 2026-03-17 18:15:07,556 - root - INFO - [31mstep: 1790  [32mloss:  2.7031  [38;2;180;60;0mgrad_norm:  1.2636  [38;2;54;234;195mmemory: 22.44GiB(28.24%)  [34mtps: 133  [36mtflops: 6.42  [35mmfu: 0.65%[39m
[rank0]:[titan] 2026-03-17 18:15:22,952 - root - INFO - [31mstep: 1791  [32mloss:  2.7344  [38;2;180;60;0mgrad_norm:  1.1188  [38;2;54;234;195mmemory: 22.44GiB(28.24%)  [34mtps: 133  [36mtflops: 6.42  [35mmfu: 0.65%[39m
[rank0]:[titan] 2026-03-17 18:15:38,364 - root - INFO - [31mstep: 1792  [32mloss:  2.7344  [38;2;180;60;0mgrad_norm:  1.1584  [38;2;54;234;195mmemory: 22.44GiB(28.24%)  [34mtps: 133  [36mtflops: 6.41  [35mmfu: 0.65%[39m
[rank0]:[titan] 2026-03-17 18:15:53,234 - root - INFO - [31mstep: 1793  [32mloss:  2.7031  [38;2;180;60;0mgrad_norm:  1.1235  [38;2;54;234;195mmemory: 22.44GiB(28.24%)  [34mtps: 138  [36mtflops: 6.65  [35mmfu: 0.67%[39m
[rank0]:[titan] 2026-03-17 18:16:08,276 - root - INFO - [31mstep: 1794  [32mloss:  2.7656  [38;2;180;60;0mgrad_norm:  1.3150  [38;2;54;234;195mmemory: 22.44GiB(28.24%)  [34mtps: 136  [36mtflops: 6.57  [35mmfu: 0.66%[39m
[rank0]:[titan] 2026-03-17 18:16:23,498 - root - INFO - [31mstep: 1795  [32mloss:  2.7656  [38;2;180;60;0mgrad_norm:  1.3971  [38;2;54;234;195mmemory: 22.44GiB(28.24%)  [34mtps: 135  [36mtflops: 6.49  [35mmfu: 0.66%[39m
[rank0]:[titan] 2026-03-17 18:16:38,483 - root - INFO - [31mstep: 1796  [32mloss:  2.7344  [38;2;180;60;0mgrad_norm:  1.3092  [38;2;54;234;195mmemory: 22.44GiB(28.24%)  [34mtps: 137  [36mtflops: 6.59  [35mmfu: 0.67%[39m
[rank0]:[titan] 2026-03-17 18:16:54,075 - root - INFO - [31mstep: 1797  [32mloss:  2.7500  [38;2;180;60;0mgrad_norm:  1.0552  [38;2;54;234;195mmemory: 22.44GiB(28.24%)  [34mtps: 131  [36mtflops: 6.34  [35mmfu: 0.64%[39m
[rank0]:[titan] 2026-03-17 18:17:09,669 - root - INFO - [31mstep: 1798  [32mloss:  2.7500  [38;2;180;60;0mgrad_norm:  1.2100  [38;2;54;234;195mmemory: 22.44GiB(28.24%)  [34mtps: 131  [36mtflops: 6.34  [35mmfu: 0.64%[39m
[rank0]:[titan] 2026-03-17 18:17:24,501 - root - INFO - [31mstep: 1799  [32mloss:  2.7812  [38;2;180;60;0mgrad_norm:  1.5088  [38;2;54;234;195mmemory: 22.44GiB(28.24%)  [34mtps: 138  [36mtflops: 6.66  [35mmfu: 0.67%[39m
[rank0]:[titan] 2026-03-17 18:17:39,615 - root - INFO - [31mstep: 1800  [32mloss:  2.8125  [38;2;180;60;0mgrad_norm:  1.5290  [38;2;54;234;195mmemory: 22.44GiB(28.24%)  [34mtps: 136  [36mtflops: 6.54  [35mmfu: 0.66%[39m
[rank0]:[titan] 2026-03-17 18:17:54,776 - root - INFO - [31mstep: 1801  [32mloss:  2.7344  [38;2;180;60;0mgrad_norm:  1.6925  [38;2;54;234;195mmemory: 22.44GiB(28.24%)  [34mtps: 135  [36mtflops: 6.52  [35mmfu: 0.66%[39m
[rank0]:[titan] 2026-03-17 18:18:10,133 - root - INFO - [31mstep: 1802  [32mloss:  2.7344  [38;2;180;60;0mgrad_norm:  1.4582  [38;2;54;234;195mmemory: 22.44GiB(28.24%)  [34mtps: 133  [36mtflops: 6.43  [35mmfu: 0.65%[39m
[rank0]:[titan] 2026-03-17 18:18:25,698 - root - INFO - [31mstep: 1803  [32mloss:  2.7500  [38;2;180;60;0mgrad_norm:  1.2091  [38;2;54;234;195mmemory: 22.44GiB(28.24%)  [34mtps: 132  [36mtflops: 6.35  [35mmfu: 0.64%[39m
[rank0]:[titan] 2026-03-17 18:18:41,001 - root - INFO - [31mstep: 1804  [32mloss:  2.8125  [38;2;180;60;0mgrad_norm:  1.3933  [38;2;54;234;195mmemory: 22.44GiB(28.24%)  [34mtps: 134  [36mtflops: 6.46  [35mmfu: 0.65%[39m
[rank0]:[titan] 2026-03-17 18:18:56,523 - root - INFO - [31mstep: 1805  [32mloss:  2.7656  [38;2;180;60;0mgrad_norm:  1.6775  [38;2;54;234;195mmemory: 22.44GiB(28.24%)  [34mtps: 132  [36mtflops: 6.37  [35mmfu: 0.64%[39m
[rank0]:[titan] 2026-03-17 18:19:12,103 - root - INFO - [31mstep: 1806  [32mloss:  2.7656  [38;2;180;60;0mgrad_norm:  1.3933  [38;2;54;234;195mmemory: 22.44GiB(28.24%)  [34mtps: 131  [36mtflops: 6.34  [35mmfu: 0.64%[39m
[rank0]:[titan] 2026-03-17 18:19:26,924 - root - INFO - [31mstep: 1807  [32mloss:  2.7500  [38;2;180;60;0mgrad_norm:  0.7687  [38;2;54;234;195mmemory: 22.44GiB(28.24%)  [34mtps: 138  [36mtflops: 6.67  [35mmfu: 0.67%[39m
[rank0]:[titan] 2026-03-17 18:19:42,183 - root - INFO - [31mstep: 1808  [32mloss:  2.7188  [38;2;180;60;0mgrad_norm:  0.9296  [38;2;54;234;195mmemory: 22.44GiB(28.24%)  [34mtps: 134  [36mtflops: 6.48  [35mmfu: 0.65%[39m
[rank0]:[titan] 2026-03-17 18:19:57,341 - root - INFO - [31mstep: 1809  [32mloss:  2.7344  [38;2;180;60;0mgrad_norm:  1.2168  [38;2;54;234;195mmemory: 22.44GiB(28.24%)  [34mtps: 135  [36mtflops: 6.52  [35mmfu: 0.66%[39m
[rank0]:[titan] 2026-03-17 18:20:12,301 - root - INFO - [31mstep: 1810  [32mloss:  2.6406  [38;2;180;60;0mgrad_norm:  1.0982  [38;2;54;234;195mmemory: 22.44GiB(28.24%)  [34mtps: 137  [36mtflops: 6.61  [35mmfu: 0.67%[39m
[rank0]:[titan] 2026-03-17 18:20:27,669 - root - INFO - [31mstep: 1811  [32mloss:  2.6719  [38;2;180;60;0mgrad_norm:  0.9906  [38;2;54;234;195mmemory: 22.44GiB(28.24%)  [34mtps: 133  [36mtflops: 6.43  [35mmfu: 0.65%[39m
[rank0]:[titan] 2026-03-17 18:20:43,094 - root - INFO - [31mstep: 1812  [32mloss:  2.6875  [38;2;180;60;0mgrad_norm:  1.1826  [38;2;54;234;195mmemory: 22.44GiB(28.24%)  [34mtps: 133  [36mtflops: 6.41  [35mmfu: 0.65%[39m
[rank0]:[titan] 2026-03-17 18:20:58,458 - root - INFO - [31mstep: 1813  [32mloss:  2.6875  [38;2;180;60;0mgrad_norm:  1.1636  [38;2;54;234;195mmemory: 22.44GiB(28.24%)  [34mtps: 133  [36mtflops: 6.43  [35mmfu: 0.65%[39m
[rank0]:[titan] 2026-03-17 18:21:13,374 - root - INFO - [31mstep: 1814  [32mloss:  2.7344  [38;2;180;60;0mgrad_norm:  1.2645  [38;2;54;234;195mmemory: 22.44GiB(28.24%)  [34mtps: 137  [36mtflops: 6.63  [35mmfu: 0.67%[39m
[rank0]:[titan] 2026-03-17 18:21:28,339 - root - INFO - [31mstep: 1815  [32mloss:  2.7344  [38;2;180;60;0mgrad_norm:  1.0541  [38;2;54;234;195mmemory: 22.44GiB(28.24%)  [34mtps: 137  [36mtflops: 6.60  [35mmfu: 0.67%[39m
[rank0]:[titan] 2026-03-17 18:21:43,684 - root - INFO - [31mstep: 1816  [32mloss:  2.7656  [38;2;180;60;0mgrad_norm:  1.0269  [38;2;54;234;195mmemory: 22.44GiB(28.24%)  [34mtps: 133  [36mtflops: 6.44  [35mmfu: 0.65%[39m
[rank0]:[titan] 2026-03-17 18:21:58,925 - root - INFO - [31mstep: 1817  [32mloss:  2.7812  [38;2;180;60;0mgrad_norm:  1.2997  [38;2;54;234;195mmemory: 22.44GiB(28.24%)  [34mtps: 134  [36mtflops: 6.48  [35mmfu: 0.66%[39m
[rank0]:[titan] 2026-03-17 18:22:14,349 - root - INFO - [31mstep: 1818  [32mloss:  2.7500  [38;2;180;60;0mgrad_norm:  1.5180  [38;2;54;234;195mmemory: 22.44GiB(28.24%)  [34mtps: 133  [36mtflops: 6.41  [35mmfu: 0.65%[39m
[rank0]:[titan] 2026-03-17 18:22:29,687 - root - INFO - [31mstep: 1819  [32mloss:  2.6719  [38;2;180;60;0mgrad_norm:  1.4027  [38;2;54;234;195mmemory: 22.44GiB(28.24%)  [34mtps: 134  [36mtflops: 6.44  [35mmfu: 0.65%[39m
[rank0]:[titan] 2026-03-17 18:22:44,676 - root - INFO - [31mstep: 1820  [32mloss:  2.7344  [38;2;180;60;0mgrad_norm:  1.0359  [38;2;54;234;195mmemory: 22.44GiB(28.24%)  [34mtps: 137  [36mtflops: 6.59  [35mmfu: 0.67%[39m
[rank0]:[titan] 2026-03-17 18:22:59,660 - root - INFO - [31mstep: 1821  [32mloss:  2.7188  [38;2;180;60;0mgrad_norm:  1.0665  [38;2;54;234;195mmemory: 22.44GiB(28.24%)  [34mtps: 137  [36mtflops: 6.59  [35mmfu: 0.67%[39m
[rank0]:[titan] 2026-03-17 18:23:14,675 - root - INFO - [31mstep: 1822  [32mloss:  2.7969  [38;2;180;60;0mgrad_norm:  1.3979  [38;2;54;234;195mmemory: 22.44GiB(28.24%)  [34mtps: 136  [36mtflops: 6.58  [35mmfu: 0.67%[39m
[rank0]:[titan] 2026-03-17 18:23:29,640 - root - INFO - [31mstep: 1823  [32mloss:  2.7812  [38;2;180;60;0mgrad_norm:  0.9212  [38;2;54;234;195mmemory: 22.44GiB(28.24%)  [34mtps: 137  [36mtflops: 6.60  [35mmfu: 0.67%[39m
[rank0]:[titan] 2026-03-17 18:23:45,090 - root - INFO - [31mstep: 1824  [32mloss:  2.7031  [38;2;180;60;0mgrad_norm:  0.8862  [38;2;54;234;195mmemory: 22.44GiB(28.24%)  [34mtps: 133  [36mtflops: 6.40  [35mmfu: 0.65%[39m
[rank0]:[titan] 2026-03-17 18:24:00,437 - root - INFO - [31mstep: 1825  [32mloss:  2.6875  [38;2;180;60;0mgrad_norm:  1.3583  [38;2;54;234;195mmemory: 22.44GiB(28.24%)  [34mtps: 133  [36mtflops: 6.44  [35mmfu: 0.65%[39m
[rank0]:[titan] 2026-03-17 18:24:15,693 - root - INFO - [31mstep: 1826  [32mloss:  2.7344  [38;2;180;60;0mgrad_norm:  1.1175  [38;2;54;234;195mmemory: 22.44GiB(28.24%)  [34mtps: 134  [36mtflops: 6.48  [35mmfu: 0.65%[39m
[rank0]:[titan] 2026-03-17 18:24:30,919 - root - INFO - [31mstep: 1827  [32mloss:  2.6875  [38;2;180;60;0mgrad_norm:  0.6661  [38;2;54;234;195mmemory: 22.44GiB(28.24%)  [34mtps: 135  [36mtflops: 6.49  [35mmfu: 0.66%[39m
[rank0]:[titan] 2026-03-17 18:24:46,165 - root - INFO - [31mstep: 1828  [32mloss:  2.7031  [38;2;180;60;0mgrad_norm:  1.0236  [38;2;54;234;195mmemory: 22.44GiB(28.24%)  [34mtps: 134  [36mtflops: 6.48  [35mmfu: 0.66%[39m
[rank0]:[titan] 2026-03-17 18:25:01,400 - root - INFO - [31mstep: 1829  [32mloss:  2.7188  [38;2;180;60;0mgrad_norm:  0.9297  [38;2;54;234;195mmemory: 22.44GiB(28.24%)  [34mtps: 134  [36mtflops: 6.49  [35mmfu: 0.66%[39m
[rank0]:[titan] 2026-03-17 18:25:16,437 - root - INFO - [31mstep: 1830  [32mloss:  2.7188  [38;2;180;60;0mgrad_norm:  1.0605  [38;2;54;234;195mmemory: 22.44GiB(28.24%)  [34mtps: 136  [36mtflops: 6.57  [35mmfu: 0.66%[39m
[rank0]:[titan] 2026-03-17 18:25:31,695 - root - INFO - [31mstep: 1831  [32mloss:  2.7344  [38;2;180;60;0mgrad_norm:  1.0581  [38;2;54;234;195mmemory: 22.44GiB(28.24%)  [34mtps: 134  [36mtflops: 6.48  [35mmfu: 0.65%[39m
[rank0]:[titan] 2026-03-17 18:25:47,387 - root - INFO - [31mstep: 1832  [32mloss:  2.7500  [38;2;180;60;0mgrad_norm:  1.1939  [38;2;54;234;195mmemory: 22.44GiB(28.24%)  [34mtps: 131  [36mtflops: 6.30  [35mmfu: 0.64%[39m
[rank0]:[titan] 2026-03-17 18:26:02,921 - root - INFO - [31mstep: 1833  [32mloss:  2.7969  [38;2;180;60;0mgrad_norm:  1.2010  [38;2;54;234;195mmemory: 22.44GiB(28.24%)  [34mtps: 132  [36mtflops: 6.36  [35mmfu: 0.64%[39m
[rank0]:[titan] 2026-03-17 18:26:18,671 - root - INFO - [31mstep: 1834  [32mloss:  2.7344  [38;2;180;60;0mgrad_norm:  0.6353  [38;2;54;234;195mmemory: 22.44GiB(28.24%)  [34mtps: 130  [36mtflops: 6.27  [35mmfu: 0.63%[39m
[rank0]:[titan] 2026-03-17 18:26:33,859 - root - INFO - [31mstep: 1835  [32mloss:  2.7031  [38;2;180;60;0mgrad_norm:  1.0941  [38;2;54;234;195mmemory: 22.44GiB(28.24%)  [34mtps: 135  [36mtflops: 6.51  [35mmfu: 0.66%[39m
[rank0]:[titan] 2026-03-17 18:26:49,180 - root - INFO - [31mstep: 1836  [32mloss:  2.7656  [38;2;180;60;0mgrad_norm:  1.4794  [38;2;54;234;195mmemory: 22.44GiB(28.24%)  [34mtps: 134  [36mtflops: 6.45  [35mmfu: 0.65%[39m
[rank0]:[titan] 2026-03-17 18:27:04,641 - root - INFO - [31mstep: 1837  [32mloss:  2.7500  [38;2;180;60;0mgrad_norm:  1.0732  [38;2;54;234;195mmemory: 22.44GiB(28.24%)  [34mtps: 132  [36mtflops: 6.39  [35mmfu: 0.65%[39m
[rank0]:[titan] 2026-03-17 18:27:19,924 - root - INFO - [31mstep: 1838  [32mloss:  2.7188  [38;2;180;60;0mgrad_norm:  1.0241  [38;2;54;234;195mmemory: 22.44GiB(28.24%)  [34mtps: 134  [36mtflops: 6.47  [35mmfu: 0.65%[39m
[rank0]:[titan] 2026-03-17 18:27:35,312 - root - INFO - [31mstep: 1839  [32mloss:  2.7188  [38;2;180;60;0mgrad_norm:  1.4239  [38;2;54;234;195mmemory: 22.44GiB(28.24%)  [34mtps: 133  [36mtflops: 6.42  [35mmfu: 0.65%[39m
[rank0]:[titan] 2026-03-17 18:27:50,619 - root - INFO - [31mstep: 1840  [32mloss:  2.7031  [38;2;180;60;0mgrad_norm:  0.8351  [38;2;54;234;195mmemory: 22.44GiB(28.24%)  [34mtps: 134  [36mtflops: 6.46  [35mmfu: 0.65%[39m
[rank0]:[titan] 2026-03-17 18:28:05,912 - root - INFO - [31mstep: 1841  [32mloss:  2.7031  [38;2;180;60;0mgrad_norm:  0.8460  [38;2;54;234;195mmemory: 22.44GiB(28.24%)  [34mtps: 134  [36mtflops: 6.46  [35mmfu: 0.65%[39m
[rank0]:[titan] 2026-03-17 18:28:20,782 - root - INFO - [31mstep: 1842  [32mloss:  2.7812  [38;2;180;60;0mgrad_norm:  1.0187  [38;2;54;234;195mmemory: 22.44GiB(28.24%)  [34mtps: 138  [36mtflops: 6.65  [35mmfu: 0.67%[39m
[rank0]:[titan] 2026-03-17 18:28:35,878 - root - INFO - [31mstep: 1843  [32mloss:  2.7188  [38;2;180;60;0mgrad_norm:  1.5435  [38;2;54;234;195mmemory: 22.44GiB(28.24%)  [34mtps: 136  [36mtflops: 6.55  [35mmfu: 0.66%[39m
[rank0]:[titan] 2026-03-17 18:28:51,060 - root - INFO - [31mstep: 1844  [32mloss:  2.7344  [38;2;180;60;0mgrad_norm:  1.5444  [38;2;54;234;195mmemory: 22.44GiB(28.24%)  [34mtps: 135  [36mtflops: 6.51  [35mmfu: 0.66%[39m
[rank0]:[titan] 2026-03-17 18:29:06,135 - root - INFO - [31mstep: 1845  [32mloss:  2.7188  [38;2;180;60;0mgrad_norm:  1.2105  [38;2;54;234;195mmemory: 22.44GiB(28.24%)  [34mtps: 136  [36mtflops: 6.56  [35mmfu: 0.66%[39m
[rank0]:[titan] 2026-03-17 18:29:20,976 - root - INFO - [31mstep: 1846  [32mloss:  2.7031  [38;2;180;60;0mgrad_norm:  1.0426  [38;2;54;234;195mmemory: 22.44GiB(28.24%)  [34mtps: 138  [36mtflops: 6.66  [35mmfu: 0.67%[39m
[rank0]:[titan] 2026-03-17 18:29:36,012 - root - INFO - [31mstep: 1847  [32mloss:  2.7031  [38;2;180;60;0mgrad_norm:  1.1115  [38;2;54;234;195mmemory: 22.44GiB(28.24%)  [34mtps: 136  [36mtflops: 6.57  [35mmfu: 0.66%[39m
[rank0]:[titan] 2026-03-17 18:29:51,448 - root - INFO - [31mstep: 1848  [32mloss:  2.6719  [38;2;180;60;0mgrad_norm:  1.4948  [38;2;54;234;195mmemory: 22.44GiB(28.24%)  [34mtps: 133  [36mtflops: 6.40  [35mmfu: 0.65%[39m
[rank0]:[titan] 2026-03-17 18:30:06,511 - root - INFO - [31mstep: 1849  [32mloss:  2.6875  [38;2;180;60;0mgrad_norm:  1.4537  [38;2;54;234;195mmemory: 22.44GiB(28.24%)  [34mtps: 136  [36mtflops: 6.56  [35mmfu: 0.66%[39m
[rank0]:[titan] 2026-03-17 18:30:21,826 - root - INFO - [31mstep: 1850  [32mloss:  2.6562  [38;2;180;60;0mgrad_norm:  1.2831  [38;2;54;234;195mmemory: 22.44GiB(28.24%)  [34mtps: 134  [36mtflops: 6.45  [35mmfu: 0.65%[39m
[rank0]:[titan] 2026-03-17 18:30:37,079 - root - INFO - [31mstep: 1851  [32mloss:  2.7812  [38;2;180;60;0mgrad_norm:  1.2474  [38;2;54;234;195mmemory: 22.44GiB(28.24%)  [34mtps: 134  [36mtflops: 6.48  [35mmfu: 0.66%[39m
[rank0]:[titan] 2026-03-17 18:30:52,007 - root - INFO - [31mstep: 1852  [32mloss:  2.7812  [38;2;180;60;0mgrad_norm:  1.1134  [38;2;54;234;195mmemory: 22.44GiB(28.24%)  [34mtps: 137  [36mtflops: 6.62  [35mmfu: 0.67%[39m
[rank0]:[titan] 2026-03-17 18:31:07,001 - root - INFO - [31mstep: 1853  [32mloss:  2.6719  [38;2;180;60;0mgrad_norm:  1.6690  [38;2;54;234;195mmemory: 22.44GiB(28.24%)  [34mtps: 137  [36mtflops: 6.59  [35mmfu: 0.67%[39m
[rank0]:[titan] 2026-03-17 18:31:22,137 - root - INFO - [31mstep: 1854  [32mloss:  2.7188  [38;2;180;60;0mgrad_norm:  1.5776  [38;2;54;234;195mmemory: 22.44GiB(28.24%)  [34mtps: 135  [36mtflops: 6.53  [35mmfu: 0.66%[39m
[rank0]:[titan] 2026-03-17 18:31:37,332 - root - INFO - [31mstep: 1855  [32mloss:  2.7812  [38;2;180;60;0mgrad_norm:  1.3275  [38;2;54;234;195mmemory: 22.44GiB(28.24%)  [34mtps: 135  [36mtflops: 6.50  [35mmfu: 0.66%[39m
[rank0]:[titan] 2026-03-17 18:31:52,489 - root - INFO - [31mstep: 1856  [32mloss:  2.7500  [38;2;180;60;0mgrad_norm:  1.2942  [38;2;54;234;195mmemory: 22.44GiB(28.24%)  [34mtps: 135  [36mtflops: 6.52  [35mmfu: 0.66%[39m
[rank0]:[titan] 2026-03-17 18:32:07,410 - root - INFO - [31mstep: 1857  [32mloss:  2.7031  [38;2;180;60;0mgrad_norm:  3.3388  [38;2;54;234;195mmemory: 22.44GiB(28.24%)  [34mtps: 137  [36mtflops: 6.62  [35mmfu: 0.67%[39m
[rank0]:[titan] 2026-03-17 18:32:22,657 - root - INFO - [31mstep: 1858  [32mloss:  2.7656  [38;2;180;60;0mgrad_norm:  2.2742  [38;2;54;234;195mmemory: 22.44GiB(28.24%)  [34mtps: 134  [36mtflops: 6.48  [35mmfu: 0.66%[39m
[rank0]:[titan] 2026-03-17 18:32:38,098 - root - INFO - [31mstep: 1859  [32mloss:  2.7969  [38;2;180;60;0mgrad_norm:  2.1205  [38;2;54;234;195mmemory: 22.44GiB(28.24%)  [34mtps: 133  [36mtflops: 6.40  [35mmfu: 0.65%[39m
[rank0]:[titan] 2026-03-17 18:32:53,203 - root - INFO - [31mstep: 1860  [32mloss:  2.7031  [38;2;180;60;0mgrad_norm:  1.5070  [38;2;54;234;195mmemory: 22.44GiB(28.24%)  [34mtps: 136  [36mtflops: 6.54  [35mmfu: 0.66%[39m
[rank0]:[titan] 2026-03-17 18:33:08,229 - root - INFO - [31mstep: 1861  [32mloss:  2.7344  [38;2;180;60;0mgrad_norm:  1.1881  [38;2;54;234;195mmemory: 22.44GiB(28.24%)  [34mtps: 136  [36mtflops: 6.58  [35mmfu: 0.67%[39m
[rank0]:[titan] 2026-03-17 18:33:23,652 - root - INFO - [31mstep: 1862  [32mloss:  2.7344  [38;2;180;60;0mgrad_norm:  1.5507  [38;2;54;234;195mmemory: 22.44GiB(28.24%)  [34mtps: 133  [36mtflops: 6.41  [35mmfu: 0.65%[39m
[rank0]:[titan] 2026-03-17 18:33:38,985 - root - INFO - [31mstep: 1863  [32mloss:  2.7656  [38;2;180;60;0mgrad_norm:  1.6109  [38;2;54;234;195mmemory: 22.44GiB(28.24%)  [34mtps: 134  [36mtflops: 6.45  [35mmfu: 0.65%[39m
[rank0]:[titan] 2026-03-17 18:33:54,497 - root - INFO - [31mstep: 1864  [32mloss:  2.7969  [38;2;180;60;0mgrad_norm:  1.4605  [38;2;54;234;195mmemory: 22.44GiB(28.24%)  [34mtps: 132  [36mtflops: 6.37  [35mmfu: 0.64%[39m
[rank0]:[titan] 2026-03-17 18:34:09,648 - root - INFO - [31mstep: 1865  [32mloss:  2.8125  [38;2;180;60;0mgrad_norm:  1.4719  [38;2;54;234;195mmemory: 22.44GiB(28.24%)  [34mtps: 135  [36mtflops: 6.52  [35mmfu: 0.66%[39m
[rank0]:[titan] 2026-03-17 18:34:25,070 - root - INFO - [31mstep: 1866  [32mloss:  2.8438  [38;2;180;60;0mgrad_norm:  1.2935  [38;2;54;234;195mmemory: 22.44GiB(28.24%)  [34mtps: 133  [36mtflops: 6.41  [35mmfu: 0.65%[39m
[rank0]:[titan] 2026-03-17 18:34:40,256 - root - INFO - [31mstep: 1867  [32mloss:  2.7969  [38;2;180;60;0mgrad_norm:  1.5088  [38;2;54;234;195mmemory: 22.44GiB(28.24%)  [34mtps: 135  [36mtflops: 6.51  [35mmfu: 0.66%[39m
[rank0]:[titan] 2026-03-17 18:34:55,544 - root - INFO - [31mstep: 1868  [32mloss:  2.8125  [38;2;180;60;0mgrad_norm:  1.3996  [38;2;54;234;195mmemory: 22.44GiB(28.24%)  [34mtps: 134  [36mtflops: 6.46  [35mmfu: 0.65%[39m
[rank0]:[titan] 2026-03-17 18:35:10,727 - root - INFO - [31mstep: 1869  [32mloss:  2.7812  [38;2;180;60;0mgrad_norm:  1.6424  [38;2;54;234;195mmemory: 22.44GiB(28.24%)  [34mtps: 135  [36mtflops: 6.51  [35mmfu: 0.66%[39m
[rank0]:[titan] 2026-03-17 18:35:25,811 - root - INFO - [31mstep: 1870  [32mloss:  2.7500  [38;2;180;60;0mgrad_norm:  1.1466  [38;2;54;234;195mmemory: 22.44GiB(28.24%)  [34mtps: 136  [36mtflops: 6.55  [35mmfu: 0.66%[39m
[rank0]:[titan] 2026-03-17 18:35:40,856 - root - INFO - [31mstep: 1871  [32mloss:  2.7500  [38;2;180;60;0mgrad_norm:  1.3739  [38;2;54;234;195mmemory: 22.44GiB(28.24%)  [34mtps: 136  [36mtflops: 6.57  [35mmfu: 0.66%[39m
[rank0]:[titan] 2026-03-17 18:35:55,868 - root - INFO - [31mstep: 1872  [32mloss:  2.7500  [38;2;180;60;0mgrad_norm:  1.4245  [38;2;54;234;195mmemory: 22.44GiB(28.24%)  [34mtps: 136  [36mtflops: 6.58  [35mmfu: 0.67%[39m
[rank0]:[titan] 2026-03-17 18:36:10,967 - root - INFO - [31mstep: 1873  [32mloss:  2.7344  [38;2;180;60;0mgrad_norm:  1.2483  [38;2;54;234;195mmemory: 22.44GiB(28.24%)  [34mtps: 136  [36mtflops: 6.54  [35mmfu: 0.66%[39m
[rank0]:[titan] 2026-03-17 18:36:26,404 - root - INFO - [31mstep: 1874  [32mloss:  2.7344  [38;2;180;60;0mgrad_norm:  1.4795  [38;2;54;234;195mmemory: 22.44GiB(28.24%)  [34mtps: 133  [36mtflops: 6.40  [35mmfu: 0.65%[39m
[rank0]:[titan] 2026-03-17 18:36:41,825 - root - INFO - [31mstep: 1875  [32mloss:  2.7969  [38;2;180;60;0mgrad_norm:  1.8503  [38;2;54;234;195mmemory: 22.44GiB(28.24%)  [34mtps: 133  [36mtflops: 6.41  [35mmfu: 0.65%[39m
[rank0]:[titan] 2026-03-17 18:36:56,875 - root - INFO - [31mstep: 1876  [32mloss:  2.7656  [38;2;180;60;0mgrad_norm:  1.5418  [38;2;54;234;195mmemory: 22.44GiB(28.24%)  [34mtps: 136  [36mtflops: 6.57  [35mmfu: 0.66%[39m
[rank0]:[titan] 2026-03-17 18:37:11,954 - root - INFO - [31mstep: 1877  [32mloss:  2.7812  [38;2;180;60;0mgrad_norm:  1.5226  [38;2;54;234;195mmemory: 22.44GiB(28.24%)  [34mtps: 136  [36mtflops: 6.55  [35mmfu: 0.66%[39m
[rank0]:[titan] 2026-03-17 18:37:27,144 - root - INFO - [31mstep: 1878  [32mloss:  2.7500  [38;2;180;60;0mgrad_norm:  1.4796  [38;2;54;234;195mmemory: 22.44GiB(28.24%)  [34mtps: 135  [36mtflops: 6.51  [35mmfu: 0.66%[39m
[rank0]:[titan] 2026-03-17 18:37:41,186 - root - INFO - [31mstep: 1879  [32mloss:  2.7500  [38;2;180;60;0mgrad_norm:  1.3248  [38;2;54;234;195mmemory: 22.44GiB(28.24%)  [34mtps: 146  [36mtflops: 7.04  [35mmfu: 0.71%[39m
[rank0]:[titan] 2026-03-17 18:37:56,351 - root - INFO - [31mstep: 1880  [32mloss:  2.7344  [38;2;180;60;0mgrad_norm:  1.2294  [38;2;54;234;195mmemory: 22.44GiB(28.24%)  [34mtps: 135  [36mtflops: 6.52  [35mmfu: 0.66%[39m
[rank0]:[titan] 2026-03-17 18:38:12,072 - root - INFO - [31mstep: 1881  [32mloss:  2.6719  [38;2;180;60;0mgrad_norm:  1.1350  [38;2;54;234;195mmemory: 22.44GiB(28.24%)  [34mtps: 130  [36mtflops: 6.29  [35mmfu: 0.64%[39m
[rank0]:[titan] 2026-03-17 18:38:27,153 - root - INFO - [31mstep: 1882  [32mloss:  2.7188  [38;2;180;60;0mgrad_norm:  1.2889  [38;2;54;234;195mmemory: 22.44GiB(28.24%)  [34mtps: 136  [36mtflops: 6.55  [35mmfu: 0.66%[39m
[rank0]:[titan] 2026-03-17 18:38:42,208 - root - INFO - [31mstep: 1883  [32mloss:  2.7969  [38;2;180;60;0mgrad_norm:  1.0456  [38;2;54;234;195mmemory: 22.44GiB(28.24%)  [34mtps: 136  [36mtflops: 6.56  [35mmfu: 0.66%[39m
[rank0]:[titan] 2026-03-17 18:38:57,429 - root - INFO - [31mstep: 1884  [32mloss:  2.8594  [38;2;180;60;0mgrad_norm:  1.3141  [38;2;54;234;195mmemory: 22.44GiB(28.24%)  [34mtps: 135  [36mtflops: 6.49  [35mmfu: 0.66%[39m
[rank0]:[titan] 2026-03-17 18:39:13,149 - root - INFO - [31mstep: 1885  [32mloss:  2.7812  [38;2;180;60;0mgrad_norm:  1.4649  [38;2;54;234;195mmemory: 22.44GiB(28.24%)  [34mtps: 130  [36mtflops: 6.29  [35mmfu: 0.64%[39m
[rank0]:[titan] 2026-03-17 18:39:28,730 - root - INFO - [31mstep: 1886  [32mloss:  2.7812  [38;2;180;60;0mgrad_norm:  1.1844  [38;2;54;234;195mmemory: 22.44GiB(28.24%)  [34mtps: 131  [36mtflops: 6.34  [35mmfu: 0.64%[39m
[rank0]:[titan] 2026-03-17 18:39:43,342 - root - INFO - [31mstep: 1887  [32mloss:  2.7656  [38;2;180;60;0mgrad_norm:  0.8397  [38;2;54;234;195mmemory: 22.44GiB(28.24%)  [34mtps: 140  [36mtflops: 6.76  [35mmfu: 0.68%[39m
[rank0]:[titan] 2026-03-17 18:39:58,589 - root - INFO - [31mstep: 1888  [32mloss:  2.7188  [38;2;180;60;0mgrad_norm:  0.9730  [38;2;54;234;195mmemory: 22.44GiB(28.24%)  [34mtps: 134  [36mtflops: 6.48  [35mmfu: 0.66%[39m
[rank0]:[titan] 2026-03-17 18:40:13,857 - root - INFO - [31mstep: 1889  [32mloss:  2.7656  [38;2;180;60;0mgrad_norm:  1.2761  [38;2;54;234;195mmemory: 22.44GiB(28.24%)  [34mtps: 134  [36mtflops: 6.47  [35mmfu: 0.65%[39m
[rank0]:[titan] 2026-03-17 18:40:29,095 - root - INFO - [31mstep: 1890  [32mloss:  2.6719  [38;2;180;60;0mgrad_norm:  1.0409  [38;2;54;234;195mmemory: 22.44GiB(28.24%)  [34mtps: 134  [36mtflops: 6.48  [35mmfu: 0.66%[39m
[rank0]:[titan] 2026-03-17 18:40:44,070 - root - INFO - [31mstep: 1891  [32mloss:  2.6875  [38;2;180;60;0mgrad_norm:  0.8164  [38;2;54;234;195mmemory: 22.44GiB(28.24%)  [34mtps: 137  [36mtflops: 6.60  [35mmfu: 0.67%[39m
[rank0]:[titan] 2026-03-17 18:40:59,125 - root - INFO - [31mstep: 1892  [32mloss:  2.6875  [38;2;180;60;0mgrad_norm:  1.0703  [38;2;54;234;195mmemory: 22.44GiB(28.24%)  [34mtps: 136  [36mtflops: 6.56  [35mmfu: 0.66%[39m
[rank0]:[titan] 2026-03-17 18:41:14,061 - root - INFO - [31mstep: 1893  [32mloss:  2.7344  [38;2;180;60;0mgrad_norm:  1.1743  [38;2;54;234;195mmemory: 22.44GiB(28.24%)  [34mtps: 137  [36mtflops: 6.62  [35mmfu: 0.67%[39m
[rank0]:[titan] 2026-03-17 18:41:29,206 - root - INFO - [31mstep: 1894  [32mloss:  2.7344  [38;2;180;60;0mgrad_norm:  1.1518  [38;2;54;234;195mmemory: 22.44GiB(28.24%)  [34mtps: 135  [36mtflops: 6.52  [35mmfu: 0.66%[39m
[rank0]:[titan] 2026-03-17 18:41:44,221 - root - INFO - [31mstep: 1895  [32mloss:  2.6875  [38;2;180;60;0mgrad_norm:  1.3403  [38;2;54;234;195mmemory: 22.44GiB(28.24%)  [34mtps: 136  [36mtflops: 6.58  [35mmfu: 0.67%[39m
[rank0]:[titan] 2026-03-17 18:41:59,247 - root - INFO - [31mstep: 1896  [32mloss:  2.6875  [38;2;180;60;0mgrad_norm:  1.0901  [38;2;54;234;195mmemory: 22.44GiB(28.24%)  [34mtps: 136  [36mtflops: 6.58  [35mmfu: 0.66%[39m
[rank0]:[titan] 2026-03-17 18:42:14,374 - root - INFO - [31mstep: 1897  [32mloss:  2.6562  [38;2;180;60;0mgrad_norm:  1.3447  [38;2;54;234;195mmemory: 22.44GiB(28.24%)  [34mtps: 135  [36mtflops: 6.53  [35mmfu: 0.66%[39m
[rank0]:[titan] 2026-03-17 18:42:29,541 - root - INFO - [31mstep: 1898  [32mloss:  2.7500  [38;2;180;60;0mgrad_norm:  1.2068  [38;2;54;234;195mmemory: 22.44GiB(28.24%)  [34mtps: 135  [36mtflops: 6.52  [35mmfu: 0.66%[39m
[rank0]:[titan] 2026-03-17 18:42:44,963 - root - INFO - [31mstep: 1899  [32mloss:  2.6875  [38;2;180;60;0mgrad_norm:  1.1172  [38;2;54;234;195mmemory: 22.44GiB(28.24%)  [34mtps: 133  [36mtflops: 6.41  [35mmfu: 0.65%[39m
[rank0]:[titan] 2026-03-17 18:43:00,050 - root - INFO - [31mstep: 1900  [32mloss:  2.7344  [38;2;180;60;0mgrad_norm:  1.0335  [38;2;54;234;195mmemory: 22.44GiB(28.24%)  [34mtps: 136  [36mtflops: 6.55  [35mmfu: 0.66%[39m
[rank0]:[titan] 2026-03-17 18:43:15,236 - root - INFO - [31mstep: 1901  [32mloss:  2.7500  [38;2;180;60;0mgrad_norm:  0.8897  [38;2;54;234;195mmemory: 22.44GiB(28.24%)  [34mtps: 135  [36mtflops: 6.51  [35mmfu: 0.66%[39m
[rank0]:[titan] 2026-03-17 18:43:30,463 - root - INFO - [31mstep: 1902  [32mloss:  2.7500  [38;2;180;60;0mgrad_norm:  1.1813  [38;2;54;234;195mmemory: 22.44GiB(28.24%)  [34mtps: 134  [36mtflops: 6.49  [35mmfu: 0.66%[39m
[rank0]:[titan] 2026-03-17 18:43:30,466 - root - WARNING - Dataset c4_test is being re-looped
[rank0]:[titan] 2026-03-17 18:43:45,467 - root - INFO - [31mstep: 1903  [32mloss:  2.7500  [38;2;180;60;0mgrad_norm:  1.3723  [38;2;54;234;195mmemory: 22.44GiB(28.24%)  [34mtps: 137  [36mtflops: 6.59  [35mmfu: 0.67%[39m
[rank0]:[titan] 2026-03-17 18:44:00,433 - root - INFO - [31mstep: 1904  [32mloss:  2.7656  [38;2;180;60;0mgrad_norm:  1.1559  [38;2;54;234;195mmemory: 22.44GiB(28.24%)  [34mtps: 137  [36mtflops: 6.60  [35mmfu: 0.67%[39m
[rank0]:[titan] 2026-03-17 18:44:15,808 - root - INFO - [31mstep: 1905  [32mloss:  2.7969  [38;2;180;60;0mgrad_norm:  1.0687  [38;2;54;234;195mmemory: 22.44GiB(28.24%)  [34mtps: 133  [36mtflops: 6.43  [35mmfu: 0.65%[39m
[rank0]:[titan] 2026-03-17 18:44:31,503 - root - INFO - [31mstep: 1906  [32mloss:  2.7812  [38;2;180;60;0mgrad_norm:  1.0085  [38;2;54;234;195mmemory: 22.44GiB(28.24%)  [34mtps: 130  [36mtflops: 6.30  [35mmfu: 0.64%[39m
[rank0]:[titan] 2026-03-17 18:44:46,575 - root - INFO - [31mstep: 1907  [32mloss:  2.7656  [38;2;180;60;0mgrad_norm:  1.0938  [38;2;54;234;195mmemory: 22.44GiB(28.24%)  [34mtps: 136  [36mtflops: 6.56  [35mmfu: 0.66%[39m
[rank0]:[titan] 2026-03-17 18:45:02,193 - root - INFO - [31mstep: 1908  [32mloss:  2.7812  [38;2;180;60;0mgrad_norm:  1.4923  [38;2;54;234;195mmemory: 22.44GiB(28.24%)  [34mtps: 131  [36mtflops: 6.33  [35mmfu: 0.64%[39m
[rank0]:[titan] 2026-03-17 18:45:17,430 - root - INFO - [31mstep: 1909  [32mloss:  2.6875  [38;2;180;60;0mgrad_norm:  1.1053  [38;2;54;234;195mmemory: 22.44GiB(28.24%)  [34mtps: 134  [36mtflops: 6.49  [35mmfu: 0.66%[39m
[rank0]:[titan] 2026-03-17 18:45:32,673 - root - INFO - [31mstep: 1910  [32mloss:  2.7031  [38;2;180;60;0mgrad_norm:  1.0439  [38;2;54;234;195mmemory: 22.44GiB(28.24%)  [34mtps: 134  [36mtflops: 6.48  [35mmfu: 0.66%[39m
[rank0]:[titan] 2026-03-17 18:45:48,040 - root - INFO - [31mstep: 1911  [32mloss:  2.7344  [38;2;180;60;0mgrad_norm:  1.2343  [38;2;54;234;195mmemory: 22.44GiB(28.24%)  [34mtps: 133  [36mtflops: 6.43  [35mmfu: 0.65%[39m
[rank0]:[titan] 2026-03-17 18:46:03,271 - root - INFO - [31mstep: 1912  [32mloss:  2.6875  [38;2;180;60;0mgrad_norm:  1.2077  [38;2;54;234;195mmemory: 22.44GiB(28.24%)  [34mtps: 134  [36mtflops: 6.49  [35mmfu: 0.66%[39m
[rank0]:[titan] 2026-03-17 18:46:18,475 - root - INFO - [31mstep: 1913  [32mloss:  2.7031  [38;2;180;60;0mgrad_norm:  0.9391  [38;2;54;234;195mmemory: 22.44GiB(28.24%)  [34mtps: 135  [36mtflops: 6.50  [35mmfu: 0.66%[39m
[rank0]:[titan] 2026-03-17 18:46:34,040 - root - INFO - [31mstep: 1914  [32mloss:  2.7344  [38;2;180;60;0mgrad_norm:  1.0787  [38;2;54;234;195mmemory: 22.44GiB(28.24%)  [34mtps: 132  [36mtflops: 6.35  [35mmfu: 0.64%[39m
[rank0]:[titan] 2026-03-17 18:46:49,390 - root - INFO - [31mstep: 1915  [32mloss:  2.7812  [38;2;180;60;0mgrad_norm:  1.0231  [38;2;54;234;195mmemory: 22.44GiB(28.24%)  [34mtps: 133  [36mtflops: 6.44  [35mmfu: 0.65%[39m
[rank0]:[titan] 2026-03-17 18:47:04,385 - root - INFO - [31mstep: 1916  [32mloss:  2.8125  [38;2;180;60;0mgrad_norm:  1.2601  [38;2;54;234;195mmemory: 22.44GiB(28.24%)  [34mtps: 137  [36mtflops: 6.59  [35mmfu: 0.67%[39m
[rank0]:[titan] 2026-03-17 18:47:19,485 - root - INFO - [31mstep: 1917  [32mloss:  2.7656  [38;2;180;60;0mgrad_norm:  1.1253  [38;2;54;234;195mmemory: 22.44GiB(28.24%)  [34mtps: 136  [36mtflops: 6.54  [35mmfu: 0.66%[39m
[rank0]:[titan] 2026-03-17 18:47:34,441 - root - INFO - [31mstep: 1918  [32mloss:  2.7500  [38;2;180;60;0mgrad_norm:  0.7535  [38;2;54;234;195mmemory: 22.44GiB(28.24%)  [34mtps: 137  [36mtflops: 6.61  [35mmfu: 0.67%[39m
[rank0]:[titan] 2026-03-17 18:47:49,718 - root - INFO - [31mstep: 1919  [32mloss:  2.7188  [38;2;180;60;0mgrad_norm:  0.9532  [38;2;54;234;195mmemory: 22.44GiB(28.24%)  [34mtps: 134  [36mtflops: 6.47  [35mmfu: 0.65%[39m
[rank0]:[titan] 2026-03-17 18:48:04,717 - root - INFO - [31mstep: 1920  [32mloss:  2.7344  [38;2;180;60;0mgrad_norm:  0.9749  [38;2;54;234;195mmemory: 22.44GiB(28.24%)  [34mtps: 137  [36mtflops: 6.59  [35mmfu: 0.67%[39m
[rank0]:[titan] 2026-03-17 18:48:19,777 - root - INFO - [31mstep: 1921  [32mloss:  2.7812  [38;2;180;60;0mgrad_norm:  1.0950  [38;2;54;234;195mmemory: 22.44GiB(28.24%)  [34mtps: 136  [36mtflops: 6.56  [35mmfu: 0.66%[39m
[rank0]:[titan] 2026-03-17 18:48:35,252 - root - INFO - [31mstep: 1922  [32mloss:  2.7344  [38;2;180;60;0mgrad_norm:  1.0930  [38;2;54;234;195mmemory: 22.44GiB(28.24%)  [34mtps: 132  [36mtflops: 6.39  [35mmfu: 0.65%[39m
[rank0]:[titan] 2026-03-17 18:48:50,397 - root - INFO - [31mstep: 1923  [32mloss:  2.7500  [38;2;180;60;0mgrad_norm:  0.8425  [38;2;54;234;195mmemory: 22.44GiB(28.24%)  [34mtps: 135  [36mtflops: 6.53  [35mmfu: 0.66%[39m
[rank0]:[titan] 2026-03-17 18:49:05,598 - root - INFO - [31mstep: 1924  [32mloss:  2.7344  [38;2;180;60;0mgrad_norm:  1.0191  [38;2;54;234;195mmemory: 22.44GiB(28.24%)  [34mtps: 135  [36mtflops: 6.50  [35mmfu: 0.66%[39m
[rank0]:[titan] 2026-03-17 18:49:20,770 - root - INFO - [31mstep: 1925  [32mloss:  2.7031  [38;2;180;60;0mgrad_norm:  1.2332  [38;2;54;234;195mmemory: 22.44GiB(28.24%)  [34mtps: 135  [36mtflops: 6.51  [35mmfu: 0.66%[39m
[rank0]:[titan] 2026-03-17 18:49:36,188 - root - INFO - [31mstep: 1926  [32mloss:  2.6719  [38;2;180;60;0mgrad_norm:  1.0235  [38;2;54;234;195mmemory: 22.44GiB(28.24%)  [34mtps: 133  [36mtflops: 6.41  [35mmfu: 0.65%[39m
[rank0]:[titan] 2026-03-17 18:49:51,267 - root - INFO - [31mstep: 1927  [32mloss:  2.7812  [38;2;180;60;0mgrad_norm:  1.2627  [38;2;54;234;195mmemory: 22.44GiB(28.24%)  [34mtps: 136  [36mtflops: 6.55  [35mmfu: 0.66%[39m
[rank0]:[titan] 2026-03-17 18:50:06,848 - root - INFO - [31mstep: 1928  [32mloss:  2.8281  [38;2;180;60;0mgrad_norm:  1.1681  [38;2;54;234;195mmemory: 22.44GiB(28.24%)  [34mtps: 131  [36mtflops: 6.34  [35mmfu: 0.64%[39m
[rank0]:[titan] 2026-03-17 18:50:22,145 - root - INFO - [31mstep: 1929  [32mloss:  2.7812  [38;2;180;60;0mgrad_norm:  1.1109  [38;2;54;234;195mmemory: 22.44GiB(28.24%)  [34mtps: 134  [36mtflops: 6.46  [35mmfu: 0.65%[39m
[rank0]:[titan] 2026-03-17 18:50:37,153 - root - INFO - [31mstep: 1930  [32mloss:  2.7500  [38;2;180;60;0mgrad_norm:  1.3136  [38;2;54;234;195mmemory: 22.44GiB(28.24%)  [34mtps: 136  [36mtflops: 6.58  [35mmfu: 0.67%[39m
[rank0]:[titan] 2026-03-17 18:50:52,653 - root - INFO - [31mstep: 1931  [32mloss:  2.7656  [38;2;180;60;0mgrad_norm:  1.6339  [38;2;54;234;195mmemory: 22.44GiB(28.24%)  [34mtps: 132  [36mtflops: 6.38  [35mmfu: 0.64%[39m
[rank0]:[titan] 2026-03-17 18:51:08,159 - root - INFO - [31mstep: 1932  [32mloss:  2.7812  [38;2;180;60;0mgrad_norm:  1.3452  [38;2;54;234;195mmemory: 22.44GiB(28.24%)  [34mtps: 132  [36mtflops: 6.37  [35mmfu: 0.64%[39m
[rank0]:[titan] 2026-03-17 18:51:23,174 - root - INFO - [31mstep: 1933  [32mloss:  2.7500  [38;2;180;60;0mgrad_norm:  0.8798  [38;2;54;234;195mmemory: 22.44GiB(28.24%)  [34mtps: 136  [36mtflops: 6.58  [35mmfu: 0.67%[39m
[rank0]:[titan] 2026-03-17 18:51:38,192 - root - INFO - [31mstep: 1934  [32mloss:  2.7344  [38;2;180;60;0mgrad_norm:  1.2767  [38;2;54;234;195mmemory: 22.44GiB(28.24%)  [34mtps: 136  [36mtflops: 6.58  [35mmfu: 0.67%[39m
[rank0]:[titan] 2026-03-17 18:51:53,191 - root - INFO - [31mstep: 1935  [32mloss:  2.7500  [38;2;180;60;0mgrad_norm:  1.3826  [38;2;54;234;195mmemory: 22.44GiB(28.24%)  [34mtps: 137  [36mtflops: 6.59  [35mmfu: 0.67%[39m
[rank0]:[titan] 2026-03-17 18:52:08,203 - root - INFO - [31mstep: 1936  [32mloss:  2.7500  [38;2;180;60;0mgrad_norm:  0.9962  [38;2;54;234;195mmemory: 22.44GiB(28.24%)  [34mtps: 136  [36mtflops: 6.58  [35mmfu: 0.67%[39m
[rank0]:[titan] 2026-03-17 18:52:23,207 - root - INFO - [31mstep: 1937  [32mloss:  2.7656  [38;2;180;60;0mgrad_norm:  0.8130  [38;2;54;234;195mmemory: 22.44GiB(28.24%)  [34mtps: 137  [36mtflops: 6.59  [35mmfu: 0.67%[39m
[rank0]:[titan] 2026-03-17 18:52:38,175 - root - INFO - [31mstep: 1938  [32mloss:  2.7031  [38;2;180;60;0mgrad_norm:  0.8916  [38;2;54;234;195mmemory: 22.44GiB(28.24%)  [34mtps: 137  [36mtflops: 6.60  [35mmfu: 0.67%[39m
[rank0]:[titan] 2026-03-17 18:52:53,324 - root - INFO - [31mstep: 1939  [32mloss:  2.7188  [38;2;180;60;0mgrad_norm:  1.2260  [38;2;54;234;195mmemory: 22.44GiB(28.24%)  [34mtps: 135  [36mtflops: 6.52  [35mmfu: 0.66%[39m
[rank0]:[titan] 2026-03-17 18:53:08,116 - root - INFO - [31mstep: 1940  [32mloss:  2.7188  [38;2;180;60;0mgrad_norm:  1.0546  [38;2;54;234;195mmemory: 22.44GiB(28.24%)  [34mtps: 138  [36mtflops: 6.68  [35mmfu: 0.68%[39m
[rank0]:[titan] 2026-03-17 18:53:23,031 - root - INFO - [31mstep: 1941  [32mloss:  2.6875  [38;2;180;60;0mgrad_norm:  1.0971  [38;2;54;234;195mmemory: 22.44GiB(28.24%)  [34mtps: 137  [36mtflops: 6.63  [35mmfu: 0.67%[39m
[rank0]:[titan] 2026-03-17 18:53:38,179 - root - INFO - [31mstep: 1942  [32mloss:  2.7656  [38;2;180;60;0mgrad_norm:  1.3514  [38;2;54;234;195mmemory: 22.44GiB(28.24%)  [34mtps: 135  [36mtflops: 6.52  [35mmfu: 0.66%[39m
[rank0]:[titan] 2026-03-17 18:53:53,370 - root - INFO - [31mstep: 1943  [32mloss:  2.7656  [38;2;180;60;0mgrad_norm:  1.3512  [38;2;54;234;195mmemory: 22.44GiB(28.24%)  [34mtps: 135  [36mtflops: 6.51  [35mmfu: 0.66%[39m
[rank0]:[titan] 2026-03-17 18:54:08,573 - root - INFO - [31mstep: 1944  [32mloss:  2.7500  [38;2;180;60;0mgrad_norm:  1.2981  [38;2;54;234;195mmemory: 22.44GiB(28.24%)  [34mtps: 135  [36mtflops: 6.50  [35mmfu: 0.66%[39m
[rank0]:[titan] 2026-03-17 18:54:23,617 - root - INFO - [31mstep: 1945  [32mloss:  2.7500  [38;2;180;60;0mgrad_norm:  1.2156  [38;2;54;234;195mmemory: 22.44GiB(28.24%)  [34mtps: 136  [36mtflops: 6.57  [35mmfu: 0.66%[39m
[rank0]:[titan] 2026-03-17 18:54:38,830 - root - INFO - [31mstep: 1946  [32mloss:  2.7344  [38;2;180;60;0mgrad_norm:  1.1749  [38;2;54;234;195mmemory: 22.44GiB(28.24%)  [34mtps: 135  [36mtflops: 6.50  [35mmfu: 0.66%[39m
[rank0]:[titan] 2026-03-17 18:54:54,131 - root - INFO - [31mstep: 1947  [32mloss:  2.7344  [38;2;180;60;0mgrad_norm:  0.8382  [38;2;54;234;195mmemory: 22.44GiB(28.24%)  [34mtps: 134  [36mtflops: 6.46  [35mmfu: 0.65%[39m
[rank0]:[titan] 2026-03-17 18:55:08,441 - root - INFO - [31mstep: 1948  [32mloss:  2.7188  [38;2;180;60;0mgrad_norm:  1.0782  [38;2;54;234;195mmemory: 22.44GiB(28.24%)  [34mtps: 143  [36mtflops: 6.91  [35mmfu: 0.70%[39m
[rank0]:[titan] 2026-03-17 18:55:23,606 - root - INFO - [31mstep: 1949  [32mloss:  2.7812  [38;2;180;60;0mgrad_norm:  1.3051  [38;2;54;234;195mmemory: 22.44GiB(28.24%)  [34mtps: 135  [36mtflops: 6.52  [35mmfu: 0.66%[39m
[rank0]:[titan] 2026-03-17 18:55:38,861 - root - INFO - [31mstep: 1950  [32mloss:  2.7812  [38;2;180;60;0mgrad_norm:  1.1563  [38;2;54;234;195mmemory: 22.44GiB(28.24%)  [34mtps: 134  [36mtflops: 6.48  [35mmfu: 0.66%[39m
[rank0]:[titan] 2026-03-17 18:55:53,651 - root - INFO - [31mstep: 1951  [32mloss:  2.7344  [38;2;180;60;0mgrad_norm:  0.9411  [38;2;54;234;195mmemory: 22.44GiB(28.24%)  [34mtps: 138  [36mtflops: 6.68  [35mmfu: 0.68%[39m
[rank0]:[titan] 2026-03-17 18:56:08,874 - root - INFO - [31mstep: 1952  [32mloss:  2.7031  [38;2;180;60;0mgrad_norm:  0.9680  [38;2;54;234;195mmemory: 22.44GiB(28.24%)  [34mtps: 135  [36mtflops: 6.49  [35mmfu: 0.66%[39m
[rank0]:[titan] 2026-03-17 18:56:23,857 - root - INFO - [31mstep: 1953  [32mloss:  2.6719  [38;2;180;60;0mgrad_norm:  1.4661  [38;2;54;234;195mmemory: 22.44GiB(28.24%)  [34mtps: 137  [36mtflops: 6.60  [35mmfu: 0.67%[39m
[rank0]:[titan] 2026-03-17 18:56:38,754 - root - INFO - [31mstep: 1954  [32mloss:  2.7812  [38;2;180;60;0mgrad_norm:  1.4109  [38;2;54;234;195mmemory: 22.44GiB(28.24%)  [34mtps: 137  [36mtflops: 6.63  [35mmfu: 0.67%[39m
[rank0]:[titan] 2026-03-17 18:56:53,996 - root - INFO - [31mstep: 1955  [32mloss:  2.6562  [38;2;180;60;0mgrad_norm:  0.9863  [38;2;54;234;195mmemory: 22.44GiB(28.24%)  [34mtps: 134  [36mtflops: 6.48  [35mmfu: 0.66%[39m
[rank0]:[titan] 2026-03-17 18:57:09,043 - root - INFO - [31mstep: 1956  [32mloss:  2.7344  [38;2;180;60;0mgrad_norm:  0.8533  [38;2;54;234;195mmemory: 22.44GiB(28.24%)  [34mtps: 136  [36mtflops: 6.57  [35mmfu: 0.66%[39m
[rank0]:[titan] 2026-03-17 18:57:24,056 - root - INFO - [31mstep: 1957  [32mloss:  2.7500  [38;2;180;60;0mgrad_norm:  1.2662  [38;2;54;234;195mmemory: 22.44GiB(28.24%)  [34mtps: 136  [36mtflops: 6.58  [35mmfu: 0.67%[39m
[rank0]:[titan] 2026-03-17 18:57:39,004 - root - INFO - [31mstep: 1958  [32mloss:  2.6875  [38;2;180;60;0mgrad_norm:  1.3288  [38;2;54;234;195mmemory: 22.44GiB(28.24%)  [34mtps: 137  [36mtflops: 6.61  [35mmfu: 0.67%[39m
[rank0]:[titan] 2026-03-17 18:57:53,964 - root - INFO - [31mstep: 1959  [32mloss:  2.7500  [38;2;180;60;0mgrad_norm:  1.2243  [38;2;54;234;195mmemory: 22.44GiB(28.24%)  [34mtps: 137  [36mtflops: 6.61  [35mmfu: 0.67%[39m
[rank0]:[titan] 2026-03-17 18:58:08,977 - root - INFO - [31mstep: 1960  [32mloss:  2.7188  [38;2;180;60;0mgrad_norm:  1.1976  [38;2;54;234;195mmemory: 22.44GiB(28.24%)  [34mtps: 136  [36mtflops: 6.58  [35mmfu: 0.67%[39m
[rank0]:[titan] 2026-03-17 18:58:24,422 - root - INFO - [31mstep: 1961  [32mloss:  2.7188  [38;2;180;60;0mgrad_norm:  1.0860  [38;2;54;234;195mmemory: 22.44GiB(28.24%)  [34mtps: 133  [36mtflops: 6.40  [35mmfu: 0.65%[39m
[rank0]:[titan] 2026-03-17 18:58:39,616 - root - INFO - [31mstep: 1962  [32mloss:  2.7656  [38;2;180;60;0mgrad_norm:  0.8440  [38;2;54;234;195mmemory: 22.44GiB(28.24%)  [34mtps: 135  [36mtflops: 6.50  [35mmfu: 0.66%[39m
[rank0]:[titan] 2026-03-17 18:58:54,990 - root - INFO - [31mstep: 1963  [32mloss:  2.7188  [38;2;180;60;0mgrad_norm:  1.2234  [38;2;54;234;195mmemory: 22.44GiB(28.24%)  [34mtps: 133  [36mtflops: 6.43  [35mmfu: 0.65%[39m
[rank0]:[titan] 2026-03-17 18:59:10,228 - root - INFO - [31mstep: 1964  [32mloss:  2.7031  [38;2;180;60;0mgrad_norm:  0.7887  [38;2;54;234;195mmemory: 22.44GiB(28.24%)  [34mtps: 134  [36mtflops: 6.49  [35mmfu: 0.66%[39m
[rank0]:[titan] 2026-03-17 18:59:25,231 - root - INFO - [31mstep: 1965  [32mloss:  2.7344  [38;2;180;60;0mgrad_norm:  1.0126  [38;2;54;234;195mmemory: 22.44GiB(28.24%)  [34mtps: 137  [36mtflops: 6.59  [35mmfu: 0.67%[39m
[rank0]:[titan] 2026-03-17 18:59:40,433 - root - INFO - [31mstep: 1966  [32mloss:  2.7188  [38;2;180;60;0mgrad_norm:  1.1061  [38;2;54;234;195mmemory: 22.44GiB(28.24%)  [34mtps: 135  [36mtflops: 6.50  [35mmfu: 0.66%[39m
[rank0]:[titan] 2026-03-17 18:59:55,454 - root - INFO - [31mstep: 1967  [32mloss:  2.7812  [38;2;180;60;0mgrad_norm:  0.9066  [38;2;54;234;195mmemory: 22.44GiB(28.24%)  [34mtps: 136  [36mtflops: 6.58  [35mmfu: 0.67%[39m
[rank0]:[titan] 2026-03-17 19:00:10,402 - root - INFO - [31mstep: 1968  [32mloss:  2.7812  [38;2;180;60;0mgrad_norm:  0.9989  [38;2;54;234;195mmemory: 22.44GiB(28.24%)  [34mtps: 137  [36mtflops: 6.61  [35mmfu: 0.67%[39m
[rank0]:[titan] 2026-03-17 19:00:25,678 - root - INFO - [31mstep: 1969  [32mloss:  2.7500  [38;2;180;60;0mgrad_norm:  1.0145  [38;2;54;234;195mmemory: 22.44GiB(28.24%)  [34mtps: 134  [36mtflops: 6.47  [35mmfu: 0.65%[39m
[rank0]:[titan] 2026-03-17 19:00:41,061 - root - INFO - [31mstep: 1970  [32mloss:  2.7344  [38;2;180;60;0mgrad_norm:  1.3042  [38;2;54;234;195mmemory: 22.44GiB(28.24%)  [34mtps: 133  [36mtflops: 6.42  [35mmfu: 0.65%[39m
[rank0]:[titan] 2026-03-17 19:00:56,342 - root - INFO - [31mstep: 1971  [32mloss:  2.7344  [38;2;180;60;0mgrad_norm:  1.0767  [38;2;54;234;195mmemory: 22.44GiB(28.24%)  [34mtps: 134  [36mtflops: 6.47  [35mmfu: 0.65%[39m
[rank0]:[titan] 2026-03-17 19:01:11,453 - root - INFO - [31mstep: 1972  [32mloss:  2.6875  [38;2;180;60;0mgrad_norm:  1.3673  [38;2;54;234;195mmemory: 22.44GiB(28.24%)  [34mtps: 136  [36mtflops: 6.54  [35mmfu: 0.66%[39m
[rank0]:[titan] 2026-03-17 19:01:26,792 - root - INFO - [31mstep: 1973  [32mloss:  2.7031  [38;2;180;60;0mgrad_norm:  1.4981  [38;2;54;234;195mmemory: 22.44GiB(28.24%)  [34mtps: 134  [36mtflops: 6.44  [35mmfu: 0.65%[39m
[rank0]:[titan] 2026-03-17 19:01:42,000 - root - INFO - [31mstep: 1974  [32mloss:  2.8438  [38;2;180;60;0mgrad_norm:  1.4029  [38;2;54;234;195mmemory: 22.44GiB(28.24%)  [34mtps: 135  [36mtflops: 6.50  [35mmfu: 0.66%[39m
[rank0]:[titan] 2026-03-17 19:01:57,372 - root - INFO - [31mstep: 1975  [32mloss:  2.7969  [38;2;180;60;0mgrad_norm:  1.2926  [38;2;54;234;195mmemory: 22.44GiB(28.24%)  [34mtps: 133  [36mtflops: 6.43  [35mmfu: 0.65%[39m
[rank0]:[titan] 2026-03-17 19:02:12,497 - root - INFO - [31mstep: 1976  [32mloss:  2.7188  [38;2;180;60;0mgrad_norm:  1.3843  [38;2;54;234;195mmemory: 22.44GiB(28.24%)  [34mtps: 135  [36mtflops: 6.53  [35mmfu: 0.66%[39m
[rank0]:[titan] 2026-03-17 19:02:27,446 - root - INFO - [31mstep: 1977  [32mloss:  2.7031  [38;2;180;60;0mgrad_norm:  1.3704  [38;2;54;234;195mmemory: 22.44GiB(28.24%)  [34mtps: 137  [36mtflops: 6.61  [35mmfu: 0.67%[39m
[rank0]:[titan] 2026-03-17 19:02:42,897 - root - INFO - [31mstep: 1978  [32mloss:  2.6562  [38;2;180;60;0mgrad_norm:  1.1722  [38;2;54;234;195mmemory: 22.44GiB(28.24%)  [34mtps: 133  [36mtflops: 6.40  [35mmfu: 0.65%[39m
[rank0]:[titan] 2026-03-17 19:02:58,142 - root - INFO - [31mstep: 1979  [32mloss:  2.7031  [38;2;180;60;0mgrad_norm:  1.1055  [38;2;54;234;195mmemory: 22.44GiB(28.24%)  [34mtps: 134  [36mtflops: 6.48  [35mmfu: 0.66%[39m
[rank0]:[titan] 2026-03-17 19:03:13,401 - root - INFO - [31mstep: 1980  [32mloss:  2.6875  [38;2;180;60;0mgrad_norm:  1.2079  [38;2;54;234;195mmemory: 22.44GiB(28.24%)  [34mtps: 134  [36mtflops: 6.48  [35mmfu: 0.65%[39m
[rank0]:[titan] 2026-03-17 19:03:28,903 - root - INFO - [31mstep: 1981  [32mloss:  2.6406  [38;2;180;60;0mgrad_norm:  1.4944  [38;2;54;234;195mmemory: 22.44GiB(28.24%)  [34mtps: 132  [36mtflops: 6.37  [35mmfu: 0.64%[39m
[rank0]:[titan] 2026-03-17 19:03:44,382 - root - INFO - [31mstep: 1982  [32mloss:  2.6875  [38;2;180;60;0mgrad_norm:  0.9065  [38;2;54;234;195mmemory: 22.44GiB(28.24%)  [34mtps: 132  [36mtflops: 6.38  [35mmfu: 0.65%[39m
[rank0]:[titan] 2026-03-17 19:03:59,486 - root - INFO - [31mstep: 1983  [32mloss:  2.6875  [38;2;180;60;0mgrad_norm:  1.1149  [38;2;54;234;195mmemory: 22.44GiB(28.24%)  [34mtps: 136  [36mtflops: 6.54  [35mmfu: 0.66%[39m
[rank0]:[titan] 2026-03-17 19:04:14,744 - root - INFO - [31mstep: 1984  [32mloss:  2.6875  [38;2;180;60;0mgrad_norm:  1.2270  [38;2;54;234;195mmemory: 22.44GiB(28.24%)  [34mtps: 134  [36mtflops: 6.48  [35mmfu: 0.65%[39m
[rank0]:[titan] 2026-03-17 19:04:30,121 - root - INFO - [31mstep: 1985  [32mloss:  2.7344  [38;2;180;60;0mgrad_norm:  1.1458  [38;2;54;234;195mmemory: 22.44GiB(28.24%)  [34mtps: 133  [36mtflops: 6.43  [35mmfu: 0.65%[39m
[rank0]:[titan] 2026-03-17 19:04:45,215 - root - INFO - [31mstep: 1986  [32mloss:  2.7188  [38;2;180;60;0mgrad_norm:  1.0553  [38;2;54;234;195mmemory: 22.44GiB(28.24%)  [34mtps: 136  [36mtflops: 6.55  [35mmfu: 0.66%[39m
[rank0]:[titan] 2026-03-17 19:05:00,583 - root - INFO - [31mstep: 1987  [32mloss:  2.7031  [38;2;180;60;0mgrad_norm:  0.9496  [38;2;54;234;195mmemory: 22.44GiB(28.24%)  [34mtps: 133  [36mtflops: 6.43  [35mmfu: 0.65%[39m
[rank0]:[titan] 2026-03-17 19:05:15,741 - root - INFO - [31mstep: 1988  [32mloss:  2.7344  [38;2;180;60;0mgrad_norm:  1.2371  [38;2;54;234;195mmemory: 22.44GiB(28.24%)  [34mtps: 135  [36mtflops: 6.52  [35mmfu: 0.66%[39m
[rank0]:[titan] 2026-03-17 19:05:31,079 - root - INFO - [31mstep: 1989  [32mloss:  2.7031  [38;2;180;60;0mgrad_norm:  1.1938  [38;2;54;234;195mmemory: 22.44GiB(28.24%)  [34mtps: 134  [36mtflops: 6.44  [35mmfu: 0.65%[39m
[rank0]:[titan] 2026-03-17 19:05:46,442 - root - INFO - [31mstep: 1990  [32mloss:  2.7500  [38;2;180;60;0mgrad_norm:  1.4357  [38;2;54;234;195mmemory: 22.44GiB(28.24%)  [34mtps: 133  [36mtflops: 6.43  [35mmfu: 0.65%[39m
[rank0]:[titan] 2026-03-17 19:06:01,492 - root - INFO - [31mstep: 1991  [32mloss:  2.7812  [38;2;180;60;0mgrad_norm:  1.2901  [38;2;54;234;195mmemory: 22.44GiB(28.24%)  [34mtps: 136  [36mtflops: 6.57  [35mmfu: 0.66%[39m
[rank0]:[titan] 2026-03-17 19:06:16,425 - root - INFO - [31mstep: 1992  [32mloss:  2.7656  [38;2;180;60;0mgrad_norm:  1.0558  [38;2;54;234;195mmemory: 22.44GiB(28.24%)  [34mtps: 137  [36mtflops: 6.62  [35mmfu: 0.67%[39m
[rank0]:[titan] 2026-03-17 19:06:31,614 - root - INFO - [31mstep: 1993  [32mloss:  2.7188  [38;2;180;60;0mgrad_norm:  1.0939  [38;2;54;234;195mmemory: 22.44GiB(28.24%)  [34mtps: 135  [36mtflops: 6.51  [35mmfu: 0.66%[39m
[rank0]:[titan] 2026-03-17 19:06:47,284 - root - INFO - [31mstep: 1994  [32mloss:  2.7188  [38;2;180;60;0mgrad_norm:  1.2184  [38;2;54;234;195mmemory: 22.44GiB(28.24%)  [34mtps: 131  [36mtflops: 6.31  [35mmfu: 0.64%[39m
[rank0]:[titan] 2026-03-17 19:07:02,458 - root - INFO - [31mstep: 1995  [32mloss:  2.7656  [38;2;180;60;0mgrad_norm:  1.1641  [38;2;54;234;195mmemory: 22.44GiB(28.24%)  [34mtps: 135  [36mtflops: 6.51  [35mmfu: 0.66%[39m
[rank0]:[titan] 2026-03-17 19:07:17,603 - root - INFO - [31mstep: 1996  [32mloss:  2.8281  [38;2;180;60;0mgrad_norm:  1.5539  [38;2;54;234;195mmemory: 22.44GiB(28.24%)  [34mtps: 135  [36mtflops: 6.53  [35mmfu: 0.66%[39m
[rank0]:[titan] 2026-03-17 19:07:32,766 - root - INFO - [31mstep: 1997  [32mloss:  2.7031  [38;2;180;60;0mgrad_norm:  1.5204  [38;2;54;234;195mmemory: 22.44GiB(28.24%)  [34mtps: 135  [36mtflops: 6.52  [35mmfu: 0.66%[39m
[rank0]:[titan] 2026-03-17 19:07:47,995 - root - INFO - [31mstep: 1998  [32mloss:  2.7344  [38;2;180;60;0mgrad_norm:  1.4391  [38;2;54;234;195mmemory: 22.44GiB(28.24%)  [34mtps: 134  [36mtflops: 6.49  [35mmfu: 0.66%[39m
[rank0]:[titan] 2026-03-17 19:08:02,104 - root - INFO - [31mstep: 1999  [32mloss:  2.6875  [38;2;180;60;0mgrad_norm:  1.4633  [38;2;54;234;195mmemory: 22.44GiB(28.24%)  [34mtps: 145  [36mtflops: 7.00  [35mmfu: 0.71%[39m
[rank0]:[titan] 2026-03-17 19:08:17,547 - root - INFO - [31mstep: 2000  [32mloss:  2.6875  [38;2;180;60;0mgrad_norm:  1.4430  [38;2;54;234;195mmemory: 22.44GiB(28.24%)  [34mtps: 133  [36mtflops: 6.40  [35mmfu: 0.65%[39m
[rank0]:[titan] 2026-03-17 19:08:33,047 - root - INFO - [31mstep: 2001  [32mloss:  2.7188  [38;2;180;60;0mgrad_norm:  1.3563  [38;2;54;234;195mmemory: 22.44GiB(28.24%)  [34mtps: 132  [36mtflops: 6.38  [35mmfu: 0.64%[39m
[rank0]:[titan] 2026-03-17 19:08:48,358 - root - INFO - [31mstep: 2002  [32mloss:  2.7188  [38;2;180;60;0mgrad_norm:  1.2748  [38;2;54;234;195mmemory: 22.44GiB(28.24%)  [34mtps: 134  [36mtflops: 6.45  [35mmfu: 0.65%[39m
[rank0]:[titan] 2026-03-17 19:09:03,366 - root - INFO - [31mstep: 2003  [32mloss:  2.6875  [38;2;180;60;0mgrad_norm:  1.2122  [38;2;54;234;195mmemory: 22.44GiB(28.24%)  [34mtps: 136  [36mtflops: 6.58  [35mmfu: 0.67%[39m
[rank0]:[titan] 2026-03-17 19:09:18,174 - root - INFO - [31mstep: 2004  [32mloss:  2.7031  [38;2;180;60;0mgrad_norm:  1.1686  [38;2;54;234;195mmemory: 22.44GiB(28.24%)  [34mtps: 138  [36mtflops: 6.67  [35mmfu: 0.67%[39m
[rank0]:[titan] 2026-03-17 19:09:33,185 - root - INFO - [31mstep: 2005  [32mloss:  2.7188  [38;2;180;60;0mgrad_norm:  1.3069  [38;2;54;234;195mmemory: 22.44GiB(28.24%)  [34mtps: 136  [36mtflops: 6.58  [35mmfu: 0.67%[39m
[rank0]:[titan] 2026-03-17 19:09:48,374 - root - INFO - [31mstep: 2006  [32mloss:  2.7188  [38;2;180;60;0mgrad_norm:  1.0258  [38;2;54;234;195mmemory: 22.44GiB(28.24%)  [34mtps: 135  [36mtflops: 6.51  [35mmfu: 0.66%[39m
[rank0]:[titan] 2026-03-17 19:10:03,451 - root - INFO - [31mstep: 2007  [32mloss:  2.7656  [38;2;180;60;0mgrad_norm:  0.9054  [38;2;54;234;195mmemory: 22.44GiB(28.24%)  [34mtps: 136  [36mtflops: 6.55  [35mmfu: 0.66%[39m
[rank0]:[titan] 2026-03-17 19:10:19,015 - root - INFO - [31mstep: 2008  [32mloss:  2.7344  [38;2;180;60;0mgrad_norm:  1.1053  [38;2;54;234;195mmemory: 22.44GiB(28.24%)  [34mtps: 132  [36mtflops: 6.35  [35mmfu: 0.64%[39m
[rank0]:[titan] 2026-03-17 19:10:33,308 - root - INFO - [31mstep: 2009  [32mloss:  2.6875  [38;2;180;60;0mgrad_norm:  1.0083  [38;2;54;234;195mmemory: 22.44GiB(28.24%)  [34mtps: 143  [36mtflops: 6.91  [35mmfu: 0.70%[39m
[rank0]:[titan] 2026-03-17 19:10:48,752 - root - INFO - [31mstep: 2010  [32mloss:  2.7188  [38;2;180;60;0mgrad_norm:  0.7463  [38;2;54;234;195mmemory: 22.44GiB(28.24%)  [34mtps: 133  [36mtflops: 6.40  [35mmfu: 0.65%[39m
[rank0]:[titan] 2026-03-17 19:11:04,452 - root - INFO - [31mstep: 2011  [32mloss:  2.7344  [38;2;180;60;0mgrad_norm:  0.8491  [38;2;54;234;195mmemory: 22.44GiB(28.24%)  [34mtps: 130  [36mtflops: 6.29  [35mmfu: 0.64%[39m
[rank0]:[titan] 2026-03-17 19:11:19,556 - root - INFO - [31mstep: 2012  [32mloss:  2.7031  [38;2;180;60;0mgrad_norm:  1.0645  [38;2;54;234;195mmemory: 22.44GiB(28.24%)  [34mtps: 136  [36mtflops: 6.54  [35mmfu: 0.66%[39m
[rank0]:[titan] 2026-03-17 19:11:34,667 - root - INFO - [31mstep: 2013  [32mloss:  2.7188  [38;2;180;60;0mgrad_norm:  0.8537  [38;2;54;234;195mmemory: 22.44GiB(28.24%)  [34mtps: 136  [36mtflops: 6.54  [35mmfu: 0.66%[39m
[rank0]:[titan] 2026-03-17 19:11:49,734 - root - INFO - [31mstep: 2014  [32mloss:  2.7188  [38;2;180;60;0mgrad_norm:  1.0663  [38;2;54;234;195mmemory: 22.44GiB(28.24%)  [34mtps: 136  [36mtflops: 6.56  [35mmfu: 0.66%[39m
[rank0]:[titan] 2026-03-17 19:12:04,842 - root - INFO - [31mstep: 2015  [32mloss:  2.7500  [38;2;180;60;0mgrad_norm:  1.2487  [38;2;54;234;195mmemory: 22.44GiB(28.24%)  [34mtps: 136  [36mtflops: 6.54  [35mmfu: 0.66%[39m
[rank0]:[titan] 2026-03-17 19:12:20,513 - root - INFO - [31mstep: 2016  [32mloss:  2.6875  [38;2;180;60;0mgrad_norm:  1.2557  [38;2;54;234;195mmemory: 22.44GiB(28.24%)  [34mtps: 131  [36mtflops: 6.31  [35mmfu: 0.64%[39m
[rank0]:[titan] 2026-03-17 19:12:35,761 - root - INFO - [31mstep: 2017  [32mloss:  2.7188  [38;2;180;60;0mgrad_norm:  1.0105  [38;2;54;234;195mmemory: 22.44GiB(28.24%)  [34mtps: 134  [36mtflops: 6.48  [35mmfu: 0.66%[39m
[rank0]:[titan] 2026-03-17 19:12:51,127 - root - INFO - [31mstep: 2018  [32mloss:  2.7812  [38;2;180;60;0mgrad_norm:  1.1214  [38;2;54;234;195mmemory: 22.44GiB(28.24%)  [34mtps: 133  [36mtflops: 6.43  [35mmfu: 0.65%[39m
[rank0]:[titan] 2026-03-17 19:13:06,317 - root - INFO - [31mstep: 2019  [32mloss:  2.7344  [38;2;180;60;0mgrad_norm:  1.0417  [38;2;54;234;195mmemory: 22.44GiB(28.24%)  [34mtps: 135  [36mtflops: 6.51  [35mmfu: 0.66%[39m
[rank0]:[titan] 2026-03-17 19:13:21,369 - root - INFO - [31mstep: 2020  [32mloss:  2.6562  [38;2;180;60;0mgrad_norm:  1.0777  [38;2;54;234;195mmemory: 22.44GiB(28.24%)  [34mtps: 136  [36mtflops: 6.57  [35mmfu: 0.66%[39m
[rank0]:[titan] 2026-03-17 19:13:36,524 - root - INFO - [31mstep: 2021  [32mloss:  2.7344  [38;2;180;60;0mgrad_norm:  0.9930  [38;2;54;234;195mmemory: 22.44GiB(28.24%)  [34mtps: 135  [36mtflops: 6.52  [35mmfu: 0.66%[39m
[rank0]:[titan] 2026-03-17 19:13:51,867 - root - INFO - [31mstep: 2022  [32mloss:  2.7500  [38;2;180;60;0mgrad_norm:  0.6552  [38;2;54;234;195mmemory: 22.44GiB(28.24%)  [34mtps: 133  [36mtflops: 6.44  [35mmfu: 0.65%[39m
[rank0]:[titan] 2026-03-17 19:14:07,284 - root - INFO - [31mstep: 2023  [32mloss:  2.7031  [38;2;180;60;0mgrad_norm:  1.0534  [38;2;54;234;195mmemory: 22.44GiB(28.24%)  [34mtps: 133  [36mtflops: 6.41  [35mmfu: 0.65%[39m
[rank0]:[titan] 2026-03-17 19:14:22,646 - root - INFO - [31mstep: 2024  [32mloss:  2.6875  [38;2;180;60;0mgrad_norm:  1.0353  [38;2;54;234;195mmemory: 22.44GiB(28.24%)  [34mtps: 133  [36mtflops: 6.43  [35mmfu: 0.65%[39m
[rank0]:[titan] 2026-03-17 19:14:38,329 - root - INFO - [31mstep: 2025  [32mloss:  2.7344  [38;2;180;60;0mgrad_norm:  1.9158  [38;2;54;234;195mmemory: 22.44GiB(28.24%)  [34mtps: 131  [36mtflops: 6.30  [35mmfu: 0.64%[39m
[rank0]:[titan] 2026-03-17 19:14:53,642 - root - INFO - [31mstep: 2026  [32mloss:  2.6875  [38;2;180;60;0mgrad_norm:  1.0278  [38;2;54;234;195mmemory: 22.44GiB(28.24%)  [34mtps: 134  [36mtflops: 6.45  [35mmfu: 0.65%[39m
[rank0]:[titan] 2026-03-17 19:15:07,809 - root - INFO - [31mstep: 2027  [32mloss:  2.6719  [38;2;180;60;0mgrad_norm:  0.8449  [38;2;54;234;195mmemory: 22.44GiB(28.24%)  [34mtps: 145  [36mtflops: 6.98  [35mmfu: 0.71%[39m
[rank0]:[titan] 2026-03-17 19:15:23,286 - root - INFO - [31mstep: 2028  [32mloss:  2.7500  [38;2;180;60;0mgrad_norm:  0.8598  [38;2;54;234;195mmemory: 22.44GiB(28.24%)  [34mtps: 132  [36mtflops: 6.39  [35mmfu: 0.65%[39m
[rank0]:[titan] 2026-03-17 19:15:38,776 - root - INFO - [31mstep: 2029  [32mloss:  2.7188  [38;2;180;60;0mgrad_norm:  0.9543  [38;2;54;234;195mmemory: 22.44GiB(28.24%)  [34mtps: 132  [36mtflops: 6.38  [35mmfu: 0.65%[39m
[rank0]:[titan] 2026-03-17 19:15:53,872 - root - INFO - [31mstep: 2030  [32mloss:  2.7344  [38;2;180;60;0mgrad_norm:  0.9222  [38;2;54;234;195mmemory: 22.44GiB(28.24%)  [34mtps: 136  [36mtflops: 6.55  [35mmfu: 0.66%[39m
[rank0]:[titan] 2026-03-17 19:16:09,129 - root - INFO - [31mstep: 2031  [32mloss:  2.6875  [38;2;180;60;0mgrad_norm:  1.0262  [38;2;54;234;195mmemory: 22.44GiB(28.24%)  [34mtps: 134  [36mtflops: 6.48  [35mmfu: 0.66%[39m
[rank0]:[titan] 2026-03-17 19:16:24,098 - root - INFO - [31mstep: 2032  [32mloss:  2.7031  [38;2;180;60;0mgrad_norm:  0.8975  [38;2;54;234;195mmemory: 22.44GiB(28.24%)  [34mtps: 137  [36mtflops: 6.60  [35mmfu: 0.67%[39m
[rank0]:[titan] 2026-03-17 19:16:39,499 - root - INFO - [31mstep: 2033  [32mloss:  2.7031  [38;2;180;60;0mgrad_norm:  0.9899  [38;2;54;234;195mmemory: 22.44GiB(28.24%)  [34mtps: 133  [36mtflops: 6.42  [35mmfu: 0.65%[39m
[rank0]:[titan] 2026-03-17 19:16:54,802 - root - INFO - [31mstep: 2034  [32mloss:  2.7188  [38;2;180;60;0mgrad_norm:  1.0678  [38;2;54;234;195mmemory: 22.44GiB(28.24%)  [34mtps: 134  [36mtflops: 6.46  [35mmfu: 0.65%[39m
[rank0]:[titan] 2026-03-17 19:17:09,935 - root - INFO - [31mstep: 2035  [32mloss:  2.7031  [38;2;180;60;0mgrad_norm:  1.0341  [38;2;54;234;195mmemory: 22.44GiB(28.24%)  [34mtps: 135  [36mtflops: 6.53  [35mmfu: 0.66%[39m
[rank0]:[titan] 2026-03-17 19:17:24,913 - root - INFO - [31mstep: 2036  [32mloss:  2.6250  [38;2;180;60;0mgrad_norm:  1.0722  [38;2;54;234;195mmemory: 22.44GiB(28.24%)  [34mtps: 137  [36mtflops: 6.60  [35mmfu: 0.67%[39m
[rank0]:[titan] 2026-03-17 19:17:39,750 - root - INFO - [31mstep: 2037  [32mloss:  2.7188  [38;2;180;60;0mgrad_norm:  0.7553  [38;2;54;234;195mmemory: 22.44GiB(28.24%)  [34mtps: 138  [36mtflops: 6.66  [35mmfu: 0.67%[39m
[rank0]:[titan] 2026-03-17 19:17:54,948 - root - INFO - [31mstep: 2038  [32mloss:  2.7031  [38;2;180;60;0mgrad_norm:  1.2695  [38;2;54;234;195mmemory: 22.44GiB(28.24%)  [34mtps: 135  [36mtflops: 6.50  [35mmfu: 0.66%[39m
[rank0]:[titan] 2026-03-17 19:18:10,116 - root - INFO - [31mstep: 2039  [32mloss:  2.6562  [38;2;180;60;0mgrad_norm:  1.2607  [38;2;54;234;195mmemory: 22.44GiB(28.24%)  [34mtps: 135  [36mtflops: 6.52  [35mmfu: 0.66%[39m
[rank0]:[titan] 2026-03-17 19:18:25,101 - root - INFO - [31mstep: 2040  [32mloss:  2.6875  [38;2;180;60;0mgrad_norm:  1.4303  [38;2;54;234;195mmemory: 22.44GiB(28.24%)  [34mtps: 137  [36mtflops: 6.59  [35mmfu: 0.67%[39m
[rank0]:[titan] 2026-03-17 19:18:39,882 - root - INFO - [31mstep: 2041  [32mloss:  2.6562  [38;2;180;60;0mgrad_norm:  1.1070  [38;2;54;234;195mmemory: 22.44GiB(28.24%)  [34mtps: 139  [36mtflops: 6.69  [35mmfu: 0.68%[39m
[rank0]:[titan] 2026-03-17 19:18:54,918 - root - INFO - [31mstep: 2042  [32mloss:  2.6562  [38;2;180;60;0mgrad_norm:  0.7626  [38;2;54;234;195mmemory: 22.44GiB(28.24%)  [34mtps: 136  [36mtflops: 6.57  [35mmfu: 0.66%[39m
[rank0]:[titan] 2026-03-17 19:19:09,753 - root - INFO - [31mstep: 2043  [32mloss:  2.7188  [38;2;180;60;0mgrad_norm:  1.4384  [38;2;54;234;195mmemory: 22.44GiB(28.24%)  [34mtps: 138  [36mtflops: 6.66  [35mmfu: 0.67%[39m
[rank0]:[titan] 2026-03-17 19:19:24,748 - root - INFO - [31mstep: 2044  [32mloss:  2.7500  [38;2;180;60;0mgrad_norm:  1.3594  [38;2;54;234;195mmemory: 22.44GiB(28.24%)  [34mtps: 137  [36mtflops: 6.59  [35mmfu: 0.67%[39m
[rank0]:[titan] 2026-03-17 19:19:39,584 - root - INFO - [31mstep: 2045  [32mloss:  2.7031  [38;2;180;60;0mgrad_norm:  3.0700  [38;2;54;234;195mmemory: 22.44GiB(28.24%)  [34mtps: 138  [36mtflops: 6.66  [35mmfu: 0.67%[39m
[rank0]:[titan] 2026-03-17 19:19:54,976 - root - INFO - [31mstep: 2046  [32mloss:  2.7188  [38;2;180;60;0mgrad_norm:  1.1393  [38;2;54;234;195mmemory: 22.44GiB(28.24%)  [34mtps: 133  [36mtflops: 6.42  [35mmfu: 0.65%[39m
[rank0]:[titan] 2026-03-17 19:20:10,475 - root - INFO - [31mstep: 2047  [32mloss:  2.7812  [38;2;180;60;0mgrad_norm:  1.3561  [38;2;54;234;195mmemory: 22.44GiB(28.24%)  [34mtps: 132  [36mtflops: 6.38  [35mmfu: 0.64%[39m
[rank0]:[titan] 2026-03-17 19:20:25,814 - root - INFO - [31mstep: 2048  [32mloss:  2.7812  [38;2;180;60;0mgrad_norm:  1.1702  [38;2;54;234;195mmemory: 22.44GiB(28.24%)  [34mtps: 134  [36mtflops: 6.44  [35mmfu: 0.65%[39m
[rank0]:[titan] 2026-03-17 19:20:41,368 - root - INFO - [31mstep: 2049  [32mloss:  2.7500  [38;2;180;60;0mgrad_norm:  1.1224  [38;2;54;234;195mmemory: 22.44GiB(28.24%)  [34mtps: 132  [36mtflops: 6.35  [35mmfu: 0.64%[39m
[rank0]:[titan] 2026-03-17 19:20:56,309 - root - INFO - [31mstep: 2050  [32mloss:  2.7344  [38;2;180;60;0mgrad_norm:  1.1975  [38;2;54;234;195mmemory: 22.44GiB(28.24%)  [34mtps: 137  [36mtflops: 6.61  [35mmfu: 0.67%[39m
[rank0]:[titan] 2026-03-17 19:21:11,497 - root - INFO - [31mstep: 2051  [32mloss:  2.7656  [38;2;180;60;0mgrad_norm:  1.2728  [38;2;54;234;195mmemory: 22.44GiB(28.24%)  [34mtps: 135  [36mtflops: 6.51  [35mmfu: 0.66%[39m
[rank0]:[titan] 2026-03-17 19:21:26,744 - root - INFO - [31mstep: 2052  [32mloss:  2.7969  [38;2;180;60;0mgrad_norm:  1.4345  [38;2;54;234;195mmemory: 22.44GiB(28.24%)  [34mtps: 134  [36mtflops: 6.48  [35mmfu: 0.66%[39m
[rank0]:[titan] 2026-03-17 19:21:41,813 - root - INFO - [31mstep: 2053  [32mloss:  2.7500  [38;2;180;60;0mgrad_norm:  1.2852  [38;2;54;234;195mmemory: 22.44GiB(28.24%)  [34mtps: 136  [36mtflops: 6.56  [35mmfu: 0.66%[39m
[rank0]:[titan] 2026-03-17 19:21:56,784 - root - INFO - [31mstep: 2054  [32mloss:  2.7656  [38;2;180;60;0mgrad_norm:  0.9898  [38;2;54;234;195mmemory: 22.44GiB(28.24%)  [34mtps: 137  [36mtflops: 6.60  [35mmfu: 0.67%[39m
[rank0]:[titan] 2026-03-17 19:22:11,847 - root - INFO - [31mstep: 2055  [32mloss:  2.7812  [38;2;180;60;0mgrad_norm:  1.1937  [38;2;54;234;195mmemory: 22.44GiB(28.24%)  [34mtps: 136  [36mtflops: 6.56  [35mmfu: 0.66%[39m
[rank0]:[titan] 2026-03-17 19:22:27,110 - root - INFO - [31mstep: 2056  [32mloss:  2.7344  [38;2;180;60;0mgrad_norm:  1.0201  [38;2;54;234;195mmemory: 22.44GiB(28.24%)  [34mtps: 134  [36mtflops: 6.47  [35mmfu: 0.65%[39m
[rank0]:[titan] 2026-03-17 19:22:42,591 - root - INFO - [31mstep: 2057  [32mloss:  2.7344  [38;2;180;60;0mgrad_norm:  1.0145  [38;2;54;234;195mmemory: 22.44GiB(28.24%)  [34mtps: 132  [36mtflops: 6.38  [35mmfu: 0.65%[39m
[rank0]:[titan] 2026-03-17 19:22:58,008 - root - INFO - [31mstep: 2058  [32mloss:  2.6875  [38;2;180;60;0mgrad_norm:  1.5611  [38;2;54;234;195mmemory: 22.44GiB(28.24%)  [34mtps: 133  [36mtflops: 6.41  [35mmfu: 0.65%[39m
[rank0]:[titan] 2026-03-17 19:23:12,893 - root - INFO - [31mstep: 2059  [32mloss:  2.6875  [38;2;180;60;0mgrad_norm:  1.2803  [38;2;54;234;195mmemory: 22.44GiB(28.24%)  [34mtps: 138  [36mtflops: 6.64  [35mmfu: 0.67%[39m
[rank0]:[titan] 2026-03-17 19:23:28,021 - root - INFO - [31mstep: 2060  [32mloss:  2.7656  [38;2;180;60;0mgrad_norm:  1.1240  [38;2;54;234;195mmemory: 22.44GiB(28.24%)  [34mtps: 135  [36mtflops: 6.53  [35mmfu: 0.66%[39m
[rank0]:[titan] 2026-03-17 19:23:43,220 - root - INFO - [31mstep: 2061  [32mloss:  2.7344  [38;2;180;60;0mgrad_norm:  1.1141  [38;2;54;234;195mmemory: 22.44GiB(28.24%)  [34mtps: 135  [36mtflops: 6.50  [35mmfu: 0.66%[39m
[rank0]:[titan] 2026-03-17 19:23:58,274 - root - INFO - [31mstep: 2062  [32mloss:  2.7188  [38;2;180;60;0mgrad_norm:  1.2314  [38;2;54;234;195mmemory: 22.44GiB(28.24%)  [34mtps: 136  [36mtflops: 6.56  [35mmfu: 0.66%[39m
[rank0]:[titan] 2026-03-17 19:24:13,236 - root - INFO - [31mstep: 2063  [32mloss:  2.6562  [38;2;180;60;0mgrad_norm:  1.1139  [38;2;54;234;195mmemory: 22.44GiB(28.24%)  [34mtps: 137  [36mtflops: 6.60  [35mmfu: 0.67%[39m
[rank0]:[titan] 2026-03-17 19:24:26,533 - root - INFO - [31mstep: 2064  [32mloss:  2.6875  [38;2;180;60;0mgrad_norm:  0.9415  [38;2;54;234;195mmemory: 22.44GiB(28.24%)  [34mtps: 154  [36mtflops: 7.43  [35mmfu: 0.75%[39m
[rank0]:[titan] 2026-03-17 19:24:42,205 - root - INFO - [31mstep: 2065  [32mloss:  2.7188  [38;2;180;60;0mgrad_norm:  0.8543  [38;2;54;234;195mmemory: 22.44GiB(28.24%)  [34mtps: 131  [36mtflops: 6.31  [35mmfu: 0.64%[39m
[rank0]:[titan] 2026-03-17 19:24:58,202 - root - INFO - [31mstep: 2066  [32mloss:  2.7031  [38;2;180;60;0mgrad_norm:  1.1913  [38;2;54;234;195mmemory: 22.44GiB(28.24%)  [34mtps: 128  [36mtflops: 6.18  [35mmfu: 0.62%[39m
[rank0]:[titan] 2026-03-17 19:25:13,405 - root - INFO - [31mstep: 2067  [32mloss:  2.7188  [38;2;180;60;0mgrad_norm:  1.3365  [38;2;54;234;195mmemory: 22.44GiB(28.24%)  [34mtps: 135  [36mtflops: 6.50  [35mmfu: 0.66%[39m
[rank0]:[titan] 2026-03-17 19:25:28,413 - root - INFO - [31mstep: 2068  [32mloss:  2.7969  [38;2;180;60;0mgrad_norm:  1.2089  [38;2;54;234;195mmemory: 22.44GiB(28.24%)  [34mtps: 136  [36mtflops: 6.58  [35mmfu: 0.67%[39m
[rank0]:[titan] 2026-03-17 19:25:43,606 - root - INFO - [31mstep: 2069  [32mloss:  2.7500  [38;2;180;60;0mgrad_norm:  1.7354  [38;2;54;234;195mmemory: 22.44GiB(28.24%)  [34mtps: 135  [36mtflops: 6.50  [35mmfu: 0.66%[39m
[rank0]:[titan] 2026-03-17 19:25:58,822 - root - INFO - [31mstep: 2070  [32mloss:  2.8750  [38;2;180;60;0mgrad_norm:  1.4788  [38;2;54;234;195mmemory: 22.44GiB(28.24%)  [34mtps: 135  [36mtflops: 6.49  [35mmfu: 0.66%[39m
[rank0]:[titan] 2026-03-17 19:26:14,417 - root - INFO - [31mstep: 2071  [32mloss:  2.9375  [38;2;180;60;0mgrad_norm:  1.4492  [38;2;54;234;195mmemory: 22.44GiB(28.24%)  [34mtps: 131  [36mtflops: 6.34  [35mmfu: 0.64%[39m
[rank0]:[titan] 2026-03-17 19:26:29,633 - root - INFO - [31mstep: 2072  [32mloss:  2.7969  [38;2;180;60;0mgrad_norm:  1.0567  [38;2;54;234;195mmemory: 22.44GiB(28.24%)  [34mtps: 135  [36mtflops: 6.49  [35mmfu: 0.66%[39m
[rank0]:[titan] 2026-03-17 19:26:44,680 - root - INFO - [31mstep: 2073  [32mloss:  2.7500  [38;2;180;60;0mgrad_norm:  1.2348  [38;2;54;234;195mmemory: 22.44GiB(28.24%)  [34mtps: 136  [36mtflops: 6.57  [35mmfu: 0.66%[39m
[rank0]:[titan] 2026-03-17 19:26:59,704 - root - INFO - [31mstep: 2074  [32mloss:  2.7188  [38;2;180;60;0mgrad_norm:  1.3870  [38;2;54;234;195mmemory: 22.44GiB(28.24%)  [34mtps: 136  [36mtflops: 6.58  [35mmfu: 0.67%[39m
[rank0]:[titan] 2026-03-17 19:27:14,680 - root - INFO - [31mstep: 2075  [32mloss:  2.7969  [38;2;180;60;0mgrad_norm:  1.2901  [38;2;54;234;195mmemory: 22.44GiB(28.24%)  [34mtps: 137  [36mtflops: 6.60  [35mmfu: 0.67%[39m
[rank0]:[titan] 2026-03-17 19:27:29,654 - root - INFO - [31mstep: 2076  [32mloss:  2.7812  [38;2;180;60;0mgrad_norm:  1.1094  [38;2;54;234;195mmemory: 22.44GiB(28.24%)  [34mtps: 137  [36mtflops: 6.60  [35mmfu: 0.67%[39m
[rank0]:[titan] 2026-03-17 19:27:45,390 - root - INFO - [31mstep: 2077  [32mloss:  2.7812  [38;2;180;60;0mgrad_norm:  1.0847  [38;2;54;234;195mmemory: 22.44GiB(28.24%)  [34mtps: 130  [36mtflops: 6.28  [35mmfu: 0.63%[39m
[rank0]:[titan] 2026-03-17 19:28:00,842 - root - INFO - [31mstep: 2078  [32mloss:  2.7344  [38;2;180;60;0mgrad_norm:  1.3939  [38;2;54;234;195mmemory: 22.44GiB(28.24%)  [34mtps: 133  [36mtflops: 6.40  [35mmfu: 0.65%[39m
[rank0]:[titan] 2026-03-17 19:28:16,246 - root - INFO - [31mstep: 2079  [32mloss:  2.7188  [38;2;180;60;0mgrad_norm:  1.0388  [38;2;54;234;195mmemory: 22.44GiB(28.24%)  [34mtps: 133  [36mtflops: 6.42  [35mmfu: 0.65%[39m
[rank0]:[titan] 2026-03-17 19:28:31,387 - root - INFO - [31mstep: 2080  [32mloss:  2.6875  [38;2;180;60;0mgrad_norm:  0.9214  [38;2;54;234;195mmemory: 22.44GiB(28.24%)  [34mtps: 135  [36mtflops: 6.53  [35mmfu: 0.66%[39m
[rank0]:[titan] 2026-03-17 19:28:46,525 - root - INFO - [31mstep: 2081  [32mloss:  2.7812  [38;2;180;60;0mgrad_norm:  1.0968  [38;2;54;234;195mmemory: 22.44GiB(28.24%)  [34mtps: 135  [36mtflops: 6.53  [35mmfu: 0.66%[39m
[rank0]:[titan] 2026-03-17 19:29:01,748 - root - INFO - [31mstep: 2082  [32mloss:  2.6875  [38;2;180;60;0mgrad_norm:  1.2570  [38;2;54;234;195mmemory: 22.44GiB(28.24%)  [34mtps: 135  [36mtflops: 6.49  [35mmfu: 0.66%[39m
[rank0]:[titan] 2026-03-17 19:29:16,695 - root - INFO - [31mstep: 2083  [32mloss:  2.7031  [38;2;180;60;0mgrad_norm:  1.3784  [38;2;54;234;195mmemory: 22.44GiB(28.24%)  [34mtps: 137  [36mtflops: 6.61  [35mmfu: 0.67%[39m
[rank0]:[titan] 2026-03-17 19:29:32,018 - root - INFO - [31mstep: 2084  [32mloss:  2.7344  [38;2;180;60;0mgrad_norm:  1.3229  [38;2;54;234;195mmemory: 22.44GiB(28.24%)  [34mtps: 134  [36mtflops: 6.45  [35mmfu: 0.65%[39m
[rank0]:[titan] 2026-03-17 19:29:46,860 - root - INFO - [31mstep: 2085  [32mloss:  2.7188  [38;2;180;60;0mgrad_norm:  1.0909  [38;2;54;234;195mmemory: 22.44GiB(28.24%)  [34mtps: 138  [36mtflops: 6.66  [35mmfu: 0.67%[39m
[rank0]:[titan] 2026-03-17 19:30:01,882 - root - INFO - [31mstep: 2086  [32mloss:  2.6719  [38;2;180;60;0mgrad_norm:  1.4864  [38;2;54;234;195mmemory: 22.44GiB(28.24%)  [34mtps: 136  [36mtflops: 6.58  [35mmfu: 0.67%[39m
[rank0]:[titan] 2026-03-17 19:30:16,821 - root - INFO - [31mstep: 2087  [32mloss:  2.7188  [38;2;180;60;0mgrad_norm:  1.2249  [38;2;54;234;195mmemory: 22.44GiB(28.24%)  [34mtps: 137  [36mtflops: 6.61  [35mmfu: 0.67%[39m
[rank0]:[titan] 2026-03-17 19:30:31,940 - root - INFO - [31mstep: 2088  [32mloss:  2.6719  [38;2;180;60;0mgrad_norm:  1.2131  [38;2;54;234;195mmemory: 22.44GiB(28.24%)  [34mtps: 135  [36mtflops: 6.54  [35mmfu: 0.66%[39m
[rank0]:[titan] 2026-03-17 19:30:46,998 - root - INFO - [31mstep: 2089  [32mloss:  2.7344  [38;2;180;60;0mgrad_norm:  0.8075  [38;2;54;234;195mmemory: 22.44GiB(28.24%)  [34mtps: 136  [36mtflops: 6.56  [35mmfu: 0.66%[39m
[rank0]:[titan] 2026-03-17 19:31:01,932 - root - INFO - [31mstep: 2090  [32mloss:  2.7188  [38;2;180;60;0mgrad_norm:  1.1050  [38;2;54;234;195mmemory: 22.44GiB(28.24%)  [34mtps: 137  [36mtflops: 6.62  [35mmfu: 0.67%[39m
[rank0]:[titan] 2026-03-17 19:31:16,985 - root - INFO - [31mstep: 2091  [32mloss:  2.6875  [38;2;180;60;0mgrad_norm:  1.1296  [38;2;54;234;195mmemory: 22.44GiB(28.24%)  [34mtps: 136  [36mtflops: 6.56  [35mmfu: 0.66%[39m
[rank0]:[titan] 2026-03-17 19:31:32,221 - root - INFO - [31mstep: 2092  [32mloss:  2.7344  [38;2;180;60;0mgrad_norm:  0.9245  [38;2;54;234;195mmemory: 22.44GiB(28.24%)  [34mtps: 134  [36mtflops: 6.49  [35mmfu: 0.66%[39m
[rank0]:[titan] 2026-03-17 19:31:47,490 - root - INFO - [31mstep: 2093  [32mloss:  2.7031  [38;2;180;60;0mgrad_norm:  0.7109  [38;2;54;234;195mmemory: 22.44GiB(28.24%)  [34mtps: 134  [36mtflops: 6.47  [35mmfu: 0.65%[39m
[rank0]:[titan] 2026-03-17 19:32:02,686 - root - INFO - [31mstep: 2094  [32mloss:  2.6719  [38;2;180;60;0mgrad_norm:  0.8553  [38;2;54;234;195mmemory: 22.44GiB(28.24%)  [34mtps: 135  [36mtflops: 6.50  [35mmfu: 0.66%[39m
[rank0]:[titan] 2026-03-17 19:32:17,660 - root - INFO - [31mstep: 2095  [32mloss:  2.7344  [38;2;180;60;0mgrad_norm:  0.9027  [38;2;54;234;195mmemory: 22.44GiB(28.24%)  [34mtps: 137  [36mtflops: 6.60  [35mmfu: 0.67%[39m
[rank0]:[titan] 2026-03-17 19:32:32,896 - root - INFO - [31mstep: 2096  [32mloss:  2.6875  [38;2;180;60;0mgrad_norm:  0.9186  [38;2;54;234;195mmemory: 22.44GiB(28.24%)  [34mtps: 134  [36mtflops: 6.49  [35mmfu: 0.66%[39m
[rank0]:[titan] 2026-03-17 19:32:48,164 - root - INFO - [31mstep: 2097  [32mloss:  2.6719  [38;2;180;60;0mgrad_norm:  0.6146  [38;2;54;234;195mmemory: 22.44GiB(28.24%)  [34mtps: 134  [36mtflops: 6.47  [35mmfu: 0.65%[39m
[rank0]:[titan] 2026-03-17 19:33:03,929 - root - INFO - [31mstep: 2098  [32mloss:  2.6875  [38;2;180;60;0mgrad_norm:  0.8511  [38;2;54;234;195mmemory: 22.44GiB(28.24%)  [34mtps: 130  [36mtflops: 6.27  [35mmfu: 0.63%[39m
[rank0]:[titan] 2026-03-17 19:33:19,036 - root - INFO - [31mstep: 2099  [32mloss:  2.6875  [38;2;180;60;0mgrad_norm:  1.1001  [38;2;54;234;195mmemory: 22.44GiB(28.24%)  [34mtps: 136  [36mtflops: 6.54  [35mmfu: 0.66%[39m
[rank0]:[titan] 2026-03-17 19:33:34,068 - root - INFO - [31mstep: 2100  [32mloss:  2.7500  [38;2;180;60;0mgrad_norm:  0.9533  [38;2;54;234;195mmemory: 22.44GiB(28.24%)  [34mtps: 136  [36mtflops: 6.57  [35mmfu: 0.66%[39m
[rank0]:[titan] 2026-03-17 19:33:49,542 - root - INFO - [31mstep: 2101  [32mloss:  2.6875  [38;2;180;60;0mgrad_norm:  1.0575  [38;2;54;234;195mmemory: 22.44GiB(28.24%)  [34mtps: 132  [36mtflops: 6.39  [35mmfu: 0.65%[39m
[rank0]:[titan] 2026-03-17 19:34:04,527 - root - INFO - [31mstep: 2102  [32mloss:  2.6875  [38;2;180;60;0mgrad_norm:  1.2274  [38;2;54;234;195mmemory: 22.44GiB(28.24%)  [34mtps: 137  [36mtflops: 6.59  [35mmfu: 0.67%[39m
[rank0]:[titan] 2026-03-17 19:34:19,497 - root - INFO - [31mstep: 2103  [32mloss:  2.7031  [38;2;180;60;0mgrad_norm:  1.1347  [38;2;54;234;195mmemory: 22.44GiB(28.24%)  [34mtps: 137  [36mtflops: 6.60  [35mmfu: 0.67%[39m
[rank0]:[titan] 2026-03-17 19:34:34,742 - root - INFO - [31mstep: 2104  [32mloss:  2.6719  [38;2;180;60;0mgrad_norm:  1.2088  [38;2;54;234;195mmemory: 22.44GiB(28.24%)  [34mtps: 134  [36mtflops: 6.48  [35mmfu: 0.66%[39m
[rank0]:[titan] 2026-03-17 19:34:49,671 - root - INFO - [31mstep: 2105  [32mloss:  2.6562  [38;2;180;60;0mgrad_norm:  0.9307  [38;2;54;234;195mmemory: 22.44GiB(28.24%)  [34mtps: 137  [36mtflops: 6.62  [35mmfu: 0.67%[39m
[rank0]:[titan] 2026-03-17 19:35:04,642 - root - INFO - [31mstep: 2106  [32mloss:  2.6719  [38;2;180;60;0mgrad_norm:  0.8737  [38;2;54;234;195mmemory: 22.44GiB(28.24%)  [34mtps: 137  [36mtflops: 6.60  [35mmfu: 0.67%[39m
[rank0]:[titan] 2026-03-17 19:35:19,617 - root - INFO - [31mstep: 2107  [32mloss:  2.6094  [38;2;180;60;0mgrad_norm:  1.2149  [38;2;54;234;195mmemory: 22.44GiB(28.24%)  [34mtps: 137  [36mtflops: 6.60  [35mmfu: 0.67%[39m
[rank0]:[titan] 2026-03-17 19:35:34,383 - root - INFO - [31mstep: 2108  [32mloss:  2.6406  [38;2;180;60;0mgrad_norm:  1.3050  [38;2;54;234;195mmemory: 22.44GiB(28.24%)  [34mtps: 139  [36mtflops: 6.69  [35mmfu: 0.68%[39m
[rank0]:[titan] 2026-03-17 19:35:49,646 - root - INFO - [31mstep: 2109  [32mloss:  2.7031  [38;2;180;60;0mgrad_norm:  1.1074  [38;2;54;234;195mmemory: 22.44GiB(28.24%)  [34mtps: 134  [36mtflops: 6.47  [35mmfu: 0.65%[39m
[rank0]:[titan] 2026-03-17 19:36:04,497 - root - INFO - [31mstep: 2110  [32mloss:  2.7344  [38;2;180;60;0mgrad_norm:  1.1015  [38;2;54;234;195mmemory: 22.44GiB(28.24%)  [34mtps: 138  [36mtflops: 6.65  [35mmfu: 0.67%[39m
[rank0]:[titan] 2026-03-17 19:36:19,826 - root - INFO - [31mstep: 2111  [32mloss:  2.7188  [38;2;180;60;0mgrad_norm:  1.1530  [38;2;54;234;195mmemory: 22.44GiB(28.24%)  [34mtps: 134  [36mtflops: 6.45  [35mmfu: 0.65%[39m
[rank0]:[titan] 2026-03-17 19:36:34,801 - root - INFO - [31mstep: 2112  [32mloss:  2.7031  [38;2;180;60;0mgrad_norm:  1.0672  [38;2;54;234;195mmemory: 22.44GiB(28.24%)  [34mtps: 137  [36mtflops: 6.60  [35mmfu: 0.67%[39m
[rank0]:[titan] 2026-03-17 19:36:49,989 - root - INFO - [31mstep: 2113  [32mloss:  2.6406  [38;2;180;60;0mgrad_norm:  0.9486  [38;2;54;234;195mmemory: 22.44GiB(28.24%)  [34mtps: 135  [36mtflops: 6.51  [35mmfu: 0.66%[39m
[rank0]:[titan] 2026-03-17 19:37:05,061 - root - INFO - [31mstep: 2114  [32mloss:  2.6875  [38;2;180;60;0mgrad_norm:  1.1436  [38;2;54;234;195mmemory: 22.44GiB(28.24%)  [34mtps: 136  [36mtflops: 6.56  [35mmfu: 0.66%[39m
[rank0]:[titan] 2026-03-17 19:37:05,062 - root - WARNING - Dataset c4_test is being re-looped
[rank0]:[titan] 2026-03-17 19:37:19,712 - root - INFO - [31mstep: 2115  [32mloss:  2.6719  [38;2;180;60;0mgrad_norm:  1.1309  [38;2;54;234;195mmemory: 22.44GiB(28.24%)  [34mtps: 140  [36mtflops: 6.74  [35mmfu: 0.68%[39m
[rank0]:[titan] 2026-03-17 19:37:34,650 - root - INFO - [31mstep: 2116  [32mloss:  2.6875  [38;2;180;60;0mgrad_norm:  0.8955  [38;2;54;234;195mmemory: 22.44GiB(28.24%)  [34mtps: 137  [36mtflops: 6.62  [35mmfu: 0.67%[39m
[rank0]:[titan] 2026-03-17 19:37:49,746 - root - INFO - [31mstep: 2117  [32mloss:  2.6875  [38;2;180;60;0mgrad_norm:  0.7226  [38;2;54;234;195mmemory: 22.44GiB(28.24%)  [34mtps: 136  [36mtflops: 6.55  [35mmfu: 0.66%[39m
[rank0]:[titan] 2026-03-17 19:38:04,635 - root - INFO - [31mstep: 2118  [32mloss:  2.6875  [38;2;180;60;0mgrad_norm:  0.9953  [38;2;54;234;195mmemory: 22.44GiB(28.24%)  [34mtps: 138  [36mtflops: 6.64  [35mmfu: 0.67%[39m
[rank0]:[titan] 2026-03-17 19:38:19,833 - root - INFO - [31mstep: 2119  [32mloss:  2.6719  [38;2;180;60;0mgrad_norm:  1.1722  [38;2;54;234;195mmemory: 22.44GiB(28.24%)  [34mtps: 135  [36mtflops: 6.50  [35mmfu: 0.66%[39m
[rank0]:[titan] 2026-03-17 19:38:34,831 - root - INFO - [31mstep: 2120  [32mloss:  2.6875  [38;2;180;60;0mgrad_norm:  1.0139  [38;2;54;234;195mmemory: 22.44GiB(28.24%)  [34mtps: 137  [36mtflops: 6.59  [35mmfu: 0.67%[39m
[rank0]:[titan] 2026-03-17 19:38:49,815 - root - INFO - [31mstep: 2121  [32mloss:  2.7031  [38;2;180;60;0mgrad_norm:  0.8603  [38;2;54;234;195mmemory: 22.44GiB(28.24%)  [34mtps: 137  [36mtflops: 6.60  [35mmfu: 0.67%[39m
[rank0]:[titan] 2026-03-17 19:39:04,946 - root - INFO - [31mstep: 2122  [32mloss:  2.6719  [38;2;180;60;0mgrad_norm:  0.8101  [38;2;54;234;195mmemory: 22.44GiB(28.24%)  [34mtps: 135  [36mtflops: 6.53  [35mmfu: 0.66%[39m
[rank0]:[titan] 2026-03-17 19:39:20,341 - root - INFO - [31mstep: 2123  [32mloss:  2.7188  [38;2;180;60;0mgrad_norm:  0.9100  [38;2;54;234;195mmemory: 22.44GiB(28.24%)  [34mtps: 133  [36mtflops: 6.42  [35mmfu: 0.65%[39m
[rank0]:[titan] 2026-03-17 19:39:35,350 - root - INFO - [31mstep: 2124  [32mloss:  2.7344  [38;2;180;60;0mgrad_norm:  0.9147  [38;2;54;234;195mmemory: 22.44GiB(28.24%)  [34mtps: 136  [36mtflops: 6.58  [35mmfu: 0.67%[39m
[rank0]:[titan] 2026-03-17 19:39:50,468 - root - INFO - [31mstep: 2125  [32mloss:  2.6875  [38;2;180;60;0mgrad_norm:  0.9143  [38;2;54;234;195mmemory: 22.44GiB(28.24%)  [34mtps: 135  [36mtflops: 6.54  [35mmfu: 0.66%[39m
[rank0]:[titan] 2026-03-17 19:40:05,499 - root - INFO - [31mstep: 2126  [32mloss:  2.6719  [38;2;180;60;0mgrad_norm:  0.8760  [38;2;54;234;195mmemory: 22.44GiB(28.24%)  [34mtps: 136  [36mtflops: 6.57  [35mmfu: 0.66%[39m
[rank0]:[titan] 2026-03-17 19:40:20,722 - root - INFO - [31mstep: 2127  [32mloss:  2.6875  [38;2;180;60;0mgrad_norm:  1.3201  [38;2;54;234;195mmemory: 22.44GiB(28.24%)  [34mtps: 135  [36mtflops: 6.49  [35mmfu: 0.66%[39m
[rank0]:[titan] 2026-03-17 19:40:35,778 - root - INFO - [31mstep: 2128  [32mloss:  2.7344  [38;2;180;60;0mgrad_norm:  1.2207  [38;2;54;234;195mmemory: 22.44GiB(28.24%)  [34mtps: 136  [36mtflops: 6.56  [35mmfu: 0.66%[39m
[rank0]:[titan] 2026-03-17 19:40:50,902 - root - INFO - [31mstep: 2129  [32mloss:  2.6719  [38;2;180;60;0mgrad_norm:  0.6993  [38;2;54;234;195mmemory: 22.44GiB(28.24%)  [34mtps: 135  [36mtflops: 6.53  [35mmfu: 0.66%[39m
[rank0]:[titan] 2026-03-17 19:41:06,018 - root - INFO - [31mstep: 2130  [32mloss:  2.6875  [38;2;180;60;0mgrad_norm:  0.7035  [38;2;54;234;195mmemory: 22.44GiB(28.24%)  [34mtps: 135  [36mtflops: 6.54  [35mmfu: 0.66%[39m
[rank0]:[titan] 2026-03-17 19:41:21,517 - root - INFO - [31mstep: 2131  [32mloss:  2.6875  [38;2;180;60;0mgrad_norm:  0.9600  [38;2;54;234;195mmemory: 22.44GiB(28.24%)  [34mtps: 132  [36mtflops: 6.38  [35mmfu: 0.64%[39m
[rank0]:[titan] 2026-03-17 19:41:37,435 - root - INFO - [31mstep: 2132  [32mloss:  2.6875  [38;2;180;60;0mgrad_norm:  0.6980  [38;2;54;234;195mmemory: 22.44GiB(28.24%)  [34mtps: 129  [36mtflops: 6.21  [35mmfu: 0.63%[39m
[rank0]:[titan] 2026-03-17 19:41:53,522 - root - INFO - [31mstep: 2133  [32mloss:  2.6250  [38;2;180;60;0mgrad_norm:  0.9281  [38;2;54;234;195mmemory: 22.44GiB(28.24%)  [34mtps: 127  [36mtflops: 6.14  [35mmfu: 0.62%[39m
[rank0]:[titan] 2026-03-17 19:42:08,702 - root - INFO - [31mstep: 2134  [32mloss:  2.6562  [38;2;180;60;0mgrad_norm:  0.8360  [38;2;54;234;195mmemory: 22.44GiB(28.24%)  [34mtps: 135  [36mtflops: 6.51  [35mmfu: 0.66%[39m
[rank0]:[titan] 2026-03-17 19:42:23,739 - root - INFO - [31mstep: 2135  [32mloss:  2.6562  [38;2;180;60;0mgrad_norm:  0.7333  [38;2;54;234;195mmemory: 22.44GiB(28.24%)  [34mtps: 136  [36mtflops: 6.57  [35mmfu: 0.66%[39m
[rank0]:[titan] 2026-03-17 19:42:38,833 - root - INFO - [31mstep: 2136  [32mloss:  2.6875  [38;2;180;60;0mgrad_norm:  1.0490  [38;2;54;234;195mmemory: 22.44GiB(28.24%)  [34mtps: 136  [36mtflops: 6.55  [35mmfu: 0.66%[39m
[rank0]:[titan] 2026-03-17 19:42:54,086 - root - INFO - [31mstep: 2137  [32mloss:  2.6875  [38;2;180;60;0mgrad_norm:  1.0804  [38;2;54;234;195mmemory: 22.44GiB(28.24%)  [34mtps: 134  [36mtflops: 6.48  [35mmfu: 0.66%[39m
[rank0]:[titan] 2026-03-17 19:43:09,538 - root - INFO - [31mstep: 2138  [32mloss:  2.7188  [38;2;180;60;0mgrad_norm:  1.0050  [38;2;54;234;195mmemory: 22.44GiB(28.24%)  [34mtps: 133  [36mtflops: 6.40  [35mmfu: 0.65%[39m
[rank0]:[titan] 2026-03-17 19:43:24,871 - root - INFO - [31mstep: 2139  [32mloss:  2.7500  [38;2;180;60;0mgrad_norm:  0.9095  [38;2;54;234;195mmemory: 22.44GiB(28.24%)  [34mtps: 134  [36mtflops: 6.44  [35mmfu: 0.65%[39m
[rank0]:[titan] 2026-03-17 19:43:39,713 - root - INFO - [31mstep: 2140  [32mloss:  2.8125  [38;2;180;60;0mgrad_norm:  0.9505  [38;2;54;234;195mmemory: 22.44GiB(28.24%)  [34mtps: 138  [36mtflops: 6.66  [35mmfu: 0.67%[39m
[rank0]:[titan] 2026-03-17 19:43:54,825 - root - INFO - [31mstep: 2141  [32mloss:  2.7969  [38;2;180;60;0mgrad_norm:  1.0334  [38;2;54;234;195mmemory: 22.44GiB(28.24%)  [34mtps: 136  [36mtflops: 6.54  [35mmfu: 0.66%[39m
[rank0]:[titan] 2026-03-17 19:44:09,975 - root - INFO - [31mstep: 2142  [32mloss:  2.7812  [38;2;180;60;0mgrad_norm:  1.2435  [38;2;54;234;195mmemory: 22.44GiB(28.24%)  [34mtps: 135  [36mtflops: 6.52  [35mmfu: 0.66%[39m
[rank0]:[titan] 2026-03-17 19:44:24,920 - root - INFO - [31mstep: 2143  [32mloss:  2.7656  [38;2;180;60;0mgrad_norm:  1.0317  [38;2;54;234;195mmemory: 22.44GiB(28.24%)  [34mtps: 137  [36mtflops: 6.61  [35mmfu: 0.67%[39m
[rank0]:[titan] 2026-03-17 19:44:40,459 - root - INFO - [31mstep: 2144  [32mloss:  2.7344  [38;2;180;60;0mgrad_norm:  0.8496  [38;2;54;234;195mmemory: 22.44GiB(28.24%)  [34mtps: 132  [36mtflops: 6.36  [35mmfu: 0.64%[39m
[rank0]:[titan] 2026-03-17 19:44:55,666 - root - INFO - [31mstep: 2145  [32mloss:  2.7188  [38;2;180;60;0mgrad_norm:  0.9317  [38;2;54;234;195mmemory: 22.44GiB(28.24%)  [34mtps: 135  [36mtflops: 6.50  [35mmfu: 0.66%[39m
[rank0]:[titan] 2026-03-17 19:45:10,989 - root - INFO - [31mstep: 2146  [32mloss:  2.7031  [38;2;180;60;0mgrad_norm:  1.0540  [38;2;54;234;195mmemory: 22.44GiB(28.24%)  [34mtps: 134  [36mtflops: 6.45  [35mmfu: 0.65%[39m
[rank0]:[titan] 2026-03-17 19:45:26,311 - root - INFO - [31mstep: 2147  [32mloss:  2.7188  [38;2;180;60;0mgrad_norm:  1.1258  [38;2;54;234;195mmemory: 22.44GiB(28.24%)  [34mtps: 134  [36mtflops: 6.45  [35mmfu: 0.65%[39m
[rank0]:[titan] 2026-03-17 19:45:41,302 - root - INFO - [31mstep: 2148  [32mloss:  2.7344  [38;2;180;60;0mgrad_norm:  1.2916  [38;2;54;234;195mmemory: 22.44GiB(28.24%)  [34mtps: 137  [36mtflops: 6.59  [35mmfu: 0.67%[39m
[rank0]:[titan] 2026-03-17 19:45:56,450 - root - INFO - [31mstep: 2149  [32mloss:  2.7500  [38;2;180;60;0mgrad_norm:  0.9984  [38;2;54;234;195mmemory: 22.44GiB(28.24%)  [34mtps: 135  [36mtflops: 6.52  [35mmfu: 0.66%[39m
[rank0]:[titan] 2026-03-17 19:46:11,750 - root - INFO - [31mstep: 2150  [32mloss:  2.7188  [38;2;180;60;0mgrad_norm:  0.8968  [38;2;54;234;195mmemory: 22.44GiB(28.24%)  [34mtps: 134  [36mtflops: 6.46  [35mmfu: 0.65%[39m
[rank0]:[titan] 2026-03-17 19:46:26,773 - root - INFO - [31mstep: 2151  [32mloss:  2.7500  [38;2;180;60;0mgrad_norm:  0.9764  [38;2;54;234;195mmemory: 22.44GiB(28.24%)  [34mtps: 136  [36mtflops: 6.58  [35mmfu: 0.67%[39m
[rank0]:[titan] 2026-03-17 19:46:42,156 - root - INFO - [31mstep: 2152  [32mloss:  2.7344  [38;2;180;60;0mgrad_norm:  0.8556  [38;2;54;234;195mmemory: 22.44GiB(28.24%)  [34mtps: 133  [36mtflops: 6.42  [35mmfu: 0.65%[39m
[rank0]:[titan] 2026-03-17 19:46:57,353 - root - INFO - [31mstep: 2153  [32mloss:  2.7031  [38;2;180;60;0mgrad_norm:  0.9993  [38;2;54;234;195mmemory: 22.44GiB(28.24%)  [34mtps: 135  [36mtflops: 6.50  [35mmfu: 0.66%[39m
[rank0]:[titan] 2026-03-17 19:47:12,339 - root - INFO - [31mstep: 2154  [32mloss:  2.7500  [38;2;180;60;0mgrad_norm:  0.9516  [38;2;54;234;195mmemory: 22.44GiB(28.24%)  [34mtps: 137  [36mtflops: 6.60  [35mmfu: 0.67%[39m
[rank0]:[titan] 2026-03-17 19:47:27,305 - root - INFO - [31mstep: 2155  [32mloss:  2.7188  [38;2;180;60;0mgrad_norm:  1.1837  [38;2;54;234;195mmemory: 22.44GiB(28.24%)  [34mtps: 137  [36mtflops: 6.60  [35mmfu: 0.67%[39m
[rank0]:[titan] 2026-03-17 19:47:42,559 - root - INFO - [31mstep: 2156  [32mloss:  2.7500  [38;2;180;60;0mgrad_norm:  1.2964  [38;2;54;234;195mmemory: 22.44GiB(28.24%)  [34mtps: 134  [36mtflops: 6.48  [35mmfu: 0.66%[39m
[rank0]:[titan] 2026-03-17 19:47:57,320 - root - INFO - [31mstep: 2157  [32mloss:  2.7656  [38;2;180;60;0mgrad_norm:  1.1242  [38;2;54;234;195mmemory: 22.44GiB(28.24%)  [34mtps: 139  [36mtflops: 6.69  [35mmfu: 0.68%[39m
[rank0]:[titan] 2026-03-17 19:48:12,147 - root - INFO - [31mstep: 2158  [32mloss:  2.7500  [38;2;180;60;0mgrad_norm:  0.8108  [38;2;54;234;195mmemory: 22.44GiB(28.24%)  [34mtps: 138  [36mtflops: 6.67  [35mmfu: 0.67%[39m
[rank0]:[titan] 2026-03-17 19:48:27,523 - root - INFO - [31mstep: 2159  [32mloss:  2.6875  [38;2;180;60;0mgrad_norm:  1.0459  [38;2;54;234;195mmemory: 22.44GiB(28.24%)  [34mtps: 133  [36mtflops: 6.43  [35mmfu: 0.65%[39m
[rank0]:[titan] 2026-03-17 19:48:42,786 - root - INFO - [31mstep: 2160  [32mloss:  2.7188  [38;2;180;60;0mgrad_norm:  1.1370  [38;2;54;234;195mmemory: 22.44GiB(28.24%)  [34mtps: 134  [36mtflops: 6.47  [35mmfu: 0.65%[39m
[rank0]:[titan] 2026-03-17 19:48:58,264 - root - INFO - [31mstep: 2161  [32mloss:  2.7344  [38;2;180;60;0mgrad_norm:  0.9918  [38;2;54;234;195mmemory: 22.44GiB(28.24%)  [34mtps: 132  [36mtflops: 6.38  [35mmfu: 0.65%[39m
[rank0]:[titan] 2026-03-17 19:49:13,573 - root - INFO - [31mstep: 2162  [32mloss:  2.7344  [38;2;180;60;0mgrad_norm:  0.9324  [38;2;54;234;195mmemory: 22.44GiB(28.24%)  [34mtps: 134  [36mtflops: 6.46  [35mmfu: 0.65%[39m
[rank0]:[titan] 2026-03-17 19:49:28,956 - root - INFO - [31mstep: 2163  [32mloss:  2.7656  [38;2;180;60;0mgrad_norm:  1.3926  [38;2;54;234;195mmemory: 22.44GiB(28.24%)  [34mtps: 133  [36mtflops: 6.42  [35mmfu: 0.65%[39m
[rank0]:[titan] 2026-03-17 19:49:44,008 - root - INFO - [31mstep: 2164  [32mloss:  2.7344  [38;2;180;60;0mgrad_norm:  1.3756  [38;2;54;234;195mmemory: 22.44GiB(28.24%)  [34mtps: 136  [36mtflops: 6.57  [35mmfu: 0.66%[39m
[rank0]:[titan] 2026-03-17 19:49:58,950 - root - INFO - [31mstep: 2165  [32mloss:  2.7188  [38;2;180;60;0mgrad_norm:  1.1343  [38;2;54;234;195mmemory: 22.44GiB(28.24%)  [34mtps: 137  [36mtflops: 6.61  [35mmfu: 0.67%[39m
[rank0]:[titan] 2026-03-17 19:50:14,049 - root - INFO - [31mstep: 2166  [32mloss:  2.7188  [38;2;180;60;0mgrad_norm:  1.0789  [38;2;54;234;195mmemory: 22.44GiB(28.24%)  [34mtps: 136  [36mtflops: 6.55  [35mmfu: 0.66%[39m
[rank0]:[titan] 2026-03-17 19:50:29,387 - root - INFO - [31mstep: 2167  [32mloss:  2.6562  [38;2;180;60;0mgrad_norm:  0.9282  [38;2;54;234;195mmemory: 22.44GiB(28.24%)  [34mtps: 134  [36mtflops: 6.44  [35mmfu: 0.65%[39m
[rank0]:[titan] 2026-03-17 19:50:44,893 - root - INFO - [31mstep: 2168  [32mloss:  2.7188  [38;2;180;60;0mgrad_norm:  1.0210  [38;2;54;234;195mmemory: 22.44GiB(28.24%)  [34mtps: 132  [36mtflops: 6.37  [35mmfu: 0.64%[39m
[rank0]:[titan] 2026-03-17 19:51:00,444 - root - INFO - [31mstep: 2169  [32mloss:  2.6875  [38;2;180;60;0mgrad_norm:  1.0689  [38;2;54;234;195mmemory: 22.44GiB(28.24%)  [34mtps: 132  [36mtflops: 6.35  [35mmfu: 0.64%[39m
[rank0]:[titan] 2026-03-17 19:51:15,829 - root - INFO - [31mstep: 2170  [32mloss:  2.7031  [38;2;180;60;0mgrad_norm:  1.0458  [38;2;54;234;195mmemory: 22.44GiB(28.24%)  [34mtps: 133  [36mtflops: 6.42  [35mmfu: 0.65%[39m
[rank0]:[titan] 2026-03-17 19:51:31,047 - root - INFO - [31mstep: 2171  [32mloss:  2.6719  [38;2;180;60;0mgrad_norm:  1.1681  [38;2;54;234;195mmemory: 22.44GiB(28.24%)  [34mtps: 135  [36mtflops: 6.49  [35mmfu: 0.66%[39m
[rank0]:[titan] 2026-03-17 19:51:46,279 - root - INFO - [31mstep: 2172  [32mloss:  2.7656  [38;2;180;60;0mgrad_norm:  1.2206  [38;2;54;234;195mmemory: 22.44GiB(28.24%)  [34mtps: 134  [36mtflops: 6.49  [35mmfu: 0.66%[39m
[rank0]:[titan] 2026-03-17 19:52:01,303 - root - INFO - [31mstep: 2173  [32mloss:  2.7031  [38;2;180;60;0mgrad_norm:  1.1327  [38;2;54;234;195mmemory: 22.44GiB(28.24%)  [34mtps: 136  [36mtflops: 6.58  [35mmfu: 0.67%[39m
[rank0]:[titan] 2026-03-17 19:52:16,235 - root - INFO - [31mstep: 2174  [32mloss:  2.7031  [38;2;180;60;0mgrad_norm:  0.9927  [38;2;54;234;195mmemory: 22.44GiB(28.24%)  [34mtps: 137  [36mtflops: 6.62  [35mmfu: 0.67%[39m
[rank0]:[titan] 2026-03-17 19:52:31,760 - root - INFO - [31mstep: 2175  [32mloss:  2.7344  [38;2;180;60;0mgrad_norm:  1.1021  [38;2;54;234;195mmemory: 22.44GiB(28.24%)  [34mtps: 132  [36mtflops: 6.37  [35mmfu: 0.64%[39m
[rank0]:[titan] 2026-03-17 19:52:47,141 - root - INFO - [31mstep: 2176  [32mloss:  2.6875  [38;2;180;60;0mgrad_norm:  1.1015  [38;2;54;234;195mmemory: 22.44GiB(28.24%)  [34mtps: 133  [36mtflops: 6.42  [35mmfu: 0.65%[39m
[rank0]:[titan] 2026-03-17 19:53:01,990 - root - INFO - [31mstep: 2177  [32mloss:  2.7188  [38;2;180;60;0mgrad_norm:  0.9983  [38;2;54;234;195mmemory: 22.44GiB(28.24%)  [34mtps: 138  [36mtflops: 6.66  [35mmfu: 0.67%[39m
[rank0]:[titan] 2026-03-17 19:53:17,232 - root - INFO - [31mstep: 2178  [32mloss:  2.7188  [38;2;180;60;0mgrad_norm:  0.9600  [38;2;54;234;195mmemory: 22.44GiB(28.24%)  [34mtps: 134  [36mtflops: 6.48  [35mmfu: 0.66%[39m
[rank0]:[titan] 2026-03-17 19:53:32,296 - root - INFO - [31mstep: 2179  [32mloss:  2.7031  [38;2;180;60;0mgrad_norm:  1.1319  [38;2;54;234;195mmemory: 22.44GiB(28.24%)  [34mtps: 136  [36mtflops: 6.57  [35mmfu: 0.66%[39m
[rank0]:[titan] 2026-03-17 19:53:47,303 - root - INFO - [31mstep: 2180  [32mloss:  2.6562  [38;2;180;60;0mgrad_norm:  1.0142  [38;2;54;234;195mmemory: 22.44GiB(28.24%)  [34mtps: 137  [36mtflops: 6.59  [35mmfu: 0.67%[39m
[rank0]:[titan] 2026-03-17 19:54:02,368 - root - INFO - [31mstep: 2181  [32mloss:  2.6719  [38;2;180;60;0mgrad_norm:  1.0020  [38;2;54;234;195mmemory: 22.44GiB(28.24%)  [34mtps: 136  [36mtflops: 6.56  [35mmfu: 0.66%[39m
[rank0]:[titan] 2026-03-17 19:54:17,473 - root - INFO - [31mstep: 2182  [32mloss:  2.7656  [38;2;180;60;0mgrad_norm:  0.8179  [38;2;54;234;195mmemory: 22.44GiB(28.24%)  [34mtps: 136  [36mtflops: 6.54  [35mmfu: 0.66%[39m
[rank0]:[titan] 2026-03-17 19:54:32,494 - root - INFO - [31mstep: 2183  [32mloss:  2.6875  [38;2;180;60;0mgrad_norm:  1.2003  [38;2;54;234;195mmemory: 22.44GiB(28.24%)  [34mtps: 136  [36mtflops: 6.58  [35mmfu: 0.67%[39m
[rank0]:[titan] 2026-03-17 19:54:47,592 - root - INFO - [31mstep: 2184  [32mloss:  2.7188  [38;2;180;60;0mgrad_norm:  0.8958  [38;2;54;234;195mmemory: 22.44GiB(28.24%)  [34mtps: 136  [36mtflops: 6.55  [35mmfu: 0.66%[39m
[rank0]:[titan] 2026-03-17 19:55:01,469 - root - INFO - [31mstep: 2185  [32mloss:  2.8281  [38;2;180;60;0mgrad_norm:  1.0630  [38;2;54;234;195mmemory: 22.44GiB(28.24%)  [34mtps: 148  [36mtflops: 7.12  [35mmfu: 0.72%[39m
[rank0]:[titan] 2026-03-17 19:55:17,046 - root - INFO - [31mstep: 2186  [32mloss:  2.8125  [38;2;180;60;0mgrad_norm:  1.1163  [38;2;54;234;195mmemory: 22.44GiB(28.24%)  [34mtps: 131  [36mtflops: 6.34  [35mmfu: 0.64%[39m
[rank0]:[titan] 2026-03-17 19:55:32,368 - root - INFO - [31mstep: 2187  [32mloss:  2.7969  [38;2;180;60;0mgrad_norm:  0.7746  [38;2;54;234;195mmemory: 22.44GiB(28.24%)  [34mtps: 134  [36mtflops: 6.45  [35mmfu: 0.65%[39m
[rank0]:[titan] 2026-03-17 19:55:48,606 - root - INFO - [31mstep: 2188  [32mloss:  2.6875  [38;2;180;60;0mgrad_norm:  1.0526  [38;2;54;234;195mmemory: 22.44GiB(28.24%)  [34mtps: 126  [36mtflops: 6.09  [35mmfu: 0.62%[39m
[rank0]:[titan] 2026-03-17 19:56:04,239 - root - INFO - [31mstep: 2189  [32mloss:  2.7031  [38;2;180;60;0mgrad_norm:  0.9508  [38;2;54;234;195mmemory: 22.44GiB(28.24%)  [34mtps: 131  [36mtflops: 6.32  [35mmfu: 0.64%[39m
[rank0]:[titan] 2026-03-17 19:56:19,792 - root - INFO - [31mstep: 2190  [32mloss:  2.7031  [38;2;180;60;0mgrad_norm:  0.7810  [38;2;54;234;195mmemory: 22.44GiB(28.24%)  [34mtps: 132  [36mtflops: 6.35  [35mmfu: 0.64%[39m
[rank0]:[titan] 2026-03-17 19:56:35,573 - root - INFO - [31mstep: 2191  [32mloss:  2.7188  [38;2;180;60;0mgrad_norm:  1.0830  [38;2;54;234;195mmemory: 22.44GiB(28.24%)  [34mtps: 130  [36mtflops: 6.26  [35mmfu: 0.63%[39m
[rank0]:[titan] 2026-03-17 19:56:51,284 - root - INFO - [31mstep: 2192  [32mloss:  2.7344  [38;2;180;60;0mgrad_norm:  1.0827  [38;2;54;234;195mmemory: 22.44GiB(28.24%)  [34mtps: 130  [36mtflops: 6.29  [35mmfu: 0.64%[39m
[rank0]:[titan] 2026-03-17 19:57:06,628 - root - INFO - [31mstep: 2193  [32mloss:  2.6562  [38;2;180;60;0mgrad_norm:  1.0052  [38;2;54;234;195mmemory: 22.44GiB(28.24%)  [34mtps: 133  [36mtflops: 6.44  [35mmfu: 0.65%[39m
[rank0]:[titan] 2026-03-17 19:57:21,931 - root - INFO - [31mstep: 2194  [32mloss:  2.7969  [38;2;180;60;0mgrad_norm:  0.8867  [38;2;54;234;195mmemory: 22.44GiB(28.24%)  [34mtps: 134  [36mtflops: 6.46  [35mmfu: 0.65%[39m
[rank0]:[titan] 2026-03-17 19:57:37,208 - root - INFO - [31mstep: 2195  [32mloss:  2.7188  [38;2;180;60;0mgrad_norm:  1.1943  [38;2;54;234;195mmemory: 22.44GiB(28.24%)  [34mtps: 134  [36mtflops: 6.47  [35mmfu: 0.65%[39m
[rank0]:[titan] 2026-03-17 19:57:52,852 - root - INFO - [31mstep: 2196  [32mloss:  2.6562  [38;2;180;60;0mgrad_norm:  1.1935  [38;2;54;234;195mmemory: 22.44GiB(28.24%)  [34mtps: 131  [36mtflops: 6.32  [35mmfu: 0.64%[39m
[rank0]:[titan] 2026-03-17 19:58:07,989 - root - INFO - [31mstep: 2197  [32mloss:  2.6719  [38;2;180;60;0mgrad_norm:  1.0308  [38;2;54;234;195mmemory: 22.44GiB(28.24%)  [34mtps: 135  [36mtflops: 6.53  [35mmfu: 0.66%[39m
[rank0]:[titan] 2026-03-17 19:58:23,004 - root - INFO - [31mstep: 2198  [32mloss:  2.6562  [38;2;180;60;0mgrad_norm:  1.1555  [38;2;54;234;195mmemory: 22.44GiB(28.24%)  [34mtps: 136  [36mtflops: 6.58  [35mmfu: 0.67%[39m
[rank0]:[titan] 2026-03-17 19:58:38,479 - root - INFO - [31mstep: 2199  [32mloss:  2.7031  [38;2;180;60;0mgrad_norm:  1.0616  [38;2;54;234;195mmemory: 22.44GiB(28.24%)  [34mtps: 132  [36mtflops: 6.39  [35mmfu: 0.65%[39m
[rank0]:[titan] 2026-03-17 19:58:53,822 - root - INFO - [31mstep: 2200  [32mloss:  2.7188  [38;2;180;60;0mgrad_norm:  0.9080  [38;2;54;234;195mmemory: 22.44GiB(28.24%)  [34mtps: 133  [36mtflops: 6.44  [35mmfu: 0.65%[39m
[rank0]:[titan] 2026-03-17 19:59:09,149 - root - INFO - [31mstep: 2201  [32mloss:  2.6875  [38;2;180;60;0mgrad_norm:  0.8947  [38;2;54;234;195mmemory: 22.44GiB(28.24%)  [34mtps: 134  [36mtflops: 6.45  [35mmfu: 0.65%[39m
[rank0]:[titan] 2026-03-17 19:59:24,266 - root - INFO - [31mstep: 2202  [32mloss:  2.6094  [38;2;180;60;0mgrad_norm:  1.0694  [38;2;54;234;195mmemory: 22.44GiB(28.24%)  [34mtps: 135  [36mtflops: 6.54  [35mmfu: 0.66%[39m
[rank0]:[titan] 2026-03-17 19:59:38,666 - root - INFO - [31mstep: 2203  [32mloss:  2.6250  [38;2;180;60;0mgrad_norm:  0.8656  [38;2;54;234;195mmemory: 22.44GiB(28.24%)  [34mtps: 142  [36mtflops: 6.86  [35mmfu: 0.69%[39m
[rank0]:[titan] 2026-03-17 19:59:54,436 - root - INFO - [31mstep: 2204  [32mloss:  2.6406  [38;2;180;60;0mgrad_norm:  0.9452  [38;2;54;234;195mmemory: 22.44GiB(28.24%)  [34mtps: 130  [36mtflops: 6.27  [35mmfu: 0.63%[39m
[rank0]:[titan] 2026-03-17 20:00:10,170 - root - INFO - [31mstep: 2205  [32mloss:  2.6719  [38;2;180;60;0mgrad_norm:  0.8249  [38;2;54;234;195mmemory: 22.44GiB(28.24%)  [34mtps: 130  [36mtflops: 6.28  [35mmfu: 0.64%[39m
[rank0]:[titan] 2026-03-17 20:00:25,401 - root - INFO - [31mstep: 2206  [32mloss:  2.6406  [38;2;180;60;0mgrad_norm:  0.9167  [38;2;54;234;195mmemory: 22.44GiB(28.24%)  [34mtps: 134  [36mtflops: 6.49  [35mmfu: 0.66%[39m
[rank0]:[titan] 2026-03-17 20:00:40,321 - root - INFO - [31mstep: 2207  [32mloss:  2.6719  [38;2;180;60;0mgrad_norm:  0.7283  [38;2;54;234;195mmemory: 22.44GiB(28.24%)  [34mtps: 137  [36mtflops: 6.62  [35mmfu: 0.67%[39m
[rank0]:[titan] 2026-03-17 20:00:55,572 - root - INFO - [31mstep: 2208  [32mloss:  2.6719  [38;2;180;60;0mgrad_norm:  7.0856  [38;2;54;234;195mmemory: 22.44GiB(28.24%)  [34mtps: 134  [36mtflops: 6.48  [35mmfu: 0.66%[39m
[rank0]:[titan] 2026-03-17 20:01:10,943 - root - INFO - [31mstep: 2209  [32mloss:  2.6562  [38;2;180;60;0mgrad_norm:  1.1785  [38;2;54;234;195mmemory: 22.44GiB(28.24%)  [34mtps: 133  [36mtflops: 6.43  [35mmfu: 0.65%[39m
[rank0]:[titan] 2026-03-17 20:01:26,366 - root - INFO - [31mstep: 2210  [32mloss:  2.6875  [38;2;180;60;0mgrad_norm:  0.8677  [38;2;54;234;195mmemory: 22.44GiB(28.24%)  [34mtps: 133  [36mtflops: 6.41  [35mmfu: 0.65%[39m
[rank0]:[titan] 2026-03-17 20:01:41,657 - root - INFO - [31mstep: 2211  [32mloss:  2.6562  [38;2;180;60;0mgrad_norm:  0.8902  [38;2;54;234;195mmemory: 22.44GiB(28.24%)  [34mtps: 134  [36mtflops: 6.46  [35mmfu: 0.65%[39m
[rank0]:[titan] 2026-03-17 20:01:56,705 - root - INFO - [31mstep: 2212  [32mloss:  2.7969  [38;2;180;60;0mgrad_norm:  0.8480  [38;2;54;234;195mmemory: 22.44GiB(28.24%)  [34mtps: 136  [36mtflops: 6.57  [35mmfu: 0.66%[39m
[rank0]:[titan] 2026-03-17 20:02:11,880 - root - INFO - [31mstep: 2213  [32mloss:  2.7500  [38;2;180;60;0mgrad_norm:  1.0301  [38;2;54;234;195mmemory: 22.44GiB(28.24%)  [34mtps: 135  [36mtflops: 6.51  [35mmfu: 0.66%[39m
[rank0]:[titan] 2026-03-17 20:02:27,163 - root - INFO - [31mstep: 2214  [32mloss:  2.6875  [38;2;180;60;0mgrad_norm:  0.9004  [38;2;54;234;195mmemory: 22.44GiB(28.24%)  [34mtps: 134  [36mtflops: 6.47  [35mmfu: 0.65%[39m
[rank0]:[titan] 2026-03-17 20:02:42,156 - root - INFO - [31mstep: 2215  [32mloss:  2.6875  [38;2;180;60;0mgrad_norm:  0.7715  [38;2;54;234;195mmemory: 22.44GiB(28.24%)  [34mtps: 137  [36mtflops: 6.59  [35mmfu: 0.67%[39m
[rank0]:[titan] 2026-03-17 20:02:57,154 - root - INFO - [31mstep: 2216  [32mloss:  2.7344  [38;2;180;60;0mgrad_norm:  1.1745  [38;2;54;234;195mmemory: 22.44GiB(28.24%)  [34mtps: 137  [36mtflops: 6.59  [35mmfu: 0.67%[39m
[rank0]:[titan] 2026-03-17 20:03:12,208 - root - INFO - [31mstep: 2217  [32mloss:  2.7188  [38;2;180;60;0mgrad_norm:  1.0636  [38;2;54;234;195mmemory: 22.44GiB(28.24%)  [34mtps: 136  [36mtflops: 6.56  [35mmfu: 0.66%[39m
[rank0]:[titan] 2026-03-17 20:03:27,289 - root - INFO - [31mstep: 2218  [32mloss:  2.7031  [38;2;180;60;0mgrad_norm:  0.9704  [38;2;54;234;195mmemory: 22.44GiB(28.24%)  [34mtps: 136  [36mtflops: 6.55  [35mmfu: 0.66%[39m
[rank0]:[titan] 2026-03-17 20:03:42,449 - root - INFO - [31mstep: 2219  [32mloss:  2.6250  [38;2;180;60;0mgrad_norm:  1.1073  [38;2;54;234;195mmemory: 22.44GiB(28.24%)  [34mtps: 135  [36mtflops: 6.52  [35mmfu: 0.66%[39m
[rank0]:[titan] 2026-03-17 20:03:56,042 - root - INFO - [31mstep: 2220  [32mloss:  2.7188  [38;2;180;60;0mgrad_norm:  1.1780  [38;2;54;234;195mmemory: 22.44GiB(28.24%)  [34mtps: 151  [36mtflops: 7.27  [35mmfu: 0.74%[39m
[rank0]:[titan] 2026-03-17 20:04:11,396 - root - INFO - [31mstep: 2221  [32mloss:  2.6875  [38;2;180;60;0mgrad_norm:  1.0894  [38;2;54;234;195mmemory: 22.44GiB(28.24%)  [34mtps: 133  [36mtflops: 6.44  [35mmfu: 0.65%[39m
[rank0]:[titan] 2026-03-17 20:04:27,102 - root - INFO - [31mstep: 2222  [32mloss:  2.7500  [38;2;180;60;0mgrad_norm:  0.9425  [38;2;54;234;195mmemory: 22.44GiB(28.24%)  [34mtps: 130  [36mtflops: 6.29  [35mmfu: 0.64%[39m
[rank0]:[titan] 2026-03-17 20:04:42,055 - root - INFO - [31mstep: 2223  [32mloss:  2.7344  [38;2;180;60;0mgrad_norm:  0.8883  [38;2;54;234;195mmemory: 22.44GiB(28.24%)  [34mtps: 137  [36mtflops: 6.61  [35mmfu: 0.67%[39m
[rank0]:[titan] 2026-03-17 20:04:57,678 - root - INFO - [31mstep: 2224  [32mloss:  2.7188  [38;2;180;60;0mgrad_norm:  0.7964  [38;2;54;234;195mmemory: 22.44GiB(28.24%)  [34mtps: 131  [36mtflops: 6.33  [35mmfu: 0.64%[39m
[rank0]:[titan] 2026-03-17 20:05:12,876 - root - INFO - [31mstep: 2225  [32mloss:  2.7031  [38;2;180;60;0mgrad_norm:  0.8871  [38;2;54;234;195mmemory: 22.44GiB(28.24%)  [34mtps: 135  [36mtflops: 6.50  [35mmfu: 0.66%[39m
[rank0]:[titan] 2026-03-17 20:05:28,304 - root - INFO - [31mstep: 2226  [32mloss:  2.7344  [38;2;180;60;0mgrad_norm:  0.9483  [38;2;54;234;195mmemory: 22.44GiB(28.24%)  [34mtps: 133  [36mtflops: 6.41  [35mmfu: 0.65%[39m
[rank0]:[titan] 2026-03-17 20:05:43,531 - root - INFO - [31mstep: 2227  [32mloss:  2.6875  [38;2;180;60;0mgrad_norm:  0.6361  [38;2;54;234;195mmemory: 22.44GiB(28.24%)  [34mtps: 134  [36mtflops: 6.49  [35mmfu: 0.66%[39m
[rank0]:[titan] 2026-03-17 20:05:58,623 - root - INFO - [31mstep: 2228  [32mloss:  2.6562  [38;2;180;60;0mgrad_norm:  0.9768  [38;2;54;234;195mmemory: 22.44GiB(28.24%)  [34mtps: 136  [36mtflops: 6.55  [35mmfu: 0.66%[39m
[rank0]:[titan] 2026-03-17 20:06:13,736 - root - INFO - [31mstep: 2229  [32mloss:  2.6562  [38;2;180;60;0mgrad_norm:  0.7682  [38;2;54;234;195mmemory: 22.44GiB(28.24%)  [34mtps: 136  [36mtflops: 6.54  [35mmfu: 0.66%[39m
[rank0]:[titan] 2026-03-17 20:06:28,881 - root - INFO - [31mstep: 2230  [32mloss:  2.6875  [38;2;180;60;0mgrad_norm:  0.8320  [38;2;54;234;195mmemory: 22.44GiB(28.24%)  [34mtps: 135  [36mtflops: 6.53  [35mmfu: 0.66%[39m
[rank0]:[titan] 2026-03-17 20:06:43,953 - root - INFO - [31mstep: 2231  [32mloss:  2.6719  [38;2;180;60;0mgrad_norm:  1.0385  [38;2;54;234;195mmemory: 22.44GiB(28.24%)  [34mtps: 136  [36mtflops: 6.56  [35mmfu: 0.66%[39m
[rank0]:[titan] 2026-03-17 20:06:59,260 - root - INFO - [31mstep: 2232  [32mloss:  2.6875  [38;2;180;60;0mgrad_norm:  0.9276  [38;2;54;234;195mmemory: 22.44GiB(28.24%)  [34mtps: 134  [36mtflops: 6.46  [35mmfu: 0.65%[39m
[rank0]:[titan] 2026-03-17 20:07:15,050 - root - INFO - [31mstep: 2233  [32mloss:  2.7188  [38;2;180;60;0mgrad_norm:  1.1422  [38;2;54;234;195mmemory: 22.44GiB(28.24%)  [34mtps: 130  [36mtflops: 6.26  [35mmfu: 0.63%[39m
[rank0]:[titan] 2026-03-17 20:07:30,185 - root - INFO - [31mstep: 2234  [32mloss:  2.7188  [38;2;180;60;0mgrad_norm:  1.1929  [38;2;54;234;195mmemory: 22.44GiB(28.24%)  [34mtps: 135  [36mtflops: 6.53  [35mmfu: 0.66%[39m
[rank0]:[titan] 2026-03-17 20:07:45,600 - root - INFO - [31mstep: 2235  [32mloss:  2.7344  [38;2;180;60;0mgrad_norm:  1.0021  [38;2;54;234;195mmemory: 22.44GiB(28.24%)  [34mtps: 133  [36mtflops: 6.41  [35mmfu: 0.65%[39m
[rank0]:[titan] 2026-03-17 20:08:00,629 - root - INFO - [31mstep: 2236  [32mloss:  2.7188  [38;2;180;60;0mgrad_norm:  1.0254  [38;2;54;234;195mmemory: 22.44GiB(28.24%)  [34mtps: 136  [36mtflops: 6.58  [35mmfu: 0.66%[39m
[rank0]:[titan] 2026-03-17 20:08:15,896 - root - INFO - [31mstep: 2237  [32mloss:  2.6719  [38;2;180;60;0mgrad_norm:  1.1753  [38;2;54;234;195mmemory: 22.44GiB(28.24%)  [34mtps: 134  [36mtflops: 6.47  [35mmfu: 0.65%[39m
[rank0]:[titan] 2026-03-17 20:08:31,402 - root - INFO - [31mstep: 2238  [32mloss:  2.6875  [38;2;180;60;0mgrad_norm:  0.7600  [38;2;54;234;195mmemory: 22.44GiB(28.24%)  [34mtps: 132  [36mtflops: 6.37  [35mmfu: 0.64%[39m
[rank0]:[titan] 2026-03-17 20:08:46,751 - root - INFO - [31mstep: 2239  [32mloss:  2.7188  [38;2;180;60;0mgrad_norm:  0.7380  [38;2;54;234;195mmemory: 22.44GiB(28.24%)  [34mtps: 133  [36mtflops: 6.44  [35mmfu: 0.65%[39m
[rank0]:[titan] 2026-03-17 20:09:02,486 - root - INFO - [31mstep: 2240  [32mloss:  2.7344  [38;2;180;60;0mgrad_norm:  0.7760  [38;2;54;234;195mmemory: 22.44GiB(28.24%)  [34mtps: 130  [36mtflops: 6.28  [35mmfu: 0.64%[39m
[rank0]:[titan] 2026-03-17 20:09:17,818 - root - INFO - [31mstep: 2241  [32mloss:  2.7188  [38;2;180;60;0mgrad_norm:  0.9319  [38;2;54;234;195mmemory: 22.44GiB(28.24%)  [34mtps: 134  [36mtflops: 6.45  [35mmfu: 0.65%[39m
[rank0]:[titan] 2026-03-17 20:09:33,023 - root - INFO - [31mstep: 2242  [32mloss:  2.7812  [38;2;180;60;0mgrad_norm:  1.1207  [38;2;54;234;195mmemory: 22.44GiB(28.24%)  [34mtps: 135  [36mtflops: 6.50  [35mmfu: 0.66%[39m
[rank0]:[titan] 2026-03-17 20:09:48,208 - root - INFO - [31mstep: 2243  [32mloss:  2.7812  [38;2;180;60;0mgrad_norm:  1.1231  [38;2;54;234;195mmemory: 22.44GiB(28.24%)  [34mtps: 135  [36mtflops: 6.51  [35mmfu: 0.66%[39m
[rank0]:[titan] 2026-03-17 20:10:03,549 - root - INFO - [31mstep: 2244  [32mloss:  2.7812  [38;2;180;60;0mgrad_norm:  0.9219  [38;2;54;234;195mmemory: 22.44GiB(28.24%)  [34mtps: 134  [36mtflops: 6.44  [35mmfu: 0.65%[39m
[rank0]:[titan] 2026-03-17 20:10:18,968 - root - INFO - [31mstep: 2245  [32mloss:  2.7344  [38;2;180;60;0mgrad_norm:  1.1858  [38;2;54;234;195mmemory: 22.44GiB(28.24%)  [34mtps: 133  [36mtflops: 6.41  [35mmfu: 0.65%[39m
[rank0]:[titan] 2026-03-17 20:10:34,247 - root - INFO - [31mstep: 2246  [32mloss:  2.7188  [38;2;180;60;0mgrad_norm:  9.1242  [38;2;54;234;195mmemory: 22.44GiB(28.24%)  [34mtps: 134  [36mtflops: 6.47  [35mmfu: 0.65%[39m
[rank0]:[titan] 2026-03-17 20:10:49,628 - root - INFO - [31mstep: 2247  [32mloss:  2.7656  [38;2;180;60;0mgrad_norm:  1.5419  [38;2;54;234;195mmemory: 22.44GiB(28.24%)  [34mtps: 133  [36mtflops: 6.42  [35mmfu: 0.65%[39m
[rank0]:[titan] 2026-03-17 20:11:05,229 - root - INFO - [31mstep: 2248  [32mloss:  2.7344  [38;2;180;60;0mgrad_norm:  1.4159  [38;2;54;234;195mmemory: 22.44GiB(28.24%)  [34mtps: 131  [36mtflops: 6.33  [35mmfu: 0.64%[39m
[rank0]:[titan] 2026-03-17 20:11:20,646 - root - INFO - [31mstep: 2249  [32mloss:  2.7188  [38;2;180;60;0mgrad_norm:  1.0615  [38;2;54;234;195mmemory: 22.44GiB(28.24%)  [34mtps: 133  [36mtflops: 6.41  [35mmfu: 0.65%[39m
[rank0]:[titan] 2026-03-17 20:11:35,939 - root - INFO - [31mstep: 2250  [32mloss:  2.6719  [38;2;180;60;0mgrad_norm:  1.0787  [38;2;54;234;195mmemory: 22.44GiB(28.24%)  [34mtps: 134  [36mtflops: 6.46  [35mmfu: 0.65%[39m
[rank0]:[titan] 2026-03-17 20:11:50,998 - root - INFO - [31mstep: 2251  [32mloss:  2.7188  [38;2;180;60;0mgrad_norm:  1.4135  [38;2;54;234;195mmemory: 22.44GiB(28.24%)  [34mtps: 136  [36mtflops: 6.56  [35mmfu: 0.66%[39m
[rank0]:[titan] 2026-03-17 20:12:06,275 - root - INFO - [31mstep: 2252  [32mloss:  2.7031  [38;2;180;60;0mgrad_norm:  1.3850  [38;2;54;234;195mmemory: 22.44GiB(28.24%)  [34mtps: 134  [36mtflops: 6.47  [35mmfu: 0.65%[39m
[rank0]:[titan] 2026-03-17 20:12:21,702 - root - INFO - [31mstep: 2253  [32mloss:  2.6562  [38;2;180;60;0mgrad_norm:  1.0831  [38;2;54;234;195mmemory: 22.44GiB(28.24%)  [34mtps: 133  [36mtflops: 6.41  [35mmfu: 0.65%[39m
[rank0]:[titan] 2026-03-17 20:12:36,836 - root - INFO - [31mstep: 2254  [32mloss:  2.7188  [38;2;180;60;0mgrad_norm:  1.0975  [38;2;54;234;195mmemory: 22.44GiB(28.24%)  [34mtps: 135  [36mtflops: 6.53  [35mmfu: 0.66%[39m
[rank0]:[titan] 2026-03-17 20:12:51,969 - root - INFO - [31mstep: 2255  [32mloss:  2.7500  [38;2;180;60;0mgrad_norm:  1.3404  [38;2;54;234;195mmemory: 22.44GiB(28.24%)  [34mtps: 135  [36mtflops: 6.53  [35mmfu: 0.66%[39m
[rank0]:[titan] 2026-03-17 20:13:07,379 - root - INFO - [31mstep: 2256  [32mloss:  2.7812  [38;2;180;60;0mgrad_norm:  1.1508  [38;2;54;234;195mmemory: 22.44GiB(28.24%)  [34mtps: 133  [36mtflops: 6.41  [35mmfu: 0.65%[39m
[rank0]:[titan] 2026-03-17 20:13:22,713 - root - INFO - [31mstep: 2257  [32mloss:  2.6875  [38;2;180;60;0mgrad_norm:  0.7051  [38;2;54;234;195mmemory: 22.44GiB(28.24%)  [34mtps: 134  [36mtflops: 6.44  [35mmfu: 0.65%[39m
[rank0]:[titan] 2026-03-17 20:13:37,940 - root - INFO - [31mstep: 2258  [32mloss:  2.7031  [38;2;180;60;0mgrad_norm:  0.8306  [38;2;54;234;195mmemory: 22.44GiB(28.24%)  [34mtps: 134  [36mtflops: 6.49  [35mmfu: 0.66%[39m
[rank0]:[titan] 2026-03-17 20:13:52,985 - root - INFO - [31mstep: 2259  [32mloss:  2.6875  [38;2;180;60;0mgrad_norm:  0.8736  [38;2;54;234;195mmemory: 22.44GiB(28.24%)  [34mtps: 136  [36mtflops: 6.57  [35mmfu: 0.66%[39m
[rank0]:[titan] 2026-03-17 20:14:08,303 - root - INFO - [31mstep: 2260  [32mloss:  2.7656  [38;2;180;60;0mgrad_norm:  0.9384  [38;2;54;234;195mmemory: 22.44GiB(28.24%)  [34mtps: 134  [36mtflops: 6.45  [35mmfu: 0.65%[39m
[rank0]:[titan] 2026-03-17 20:14:23,318 - root - INFO - [31mstep: 2261  [32mloss:  2.7500  [38;2;180;60;0mgrad_norm:  0.9272  [38;2;54;234;195mmemory: 22.44GiB(28.24%)  [34mtps: 136  [36mtflops: 6.58  [35mmfu: 0.67%[39m
[rank0]:[titan] 2026-03-17 20:14:38,509 - root - INFO - [31mstep: 2262  [32mloss:  2.7188  [38;2;180;60;0mgrad_norm:  1.0562  [38;2;54;234;195mmemory: 22.44GiB(28.24%)  [34mtps: 135  [36mtflops: 6.51  [35mmfu: 0.66%[39m
[rank0]:[titan] 2026-03-17 20:14:54,050 - root - INFO - [31mstep: 2263  [32mloss:  2.7188  [38;2;180;60;0mgrad_norm:  1.1692  [38;2;54;234;195mmemory: 22.44GiB(28.24%)  [34mtps: 132  [36mtflops: 6.36  [35mmfu: 0.64%[39m
[rank0]:[titan] 2026-03-17 20:15:09,187 - root - INFO - [31mstep: 2264  [32mloss:  2.7031  [38;2;180;60;0mgrad_norm:  0.8695  [38;2;54;234;195mmemory: 22.44GiB(28.24%)  [34mtps: 135  [36mtflops: 6.53  [35mmfu: 0.66%[39m
[rank0]:[titan] 2026-03-17 20:15:24,461 - root - INFO - [31mstep: 2265  [32mloss:  2.7031  [38;2;180;60;0mgrad_norm:  0.8899  [38;2;54;234;195mmemory: 22.44GiB(28.24%)  [34mtps: 134  [36mtflops: 6.47  [35mmfu: 0.65%[39m
[rank0]:[titan] 2026-03-17 20:15:39,235 - root - INFO - [31mstep: 2266  [32mloss:  2.6875  [38;2;180;60;0mgrad_norm:  1.1185  [38;2;54;234;195mmemory: 22.44GiB(28.24%)  [34mtps: 139  [36mtflops: 6.69  [35mmfu: 0.68%[39m
[rank0]:[titan] 2026-03-17 20:15:54,654 - root - INFO - [31mstep: 2267  [32mloss:  2.6250  [38;2;180;60;0mgrad_norm:  0.9522  [38;2;54;234;195mmemory: 22.44GiB(28.24%)  [34mtps: 133  [36mtflops: 6.41  [35mmfu: 0.65%[39m
[rank0]:[titan] 2026-03-17 20:16:10,288 - root - INFO - [31mstep: 2268  [32mloss:  2.7031  [38;2;180;60;0mgrad_norm:  1.1905  [38;2;54;234;195mmemory: 22.44GiB(28.24%)  [34mtps: 131  [36mtflops: 6.32  [35mmfu: 0.64%[39m
[rank0]:[titan] 2026-03-17 20:16:25,737 - root - INFO - [31mstep: 2269  [32mloss:  2.6875  [38;2;180;60;0mgrad_norm:  1.0704  [38;2;54;234;195mmemory: 22.44GiB(28.24%)  [34mtps: 133  [36mtflops: 6.40  [35mmfu: 0.65%[39m
[rank0]:[titan] 2026-03-17 20:16:40,841 - root - INFO - [31mstep: 2270  [32mloss:  2.7031  [38;2;180;60;0mgrad_norm:  0.8576  [38;2;54;234;195mmemory: 22.44GiB(28.24%)  [34mtps: 136  [36mtflops: 6.54  [35mmfu: 0.66%[39m
[rank0]:[titan] 2026-03-17 20:16:55,866 - root - INFO - [31mstep: 2271  [32mloss:  2.6875  [38;2;180;60;0mgrad_norm:  0.6820  [38;2;54;234;195mmemory: 22.44GiB(28.24%)  [34mtps: 136  [36mtflops: 6.58  [35mmfu: 0.67%[39m
[rank0]:[titan] 2026-03-17 20:17:11,008 - root - INFO - [31mstep: 2272  [32mloss:  2.6562  [38;2;180;60;0mgrad_norm:  1.0432  [38;2;54;234;195mmemory: 22.44GiB(28.24%)  [34mtps: 135  [36mtflops: 6.53  [35mmfu: 0.66%[39m
[rank0]:[titan] 2026-03-17 20:17:26,452 - root - INFO - [31mstep: 2273  [32mloss:  2.6406  [38;2;180;60;0mgrad_norm:  0.9826  [38;2;54;234;195mmemory: 22.44GiB(28.24%)  [34mtps: 133  [36mtflops: 6.40  [35mmfu: 0.65%[39m
[rank0]:[titan] 2026-03-17 20:17:41,377 - root - INFO - [31mstep: 2274  [32mloss:  2.6406  [38;2;180;60;0mgrad_norm:  0.9506  [38;2;54;234;195mmemory: 22.44GiB(28.24%)  [34mtps: 137  [36mtflops: 6.62  [35mmfu: 0.67%[39m
[rank0]:[titan] 2026-03-17 20:17:56,798 - root - INFO - [31mstep: 2275  [32mloss:  2.7188  [38;2;180;60;0mgrad_norm:  0.9411  [38;2;54;234;195mmemory: 22.44GiB(28.24%)  [34mtps: 133  [36mtflops: 6.41  [35mmfu: 0.65%[39m
[rank0]:[titan] 2026-03-17 20:18:12,020 - root - INFO - [31mstep: 2276  [32mloss:  2.6562  [38;2;180;60;0mgrad_norm:  0.9052  [38;2;54;234;195mmemory: 22.44GiB(28.24%)  [34mtps: 135  [36mtflops: 6.49  [35mmfu: 0.66%[39m
[rank0]:[titan] 2026-03-17 20:18:27,169 - root - INFO - [31mstep: 2277  [32mloss:  2.7188  [38;2;180;60;0mgrad_norm:  1.1188  [38;2;54;234;195mmemory: 22.44GiB(28.24%)  [34mtps: 135  [36mtflops: 6.52  [35mmfu: 0.66%[39m
[rank0]:[titan] 2026-03-17 20:18:42,175 - root - INFO - [31mstep: 2278  [32mloss:  2.7031  [38;2;180;60;0mgrad_norm:  0.9100  [38;2;54;234;195mmemory: 22.44GiB(28.24%)  [34mtps: 136  [36mtflops: 6.59  [35mmfu: 0.67%[39m
[rank0]:[titan] 2026-03-17 20:18:57,240 - root - INFO - [31mstep: 2279  [32mloss:  2.6562  [38;2;180;60;0mgrad_norm:  0.9630  [38;2;54;234;195mmemory: 22.44GiB(28.24%)  [34mtps: 136  [36mtflops: 6.56  [35mmfu: 0.66%[39m
[rank0]:[titan] 2026-03-17 20:19:12,500 - root - INFO - [31mstep: 2280  [32mloss:  2.6562  [38;2;180;60;0mgrad_norm:  0.8633  [38;2;54;234;195mmemory: 22.44GiB(28.24%)  [34mtps: 134  [36mtflops: 6.48  [35mmfu: 0.65%[39m
[rank0]:[titan] 2026-03-17 20:19:27,582 - root - INFO - [31mstep: 2281  [32mloss:  2.6562  [38;2;180;60;0mgrad_norm:  0.9179  [38;2;54;234;195mmemory: 22.44GiB(28.24%)  [34mtps: 136  [36mtflops: 6.55  [35mmfu: 0.66%[39m
[rank0]:[titan] 2026-03-17 20:19:42,709 - root - INFO - [31mstep: 2282  [32mloss:  2.6406  [38;2;180;60;0mgrad_norm:  0.7379  [38;2;54;234;195mmemory: 22.44GiB(28.24%)  [34mtps: 135  [36mtflops: 6.53  [35mmfu: 0.66%[39m
[rank0]:[titan] 2026-03-17 20:19:57,691 - root - INFO - [31mstep: 2283  [32mloss:  2.6406  [38;2;180;60;0mgrad_norm:  1.0573  [38;2;54;234;195mmemory: 22.44GiB(28.24%)  [34mtps: 137  [36mtflops: 6.60  [35mmfu: 0.67%[39m
[rank0]:[titan] 2026-03-17 20:20:12,800 - root - INFO - [31mstep: 2284  [32mloss:  2.6875  [38;2;180;60;0mgrad_norm:  1.1275  [38;2;54;234;195mmemory: 22.44GiB(28.24%)  [34mtps: 136  [36mtflops: 6.54  [35mmfu: 0.66%[39m
[rank0]:[titan] 2026-03-17 20:20:28,016 - root - INFO - [31mstep: 2285  [32mloss:  2.6562  [38;2;180;60;0mgrad_norm:  1.2035  [38;2;54;234;195mmemory: 22.44GiB(28.24%)  [34mtps: 135  [36mtflops: 6.49  [35mmfu: 0.66%[39m
[rank0]:[titan] 2026-03-17 20:20:43,250 - root - INFO - [31mstep: 2286  [32mloss:  2.6250  [38;2;180;60;0mgrad_norm:  1.0021  [38;2;54;234;195mmemory: 22.44GiB(28.24%)  [34mtps: 134  [36mtflops: 6.49  [35mmfu: 0.66%[39m
[rank0]:[titan] 2026-03-17 20:20:58,383 - root - INFO - [31mstep: 2287  [32mloss:  2.6875  [38;2;180;60;0mgrad_norm:  1.0453  [38;2;54;234;195mmemory: 22.44GiB(28.24%)  [34mtps: 135  [36mtflops: 6.53  [35mmfu: 0.66%[39m
[rank0]:[titan] 2026-03-17 20:21:13,669 - root - INFO - [31mstep: 2288  [32mloss:  2.6875  [38;2;180;60;0mgrad_norm:  0.8825  [38;2;54;234;195mmemory: 22.44GiB(28.24%)  [34mtps: 134  [36mtflops: 6.47  [35mmfu: 0.65%[39m
[rank0]:[titan] 2026-03-17 20:21:28,919 - root - INFO - [31mstep: 2289  [32mloss:  2.6250  [38;2;180;60;0mgrad_norm:  0.6495  [38;2;54;234;195mmemory: 22.44GiB(28.24%)  [34mtps: 134  [36mtflops: 6.48  [35mmfu: 0.66%[39m
[rank0]:[titan] 2026-03-17 20:21:44,340 - root - INFO - [31mstep: 2290  [32mloss:  2.7031  [38;2;180;60;0mgrad_norm:  0.8600  [38;2;54;234;195mmemory: 22.44GiB(28.24%)  [34mtps: 133  [36mtflops: 6.41  [35mmfu: 0.65%[39m
[rank0]:[titan] 2026-03-17 20:21:59,241 - root - INFO - [31mstep: 2291  [32mloss:  2.6562  [38;2;180;60;0mgrad_norm:  0.8910  [38;2;54;234;195mmemory: 22.44GiB(28.24%)  [34mtps: 137  [36mtflops: 6.63  [35mmfu: 0.67%[39m
[rank0]:[titan] 2026-03-17 20:22:14,677 - root - INFO - [31mstep: 2292  [32mloss:  2.6875  [38;2;180;60;0mgrad_norm:  0.8387  [38;2;54;234;195mmemory: 22.44GiB(28.24%)  [34mtps: 133  [36mtflops: 6.40  [35mmfu: 0.65%[39m
[rank0]:[titan] 2026-03-17 20:22:30,139 - root - INFO - [31mstep: 2293  [32mloss:  2.6875  [38;2;180;60;0mgrad_norm:  0.8388  [38;2;54;234;195mmemory: 22.44GiB(28.24%)  [34mtps: 132  [36mtflops: 6.39  [35mmfu: 0.65%[39m
[rank0]:[titan] 2026-03-17 20:22:45,286 - root - INFO - [31mstep: 2294  [32mloss:  2.6875  [38;2;180;60;0mgrad_norm:  1.3037  [38;2;54;234;195mmemory: 22.44GiB(28.24%)  [34mtps: 135  [36mtflops: 6.52  [35mmfu: 0.66%[39m
[rank0]:[titan] 2026-03-17 20:23:00,180 - root - INFO - [31mstep: 2295  [32mloss:  2.7031  [38;2;180;60;0mgrad_norm:  1.0676  [38;2;54;234;195mmemory: 22.44GiB(28.24%)  [34mtps: 138  [36mtflops: 6.63  [35mmfu: 0.67%[39m
[rank0]:[titan] 2026-03-17 20:23:15,319 - root - INFO - [31mstep: 2296  [32mloss:  2.6875  [38;2;180;60;0mgrad_norm:  0.9535  [38;2;54;234;195mmemory: 22.44GiB(28.24%)  [34mtps: 135  [36mtflops: 6.53  [35mmfu: 0.66%[39m
[rank0]:[titan] 2026-03-17 20:23:30,335 - root - INFO - [31mstep: 2297  [32mloss:  2.6875  [38;2;180;60;0mgrad_norm:  0.9043  [38;2;54;234;195mmemory: 22.44GiB(28.24%)  [34mtps: 136  [36mtflops: 6.58  [35mmfu: 0.67%[39m
[rank0]:[titan] 2026-03-17 20:23:45,259 - root - INFO - [31mstep: 2298  [32mloss:  2.8125  [38;2;180;60;0mgrad_norm:  1.1039  [38;2;54;234;195mmemory: 22.44GiB(28.24%)  [34mtps: 137  [36mtflops: 6.62  [35mmfu: 0.67%[39m
[rank0]:[titan] 2026-03-17 20:24:00,475 - root - INFO - [31mstep: 2299  [32mloss:  2.7500  [38;2;180;60;0mgrad_norm:  1.2265  [38;2;54;234;195mmemory: 22.44GiB(28.24%)  [34mtps: 135  [36mtflops: 6.49  [35mmfu: 0.66%[39m
[rank0]:[titan] 2026-03-17 20:24:15,763 - root - INFO - [31mstep: 2300  [32mloss:  2.6875  [38;2;180;60;0mgrad_norm:  1.1833  [38;2;54;234;195mmemory: 22.44GiB(28.24%)  [34mtps: 134  [36mtflops: 6.46  [35mmfu: 0.65%[39m
[rank0]:[titan] 2026-03-17 20:24:30,783 - root - INFO - [31mstep: 2301  [32mloss:  2.6875  [38;2;180;60;0mgrad_norm:  0.8771  [38;2;54;234;195mmemory: 22.44GiB(28.24%)  [34mtps: 136  [36mtflops: 6.58  [35mmfu: 0.67%[39m
[rank0]:[titan] 2026-03-17 20:24:45,661 - root - INFO - [31mstep: 2302  [32mloss:  2.7500  [38;2;180;60;0mgrad_norm:  0.9736  [38;2;54;234;195mmemory: 22.44GiB(28.24%)  [34mtps: 138  [36mtflops: 6.64  [35mmfu: 0.67%[39m
[rank0]:[titan] 2026-03-17 20:25:01,321 - root - INFO - [31mstep: 2303  [32mloss:  2.7344  [38;2;180;60;0mgrad_norm:  1.1344  [38;2;54;234;195mmemory: 22.44GiB(28.24%)  [34mtps: 131  [36mtflops: 6.31  [35mmfu: 0.64%[39m
[rank0]:[titan] 2026-03-17 20:25:17,206 - root - INFO - [31mstep: 2304  [32mloss:  2.7188  [38;2;180;60;0mgrad_norm:  0.9177  [38;2;54;234;195mmemory: 22.44GiB(28.24%)  [34mtps: 129  [36mtflops: 6.22  [35mmfu: 0.63%[39m
[rank0]:[titan] 2026-03-17 20:25:32,367 - root - INFO - [31mstep: 2305  [32mloss:  2.6875  [38;2;180;60;0mgrad_norm:  1.1418  [38;2;54;234;195mmemory: 22.44GiB(28.24%)  [34mtps: 135  [36mtflops: 6.52  [35mmfu: 0.66%[39m
[rank0]:[titan] 2026-03-17 20:25:47,550 - root - INFO - [31mstep: 2306  [32mloss:  2.7344  [38;2;180;60;0mgrad_norm:  0.9587  [38;2;54;234;195mmemory: 22.44GiB(28.24%)  [34mtps: 135  [36mtflops: 6.51  [35mmfu: 0.66%[39m
[rank0]:[titan] 2026-03-17 20:26:02,583 - root - INFO - [31mstep: 2307  [32mloss:  2.7188  [38;2;180;60;0mgrad_norm:  1.0259  [38;2;54;234;195mmemory: 22.44GiB(28.24%)  [34mtps: 136  [36mtflops: 6.57  [35mmfu: 0.66%[39m
[rank0]:[titan] 2026-03-17 20:26:17,670 - root - INFO - [31mstep: 2308  [32mloss:  2.7500  [38;2;180;60;0mgrad_norm:  1.4676  [38;2;54;234;195mmemory: 22.44GiB(28.24%)  [34mtps: 136  [36mtflops: 6.55  [35mmfu: 0.66%[39m
[rank0]:[titan] 2026-03-17 20:26:32,864 - root - INFO - [31mstep: 2309  [32mloss:  2.7812  [38;2;180;60;0mgrad_norm:  1.2072  [38;2;54;234;195mmemory: 22.44GiB(28.24%)  [34mtps: 135  [36mtflops: 6.50  [35mmfu: 0.66%[39m
[rank0]:[titan] 2026-03-17 20:26:48,121 - root - INFO - [31mstep: 2310  [32mloss:  2.6875  [38;2;180;60;0mgrad_norm:  0.8777  [38;2;54;234;195mmemory: 22.44GiB(28.24%)  [34mtps: 134  [36mtflops: 6.48  [35mmfu: 0.65%[39m
[rank0]:[titan] 2026-03-17 20:27:03,362 - root - INFO - [31mstep: 2311  [32mloss:  2.6875  [38;2;180;60;0mgrad_norm:  0.9211  [38;2;54;234;195mmemory: 22.44GiB(28.24%)  [34mtps: 134  [36mtflops: 6.48  [35mmfu: 0.66%[39m
[rank0]:[titan] 2026-03-17 20:27:18,520 - root - INFO - [31mstep: 2312  [32mloss:  2.6719  [38;2;180;60;0mgrad_norm:  1.0302  [38;2;54;234;195mmemory: 22.44GiB(28.24%)  [34mtps: 135  [36mtflops: 6.52  [35mmfu: 0.66%[39m
[rank0]:[titan] 2026-03-17 20:27:33,700 - root - INFO - [31mstep: 2313  [32mloss:  2.7031  [38;2;180;60;0mgrad_norm:  1.3725  [38;2;54;234;195mmemory: 22.44GiB(28.24%)  [34mtps: 135  [36mtflops: 6.51  [35mmfu: 0.66%[39m
[rank0]:[titan] 2026-03-17 20:27:48,935 - root - INFO - [31mstep: 2314  [32mloss:  2.7031  [38;2;180;60;0mgrad_norm:  1.0570  [38;2;54;234;195mmemory: 22.44GiB(28.24%)  [34mtps: 134  [36mtflops: 6.49  [35mmfu: 0.66%[39m
[rank0]:[titan] 2026-03-17 20:28:04,045 - root - INFO - [31mstep: 2315  [32mloss:  2.7031  [38;2;180;60;0mgrad_norm:  0.7735  [38;2;54;234;195mmemory: 22.44GiB(28.24%)  [34mtps: 136  [36mtflops: 6.54  [35mmfu: 0.66%[39m
[rank0]:[titan] 2026-03-17 20:28:19,345 - root - INFO - [31mstep: 2316  [32mloss:  2.6562  [38;2;180;60;0mgrad_norm:  0.9457  [38;2;54;234;195mmemory: 22.44GiB(28.24%)  [34mtps: 134  [36mtflops: 6.46  [35mmfu: 0.65%[39m
[rank0]:[titan] 2026-03-17 20:28:34,605 - root - INFO - [31mstep: 2317  [32mloss:  2.6250  [38;2;180;60;0mgrad_norm:  1.0053  [38;2;54;234;195mmemory: 22.44GiB(28.24%)  [34mtps: 134  [36mtflops: 6.48  [35mmfu: 0.65%[39m
[rank0]:[titan] 2026-03-17 20:28:49,631 - root - INFO - [31mstep: 2318  [32mloss:  2.6406  [38;2;180;60;0mgrad_norm:  0.9792  [38;2;54;234;195mmemory: 22.44GiB(28.24%)  [34mtps: 136  [36mtflops: 6.58  [35mmfu: 0.66%[39m
[rank0]:[titan] 2026-03-17 20:29:04,231 - root - INFO - [31mstep: 2319  [32mloss:  2.6875  [38;2;180;60;0mgrad_norm:  0.7201  [38;2;54;234;195mmemory: 22.44GiB(28.24%)  [34mtps: 140  [36mtflops: 6.77  [35mmfu: 0.68%[39m
[rank0]:[titan] 2026-03-17 20:29:19,338 - root - INFO - [31mstep: 2320  [32mloss:  2.6719  [38;2;180;60;0mgrad_norm:  0.8127  [38;2;54;234;195mmemory: 22.44GiB(28.24%)  [34mtps: 136  [36mtflops: 6.54  [35mmfu: 0.66%[39m
[rank0]:[titan] 2026-03-17 20:29:34,456 - root - INFO - [31mstep: 2321  [32mloss:  2.6562  [38;2;180;60;0mgrad_norm:  0.7321  [38;2;54;234;195mmemory: 22.44GiB(28.24%)  [34mtps: 135  [36mtflops: 6.54  [35mmfu: 0.66%[39m
[rank0]:[titan] 2026-03-17 20:29:49,601 - root - INFO - [31mstep: 2322  [32mloss:  2.7031  [38;2;180;60;0mgrad_norm:  0.7876  [38;2;54;234;195mmemory: 22.44GiB(28.24%)  [34mtps: 135  [36mtflops: 6.52  [35mmfu: 0.66%[39m
[rank0]:[titan] 2026-03-17 20:30:04,947 - root - INFO - [31mstep: 2323  [32mloss:  2.6875  [38;2;180;60;0mgrad_norm:  0.8267  [38;2;54;234;195mmemory: 22.44GiB(28.24%)  [34mtps: 133  [36mtflops: 6.44  [35mmfu: 0.65%[39m
[rank0]:[titan] 2026-03-17 20:30:20,169 - root - INFO - [31mstep: 2324  [32mloss:  2.6562  [38;2;180;60;0mgrad_norm:  0.6295  [38;2;54;234;195mmemory: 22.44GiB(28.24%)  [34mtps: 135  [36mtflops: 6.49  [35mmfu: 0.66%[39m
[rank0]:[titan] 2026-03-17 20:30:35,494 - root - INFO - [31mstep: 2325  [32mloss:  2.7344  [38;2;180;60;0mgrad_norm:  0.6655  [38;2;54;234;195mmemory: 22.44GiB(28.24%)  [34mtps: 134  [36mtflops: 6.45  [35mmfu: 0.65%[39m
[rank0]:[titan] 2026-03-17 20:30:35,497 - root - WARNING - Dataset c4_test is being re-looped
[rank0]:[titan] 2026-03-17 20:30:50,661 - root - INFO - [31mstep: 2326  [32mloss:  2.7656  [38;2;180;60;0mgrad_norm:  0.7320  [38;2;54;234;195mmemory: 22.44GiB(28.24%)  [34mtps: 135  [36mtflops: 6.52  [35mmfu: 0.66%[39m
[rank0]:[titan] 2026-03-17 20:31:05,772 - root - INFO - [31mstep: 2327  [32mloss:  2.7500  [38;2;180;60;0mgrad_norm:  0.6569  [38;2;54;234;195mmemory: 22.44GiB(28.24%)  [34mtps: 136  [36mtflops: 6.54  [35mmfu: 0.66%[39m
[rank0]:[titan] 2026-03-17 20:31:20,821 - root - INFO - [31mstep: 2328  [32mloss:  2.7812  [38;2;180;60;0mgrad_norm:  0.7738  [38;2;54;234;195mmemory: 22.44GiB(28.24%)  [34mtps: 136  [36mtflops: 6.57  [35mmfu: 0.66%[39m
[rank0]:[titan] 2026-03-17 20:31:35,859 - root - INFO - [31mstep: 2329  [32mloss:  2.6875  [38;2;180;60;0mgrad_norm:  1.0144  [38;2;54;234;195mmemory: 22.44GiB(28.24%)  [34mtps: 136  [36mtflops: 6.57  [35mmfu: 0.66%[39m
[rank0]:[titan] 2026-03-17 20:31:51,010 - root - INFO - [31mstep: 2330  [32mloss:  2.7188  [38;2;180;60;0mgrad_norm:  1.0406  [38;2;54;234;195mmemory: 22.44GiB(28.24%)  [34mtps: 135  [36mtflops: 6.52  [35mmfu: 0.66%[39m
[rank0]:[titan] 2026-03-17 20:32:06,121 - root - INFO - [31mstep: 2331  [32mloss:  2.7500  [38;2;180;60;0mgrad_norm:  1.1131  [38;2;54;234;195mmemory: 22.44GiB(28.24%)  [34mtps: 136  [36mtflops: 6.54  [35mmfu: 0.66%[39m
[rank0]:[titan] 2026-03-17 20:32:21,070 - root - INFO - [31mstep: 2332  [32mloss:  2.7031  [38;2;180;60;0mgrad_norm:  0.8589  [38;2;54;234;195mmemory: 22.44GiB(28.24%)  [34mtps: 137  [36mtflops: 6.61  [35mmfu: 0.67%[39m
[rank0]:[titan] 2026-03-17 20:32:36,468 - root - INFO - [31mstep: 2333  [32mloss:  2.7188  [38;2;180;60;0mgrad_norm:  0.9136  [38;2;54;234;195mmemory: 22.44GiB(28.24%)  [34mtps: 133  [36mtflops: 6.42  [35mmfu: 0.65%[39m
[rank0]:[titan] 2026-03-17 20:32:51,940 - root - INFO - [31mstep: 2334  [32mloss:  2.7188  [38;2;180;60;0mgrad_norm:  0.8307  [38;2;54;234;195mmemory: 22.44GiB(28.24%)  [34mtps: 132  [36mtflops: 6.39  [35mmfu: 0.65%[39m
[rank0]:[titan] 2026-03-17 20:33:07,183 - root - INFO - [31mstep: 2335  [32mloss:  2.7656  [38;2;180;60;0mgrad_norm:  0.9703  [38;2;54;234;195mmemory: 22.44GiB(28.24%)  [34mtps: 134  [36mtflops: 6.48  [35mmfu: 0.66%[39m
[rank0]:[titan] 2026-03-17 20:33:22,361 - root - INFO - [31mstep: 2336  [32mloss:  2.7812  [38;2;180;60;0mgrad_norm:  3.2689  [38;2;54;234;195mmemory: 22.44GiB(28.24%)  [34mtps: 135  [36mtflops: 6.51  [35mmfu: 0.66%[39m
[rank0]:[titan] 2026-03-17 20:33:37,326 - root - INFO - [31mstep: 2337  [32mloss:  2.7500  [38;2;180;60;0mgrad_norm:  0.8829  [38;2;54;234;195mmemory: 22.44GiB(28.24%)  [34mtps: 137  [36mtflops: 6.60  [35mmfu: 0.67%[39m
[rank0]:[titan] 2026-03-17 20:33:52,375 - root - INFO - [31mstep: 2338  [32mloss:  2.7344  [38;2;180;60;0mgrad_norm:  0.7396  [38;2;54;234;195mmemory: 22.44GiB(28.24%)  [34mtps: 136  [36mtflops: 6.57  [35mmfu: 0.66%[39m
[rank0]:[titan] 2026-03-17 20:34:07,333 - root - INFO - [31mstep: 2339  [32mloss:  2.7656  [38;2;180;60;0mgrad_norm:  0.7063  [38;2;54;234;195mmemory: 22.44GiB(28.24%)  [34mtps: 137  [36mtflops: 6.61  [35mmfu: 0.67%[39m
[rank0]:[titan] 2026-03-17 20:34:22,522 - root - INFO - [31mstep: 2340  [32mloss:  2.7500  [38;2;180;60;0mgrad_norm:  0.7136  [38;2;54;234;195mmemory: 22.44GiB(28.24%)  [34mtps: 135  [36mtflops: 6.51  [35mmfu: 0.66%[39m
[rank0]:[titan] 2026-03-17 20:34:37,678 - root - INFO - [31mstep: 2341  [32mloss:  2.7188  [38;2;180;60;0mgrad_norm:  0.8344  [38;2;54;234;195mmemory: 22.44GiB(28.24%)  [34mtps: 135  [36mtflops: 6.52  [35mmfu: 0.66%[39m
[rank0]:[titan] 2026-03-17 20:34:52,648 - root - INFO - [31mstep: 2342  [32mloss:  2.6875  [38;2;180;60;0mgrad_norm:  1.2227  [38;2;54;234;195mmemory: 22.44GiB(28.24%)  [34mtps: 137  [36mtflops: 6.60  [35mmfu: 0.67%[39m
[rank0]:[titan] 2026-03-17 20:35:07,735 - root - INFO - [31mstep: 2343  [32mloss:  2.7031  [38;2;180;60;0mgrad_norm:  1.0349  [38;2;54;234;195mmemory: 22.44GiB(28.24%)  [34mtps: 136  [36mtflops: 6.55  [35mmfu: 0.66%[39m
[rank0]:[titan] 2026-03-17 20:35:23,265 - root - INFO - [31mstep: 2344  [32mloss:  2.7656  [38;2;180;60;0mgrad_norm:  0.8303  [38;2;54;234;195mmemory: 22.44GiB(28.24%)  [34mtps: 132  [36mtflops: 6.36  [35mmfu: 0.64%[39m
[rank0]:[titan] 2026-03-17 20:35:38,538 - root - INFO - [31mstep: 2345  [32mloss:  2.7812  [38;2;180;60;0mgrad_norm:  0.9148  [38;2;54;234;195mmemory: 22.44GiB(28.24%)  [34mtps: 134  [36mtflops: 6.47  [35mmfu: 0.65%[39m
[rank0]:[titan] 2026-03-17 20:35:53,886 - root - INFO - [31mstep: 2346  [32mloss:  2.7656  [38;2;180;60;0mgrad_norm:  0.9736  [38;2;54;234;195mmemory: 22.44GiB(28.24%)  [34mtps: 133  [36mtflops: 6.44  [35mmfu: 0.65%[39m
[rank0]:[titan] 2026-03-17 20:36:09,091 - root - INFO - [31mstep: 2347  [32mloss:  2.7656  [38;2;180;60;0mgrad_norm:  1.2798  [38;2;54;234;195mmemory: 22.44GiB(28.24%)  [34mtps: 135  [36mtflops: 6.50  [35mmfu: 0.66%[39m
[rank0]:[titan] 2026-03-17 20:36:24,291 - root - INFO - [31mstep: 2348  [32mloss:  2.7656  [38;2;180;60;0mgrad_norm:  1.2621  [38;2;54;234;195mmemory: 22.44GiB(28.24%)  [34mtps: 135  [36mtflops: 6.50  [35mmfu: 0.66%[39m
[rank0]:[titan] 2026-03-17 20:36:39,576 - root - INFO - [31mstep: 2349  [32mloss:  2.6719  [38;2;180;60;0mgrad_norm:  1.0827  [38;2;54;234;195mmemory: 22.44GiB(28.24%)  [34mtps: 134  [36mtflops: 6.47  [35mmfu: 0.65%[39m
[rank0]:[titan] 2026-03-17 20:36:54,533 - root - INFO - [31mstep: 2350  [32mloss:  2.7500  [38;2;180;60;0mgrad_norm:  0.6614  [38;2;54;234;195mmemory: 22.44GiB(28.24%)  [34mtps: 137  [36mtflops: 6.61  [35mmfu: 0.67%[39m
[rank0]:[titan] 2026-03-17 20:37:09,822 - root - INFO - [31mstep: 2351  [32mloss:  2.7500  [38;2;180;60;0mgrad_norm:  1.2758  [38;2;54;234;195mmemory: 22.44GiB(28.24%)  [34mtps: 134  [36mtflops: 6.46  [35mmfu: 0.65%[39m
[rank0]:[titan] 2026-03-17 20:37:24,973 - root - INFO - [31mstep: 2352  [32mloss:  2.7500  [38;2;180;60;0mgrad_norm:  1.4064  [38;2;54;234;195mmemory: 22.44GiB(28.24%)  [34mtps: 135  [36mtflops: 6.52  [35mmfu: 0.66%[39m
[rank0]:[titan] 2026-03-17 20:37:40,007 - root - INFO - [31mstep: 2353  [32mloss:  2.6719  [38;2;180;60;0mgrad_norm:  0.9767  [38;2;54;234;195mmemory: 22.44GiB(28.24%)  [34mtps: 136  [36mtflops: 6.57  [35mmfu: 0.66%[39m
[rank0]:[titan] 2026-03-17 20:37:55,381 - root - INFO - [31mstep: 2354  [32mloss:  2.7188  [38;2;180;60;0mgrad_norm:  0.9139  [38;2;54;234;195mmemory: 22.44GiB(28.24%)  [34mtps: 133  [36mtflops: 6.43  [35mmfu: 0.65%[39m
[rank0]:[titan] 2026-03-17 20:38:10,848 - root - INFO - [31mstep: 2355  [32mloss:  2.6875  [38;2;180;60;0mgrad_norm:  1.3637  [38;2;54;234;195mmemory: 22.44GiB(28.24%)  [34mtps: 132  [36mtflops: 6.39  [35mmfu: 0.65%[39m
[rank0]:[titan] 2026-03-17 20:38:26,300 - root - INFO - [31mstep: 2356  [32mloss:  2.7031  [38;2;180;60;0mgrad_norm:  1.0409  [38;2;54;234;195mmemory: 22.44GiB(28.24%)  [34mtps: 133  [36mtflops: 6.40  [35mmfu: 0.65%[39m
[rank0]:[titan] 2026-03-17 20:38:41,538 - root - INFO - [31mstep: 2357  [32mloss:  2.6875  [38;2;180;60;0mgrad_norm:  0.8364  [38;2;54;234;195mmemory: 22.44GiB(28.24%)  [34mtps: 134  [36mtflops: 6.49  [35mmfu: 0.66%[39m
[rank0]:[titan] 2026-03-17 20:38:56,384 - root - INFO - [31mstep: 2358  [32mloss:  2.6875  [38;2;180;60;0mgrad_norm:  1.1323  [38;2;54;234;195mmemory: 22.44GiB(28.24%)  [34mtps: 138  [36mtflops: 6.66  [35mmfu: 0.67%[39m
[rank0]:[titan] 2026-03-17 20:39:09,968 - root - INFO - [31mstep: 2359  [32mloss:  2.6562  [38;2;180;60;0mgrad_norm:  1.0309  [38;2;54;234;195mmemory: 22.44GiB(28.24%)  [34mtps: 151  [36mtflops: 7.28  [35mmfu: 0.74%[39m
[rank0]:[titan] 2026-03-17 20:39:23,869 - root - INFO - [31mstep: 2360  [32mloss:  2.6406  [38;2;180;60;0mgrad_norm:  0.9119  [38;2;54;234;195mmemory: 22.44GiB(28.24%)  [34mtps: 147  [36mtflops: 7.11  [35mmfu: 0.72%[39m
[rank0]:[titan] 2026-03-17 20:39:37,806 - root - INFO - [31mstep: 2361  [32mloss:  2.6250  [38;2;180;60;0mgrad_norm:  0.8199  [38;2;54;234;195mmemory: 22.44GiB(28.24%)  [34mtps: 147  [36mtflops: 7.09  [35mmfu: 0.72%[39m
[rank0]:[titan] 2026-03-17 20:39:51,927 - root - INFO - [31mstep: 2362  [32mloss:  2.6406  [38;2;180;60;0mgrad_norm:  0.8970  [38;2;54;234;195mmemory: 22.44GiB(28.24%)  [34mtps: 145  [36mtflops: 7.00  [35mmfu: 0.71%[39m
[rank0]:[titan] 2026-03-17 20:40:05,522 - root - INFO - [31mstep: 2363  [32mloss:  2.6406  [38;2;180;60;0mgrad_norm:  0.9585  [38;2;54;234;195mmemory: 22.44GiB(28.24%)  [34mtps: 151  [36mtflops: 7.27  [35mmfu: 0.74%[39m
[rank0]:[titan] 2026-03-17 20:40:19,182 - root - INFO - [31mstep: 2364  [32mloss:  2.6406  [38;2;180;60;0mgrad_norm:  0.8952  [38;2;54;234;195mmemory: 22.44GiB(28.24%)  [34mtps: 150  [36mtflops: 7.23  [35mmfu: 0.73%[39m
[rank0]:[titan] 2026-03-17 20:40:32,748 - root - INFO - [31mstep: 2365  [32mloss:  2.6875  [38;2;180;60;0mgrad_norm:  0.6580  [38;2;54;234;195mmemory: 22.44GiB(28.24%)  [34mtps: 151  [36mtflops: 7.28  [35mmfu: 0.74%[39m
[rank0]:[titan] 2026-03-17 20:40:46,381 - root - INFO - [31mstep: 2366  [32mloss:  2.7344  [38;2;180;60;0mgrad_norm:  0.8987  [38;2;54;234;195mmemory: 22.44GiB(28.24%)  [34mtps: 150  [36mtflops: 7.25  [35mmfu: 0.73%[39m
[rank0]:[titan] 2026-03-17 20:40:59,901 - root - INFO - [31mstep: 2367  [32mloss:  2.7031  [38;2;180;60;0mgrad_norm:  0.7217  [38;2;54;234;195mmemory: 22.44GiB(28.24%)  [34mtps: 151  [36mtflops: 7.31  [35mmfu: 0.74%[39m
[rank0]:[titan] 2026-03-17 20:41:13,379 - root - INFO - [31mstep: 2368  [32mloss:  2.7188  [38;2;180;60;0mgrad_norm:  0.7383  [38;2;54;234;195mmemory: 22.44GiB(28.24%)  [34mtps: 152  [36mtflops: 7.33  [35mmfu: 0.74%[39m
[rank0]:[titan] 2026-03-17 20:41:26,924 - root - INFO - [31mstep: 2369  [32mloss:  2.7344  [38;2;180;60;0mgrad_norm:  0.8635  [38;2;54;234;195mmemory: 22.44GiB(28.24%)  [34mtps: 151  [36mtflops: 7.30  [35mmfu: 0.74%[39m
[rank0]:[titan] 2026-03-17 20:41:40,387 - root - INFO - [31mstep: 2370  [32mloss:  2.7344  [38;2;180;60;0mgrad_norm:  0.6728  [38;2;54;234;195mmemory: 22.44GiB(28.24%)  [34mtps: 152  [36mtflops: 7.34  [35mmfu: 0.74%[39m
[rank0]:[titan] 2026-03-17 20:41:54,378 - root - INFO - [31mstep: 2371  [32mloss:  2.7188  [38;2;180;60;0mgrad_norm:  1.5368  [38;2;54;234;195mmemory: 22.44GiB(28.24%)  [34mtps: 146  [36mtflops: 7.06  [35mmfu: 0.71%[39m
[rank0]:[titan] 2026-03-17 20:42:08,334 - root - INFO - [31mstep: 2372  [32mloss:  2.7188  [38;2;180;60;0mgrad_norm:  2.2059  [38;2;54;234;195mmemory: 22.44GiB(28.24%)  [34mtps: 147  [36mtflops: 7.08  [35mmfu: 0.72%[39m
[rank0]:[titan] 2026-03-17 20:42:22,088 - root - INFO - [31mstep: 2373  [32mloss:  2.8125  [38;2;180;60;0mgrad_norm:  1.8859  [38;2;54;234;195mmemory: 22.44GiB(28.24%)  [34mtps: 149  [36mtflops: 7.18  [35mmfu: 0.73%[39m
[rank0]:[titan] 2026-03-17 20:42:35,566 - root - INFO - [31mstep: 2374  [32mloss:  2.8750  [38;2;180;60;0mgrad_norm:  1.6874  [38;2;54;234;195mmemory: 22.44GiB(28.24%)  [34mtps: 152  [36mtflops: 7.33  [35mmfu: 0.74%[39m
[rank0]:[titan] 2026-03-17 20:42:49,050 - root - INFO - [31mstep: 2375  [32mloss:  2.8750  [38;2;180;60;0mgrad_norm:  0.8764  [38;2;54;234;195mmemory: 22.44GiB(28.24%)  [34mtps: 152  [36mtflops: 7.33  [35mmfu: 0.74%[39m
[rank0]:[titan] 2026-03-17 20:43:02,717 - root - INFO - [31mstep: 2376  [32mloss:  2.7969  [38;2;180;60;0mgrad_norm:  1.1174  [38;2;54;234;195mmemory: 22.44GiB(28.24%)  [34mtps: 150  [36mtflops: 7.23  [35mmfu: 0.73%[39m
[rank0]:[titan] 2026-03-17 20:43:16,461 - root - INFO - [31mstep: 2377  [32mloss:  2.8125  [38;2;180;60;0mgrad_norm:  1.3896  [38;2;54;234;195mmemory: 22.44GiB(28.24%)  [34mtps: 149  [36mtflops: 7.19  [35mmfu: 0.73%[39m
[rank0]:[titan] 2026-03-17 20:43:30,043 - root - INFO - [31mstep: 2378  [32mloss:  2.8125  [38;2;180;60;0mgrad_norm:  1.4842  [38;2;54;234;195mmemory: 22.44GiB(28.24%)  [34mtps: 151  [36mtflops: 7.28  [35mmfu: 0.74%[39m
[rank0]:[titan] 2026-03-17 20:43:43,506 - root - INFO - [31mstep: 2379  [32mloss:  2.7656  [38;2;180;60;0mgrad_norm:  0.9321  [38;2;54;234;195mmemory: 22.44GiB(28.24%)  [34mtps: 152  [36mtflops: 7.34  [35mmfu: 0.74%[39m
[rank0]:[titan] 2026-03-17 20:43:56,927 - root - INFO - [31mstep: 2380  [32mloss:  2.7500  [38;2;180;60;0mgrad_norm:  1.0835  [38;2;54;234;195mmemory: 22.44GiB(28.24%)  [34mtps: 153  [36mtflops: 7.36  [35mmfu: 0.74%[39m
[rank0]:[titan] 2026-03-17 20:44:10,911 - root - INFO - [31mstep: 2381  [32mloss:  2.7500  [38;2;180;60;0mgrad_norm:  1.3958  [38;2;54;234;195mmemory: 22.44GiB(28.24%)  [34mtps: 146  [36mtflops: 7.07  [35mmfu: 0.71%[39m
[rank0]:[titan] 2026-03-17 20:44:24,718 - root - INFO - [31mstep: 2382  [32mloss:  2.8594  [38;2;180;60;0mgrad_norm:  1.4410  [38;2;54;234;195mmemory: 22.44GiB(28.24%)  [34mtps: 148  [36mtflops: 7.16  [35mmfu: 0.72%[39m
[rank0]:[titan] 2026-03-17 20:44:38,185 - root - INFO - [31mstep: 2383  [32mloss:  2.8750  [38;2;180;60;0mgrad_norm:  1.7341  [38;2;54;234;195mmemory: 22.44GiB(28.24%)  [34mtps: 152  [36mtflops: 7.34  [35mmfu: 0.74%[39m
[rank0]:[titan] 2026-03-17 20:44:52,080 - root - INFO - [31mstep: 2384  [32mloss:  2.7812  [38;2;180;60;0mgrad_norm:  0.9936  [38;2;54;234;195mmemory: 22.44GiB(28.24%)  [34mtps: 147  [36mtflops: 7.11  [35mmfu: 0.72%[39m
[rank0]:[titan] 2026-03-17 20:45:05,598 - root - INFO - [31mstep: 2385  [32mloss:  2.7656  [38;2;180;60;0mgrad_norm:  0.9905  [38;2;54;234;195mmemory: 22.44GiB(28.24%)  [34mtps: 152  [36mtflops: 7.31  [35mmfu: 0.74%[39m
[rank0]:[titan] 2026-03-17 20:45:19,258 - root - INFO - [31mstep: 2386  [32mloss:  2.7500  [38;2;180;60;0mgrad_norm:  0.7269  [38;2;54;234;195mmemory: 22.44GiB(28.24%)  [34mtps: 150  [36mtflops: 7.23  [35mmfu: 0.73%[39m
[rank0]:[titan] 2026-03-17 20:45:32,899 - root - INFO - [31mstep: 2387  [32mloss:  2.7812  [38;2;180;60;0mgrad_norm:  0.8490  [38;2;54;234;195mmemory: 22.44GiB(28.24%)  [34mtps: 150  [36mtflops: 7.24  [35mmfu: 0.73%[39m
[rank0]:[titan] 2026-03-17 20:45:46,876 - root - INFO - [31mstep: 2388  [32mloss:  2.8281  [38;2;180;60;0mgrad_norm:  0.8802  [38;2;54;234;195mmemory: 22.44GiB(28.24%)  [34mtps: 147  [36mtflops: 7.07  [35mmfu: 0.71%[39m
[rank0]:[titan] 2026-03-17 20:46:00,672 - root - INFO - [31mstep: 2389  [32mloss:  2.7812  [38;2;180;60;0mgrad_norm:  0.9516  [38;2;54;234;195mmemory: 22.44GiB(28.24%)  [34mtps: 148  [36mtflops: 7.16  [35mmfu: 0.72%[39m
[rank0]:[titan] 2026-03-17 20:46:14,325 - root - INFO - [31mstep: 2390  [32mloss:  2.8750  [38;2;180;60;0mgrad_norm:  1.0496  [38;2;54;234;195mmemory: 22.44GiB(28.24%)  [34mtps: 150  [36mtflops: 7.24  [35mmfu: 0.73%[39m
[rank0]:[titan] 2026-03-17 20:46:27,957 - root - INFO - [31mstep: 2391  [32mloss:  2.7656  [38;2;180;60;0mgrad_norm:  0.9173  [38;2;54;234;195mmemory: 22.44GiB(28.24%)  [34mtps: 150  [36mtflops: 7.25  [35mmfu: 0.73%[39m
[rank0]:[titan] 2026-03-17 20:46:41,457 - root - INFO - [31mstep: 2392  [32mloss:  2.7656  [38;2;180;60;0mgrad_norm:  0.7343  [38;2;54;234;195mmemory: 22.44GiB(28.24%)  [34mtps: 152  [36mtflops: 7.32  [35mmfu: 0.74%[39m
[rank0]:[titan] 2026-03-17 20:46:55,070 - root - INFO - [31mstep: 2393  [32mloss:  2.6875  [38;2;180;60;0mgrad_norm:  0.8756  [38;2;54;234;195mmemory: 22.44GiB(28.24%)  [34mtps: 150  [36mtflops: 7.26  [35mmfu: 0.73%[39m
[rank0]:[titan] 2026-03-17 20:47:10,941 - root - INFO - [31mstep: 2394  [32mloss:  2.7969  [38;2;180;60;0mgrad_norm:  0.8354  [38;2;54;234;195mmemory: 22.44GiB(28.24%)  [34mtps: 129  [36mtflops: 6.23  [35mmfu: 0.63%[39m
[rank0]:[titan] 2026-03-17 20:47:24,286 - root - INFO - [31mstep: 2395  [32mloss:  2.6875  [38;2;180;60;0mgrad_norm:  0.8847  [38;2;54;234;195mmemory: 22.44GiB(28.24%)  [34mtps: 153  [36mtflops: 7.41  [35mmfu: 0.75%[39m
[rank0]:[titan] 2026-03-17 20:47:37,805 - root - INFO - [31mstep: 2396  [32mloss:  2.8125  [38;2;180;60;0mgrad_norm:  1.0919  [38;2;54;234;195mmemory: 22.44GiB(28.24%)  [34mtps: 151  [36mtflops: 7.31  [35mmfu: 0.74%[39m
[rank0]:[titan] 2026-03-17 20:47:51,880 - root - INFO - [31mstep: 2397  [32mloss:  2.9375  [38;2;180;60;0mgrad_norm:  1.1653  [38;2;54;234;195mmemory: 22.44GiB(28.24%)  [34mtps: 146  [36mtflops: 7.02  [35mmfu: 0.71%[39m
[rank0]:[titan] 2026-03-17 20:48:05,334 - root - INFO - [31mstep: 2398  [32mloss:  2.9062  [38;2;180;60;0mgrad_norm:  0.7883  [38;2;54;234;195mmemory: 22.44GiB(28.24%)  [34mtps: 152  [36mtflops: 7.35  [35mmfu: 0.74%[39m
[rank0]:[titan] 2026-03-17 20:48:18,874 - root - INFO - [31mstep: 2399  [32mloss:  2.7500  [38;2;180;60;0mgrad_norm:  1.2637  [38;2;54;234;195mmemory: 22.44GiB(28.24%)  [34mtps: 151  [36mtflops: 7.30  [35mmfu: 0.74%[39m
[rank0]:[titan] 2026-03-17 20:48:32,608 - root - INFO - [31mstep: 2400  [32mloss:  2.7969  [38;2;180;60;0mgrad_norm:  1.6391  [38;2;54;234;195mmemory: 22.44GiB(28.24%)  [34mtps: 149  [36mtflops: 7.20  [35mmfu: 0.73%[39m
[rank0]:[titan] 2026-03-17 20:48:45,879 - root - INFO - [31mstep: 2401  [32mloss:  2.7656  [38;2;180;60;0mgrad_norm:  1.3186  [38;2;54;234;195mmemory: 22.44GiB(28.24%)  [34mtps: 154  [36mtflops: 7.45  [35mmfu: 0.75%[39m
[rank0]:[titan] 2026-03-17 20:48:59,436 - root - INFO - [31mstep: 2402  [32mloss:  2.7656  [38;2;180;60;0mgrad_norm:  1.0476  [38;2;54;234;195mmemory: 22.44GiB(28.24%)  [34mtps: 151  [36mtflops: 7.29  [35mmfu: 0.74%[39m
[rank0]:[titan] 2026-03-17 20:49:13,379 - root - INFO - [31mstep: 2403  [32mloss:  2.7812  [38;2;180;60;0mgrad_norm:  1.0947  [38;2;54;234;195mmemory: 22.44GiB(28.24%)  [34mtps: 147  [36mtflops: 7.09  [35mmfu: 0.72%[39m
[rank0]:[titan] 2026-03-17 20:49:27,335 - root - INFO - [31mstep: 2404  [32mloss:  2.7344  [38;2;180;60;0mgrad_norm:  1.4881  [38;2;54;234;195mmemory: 22.44GiB(28.24%)  [34mtps: 147  [36mtflops: 7.08  [35mmfu: 0.72%[39m
[rank0]:[titan] 2026-03-17 20:49:40,901 - root - INFO - [31mstep: 2405  [32mloss:  2.7656  [38;2;180;60;0mgrad_norm:  1.7609  [38;2;54;234;195mmemory: 22.44GiB(28.24%)  [34mtps: 151  [36mtflops: 7.28  [35mmfu: 0.74%[39m
[rank0]:[titan] 2026-03-17 20:49:54,193 - root - INFO - [31mstep: 2406  [32mloss:  2.7344  [38;2;180;60;0mgrad_norm:  1.5360  [38;2;54;234;195mmemory: 22.44GiB(28.24%)  [34mtps: 154  [36mtflops: 7.43  [35mmfu: 0.75%[39m
[rank0]:[titan] 2026-03-17 20:50:07,625 - root - INFO - [31mstep: 2407  [32mloss:  2.7031  [38;2;180;60;0mgrad_norm:  1.0654  [38;2;54;234;195mmemory: 22.44GiB(28.24%)  [34mtps: 152  [36mtflops: 7.36  [35mmfu: 0.74%[39m
[rank0]:[titan] 2026-03-17 20:50:21,678 - root - INFO - [31mstep: 2408  [32mloss:  2.7656  [38;2;180;60;0mgrad_norm:  0.8783  [38;2;54;234;195mmemory: 22.44GiB(28.24%)  [34mtps: 146  [36mtflops: 7.03  [35mmfu: 0.71%[39m
[rank0]:[titan] 2026-03-17 20:50:35,538 - root - INFO - [31mstep: 2409  [32mloss:  2.7188  [38;2;180;60;0mgrad_norm:  1.1388  [38;2;54;234;195mmemory: 22.44GiB(28.24%)  [34mtps: 148  [36mtflops: 7.13  [35mmfu: 0.72%[39m
[rank0]:[titan] 2026-03-17 20:50:49,152 - root - INFO - [31mstep: 2410  [32mloss:  2.7656  [38;2;180;60;0mgrad_norm:  0.9217  [38;2;54;234;195mmemory: 22.44GiB(28.24%)  [34mtps: 150  [36mtflops: 7.26  [35mmfu: 0.73%[39m
[rank0]:[titan] 2026-03-17 20:51:02,897 - root - INFO - [31mstep: 2411  [32mloss:  2.7188  [38;2;180;60;0mgrad_norm:  0.7613  [38;2;54;234;195mmemory: 22.44GiB(28.24%)  [34mtps: 149  [36mtflops: 7.19  [35mmfu: 0.73%[39m
[rank0]:[titan] 2026-03-17 20:51:16,327 - root - INFO - [31mstep: 2412  [32mloss:  2.7812  [38;2;180;60;0mgrad_norm:  0.6059  [38;2;54;234;195mmemory: 22.44GiB(28.24%)  [34mtps: 153  [36mtflops: 7.36  [35mmfu: 0.74%[39m
[rank0]:[titan] 2026-03-17 20:51:29,691 - root - INFO - [31mstep: 2413  [32mloss:  2.7188  [38;2;180;60;0mgrad_norm:  0.8329  [38;2;54;234;195mmemory: 22.44GiB(28.24%)  [34mtps: 153  [36mtflops: 7.39  [35mmfu: 0.75%[39m
[rank0]:[titan] 2026-03-17 20:51:43,399 - root - INFO - [31mstep: 2414  [32mloss:  2.7031  [38;2;180;60;0mgrad_norm:  0.9214  [38;2;54;234;195mmemory: 22.44GiB(28.24%)  [34mtps: 149  [36mtflops: 7.21  [35mmfu: 0.73%[39m
[rank0]:[titan] 2026-03-17 20:51:56,840 - root - INFO - [31mstep: 2415  [32mloss:  2.6875  [38;2;180;60;0mgrad_norm:  0.9587  [38;2;54;234;195mmemory: 22.44GiB(28.24%)  [34mtps: 152  [36mtflops: 7.35  [35mmfu: 0.74%[39m
[rank0]:[titan] 2026-03-17 20:52:10,770 - root - INFO - [31mstep: 2416  [32mloss:  2.7344  [38;2;180;60;0mgrad_norm:  0.8473  [38;2;54;234;195mmemory: 22.44GiB(28.24%)  [34mtps: 147  [36mtflops: 7.09  [35mmfu: 0.72%[39m
[rank0]:[titan] 2026-03-17 20:52:24,363 - root - INFO - [31mstep: 2417  [32mloss:  2.6875  [38;2;180;60;0mgrad_norm:  0.8451  [38;2;54;234;195mmemory: 22.44GiB(28.24%)  [34mtps: 151  [36mtflops: 7.27  [35mmfu: 0.74%[39m
[rank0]:[titan] 2026-03-17 20:52:38,019 - root - INFO - [31mstep: 2418  [32mloss:  2.6875  [38;2;180;60;0mgrad_norm:  0.9437  [38;2;54;234;195mmemory: 22.44GiB(28.24%)  [34mtps: 150  [36mtflops: 7.24  [35mmfu: 0.73%[39m
[rank0]:[titan] 2026-03-17 20:52:51,609 - root - INFO - [31mstep: 2419  [32mloss:  2.6875  [38;2;180;60;0mgrad_norm:  1.0463  [38;2;54;234;195mmemory: 22.44GiB(28.24%)  [34mtps: 151  [36mtflops: 7.27  [35mmfu: 0.74%[39m
[rank0]:[titan] 2026-03-17 20:53:05,258 - root - INFO - [31mstep: 2420  [32mloss:  2.6875  [38;2;180;60;0mgrad_norm:  0.6742  [38;2;54;234;195mmemory: 22.44GiB(28.24%)  [34mtps: 150  [36mtflops: 7.24  [35mmfu: 0.73%[39m
[rank0]:[titan] 2026-03-17 20:53:18,697 - root - INFO - [31mstep: 2421  [32mloss:  2.7188  [38;2;180;60;0mgrad_norm:  0.7968  [38;2;54;234;195mmemory: 22.44GiB(28.24%)  [34mtps: 152  [36mtflops: 7.35  [35mmfu: 0.74%[39m
[rank0]:[titan] 2026-03-17 20:53:31,959 - root - INFO - [31mstep: 2422  [32mloss:  2.6875  [38;2;180;60;0mgrad_norm:  1.4526  [38;2;54;234;195mmemory: 22.44GiB(28.24%)  [34mtps: 154  [36mtflops: 7.45  [35mmfu: 0.75%[39m
[rank0]:[titan] 2026-03-17 20:53:45,329 - root - INFO - [31mstep: 2423  [32mloss:  2.7188  [38;2;180;60;0mgrad_norm:  1.2148  [38;2;54;234;195mmemory: 22.44GiB(28.24%)  [34mtps: 153  [36mtflops: 7.39  [35mmfu: 0.75%[39m
[rank0]:[titan] 2026-03-17 20:53:59,145 - root - INFO - [31mstep: 2424  [32mloss:  2.7031  [38;2;180;60;0mgrad_norm:  0.7868  [38;2;54;234;195mmemory: 22.44GiB(28.24%)  [34mtps: 148  [36mtflops: 7.15  [35mmfu: 0.72%[39m
[rank0]:[titan] 2026-03-17 20:54:13,192 - root - INFO - [31mstep: 2425  [32mloss:  2.7656  [38;2;180;60;0mgrad_norm:  0.9993  [38;2;54;234;195mmemory: 22.44GiB(28.24%)  [34mtps: 146  [36mtflops: 7.03  [35mmfu: 0.71%[39m
[rank0]:[titan] 2026-03-17 20:54:26,558 - root - INFO - [31mstep: 2426  [32mloss:  2.7031  [38;2;180;60;0mgrad_norm:  0.9275  [38;2;54;234;195mmemory: 22.44GiB(28.24%)  [34mtps: 153  [36mtflops: 7.39  [35mmfu: 0.75%[39m
[rank0]:[titan] 2026-03-17 20:54:39,983 - root - INFO - [31mstep: 2427  [32mloss:  2.7344  [38;2;180;60;0mgrad_norm:  0.8861  [38;2;54;234;195mmemory: 22.44GiB(28.24%)  [34mtps: 153  [36mtflops: 7.36  [35mmfu: 0.74%[39m
[rank0]:[titan] 2026-03-17 20:54:53,480 - root - INFO - [31mstep: 2428  [32mloss:  2.7344  [38;2;180;60;0mgrad_norm:  0.6935  [38;2;54;234;195mmemory: 22.44GiB(28.24%)  [34mtps: 152  [36mtflops: 7.32  [35mmfu: 0.74%[39m
[rank0]:[titan] 2026-03-17 20:55:07,391 - root - INFO - [31mstep: 2429  [32mloss:  2.7188  [38;2;180;60;0mgrad_norm:  0.9647  [38;2;54;234;195mmemory: 22.44GiB(28.24%)  [34mtps: 147  [36mtflops: 7.10  [35mmfu: 0.72%[39m
[rank0]:[titan] 2026-03-17 20:55:20,727 - root - INFO - [31mstep: 2430  [32mloss:  2.7969  [38;2;180;60;0mgrad_norm:  1.2368  [38;2;54;234;195mmemory: 22.44GiB(28.24%)  [34mtps: 154  [36mtflops: 7.41  [35mmfu: 0.75%[39m
[rank0]:[titan] 2026-03-17 20:55:34,267 - root - INFO - [31mstep: 2431  [32mloss:  2.7500  [38;2;180;60;0mgrad_norm:  0.8981  [38;2;54;234;195mmemory: 22.44GiB(28.24%)  [34mtps: 151  [36mtflops: 7.30  [35mmfu: 0.74%[39m
[rank0]:[titan] 2026-03-17 20:55:48,018 - root - INFO - [31mstep: 2432  [32mloss:  2.7969  [38;2;180;60;0mgrad_norm:  0.6622  [38;2;54;234;195mmemory: 22.44GiB(28.24%)  [34mtps: 149  [36mtflops: 7.19  [35mmfu: 0.73%[39m
[rank0]:[titan] 2026-03-17 20:56:01,640 - root - INFO - [31mstep: 2433  [32mloss:  2.7500  [38;2;180;60;0mgrad_norm:  1.1336  [38;2;54;234;195mmemory: 22.44GiB(28.24%)  [34mtps: 150  [36mtflops: 7.25  [35mmfu: 0.73%[39m
[rank0]:[titan] 2026-03-17 20:56:15,378 - root - INFO - [31mstep: 2434  [32mloss:  2.7812  [38;2;180;60;0mgrad_norm:  1.2736  [38;2;54;234;195mmemory: 22.44GiB(28.24%)  [34mtps: 149  [36mtflops: 7.19  [35mmfu: 0.73%[39m
[rank0]:[titan] 2026-03-17 20:56:28,802 - root - INFO - [31mstep: 2435  [32mloss:  2.7031  [38;2;180;60;0mgrad_norm:  0.9797  [38;2;54;234;195mmemory: 22.44GiB(28.24%)  [34mtps: 153  [36mtflops: 7.36  [35mmfu: 0.74%[39m
[rank0]:[titan] 2026-03-17 20:56:42,398 - root - INFO - [31mstep: 2436  [32mloss:  2.7188  [38;2;180;60;0mgrad_norm:  0.7464  [38;2;54;234;195mmemory: 22.44GiB(28.24%)  [34mtps: 151  [36mtflops: 7.27  [35mmfu: 0.73%[39m
[rank0]:[titan] 2026-03-17 20:56:55,835 - root - INFO - [31mstep: 2437  [32mloss:  2.6875  [38;2;180;60;0mgrad_norm:  1.0910  [38;2;54;234;195mmemory: 22.44GiB(28.24%)  [34mtps: 152  [36mtflops: 7.35  [35mmfu: 0.74%[39m
[rank0]:[titan] 2026-03-17 20:57:09,230 - root - INFO - [31mstep: 2438  [32mloss:  2.7656  [38;2;180;60;0mgrad_norm:  1.0842  [38;2;54;234;195mmemory: 22.44GiB(28.24%)  [34mtps: 153  [36mtflops: 7.38  [35mmfu: 0.75%[39m
[rank0]:[titan] 2026-03-17 20:57:22,698 - root - INFO - [31mstep: 2439  [32mloss:  2.7500  [38;2;180;60;0mgrad_norm:  1.2487  [38;2;54;234;195mmemory: 22.44GiB(28.24%)  [34mtps: 152  [36mtflops: 7.34  [35mmfu: 0.74%[39m
[rank0]:[titan] 2026-03-17 20:57:36,120 - root - INFO - [31mstep: 2440  [32mloss:  2.7344  [38;2;180;60;0mgrad_norm:  0.7698  [38;2;54;234;195mmemory: 22.44GiB(28.24%)  [34mtps: 153  [36mtflops: 7.36  [35mmfu: 0.74%[39m
[rank0]:[titan] 2026-03-17 20:57:49,596 - root - INFO - [31mstep: 2441  [32mloss:  2.6875  [38;2;180;60;0mgrad_norm:  0.9467  [38;2;54;234;195mmemory: 22.44GiB(28.24%)  [34mtps: 152  [36mtflops: 7.33  [35mmfu: 0.74%[39m
[rank0]:[titan] 2026-03-17 20:58:03,093 - root - INFO - [31mstep: 2442  [32mloss:  2.7188  [38;2;180;60;0mgrad_norm:  1.0883  [38;2;54;234;195mmemory: 22.44GiB(28.24%)  [34mtps: 152  [36mtflops: 7.32  [35mmfu: 0.74%[39m
[rank0]:[titan] 2026-03-17 20:58:17,272 - root - INFO - [31mstep: 2443  [32mloss:  2.7500  [38;2;180;60;0mgrad_norm:  0.8877  [38;2;54;234;195mmemory: 22.44GiB(28.24%)  [34mtps: 144  [36mtflops: 6.97  [35mmfu: 0.70%[39m
[rank0]:[titan] 2026-03-17 20:58:30,950 - root - INFO - [31mstep: 2444  [32mloss:  2.6875  [38;2;180;60;0mgrad_norm:  1.2614  [38;2;54;234;195mmemory: 22.44GiB(28.24%)  [34mtps: 150  [36mtflops: 7.22  [35mmfu: 0.73%[39m
[rank0]:[titan] 2026-03-17 20:58:44,451 - root - INFO - [31mstep: 2445  [32mloss:  2.7031  [38;2;180;60;0mgrad_norm:  1.0435  [38;2;54;234;195mmemory: 22.44GiB(28.24%)  [34mtps: 152  [36mtflops: 7.32  [35mmfu: 0.74%[39m
[rank0]:[titan] 2026-03-17 20:58:57,745 - root - INFO - [31mstep: 2446  [32mloss:  2.6875  [38;2;180;60;0mgrad_norm:  1.1284  [38;2;54;234;195mmemory: 22.44GiB(28.24%)  [34mtps: 154  [36mtflops: 7.43  [35mmfu: 0.75%[39m
[rank0]:[titan] 2026-03-17 20:59:11,741 - root - INFO - [31mstep: 2447  [32mloss:  2.7188  [38;2;180;60;0mgrad_norm:  0.6469  [38;2;54;234;195mmemory: 22.44GiB(28.24%)  [34mtps: 146  [36mtflops: 7.06  [35mmfu: 0.71%[39m
[rank0]:[titan] 2026-03-17 20:59:25,194 - root - INFO - [31mstep: 2448  [32mloss:  2.7344  [38;2;180;60;0mgrad_norm:  0.8645  [38;2;54;234;195mmemory: 22.44GiB(28.24%)  [34mtps: 152  [36mtflops: 7.35  [35mmfu: 0.74%[39m
[rank0]:[titan] 2026-03-17 20:59:38,757 - root - INFO - [31mstep: 2449  [32mloss:  2.7031  [38;2;180;60;0mgrad_norm:  0.7341  [38;2;54;234;195mmemory: 22.44GiB(28.24%)  [34mtps: 151  [36mtflops: 7.29  [35mmfu: 0.74%[39m
[rank0]:[titan] 2026-03-17 20:59:52,249 - root - INFO - [31mstep: 2450  [32mloss:  2.7031  [38;2;180;60;0mgrad_norm:  1.5484  [38;2;54;234;195mmemory: 22.44GiB(28.24%)  [34mtps: 152  [36mtflops: 7.32  [35mmfu: 0.74%[39m
[rank0]:[titan] 2026-03-17 21:00:06,172 - root - INFO - [31mstep: 2451  [32mloss:  2.6875  [38;2;180;60;0mgrad_norm:  0.9940  [38;2;54;234;195mmemory: 22.44GiB(28.24%)  [34mtps: 147  [36mtflops: 7.10  [35mmfu: 0.72%[39m
[rank0]:[titan] 2026-03-17 21:00:20,305 - root - INFO - [31mstep: 2452  [32mloss:  2.7031  [38;2;180;60;0mgrad_norm:  0.9968  [38;2;54;234;195mmemory: 22.44GiB(28.24%)  [34mtps: 145  [36mtflops: 6.99  [35mmfu: 0.71%[39m
[rank0]:[titan] 2026-03-17 21:00:34,398 - root - INFO - [31mstep: 2453  [32mloss:  2.6719  [38;2;180;60;0mgrad_norm:  1.4411  [38;2;54;234;195mmemory: 22.44GiB(28.24%)  [34mtps: 145  [36mtflops: 7.01  [35mmfu: 0.71%[39m
[rank0]:[titan] 2026-03-17 21:00:47,664 - root - INFO - [31mstep: 2454  [32mloss:  2.7500  [38;2;180;60;0mgrad_norm:  0.9301  [38;2;54;234;195mmemory: 22.44GiB(28.24%)  [34mtps: 154  [36mtflops: 7.45  [35mmfu: 0.75%[39m
[rank0]:[titan] 2026-03-17 21:01:01,796 - root - INFO - [31mstep: 2455  [32mloss:  2.7188  [38;2;180;60;0mgrad_norm:  0.9613  [38;2;54;234;195mmemory: 22.44GiB(28.24%)  [34mtps: 145  [36mtflops: 6.99  [35mmfu: 0.71%[39m
[rank0]:[titan] 2026-03-17 21:01:16,020 - root - INFO - [31mstep: 2456  [32mloss:  2.7344  [38;2;180;60;0mgrad_norm:  0.9417  [38;2;54;234;195mmemory: 22.44GiB(28.24%)  [34mtps: 144  [36mtflops: 6.95  [35mmfu: 0.70%[39m
[rank0]:[titan] 2026-03-17 21:01:29,401 - root - INFO - [31mstep: 2457  [32mloss:  2.7031  [38;2;180;60;0mgrad_norm:  1.1111  [38;2;54;234;195mmemory: 22.44GiB(28.24%)  [34mtps: 153  [36mtflops: 7.39  [35mmfu: 0.75%[39m
[rank0]:[titan] 2026-03-17 21:01:42,707 - root - INFO - [31mstep: 2458  [32mloss:  2.7188  [38;2;180;60;0mgrad_norm:  1.4923  [38;2;54;234;195mmemory: 22.44GiB(28.24%)  [34mtps: 154  [36mtflops: 7.43  [35mmfu: 0.75%[39m
[rank0]:[titan] 2026-03-17 21:01:56,037 - root - INFO - [31mstep: 2459  [32mloss:  2.7188  [38;2;180;60;0mgrad_norm:  1.0549  [38;2;54;234;195mmemory: 22.44GiB(28.24%)  [34mtps: 154  [36mtflops: 7.41  [35mmfu: 0.75%[39m
[rank0]:[titan] 2026-03-17 21:02:09,528 - root - INFO - [31mstep: 2460  [32mloss:  2.7500  [38;2;180;60;0mgrad_norm:  0.8680  [38;2;54;234;195mmemory: 22.44GiB(28.24%)  [34mtps: 152  [36mtflops: 7.32  [35mmfu: 0.74%[39m
[rank0]:[titan] 2026-03-17 21:02:23,450 - root - INFO - [31mstep: 2461  [32mloss:  2.6875  [38;2;180;60;0mgrad_norm:  0.8413  [38;2;54;234;195mmemory: 22.44GiB(28.24%)  [34mtps: 147  [36mtflops: 7.10  [35mmfu: 0.72%[39m
[rank0]:[titan] 2026-03-17 21:02:36,904 - root - INFO - [31mstep: 2462  [32mloss:  2.6094  [38;2;180;60;0mgrad_norm:  0.9742  [38;2;54;234;195mmemory: 22.44GiB(28.24%)  [34mtps: 152  [36mtflops: 7.35  [35mmfu: 0.74%[39m
[rank0]:[titan] 2026-03-17 21:02:50,639 - root - INFO - [31mstep: 2463  [32mloss:  2.6406  [38;2;180;60;0mgrad_norm:  0.8622  [38;2;54;234;195mmemory: 22.44GiB(28.24%)  [34mtps: 149  [36mtflops: 7.19  [35mmfu: 0.73%[39m
[rank0]:[titan] 2026-03-17 21:03:04,419 - root - INFO - [31mstep: 2464  [32mloss:  2.6250  [38;2;180;60;0mgrad_norm:  0.7728  [38;2;54;234;195mmemory: 22.44GiB(28.24%)  [34mtps: 149  [36mtflops: 7.17  [35mmfu: 0.73%[39m
[rank0]:[titan] 2026-03-17 21:03:18,010 - root - INFO - [31mstep: 2465  [32mloss:  2.6875  [38;2;180;60;0mgrad_norm:  0.6022  [38;2;54;234;195mmemory: 22.44GiB(28.24%)  [34mtps: 151  [36mtflops: 7.27  [35mmfu: 0.74%[39m
[rank0]:[titan] 2026-03-17 21:03:31,380 - root - INFO - [31mstep: 2466  [32mloss:  2.6562  [38;2;180;60;0mgrad_norm:  0.6428  [38;2;54;234;195mmemory: 22.44GiB(28.24%)  [34mtps: 153  [36mtflops: 7.39  [35mmfu: 0.75%[39m
[rank0]:[titan] 2026-03-17 21:03:44,779 - root - INFO - [31mstep: 2467  [32mloss:  2.7188  [38;2;180;60;0mgrad_norm:  0.9500  [38;2;54;234;195mmemory: 22.44GiB(28.24%)  [34mtps: 153  [36mtflops: 7.38  [35mmfu: 0.75%[39m
[rank0]:[titan] 2026-03-17 21:03:58,186 - root - INFO - [31mstep: 2468  [32mloss:  2.7031  [38;2;180;60;0mgrad_norm:  1.0307  [38;2;54;234;195mmemory: 22.44GiB(28.24%)  [34mtps: 153  [36mtflops: 7.37  [35mmfu: 0.75%[39m
[rank0]:[titan] 2026-03-17 21:04:11,717 - root - INFO - [31mstep: 2469  [32mloss:  2.7031  [38;2;180;60;0mgrad_norm:  0.6056  [38;2;54;234;195mmemory: 22.44GiB(28.24%)  [34mtps: 151  [36mtflops: 7.30  [35mmfu: 0.74%[39m
[rank0]:[titan] 2026-03-17 21:04:25,381 - root - INFO - [31mstep: 2470  [32mloss:  2.7188  [38;2;180;60;0mgrad_norm:  0.8796  [38;2;54;234;195mmemory: 22.44GiB(28.24%)  [34mtps: 150  [36mtflops: 7.23  [35mmfu: 0.73%[39m
[rank0]:[titan] 2026-03-17 21:04:38,975 - root - INFO - [31mstep: 2471  [32mloss:  2.7344  [38;2;180;60;0mgrad_norm:  0.9211  [38;2;54;234;195mmemory: 22.44GiB(28.24%)  [34mtps: 151  [36mtflops: 7.27  [35mmfu: 0.73%[39m
[rank0]:[titan] 2026-03-17 21:04:52,712 - root - INFO - [31mstep: 2472  [32mloss:  2.7188  [38;2;180;60;0mgrad_norm:  0.7332  [38;2;54;234;195mmemory: 22.44GiB(28.24%)  [34mtps: 149  [36mtflops: 7.19  [35mmfu: 0.73%[39m
[rank0]:[titan] 2026-03-17 21:05:06,891 - root - INFO - [31mstep: 2473  [32mloss:  2.7188  [38;2;180;60;0mgrad_norm:  0.9570  [38;2;54;234;195mmemory: 22.44GiB(28.24%)  [34mtps: 144  [36mtflops: 6.97  [35mmfu: 0.70%[39m
[rank0]:[titan] 2026-03-17 21:05:21,145 - root - INFO - [31mstep: 2474  [32mloss:  2.7031  [38;2;180;60;0mgrad_norm:  0.7879  [38;2;54;234;195mmemory: 22.44GiB(28.24%)  [34mtps: 144  [36mtflops: 6.93  [35mmfu: 0.70%[39m
[rank0]:[titan] 2026-03-17 21:05:34,541 - root - INFO - [31mstep: 2475  [32mloss:  2.6875  [38;2;180;60;0mgrad_norm:  0.8020  [38;2;54;234;195mmemory: 22.44GiB(28.24%)  [34mtps: 153  [36mtflops: 7.38  [35mmfu: 0.75%[39m
[rank0]:[titan] 2026-03-17 21:05:48,306 - root - INFO - [31mstep: 2476  [32mloss:  2.6875  [38;2;180;60;0mgrad_norm:  0.7783  [38;2;54;234;195mmemory: 22.44GiB(28.24%)  [34mtps: 149  [36mtflops: 7.18  [35mmfu: 0.73%[39m
[rank0]:[titan] 2026-03-17 21:06:02,293 - root - INFO - [31mstep: 2477  [32mloss:  2.6875  [38;2;180;60;0mgrad_norm:  0.7783  [38;2;54;234;195mmemory: 22.44GiB(28.24%)  [34mtps: 146  [36mtflops: 7.07  [35mmfu: 0.71%[39m
[rank0]:[titan] 2026-03-17 21:06:16,242 - root - INFO - [31mstep: 2478  [32mloss:  2.7031  [38;2;180;60;0mgrad_norm:  0.7195  [38;2;54;234;195mmemory: 22.44GiB(28.24%)  [34mtps: 147  [36mtflops: 7.08  [35mmfu: 0.72%[39m
[rank0]:[titan] 2026-03-17 21:06:29,686 - root - INFO - [31mstep: 2479  [32mloss:  2.6406  [38;2;180;60;0mgrad_norm:  0.8033  [38;2;54;234;195mmemory: 22.44GiB(28.24%)  [34mtps: 152  [36mtflops: 7.35  [35mmfu: 0.74%[39m
[rank0]:[titan] 2026-03-17 21:06:43,376 - root - INFO - [31mstep: 2480  [32mloss:  2.7188  [38;2;180;60;0mgrad_norm:  0.7956  [38;2;54;234;195mmemory: 22.44GiB(28.24%)  [34mtps: 150  [36mtflops: 7.22  [35mmfu: 0.73%[39m
[rank0]:[titan] 2026-03-17 21:06:56,821 - root - INFO - [31mstep: 2481  [32mloss:  2.7031  [38;2;180;60;0mgrad_norm:  0.7332  [38;2;54;234;195mmemory: 22.44GiB(28.24%)  [34mtps: 152  [36mtflops: 7.35  [35mmfu: 0.74%[39m
[rank0]:[titan] 2026-03-17 21:07:10,192 - root - INFO - [31mstep: 2482  [32mloss:  2.6562  [38;2;180;60;0mgrad_norm:  0.6761  [38;2;54;234;195mmemory: 22.44GiB(28.24%)  [34mtps: 153  [36mtflops: 7.39  [35mmfu: 0.75%[39m
[rank0]:[titan] 2026-03-17 21:07:23,842 - root - INFO - [31mstep: 2483  [32mloss:  2.6562  [38;2;180;60;0mgrad_norm:  0.6831  [38;2;54;234;195mmemory: 22.44GiB(28.24%)  [34mtps: 150  [36mtflops: 7.24  [35mmfu: 0.73%[39m
[rank0]:[titan] 2026-03-17 21:07:37,481 - root - INFO - [31mstep: 2484  [32mloss:  2.6719  [38;2;180;60;0mgrad_norm:  0.8923  [38;2;54;234;195mmemory: 22.44GiB(28.24%)  [34mtps: 150  [36mtflops: 7.25  [35mmfu: 0.73%[39m
[rank0]:[titan] 2026-03-17 21:07:50,967 - root - INFO - [31mstep: 2485  [32mloss:  2.6719  [38;2;180;60;0mgrad_norm:  0.8206  [38;2;54;234;195mmemory: 22.44GiB(28.24%)  [34mtps: 152  [36mtflops: 7.33  [35mmfu: 0.74%[39m
[rank0]:[titan] 2026-03-17 21:08:04,622 - root - INFO - [31mstep: 2486  [32mloss:  2.7031  [38;2;180;60;0mgrad_norm:  0.6026  [38;2;54;234;195mmemory: 22.44GiB(28.24%)  [34mtps: 150  [36mtflops: 7.24  [35mmfu: 0.73%[39m
[rank0]:[titan] 2026-03-17 21:08:18,568 - root - INFO - [31mstep: 2487  [32mloss:  2.7188  [38;2;180;60;0mgrad_norm:  0.6401  [38;2;54;234;195mmemory: 22.44GiB(28.24%)  [34mtps: 147  [36mtflops: 7.09  [35mmfu: 0.72%[39m
[rank0]:[titan] 2026-03-17 21:08:32,570 - root - INFO - [31mstep: 2488  [32mloss:  2.6406  [38;2;180;60;0mgrad_norm:  0.6215  [38;2;54;234;195mmemory: 22.44GiB(28.24%)  [34mtps: 146  [36mtflops: 7.06  [35mmfu: 0.71%[39m
[rank0]:[titan] 2026-03-17 21:08:46,458 - root - INFO - [31mstep: 2489  [32mloss:  2.6562  [38;2;180;60;0mgrad_norm:  0.6133  [38;2;54;234;195mmemory: 22.44GiB(28.24%)  [34mtps: 147  [36mtflops: 7.12  [35mmfu: 0.72%[39m
[rank0]:[titan] 2026-03-17 21:09:00,302 - root - INFO - [31mstep: 2490  [32mloss:  2.6562  [38;2;180;60;0mgrad_norm:  0.8479  [38;2;54;234;195mmemory: 22.44GiB(28.24%)  [34mtps: 148  [36mtflops: 7.14  [35mmfu: 0.72%[39m
[rank0]:[titan] 2026-03-17 21:09:13,914 - root - INFO - [31mstep: 2491  [32mloss:  2.6719  [38;2;180;60;0mgrad_norm:  0.7212  [38;2;54;234;195mmemory: 22.44GiB(28.24%)  [34mtps: 150  [36mtflops: 7.26  [35mmfu: 0.73%[39m
[rank0]:[titan] 2026-03-17 21:09:27,825 - root - INFO - [31mstep: 2492  [32mloss:  2.6719  [38;2;180;60;0mgrad_norm:  0.8587  [38;2;54;234;195mmemory: 22.44GiB(28.24%)  [34mtps: 147  [36mtflops: 7.10  [35mmfu: 0.72%[39m
[rank0]:[titan] 2026-03-17 21:09:41,374 - root - INFO - [31mstep: 2493  [32mloss:  2.7188  [38;2;180;60;0mgrad_norm:  0.7533  [38;2;54;234;195mmemory: 22.44GiB(28.24%)  [34mtps: 151  [36mtflops: 7.29  [35mmfu: 0.74%[39m
[rank0]:[titan] 2026-03-17 21:09:54,821 - root - INFO - [31mstep: 2494  [32mloss:  2.7656  [38;2;180;60;0mgrad_norm:  0.9182  [38;2;54;234;195mmemory: 22.44GiB(28.24%)  [34mtps: 152  [36mtflops: 7.35  [35mmfu: 0.74%[39m
[rank0]:[titan] 2026-03-17 21:10:08,272 - root - INFO - [31mstep: 2495  [32mloss:  2.7656  [38;2;180;60;0mgrad_norm:  0.8698  [38;2;54;234;195mmemory: 22.44GiB(28.24%)  [34mtps: 152  [36mtflops: 7.35  [35mmfu: 0.74%[39m
[rank0]:[titan] 2026-03-17 21:10:21,743 - root - INFO - [31mstep: 2496  [32mloss:  2.6875  [38;2;180;60;0mgrad_norm:  1.1509  [38;2;54;234;195mmemory: 22.44GiB(28.24%)  [34mtps: 152  [36mtflops: 7.34  [35mmfu: 0.74%[39m
[rank0]:[titan] 2026-03-17 21:10:35,638 - root - INFO - [31mstep: 2497  [32mloss:  2.6406  [38;2;180;60;0mgrad_norm: 10.1582  [38;2;54;234;195mmemory: 22.44GiB(28.24%)  [34mtps: 147  [36mtflops: 7.11  [35mmfu: 0.72%[39m
[rank0]:[titan] 2026-03-17 21:10:49,577 - root - INFO - [31mstep: 2498  [32mloss:  2.7031  [38;2;180;60;0mgrad_norm:  1.3341  [38;2;54;234;195mmemory: 22.44GiB(28.24%)  [34mtps: 147  [36mtflops: 7.09  [35mmfu: 0.72%[39m
[rank0]:[titan] 2026-03-17 21:11:03,087 - root - INFO - [31mstep: 2499  [32mloss:  2.7500  [38;2;180;60;0mgrad_norm:  1.3666  [38;2;54;234;195mmemory: 22.44GiB(28.24%)  [34mtps: 152  [36mtflops: 7.31  [35mmfu: 0.74%[39m
[rank0]:[titan] 2026-03-17 21:11:16,527 - root - INFO - [31mstep: 2500  [32mloss:  2.7344  [38;2;180;60;0mgrad_norm:  1.0712  [38;2;54;234;195mmemory: 22.44GiB(28.24%)  [34mtps: 152  [36mtflops: 7.35  [35mmfu: 0.74%[39m
[rank0]:[titan] 2026-03-17 21:11:29,937 - root - INFO - [31mstep: 2501  [32mloss:  2.7812  [38;2;180;60;0mgrad_norm:  0.8890  [38;2;54;234;195mmemory: 22.44GiB(28.24%)  [34mtps: 153  [36mtflops: 7.37  [35mmfu: 0.75%[39m
[rank0]:[titan] 2026-03-17 21:11:43,368 - root - INFO - [31mstep: 2502  [32mloss:  2.7344  [38;2;180;60;0mgrad_norm:  0.7756  [38;2;54;234;195mmemory: 22.44GiB(28.24%)  [34mtps: 152  [36mtflops: 7.36  [35mmfu: 0.74%[39m
[rank0]:[titan] 2026-03-17 21:11:56,745 - root - INFO - [31mstep: 2503  [32mloss:  2.7344  [38;2;180;60;0mgrad_norm:  1.0802  [38;2;54;234;195mmemory: 22.44GiB(28.24%)  [34mtps: 153  [36mtflops: 7.39  [35mmfu: 0.75%[39m
[rank0]:[titan] 2026-03-17 21:12:10,176 - root - INFO - [31mstep: 2504  [32mloss:  2.7188  [38;2;180;60;0mgrad_norm:  0.9887  [38;2;54;234;195mmemory: 22.44GiB(28.24%)  [34mtps: 152  [36mtflops: 7.36  [35mmfu: 0.74%[39m
[rank0]:[titan] 2026-03-17 21:12:23,780 - root - INFO - [31mstep: 2505  [32mloss:  2.7031  [38;2;180;60;0mgrad_norm:  0.8150  [38;2;54;234;195mmemory: 22.44GiB(28.24%)  [34mtps: 151  [36mtflops: 7.26  [35mmfu: 0.73%[39m
[rank0]:[titan] 2026-03-17 21:12:37,065 - root - INFO - [31mstep: 2506  [32mloss:  2.6875  [38;2;180;60;0mgrad_norm:  0.5383  [38;2;54;234;195mmemory: 22.44GiB(28.24%)  [34mtps: 154  [36mtflops: 7.44  [35mmfu: 0.75%[39m
[rank0]:[titan] 2026-03-17 21:12:50,398 - root - INFO - [31mstep: 2507  [32mloss:  2.7188  [38;2;180;60;0mgrad_norm:  0.8171  [38;2;54;234;195mmemory: 22.44GiB(28.24%)  [34mtps: 154  [36mtflops: 7.41  [35mmfu: 0.75%[39m
[rank0]:[titan] 2026-03-17 21:13:03,682 - root - INFO - [31mstep: 2508  [32mloss:  2.7344  [38;2;180;60;0mgrad_norm:  0.9435  [38;2;54;234;195mmemory: 22.44GiB(28.24%)  [34mtps: 154  [36mtflops: 7.44  [35mmfu: 0.75%[39m
[rank0]:[titan] 2026-03-17 21:13:17,205 - root - INFO - [31mstep: 2509  [32mloss:  2.6875  [38;2;180;60;0mgrad_norm:  0.6415  [38;2;54;234;195mmemory: 22.44GiB(28.24%)  [34mtps: 151  [36mtflops: 7.31  [35mmfu: 0.74%[39m
[rank0]:[titan] 2026-03-17 21:13:30,471 - root - INFO - [31mstep: 2510  [32mloss:  2.7031  [38;2;180;60;0mgrad_norm:  0.7535  [38;2;54;234;195mmemory: 22.44GiB(28.24%)  [34mtps: 154  [36mtflops: 7.45  [35mmfu: 0.75%[39m
[rank0]:[titan] 2026-03-17 21:13:43,984 - root - INFO - [31mstep: 2511  [32mloss:  2.6875  [38;2;180;60;0mgrad_norm:  0.9169  [38;2;54;234;195mmemory: 22.44GiB(28.24%)  [34mtps: 152  [36mtflops: 7.31  [35mmfu: 0.74%[39m
[rank0]:[titan] 2026-03-17 21:13:57,674 - root - INFO - [31mstep: 2512  [32mloss:  2.6562  [38;2;180;60;0mgrad_norm:  0.7815  [38;2;54;234;195mmemory: 22.44GiB(28.24%)  [34mtps: 150  [36mtflops: 7.22  [35mmfu: 0.73%[39m
[rank0]:[titan] 2026-03-17 21:14:11,284 - root - INFO - [31mstep: 2513  [32mloss:  2.6719  [38;2;180;60;0mgrad_norm:  0.7908  [38;2;54;234;195mmemory: 22.44GiB(28.24%)  [34mtps: 150  [36mtflops: 7.26  [35mmfu: 0.73%[39m
[rank0]:[titan] 2026-03-17 21:14:24,722 - root - INFO - [31mstep: 2514  [32mloss:  2.6719  [38;2;180;60;0mgrad_norm:  0.7758  [38;2;54;234;195mmemory: 22.44GiB(28.24%)  [34mtps: 152  [36mtflops: 7.35  [35mmfu: 0.74%[39m
[rank0]:[titan] 2026-03-17 21:14:38,259 - root - INFO - [31mstep: 2515  [32mloss:  2.7188  [38;2;180;60;0mgrad_norm:  1.1262  [38;2;54;234;195mmemory: 22.44GiB(28.24%)  [34mtps: 151  [36mtflops: 7.30  [35mmfu: 0.74%[39m
[rank0]:[titan] 2026-03-17 21:14:52,320 - root - INFO - [31mstep: 2516  [32mloss:  2.7031  [38;2;180;60;0mgrad_norm:  0.9472  [38;2;54;234;195mmemory: 22.44GiB(28.24%)  [34mtps: 146  [36mtflops: 7.03  [35mmfu: 0.71%[39m
[rank0]:[titan] 2026-03-17 21:15:05,866 - root - INFO - [31mstep: 2517  [32mloss:  2.7031  [38;2;180;60;0mgrad_norm:  1.0291  [38;2;54;234;195mmemory: 22.44GiB(28.24%)  [34mtps: 151  [36mtflops: 7.30  [35mmfu: 0.74%[39m
[rank0]:[titan] 2026-03-17 21:15:19,606 - root - INFO - [31mstep: 2518  [32mloss:  2.7500  [38;2;180;60;0mgrad_norm:  0.6905  [38;2;54;234;195mmemory: 22.44GiB(28.24%)  [34mtps: 149  [36mtflops: 7.19  [35mmfu: 0.73%[39m
[rank0]:[titan] 2026-03-17 21:15:33,035 - root - INFO - [31mstep: 2519  [32mloss:  2.7812  [38;2;180;60;0mgrad_norm:  0.9844  [38;2;54;234;195mmemory: 22.44GiB(28.24%)  [34mtps: 153  [36mtflops: 7.36  [35mmfu: 0.74%[39m
[rank0]:[titan] 2026-03-17 21:15:46,714 - root - INFO - [31mstep: 2520  [32mloss:  2.7188  [38;2;180;60;0mgrad_norm:  0.8751  [38;2;54;234;195mmemory: 22.44GiB(28.24%)  [34mtps: 150  [36mtflops: 7.22  [35mmfu: 0.73%[39m
[rank0]:[titan] 2026-03-17 21:16:00,760 - root - INFO - [31mstep: 2521  [32mloss:  2.7344  [38;2;180;60;0mgrad_norm:  0.9368  [38;2;54;234;195mmemory: 22.44GiB(28.24%)  [34mtps: 146  [36mtflops: 7.04  [35mmfu: 0.71%[39m
[rank0]:[titan] 2026-03-17 21:16:14,147 - root - INFO - [31mstep: 2522  [32mloss:  2.6406  [38;2;180;60;0mgrad_norm:  0.8920  [38;2;54;234;195mmemory: 22.44GiB(28.24%)  [34mtps: 153  [36mtflops: 7.38  [35mmfu: 0.75%[39m
[rank0]:[titan] 2026-03-17 21:16:27,485 - root - INFO - [31mstep: 2523  [32mloss:  2.6562  [38;2;180;60;0mgrad_norm:  0.7781  [38;2;54;234;195mmemory: 22.44GiB(28.24%)  [34mtps: 154  [36mtflops: 7.41  [35mmfu: 0.75%[39m
[rank0]:[titan] 2026-03-17 21:16:41,040 - root - INFO - [31mstep: 2524  [32mloss:  2.7344  [38;2;180;60;0mgrad_norm:  1.1949  [38;2;54;234;195mmemory: 22.44GiB(28.24%)  [34mtps: 151  [36mtflops: 7.29  [35mmfu: 0.74%[39m
[rank0]:[titan] 2026-03-17 21:16:54,267 - root - INFO - [31mstep: 2525  [32mloss:  2.6875  [38;2;180;60;0mgrad_norm:  1.0488  [38;2;54;234;195mmemory: 22.44GiB(28.24%)  [34mtps: 155  [36mtflops: 7.47  [35mmfu: 0.76%[39m
[rank0]:[titan] 2026-03-17 21:17:07,764 - root - INFO - [31mstep: 2526  [32mloss:  2.6875  [38;2;180;60;0mgrad_norm:  0.8224  [38;2;54;234;195mmemory: 22.44GiB(28.24%)  [34mtps: 152  [36mtflops: 7.32  [35mmfu: 0.74%[39m
[rank0]:[titan] 2026-03-17 21:17:21,114 - root - INFO - [31mstep: 2527  [32mloss:  2.7188  [38;2;180;60;0mgrad_norm:  0.9207  [38;2;54;234;195mmemory: 22.44GiB(28.24%)  [34mtps: 153  [36mtflops: 7.40  [35mmfu: 0.75%[39m
[rank0]:[titan] 2026-03-17 21:17:34,629 - root - INFO - [31mstep: 2528  [32mloss:  2.8125  [38;2;180;60;0mgrad_norm:  1.0821  [38;2;54;234;195mmemory: 22.44GiB(28.24%)  [34mtps: 152  [36mtflops: 7.31  [35mmfu: 0.74%[39m
[rank0]:[titan] 2026-03-17 21:17:47,992 - root - INFO - [31mstep: 2529  [32mloss:  2.6875  [38;2;180;60;0mgrad_norm:  0.7523  [38;2;54;234;195mmemory: 22.44GiB(28.24%)  [34mtps: 153  [36mtflops: 7.40  [35mmfu: 0.75%[39m
[rank0]:[titan] 2026-03-17 21:18:01,393 - root - INFO - [31mstep: 2530  [32mloss:  2.6562  [38;2;180;60;0mgrad_norm:  0.7340  [38;2;54;234;195mmemory: 22.44GiB(28.24%)  [34mtps: 153  [36mtflops: 7.37  [35mmfu: 0.75%[39m
[rank0]:[titan] 2026-03-17 21:18:15,246 - root - INFO - [31mstep: 2531  [32mloss:  2.7500  [38;2;180;60;0mgrad_norm:  1.1235  [38;2;54;234;195mmemory: 22.44GiB(28.24%)  [34mtps: 148  [36mtflops: 7.13  [35mmfu: 0.72%[39m
[rank0]:[titan] 2026-03-17 21:18:29,072 - root - INFO - [31mstep: 2532  [32mloss:  2.7344  [38;2;180;60;0mgrad_norm:  1.0503  [38;2;54;234;195mmemory: 22.44GiB(28.24%)  [34mtps: 148  [36mtflops: 7.15  [35mmfu: 0.72%[39m
[rank0]:[titan] 2026-03-17 21:18:42,577 - root - INFO - [31mstep: 2533  [32mloss:  2.7344  [38;2;180;60;0mgrad_norm:  1.1001  [38;2;54;234;195mmemory: 22.44GiB(28.24%)  [34mtps: 152  [36mtflops: 7.32  [35mmfu: 0.74%[39m
[rank0]:[titan] 2026-03-17 21:18:56,086 - root - INFO - [31mstep: 2534  [32mloss:  2.6875  [38;2;180;60;0mgrad_norm:  1.2376  [38;2;54;234;195mmemory: 22.44GiB(28.24%)  [34mtps: 152  [36mtflops: 7.32  [35mmfu: 0.74%[39m
[rank0]:[titan] 2026-03-17 21:19:09,443 - root - INFO - [31mstep: 2535  [32mloss:  2.7031  [38;2;180;60;0mgrad_norm:  1.2565  [38;2;54;234;195mmemory: 22.44GiB(28.24%)  [34mtps: 153  [36mtflops: 7.40  [35mmfu: 0.75%[39m
[rank0]:[titan] 2026-03-17 21:19:23,065 - root - INFO - [31mstep: 2536  [32mloss:  2.7344  [38;2;180;60;0mgrad_norm:  1.1203  [38;2;54;234;195mmemory: 22.44GiB(28.24%)  [34mtps: 150  [36mtflops: 7.25  [35mmfu: 0.73%[39m
[rank0]:[titan] 2026-03-17 21:19:36,641 - root - INFO - [31mstep: 2537  [32mloss:  2.7188  [38;2;180;60;0mgrad_norm:  0.9882  [38;2;54;234;195mmemory: 22.44GiB(28.24%)  [34mtps: 151  [36mtflops: 7.28  [35mmfu: 0.74%[39m
[rank0]:[titan] 2026-03-17 21:19:36,645 - root - WARNING - Dataset c4_test is being re-looped
[rank0]:[titan] 2026-03-17 21:19:50,426 - root - INFO - [31mstep: 2538  [32mloss:  2.6719  [38;2;180;60;0mgrad_norm:  0.7371  [38;2;54;234;195mmemory: 22.44GiB(28.24%)  [34mtps: 149  [36mtflops: 7.17  [35mmfu: 0.72%[39m
[rank0]:[titan] 2026-03-17 21:20:03,975 - root - INFO - [31mstep: 2539  [32mloss:  2.6875  [38;2;180;60;0mgrad_norm:  1.0906  [38;2;54;234;195mmemory: 22.44GiB(28.24%)  [34mtps: 151  [36mtflops: 7.29  [35mmfu: 0.74%[39m
[rank0]:[titan] 2026-03-17 21:20:17,413 - root - INFO - [31mstep: 2540  [32mloss:  2.7188  [38;2;180;60;0mgrad_norm:  1.1294  [38;2;54;234;195mmemory: 22.44GiB(28.24%)  [34mtps: 152  [36mtflops: 7.35  [35mmfu: 0.74%[39m
[rank0]:[titan] 2026-03-17 21:20:30,824 - root - INFO - [31mstep: 2541  [32mloss:  2.6406  [38;2;180;60;0mgrad_norm:  0.9494  [38;2;54;234;195mmemory: 22.44GiB(28.24%)  [34mtps: 153  [36mtflops: 7.37  [35mmfu: 0.75%[39m
[rank0]:[titan] 2026-03-17 21:20:44,293 - root - INFO - [31mstep: 2542  [32mloss:  2.6875  [38;2;180;60;0mgrad_norm:  0.8576  [38;2;54;234;195mmemory: 22.44GiB(28.24%)  [34mtps: 152  [36mtflops: 7.34  [35mmfu: 0.74%[39m
[rank0]:[titan] 2026-03-17 21:20:58,242 - root - INFO - [31mstep: 2543  [32mloss:  2.7031  [38;2;180;60;0mgrad_norm:  1.1123  [38;2;54;234;195mmemory: 22.44GiB(28.24%)  [34mtps: 147  [36mtflops: 7.08  [35mmfu: 0.72%[39m
[rank0]:[titan] 2026-03-17 21:21:11,576 - root - INFO - [31mstep: 2544  [32mloss:  2.6562  [38;2;180;60;0mgrad_norm:  0.9256  [38;2;54;234;195mmemory: 22.44GiB(28.24%)  [34mtps: 154  [36mtflops: 7.41  [35mmfu: 0.75%[39m
[rank0]:[titan] 2026-03-17 21:21:24,989 - root - INFO - [31mstep: 2545  [32mloss:  2.6094  [38;2;180;60;0mgrad_norm:  0.6970  [38;2;54;234;195mmemory: 22.44GiB(28.24%)  [34mtps: 153  [36mtflops: 7.37  [35mmfu: 0.74%[39m
[rank0]:[titan] 2026-03-17 21:21:38,445 - root - INFO - [31mstep: 2546  [32mloss:  2.6875  [38;2;180;60;0mgrad_norm:  0.7577  [38;2;54;234;195mmemory: 22.44GiB(28.24%)  [34mtps: 152  [36mtflops: 7.34  [35mmfu: 0.74%[39m
[rank0]:[titan] 2026-03-17 21:21:51,858 - root - INFO - [31mstep: 2547  [32mloss:  2.7188  [38;2;180;60;0mgrad_norm:  0.9106  [38;2;54;234;195mmemory: 22.44GiB(28.24%)  [34mtps: 153  [36mtflops: 7.37  [35mmfu: 0.74%[39m
[rank0]:[titan] 2026-03-17 21:22:05,271 - root - INFO - [31mstep: 2548  [32mloss:  2.6719  [38;2;180;60;0mgrad_norm:  0.7880  [38;2;54;234;195mmemory: 22.44GiB(28.24%)  [34mtps: 153  [36mtflops: 7.37  [35mmfu: 0.74%[39m
[rank0]:[titan] 2026-03-17 21:22:18,657 - root - INFO - [31mstep: 2549  [32mloss:  2.6250  [38;2;180;60;0mgrad_norm:  0.6002  [38;2;54;234;195mmemory: 22.44GiB(28.24%)  [34mtps: 153  [36mtflops: 7.38  [35mmfu: 0.75%[39m
[rank0]:[titan] 2026-03-17 21:22:32,144 - root - INFO - [31mstep: 2550  [32mloss:  2.7031  [38;2;180;60;0mgrad_norm:  0.8053  [38;2;54;234;195mmemory: 22.44GiB(28.24%)  [34mtps: 152  [36mtflops: 7.33  [35mmfu: 0.74%[39m
[rank0]:[titan] 2026-03-17 21:22:45,739 - root - INFO - [31mstep: 2551  [32mloss:  2.7031  [38;2;180;60;0mgrad_norm:  0.7341  [38;2;54;234;195mmemory: 22.44GiB(28.24%)  [34mtps: 151  [36mtflops: 7.27  [35mmfu: 0.73%[39m
[rank0]:[titan] 2026-03-17 21:22:59,463 - root - INFO - [31mstep: 2552  [32mloss:  2.7344  [38;2;180;60;0mgrad_norm:  0.5386  [38;2;54;234;195mmemory: 22.44GiB(28.24%)  [34mtps: 149  [36mtflops: 7.20  [35mmfu: 0.73%[39m
[rank0]:[titan] 2026-03-17 21:23:13,193 - root - INFO - [31mstep: 2553  [32mloss:  2.7031  [38;2;180;60;0mgrad_norm:  0.8883  [38;2;54;234;195mmemory: 22.44GiB(28.24%)  [34mtps: 149  [36mtflops: 7.20  [35mmfu: 0.73%[39m
[rank0]:[titan] 2026-03-17 21:23:26,893 - root - INFO - [31mstep: 2554  [32mloss:  2.7188  [38;2;180;60;0mgrad_norm:  0.8219  [38;2;54;234;195mmemory: 22.44GiB(28.24%)  [34mtps: 149  [36mtflops: 7.21  [35mmfu: 0.73%[39m
[rank0]:[titan] 2026-03-17 21:23:40,373 - root - INFO - [31mstep: 2555  [32mloss:  2.6719  [38;2;180;60;0mgrad_norm:  0.6921  [38;2;54;234;195mmemory: 22.44GiB(28.24%)  [34mtps: 152  [36mtflops: 7.33  [35mmfu: 0.74%[39m
[rank0]:[titan] 2026-03-17 21:23:53,648 - root - INFO - [31mstep: 2556  [32mloss:  2.6406  [38;2;180;60;0mgrad_norm:  0.7099  [38;2;54;234;195mmemory: 22.44GiB(28.24%)  [34mtps: 154  [36mtflops: 7.44  [35mmfu: 0.75%[39m
[rank0]:[titan] 2026-03-17 21:24:06,975 - root - INFO - [31mstep: 2557  [32mloss:  2.6562  [38;2;180;60;0mgrad_norm:  0.7116  [38;2;54;234;195mmemory: 22.44GiB(28.24%)  [34mtps: 154  [36mtflops: 7.42  [35mmfu: 0.75%[39m
[rank0]:[titan] 2026-03-17 21:24:20,239 - root - INFO - [31mstep: 2558  [32mloss:  2.6406  [38;2;180;60;0mgrad_norm:  0.5690  [38;2;54;234;195mmemory: 22.44GiB(28.24%)  [34mtps: 154  [36mtflops: 7.45  [35mmfu: 0.75%[39m
[rank0]:[titan] 2026-03-17 21:24:33,588 - root - INFO - [31mstep: 2559  [32mloss:  2.7188  [38;2;180;60;0mgrad_norm:  0.9725  [38;2;54;234;195mmemory: 22.44GiB(28.24%)  [34mtps: 153  [36mtflops: 7.40  [35mmfu: 0.75%[39m
[rank0]:[titan] 2026-03-17 21:24:47,177 - root - INFO - [31mstep: 2560  [32mloss:  2.7031  [38;2;180;60;0mgrad_norm:  0.9491  [38;2;54;234;195mmemory: 22.44GiB(28.24%)  [34mtps: 151  [36mtflops: 7.27  [35mmfu: 0.74%[39m
[rank0]:[titan] 2026-03-17 21:25:00,472 - root - INFO - [31mstep: 2561  [32mloss:  2.7656  [38;2;180;60;0mgrad_norm:  0.8164  [38;2;54;234;195mmemory: 22.44GiB(28.24%)  [34mtps: 154  [36mtflops: 7.43  [35mmfu: 0.75%[39m
[rank0]:[titan] 2026-03-17 21:25:14,327 - root - INFO - [31mstep: 2562  [32mloss:  2.7188  [38;2;180;60;0mgrad_norm:  0.9169  [38;2;54;234;195mmemory: 22.44GiB(28.24%)  [34mtps: 148  [36mtflops: 7.13  [35mmfu: 0.72%[39m
[rank0]:[titan] 2026-03-17 21:25:28,359 - root - INFO - [31mstep: 2563  [32mloss:  2.7500  [38;2;180;60;0mgrad_norm:  0.8858  [38;2;54;234;195mmemory: 22.44GiB(28.24%)  [34mtps: 146  [36mtflops: 7.04  [35mmfu: 0.71%[39m
[rank0]:[titan] 2026-03-17 21:25:41,827 - root - INFO - [31mstep: 2564  [32mloss:  2.6719  [38;2;180;60;0mgrad_norm:  0.8598  [38;2;54;234;195mmemory: 22.44GiB(28.24%)  [34mtps: 152  [36mtflops: 7.34  [35mmfu: 0.74%[39m
[rank0]:[titan] 2026-03-17 21:25:55,647 - root - INFO - [31mstep: 2565  [32mloss:  2.6719  [38;2;180;60;0mgrad_norm:  0.6776  [38;2;54;234;195mmemory: 22.44GiB(28.24%)  [34mtps: 148  [36mtflops: 7.15  [35mmfu: 0.72%[39m
[rank0]:[titan] 2026-03-17 21:26:09,315 - root - INFO - [31mstep: 2566  [32mloss:  2.6875  [38;2;180;60;0mgrad_norm:  0.7414  [38;2;54;234;195mmemory: 22.44GiB(28.24%)  [34mtps: 150  [36mtflops: 7.23  [35mmfu: 0.73%[39m
[rank0]:[titan] 2026-03-17 21:26:22,969 - root - INFO - [31mstep: 2567  [32mloss:  2.6719  [38;2;180;60;0mgrad_norm:  0.9150  [38;2;54;234;195mmemory: 22.44GiB(28.24%)  [34mtps: 150  [36mtflops: 7.24  [35mmfu: 0.73%[39m
[rank0]:[titan] 2026-03-17 21:26:36,907 - root - INFO - [31mstep: 2568  [32mloss:  2.7031  [38;2;180;60;0mgrad_norm:  0.7393  [38;2;54;234;195mmemory: 22.44GiB(28.24%)  [34mtps: 147  [36mtflops: 7.09  [35mmfu: 0.72%[39m
[rank0]:[titan] 2026-03-17 21:26:50,665 - root - INFO - [31mstep: 2569  [32mloss:  2.7031  [38;2;180;60;0mgrad_norm:  0.8338  [38;2;54;234;195mmemory: 22.44GiB(28.24%)  [34mtps: 149  [36mtflops: 7.18  [35mmfu: 0.73%[39m
[rank0]:[titan] 2026-03-17 21:27:04,620 - root - INFO - [31mstep: 2570  [32mloss:  2.6719  [38;2;180;60;0mgrad_norm:  0.9134  [38;2;54;234;195mmemory: 22.44GiB(28.24%)  [34mtps: 147  [36mtflops: 7.08  [35mmfu: 0.72%[39m
[rank0]:[titan] 2026-03-17 21:27:18,444 - root - INFO - [31mstep: 2571  [32mloss:  2.6875  [38;2;180;60;0mgrad_norm:  1.3263  [38;2;54;234;195mmemory: 22.44GiB(28.24%)  [34mtps: 148  [36mtflops: 7.15  [35mmfu: 0.72%[39m
[rank0]:[titan] 2026-03-17 21:27:31,851 - root - INFO - [31mstep: 2572  [32mloss:  2.6719  [38;2;180;60;0mgrad_norm:  0.4761  [38;2;54;234;195mmemory: 22.44GiB(28.24%)  [34mtps: 153  [36mtflops: 7.37  [35mmfu: 0.75%[39m
[rank0]:[titan] 2026-03-17 21:27:45,133 - root - INFO - [31mstep: 2573  [32mloss:  2.6875  [38;2;180;60;0mgrad_norm:  0.6339  [38;2;54;234;195mmemory: 22.44GiB(28.24%)  [34mtps: 154  [36mtflops: 7.44  [35mmfu: 0.75%[39m
[rank0]:[titan] 2026-03-17 21:27:58,530 - root - INFO - [31mstep: 2574  [32mloss:  2.6562  [38;2;180;60;0mgrad_norm:  0.6671  [38;2;54;234;195mmemory: 22.44GiB(28.24%)  [34mtps: 153  [36mtflops: 7.38  [35mmfu: 0.75%[39m
[rank0]:[titan] 2026-03-17 21:28:12,190 - root - INFO - [31mstep: 2575  [32mloss:  2.6719  [38;2;180;60;0mgrad_norm:  0.4910  [38;2;54;234;195mmemory: 22.44GiB(28.24%)  [34mtps: 150  [36mtflops: 7.23  [35mmfu: 0.73%[39m
[rank0]:[titan] 2026-03-17 21:28:25,622 - root - INFO - [31mstep: 2576  [32mloss:  2.7344  [38;2;180;60;0mgrad_norm:  0.8209  [38;2;54;234;195mmemory: 22.44GiB(28.24%)  [34mtps: 152  [36mtflops: 7.36  [35mmfu: 0.74%[39m
[rank0]:[titan] 2026-03-17 21:28:39,027 - root - INFO - [31mstep: 2577  [32mloss:  2.7344  [38;2;180;60;0mgrad_norm:  0.6474  [38;2;54;234;195mmemory: 22.44GiB(28.24%)  [34mtps: 153  [36mtflops: 7.37  [35mmfu: 0.75%[39m
[rank0]:[titan] 2026-03-17 21:28:52,364 - root - INFO - [31mstep: 2578  [32mloss:  2.6562  [38;2;180;60;0mgrad_norm:  0.7079  [38;2;54;234;195mmemory: 22.44GiB(28.24%)  [34mtps: 154  [36mtflops: 7.41  [35mmfu: 0.75%[39m
[rank0]:[titan] 2026-03-17 21:29:06,232 - root - INFO - [31mstep: 2579  [32mloss:  2.7188  [38;2;180;60;0mgrad_norm:  0.6358  [38;2;54;234;195mmemory: 22.44GiB(28.24%)  [34mtps: 148  [36mtflops: 7.13  [35mmfu: 0.72%[39m
[rank0]:[titan] 2026-03-17 21:29:19,788 - root - INFO - [31mstep: 2580  [32mloss:  2.6875  [38;2;180;60;0mgrad_norm:  1.2847  [38;2;54;234;195mmemory: 22.44GiB(28.24%)  [34mtps: 151  [36mtflops: 7.29  [35mmfu: 0.74%[39m
[rank0]:[titan] 2026-03-17 21:29:33,577 - root - INFO - [31mstep: 2581  [32mloss:  2.7344  [38;2;180;60;0mgrad_norm:  1.0425  [38;2;54;234;195mmemory: 22.44GiB(28.24%)  [34mtps: 149  [36mtflops: 7.17  [35mmfu: 0.72%[39m
[rank0]:[titan] 2026-03-17 21:29:46,997 - root - INFO - [31mstep: 2582  [32mloss:  2.7812  [38;2;180;60;0mgrad_norm:  0.8244  [38;2;54;234;195mmemory: 22.44GiB(28.24%)  [34mtps: 153  [36mtflops: 7.36  [35mmfu: 0.74%[39m
[rank0]:[titan] 2026-03-17 21:30:00,599 - root - INFO - [31mstep: 2583  [32mloss:  2.7031  [38;2;180;60;0mgrad_norm:  0.6771  [38;2;54;234;195mmemory: 22.44GiB(28.24%)  [34mtps: 151  [36mtflops: 7.27  [35mmfu: 0.73%[39m
[rank0]:[titan] 2026-03-17 21:30:14,048 - root - INFO - [31mstep: 2584  [32mloss:  2.7344  [38;2;180;60;0mgrad_norm:  0.8862  [38;2;54;234;195mmemory: 22.44GiB(28.24%)  [34mtps: 152  [36mtflops: 7.35  [35mmfu: 0.74%[39m
[rank0]:[titan] 2026-03-17 21:30:27,663 - root - INFO - [31mstep: 2585  [32mloss:  2.7812  [38;2;180;60;0mgrad_norm:  1.0384  [38;2;54;234;195mmemory: 22.44GiB(28.24%)  [34mtps: 150  [36mtflops: 7.26  [35mmfu: 0.73%[39m
[rank0]:[titan] 2026-03-17 21:30:41,154 - root - INFO - [31mstep: 2586  [32mloss:  2.7500  [38;2;180;60;0mgrad_norm:  0.8167  [38;2;54;234;195mmemory: 22.44GiB(28.24%)  [34mtps: 152  [36mtflops: 7.32  [35mmfu: 0.74%[39m
[rank0]:[titan] 2026-03-17 21:30:54,731 - root - INFO - [31mstep: 2587  [32mloss:  2.7188  [38;2;180;60;0mgrad_norm:  0.6894  [38;2;54;234;195mmemory: 22.44GiB(28.24%)  [34mtps: 151  [36mtflops: 7.28  [35mmfu: 0.74%[39m
[rank0]:[titan] 2026-03-17 21:31:08,145 - root - INFO - [31mstep: 2588  [32mloss:  2.6875  [38;2;180;60;0mgrad_norm:  0.7296  [38;2;54;234;195mmemory: 22.44GiB(28.24%)  [34mtps: 153  [36mtflops: 7.37  [35mmfu: 0.74%[39m
[rank0]:[titan] 2026-03-17 21:31:21,457 - root - INFO - [31mstep: 2589  [32mloss:  2.6719  [38;2;180;60;0mgrad_norm:  0.7519  [38;2;54;234;195mmemory: 22.44GiB(28.24%)  [34mtps: 154  [36mtflops: 7.42  [35mmfu: 0.75%[39m
[rank0]:[titan] 2026-03-17 21:31:34,790 - root - INFO - [31mstep: 2590  [32mloss:  2.6719  [38;2;180;60;0mgrad_norm:  0.7848  [38;2;54;234;195mmemory: 22.44GiB(28.24%)  [34mtps: 154  [36mtflops: 7.41  [35mmfu: 0.75%[39m
[rank0]:[titan] 2026-03-17 21:31:47,969 - root - INFO - [31mstep: 2591  [32mloss:  2.6875  [38;2;180;60;0mgrad_norm:  0.6331  [38;2;54;234;195mmemory: 22.44GiB(28.24%)  [34mtps: 155  [36mtflops: 7.50  [35mmfu: 0.76%[39m
[rank0]:[titan] 2026-03-17 21:32:01,347 - root - INFO - [31mstep: 2592  [32mloss:  2.7500  [38;2;180;60;0mgrad_norm:  0.7879  [38;2;54;234;195mmemory: 22.44GiB(28.24%)  [34mtps: 153  [36mtflops: 7.39  [35mmfu: 0.75%[39m
[rank0]:[titan] 2026-03-17 21:32:14,855 - root - INFO - [31mstep: 2593  [32mloss:  2.6562  [38;2;180;60;0mgrad_norm:  0.7368  [38;2;54;234;195mmemory: 22.44GiB(28.24%)  [34mtps: 152  [36mtflops: 7.32  [35mmfu: 0.74%[39m
[rank0]:[titan] 2026-03-17 21:32:28,285 - root - INFO - [31mstep: 2594  [32mloss:  2.7031  [38;2;180;60;0mgrad_norm:  0.6517  [38;2;54;234;195mmemory: 22.44GiB(28.24%)  [34mtps: 152  [36mtflops: 7.36  [35mmfu: 0.74%[39m
[rank0]:[titan] 2026-03-17 21:32:41,696 - root - INFO - [31mstep: 2595  [32mloss:  2.6875  [38;2;180;60;0mgrad_norm:  0.8515  [38;2;54;234;195mmemory: 22.44GiB(28.24%)  [34mtps: 153  [36mtflops: 7.37  [35mmfu: 0.75%[39m
[rank0]:[titan] 2026-03-17 21:32:55,138 - root - INFO - [31mstep: 2596  [32mloss:  2.7500  [38;2;180;60;0mgrad_norm:  0.9800  [38;2;54;234;195mmemory: 22.44GiB(28.24%)  [34mtps: 152  [36mtflops: 7.35  [35mmfu: 0.74%[39m
[rank0]:[titan] 2026-03-17 21:33:08,543 - root - INFO - [31mstep: 2597  [32mloss:  2.6875  [38;2;180;60;0mgrad_norm:  0.5902  [38;2;54;234;195mmemory: 22.44GiB(28.24%)  [34mtps: 153  [36mtflops: 7.37  [35mmfu: 0.75%[39m
[rank0]:[titan] 2026-03-17 21:33:22,174 - root - INFO - [31mstep: 2598  [32mloss:  2.6562  [38;2;180;60;0mgrad_norm:  0.7625  [38;2;54;234;195mmemory: 22.44GiB(28.24%)  [34mtps: 150  [36mtflops: 7.25  [35mmfu: 0.73%[39m
[rank0]:[titan] 2026-03-17 21:33:35,731 - root - INFO - [31mstep: 2599  [32mloss:  2.7031  [38;2;180;60;0mgrad_norm:  0.8106  [38;2;54;234;195mmemory: 22.44GiB(28.24%)  [34mtps: 151  [36mtflops: 7.29  [35mmfu: 0.74%[39m
[rank0]:[titan] 2026-03-17 21:33:49,392 - root - INFO - [31mstep: 2600  [32mloss:  2.6719  [38;2;180;60;0mgrad_norm:  0.5057  [38;2;54;234;195mmemory: 22.44GiB(28.24%)  [34mtps: 150  [36mtflops: 7.23  [35mmfu: 0.73%[39m
[rank0]:[titan] 2026-03-17 21:34:03,351 - root - INFO - [31mstep: 2601  [32mloss:  2.6875  [38;2;180;60;0mgrad_norm:  0.8197  [38;2;54;234;195mmemory: 22.44GiB(28.24%)  [34mtps: 147  [36mtflops: 7.08  [35mmfu: 0.72%[39m
[rank0]:[titan] 2026-03-17 21:34:17,226 - root - INFO - [31mstep: 2602  [32mloss:  2.6875  [38;2;180;60;0mgrad_norm:  0.8597  [38;2;54;234;195mmemory: 22.44GiB(28.24%)  [34mtps: 148  [36mtflops: 7.12  [35mmfu: 0.72%[39m
[rank0]:[titan] 2026-03-17 21:34:30,723 - root - INFO - [31mstep: 2603  [32mloss:  2.6406  [38;2;180;60;0mgrad_norm:  0.6013  [38;2;54;234;195mmemory: 22.44GiB(28.24%)  [34mtps: 152  [36mtflops: 7.32  [35mmfu: 0.74%[39m
[rank0]:[titan] 2026-03-17 21:34:44,320 - root - INFO - [31mstep: 2604  [32mloss:  2.6250  [38;2;180;60;0mgrad_norm:  0.5314  [38;2;54;234;195mmemory: 22.44GiB(28.24%)  [34mtps: 151  [36mtflops: 7.27  [35mmfu: 0.73%[39m
[rank0]:[titan] 2026-03-17 21:34:57,686 - root - INFO - [31mstep: 2605  [32mloss:  2.6406  [38;2;180;60;0mgrad_norm:  0.8350  [38;2;54;234;195mmemory: 22.44GiB(28.24%)  [34mtps: 153  [36mtflops: 7.39  [35mmfu: 0.75%[39m
[rank0]:[titan] 2026-03-17 21:35:10,981 - root - INFO - [31mstep: 2606  [32mloss:  2.6719  [38;2;180;60;0mgrad_norm:  0.7842  [38;2;54;234;195mmemory: 22.44GiB(28.24%)  [34mtps: 154  [36mtflops: 7.43  [35mmfu: 0.75%[39m
[rank0]:[titan] 2026-03-17 21:35:24,533 - root - INFO - [31mstep: 2607  [32mloss:  2.6094  [38;2;180;60;0mgrad_norm:  0.7336  [38;2;54;234;195mmemory: 22.44GiB(28.24%)  [34mtps: 151  [36mtflops: 7.29  [35mmfu: 0.74%[39m
[rank0]:[titan] 2026-03-17 21:35:37,903 - root - INFO - [31mstep: 2608  [32mloss:  2.7969  [38;2;180;60;0mgrad_norm:  0.8476  [38;2;54;234;195mmemory: 22.44GiB(28.24%)  [34mtps: 153  [36mtflops: 7.39  [35mmfu: 0.75%[39m
[rank0]:[titan] 2026-03-17 21:35:51,240 - root - INFO - [31mstep: 2609  [32mloss:  2.7656  [38;2;180;60;0mgrad_norm:  0.6979  [38;2;54;234;195mmemory: 22.44GiB(28.24%)  [34mtps: 154  [36mtflops: 7.41  [35mmfu: 0.75%[39m
[rank0]:[titan] 2026-03-17 21:36:05,137 - root - INFO - [31mstep: 2610  [32mloss:  2.6562  [38;2;180;60;0mgrad_norm:  0.8130  [38;2;54;234;195mmemory: 22.44GiB(28.24%)  [34mtps: 147  [36mtflops: 7.11  [35mmfu: 0.72%[39m
[rank0]:[titan] 2026-03-17 21:36:18,743 - root - INFO - [31mstep: 2611  [32mloss:  2.6562  [38;2;180;60;0mgrad_norm:  0.8008  [38;2;54;234;195mmemory: 22.44GiB(28.24%)  [34mtps: 151  [36mtflops: 7.26  [35mmfu: 0.73%[39m
[rank0]:[titan] 2026-03-17 21:36:32,066 - root - INFO - [31mstep: 2612  [32mloss:  2.6406  [38;2;180;60;0mgrad_norm:  0.7109  [38;2;54;234;195mmemory: 22.44GiB(28.24%)  [34mtps: 154  [36mtflops: 7.42  [35mmfu: 0.75%[39m
[rank0]:[titan] 2026-03-17 21:36:45,436 - root - INFO - [31mstep: 2613  [32mloss:  2.6719  [38;2;180;60;0mgrad_norm:  0.6955  [38;2;54;234;195mmemory: 22.44GiB(28.24%)  [34mtps: 153  [36mtflops: 7.39  [35mmfu: 0.75%[39m
[rank0]:[titan] 2026-03-17 21:36:59,133 - root - INFO - [31mstep: 2614  [32mloss:  2.7031  [38;2;180;60;0mgrad_norm:  0.8606  [38;2;54;234;195mmemory: 22.44GiB(28.24%)  [34mtps: 150  [36mtflops: 7.21  [35mmfu: 0.73%[39m
[rank0]:[titan] 2026-03-17 21:37:12,875 - root - INFO - [31mstep: 2615  [32mloss:  2.7031  [38;2;180;60;0mgrad_norm:  0.7280  [38;2;54;234;195mmemory: 22.44GiB(28.24%)  [34mtps: 149  [36mtflops: 7.19  [35mmfu: 0.73%[39m
[rank0]:[titan] 2026-03-17 21:37:26,266 - root - INFO - [31mstep: 2616  [32mloss:  2.7031  [38;2;180;60;0mgrad_norm:  0.6988  [38;2;54;234;195mmemory: 22.44GiB(28.24%)  [34mtps: 153  [36mtflops: 7.38  [35mmfu: 0.75%[39m
[rank0]:[titan] 2026-03-17 21:37:40,204 - root - INFO - [31mstep: 2617  [32mloss:  2.6875  [38;2;180;60;0mgrad_norm:  0.8481  [38;2;54;234;195mmemory: 22.44GiB(28.24%)  [34mtps: 147  [36mtflops: 7.09  [35mmfu: 0.72%[39m
[rank0]:[titan] 2026-03-17 21:37:54,006 - root - INFO - [31mstep: 2618  [32mloss:  2.7188  [38;2;180;60;0mgrad_norm:  0.9391  [38;2;54;234;195mmemory: 22.44GiB(28.24%)  [34mtps: 148  [36mtflops: 7.16  [35mmfu: 0.72%[39m
[rank0]:[titan] 2026-03-17 21:38:07,397 - root - INFO - [31mstep: 2619  [32mloss:  2.7344  [38;2;180;60;0mgrad_norm:  0.9076  [38;2;54;234;195mmemory: 22.44GiB(28.24%)  [34mtps: 153  [36mtflops: 7.38  [35mmfu: 0.75%[39m
[rank0]:[titan] 2026-03-17 21:38:20,695 - root - INFO - [31mstep: 2620  [32mloss:  2.7500  [38;2;180;60;0mgrad_norm:  0.7227  [38;2;54;234;195mmemory: 22.44GiB(28.24%)  [34mtps: 154  [36mtflops: 7.43  [35mmfu: 0.75%[39m
[rank0]:[titan] 2026-03-17 21:38:34,300 - root - INFO - [31mstep: 2621  [32mloss:  2.7656  [38;2;180;60;0mgrad_norm:  1.3081  [38;2;54;234;195mmemory: 22.44GiB(28.24%)  [34mtps: 151  [36mtflops: 7.26  [35mmfu: 0.73%[39m
[rank0]:[titan] 2026-03-17 21:38:47,652 - root - INFO - [31mstep: 2622  [32mloss:  2.7656  [38;2;180;60;0mgrad_norm:  1.5265  [38;2;54;234;195mmemory: 22.44GiB(28.24%)  [34mtps: 153  [36mtflops: 7.40  [35mmfu: 0.75%[39m
[rank0]:[titan] 2026-03-17 21:39:01,241 - root - INFO - [31mstep: 2623  [32mloss:  2.6875  [38;2;180;60;0mgrad_norm:  1.0159  [38;2;54;234;195mmemory: 22.44GiB(28.24%)  [34mtps: 151  [36mtflops: 7.27  [35mmfu: 0.74%[39m
[rank0]:[titan] 2026-03-17 21:39:14,427 - root - INFO - [31mstep: 2624  [32mloss:  2.7812  [38;2;180;60;0mgrad_norm:  0.8812  [38;2;54;234;195mmemory: 22.44GiB(28.24%)  [34mtps: 155  [36mtflops: 7.49  [35mmfu: 0.76%[39m
[rank0]:[titan] 2026-03-17 21:39:27,879 - root - INFO - [31mstep: 2625  [32mloss:  2.7031  [38;2;180;60;0mgrad_norm:  0.7500  [38;2;54;234;195mmemory: 22.44GiB(28.24%)  [34mtps: 152  [36mtflops: 7.35  [35mmfu: 0.74%[39m
[rank0]:[titan] 2026-03-17 21:39:41,436 - root - INFO - [31mstep: 2626  [32mloss:  2.7188  [38;2;180;60;0mgrad_norm:  1.0496  [38;2;54;234;195mmemory: 22.44GiB(28.24%)  [34mtps: 151  [36mtflops: 7.29  [35mmfu: 0.74%[39m
[rank0]:[titan] 2026-03-17 21:39:55,314 - root - INFO - [31mstep: 2627  [32mloss:  2.7031  [38;2;180;60;0mgrad_norm:  0.9560  [38;2;54;234;195mmemory: 22.44GiB(28.24%)  [34mtps: 148  [36mtflops: 7.12  [35mmfu: 0.72%[39m
[rank0]:[titan] 2026-03-17 21:40:08,577 - root - INFO - [31mstep: 2628  [32mloss:  2.7188  [38;2;180;60;0mgrad_norm:  0.7276  [38;2;54;234;195mmemory: 22.44GiB(28.24%)  [34mtps: 154  [36mtflops: 7.45  [35mmfu: 0.75%[39m
[rank0]:[titan] 2026-03-17 21:40:21,945 - root - INFO - [31mstep: 2629  [32mloss:  2.6875  [38;2;180;60;0mgrad_norm:  0.8598  [38;2;54;234;195mmemory: 22.44GiB(28.24%)  [34mtps: 153  [36mtflops: 7.39  [35mmfu: 0.75%[39m
[rank0]:[titan] 2026-03-17 21:40:35,444 - root - INFO - [31mstep: 2630  [32mloss:  2.7344  [38;2;180;60;0mgrad_norm:  0.8033  [38;2;54;234;195mmemory: 22.44GiB(28.24%)  [34mtps: 152  [36mtflops: 7.32  [35mmfu: 0.74%[39m
[rank0]:[titan] 2026-03-17 21:40:48,667 - root - INFO - [31mstep: 2631  [32mloss:  2.7031  [38;2;180;60;0mgrad_norm:  0.8056  [38;2;54;234;195mmemory: 22.44GiB(28.24%)  [34mtps: 155  [36mtflops: 7.47  [35mmfu: 0.76%[39m
[rank0]:[titan] 2026-03-17 21:41:02,008 - root - INFO - [31mstep: 2632  [32mloss:  2.6719  [38;2;180;60;0mgrad_norm:  0.8018  [38;2;54;234;195mmemory: 22.44GiB(28.24%)  [34mtps: 154  [36mtflops: 7.41  [35mmfu: 0.75%[39m
[rank0]:[titan] 2026-03-17 21:41:15,637 - root - INFO - [31mstep: 2633  [32mloss:  2.6719  [38;2;180;60;0mgrad_norm:  0.8458  [38;2;54;234;195mmemory: 22.44GiB(28.24%)  [34mtps: 150  [36mtflops: 7.25  [35mmfu: 0.73%[39m
[rank0]:[titan] 2026-03-17 21:41:29,478 - root - INFO - [31mstep: 2634  [32mloss:  2.6562  [38;2;180;60;0mgrad_norm:  0.7089  [38;2;54;234;195mmemory: 22.44GiB(28.24%)  [34mtps: 148  [36mtflops: 7.14  [35mmfu: 0.72%[39m
[rank0]:[titan] 2026-03-17 21:41:43,214 - root - INFO - [31mstep: 2635  [32mloss:  2.6719  [38;2;180;60;0mgrad_norm:  0.7052  [38;2;54;234;195mmemory: 22.44GiB(28.24%)  [34mtps: 149  [36mtflops: 7.19  [35mmfu: 0.73%[39m
[rank0]:[titan] 2026-03-17 21:41:56,833 - root - INFO - [31mstep: 2636  [32mloss:  2.6719  [38;2;180;60;0mgrad_norm:  0.9006  [38;2;54;234;195mmemory: 22.44GiB(28.24%)  [34mtps: 150  [36mtflops: 7.26  [35mmfu: 0.73%[39m
[rank0]:[titan] 2026-03-17 21:42:10,171 - root - INFO - [31mstep: 2637  [32mloss:  2.7188  [38;2;180;60;0mgrad_norm:  0.7109  [38;2;54;234;195mmemory: 22.44GiB(28.24%)  [34mtps: 154  [36mtflops: 7.41  [35mmfu: 0.75%[39m
[rank0]:[titan] 2026-03-17 21:42:24,053 - root - INFO - [31mstep: 2638  [32mloss:  2.6719  [38;2;180;60;0mgrad_norm:  0.8397  [38;2;54;234;195mmemory: 22.44GiB(28.24%)  [34mtps: 148  [36mtflops: 7.12  [35mmfu: 0.72%[39m
[rank0]:[titan] 2026-03-17 21:42:37,486 - root - INFO - [31mstep: 2639  [32mloss:  2.6719  [38;2;180;60;0mgrad_norm:  0.9306  [38;2;54;234;195mmemory: 22.44GiB(28.24%)  [34mtps: 152  [36mtflops: 7.36  [35mmfu: 0.74%[39m
[rank0]:[titan] 2026-03-17 21:42:51,220 - root - INFO - [31mstep: 2640  [32mloss:  2.6562  [38;2;180;60;0mgrad_norm:  0.8216  [38;2;54;234;195mmemory: 22.44GiB(28.24%)  [34mtps: 149  [36mtflops: 7.20  [35mmfu: 0.73%[39m
[rank0]:[titan] 2026-03-17 21:43:04,557 - root - INFO - [31mstep: 2641  [32mloss:  2.7031  [38;2;180;60;0mgrad_norm:  0.7351  [38;2;54;234;195mmemory: 22.44GiB(28.24%)  [34mtps: 154  [36mtflops: 7.41  [35mmfu: 0.75%[39m
[rank0]:[titan] 2026-03-17 21:43:17,996 - root - INFO - [31mstep: 2642  [32mloss:  2.6562  [38;2;180;60;0mgrad_norm:  0.7668  [38;2;54;234;195mmemory: 22.44GiB(28.24%)  [34mtps: 152  [36mtflops: 7.35  [35mmfu: 0.74%[39m
[rank0]:[titan] 2026-03-17 21:43:31,140 - root - INFO - [31mstep: 2643  [32mloss:  2.6875  [38;2;180;60;0mgrad_norm:  0.7100  [38;2;54;234;195mmemory: 22.44GiB(28.24%)  [34mtps: 156  [36mtflops: 7.52  [35mmfu: 0.76%[39m
[rank0]:[titan] 2026-03-17 21:43:44,635 - root - INFO - [31mstep: 2644  [32mloss:  2.7344  [38;2;180;60;0mgrad_norm:  0.6857  [38;2;54;234;195mmemory: 22.44GiB(28.24%)  [34mtps: 152  [36mtflops: 7.32  [35mmfu: 0.74%[39m
[rank0]:[titan] 2026-03-17 21:43:58,199 - root - INFO - [31mstep: 2645  [32mloss:  2.7031  [38;2;180;60;0mgrad_norm:  0.8777  [38;2;54;234;195mmemory: 22.44GiB(28.24%)  [34mtps: 151  [36mtflops: 7.29  [35mmfu: 0.74%[39m
[rank0]:[titan] 2026-03-17 21:44:11,910 - root - INFO - [31mstep: 2646  [32mloss:  2.7344  [38;2;180;60;0mgrad_norm:  0.7519  [38;2;54;234;195mmemory: 22.44GiB(28.24%)  [34mtps: 149  [36mtflops: 7.21  [35mmfu: 0.73%[39m
[rank0]:[titan] 2026-03-17 21:44:25,721 - root - INFO - [31mstep: 2647  [32mloss:  2.6875  [38;2;180;60;0mgrad_norm:  0.7085  [38;2;54;234;195mmemory: 22.44GiB(28.24%)  [34mtps: 148  [36mtflops: 7.16  [35mmfu: 0.72%[39m
[rank0]:[titan] 2026-03-17 21:44:38,932 - root - INFO - [31mstep: 2648  [32mloss:  2.6719  [38;2;180;60;0mgrad_norm:  0.4351  [38;2;54;234;195mmemory: 22.44GiB(28.24%)  [34mtps: 155  [36mtflops: 7.48  [35mmfu: 0.76%[39m
[rank0]:[titan] 2026-03-17 21:44:52,465 - root - INFO - [31mstep: 2649  [32mloss:  2.7188  [38;2;180;60;0mgrad_norm:  1.0302  [38;2;54;234;195mmemory: 22.44GiB(28.24%)  [34mtps: 151  [36mtflops: 7.30  [35mmfu: 0.74%[39m
[rank0]:[titan] 2026-03-17 21:45:05,987 - root - INFO - [31mstep: 2650  [32mloss:  2.7656  [38;2;180;60;0mgrad_norm:  0.6314  [38;2;54;234;195mmemory: 22.44GiB(28.24%)  [34mtps: 151  [36mtflops: 7.31  [35mmfu: 0.74%[39m
[rank0]:[titan] 2026-03-17 21:45:19,195 - root - INFO - [31mstep: 2651  [32mloss:  2.6875  [38;2;180;60;0mgrad_norm:  0.7943  [38;2;54;234;195mmemory: 22.44GiB(28.24%)  [34mtps: 155  [36mtflops: 7.48  [35mmfu: 0.76%[39m
[rank0]:[titan] 2026-03-17 21:45:32,351 - root - INFO - [31mstep: 2652  [32mloss:  2.7344  [38;2;180;60;0mgrad_norm:  0.7534  [38;2;54;234;195mmemory: 22.44GiB(28.24%)  [34mtps: 156  [36mtflops: 7.51  [35mmfu: 0.76%[39m
[rank0]:[titan] 2026-03-17 21:45:45,824 - root - INFO - [31mstep: 2653  [32mloss:  2.7188  [38;2;180;60;0mgrad_norm:  0.6936  [38;2;54;234;195mmemory: 22.44GiB(28.24%)  [34mtps: 152  [36mtflops: 7.33  [35mmfu: 0.74%[39m
[rank0]:[titan] 2026-03-17 21:45:59,164 - root - INFO - [31mstep: 2654  [32mloss:  2.7031  [38;2;180;60;0mgrad_norm:  0.5566  [38;2;54;234;195mmemory: 22.44GiB(28.24%)  [34mtps: 154  [36mtflops: 7.41  [35mmfu: 0.75%[39m
[rank0]:[titan] 2026-03-17 21:46:12,551 - root - INFO - [31mstep: 2655  [32mloss:  2.6875  [38;2;180;60;0mgrad_norm:  0.6020  [38;2;54;234;195mmemory: 22.44GiB(28.24%)  [34mtps: 153  [36mtflops: 7.38  [35mmfu: 0.75%[39m
[rank0]:[titan] 2026-03-17 21:46:26,514 - root - INFO - [31mstep: 2656  [32mloss:  2.6406  [38;2;180;60;0mgrad_norm:  0.8273  [38;2;54;234;195mmemory: 22.44GiB(28.24%)  [34mtps: 147  [36mtflops: 7.08  [35mmfu: 0.72%[39m
[rank0]:[titan] 2026-03-17 21:46:39,811 - root - INFO - [31mstep: 2657  [32mloss:  2.6875  [38;2;180;60;0mgrad_norm:  0.9432  [38;2;54;234;195mmemory: 22.44GiB(28.24%)  [34mtps: 154  [36mtflops: 7.43  [35mmfu: 0.75%[39m
[rank0]:[titan] 2026-03-17 21:46:53,203 - root - INFO - [31mstep: 2658  [32mloss:  2.6719  [38;2;180;60;0mgrad_norm:  0.6855  [38;2;54;234;195mmemory: 22.44GiB(28.24%)  [34mtps: 153  [36mtflops: 7.38  [35mmfu: 0.75%[39m
[rank0]:[titan] 2026-03-17 21:47:06,845 - root - INFO - [31mstep: 2659  [32mloss:  2.6406  [38;2;180;60;0mgrad_norm:  0.6208  [38;2;54;234;195mmemory: 22.44GiB(28.24%)  [34mtps: 150  [36mtflops: 7.24  [35mmfu: 0.73%[39m
[rank0]:[titan] 2026-03-17 21:47:20,062 - root - INFO - [31mstep: 2660  [32mloss:  2.7188  [38;2;180;60;0mgrad_norm:  0.9273  [38;2;54;234;195mmemory: 22.44GiB(28.24%)  [34mtps: 155  [36mtflops: 7.48  [35mmfu: 0.76%[39m
[rank0]:[titan] 2026-03-17 21:47:33,424 - root - INFO - [31mstep: 2661  [32mloss:  2.6406  [38;2;180;60;0mgrad_norm:  0.8779  [38;2;54;234;195mmemory: 22.44GiB(28.24%)  [34mtps: 153  [36mtflops: 7.40  [35mmfu: 0.75%[39m
[rank0]:[titan] 2026-03-17 21:47:46,902 - root - INFO - [31mstep: 2662  [32mloss:  2.7188  [38;2;180;60;0mgrad_norm:  0.7688  [38;2;54;234;195mmemory: 22.44GiB(28.24%)  [34mtps: 152  [36mtflops: 7.33  [35mmfu: 0.74%[39m
[rank0]:[titan] 2026-03-17 21:48:00,077 - root - INFO - [31mstep: 2663  [32mloss:  2.7344  [38;2;180;60;0mgrad_norm:  0.7495  [38;2;54;234;195mmemory: 22.44GiB(28.24%)  [34mtps: 155  [36mtflops: 7.50  [35mmfu: 0.76%[39m
[rank0]:[titan] 2026-03-17 21:48:13,419 - root - INFO - [31mstep: 2664  [32mloss:  2.7656  [38;2;180;60;0mgrad_norm:  0.6302  [38;2;54;234;195mmemory: 22.44GiB(28.24%)  [34mtps: 154  [36mtflops: 7.41  [35mmfu: 0.75%[39m
[rank0]:[titan] 2026-03-17 21:48:26,706 - root - INFO - [31mstep: 2665  [32mloss:  2.6875  [38;2;180;60;0mgrad_norm:  0.7174  [38;2;54;234;195mmemory: 22.44GiB(28.24%)  [34mtps: 154  [36mtflops: 7.44  [35mmfu: 0.75%[39m
[rank0]:[titan] 2026-03-17 21:48:39,975 - root - INFO - [31mstep: 2666  [32mloss:  2.6875  [38;2;180;60;0mgrad_norm:  0.8398  [38;2;54;234;195mmemory: 22.44GiB(28.24%)  [34mtps: 154  [36mtflops: 7.45  [35mmfu: 0.75%[39m
[rank0]:[titan] 2026-03-17 21:48:53,474 - root - INFO - [31mstep: 2667  [32mloss:  2.6719  [38;2;180;60;0mgrad_norm:  0.5434  [38;2;54;234;195mmemory: 22.44GiB(28.24%)  [34mtps: 152  [36mtflops: 7.32  [35mmfu: 0.74%[39m
[rank0]:[titan] 2026-03-17 21:49:07,021 - root - INFO - [31mstep: 2668  [32mloss:  2.6875  [38;2;180;60;0mgrad_norm:  0.7505  [38;2;54;234;195mmemory: 22.44GiB(28.24%)  [34mtps: 151  [36mtflops: 7.29  [35mmfu: 0.74%[39m
[rank0]:[titan] 2026-03-17 21:49:20,526 - root - INFO - [31mstep: 2669  [32mloss:  2.6562  [38;2;180;60;0mgrad_norm:  0.7872  [38;2;54;234;195mmemory: 22.44GiB(28.24%)  [34mtps: 152  [36mtflops: 7.32  [35mmfu: 0.74%[39m
[rank0]:[titan] 2026-03-17 21:49:33,944 - root - INFO - [31mstep: 2670  [32mloss:  2.6562  [38;2;180;60;0mgrad_norm:  0.5115  [38;2;54;234;195mmemory: 22.44GiB(28.24%)  [34mtps: 153  [36mtflops: 7.36  [35mmfu: 0.74%[39m
[rank0]:[titan] 2026-03-17 21:49:47,458 - root - INFO - [31mstep: 2671  [32mloss:  2.6875  [38;2;180;60;0mgrad_norm:  0.7111  [38;2;54;234;195mmemory: 22.44GiB(28.24%)  [34mtps: 152  [36mtflops: 7.31  [35mmfu: 0.74%[39m
[rank0]:[titan] 2026-03-17 21:50:00,717 - root - INFO - [31mstep: 2672  [32mloss:  2.6406  [38;2;180;60;0mgrad_norm:  0.6106  [38;2;54;234;195mmemory: 22.44GiB(28.24%)  [34mtps: 154  [36mtflops: 7.45  [35mmfu: 0.75%[39m
[rank0]:[titan] 2026-03-17 21:50:14,301 - root - INFO - [31mstep: 2673  [32mloss:  2.6562  [38;2;180;60;0mgrad_norm:  0.6403  [38;2;54;234;195mmemory: 22.44GiB(28.24%)  [34mtps: 151  [36mtflops: 7.27  [35mmfu: 0.74%[39m
[rank0]:[titan] 2026-03-17 21:50:27,805 - root - INFO - [31mstep: 2674  [32mloss:  2.7031  [38;2;180;60;0mgrad_norm:  0.9178  [38;2;54;234;195mmemory: 22.44GiB(28.24%)  [34mtps: 152  [36mtflops: 7.32  [35mmfu: 0.74%[39m
[rank0]:[titan] 2026-03-17 21:50:41,253 - root - INFO - [31mstep: 2675  [32mloss:  2.7188  [38;2;180;60;0mgrad_norm:  0.7971  [38;2;54;234;195mmemory: 22.44GiB(28.24%)  [34mtps: 152  [36mtflops: 7.35  [35mmfu: 0.74%[39m
[rank0]:[titan] 2026-03-17 21:50:54,601 - root - INFO - [31mstep: 2676  [32mloss:  2.6875  [38;2;180;60;0mgrad_norm:  0.8793  [38;2;54;234;195mmemory: 22.44GiB(28.24%)  [34mtps: 153  [36mtflops: 7.40  [35mmfu: 0.75%[39m
[rank0]:[titan] 2026-03-17 21:51:07,929 - root - INFO - [31mstep: 2677  [32mloss:  2.6406  [38;2;180;60;0mgrad_norm:  0.8757  [38;2;54;234;195mmemory: 22.44GiB(28.24%)  [34mtps: 154  [36mtflops: 7.42  [35mmfu: 0.75%[39m
[rank0]:[titan] 2026-03-17 21:51:21,388 - root - INFO - [31mstep: 2678  [32mloss:  2.6562  [38;2;180;60;0mgrad_norm:  0.9591  [38;2;54;234;195mmemory: 22.44GiB(28.24%)  [34mtps: 152  [36mtflops: 7.34  [35mmfu: 0.74%[39m
[rank0]:[titan] 2026-03-17 21:51:34,611 - root - INFO - [31mstep: 2679  [32mloss:  2.6250  [38;2;180;60;0mgrad_norm:  0.8779  [38;2;54;234;195mmemory: 22.44GiB(28.24%)  [34mtps: 155  [36mtflops: 7.47  [35mmfu: 0.76%[39m
[rank0]:[titan] 2026-03-17 21:51:48,109 - root - INFO - [31mstep: 2680  [32mloss:  2.6406  [38;2;180;60;0mgrad_norm:  0.8335  [38;2;54;234;195mmemory: 22.44GiB(28.24%)  [34mtps: 152  [36mtflops: 7.32  [35mmfu: 0.74%[39m
[rank0]:[titan] 2026-03-17 21:52:01,483 - root - INFO - [31mstep: 2681  [32mloss:  2.6562  [38;2;180;60;0mgrad_norm:  0.7782  [38;2;54;234;195mmemory: 22.44GiB(28.24%)  [34mtps: 153  [36mtflops: 7.39  [35mmfu: 0.75%[39m
[rank0]:[titan] 2026-03-17 21:52:15,000 - root - INFO - [31mstep: 2682  [32mloss:  2.7031  [38;2;180;60;0mgrad_norm:  1.0424  [38;2;54;234;195mmemory: 22.44GiB(28.24%)  [34mtps: 152  [36mtflops: 7.31  [35mmfu: 0.74%[39m
[rank0]:[titan] 2026-03-17 21:52:28,417 - root - INFO - [31mstep: 2683  [32mloss:  2.6406  [38;2;180;60;0mgrad_norm:  0.7963  [38;2;54;234;195mmemory: 22.44GiB(28.24%)  [34mtps: 153  [36mtflops: 7.37  [35mmfu: 0.74%[39m
[rank0]:[titan] 2026-03-17 21:52:41,901 - root - INFO - [31mstep: 2684  [32mloss:  2.6875  [38;2;180;60;0mgrad_norm:  0.8697  [38;2;54;234;195mmemory: 22.44GiB(28.24%)  [34mtps: 152  [36mtflops: 7.33  [35mmfu: 0.74%[39m
[rank0]:[titan] 2026-03-17 21:52:55,187 - root - INFO - [31mstep: 2685  [32mloss:  2.6875  [38;2;180;60;0mgrad_norm:  0.7720  [38;2;54;234;195mmemory: 22.44GiB(28.24%)  [34mtps: 154  [36mtflops: 7.44  [35mmfu: 0.75%[39m
[rank0]:[titan] 2026-03-17 21:53:08,687 - root - INFO - [31mstep: 2686  [32mloss:  2.7188  [38;2;180;60;0mgrad_norm:  0.8655  [38;2;54;234;195mmemory: 22.44GiB(28.24%)  [34mtps: 152  [36mtflops: 7.32  [35mmfu: 0.74%[39m
[rank0]:[titan] 2026-03-17 21:53:22,603 - root - INFO - [31mstep: 2687  [32mloss:  2.6875  [38;2;180;60;0mgrad_norm:  0.7667  [38;2;54;234;195mmemory: 22.44GiB(28.24%)  [34mtps: 147  [36mtflops: 7.10  [35mmfu: 0.72%[39m
[rank0]:[titan] 2026-03-17 21:53:35,830 - root - INFO - [31mstep: 2688  [32mloss:  2.7500  [38;2;180;60;0mgrad_norm:  0.7571  [38;2;54;234;195mmemory: 22.44GiB(28.24%)  [34mtps: 155  [36mtflops: 7.47  [35mmfu: 0.76%[39m
[rank0]:[titan] 2026-03-17 21:53:49,488 - root - INFO - [31mstep: 2689  [32mloss:  2.7344  [38;2;180;60;0mgrad_norm:  0.7172  [38;2;54;234;195mmemory: 22.44GiB(28.24%)  [34mtps: 150  [36mtflops: 7.24  [35mmfu: 0.73%[39m
[rank0]:[titan] 2026-03-17 21:54:02,873 - root - INFO - [31mstep: 2690  [32mloss:  2.6875  [38;2;180;60;0mgrad_norm:  0.8279  [38;2;54;234;195mmemory: 22.44GiB(28.24%)  [34mtps: 153  [36mtflops: 7.38  [35mmfu: 0.75%[39m
[rank0]:[titan] 2026-03-17 21:54:16,161 - root - INFO - [31mstep: 2691  [32mloss:  2.6562  [38;2;180;60;0mgrad_norm:  1.0625  [38;2;54;234;195mmemory: 22.44GiB(28.24%)  [34mtps: 154  [36mtflops: 7.44  [35mmfu: 0.75%[39m
[rank0]:[titan] 2026-03-17 21:54:29,606 - root - INFO - [31mstep: 2692  [32mloss:  2.6562  [38;2;180;60;0mgrad_norm:  1.1694  [38;2;54;234;195mmemory: 22.44GiB(28.24%)  [34mtps: 152  [36mtflops: 7.35  [35mmfu: 0.74%[39m
[rank0]:[titan] 2026-03-17 21:54:43,581 - root - INFO - [31mstep: 2693  [32mloss:  2.6562  [38;2;180;60;0mgrad_norm:  1.0891  [38;2;54;234;195mmemory: 22.44GiB(28.24%)  [34mtps: 147  [36mtflops: 7.07  [35mmfu: 0.72%[39m
[rank0]:[titan] 2026-03-17 21:54:57,571 - root - INFO - [31mstep: 2694  [32mloss:  2.6562  [38;2;180;60;0mgrad_norm:  0.7007  [38;2;54;234;195mmemory: 22.44GiB(28.24%)  [34mtps: 146  [36mtflops: 7.06  [35mmfu: 0.71%[39m
[rank0]:[titan] 2026-03-17 21:55:11,513 - root - INFO - [31mstep: 2695  [32mloss:  2.7344  [38;2;180;60;0mgrad_norm:  1.2462  [38;2;54;234;195mmemory: 22.44GiB(28.24%)  [34mtps: 147  [36mtflops: 7.09  [35mmfu: 0.72%[39m
[rank0]:[titan] 2026-03-17 21:55:25,172 - root - INFO - [31mstep: 2696  [32mloss:  2.7344  [38;2;180;60;0mgrad_norm:  1.3750  [38;2;54;234;195mmemory: 22.44GiB(28.24%)  [34mtps: 150  [36mtflops: 7.23  [35mmfu: 0.73%[39m
[rank0]:[titan] 2026-03-17 21:55:38,575 - root - INFO - [31mstep: 2697  [32mloss:  2.6562  [38;2;180;60;0mgrad_norm:  1.2696  [38;2;54;234;195mmemory: 22.44GiB(28.24%)  [34mtps: 153  [36mtflops: 7.37  [35mmfu: 0.75%[39m
[rank0]:[titan] 2026-03-17 21:55:52,312 - root - INFO - [31mstep: 2698  [32mloss:  2.6875  [38;2;180;60;0mgrad_norm:  0.8897  [38;2;54;234;195mmemory: 22.44GiB(28.24%)  [34mtps: 149  [36mtflops: 7.19  [35mmfu: 0.73%[39m
[rank0]:[titan] 2026-03-17 21:56:05,737 - root - INFO - [31mstep: 2699  [32mloss:  2.7344  [38;2;180;60;0mgrad_norm:  0.9290  [38;2;54;234;195mmemory: 22.44GiB(28.24%)  [34mtps: 153  [36mtflops: 7.36  [35mmfu: 0.74%[39m
[rank0]:[titan] 2026-03-17 21:56:19,448 - root - INFO - [31mstep: 2700  [32mloss:  2.6719  [38;2;180;60;0mgrad_norm:  0.8316  [38;2;54;234;195mmemory: 22.44GiB(28.24%)  [34mtps: 149  [36mtflops: 7.21  [35mmfu: 0.73%[39m
[rank0]:[titan] 2026-03-17 21:56:33,086 - root - INFO - [31mstep: 2701  [32mloss:  2.6562  [38;2;180;60;0mgrad_norm:  0.8695  [38;2;54;234;195mmemory: 22.44GiB(28.24%)  [34mtps: 150  [36mtflops: 7.25  [35mmfu: 0.73%[39m
[rank0]:[titan] 2026-03-17 21:56:46,440 - root - INFO - [31mstep: 2702  [32mloss:  2.7188  [38;2;180;60;0mgrad_norm:  1.0253  [38;2;54;234;195mmemory: 22.44GiB(28.24%)  [34mtps: 153  [36mtflops: 7.40  [35mmfu: 0.75%[39m
[rank0]:[titan] 2026-03-17 21:57:00,586 - root - INFO - [31mstep: 2703  [32mloss:  2.6875  [38;2;180;60;0mgrad_norm:  1.0371  [38;2;54;234;195mmemory: 22.44GiB(28.24%)  [34mtps: 145  [36mtflops: 6.99  [35mmfu: 0.71%[39m
[rank0]:[titan] 2026-03-17 21:57:14,278 - root - INFO - [31mstep: 2704  [32mloss:  2.6875  [38;2;180;60;0mgrad_norm:  0.8206  [38;2;54;234;195mmemory: 22.44GiB(28.24%)  [34mtps: 150  [36mtflops: 7.22  [35mmfu: 0.73%[39m
[rank0]:[titan] 2026-03-17 21:57:27,835 - root - INFO - [31mstep: 2705  [32mloss:  2.7031  [38;2;180;60;0mgrad_norm:  0.9135  [38;2;54;234;195mmemory: 22.44GiB(28.24%)  [34mtps: 151  [36mtflops: 7.29  [35mmfu: 0.74%[39m
[rank0]:[titan] 2026-03-17 21:57:41,897 - root - INFO - [31mstep: 2706  [32mloss:  2.7031  [38;2;180;60;0mgrad_norm:  0.9279  [38;2;54;234;195mmemory: 22.44GiB(28.24%)  [34mtps: 146  [36mtflops: 7.03  [35mmfu: 0.71%[39m
[rank0]:[titan] 2026-03-17 21:57:56,133 - root - INFO - [31mstep: 2707  [32mloss:  2.7500  [38;2;180;60;0mgrad_norm:  0.6937  [38;2;54;234;195mmemory: 22.44GiB(28.24%)  [34mtps: 144  [36mtflops: 6.94  [35mmfu: 0.70%[39m
[rank0]:[titan] 2026-03-17 21:58:10,059 - root - INFO - [31mstep: 2708  [32mloss:  2.7500  [38;2;180;60;0mgrad_norm:  1.0672  [38;2;54;234;195mmemory: 22.44GiB(28.24%)  [34mtps: 147  [36mtflops: 7.10  [35mmfu: 0.72%[39m
[rank0]:[titan] 2026-03-17 21:58:23,725 - root - INFO - [31mstep: 2709  [32mloss:  2.7031  [38;2;180;60;0mgrad_norm:  1.0185  [38;2;54;234;195mmemory: 22.44GiB(28.24%)  [34mtps: 150  [36mtflops: 7.23  [35mmfu: 0.73%[39m
[rank0]:[titan] 2026-03-17 21:58:37,051 - root - INFO - [31mstep: 2710  [32mloss:  2.7344  [38;2;180;60;0mgrad_norm:  0.7082  [38;2;54;234;195mmemory: 22.44GiB(28.24%)  [34mtps: 154  [36mtflops: 7.42  [35mmfu: 0.75%[39m
[rank0]:[titan] 2026-03-17 21:58:50,431 - root - INFO - [31mstep: 2711  [32mloss:  2.7188  [38;2;180;60;0mgrad_norm:  0.6041  [38;2;54;234;195mmemory: 22.44GiB(28.24%)  [34mtps: 153  [36mtflops: 7.39  [35mmfu: 0.75%[39m
[rank0]:[titan] 2026-03-17 21:59:03,743 - root - INFO - [31mstep: 2712  [32mloss:  2.7031  [38;2;180;60;0mgrad_norm:  0.9237  [38;2;54;234;195mmemory: 22.44GiB(28.24%)  [34mtps: 154  [36mtflops: 7.42  [35mmfu: 0.75%[39m
[rank0]:[titan] 2026-03-17 21:59:17,003 - root - INFO - [31mstep: 2713  [32mloss:  2.6875  [38;2;180;60;0mgrad_norm:  0.7451  [38;2;54;234;195mmemory: 22.44GiB(28.24%)  [34mtps: 154  [36mtflops: 7.45  [35mmfu: 0.75%[39m
[rank0]:[titan] 2026-03-17 21:59:30,315 - root - INFO - [31mstep: 2714  [32mloss:  2.7188  [38;2;180;60;0mgrad_norm:  0.6645  [38;2;54;234;195mmemory: 22.44GiB(28.24%)  [34mtps: 154  [36mtflops: 7.42  [35mmfu: 0.75%[39m
[rank0]:[titan] 2026-03-17 21:59:43,682 - root - INFO - [31mstep: 2715  [32mloss:  2.7656  [38;2;180;60;0mgrad_norm:  0.8795  [38;2;54;234;195mmemory: 22.44GiB(28.24%)  [34mtps: 153  [36mtflops: 7.39  [35mmfu: 0.75%[39m
[rank0]:[titan] 2026-03-17 21:59:57,346 - root - INFO - [31mstep: 2716  [32mloss:  2.7500  [38;2;180;60;0mgrad_norm:  0.9500  [38;2;54;234;195mmemory: 22.44GiB(28.24%)  [34mtps: 150  [36mtflops: 7.23  [35mmfu: 0.73%[39m
[rank0]:[titan] 2026-03-17 22:00:10,976 - root - INFO - [31mstep: 2717  [32mloss:  2.7031  [38;2;180;60;0mgrad_norm:  1.1455  [38;2;54;234;195mmemory: 22.44GiB(28.24%)  [34mtps: 150  [36mtflops: 7.25  [35mmfu: 0.73%[39m
[rank0]:[titan] 2026-03-17 22:00:24,536 - root - INFO - [31mstep: 2718  [32mloss:  2.6875  [38;2;180;60;0mgrad_norm:  0.7066  [38;2;54;234;195mmemory: 22.44GiB(28.24%)  [34mtps: 151  [36mtflops: 7.29  [35mmfu: 0.74%[39m
[rank0]:[titan] 2026-03-17 22:00:38,010 - root - INFO - [31mstep: 2719  [32mloss:  2.6719  [38;2;180;60;0mgrad_norm:  0.8287  [38;2;54;234;195mmemory: 22.44GiB(28.24%)  [34mtps: 152  [36mtflops: 7.33  [35mmfu: 0.74%[39m
[rank0]:[titan] 2026-03-17 22:00:51,712 - root - INFO - [31mstep: 2720  [32mloss:  2.7500  [38;2;180;60;0mgrad_norm:  0.8536  [38;2;54;234;195mmemory: 22.44GiB(28.24%)  [34mtps: 149  [36mtflops: 7.21  [35mmfu: 0.73%[39m
[rank0]:[titan] 2026-03-17 22:01:05,428 - root - INFO - [31mstep: 2721  [32mloss:  2.7500  [38;2;180;60;0mgrad_norm:  0.9481  [38;2;54;234;195mmemory: 22.44GiB(28.24%)  [34mtps: 149  [36mtflops: 7.20  [35mmfu: 0.73%[39m
[rank0]:[titan] 2026-03-17 22:01:19,438 - root - INFO - [31mstep: 2722  [32mloss:  2.7812  [38;2;180;60;0mgrad_norm:  0.7737  [38;2;54;234;195mmemory: 22.44GiB(28.24%)  [34mtps: 146  [36mtflops: 7.05  [35mmfu: 0.71%[39m
[rank0]:[titan] 2026-03-17 22:01:32,959 - root - INFO - [31mstep: 2723  [32mloss:  2.7656  [38;2;180;60;0mgrad_norm:  0.7838  [38;2;54;234;195mmemory: 22.44GiB(28.24%)  [34mtps: 151  [36mtflops: 7.31  [35mmfu: 0.74%[39m
[rank0]:[titan] 2026-03-17 22:01:46,707 - root - INFO - [31mstep: 2724  [32mloss:  2.7031  [38;2;180;60;0mgrad_norm:  0.6093  [38;2;54;234;195mmemory: 22.44GiB(28.24%)  [34mtps: 149  [36mtflops: 7.19  [35mmfu: 0.73%[39m
[rank0]:[titan] 2026-03-17 22:02:00,139 - root - INFO - [31mstep: 2725  [32mloss:  2.7344  [38;2;180;60;0mgrad_norm:  0.7154  [38;2;54;234;195mmemory: 22.44GiB(28.24%)  [34mtps: 152  [36mtflops: 7.36  [35mmfu: 0.74%[39m
[rank0]:[titan] 2026-03-17 22:02:13,770 - root - INFO - [31mstep: 2726  [32mloss:  2.7812  [38;2;180;60;0mgrad_norm:  0.8704  [38;2;54;234;195mmemory: 22.44GiB(28.24%)  [34mtps: 150  [36mtflops: 7.25  [35mmfu: 0.73%[39m
[rank0]:[titan] 2026-03-17 22:02:27,248 - root - INFO - [31mstep: 2727  [32mloss:  2.8125  [38;2;180;60;0mgrad_norm:  1.0679  [38;2;54;234;195mmemory: 22.44GiB(28.24%)  [34mtps: 152  [36mtflops: 7.33  [35mmfu: 0.74%[39m
[rank0]:[titan] 2026-03-17 22:02:40,542 - root - INFO - [31mstep: 2728  [32mloss:  2.7344  [38;2;180;60;0mgrad_norm:  0.8121  [38;2;54;234;195mmemory: 22.44GiB(28.24%)  [34mtps: 154  [36mtflops: 7.43  [35mmfu: 0.75%[39m
[rank0]:[titan] 2026-03-17 22:02:53,791 - root - INFO - [31mstep: 2729  [32mloss:  2.7188  [38;2;180;60;0mgrad_norm:  0.6067  [38;2;54;234;195mmemory: 22.44GiB(28.24%)  [34mtps: 155  [36mtflops: 7.46  [35mmfu: 0.75%[39m
[rank0]:[titan] 2026-03-17 22:03:07,139 - root - INFO - [31mstep: 2730  [32mloss:  2.7031  [38;2;180;60;0mgrad_norm:  0.7391  [38;2;54;234;195mmemory: 22.44GiB(28.24%)  [34mtps: 153  [36mtflops: 7.40  [35mmfu: 0.75%[39m
[rank0]:[titan] 2026-03-17 22:03:20,299 - root - INFO - [31mstep: 2731  [32mloss:  2.7188  [38;2;180;60;0mgrad_norm:  0.7324  [38;2;54;234;195mmemory: 22.44GiB(28.24%)  [34mtps: 156  [36mtflops: 7.51  [35mmfu: 0.76%[39m
[rank0]:[titan] 2026-03-17 22:03:34,093 - root - INFO - [31mstep: 2732  [32mloss:  2.7500  [38;2;180;60;0mgrad_norm:  0.7997  [38;2;54;234;195mmemory: 22.44GiB(28.24%)  [34mtps: 148  [36mtflops: 7.16  [35mmfu: 0.72%[39m
[rank0]:[titan] 2026-03-17 22:03:48,067 - root - INFO - [31mstep: 2733  [32mloss:  2.7969  [38;2;180;60;0mgrad_norm:  0.8303  [38;2;54;234;195mmemory: 22.44GiB(28.24%)  [34mtps: 147  [36mtflops: 7.07  [35mmfu: 0.72%[39m
[rank0]:[titan] 2026-03-17 22:04:01,344 - root - INFO - [31mstep: 2734  [32mloss:  2.7188  [38;2;180;60;0mgrad_norm:  0.9920  [38;2;54;234;195mmemory: 22.44GiB(28.24%)  [34mtps: 154  [36mtflops: 7.44  [35mmfu: 0.75%[39m
[rank0]:[titan] 2026-03-17 22:04:14,836 - root - INFO - [31mstep: 2735  [32mloss:  2.7344  [38;2;180;60;0mgrad_norm:  0.9238  [38;2;54;234;195mmemory: 22.44GiB(28.24%)  [34mtps: 152  [36mtflops: 7.32  [35mmfu: 0.74%[39m
[rank0]:[titan] 2026-03-17 22:04:28,109 - root - INFO - [31mstep: 2736  [32mloss:  2.7500  [38;2;180;60;0mgrad_norm:  0.6299  [38;2;54;234;195mmemory: 22.44GiB(28.24%)  [34mtps: 154  [36mtflops: 7.45  [35mmfu: 0.75%[39m
[rank0]:[titan] 2026-03-17 22:04:41,483 - root - INFO - [31mstep: 2737  [32mloss:  2.6719  [38;2;180;60;0mgrad_norm:  1.0370  [38;2;54;234;195mmemory: 22.44GiB(28.24%)  [34mtps: 153  [36mtflops: 7.39  [35mmfu: 0.75%[39m
[rank0]:[titan] 2026-03-17 22:04:55,154 - root - INFO - [31mstep: 2738  [32mloss:  2.6562  [38;2;180;60;0mgrad_norm:  0.9411  [38;2;54;234;195mmemory: 22.44GiB(28.24%)  [34mtps: 150  [36mtflops: 7.23  [35mmfu: 0.73%[39m
[rank0]:[titan] 2026-03-17 22:05:08,465 - root - INFO - [31mstep: 2739  [32mloss:  2.7344  [38;2;180;60;0mgrad_norm:  0.8838  [38;2;54;234;195mmemory: 22.44GiB(28.24%)  [34mtps: 154  [36mtflops: 7.42  [35mmfu: 0.75%[39m
[rank0]:[titan] 2026-03-17 22:05:22,358 - root - INFO - [31mstep: 2740  [32mloss:  2.7031  [38;2;180;60;0mgrad_norm:  0.7695  [38;2;54;234;195mmemory: 22.44GiB(28.24%)  [34mtps: 147  [36mtflops: 7.11  [35mmfu: 0.72%[39m
[rank0]:[titan] 2026-03-17 22:05:36,078 - root - INFO - [31mstep: 2741  [32mloss:  2.6562  [38;2;180;60;0mgrad_norm:  0.9332  [38;2;54;234;195mmemory: 22.44GiB(28.24%)  [34mtps: 149  [36mtflops: 7.20  [35mmfu: 0.73%[39m
[rank0]:[titan] 2026-03-17 22:05:49,560 - root - INFO - [31mstep: 2742  [32mloss:  2.7031  [38;2;180;60;0mgrad_norm:  0.9564  [38;2;54;234;195mmemory: 22.44GiB(28.24%)  [34mtps: 152  [36mtflops: 7.33  [35mmfu: 0.74%[39m
[rank0]:[titan] 2026-03-17 22:06:03,001 - root - INFO - [31mstep: 2743  [32mloss:  2.6875  [38;2;180;60;0mgrad_norm:  0.7409  [38;2;54;234;195mmemory: 22.44GiB(28.24%)  [34mtps: 152  [36mtflops: 7.35  [35mmfu: 0.74%[39m
[rank0]:[titan] 2026-03-17 22:06:16,544 - root - INFO - [31mstep: 2744  [32mloss:  2.6719  [38;2;180;60;0mgrad_norm:  0.6816  [38;2;54;234;195mmemory: 22.44GiB(28.24%)  [34mtps: 151  [36mtflops: 7.30  [35mmfu: 0.74%[39m
[rank0]:[titan] 2026-03-17 22:06:29,929 - root - INFO - [31mstep: 2745  [32mloss:  2.7344  [38;2;180;60;0mgrad_norm:  0.7336  [38;2;54;234;195mmemory: 22.44GiB(28.24%)  [34mtps: 153  [36mtflops: 7.38  [35mmfu: 0.75%[39m
[rank0]:[titan] 2026-03-17 22:06:43,674 - root - INFO - [31mstep: 2746  [32mloss:  2.7812  [38;2;180;60;0mgrad_norm:  0.8788  [38;2;54;234;195mmemory: 22.44GiB(28.24%)  [34mtps: 149  [36mtflops: 7.19  [35mmfu: 0.73%[39m
[rank0]:[titan] 2026-03-17 22:06:57,152 - root - INFO - [31mstep: 2747  [32mloss:  2.7812  [38;2;180;60;0mgrad_norm:  0.8014  [38;2;54;234;195mmemory: 22.44GiB(28.24%)  [34mtps: 152  [36mtflops: 7.33  [35mmfu: 0.74%[39m
[rank0]:[titan] 2026-03-17 22:07:10,590 - root - INFO - [31mstep: 2748  [32mloss:  2.7500  [38;2;180;60;0mgrad_norm:  0.7696  [38;2;54;234;195mmemory: 22.44GiB(28.24%)  [34mtps: 152  [36mtflops: 7.35  [35mmfu: 0.74%[39m
[rank0]:[titan] 2026-03-17 22:07:10,592 - root - WARNING - Dataset c4_test is being re-looped
[rank0]:[titan] 2026-03-17 22:07:24,378 - root - INFO - [31mstep: 2749  [32mloss:  2.7500  [38;2;180;60;0mgrad_norm:  0.5065  [38;2;54;234;195mmemory: 22.44GiB(28.24%)  [34mtps: 149  [36mtflops: 7.17  [35mmfu: 0.72%[39m
[rank0]:[titan] 2026-03-17 22:07:38,525 - root - INFO - [31mstep: 2750  [32mloss:  2.7812  [38;2;180;60;0mgrad_norm:  1.0635  [38;2;54;234;195mmemory: 22.44GiB(28.24%)  [34mtps: 145  [36mtflops: 6.99  [35mmfu: 0.71%[39m
[rank0]:[titan] 2026-03-17 22:07:52,438 - root - INFO - [31mstep: 2751  [32mloss:  2.7656  [38;2;180;60;0mgrad_norm:  0.9179  [38;2;54;234;195mmemory: 22.44GiB(28.24%)  [34mtps: 147  [36mtflops: 7.10  [35mmfu: 0.72%[39m
[rank0]:[titan] 2026-03-17 22:08:06,081 - root - INFO - [31mstep: 2752  [32mloss:  2.6875  [38;2;180;60;0mgrad_norm:  0.5766  [38;2;54;234;195mmemory: 22.44GiB(28.24%)  [34mtps: 150  [36mtflops: 7.24  [35mmfu: 0.73%[39m
[rank0]:[titan] 2026-03-17 22:08:19,522 - root - INFO - [31mstep: 2753  [32mloss:  2.6875  [38;2;180;60;0mgrad_norm:  0.6913  [38;2;54;234;195mmemory: 22.44GiB(28.24%)  [34mtps: 152  [36mtflops: 7.35  [35mmfu: 0.74%[39m
[rank0]:[titan] 2026-03-17 22:08:32,870 - root - INFO - [31mstep: 2754  [32mloss:  2.7812  [38;2;180;60;0mgrad_norm:  0.8906  [38;2;54;234;195mmemory: 22.44GiB(28.24%)  [34mtps: 153  [36mtflops: 7.40  [35mmfu: 0.75%[39m
[rank0]:[titan] 2026-03-17 22:08:46,199 - root - INFO - [31mstep: 2755  [32mloss:  2.7656  [38;2;180;60;0mgrad_norm:  0.6607  [38;2;54;234;195mmemory: 22.44GiB(28.24%)  [34mtps: 154  [36mtflops: 7.41  [35mmfu: 0.75%[39m
[rank0]:[titan] 2026-03-17 22:08:59,994 - root - INFO - [31mstep: 2756  [32mloss:  2.7031  [38;2;180;60;0mgrad_norm:  0.7308  [38;2;54;234;195mmemory: 22.44GiB(28.24%)  [34mtps: 148  [36mtflops: 7.16  [35mmfu: 0.72%[39m
[rank0]:[titan] 2026-03-17 22:09:13,856 - root - INFO - [31mstep: 2757  [32mloss:  2.7656  [38;2;180;60;0mgrad_norm:  0.5436  [38;2;54;234;195mmemory: 22.44GiB(28.24%)  [34mtps: 148  [36mtflops: 7.13  [35mmfu: 0.72%[39m
[rank0]:[titan] 2026-03-17 22:09:27,261 - root - INFO - [31mstep: 2758  [32mloss:  2.7344  [38;2;180;60;0mgrad_norm:  0.9834  [38;2;54;234;195mmemory: 22.44GiB(28.24%)  [34mtps: 153  [36mtflops: 7.37  [35mmfu: 0.75%[39m
[rank0]:[titan] 2026-03-17 22:09:40,737 - root - INFO - [31mstep: 2759  [32mloss:  2.7031  [38;2;180;60;0mgrad_norm:  0.7301  [38;2;54;234;195mmemory: 22.44GiB(28.24%)  [34mtps: 152  [36mtflops: 7.33  [35mmfu: 0.74%[39m
[rank0]:[titan] 2026-03-17 22:09:53,975 - root - INFO - [31mstep: 2760  [32mloss:  2.6875  [38;2;180;60;0mgrad_norm:  0.6978  [38;2;54;234;195mmemory: 22.44GiB(28.24%)  [34mtps: 155  [36mtflops: 7.46  [35mmfu: 0.75%[39m
[rank0]:[titan] 2026-03-17 22:10:07,478 - root - INFO - [31mstep: 2761  [32mloss:  2.6562  [38;2;180;60;0mgrad_norm:  0.7724  [38;2;54;234;195mmemory: 22.44GiB(28.24%)  [34mtps: 152  [36mtflops: 7.32  [35mmfu: 0.74%[39m
[rank0]:[titan] 2026-03-17 22:10:20,717 - root - INFO - [31mstep: 2762  [32mloss:  2.7031  [38;2;180;60;0mgrad_norm:  0.7827  [38;2;54;234;195mmemory: 22.44GiB(28.24%)  [34mtps: 155  [36mtflops: 7.46  [35mmfu: 0.75%[39m
[rank0]:[titan] 2026-03-17 22:10:37,082 - root - INFO - [31mstep: 2763  [32mloss:  2.7031  [38;2;180;60;0mgrad_norm:  0.9729  [38;2;54;234;195mmemory: 22.44GiB(28.24%)  [34mtps: 125  [36mtflops: 6.04  [35mmfu: 0.61%[39m
[rank0]:[titan] 2026-03-17 22:10:50,490 - root - INFO - [31mstep: 2764  [32mloss:  2.7344  [38;2;180;60;0mgrad_norm:  0.8049  [38;2;54;234;195mmemory: 22.44GiB(28.24%)  [34mtps: 153  [36mtflops: 7.37  [35mmfu: 0.75%[39m
[rank0]:[titan] 2026-03-17 22:11:03,852 - root - INFO - [31mstep: 2765  [32mloss:  2.7344  [38;2;180;60;0mgrad_norm:  0.8609  [38;2;54;234;195mmemory: 22.44GiB(28.24%)  [34mtps: 153  [36mtflops: 7.40  [35mmfu: 0.75%[39m
[rank0]:[titan] 2026-03-17 22:11:17,464 - root - INFO - [31mstep: 2766  [32mloss:  2.7344  [38;2;180;60;0mgrad_norm:  1.1945  [38;2;54;234;195mmemory: 22.44GiB(28.24%)  [34mtps: 150  [36mtflops: 7.26  [35mmfu: 0.73%[39m
[rank0]:[titan] 2026-03-17 22:11:30,845 - root - INFO - [31mstep: 2767  [32mloss:  2.7031  [38;2;180;60;0mgrad_norm:  0.8840  [38;2;54;234;195mmemory: 22.44GiB(28.24%)  [34mtps: 153  [36mtflops: 7.39  [35mmfu: 0.75%[39m
[rank0]:[titan] 2026-03-17 22:11:44,211 - root - INFO - [31mstep: 2768  [32mloss:  2.6562  [38;2;180;60;0mgrad_norm:  0.8096  [38;2;54;234;195mmemory: 22.44GiB(28.24%)  [34mtps: 153  [36mtflops: 7.39  [35mmfu: 0.75%[39m
[rank0]:[titan] 2026-03-17 22:11:58,511 - root - INFO - [31mstep: 2769  [32mloss:  2.6875  [38;2;180;60;0mgrad_norm:  0.7839  [38;2;54;234;195mmemory: 22.44GiB(28.24%)  [34mtps: 143  [36mtflops: 6.91  [35mmfu: 0.70%[39m
[rank0]:[titan] 2026-03-17 22:12:12,117 - root - INFO - [31mstep: 2770  [32mloss:  2.6875  [38;2;180;60;0mgrad_norm:  0.8516  [38;2;54;234;195mmemory: 22.44GiB(28.24%)  [34mtps: 151  [36mtflops: 7.26  [35mmfu: 0.73%[39m
[rank0]:[titan] 2026-03-17 22:12:25,540 - root - INFO - [31mstep: 2771  [32mloss:  2.6562  [38;2;180;60;0mgrad_norm:  0.5520  [38;2;54;234;195mmemory: 22.44GiB(28.24%)  [34mtps: 153  [36mtflops: 7.36  [35mmfu: 0.74%[39m
[rank0]:[titan] 2026-03-17 22:12:38,948 - root - INFO - [31mstep: 2772  [32mloss:  2.6875  [38;2;180;60;0mgrad_norm:  0.7374  [38;2;54;234;195mmemory: 22.44GiB(28.24%)  [34mtps: 153  [36mtflops: 7.37  [35mmfu: 0.75%[39m
[rank0]:[titan] 2026-03-17 22:12:52,500 - root - INFO - [31mstep: 2773  [32mloss:  2.7188  [38;2;180;60;0mgrad_norm:  0.7672  [38;2;54;234;195mmemory: 22.44GiB(28.24%)  [34mtps: 151  [36mtflops: 7.29  [35mmfu: 0.74%[39m
[rank0]:[titan] 2026-03-17 22:13:05,864 - root - INFO - [31mstep: 2774  [32mloss:  2.7812  [38;2;180;60;0mgrad_norm:  0.6927  [38;2;54;234;195mmemory: 22.44GiB(28.24%)  [34mtps: 153  [36mtflops: 7.40  [35mmfu: 0.75%[39m
[rank0]:[titan] 2026-03-17 22:13:19,240 - root - INFO - [31mstep: 2775  [32mloss:  2.8438  [38;2;180;60;0mgrad_norm:  0.7265  [38;2;54;234;195mmemory: 22.44GiB(28.24%)  [34mtps: 153  [36mtflops: 7.39  [35mmfu: 0.75%[39m
[rank0]:[titan] 2026-03-17 22:13:32,706 - root - INFO - [31mstep: 2776  [32mloss:  2.7031  [38;2;180;60;0mgrad_norm:  0.7535  [38;2;54;234;195mmemory: 22.44GiB(28.24%)  [34mtps: 152  [36mtflops: 7.34  [35mmfu: 0.74%[39m
[rank0]:[titan] 2026-03-17 22:13:46,169 - root - INFO - [31mstep: 2777  [32mloss:  2.7344  [38;2;180;60;0mgrad_norm:  0.9554  [38;2;54;234;195mmemory: 22.44GiB(28.24%)  [34mtps: 152  [36mtflops: 7.34  [35mmfu: 0.74%[39m
[rank0]:[titan] 2026-03-17 22:13:59,579 - root - INFO - [31mstep: 2778  [32mloss:  2.7344  [38;2;180;60;0mgrad_norm:  0.7215  [38;2;54;234;195mmemory: 22.44GiB(28.24%)  [34mtps: 153  [36mtflops: 7.37  [35mmfu: 0.75%[39m
[rank0]:[titan] 2026-03-17 22:14:12,778 - root - INFO - [31mstep: 2779  [32mloss:  2.7188  [38;2;180;60;0mgrad_norm:  0.5161  [38;2;54;234;195mmemory: 22.44GiB(28.24%)  [34mtps: 155  [36mtflops: 7.49  [35mmfu: 0.76%[39m
[rank0]:[titan] 2026-03-17 22:14:26,321 - root - INFO - [31mstep: 2780  [32mloss:  2.7812  [38;2;180;60;0mgrad_norm:  0.7048  [38;2;54;234;195mmemory: 22.44GiB(28.24%)  [34mtps: 151  [36mtflops: 7.30  [35mmfu: 0.74%[39m
[rank0]:[titan] 2026-03-17 22:14:39,539 - root - INFO - [31mstep: 2781  [32mloss:  2.7344  [38;2;180;60;0mgrad_norm:  0.7936  [38;2;54;234;195mmemory: 22.44GiB(28.24%)  [34mtps: 155  [36mtflops: 7.48  [35mmfu: 0.76%[39m
[rank0]:[titan] 2026-03-17 22:14:53,038 - root - INFO - [31mstep: 2782  [32mloss:  2.7656  [38;2;180;60;0mgrad_norm:  0.7791  [38;2;54;234;195mmemory: 22.44GiB(28.24%)  [34mtps: 152  [36mtflops: 7.32  [35mmfu: 0.74%[39m
[rank0]:[titan] 2026-03-17 22:15:06,332 - root - INFO - [31mstep: 2783  [32mloss:  2.7031  [38;2;180;60;0mgrad_norm:  0.8746  [38;2;54;234;195mmemory: 22.44GiB(28.24%)  [34mtps: 154  [36mtflops: 7.43  [35mmfu: 0.75%[39m
[rank0]:[titan] 2026-03-17 22:15:19,994 - root - INFO - [31mstep: 2784  [32mloss:  2.7500  [38;2;180;60;0mgrad_norm:  0.6610  [38;2;54;234;195mmemory: 22.44GiB(28.24%)  [34mtps: 150  [36mtflops: 7.23  [35mmfu: 0.73%[39m
[rank0]:[titan] 2026-03-17 22:15:33,818 - root - INFO - [31mstep: 2785  [32mloss:  2.7812  [38;2;180;60;0mgrad_norm:  0.6411  [38;2;54;234;195mmemory: 22.44GiB(28.24%)  [34mtps: 148  [36mtflops: 7.15  [35mmfu: 0.72%[39m
[rank0]:[titan] 2026-03-17 22:15:47,509 - root - INFO - [31mstep: 2786  [32mloss:  2.7969  [38;2;180;60;0mgrad_norm:  0.7496  [38;2;54;234;195mmemory: 22.44GiB(28.24%)  [34mtps: 150  [36mtflops: 7.22  [35mmfu: 0.73%[39m
[rank0]:[titan] 2026-03-17 22:16:01,147 - root - INFO - [31mstep: 2787  [32mloss:  2.7969  [38;2;180;60;0mgrad_norm:  0.6845  [38;2;54;234;195mmemory: 22.44GiB(28.24%)  [34mtps: 150  [36mtflops: 7.25  [35mmfu: 0.73%[39m
[rank0]:[titan] 2026-03-17 22:16:14,973 - root - INFO - [31mstep: 2788  [32mloss:  2.7812  [38;2;180;60;0mgrad_norm:  0.7174  [38;2;54;234;195mmemory: 22.44GiB(28.24%)  [34mtps: 148  [36mtflops: 7.15  [35mmfu: 0.72%[39m
[rank0]:[titan] 2026-03-17 22:16:28,422 - root - INFO - [31mstep: 2789  [32mloss:  2.7344  [38;2;180;60;0mgrad_norm:  0.7497  [38;2;54;234;195mmemory: 22.44GiB(28.24%)  [34mtps: 152  [36mtflops: 7.35  [35mmfu: 0.74%[39m
[rank0]:[titan] 2026-03-17 22:16:41,616 - root - INFO - [31mstep: 2790  [32mloss:  2.7500  [38;2;180;60;0mgrad_norm:  0.8050  [38;2;54;234;195mmemory: 22.44GiB(28.24%)  [34mtps: 155  [36mtflops: 7.49  [35mmfu: 0.76%[39m
[rank0]:[titan] 2026-03-17 22:16:55,428 - root - INFO - [31mstep: 2791  [32mloss:  2.7188  [38;2;180;60;0mgrad_norm:  0.7004  [38;2;54;234;195mmemory: 22.44GiB(28.24%)  [34mtps: 148  [36mtflops: 7.15  [35mmfu: 0.72%[39m
[rank0]:[titan] 2026-03-17 22:17:09,528 - root - INFO - [31mstep: 2792  [32mloss:  2.6562  [38;2;180;60;0mgrad_norm:  0.8070  [38;2;54;234;195mmemory: 22.44GiB(28.24%)  [34mtps: 145  [36mtflops: 7.01  [35mmfu: 0.71%[39m
[rank0]:[titan] 2026-03-17 22:17:23,015 - root - INFO - [31mstep: 2793  [32mloss:  2.6406  [38;2;180;60;0mgrad_norm:  0.7114  [38;2;54;234;195mmemory: 22.44GiB(28.24%)  [34mtps: 152  [36mtflops: 7.33  [35mmfu: 0.74%[39m
[rank0]:[titan] 2026-03-17 22:17:36,954 - root - INFO - [31mstep: 2794  [32mloss:  2.6719  [38;2;180;60;0mgrad_norm:  0.5430  [38;2;54;234;195mmemory: 22.44GiB(28.24%)  [34mtps: 147  [36mtflops: 7.09  [35mmfu: 0.72%[39m
[rank0]:[titan] 2026-03-17 22:17:50,417 - root - INFO - [31mstep: 2795  [32mloss:  2.6719  [38;2;180;60;0mgrad_norm:  0.7166  [38;2;54;234;195mmemory: 22.44GiB(28.24%)  [34mtps: 152  [36mtflops: 7.34  [35mmfu: 0.74%[39m
[rank0]:[titan] 2026-03-17 22:18:04,214 - root - INFO - [31mstep: 2796  [32mloss:  2.6719  [38;2;180;60;0mgrad_norm:  0.8359  [38;2;54;234;195mmemory: 22.44GiB(28.24%)  [34mtps: 148  [36mtflops: 7.16  [35mmfu: 0.72%[39m
[rank0]:[titan] 2026-03-17 22:18:17,672 - root - INFO - [31mstep: 2797  [32mloss:  2.7031  [38;2;180;60;0mgrad_norm:  0.7191  [38;2;54;234;195mmemory: 22.44GiB(28.24%)  [34mtps: 152  [36mtflops: 7.34  [35mmfu: 0.74%[39m
[rank0]:[titan] 2026-03-17 22:18:31,378 - root - INFO - [31mstep: 2798  [32mloss:  2.7500  [38;2;180;60;0mgrad_norm:  0.4851  [38;2;54;234;195mmemory: 22.44GiB(28.24%)  [34mtps: 149  [36mtflops: 7.21  [35mmfu: 0.73%[39m
[rank0]:[titan] 2026-03-17 22:18:44,556 - root - INFO - [31mstep: 2799  [32mloss:  2.6562  [38;2;180;60;0mgrad_norm:  0.6841  [38;2;54;234;195mmemory: 22.44GiB(28.24%)  [34mtps: 155  [36mtflops: 7.50  [35mmfu: 0.76%[39m
[rank0]:[titan] 2026-03-17 22:18:58,116 - root - INFO - [31mstep: 2800  [32mloss:  2.6406  [38;2;180;60;0mgrad_norm:  0.6782  [38;2;54;234;195mmemory: 22.44GiB(28.24%)  [34mtps: 151  [36mtflops: 7.29  [35mmfu: 0.74%[39m
[rank0]:[titan] 2026-03-17 22:19:11,525 - root - INFO - [31mstep: 2801  [32mloss:  2.6875  [38;2;180;60;0mgrad_norm:  0.5061  [38;2;54;234;195mmemory: 22.44GiB(28.24%)  [34mtps: 153  [36mtflops: 7.37  [35mmfu: 0.75%[39m
[rank0]:[titan] 2026-03-17 22:19:24,815 - root - INFO - [31mstep: 2802  [32mloss:  2.6562  [38;2;180;60;0mgrad_norm:  0.7754  [38;2;54;234;195mmemory: 22.44GiB(28.24%)  [34mtps: 154  [36mtflops: 7.44  [35mmfu: 0.75%[39m
[rank0]:[titan] 2026-03-17 22:19:38,297 - root - INFO - [31mstep: 2803  [32mloss:  2.6875  [38;2;180;60;0mgrad_norm:  3.5558  [38;2;54;234;195mmemory: 22.44GiB(28.24%)  [34mtps: 152  [36mtflops: 7.33  [35mmfu: 0.74%[39m
[rank0]:[titan] 2026-03-17 22:19:51,636 - root - INFO - [31mstep: 2804  [32mloss:  2.6406  [38;2;180;60;0mgrad_norm:  0.5659  [38;2;54;234;195mmemory: 22.44GiB(28.24%)  [34mtps: 154  [36mtflops: 7.41  [35mmfu: 0.75%[39m
[rank0]:[titan] 2026-03-17 22:20:04,971 - root - INFO - [31mstep: 2805  [32mloss:  2.6875  [38;2;180;60;0mgrad_norm:  0.6396  [38;2;54;234;195mmemory: 22.44GiB(28.24%)  [34mtps: 154  [36mtflops: 7.41  [35mmfu: 0.75%[39m
[rank0]:[titan] 2026-03-17 22:20:18,343 - root - INFO - [31mstep: 2806  [32mloss:  2.6406  [38;2;180;60;0mgrad_norm:  0.5637  [38;2;54;234;195mmemory: 22.44GiB(28.24%)  [34mtps: 153  [36mtflops: 7.39  [35mmfu: 0.75%[39m
[rank0]:[titan] 2026-03-17 22:20:31,708 - root - INFO - [31mstep: 2807  [32mloss:  2.7656  [38;2;180;60;0mgrad_norm:  0.7035  [38;2;54;234;195mmemory: 22.44GiB(28.24%)  [34mtps: 153  [36mtflops: 7.39  [35mmfu: 0.75%[39m
[rank0]:[titan] 2026-03-17 22:20:45,206 - root - INFO - [31mstep: 2808  [32mloss:  2.7969  [38;2;180;60;0mgrad_norm:  1.1549  [38;2;54;234;195mmemory: 22.44GiB(28.24%)  [34mtps: 152  [36mtflops: 7.32  [35mmfu: 0.74%[39m
[rank0]:[titan] 2026-03-17 22:20:58,903 - root - INFO - [31mstep: 2809  [32mloss:  2.7344  [38;2;180;60;0mgrad_norm:  0.5623  [38;2;54;234;195mmemory: 22.44GiB(28.24%)  [34mtps: 150  [36mtflops: 7.21  [35mmfu: 0.73%[39m
[rank0]:[titan] 2026-03-17 22:21:12,247 - root - INFO - [31mstep: 2810  [32mloss:  2.7031  [38;2;180;60;0mgrad_norm:  1.0358  [38;2;54;234;195mmemory: 22.44GiB(28.24%)  [34mtps: 153  [36mtflops: 7.41  [35mmfu: 0.75%[39m
[rank0]:[titan] 2026-03-17 22:21:25,910 - root - INFO - [31mstep: 2811  [32mloss:  2.7344  [38;2;180;60;0mgrad_norm:  0.9067  [38;2;54;234;195mmemory: 22.44GiB(28.24%)  [34mtps: 150  [36mtflops: 7.23  [35mmfu: 0.73%[39m
[rank0]:[titan] 2026-03-17 22:21:39,481 - root - INFO - [31mstep: 2812  [32mloss:  2.7500  [38;2;180;60;0mgrad_norm:  0.8938  [38;2;54;234;195mmemory: 22.44GiB(28.24%)  [34mtps: 151  [36mtflops: 7.28  [35mmfu: 0.74%[39m
[rank0]:[titan] 2026-03-17 22:21:53,410 - root - INFO - [31mstep: 2813  [32mloss:  2.7656  [38;2;180;60;0mgrad_norm:  0.9139  [38;2;54;234;195mmemory: 22.44GiB(28.24%)  [34mtps: 147  [36mtflops: 7.09  [35mmfu: 0.72%[39m
[rank0]:[titan] 2026-03-17 22:22:07,273 - root - INFO - [31mstep: 2814  [32mloss:  2.7500  [38;2;180;60;0mgrad_norm:  0.8836  [38;2;54;234;195mmemory: 22.44GiB(28.24%)  [34mtps: 148  [36mtflops: 7.13  [35mmfu: 0.72%[39m
[rank0]:[titan] 2026-03-17 22:22:20,633 - root - INFO - [31mstep: 2815  [32mloss:  2.7969  [38;2;180;60;0mgrad_norm:  1.0350  [38;2;54;234;195mmemory: 22.44GiB(28.24%)  [34mtps: 153  [36mtflops: 7.40  [35mmfu: 0.75%[39m
[rank0]:[titan] 2026-03-17 22:22:34,346 - root - INFO - [31mstep: 2816  [32mloss:  2.7344  [38;2;180;60;0mgrad_norm:  1.2188  [38;2;54;234;195mmemory: 22.44GiB(28.24%)  [34mtps: 149  [36mtflops: 7.21  [35mmfu: 0.73%[39m
[rank0]:[titan] 2026-03-17 22:22:47,577 - root - INFO - [31mstep: 2817  [32mloss:  2.8438  [38;2;180;60;0mgrad_norm:  0.9875  [38;2;54;234;195mmemory: 22.44GiB(28.24%)  [34mtps: 155  [36mtflops: 7.47  [35mmfu: 0.76%[39m
[rank0]:[titan] 2026-03-17 22:23:01,004 - root - INFO - [31mstep: 2818  [32mloss:  2.8125  [38;2;180;60;0mgrad_norm:  0.7916  [38;2;54;234;195mmemory: 22.44GiB(28.24%)  [34mtps: 153  [36mtflops: 7.36  [35mmfu: 0.74%[39m
[rank0]:[titan] 2026-03-17 22:23:14,227 - root - INFO - [31mstep: 2819  [32mloss:  2.8281  [38;2;180;60;0mgrad_norm:  0.6513  [38;2;54;234;195mmemory: 22.44GiB(28.24%)  [34mtps: 155  [36mtflops: 7.47  [35mmfu: 0.76%[39m
[rank0]:[titan] 2026-03-17 22:23:27,681 - root - INFO - [31mstep: 2820  [32mloss:  2.9219  [38;2;180;60;0mgrad_norm:  0.7368  [38;2;54;234;195mmemory: 22.44GiB(28.24%)  [34mtps: 152  [36mtflops: 7.35  [35mmfu: 0.74%[39m
[rank0]:[titan] 2026-03-17 22:23:41,093 - root - INFO - [31mstep: 2821  [32mloss:  2.8594  [38;2;180;60;0mgrad_norm:  0.9597  [38;2;54;234;195mmemory: 22.44GiB(28.24%)  [34mtps: 153  [36mtflops: 7.37  [35mmfu: 0.75%[39m
[rank0]:[titan] 2026-03-17 22:23:54,516 - root - INFO - [31mstep: 2822  [32mloss:  2.7656  [38;2;180;60;0mgrad_norm:  0.8347  [38;2;54;234;195mmemory: 22.44GiB(28.24%)  [34mtps: 153  [36mtflops: 7.36  [35mmfu: 0.74%[39m
[rank0]:[titan] 2026-03-17 22:24:07,913 - root - INFO - [31mstep: 2823  [32mloss:  2.8125  [38;2;180;60;0mgrad_norm:  0.7209  [38;2;54;234;195mmemory: 22.44GiB(28.24%)  [34mtps: 153  [36mtflops: 7.38  [35mmfu: 0.75%[39m
[rank0]:[titan] 2026-03-17 22:24:21,636 - root - INFO - [31mstep: 2824  [32mloss:  2.7656  [38;2;180;60;0mgrad_norm:  0.8641  [38;2;54;234;195mmemory: 22.44GiB(28.24%)  [34mtps: 149  [36mtflops: 7.20  [35mmfu: 0.73%[39m
[rank0]:[titan] 2026-03-17 22:24:34,879 - root - INFO - [31mstep: 2825  [32mloss:  2.8281  [38;2;180;60;0mgrad_norm:  1.0294  [38;2;54;234;195mmemory: 22.44GiB(28.24%)  [34mtps: 155  [36mtflops: 7.46  [35mmfu: 0.75%[39m
[rank0]:[titan] 2026-03-17 22:24:48,634 - root - INFO - [31mstep: 2826  [32mloss:  2.7812  [38;2;180;60;0mgrad_norm:  0.8611  [38;2;54;234;195mmemory: 22.44GiB(28.24%)  [34mtps: 149  [36mtflops: 7.18  [35mmfu: 0.73%[39m
[rank0]:[titan] 2026-03-17 22:25:02,274 - root - INFO - [31mstep: 2827  [32mloss:  2.7188  [38;2;180;60;0mgrad_norm:  0.9397  [38;2;54;234;195mmemory: 22.44GiB(28.24%)  [34mtps: 150  [36mtflops: 7.24  [35mmfu: 0.73%[39m
[rank0]:[titan] 2026-03-17 22:25:15,812 - root - INFO - [31mstep: 2828  [32mloss:  2.7344  [38;2;180;60;0mgrad_norm:  0.8369  [38;2;54;234;195mmemory: 22.44GiB(28.24%)  [34mtps: 151  [36mtflops: 7.30  [35mmfu: 0.74%[39m
[rank0]:[titan] 2026-03-17 22:25:29,295 - root - INFO - [31mstep: 2829  [32mloss:  2.7188  [38;2;180;60;0mgrad_norm:  1.3231  [38;2;54;234;195mmemory: 22.44GiB(28.24%)  [34mtps: 152  [36mtflops: 7.33  [35mmfu: 0.74%[39m
[rank0]:[titan] 2026-03-17 22:25:42,876 - root - INFO - [31mstep: 2830  [32mloss:  2.8125  [38;2;180;60;0mgrad_norm:  1.5279  [38;2;54;234;195mmemory: 22.44GiB(28.24%)  [34mtps: 151  [36mtflops: 7.28  [35mmfu: 0.74%[39m
[rank0]:[titan] 2026-03-17 22:25:56,990 - root - INFO - [31mstep: 2831  [32mloss:  2.7500  [38;2;180;60;0mgrad_norm:  1.3407  [38;2;54;234;195mmemory: 22.44GiB(28.24%)  [34mtps: 145  [36mtflops: 7.00  [35mmfu: 0.71%[39m
[rank0]:[titan] 2026-03-17 22:26:10,782 - root - INFO - [31mstep: 2832  [32mloss:  2.7656  [38;2;180;60;0mgrad_norm:  0.9784  [38;2;54;234;195mmemory: 22.44GiB(28.24%)  [34mtps: 149  [36mtflops: 7.17  [35mmfu: 0.72%[39m
[rank0]:[titan] 2026-03-17 22:26:24,354 - root - INFO - [31mstep: 2833  [32mloss:  2.7344  [38;2;180;60;0mgrad_norm:  1.1594  [38;2;54;234;195mmemory: 22.44GiB(28.24%)  [34mtps: 151  [36mtflops: 7.28  [35mmfu: 0.74%[39m
[rank0]:[titan] 2026-03-17 22:26:37,939 - root - INFO - [31mstep: 2834  [32mloss:  2.7344  [38;2;180;60;0mgrad_norm:  1.0308  [38;2;54;234;195mmemory: 22.44GiB(28.24%)  [34mtps: 151  [36mtflops: 7.27  [35mmfu: 0.74%[39m
[rank0]:[titan] 2026-03-17 22:26:51,533 - root - INFO - [31mstep: 2835  [32mloss:  2.7969  [38;2;180;60;0mgrad_norm:  1.2873  [38;2;54;234;195mmemory: 22.44GiB(28.24%)  [34mtps: 151  [36mtflops: 7.27  [35mmfu: 0.74%[39m
[rank0]:[titan] 2026-03-17 22:27:05,420 - root - INFO - [31mstep: 2836  [32mloss:  2.8438  [38;2;180;60;0mgrad_norm:  0.9846  [38;2;54;234;195mmemory: 22.44GiB(28.24%)  [34mtps: 147  [36mtflops: 7.12  [35mmfu: 0.72%[39m
[rank0]:[titan] 2026-03-17 22:27:19,176 - root - INFO - [31mstep: 2837  [32mloss:  2.7812  [38;2;180;60;0mgrad_norm:  0.9149  [38;2;54;234;195mmemory: 22.44GiB(28.24%)  [34mtps: 149  [36mtflops: 7.18  [35mmfu: 0.73%[39m
[rank0]:[titan] 2026-03-17 22:27:33,288 - root - INFO - [31mstep: 2838  [32mloss:  2.7500  [38;2;180;60;0mgrad_norm:  0.8956  [38;2;54;234;195mmemory: 22.44GiB(28.24%)  [34mtps: 145  [36mtflops: 7.00  [35mmfu: 0.71%[39m
[rank0]:[titan] 2026-03-17 22:27:47,185 - root - INFO - [31mstep: 2839  [32mloss:  2.7344  [38;2;180;60;0mgrad_norm:  1.0725  [38;2;54;234;195mmemory: 22.44GiB(28.24%)  [34mtps: 147  [36mtflops: 7.11  [35mmfu: 0.72%[39m
[rank0]:[titan] 2026-03-17 22:28:01,473 - root - INFO - [31mstep: 2840  [32mloss:  2.7344  [38;2;180;60;0mgrad_norm:  1.1189  [38;2;54;234;195mmemory: 22.44GiB(28.24%)  [34mtps: 143  [36mtflops: 6.92  [35mmfu: 0.70%[39m
[rank0]:[titan] 2026-03-17 22:28:15,035 - root - INFO - [31mstep: 2841  [32mloss:  2.7500  [38;2;180;60;0mgrad_norm:  0.8232  [38;2;54;234;195mmemory: 22.44GiB(28.24%)  [34mtps: 151  [36mtflops: 7.29  [35mmfu: 0.74%[39m
[rank0]:[titan] 2026-03-17 22:28:29,172 - root - INFO - [31mstep: 2842  [32mloss:  2.7812  [38;2;180;60;0mgrad_norm:  0.7660  [38;2;54;234;195mmemory: 22.44GiB(28.24%)  [34mtps: 145  [36mtflops: 6.99  [35mmfu: 0.71%[39m
[rank0]:[titan] 2026-03-17 22:28:42,748 - root - INFO - [31mstep: 2843  [32mloss:  2.7656  [38;2;180;60;0mgrad_norm:  1.1854  [38;2;54;234;195mmemory: 22.44GiB(28.24%)  [34mtps: 151  [36mtflops: 7.28  [35mmfu: 0.74%[39m
[rank0]:[titan] 2026-03-17 22:28:56,309 - root - INFO - [31mstep: 2844  [32mloss:  2.7500  [38;2;180;60;0mgrad_norm:  1.1490  [38;2;54;234;195mmemory: 22.44GiB(28.24%)  [34mtps: 151  [36mtflops: 7.29  [35mmfu: 0.74%[39m
[rank0]:[titan] 2026-03-17 22:29:09,530 - root - INFO - [31mstep: 2845  [32mloss:  2.6719  [38;2;180;60;0mgrad_norm:  0.9739  [38;2;54;234;195mmemory: 22.44GiB(28.24%)  [34mtps: 155  [36mtflops: 7.47  [35mmfu: 0.76%[39m
[rank0]:[titan] 2026-03-17 22:29:22,978 - root - INFO - [31mstep: 2846  [32mloss:  2.7031  [38;2;180;60;0mgrad_norm:  0.7513  [38;2;54;234;195mmemory: 22.44GiB(28.24%)  [34mtps: 152  [36mtflops: 7.35  [35mmfu: 0.74%[39m
[rank0]:[titan] 2026-03-17 22:29:36,767 - root - INFO - [31mstep: 2847  [32mloss:  2.7969  [38;2;180;60;0mgrad_norm:  1.1910  [38;2;54;234;195mmemory: 22.44GiB(28.24%)  [34mtps: 149  [36mtflops: 7.17  [35mmfu: 0.72%[39m
[rank0]:[titan] 2026-03-17 22:29:50,841 - root - INFO - [31mstep: 2848  [32mloss:  2.7031  [38;2;180;60;0mgrad_norm:  1.0989  [38;2;54;234;195mmemory: 22.44GiB(28.24%)  [34mtps: 146  [36mtflops: 7.02  [35mmfu: 0.71%[39m
[rank0]:[titan] 2026-03-17 22:30:04,508 - root - INFO - [31mstep: 2849  [32mloss:  2.7656  [38;2;180;60;0mgrad_norm:  1.1624  [38;2;54;234;195mmemory: 22.44GiB(28.24%)  [34mtps: 150  [36mtflops: 7.23  [35mmfu: 0.73%[39m
[rank0]:[titan] 2026-03-17 22:30:17,824 - root - INFO - [31mstep: 2850  [32mloss:  2.7500  [38;2;180;60;0mgrad_norm:  1.1410  [38;2;54;234;195mmemory: 22.44GiB(28.24%)  [34mtps: 154  [36mtflops: 7.42  [35mmfu: 0.75%[39m
[rank0]:[titan] 2026-03-17 22:30:31,308 - root - INFO - [31mstep: 2851  [32mloss:  2.7188  [38;2;180;60;0mgrad_norm:  0.8723  [38;2;54;234;195mmemory: 22.44GiB(28.24%)  [34mtps: 152  [36mtflops: 7.33  [35mmfu: 0.74%[39m
[rank0]:[titan] 2026-03-17 22:30:44,725 - root - INFO - [31mstep: 2852  [32mloss:  2.7031  [38;2;180;60;0mgrad_norm:  0.7922  [38;2;54;234;195mmemory: 22.44GiB(28.24%)  [34mtps: 153  [36mtflops: 7.37  [35mmfu: 0.74%[39m
[rank0]:[titan] 2026-03-17 22:30:58,049 - root - INFO - [31mstep: 2853  [32mloss:  2.7812  [38;2;180;60;0mgrad_norm:  1.0319  [38;2;54;234;195mmemory: 22.44GiB(28.24%)  [34mtps: 154  [36mtflops: 7.42  [35mmfu: 0.75%[39m
[rank0]:[titan] 2026-03-17 22:31:11,451 - root - INFO - [31mstep: 2854  [32mloss:  2.7656  [38;2;180;60;0mgrad_norm:  1.1184  [38;2;54;234;195mmemory: 22.44GiB(28.24%)  [34mtps: 153  [36mtflops: 7.37  [35mmfu: 0.75%[39m
[rank0]:[titan] 2026-03-17 22:31:25,306 - root - INFO - [31mstep: 2855  [32mloss:  2.7344  [38;2;180;60;0mgrad_norm:  0.5901  [38;2;54;234;195mmemory: 22.44GiB(28.24%)  [34mtps: 148  [36mtflops: 7.13  [35mmfu: 0.72%[39m
[rank0]:[titan] 2026-03-17 22:31:38,941 - root - INFO - [31mstep: 2856  [32mloss:  2.7500  [38;2;180;60;0mgrad_norm:  0.7966  [38;2;54;234;195mmemory: 22.44GiB(28.24%)  [34mtps: 150  [36mtflops: 7.25  [35mmfu: 0.73%[39m
[rank0]:[titan] 2026-03-17 22:31:52,565 - root - INFO - [31mstep: 2857  [32mloss:  2.7812  [38;2;180;60;0mgrad_norm:  0.5645  [38;2;54;234;195mmemory: 22.44GiB(28.24%)  [34mtps: 150  [36mtflops: 7.25  [35mmfu: 0.73%[39m
[rank0]:[titan] 2026-03-17 22:32:06,570 - root - INFO - [31mstep: 2858  [32mloss:  2.7500  [38;2;180;60;0mgrad_norm:  0.7648  [38;2;54;234;195mmemory: 22.44GiB(28.24%)  [34mtps: 146  [36mtflops: 7.06  [35mmfu: 0.71%[39m
[rank0]:[titan] 2026-03-17 22:32:19,946 - root - INFO - [31mstep: 2859  [32mloss:  2.7812  [38;2;180;60;0mgrad_norm:  0.7652  [38;2;54;234;195mmemory: 22.44GiB(28.24%)  [34mtps: 153  [36mtflops: 7.39  [35mmfu: 0.75%[39m
[rank0]:[titan] 2026-03-17 22:32:33,342 - root - INFO - [31mstep: 2860  [32mloss:  2.7344  [38;2;180;60;0mgrad_norm:  0.5410  [38;2;54;234;195mmemory: 22.44GiB(28.24%)  [34mtps: 153  [36mtflops: 7.38  [35mmfu: 0.75%[39m
[rank0]:[titan] 2026-03-17 22:32:46,842 - root - INFO - [31mstep: 2861  [32mloss:  2.7500  [38;2;180;60;0mgrad_norm:  0.8021  [38;2;54;234;195mmemory: 22.44GiB(28.24%)  [34mtps: 152  [36mtflops: 7.32  [35mmfu: 0.74%[39m
[rank0]:[titan] 2026-03-17 22:33:00,212 - root - INFO - [31mstep: 2862  [32mloss:  2.7812  [38;2;180;60;0mgrad_norm:  1.0270  [38;2;54;234;195mmemory: 22.44GiB(28.24%)  [34mtps: 153  [36mtflops: 7.39  [35mmfu: 0.75%[39m
[rank0]:[titan] 2026-03-17 22:33:14,038 - root - INFO - [31mstep: 2863  [32mloss:  2.8125  [38;2;180;60;0mgrad_norm:  0.9953  [38;2;54;234;195mmemory: 22.44GiB(28.24%)  [34mtps: 148  [36mtflops: 7.15  [35mmfu: 0.72%[39m
[rank0]:[titan] 2026-03-17 22:33:27,748 - root - INFO - [31mstep: 2864  [32mloss:  2.7656  [38;2;180;60;0mgrad_norm:  0.6628  [38;2;54;234;195mmemory: 22.44GiB(28.24%)  [34mtps: 149  [36mtflops: 7.21  [35mmfu: 0.73%[39m
[rank0]:[titan] 2026-03-17 22:33:41,316 - root - INFO - [31mstep: 2865  [32mloss:  2.7656  [38;2;180;60;0mgrad_norm:  1.1006  [38;2;54;234;195mmemory: 22.44GiB(28.24%)  [34mtps: 151  [36mtflops: 7.28  [35mmfu: 0.74%[39m
[rank0]:[titan] 2026-03-17 22:33:55,195 - root - INFO - [31mstep: 2866  [32mloss:  2.7969  [38;2;180;60;0mgrad_norm:  0.9239  [38;2;54;234;195mmemory: 22.44GiB(28.24%)  [34mtps: 148  [36mtflops: 7.12  [35mmfu: 0.72%[39m
[rank0]:[titan] 2026-03-17 22:34:08,510 - root - INFO - [31mstep: 2867  [32mloss:  2.7344  [38;2;180;60;0mgrad_norm:  0.7303  [38;2;54;234;195mmemory: 22.44GiB(28.24%)  [34mtps: 154  [36mtflops: 7.42  [35mmfu: 0.75%[39m
[rank0]:[titan] 2026-03-17 22:34:21,832 - root - INFO - [31mstep: 2868  [32mloss:  2.7188  [38;2;180;60;0mgrad_norm:  0.8854  [38;2;54;234;195mmemory: 22.44GiB(28.24%)  [34mtps: 154  [36mtflops: 7.42  [35mmfu: 0.75%[39m
[rank0]:[titan] 2026-03-17 22:34:35,055 - root - INFO - [31mstep: 2869  [32mloss:  2.7344  [38;2;180;60;0mgrad_norm:  0.8669  [38;2;54;234;195mmemory: 22.44GiB(28.24%)  [34mtps: 155  [36mtflops: 7.47  [35mmfu: 0.76%[39m
[rank0]:[titan] 2026-03-17 22:34:48,573 - root - INFO - [31mstep: 2870  [32mloss:  2.7500  [38;2;180;60;0mgrad_norm:  0.6888  [38;2;54;234;195mmemory: 22.44GiB(28.24%)  [34mtps: 152  [36mtflops: 7.31  [35mmfu: 0.74%[39m
[rank0]:[titan] 2026-03-17 22:35:01,734 - root - INFO - [31mstep: 2871  [32mloss:  2.7031  [38;2;180;60;0mgrad_norm:  0.8787  [38;2;54;234;195mmemory: 22.44GiB(28.24%)  [34mtps: 156  [36mtflops: 7.51  [35mmfu: 0.76%[39m
[rank0]:[titan] 2026-03-17 22:35:15,308 - root - INFO - [31mstep: 2872  [32mloss:  2.6875  [38;2;180;60;0mgrad_norm:  0.8642  [38;2;54;234;195mmemory: 22.44GiB(28.24%)  [34mtps: 151  [36mtflops: 7.28  [35mmfu: 0.74%[39m
[rank0]:[titan] 2026-03-17 22:35:28,796 - root - INFO - [31mstep: 2873  [32mloss:  2.7031  [38;2;180;60;0mgrad_norm:  0.7193  [38;2;54;234;195mmemory: 22.44GiB(28.24%)  [34mtps: 152  [36mtflops: 7.33  [35mmfu: 0.74%[39m
[rank0]:[titan] 2026-03-17 22:35:42,508 - root - INFO - [31mstep: 2874  [32mloss:  2.7031  [38;2;180;60;0mgrad_norm:  0.7700  [38;2;54;234;195mmemory: 22.44GiB(28.24%)  [34mtps: 149  [36mtflops: 7.21  [35mmfu: 0.73%[39m
[rank0]:[titan] 2026-03-17 22:35:56,150 - root - INFO - [31mstep: 2875  [32mloss:  2.6875  [38;2;180;60;0mgrad_norm:  0.8613  [38;2;54;234;195mmemory: 22.44GiB(28.24%)  [34mtps: 150  [36mtflops: 7.24  [35mmfu: 0.73%[39m
[rank0]:[titan] 2026-03-17 22:36:09,759 - root - INFO - [31mstep: 2876  [32mloss:  2.7031  [38;2;180;60;0mgrad_norm:  0.8152  [38;2;54;234;195mmemory: 22.44GiB(28.24%)  [34mtps: 151  [36mtflops: 7.26  [35mmfu: 0.73%[39m
[rank0]:[titan] 2026-03-17 22:36:23,803 - root - INFO - [31mstep: 2877  [32mloss:  2.6719  [38;2;180;60;0mgrad_norm:  0.5664  [38;2;54;234;195mmemory: 22.44GiB(28.24%)  [34mtps: 146  [36mtflops: 7.04  [35mmfu: 0.71%[39m
[rank0]:[titan] 2026-03-17 22:36:37,135 - root - INFO - [31mstep: 2878  [32mloss:  2.6875  [38;2;180;60;0mgrad_norm:  0.6310  [38;2;54;234;195mmemory: 22.44GiB(28.24%)  [34mtps: 154  [36mtflops: 7.41  [35mmfu: 0.75%[39m
[rank0]:[titan] 2026-03-17 22:36:50,558 - root - INFO - [31mstep: 2879  [32mloss:  2.7188  [38;2;180;60;0mgrad_norm:  0.7667  [38;2;54;234;195mmemory: 22.44GiB(28.24%)  [34mtps: 153  [36mtflops: 7.36  [35mmfu: 0.74%[39m
[rank0]:[titan] 2026-03-17 22:37:03,969 - root - INFO - [31mstep: 2880  [32mloss:  2.7344  [38;2;180;60;0mgrad_norm:  0.6410  [38;2;54;234;195mmemory: 22.44GiB(28.24%)  [34mtps: 153  [36mtflops: 7.37  [35mmfu: 0.75%[39m
[rank0]:[titan] 2026-03-17 22:37:17,928 - root - INFO - [31mstep: 2881  [32mloss:  2.7188  [38;2;180;60;0mgrad_norm:  0.7034  [38;2;54;234;195mmemory: 22.44GiB(28.24%)  [34mtps: 147  [36mtflops: 7.08  [35mmfu: 0.72%[39m
[rank0]:[titan] 2026-03-17 22:37:31,762 - root - INFO - [31mstep: 2882  [32mloss:  2.6719  [38;2;180;60;0mgrad_norm:  0.5909  [38;2;54;234;195mmemory: 22.44GiB(28.24%)  [34mtps: 148  [36mtflops: 7.14  [35mmfu: 0.72%[39m
[rank0]:[titan] 2026-03-17 22:37:45,260 - root - INFO - [31mstep: 2883  [32mloss:  2.7031  [38;2;180;60;0mgrad_norm:  0.5205  [38;2;54;234;195mmemory: 22.44GiB(28.24%)  [34mtps: 152  [36mtflops: 7.32  [35mmfu: 0.74%[39m
[rank0]:[titan] 2026-03-17 22:37:58,652 - root - INFO - [31mstep: 2884  [32mloss:  2.7344  [38;2;180;60;0mgrad_norm:  0.5804  [38;2;54;234;195mmemory: 22.44GiB(28.24%)  [34mtps: 153  [36mtflops: 7.38  [35mmfu: 0.75%[39m
[rank0]:[titan] 2026-03-17 22:38:12,423 - root - INFO - [31mstep: 2885  [32mloss:  2.7031  [38;2;180;60;0mgrad_norm:  0.5075  [38;2;54;234;195mmemory: 22.44GiB(28.24%)  [34mtps: 149  [36mtflops: 7.18  [35mmfu: 0.73%[39m
[rank0]:[titan] 2026-03-17 22:38:25,829 - root - INFO - [31mstep: 2886  [32mloss:  2.6875  [38;2;180;60;0mgrad_norm:  0.6094  [38;2;54;234;195mmemory: 22.44GiB(28.24%)  [34mtps: 153  [36mtflops: 7.37  [35mmfu: 0.75%[39m
[rank0]:[titan] 2026-03-17 22:38:39,267 - root - INFO - [31mstep: 2887  [32mloss:  2.7031  [38;2;180;60;0mgrad_norm:  1.0027  [38;2;54;234;195mmemory: 22.44GiB(28.24%)  [34mtps: 152  [36mtflops: 7.35  [35mmfu: 0.74%[39m
[rank0]:[titan] 2026-03-17 22:38:52,725 - root - INFO - [31mstep: 2888  [32mloss:  2.7188  [38;2;180;60;0mgrad_norm:  0.6897  [38;2;54;234;195mmemory: 22.44GiB(28.24%)  [34mtps: 152  [36mtflops: 7.34  [35mmfu: 0.74%[39m
[rank0]:[titan] 2026-03-17 22:39:06,805 - root - INFO - [31mstep: 2889  [32mloss:  2.7031  [38;2;180;60;0mgrad_norm:  0.5835  [38;2;54;234;195mmemory: 22.44GiB(28.24%)  [34mtps: 145  [36mtflops: 7.02  [35mmfu: 0.71%[39m
[rank0]:[titan] 2026-03-17 22:39:20,970 - root - INFO - [31mstep: 2890  [32mloss:  2.7031  [38;2;180;60;0mgrad_norm:  0.6053  [38;2;54;234;195mmemory: 22.44GiB(28.24%)  [34mtps: 145  [36mtflops: 6.98  [35mmfu: 0.71%[39m
[rank0]:[titan] 2026-03-17 22:39:34,277 - root - INFO - [31mstep: 2891  [32mloss:  2.7188  [38;2;180;60;0mgrad_norm:  0.6147  [38;2;54;234;195mmemory: 22.44GiB(28.24%)  [34mtps: 154  [36mtflops: 7.43  [35mmfu: 0.75%[39m
[rank0]:[titan] 2026-03-17 22:39:47,716 - root - INFO - [31mstep: 2892  [32mloss:  2.7969  [38;2;180;60;0mgrad_norm:  0.6410  [38;2;54;234;195mmemory: 22.44GiB(28.24%)  [34mtps: 152  [36mtflops: 7.35  [35mmfu: 0.74%[39m
[rank0]:[titan] 2026-03-17 22:40:01,118 - root - INFO - [31mstep: 2893  [32mloss:  2.7344  [38;2;180;60;0mgrad_norm:  0.7165  [38;2;54;234;195mmemory: 22.44GiB(28.24%)  [34mtps: 153  [36mtflops: 7.37  [35mmfu: 0.75%[39m
[rank0]:[titan] 2026-03-17 22:40:14,480 - root - INFO - [31mstep: 2894  [32mloss:  2.7344  [38;2;180;60;0mgrad_norm:  0.8569  [38;2;54;234;195mmemory: 22.44GiB(28.24%)  [34mtps: 153  [36mtflops: 7.40  [35mmfu: 0.75%[39m
[rank0]:[titan] 2026-03-17 22:40:27,840 - root - INFO - [31mstep: 2895  [32mloss:  2.8125  [38;2;180;60;0mgrad_norm:  0.5337  [38;2;54;234;195mmemory: 22.44GiB(28.24%)  [34mtps: 153  [36mtflops: 7.40  [35mmfu: 0.75%[39m
[rank0]:[titan] 2026-03-17 22:40:41,114 - root - INFO - [31mstep: 2896  [32mloss:  2.8125  [38;2;180;60;0mgrad_norm:  1.2832  [38;2;54;234;195mmemory: 22.44GiB(28.24%)  [34mtps: 154  [36mtflops: 7.44  [35mmfu: 0.75%[39m
[rank0]:[titan] 2026-03-17 22:40:54,398 - root - INFO - [31mstep: 2897  [32mloss:  2.7656  [38;2;180;60;0mgrad_norm:  0.6465  [38;2;54;234;195mmemory: 22.44GiB(28.24%)  [34mtps: 154  [36mtflops: 7.44  [35mmfu: 0.75%[39m
[rank0]:[titan] 2026-03-17 22:41:08,097 - root - INFO - [31mstep: 2898  [32mloss:  2.7812  [38;2;180;60;0mgrad_norm:  0.7767  [38;2;54;234;195mmemory: 22.44GiB(28.24%)  [34mtps: 150  [36mtflops: 7.21  [35mmfu: 0.73%[39m
[rank0]:[titan] 2026-03-17 22:41:21,858 - root - INFO - [31mstep: 2899  [32mloss:  2.7031  [38;2;180;60;0mgrad_norm:  0.9840  [38;2;54;234;195mmemory: 22.44GiB(28.24%)  [34mtps: 149  [36mtflops: 7.18  [35mmfu: 0.73%[39m
[rank0]:[titan] 2026-03-17 22:41:35,176 - root - INFO - [31mstep: 2900  [32mloss:  2.7344  [38;2;180;60;0mgrad_norm:  0.8596  [38;2;54;234;195mmemory: 22.44GiB(28.24%)  [34mtps: 154  [36mtflops: 7.42  [35mmfu: 0.75%[39m
[rank0]:[titan] 2026-03-17 22:41:48,993 - root - INFO - [31mstep: 2901  [32mloss:  2.7656  [38;2;180;60;0mgrad_norm:  0.7198  [38;2;54;234;195mmemory: 22.44GiB(28.24%)  [34mtps: 148  [36mtflops: 7.15  [35mmfu: 0.72%[39m
[rank0]:[titan] 2026-03-17 22:42:02,967 - root - INFO - [31mstep: 2902  [32mloss:  2.7344  [38;2;180;60;0mgrad_norm:  0.5599  [38;2;54;234;195mmemory: 22.44GiB(28.24%)  [34mtps: 147  [36mtflops: 7.07  [35mmfu: 0.71%[39m
[rank0]:[titan] 2026-03-17 22:42:16,864 - root - INFO - [31mstep: 2903  [32mloss:  2.7656  [38;2;180;60;0mgrad_norm:  0.7122  [38;2;54;234;195mmemory: 22.44GiB(28.24%)  [34mtps: 147  [36mtflops: 7.11  [35mmfu: 0.72%[39m
[rank0]:[titan] 2026-03-17 22:42:30,442 - root - INFO - [31mstep: 2904  [32mloss:  2.7344  [38;2;180;60;0mgrad_norm:  0.6857  [38;2;54;234;195mmemory: 22.44GiB(28.24%)  [34mtps: 151  [36mtflops: 7.28  [35mmfu: 0.74%[39m
[rank0]:[titan] 2026-03-17 22:42:43,892 - root - INFO - [31mstep: 2905  [32mloss:  2.7500  [38;2;180;60;0mgrad_norm:  0.7407  [38;2;54;234;195mmemory: 22.44GiB(28.24%)  [34mtps: 152  [36mtflops: 7.35  [35mmfu: 0.74%[39m
[rank0]:[titan] 2026-03-17 22:42:57,619 - root - INFO - [31mstep: 2906  [32mloss:  2.7656  [38;2;180;60;0mgrad_norm:  0.6746  [38;2;54;234;195mmemory: 22.44GiB(28.24%)  [34mtps: 149  [36mtflops: 7.20  [35mmfu: 0.73%[39m
[rank0]:[titan] 2026-03-17 22:43:11,086 - root - INFO - [31mstep: 2907  [32mloss:  2.7656  [38;2;180;60;0mgrad_norm:  0.6955  [38;2;54;234;195mmemory: 22.44GiB(28.24%)  [34mtps: 152  [36mtflops: 7.34  [35mmfu: 0.74%[39m
[rank0]:[titan] 2026-03-17 22:43:24,801 - root - INFO - [31mstep: 2908  [32mloss:  2.8281  [38;2;180;60;0mgrad_norm:  0.7662  [38;2;54;234;195mmemory: 22.44GiB(28.24%)  [34mtps: 149  [36mtflops: 7.21  [35mmfu: 0.73%[39m
[rank0]:[titan] 2026-03-17 22:43:38,805 - root - INFO - [31mstep: 2909  [32mloss:  2.7969  [38;2;180;60;0mgrad_norm:  0.9025  [38;2;54;234;195mmemory: 22.44GiB(28.24%)  [34mtps: 146  [36mtflops: 7.06  [35mmfu: 0.71%[39m
[rank0]:[titan] 2026-03-17 22:43:52,073 - root - INFO - [31mstep: 2910  [32mloss:  2.9062  [38;2;180;60;0mgrad_norm:  0.8116  [38;2;54;234;195mmemory: 22.44GiB(28.24%)  [34mtps: 154  [36mtflops: 7.45  [35mmfu: 0.75%[39m
[rank0]:[titan] 2026-03-17 22:44:05,762 - root - INFO - [31mstep: 2911  [32mloss:  2.8125  [38;2;180;60;0mgrad_norm:  0.8359  [38;2;54;234;195mmemory: 22.44GiB(28.24%)  [34mtps: 150  [36mtflops: 7.22  [35mmfu: 0.73%[39m
[rank0]:[titan] 2026-03-17 22:44:19,125 - root - INFO - [31mstep: 2912  [32mloss:  2.7969  [38;2;180;60;0mgrad_norm:  1.1849  [38;2;54;234;195mmemory: 22.44GiB(28.24%)  [34mtps: 153  [36mtflops: 7.40  [35mmfu: 0.75%[39m
[rank0]:[titan] 2026-03-17 22:44:32,568 - root - INFO - [31mstep: 2913  [32mloss:  2.7500  [38;2;180;60;0mgrad_norm:  0.7679  [38;2;54;234;195mmemory: 22.44GiB(28.24%)  [34mtps: 152  [36mtflops: 7.35  [35mmfu: 0.74%[39m
[rank0]:[titan] 2026-03-17 22:44:46,271 - root - INFO - [31mstep: 2914  [32mloss:  2.7500  [38;2;180;60;0mgrad_norm:  0.6645  [38;2;54;234;195mmemory: 22.44GiB(28.24%)  [34mtps: 149  [36mtflops: 7.21  [35mmfu: 0.73%[39m
[rank0]:[titan] 2026-03-17 22:44:59,741 - root - INFO - [31mstep: 2915  [32mloss:  2.7656  [38;2;180;60;0mgrad_norm:  0.5468  [38;2;54;234;195mmemory: 22.44GiB(28.24%)  [34mtps: 152  [36mtflops: 7.34  [35mmfu: 0.74%[39m
[rank0]:[titan] 2026-03-17 22:45:12,960 - root - INFO - [31mstep: 2916  [32mloss:  2.7500  [38;2;180;60;0mgrad_norm:  0.7452  [38;2;54;234;195mmemory: 22.44GiB(28.24%)  [34mtps: 155  [36mtflops: 7.48  [35mmfu: 0.76%[39m
[rank0]:[titan] 2026-03-17 22:45:26,524 - root - INFO - [31mstep: 2917  [32mloss:  2.6562  [38;2;180;60;0mgrad_norm:  0.6157  [38;2;54;234;195mmemory: 22.44GiB(28.24%)  [34mtps: 151  [36mtflops: 7.29  [35mmfu: 0.74%[39m
[rank0]:[titan] 2026-03-17 22:45:40,055 - root - INFO - [31mstep: 2918  [32mloss:  2.7031  [38;2;180;60;0mgrad_norm:  0.6351  [38;2;54;234;195mmemory: 22.44GiB(28.24%)  [34mtps: 151  [36mtflops: 7.30  [35mmfu: 0.74%[39m
[rank0]:[titan] 2026-03-17 22:45:53,515 - root - INFO - [31mstep: 2919  [32mloss:  2.7812  [38;2;180;60;0mgrad_norm:  0.7827  [38;2;54;234;195mmemory: 22.44GiB(28.24%)  [34mtps: 152  [36mtflops: 7.34  [35mmfu: 0.74%[39m
[rank0]:[titan] 2026-03-17 22:46:07,550 - root - INFO - [31mstep: 2920  [32mloss:  2.7344  [38;2;180;60;0mgrad_norm:  0.6983  [38;2;54;234;195mmemory: 22.44GiB(28.24%)  [34mtps: 146  [36mtflops: 7.04  [35mmfu: 0.71%[39m
[rank0]:[titan] 2026-03-17 22:46:20,923 - root - INFO - [31mstep: 2921  [32mloss:  2.7500  [38;2;180;60;0mgrad_norm:  0.8789  [38;2;54;234;195mmemory: 22.44GiB(28.24%)  [34mtps: 153  [36mtflops: 7.39  [35mmfu: 0.75%[39m
[rank0]:[titan] 2026-03-17 22:46:34,593 - root - INFO - [31mstep: 2922  [32mloss:  2.7500  [38;2;180;60;0mgrad_norm:  1.0825  [38;2;54;234;195mmemory: 22.44GiB(28.24%)  [34mtps: 150  [36mtflops: 7.23  [35mmfu: 0.73%[39m
[rank0]:[titan] 2026-03-17 22:46:47,988 - root - INFO - [31mstep: 2923  [32mloss:  2.7812  [38;2;180;60;0mgrad_norm:  0.7722  [38;2;54;234;195mmemory: 22.44GiB(28.24%)  [34mtps: 153  [36mtflops: 7.38  [35mmfu: 0.75%[39m
[rank0]:[titan] 2026-03-17 22:47:02,155 - root - INFO - [31mstep: 2924  [32mloss:  2.7344  [38;2;180;60;0mgrad_norm:  0.7808  [38;2;54;234;195mmemory: 22.44GiB(28.24%)  [34mtps: 145  [36mtflops: 6.98  [35mmfu: 0.71%[39m
[rank0]:[titan] 2026-03-17 22:47:15,544 - root - INFO - [31mstep: 2925  [32mloss:  2.7344  [38;2;180;60;0mgrad_norm:  0.6606  [38;2;54;234;195mmemory: 22.44GiB(28.24%)  [34mtps: 153  [36mtflops: 7.38  [35mmfu: 0.75%[39m
[rank0]:[titan] 2026-03-17 22:47:29,161 - root - INFO - [31mstep: 2926  [32mloss:  2.7344  [38;2;180;60;0mgrad_norm:  0.6841  [38;2;54;234;195mmemory: 22.44GiB(28.24%)  [34mtps: 150  [36mtflops: 7.26  [35mmfu: 0.73%[39m
[rank0]:[titan] 2026-03-17 22:47:42,538 - root - INFO - [31mstep: 2927  [32mloss:  2.7812  [38;2;180;60;0mgrad_norm:  1.8439  [38;2;54;234;195mmemory: 22.44GiB(28.24%)  [34mtps: 153  [36mtflops: 7.39  [35mmfu: 0.75%[39m
[rank0]:[titan] 2026-03-17 22:47:55,892 - root - INFO - [31mstep: 2928  [32mloss:  2.7500  [38;2;180;60;0mgrad_norm:  0.7695  [38;2;54;234;195mmemory: 22.44GiB(28.24%)  [34mtps: 153  [36mtflops: 7.40  [35mmfu: 0.75%[39m
[rank0]:[titan] 2026-03-17 22:48:09,359 - root - INFO - [31mstep: 2929  [32mloss:  2.7500  [38;2;180;60;0mgrad_norm:  0.8408  [38;2;54;234;195mmemory: 22.44GiB(28.24%)  [34mtps: 152  [36mtflops: 7.34  [35mmfu: 0.74%[39m
[rank0]:[titan] 2026-03-17 22:48:22,938 - root - INFO - [31mstep: 2930  [32mloss:  2.7188  [38;2;180;60;0mgrad_norm:  0.6698  [38;2;54;234;195mmemory: 22.44GiB(28.24%)  [34mtps: 151  [36mtflops: 7.28  [35mmfu: 0.74%[39m
[rank0]:[titan] 2026-03-17 22:48:36,606 - root - INFO - [31mstep: 2931  [32mloss:  2.7500  [38;2;180;60;0mgrad_norm:  0.6042  [38;2;54;234;195mmemory: 22.44GiB(28.24%)  [34mtps: 150  [36mtflops: 7.23  [35mmfu: 0.73%[39m
[rank0]:[titan] 2026-03-17 22:48:50,649 - root - INFO - [31mstep: 2932  [32mloss:  2.7500  [38;2;180;60;0mgrad_norm:  0.8483  [38;2;54;234;195mmemory: 22.44GiB(28.24%)  [34mtps: 146  [36mtflops: 7.04  [35mmfu: 0.71%[39m
[rank0]:[titan] 2026-03-17 22:49:04,310 - root - INFO - [31mstep: 2933  [32mloss:  2.6875  [38;2;180;60;0mgrad_norm:  0.6738  [38;2;54;234;195mmemory: 22.44GiB(28.24%)  [34mtps: 150  [36mtflops: 7.23  [35mmfu: 0.73%[39m
[rank0]:[titan] 2026-03-17 22:49:17,640 - root - INFO - [31mstep: 2934  [32mloss:  2.7188  [38;2;180;60;0mgrad_norm:  0.7667  [38;2;54;234;195mmemory: 22.44GiB(28.24%)  [34mtps: 154  [36mtflops: 7.41  [35mmfu: 0.75%[39m
[rank0]:[titan] 2026-03-17 22:49:31,118 - root - INFO - [31mstep: 2935  [32mloss:  2.7656  [38;2;180;60;0mgrad_norm:  0.7435  [38;2;54;234;195mmemory: 22.44GiB(28.24%)  [34mtps: 152  [36mtflops: 7.33  [35mmfu: 0.74%[39m
[rank0]:[titan] 2026-03-17 22:49:44,534 - root - INFO - [31mstep: 2936  [32mloss:  2.7969  [38;2;180;60;0mgrad_norm:  0.6010  [38;2;54;234;195mmemory: 22.44GiB(28.24%)  [34mtps: 153  [36mtflops: 7.37  [35mmfu: 0.74%[39m
[rank0]:[titan] 2026-03-17 22:49:58,114 - root - INFO - [31mstep: 2937  [32mloss:  2.7500  [38;2;180;60;0mgrad_norm:  0.7459  [38;2;54;234;195mmemory: 22.44GiB(28.24%)  [34mtps: 151  [36mtflops: 7.28  [35mmfu: 0.74%[39m
[rank0]:[titan] 2026-03-17 22:50:11,161 - root - INFO - [31mstep: 2938  [32mloss:  2.7031  [38;2;180;60;0mgrad_norm:  0.7873  [38;2;54;234;195mmemory: 22.44GiB(28.24%)  [34mtps: 157  [36mtflops: 7.57  [35mmfu: 0.77%[39m
[rank0]:[titan] 2026-03-17 22:50:25,317 - root - INFO - [31mstep: 2939  [32mloss:  2.6719  [38;2;180;60;0mgrad_norm:  0.8012  [38;2;54;234;195mmemory: 22.44GiB(28.24%)  [34mtps: 145  [36mtflops: 6.98  [35mmfu: 0.71%[39m
[rank0]:[titan] 2026-03-17 22:50:39,081 - root - INFO - [31mstep: 2940  [32mloss:  2.7188  [38;2;180;60;0mgrad_norm:  0.7064  [38;2;54;234;195mmemory: 22.44GiB(28.24%)  [34mtps: 149  [36mtflops: 7.18  [35mmfu: 0.73%[39m
[rank0]:[titan] 2026-03-17 22:50:52,461 - root - INFO - [31mstep: 2941  [32mloss:  2.7500  [38;2;180;60;0mgrad_norm:  0.5603  [38;2;54;234;195mmemory: 22.44GiB(28.24%)  [34mtps: 153  [36mtflops: 7.39  [35mmfu: 0.75%[39m
[rank0]:[titan] 2026-03-17 22:51:08,257 - root - INFO - [31mstep: 2942  [32mloss:  2.6875  [38;2;180;60;0mgrad_norm:  0.7991  [38;2;54;234;195mmemory: 22.44GiB(28.24%)  [34mtps: 130  [36mtflops: 6.26  [35mmfu: 0.63%[39m
[rank0]:[titan] 2026-03-17 22:51:22,110 - root - INFO - [31mstep: 2943  [32mloss:  2.7188  [38;2;180;60;0mgrad_norm:  0.7403  [38;2;54;234;195mmemory: 22.44GiB(28.24%)  [34mtps: 148  [36mtflops: 7.13  [35mmfu: 0.72%[39m
[rank0]:[titan] 2026-03-17 22:51:35,987 - root - INFO - [31mstep: 2944  [32mloss:  2.7188  [38;2;180;60;0mgrad_norm:  0.5519  [38;2;54;234;195mmemory: 22.44GiB(28.24%)  [34mtps: 148  [36mtflops: 7.12  [35mmfu: 0.72%[39m
[rank0]:[titan] 2026-03-17 22:51:49,252 - root - INFO - [31mstep: 2945  [32mloss:  2.7031  [38;2;180;60;0mgrad_norm:  0.8291  [38;2;54;234;195mmemory: 22.44GiB(28.24%)  [34mtps: 154  [36mtflops: 7.45  [35mmfu: 0.75%[39m
[rank0]:[titan] 2026-03-17 22:52:02,957 - root - INFO - [31mstep: 2946  [32mloss:  2.6719  [38;2;180;60;0mgrad_norm:  0.7738  [38;2;54;234;195mmemory: 22.44GiB(28.24%)  [34mtps: 149  [36mtflops: 7.21  [35mmfu: 0.73%[39m
[rank0]:[titan] 2026-03-17 22:52:17,190 - root - INFO - [31mstep: 2947  [32mloss:  2.6875  [38;2;180;60;0mgrad_norm:  0.6750  [38;2;54;234;195mmemory: 22.44GiB(28.24%)  [34mtps: 144  [36mtflops: 6.94  [35mmfu: 0.70%[39m
[rank0]:[titan] 2026-03-17 22:52:31,110 - root - INFO - [31mstep: 2948  [32mloss:  2.7031  [38;2;180;60;0mgrad_norm:  0.6979  [38;2;54;234;195mmemory: 22.44GiB(28.24%)  [34mtps: 147  [36mtflops: 7.10  [35mmfu: 0.72%[39m
[rank0]:[titan] 2026-03-17 22:52:45,120 - root - INFO - [31mstep: 2949  [32mloss:  2.6875  [38;2;180;60;0mgrad_norm:  0.5889  [38;2;54;234;195mmemory: 22.44GiB(28.24%)  [34mtps: 146  [36mtflops: 7.05  [35mmfu: 0.71%[39m
[rank0]:[titan] 2026-03-17 22:52:58,952 - root - INFO - [31mstep: 2950  [32mloss:  2.7344  [38;2;180;60;0mgrad_norm:  0.6034  [38;2;54;234;195mmemory: 22.44GiB(28.24%)  [34mtps: 148  [36mtflops: 7.14  [35mmfu: 0.72%[39m
[rank0]:[titan] 2026-03-17 22:53:12,795 - root - INFO - [31mstep: 2951  [32mloss:  2.7188  [38;2;180;60;0mgrad_norm:  0.7476  [38;2;54;234;195mmemory: 22.44GiB(28.24%)  [34mtps: 148  [36mtflops: 7.14  [35mmfu: 0.72%[39m
[rank0]:[titan] 2026-03-17 22:53:26,147 - root - INFO - [31mstep: 2952  [32mloss:  2.7031  [38;2;180;60;0mgrad_norm:  0.5540  [38;2;54;234;195mmemory: 22.44GiB(28.24%)  [34mtps: 153  [36mtflops: 7.40  [35mmfu: 0.75%[39m
[rank0]:[titan] 2026-03-17 22:53:39,662 - root - INFO - [31mstep: 2953  [32mloss:  2.7500  [38;2;180;60;0mgrad_norm:  0.5777  [38;2;54;234;195mmemory: 22.44GiB(28.24%)  [34mtps: 152  [36mtflops: 7.31  [35mmfu: 0.74%[39m
[rank0]:[titan] 2026-03-17 22:53:52,974 - root - INFO - [31mstep: 2954  [32mloss:  2.7812  [38;2;180;60;0mgrad_norm:  0.5782  [38;2;54;234;195mmemory: 22.44GiB(28.24%)  [34mtps: 154  [36mtflops: 7.42  [35mmfu: 0.75%[39m
[rank0]:[titan] 2026-03-17 22:54:06,279 - root - INFO - [31mstep: 2955  [32mloss:  2.7656  [38;2;180;60;0mgrad_norm:  0.6421  [38;2;54;234;195mmemory: 22.44GiB(28.24%)  [34mtps: 154  [36mtflops: 7.43  [35mmfu: 0.75%[39m
[rank0]:[titan] 2026-03-17 22:54:19,716 - root - INFO - [31mstep: 2956  [32mloss:  2.7344  [38;2;180;60;0mgrad_norm:  0.9559  [38;2;54;234;195mmemory: 22.44GiB(28.24%)  [34mtps: 152  [36mtflops: 7.35  [35mmfu: 0.74%[39m
[rank0]:[titan] 2026-03-17 22:54:33,149 - root - INFO - [31mstep: 2957  [32mloss:  2.7031  [38;2;180;60;0mgrad_norm:  0.6887  [38;2;54;234;195mmemory: 22.44GiB(28.24%)  [34mtps: 152  [36mtflops: 7.36  [35mmfu: 0.74%[39m
[rank0]:[titan] 2026-03-17 22:54:46,579 - root - INFO - [31mstep: 2958  [32mloss:  2.7188  [38;2;180;60;0mgrad_norm:  0.5095  [38;2;54;234;195mmemory: 22.44GiB(28.24%)  [34mtps: 152  [36mtflops: 7.36  [35mmfu: 0.74%[39m
[rank0]:[titan] 2026-03-17 22:54:59,944 - root - INFO - [31mstep: 2959  [32mloss:  2.7188  [38;2;180;60;0mgrad_norm:  0.6073  [38;2;54;234;195mmemory: 22.44GiB(28.24%)  [34mtps: 153  [36mtflops: 7.39  [35mmfu: 0.75%[39m
[rank0]:[titan] 2026-03-17 22:55:13,369 - root - INFO - [31mstep: 2960  [32mloss:  2.7344  [38;2;180;60;0mgrad_norm:  0.5159  [38;2;54;234;195mmemory: 22.44GiB(28.24%)  [34mtps: 153  [36mtflops: 7.36  [35mmfu: 0.74%[39m
[rank0]:[titan] 2026-03-17 22:55:13,371 - root - WARNING - Dataset c4_test is being re-looped
[rank0]:[titan] 2026-03-17 22:55:26,678 - root - INFO - [31mstep: 2961  [32mloss:  2.7656  [38;2;180;60;0mgrad_norm:  0.5663  [38;2;54;234;195mmemory: 22.44GiB(28.24%)  [34mtps: 154  [36mtflops: 7.43  [35mmfu: 0.75%[39m
[rank0]:[titan] 2026-03-17 22:55:39,866 - root - INFO - [31mstep: 2962  [32mloss:  2.7500  [38;2;180;60;0mgrad_norm:  0.5105  [38;2;54;234;195mmemory: 22.44GiB(28.24%)  [34mtps: 155  [36mtflops: 7.49  [35mmfu: 0.76%[39m
[rank0]:[titan] 2026-03-17 22:55:53,341 - root - INFO - [31mstep: 2963  [32mloss:  2.7344  [38;2;180;60;0mgrad_norm:  0.5702  [38;2;54;234;195mmemory: 22.44GiB(28.24%)  [34mtps: 152  [36mtflops: 7.33  [35mmfu: 0.74%[39m
[rank0]:[titan] 2026-03-17 22:56:07,077 - root - INFO - [31mstep: 2964  [32mloss:  2.7344  [38;2;180;60;0mgrad_norm:  0.6750  [38;2;54;234;195mmemory: 22.44GiB(28.24%)  [34mtps: 149  [36mtflops: 7.19  [35mmfu: 0.73%[39m
[rank0]:[titan] 2026-03-17 22:56:20,657 - root - INFO - [31mstep: 2965  [32mloss:  2.7656  [38;2;180;60;0mgrad_norm:  0.5308  [38;2;54;234;195mmemory: 22.44GiB(28.24%)  [34mtps: 151  [36mtflops: 7.28  [35mmfu: 0.74%[39m
[rank0]:[titan] 2026-03-17 22:56:34,151 - root - INFO - [31mstep: 2966  [32mloss:  2.7344  [38;2;180;60;0mgrad_norm:  0.8275  [38;2;54;234;195mmemory: 22.44GiB(28.24%)  [34mtps: 152  [36mtflops: 7.32  [35mmfu: 0.74%[39m
[rank0]:[titan] 2026-03-17 22:56:47,525 - root - INFO - [31mstep: 2967  [32mloss:  2.7344  [38;2;180;60;0mgrad_norm:  0.4906  [38;2;54;234;195mmemory: 22.44GiB(28.24%)  [34mtps: 153  [36mtflops: 7.39  [35mmfu: 0.75%[39m
[rank0]:[titan] 2026-03-17 22:57:00,950 - root - INFO - [31mstep: 2968  [32mloss:  2.7188  [38;2;180;60;0mgrad_norm:  0.5855  [38;2;54;234;195mmemory: 22.44GiB(28.24%)  [34mtps: 153  [36mtflops: 7.36  [35mmfu: 0.74%[39m
[rank0]:[titan] 2026-03-17 22:57:14,353 - root - INFO - [31mstep: 2969  [32mloss:  2.7188  [38;2;180;60;0mgrad_norm:  0.6005  [38;2;54;234;195mmemory: 22.44GiB(28.24%)  [34mtps: 153  [36mtflops: 7.37  [35mmfu: 0.75%[39m
[rank0]:[titan] 2026-03-17 22:57:28,070 - root - INFO - [31mstep: 2970  [32mloss:  2.7656  [38;2;180;60;0mgrad_norm:  0.5885  [38;2;54;234;195mmemory: 22.44GiB(28.24%)  [34mtps: 149  [36mtflops: 7.20  [35mmfu: 0.73%[39m
[rank0]:[titan] 2026-03-17 22:57:41,961 - root - INFO - [31mstep: 2971  [32mloss:  2.8125  [38;2;180;60;0mgrad_norm:  0.6665  [38;2;54;234;195mmemory: 22.44GiB(28.24%)  [34mtps: 147  [36mtflops: 7.11  [35mmfu: 0.72%[39m
[rank0]:[titan] 2026-03-17 22:57:57,162 - root - INFO - [31mstep: 2972  [32mloss:  2.7031  [38;2;180;60;0mgrad_norm:  0.7471  [38;2;54;234;195mmemory: 22.44GiB(28.24%)  [34mtps: 135  [36mtflops: 6.50  [35mmfu: 0.66%[39m
[rank0]:[titan] 2026-03-17 22:58:10,859 - root - INFO - [31mstep: 2973  [32mloss:  2.7812  [38;2;180;60;0mgrad_norm:  0.5622  [38;2;54;234;195mmemory: 22.44GiB(28.24%)  [34mtps: 150  [36mtflops: 7.22  [35mmfu: 0.73%[39m
[rank0]:[titan] 2026-03-17 22:58:24,693 - root - INFO - [31mstep: 2974  [32mloss:  2.7969  [38;2;180;60;0mgrad_norm:  0.6858  [38;2;54;234;195mmemory: 22.44GiB(28.24%)  [34mtps: 148  [36mtflops: 7.14  [35mmfu: 0.72%[39m
[rank0]:[titan] 2026-03-17 22:58:38,152 - root - INFO - [31mstep: 2975  [32mloss:  2.8750  [38;2;180;60;0mgrad_norm:  0.7111  [38;2;54;234;195mmemory: 22.44GiB(28.24%)  [34mtps: 152  [36mtflops: 7.34  [35mmfu: 0.74%[39m
[rank0]:[titan] 2026-03-17 22:58:51,599 - root - INFO - [31mstep: 2976  [32mloss:  2.7812  [38;2;180;60;0mgrad_norm:  0.6210  [38;2;54;234;195mmemory: 22.44GiB(28.24%)  [34mtps: 152  [36mtflops: 7.35  [35mmfu: 0.74%[39m
[rank0]:[titan] 2026-03-17 22:59:05,110 - root - INFO - [31mstep: 2977  [32mloss:  2.7500  [38;2;180;60;0mgrad_norm:  0.5960  [38;2;54;234;195mmemory: 22.44GiB(28.24%)  [34mtps: 152  [36mtflops: 7.31  [35mmfu: 0.74%[39m
[rank0]:[titan] 2026-03-17 22:59:18,536 - root - INFO - [31mstep: 2978  [32mloss:  2.7812  [38;2;180;60;0mgrad_norm:  0.6198  [38;2;54;234;195mmemory: 22.44GiB(28.24%)  [34mtps: 153  [36mtflops: 7.36  [35mmfu: 0.74%[39m
[rank0]:[titan] 2026-03-17 22:59:31,896 - root - INFO - [31mstep: 2979  [32mloss:  2.7812  [38;2;180;60;0mgrad_norm:  0.8698  [38;2;54;234;195mmemory: 22.44GiB(28.24%)  [34mtps: 153  [36mtflops: 7.40  [35mmfu: 0.75%[39m
[rank0]:[titan] 2026-03-17 22:59:45,491 - root - INFO - [31mstep: 2980  [32mloss:  2.7969  [38;2;180;60;0mgrad_norm:  0.9747  [38;2;54;234;195mmemory: 22.44GiB(28.24%)  [34mtps: 151  [36mtflops: 7.27  [35mmfu: 0.73%[39m
[rank0]:[titan] 2026-03-17 22:59:59,226 - root - INFO - [31mstep: 2981  [32mloss:  2.7188  [38;2;180;60;0mgrad_norm:  0.6543  [38;2;54;234;195mmemory: 22.44GiB(28.24%)  [34mtps: 149  [36mtflops: 7.19  [35mmfu: 0.73%[39m
[rank0]:[titan] 2026-03-17 23:00:12,656 - root - INFO - [31mstep: 2982  [32mloss:  2.7188  [38;2;180;60;0mgrad_norm:  0.5659  [38;2;54;234;195mmemory: 22.44GiB(28.24%)  [34mtps: 153  [36mtflops: 7.36  [35mmfu: 0.74%[39m
[rank0]:[titan] 2026-03-17 23:00:26,040 - root - INFO - [31mstep: 2983  [32mloss:  2.7500  [38;2;180;60;0mgrad_norm:  1.1240  [38;2;54;234;195mmemory: 22.44GiB(28.24%)  [34mtps: 153  [36mtflops: 7.38  [35mmfu: 0.75%[39m
[rank0]:[titan] 2026-03-17 23:00:39,533 - root - INFO - [31mstep: 2984  [32mloss:  2.7031  [38;2;180;60;0mgrad_norm:  1.0648  [38;2;54;234;195mmemory: 22.44GiB(28.24%)  [34mtps: 152  [36mtflops: 7.32  [35mmfu: 0.74%[39m
[rank0]:[titan] 2026-03-17 23:00:52,957 - root - INFO - [31mstep: 2985  [32mloss:  2.7344  [38;2;180;60;0mgrad_norm:  0.6805  [38;2;54;234;195mmemory: 22.44GiB(28.24%)  [34mtps: 153  [36mtflops: 7.36  [35mmfu: 0.74%[39m
[rank0]:[titan] 2026-03-17 23:01:06,350 - root - INFO - [31mstep: 2986  [32mloss:  2.7500  [38;2;180;60;0mgrad_norm:  0.7458  [38;2;54;234;195mmemory: 22.44GiB(28.24%)  [34mtps: 153  [36mtflops: 7.38  [35mmfu: 0.75%[39m
[rank0]:[titan] 2026-03-17 23:01:19,702 - root - INFO - [31mstep: 2987  [32mloss:  2.7031  [38;2;180;60;0mgrad_norm:  1.0860  [38;2;54;234;195mmemory: 22.44GiB(28.24%)  [34mtps: 153  [36mtflops: 7.40  [35mmfu: 0.75%[39m
[rank0]:[titan] 2026-03-17 23:01:32,794 - root - INFO - [31mstep: 2988  [32mloss:  2.7656  [38;2;180;60;0mgrad_norm:  1.0301  [38;2;54;234;195mmemory: 22.44GiB(28.24%)  [34mtps: 156  [36mtflops: 7.55  [35mmfu: 0.76%[39m
[rank0]:[titan] 2026-03-17 23:01:46,157 - root - INFO - [31mstep: 2989  [32mloss:  2.7500  [38;2;180;60;0mgrad_norm:  0.7291  [38;2;54;234;195mmemory: 22.44GiB(28.24%)  [34mtps: 153  [36mtflops: 7.40  [35mmfu: 0.75%[39m
[rank0]:[titan] 2026-03-17 23:01:59,655 - root - INFO - [31mstep: 2990  [32mloss:  2.6875  [38;2;180;60;0mgrad_norm:  0.6424  [38;2;54;234;195mmemory: 22.44GiB(28.24%)  [34mtps: 152  [36mtflops: 7.32  [35mmfu: 0.74%[39m
[rank0]:[titan] 2026-03-17 23:02:13,181 - root - INFO - [31mstep: 2991  [32mloss:  2.7656  [38;2;180;60;0mgrad_norm:  0.6745  [38;2;54;234;195mmemory: 22.44GiB(28.24%)  [34mtps: 151  [36mtflops: 7.31  [35mmfu: 0.74%[39m
[rank0]:[titan] 2026-03-17 23:02:26,941 - root - INFO - [31mstep: 2992  [32mloss:  2.7500  [38;2;180;60;0mgrad_norm:  1.0084  [38;2;54;234;195mmemory: 22.44GiB(28.24%)  [34mtps: 149  [36mtflops: 7.18  [35mmfu: 0.73%[39m
[rank0]:[titan] 2026-03-17 23:02:40,253 - root - INFO - [31mstep: 2993  [32mloss:  2.7500  [38;2;180;60;0mgrad_norm:  0.7697  [38;2;54;234;195mmemory: 22.44GiB(28.24%)  [34mtps: 154  [36mtflops: 7.42  [35mmfu: 0.75%[39m
[rank0]:[titan] 2026-03-17 23:02:53,573 - root - INFO - [31mstep: 2994  [32mloss:  2.7500  [38;2;180;60;0mgrad_norm:  0.6266  [38;2;54;234;195mmemory: 22.44GiB(28.24%)  [34mtps: 154  [36mtflops: 7.42  [35mmfu: 0.75%[39m
[rank0]:[titan] 2026-03-17 23:03:07,457 - root - INFO - [31mstep: 2995  [32mloss:  2.7969  [38;2;180;60;0mgrad_norm:  0.7421  [38;2;54;234;195mmemory: 22.44GiB(28.24%)  [34mtps: 148  [36mtflops: 7.12  [35mmfu: 0.72%[39m
[rank0]:[titan] 2026-03-17 23:03:20,859 - root - INFO - [31mstep: 2996  [32mloss:  2.7500  [38;2;180;60;0mgrad_norm:  0.8909  [38;2;54;234;195mmemory: 22.44GiB(28.24%)  [34mtps: 153  [36mtflops: 7.37  [35mmfu: 0.75%[39m
[rank0]:[titan] 2026-03-17 23:03:34,173 - root - INFO - [31mstep: 2997  [32mloss:  2.7656  [38;2;180;60;0mgrad_norm:  0.8024  [38;2;54;234;195mmemory: 22.44GiB(28.24%)  [34mtps: 154  [36mtflops: 7.42  [35mmfu: 0.75%[39m
[rank0]:[titan] 2026-03-17 23:03:47,611 - root - INFO - [31mstep: 2998  [32mloss:  2.7656  [38;2;180;60;0mgrad_norm:  0.8910  [38;2;54;234;195mmemory: 22.44GiB(28.24%)  [34mtps: 152  [36mtflops: 7.35  [35mmfu: 0.74%[39m
[rank0]:[titan] 2026-03-17 23:04:01,222 - root - INFO - [31mstep: 2999  [32mloss:  2.7500  [38;2;180;60;0mgrad_norm:  1.0672  [38;2;54;234;195mmemory: 22.44GiB(28.24%)  [34mtps: 150  [36mtflops: 7.26  [35mmfu: 0.73%[39m
[rank0]:[titan] 2026-03-17 23:04:14,992 - root - INFO - [31mstep: 3000  [32mloss:  2.6875  [38;2;180;60;0mgrad_norm:  1.0353  [38;2;54;234;195mmemory: 22.44GiB(28.24%)  [34mtps: 149  [36mtflops: 7.18  [35mmfu: 0.73%[39m
[rank0]:[titan] 2026-03-17 23:04:14,994 - root - INFO - [33mpost-warmup (100 steps) avg  [34mtps: 139  [36mtflops: 6.69  [35mmfu: 0.68%[39m
[rank0]:[titan] 2026-03-17 23:04:14,994 - root - INFO - Training completed
