========================
START TIME: Tue Mar 17 10:40:37 UTC 2026
python3 version = Python 3.12.9
===========
Running job: llama3_8b_fsdp_cpu_offload_torchtitan
Config file: /fsx/ferdinandmom/ferdinand-hf/huggingface/torchtitan/torchtitan/experiments/debug_fsdp/configs/torchtitan_llama3_8b.toml
Running command: srun -u torchrun     --nproc_per_node 8     --nnodes 1     --rdzv_endpoint ip-26-0-162-14:12531     --rdzv_backend c10d     --max_restarts 0     --role rank     --local_ranks_filter 0     --tee 3     minimal_fsdp.py     --job.config_file /fsx/ferdinandmom/ferdinand-hf/huggingface/torchtitan/torchtitan/experiments/debug_fsdp/configs/torchtitan_llama3_8b.toml     --checkpoint.enable     --checkpoint.initial_load_path outputs/llama3_8b/seed_checkpoint/checkpoint/step-0     --checkpoint.load_only     --training.enable_cpu_offload     --model.flavor 8B
Job status: RUNNING
W0317 10:40:43.410000 2415551 torch/distributed/run.py:853] 
W0317 10:40:43.410000 2415551 torch/distributed/run.py:853] *****************************************
W0317 10:40:43.410000 2415551 torch/distributed/run.py:853] Setting OMP_NUM_THREADS environment variable for each process to be 1 in default, to avoid your system being overloaded, please further tune the variable for optimal performance in your application as needed. 
W0317 10:40:43.410000 2415551 torch/distributed/run.py:853] *****************************************
[rank0]:[titan] 2026-03-17 10:41:02,658 - root - WARNING - ENV[TORCH_NCCL_ASYNC_ERROR_HANDLING] = 1 will be overridden to 3 based on job config
[rank0]:[Gloo] Rank 0 is connected to 7 peer ranks. Expected number of connected peer ranks is : 7
[rank0]:[titan] 2026-03-17 10:41:02,796 - root - INFO - Building 1-D device mesh with ['dp_shard'], [8]
[rank0]:[titan] 2026-03-17 10:41:02,799 - root - INFO - Deterministic algorithm enabled (expect perf degradation).
[rank0]:[titan] 2026-03-17 10:41:02,848 - root - INFO - Initialized distributed run rank=0 world_size=8 local_rank=0 mesh=[0, 1, 2, 3, 4, 5, 6, 7]
[rank0]:[titan] 2026-03-17 10:41:02,848 - root - INFO - Backend: torchtitan (llama3)
[rank0]:[titan] 2026-03-17 10:41:02,848 - root - INFO - Building llama3 8B with TransformerModelArgs(_enforced='This field is used to enforce all fields have defaults.', dim=4096, n_layers=32, n_heads=32, n_kv_heads=8, vocab_size=128256, multiple_of=1024, ffn_dim_multiplier=1.3, norm_eps=1e-05, rope_theta=500000, rope_scaling_args=RoPEScalingArgs(scaling_factor=8.0, low_freq_factor=1.0, high_freq_factor=4.0, original_max_position_embeddings=8192), max_seq_len=2048, depth_init=True, attn_type='sdpa', attn_mask_type='causal', eos_id=0)
[rank0]:[titan] 2026-03-17 10:41:57,040 - root - WARNING - model.safetensors.index.json not found at hf_assets_path: ../../../tests/assets/tokenizer/model.safetensors.index.json.                     Defaulting to saving a single safetensors file if checkpoint is saved in HF format
[rank0]:[titan] 2026-03-17 10:42:12,825 - root - INFO - Loaded seed checkpoint from outputs/llama3_8b/seed_checkpoint/checkpoint/step-0
[rank0]:[titan] 2026-03-17 10:42:25,147 - root - INFO - TorchTitan FSDP options: cpu_offload=True mixed_precision=False param_dtype=float32 reduce_dtype=float32
[rank0]:[titan] 2026-03-17 10:42:32,308 - root - INFO - Peak FLOPS used for computing MFU: 9.890e+14
[rank0]:[titan] 2026-03-17 10:42:32,308 - root - INFO - CUDA memory usage for model: 30.16GiB(37.97%)
[rank0]:[titan] 2026-03-17 10:42:32,311 - root - INFO - Loading tokenizer from tokenizer.json
[rank0]:[titan] 2026-03-17 10:42:32,319 - root - INFO - Preparing c4_test dataset from ../../../tests/assets/c4_test
[rank0]:/fsx/ferdinandmom/ferdinand-hf/huggingface/torchtitan/env_torchtitan_official/lib/python3.12/site-packages/torch/distributed/device_mesh.py:604: UserWarning: Slicing a flattened dim from root mesh will be deprecated in PT 2.11. Users need to bookkeep the flattened mesh directly. 
[rank0]:  sliced_mesh_layout = self._get_slice_mesh_layout(mesh_dim_names)
[rank0]:[titan] 2026-03-17 10:42:32,752 - root - INFO - Trainer: local_bs=1, global_bs=8, seq_len=2048, steps=3000 (warmup 100)
[rank0]:[titan] 2026-03-17 10:42:32,752 - root - INFO - Training starts at step 1
[rank0]:/fsx/ferdinandmom/ferdinand-hf/huggingface/torchtitan/env_torchtitan_official/lib/python3.12/site-packages/torch/distributed/device_mesh.py:604: UserWarning: Slicing a flattened dim from root mesh will be deprecated in PT 2.11. Users need to bookkeep the flattened mesh directly. 
[rank0]:  sliced_mesh_layout = self._get_slice_mesh_layout(mesh_dim_names)
[rank0]:[titan] 2026-03-17 10:43:01,267 - root - INFO - [31mstep:  1  [32mloss: 12.1222  [38;2;180;60;0mgrad_norm: 27.1434  [38;2;54;234;195mmemory: 37.96GiB(47.79%)  [34mtps: 72  [36mtflops: 3.47  [35mmfu: 0.35%[39m
[rank0]:[titan] 2026-03-17 10:43:01,268 - root - INFO - Synchronizing and adjusting timeout for all ProcessGroups to 0:01:40
[rank0]:[titan] 2026-03-17 10:43:19,954 - root - INFO - [31mstep:  2  [32mloss: 11.4884  [38;2;180;60;0mgrad_norm: 49.4248  [38;2;54;234;195mmemory: 39.92GiB(50.26%)  [34mtps: 110  [36mtflops: 5.29  [35mmfu: 0.53%[39m
[rank0]:[titan] 2026-03-17 10:43:38,721 - root - INFO - [31mstep:  3  [32mloss: 13.0537  [38;2;180;60;0mgrad_norm: 24.1758  [38;2;54;234;195mmemory: 39.92GiB(50.26%)  [34mtps: 109  [36mtflops: 5.27  [35mmfu: 0.53%[39m
[rank0]:[titan] 2026-03-17 10:43:56,183 - root - INFO - [31mstep:  4  [32mloss: 13.7239  [38;2;180;60;0mgrad_norm: 36.7333  [38;2;54;234;195mmemory: 39.92GiB(50.26%)  [34mtps: 117  [36mtflops: 5.66  [35mmfu: 0.57%[39m
[rank0]:[titan] 2026-03-17 10:44:13,762 - root - INFO - [31mstep:  5  [32mloss: 14.3690  [38;2;180;60;0mgrad_norm: 42.4988  [38;2;54;234;195mmemory: 39.92GiB(50.26%)  [34mtps: 117  [36mtflops: 5.62  [35mmfu: 0.57%[39m
[rank0]:[titan] 2026-03-17 10:44:31,328 - root - INFO - [31mstep:  6  [32mloss: 12.4417  [38;2;180;60;0mgrad_norm: 32.0671  [38;2;54;234;195mmemory: 39.92GiB(50.26%)  [34mtps: 117  [36mtflops: 5.63  [35mmfu: 0.57%[39m
[rank0]:[titan] 2026-03-17 10:44:49,006 - root - INFO - [31mstep:  7  [32mloss: 11.1803  [38;2;180;60;0mgrad_norm: 28.7277  [38;2;54;234;195mmemory: 39.92GiB(50.26%)  [34mtps: 116  [36mtflops: 5.59  [35mmfu: 0.57%[39m
[rank0]:[titan] 2026-03-17 10:45:06,523 - root - INFO - [31mstep:  8  [32mloss:  9.9141  [38;2;180;60;0mgrad_norm: 29.1610  [38;2;54;234;195mmemory: 39.92GiB(50.26%)  [34mtps: 117  [36mtflops: 5.64  [35mmfu: 0.57%[39m
[rank0]:[titan] 2026-03-17 10:45:24,359 - root - INFO - [31mstep:  9  [32mloss:  8.8751  [38;2;180;60;0mgrad_norm: 32.6796  [38;2;54;234;195mmemory: 39.92GiB(50.26%)  [34mtps: 115  [36mtflops: 5.54  [35mmfu: 0.56%[39m
[rank0]:[titan] 2026-03-17 10:45:41,648 - root - INFO - [31mstep: 10  [32mloss:  7.5905  [38;2;180;60;0mgrad_norm: 20.6977  [38;2;54;234;195mmemory: 39.92GiB(50.26%)  [34mtps: 118  [36mtflops: 5.72  [35mmfu: 0.58%[39m
[rank0]:[titan] 2026-03-17 10:45:59,388 - root - INFO - [31mstep: 11  [32mloss:  6.3950  [38;2;180;60;0mgrad_norm: 16.8986  [38;2;54;234;195mmemory: 39.92GiB(50.26%)  [34mtps: 115  [36mtflops: 5.57  [35mmfu: 0.56%[39m
[rank0]:[titan] 2026-03-17 10:46:19,112 - root - INFO - [31mstep: 12  [32mloss:  6.2606  [38;2;180;60;0mgrad_norm: 45.6110  [38;2;54;234;195mmemory: 39.92GiB(50.26%)  [34mtps: 104  [36mtflops: 5.01  [35mmfu: 0.51%[39m
[rank0]:[titan] 2026-03-17 10:46:36,867 - root - INFO - [31mstep: 13  [32mloss:  5.6124  [38;2;180;60;0mgrad_norm: 24.6399  [38;2;54;234;195mmemory: 39.92GiB(50.26%)  [34mtps: 115  [36mtflops: 5.57  [35mmfu: 0.56%[39m
[rank0]:[titan] 2026-03-17 10:46:54,827 - root - INFO - [31mstep: 14  [32mloss:  5.6035  [38;2;180;60;0mgrad_norm: 44.6369  [38;2;54;234;195mmemory: 39.92GiB(50.26%)  [34mtps: 114  [36mtflops: 5.50  [35mmfu: 0.56%[39m
[rank0]:[titan] 2026-03-17 10:47:12,513 - root - INFO - [31mstep: 15  [32mloss:  4.5949  [38;2;180;60;0mgrad_norm: 17.5337  [38;2;54;234;195mmemory: 39.92GiB(50.26%)  [34mtps: 116  [36mtflops: 5.59  [35mmfu: 0.56%[39m
[rank0]:[titan] 2026-03-17 10:47:30,173 - root - INFO - [31mstep: 16  [32mloss:  4.5650  [38;2;180;60;0mgrad_norm: 21.5107  [38;2;54;234;195mmemory: 39.92GiB(50.26%)  [34mtps: 116  [36mtflops: 5.60  [35mmfu: 0.57%[39m
[rank0]:[titan] 2026-03-17 10:47:47,932 - root - INFO - [31mstep: 17  [32mloss:  4.3704  [38;2;180;60;0mgrad_norm: 20.9929  [38;2;54;234;195mmemory: 39.92GiB(50.26%)  [34mtps: 115  [36mtflops: 5.56  [35mmfu: 0.56%[39m
[rank0]:[titan] 2026-03-17 10:48:06,169 - root - INFO - [31mstep: 18  [32mloss:  4.2611  [38;2;180;60;0mgrad_norm: 22.3675  [38;2;54;234;195mmemory: 39.92GiB(50.26%)  [34mtps: 112  [36mtflops: 5.42  [35mmfu: 0.55%[39m
[rank0]:[titan] 2026-03-17 10:48:24,293 - root - INFO - [31mstep: 19  [32mloss:  4.1530  [38;2;180;60;0mgrad_norm: 18.8837  [38;2;54;234;195mmemory: 39.92GiB(50.26%)  [34mtps: 113  [36mtflops: 5.45  [35mmfu: 0.55%[39m
[rank0]:[titan] 2026-03-17 10:48:42,061 - root - INFO - [31mstep: 20  [32mloss:  3.8630  [38;2;180;60;0mgrad_norm: 15.0707  [38;2;54;234;195mmemory: 39.92GiB(50.26%)  [34mtps: 115  [36mtflops: 5.56  [35mmfu: 0.56%[39m
[rank0]:[titan] 2026-03-17 10:48:59,842 - root - INFO - [31mstep: 21  [32mloss:  3.7326  [38;2;180;60;0mgrad_norm: 17.0805  [38;2;54;234;195mmemory: 39.92GiB(50.26%)  [34mtps: 115  [36mtflops: 5.56  [35mmfu: 0.56%[39m
[rank0]:[titan] 2026-03-17 10:49:18,175 - root - INFO - [31mstep: 22  [32mloss:  3.6798  [38;2;180;60;0mgrad_norm: 12.0280  [38;2;54;234;195mmemory: 39.92GiB(50.26%)  [34mtps: 112  [36mtflops: 5.39  [35mmfu: 0.55%[39m
[rank0]:[titan] 2026-03-17 10:49:36,467 - root - INFO - [31mstep: 23  [32mloss:  3.7776  [38;2;180;60;0mgrad_norm: 19.2203  [38;2;54;234;195mmemory: 39.92GiB(50.26%)  [34mtps: 112  [36mtflops: 5.40  [35mmfu: 0.55%[39m
[rank0]:[titan] 2026-03-17 10:49:54,357 - root - INFO - [31mstep: 24  [32mloss:  3.8820  [38;2;180;60;0mgrad_norm: 19.7677  [38;2;54;234;195mmemory: 39.92GiB(50.26%)  [34mtps: 114  [36mtflops: 5.52  [35mmfu: 0.56%[39m
[rank0]:[titan] 2026-03-17 10:50:11,978 - root - INFO - [31mstep: 25  [32mloss:  3.7006  [38;2;180;60;0mgrad_norm:  9.9471  [38;2;54;234;195mmemory: 39.92GiB(50.26%)  [34mtps: 116  [36mtflops: 5.61  [35mmfu: 0.57%[39m
[rank0]:[titan] 2026-03-17 10:50:29,879 - root - INFO - [31mstep: 26  [32mloss:  3.6496  [38;2;180;60;0mgrad_norm:  9.9543  [38;2;54;234;195mmemory: 39.92GiB(50.26%)  [34mtps: 114  [36mtflops: 5.52  [35mmfu: 0.56%[39m
[rank0]:[titan] 2026-03-17 10:50:48,259 - root - INFO - [31mstep: 27  [32mloss:  3.6013  [38;2;180;60;0mgrad_norm: 13.2298  [38;2;54;234;195mmemory: 39.92GiB(50.26%)  [34mtps: 111  [36mtflops: 5.38  [35mmfu: 0.54%[39m
[rank0]:[titan] 2026-03-17 10:51:06,203 - root - INFO - [31mstep: 28  [32mloss:  3.5020  [38;2;180;60;0mgrad_norm: 10.1624  [38;2;54;234;195mmemory: 39.92GiB(50.26%)  [34mtps: 114  [36mtflops: 5.51  [35mmfu: 0.56%[39m
[rank0]:[titan] 2026-03-17 10:51:24,060 - root - INFO - [31mstep: 29  [32mloss:  3.5080  [38;2;180;60;0mgrad_norm: 13.4324  [38;2;54;234;195mmemory: 39.92GiB(50.26%)  [34mtps: 115  [36mtflops: 5.53  [35mmfu: 0.56%[39m
[rank0]:[titan] 2026-03-17 10:51:41,567 - root - INFO - [31mstep: 30  [32mloss:  3.5181  [38;2;180;60;0mgrad_norm:  9.4171  [38;2;54;234;195mmemory: 39.92GiB(50.26%)  [34mtps: 117  [36mtflops: 5.64  [35mmfu: 0.57%[39m
[rank0]:[titan] 2026-03-17 10:52:00,019 - root - INFO - [31mstep: 31  [32mloss:  3.5603  [38;2;180;60;0mgrad_norm: 10.4897  [38;2;54;234;195mmemory: 39.92GiB(50.26%)  [34mtps: 111  [36mtflops: 5.36  [35mmfu: 0.54%[39m
[rank0]:[titan] 2026-03-17 10:52:17,282 - root - INFO - [31mstep: 32  [32mloss:  3.4467  [38;2;180;60;0mgrad_norm:  7.8724  [38;2;54;234;195mmemory: 39.92GiB(50.26%)  [34mtps: 119  [36mtflops: 5.72  [35mmfu: 0.58%[39m
[rank0]:[titan] 2026-03-17 10:52:35,021 - root - INFO - [31mstep: 33  [32mloss:  3.3567  [38;2;180;60;0mgrad_norm:  5.8042  [38;2;54;234;195mmemory: 39.92GiB(50.26%)  [34mtps: 115  [36mtflops: 5.57  [35mmfu: 0.56%[39m
[rank0]:[titan] 2026-03-17 10:52:52,476 - root - INFO - [31mstep: 34  [32mloss:  3.3690  [38;2;180;60;0mgrad_norm:  8.6179  [38;2;54;234;195mmemory: 39.92GiB(50.26%)  [34mtps: 117  [36mtflops: 5.66  [35mmfu: 0.57%[39m
[rank0]:[titan] 2026-03-17 10:53:09,999 - root - INFO - [31mstep: 35  [32mloss:  3.4247  [38;2;180;60;0mgrad_norm: 10.2453  [38;2;54;234;195mmemory: 39.92GiB(50.26%)  [34mtps: 117  [36mtflops: 5.64  [35mmfu: 0.57%[39m
[rank0]:[titan] 2026-03-17 10:53:27,640 - root - INFO - [31mstep: 36  [32mloss:  3.4590  [38;2;180;60;0mgrad_norm: 10.1110  [38;2;54;234;195mmemory: 39.92GiB(50.26%)  [34mtps: 116  [36mtflops: 5.60  [35mmfu: 0.57%[39m
[rank0]:[titan] 2026-03-17 10:53:45,116 - root - INFO - [31mstep: 37  [32mloss:  3.5013  [38;2;180;60;0mgrad_norm:  5.9724  [38;2;54;234;195mmemory: 39.92GiB(50.26%)  [34mtps: 117  [36mtflops: 5.65  [35mmfu: 0.57%[39m
[rank0]:[titan] 2026-03-17 10:54:02,880 - root - INFO - [31mstep: 38  [32mloss:  3.2956  [38;2;180;60;0mgrad_norm:  5.8645  [38;2;54;234;195mmemory: 39.92GiB(50.26%)  [34mtps: 115  [36mtflops: 5.56  [35mmfu: 0.56%[39m
[rank0]:[titan] 2026-03-17 10:54:20,252 - root - INFO - [31mstep: 39  [32mloss:  3.3338  [38;2;180;60;0mgrad_norm:  5.7263  [38;2;54;234;195mmemory: 39.92GiB(50.26%)  [34mtps: 118  [36mtflops: 5.69  [35mmfu: 0.58%[39m
[rank0]:[titan] 2026-03-17 10:54:38,701 - root - INFO - [31mstep: 40  [32mloss:  3.3260  [38;2;180;60;0mgrad_norm:  4.8847  [38;2;54;234;195mmemory: 39.92GiB(50.26%)  [34mtps: 111  [36mtflops: 5.36  [35mmfu: 0.54%[39m
[rank0]:[titan] 2026-03-17 10:54:56,233 - root - INFO - [31mstep: 41  [32mloss:  3.2968  [38;2;180;60;0mgrad_norm:  5.5070  [38;2;54;234;195mmemory: 39.92GiB(50.26%)  [34mtps: 117  [36mtflops: 5.64  [35mmfu: 0.57%[39m
[rank0]:[titan] 2026-03-17 10:55:14,071 - root - INFO - [31mstep: 42  [32mloss:  3.2767  [38;2;180;60;0mgrad_norm:  6.5404  [38;2;54;234;195mmemory: 39.92GiB(50.26%)  [34mtps: 115  [36mtflops: 5.54  [35mmfu: 0.56%[39m
[rank0]:[titan] 2026-03-17 10:55:32,025 - root - INFO - [31mstep: 43  [32mloss:  3.2574  [38;2;180;60;0mgrad_norm:  5.0489  [38;2;54;234;195mmemory: 39.92GiB(50.26%)  [34mtps: 114  [36mtflops: 5.50  [35mmfu: 0.56%[39m
[rank0]:[titan] 2026-03-17 10:55:50,286 - root - INFO - [31mstep: 44  [32mloss:  3.3242  [38;2;180;60;0mgrad_norm:  4.3562  [38;2;54;234;195mmemory: 39.92GiB(50.26%)  [34mtps: 112  [36mtflops: 5.41  [35mmfu: 0.55%[39m
[rank0]:[titan] 2026-03-17 10:56:07,964 - root - INFO - [31mstep: 45  [32mloss:  3.3504  [38;2;180;60;0mgrad_norm:  4.6198  [38;2;54;234;195mmemory: 39.92GiB(50.26%)  [34mtps: 116  [36mtflops: 5.59  [35mmfu: 0.57%[39m
[rank0]:[titan] 2026-03-17 10:56:25,933 - root - INFO - [31mstep: 46  [32mloss:  3.3203  [38;2;180;60;0mgrad_norm:  4.7485  [38;2;54;234;195mmemory: 39.92GiB(50.26%)  [34mtps: 114  [36mtflops: 5.50  [35mmfu: 0.56%[39m
[rank0]:[titan] 2026-03-17 10:56:44,046 - root - INFO - [31mstep: 47  [32mloss:  3.2267  [38;2;180;60;0mgrad_norm:  4.7885  [38;2;54;234;195mmemory: 39.92GiB(50.26%)  [34mtps: 113  [36mtflops: 5.46  [35mmfu: 0.55%[39m
[rank0]:[titan] 2026-03-17 10:57:01,972 - root - INFO - [31mstep: 48  [32mloss:  3.2707  [38;2;180;60;0mgrad_norm:  4.7716  [38;2;54;234;195mmemory: 39.92GiB(50.26%)  [34mtps: 114  [36mtflops: 5.51  [35mmfu: 0.56%[39m
[rank0]:[titan] 2026-03-17 10:57:19,827 - root - INFO - [31mstep: 49  [32mloss:  3.2628  [38;2;180;60;0mgrad_norm:  4.0355  [38;2;54;234;195mmemory: 39.92GiB(50.26%)  [34mtps: 115  [36mtflops: 5.53  [35mmfu: 0.56%[39m
[rank0]:[titan] 2026-03-17 10:57:37,551 - root - INFO - [31mstep: 50  [32mloss:  3.2008  [38;2;180;60;0mgrad_norm:  3.6825  [38;2;54;234;195mmemory: 39.92GiB(50.26%)  [34mtps: 116  [36mtflops: 5.58  [35mmfu: 0.56%[39m
[rank0]:[titan] 2026-03-17 10:57:55,148 - root - INFO - [31mstep: 51  [32mloss:  3.2079  [38;2;180;60;0mgrad_norm:  3.7896  [38;2;54;234;195mmemory: 39.92GiB(50.26%)  [34mtps: 116  [36mtflops: 5.62  [35mmfu: 0.57%[39m
[rank0]:[titan] 2026-03-17 10:58:12,673 - root - INFO - [31mstep: 52  [32mloss:  3.2638  [38;2;180;60;0mgrad_norm:  4.0876  [38;2;54;234;195mmemory: 39.92GiB(50.26%)  [34mtps: 117  [36mtflops: 5.64  [35mmfu: 0.57%[39m
[rank0]:[titan] 2026-03-17 10:58:30,433 - root - INFO - [31mstep: 53  [32mloss:  3.2115  [38;2;180;60;0mgrad_norm:  3.4506  [38;2;54;234;195mmemory: 39.92GiB(50.26%)  [34mtps: 115  [36mtflops: 5.56  [35mmfu: 0.56%[39m
[rank0]:[titan] 2026-03-17 10:58:47,783 - root - INFO - [31mstep: 54  [32mloss:  3.2367  [38;2;180;60;0mgrad_norm:  3.5899  [38;2;54;234;195mmemory: 39.92GiB(50.26%)  [34mtps: 118  [36mtflops: 5.70  [35mmfu: 0.58%[39m
[rank0]:[titan] 2026-03-17 10:59:05,275 - root - INFO - [31mstep: 55  [32mloss:  3.2407  [38;2;180;60;0mgrad_norm:  3.9404  [38;2;54;234;195mmemory: 39.92GiB(50.26%)  [34mtps: 117  [36mtflops: 5.65  [35mmfu: 0.57%[39m
[rank0]:[titan] 2026-03-17 10:59:22,604 - root - INFO - [31mstep: 56  [32mloss:  3.3098  [38;2;180;60;0mgrad_norm:  3.5871  [38;2;54;234;195mmemory: 39.92GiB(50.26%)  [34mtps: 118  [36mtflops: 5.70  [35mmfu: 0.58%[39m
[rank0]:[titan] 2026-03-17 10:59:39,973 - root - INFO - [31mstep: 57  [32mloss:  3.2754  [38;2;180;60;0mgrad_norm:  4.4414  [38;2;54;234;195mmemory: 39.92GiB(50.26%)  [34mtps: 118  [36mtflops: 5.69  [35mmfu: 0.58%[39m
[rank0]:[titan] 2026-03-17 10:59:57,490 - root - INFO - [31mstep: 58  [32mloss:  3.2404  [38;2;180;60;0mgrad_norm:  3.1556  [38;2;54;234;195mmemory: 39.92GiB(50.26%)  [34mtps: 117  [36mtflops: 5.64  [35mmfu: 0.57%[39m
[rank0]:[titan] 2026-03-17 11:00:15,234 - root - INFO - [31mstep: 59  [32mloss:  3.2225  [38;2;180;60;0mgrad_norm:  2.9411  [38;2;54;234;195mmemory: 39.92GiB(50.26%)  [34mtps: 115  [36mtflops: 5.57  [35mmfu: 0.56%[39m
[rank0]:[titan] 2026-03-17 11:00:32,788 - root - INFO - [31mstep: 60  [32mloss:  3.1975  [38;2;180;60;0mgrad_norm:  3.4282  [38;2;54;234;195mmemory: 39.92GiB(50.26%)  [34mtps: 117  [36mtflops: 5.63  [35mmfu: 0.57%[39m
[rank0]:[titan] 2026-03-17 11:00:50,172 - root - INFO - [31mstep: 61  [32mloss:  3.2058  [38;2;180;60;0mgrad_norm:  4.6537  [38;2;54;234;195mmemory: 39.92GiB(50.26%)  [34mtps: 118  [36mtflops: 5.68  [35mmfu: 0.57%[39m
[rank0]:[titan] 2026-03-17 11:01:07,627 - root - INFO - [31mstep: 62  [32mloss:  3.2058  [38;2;180;60;0mgrad_norm:  3.6006  [38;2;54;234;195mmemory: 39.92GiB(50.26%)  [34mtps: 117  [36mtflops: 5.66  [35mmfu: 0.57%[39m
[rank0]:[titan] 2026-03-17 11:01:25,217 - root - INFO - [31mstep: 63  [32mloss:  3.2566  [38;2;180;60;0mgrad_norm:  3.5492  [38;2;54;234;195mmemory: 39.92GiB(50.26%)  [34mtps: 116  [36mtflops: 5.62  [35mmfu: 0.57%[39m
[rank0]:[titan] 2026-03-17 11:01:41,534 - root - INFO - [31mstep: 64  [32mloss:  3.2396  [38;2;180;60;0mgrad_norm:  3.0446  [38;2;54;234;195mmemory: 39.92GiB(50.26%)  [34mtps: 126  [36mtflops: 6.06  [35mmfu: 0.61%[39m
[rank0]:[titan] 2026-03-17 11:01:59,456 - root - INFO - [31mstep: 65  [32mloss:  3.2843  [38;2;180;60;0mgrad_norm:  4.5534  [38;2;54;234;195mmemory: 39.92GiB(50.26%)  [34mtps: 114  [36mtflops: 5.51  [35mmfu: 0.56%[39m
[rank0]:[titan] 2026-03-17 11:02:17,618 - root - INFO - [31mstep: 66  [32mloss:  3.3165  [38;2;180;60;0mgrad_norm:  2.5046  [38;2;54;234;195mmemory: 39.92GiB(50.26%)  [34mtps: 113  [36mtflops: 5.44  [35mmfu: 0.55%[39m
[rank0]:[titan] 2026-03-17 11:02:35,149 - root - INFO - [31mstep: 67  [32mloss:  3.2381  [38;2;180;60;0mgrad_norm:  3.4899  [38;2;54;234;195mmemory: 39.92GiB(50.26%)  [34mtps: 117  [36mtflops: 5.64  [35mmfu: 0.57%[39m
[rank0]:[titan] 2026-03-17 11:02:52,690 - root - INFO - [31mstep: 68  [32mloss:  3.2980  [38;2;180;60;0mgrad_norm:  3.0935  [38;2;54;234;195mmemory: 39.92GiB(50.26%)  [34mtps: 117  [36mtflops: 5.63  [35mmfu: 0.57%[39m
[rank0]:[titan] 2026-03-17 11:03:10,169 - root - INFO - [31mstep: 69  [32mloss:  3.1995  [38;2;180;60;0mgrad_norm:  3.1863  [38;2;54;234;195mmemory: 39.92GiB(50.26%)  [34mtps: 117  [36mtflops: 5.65  [35mmfu: 0.57%[39m
[rank0]:[titan] 2026-03-17 11:03:27,798 - root - INFO - [31mstep: 70  [32mloss:  3.2857  [38;2;180;60;0mgrad_norm:  2.8209  [38;2;54;234;195mmemory: 39.92GiB(50.26%)  [34mtps: 116  [36mtflops: 5.61  [35mmfu: 0.57%[39m
[rank0]:[titan] 2026-03-17 11:03:45,277 - root - INFO - [31mstep: 71  [32mloss:  3.4970  [38;2;180;60;0mgrad_norm:  2.8606  [38;2;54;234;195mmemory: 39.92GiB(50.26%)  [34mtps: 117  [36mtflops: 5.65  [35mmfu: 0.57%[39m
[rank0]:[titan] 2026-03-17 11:04:02,934 - root - INFO - [31mstep: 72  [32mloss:  3.4041  [38;2;180;60;0mgrad_norm:  2.7799  [38;2;54;234;195mmemory: 39.92GiB(50.26%)  [34mtps: 116  [36mtflops: 5.60  [35mmfu: 0.57%[39m
[rank0]:[titan] 2026-03-17 11:04:20,258 - root - INFO - [31mstep: 73  [32mloss:  3.2630  [38;2;180;60;0mgrad_norm:  3.4995  [38;2;54;234;195mmemory: 39.92GiB(50.26%)  [34mtps: 118  [36mtflops: 5.70  [35mmfu: 0.58%[39m
[rank0]:[titan] 2026-03-17 11:04:37,724 - root - INFO - [31mstep: 74  [32mloss:  3.1873  [38;2;180;60;0mgrad_norm:  3.4501  [38;2;54;234;195mmemory: 39.92GiB(50.26%)  [34mtps: 117  [36mtflops: 5.66  [35mmfu: 0.57%[39m
[rank0]:[titan] 2026-03-17 11:04:55,282 - root - INFO - [31mstep: 75  [32mloss:  3.1710  [38;2;180;60;0mgrad_norm:  3.2991  [38;2;54;234;195mmemory: 39.92GiB(50.26%)  [34mtps: 117  [36mtflops: 5.63  [35mmfu: 0.57%[39m
[rank0]:[titan] 2026-03-17 11:05:12,683 - root - INFO - [31mstep: 76  [32mloss:  3.1567  [38;2;180;60;0mgrad_norm:  2.6507  [38;2;54;234;195mmemory: 39.92GiB(50.26%)  [34mtps: 118  [36mtflops: 5.68  [35mmfu: 0.57%[39m
[rank0]:[titan] 2026-03-17 11:05:30,117 - root - INFO - [31mstep: 77  [32mloss:  3.1688  [38;2;180;60;0mgrad_norm:  3.4955  [38;2;54;234;195mmemory: 39.92GiB(50.26%)  [34mtps: 117  [36mtflops: 5.67  [35mmfu: 0.57%[39m
[rank0]:[titan] 2026-03-17 11:05:47,731 - root - INFO - [31mstep: 78  [32mloss:  3.2293  [38;2;180;60;0mgrad_norm:  4.1838  [38;2;54;234;195mmemory: 39.92GiB(50.26%)  [34mtps: 116  [36mtflops: 5.61  [35mmfu: 0.57%[39m
[rank0]:[titan] 2026-03-17 11:06:05,291 - root - INFO - [31mstep: 79  [32mloss:  3.1197  [38;2;180;60;0mgrad_norm:  3.1140  [38;2;54;234;195mmemory: 39.92GiB(50.26%)  [34mtps: 117  [36mtflops: 5.63  [35mmfu: 0.57%[39m
[rank0]:[titan] 2026-03-17 11:06:22,844 - root - INFO - [31mstep: 80  [32mloss:  3.1952  [38;2;180;60;0mgrad_norm:  4.4539  [38;2;54;234;195mmemory: 39.92GiB(50.26%)  [34mtps: 117  [36mtflops: 5.63  [35mmfu: 0.57%[39m
[rank0]:[titan] 2026-03-17 11:06:40,488 - root - INFO - [31mstep: 81  [32mloss:  3.1394  [38;2;180;60;0mgrad_norm:  3.5879  [38;2;54;234;195mmemory: 39.92GiB(50.26%)  [34mtps: 116  [36mtflops: 5.60  [35mmfu: 0.57%[39m
[rank0]:[titan] 2026-03-17 11:06:57,876 - root - INFO - [31mstep: 82  [32mloss:  3.0880  [38;2;180;60;0mgrad_norm:  3.3935  [38;2;54;234;195mmemory: 39.92GiB(50.26%)  [34mtps: 118  [36mtflops: 5.68  [35mmfu: 0.57%[39m
[rank0]:[titan] 2026-03-17 11:07:15,331 - root - INFO - [31mstep: 83  [32mloss:  3.1035  [38;2;180;60;0mgrad_norm:  4.2422  [38;2;54;234;195mmemory: 39.92GiB(50.26%)  [34mtps: 117  [36mtflops: 5.66  [35mmfu: 0.57%[39m
[rank0]:[titan] 2026-03-17 11:07:32,570 - root - INFO - [31mstep: 84  [32mloss:  3.1913  [38;2;180;60;0mgrad_norm:  2.8265  [38;2;54;234;195mmemory: 39.92GiB(50.26%)  [34mtps: 119  [36mtflops: 5.73  [35mmfu: 0.58%[39m
[rank0]:[titan] 2026-03-17 11:07:50,285 - root - INFO - [31mstep: 85  [32mloss:  3.2316  [38;2;180;60;0mgrad_norm:  5.1124  [38;2;54;234;195mmemory: 39.92GiB(50.26%)  [34mtps: 116  [36mtflops: 5.58  [35mmfu: 0.56%[39m
[rank0]:[titan] 2026-03-17 11:08:07,941 - root - INFO - [31mstep: 86  [32mloss:  3.1451  [38;2;180;60;0mgrad_norm:  4.6869  [38;2;54;234;195mmemory: 39.92GiB(50.26%)  [34mtps: 116  [36mtflops: 5.60  [35mmfu: 0.57%[39m
[rank0]:[titan] 2026-03-17 11:08:25,695 - root - INFO - [31mstep: 87  [32mloss:  3.1148  [38;2;180;60;0mgrad_norm:  5.8144  [38;2;54;234;195mmemory: 39.92GiB(50.26%)  [34mtps: 115  [36mtflops: 5.57  [35mmfu: 0.56%[39m
[rank0]:[titan] 2026-03-17 11:08:43,381 - root - INFO - [31mstep: 88  [32mloss:  3.0712  [38;2;180;60;0mgrad_norm:  4.5909  [38;2;54;234;195mmemory: 39.92GiB(50.26%)  [34mtps: 116  [36mtflops: 5.59  [35mmfu: 0.56%[39m
[rank0]:[titan] 2026-03-17 11:09:00,583 - root - INFO - [31mstep: 89  [32mloss:  3.0647  [38;2;180;60;0mgrad_norm:  4.3640  [38;2;54;234;195mmemory: 39.92GiB(50.26%)  [34mtps: 119  [36mtflops: 5.74  [35mmfu: 0.58%[39m
[rank0]:[titan] 2026-03-17 11:09:18,156 - root - INFO - [31mstep: 90  [32mloss:  3.1259  [38;2;180;60;0mgrad_norm:  4.9810  [38;2;54;234;195mmemory: 39.92GiB(50.26%)  [34mtps: 117  [36mtflops: 5.62  [35mmfu: 0.57%[39m
[rank0]:[titan] 2026-03-17 11:09:35,567 - root - INFO - [31mstep: 91  [32mloss:  3.0086  [38;2;180;60;0mgrad_norm:  3.3873  [38;2;54;234;195mmemory: 39.92GiB(50.26%)  [34mtps: 118  [36mtflops: 5.68  [35mmfu: 0.57%[39m
[rank0]:[titan] 2026-03-17 11:09:52,923 - root - INFO - [31mstep: 92  [32mloss:  3.1431  [38;2;180;60;0mgrad_norm:  4.7602  [38;2;54;234;195mmemory: 39.92GiB(50.26%)  [34mtps: 118  [36mtflops: 5.69  [35mmfu: 0.58%[39m
[rank0]:[titan] 2026-03-17 11:10:10,456 - root - INFO - [31mstep: 93  [32mloss:  3.0905  [38;2;180;60;0mgrad_norm:  5.0349  [38;2;54;234;195mmemory: 39.92GiB(50.26%)  [34mtps: 117  [36mtflops: 5.64  [35mmfu: 0.57%[39m
[rank0]:[titan] 2026-03-17 11:10:28,007 - root - INFO - [31mstep: 94  [32mloss:  3.0928  [38;2;180;60;0mgrad_norm:  3.3805  [38;2;54;234;195mmemory: 39.92GiB(50.26%)  [34mtps: 117  [36mtflops: 5.63  [35mmfu: 0.57%[39m
[rank0]:[titan] 2026-03-17 11:10:45,734 - root - INFO - [31mstep: 95  [32mloss:  3.0588  [38;2;180;60;0mgrad_norm:  5.2122  [38;2;54;234;195mmemory: 39.92GiB(50.26%)  [34mtps: 116  [36mtflops: 5.57  [35mmfu: 0.56%[39m
[rank0]:[titan] 2026-03-17 11:11:03,347 - root - INFO - [31mstep: 96  [32mloss:  3.0693  [38;2;180;60;0mgrad_norm:  3.4728  [38;2;54;234;195mmemory: 39.92GiB(50.26%)  [34mtps: 116  [36mtflops: 5.61  [35mmfu: 0.57%[39m
[rank0]:[titan] 2026-03-17 11:11:20,657 - root - INFO - [31mstep: 97  [32mloss:  3.0343  [38;2;180;60;0mgrad_norm:  5.6236  [38;2;54;234;195mmemory: 39.92GiB(50.26%)  [34mtps: 118  [36mtflops: 5.71  [35mmfu: 0.58%[39m
[rank0]:[titan] 2026-03-17 11:11:38,264 - root - INFO - [31mstep: 98  [32mloss:  3.0212  [38;2;180;60;0mgrad_norm:  5.5812  [38;2;54;234;195mmemory: 39.92GiB(50.26%)  [34mtps: 116  [36mtflops: 5.61  [35mmfu: 0.57%[39m
[rank0]:[titan] 2026-03-17 11:11:55,979 - root - INFO - [31mstep: 99  [32mloss:  3.0578  [38;2;180;60;0mgrad_norm:  3.1328  [38;2;54;234;195mmemory: 39.92GiB(50.26%)  [34mtps: 116  [36mtflops: 5.58  [35mmfu: 0.56%[39m
[rank0]:[titan] 2026-03-17 11:12:13,492 - root - INFO - [31mstep: 100  [32mloss:  3.0206  [38;2;180;60;0mgrad_norm:  5.7154  [38;2;54;234;195mmemory: 39.92GiB(50.26%)  [34mtps: 117  [36mtflops: 5.64  [35mmfu: 0.57%[39m
[rank0]:[titan] 2026-03-17 11:12:31,047 - root - INFO - [31mstep: 101  [32mloss:  3.0823  [38;2;180;60;0mgrad_norm:  4.7482  [38;2;54;234;195mmemory: 39.92GiB(50.26%)  [34mtps: 117  [36mtflops: 5.63  [35mmfu: 0.57%[39m
[rank0]:[titan] 2026-03-17 11:12:48,554 - root - INFO - [31mstep: 102  [32mloss:  3.0643  [38;2;180;60;0mgrad_norm:  3.9305  [38;2;54;234;195mmemory: 39.92GiB(50.26%)  [34mtps: 117  [36mtflops: 5.64  [35mmfu: 0.57%[39m
[rank0]:[titan] 2026-03-17 11:13:06,071 - root - INFO - [31mstep: 103  [32mloss:  2.9984  [38;2;180;60;0mgrad_norm:  4.0774  [38;2;54;234;195mmemory: 39.92GiB(50.26%)  [34mtps: 117  [36mtflops: 5.64  [35mmfu: 0.57%[39m
[rank0]:[titan] 2026-03-17 11:13:23,616 - root - INFO - [31mstep: 104  [32mloss:  2.9904  [38;2;180;60;0mgrad_norm:  3.1631  [38;2;54;234;195mmemory: 39.92GiB(50.26%)  [34mtps: 117  [36mtflops: 5.63  [35mmfu: 0.57%[39m
[rank0]:[titan] 2026-03-17 11:13:41,295 - root - INFO - [31mstep: 105  [32mloss:  3.0103  [38;2;180;60;0mgrad_norm:  5.2563  [38;2;54;234;195mmemory: 39.92GiB(50.26%)  [34mtps: 116  [36mtflops: 5.59  [35mmfu: 0.57%[39m
[rank0]:[titan] 2026-03-17 11:13:58,913 - root - INFO - [31mstep: 106  [32mloss:  2.9990  [38;2;180;60;0mgrad_norm:  5.1981  [38;2;54;234;195mmemory: 39.92GiB(50.26%)  [34mtps: 116  [36mtflops: 5.61  [35mmfu: 0.57%[39m
[rank0]:[titan] 2026-03-17 11:14:16,506 - root - INFO - [31mstep: 107  [32mloss:  2.9983  [38;2;180;60;0mgrad_norm:  3.5087  [38;2;54;234;195mmemory: 39.92GiB(50.26%)  [34mtps: 116  [36mtflops: 5.62  [35mmfu: 0.57%[39m
[rank0]:[titan] 2026-03-17 11:14:33,983 - root - INFO - [31mstep: 108  [32mloss:  3.0929  [38;2;180;60;0mgrad_norm:  5.6686  [38;2;54;234;195mmemory: 39.92GiB(50.26%)  [34mtps: 117  [36mtflops: 5.65  [35mmfu: 0.57%[39m
[rank0]:[titan] 2026-03-17 11:14:51,665 - root - INFO - [31mstep: 109  [32mloss:  3.0309  [38;2;180;60;0mgrad_norm:  4.4192  [38;2;54;234;195mmemory: 39.92GiB(50.26%)  [34mtps: 116  [36mtflops: 5.59  [35mmfu: 0.57%[39m
[rank0]:[titan] 2026-03-17 11:15:09,035 - root - INFO - [31mstep: 110  [32mloss:  3.0191  [38;2;180;60;0mgrad_norm:  4.4360  [38;2;54;234;195mmemory: 39.92GiB(50.26%)  [34mtps: 118  [36mtflops: 5.69  [35mmfu: 0.58%[39m
[rank0]:[titan] 2026-03-17 11:15:26,360 - root - INFO - [31mstep: 111  [32mloss:  3.0001  [38;2;180;60;0mgrad_norm:  4.4831  [38;2;54;234;195mmemory: 39.92GiB(50.26%)  [34mtps: 118  [36mtflops: 5.70  [35mmfu: 0.58%[39m
[rank0]:[titan] 2026-03-17 11:15:43,499 - root - INFO - [31mstep: 112  [32mloss:  3.0203  [38;2;180;60;0mgrad_norm:  3.7345  [38;2;54;234;195mmemory: 39.92GiB(50.26%)  [34mtps: 119  [36mtflops: 5.77  [35mmfu: 0.58%[39m
[rank0]:[titan] 2026-03-17 11:16:00,787 - root - INFO - [31mstep: 113  [32mloss:  2.9638  [38;2;180;60;0mgrad_norm:  3.0317  [38;2;54;234;195mmemory: 39.92GiB(50.26%)  [34mtps: 118  [36mtflops: 5.72  [35mmfu: 0.58%[39m
[rank0]:[titan] 2026-03-17 11:16:18,138 - root - INFO - [31mstep: 114  [32mloss:  3.0403  [38;2;180;60;0mgrad_norm:  2.8276  [38;2;54;234;195mmemory: 39.92GiB(50.26%)  [34mtps: 118  [36mtflops: 5.70  [35mmfu: 0.58%[39m
[rank0]:[titan] 2026-03-17 11:16:35,643 - root - INFO - [31mstep: 115  [32mloss:  2.9534  [38;2;180;60;0mgrad_norm:  3.3518  [38;2;54;234;195mmemory: 39.92GiB(50.26%)  [34mtps: 117  [36mtflops: 5.65  [35mmfu: 0.57%[39m
[rank0]:[titan] 2026-03-17 11:16:53,366 - root - INFO - [31mstep: 116  [32mloss:  2.9581  [38;2;180;60;0mgrad_norm:  3.1286  [38;2;54;234;195mmemory: 39.92GiB(50.26%)  [34mtps: 116  [36mtflops: 5.58  [35mmfu: 0.56%[39m
[rank0]:[titan] 2026-03-17 11:17:10,916 - root - INFO - [31mstep: 117  [32mloss:  2.9572  [38;2;180;60;0mgrad_norm:  2.9119  [38;2;54;234;195mmemory: 39.92GiB(50.26%)  [34mtps: 117  [36mtflops: 5.63  [35mmfu: 0.57%[39m
[rank0]:[titan] 2026-03-17 11:17:28,494 - root - INFO - [31mstep: 118  [32mloss:  3.1116  [38;2;180;60;0mgrad_norm:  2.9858  [38;2;54;234;195mmemory: 39.92GiB(50.26%)  [34mtps: 117  [36mtflops: 5.62  [35mmfu: 0.57%[39m
[rank0]:[titan] 2026-03-17 11:17:46,076 - root - INFO - [31mstep: 119  [32mloss:  2.9775  [38;2;180;60;0mgrad_norm:  3.2409  [38;2;54;234;195mmemory: 39.92GiB(50.26%)  [34mtps: 116  [36mtflops: 5.62  [35mmfu: 0.57%[39m
[rank0]:[titan] 2026-03-17 11:18:03,726 - root - INFO - [31mstep: 120  [32mloss:  2.9752  [38;2;180;60;0mgrad_norm:  4.9172  [38;2;54;234;195mmemory: 39.92GiB(50.26%)  [34mtps: 116  [36mtflops: 5.60  [35mmfu: 0.57%[39m
[rank0]:[titan] 2026-03-17 11:18:21,421 - root - INFO - [31mstep: 121  [32mloss:  3.0113  [38;2;180;60;0mgrad_norm:  3.7387  [38;2;54;234;195mmemory: 39.92GiB(50.26%)  [34mtps: 116  [36mtflops: 5.58  [35mmfu: 0.56%[39m
[rank0]:[titan] 2026-03-17 11:18:38,932 - root - INFO - [31mstep: 122  [32mloss:  2.9586  [38;2;180;60;0mgrad_norm:  4.3668  [38;2;54;234;195mmemory: 39.92GiB(50.26%)  [34mtps: 117  [36mtflops: 5.64  [35mmfu: 0.57%[39m
[rank0]:[titan] 2026-03-17 11:18:56,304 - root - INFO - [31mstep: 123  [32mloss:  2.9024  [38;2;180;60;0mgrad_norm:  3.4968  [38;2;54;234;195mmemory: 39.92GiB(50.26%)  [34mtps: 118  [36mtflops: 5.69  [35mmfu: 0.58%[39m
[rank0]:[titan] 2026-03-17 11:19:13,559 - root - INFO - [31mstep: 124  [32mloss:  2.9333  [38;2;180;60;0mgrad_norm:  5.1703  [38;2;54;234;195mmemory: 39.92GiB(50.26%)  [34mtps: 119  [36mtflops: 5.73  [35mmfu: 0.58%[39m
[rank0]:[titan] 2026-03-17 11:19:31,147 - root - INFO - [31mstep: 125  [32mloss:  3.0258  [38;2;180;60;0mgrad_norm:  6.7368  [38;2;54;234;195mmemory: 39.92GiB(50.26%)  [34mtps: 116  [36mtflops: 5.62  [35mmfu: 0.57%[39m
[rank0]:[titan] 2026-03-17 11:19:48,868 - root - INFO - [31mstep: 126  [32mloss:  2.9895  [38;2;180;60;0mgrad_norm:  4.5751  [38;2;54;234;195mmemory: 39.92GiB(50.26%)  [34mtps: 116  [36mtflops: 5.58  [35mmfu: 0.56%[39m
[rank0]:[titan] 2026-03-17 11:20:06,420 - root - INFO - [31mstep: 127  [32mloss:  3.0028  [38;2;180;60;0mgrad_norm:  4.4054  [38;2;54;234;195mmemory: 39.92GiB(50.26%)  [34mtps: 117  [36mtflops: 5.63  [35mmfu: 0.57%[39m
[rank0]:[titan] 2026-03-17 11:20:23,821 - root - INFO - [31mstep: 128  [32mloss:  2.9665  [38;2;180;60;0mgrad_norm:  2.8878  [38;2;54;234;195mmemory: 39.92GiB(50.26%)  [34mtps: 118  [36mtflops: 5.68  [35mmfu: 0.57%[39m
[rank0]:[titan] 2026-03-17 11:20:41,259 - root - INFO - [31mstep: 129  [32mloss:  2.9074  [38;2;180;60;0mgrad_norm:  3.5302  [38;2;54;234;195mmemory: 39.92GiB(50.26%)  [34mtps: 117  [36mtflops: 5.67  [35mmfu: 0.57%[39m
[rank0]:[titan] 2026-03-17 11:20:58,823 - root - INFO - [31mstep: 130  [32mloss:  2.9249  [38;2;180;60;0mgrad_norm:  3.6067  [38;2;54;234;195mmemory: 39.92GiB(50.26%)  [34mtps: 117  [36mtflops: 5.63  [35mmfu: 0.57%[39m
[rank0]:[titan] 2026-03-17 11:21:16,237 - root - INFO - [31mstep: 131  [32mloss:  2.8820  [38;2;180;60;0mgrad_norm:  3.6298  [38;2;54;234;195mmemory: 39.92GiB(50.26%)  [34mtps: 118  [36mtflops: 5.67  [35mmfu: 0.57%[39m
[rank0]:[titan] 2026-03-17 11:21:33,876 - root - INFO - [31mstep: 132  [32mloss:  2.9512  [38;2;180;60;0mgrad_norm:  3.0209  [38;2;54;234;195mmemory: 39.92GiB(50.26%)  [34mtps: 116  [36mtflops: 5.60  [35mmfu: 0.57%[39m
[rank0]:[titan] 2026-03-17 11:21:51,461 - root - INFO - [31mstep: 133  [32mloss:  2.9381  [38;2;180;60;0mgrad_norm:  2.7558  [38;2;54;234;195mmemory: 39.92GiB(50.26%)  [34mtps: 116  [36mtflops: 5.62  [35mmfu: 0.57%[39m
[rank0]:[titan] 2026-03-17 11:22:08,776 - root - INFO - [31mstep: 134  [32mloss:  2.8717  [38;2;180;60;0mgrad_norm:  3.5029  [38;2;54;234;195mmemory: 39.92GiB(50.26%)  [34mtps: 118  [36mtflops: 5.71  [35mmfu: 0.58%[39m
[rank0]:[titan] 2026-03-17 11:22:26,090 - root - INFO - [31mstep: 135  [32mloss:  2.8490  [38;2;180;60;0mgrad_norm:  2.6040  [38;2;54;234;195mmemory: 39.92GiB(50.26%)  [34mtps: 118  [36mtflops: 5.71  [35mmfu: 0.58%[39m
[rank0]:[titan] 2026-03-17 11:22:43,436 - root - INFO - [31mstep: 136  [32mloss:  2.9021  [38;2;180;60;0mgrad_norm:  3.9893  [38;2;54;234;195mmemory: 39.92GiB(50.26%)  [34mtps: 118  [36mtflops: 5.70  [35mmfu: 0.58%[39m
[rank0]:[titan] 2026-03-17 11:23:00,762 - root - INFO - [31mstep: 137  [32mloss:  2.9478  [38;2;180;60;0mgrad_norm:  3.3843  [38;2;54;234;195mmemory: 39.92GiB(50.26%)  [34mtps: 118  [36mtflops: 5.70  [35mmfu: 0.58%[39m
[rank0]:[titan] 2026-03-17 11:23:18,427 - root - INFO - [31mstep: 138  [32mloss:  2.9843  [38;2;180;60;0mgrad_norm:  3.6793  [38;2;54;234;195mmemory: 39.92GiB(50.26%)  [34mtps: 116  [36mtflops: 5.59  [35mmfu: 0.57%[39m
[rank0]:[titan] 2026-03-17 11:23:35,963 - root - INFO - [31mstep: 139  [32mloss:  2.9288  [38;2;180;60;0mgrad_norm:  2.7675  [38;2;54;234;195mmemory: 39.92GiB(50.26%)  [34mtps: 117  [36mtflops: 5.64  [35mmfu: 0.57%[39m
[rank0]:[titan] 2026-03-17 11:23:53,312 - root - INFO - [31mstep: 140  [32mloss:  2.9716  [38;2;180;60;0mgrad_norm:  5.0051  [38;2;54;234;195mmemory: 39.92GiB(50.26%)  [34mtps: 118  [36mtflops: 5.70  [35mmfu: 0.58%[39m
[rank0]:[titan] 2026-03-17 11:24:10,543 - root - INFO - [31mstep: 141  [32mloss:  3.0502  [38;2;180;60;0mgrad_norm:  3.5540  [38;2;54;234;195mmemory: 39.92GiB(50.26%)  [34mtps: 119  [36mtflops: 5.74  [35mmfu: 0.58%[39m
[rank0]:[titan] 2026-03-17 11:24:27,477 - root - INFO - [31mstep: 142  [32mloss:  2.9757  [38;2;180;60;0mgrad_norm:  3.5497  [38;2;54;234;195mmemory: 39.92GiB(50.26%)  [34mtps: 121  [36mtflops: 5.84  [35mmfu: 0.59%[39m
[rank0]:[titan] 2026-03-17 11:24:45,008 - root - INFO - [31mstep: 143  [32mloss:  2.8983  [38;2;180;60;0mgrad_norm:  3.2725  [38;2;54;234;195mmemory: 39.92GiB(50.26%)  [34mtps: 117  [36mtflops: 5.64  [35mmfu: 0.57%[39m
[rank0]:[titan] 2026-03-17 11:25:02,747 - root - INFO - [31mstep: 144  [32mloss:  2.9081  [38;2;180;60;0mgrad_norm:  5.8781  [38;2;54;234;195mmemory: 39.92GiB(50.26%)  [34mtps: 115  [36mtflops: 5.57  [35mmfu: 0.56%[39m
[rank0]:[titan] 2026-03-17 11:25:19,982 - root - INFO - [31mstep: 145  [32mloss:  2.9605  [38;2;180;60;0mgrad_norm:  5.1298  [38;2;54;234;195mmemory: 39.92GiB(50.26%)  [34mtps: 119  [36mtflops: 5.73  [35mmfu: 0.58%[39m
[rank0]:[titan] 2026-03-17 11:25:37,334 - root - INFO - [31mstep: 146  [32mloss:  2.9215  [38;2;180;60;0mgrad_norm:  4.0147  [38;2;54;234;195mmemory: 39.92GiB(50.26%)  [34mtps: 118  [36mtflops: 5.70  [35mmfu: 0.58%[39m
[rank0]:[titan] 2026-03-17 11:25:54,946 - root - INFO - [31mstep: 147  [32mloss:  3.0487  [38;2;180;60;0mgrad_norm:  4.3553  [38;2;54;234;195mmemory: 39.92GiB(50.26%)  [34mtps: 116  [36mtflops: 5.61  [35mmfu: 0.57%[39m
[rank0]:[titan] 2026-03-17 11:26:12,480 - root - INFO - [31mstep: 148  [32mloss:  2.9914  [38;2;180;60;0mgrad_norm:  4.1288  [38;2;54;234;195mmemory: 39.92GiB(50.26%)  [34mtps: 117  [36mtflops: 5.64  [35mmfu: 0.57%[39m
[rank0]:[titan] 2026-03-17 11:26:29,918 - root - INFO - [31mstep: 149  [32mloss:  2.9844  [38;2;180;60;0mgrad_norm:  5.2247  [38;2;54;234;195mmemory: 39.92GiB(50.26%)  [34mtps: 117  [36mtflops: 5.67  [35mmfu: 0.57%[39m
[rank0]:[titan] 2026-03-17 11:26:47,472 - root - INFO - [31mstep: 150  [32mloss:  2.9623  [38;2;180;60;0mgrad_norm:  4.6314  [38;2;54;234;195mmemory: 39.92GiB(50.26%)  [34mtps: 117  [36mtflops: 5.63  [35mmfu: 0.57%[39m
[rank0]:[titan] 2026-03-17 11:27:04,914 - root - INFO - [31mstep: 151  [32mloss:  2.9774  [38;2;180;60;0mgrad_norm:  4.3327  [38;2;54;234;195mmemory: 39.92GiB(50.26%)  [34mtps: 117  [36mtflops: 5.67  [35mmfu: 0.57%[39m
[rank0]:[titan] 2026-03-17 11:27:22,435 - root - INFO - [31mstep: 152  [32mloss:  2.8960  [38;2;180;60;0mgrad_norm:  3.7126  [38;2;54;234;195mmemory: 39.92GiB(50.26%)  [34mtps: 117  [36mtflops: 5.64  [35mmfu: 0.57%[39m
[rank0]:[titan] 2026-03-17 11:27:40,018 - root - INFO - [31mstep: 153  [32mloss:  2.8527  [38;2;180;60;0mgrad_norm:  3.0199  [38;2;54;234;195mmemory: 39.92GiB(50.26%)  [34mtps: 116  [36mtflops: 5.62  [35mmfu: 0.57%[39m
[rank0]:[titan] 2026-03-17 11:27:57,387 - root - INFO - [31mstep: 154  [32mloss:  2.8399  [38;2;180;60;0mgrad_norm:  2.9199  [38;2;54;234;195mmemory: 39.92GiB(50.26%)  [34mtps: 118  [36mtflops: 5.69  [35mmfu: 0.58%[39m
[rank0]:[titan] 2026-03-17 11:28:14,905 - root - INFO - [31mstep: 155  [32mloss:  2.9229  [38;2;180;60;0mgrad_norm:  2.9690  [38;2;54;234;195mmemory: 39.92GiB(50.26%)  [34mtps: 117  [36mtflops: 5.64  [35mmfu: 0.57%[39m
[rank0]:[titan] 2026-03-17 11:28:32,473 - root - INFO - [31mstep: 156  [32mloss:  2.9228  [38;2;180;60;0mgrad_norm:  2.4802  [38;2;54;234;195mmemory: 39.92GiB(50.26%)  [34mtps: 117  [36mtflops: 5.63  [35mmfu: 0.57%[39m
[rank0]:[titan] 2026-03-17 11:28:50,047 - root - INFO - [31mstep: 157  [32mloss:  2.9231  [38;2;180;60;0mgrad_norm:  4.1017  [38;2;54;234;195mmemory: 39.92GiB(50.26%)  [34mtps: 117  [36mtflops: 5.62  [35mmfu: 0.57%[39m
[rank0]:[titan] 2026-03-17 11:29:07,633 - root - INFO - [31mstep: 158  [32mloss:  2.8814  [38;2;180;60;0mgrad_norm:  2.7025  [38;2;54;234;195mmemory: 39.92GiB(50.26%)  [34mtps: 116  [36mtflops: 5.62  [35mmfu: 0.57%[39m
[rank0]:[titan] 2026-03-17 11:29:25,255 - root - INFO - [31mstep: 159  [32mloss:  2.8799  [38;2;180;60;0mgrad_norm:  4.3602  [38;2;54;234;195mmemory: 39.92GiB(50.26%)  [34mtps: 116  [36mtflops: 5.61  [35mmfu: 0.57%[39m
[rank0]:[titan] 2026-03-17 11:29:42,965 - root - INFO - [31mstep: 160  [32mloss:  2.8890  [38;2;180;60;0mgrad_norm:  4.1894  [38;2;54;234;195mmemory: 39.92GiB(50.26%)  [34mtps: 116  [36mtflops: 5.58  [35mmfu: 0.56%[39m
[rank0]:[titan] 2026-03-17 11:29:59,790 - root - INFO - [31mstep: 161  [32mloss:  2.8445  [38;2;180;60;0mgrad_norm:  3.0133  [38;2;54;234;195mmemory: 39.92GiB(50.26%)  [34mtps: 122  [36mtflops: 5.87  [35mmfu: 0.59%[39m
[rank0]:[titan] 2026-03-17 11:30:17,371 - root - INFO - [31mstep: 162  [32mloss:  2.8619  [38;2;180;60;0mgrad_norm:  4.7751  [38;2;54;234;195mmemory: 39.92GiB(50.26%)  [34mtps: 116  [36mtflops: 5.62  [35mmfu: 0.57%[39m
[rank0]:[titan] 2026-03-17 11:30:35,776 - root - INFO - [31mstep: 163  [32mloss:  2.9394  [38;2;180;60;0mgrad_norm:  3.2731  [38;2;54;234;195mmemory: 39.92GiB(50.26%)  [34mtps: 111  [36mtflops: 5.37  [35mmfu: 0.54%[39m
[rank0]:[titan] 2026-03-17 11:30:53,286 - root - INFO - [31mstep: 164  [32mloss:  2.8906  [38;2;180;60;0mgrad_norm:  4.7490  [38;2;54;234;195mmemory: 39.92GiB(50.26%)  [34mtps: 117  [36mtflops: 5.64  [35mmfu: 0.57%[39m
[rank0]:[titan] 2026-03-17 11:31:10,649 - root - INFO - [31mstep: 165  [32mloss:  2.8476  [38;2;180;60;0mgrad_norm:  3.2622  [38;2;54;234;195mmemory: 39.92GiB(50.26%)  [34mtps: 118  [36mtflops: 5.69  [35mmfu: 0.58%[39m
[rank0]:[titan] 2026-03-17 11:31:27,670 - root - INFO - [31mstep: 166  [32mloss:  2.9500  [38;2;180;60;0mgrad_norm:  7.5472  [38;2;54;234;195mmemory: 39.92GiB(50.26%)  [34mtps: 120  [36mtflops: 5.81  [35mmfu: 0.59%[39m
[rank0]:[titan] 2026-03-17 11:31:44,763 - root - INFO - [31mstep: 167  [32mloss:  3.0668  [38;2;180;60;0mgrad_norm:  5.9516  [38;2;54;234;195mmemory: 39.92GiB(50.26%)  [34mtps: 120  [36mtflops: 5.78  [35mmfu: 0.58%[39m
[rank0]:[titan] 2026-03-17 11:32:02,339 - root - INFO - [31mstep: 168  [32mloss:  2.9362  [38;2;180;60;0mgrad_norm:  5.0708  [38;2;54;234;195mmemory: 39.92GiB(50.26%)  [34mtps: 117  [36mtflops: 5.62  [35mmfu: 0.57%[39m
[rank0]:[titan] 2026-03-17 11:32:20,043 - root - INFO - [31mstep: 169  [32mloss:  2.9205  [38;2;180;60;0mgrad_norm:  5.1125  [38;2;54;234;195mmemory: 39.92GiB(50.26%)  [34mtps: 116  [36mtflops: 5.58  [35mmfu: 0.56%[39m
[rank0]:[titan] 2026-03-17 11:32:37,647 - root - INFO - [31mstep: 170  [32mloss:  3.0176  [38;2;180;60;0mgrad_norm:  5.2559  [38;2;54;234;195mmemory: 39.92GiB(50.26%)  [34mtps: 116  [36mtflops: 5.61  [35mmfu: 0.57%[39m
[rank0]:[titan] 2026-03-17 11:32:54,996 - root - INFO - [31mstep: 171  [32mloss:  2.9950  [38;2;180;60;0mgrad_norm:  4.8859  [38;2;54;234;195mmemory: 39.92GiB(50.26%)  [34mtps: 118  [36mtflops: 5.70  [35mmfu: 0.58%[39m
[rank0]:[titan] 2026-03-17 11:33:12,268 - root - INFO - [31mstep: 172  [32mloss:  2.9550  [38;2;180;60;0mgrad_norm:  4.1382  [38;2;54;234;195mmemory: 39.92GiB(50.26%)  [34mtps: 119  [36mtflops: 5.72  [35mmfu: 0.58%[39m
[rank0]:[titan] 2026-03-17 11:33:29,702 - root - INFO - [31mstep: 173  [32mloss:  2.9571  [38;2;180;60;0mgrad_norm:  3.5268  [38;2;54;234;195mmemory: 39.92GiB(50.26%)  [34mtps: 117  [36mtflops: 5.67  [35mmfu: 0.57%[39m
[rank0]:[titan] 2026-03-17 11:33:47,060 - root - INFO - [31mstep: 174  [32mloss:  2.9131  [38;2;180;60;0mgrad_norm:  6.5342  [38;2;54;234;195mmemory: 39.92GiB(50.26%)  [34mtps: 118  [36mtflops: 5.69  [35mmfu: 0.58%[39m
[rank0]:[titan] 2026-03-17 11:34:04,500 - root - INFO - [31mstep: 175  [32mloss:  2.9444  [38;2;180;60;0mgrad_norm:  4.9364  [38;2;54;234;195mmemory: 39.92GiB(50.26%)  [34mtps: 117  [36mtflops: 5.67  [35mmfu: 0.57%[39m
[rank0]:[titan] 2026-03-17 11:34:21,853 - root - INFO - [31mstep: 176  [32mloss:  2.9687  [38;2;180;60;0mgrad_norm:  4.6291  [38;2;54;234;195mmemory: 39.92GiB(50.26%)  [34mtps: 118  [36mtflops: 5.69  [35mmfu: 0.58%[39m
[rank0]:[titan] 2026-03-17 11:34:39,126 - root - INFO - [31mstep: 177  [32mloss:  2.9428  [38;2;180;60;0mgrad_norm:  5.4622  [38;2;54;234;195mmemory: 39.92GiB(50.26%)  [34mtps: 119  [36mtflops: 5.72  [35mmfu: 0.58%[39m
[rank0]:[titan] 2026-03-17 11:34:56,389 - root - INFO - [31mstep: 178  [32mloss:  2.9142  [38;2;180;60;0mgrad_norm:  3.1465  [38;2;54;234;195mmemory: 39.92GiB(50.26%)  [34mtps: 119  [36mtflops: 5.72  [35mmfu: 0.58%[39m
[rank0]:[titan] 2026-03-17 11:35:14,092 - root - INFO - [31mstep: 179  [32mloss:  2.9962  [38;2;180;60;0mgrad_norm:  7.1895  [38;2;54;234;195mmemory: 39.92GiB(50.26%)  [34mtps: 116  [36mtflops: 5.58  [35mmfu: 0.56%[39m
[rank0]:[titan] 2026-03-17 11:35:31,401 - root - INFO - [31mstep: 180  [32mloss:  3.0090  [38;2;180;60;0mgrad_norm:  6.8377  [38;2;54;234;195mmemory: 39.92GiB(50.26%)  [34mtps: 118  [36mtflops: 5.71  [35mmfu: 0.58%[39m
[rank0]:[titan] 2026-03-17 11:35:48,896 - root - INFO - [31mstep: 181  [32mloss:  2.9611  [38;2;180;60;0mgrad_norm:  5.3084  [38;2;54;234;195mmemory: 39.92GiB(50.26%)  [34mtps: 117  [36mtflops: 5.65  [35mmfu: 0.57%[39m
[rank0]:[titan] 2026-03-17 11:36:06,418 - root - INFO - [31mstep: 182  [32mloss:  2.9352  [38;2;180;60;0mgrad_norm:  5.5658  [38;2;54;234;195mmemory: 39.92GiB(50.26%)  [34mtps: 117  [36mtflops: 5.64  [35mmfu: 0.57%[39m
[rank0]:[titan] 2026-03-17 11:36:23,777 - root - INFO - [31mstep: 183  [32mloss:  2.9214  [38;2;180;60;0mgrad_norm:  4.8104  [38;2;54;234;195mmemory: 39.92GiB(50.26%)  [34mtps: 118  [36mtflops: 5.69  [35mmfu: 0.58%[39m
[rank0]:[titan] 2026-03-17 11:36:41,153 - root - INFO - [31mstep: 184  [32mloss:  2.9558  [38;2;180;60;0mgrad_norm:  5.3383  [38;2;54;234;195mmemory: 39.92GiB(50.26%)  [34mtps: 118  [36mtflops: 5.69  [35mmfu: 0.58%[39m
[rank0]:[titan] 2026-03-17 11:36:58,513 - root - INFO - [31mstep: 185  [32mloss:  2.9055  [38;2;180;60;0mgrad_norm:  4.5402  [38;2;54;234;195mmemory: 39.92GiB(50.26%)  [34mtps: 118  [36mtflops: 5.69  [35mmfu: 0.58%[39m
[rank0]:[titan] 2026-03-17 11:37:16,031 - root - INFO - [31mstep: 186  [32mloss:  2.9190  [38;2;180;60;0mgrad_norm:  3.8896  [38;2;54;234;195mmemory: 39.92GiB(50.26%)  [34mtps: 117  [36mtflops: 5.64  [35mmfu: 0.57%[39m
[rank0]:[titan] 2026-03-17 11:37:33,131 - root - INFO - [31mstep: 187  [32mloss:  2.8667  [38;2;180;60;0mgrad_norm:  4.4744  [38;2;54;234;195mmemory: 39.92GiB(50.26%)  [34mtps: 120  [36mtflops: 5.78  [35mmfu: 0.58%[39m
[rank0]:[titan] 2026-03-17 11:37:50,364 - root - INFO - [31mstep: 188  [32mloss:  2.9034  [38;2;180;60;0mgrad_norm:  3.9566  [38;2;54;234;195mmemory: 39.92GiB(50.26%)  [34mtps: 119  [36mtflops: 5.73  [35mmfu: 0.58%[39m
[rank0]:[titan] 2026-03-17 11:38:07,795 - root - INFO - [31mstep: 189  [32mloss:  2.8787  [38;2;180;60;0mgrad_norm:  3.7470  [38;2;54;234;195mmemory: 39.92GiB(50.26%)  [34mtps: 117  [36mtflops: 5.67  [35mmfu: 0.57%[39m
[rank0]:[titan] 2026-03-17 11:38:25,248 - root - INFO - [31mstep: 190  [32mloss:  2.8934  [38;2;180;60;0mgrad_norm:  4.9697  [38;2;54;234;195mmemory: 39.92GiB(50.26%)  [34mtps: 117  [36mtflops: 5.66  [35mmfu: 0.57%[39m
[rank0]:[titan] 2026-03-17 11:38:42,723 - root - INFO - [31mstep: 191  [32mloss:  2.8426  [38;2;180;60;0mgrad_norm:  4.3753  [38;2;54;234;195mmemory: 39.92GiB(50.26%)  [34mtps: 117  [36mtflops: 5.66  [35mmfu: 0.57%[39m
[rank0]:[titan] 2026-03-17 11:39:00,166 - root - INFO - [31mstep: 192  [32mloss:  2.8652  [38;2;180;60;0mgrad_norm:  3.8457  [38;2;54;234;195mmemory: 39.92GiB(50.26%)  [34mtps: 117  [36mtflops: 5.67  [35mmfu: 0.57%[39m
[rank0]:[titan] 2026-03-17 11:39:17,525 - root - INFO - [31mstep: 193  [32mloss:  2.9341  [38;2;180;60;0mgrad_norm:  3.4340  [38;2;54;234;195mmemory: 39.92GiB(50.26%)  [34mtps: 118  [36mtflops: 5.69  [35mmfu: 0.58%[39m
[rank0]:[titan] 2026-03-17 11:39:34,663 - root - INFO - [31mstep: 194  [32mloss:  2.8315  [38;2;180;60;0mgrad_norm:  3.3689  [38;2;54;234;195mmemory: 39.92GiB(50.26%)  [34mtps: 120  [36mtflops: 5.77  [35mmfu: 0.58%[39m
[rank0]:[titan] 2026-03-17 11:39:51,767 - root - INFO - [31mstep: 195  [32mloss:  2.8836  [38;2;180;60;0mgrad_norm:  3.2344  [38;2;54;234;195mmemory: 39.92GiB(50.26%)  [34mtps: 120  [36mtflops: 5.78  [35mmfu: 0.58%[39m
[rank0]:[titan] 2026-03-17 11:40:09,113 - root - INFO - [31mstep: 196  [32mloss:  2.8612  [38;2;180;60;0mgrad_norm:  3.6039  [38;2;54;234;195mmemory: 39.92GiB(50.26%)  [34mtps: 118  [36mtflops: 5.70  [35mmfu: 0.58%[39m
[rank0]:[titan] 2026-03-17 11:40:26,126 - root - INFO - [31mstep: 197  [32mloss:  2.8883  [38;2;180;60;0mgrad_norm:  4.0988  [38;2;54;234;195mmemory: 39.92GiB(50.26%)  [34mtps: 120  [36mtflops: 5.81  [35mmfu: 0.59%[39m
[rank0]:[titan] 2026-03-17 11:40:43,821 - root - INFO - [31mstep: 198  [32mloss:  2.8987  [38;2;180;60;0mgrad_norm:  3.4985  [38;2;54;234;195mmemory: 39.92GiB(50.26%)  [34mtps: 116  [36mtflops: 5.58  [35mmfu: 0.56%[39m
[rank0]:[titan] 2026-03-17 11:41:01,265 - root - INFO - [31mstep: 199  [32mloss:  2.8417  [38;2;180;60;0mgrad_norm:  3.6168  [38;2;54;234;195mmemory: 39.92GiB(50.26%)  [34mtps: 117  [36mtflops: 5.66  [35mmfu: 0.57%[39m
[rank0]:[titan] 2026-03-17 11:41:18,578 - root - INFO - [31mstep: 200  [32mloss:  2.7887  [38;2;180;60;0mgrad_norm:  2.0151  [38;2;54;234;195mmemory: 39.92GiB(50.26%)  [34mtps: 118  [36mtflops: 5.71  [35mmfu: 0.58%[39m
[rank0]:[titan] 2026-03-17 11:41:35,994 - root - INFO - [31mstep: 201  [32mloss:  2.9116  [38;2;180;60;0mgrad_norm:  5.1006  [38;2;54;234;195mmemory: 39.92GiB(50.26%)  [34mtps: 118  [36mtflops: 5.67  [35mmfu: 0.57%[39m
[rank0]:[titan] 2026-03-17 11:41:53,496 - root - INFO - [31mstep: 202  [32mloss:  2.9160  [38;2;180;60;0mgrad_norm:  4.1854  [38;2;54;234;195mmemory: 39.92GiB(50.26%)  [34mtps: 117  [36mtflops: 5.65  [35mmfu: 0.57%[39m
[rank0]:[titan] 2026-03-17 11:42:10,718 - root - INFO - [31mstep: 203  [32mloss:  2.7709  [38;2;180;60;0mgrad_norm:  3.1089  [38;2;54;234;195mmemory: 39.92GiB(50.26%)  [34mtps: 119  [36mtflops: 5.74  [35mmfu: 0.58%[39m
[rank0]:[titan] 2026-03-17 11:42:28,223 - root - INFO - [31mstep: 204  [32mloss:  2.8688  [38;2;180;60;0mgrad_norm:  4.4292  [38;2;54;234;195mmemory: 39.92GiB(50.26%)  [34mtps: 117  [36mtflops: 5.65  [35mmfu: 0.57%[39m
[rank0]:[titan] 2026-03-17 11:42:45,465 - root - INFO - [31mstep: 205  [32mloss:  2.8245  [38;2;180;60;0mgrad_norm:  3.2280  [38;2;54;234;195mmemory: 39.92GiB(50.26%)  [34mtps: 119  [36mtflops: 5.73  [35mmfu: 0.58%[39m
[rank0]:[titan] 2026-03-17 11:43:02,849 - root - INFO - [31mstep: 206  [32mloss:  2.8394  [38;2;180;60;0mgrad_norm:  3.0586  [38;2;54;234;195mmemory: 39.92GiB(50.26%)  [34mtps: 118  [36mtflops: 5.68  [35mmfu: 0.57%[39m
[rank0]:[titan] 2026-03-17 11:43:20,206 - root - INFO - [31mstep: 207  [32mloss:  2.8184  [38;2;180;60;0mgrad_norm:  2.6837  [38;2;54;234;195mmemory: 39.92GiB(50.26%)  [34mtps: 118  [36mtflops: 5.69  [35mmfu: 0.58%[39m
[rank0]:[titan] 2026-03-17 11:43:37,374 - root - INFO - [31mstep: 208  [32mloss:  2.8100  [38;2;180;60;0mgrad_norm:  3.4887  [38;2;54;234;195mmemory: 39.92GiB(50.26%)  [34mtps: 119  [36mtflops: 5.76  [35mmfu: 0.58%[39m
[rank0]:[titan] 2026-03-17 11:43:54,783 - root - INFO - [31mstep: 209  [32mloss:  2.8074  [38;2;180;60;0mgrad_norm:  3.1650  [38;2;54;234;195mmemory: 39.92GiB(50.26%)  [34mtps: 118  [36mtflops: 5.68  [35mmfu: 0.57%[39m
[rank0]:[titan] 2026-03-17 11:44:12,202 - root - INFO - [31mstep: 210  [32mloss:  2.8062  [38;2;180;60;0mgrad_norm:  3.2304  [38;2;54;234;195mmemory: 39.92GiB(50.26%)  [34mtps: 118  [36mtflops: 5.67  [35mmfu: 0.57%[39m
[rank0]:[titan] 2026-03-17 11:44:29,603 - root - INFO - [31mstep: 211  [32mloss:  2.8318  [38;2;180;60;0mgrad_norm:  3.2281  [38;2;54;234;195mmemory: 39.92GiB(50.26%)  [34mtps: 118  [36mtflops: 5.68  [35mmfu: 0.57%[39m
[rank0]:[titan] 2026-03-17 11:44:29,606 - root - WARNING - Dataset c4_test is being re-looped
[rank0]:[titan] 2026-03-17 11:44:47,186 - root - INFO - [31mstep: 212  [32mloss:  2.8616  [38;2;180;60;0mgrad_norm:  2.6615  [38;2;54;234;195mmemory: 39.92GiB(50.26%)  [34mtps: 116  [36mtflops: 5.62  [35mmfu: 0.57%[39m
[rank0]:[titan] 2026-03-17 11:45:04,597 - root - INFO - [31mstep: 213  [32mloss:  2.7981  [38;2;180;60;0mgrad_norm:  2.8645  [38;2;54;234;195mmemory: 39.92GiB(50.26%)  [34mtps: 118  [36mtflops: 5.68  [35mmfu: 0.57%[39m
[rank0]:[titan] 2026-03-17 11:45:22,026 - root - INFO - [31mstep: 214  [32mloss:  2.8217  [38;2;180;60;0mgrad_norm:  3.3225  [38;2;54;234;195mmemory: 39.92GiB(50.26%)  [34mtps: 118  [36mtflops: 5.67  [35mmfu: 0.57%[39m
[rank0]:[titan] 2026-03-17 11:45:39,082 - root - INFO - [31mstep: 215  [32mloss:  2.8680  [38;2;180;60;0mgrad_norm:  2.0978  [38;2;54;234;195mmemory: 39.92GiB(50.26%)  [34mtps: 120  [36mtflops: 5.79  [35mmfu: 0.59%[39m
[rank0]:[titan] 2026-03-17 11:45:56,463 - root - INFO - [31mstep: 216  [32mloss:  2.8676  [38;2;180;60;0mgrad_norm:  4.5564  [38;2;54;234;195mmemory: 39.92GiB(50.26%)  [34mtps: 118  [36mtflops: 5.69  [35mmfu: 0.57%[39m
[rank0]:[titan] 2026-03-17 11:46:13,707 - root - INFO - [31mstep: 217  [32mloss:  2.8111  [38;2;180;60;0mgrad_norm:  3.6483  [38;2;54;234;195mmemory: 39.92GiB(50.26%)  [34mtps: 119  [36mtflops: 5.73  [35mmfu: 0.58%[39m
[rank0]:[titan] 2026-03-17 11:46:31,179 - root - INFO - [31mstep: 218  [32mloss:  2.7991  [38;2;180;60;0mgrad_norm:  3.3198  [38;2;54;234;195mmemory: 39.92GiB(50.26%)  [34mtps: 117  [36mtflops: 5.66  [35mmfu: 0.57%[39m
[rank0]:[titan] 2026-03-17 11:46:48,633 - root - INFO - [31mstep: 219  [32mloss:  2.7914  [38;2;180;60;0mgrad_norm:  3.3002  [38;2;54;234;195mmemory: 39.92GiB(50.26%)  [34mtps: 117  [36mtflops: 5.66  [35mmfu: 0.57%[39m
[rank0]:[titan] 2026-03-17 11:47:06,255 - root - INFO - [31mstep: 220  [32mloss:  2.7827  [38;2;180;60;0mgrad_norm:  2.2507  [38;2;54;234;195mmemory: 39.92GiB(50.26%)  [34mtps: 116  [36mtflops: 5.61  [35mmfu: 0.57%[39m
[rank0]:[titan] 2026-03-17 11:47:23,680 - root - INFO - [31mstep: 221  [32mloss:  2.8423  [38;2;180;60;0mgrad_norm:  3.0633  [38;2;54;234;195mmemory: 39.92GiB(50.26%)  [34mtps: 118  [36mtflops: 5.67  [35mmfu: 0.57%[39m
[rank0]:[titan] 2026-03-17 11:47:40,720 - root - INFO - [31mstep: 222  [32mloss:  2.7921  [38;2;180;60;0mgrad_norm:  2.6750  [38;2;54;234;195mmemory: 39.92GiB(50.26%)  [34mtps: 120  [36mtflops: 5.80  [35mmfu: 0.59%[39m
[rank0]:[titan] 2026-03-17 11:47:57,736 - root - INFO - [31mstep: 223  [32mloss:  2.8191  [38;2;180;60;0mgrad_norm:  2.2679  [38;2;54;234;195mmemory: 39.92GiB(50.26%)  [34mtps: 120  [36mtflops: 5.81  [35mmfu: 0.59%[39m
[rank0]:[titan] 2026-03-17 11:48:15,190 - root - INFO - [31mstep: 224  [32mloss:  2.8420  [38;2;180;60;0mgrad_norm:  3.1621  [38;2;54;234;195mmemory: 39.92GiB(50.26%)  [34mtps: 117  [36mtflops: 5.66  [35mmfu: 0.57%[39m
[rank0]:[titan] 2026-03-17 11:48:32,350 - root - INFO - [31mstep: 225  [32mloss:  2.8591  [38;2;180;60;0mgrad_norm:  2.7920  [38;2;54;234;195mmemory: 39.92GiB(50.26%)  [34mtps: 119  [36mtflops: 5.76  [35mmfu: 0.58%[39m
[rank0]:[titan] 2026-03-17 11:48:49,399 - root - INFO - [31mstep: 226  [32mloss:  2.8580  [38;2;180;60;0mgrad_norm:  3.7246  [38;2;54;234;195mmemory: 39.92GiB(50.26%)  [34mtps: 120  [36mtflops: 5.80  [35mmfu: 0.59%[39m
[rank0]:[titan] 2026-03-17 11:49:06,970 - root - INFO - [31mstep: 227  [32mloss:  2.8237  [38;2;180;60;0mgrad_norm:  3.4790  [38;2;54;234;195mmemory: 39.92GiB(50.26%)  [34mtps: 117  [36mtflops: 5.62  [35mmfu: 0.57%[39m
[rank0]:[titan] 2026-03-17 11:49:24,522 - root - INFO - [31mstep: 228  [32mloss:  2.8100  [38;2;180;60;0mgrad_norm:  2.9866  [38;2;54;234;195mmemory: 39.92GiB(50.26%)  [34mtps: 117  [36mtflops: 5.63  [35mmfu: 0.57%[39m
[rank0]:[titan] 2026-03-17 11:49:42,022 - root - INFO - [31mstep: 229  [32mloss:  2.8369  [38;2;180;60;0mgrad_norm:  3.4626  [38;2;54;234;195mmemory: 39.92GiB(50.26%)  [34mtps: 117  [36mtflops: 5.65  [35mmfu: 0.57%[39m
[rank0]:[titan] 2026-03-17 11:49:59,415 - root - INFO - [31mstep: 230  [32mloss:  2.8877  [38;2;180;60;0mgrad_norm:  2.8402  [38;2;54;234;195mmemory: 39.92GiB(50.26%)  [34mtps: 118  [36mtflops: 5.68  [35mmfu: 0.57%[39m
[rank0]:[titan] 2026-03-17 11:50:16,793 - root - INFO - [31mstep: 231  [32mloss:  2.9166  [38;2;180;60;0mgrad_norm:  2.8165  [38;2;54;234;195mmemory: 39.92GiB(50.26%)  [34mtps: 118  [36mtflops: 5.69  [35mmfu: 0.57%[39m
[rank0]:[titan] 2026-03-17 11:50:34,270 - root - INFO - [31mstep: 232  [32mloss:  2.8326  [38;2;180;60;0mgrad_norm:  2.6598  [38;2;54;234;195mmemory: 39.92GiB(50.26%)  [34mtps: 117  [36mtflops: 5.65  [35mmfu: 0.57%[39m
[rank0]:[titan] 2026-03-17 11:50:51,585 - root - INFO - [31mstep: 233  [32mloss:  2.8540  [38;2;180;60;0mgrad_norm:  3.0221  [38;2;54;234;195mmemory: 39.92GiB(50.26%)  [34mtps: 118  [36mtflops: 5.71  [35mmfu: 0.58%[39m
[rank0]:[titan] 2026-03-17 11:51:08,952 - root - INFO - [31mstep: 234  [32mloss:  2.8197  [38;2;180;60;0mgrad_norm:  2.3008  [38;2;54;234;195mmemory: 39.92GiB(50.26%)  [34mtps: 118  [36mtflops: 5.69  [35mmfu: 0.58%[39m
[rank0]:[titan] 2026-03-17 11:51:26,051 - root - INFO - [31mstep: 235  [32mloss:  2.7884  [38;2;180;60;0mgrad_norm:  2.4706  [38;2;54;234;195mmemory: 39.92GiB(50.26%)  [34mtps: 120  [36mtflops: 5.78  [35mmfu: 0.58%[39m
[rank0]:[titan] 2026-03-17 11:51:43,443 - root - INFO - [31mstep: 236  [32mloss:  2.8137  [38;2;180;60;0mgrad_norm:  2.4008  [38;2;54;234;195mmemory: 39.92GiB(50.26%)  [34mtps: 118  [36mtflops: 5.68  [35mmfu: 0.57%[39m
[rank0]:[titan] 2026-03-17 11:52:00,704 - root - INFO - [31mstep: 237  [32mloss:  2.8212  [38;2;180;60;0mgrad_norm:  2.5616  [38;2;54;234;195mmemory: 39.92GiB(50.26%)  [34mtps: 119  [36mtflops: 5.73  [35mmfu: 0.58%[39m
[rank0]:[titan] 2026-03-17 11:52:18,318 - root - INFO - [31mstep: 238  [32mloss:  2.7845  [38;2;180;60;0mgrad_norm:  2.7173  [38;2;54;234;195mmemory: 39.92GiB(50.26%)  [34mtps: 116  [36mtflops: 5.61  [35mmfu: 0.57%[39m
[rank0]:[titan] 2026-03-17 11:52:35,892 - root - INFO - [31mstep: 239  [32mloss:  2.8019  [38;2;180;60;0mgrad_norm:  3.1736  [38;2;54;234;195mmemory: 39.92GiB(50.26%)  [34mtps: 117  [36mtflops: 5.62  [35mmfu: 0.57%[39m
[rank0]:[titan] 2026-03-17 11:52:53,218 - root - INFO - [31mstep: 240  [32mloss:  2.8484  [38;2;180;60;0mgrad_norm:  2.7860  [38;2;54;234;195mmemory: 39.92GiB(50.26%)  [34mtps: 118  [36mtflops: 5.70  [35mmfu: 0.58%[39m
[rank0]:[titan] 2026-03-17 11:53:10,589 - root - INFO - [31mstep: 241  [32mloss:  2.8033  [38;2;180;60;0mgrad_norm:  3.4978  [38;2;54;234;195mmemory: 39.92GiB(50.26%)  [34mtps: 118  [36mtflops: 5.69  [35mmfu: 0.58%[39m
[rank0]:[titan] 2026-03-17 11:53:27,951 - root - INFO - [31mstep: 242  [32mloss:  2.8073  [38;2;180;60;0mgrad_norm:  2.5944  [38;2;54;234;195mmemory: 39.92GiB(50.26%)  [34mtps: 118  [36mtflops: 5.69  [35mmfu: 0.58%[39m
[rank0]:[titan] 2026-03-17 11:53:45,638 - root - INFO - [31mstep: 243  [32mloss:  2.8189  [38;2;180;60;0mgrad_norm:  3.0329  [38;2;54;234;195mmemory: 39.92GiB(50.26%)  [34mtps: 116  [36mtflops: 5.59  [35mmfu: 0.56%[39m
[rank0]:[titan] 2026-03-17 11:54:03,196 - root - INFO - [31mstep: 244  [32mloss:  2.8105  [38;2;180;60;0mgrad_norm:  2.5766  [38;2;54;234;195mmemory: 39.92GiB(50.26%)  [34mtps: 117  [36mtflops: 5.63  [35mmfu: 0.57%[39m
[rank0]:[titan] 2026-03-17 11:54:20,665 - root - INFO - [31mstep: 245  [32mloss:  2.8193  [38;2;180;60;0mgrad_norm:  2.8821  [38;2;54;234;195mmemory: 39.92GiB(50.26%)  [34mtps: 117  [36mtflops: 5.66  [35mmfu: 0.57%[39m
[rank0]:[titan] 2026-03-17 11:54:37,972 - root - INFO - [31mstep: 246  [32mloss:  2.7886  [38;2;180;60;0mgrad_norm:  2.2183  [38;2;54;234;195mmemory: 39.92GiB(50.26%)  [34mtps: 118  [36mtflops: 5.71  [35mmfu: 0.58%[39m
[rank0]:[titan] 2026-03-17 11:54:55,393 - root - INFO - [31mstep: 247  [32mloss:  2.7740  [38;2;180;60;0mgrad_norm:  3.4929  [38;2;54;234;195mmemory: 39.92GiB(50.26%)  [34mtps: 118  [36mtflops: 5.67  [35mmfu: 0.57%[39m
[rank0]:[titan] 2026-03-17 11:55:12,987 - root - INFO - [31mstep: 248  [32mloss:  2.8844  [38;2;180;60;0mgrad_norm:  3.3711  [38;2;54;234;195mmemory: 39.92GiB(50.26%)  [34mtps: 116  [36mtflops: 5.62  [35mmfu: 0.57%[39m
[rank0]:[titan] 2026-03-17 11:55:30,139 - root - INFO - [31mstep: 249  [32mloss:  2.8088  [38;2;180;60;0mgrad_norm:  2.6445  [38;2;54;234;195mmemory: 39.92GiB(50.26%)  [34mtps: 119  [36mtflops: 5.76  [35mmfu: 0.58%[39m
[rank0]:[titan] 2026-03-17 11:55:47,515 - root - INFO - [31mstep: 250  [32mloss:  2.8865  [38;2;180;60;0mgrad_norm:  3.5713  [38;2;54;234;195mmemory: 39.92GiB(50.26%)  [34mtps: 118  [36mtflops: 5.69  [35mmfu: 0.58%[39m
[rank0]:[titan] 2026-03-17 11:56:04,612 - root - INFO - [31mstep: 251  [32mloss:  2.7977  [38;2;180;60;0mgrad_norm:  3.3596  [38;2;54;234;195mmemory: 39.92GiB(50.26%)  [34mtps: 120  [36mtflops: 5.78  [35mmfu: 0.58%[39m
[rank0]:[titan] 2026-03-17 11:56:21,858 - root - INFO - [31mstep: 252  [32mloss:  2.7726  [38;2;180;60;0mgrad_norm:  4.0066  [38;2;54;234;195mmemory: 39.92GiB(50.26%)  [34mtps: 119  [36mtflops: 5.73  [35mmfu: 0.58%[39m
[rank0]:[titan] 2026-03-17 11:56:38,873 - root - INFO - [31mstep: 253  [32mloss:  2.8133  [38;2;180;60;0mgrad_norm:  2.9628  [38;2;54;234;195mmemory: 39.92GiB(50.26%)  [34mtps: 120  [36mtflops: 5.81  [35mmfu: 0.59%[39m
[rank0]:[titan] 2026-03-17 11:56:55,992 - root - INFO - [31mstep: 254  [32mloss:  2.8073  [38;2;180;60;0mgrad_norm:  4.4847  [38;2;54;234;195mmemory: 39.92GiB(50.26%)  [34mtps: 120  [36mtflops: 5.77  [35mmfu: 0.58%[39m
[rank0]:[titan] 2026-03-17 11:57:13,505 - root - INFO - [31mstep: 255  [32mloss:  2.8471  [38;2;180;60;0mgrad_norm:  4.3246  [38;2;54;234;195mmemory: 39.92GiB(50.26%)  [34mtps: 117  [36mtflops: 5.64  [35mmfu: 0.57%[39m
[rank0]:[titan] 2026-03-17 11:57:30,829 - root - INFO - [31mstep: 256  [32mloss:  2.8291  [38;2;180;60;0mgrad_norm:  2.4774  [38;2;54;234;195mmemory: 39.92GiB(50.26%)  [34mtps: 118  [36mtflops: 5.70  [35mmfu: 0.58%[39m
[rank0]:[titan] 2026-03-17 11:57:47,703 - root - INFO - [31mstep: 257  [32mloss:  2.8295  [38;2;180;60;0mgrad_norm:  3.6325  [38;2;54;234;195mmemory: 39.92GiB(50.26%)  [34mtps: 121  [36mtflops: 5.86  [35mmfu: 0.59%[39m
[rank0]:[titan] 2026-03-17 11:58:04,968 - root - INFO - [31mstep: 258  [32mloss:  2.8557  [38;2;180;60;0mgrad_norm:  2.6896  [38;2;54;234;195mmemory: 39.92GiB(50.26%)  [34mtps: 119  [36mtflops: 5.72  [35mmfu: 0.58%[39m
[rank0]:[titan] 2026-03-17 11:58:22,058 - root - INFO - [31mstep: 259  [32mloss:  2.7981  [38;2;180;60;0mgrad_norm:  2.6510  [38;2;54;234;195mmemory: 39.92GiB(50.26%)  [34mtps: 120  [36mtflops: 5.78  [35mmfu: 0.58%[39m
[rank0]:[titan] 2026-03-17 11:58:39,231 - root - INFO - [31mstep: 260  [32mloss:  2.8028  [38;2;180;60;0mgrad_norm:  3.1717  [38;2;54;234;195mmemory: 39.92GiB(50.26%)  [34mtps: 119  [36mtflops: 5.75  [35mmfu: 0.58%[39m
[rank0]:[titan] 2026-03-17 11:58:56,426 - root - INFO - [31mstep: 261  [32mloss:  2.8096  [38;2;180;60;0mgrad_norm:  3.2289  [38;2;54;234;195mmemory: 39.92GiB(50.26%)  [34mtps: 119  [36mtflops: 5.75  [35mmfu: 0.58%[39m
[rank0]:[titan] 2026-03-17 11:59:13,517 - root - INFO - [31mstep: 262  [32mloss:  2.9014  [38;2;180;60;0mgrad_norm:  2.7237  [38;2;54;234;195mmemory: 39.92GiB(50.26%)  [34mtps: 120  [36mtflops: 5.78  [35mmfu: 0.58%[39m
[rank0]:[titan] 2026-03-17 11:59:30,721 - root - INFO - [31mstep: 263  [32mloss:  2.8356  [38;2;180;60;0mgrad_norm:  3.2501  [38;2;54;234;195mmemory: 39.92GiB(50.26%)  [34mtps: 119  [36mtflops: 5.74  [35mmfu: 0.58%[39m
[rank0]:[titan] 2026-03-17 11:59:47,900 - root - INFO - [31mstep: 264  [32mloss:  2.8170  [38;2;180;60;0mgrad_norm:  2.7085  [38;2;54;234;195mmemory: 39.92GiB(50.26%)  [34mtps: 119  [36mtflops: 5.75  [35mmfu: 0.58%[39m
[rank0]:[titan] 2026-03-17 12:00:05,248 - root - INFO - [31mstep: 265  [32mloss:  2.8530  [38;2;180;60;0mgrad_norm:  3.3725  [38;2;54;234;195mmemory: 39.92GiB(50.26%)  [34mtps: 118  [36mtflops: 5.70  [35mmfu: 0.58%[39m
[rank0]:[titan] 2026-03-17 12:00:22,242 - root - INFO - [31mstep: 266  [32mloss:  2.8238  [38;2;180;60;0mgrad_norm:  3.4673  [38;2;54;234;195mmemory: 39.92GiB(50.26%)  [34mtps: 121  [36mtflops: 5.82  [35mmfu: 0.59%[39m
[rank0]:[titan] 2026-03-17 12:00:39,687 - root - INFO - [31mstep: 267  [32mloss:  2.8138  [38;2;180;60;0mgrad_norm:  2.8075  [38;2;54;234;195mmemory: 39.92GiB(50.26%)  [34mtps: 117  [36mtflops: 5.66  [35mmfu: 0.57%[39m
[rank0]:[titan] 2026-03-17 12:00:56,735 - root - INFO - [31mstep: 268  [32mloss:  2.8064  [38;2;180;60;0mgrad_norm:  2.9948  [38;2;54;234;195mmemory: 39.92GiB(50.26%)  [34mtps: 120  [36mtflops: 5.80  [35mmfu: 0.59%[39m
[rank0]:[titan] 2026-03-17 12:01:13,905 - root - INFO - [31mstep: 269  [32mloss:  2.8852  [38;2;180;60;0mgrad_norm:  3.7118  [38;2;54;234;195mmemory: 39.92GiB(50.26%)  [34mtps: 119  [36mtflops: 5.76  [35mmfu: 0.58%[39m
[rank0]:[titan] 2026-03-17 12:01:31,202 - root - INFO - [31mstep: 270  [32mloss:  2.7871  [38;2;180;60;0mgrad_norm:  2.7526  [38;2;54;234;195mmemory: 39.92GiB(50.26%)  [34mtps: 118  [36mtflops: 5.71  [35mmfu: 0.58%[39m
[rank0]:[titan] 2026-03-17 12:01:49,016 - root - INFO - [31mstep: 271  [32mloss:  2.8985  [38;2;180;60;0mgrad_norm:  2.8342  [38;2;54;234;195mmemory: 39.92GiB(50.26%)  [34mtps: 115  [36mtflops: 5.55  [35mmfu: 0.56%[39m
[rank0]:[titan] 2026-03-17 12:02:05,912 - root - INFO - [31mstep: 272  [32mloss:  2.9203  [38;2;180;60;0mgrad_norm:  2.4552  [38;2;54;234;195mmemory: 39.92GiB(50.26%)  [34mtps: 121  [36mtflops: 5.85  [35mmfu: 0.59%[39m
[rank0]:[titan] 2026-03-17 12:02:22,986 - root - INFO - [31mstep: 273  [32mloss:  2.8875  [38;2;180;60;0mgrad_norm:  2.4031  [38;2;54;234;195mmemory: 39.92GiB(50.26%)  [34mtps: 120  [36mtflops: 5.79  [35mmfu: 0.59%[39m
[rank0]:[titan] 2026-03-17 12:02:40,184 - root - INFO - [31mstep: 274  [32mloss:  2.9504  [38;2;180;60;0mgrad_norm:  4.2197  [38;2;54;234;195mmemory: 39.92GiB(50.26%)  [34mtps: 119  [36mtflops: 5.75  [35mmfu: 0.58%[39m
[rank0]:[titan] 2026-03-17 12:02:57,427 - root - INFO - [31mstep: 275  [32mloss:  2.8878  [38;2;180;60;0mgrad_norm:  3.3724  [38;2;54;234;195mmemory: 39.92GiB(50.26%)  [34mtps: 119  [36mtflops: 5.73  [35mmfu: 0.58%[39m
[rank0]:[titan] 2026-03-17 12:03:14,170 - root - INFO - [31mstep: 276  [32mloss:  2.8458  [38;2;180;60;0mgrad_norm:  3.2144  [38;2;54;234;195mmemory: 39.92GiB(50.26%)  [34mtps: 122  [36mtflops: 5.90  [35mmfu: 0.60%[39m
[rank0]:[titan] 2026-03-17 12:03:31,178 - root - INFO - [31mstep: 277  [32mloss:  2.8700  [38;2;180;60;0mgrad_norm:  3.4744  [38;2;54;234;195mmemory: 39.92GiB(50.26%)  [34mtps: 120  [36mtflops: 5.81  [35mmfu: 0.59%[39m
[rank0]:[titan] 2026-03-17 12:03:48,230 - root - INFO - [31mstep: 278  [32mloss:  2.8215  [38;2;180;60;0mgrad_norm:  2.4709  [38;2;54;234;195mmemory: 39.92GiB(50.26%)  [34mtps: 120  [36mtflops: 5.80  [35mmfu: 0.59%[39m
[rank0]:[titan] 2026-03-17 12:04:05,245 - root - INFO - [31mstep: 279  [32mloss:  2.8472  [38;2;180;60;0mgrad_norm:  3.1752  [38;2;54;234;195mmemory: 39.92GiB(50.26%)  [34mtps: 120  [36mtflops: 5.81  [35mmfu: 0.59%[39m
[rank0]:[titan] 2026-03-17 12:04:22,037 - root - INFO - [31mstep: 280  [32mloss:  2.9150  [38;2;180;60;0mgrad_norm:  2.9055  [38;2;54;234;195mmemory: 39.92GiB(50.26%)  [34mtps: 122  [36mtflops: 5.89  [35mmfu: 0.60%[39m
[rank0]:[titan] 2026-03-17 12:04:38,974 - root - INFO - [31mstep: 281  [32mloss:  2.8057  [38;2;180;60;0mgrad_norm:  3.0197  [38;2;54;234;195mmemory: 39.92GiB(50.26%)  [34mtps: 121  [36mtflops: 5.83  [35mmfu: 0.59%[39m
[rank0]:[titan] 2026-03-17 12:04:56,108 - root - INFO - [31mstep: 282  [32mloss:  2.9292  [38;2;180;60;0mgrad_norm:  3.1666  [38;2;54;234;195mmemory: 39.92GiB(50.26%)  [34mtps: 120  [36mtflops: 5.77  [35mmfu: 0.58%[39m
[rank0]:[titan] 2026-03-17 12:05:13,026 - root - INFO - [31mstep: 283  [32mloss:  2.9942  [38;2;180;60;0mgrad_norm:  3.1605  [38;2;54;234;195mmemory: 39.92GiB(50.26%)  [34mtps: 121  [36mtflops: 5.84  [35mmfu: 0.59%[39m
[rank0]:[titan] 2026-03-17 12:05:29,866 - root - INFO - [31mstep: 284  [32mloss:  2.9910  [38;2;180;60;0mgrad_norm:  2.6809  [38;2;54;234;195mmemory: 39.92GiB(50.26%)  [34mtps: 122  [36mtflops: 5.87  [35mmfu: 0.59%[39m
[rank0]:[titan] 2026-03-17 12:05:46,837 - root - INFO - [31mstep: 285  [32mloss:  2.8719  [38;2;180;60;0mgrad_norm:  4.0829  [38;2;54;234;195mmemory: 39.92GiB(50.26%)  [34mtps: 121  [36mtflops: 5.82  [35mmfu: 0.59%[39m
[rank0]:[titan] 2026-03-17 12:06:04,084 - root - INFO - [31mstep: 286  [32mloss:  2.8251  [38;2;180;60;0mgrad_norm:  2.9601  [38;2;54;234;195mmemory: 39.92GiB(50.26%)  [34mtps: 119  [36mtflops: 5.73  [35mmfu: 0.58%[39m
[rank0]:[titan] 2026-03-17 12:06:21,332 - root - INFO - [31mstep: 287  [32mloss:  2.8412  [38;2;180;60;0mgrad_norm:  4.0332  [38;2;54;234;195mmemory: 39.92GiB(50.26%)  [34mtps: 119  [36mtflops: 5.73  [35mmfu: 0.58%[39m
[rank0]:[titan] 2026-03-17 12:06:38,354 - root - INFO - [31mstep: 288  [32mloss:  2.8368  [38;2;180;60;0mgrad_norm:  2.4294  [38;2;54;234;195mmemory: 39.92GiB(50.26%)  [34mtps: 120  [36mtflops: 5.81  [35mmfu: 0.59%[39m
[rank0]:[titan] 2026-03-17 12:06:55,722 - root - INFO - [31mstep: 289  [32mloss:  2.7908  [38;2;180;60;0mgrad_norm:  3.5759  [38;2;54;234;195mmemory: 39.92GiB(50.26%)  [34mtps: 118  [36mtflops: 5.69  [35mmfu: 0.58%[39m
[rank0]:[titan] 2026-03-17 12:07:13,410 - root - INFO - [31mstep: 290  [32mloss:  2.8047  [38;2;180;60;0mgrad_norm:  2.9910  [38;2;54;234;195mmemory: 39.92GiB(50.26%)  [34mtps: 116  [36mtflops: 5.59  [35mmfu: 0.56%[39m
[rank0]:[titan] 2026-03-17 12:07:30,277 - root - INFO - [31mstep: 291  [32mloss:  2.7923  [38;2;180;60;0mgrad_norm:  2.8159  [38;2;54;234;195mmemory: 39.92GiB(50.26%)  [34mtps: 121  [36mtflops: 5.86  [35mmfu: 0.59%[39m
[rank0]:[titan] 2026-03-17 12:07:47,094 - root - INFO - [31mstep: 292  [32mloss:  2.8022  [38;2;180;60;0mgrad_norm:  3.4322  [38;2;54;234;195mmemory: 39.92GiB(50.26%)  [34mtps: 122  [36mtflops: 5.88  [35mmfu: 0.59%[39m
[rank0]:[titan] 2026-03-17 12:08:03,651 - root - INFO - [31mstep: 293  [32mloss:  2.7994  [38;2;180;60;0mgrad_norm:  2.4646  [38;2;54;234;195mmemory: 39.92GiB(50.26%)  [34mtps: 124  [36mtflops: 5.97  [35mmfu: 0.60%[39m
[rank0]:[titan] 2026-03-17 12:08:20,363 - root - INFO - [31mstep: 294  [32mloss:  2.7951  [38;2;180;60;0mgrad_norm:  3.0872  [38;2;54;234;195mmemory: 39.92GiB(50.26%)  [34mtps: 123  [36mtflops: 5.91  [35mmfu: 0.60%[39m
[rank0]:[titan] 2026-03-17 12:08:37,358 - root - INFO - [31mstep: 295  [32mloss:  2.8731  [38;2;180;60;0mgrad_norm:  2.3073  [38;2;54;234;195mmemory: 39.92GiB(50.26%)  [34mtps: 121  [36mtflops: 5.81  [35mmfu: 0.59%[39m
[rank0]:[titan] 2026-03-17 12:08:54,418 - root - INFO - [31mstep: 296  [32mloss:  2.8778  [38;2;180;60;0mgrad_norm:  3.3264  [38;2;54;234;195mmemory: 39.92GiB(50.26%)  [34mtps: 120  [36mtflops: 5.79  [35mmfu: 0.59%[39m
[rank0]:[titan] 2026-03-17 12:09:11,525 - root - INFO - [31mstep: 297  [32mloss:  2.9039  [38;2;180;60;0mgrad_norm:  2.9113  [38;2;54;234;195mmemory: 39.92GiB(50.26%)  [34mtps: 120  [36mtflops: 5.78  [35mmfu: 0.58%[39m
[rank0]:[titan] 2026-03-17 12:09:28,776 - root - INFO - [31mstep: 298  [32mloss:  2.8020  [38;2;180;60;0mgrad_norm:  2.9778  [38;2;54;234;195mmemory: 39.92GiB(50.26%)  [34mtps: 119  [36mtflops: 5.73  [35mmfu: 0.58%[39m
[rank0]:[titan] 2026-03-17 12:09:45,640 - root - INFO - [31mstep: 299  [32mloss:  2.7465  [38;2;180;60;0mgrad_norm:  3.2458  [38;2;54;234;195mmemory: 39.92GiB(50.26%)  [34mtps: 121  [36mtflops: 5.86  [35mmfu: 0.59%[39m
[rank0]:[titan] 2026-03-17 12:10:02,691 - root - INFO - [31mstep: 300  [32mloss:  2.8037  [38;2;180;60;0mgrad_norm:  3.5822  [38;2;54;234;195mmemory: 39.92GiB(50.26%)  [34mtps: 120  [36mtflops: 5.80  [35mmfu: 0.59%[39m
[rank0]:[titan] 2026-03-17 12:10:20,168 - root - INFO - [31mstep: 301  [32mloss:  2.7716  [38;2;180;60;0mgrad_norm:  3.1392  [38;2;54;234;195mmemory: 39.92GiB(50.26%)  [34mtps: 117  [36mtflops: 5.65  [35mmfu: 0.57%[39m
[rank0]:[titan] 2026-03-17 12:10:37,392 - root - INFO - [31mstep: 302  [32mloss:  2.7375  [38;2;180;60;0mgrad_norm:  2.1272  [38;2;54;234;195mmemory: 39.92GiB(50.26%)  [34mtps: 119  [36mtflops: 5.74  [35mmfu: 0.58%[39m
[rank0]:[titan] 2026-03-17 12:10:54,311 - root - INFO - [31mstep: 303  [32mloss:  2.8834  [38;2;180;60;0mgrad_norm:  5.7901  [38;2;54;234;195mmemory: 39.92GiB(50.26%)  [34mtps: 121  [36mtflops: 5.84  [35mmfu: 0.59%[39m
[rank0]:[titan] 2026-03-17 12:11:11,440 - root - INFO - [31mstep: 304  [32mloss:  2.8878  [38;2;180;60;0mgrad_norm:  4.3602  [38;2;54;234;195mmemory: 39.92GiB(50.26%)  [34mtps: 120  [36mtflops: 5.77  [35mmfu: 0.58%[39m
[rank0]:[titan] 2026-03-17 12:11:28,929 - root - INFO - [31mstep: 305  [32mloss:  2.8465  [38;2;180;60;0mgrad_norm:  3.1038  [38;2;54;234;195mmemory: 39.92GiB(50.26%)  [34mtps: 117  [36mtflops: 5.65  [35mmfu: 0.57%[39m
[rank0]:[titan] 2026-03-17 12:11:44,760 - root - INFO - [31mstep: 306  [32mloss:  2.8475  [38;2;180;60;0mgrad_norm:  3.7014  [38;2;54;234;195mmemory: 39.92GiB(50.26%)  [34mtps: 129  [36mtflops: 6.24  [35mmfu: 0.63%[39m
[rank0]:[titan] 2026-03-17 12:12:02,242 - root - INFO - [31mstep: 307  [32mloss:  2.8266  [38;2;180;60;0mgrad_norm:  2.8188  [38;2;54;234;195mmemory: 39.92GiB(50.26%)  [34mtps: 117  [36mtflops: 5.65  [35mmfu: 0.57%[39m
[rank0]:[titan] 2026-03-17 12:12:19,712 - root - INFO - [31mstep: 308  [32mloss:  2.7801  [38;2;180;60;0mgrad_norm:  4.6924  [38;2;54;234;195mmemory: 39.92GiB(50.26%)  [34mtps: 117  [36mtflops: 5.66  [35mmfu: 0.57%[39m
[rank0]:[titan] 2026-03-17 12:12:36,825 - root - INFO - [31mstep: 309  [32mloss:  2.8251  [38;2;180;60;0mgrad_norm:  4.1873  [38;2;54;234;195mmemory: 39.92GiB(50.26%)  [34mtps: 120  [36mtflops: 5.77  [35mmfu: 0.58%[39m
[rank0]:[titan] 2026-03-17 12:12:53,923 - root - INFO - [31mstep: 310  [32mloss:  2.8340  [38;2;180;60;0mgrad_norm:  2.5522  [38;2;54;234;195mmemory: 39.92GiB(50.26%)  [34mtps: 120  [36mtflops: 5.78  [35mmfu: 0.58%[39m
[rank0]:[titan] 2026-03-17 12:13:11,065 - root - INFO - [31mstep: 311  [32mloss:  2.8596  [38;2;180;60;0mgrad_norm:  4.8824  [38;2;54;234;195mmemory: 39.92GiB(50.26%)  [34mtps: 119  [36mtflops: 5.76  [35mmfu: 0.58%[39m
[rank0]:[titan] 2026-03-17 12:13:28,750 - root - INFO - [31mstep: 312  [32mloss:  2.7908  [38;2;180;60;0mgrad_norm:  4.3760  [38;2;54;234;195mmemory: 39.92GiB(50.26%)  [34mtps: 116  [36mtflops: 5.59  [35mmfu: 0.57%[39m
[rank0]:[titan] 2026-03-17 12:13:45,621 - root - INFO - [31mstep: 313  [32mloss:  2.8165  [38;2;180;60;0mgrad_norm:  2.9389  [38;2;54;234;195mmemory: 39.92GiB(50.26%)  [34mtps: 121  [36mtflops: 5.86  [35mmfu: 0.59%[39m
[rank0]:[titan] 2026-03-17 12:14:02,379 - root - INFO - [31mstep: 314  [32mloss:  2.8032  [38;2;180;60;0mgrad_norm:  3.3305  [38;2;54;234;195mmemory: 39.92GiB(50.26%)  [34mtps: 122  [36mtflops: 5.90  [35mmfu: 0.60%[39m
[rank0]:[titan] 2026-03-17 12:14:19,243 - root - INFO - [31mstep: 315  [32mloss:  2.7636  [38;2;180;60;0mgrad_norm:  2.5709  [38;2;54;234;195mmemory: 39.92GiB(50.26%)  [34mtps: 121  [36mtflops: 5.86  [35mmfu: 0.59%[39m
[rank0]:[titan] 2026-03-17 12:14:36,489 - root - INFO - [31mstep: 316  [32mloss:  2.8037  [38;2;180;60;0mgrad_norm:  3.1844  [38;2;54;234;195mmemory: 39.92GiB(50.26%)  [34mtps: 119  [36mtflops: 5.73  [35mmfu: 0.58%[39m
[rank0]:[titan] 2026-03-17 12:14:53,542 - root - INFO - [31mstep: 317  [32mloss:  2.7285  [38;2;180;60;0mgrad_norm:  2.3245  [38;2;54;234;195mmemory: 39.92GiB(50.26%)  [34mtps: 120  [36mtflops: 5.79  [35mmfu: 0.59%[39m
[rank0]:[titan] 2026-03-17 12:15:10,499 - root - INFO - [31mstep: 318  [32mloss:  2.7916  [38;2;180;60;0mgrad_norm:  3.2157  [38;2;54;234;195mmemory: 39.92GiB(50.26%)  [34mtps: 121  [36mtflops: 5.83  [35mmfu: 0.59%[39m
[rank0]:[titan] 2026-03-17 12:15:27,792 - root - INFO - [31mstep: 319  [32mloss:  2.7827  [38;2;180;60;0mgrad_norm:  3.1988  [38;2;54;234;195mmemory: 39.92GiB(50.26%)  [34mtps: 118  [36mtflops: 5.71  [35mmfu: 0.58%[39m
[rank0]:[titan] 2026-03-17 12:15:44,686 - root - INFO - [31mstep: 320  [32mloss:  2.7628  [38;2;180;60;0mgrad_norm:  2.4198  [38;2;54;234;195mmemory: 39.92GiB(50.26%)  [34mtps: 121  [36mtflops: 5.85  [35mmfu: 0.59%[39m
[rank0]:[titan] 2026-03-17 12:16:01,986 - root - INFO - [31mstep: 321  [32mloss:  2.7654  [38;2;180;60;0mgrad_norm:  2.7049  [38;2;54;234;195mmemory: 39.92GiB(50.26%)  [34mtps: 118  [36mtflops: 5.71  [35mmfu: 0.58%[39m
[rank0]:[titan] 2026-03-17 12:16:18,985 - root - INFO - [31mstep: 322  [32mloss:  2.7713  [38;2;180;60;0mgrad_norm:  2.2411  [38;2;54;234;195mmemory: 39.92GiB(50.26%)  [34mtps: 120  [36mtflops: 5.81  [35mmfu: 0.59%[39m
[rank0]:[titan] 2026-03-17 12:16:36,059 - root - INFO - [31mstep: 323  [32mloss:  2.7524  [38;2;180;60;0mgrad_norm:  2.3317  [38;2;54;234;195mmemory: 39.92GiB(50.26%)  [34mtps: 120  [36mtflops: 5.79  [35mmfu: 0.59%[39m
[rank0]:[titan] 2026-03-17 12:16:53,416 - root - INFO - [31mstep: 324  [32mloss:  2.7796  [38;2;180;60;0mgrad_norm:  2.7303  [38;2;54;234;195mmemory: 39.92GiB(50.26%)  [34mtps: 118  [36mtflops: 5.69  [35mmfu: 0.58%[39m
[rank0]:[titan] 2026-03-17 12:17:11,003 - root - INFO - [31mstep: 325  [32mloss:  2.7561  [38;2;180;60;0mgrad_norm:  2.6717  [38;2;54;234;195mmemory: 39.92GiB(50.26%)  [34mtps: 116  [36mtflops: 5.62  [35mmfu: 0.57%[39m
[rank0]:[titan] 2026-03-17 12:17:27,842 - root - INFO - [31mstep: 326  [32mloss:  2.7329  [38;2;180;60;0mgrad_norm:  2.5701  [38;2;54;234;195mmemory: 39.92GiB(50.26%)  [34mtps: 122  [36mtflops: 5.87  [35mmfu: 0.59%[39m
[rank0]:[titan] 2026-03-17 12:17:44,670 - root - INFO - [31mstep: 327  [32mloss:  2.7848  [38;2;180;60;0mgrad_norm:  2.3944  [38;2;54;234;195mmemory: 39.92GiB(50.26%)  [34mtps: 122  [36mtflops: 5.87  [35mmfu: 0.59%[39m
[rank0]:[titan] 2026-03-17 12:18:01,763 - root - INFO - [31mstep: 328  [32mloss:  2.7635  [38;2;180;60;0mgrad_norm:  2.3995  [38;2;54;234;195mmemory: 39.92GiB(50.26%)  [34mtps: 120  [36mtflops: 5.78  [35mmfu: 0.58%[39m
[rank0]:[titan] 2026-03-17 12:18:18,627 - root - INFO - [31mstep: 329  [32mloss:  2.7809  [38;2;180;60;0mgrad_norm:  2.6963  [38;2;54;234;195mmemory: 39.92GiB(50.26%)  [34mtps: 121  [36mtflops: 5.86  [35mmfu: 0.59%[39m
[rank0]:[titan] 2026-03-17 12:18:35,853 - root - INFO - [31mstep: 330  [32mloss:  2.8003  [38;2;180;60;0mgrad_norm:  2.9743  [38;2;54;234;195mmemory: 39.92GiB(50.26%)  [34mtps: 119  [36mtflops: 5.74  [35mmfu: 0.58%[39m
[rank0]:[titan] 2026-03-17 12:18:53,050 - root - INFO - [31mstep: 331  [32mloss:  2.7589  [38;2;180;60;0mgrad_norm:  2.9339  [38;2;54;234;195mmemory: 39.92GiB(50.26%)  [34mtps: 119  [36mtflops: 5.75  [35mmfu: 0.58%[39m
[rank0]:[titan] 2026-03-17 12:19:10,406 - root - INFO - [31mstep: 332  [32mloss:  2.7446  [38;2;180;60;0mgrad_norm:  2.2487  [38;2;54;234;195mmemory: 39.92GiB(50.26%)  [34mtps: 118  [36mtflops: 5.69  [35mmfu: 0.58%[39m
[rank0]:[titan] 2026-03-17 12:19:27,477 - root - INFO - [31mstep: 333  [32mloss:  2.7669  [38;2;180;60;0mgrad_norm:  3.0144  [38;2;54;234;195mmemory: 39.92GiB(50.26%)  [34mtps: 120  [36mtflops: 5.79  [35mmfu: 0.59%[39m
[rank0]:[titan] 2026-03-17 12:19:44,654 - root - INFO - [31mstep: 334  [32mloss:  2.8048  [38;2;180;60;0mgrad_norm:  2.2895  [38;2;54;234;195mmemory: 39.92GiB(50.26%)  [34mtps: 119  [36mtflops: 5.75  [35mmfu: 0.58%[39m
[rank0]:[titan] 2026-03-17 12:20:01,826 - root - INFO - [31mstep: 335  [32mloss:  2.8207  [38;2;180;60;0mgrad_norm:  2.5990  [38;2;54;234;195mmemory: 39.92GiB(50.26%)  [34mtps: 119  [36mtflops: 5.75  [35mmfu: 0.58%[39m
[rank0]:[titan] 2026-03-17 12:20:18,633 - root - INFO - [31mstep: 336  [32mloss:  2.8704  [38;2;180;60;0mgrad_norm:  2.4307  [38;2;54;234;195mmemory: 39.92GiB(50.26%)  [34mtps: 122  [36mtflops: 5.88  [35mmfu: 0.59%[39m
[rank0]:[titan] 2026-03-17 12:20:35,752 - root - INFO - [31mstep: 337  [32mloss:  2.8278  [38;2;180;60;0mgrad_norm:  2.1115  [38;2;54;234;195mmemory: 39.92GiB(50.26%)  [34mtps: 120  [36mtflops: 5.77  [35mmfu: 0.58%[39m
[rank0]:[titan] 2026-03-17 12:20:53,423 - root - INFO - [31mstep: 338  [32mloss:  2.7891  [38;2;180;60;0mgrad_norm:  2.4720  [38;2;54;234;195mmemory: 39.92GiB(50.26%)  [34mtps: 116  [36mtflops: 5.59  [35mmfu: 0.57%[39m
[rank0]:[titan] 2026-03-17 12:21:10,774 - root - INFO - [31mstep: 339  [32mloss:  2.7808  [38;2;180;60;0mgrad_norm:  2.6868  [38;2;54;234;195mmemory: 39.92GiB(50.26%)  [34mtps: 118  [36mtflops: 5.70  [35mmfu: 0.58%[39m
[rank0]:[titan] 2026-03-17 12:21:27,639 - root - INFO - [31mstep: 340  [32mloss:  2.7797  [38;2;180;60;0mgrad_norm:  2.7372  [38;2;54;234;195mmemory: 39.92GiB(50.26%)  [34mtps: 121  [36mtflops: 5.86  [35mmfu: 0.59%[39m
[rank0]:[titan] 2026-03-17 12:21:44,698 - root - INFO - [31mstep: 341  [32mloss:  2.7697  [38;2;180;60;0mgrad_norm:  2.6220  [38;2;54;234;195mmemory: 39.92GiB(50.26%)  [34mtps: 120  [36mtflops: 5.79  [35mmfu: 0.59%[39m
[rank0]:[titan] 2026-03-17 12:22:02,452 - root - INFO - [31mstep: 342  [32mloss:  2.7951  [38;2;180;60;0mgrad_norm:  3.3688  [38;2;54;234;195mmemory: 39.92GiB(50.26%)  [34mtps: 115  [36mtflops: 5.57  [35mmfu: 0.56%[39m
[rank0]:[titan] 2026-03-17 12:22:19,487 - root - INFO - [31mstep: 343  [32mloss:  2.7755  [38;2;180;60;0mgrad_norm:  3.3996  [38;2;54;234;195mmemory: 39.92GiB(50.26%)  [34mtps: 120  [36mtflops: 5.80  [35mmfu: 0.59%[39m
[rank0]:[titan] 2026-03-17 12:22:36,434 - root - INFO - [31mstep: 344  [32mloss:  2.7771  [38;2;180;60;0mgrad_norm:  3.4299  [38;2;54;234;195mmemory: 39.92GiB(50.26%)  [34mtps: 121  [36mtflops: 5.83  [35mmfu: 0.59%[39m
[rank0]:[titan] 2026-03-17 12:22:53,373 - root - INFO - [31mstep: 345  [32mloss:  2.7590  [38;2;180;60;0mgrad_norm:  3.4653  [38;2;54;234;195mmemory: 39.92GiB(50.26%)  [34mtps: 121  [36mtflops: 5.83  [35mmfu: 0.59%[39m
[rank0]:[titan] 2026-03-17 12:23:10,799 - root - INFO - [31mstep: 346  [32mloss:  2.7384  [38;2;180;60;0mgrad_norm:  2.2283  [38;2;54;234;195mmemory: 39.92GiB(50.26%)  [34mtps: 118  [36mtflops: 5.67  [35mmfu: 0.57%[39m
[rank0]:[titan] 2026-03-17 12:23:28,010 - root - INFO - [31mstep: 347  [32mloss:  2.7224  [38;2;180;60;0mgrad_norm:  2.1115  [38;2;54;234;195mmemory: 39.92GiB(50.26%)  [34mtps: 119  [36mtflops: 5.74  [35mmfu: 0.58%[39m
[rank0]:[titan] 2026-03-17 12:23:45,109 - root - INFO - [31mstep: 348  [32mloss:  2.7430  [38;2;180;60;0mgrad_norm:  2.3736  [38;2;54;234;195mmemory: 39.92GiB(50.26%)  [34mtps: 120  [36mtflops: 5.78  [35mmfu: 0.58%[39m
[rank0]:[titan] 2026-03-17 12:24:02,627 - root - INFO - [31mstep: 349  [32mloss:  2.7722  [38;2;180;60;0mgrad_norm:  1.7188  [38;2;54;234;195mmemory: 39.92GiB(50.26%)  [34mtps: 117  [36mtflops: 5.64  [35mmfu: 0.57%[39m
[rank0]:[titan] 2026-03-17 12:24:19,866 - root - INFO - [31mstep: 350  [32mloss:  2.7509  [38;2;180;60;0mgrad_norm:  2.8000  [38;2;54;234;195mmemory: 39.92GiB(50.26%)  [34mtps: 119  [36mtflops: 5.73  [35mmfu: 0.58%[39m
[rank0]:[titan] 2026-03-17 12:24:37,215 - root - INFO - [31mstep: 351  [32mloss:  2.7854  [38;2;180;60;0mgrad_norm:  2.7089  [38;2;54;234;195mmemory: 39.92GiB(50.26%)  [34mtps: 118  [36mtflops: 5.70  [35mmfu: 0.58%[39m
[rank0]:[titan] 2026-03-17 12:24:54,194 - root - INFO - [31mstep: 352  [32mloss:  2.8861  [38;2;180;60;0mgrad_norm:  2.5799  [38;2;54;234;195mmemory: 39.92GiB(50.26%)  [34mtps: 121  [36mtflops: 5.82  [35mmfu: 0.59%[39m
[rank0]:[titan] 2026-03-17 12:25:11,686 - root - INFO - [31mstep: 353  [32mloss:  2.8304  [38;2;180;60;0mgrad_norm:  2.8683  [38;2;54;234;195mmemory: 39.92GiB(50.26%)  [34mtps: 117  [36mtflops: 5.65  [35mmfu: 0.57%[39m
[rank0]:[titan] 2026-03-17 12:25:29,114 - root - INFO - [31mstep: 354  [32mloss:  2.7895  [38;2;180;60;0mgrad_norm:  2.1454  [38;2;54;234;195mmemory: 39.92GiB(50.26%)  [34mtps: 118  [36mtflops: 5.67  [35mmfu: 0.57%[39m
[rank0]:[titan] 2026-03-17 12:25:46,551 - root - INFO - [31mstep: 355  [32mloss:  2.7883  [38;2;180;60;0mgrad_norm:  2.8378  [38;2;54;234;195mmemory: 39.92GiB(50.26%)  [34mtps: 117  [36mtflops: 5.67  [35mmfu: 0.57%[39m
[rank0]:[titan] 2026-03-17 12:26:03,717 - root - INFO - [31mstep: 356  [32mloss:  2.8859  [38;2;180;60;0mgrad_norm:  2.6056  [38;2;54;234;195mmemory: 39.92GiB(50.26%)  [34mtps: 119  [36mtflops: 5.76  [35mmfu: 0.58%[39m
[rank0]:[titan] 2026-03-17 12:26:21,062 - root - INFO - [31mstep: 357  [32mloss:  2.8734  [38;2;180;60;0mgrad_norm:  2.9945  [38;2;54;234;195mmemory: 39.92GiB(50.26%)  [34mtps: 118  [36mtflops: 5.70  [35mmfu: 0.58%[39m
[rank0]:[titan] 2026-03-17 12:26:38,664 - root - INFO - [31mstep: 358  [32mloss:  2.9074  [38;2;180;60;0mgrad_norm:  2.3691  [38;2;54;234;195mmemory: 39.92GiB(50.26%)  [34mtps: 116  [36mtflops: 5.61  [35mmfu: 0.57%[39m
[rank0]:[titan] 2026-03-17 12:26:55,107 - root - INFO - [31mstep: 359  [32mloss:  2.9014  [38;2;180;60;0mgrad_norm:  4.2087  [38;2;54;234;195mmemory: 39.92GiB(50.26%)  [34mtps: 125  [36mtflops: 6.01  [35mmfu: 0.61%[39m
[rank0]:[titan] 2026-03-17 12:27:12,827 - root - INFO - [31mstep: 360  [32mloss:  2.8663  [38;2;180;60;0mgrad_norm:  3.1163  [38;2;54;234;195mmemory: 39.92GiB(50.26%)  [34mtps: 116  [36mtflops: 5.58  [35mmfu: 0.56%[39m
[rank0]:[titan] 2026-03-17 12:27:30,981 - root - INFO - [31mstep: 361  [32mloss:  2.8842  [38;2;180;60;0mgrad_norm:  3.0433  [38;2;54;234;195mmemory: 39.92GiB(50.26%)  [34mtps: 113  [36mtflops: 5.44  [35mmfu: 0.55%[39m
[rank0]:[titan] 2026-03-17 12:27:48,718 - root - INFO - [31mstep: 362  [32mloss:  2.7720  [38;2;180;60;0mgrad_norm:  2.1803  [38;2;54;234;195mmemory: 39.92GiB(50.26%)  [34mtps: 115  [36mtflops: 5.57  [35mmfu: 0.56%[39m
[rank0]:[titan] 2026-03-17 12:28:06,419 - root - INFO - [31mstep: 363  [32mloss:  2.8014  [38;2;180;60;0mgrad_norm:  2.1716  [38;2;54;234;195mmemory: 39.92GiB(50.26%)  [34mtps: 116  [36mtflops: 5.58  [35mmfu: 0.56%[39m
[rank0]:[titan] 2026-03-17 12:28:23,353 - root - INFO - [31mstep: 364  [32mloss:  2.8148  [38;2;180;60;0mgrad_norm:  2.4566  [38;2;54;234;195mmemory: 39.92GiB(50.26%)  [34mtps: 121  [36mtflops: 5.84  [35mmfu: 0.59%[39m
[rank0]:[titan] 2026-03-17 12:28:40,570 - root - INFO - [31mstep: 365  [32mloss:  2.8006  [38;2;180;60;0mgrad_norm:  2.0969  [38;2;54;234;195mmemory: 39.92GiB(50.26%)  [34mtps: 119  [36mtflops: 5.74  [35mmfu: 0.58%[39m
[rank0]:[titan] 2026-03-17 12:28:57,684 - root - INFO - [31mstep: 366  [32mloss:  2.8905  [38;2;180;60;0mgrad_norm:  2.7435  [38;2;54;234;195mmemory: 39.92GiB(50.26%)  [34mtps: 120  [36mtflops: 5.77  [35mmfu: 0.58%[39m
[rank0]:[titan] 2026-03-17 12:29:14,964 - root - INFO - [31mstep: 367  [32mloss:  2.8998  [38;2;180;60;0mgrad_norm:  2.9156  [38;2;54;234;195mmemory: 39.92GiB(50.26%)  [34mtps: 119  [36mtflops: 5.72  [35mmfu: 0.58%[39m
[rank0]:[titan] 2026-03-17 12:29:31,949 - root - INFO - [31mstep: 368  [32mloss:  2.8508  [38;2;180;60;0mgrad_norm:  2.9605  [38;2;54;234;195mmemory: 39.92GiB(50.26%)  [34mtps: 121  [36mtflops: 5.82  [35mmfu: 0.59%[39m
[rank0]:[titan] 2026-03-17 12:29:49,518 - root - INFO - [31mstep: 369  [32mloss:  2.7666  [38;2;180;60;0mgrad_norm:  2.7709  [38;2;54;234;195mmemory: 39.92GiB(50.26%)  [34mtps: 117  [36mtflops: 5.62  [35mmfu: 0.57%[39m
[rank0]:[titan] 2026-03-17 12:30:06,889 - root - INFO - [31mstep: 370  [32mloss:  2.7498  [38;2;180;60;0mgrad_norm:  2.5265  [38;2;54;234;195mmemory: 39.92GiB(50.26%)  [34mtps: 118  [36mtflops: 5.69  [35mmfu: 0.58%[39m
[rank0]:[titan] 2026-03-17 12:30:24,129 - root - INFO - [31mstep: 371  [32mloss:  2.7749  [38;2;180;60;0mgrad_norm:  3.0311  [38;2;54;234;195mmemory: 39.92GiB(50.26%)  [34mtps: 119  [36mtflops: 5.73  [35mmfu: 0.58%[39m
[rank0]:[titan] 2026-03-17 12:30:41,296 - root - INFO - [31mstep: 372  [32mloss:  2.7800  [38;2;180;60;0mgrad_norm:  3.4986  [38;2;54;234;195mmemory: 39.92GiB(50.26%)  [34mtps: 119  [36mtflops: 5.76  [35mmfu: 0.58%[39m
[rank0]:[titan] 2026-03-17 12:30:58,512 - root - INFO - [31mstep: 373  [32mloss:  2.8134  [38;2;180;60;0mgrad_norm:  2.1824  [38;2;54;234;195mmemory: 39.92GiB(50.26%)  [34mtps: 119  [36mtflops: 5.74  [35mmfu: 0.58%[39m
[rank0]:[titan] 2026-03-17 12:31:15,946 - root - INFO - [31mstep: 374  [32mloss:  2.8143  [38;2;180;60;0mgrad_norm:  3.2208  [38;2;54;234;195mmemory: 39.92GiB(50.26%)  [34mtps: 117  [36mtflops: 5.67  [35mmfu: 0.57%[39m
[rank0]:[titan] 2026-03-17 12:31:33,022 - root - INFO - [31mstep: 375  [32mloss:  2.8488  [38;2;180;60;0mgrad_norm:  2.4461  [38;2;54;234;195mmemory: 39.92GiB(50.26%)  [34mtps: 120  [36mtflops: 5.79  [35mmfu: 0.59%[39m
[rank0]:[titan] 2026-03-17 12:31:50,597 - root - INFO - [31mstep: 376  [32mloss:  2.9114  [38;2;180;60;0mgrad_norm:  2.6414  [38;2;54;234;195mmemory: 39.92GiB(50.26%)  [34mtps: 117  [36mtflops: 5.62  [35mmfu: 0.57%[39m
[rank0]:[titan] 2026-03-17 12:32:08,185 - root - INFO - [31mstep: 377  [32mloss:  2.8508  [38;2;180;60;0mgrad_norm:  2.6350  [38;2;54;234;195mmemory: 39.92GiB(50.26%)  [34mtps: 116  [36mtflops: 5.62  [35mmfu: 0.57%[39m
[rank0]:[titan] 2026-03-17 12:32:25,617 - root - INFO - [31mstep: 378  [32mloss:  2.8115  [38;2;180;60;0mgrad_norm:  1.9084  [38;2;54;234;195mmemory: 39.92GiB(50.26%)  [34mtps: 117  [36mtflops: 5.67  [35mmfu: 0.57%[39m
[rank0]:[titan] 2026-03-17 12:32:42,544 - root - INFO - [31mstep: 379  [32mloss:  2.8071  [38;2;180;60;0mgrad_norm:  2.6970  [38;2;54;234;195mmemory: 39.92GiB(50.26%)  [34mtps: 121  [36mtflops: 5.84  [35mmfu: 0.59%[39m
[rank0]:[titan] 2026-03-17 12:33:00,081 - root - INFO - [31mstep: 380  [32mloss:  2.7614  [38;2;180;60;0mgrad_norm:  2.1760  [38;2;54;234;195mmemory: 39.92GiB(50.26%)  [34mtps: 117  [36mtflops: 5.64  [35mmfu: 0.57%[39m
[rank0]:[titan] 2026-03-17 12:33:17,607 - root - INFO - [31mstep: 381  [32mloss:  2.7961  [38;2;180;60;0mgrad_norm:  2.9843  [38;2;54;234;195mmemory: 39.92GiB(50.26%)  [34mtps: 117  [36mtflops: 5.64  [35mmfu: 0.57%[39m
[rank0]:[titan] 2026-03-17 12:33:35,114 - root - INFO - [31mstep: 382  [32mloss:  2.8393  [38;2;180;60;0mgrad_norm:  3.8926  [38;2;54;234;195mmemory: 39.92GiB(50.26%)  [34mtps: 117  [36mtflops: 5.64  [35mmfu: 0.57%[39m
[rank0]:[titan] 2026-03-17 12:33:52,403 - root - INFO - [31mstep: 383  [32mloss:  2.7591  [38;2;180;60;0mgrad_norm:  3.0224  [38;2;54;234;195mmemory: 39.92GiB(50.26%)  [34mtps: 118  [36mtflops: 5.72  [35mmfu: 0.58%[39m
[rank0]:[titan] 2026-03-17 12:34:09,757 - root - INFO - [31mstep: 384  [32mloss:  2.7868  [38;2;180;60;0mgrad_norm:  2.5628  [38;2;54;234;195mmemory: 39.92GiB(50.26%)  [34mtps: 118  [36mtflops: 5.69  [35mmfu: 0.58%[39m
[rank0]:[titan] 2026-03-17 12:34:26,736 - root - INFO - [31mstep: 385  [32mloss:  2.8664  [38;2;180;60;0mgrad_norm:  3.7476  [38;2;54;234;195mmemory: 39.92GiB(50.26%)  [34mtps: 121  [36mtflops: 5.82  [35mmfu: 0.59%[39m
[rank0]:[titan] 2026-03-17 12:34:44,072 - root - INFO - [31mstep: 386  [32mloss:  2.8447  [38;2;180;60;0mgrad_norm:  2.8558  [38;2;54;234;195mmemory: 39.92GiB(50.26%)  [34mtps: 118  [36mtflops: 5.70  [35mmfu: 0.58%[39m
[rank0]:[titan] 2026-03-17 12:35:01,435 - root - INFO - [31mstep: 387  [32mloss:  2.8456  [38;2;180;60;0mgrad_norm:  3.0509  [38;2;54;234;195mmemory: 39.92GiB(50.26%)  [34mtps: 118  [36mtflops: 5.69  [35mmfu: 0.58%[39m
[rank0]:[titan] 2026-03-17 12:35:19,108 - root - INFO - [31mstep: 388  [32mloss:  2.8600  [38;2;180;60;0mgrad_norm:  3.6013  [38;2;54;234;195mmemory: 39.92GiB(50.26%)  [34mtps: 116  [36mtflops: 5.59  [35mmfu: 0.57%[39m
[rank0]:[titan] 2026-03-17 12:35:36,631 - root - INFO - [31mstep: 389  [32mloss:  2.8774  [38;2;180;60;0mgrad_norm:  2.6370  [38;2;54;234;195mmemory: 39.92GiB(50.26%)  [34mtps: 117  [36mtflops: 5.64  [35mmfu: 0.57%[39m
[rank0]:[titan] 2026-03-17 12:35:54,215 - root - INFO - [31mstep: 390  [32mloss:  2.8153  [38;2;180;60;0mgrad_norm:  3.3234  [38;2;54;234;195mmemory: 39.92GiB(50.26%)  [34mtps: 116  [36mtflops: 5.62  [35mmfu: 0.57%[39m
[rank0]:[titan] 2026-03-17 12:36:11,594 - root - INFO - [31mstep: 391  [32mloss:  2.7981  [38;2;180;60;0mgrad_norm:  2.5911  [38;2;54;234;195mmemory: 39.92GiB(50.26%)  [34mtps: 118  [36mtflops: 5.69  [35mmfu: 0.57%[39m
[rank0]:[titan] 2026-03-17 12:36:29,172 - root - INFO - [31mstep: 392  [32mloss:  2.7555  [38;2;180;60;0mgrad_norm:  2.4677  [38;2;54;234;195mmemory: 39.92GiB(50.26%)  [34mtps: 117  [36mtflops: 5.62  [35mmfu: 0.57%[39m
[rank0]:[titan] 2026-03-17 12:36:46,781 - root - INFO - [31mstep: 393  [32mloss:  2.8049  [38;2;180;60;0mgrad_norm:  2.3090  [38;2;54;234;195mmemory: 39.92GiB(50.26%)  [34mtps: 116  [36mtflops: 5.61  [35mmfu: 0.57%[39m
[rank0]:[titan] 2026-03-17 12:37:04,192 - root - INFO - [31mstep: 394  [32mloss:  2.8380  [38;2;180;60;0mgrad_norm:  2.8662  [38;2;54;234;195mmemory: 39.92GiB(50.26%)  [34mtps: 118  [36mtflops: 5.68  [35mmfu: 0.57%[39m
[rank0]:[titan] 2026-03-17 12:37:21,470 - root - INFO - [31mstep: 395  [32mloss:  2.8441  [38;2;180;60;0mgrad_norm:  2.2897  [38;2;54;234;195mmemory: 39.92GiB(50.26%)  [34mtps: 119  [36mtflops: 5.72  [35mmfu: 0.58%[39m
[rank0]:[titan] 2026-03-17 12:37:38,948 - root - INFO - [31mstep: 396  [32mloss:  2.7460  [38;2;180;60;0mgrad_norm:  2.5974  [38;2;54;234;195mmemory: 39.92GiB(50.26%)  [34mtps: 117  [36mtflops: 5.65  [35mmfu: 0.57%[39m
[rank0]:[titan] 2026-03-17 12:37:56,372 - root - INFO - [31mstep: 397  [32mloss:  2.8220  [38;2;180;60;0mgrad_norm:  2.2547  [38;2;54;234;195mmemory: 39.92GiB(50.26%)  [34mtps: 118  [36mtflops: 5.67  [35mmfu: 0.57%[39m
[rank0]:[titan] 2026-03-17 12:38:13,627 - root - INFO - [31mstep: 398  [32mloss:  2.7703  [38;2;180;60;0mgrad_norm:  3.3136  [38;2;54;234;195mmemory: 39.92GiB(50.26%)  [34mtps: 119  [36mtflops: 5.73  [35mmfu: 0.58%[39m
[rank0]:[titan] 2026-03-17 12:38:31,174 - root - INFO - [31mstep: 399  [32mloss:  2.7591  [38;2;180;60;0mgrad_norm:  2.5594  [38;2;54;234;195mmemory: 39.92GiB(50.26%)  [34mtps: 117  [36mtflops: 5.63  [35mmfu: 0.57%[39m
[rank0]:[titan] 2026-03-17 12:38:48,764 - root - INFO - [31mstep: 400  [32mloss:  2.7667  [38;2;180;60;0mgrad_norm:  3.0799  [38;2;54;234;195mmemory: 39.92GiB(50.26%)  [34mtps: 116  [36mtflops: 5.62  [35mmfu: 0.57%[39m
[rank0]:[titan] 2026-03-17 12:39:05,852 - root - INFO - [31mstep: 401  [32mloss:  2.7934  [38;2;180;60;0mgrad_norm:  3.3321  [38;2;54;234;195mmemory: 39.92GiB(50.26%)  [34mtps: 120  [36mtflops: 5.78  [35mmfu: 0.58%[39m
[rank0]:[titan] 2026-03-17 12:39:22,894 - root - INFO - [31mstep: 402  [32mloss:  2.8125  [38;2;180;60;0mgrad_norm:  2.0578  [38;2;54;234;195mmemory: 39.92GiB(50.26%)  [34mtps: 120  [36mtflops: 5.80  [35mmfu: 0.59%[39m
[rank0]:[titan] 2026-03-17 12:39:40,358 - root - INFO - [31mstep: 403  [32mloss:  2.7807  [38;2;180;60;0mgrad_norm:  2.5355  [38;2;54;234;195mmemory: 39.92GiB(50.26%)  [34mtps: 117  [36mtflops: 5.66  [35mmfu: 0.57%[39m
[rank0]:[titan] 2026-03-17 12:39:57,574 - root - INFO - [31mstep: 404  [32mloss:  2.8085  [38;2;180;60;0mgrad_norm:  1.7328  [38;2;54;234;195mmemory: 39.92GiB(50.26%)  [34mtps: 119  [36mtflops: 5.74  [35mmfu: 0.58%[39m
[rank0]:[titan] 2026-03-17 12:40:14,884 - root - INFO - [31mstep: 405  [32mloss:  2.8482  [38;2;180;60;0mgrad_norm:  3.2141  [38;2;54;234;195mmemory: 39.92GiB(50.26%)  [34mtps: 118  [36mtflops: 5.71  [35mmfu: 0.58%[39m
[rank0]:[titan] 2026-03-17 12:40:32,281 - root - INFO - [31mstep: 406  [32mloss:  2.8003  [38;2;180;60;0mgrad_norm:  2.2765  [38;2;54;234;195mmemory: 39.92GiB(50.26%)  [34mtps: 118  [36mtflops: 5.68  [35mmfu: 0.57%[39m
[rank0]:[titan] 2026-03-17 12:40:49,901 - root - INFO - [31mstep: 407  [32mloss:  2.8067  [38;2;180;60;0mgrad_norm:  1.9855  [38;2;54;234;195mmemory: 39.92GiB(50.26%)  [34mtps: 116  [36mtflops: 5.61  [35mmfu: 0.57%[39m
[rank0]:[titan] 2026-03-17 12:41:07,382 - root - INFO - [31mstep: 408  [32mloss:  2.7686  [38;2;180;60;0mgrad_norm:  2.3806  [38;2;54;234;195mmemory: 39.92GiB(50.26%)  [34mtps: 117  [36mtflops: 5.65  [35mmfu: 0.57%[39m
[rank0]:[titan] 2026-03-17 12:41:24,838 - root - INFO - [31mstep: 409  [32mloss:  2.7723  [38;2;180;60;0mgrad_norm:  2.7668  [38;2;54;234;195mmemory: 39.92GiB(50.26%)  [34mtps: 117  [36mtflops: 5.66  [35mmfu: 0.57%[39m
[rank0]:[titan] 2026-03-17 12:41:42,538 - root - INFO - [31mstep: 410  [32mloss:  2.7694  [38;2;180;60;0mgrad_norm:  2.5634  [38;2;54;234;195mmemory: 39.92GiB(50.26%)  [34mtps: 116  [36mtflops: 5.58  [35mmfu: 0.56%[39m
[rank0]:[titan] 2026-03-17 12:41:59,897 - root - INFO - [31mstep: 411  [32mloss:  2.7640  [38;2;180;60;0mgrad_norm:  2.7591  [38;2;54;234;195mmemory: 39.92GiB(50.26%)  [34mtps: 118  [36mtflops: 5.69  [35mmfu: 0.58%[39m
[rank0]:[titan] 2026-03-17 12:42:16,915 - root - INFO - [31mstep: 412  [32mloss:  2.7544  [38;2;180;60;0mgrad_norm:  2.7845  [38;2;54;234;195mmemory: 39.92GiB(50.26%)  [34mtps: 120  [36mtflops: 5.81  [35mmfu: 0.59%[39m
[rank0]:[titan] 2026-03-17 12:42:33,749 - root - INFO - [31mstep: 413  [32mloss:  2.7469  [38;2;180;60;0mgrad_norm:  2.5503  [38;2;54;234;195mmemory: 39.92GiB(50.26%)  [34mtps: 122  [36mtflops: 5.87  [35mmfu: 0.59%[39m
[rank0]:[titan] 2026-03-17 12:42:51,147 - root - INFO - [31mstep: 414  [32mloss:  2.8007  [38;2;180;60;0mgrad_norm:  2.6709  [38;2;54;234;195mmemory: 39.92GiB(50.26%)  [34mtps: 118  [36mtflops: 5.68  [35mmfu: 0.57%[39m
[rank0]:[titan] 2026-03-17 12:43:08,726 - root - INFO - [31mstep: 415  [32mloss:  2.7800  [38;2;180;60;0mgrad_norm:  3.6285  [38;2;54;234;195mmemory: 39.92GiB(50.26%)  [34mtps: 117  [36mtflops: 5.62  [35mmfu: 0.57%[39m
[rank0]:[titan] 2026-03-17 12:43:26,120 - root - INFO - [31mstep: 416  [32mloss:  2.7843  [38;2;180;60;0mgrad_norm:  2.0328  [38;2;54;234;195mmemory: 39.92GiB(50.26%)  [34mtps: 118  [36mtflops: 5.68  [35mmfu: 0.57%[39m
[rank0]:[titan] 2026-03-17 12:43:43,464 - root - INFO - [31mstep: 417  [32mloss:  2.7924  [38;2;180;60;0mgrad_norm:  2.8254  [38;2;54;234;195mmemory: 39.92GiB(50.26%)  [34mtps: 118  [36mtflops: 5.70  [35mmfu: 0.58%[39m
[rank0]:[titan] 2026-03-17 12:44:01,005 - root - INFO - [31mstep: 418  [32mloss:  2.8196  [38;2;180;60;0mgrad_norm:  2.2810  [38;2;54;234;195mmemory: 39.92GiB(50.26%)  [34mtps: 117  [36mtflops: 5.63  [35mmfu: 0.57%[39m
[rank0]:[titan] 2026-03-17 12:44:18,033 - root - INFO - [31mstep: 419  [32mloss:  2.7383  [38;2;180;60;0mgrad_norm:  2.8724  [38;2;54;234;195mmemory: 39.92GiB(50.26%)  [34mtps: 120  [36mtflops: 5.80  [35mmfu: 0.59%[39m
[rank0]:[titan] 2026-03-17 12:44:35,511 - root - INFO - [31mstep: 420  [32mloss:  2.7484  [38;2;180;60;0mgrad_norm:  3.0033  [38;2;54;234;195mmemory: 39.92GiB(50.26%)  [34mtps: 117  [36mtflops: 5.65  [35mmfu: 0.57%[39m
[rank0]:[titan] 2026-03-17 12:44:53,123 - root - INFO - [31mstep: 421  [32mloss:  2.8020  [38;2;180;60;0mgrad_norm:  2.5319  [38;2;54;234;195mmemory: 39.92GiB(50.26%)  [34mtps: 116  [36mtflops: 5.61  [35mmfu: 0.57%[39m
[rank0]:[titan] 2026-03-17 12:45:10,415 - root - INFO - [31mstep: 422  [32mloss:  2.7738  [38;2;180;60;0mgrad_norm:  2.8338  [38;2;54;234;195mmemory: 39.92GiB(50.26%)  [34mtps: 118  [36mtflops: 5.72  [35mmfu: 0.58%[39m
[rank0]:[titan] 2026-03-17 12:45:10,418 - root - WARNING - Dataset c4_test is being re-looped
[rank0]:[titan] 2026-03-17 12:45:27,773 - root - INFO - [31mstep: 423  [32mloss:  2.7374  [38;2;180;60;0mgrad_norm:  1.9964  [38;2;54;234;195mmemory: 39.92GiB(50.26%)  [34mtps: 118  [36mtflops: 5.69  [35mmfu: 0.58%[39m
[rank0]:[titan] 2026-03-17 12:45:44,763 - root - INFO - [31mstep: 424  [32mloss:  2.7606  [38;2;180;60;0mgrad_norm:  2.6029  [38;2;54;234;195mmemory: 39.92GiB(50.26%)  [34mtps: 121  [36mtflops: 5.82  [35mmfu: 0.59%[39m
[rank0]:[titan] 2026-03-17 12:46:02,240 - root - INFO - [31mstep: 425  [32mloss:  2.8251  [38;2;180;60;0mgrad_norm:  2.2247  [38;2;54;234;195mmemory: 39.92GiB(50.26%)  [34mtps: 117  [36mtflops: 5.65  [35mmfu: 0.57%[39m
[rank0]:[titan] 2026-03-17 12:46:19,738 - root - INFO - [31mstep: 426  [32mloss:  2.8340  [38;2;180;60;0mgrad_norm:  1.6625  [38;2;54;234;195mmemory: 39.92GiB(50.26%)  [34mtps: 117  [36mtflops: 5.65  [35mmfu: 0.57%[39m
[rank0]:[titan] 2026-03-17 12:46:37,257 - root - INFO - [31mstep: 427  [32mloss:  2.8484  [38;2;180;60;0mgrad_norm:  2.9130  [38;2;54;234;195mmemory: 39.92GiB(50.26%)  [34mtps: 117  [36mtflops: 5.64  [35mmfu: 0.57%[39m
[rank0]:[titan] 2026-03-17 12:46:54,650 - root - INFO - [31mstep: 428  [32mloss:  2.8490  [38;2;180;60;0mgrad_norm:  2.5141  [38;2;54;234;195mmemory: 39.92GiB(50.26%)  [34mtps: 118  [36mtflops: 5.68  [35mmfu: 0.57%[39m
[rank0]:[titan] 2026-03-17 12:47:11,847 - root - INFO - [31mstep: 429  [32mloss:  2.7778  [38;2;180;60;0mgrad_norm:  2.0904  [38;2;54;234;195mmemory: 39.92GiB(50.26%)  [34mtps: 119  [36mtflops: 5.75  [35mmfu: 0.58%[39m
[rank0]:[titan] 2026-03-17 12:47:29,188 - root - INFO - [31mstep: 430  [32mloss:  2.7829  [38;2;180;60;0mgrad_norm:  3.0367  [38;2;54;234;195mmemory: 39.92GiB(50.26%)  [34mtps: 118  [36mtflops: 5.70  [35mmfu: 0.58%[39m
[rank0]:[titan] 2026-03-17 12:47:46,709 - root - INFO - [31mstep: 431  [32mloss:  2.7928  [38;2;180;60;0mgrad_norm:  1.9408  [38;2;54;234;195mmemory: 39.92GiB(50.26%)  [34mtps: 117  [36mtflops: 5.64  [35mmfu: 0.57%[39m
[rank0]:[titan] 2026-03-17 12:48:03,875 - root - INFO - [31mstep: 432  [32mloss:  2.7537  [38;2;180;60;0mgrad_norm:  2.2727  [38;2;54;234;195mmemory: 39.92GiB(50.26%)  [34mtps: 119  [36mtflops: 5.76  [35mmfu: 0.58%[39m
[rank0]:[titan] 2026-03-17 12:48:20,836 - root - INFO - [31mstep: 433  [32mloss:  2.7337  [38;2;180;60;0mgrad_norm:  2.1866  [38;2;54;234;195mmemory: 39.92GiB(50.26%)  [34mtps: 121  [36mtflops: 5.83  [35mmfu: 0.59%[39m
[rank0]:[titan] 2026-03-17 12:48:38,103 - root - INFO - [31mstep: 434  [32mloss:  2.7251  [38;2;180;60;0mgrad_norm:  2.2957  [38;2;54;234;195mmemory: 39.92GiB(50.26%)  [34mtps: 119  [36mtflops: 5.72  [35mmfu: 0.58%[39m
[rank0]:[titan] 2026-03-17 12:48:54,978 - root - INFO - [31mstep: 435  [32mloss:  2.7971  [38;2;180;60;0mgrad_norm:  2.3567  [38;2;54;234;195mmemory: 39.92GiB(50.26%)  [34mtps: 121  [36mtflops: 5.86  [35mmfu: 0.59%[39m
[rank0]:[titan] 2026-03-17 12:49:12,218 - root - INFO - [31mstep: 436  [32mloss:  2.8556  [38;2;180;60;0mgrad_norm:  2.3991  [38;2;54;234;195mmemory: 39.92GiB(50.26%)  [34mtps: 119  [36mtflops: 5.73  [35mmfu: 0.58%[39m
[rank0]:[titan] 2026-03-17 12:49:29,860 - root - INFO - [31mstep: 437  [32mloss:  2.7982  [38;2;180;60;0mgrad_norm:  2.4560  [38;2;54;234;195mmemory: 39.92GiB(50.26%)  [34mtps: 116  [36mtflops: 5.60  [35mmfu: 0.57%[39m
[rank0]:[titan] 2026-03-17 12:49:47,343 - root - INFO - [31mstep: 438  [32mloss:  2.8069  [38;2;180;60;0mgrad_norm:  2.5013  [38;2;54;234;195mmemory: 39.92GiB(50.26%)  [34mtps: 117  [36mtflops: 5.65  [35mmfu: 0.57%[39m
[rank0]:[titan] 2026-03-17 12:50:04,206 - root - INFO - [31mstep: 439  [32mloss:  2.7631  [38;2;180;60;0mgrad_norm:  2.6992  [38;2;54;234;195mmemory: 39.92GiB(50.26%)  [34mtps: 121  [36mtflops: 5.86  [35mmfu: 0.59%[39m
[rank0]:[titan] 2026-03-17 12:50:21,582 - root - INFO - [31mstep: 440  [32mloss:  2.7596  [38;2;180;60;0mgrad_norm:  2.7009  [38;2;54;234;195mmemory: 39.92GiB(50.26%)  [34mtps: 118  [36mtflops: 5.69  [35mmfu: 0.58%[39m
[rank0]:[titan] 2026-03-17 12:50:39,181 - root - INFO - [31mstep: 441  [32mloss:  2.7720  [38;2;180;60;0mgrad_norm:  2.4661  [38;2;54;234;195mmemory: 39.92GiB(50.26%)  [34mtps: 116  [36mtflops: 5.62  [35mmfu: 0.57%[39m
[rank0]:[titan] 2026-03-17 12:50:56,482 - root - INFO - [31mstep: 442  [32mloss:  2.7771  [38;2;180;60;0mgrad_norm:  2.7377  [38;2;54;234;195mmemory: 39.92GiB(50.26%)  [34mtps: 118  [36mtflops: 5.71  [35mmfu: 0.58%[39m
[rank0]:[titan] 2026-03-17 12:51:13,662 - root - INFO - [31mstep: 443  [32mloss:  2.7512  [38;2;180;60;0mgrad_norm:  2.6518  [38;2;54;234;195mmemory: 39.92GiB(50.26%)  [34mtps: 119  [36mtflops: 5.75  [35mmfu: 0.58%[39m
[rank0]:[titan] 2026-03-17 12:51:31,133 - root - INFO - [31mstep: 444  [32mloss:  2.7165  [38;2;180;60;0mgrad_norm:  2.8645  [38;2;54;234;195mmemory: 39.92GiB(50.26%)  [34mtps: 117  [36mtflops: 5.66  [35mmfu: 0.57%[39m
[rank0]:[titan] 2026-03-17 12:51:48,275 - root - INFO - [31mstep: 445  [32mloss:  2.7619  [38;2;180;60;0mgrad_norm:  3.0165  [38;2;54;234;195mmemory: 39.92GiB(50.26%)  [34mtps: 119  [36mtflops: 5.77  [35mmfu: 0.58%[39m
[rank0]:[titan] 2026-03-17 12:52:05,679 - root - INFO - [31mstep: 446  [32mloss:  2.7166  [38;2;180;60;0mgrad_norm:  2.5601  [38;2;54;234;195mmemory: 39.92GiB(50.26%)  [34mtps: 118  [36mtflops: 5.68  [35mmfu: 0.57%[39m
[rank0]:[titan] 2026-03-17 12:52:22,832 - root - INFO - [31mstep: 447  [32mloss:  2.8002  [38;2;180;60;0mgrad_norm:  2.8505  [38;2;54;234;195mmemory: 39.92GiB(50.26%)  [34mtps: 119  [36mtflops: 5.76  [35mmfu: 0.58%[39m
[rank0]:[titan] 2026-03-17 12:52:39,481 - root - INFO - [31mstep: 448  [32mloss:  2.7647  [38;2;180;60;0mgrad_norm:  2.5848  [38;2;54;234;195mmemory: 39.92GiB(50.26%)  [34mtps: 123  [36mtflops: 5.94  [35mmfu: 0.60%[39m
[rank0]:[titan] 2026-03-17 12:52:57,252 - root - INFO - [31mstep: 449  [32mloss:  2.7897  [38;2;180;60;0mgrad_norm:  2.6283  [38;2;54;234;195mmemory: 39.92GiB(50.26%)  [34mtps: 115  [36mtflops: 5.56  [35mmfu: 0.56%[39m
[rank0]:[titan] 2026-03-17 12:53:15,465 - root - INFO - [31mstep: 450  [32mloss:  2.7165  [38;2;180;60;0mgrad_norm:  2.3118  [38;2;54;234;195mmemory: 39.92GiB(50.26%)  [34mtps: 112  [36mtflops: 5.43  [35mmfu: 0.55%[39m
[rank0]:[titan] 2026-03-17 12:53:33,119 - root - INFO - [31mstep: 451  [32mloss:  2.6933  [38;2;180;60;0mgrad_norm:  2.8970  [38;2;54;234;195mmemory: 39.92GiB(50.26%)  [34mtps: 116  [36mtflops: 5.60  [35mmfu: 0.57%[39m
[rank0]:[titan] 2026-03-17 12:53:50,541 - root - INFO - [31mstep: 452  [32mloss:  2.7157  [38;2;180;60;0mgrad_norm:  2.4404  [38;2;54;234;195mmemory: 39.92GiB(50.26%)  [34mtps: 118  [36mtflops: 5.67  [35mmfu: 0.57%[39m
[rank0]:[titan] 2026-03-17 12:54:08,050 - root - INFO - [31mstep: 453  [32mloss:  2.7556  [38;2;180;60;0mgrad_norm:  2.2882  [38;2;54;234;195mmemory: 39.92GiB(50.26%)  [34mtps: 117  [36mtflops: 5.64  [35mmfu: 0.57%[39m
[rank0]:[titan] 2026-03-17 12:54:25,589 - root - INFO - [31mstep: 454  [32mloss:  2.8189  [38;2;180;60;0mgrad_norm:  2.7949  [38;2;54;234;195mmemory: 39.92GiB(50.26%)  [34mtps: 117  [36mtflops: 5.63  [35mmfu: 0.57%[39m
[rank0]:[titan] 2026-03-17 12:54:42,938 - root - INFO - [31mstep: 455  [32mloss:  2.7846  [38;2;180;60;0mgrad_norm:  2.7779  [38;2;54;234;195mmemory: 39.92GiB(50.26%)  [34mtps: 118  [36mtflops: 5.70  [35mmfu: 0.58%[39m
[rank0]:[titan] 2026-03-17 12:55:00,114 - root - INFO - [31mstep: 456  [32mloss:  2.7255  [38;2;180;60;0mgrad_norm:  2.5435  [38;2;54;234;195mmemory: 39.92GiB(50.26%)  [34mtps: 119  [36mtflops: 5.75  [35mmfu: 0.58%[39m
[rank0]:[titan] 2026-03-17 12:55:17,457 - root - INFO - [31mstep: 457  [32mloss:  2.8005  [38;2;180;60;0mgrad_norm:  3.2919  [38;2;54;234;195mmemory: 39.92GiB(50.26%)  [34mtps: 118  [36mtflops: 5.70  [35mmfu: 0.58%[39m
[rank0]:[titan] 2026-03-17 12:55:34,542 - root - INFO - [31mstep: 458  [32mloss:  2.7590  [38;2;180;60;0mgrad_norm:  2.6093  [38;2;54;234;195mmemory: 39.92GiB(50.26%)  [34mtps: 120  [36mtflops: 5.78  [35mmfu: 0.58%[39m
[rank0]:[titan] 2026-03-17 12:55:51,787 - root - INFO - [31mstep: 459  [32mloss:  2.8220  [38;2;180;60;0mgrad_norm:  2.3889  [38;2;54;234;195mmemory: 39.92GiB(50.26%)  [34mtps: 119  [36mtflops: 5.73  [35mmfu: 0.58%[39m
[rank0]:[titan] 2026-03-17 12:56:09,176 - root - INFO - [31mstep: 460  [32mloss:  2.7928  [38;2;180;60;0mgrad_norm:  3.4237  [38;2;54;234;195mmemory: 39.92GiB(50.26%)  [34mtps: 118  [36mtflops: 5.68  [35mmfu: 0.57%[39m
[rank0]:[titan] 2026-03-17 12:56:26,574 - root - INFO - [31mstep: 461  [32mloss:  2.8370  [38;2;180;60;0mgrad_norm:  2.7572  [38;2;54;234;195mmemory: 39.92GiB(50.26%)  [34mtps: 118  [36mtflops: 5.68  [35mmfu: 0.57%[39m
[rank0]:[titan] 2026-03-17 12:56:44,468 - root - INFO - [31mstep: 462  [32mloss:  2.8037  [38;2;180;60;0mgrad_norm:  2.7065  [38;2;54;234;195mmemory: 39.92GiB(50.26%)  [34mtps: 114  [36mtflops: 5.52  [35mmfu: 0.56%[39m
[rank0]:[titan] 2026-03-17 12:57:01,951 - root - INFO - [31mstep: 463  [32mloss:  2.8494  [38;2;180;60;0mgrad_norm:  2.9066  [38;2;54;234;195mmemory: 39.92GiB(50.26%)  [34mtps: 117  [36mtflops: 5.65  [35mmfu: 0.57%[39m
[rank0]:[titan] 2026-03-17 12:57:19,430 - root - INFO - [31mstep: 464  [32mloss:  2.7829  [38;2;180;60;0mgrad_norm:  2.2875  [38;2;54;234;195mmemory: 39.92GiB(50.26%)  [34mtps: 117  [36mtflops: 5.65  [35mmfu: 0.57%[39m
[rank0]:[titan] 2026-03-17 12:57:36,560 - root - INFO - [31mstep: 465  [32mloss:  2.7928  [38;2;180;60;0mgrad_norm:  3.0912  [38;2;54;234;195mmemory: 39.92GiB(50.26%)  [34mtps: 120  [36mtflops: 5.77  [35mmfu: 0.58%[39m
[rank0]:[titan] 2026-03-17 12:57:53,592 - root - INFO - [31mstep: 466  [32mloss:  2.7628  [38;2;180;60;0mgrad_norm:  2.2663  [38;2;54;234;195mmemory: 39.92GiB(50.26%)  [34mtps: 120  [36mtflops: 5.80  [35mmfu: 0.59%[39m
[rank0]:[titan] 2026-03-17 12:58:10,805 - root - INFO - [31mstep: 467  [32mloss:  2.7713  [38;2;180;60;0mgrad_norm:  2.5576  [38;2;54;234;195mmemory: 39.92GiB(50.26%)  [34mtps: 119  [36mtflops: 5.74  [35mmfu: 0.58%[39m
[rank0]:[titan] 2026-03-17 12:58:28,136 - root - INFO - [31mstep: 468  [32mloss:  2.8035  [38;2;180;60;0mgrad_norm:  3.1017  [38;2;54;234;195mmemory: 39.92GiB(50.26%)  [34mtps: 118  [36mtflops: 5.70  [35mmfu: 0.58%[39m
[rank0]:[titan] 2026-03-17 12:58:45,681 - root - INFO - [31mstep: 469  [32mloss:  2.7815  [38;2;180;60;0mgrad_norm:  2.5623  [38;2;54;234;195mmemory: 39.92GiB(50.26%)  [34mtps: 117  [36mtflops: 5.63  [35mmfu: 0.57%[39m
[rank0]:[titan] 2026-03-17 12:59:02,843 - root - INFO - [31mstep: 470  [32mloss:  2.8381  [38;2;180;60;0mgrad_norm:  3.9969  [38;2;54;234;195mmemory: 39.92GiB(50.26%)  [34mtps: 119  [36mtflops: 5.76  [35mmfu: 0.58%[39m
[rank0]:[titan] 2026-03-17 12:59:20,615 - root - INFO - [31mstep: 471  [32mloss:  2.8091  [38;2;180;60;0mgrad_norm:  4.0210  [38;2;54;234;195mmemory: 39.92GiB(50.26%)  [34mtps: 115  [36mtflops: 5.56  [35mmfu: 0.56%[39m
[rank0]:[titan] 2026-03-17 12:59:38,012 - root - INFO - [31mstep: 472  [32mloss:  2.7722  [38;2;180;60;0mgrad_norm:  2.1707  [38;2;54;234;195mmemory: 39.92GiB(50.26%)  [34mtps: 118  [36mtflops: 5.68  [35mmfu: 0.57%[39m
[rank0]:[titan] 2026-03-17 12:59:55,099 - root - INFO - [31mstep: 473  [32mloss:  2.7644  [38;2;180;60;0mgrad_norm:  2.6726  [38;2;54;234;195mmemory: 39.92GiB(50.26%)  [34mtps: 120  [36mtflops: 5.78  [35mmfu: 0.58%[39m
[rank0]:[titan] 2026-03-17 13:00:12,378 - root - INFO - [31mstep: 474  [32mloss:  2.7084  [38;2;180;60;0mgrad_norm:  2.6474  [38;2;54;234;195mmemory: 39.92GiB(50.26%)  [34mtps: 119  [36mtflops: 5.72  [35mmfu: 0.58%[39m
[rank0]:[titan] 2026-03-17 13:00:29,927 - root - INFO - [31mstep: 475  [32mloss:  2.7276  [38;2;180;60;0mgrad_norm:  2.7575  [38;2;54;234;195mmemory: 39.92GiB(50.26%)  [34mtps: 117  [36mtflops: 5.63  [35mmfu: 0.57%[39m
[rank0]:[titan] 2026-03-17 13:00:47,081 - root - INFO - [31mstep: 476  [32mloss:  2.7476  [38;2;180;60;0mgrad_norm:  2.9000  [38;2;54;234;195mmemory: 39.92GiB(50.26%)  [34mtps: 119  [36mtflops: 5.76  [35mmfu: 0.58%[39m
[rank0]:[titan] 2026-03-17 13:01:04,407 - root - INFO - [31mstep: 477  [32mloss:  2.7844  [38;2;180;60;0mgrad_norm:  2.6463  [38;2;54;234;195mmemory: 39.92GiB(50.26%)  [34mtps: 118  [36mtflops: 5.70  [35mmfu: 0.58%[39m
[rank0]:[titan] 2026-03-17 13:01:21,935 - root - INFO - [31mstep: 478  [32mloss:  2.8535  [38;2;180;60;0mgrad_norm:  2.4209  [38;2;54;234;195mmemory: 39.92GiB(50.26%)  [34mtps: 117  [36mtflops: 5.64  [35mmfu: 0.57%[39m
[rank0]:[titan] 2026-03-17 13:01:39,647 - root - INFO - [31mstep: 479  [32mloss:  2.7819  [38;2;180;60;0mgrad_norm:  2.4119  [38;2;54;234;195mmemory: 39.92GiB(50.26%)  [34mtps: 116  [36mtflops: 5.58  [35mmfu: 0.56%[39m
[rank0]:[titan] 2026-03-17 13:01:57,054 - root - INFO - [31mstep: 480  [32mloss:  2.7275  [38;2;180;60;0mgrad_norm:  2.3301  [38;2;54;234;195mmemory: 39.92GiB(50.26%)  [34mtps: 118  [36mtflops: 5.68  [35mmfu: 0.57%[39m
[rank0]:[titan] 2026-03-17 13:02:13,929 - root - INFO - [31mstep: 481  [32mloss:  2.8042  [38;2;180;60;0mgrad_norm:  3.2035  [38;2;54;234;195mmemory: 39.92GiB(50.26%)  [34mtps: 121  [36mtflops: 5.86  [35mmfu: 0.59%[39m
[rank0]:[titan] 2026-03-17 13:02:31,311 - root - INFO - [31mstep: 482  [32mloss:  2.7863  [38;2;180;60;0mgrad_norm:  2.1376  [38;2;54;234;195mmemory: 39.92GiB(50.26%)  [34mtps: 118  [36mtflops: 5.69  [35mmfu: 0.57%[39m
[rank0]:[titan] 2026-03-17 13:02:48,512 - root - INFO - [31mstep: 483  [32mloss:  2.7539  [38;2;180;60;0mgrad_norm:  3.7709  [38;2;54;234;195mmemory: 39.92GiB(50.26%)  [34mtps: 119  [36mtflops: 5.75  [35mmfu: 0.58%[39m
[rank0]:[titan] 2026-03-17 13:03:06,037 - root - INFO - [31mstep: 484  [32mloss:  2.7560  [38;2;180;60;0mgrad_norm:  3.3732  [38;2;54;234;195mmemory: 39.92GiB(50.26%)  [34mtps: 117  [36mtflops: 5.64  [35mmfu: 0.57%[39m
[rank0]:[titan] 2026-03-17 13:03:23,535 - root - INFO - [31mstep: 485  [32mloss:  2.7900  [38;2;180;60;0mgrad_norm:  3.1495  [38;2;54;234;195mmemory: 39.92GiB(50.26%)  [34mtps: 117  [36mtflops: 5.65  [35mmfu: 0.57%[39m
[rank0]:[titan] 2026-03-17 13:03:40,989 - root - INFO - [31mstep: 486  [32mloss:  2.8888  [38;2;180;60;0mgrad_norm:  3.7409  [38;2;54;234;195mmemory: 39.92GiB(50.26%)  [34mtps: 117  [36mtflops: 5.66  [35mmfu: 0.57%[39m
[rank0]:[titan] 2026-03-17 13:03:58,103 - root - INFO - [31mstep: 487  [32mloss:  2.7760  [38;2;180;60;0mgrad_norm:  2.0870  [38;2;54;234;195mmemory: 39.92GiB(50.26%)  [34mtps: 120  [36mtflops: 5.77  [35mmfu: 0.58%[39m
[rank0]:[titan] 2026-03-17 13:04:15,234 - root - INFO - [31mstep: 488  [32mloss:  2.8551  [38;2;180;60;0mgrad_norm:  3.0618  [38;2;54;234;195mmemory: 39.92GiB(50.26%)  [34mtps: 120  [36mtflops: 5.77  [35mmfu: 0.58%[39m
[rank0]:[titan] 2026-03-17 13:04:32,592 - root - INFO - [31mstep: 489  [32mloss:  2.7998  [38;2;180;60;0mgrad_norm:  2.6823  [38;2;54;234;195mmemory: 39.92GiB(50.26%)  [34mtps: 118  [36mtflops: 5.69  [35mmfu: 0.58%[39m
[rank0]:[titan] 2026-03-17 13:04:50,131 - root - INFO - [31mstep: 490  [32mloss:  2.8014  [38;2;180;60;0mgrad_norm:  3.1015  [38;2;54;234;195mmemory: 39.92GiB(50.26%)  [34mtps: 117  [36mtflops: 5.63  [35mmfu: 0.57%[39m
[rank0]:[titan] 2026-03-17 13:05:07,643 - root - INFO - [31mstep: 491  [32mloss:  2.8224  [38;2;180;60;0mgrad_norm:  1.8049  [38;2;54;234;195mmemory: 39.92GiB(50.26%)  [34mtps: 117  [36mtflops: 5.64  [35mmfu: 0.57%[39m
[rank0]:[titan] 2026-03-17 13:05:25,101 - root - INFO - [31mstep: 492  [32mloss:  2.7552  [38;2;180;60;0mgrad_norm:  2.0749  [38;2;54;234;195mmemory: 39.92GiB(50.26%)  [34mtps: 117  [36mtflops: 5.66  [35mmfu: 0.57%[39m
[rank0]:[titan] 2026-03-17 13:05:42,146 - root - INFO - [31mstep: 493  [32mloss:  2.8224  [38;2;180;60;0mgrad_norm:  2.6425  [38;2;54;234;195mmemory: 39.92GiB(50.26%)  [34mtps: 120  [36mtflops: 5.80  [35mmfu: 0.59%[39m
[rank0]:[titan] 2026-03-17 13:05:59,071 - root - INFO - [31mstep: 494  [32mloss:  2.8455  [38;2;180;60;0mgrad_norm:  2.0470  [38;2;54;234;195mmemory: 39.92GiB(50.26%)  [34mtps: 121  [36mtflops: 5.84  [35mmfu: 0.59%[39m
[rank0]:[titan] 2026-03-17 13:06:16,034 - root - INFO - [31mstep: 495  [32mloss:  2.8281  [38;2;180;60;0mgrad_norm:  2.0762  [38;2;54;234;195mmemory: 39.92GiB(50.26%)  [34mtps: 121  [36mtflops: 5.83  [35mmfu: 0.59%[39m
[rank0]:[titan] 2026-03-17 13:06:33,762 - root - INFO - [31mstep: 496  [32mloss:  2.7731  [38;2;180;60;0mgrad_norm:  2.1229  [38;2;54;234;195mmemory: 39.92GiB(50.26%)  [34mtps: 116  [36mtflops: 5.57  [35mmfu: 0.56%[39m
[rank0]:[titan] 2026-03-17 13:06:51,088 - root - INFO - [31mstep: 497  [32mloss:  2.7796  [38;2;180;60;0mgrad_norm:  3.0800  [38;2;54;234;195mmemory: 39.92GiB(50.26%)  [34mtps: 118  [36mtflops: 5.70  [35mmfu: 0.58%[39m
[rank0]:[titan] 2026-03-17 13:07:08,557 - root - INFO - [31mstep: 498  [32mloss:  2.7414  [38;2;180;60;0mgrad_norm:  2.7119  [38;2;54;234;195mmemory: 39.92GiB(50.26%)  [34mtps: 117  [36mtflops: 5.66  [35mmfu: 0.57%[39m
[rank0]:[titan] 2026-03-17 13:07:25,759 - root - INFO - [31mstep: 499  [32mloss:  2.7806  [38;2;180;60;0mgrad_norm:  2.7036  [38;2;54;234;195mmemory: 39.92GiB(50.26%)  [34mtps: 119  [36mtflops: 5.74  [35mmfu: 0.58%[39m
[rank0]:[titan] 2026-03-17 13:07:43,199 - root - INFO - [31mstep: 500  [32mloss:  2.7946  [38;2;180;60;0mgrad_norm:  2.7808  [38;2;54;234;195mmemory: 39.92GiB(50.26%)  [34mtps: 117  [36mtflops: 5.67  [35mmfu: 0.57%[39m
[rank0]:[titan] 2026-03-17 13:08:00,541 - root - INFO - [31mstep: 501  [32mloss:  2.7101  [38;2;180;60;0mgrad_norm:  2.2435  [38;2;54;234;195mmemory: 39.92GiB(50.26%)  [34mtps: 118  [36mtflops: 5.70  [35mmfu: 0.58%[39m
[rank0]:[titan] 2026-03-17 13:08:17,511 - root - INFO - [31mstep: 502  [32mloss:  2.6972  [38;2;180;60;0mgrad_norm:  2.1863  [38;2;54;234;195mmemory: 39.92GiB(50.26%)  [34mtps: 121  [36mtflops: 5.82  [35mmfu: 0.59%[39m
[rank0]:[titan] 2026-03-17 13:08:35,123 - root - INFO - [31mstep: 503  [32mloss:  2.7430  [38;2;180;60;0mgrad_norm:  2.1992  [38;2;54;234;195mmemory: 39.92GiB(50.26%)  [34mtps: 116  [36mtflops: 5.61  [35mmfu: 0.57%[39m
[rank0]:[titan] 2026-03-17 13:08:52,788 - root - INFO - [31mstep: 504  [32mloss:  2.7421  [38;2;180;60;0mgrad_norm:  2.6017  [38;2;54;234;195mmemory: 39.92GiB(50.26%)  [34mtps: 116  [36mtflops: 5.59  [35mmfu: 0.57%[39m
[rank0]:[titan] 2026-03-17 13:09:10,175 - root - INFO - [31mstep: 505  [32mloss:  2.7842  [38;2;180;60;0mgrad_norm:  2.0755  [38;2;54;234;195mmemory: 39.92GiB(50.26%)  [34mtps: 118  [36mtflops: 5.68  [35mmfu: 0.57%[39m
[rank0]:[titan] 2026-03-17 13:09:27,433 - root - INFO - [31mstep: 506  [32mloss:  2.7842  [38;2;180;60;0mgrad_norm:  2.7033  [38;2;54;234;195mmemory: 39.92GiB(50.26%)  [34mtps: 119  [36mtflops: 5.73  [35mmfu: 0.58%[39m
[rank0]:[titan] 2026-03-17 13:09:44,875 - root - INFO - [31mstep: 507  [32mloss:  2.7602  [38;2;180;60;0mgrad_norm:  2.6172  [38;2;54;234;195mmemory: 39.92GiB(50.26%)  [34mtps: 117  [36mtflops: 5.67  [35mmfu: 0.57%[39m
[rank0]:[titan] 2026-03-17 13:10:02,202 - root - INFO - [31mstep: 508  [32mloss:  2.7040  [38;2;180;60;0mgrad_norm:  2.3698  [38;2;54;234;195mmemory: 39.92GiB(50.26%)  [34mtps: 118  [36mtflops: 5.70  [35mmfu: 0.58%[39m
[rank0]:[titan] 2026-03-17 13:10:19,603 - root - INFO - [31mstep: 509  [32mloss:  2.7165  [38;2;180;60;0mgrad_norm:  2.4851  [38;2;54;234;195mmemory: 39.92GiB(50.26%)  [34mtps: 118  [36mtflops: 5.68  [35mmfu: 0.57%[39m
[rank0]:[titan] 2026-03-17 13:10:36,862 - root - INFO - [31mstep: 510  [32mloss:  2.8118  [38;2;180;60;0mgrad_norm:  2.1592  [38;2;54;234;195mmemory: 39.92GiB(50.26%)  [34mtps: 119  [36mtflops: 5.73  [35mmfu: 0.58%[39m
[rank0]:[titan] 2026-03-17 13:10:54,291 - root - INFO - [31mstep: 511  [32mloss:  2.7145  [38;2;180;60;0mgrad_norm:  1.9465  [38;2;54;234;195mmemory: 39.92GiB(50.26%)  [34mtps: 118  [36mtflops: 5.67  [35mmfu: 0.57%[39m
[rank0]:[titan] 2026-03-17 13:11:11,705 - root - INFO - [31mstep: 512  [32mloss:  2.7851  [38;2;180;60;0mgrad_norm:  2.7091  [38;2;54;234;195mmemory: 39.92GiB(50.26%)  [34mtps: 118  [36mtflops: 5.68  [35mmfu: 0.57%[39m
[rank0]:[titan] 2026-03-17 13:11:29,232 - root - INFO - [31mstep: 513  [32mloss:  2.7163  [38;2;180;60;0mgrad_norm:  1.3996  [38;2;54;234;195mmemory: 39.92GiB(50.26%)  [34mtps: 117  [36mtflops: 5.64  [35mmfu: 0.57%[39m
[rank0]:[titan] 2026-03-17 13:11:46,720 - root - INFO - [31mstep: 514  [32mloss:  2.7285  [38;2;180;60;0mgrad_norm:  2.7619  [38;2;54;234;195mmemory: 39.92GiB(50.26%)  [34mtps: 117  [36mtflops: 5.65  [35mmfu: 0.57%[39m
[rank0]:[titan] 2026-03-17 13:12:03,936 - root - INFO - [31mstep: 515  [32mloss:  2.7872  [38;2;180;60;0mgrad_norm:  1.9644  [38;2;54;234;195mmemory: 39.92GiB(50.26%)  [34mtps: 119  [36mtflops: 5.74  [35mmfu: 0.58%[39m
[rank0]:[titan] 2026-03-17 13:12:21,199 - root - INFO - [31mstep: 516  [32mloss:  2.7828  [38;2;180;60;0mgrad_norm:  2.1297  [38;2;54;234;195mmemory: 39.92GiB(50.26%)  [34mtps: 119  [36mtflops: 5.72  [35mmfu: 0.58%[39m
[rank0]:[titan] 2026-03-17 13:12:37,873 - root - INFO - [31mstep: 517  [32mloss:  2.7825  [38;2;180;60;0mgrad_norm:  1.8652  [38;2;54;234;195mmemory: 39.92GiB(50.26%)  [34mtps: 123  [36mtflops: 5.93  [35mmfu: 0.60%[39m
[rank0]:[titan] 2026-03-17 13:12:55,506 - root - INFO - [31mstep: 518  [32mloss:  2.7443  [38;2;180;60;0mgrad_norm:  1.8557  [38;2;54;234;195mmemory: 39.92GiB(50.26%)  [34mtps: 116  [36mtflops: 5.60  [35mmfu: 0.57%[39m
[rank0]:[titan] 2026-03-17 13:13:12,985 - root - INFO - [31mstep: 519  [32mloss:  2.7188  [38;2;180;60;0mgrad_norm:  1.6615  [38;2;54;234;195mmemory: 39.92GiB(50.26%)  [34mtps: 117  [36mtflops: 5.65  [35mmfu: 0.57%[39m
[rank0]:[titan] 2026-03-17 13:13:30,454 - root - INFO - [31mstep: 520  [32mloss:  2.7371  [38;2;180;60;0mgrad_norm:  1.9821  [38;2;54;234;195mmemory: 39.92GiB(50.26%)  [34mtps: 117  [36mtflops: 5.66  [35mmfu: 0.57%[39m
[rank0]:[titan] 2026-03-17 13:13:47,767 - root - INFO - [31mstep: 521  [32mloss:  2.7878  [38;2;180;60;0mgrad_norm:  2.2858  [38;2;54;234;195mmemory: 39.92GiB(50.26%)  [34mtps: 118  [36mtflops: 5.71  [35mmfu: 0.58%[39m
[rank0]:[titan] 2026-03-17 13:14:05,312 - root - INFO - [31mstep: 522  [32mloss:  2.7695  [38;2;180;60;0mgrad_norm:  2.2507  [38;2;54;234;195mmemory: 39.92GiB(50.26%)  [34mtps: 117  [36mtflops: 5.63  [35mmfu: 0.57%[39m
[rank0]:[titan] 2026-03-17 13:14:22,734 - root - INFO - [31mstep: 523  [32mloss:  2.7465  [38;2;180;60;0mgrad_norm:  2.1841  [38;2;54;234;195mmemory: 39.92GiB(50.26%)  [34mtps: 118  [36mtflops: 5.67  [35mmfu: 0.57%[39m
[rank0]:[titan] 2026-03-17 13:14:40,084 - root - INFO - [31mstep: 524  [32mloss:  2.7728  [38;2;180;60;0mgrad_norm:  2.6190  [38;2;54;234;195mmemory: 39.92GiB(50.26%)  [34mtps: 118  [36mtflops: 5.70  [35mmfu: 0.58%[39m
[rank0]:[titan] 2026-03-17 13:14:57,617 - root - INFO - [31mstep: 525  [32mloss:  2.7898  [38;2;180;60;0mgrad_norm:  2.4060  [38;2;54;234;195mmemory: 39.92GiB(50.26%)  [34mtps: 117  [36mtflops: 5.64  [35mmfu: 0.57%[39m
[rank0]:[titan] 2026-03-17 13:15:15,111 - root - INFO - [31mstep: 526  [32mloss:  2.7288  [38;2;180;60;0mgrad_norm:  2.3256  [38;2;54;234;195mmemory: 39.92GiB(50.26%)  [34mtps: 117  [36mtflops: 5.65  [35mmfu: 0.57%[39m
[rank0]:[titan] 2026-03-17 13:15:32,264 - root - INFO - [31mstep: 527  [32mloss:  2.7581  [38;2;180;60;0mgrad_norm:  2.7174  [38;2;54;234;195mmemory: 39.92GiB(50.26%)  [34mtps: 119  [36mtflops: 5.76  [35mmfu: 0.58%[39m
[rank0]:[titan] 2026-03-17 13:15:49,766 - root - INFO - [31mstep: 528  [32mloss:  2.7768  [38;2;180;60;0mgrad_norm:  2.4516  [38;2;54;234;195mmemory: 39.92GiB(50.26%)  [34mtps: 117  [36mtflops: 5.65  [35mmfu: 0.57%[39m
[rank0]:[titan] 2026-03-17 13:16:06,885 - root - INFO - [31mstep: 529  [32mloss:  2.7591  [38;2;180;60;0mgrad_norm:  2.2921  [38;2;54;234;195mmemory: 39.92GiB(50.26%)  [34mtps: 120  [36mtflops: 5.77  [35mmfu: 0.58%[39m
[rank0]:[titan] 2026-03-17 13:16:23,987 - root - INFO - [31mstep: 530  [32mloss:  2.7773  [38;2;180;60;0mgrad_norm:  2.1933  [38;2;54;234;195mmemory: 39.92GiB(50.26%)  [34mtps: 120  [36mtflops: 5.78  [35mmfu: 0.58%[39m
[rank0]:[titan] 2026-03-17 13:16:41,622 - root - INFO - [31mstep: 531  [32mloss:  2.7953  [38;2;180;60;0mgrad_norm:  2.8222  [38;2;54;234;195mmemory: 39.92GiB(50.26%)  [34mtps: 116  [36mtflops: 5.60  [35mmfu: 0.57%[39m
[rank0]:[titan] 2026-03-17 13:16:59,262 - root - INFO - [31mstep: 532  [32mloss:  2.7729  [38;2;180;60;0mgrad_norm:  2.2303  [38;2;54;234;195mmemory: 39.92GiB(50.26%)  [34mtps: 116  [36mtflops: 5.60  [35mmfu: 0.57%[39m
[rank0]:[titan] 2026-03-17 13:17:16,414 - root - INFO - [31mstep: 533  [32mloss:  2.8110  [38;2;180;60;0mgrad_norm:  1.9095  [38;2;54;234;195mmemory: 39.92GiB(50.26%)  [34mtps: 119  [36mtflops: 5.76  [35mmfu: 0.58%[39m
[rank0]:[titan] 2026-03-17 13:17:33,627 - root - INFO - [31mstep: 534  [32mloss:  2.6910  [38;2;180;60;0mgrad_norm:  1.8454  [38;2;54;234;195mmemory: 39.92GiB(50.26%)  [34mtps: 119  [36mtflops: 5.74  [35mmfu: 0.58%[39m
[rank0]:[titan] 2026-03-17 13:17:51,001 - root - INFO - [31mstep: 535  [32mloss:  2.7802  [38;2;180;60;0mgrad_norm:  2.1522  [38;2;54;234;195mmemory: 39.92GiB(50.26%)  [34mtps: 118  [36mtflops: 5.69  [35mmfu: 0.58%[39m
[rank0]:[titan] 2026-03-17 13:18:08,437 - root - INFO - [31mstep: 536  [32mloss:  2.7410  [38;2;180;60;0mgrad_norm:  1.8808  [38;2;54;234;195mmemory: 39.92GiB(50.26%)  [34mtps: 117  [36mtflops: 5.67  [35mmfu: 0.57%[39m
[rank0]:[titan] 2026-03-17 13:18:25,726 - root - INFO - [31mstep: 537  [32mloss:  2.7012  [38;2;180;60;0mgrad_norm:  1.9330  [38;2;54;234;195mmemory: 39.92GiB(50.26%)  [34mtps: 118  [36mtflops: 5.72  [35mmfu: 0.58%[39m
[rank0]:[titan] 2026-03-17 13:18:43,276 - root - INFO - [31mstep: 538  [32mloss:  2.7100  [38;2;180;60;0mgrad_norm:  2.1402  [38;2;54;234;195mmemory: 39.92GiB(50.26%)  [34mtps: 117  [36mtflops: 5.63  [35mmfu: 0.57%[39m
[rank0]:[titan] 2026-03-17 13:19:00,678 - root - INFO - [31mstep: 539  [32mloss:  2.7987  [38;2;180;60;0mgrad_norm:  2.0500  [38;2;54;234;195mmemory: 39.92GiB(50.26%)  [34mtps: 118  [36mtflops: 5.68  [35mmfu: 0.57%[39m
[rank0]:[titan] 2026-03-17 13:19:17,518 - root - INFO - [31mstep: 540  [32mloss:  2.8094  [38;2;180;60;0mgrad_norm:  3.2831  [38;2;54;234;195mmemory: 39.92GiB(50.26%)  [34mtps: 122  [36mtflops: 5.87  [35mmfu: 0.59%[39m
[rank0]:[titan] 2026-03-17 13:19:34,340 - root - INFO - [31mstep: 541  [32mloss:  2.7515  [38;2;180;60;0mgrad_norm:  3.0419  [38;2;54;234;195mmemory: 39.92GiB(50.26%)  [34mtps: 122  [36mtflops: 5.87  [35mmfu: 0.59%[39m
[rank0]:[titan] 2026-03-17 13:19:51,637 - root - INFO - [31mstep: 542  [32mloss:  2.7310  [38;2;180;60;0mgrad_norm:  2.3657  [38;2;54;234;195mmemory: 39.92GiB(50.26%)  [34mtps: 118  [36mtflops: 5.71  [35mmfu: 0.58%[39m
[rank0]:[titan] 2026-03-17 13:20:09,185 - root - INFO - [31mstep: 543  [32mloss:  2.7630  [38;2;180;60;0mgrad_norm:  2.7149  [38;2;54;234;195mmemory: 39.92GiB(50.26%)  [34mtps: 117  [36mtflops: 5.63  [35mmfu: 0.57%[39m
[rank0]:[titan] 2026-03-17 13:20:26,779 - root - INFO - [31mstep: 544  [32mloss:  2.8095  [38;2;180;60;0mgrad_norm:  2.2805  [38;2;54;234;195mmemory: 39.92GiB(50.26%)  [34mtps: 116  [36mtflops: 5.62  [35mmfu: 0.57%[39m
[rank0]:[titan] 2026-03-17 13:20:44,393 - root - INFO - [31mstep: 545  [32mloss:  2.7582  [38;2;180;60;0mgrad_norm:  2.8911  [38;2;54;234;195mmemory: 39.92GiB(50.26%)  [34mtps: 116  [36mtflops: 5.61  [35mmfu: 0.57%[39m
[rank0]:[titan] 2026-03-17 13:21:01,377 - root - INFO - [31mstep: 546  [32mloss:  2.7821  [38;2;180;60;0mgrad_norm:  2.6416  [38;2;54;234;195mmemory: 39.92GiB(50.26%)  [34mtps: 121  [36mtflops: 5.82  [35mmfu: 0.59%[39m
[rank0]:[titan] 2026-03-17 13:21:18,631 - root - INFO - [31mstep: 547  [32mloss:  2.8256  [38;2;180;60;0mgrad_norm:  3.3924  [38;2;54;234;195mmemory: 39.92GiB(50.26%)  [34mtps: 119  [36mtflops: 5.73  [35mmfu: 0.58%[39m
[rank0]:[titan] 2026-03-17 13:21:36,258 - root - INFO - [31mstep: 548  [32mloss:  2.7949  [38;2;180;60;0mgrad_norm:  2.2497  [38;2;54;234;195mmemory: 39.92GiB(50.26%)  [34mtps: 116  [36mtflops: 5.61  [35mmfu: 0.57%[39m
[rank0]:[titan] 2026-03-17 13:21:53,605 - root - INFO - [31mstep: 549  [32mloss:  2.7698  [38;2;180;60;0mgrad_norm:  3.0820  [38;2;54;234;195mmemory: 39.92GiB(50.26%)  [34mtps: 118  [36mtflops: 5.70  [35mmfu: 0.58%[39m
[rank0]:[titan] 2026-03-17 13:22:11,156 - root - INFO - [31mstep: 550  [32mloss:  2.8719  [38;2;180;60;0mgrad_norm:  2.1187  [38;2;54;234;195mmemory: 39.92GiB(50.26%)  [34mtps: 117  [36mtflops: 5.63  [35mmfu: 0.57%[39m
[rank0]:[titan] 2026-03-17 13:22:28,540 - root - INFO - [31mstep: 551  [32mloss:  2.7436  [38;2;180;60;0mgrad_norm:  2.7147  [38;2;54;234;195mmemory: 39.92GiB(50.26%)  [34mtps: 118  [36mtflops: 5.68  [35mmfu: 0.57%[39m
[rank0]:[titan] 2026-03-17 13:22:45,672 - root - INFO - [31mstep: 552  [32mloss:  2.7409  [38;2;180;60;0mgrad_norm:  2.6778  [38;2;54;234;195mmemory: 39.92GiB(50.26%)  [34mtps: 120  [36mtflops: 5.77  [35mmfu: 0.58%[39m
[rank0]:[titan] 2026-03-17 13:23:03,219 - root - INFO - [31mstep: 553  [32mloss:  2.6996  [38;2;180;60;0mgrad_norm:  2.3652  [38;2;54;234;195mmemory: 39.92GiB(50.26%)  [34mtps: 117  [36mtflops: 5.63  [35mmfu: 0.57%[39m
[rank0]:[titan] 2026-03-17 13:23:20,641 - root - INFO - [31mstep: 554  [32mloss:  2.7408  [38;2;180;60;0mgrad_norm:  2.2049  [38;2;54;234;195mmemory: 39.92GiB(50.26%)  [34mtps: 118  [36mtflops: 5.67  [35mmfu: 0.57%[39m
[rank0]:[titan] 2026-03-17 13:23:38,088 - root - INFO - [31mstep: 555  [32mloss:  2.7168  [38;2;180;60;0mgrad_norm:  2.0815  [38;2;54;234;195mmemory: 39.92GiB(50.26%)  [34mtps: 117  [36mtflops: 5.66  [35mmfu: 0.57%[39m
[rank0]:[titan] 2026-03-17 13:23:54,676 - root - INFO - [31mstep: 556  [32mloss:  2.7552  [38;2;180;60;0mgrad_norm:  2.1281  [38;2;54;234;195mmemory: 39.92GiB(50.26%)  [34mtps: 123  [36mtflops: 5.96  [35mmfu: 0.60%[39m
[rank0]:[titan] 2026-03-17 13:24:11,798 - root - INFO - [31mstep: 557  [32mloss:  2.7073  [38;2;180;60;0mgrad_norm:  2.3716  [38;2;54;234;195mmemory: 39.92GiB(50.26%)  [34mtps: 120  [36mtflops: 5.77  [35mmfu: 0.58%[39m
[rank0]:[titan] 2026-03-17 13:24:29,181 - root - INFO - [31mstep: 558  [32mloss:  2.7210  [38;2;180;60;0mgrad_norm:  1.8796  [38;2;54;234;195mmemory: 39.92GiB(50.26%)  [34mtps: 118  [36mtflops: 5.69  [35mmfu: 0.57%[39m
[rank0]:[titan] 2026-03-17 13:24:46,542 - root - INFO - [31mstep: 559  [32mloss:  2.7127  [38;2;180;60;0mgrad_norm:  1.7102  [38;2;54;234;195mmemory: 39.92GiB(50.26%)  [34mtps: 118  [36mtflops: 5.69  [35mmfu: 0.58%[39m
[rank0]:[titan] 2026-03-17 13:25:04,150 - root - INFO - [31mstep: 560  [32mloss:  2.7885  [38;2;180;60;0mgrad_norm:  2.2225  [38;2;54;234;195mmemory: 39.92GiB(50.26%)  [34mtps: 116  [36mtflops: 5.61  [35mmfu: 0.57%[39m
[rank0]:[titan] 2026-03-17 13:25:21,476 - root - INFO - [31mstep: 561  [32mloss:  2.8287  [38;2;180;60;0mgrad_norm:  2.1351  [38;2;54;234;195mmemory: 39.92GiB(50.26%)  [34mtps: 118  [36mtflops: 5.70  [35mmfu: 0.58%[39m
[rank0]:[titan] 2026-03-17 13:25:38,883 - root - INFO - [31mstep: 562  [32mloss:  2.7818  [38;2;180;60;0mgrad_norm:  2.4826  [38;2;54;234;195mmemory: 39.92GiB(50.26%)  [34mtps: 118  [36mtflops: 5.68  [35mmfu: 0.57%[39m
[rank0]:[titan] 2026-03-17 13:25:56,059 - root - INFO - [31mstep: 563  [32mloss:  2.7849  [38;2;180;60;0mgrad_norm:  2.0566  [38;2;54;234;195mmemory: 39.92GiB(50.26%)  [34mtps: 119  [36mtflops: 5.75  [35mmfu: 0.58%[39m
[rank0]:[titan] 2026-03-17 13:26:13,340 - root - INFO - [31mstep: 564  [32mloss:  2.8498  [38;2;180;60;0mgrad_norm:  3.4450  [38;2;54;234;195mmemory: 39.92GiB(50.26%)  [34mtps: 119  [36mtflops: 5.72  [35mmfu: 0.58%[39m
[rank0]:[titan] 2026-03-17 13:26:30,816 - root - INFO - [31mstep: 565  [32mloss:  2.8032  [38;2;180;60;0mgrad_norm:  2.3288  [38;2;54;234;195mmemory: 39.92GiB(50.26%)  [34mtps: 117  [36mtflops: 5.65  [35mmfu: 0.57%[39m
[rank0]:[titan] 2026-03-17 13:26:48,328 - root - INFO - [31mstep: 566  [32mloss:  2.8101  [38;2;180;60;0mgrad_norm:  2.6122  [38;2;54;234;195mmemory: 39.92GiB(50.26%)  [34mtps: 117  [36mtflops: 5.64  [35mmfu: 0.57%[39m
[rank0]:[titan] 2026-03-17 13:27:05,822 - root - INFO - [31mstep: 567  [32mloss:  2.8000  [38;2;180;60;0mgrad_norm:  2.7005  [38;2;54;234;195mmemory: 39.92GiB(50.26%)  [34mtps: 117  [36mtflops: 5.65  [35mmfu: 0.57%[39m
[rank0]:[titan] 2026-03-17 13:27:23,041 - root - INFO - [31mstep: 568  [32mloss:  2.8670  [38;2;180;60;0mgrad_norm:  2.6113  [38;2;54;234;195mmemory: 39.92GiB(50.26%)  [34mtps: 119  [36mtflops: 5.74  [35mmfu: 0.58%[39m
[rank0]:[titan] 2026-03-17 13:27:40,272 - root - INFO - [31mstep: 569  [32mloss:  2.8321  [38;2;180;60;0mgrad_norm:  2.7121  [38;2;54;234;195mmemory: 39.92GiB(50.26%)  [34mtps: 119  [36mtflops: 5.74  [35mmfu: 0.58%[39m
[rank0]:[titan] 2026-03-17 13:27:57,185 - root - INFO - [31mstep: 570  [32mloss:  2.8571  [38;2;180;60;0mgrad_norm:  2.5128  [38;2;54;234;195mmemory: 39.92GiB(50.26%)  [34mtps: 121  [36mtflops: 5.84  [35mmfu: 0.59%[39m
[rank0]:[titan] 2026-03-17 13:28:14,324 - root - INFO - [31mstep: 571  [32mloss:  2.8768  [38;2;180;60;0mgrad_norm:  2.1308  [38;2;54;234;195mmemory: 39.92GiB(50.26%)  [34mtps: 119  [36mtflops: 5.77  [35mmfu: 0.58%[39m
[rank0]:[titan] 2026-03-17 13:28:31,576 - root - INFO - [31mstep: 572  [32mloss:  2.8456  [38;2;180;60;0mgrad_norm:  1.9116  [38;2;54;234;195mmemory: 39.92GiB(50.26%)  [34mtps: 119  [36mtflops: 5.73  [35mmfu: 0.58%[39m
[rank0]:[titan] 2026-03-17 13:28:48,861 - root - INFO - [31mstep: 573  [32mloss:  2.7705  [38;2;180;60;0mgrad_norm:  2.7456  [38;2;54;234;195mmemory: 39.92GiB(50.26%)  [34mtps: 118  [36mtflops: 5.72  [35mmfu: 0.58%[39m
[rank0]:[titan] 2026-03-17 13:29:06,401 - root - INFO - [31mstep: 574  [32mloss:  2.8299  [38;2;180;60;0mgrad_norm:  2.6342  [38;2;54;234;195mmemory: 39.92GiB(50.26%)  [34mtps: 117  [36mtflops: 5.63  [35mmfu: 0.57%[39m
[rank0]:[titan] 2026-03-17 13:29:23,709 - root - INFO - [31mstep: 575  [32mloss:  2.7752  [38;2;180;60;0mgrad_norm:  2.2010  [38;2;54;234;195mmemory: 39.92GiB(50.26%)  [34mtps: 118  [36mtflops: 5.71  [35mmfu: 0.58%[39m
[rank0]:[titan] 2026-03-17 13:29:40,768 - root - INFO - [31mstep: 576  [32mloss:  2.7835  [38;2;180;60;0mgrad_norm:  2.2698  [38;2;54;234;195mmemory: 39.92GiB(50.26%)  [34mtps: 120  [36mtflops: 5.79  [35mmfu: 0.59%[39m
[rank0]:[titan] 2026-03-17 13:29:58,275 - root - INFO - [31mstep: 577  [32mloss:  2.7463  [38;2;180;60;0mgrad_norm:  2.1258  [38;2;54;234;195mmemory: 39.92GiB(50.26%)  [34mtps: 117  [36mtflops: 5.64  [35mmfu: 0.57%[39m
[rank0]:[titan] 2026-03-17 13:30:15,509 - root - INFO - [31mstep: 578  [32mloss:  2.7678  [38;2;180;60;0mgrad_norm:  2.3777  [38;2;54;234;195mmemory: 39.92GiB(50.26%)  [34mtps: 119  [36mtflops: 5.73  [35mmfu: 0.58%[39m
[rank0]:[titan] 2026-03-17 13:30:32,739 - root - INFO - [31mstep: 579  [32mloss:  2.7803  [38;2;180;60;0mgrad_norm:  2.8328  [38;2;54;234;195mmemory: 39.92GiB(50.26%)  [34mtps: 119  [36mtflops: 5.74  [35mmfu: 0.58%[39m
[rank0]:[titan] 2026-03-17 13:30:50,047 - root - INFO - [31mstep: 580  [32mloss:  2.7232  [38;2;180;60;0mgrad_norm:  2.3574  [38;2;54;234;195mmemory: 39.92GiB(50.26%)  [34mtps: 118  [36mtflops: 5.71  [35mmfu: 0.58%[39m
[rank0]:[titan] 2026-03-17 13:31:07,669 - root - INFO - [31mstep: 581  [32mloss:  2.7518  [38;2;180;60;0mgrad_norm:  2.6082  [38;2;54;234;195mmemory: 39.92GiB(50.26%)  [34mtps: 116  [36mtflops: 5.61  [35mmfu: 0.57%[39m
[rank0]:[titan] 2026-03-17 13:31:25,089 - root - INFO - [31mstep: 582  [32mloss:  2.8272  [38;2;180;60;0mgrad_norm:  2.8440  [38;2;54;234;195mmemory: 39.92GiB(50.26%)  [34mtps: 118  [36mtflops: 5.67  [35mmfu: 0.57%[39m
[rank0]:[titan] 2026-03-17 13:31:42,507 - root - INFO - [31mstep: 583  [32mloss:  2.8016  [38;2;180;60;0mgrad_norm:  1.8763  [38;2;54;234;195mmemory: 39.92GiB(50.26%)  [34mtps: 118  [36mtflops: 5.67  [35mmfu: 0.57%[39m
[rank0]:[titan] 2026-03-17 13:31:59,631 - root - INFO - [31mstep: 584  [32mloss:  2.7575  [38;2;180;60;0mgrad_norm:  3.1868  [38;2;54;234;195mmemory: 39.92GiB(50.26%)  [34mtps: 120  [36mtflops: 5.77  [35mmfu: 0.58%[39m
[rank0]:[titan] 2026-03-17 13:32:16,960 - root - INFO - [31mstep: 585  [32mloss:  2.7903  [38;2;180;60;0mgrad_norm:  2.6061  [38;2;54;234;195mmemory: 39.92GiB(50.26%)  [34mtps: 118  [36mtflops: 5.70  [35mmfu: 0.58%[39m
[rank0]:[titan] 2026-03-17 13:32:34,429 - root - INFO - [31mstep: 586  [32mloss:  2.7684  [38;2;180;60;0mgrad_norm:  2.1187  [38;2;54;234;195mmemory: 39.92GiB(50.26%)  [34mtps: 117  [36mtflops: 5.66  [35mmfu: 0.57%[39m
[rank0]:[titan] 2026-03-17 13:32:51,928 - root - INFO - [31mstep: 587  [32mloss:  2.7610  [38;2;180;60;0mgrad_norm:  2.7538  [38;2;54;234;195mmemory: 39.92GiB(50.26%)  [34mtps: 117  [36mtflops: 5.65  [35mmfu: 0.57%[39m
[rank0]:[titan] 2026-03-17 13:33:09,037 - root - INFO - [31mstep: 588  [32mloss:  2.8203  [38;2;180;60;0mgrad_norm:  2.4361  [38;2;54;234;195mmemory: 39.92GiB(50.26%)  [34mtps: 120  [36mtflops: 5.78  [35mmfu: 0.58%[39m
[rank0]:[titan] 2026-03-17 13:33:26,431 - root - INFO - [31mstep: 589  [32mloss:  2.8076  [38;2;180;60;0mgrad_norm:  2.3699  [38;2;54;234;195mmemory: 39.92GiB(50.26%)  [34mtps: 118  [36mtflops: 5.68  [35mmfu: 0.57%[39m
[rank0]:[titan] 2026-03-17 13:33:43,694 - root - INFO - [31mstep: 590  [32mloss:  2.8721  [38;2;180;60;0mgrad_norm:  3.3238  [38;2;54;234;195mmemory: 39.92GiB(50.26%)  [34mtps: 119  [36mtflops: 5.72  [35mmfu: 0.58%[39m
[rank0]:[titan] 2026-03-17 13:34:01,046 - root - INFO - [31mstep: 591  [32mloss:  2.8106  [38;2;180;60;0mgrad_norm:  2.6361  [38;2;54;234;195mmemory: 39.92GiB(50.26%)  [34mtps: 118  [36mtflops: 5.70  [35mmfu: 0.58%[39m
[rank0]:[titan] 2026-03-17 13:34:18,526 - root - INFO - [31mstep: 592  [32mloss:  2.8007  [38;2;180;60;0mgrad_norm:  2.5471  [38;2;54;234;195mmemory: 39.92GiB(50.26%)  [34mtps: 117  [36mtflops: 5.65  [35mmfu: 0.57%[39m
[rank0]:[titan] 2026-03-17 13:34:36,253 - root - INFO - [31mstep: 593  [32mloss:  2.7940  [38;2;180;60;0mgrad_norm:  2.6092  [38;2;54;234;195mmemory: 39.92GiB(50.26%)  [34mtps: 116  [36mtflops: 5.57  [35mmfu: 0.56%[39m
[rank0]:[titan] 2026-03-17 13:34:53,353 - root - INFO - [31mstep: 594  [32mloss:  2.7772  [38;2;180;60;0mgrad_norm:  2.4094  [38;2;54;234;195mmemory: 39.92GiB(50.26%)  [34mtps: 120  [36mtflops: 5.78  [35mmfu: 0.58%[39m
[rank0]:[titan] 2026-03-17 13:35:10,786 - root - INFO - [31mstep: 595  [32mloss:  2.7628  [38;2;180;60;0mgrad_norm:  2.5861  [38;2;54;234;195mmemory: 39.92GiB(50.26%)  [34mtps: 117  [36mtflops: 5.67  [35mmfu: 0.57%[39m
[rank0]:[titan] 2026-03-17 13:35:27,977 - root - INFO - [31mstep: 596  [32mloss:  2.8150  [38;2;180;60;0mgrad_norm:  2.0034  [38;2;54;234;195mmemory: 39.92GiB(50.26%)  [34mtps: 119  [36mtflops: 5.75  [35mmfu: 0.58%[39m
[rank0]:[titan] 2026-03-17 13:35:45,469 - root - INFO - [31mstep: 597  [32mloss:  2.8599  [38;2;180;60;0mgrad_norm:  2.2577  [38;2;54;234;195mmemory: 39.92GiB(50.26%)  [34mtps: 117  [36mtflops: 5.65  [35mmfu: 0.57%[39m
[rank0]:[titan] 2026-03-17 13:36:02,510 - root - INFO - [31mstep: 598  [32mloss:  2.8223  [38;2;180;60;0mgrad_norm:  2.0759  [38;2;54;234;195mmemory: 39.92GiB(50.26%)  [34mtps: 120  [36mtflops: 5.80  [35mmfu: 0.59%[39m
[rank0]:[titan] 2026-03-17 13:36:19,845 - root - INFO - [31mstep: 599  [32mloss:  2.7692  [38;2;180;60;0mgrad_norm:  1.7797  [38;2;54;234;195mmemory: 39.92GiB(50.26%)  [34mtps: 118  [36mtflops: 5.70  [35mmfu: 0.58%[39m
[rank0]:[titan] 2026-03-17 13:36:37,087 - root - INFO - [31mstep: 600  [32mloss:  2.7431  [38;2;180;60;0mgrad_norm:  2.4578  [38;2;54;234;195mmemory: 39.92GiB(50.26%)  [34mtps: 119  [36mtflops: 5.73  [35mmfu: 0.58%[39m
[rank0]:[titan] 2026-03-17 13:36:54,374 - root - INFO - [31mstep: 601  [32mloss:  2.8064  [38;2;180;60;0mgrad_norm:  2.1057  [38;2;54;234;195mmemory: 39.92GiB(50.26%)  [34mtps: 118  [36mtflops: 5.72  [35mmfu: 0.58%[39m
[rank0]:[titan] 2026-03-17 13:37:11,697 - root - INFO - [31mstep: 602  [32mloss:  2.8030  [38;2;180;60;0mgrad_norm:  2.2093  [38;2;54;234;195mmemory: 39.92GiB(50.26%)  [34mtps: 118  [36mtflops: 5.70  [35mmfu: 0.58%[39m
[rank0]:[titan] 2026-03-17 13:37:28,898 - root - INFO - [31mstep: 603  [32mloss:  2.7464  [38;2;180;60;0mgrad_norm:  2.1174  [38;2;54;234;195mmemory: 39.92GiB(50.26%)  [34mtps: 119  [36mtflops: 5.75  [35mmfu: 0.58%[39m
[rank0]:[titan] 2026-03-17 13:37:46,340 - root - INFO - [31mstep: 604  [32mloss:  2.7805  [38;2;180;60;0mgrad_norm:  2.1765  [38;2;54;234;195mmemory: 39.92GiB(50.26%)  [34mtps: 117  [36mtflops: 5.67  [35mmfu: 0.57%[39m
[rank0]:[titan] 2026-03-17 13:38:03,454 - root - INFO - [31mstep: 605  [32mloss:  2.8029  [38;2;180;60;0mgrad_norm:  2.3221  [38;2;54;234;195mmemory: 39.92GiB(50.26%)  [34mtps: 120  [36mtflops: 5.77  [35mmfu: 0.58%[39m
[rank0]:[titan] 2026-03-17 13:38:20,391 - root - INFO - [31mstep: 606  [32mloss:  2.7431  [38;2;180;60;0mgrad_norm:  3.0029  [38;2;54;234;195mmemory: 39.92GiB(50.26%)  [34mtps: 121  [36mtflops: 5.83  [35mmfu: 0.59%[39m
[rank0]:[titan] 2026-03-17 13:38:37,765 - root - INFO - [31mstep: 607  [32mloss:  2.7375  [38;2;180;60;0mgrad_norm:  2.8367  [38;2;54;234;195mmemory: 39.92GiB(50.26%)  [34mtps: 118  [36mtflops: 5.69  [35mmfu: 0.58%[39m
[rank0]:[titan] 2026-03-17 13:38:55,052 - root - INFO - [31mstep: 608  [32mloss:  2.7604  [38;2;180;60;0mgrad_norm:  2.0866  [38;2;54;234;195mmemory: 39.92GiB(50.26%)  [34mtps: 118  [36mtflops: 5.72  [35mmfu: 0.58%[39m
[rank0]:[titan] 2026-03-17 13:39:12,384 - root - INFO - [31mstep: 609  [32mloss:  2.7768  [38;2;180;60;0mgrad_norm:  1.9561  [38;2;54;234;195mmemory: 39.92GiB(50.26%)  [34mtps: 118  [36mtflops: 5.70  [35mmfu: 0.58%[39m
[rank0]:[titan] 2026-03-17 13:39:29,791 - root - INFO - [31mstep: 610  [32mloss:  2.7392  [38;2;180;60;0mgrad_norm:  2.2867  [38;2;54;234;195mmemory: 39.92GiB(50.26%)  [34mtps: 118  [36mtflops: 5.68  [35mmfu: 0.57%[39m
[rank0]:[titan] 2026-03-17 13:39:47,474 - root - INFO - [31mstep: 611  [32mloss:  2.7281  [38;2;180;60;0mgrad_norm:  2.0873  [38;2;54;234;195mmemory: 39.92GiB(50.26%)  [34mtps: 116  [36mtflops: 5.59  [35mmfu: 0.57%[39m
[rank0]:[titan] 2026-03-17 13:40:04,870 - root - INFO - [31mstep: 612  [32mloss:  2.7744  [38;2;180;60;0mgrad_norm:  2.4338  [38;2;54;234;195mmemory: 39.92GiB(50.26%)  [34mtps: 118  [36mtflops: 5.68  [35mmfu: 0.57%[39m
[rank0]:[titan] 2026-03-17 13:40:22,343 - root - INFO - [31mstep: 613  [32mloss:  2.7983  [38;2;180;60;0mgrad_norm:  2.6835  [38;2;54;234;195mmemory: 39.92GiB(50.26%)  [34mtps: 117  [36mtflops: 5.66  [35mmfu: 0.57%[39m
[rank0]:[titan] 2026-03-17 13:40:39,663 - root - INFO - [31mstep: 614  [32mloss:  2.7747  [38;2;180;60;0mgrad_norm:  2.4660  [38;2;54;234;195mmemory: 39.92GiB(50.26%)  [34mtps: 118  [36mtflops: 5.71  [35mmfu: 0.58%[39m
[rank0]:[titan] 2026-03-17 13:40:57,040 - root - INFO - [31mstep: 615  [32mloss:  2.8222  [38;2;180;60;0mgrad_norm:  2.5422  [38;2;54;234;195mmemory: 39.92GiB(50.26%)  [34mtps: 118  [36mtflops: 5.69  [35mmfu: 0.58%[39m
[rank0]:[titan] 2026-03-17 13:41:14,786 - root - INFO - [31mstep: 616  [32mloss:  2.7846  [38;2;180;60;0mgrad_norm:  2.2348  [38;2;54;234;195mmemory: 39.92GiB(50.26%)  [34mtps: 115  [36mtflops: 5.57  [35mmfu: 0.56%[39m
[rank0]:[titan] 2026-03-17 13:41:31,940 - root - INFO - [31mstep: 617  [32mloss:  2.7279  [38;2;180;60;0mgrad_norm:  2.3681  [38;2;54;234;195mmemory: 39.92GiB(50.26%)  [34mtps: 119  [36mtflops: 5.76  [35mmfu: 0.58%[39m
[rank0]:[titan] 2026-03-17 13:41:48,577 - root - INFO - [31mstep: 618  [32mloss:  2.7704  [38;2;180;60;0mgrad_norm:  2.1734  [38;2;54;234;195mmemory: 39.92GiB(50.26%)  [34mtps: 123  [36mtflops: 5.94  [35mmfu: 0.60%[39m
[rank0]:[titan] 2026-03-17 13:42:06,066 - root - INFO - [31mstep: 619  [32mloss:  2.6867  [38;2;180;60;0mgrad_norm:  2.9850  [38;2;54;234;195mmemory: 39.92GiB(50.26%)  [34mtps: 117  [36mtflops: 5.65  [35mmfu: 0.57%[39m
[rank0]:[titan] 2026-03-17 13:42:24,694 - root - INFO - [31mstep: 620  [32mloss:  2.6847  [38;2;180;60;0mgrad_norm:  2.6564  [38;2;54;234;195mmemory: 39.92GiB(50.26%)  [34mtps: 110  [36mtflops: 5.30  [35mmfu: 0.54%[39m
[rank0]:[titan] 2026-03-17 13:42:41,970 - root - INFO - [31mstep: 621  [32mloss:  2.7243  [38;2;180;60;0mgrad_norm:  3.2449  [38;2;54;234;195mmemory: 39.92GiB(50.26%)  [34mtps: 119  [36mtflops: 5.72  [35mmfu: 0.58%[39m
[rank0]:[titan] 2026-03-17 13:42:59,345 - root - INFO - [31mstep: 622  [32mloss:  2.7700  [38;2;180;60;0mgrad_norm:  2.5901  [38;2;54;234;195mmemory: 39.92GiB(50.26%)  [34mtps: 118  [36mtflops: 5.69  [35mmfu: 0.58%[39m
[rank0]:[titan] 2026-03-17 13:43:17,026 - root - INFO - [31mstep: 623  [32mloss:  2.8358  [38;2;180;60;0mgrad_norm:  2.6261  [38;2;54;234;195mmemory: 39.92GiB(50.26%)  [34mtps: 116  [36mtflops: 5.59  [35mmfu: 0.57%[39m
[rank0]:[titan] 2026-03-17 13:43:34,287 - root - INFO - [31mstep: 624  [32mloss:  2.7974  [38;2;180;60;0mgrad_norm:  2.9513  [38;2;54;234;195mmemory: 39.92GiB(50.26%)  [34mtps: 119  [36mtflops: 5.73  [35mmfu: 0.58%[39m
[rank0]:[titan] 2026-03-17 13:43:51,722 - root - INFO - [31mstep: 625  [32mloss:  2.7973  [38;2;180;60;0mgrad_norm:  2.9756  [38;2;54;234;195mmemory: 39.92GiB(50.26%)  [34mtps: 117  [36mtflops: 5.67  [35mmfu: 0.57%[39m
[rank0]:[titan] 2026-03-17 13:44:09,159 - root - INFO - [31mstep: 626  [32mloss:  2.7764  [38;2;180;60;0mgrad_norm:  2.4268  [38;2;54;234;195mmemory: 39.92GiB(50.26%)  [34mtps: 117  [36mtflops: 5.67  [35mmfu: 0.57%[39m
[rank0]:[titan] 2026-03-17 13:44:26,815 - root - INFO - [31mstep: 627  [32mloss:  2.7311  [38;2;180;60;0mgrad_norm:  2.6568  [38;2;54;234;195mmemory: 39.92GiB(50.26%)  [34mtps: 116  [36mtflops: 5.60  [35mmfu: 0.57%[39m
[rank0]:[titan] 2026-03-17 13:44:43,927 - root - INFO - [31mstep: 628  [32mloss:  2.7265  [38;2;180;60;0mgrad_norm:  2.3331  [38;2;54;234;195mmemory: 39.92GiB(50.26%)  [34mtps: 120  [36mtflops: 5.78  [35mmfu: 0.58%[39m
[rank0]:[titan] 2026-03-17 13:45:01,288 - root - INFO - [31mstep: 629  [32mloss:  2.7298  [38;2;180;60;0mgrad_norm:  3.1179  [38;2;54;234;195mmemory: 39.92GiB(50.26%)  [34mtps: 118  [36mtflops: 5.69  [35mmfu: 0.58%[39m
[rank0]:[titan] 2026-03-17 13:45:18,867 - root - INFO - [31mstep: 630  [32mloss:  2.7243  [38;2;180;60;0mgrad_norm:  2.7956  [38;2;54;234;195mmemory: 39.92GiB(50.26%)  [34mtps: 117  [36mtflops: 5.62  [35mmfu: 0.57%[39m
[rank0]:[titan] 2026-03-17 13:45:36,334 - root - INFO - [31mstep: 631  [32mloss:  2.7980  [38;2;180;60;0mgrad_norm:  2.8215  [38;2;54;234;195mmemory: 39.92GiB(50.26%)  [34mtps: 117  [36mtflops: 5.66  [35mmfu: 0.57%[39m
[rank0]:[titan] 2026-03-17 13:45:53,502 - root - INFO - [31mstep: 632  [32mloss:  2.8698  [38;2;180;60;0mgrad_norm:  2.1344  [38;2;54;234;195mmemory: 39.92GiB(50.26%)  [34mtps: 119  [36mtflops: 5.76  [35mmfu: 0.58%[39m
[rank0]:[titan] 2026-03-17 13:46:10,865 - root - INFO - [31mstep: 633  [32mloss:  2.8099  [38;2;180;60;0mgrad_norm:  3.1709  [38;2;54;234;195mmemory: 39.92GiB(50.26%)  [34mtps: 118  [36mtflops: 5.69  [35mmfu: 0.58%[39m
[rank0]:[titan] 2026-03-17 13:46:28,151 - root - INFO - [31mstep: 634  [32mloss:  2.7585  [38;2;180;60;0mgrad_norm:  2.4664  [38;2;54;234;195mmemory: 39.92GiB(50.26%)  [34mtps: 118  [36mtflops: 5.72  [35mmfu: 0.58%[39m
[rank0]:[titan] 2026-03-17 13:46:28,154 - root - WARNING - Dataset c4_test is being re-looped
[rank0]:[titan] 2026-03-17 13:46:45,376 - root - INFO - [31mstep: 635  [32mloss:  2.8553  [38;2;180;60;0mgrad_norm:  2.2951  [38;2;54;234;195mmemory: 39.92GiB(50.26%)  [34mtps: 119  [36mtflops: 5.74  [35mmfu: 0.58%[39m
[rank0]:[titan] 2026-03-17 13:47:02,777 - root - INFO - [31mstep: 636  [32mloss:  2.8039  [38;2;180;60;0mgrad_norm:  2.5558  [38;2;54;234;195mmemory: 39.92GiB(50.26%)  [34mtps: 118  [36mtflops: 5.68  [35mmfu: 0.57%[39m
[rank0]:[titan] 2026-03-17 13:47:20,387 - root - INFO - [31mstep: 637  [32mloss:  2.8232  [38;2;180;60;0mgrad_norm:  2.2262  [38;2;54;234;195mmemory: 39.92GiB(50.26%)  [34mtps: 116  [36mtflops: 5.61  [35mmfu: 0.57%[39m
[rank0]:[titan] 2026-03-17 13:47:37,722 - root - INFO - [31mstep: 638  [32mloss:  2.7898  [38;2;180;60;0mgrad_norm:  2.0765  [38;2;54;234;195mmemory: 39.92GiB(50.26%)  [34mtps: 118  [36mtflops: 5.70  [35mmfu: 0.58%[39m
[rank0]:[titan] 2026-03-17 13:47:55,129 - root - INFO - [31mstep: 639  [32mloss:  2.7511  [38;2;180;60;0mgrad_norm:  2.3223  [38;2;54;234;195mmemory: 39.92GiB(50.26%)  [34mtps: 118  [36mtflops: 5.68  [35mmfu: 0.57%[39m
[rank0]:[titan] 2026-03-17 13:48:12,769 - root - INFO - [31mstep: 640  [32mloss:  2.7369  [38;2;180;60;0mgrad_norm:  2.1669  [38;2;54;234;195mmemory: 39.92GiB(50.26%)  [34mtps: 116  [36mtflops: 5.60  [35mmfu: 0.57%[39m
[rank0]:[titan] 2026-03-17 13:48:30,374 - root - INFO - [31mstep: 641  [32mloss:  2.7539  [38;2;180;60;0mgrad_norm:  2.0107  [38;2;54;234;195mmemory: 39.92GiB(50.26%)  [34mtps: 116  [36mtflops: 5.61  [35mmfu: 0.57%[39m
[rank0]:[titan] 2026-03-17 13:48:47,855 - root - INFO - [31mstep: 642  [32mloss:  2.7471  [38;2;180;60;0mgrad_norm:  2.2045  [38;2;54;234;195mmemory: 39.92GiB(50.26%)  [34mtps: 117  [36mtflops: 5.65  [35mmfu: 0.57%[39m
[rank0]:[titan] 2026-03-17 13:49:05,283 - root - INFO - [31mstep: 643  [32mloss:  2.8345  [38;2;180;60;0mgrad_norm:  2.1679  [38;2;54;234;195mmemory: 39.92GiB(50.26%)  [34mtps: 118  [36mtflops: 5.67  [35mmfu: 0.57%[39m
[rank0]:[titan] 2026-03-17 13:49:22,915 - root - INFO - [31mstep: 644  [32mloss:  2.7403  [38;2;180;60;0mgrad_norm:  2.3158  [38;2;54;234;195mmemory: 39.92GiB(50.26%)  [34mtps: 116  [36mtflops: 5.60  [35mmfu: 0.57%[39m
[rank0]:[titan] 2026-03-17 13:49:40,443 - root - INFO - [31mstep: 645  [32mloss:  2.7209  [38;2;180;60;0mgrad_norm:  1.9381  [38;2;54;234;195mmemory: 39.92GiB(50.26%)  [34mtps: 117  [36mtflops: 5.64  [35mmfu: 0.57%[39m
[rank0]:[titan] 2026-03-17 13:49:57,683 - root - INFO - [31mstep: 646  [32mloss:  2.7526  [38;2;180;60;0mgrad_norm:  2.0636  [38;2;54;234;195mmemory: 39.92GiB(50.26%)  [34mtps: 119  [36mtflops: 5.73  [35mmfu: 0.58%[39m
[rank0]:[titan] 2026-03-17 13:50:14,965 - root - INFO - [31mstep: 647  [32mloss:  2.7740  [38;2;180;60;0mgrad_norm:  1.8090  [38;2;54;234;195mmemory: 39.92GiB(50.26%)  [34mtps: 119  [36mtflops: 5.72  [35mmfu: 0.58%[39m
[rank0]:[titan] 2026-03-17 13:50:32,177 - root - INFO - [31mstep: 648  [32mloss:  2.8325  [38;2;180;60;0mgrad_norm:  2.2090  [38;2;54;234;195mmemory: 39.92GiB(50.26%)  [34mtps: 119  [36mtflops: 5.74  [35mmfu: 0.58%[39m
[rank0]:[titan] 2026-03-17 13:50:49,372 - root - INFO - [31mstep: 649  [32mloss:  2.8705  [38;2;180;60;0mgrad_norm:  2.1318  [38;2;54;234;195mmemory: 39.92GiB(50.26%)  [34mtps: 119  [36mtflops: 5.75  [35mmfu: 0.58%[39m
[rank0]:[titan] 2026-03-17 13:51:06,653 - root - INFO - [31mstep: 650  [32mloss:  2.8213  [38;2;180;60;0mgrad_norm:  1.8033  [38;2;54;234;195mmemory: 39.92GiB(50.26%)  [34mtps: 119  [36mtflops: 5.72  [35mmfu: 0.58%[39m
[rank0]:[titan] 2026-03-17 13:51:24,292 - root - INFO - [31mstep: 651  [32mloss:  2.7582  [38;2;180;60;0mgrad_norm:  2.0973  [38;2;54;234;195mmemory: 39.92GiB(50.26%)  [34mtps: 116  [36mtflops: 5.60  [35mmfu: 0.57%[39m
[rank0]:[titan] 2026-03-17 13:51:41,315 - root - INFO - [31mstep: 652  [32mloss:  2.7738  [38;2;180;60;0mgrad_norm:  2.1391  [38;2;54;234;195mmemory: 39.92GiB(50.26%)  [34mtps: 120  [36mtflops: 5.81  [35mmfu: 0.59%[39m
[rank0]:[titan] 2026-03-17 13:51:58,223 - root - INFO - [31mstep: 653  [32mloss:  2.8288  [38;2;180;60;0mgrad_norm:  1.6683  [38;2;54;234;195mmemory: 39.92GiB(50.26%)  [34mtps: 121  [36mtflops: 5.84  [35mmfu: 0.59%[39m
[rank0]:[titan] 2026-03-17 13:52:15,210 - root - INFO - [31mstep: 654  [32mloss:  2.7529  [38;2;180;60;0mgrad_norm:  2.5364  [38;2;54;234;195mmemory: 39.92GiB(50.26%)  [34mtps: 121  [36mtflops: 5.82  [35mmfu: 0.59%[39m
[rank0]:[titan] 2026-03-17 13:52:32,685 - root - INFO - [31mstep: 655  [32mloss:  2.7926  [38;2;180;60;0mgrad_norm:  2.6807  [38;2;54;234;195mmemory: 39.92GiB(50.26%)  [34mtps: 117  [36mtflops: 5.66  [35mmfu: 0.57%[39m
[rank0]:[titan] 2026-03-17 13:52:50,044 - root - INFO - [31mstep: 656  [32mloss:  2.8023  [38;2;180;60;0mgrad_norm:  2.1312  [38;2;54;234;195mmemory: 39.92GiB(50.26%)  [34mtps: 118  [36mtflops: 5.69  [35mmfu: 0.58%[39m
[rank0]:[titan] 2026-03-17 13:53:07,116 - root - INFO - [31mstep: 657  [32mloss:  2.7853  [38;2;180;60;0mgrad_norm:  1.7741  [38;2;54;234;195mmemory: 39.92GiB(50.26%)  [34mtps: 120  [36mtflops: 5.79  [35mmfu: 0.59%[39m
[rank0]:[titan] 2026-03-17 13:53:24,036 - root - INFO - [31mstep: 658  [32mloss:  2.7448  [38;2;180;60;0mgrad_norm:  2.4118  [38;2;54;234;195mmemory: 39.92GiB(50.26%)  [34mtps: 121  [36mtflops: 5.84  [35mmfu: 0.59%[39m
[rank0]:[titan] 2026-03-17 13:53:41,776 - root - INFO - [31mstep: 659  [32mloss:  2.7836  [38;2;180;60;0mgrad_norm:  1.7101  [38;2;54;234;195mmemory: 39.92GiB(50.26%)  [34mtps: 115  [36mtflops: 5.57  [35mmfu: 0.56%[39m
[rank0]:[titan] 2026-03-17 13:53:59,053 - root - INFO - [31mstep: 660  [32mloss:  2.7591  [38;2;180;60;0mgrad_norm:  1.8583  [38;2;54;234;195mmemory: 39.92GiB(50.26%)  [34mtps: 119  [36mtflops: 5.72  [35mmfu: 0.58%[39m
[rank0]:[titan] 2026-03-17 13:54:16,617 - root - INFO - [31mstep: 661  [32mloss:  2.7576  [38;2;180;60;0mgrad_norm:  2.4407  [38;2;54;234;195mmemory: 39.92GiB(50.26%)  [34mtps: 117  [36mtflops: 5.63  [35mmfu: 0.57%[39m
[rank0]:[titan] 2026-03-17 13:54:33,950 - root - INFO - [31mstep: 662  [32mloss:  2.7722  [38;2;180;60;0mgrad_norm:  1.9311  [38;2;54;234;195mmemory: 39.92GiB(50.26%)  [34mtps: 118  [36mtflops: 5.70  [35mmfu: 0.58%[39m
[rank0]:[titan] 2026-03-17 13:54:51,497 - root - INFO - [31mstep: 663  [32mloss:  2.7882  [38;2;180;60;0mgrad_norm:  2.2102  [38;2;54;234;195mmemory: 39.92GiB(50.26%)  [34mtps: 117  [36mtflops: 5.63  [35mmfu: 0.57%[39m
[rank0]:[titan] 2026-03-17 13:55:08,661 - root - INFO - [31mstep: 664  [32mloss:  2.7767  [38;2;180;60;0mgrad_norm:  2.3490  [38;2;54;234;195mmemory: 39.92GiB(50.26%)  [34mtps: 119  [36mtflops: 5.76  [35mmfu: 0.58%[39m
[rank0]:[titan] 2026-03-17 13:55:25,919 - root - INFO - [31mstep: 665  [32mloss:  2.8434  [38;2;180;60;0mgrad_norm:  2.0440  [38;2;54;234;195mmemory: 39.92GiB(50.26%)  [34mtps: 119  [36mtflops: 5.73  [35mmfu: 0.58%[39m
[rank0]:[titan] 2026-03-17 13:55:43,515 - root - INFO - [31mstep: 666  [32mloss:  2.8051  [38;2;180;60;0mgrad_norm:  1.9399  [38;2;54;234;195mmemory: 39.92GiB(50.26%)  [34mtps: 116  [36mtflops: 5.62  [35mmfu: 0.57%[39m
[rank0]:[titan] 2026-03-17 13:56:00,600 - root - INFO - [31mstep: 667  [32mloss:  2.7660  [38;2;180;60;0mgrad_norm:  2.4284  [38;2;54;234;195mmemory: 39.92GiB(50.26%)  [34mtps: 120  [36mtflops: 5.79  [35mmfu: 0.58%[39m
[rank0]:[titan] 2026-03-17 13:56:17,936 - root - INFO - [31mstep: 668  [32mloss:  2.8057  [38;2;180;60;0mgrad_norm:  2.5752  [38;2;54;234;195mmemory: 39.92GiB(50.26%)  [34mtps: 118  [36mtflops: 5.70  [35mmfu: 0.58%[39m
[rank0]:[titan] 2026-03-17 13:56:35,180 - root - INFO - [31mstep: 669  [32mloss:  2.7719  [38;2;180;60;0mgrad_norm:  2.2488  [38;2;54;234;195mmemory: 39.92GiB(50.26%)  [34mtps: 119  [36mtflops: 5.73  [35mmfu: 0.58%[39m
[rank0]:[titan] 2026-03-17 13:56:52,856 - root - INFO - [31mstep: 670  [32mloss:  2.7712  [38;2;180;60;0mgrad_norm:  2.6736  [38;2;54;234;195mmemory: 39.92GiB(50.26%)  [34mtps: 116  [36mtflops: 5.59  [35mmfu: 0.57%[39m
[rank0]:[titan] 2026-03-17 13:57:10,215 - root - INFO - [31mstep: 671  [32mloss:  2.7745  [38;2;180;60;0mgrad_norm:  2.1142  [38;2;54;234;195mmemory: 39.92GiB(50.26%)  [34mtps: 118  [36mtflops: 5.69  [35mmfu: 0.58%[39m
[rank0]:[titan] 2026-03-17 13:57:27,876 - root - INFO - [31mstep: 672  [32mloss:  2.7587  [38;2;180;60;0mgrad_norm:  2.4715  [38;2;54;234;195mmemory: 39.92GiB(50.26%)  [34mtps: 116  [36mtflops: 5.60  [35mmfu: 0.57%[39m
[rank0]:[titan] 2026-03-17 13:57:45,157 - root - INFO - [31mstep: 673  [32mloss:  2.7926  [38;2;180;60;0mgrad_norm:  2.6663  [38;2;54;234;195mmemory: 39.92GiB(50.26%)  [34mtps: 119  [36mtflops: 5.72  [35mmfu: 0.58%[39m
[rank0]:[titan] 2026-03-17 13:58:02,710 - root - INFO - [31mstep: 674  [32mloss:  2.7769  [38;2;180;60;0mgrad_norm:  2.2470  [38;2;54;234;195mmemory: 39.92GiB(50.26%)  [34mtps: 117  [36mtflops: 5.63  [35mmfu: 0.57%[39m
[rank0]:[titan] 2026-03-17 13:58:20,209 - root - INFO - [31mstep: 675  [32mloss:  2.8112  [38;2;180;60;0mgrad_norm:  2.4287  [38;2;54;234;195mmemory: 39.92GiB(50.26%)  [34mtps: 117  [36mtflops: 5.65  [35mmfu: 0.57%[39m
[rank0]:[titan] 2026-03-17 13:58:37,881 - root - INFO - [31mstep: 676  [32mloss:  2.7250  [38;2;180;60;0mgrad_norm:  2.7171  [38;2;54;234;195mmemory: 39.92GiB(50.26%)  [34mtps: 116  [36mtflops: 5.59  [35mmfu: 0.57%[39m
[rank0]:[titan] 2026-03-17 13:58:55,255 - root - INFO - [31mstep: 677  [32mloss:  2.7579  [38;2;180;60;0mgrad_norm:  2.4118  [38;2;54;234;195mmemory: 39.92GiB(50.26%)  [34mtps: 118  [36mtflops: 5.69  [35mmfu: 0.58%[39m
[rank0]:[titan] 2026-03-17 13:59:12,841 - root - INFO - [31mstep: 678  [32mloss:  2.8441  [38;2;180;60;0mgrad_norm:  2.7867  [38;2;54;234;195mmemory: 39.92GiB(50.26%)  [34mtps: 116  [36mtflops: 5.62  [35mmfu: 0.57%[39m
[rank0]:[titan] 2026-03-17 13:59:30,306 - root - INFO - [31mstep: 679  [32mloss:  2.7459  [38;2;180;60;0mgrad_norm:  2.9372  [38;2;54;234;195mmemory: 39.92GiB(50.26%)  [34mtps: 117  [36mtflops: 5.66  [35mmfu: 0.57%[39m
[rank0]:[titan] 2026-03-17 13:59:47,891 - root - INFO - [31mstep: 680  [32mloss:  2.8148  [38;2;180;60;0mgrad_norm:  2.2589  [38;2;54;234;195mmemory: 39.92GiB(50.26%)  [34mtps: 116  [36mtflops: 5.62  [35mmfu: 0.57%[39m
[rank0]:[titan] 2026-03-17 14:00:05,579 - root - INFO - [31mstep: 681  [32mloss:  2.7925  [38;2;180;60;0mgrad_norm:  2.4990  [38;2;54;234;195mmemory: 39.92GiB(50.26%)  [34mtps: 116  [36mtflops: 5.59  [35mmfu: 0.56%[39m
[rank0]:[titan] 2026-03-17 14:00:22,290 - root - INFO - [31mstep: 682  [32mloss:  2.7545  [38;2;180;60;0mgrad_norm:  2.1349  [38;2;54;234;195mmemory: 39.92GiB(50.26%)  [34mtps: 123  [36mtflops: 5.91  [35mmfu: 0.60%[39m
[rank0]:[titan] 2026-03-17 14:00:40,003 - root - INFO - [31mstep: 683  [32mloss:  2.7276  [38;2;180;60;0mgrad_norm:  2.4848  [38;2;54;234;195mmemory: 39.92GiB(50.26%)  [34mtps: 116  [36mtflops: 5.58  [35mmfu: 0.56%[39m
[rank0]:[titan] 2026-03-17 14:00:58,124 - root - INFO - [31mstep: 684  [32mloss:  2.7262  [38;2;180;60;0mgrad_norm:  2.4493  [38;2;54;234;195mmemory: 39.92GiB(50.26%)  [34mtps: 113  [36mtflops: 5.45  [35mmfu: 0.55%[39m
[rank0]:[titan] 2026-03-17 14:01:15,310 - root - INFO - [31mstep: 685  [32mloss:  2.7091  [38;2;180;60;0mgrad_norm:  2.1110  [38;2;54;234;195mmemory: 39.92GiB(50.26%)  [34mtps: 119  [36mtflops: 5.75  [35mmfu: 0.58%[39m
[rank0]:[titan] 2026-03-17 14:01:33,102 - root - INFO - [31mstep: 686  [32mloss:  2.6775  [38;2;180;60;0mgrad_norm:  2.7288  [38;2;54;234;195mmemory: 39.92GiB(50.26%)  [34mtps: 115  [36mtflops: 5.55  [35mmfu: 0.56%[39m
[rank0]:[titan] 2026-03-17 14:01:50,961 - root - INFO - [31mstep: 687  [32mloss:  2.7080  [38;2;180;60;0mgrad_norm:  2.3009  [38;2;54;234;195mmemory: 39.92GiB(50.26%)  [34mtps: 115  [36mtflops: 5.53  [35mmfu: 0.56%[39m
[rank0]:[titan] 2026-03-17 14:02:08,645 - root - INFO - [31mstep: 688  [32mloss:  2.7113  [38;2;180;60;0mgrad_norm:  2.3089  [38;2;54;234;195mmemory: 39.92GiB(50.26%)  [34mtps: 116  [36mtflops: 5.59  [35mmfu: 0.57%[39m
[rank0]:[titan] 2026-03-17 14:02:25,899 - root - INFO - [31mstep: 689  [32mloss:  2.7861  [38;2;180;60;0mgrad_norm:  2.8189  [38;2;54;234;195mmemory: 39.92GiB(50.26%)  [34mtps: 119  [36mtflops: 5.73  [35mmfu: 0.58%[39m
[rank0]:[titan] 2026-03-17 14:02:43,051 - root - INFO - [31mstep: 690  [32mloss:  2.6924  [38;2;180;60;0mgrad_norm:  2.6805  [38;2;54;234;195mmemory: 39.92GiB(50.26%)  [34mtps: 119  [36mtflops: 5.76  [35mmfu: 0.58%[39m
[rank0]:[titan] 2026-03-17 14:03:00,331 - root - INFO - [31mstep: 691  [32mloss:  2.6769  [38;2;180;60;0mgrad_norm:  1.5295  [38;2;54;234;195mmemory: 39.92GiB(50.26%)  [34mtps: 119  [36mtflops: 5.72  [35mmfu: 0.58%[39m
[rank0]:[titan] 2026-03-17 14:03:17,815 - root - INFO - [31mstep: 692  [32mloss:  2.7221  [38;2;180;60;0mgrad_norm:  2.7024  [38;2;54;234;195mmemory: 39.92GiB(50.26%)  [34mtps: 117  [36mtflops: 5.65  [35mmfu: 0.57%[39m
[rank0]:[titan] 2026-03-17 14:03:35,535 - root - INFO - [31mstep: 693  [32mloss:  2.7568  [38;2;180;60;0mgrad_norm:  1.8233  [38;2;54;234;195mmemory: 39.92GiB(50.26%)  [34mtps: 116  [36mtflops: 5.58  [35mmfu: 0.56%[39m
[rank0]:[titan] 2026-03-17 14:03:53,066 - root - INFO - [31mstep: 694  [32mloss:  2.7501  [38;2;180;60;0mgrad_norm:  2.3919  [38;2;54;234;195mmemory: 39.92GiB(50.26%)  [34mtps: 117  [36mtflops: 5.64  [35mmfu: 0.57%[39m
[rank0]:[titan] 2026-03-17 14:04:10,761 - root - INFO - [31mstep: 695  [32mloss:  2.7496  [38;2;180;60;0mgrad_norm:  2.3960  [38;2;54;234;195mmemory: 39.92GiB(50.26%)  [34mtps: 116  [36mtflops: 5.58  [35mmfu: 0.56%[39m
[rank0]:[titan] 2026-03-17 14:04:28,255 - root - INFO - [31mstep: 696  [32mloss:  2.6844  [38;2;180;60;0mgrad_norm:  2.1757  [38;2;54;234;195mmemory: 39.92GiB(50.26%)  [34mtps: 117  [36mtflops: 5.65  [35mmfu: 0.57%[39m
[rank0]:[titan] 2026-03-17 14:04:46,001 - root - INFO - [31mstep: 697  [32mloss:  2.7044  [38;2;180;60;0mgrad_norm:  2.2671  [38;2;54;234;195mmemory: 39.92GiB(50.26%)  [34mtps: 115  [36mtflops: 5.57  [35mmfu: 0.56%[39m
[rank0]:[titan] 2026-03-17 14:05:03,409 - root - INFO - [31mstep: 698  [32mloss:  2.7174  [38;2;180;60;0mgrad_norm:  2.0647  [38;2;54;234;195mmemory: 39.92GiB(50.26%)  [34mtps: 118  [36mtflops: 5.68  [35mmfu: 0.57%[39m
[rank0]:[titan] 2026-03-17 14:05:20,616 - root - INFO - [31mstep: 699  [32mloss:  2.6904  [38;2;180;60;0mgrad_norm:  2.0568  [38;2;54;234;195mmemory: 39.92GiB(50.26%)  [34mtps: 119  [36mtflops: 5.74  [35mmfu: 0.58%[39m
[rank0]:[titan] 2026-03-17 14:05:38,141 - root - INFO - [31mstep: 700  [32mloss:  2.7018  [38;2;180;60;0mgrad_norm:  2.0012  [38;2;54;234;195mmemory: 39.92GiB(50.26%)  [34mtps: 117  [36mtflops: 5.64  [35mmfu: 0.57%[39m
[rank0]:[titan] 2026-03-17 14:05:55,892 - root - INFO - [31mstep: 701  [32mloss:  2.7548  [38;2;180;60;0mgrad_norm:  2.1415  [38;2;54;234;195mmemory: 39.92GiB(50.26%)  [34mtps: 115  [36mtflops: 5.57  [35mmfu: 0.56%[39m
[rank0]:[titan] 2026-03-17 14:06:13,329 - root - INFO - [31mstep: 702  [32mloss:  2.7809  [38;2;180;60;0mgrad_norm:  2.1033  [38;2;54;234;195mmemory: 39.92GiB(50.26%)  [34mtps: 117  [36mtflops: 5.67  [35mmfu: 0.57%[39m
[rank0]:[titan] 2026-03-17 14:06:31,059 - root - INFO - [31mstep: 703  [32mloss:  2.8013  [38;2;180;60;0mgrad_norm:  2.3904  [38;2;54;234;195mmemory: 39.92GiB(50.26%)  [34mtps: 116  [36mtflops: 5.57  [35mmfu: 0.56%[39m
[rank0]:[titan] 2026-03-17 14:06:48,469 - root - INFO - [31mstep: 704  [32mloss:  2.7104  [38;2;180;60;0mgrad_norm:  1.8943  [38;2;54;234;195mmemory: 39.92GiB(50.26%)  [34mtps: 118  [36mtflops: 5.68  [35mmfu: 0.57%[39m
[rank0]:[titan] 2026-03-17 14:07:05,939 - root - INFO - [31mstep: 705  [32mloss:  2.9044  [38;2;180;60;0mgrad_norm:  2.4078  [38;2;54;234;195mmemory: 39.92GiB(50.26%)  [34mtps: 117  [36mtflops: 5.66  [35mmfu: 0.57%[39m
[rank0]:[titan] 2026-03-17 14:07:22,160 - root - INFO - [31mstep: 706  [32mloss:  2.9137  [38;2;180;60;0mgrad_norm:  2.5643  [38;2;54;234;195mmemory: 39.92GiB(50.26%)  [34mtps: 126  [36mtflops: 6.09  [35mmfu: 0.62%[39m
[rank0]:[titan] 2026-03-17 14:07:39,718 - root - INFO - [31mstep: 707  [32mloss:  2.8220  [38;2;180;60;0mgrad_norm:  2.3986  [38;2;54;234;195mmemory: 39.92GiB(50.26%)  [34mtps: 117  [36mtflops: 5.63  [35mmfu: 0.57%[39m
[rank0]:[titan] 2026-03-17 14:07:58,199 - root - INFO - [31mstep: 708  [32mloss:  2.7696  [38;2;180;60;0mgrad_norm:  2.1984  [38;2;54;234;195mmemory: 39.92GiB(50.26%)  [34mtps: 111  [36mtflops: 5.35  [35mmfu: 0.54%[39m
[rank0]:[titan] 2026-03-17 14:08:15,701 - root - INFO - [31mstep: 709  [32mloss:  2.7184  [38;2;180;60;0mgrad_norm:  2.3106  [38;2;54;234;195mmemory: 39.92GiB(50.26%)  [34mtps: 117  [36mtflops: 5.65  [35mmfu: 0.57%[39m
[rank0]:[titan] 2026-03-17 14:08:33,128 - root - INFO - [31mstep: 710  [32mloss:  2.7719  [38;2;180;60;0mgrad_norm:  2.7505  [38;2;54;234;195mmemory: 39.92GiB(50.26%)  [34mtps: 118  [36mtflops: 5.67  [35mmfu: 0.57%[39m
[rank0]:[titan] 2026-03-17 14:08:50,942 - root - INFO - [31mstep: 711  [32mloss:  2.7909  [38;2;180;60;0mgrad_norm:  2.3870  [38;2;54;234;195mmemory: 39.92GiB(50.26%)  [34mtps: 115  [36mtflops: 5.55  [35mmfu: 0.56%[39m
[rank0]:[titan] 2026-03-17 14:09:08,371 - root - INFO - [31mstep: 712  [32mloss:  2.7671  [38;2;180;60;0mgrad_norm:  1.7139  [38;2;54;234;195mmemory: 39.92GiB(50.26%)  [34mtps: 118  [36mtflops: 5.67  [35mmfu: 0.57%[39m
[rank0]:[titan] 2026-03-17 14:09:25,583 - root - INFO - [31mstep: 713  [32mloss:  2.7165  [38;2;180;60;0mgrad_norm:  2.7248  [38;2;54;234;195mmemory: 39.92GiB(50.26%)  [34mtps: 119  [36mtflops: 5.74  [35mmfu: 0.58%[39m
[rank0]:[titan] 2026-03-17 14:09:43,065 - root - INFO - [31mstep: 714  [32mloss:  2.7340  [38;2;180;60;0mgrad_norm:  2.1212  [38;2;54;234;195mmemory: 39.92GiB(50.26%)  [34mtps: 117  [36mtflops: 5.65  [35mmfu: 0.57%[39m
[rank0]:[titan] 2026-03-17 14:10:00,525 - root - INFO - [31mstep: 715  [32mloss:  2.8026  [38;2;180;60;0mgrad_norm:  2.1991  [38;2;54;234;195mmemory: 39.92GiB(50.26%)  [34mtps: 117  [36mtflops: 5.66  [35mmfu: 0.57%[39m
[rank0]:[titan] 2026-03-17 14:10:17,760 - root - INFO - [31mstep: 716  [32mloss:  2.7865  [38;2;180;60;0mgrad_norm:  3.0684  [38;2;54;234;195mmemory: 39.92GiB(50.26%)  [34mtps: 119  [36mtflops: 5.73  [35mmfu: 0.58%[39m
[rank0]:[titan] 2026-03-17 14:10:35,420 - root - INFO - [31mstep: 717  [32mloss:  2.7466  [38;2;180;60;0mgrad_norm:  1.6215  [38;2;54;234;195mmemory: 39.92GiB(50.26%)  [34mtps: 116  [36mtflops: 5.60  [35mmfu: 0.57%[39m
[rank0]:[titan] 2026-03-17 14:10:52,696 - root - INFO - [31mstep: 718  [32mloss:  2.7030  [38;2;180;60;0mgrad_norm:  2.7700  [38;2;54;234;195mmemory: 39.92GiB(50.26%)  [34mtps: 119  [36mtflops: 5.72  [35mmfu: 0.58%[39m
[rank0]:[titan] 2026-03-17 14:11:09,907 - root - INFO - [31mstep: 719  [32mloss:  2.7484  [38;2;180;60;0mgrad_norm:  2.8634  [38;2;54;234;195mmemory: 39.92GiB(50.26%)  [34mtps: 119  [36mtflops: 5.74  [35mmfu: 0.58%[39m
[rank0]:[titan] 2026-03-17 14:11:27,427 - root - INFO - [31mstep: 720  [32mloss:  2.7053  [38;2;180;60;0mgrad_norm:  1.5718  [38;2;54;234;195mmemory: 39.92GiB(50.26%)  [34mtps: 117  [36mtflops: 5.64  [35mmfu: 0.57%[39m
[rank0]:[titan] 2026-03-17 14:11:45,191 - root - INFO - [31mstep: 721  [32mloss:  2.8181  [38;2;180;60;0mgrad_norm:  2.5504  [38;2;54;234;195mmemory: 39.92GiB(50.26%)  [34mtps: 115  [36mtflops: 5.56  [35mmfu: 0.56%[39m
[rank0]:[titan] 2026-03-17 14:12:02,775 - root - INFO - [31mstep: 722  [32mloss:  2.7721  [38;2;180;60;0mgrad_norm:  2.3279  [38;2;54;234;195mmemory: 39.92GiB(50.26%)  [34mtps: 116  [36mtflops: 5.62  [35mmfu: 0.57%[39m
[rank0]:[titan] 2026-03-17 14:12:20,026 - root - INFO - [31mstep: 723  [32mloss:  2.7431  [38;2;180;60;0mgrad_norm:  1.6218  [38;2;54;234;195mmemory: 39.92GiB(50.26%)  [34mtps: 119  [36mtflops: 5.73  [35mmfu: 0.58%[39m
[rank0]:[titan] 2026-03-17 14:12:37,508 - root - INFO - [31mstep: 724  [32mloss:  2.7793  [38;2;180;60;0mgrad_norm:  2.2744  [38;2;54;234;195mmemory: 39.92GiB(50.26%)  [34mtps: 117  [36mtflops: 5.65  [35mmfu: 0.57%[39m
[rank0]:[titan] 2026-03-17 14:12:54,896 - root - INFO - [31mstep: 725  [32mloss:  2.7606  [38;2;180;60;0mgrad_norm:  2.0185  [38;2;54;234;195mmemory: 39.92GiB(50.26%)  [34mtps: 118  [36mtflops: 5.68  [35mmfu: 0.57%[39m
[rank0]:[titan] 2026-03-17 14:13:12,438 - root - INFO - [31mstep: 726  [32mloss:  2.8923  [38;2;180;60;0mgrad_norm:  2.3317  [38;2;54;234;195mmemory: 39.92GiB(50.26%)  [34mtps: 117  [36mtflops: 5.63  [35mmfu: 0.57%[39m
[rank0]:[titan] 2026-03-17 14:13:29,806 - root - INFO - [31mstep: 727  [32mloss:  2.7601  [38;2;180;60;0mgrad_norm:  2.5846  [38;2;54;234;195mmemory: 39.92GiB(50.26%)  [34mtps: 118  [36mtflops: 5.69  [35mmfu: 0.58%[39m
[rank0]:[titan] 2026-03-17 14:13:47,409 - root - INFO - [31mstep: 728  [32mloss:  2.7513  [38;2;180;60;0mgrad_norm:  2.1436  [38;2;54;234;195mmemory: 39.92GiB(50.26%)  [34mtps: 116  [36mtflops: 5.61  [35mmfu: 0.57%[39m
[rank0]:[titan] 2026-03-17 14:14:04,711 - root - INFO - [31mstep: 729  [32mloss:  2.7886  [38;2;180;60;0mgrad_norm:  2.5010  [38;2;54;234;195mmemory: 39.92GiB(50.26%)  [34mtps: 118  [36mtflops: 5.71  [35mmfu: 0.58%[39m
[rank0]:[titan] 2026-03-17 14:14:22,315 - root - INFO - [31mstep: 730  [32mloss:  2.7669  [38;2;180;60;0mgrad_norm:  2.6656  [38;2;54;234;195mmemory: 39.92GiB(50.26%)  [34mtps: 116  [36mtflops: 5.61  [35mmfu: 0.57%[39m
[rank0]:[titan] 2026-03-17 14:14:39,804 - root - INFO - [31mstep: 731  [32mloss:  2.7673  [38;2;180;60;0mgrad_norm:  2.1139  [38;2;54;234;195mmemory: 39.92GiB(50.26%)  [34mtps: 117  [36mtflops: 5.65  [35mmfu: 0.57%[39m
[rank0]:[titan] 2026-03-17 14:14:57,250 - root - INFO - [31mstep: 732  [32mloss:  2.7443  [38;2;180;60;0mgrad_norm:  2.2136  [38;2;54;234;195mmemory: 39.92GiB(50.26%)  [34mtps: 117  [36mtflops: 5.66  [35mmfu: 0.57%[39m
[rank0]:[titan] 2026-03-17 14:15:14,652 - root - INFO - [31mstep: 733  [32mloss:  2.7302  [38;2;180;60;0mgrad_norm:  2.2114  [38;2;54;234;195mmemory: 39.92GiB(50.26%)  [34mtps: 118  [36mtflops: 5.68  [35mmfu: 0.57%[39m
[rank0]:[titan] 2026-03-17 14:15:32,031 - root - INFO - [31mstep: 734  [32mloss:  2.7523  [38;2;180;60;0mgrad_norm:  2.0532  [38;2;54;234;195mmemory: 39.92GiB(50.26%)  [34mtps: 118  [36mtflops: 5.69  [35mmfu: 0.57%[39m
[rank0]:[titan] 2026-03-17 14:15:49,483 - root - INFO - [31mstep: 735  [32mloss:  2.7797  [38;2;180;60;0mgrad_norm:  2.2880  [38;2;54;234;195mmemory: 39.92GiB(50.26%)  [34mtps: 117  [36mtflops: 5.66  [35mmfu: 0.57%[39m
[rank0]:[titan] 2026-03-17 14:16:06,110 - root - INFO - [31mstep: 736  [32mloss:  2.7755  [38;2;180;60;0mgrad_norm:  1.2769  [38;2;54;234;195mmemory: 39.92GiB(50.26%)  [34mtps: 123  [36mtflops: 5.94  [35mmfu: 0.60%[39m
[rank0]:[titan] 2026-03-17 14:16:23,852 - root - INFO - [31mstep: 737  [32mloss:  2.7637  [38;2;180;60;0mgrad_norm:  2.1640  [38;2;54;234;195mmemory: 39.92GiB(50.26%)  [34mtps: 115  [36mtflops: 5.57  [35mmfu: 0.56%[39m
[rank0]:[titan] 2026-03-17 14:16:41,369 - root - INFO - [31mstep: 738  [32mloss:  2.7963  [38;2;180;60;0mgrad_norm:  2.3169  [38;2;54;234;195mmemory: 39.92GiB(50.26%)  [34mtps: 117  [36mtflops: 5.64  [35mmfu: 0.57%[39m
[rank0]:[titan] 2026-03-17 14:16:58,581 - root - INFO - [31mstep: 739  [32mloss:  2.7476  [38;2;180;60;0mgrad_norm:  1.6425  [38;2;54;234;195mmemory: 39.92GiB(50.26%)  [34mtps: 119  [36mtflops: 5.74  [35mmfu: 0.58%[39m
[rank0]:[titan] 2026-03-17 14:17:16,067 - root - INFO - [31mstep: 740  [32mloss:  2.7341  [38;2;180;60;0mgrad_norm:  2.3929  [38;2;54;234;195mmemory: 39.92GiB(50.26%)  [34mtps: 117  [36mtflops: 5.65  [35mmfu: 0.57%[39m
[rank0]:[titan] 2026-03-17 14:17:32,957 - root - INFO - [31mstep: 741  [32mloss:  2.7478  [38;2;180;60;0mgrad_norm:  1.9909  [38;2;54;234;195mmemory: 39.92GiB(50.26%)  [34mtps: 121  [36mtflops: 5.85  [35mmfu: 0.59%[39m
[rank0]:[titan] 2026-03-17 14:17:50,650 - root - INFO - [31mstep: 742  [32mloss:  2.7344  [38;2;180;60;0mgrad_norm:  2.1272  [38;2;54;234;195mmemory: 39.92GiB(50.26%)  [34mtps: 116  [36mtflops: 5.59  [35mmfu: 0.56%[39m
[rank0]:[titan] 2026-03-17 14:18:07,988 - root - INFO - [31mstep: 743  [32mloss:  2.7248  [38;2;180;60;0mgrad_norm:  2.3862  [38;2;54;234;195mmemory: 39.92GiB(50.26%)  [34mtps: 118  [36mtflops: 5.70  [35mmfu: 0.58%[39m
[rank0]:[titan] 2026-03-17 14:18:25,163 - root - INFO - [31mstep: 744  [32mloss:  2.7676  [38;2;180;60;0mgrad_norm:  1.9126  [38;2;54;234;195mmemory: 39.92GiB(50.26%)  [34mtps: 119  [36mtflops: 5.75  [35mmfu: 0.58%[39m
[rank0]:[titan] 2026-03-17 14:18:42,398 - root - INFO - [31mstep: 745  [32mloss:  2.8392  [38;2;180;60;0mgrad_norm:  2.5755  [38;2;54;234;195mmemory: 39.92GiB(50.26%)  [34mtps: 119  [36mtflops: 5.73  [35mmfu: 0.58%[39m
[rank0]:[titan] 2026-03-17 14:18:59,749 - root - INFO - [31mstep: 746  [32mloss:  2.7824  [38;2;180;60;0mgrad_norm:  2.4772  [38;2;54;234;195mmemory: 39.92GiB(50.26%)  [34mtps: 118  [36mtflops: 5.70  [35mmfu: 0.58%[39m
[rank0]:[titan] 2026-03-17 14:19:16,994 - root - INFO - [31mstep: 747  [32mloss:  2.7264  [38;2;180;60;0mgrad_norm:  1.7785  [38;2;54;234;195mmemory: 39.92GiB(50.26%)  [34mtps: 119  [36mtflops: 5.73  [35mmfu: 0.58%[39m
[rank0]:[titan] 2026-03-17 14:19:34,559 - root - INFO - [31mstep: 748  [32mloss:  2.7121  [38;2;180;60;0mgrad_norm:  2.1107  [38;2;54;234;195mmemory: 39.92GiB(50.26%)  [34mtps: 117  [36mtflops: 5.63  [35mmfu: 0.57%[39m
[rank0]:[titan] 2026-03-17 14:19:52,142 - root - INFO - [31mstep: 749  [32mloss:  2.7751  [38;2;180;60;0mgrad_norm:  2.2477  [38;2;54;234;195mmemory: 39.92GiB(50.26%)  [34mtps: 116  [36mtflops: 5.62  [35mmfu: 0.57%[39m
[rank0]:[titan] 2026-03-17 14:20:09,187 - root - INFO - [31mstep: 750  [32mloss:  2.7338  [38;2;180;60;0mgrad_norm:  1.9646  [38;2;54;234;195mmemory: 39.92GiB(50.26%)  [34mtps: 120  [36mtflops: 5.80  [35mmfu: 0.59%[39m
[rank0]:[titan] 2026-03-17 14:20:26,521 - root - INFO - [31mstep: 751  [32mloss:  2.7177  [38;2;180;60;0mgrad_norm:  3.0128  [38;2;54;234;195mmemory: 39.92GiB(50.26%)  [34mtps: 118  [36mtflops: 5.70  [35mmfu: 0.58%[39m
[rank0]:[titan] 2026-03-17 14:20:43,729 - root - INFO - [31mstep: 752  [32mloss:  2.6968  [38;2;180;60;0mgrad_norm:  1.5754  [38;2;54;234;195mmemory: 39.92GiB(50.26%)  [34mtps: 119  [36mtflops: 5.74  [35mmfu: 0.58%[39m
[rank0]:[titan] 2026-03-17 14:21:01,244 - root - INFO - [31mstep: 753  [32mloss:  2.8118  [38;2;180;60;0mgrad_norm:  2.3010  [38;2;54;234;195mmemory: 39.92GiB(50.26%)  [34mtps: 117  [36mtflops: 5.64  [35mmfu: 0.57%[39m
[rank0]:[titan] 2026-03-17 14:21:18,664 - root - INFO - [31mstep: 754  [32mloss:  2.7595  [38;2;180;60;0mgrad_norm:  1.9675  [38;2;54;234;195mmemory: 39.92GiB(50.26%)  [34mtps: 118  [36mtflops: 5.67  [35mmfu: 0.57%[39m
[rank0]:[titan] 2026-03-17 14:21:36,024 - root - INFO - [31mstep: 755  [32mloss:  2.8171  [38;2;180;60;0mgrad_norm:  2.3955  [38;2;54;234;195mmemory: 39.92GiB(50.26%)  [34mtps: 118  [36mtflops: 5.69  [35mmfu: 0.58%[39m
[rank0]:[titan] 2026-03-17 14:21:53,614 - root - INFO - [31mstep: 756  [32mloss:  2.7833  [38;2;180;60;0mgrad_norm:  2.2838  [38;2;54;234;195mmemory: 39.92GiB(50.26%)  [34mtps: 116  [36mtflops: 5.62  [35mmfu: 0.57%[39m
[rank0]:[titan] 2026-03-17 14:22:10,863 - root - INFO - [31mstep: 757  [32mloss:  2.7626  [38;2;180;60;0mgrad_norm:  1.6840  [38;2;54;234;195mmemory: 39.92GiB(50.26%)  [34mtps: 119  [36mtflops: 5.73  [35mmfu: 0.58%[39m
[rank0]:[titan] 2026-03-17 14:22:28,198 - root - INFO - [31mstep: 758  [32mloss:  2.6956  [38;2;180;60;0mgrad_norm:  2.7063  [38;2;54;234;195mmemory: 39.92GiB(50.26%)  [34mtps: 118  [36mtflops: 5.70  [35mmfu: 0.58%[39m
[rank0]:[titan] 2026-03-17 14:22:45,603 - root - INFO - [31mstep: 759  [32mloss:  2.7839  [38;2;180;60;0mgrad_norm:  2.0884  [38;2;54;234;195mmemory: 39.92GiB(50.26%)  [34mtps: 118  [36mtflops: 5.68  [35mmfu: 0.57%[39m
[rank0]:[titan] 2026-03-17 14:23:03,085 - root - INFO - [31mstep: 760  [32mloss:  2.7470  [38;2;180;60;0mgrad_norm:  1.9599  [38;2;54;234;195mmemory: 39.92GiB(50.26%)  [34mtps: 117  [36mtflops: 5.65  [35mmfu: 0.57%[39m
[rank0]:[titan] 2026-03-17 14:23:20,283 - root - INFO - [31mstep: 761  [32mloss:  2.7791  [38;2;180;60;0mgrad_norm:  2.5527  [38;2;54;234;195mmemory: 39.92GiB(50.26%)  [34mtps: 119  [36mtflops: 5.75  [35mmfu: 0.58%[39m
[rank0]:[titan] 2026-03-17 14:23:37,838 - root - INFO - [31mstep: 762  [32mloss:  2.7124  [38;2;180;60;0mgrad_norm:  2.1768  [38;2;54;234;195mmemory: 39.92GiB(50.26%)  [34mtps: 117  [36mtflops: 5.63  [35mmfu: 0.57%[39m
[rank0]:[titan] 2026-03-17 14:23:55,275 - root - INFO - [31mstep: 763  [32mloss:  2.6900  [38;2;180;60;0mgrad_norm:  1.7528  [38;2;54;234;195mmemory: 39.92GiB(50.26%)  [34mtps: 117  [36mtflops: 5.67  [35mmfu: 0.57%[39m
[rank0]:[titan] 2026-03-17 14:24:12,631 - root - INFO - [31mstep: 764  [32mloss:  2.7147  [38;2;180;60;0mgrad_norm:  2.1629  [38;2;54;234;195mmemory: 39.92GiB(50.26%)  [34mtps: 118  [36mtflops: 5.69  [35mmfu: 0.58%[39m
[rank0]:[titan] 2026-03-17 14:24:29,668 - root - INFO - [31mstep: 765  [32mloss:  2.7448  [38;2;180;60;0mgrad_norm:  2.0443  [38;2;54;234;195mmemory: 39.92GiB(50.26%)  [34mtps: 120  [36mtflops: 5.80  [35mmfu: 0.59%[39m
[rank0]:[titan] 2026-03-17 14:24:46,786 - root - INFO - [31mstep: 766  [32mloss:  2.8179  [38;2;180;60;0mgrad_norm:  2.4131  [38;2;54;234;195mmemory: 39.92GiB(50.26%)  [34mtps: 120  [36mtflops: 5.77  [35mmfu: 0.58%[39m
[rank0]:[titan] 2026-03-17 14:25:04,006 - root - INFO - [31mstep: 767  [32mloss:  2.7528  [38;2;180;60;0mgrad_norm:  2.6343  [38;2;54;234;195mmemory: 39.92GiB(50.26%)  [34mtps: 119  [36mtflops: 5.74  [35mmfu: 0.58%[39m
[rank0]:[titan] 2026-03-17 14:25:21,281 - root - INFO - [31mstep: 768  [32mloss:  2.7468  [38;2;180;60;0mgrad_norm:  1.9368  [38;2;54;234;195mmemory: 39.92GiB(50.26%)  [34mtps: 119  [36mtflops: 5.72  [35mmfu: 0.58%[39m
[rank0]:[titan] 2026-03-17 14:25:38,970 - root - INFO - [31mstep: 769  [32mloss:  2.7637  [38;2;180;60;0mgrad_norm:  2.3437  [38;2;54;234;195mmemory: 39.92GiB(50.26%)  [34mtps: 116  [36mtflops: 5.59  [35mmfu: 0.56%[39m
[rank0]:[titan] 2026-03-17 14:25:55,846 - root - INFO - [31mstep: 770  [32mloss:  2.7788  [38;2;180;60;0mgrad_norm:  2.4670  [38;2;54;234;195mmemory: 39.92GiB(50.26%)  [34mtps: 121  [36mtflops: 5.86  [35mmfu: 0.59%[39m
[rank0]:[titan] 2026-03-17 14:26:13,178 - root - INFO - [31mstep: 771  [32mloss:  2.7539  [38;2;180;60;0mgrad_norm:  1.6571  [38;2;54;234;195mmemory: 39.92GiB(50.26%)  [34mtps: 118  [36mtflops: 5.70  [35mmfu: 0.58%[39m
[rank0]:[titan] 2026-03-17 14:26:30,638 - root - INFO - [31mstep: 772  [32mloss:  2.7200  [38;2;180;60;0mgrad_norm:  2.4668  [38;2;54;234;195mmemory: 39.92GiB(50.26%)  [34mtps: 117  [36mtflops: 5.66  [35mmfu: 0.57%[39m
[rank0]:[titan] 2026-03-17 14:26:47,818 - root - INFO - [31mstep: 773  [32mloss:  2.7384  [38;2;180;60;0mgrad_norm:  2.5181  [38;2;54;234;195mmemory: 39.92GiB(50.26%)  [34mtps: 119  [36mtflops: 5.75  [35mmfu: 0.58%[39m
[rank0]:[titan] 2026-03-17 14:27:05,126 - root - INFO - [31mstep: 774  [32mloss:  2.6462  [38;2;180;60;0mgrad_norm:  1.6113  [38;2;54;234;195mmemory: 39.92GiB(50.26%)  [34mtps: 118  [36mtflops: 5.71  [35mmfu: 0.58%[39m
[rank0]:[titan] 2026-03-17 14:27:22,275 - root - INFO - [31mstep: 775  [32mloss:  2.7143  [38;2;180;60;0mgrad_norm:  2.4476  [38;2;54;234;195mmemory: 39.92GiB(50.26%)  [34mtps: 119  [36mtflops: 5.76  [35mmfu: 0.58%[39m
[rank0]:[titan] 2026-03-17 14:27:39,786 - root - INFO - [31mstep: 776  [32mloss:  2.7966  [38;2;180;60;0mgrad_norm:  3.1353  [38;2;54;234;195mmemory: 39.92GiB(50.26%)  [34mtps: 117  [36mtflops: 5.64  [35mmfu: 0.57%[39m
[rank0]:[titan] 2026-03-17 14:27:57,164 - root - INFO - [31mstep: 777  [32mloss:  2.7299  [38;2;180;60;0mgrad_norm:  2.3144  [38;2;54;234;195mmemory: 39.92GiB(50.26%)  [34mtps: 118  [36mtflops: 5.69  [35mmfu: 0.57%[39m
[rank0]:[titan] 2026-03-17 14:28:14,363 - root - INFO - [31mstep: 778  [32mloss:  2.6599  [38;2;180;60;0mgrad_norm:  2.0671  [38;2;54;234;195mmemory: 39.92GiB(50.26%)  [34mtps: 119  [36mtflops: 5.75  [35mmfu: 0.58%[39m
[rank0]:[titan] 2026-03-17 14:28:31,582 - root - INFO - [31mstep: 779  [32mloss:  2.7112  [38;2;180;60;0mgrad_norm:  2.1317  [38;2;54;234;195mmemory: 39.92GiB(50.26%)  [34mtps: 119  [36mtflops: 5.74  [35mmfu: 0.58%[39m
[rank0]:[titan] 2026-03-17 14:28:49,172 - root - INFO - [31mstep: 780  [32mloss:  2.6828  [38;2;180;60;0mgrad_norm:  1.9827  [38;2;54;234;195mmemory: 39.92GiB(50.26%)  [34mtps: 116  [36mtflops: 5.62  [35mmfu: 0.57%[39m
[rank0]:[titan] 2026-03-17 14:29:06,554 - root - INFO - [31mstep: 781  [32mloss:  2.6962  [38;2;180;60;0mgrad_norm:  2.1016  [38;2;54;234;195mmemory: 39.92GiB(50.26%)  [34mtps: 118  [36mtflops: 5.69  [35mmfu: 0.57%[39m
[rank0]:[titan] 2026-03-17 14:29:24,193 - root - INFO - [31mstep: 782  [32mloss:  2.6925  [38;2;180;60;0mgrad_norm:  2.1013  [38;2;54;234;195mmemory: 39.92GiB(50.26%)  [34mtps: 116  [36mtflops: 5.60  [35mmfu: 0.57%[39m
[rank0]:[titan] 2026-03-17 14:29:41,707 - root - INFO - [31mstep: 783  [32mloss:  2.7722  [38;2;180;60;0mgrad_norm:  2.0104  [38;2;54;234;195mmemory: 39.92GiB(50.26%)  [34mtps: 117  [36mtflops: 5.64  [35mmfu: 0.57%[39m
[rank0]:[titan] 2026-03-17 14:29:58,841 - root - INFO - [31mstep: 784  [32mloss:  2.6970  [38;2;180;60;0mgrad_norm:  2.2255  [38;2;54;234;195mmemory: 39.92GiB(50.26%)  [34mtps: 120  [36mtflops: 5.77  [35mmfu: 0.58%[39m
[rank0]:[titan] 2026-03-17 14:30:16,431 - root - INFO - [31mstep: 785  [32mloss:  2.7655  [38;2;180;60;0mgrad_norm:  2.3280  [38;2;54;234;195mmemory: 39.92GiB(50.26%)  [34mtps: 116  [36mtflops: 5.62  [35mmfu: 0.57%[39m
[rank0]:[titan] 2026-03-17 14:30:33,744 - root - INFO - [31mstep: 786  [32mloss:  2.7447  [38;2;180;60;0mgrad_norm: 11.6482  [38;2;54;234;195mmemory: 39.92GiB(50.26%)  [34mtps: 118  [36mtflops: 5.71  [35mmfu: 0.58%[39m
[rank0]:[titan] 2026-03-17 14:30:51,089 - root - INFO - [31mstep: 787  [32mloss:  2.7389  [38;2;180;60;0mgrad_norm:  2.2659  [38;2;54;234;195mmemory: 39.92GiB(50.26%)  [34mtps: 118  [36mtflops: 5.70  [35mmfu: 0.58%[39m
[rank0]:[titan] 2026-03-17 14:31:08,452 - root - INFO - [31mstep: 788  [32mloss:  2.7282  [38;2;180;60;0mgrad_norm:  1.8724  [38;2;54;234;195mmemory: 39.92GiB(50.26%)  [34mtps: 118  [36mtflops: 5.69  [35mmfu: 0.58%[39m
[rank0]:[titan] 2026-03-17 14:31:25,966 - root - INFO - [31mstep: 789  [32mloss:  2.7241  [38;2;180;60;0mgrad_norm:  1.5963  [38;2;54;234;195mmemory: 39.92GiB(50.26%)  [34mtps: 117  [36mtflops: 5.64  [35mmfu: 0.57%[39m
[rank0]:[titan] 2026-03-17 14:31:43,478 - root - INFO - [31mstep: 790  [32mloss:  2.7479  [38;2;180;60;0mgrad_norm:  2.1202  [38;2;54;234;195mmemory: 39.92GiB(50.26%)  [34mtps: 117  [36mtflops: 5.64  [35mmfu: 0.57%[39m
[rank0]:[titan] 2026-03-17 14:32:00,600 - root - INFO - [31mstep: 791  [32mloss:  2.7355  [38;2;180;60;0mgrad_norm:  2.5165  [38;2;54;234;195mmemory: 39.92GiB(50.26%)  [34mtps: 120  [36mtflops: 5.77  [35mmfu: 0.58%[39m
[rank0]:[titan] 2026-03-17 14:32:18,212 - root - INFO - [31mstep: 792  [32mloss:  2.7177  [38;2;180;60;0mgrad_norm:  2.3333  [38;2;54;234;195mmemory: 39.92GiB(50.26%)  [34mtps: 116  [36mtflops: 5.61  [35mmfu: 0.57%[39m
[rank0]:[titan] 2026-03-17 14:32:35,682 - root - INFO - [31mstep: 793  [32mloss:  2.6718  [38;2;180;60;0mgrad_norm:  1.6963  [38;2;54;234;195mmemory: 39.92GiB(50.26%)  [34mtps: 117  [36mtflops: 5.66  [35mmfu: 0.57%[39m
[rank0]:[titan] 2026-03-17 14:32:53,325 - root - INFO - [31mstep: 794  [32mloss:  2.8036  [38;2;180;60;0mgrad_norm:  2.1441  [38;2;54;234;195mmemory: 39.92GiB(50.26%)  [34mtps: 116  [36mtflops: 5.60  [35mmfu: 0.57%[39m
[rank0]:[titan] 2026-03-17 14:33:10,703 - root - INFO - [31mstep: 795  [32mloss:  2.8222  [38;2;180;60;0mgrad_norm:  1.8556  [38;2;54;234;195mmemory: 39.92GiB(50.26%)  [34mtps: 118  [36mtflops: 5.69  [35mmfu: 0.57%[39m
[rank0]:[titan] 2026-03-17 14:33:28,171 - root - INFO - [31mstep: 796  [32mloss:  2.6988  [38;2;180;60;0mgrad_norm:  1.6296  [38;2;54;234;195mmemory: 39.92GiB(50.26%)  [34mtps: 117  [36mtflops: 5.66  [35mmfu: 0.57%[39m
[rank0]:[titan] 2026-03-17 14:33:45,436 - root - INFO - [31mstep: 797  [32mloss:  2.7312  [38;2;180;60;0mgrad_norm:  2.0331  [38;2;54;234;195mmemory: 39.92GiB(50.26%)  [34mtps: 119  [36mtflops: 5.72  [35mmfu: 0.58%[39m
[rank0]:[titan] 2026-03-17 14:34:02,739 - root - INFO - [31mstep: 798  [32mloss:  2.7597  [38;2;180;60;0mgrad_norm:  2.2274  [38;2;54;234;195mmemory: 39.92GiB(50.26%)  [34mtps: 118  [36mtflops: 5.71  [35mmfu: 0.58%[39m
[rank0]:[titan] 2026-03-17 14:34:20,044 - root - INFO - [31mstep: 799  [32mloss:  2.7265  [38;2;180;60;0mgrad_norm:  1.6887  [38;2;54;234;195mmemory: 39.92GiB(50.26%)  [34mtps: 118  [36mtflops: 5.71  [35mmfu: 0.58%[39m
[rank0]:[titan] 2026-03-17 14:34:37,363 - root - INFO - [31mstep: 800  [32mloss:  2.7113  [38;2;180;60;0mgrad_norm:  2.4447  [38;2;54;234;195mmemory: 39.92GiB(50.26%)  [34mtps: 118  [36mtflops: 5.71  [35mmfu: 0.58%[39m
[rank0]:[titan] 2026-03-17 14:34:54,904 - root - INFO - [31mstep: 801  [32mloss:  2.7336  [38;2;180;60;0mgrad_norm:  1.9959  [38;2;54;234;195mmemory: 39.92GiB(50.26%)  [34mtps: 117  [36mtflops: 5.63  [35mmfu: 0.57%[39m
[rank0]:[titan] 2026-03-17 14:35:12,445 - root - INFO - [31mstep: 802  [32mloss:  2.7725  [38;2;180;60;0mgrad_norm:  2.1801  [38;2;54;234;195mmemory: 39.92GiB(50.26%)  [34mtps: 117  [36mtflops: 5.63  [35mmfu: 0.57%[39m
[rank0]:[titan] 2026-03-17 14:35:29,874 - root - INFO - [31mstep: 803  [32mloss:  2.7453  [38;2;180;60;0mgrad_norm:  2.0714  [38;2;54;234;195mmemory: 39.92GiB(50.26%)  [34mtps: 118  [36mtflops: 5.67  [35mmfu: 0.57%[39m
[rank0]:[titan] 2026-03-17 14:35:47,179 - root - INFO - [31mstep: 804  [32mloss:  2.7762  [38;2;180;60;0mgrad_norm:  2.3361  [38;2;54;234;195mmemory: 39.92GiB(50.26%)  [34mtps: 118  [36mtflops: 5.71  [35mmfu: 0.58%[39m
[rank0]:[titan] 2026-03-17 14:36:04,014 - root - INFO - [31mstep: 805  [32mloss:  2.8059  [38;2;180;60;0mgrad_norm:  2.5239  [38;2;54;234;195mmemory: 39.92GiB(50.26%)  [34mtps: 122  [36mtflops: 5.87  [35mmfu: 0.59%[39m
[rank0]:[titan] 2026-03-17 14:36:21,136 - root - INFO - [31mstep: 806  [32mloss:  2.7448  [38;2;180;60;0mgrad_norm:  2.7107  [38;2;54;234;195mmemory: 39.92GiB(50.26%)  [34mtps: 120  [36mtflops: 5.77  [35mmfu: 0.58%[39m
[rank0]:[titan] 2026-03-17 14:36:38,463 - root - INFO - [31mstep: 807  [32mloss:  2.7529  [38;2;180;60;0mgrad_norm:  2.6807  [38;2;54;234;195mmemory: 39.92GiB(50.26%)  [34mtps: 118  [36mtflops: 5.70  [35mmfu: 0.58%[39m
[rank0]:[titan] 2026-03-17 14:36:55,891 - root - INFO - [31mstep: 808  [32mloss:  2.7647  [38;2;180;60;0mgrad_norm:  2.6649  [38;2;54;234;195mmemory: 39.92GiB(50.26%)  [34mtps: 118  [36mtflops: 5.67  [35mmfu: 0.57%[39m
[rank0]:[titan] 2026-03-17 14:37:13,453 - root - INFO - [31mstep: 809  [32mloss:  2.8079  [38;2;180;60;0mgrad_norm:  2.1116  [38;2;54;234;195mmemory: 39.92GiB(50.26%)  [34mtps: 117  [36mtflops: 5.63  [35mmfu: 0.57%[39m
[rank0]:[titan] 2026-03-17 14:37:30,408 - root - INFO - [31mstep: 810  [32mloss:  2.7726  [38;2;180;60;0mgrad_norm:  2.4676  [38;2;54;234;195mmemory: 39.92GiB(50.26%)  [34mtps: 121  [36mtflops: 5.83  [35mmfu: 0.59%[39m
[rank0]:[titan] 2026-03-17 14:37:48,047 - root - INFO - [31mstep: 811  [32mloss:  2.7548  [38;2;180;60;0mgrad_norm:  2.0556  [38;2;54;234;195mmemory: 39.92GiB(50.26%)  [34mtps: 116  [36mtflops: 5.60  [35mmfu: 0.57%[39m
[rank0]:[titan] 2026-03-17 14:38:05,060 - root - INFO - [31mstep: 812  [32mloss:  2.7557  [38;2;180;60;0mgrad_norm:  1.9046  [38;2;54;234;195mmemory: 39.92GiB(50.26%)  [34mtps: 120  [36mtflops: 5.81  [35mmfu: 0.59%[39m
[rank0]:[titan] 2026-03-17 14:38:22,004 - root - INFO - [31mstep: 813  [32mloss:  2.7526  [38;2;180;60;0mgrad_norm:  2.4938  [38;2;54;234;195mmemory: 39.92GiB(50.26%)  [34mtps: 121  [36mtflops: 5.83  [35mmfu: 0.59%[39m
[rank0]:[titan] 2026-03-17 14:38:39,078 - root - INFO - [31mstep: 814  [32mloss:  2.7673  [38;2;180;60;0mgrad_norm:  1.7623  [38;2;54;234;195mmemory: 39.92GiB(50.26%)  [34mtps: 120  [36mtflops: 5.79  [35mmfu: 0.59%[39m
[rank0]:[titan] 2026-03-17 14:38:56,283 - root - INFO - [31mstep: 815  [32mloss:  2.7196  [38;2;180;60;0mgrad_norm:  2.4658  [38;2;54;234;195mmemory: 39.92GiB(50.26%)  [34mtps: 119  [36mtflops: 5.74  [35mmfu: 0.58%[39m
[rank0]:[titan] 2026-03-17 14:39:13,860 - root - INFO - [31mstep: 816  [32mloss:  2.8118  [38;2;180;60;0mgrad_norm:  2.1440  [38;2;54;234;195mmemory: 39.92GiB(50.26%)  [34mtps: 117  [36mtflops: 5.62  [35mmfu: 0.57%[39m
[rank0]:[titan] 2026-03-17 14:39:30,957 - root - INFO - [31mstep: 817  [32mloss:  2.7143  [38;2;180;60;0mgrad_norm:  1.8624  [38;2;54;234;195mmemory: 39.92GiB(50.26%)  [34mtps: 120  [36mtflops: 5.78  [35mmfu: 0.58%[39m
[rank0]:[titan] 2026-03-17 14:39:47,386 - root - INFO - [31mstep: 818  [32mloss:  2.7653  [38;2;180;60;0mgrad_norm:  2.4144  [38;2;54;234;195mmemory: 39.92GiB(50.26%)  [34mtps: 125  [36mtflops: 6.01  [35mmfu: 0.61%[39m
[rank0]:[titan] 2026-03-17 14:40:04,705 - root - INFO - [31mstep: 819  [32mloss:  2.7687  [38;2;180;60;0mgrad_norm:  2.5390  [38;2;54;234;195mmemory: 39.92GiB(50.26%)  [34mtps: 118  [36mtflops: 5.71  [35mmfu: 0.58%[39m
[rank0]:[titan] 2026-03-17 14:40:22,203 - root - INFO - [31mstep: 820  [32mloss:  2.7570  [38;2;180;60;0mgrad_norm:  2.1496  [38;2;54;234;195mmemory: 39.92GiB(50.26%)  [34mtps: 117  [36mtflops: 5.65  [35mmfu: 0.57%[39m
[rank0]:[titan] 2026-03-17 14:40:39,621 - root - INFO - [31mstep: 821  [32mloss:  2.7879  [38;2;180;60;0mgrad_norm:  2.5210  [38;2;54;234;195mmemory: 39.92GiB(50.26%)  [34mtps: 118  [36mtflops: 5.67  [35mmfu: 0.57%[39m
[rank0]:[titan] 2026-03-17 14:40:56,903 - root - INFO - [31mstep: 822  [32mloss:  2.7217  [38;2;180;60;0mgrad_norm:  2.3204  [38;2;54;234;195mmemory: 39.92GiB(50.26%)  [34mtps: 119  [36mtflops: 5.72  [35mmfu: 0.58%[39m
[rank0]:[titan] 2026-03-17 14:41:14,190 - root - INFO - [31mstep: 823  [32mloss:  2.7757  [38;2;180;60;0mgrad_norm:  2.2117  [38;2;54;234;195mmemory: 39.92GiB(50.26%)  [34mtps: 118  [36mtflops: 5.72  [35mmfu: 0.58%[39m
[rank0]:[titan] 2026-03-17 14:41:31,809 - root - INFO - [31mstep: 824  [32mloss:  2.7286  [38;2;180;60;0mgrad_norm:  2.0772  [38;2;54;234;195mmemory: 39.92GiB(50.26%)  [34mtps: 116  [36mtflops: 5.61  [35mmfu: 0.57%[39m
[rank0]:[titan] 2026-03-17 14:41:49,199 - root - INFO - [31mstep: 825  [32mloss:  2.6902  [38;2;180;60;0mgrad_norm:  2.6709  [38;2;54;234;195mmemory: 39.92GiB(50.26%)  [34mtps: 118  [36mtflops: 5.68  [35mmfu: 0.57%[39m
[rank0]:[titan] 2026-03-17 14:42:06,448 - root - INFO - [31mstep: 826  [32mloss:  2.7162  [38;2;180;60;0mgrad_norm:  2.4411  [38;2;54;234;195mmemory: 39.92GiB(50.26%)  [34mtps: 119  [36mtflops: 5.73  [35mmfu: 0.58%[39m
[rank0]:[titan] 2026-03-17 14:42:24,173 - root - INFO - [31mstep: 827  [32mloss:  2.7313  [38;2;180;60;0mgrad_norm:  1.9255  [38;2;54;234;195mmemory: 39.92GiB(50.26%)  [34mtps: 116  [36mtflops: 5.58  [35mmfu: 0.56%[39m
[rank0]:[titan] 2026-03-17 14:42:41,507 - root - INFO - [31mstep: 828  [32mloss:  2.7969  [38;2;180;60;0mgrad_norm:  2.2262  [38;2;54;234;195mmemory: 39.92GiB(50.26%)  [34mtps: 118  [36mtflops: 5.70  [35mmfu: 0.58%[39m
[rank0]:[titan] 2026-03-17 14:42:58,891 - root - INFO - [31mstep: 829  [32mloss:  2.7444  [38;2;180;60;0mgrad_norm:  1.8917  [38;2;54;234;195mmemory: 39.92GiB(50.26%)  [34mtps: 118  [36mtflops: 5.68  [35mmfu: 0.57%[39m
[rank0]:[titan] 2026-03-17 14:43:16,087 - root - INFO - [31mstep: 830  [32mloss:  2.7035  [38;2;180;60;0mgrad_norm:  1.7713  [38;2;54;234;195mmemory: 39.92GiB(50.26%)  [34mtps: 119  [36mtflops: 5.75  [35mmfu: 0.58%[39m
[rank0]:[titan] 2026-03-17 14:43:33,297 - root - INFO - [31mstep: 831  [32mloss:  2.6870  [38;2;180;60;0mgrad_norm:  1.9156  [38;2;54;234;195mmemory: 39.92GiB(50.26%)  [34mtps: 119  [36mtflops: 5.74  [35mmfu: 0.58%[39m
[rank0]:[titan] 2026-03-17 14:43:50,758 - root - INFO - [31mstep: 832  [32mloss:  2.7404  [38;2;180;60;0mgrad_norm:  1.6515  [38;2;54;234;195mmemory: 39.92GiB(50.26%)  [34mtps: 117  [36mtflops: 5.66  [35mmfu: 0.57%[39m
[rank0]:[titan] 2026-03-17 14:44:08,439 - root - INFO - [31mstep: 833  [32mloss:  2.7487  [38;2;180;60;0mgrad_norm:  1.8388  [38;2;54;234;195mmemory: 39.92GiB(50.26%)  [34mtps: 116  [36mtflops: 5.59  [35mmfu: 0.57%[39m
[rank0]:[titan] 2026-03-17 14:44:25,717 - root - INFO - [31mstep: 834  [32mloss:  2.7278  [38;2;180;60;0mgrad_norm:  1.9260  [38;2;54;234;195mmemory: 39.92GiB(50.26%)  [34mtps: 119  [36mtflops: 5.72  [35mmfu: 0.58%[39m
[rank0]:[titan] 2026-03-17 14:44:43,344 - root - INFO - [31mstep: 835  [32mloss:  2.7402  [38;2;180;60;0mgrad_norm:  1.6280  [38;2;54;234;195mmemory: 39.92GiB(50.26%)  [34mtps: 116  [36mtflops: 5.61  [35mmfu: 0.57%[39m
[rank0]:[titan] 2026-03-17 14:45:00,933 - root - INFO - [31mstep: 836  [32mloss:  2.7704  [38;2;180;60;0mgrad_norm:  2.3292  [38;2;54;234;195mmemory: 39.92GiB(50.26%)  [34mtps: 116  [36mtflops: 5.62  [35mmfu: 0.57%[39m
[rank0]:[titan] 2026-03-17 14:45:18,488 - root - INFO - [31mstep: 837  [32mloss:  2.7731  [38;2;180;60;0mgrad_norm:  2.1381  [38;2;54;234;195mmemory: 39.92GiB(50.26%)  [34mtps: 117  [36mtflops: 5.63  [35mmfu: 0.57%[39m
[rank0]:[titan] 2026-03-17 14:45:35,580 - root - INFO - [31mstep: 838  [32mloss:  2.7680  [38;2;180;60;0mgrad_norm:  1.6604  [38;2;54;234;195mmemory: 39.92GiB(50.26%)  [34mtps: 120  [36mtflops: 5.78  [35mmfu: 0.58%[39m
[rank0]:[titan] 2026-03-17 14:45:53,352 - root - INFO - [31mstep: 839  [32mloss:  2.7316  [38;2;180;60;0mgrad_norm:  1.7982  [38;2;54;234;195mmemory: 39.92GiB(50.26%)  [34mtps: 115  [36mtflops: 5.56  [35mmfu: 0.56%[39m
[rank0]:[titan] 2026-03-17 14:46:10,993 - root - INFO - [31mstep: 840  [32mloss:  2.7424  [38;2;180;60;0mgrad_norm:  2.3815  [38;2;54;234;195mmemory: 39.92GiB(50.26%)  [34mtps: 116  [36mtflops: 5.60  [35mmfu: 0.57%[39m
[rank0]:[titan] 2026-03-17 14:46:28,101 - root - INFO - [31mstep: 841  [32mloss:  2.7434  [38;2;180;60;0mgrad_norm:  1.8081  [38;2;54;234;195mmemory: 39.92GiB(50.26%)  [34mtps: 120  [36mtflops: 5.78  [35mmfu: 0.58%[39m
[rank0]:[titan] 2026-03-17 14:46:44,751 - root - INFO - [31mstep: 842  [32mloss:  2.7089  [38;2;180;60;0mgrad_norm:  1.8800  [38;2;54;234;195mmemory: 39.92GiB(50.26%)  [34mtps: 123  [36mtflops: 5.94  [35mmfu: 0.60%[39m
[rank0]:[titan] 2026-03-17 14:47:01,671 - root - INFO - [31mstep: 843  [32mloss:  2.7129  [38;2;180;60;0mgrad_norm:  1.7993  [38;2;54;234;195mmemory: 39.92GiB(50.26%)  [34mtps: 121  [36mtflops: 5.84  [35mmfu: 0.59%[39m
[rank0]:[titan] 2026-03-17 14:47:19,162 - root - INFO - [31mstep: 844  [32mloss:  2.7621  [38;2;180;60;0mgrad_norm:  2.1140  [38;2;54;234;195mmemory: 39.92GiB(50.26%)  [34mtps: 117  [36mtflops: 5.65  [35mmfu: 0.57%[39m
[rank0]:[titan] 2026-03-17 14:47:36,706 - root - INFO - [31mstep: 845  [32mloss:  2.7882  [38;2;180;60;0mgrad_norm:  2.1722  [38;2;54;234;195mmemory: 39.92GiB(50.26%)  [34mtps: 117  [36mtflops: 5.63  [35mmfu: 0.57%[39m
[rank0]:[titan] 2026-03-17 14:47:36,710 - root - WARNING - Dataset c4_test is being re-looped
[rank0]:[titan] 2026-03-17 14:47:53,885 - root - INFO - [31mstep: 846  [32mloss:  2.7806  [38;2;180;60;0mgrad_norm:  1.9681  [38;2;54;234;195mmemory: 39.92GiB(50.26%)  [34mtps: 119  [36mtflops: 5.75  [35mmfu: 0.58%[39m
[rank0]:[titan] 2026-03-17 14:48:10,962 - root - INFO - [31mstep: 847  [32mloss:  2.8004  [38;2;180;60;0mgrad_norm:  1.5678  [38;2;54;234;195mmemory: 39.92GiB(50.26%)  [34mtps: 120  [36mtflops: 5.79  [35mmfu: 0.59%[39m
[rank0]:[titan] 2026-03-17 14:48:27,990 - root - INFO - [31mstep: 848  [32mloss:  2.7818  [38;2;180;60;0mgrad_norm:  1.9024  [38;2;54;234;195mmemory: 39.92GiB(50.26%)  [34mtps: 120  [36mtflops: 5.80  [35mmfu: 0.59%[39m
[rank0]:[titan] 2026-03-17 14:48:45,351 - root - INFO - [31mstep: 849  [32mloss:  2.7491  [38;2;180;60;0mgrad_norm:  1.8361  [38;2;54;234;195mmemory: 39.92GiB(50.26%)  [34mtps: 118  [36mtflops: 5.69  [35mmfu: 0.58%[39m
[rank0]:[titan] 2026-03-17 14:49:02,767 - root - INFO - [31mstep: 850  [32mloss:  2.7767  [38;2;180;60;0mgrad_norm:  2.0058  [38;2;54;234;195mmemory: 39.92GiB(50.26%)  [34mtps: 118  [36mtflops: 5.67  [35mmfu: 0.57%[39m
[rank0]:[titan] 2026-03-17 14:49:20,081 - root - INFO - [31mstep: 851  [32mloss:  2.7734  [38;2;180;60;0mgrad_norm:  1.7103  [38;2;54;234;195mmemory: 39.92GiB(50.26%)  [34mtps: 118  [36mtflops: 5.71  [35mmfu: 0.58%[39m
[rank0]:[titan] 2026-03-17 14:49:37,377 - root - INFO - [31mstep: 852  [32mloss:  2.7376  [38;2;180;60;0mgrad_norm:  2.0062  [38;2;54;234;195mmemory: 39.92GiB(50.26%)  [34mtps: 118  [36mtflops: 5.71  [35mmfu: 0.58%[39m
[rank0]:[titan] 2026-03-17 14:49:54,674 - root - INFO - [31mstep: 853  [32mloss:  2.7555  [38;2;180;60;0mgrad_norm:  1.5912  [38;2;54;234;195mmemory: 39.92GiB(50.26%)  [34mtps: 118  [36mtflops: 5.71  [35mmfu: 0.58%[39m
[rank0]:[titan] 2026-03-17 14:50:12,135 - root - INFO - [31mstep: 854  [32mloss:  2.7108  [38;2;180;60;0mgrad_norm:  1.6068  [38;2;54;234;195mmemory: 39.92GiB(50.26%)  [34mtps: 117  [36mtflops: 5.66  [35mmfu: 0.57%[39m
[rank0]:[titan] 2026-03-17 14:50:29,401 - root - INFO - [31mstep: 855  [32mloss:  2.7343  [38;2;180;60;0mgrad_norm:  2.1884  [38;2;54;234;195mmemory: 39.92GiB(50.26%)  [34mtps: 119  [36mtflops: 5.72  [35mmfu: 0.58%[39m
[rank0]:[titan] 2026-03-17 14:50:46,733 - root - INFO - [31mstep: 856  [32mloss:  2.7461  [38;2;180;60;0mgrad_norm:  1.8932  [38;2;54;234;195mmemory: 39.92GiB(50.26%)  [34mtps: 118  [36mtflops: 5.70  [35mmfu: 0.58%[39m
[rank0]:[titan] 2026-03-17 14:51:04,312 - root - INFO - [31mstep: 857  [32mloss:  2.7275  [38;2;180;60;0mgrad_norm:  1.7755  [38;2;54;234;195mmemory: 39.92GiB(50.26%)  [34mtps: 117  [36mtflops: 5.62  [35mmfu: 0.57%[39m
[rank0]:[titan] 2026-03-17 14:51:21,860 - root - INFO - [31mstep: 858  [32mloss:  2.7584  [38;2;180;60;0mgrad_norm:  1.9505  [38;2;54;234;195mmemory: 39.92GiB(50.26%)  [34mtps: 117  [36mtflops: 5.63  [35mmfu: 0.57%[39m
[rank0]:[titan] 2026-03-17 14:51:39,549 - root - INFO - [31mstep: 859  [32mloss:  2.7862  [38;2;180;60;0mgrad_norm:  1.6797  [38;2;54;234;195mmemory: 39.92GiB(50.26%)  [34mtps: 116  [36mtflops: 5.59  [35mmfu: 0.56%[39m
[rank0]:[titan] 2026-03-17 14:51:57,147 - root - INFO - [31mstep: 860  [32mloss:  2.7907  [38;2;180;60;0mgrad_norm:  2.2146  [38;2;54;234;195mmemory: 39.92GiB(50.26%)  [34mtps: 116  [36mtflops: 5.62  [35mmfu: 0.57%[39m
[rank0]:[titan] 2026-03-17 14:52:14,940 - root - INFO - [31mstep: 861  [32mloss:  2.8990  [38;2;180;60;0mgrad_norm:  2.0863  [38;2;54;234;195mmemory: 39.92GiB(50.26%)  [34mtps: 115  [36mtflops: 5.55  [35mmfu: 0.56%[39m
[rank0]:[titan] 2026-03-17 14:52:32,449 - root - INFO - [31mstep: 862  [32mloss:  2.8046  [38;2;180;60;0mgrad_norm:  1.9692  [38;2;54;234;195mmemory: 39.92GiB(50.26%)  [34mtps: 117  [36mtflops: 5.64  [35mmfu: 0.57%[39m
[rank0]:[titan] 2026-03-17 14:52:49,582 - root - INFO - [31mstep: 863  [32mloss:  2.7940  [38;2;180;60;0mgrad_norm:  2.0354  [38;2;54;234;195mmemory: 39.92GiB(50.26%)  [34mtps: 120  [36mtflops: 5.77  [35mmfu: 0.58%[39m
[rank0]:[titan] 2026-03-17 14:53:06,541 - root - INFO - [31mstep: 864  [32mloss:  2.7790  [38;2;180;60;0mgrad_norm:  1.4626  [38;2;54;234;195mmemory: 39.92GiB(50.26%)  [34mtps: 121  [36mtflops: 5.83  [35mmfu: 0.59%[39m
[rank0]:[titan] 2026-03-17 14:53:24,057 - root - INFO - [31mstep: 865  [32mloss:  2.7529  [38;2;180;60;0mgrad_norm:  1.7435  [38;2;54;234;195mmemory: 39.92GiB(50.26%)  [34mtps: 117  [36mtflops: 5.64  [35mmfu: 0.57%[39m
[rank0]:[titan] 2026-03-17 14:53:41,490 - root - INFO - [31mstep: 866  [32mloss:  2.7641  [38;2;180;60;0mgrad_norm:  1.8938  [38;2;54;234;195mmemory: 39.92GiB(50.26%)  [34mtps: 117  [36mtflops: 5.67  [35mmfu: 0.57%[39m
[rank0]:[titan] 2026-03-17 14:53:58,923 - root - INFO - [31mstep: 867  [32mloss:  2.7438  [38;2;180;60;0mgrad_norm:  2.0893  [38;2;54;234;195mmemory: 39.92GiB(50.26%)  [34mtps: 117  [36mtflops: 5.67  [35mmfu: 0.57%[39m
[rank0]:[titan] 2026-03-17 14:54:15,875 - root - INFO - [31mstep: 868  [32mloss:  2.7578  [38;2;180;60;0mgrad_norm:  2.3788  [38;2;54;234;195mmemory: 39.92GiB(50.26%)  [34mtps: 121  [36mtflops: 5.83  [35mmfu: 0.59%[39m
[rank0]:[titan] 2026-03-17 14:54:32,964 - root - INFO - [31mstep: 869  [32mloss:  2.7203  [38;2;180;60;0mgrad_norm:  1.6925  [38;2;54;234;195mmemory: 39.92GiB(50.26%)  [34mtps: 120  [36mtflops: 5.78  [35mmfu: 0.58%[39m
[rank0]:[titan] 2026-03-17 14:54:50,005 - root - INFO - [31mstep: 870  [32mloss:  2.8216  [38;2;180;60;0mgrad_norm:  2.0839  [38;2;54;234;195mmemory: 39.92GiB(50.26%)  [34mtps: 120  [36mtflops: 5.80  [35mmfu: 0.59%[39m
[rank0]:[titan] 2026-03-17 14:55:07,311 - root - INFO - [31mstep: 871  [32mloss:  2.8118  [38;2;180;60;0mgrad_norm:  1.4172  [38;2;54;234;195mmemory: 39.92GiB(50.26%)  [34mtps: 118  [36mtflops: 5.71  [35mmfu: 0.58%[39m
[rank0]:[titan] 2026-03-17 14:55:24,280 - root - INFO - [31mstep: 872  [32mloss:  2.7580  [38;2;180;60;0mgrad_norm:  2.1901  [38;2;54;234;195mmemory: 39.92GiB(50.26%)  [34mtps: 121  [36mtflops: 5.82  [35mmfu: 0.59%[39m
[rank0]:[titan] 2026-03-17 14:55:41,797 - root - INFO - [31mstep: 873  [32mloss:  2.7290  [38;2;180;60;0mgrad_norm:  1.8786  [38;2;54;234;195mmemory: 39.92GiB(50.26%)  [34mtps: 117  [36mtflops: 5.64  [35mmfu: 0.57%[39m
[rank0]:[titan] 2026-03-17 14:55:59,368 - root - INFO - [31mstep: 874  [32mloss:  2.7446  [38;2;180;60;0mgrad_norm:  1.9333  [38;2;54;234;195mmemory: 39.92GiB(50.26%)  [34mtps: 117  [36mtflops: 5.62  [35mmfu: 0.57%[39m
[rank0]:[titan] 2026-03-17 14:56:16,850 - root - INFO - [31mstep: 875  [32mloss:  2.7379  [38;2;180;60;0mgrad_norm:  1.9008  [38;2;54;234;195mmemory: 39.92GiB(50.26%)  [34mtps: 117  [36mtflops: 5.65  [35mmfu: 0.57%[39m
[rank0]:[titan] 2026-03-17 14:56:34,217 - root - INFO - [31mstep: 876  [32mloss:  2.6935  [38;2;180;60;0mgrad_norm:  1.1970  [38;2;54;234;195mmemory: 39.92GiB(50.26%)  [34mtps: 118  [36mtflops: 5.69  [35mmfu: 0.58%[39m
[rank0]:[titan] 2026-03-17 14:56:51,546 - root - INFO - [31mstep: 877  [32mloss:  2.7733  [38;2;180;60;0mgrad_norm:  2.3906  [38;2;54;234;195mmemory: 39.92GiB(50.26%)  [34mtps: 118  [36mtflops: 5.70  [35mmfu: 0.58%[39m
[rank0]:[titan] 2026-03-17 14:57:09,012 - root - INFO - [31mstep: 878  [32mloss:  2.7529  [38;2;180;60;0mgrad_norm:  1.6942  [38;2;54;234;195mmemory: 39.92GiB(50.26%)  [34mtps: 117  [36mtflops: 5.66  [35mmfu: 0.57%[39m
[rank0]:[titan] 2026-03-17 14:57:26,444 - root - INFO - [31mstep: 879  [32mloss:  2.7602  [38;2;180;60;0mgrad_norm:  1.6638  [38;2;54;234;195mmemory: 39.92GiB(50.26%)  [34mtps: 117  [36mtflops: 5.67  [35mmfu: 0.57%[39m
[rank0]:[titan] 2026-03-17 14:57:43,952 - root - INFO - [31mstep: 880  [32mloss:  2.7299  [38;2;180;60;0mgrad_norm:  1.8810  [38;2;54;234;195mmemory: 39.92GiB(50.26%)  [34mtps: 117  [36mtflops: 5.64  [35mmfu: 0.57%[39m
[rank0]:[titan] 2026-03-17 14:58:01,395 - root - INFO - [31mstep: 881  [32mloss:  2.8373  [38;2;180;60;0mgrad_norm:  1.0607  [38;2;54;234;195mmemory: 39.92GiB(50.26%)  [34mtps: 117  [36mtflops: 5.67  [35mmfu: 0.57%[39m
[rank0]:[titan] 2026-03-17 14:58:18,895 - root - INFO - [31mstep: 882  [32mloss:  2.7182  [38;2;180;60;0mgrad_norm:  2.6567  [38;2;54;234;195mmemory: 39.92GiB(50.26%)  [34mtps: 117  [36mtflops: 5.65  [35mmfu: 0.57%[39m
[rank0]:[titan] 2026-03-17 14:58:36,207 - root - INFO - [31mstep: 883  [32mloss:  2.7601  [38;2;180;60;0mgrad_norm:  2.6108  [38;2;54;234;195mmemory: 39.92GiB(50.26%)  [34mtps: 118  [36mtflops: 5.71  [35mmfu: 0.58%[39m
[rank0]:[titan] 2026-03-17 14:58:53,524 - root - INFO - [31mstep: 884  [32mloss:  2.7366  [38;2;180;60;0mgrad_norm:  2.0589  [38;2;54;234;195mmemory: 39.92GiB(50.26%)  [34mtps: 118  [36mtflops: 5.71  [35mmfu: 0.58%[39m
[rank0]:[titan] 2026-03-17 14:59:10,566 - root - INFO - [31mstep: 885  [32mloss:  2.8144  [38;2;180;60;0mgrad_norm:  2.2189  [38;2;54;234;195mmemory: 39.92GiB(50.26%)  [34mtps: 120  [36mtflops: 5.80  [35mmfu: 0.59%[39m
[rank0]:[titan] 2026-03-17 14:59:27,822 - root - INFO - [31mstep: 886  [32mloss:  2.8049  [38;2;180;60;0mgrad_norm:  2.1107  [38;2;54;234;195mmemory: 39.92GiB(50.26%)  [34mtps: 119  [36mtflops: 5.73  [35mmfu: 0.58%[39m
[rank0]:[titan] 2026-03-17 14:59:45,106 - root - INFO - [31mstep: 887  [32mloss:  2.7635  [38;2;180;60;0mgrad_norm:  2.4350  [38;2;54;234;195mmemory: 39.92GiB(50.26%)  [34mtps: 118  [36mtflops: 5.72  [35mmfu: 0.58%[39m
[rank0]:[titan] 2026-03-17 15:00:02,693 - root - INFO - [31mstep: 888  [32mloss:  2.7446  [38;2;180;60;0mgrad_norm:  2.2312  [38;2;54;234;195mmemory: 39.92GiB(50.26%)  [34mtps: 116  [36mtflops: 5.62  [35mmfu: 0.57%[39m
[rank0]:[titan] 2026-03-17 15:00:20,359 - root - INFO - [31mstep: 889  [32mloss:  2.7954  [38;2;180;60;0mgrad_norm:  1.5054  [38;2;54;234;195mmemory: 39.92GiB(50.26%)  [34mtps: 116  [36mtflops: 5.59  [35mmfu: 0.57%[39m
[rank0]:[titan] 2026-03-17 15:00:37,824 - root - INFO - [31mstep: 890  [32mloss:  2.7340  [38;2;180;60;0mgrad_norm:  1.8150  [38;2;54;234;195mmemory: 39.92GiB(50.26%)  [34mtps: 117  [36mtflops: 5.66  [35mmfu: 0.57%[39m
[rank0]:[titan] 2026-03-17 15:00:55,078 - root - INFO - [31mstep: 891  [32mloss:  2.7639  [38;2;180;60;0mgrad_norm:  1.8778  [38;2;54;234;195mmemory: 39.92GiB(50.26%)  [34mtps: 119  [36mtflops: 5.73  [35mmfu: 0.58%[39m
[rank0]:[titan] 2026-03-17 15:01:12,414 - root - INFO - [31mstep: 892  [32mloss:  2.8006  [38;2;180;60;0mgrad_norm:  1.8630  [38;2;54;234;195mmemory: 39.92GiB(50.26%)  [34mtps: 118  [36mtflops: 5.70  [35mmfu: 0.58%[39m
[rank0]:[titan] 2026-03-17 15:01:29,605 - root - INFO - [31mstep: 893  [32mloss:  2.7787  [38;2;180;60;0mgrad_norm:  1.5639  [38;2;54;234;195mmemory: 39.92GiB(50.26%)  [34mtps: 119  [36mtflops: 5.75  [35mmfu: 0.58%[39m
[rank0]:[titan] 2026-03-17 15:01:46,718 - root - INFO - [31mstep: 894  [32mloss:  2.7697  [38;2;180;60;0mgrad_norm:  1.9438  [38;2;54;234;195mmemory: 39.92GiB(50.26%)  [34mtps: 120  [36mtflops: 5.77  [35mmfu: 0.58%[39m
[rank0]:[titan] 2026-03-17 15:02:03,652 - root - INFO - [31mstep: 895  [32mloss:  2.7697  [38;2;180;60;0mgrad_norm:  1.4175  [38;2;54;234;195mmemory: 39.92GiB(50.26%)  [34mtps: 121  [36mtflops: 5.84  [35mmfu: 0.59%[39m
[rank0]:[titan] 2026-03-17 15:02:20,984 - root - INFO - [31mstep: 896  [32mloss:  2.7446  [38;2;180;60;0mgrad_norm:  1.9629  [38;2;54;234;195mmemory: 39.92GiB(50.26%)  [34mtps: 118  [36mtflops: 5.70  [35mmfu: 0.58%[39m
[rank0]:[titan] 2026-03-17 15:02:38,387 - root - INFO - [31mstep: 897  [32mloss:  2.7425  [38;2;180;60;0mgrad_norm:  1.9618  [38;2;54;234;195mmemory: 39.92GiB(50.26%)  [34mtps: 118  [36mtflops: 5.68  [35mmfu: 0.57%[39m
[rank0]:[titan] 2026-03-17 15:02:56,128 - root - INFO - [31mstep: 898  [32mloss:  2.8112  [38;2;180;60;0mgrad_norm:  1.7257  [38;2;54;234;195mmemory: 39.92GiB(50.26%)  [34mtps: 115  [36mtflops: 5.57  [35mmfu: 0.56%[39m
[rank0]:[titan] 2026-03-17 15:03:13,580 - root - INFO - [31mstep: 899  [32mloss:  2.7516  [38;2;180;60;0mgrad_norm:  2.5276  [38;2;54;234;195mmemory: 39.92GiB(50.26%)  [34mtps: 117  [36mtflops: 5.66  [35mmfu: 0.57%[39m
[rank0]:[titan] 2026-03-17 15:03:30,467 - root - INFO - [31mstep: 900  [32mloss:  2.7229  [38;2;180;60;0mgrad_norm:  2.5454  [38;2;54;234;195mmemory: 39.92GiB(50.26%)  [34mtps: 121  [36mtflops: 5.85  [35mmfu: 0.59%[39m
[rank0]:[titan] 2026-03-17 15:03:48,024 - root - INFO - [31mstep: 901  [32mloss:  2.7874  [38;2;180;60;0mgrad_norm:  1.3841  [38;2;54;234;195mmemory: 39.92GiB(50.26%)  [34mtps: 117  [36mtflops: 5.63  [35mmfu: 0.57%[39m
[rank0]:[titan] 2026-03-17 15:04:05,277 - root - INFO - [31mstep: 902  [32mloss:  2.7765  [38;2;180;60;0mgrad_norm:  2.2199  [38;2;54;234;195mmemory: 39.92GiB(50.26%)  [34mtps: 119  [36mtflops: 5.73  [35mmfu: 0.58%[39m
[rank0]:[titan] 2026-03-17 15:04:22,592 - root - INFO - [31mstep: 903  [32mloss:  2.7598  [38;2;180;60;0mgrad_norm:  2.5026  [38;2;54;234;195mmemory: 39.92GiB(50.26%)  [34mtps: 118  [36mtflops: 5.71  [35mmfu: 0.58%[39m
[rank0]:[titan] 2026-03-17 15:04:39,832 - root - INFO - [31mstep: 904  [32mloss:  2.7290  [38;2;180;60;0mgrad_norm:  1.7231  [38;2;54;234;195mmemory: 39.92GiB(50.26%)  [34mtps: 119  [36mtflops: 5.73  [35mmfu: 0.58%[39m
[rank0]:[titan] 2026-03-17 15:04:57,045 - root - INFO - [31mstep: 905  [32mloss:  2.7428  [38;2;180;60;0mgrad_norm:  2.1234  [38;2;54;234;195mmemory: 39.92GiB(50.26%)  [34mtps: 119  [36mtflops: 5.74  [35mmfu: 0.58%[39m
[rank0]:[titan] 2026-03-17 15:05:14,573 - root - INFO - [31mstep: 906  [32mloss:  2.6978  [38;2;180;60;0mgrad_norm:  2.0918  [38;2;54;234;195mmemory: 39.92GiB(50.26%)  [34mtps: 117  [36mtflops: 5.64  [35mmfu: 0.57%[39m
[rank0]:[titan] 2026-03-17 15:05:32,146 - root - INFO - [31mstep: 907  [32mloss:  2.7010  [38;2;180;60;0mgrad_norm:  1.4089  [38;2;54;234;195mmemory: 39.92GiB(50.26%)  [34mtps: 117  [36mtflops: 5.62  [35mmfu: 0.57%[39m
[rank0]:[titan] 2026-03-17 15:05:49,639 - root - INFO - [31mstep: 908  [32mloss:  2.6962  [38;2;180;60;0mgrad_norm:  2.0267  [38;2;54;234;195mmemory: 39.92GiB(50.26%)  [34mtps: 117  [36mtflops: 5.65  [35mmfu: 0.57%[39m
[rank0]:[titan] 2026-03-17 15:06:07,181 - root - INFO - [31mstep: 909  [32mloss:  2.7570  [38;2;180;60;0mgrad_norm:  2.2466  [38;2;54;234;195mmemory: 39.92GiB(50.26%)  [34mtps: 117  [36mtflops: 5.63  [35mmfu: 0.57%[39m
[rank0]:[titan] 2026-03-17 15:06:24,625 - root - INFO - [31mstep: 910  [32mloss:  2.7580  [38;2;180;60;0mgrad_norm:  2.2338  [38;2;54;234;195mmemory: 39.92GiB(50.26%)  [34mtps: 117  [36mtflops: 5.66  [35mmfu: 0.57%[39m
[rank0]:[titan] 2026-03-17 15:06:42,443 - root - INFO - [31mstep: 911  [32mloss:  2.7419  [38;2;180;60;0mgrad_norm:  2.2185  [38;2;54;234;195mmemory: 39.92GiB(50.26%)  [34mtps: 115  [36mtflops: 5.55  [35mmfu: 0.56%[39m
[rank0]:[titan] 2026-03-17 15:07:00,091 - root - INFO - [31mstep: 912  [32mloss:  2.7764  [38;2;180;60;0mgrad_norm:  2.9497  [38;2;54;234;195mmemory: 39.92GiB(50.26%)  [34mtps: 116  [36mtflops: 5.60  [35mmfu: 0.57%[39m
[rank0]:[titan] 2026-03-17 15:07:17,416 - root - INFO - [31mstep: 913  [32mloss:  2.7588  [38;2;180;60;0mgrad_norm:  2.3094  [38;2;54;234;195mmemory: 39.92GiB(50.26%)  [34mtps: 118  [36mtflops: 5.70  [35mmfu: 0.58%[39m
[rank0]:[titan] 2026-03-17 15:07:35,131 - root - INFO - [31mstep: 914  [32mloss:  2.7623  [38;2;180;60;0mgrad_norm:  1.8279  [38;2;54;234;195mmemory: 39.92GiB(50.26%)  [34mtps: 116  [36mtflops: 5.58  [35mmfu: 0.56%[39m
[rank0]:[titan] 2026-03-17 15:07:52,592 - root - INFO - [31mstep: 915  [32mloss:  2.7443  [38;2;180;60;0mgrad_norm:  2.1082  [38;2;54;234;195mmemory: 39.92GiB(50.26%)  [34mtps: 117  [36mtflops: 5.66  [35mmfu: 0.57%[39m
[rank0]:[titan] 2026-03-17 15:08:10,021 - root - INFO - [31mstep: 916  [32mloss:  2.8405  [38;2;180;60;0mgrad_norm:  2.2095  [38;2;54;234;195mmemory: 39.92GiB(50.26%)  [34mtps: 118  [36mtflops: 5.67  [35mmfu: 0.57%[39m
[rank0]:[titan] 2026-03-17 15:08:27,443 - root - INFO - [31mstep: 917  [32mloss:  2.8844  [38;2;180;60;0mgrad_norm:  1.9366  [38;2;54;234;195mmemory: 39.92GiB(50.26%)  [34mtps: 118  [36mtflops: 5.67  [35mmfu: 0.57%[39m
[rank0]:[titan] 2026-03-17 15:08:44,817 - root - INFO - [31mstep: 918  [32mloss:  2.8839  [38;2;180;60;0mgrad_norm:  2.2798  [38;2;54;234;195mmemory: 39.92GiB(50.26%)  [34mtps: 118  [36mtflops: 5.69  [35mmfu: 0.58%[39m
[rank0]:[titan] 2026-03-17 15:09:02,300 - root - INFO - [31mstep: 919  [32mloss:  2.7510  [38;2;180;60;0mgrad_norm:  2.1115  [38;2;54;234;195mmemory: 39.92GiB(50.26%)  [34mtps: 117  [36mtflops: 5.65  [35mmfu: 0.57%[39m
[rank0]:[titan] 2026-03-17 15:09:19,853 - root - INFO - [31mstep: 920  [32mloss:  2.7375  [38;2;180;60;0mgrad_norm:  1.8168  [38;2;54;234;195mmemory: 39.92GiB(50.26%)  [34mtps: 117  [36mtflops: 5.63  [35mmfu: 0.57%[39m
[rank0]:[titan] 2026-03-17 15:09:37,145 - root - INFO - [31mstep: 921  [32mloss:  2.7096  [38;2;180;60;0mgrad_norm:  2.1434  [38;2;54;234;195mmemory: 39.92GiB(50.26%)  [34mtps: 118  [36mtflops: 5.71  [35mmfu: 0.58%[39m
[rank0]:[titan] 2026-03-17 15:09:54,250 - root - INFO - [31mstep: 922  [32mloss:  2.7322  [38;2;180;60;0mgrad_norm:  2.3141  [38;2;54;234;195mmemory: 39.92GiB(50.26%)  [34mtps: 120  [36mtflops: 5.78  [35mmfu: 0.58%[39m
[rank0]:[titan] 2026-03-17 15:10:11,652 - root - INFO - [31mstep: 923  [32mloss:  2.8113  [38;2;180;60;0mgrad_norm:  2.1281  [38;2;54;234;195mmemory: 39.92GiB(50.26%)  [34mtps: 118  [36mtflops: 5.68  [35mmfu: 0.57%[39m
[rank0]:[titan] 2026-03-17 15:10:28,281 - root - INFO - [31mstep: 924  [32mloss:  2.7699  [38;2;180;60;0mgrad_norm:  2.7629  [38;2;54;234;195mmemory: 39.92GiB(50.26%)  [34mtps: 123  [36mtflops: 5.94  [35mmfu: 0.60%[39m
[rank0]:[titan] 2026-03-17 15:10:45,461 - root - INFO - [31mstep: 925  [32mloss:  2.7723  [38;2;180;60;0mgrad_norm:  2.2221  [38;2;54;234;195mmemory: 39.92GiB(50.26%)  [34mtps: 119  [36mtflops: 5.75  [35mmfu: 0.58%[39m
[rank0]:[titan] 2026-03-17 15:11:03,019 - root - INFO - [31mstep: 926  [32mloss:  2.8071  [38;2;180;60;0mgrad_norm:  2.2194  [38;2;54;234;195mmemory: 39.92GiB(50.26%)  [34mtps: 117  [36mtflops: 5.63  [35mmfu: 0.57%[39m
[rank0]:[titan] 2026-03-17 15:11:20,669 - root - INFO - [31mstep: 927  [32mloss:  2.7807  [38;2;180;60;0mgrad_norm:  1.9301  [38;2;54;234;195mmemory: 39.92GiB(50.26%)  [34mtps: 116  [36mtflops: 5.60  [35mmfu: 0.57%[39m
[rank0]:[titan] 2026-03-17 15:11:37,779 - root - INFO - [31mstep: 928  [32mloss:  2.7495  [38;2;180;60;0mgrad_norm:  1.6940  [38;2;54;234;195mmemory: 39.92GiB(50.26%)  [34mtps: 120  [36mtflops: 5.78  [35mmfu: 0.58%[39m
[rank0]:[titan] 2026-03-17 15:11:55,602 - root - INFO - [31mstep: 929  [32mloss:  2.7524  [38;2;180;60;0mgrad_norm:  2.4718  [38;2;54;234;195mmemory: 39.92GiB(50.26%)  [34mtps: 115  [36mtflops: 5.54  [35mmfu: 0.56%[39m
[rank0]:[titan] 2026-03-17 15:12:13,332 - root - INFO - [31mstep: 930  [32mloss:  2.6925  [38;2;180;60;0mgrad_norm:  2.1809  [38;2;54;234;195mmemory: 39.92GiB(50.26%)  [34mtps: 116  [36mtflops: 5.57  [35mmfu: 0.56%[39m
[rank0]:[titan] 2026-03-17 15:12:30,802 - root - INFO - [31mstep: 931  [32mloss:  2.6762  [38;2;180;60;0mgrad_norm:  1.8302  [38;2;54;234;195mmemory: 39.92GiB(50.26%)  [34mtps: 117  [36mtflops: 5.66  [35mmfu: 0.57%[39m
[rank0]:[titan] 2026-03-17 15:12:48,632 - root - INFO - [31mstep: 932  [32mloss:  2.6795  [38;2;180;60;0mgrad_norm:  2.0842  [38;2;54;234;195mmemory: 39.92GiB(50.26%)  [34mtps: 115  [36mtflops: 5.54  [35mmfu: 0.56%[39m
[rank0]:[titan] 2026-03-17 15:13:05,747 - root - INFO - [31mstep: 933  [32mloss:  2.8098  [38;2;180;60;0mgrad_norm:  2.0787  [38;2;54;234;195mmemory: 39.92GiB(50.26%)  [34mtps: 120  [36mtflops: 5.77  [35mmfu: 0.58%[39m
[rank0]:[titan] 2026-03-17 15:13:23,340 - root - INFO - [31mstep: 934  [32mloss:  2.7008  [38;2;180;60;0mgrad_norm:  1.9812  [38;2;54;234;195mmemory: 39.92GiB(50.26%)  [34mtps: 116  [36mtflops: 5.62  [35mmfu: 0.57%[39m
[rank0]:[titan] 2026-03-17 15:13:40,389 - root - INFO - [31mstep: 935  [32mloss:  2.7543  [38;2;180;60;0mgrad_norm:  2.7427  [38;2;54;234;195mmemory: 39.92GiB(50.26%)  [34mtps: 120  [36mtflops: 5.80  [35mmfu: 0.59%[39m
[rank0]:[titan] 2026-03-17 15:13:57,475 - root - INFO - [31mstep: 936  [32mloss:  2.8074  [38;2;180;60;0mgrad_norm:  1.9427  [38;2;54;234;195mmemory: 39.92GiB(50.26%)  [34mtps: 120  [36mtflops: 5.78  [35mmfu: 0.58%[39m
[rank0]:[titan] 2026-03-17 15:14:15,102 - root - INFO - [31mstep: 937  [32mloss:  2.7504  [38;2;180;60;0mgrad_norm:  2.5907  [38;2;54;234;195mmemory: 39.92GiB(50.26%)  [34mtps: 116  [36mtflops: 5.61  [35mmfu: 0.57%[39m
[rank0]:[titan] 2026-03-17 15:14:32,379 - root - INFO - [31mstep: 938  [32mloss:  2.7265  [38;2;180;60;0mgrad_norm:  2.3789  [38;2;54;234;195mmemory: 39.92GiB(50.26%)  [34mtps: 119  [36mtflops: 5.72  [35mmfu: 0.58%[39m
[rank0]:[titan] 2026-03-17 15:14:49,510 - root - INFO - [31mstep: 939  [32mloss:  2.7640  [38;2;180;60;0mgrad_norm:  1.9125  [38;2;54;234;195mmemory: 39.92GiB(50.26%)  [34mtps: 120  [36mtflops: 5.77  [35mmfu: 0.58%[39m
[rank0]:[titan] 2026-03-17 15:15:06,506 - root - INFO - [31mstep: 940  [32mloss:  2.7885  [38;2;180;60;0mgrad_norm:  1.8794  [38;2;54;234;195mmemory: 39.92GiB(50.26%)  [34mtps: 121  [36mtflops: 5.81  [35mmfu: 0.59%[39m
[rank0]:[titan] 2026-03-17 15:15:23,391 - root - INFO - [31mstep: 941  [32mloss:  2.8436  [38;2;180;60;0mgrad_norm:  1.9505  [38;2;54;234;195mmemory: 39.92GiB(50.26%)  [34mtps: 121  [36mtflops: 5.85  [35mmfu: 0.59%[39m
[rank0]:[titan] 2026-03-17 15:15:41,056 - root - INFO - [31mstep: 942  [32mloss:  2.7825  [38;2;180;60;0mgrad_norm:  1.8847  [38;2;54;234;195mmemory: 39.92GiB(50.26%)  [34mtps: 116  [36mtflops: 5.59  [35mmfu: 0.57%[39m
[rank0]:[titan] 2026-03-17 15:15:58,522 - root - INFO - [31mstep: 943  [32mloss:  2.7433  [38;2;180;60;0mgrad_norm:  1.5098  [38;2;54;234;195mmemory: 39.92GiB(50.26%)  [34mtps: 117  [36mtflops: 5.66  [35mmfu: 0.57%[39m
[rank0]:[titan] 2026-03-17 15:16:15,851 - root - INFO - [31mstep: 944  [32mloss:  2.7574  [38;2;180;60;0mgrad_norm:  1.9479  [38;2;54;234;195mmemory: 39.92GiB(50.26%)  [34mtps: 118  [36mtflops: 5.70  [35mmfu: 0.58%[39m
[rank0]:[titan] 2026-03-17 15:16:33,255 - root - INFO - [31mstep: 945  [32mloss:  2.7386  [38;2;180;60;0mgrad_norm:  2.1116  [38;2;54;234;195mmemory: 39.92GiB(50.26%)  [34mtps: 118  [36mtflops: 5.68  [35mmfu: 0.57%[39m
[rank0]:[titan] 2026-03-17 15:16:50,961 - root - INFO - [31mstep: 946  [32mloss:  2.7474  [38;2;180;60;0mgrad_norm: 34.7274  [38;2;54;234;195mmemory: 39.92GiB(50.26%)  [34mtps: 116  [36mtflops: 5.58  [35mmfu: 0.56%[39m
[rank0]:[titan] 2026-03-17 15:17:09,767 - root - INFO - [31mstep: 947  [32mloss:  2.7986  [38;2;180;60;0mgrad_norm:  2.2268  [38;2;54;234;195mmemory: 39.92GiB(50.26%)  [34mtps: 109  [36mtflops: 5.25  [35mmfu: 0.53%[39m
[rank0]:[titan] 2026-03-17 15:17:27,188 - root - INFO - [31mstep: 948  [32mloss:  2.8243  [38;2;180;60;0mgrad_norm:  1.8726  [38;2;54;234;195mmemory: 39.92GiB(50.26%)  [34mtps: 118  [36mtflops: 5.67  [35mmfu: 0.57%[39m
[rank0]:[titan] 2026-03-17 15:17:44,691 - root - INFO - [31mstep: 949  [32mloss:  2.8182  [38;2;180;60;0mgrad_norm:  1.9518  [38;2;54;234;195mmemory: 39.92GiB(50.26%)  [34mtps: 117  [36mtflops: 5.65  [35mmfu: 0.57%[39m
[rank0]:[titan] 2026-03-17 15:18:02,221 - root - INFO - [31mstep: 950  [32mloss:  2.7331  [38;2;180;60;0mgrad_norm:  1.8063  [38;2;54;234;195mmemory: 39.92GiB(50.26%)  [34mtps: 117  [36mtflops: 5.64  [35mmfu: 0.57%[39m
[rank0]:[titan] 2026-03-17 15:18:19,753 - root - INFO - [31mstep: 951  [32mloss:  2.7501  [38;2;180;60;0mgrad_norm:  1.7870  [38;2;54;234;195mmemory: 39.92GiB(50.26%)  [34mtps: 117  [36mtflops: 5.64  [35mmfu: 0.57%[39m
[rank0]:[titan] 2026-03-17 15:18:37,345 - root - INFO - [31mstep: 952  [32mloss:  2.7266  [38;2;180;60;0mgrad_norm:  2.1877  [38;2;54;234;195mmemory: 39.92GiB(50.26%)  [34mtps: 116  [36mtflops: 5.62  [35mmfu: 0.57%[39m
[rank0]:[titan] 2026-03-17 15:18:54,825 - root - INFO - [31mstep: 953  [32mloss:  2.7498  [38;2;180;60;0mgrad_norm:  1.8881  [38;2;54;234;195mmemory: 39.92GiB(50.26%)  [34mtps: 117  [36mtflops: 5.65  [35mmfu: 0.57%[39m
[rank0]:[titan] 2026-03-17 15:19:12,154 - root - INFO - [31mstep: 954  [32mloss:  2.7769  [38;2;180;60;0mgrad_norm:  2.4189  [38;2;54;234;195mmemory: 39.92GiB(50.26%)  [34mtps: 118  [36mtflops: 5.70  [35mmfu: 0.58%[39m
[rank0]:[titan] 2026-03-17 15:19:29,893 - root - INFO - [31mstep: 955  [32mloss:  2.7622  [38;2;180;60;0mgrad_norm:  2.7765  [38;2;54;234;195mmemory: 39.92GiB(50.26%)  [34mtps: 115  [36mtflops: 5.57  [35mmfu: 0.56%[39m
[rank0]:[titan] 2026-03-17 15:19:47,532 - root - INFO - [31mstep: 956  [32mloss:  2.7414  [38;2;180;60;0mgrad_norm:  1.6922  [38;2;54;234;195mmemory: 39.92GiB(50.26%)  [34mtps: 116  [36mtflops: 5.60  [35mmfu: 0.57%[39m
[rank0]:[titan] 2026-03-17 15:20:04,837 - root - INFO - [31mstep: 957  [32mloss:  2.7058  [38;2;180;60;0mgrad_norm:  2.0465  [38;2;54;234;195mmemory: 39.92GiB(50.26%)  [34mtps: 118  [36mtflops: 5.71  [35mmfu: 0.58%[39m
[rank0]:[titan] 2026-03-17 15:20:22,207 - root - INFO - [31mstep: 958  [32mloss:  2.7904  [38;2;180;60;0mgrad_norm:  2.4442  [38;2;54;234;195mmemory: 39.92GiB(50.26%)  [34mtps: 118  [36mtflops: 5.69  [35mmfu: 0.58%[39m
[rank0]:[titan] 2026-03-17 15:20:39,468 - root - INFO - [31mstep: 959  [32mloss:  2.8118  [38;2;180;60;0mgrad_norm:  2.2137  [38;2;54;234;195mmemory: 39.92GiB(50.26%)  [34mtps: 119  [36mtflops: 5.73  [35mmfu: 0.58%[39m
[rank0]:[titan] 2026-03-17 15:20:56,938 - root - INFO - [31mstep: 960  [32mloss:  2.7878  [38;2;180;60;0mgrad_norm:  2.5474  [38;2;54;234;195mmemory: 39.92GiB(50.26%)  [34mtps: 117  [36mtflops: 5.66  [35mmfu: 0.57%[39m
[rank0]:[titan] 2026-03-17 15:21:14,487 - root - INFO - [31mstep: 961  [32mloss:  2.8493  [38;2;180;60;0mgrad_norm:  2.7883  [38;2;54;234;195mmemory: 39.92GiB(50.26%)  [34mtps: 117  [36mtflops: 5.63  [35mmfu: 0.57%[39m
[rank0]:[titan] 2026-03-17 15:21:32,015 - root - INFO - [31mstep: 962  [32mloss:  2.8588  [38;2;180;60;0mgrad_norm:  2.6688  [38;2;54;234;195mmemory: 39.92GiB(50.26%)  [34mtps: 117  [36mtflops: 5.64  [35mmfu: 0.57%[39m
[rank0]:[titan] 2026-03-17 15:21:49,372 - root - INFO - [31mstep: 963  [32mloss:  2.8056  [38;2;180;60;0mgrad_norm:  2.5134  [38;2;54;234;195mmemory: 39.92GiB(50.26%)  [34mtps: 118  [36mtflops: 5.69  [35mmfu: 0.58%[39m
[rank0]:[titan] 2026-03-17 15:22:06,523 - root - INFO - [31mstep: 964  [32mloss:  2.8742  [38;2;180;60;0mgrad_norm:  2.4981  [38;2;54;234;195mmemory: 39.92GiB(50.26%)  [34mtps: 119  [36mtflops: 5.76  [35mmfu: 0.58%[39m
[rank0]:[titan] 2026-03-17 15:22:23,639 - root - INFO - [31mstep: 965  [32mloss:  2.7676  [38;2;180;60;0mgrad_norm:  2.7741  [38;2;54;234;195mmemory: 39.92GiB(50.26%)  [34mtps: 120  [36mtflops: 5.77  [35mmfu: 0.58%[39m
[rank0]:[titan] 2026-03-17 15:22:41,227 - root - INFO - [31mstep: 966  [32mloss:  2.7733  [38;2;180;60;0mgrad_norm:  2.0423  [38;2;54;234;195mmemory: 39.92GiB(50.26%)  [34mtps: 116  [36mtflops: 5.62  [35mmfu: 0.57%[39m
[rank0]:[titan] 2026-03-17 15:22:58,732 - root - INFO - [31mstep: 967  [32mloss:  2.7718  [38;2;180;60;0mgrad_norm:  1.5378  [38;2;54;234;195mmemory: 39.92GiB(50.26%)  [34mtps: 117  [36mtflops: 5.65  [35mmfu: 0.57%[39m
[rank0]:[titan] 2026-03-17 15:23:16,192 - root - INFO - [31mstep: 968  [32mloss:  2.7452  [38;2;180;60;0mgrad_norm:  2.3625  [38;2;54;234;195mmemory: 39.92GiB(50.26%)  [34mtps: 117  [36mtflops: 5.66  [35mmfu: 0.57%[39m
[rank0]:[titan] 2026-03-17 15:23:33,383 - root - INFO - [31mstep: 969  [32mloss:  2.7429  [38;2;180;60;0mgrad_norm:  2.0526  [38;2;54;234;195mmemory: 39.92GiB(50.26%)  [34mtps: 119  [36mtflops: 5.75  [35mmfu: 0.58%[39m
[rank0]:[titan] 2026-03-17 15:23:50,804 - root - INFO - [31mstep: 970  [32mloss:  2.7254  [38;2;180;60;0mgrad_norm:  1.5446  [38;2;54;234;195mmemory: 39.92GiB(50.26%)  [34mtps: 118  [36mtflops: 5.67  [35mmfu: 0.57%[39m
[rank0]:[titan] 2026-03-17 15:24:08,007 - root - INFO - [31mstep: 971  [32mloss:  2.7710  [38;2;180;60;0mgrad_norm:  1.9183  [38;2;54;234;195mmemory: 39.92GiB(50.26%)  [34mtps: 119  [36mtflops: 5.74  [35mmfu: 0.58%[39m
[rank0]:[titan] 2026-03-17 15:24:25,670 - root - INFO - [31mstep: 972  [32mloss:  2.7408  [38;2;180;60;0mgrad_norm:  1.9087  [38;2;54;234;195mmemory: 39.92GiB(50.26%)  [34mtps: 116  [36mtflops: 5.59  [35mmfu: 0.57%[39m
[rank0]:[titan] 2026-03-17 15:24:43,049 - root - INFO - [31mstep: 973  [32mloss:  2.7809  [38;2;180;60;0mgrad_norm:  1.8544  [38;2;54;234;195mmemory: 39.92GiB(50.26%)  [34mtps: 118  [36mtflops: 5.69  [35mmfu: 0.57%[39m
[rank0]:[titan] 2026-03-17 15:25:00,680 - root - INFO - [31mstep: 974  [32mloss:  2.8316  [38;2;180;60;0mgrad_norm:  2.2145  [38;2;54;234;195mmemory: 39.92GiB(50.26%)  [34mtps: 116  [36mtflops: 5.61  [35mmfu: 0.57%[39m
[rank0]:[titan] 2026-03-17 15:25:18,176 - root - INFO - [31mstep: 975  [32mloss:  2.7451  [38;2;180;60;0mgrad_norm:  1.5787  [38;2;54;234;195mmemory: 39.92GiB(50.26%)  [34mtps: 117  [36mtflops: 5.65  [35mmfu: 0.57%[39m
[rank0]:[titan] 2026-03-17 15:25:35,686 - root - INFO - [31mstep: 976  [32mloss:  2.7441  [38;2;180;60;0mgrad_norm:  2.4405  [38;2;54;234;195mmemory: 39.92GiB(50.26%)  [34mtps: 117  [36mtflops: 5.64  [35mmfu: 0.57%[39m
[rank0]:[titan] 2026-03-17 15:25:53,270 - root - INFO - [31mstep: 977  [32mloss:  2.7368  [38;2;180;60;0mgrad_norm:  2.3824  [38;2;54;234;195mmemory: 39.92GiB(50.26%)  [34mtps: 116  [36mtflops: 5.62  [35mmfu: 0.57%[39m
[rank0]:[titan] 2026-03-17 15:26:10,714 - root - INFO - [31mstep: 978  [32mloss:  2.7117  [38;2;180;60;0mgrad_norm:  2.1792  [38;2;54;234;195mmemory: 39.92GiB(50.26%)  [34mtps: 117  [36mtflops: 5.66  [35mmfu: 0.57%[39m
[rank0]:[titan] 2026-03-17 15:26:27,942 - root - INFO - [31mstep: 979  [32mloss:  2.7749  [38;2;180;60;0mgrad_norm:  2.9271  [38;2;54;234;195mmemory: 39.92GiB(50.26%)  [34mtps: 119  [36mtflops: 5.74  [35mmfu: 0.58%[39m
[rank0]:[titan] 2026-03-17 15:26:45,120 - root - INFO - [31mstep: 980  [32mloss:  2.6877  [38;2;180;60;0mgrad_norm:  2.0556  [38;2;54;234;195mmemory: 39.92GiB(50.26%)  [34mtps: 119  [36mtflops: 5.75  [35mmfu: 0.58%[39m
[rank0]:[titan] 2026-03-17 15:27:02,307 - root - INFO - [31mstep: 981  [32mloss:  2.7785  [38;2;180;60;0mgrad_norm:  2.8704  [38;2;54;234;195mmemory: 39.92GiB(50.26%)  [34mtps: 119  [36mtflops: 5.75  [35mmfu: 0.58%[39m
[rank0]:[titan] 2026-03-17 15:27:19,633 - root - INFO - [31mstep: 982  [32mloss:  2.7902  [38;2;180;60;0mgrad_norm:  2.4076  [38;2;54;234;195mmemory: 39.92GiB(50.26%)  [34mtps: 118  [36mtflops: 5.70  [35mmfu: 0.58%[39m
[rank0]:[titan] 2026-03-17 15:27:36,728 - root - INFO - [31mstep: 983  [32mloss:  2.8113  [38;2;180;60;0mgrad_norm:  1.9933  [38;2;54;234;195mmemory: 39.92GiB(50.26%)  [34mtps: 120  [36mtflops: 5.78  [35mmfu: 0.58%[39m
[rank0]:[titan] 2026-03-17 15:27:54,159 - root - INFO - [31mstep: 984  [32mloss:  2.7496  [38;2;180;60;0mgrad_norm:  2.6338  [38;2;54;234;195mmemory: 39.92GiB(50.26%)  [34mtps: 117  [36mtflops: 5.67  [35mmfu: 0.57%[39m
[rank0]:[titan] 2026-03-17 15:28:11,712 - root - INFO - [31mstep: 985  [32mloss:  2.7508  [38;2;180;60;0mgrad_norm:  2.4785  [38;2;54;234;195mmemory: 39.92GiB(50.26%)  [34mtps: 117  [36mtflops: 5.63  [35mmfu: 0.57%[39m
[rank0]:[titan] 2026-03-17 15:28:29,057 - root - INFO - [31mstep: 986  [32mloss:  2.8076  [38;2;180;60;0mgrad_norm:  2.1877  [38;2;54;234;195mmemory: 39.92GiB(50.26%)  [34mtps: 118  [36mtflops: 5.70  [35mmfu: 0.58%[39m
[rank0]:[titan] 2026-03-17 15:28:46,331 - root - INFO - [31mstep: 987  [32mloss:  2.7990  [38;2;180;60;0mgrad_norm:  2.5722  [38;2;54;234;195mmemory: 39.92GiB(50.26%)  [34mtps: 119  [36mtflops: 5.72  [35mmfu: 0.58%[39m
[rank0]:[titan] 2026-03-17 15:29:03,543 - root - INFO - [31mstep: 988  [32mloss:  2.7586  [38;2;180;60;0mgrad_norm:  2.0579  [38;2;54;234;195mmemory: 39.92GiB(50.26%)  [34mtps: 119  [36mtflops: 5.74  [35mmfu: 0.58%[39m
[rank0]:[titan] 2026-03-17 15:29:20,870 - root - INFO - [31mstep: 989  [32mloss:  2.7790  [38;2;180;60;0mgrad_norm:  2.4095  [38;2;54;234;195mmemory: 39.92GiB(50.26%)  [34mtps: 118  [36mtflops: 5.70  [35mmfu: 0.58%[39m
[rank0]:[titan] 2026-03-17 15:29:38,261 - root - INFO - [31mstep: 990  [32mloss:  2.8145  [38;2;180;60;0mgrad_norm:  2.2422  [38;2;54;234;195mmemory: 39.92GiB(50.26%)  [34mtps: 118  [36mtflops: 5.68  [35mmfu: 0.57%[39m
[rank0]:[titan] 2026-03-17 15:29:55,787 - root - INFO - [31mstep: 991  [32mloss:  2.8388  [38;2;180;60;0mgrad_norm:  2.6091  [38;2;54;234;195mmemory: 39.92GiB(50.26%)  [34mtps: 117  [36mtflops: 5.64  [35mmfu: 0.57%[39m
[rank0]:[titan] 2026-03-17 15:30:13,233 - root - INFO - [31mstep: 992  [32mloss:  2.8661  [38;2;180;60;0mgrad_norm:  2.7240  [38;2;54;234;195mmemory: 39.92GiB(50.26%)  [34mtps: 117  [36mtflops: 5.66  [35mmfu: 0.57%[39m
[rank0]:[titan] 2026-03-17 15:30:30,726 - root - INFO - [31mstep: 993  [32mloss:  2.8537  [38;2;180;60;0mgrad_norm:  1.8858  [38;2;54;234;195mmemory: 39.92GiB(50.26%)  [34mtps: 117  [36mtflops: 5.65  [35mmfu: 0.57%[39m
[rank0]:[titan] 2026-03-17 15:30:48,198 - root - INFO - [31mstep: 994  [32mloss:  2.8381  [38;2;180;60;0mgrad_norm:  2.6615  [38;2;54;234;195mmemory: 39.92GiB(50.26%)  [34mtps: 117  [36mtflops: 5.66  [35mmfu: 0.57%[39m
[rank0]:[titan] 2026-03-17 15:31:05,182 - root - INFO - [31mstep: 995  [32mloss:  2.8562  [38;2;180;60;0mgrad_norm:  2.5835  [38;2;54;234;195mmemory: 39.92GiB(50.26%)  [34mtps: 121  [36mtflops: 5.82  [35mmfu: 0.59%[39m
[rank0]:[titan] 2026-03-17 15:31:22,786 - root - INFO - [31mstep: 996  [32mloss:  2.8479  [38;2;180;60;0mgrad_norm:  2.6144  [38;2;54;234;195mmemory: 39.92GiB(50.26%)  [34mtps: 116  [36mtflops: 5.61  [35mmfu: 0.57%[39m
[rank0]:[titan] 2026-03-17 15:31:40,219 - root - INFO - [31mstep: 997  [32mloss:  2.8564  [38;2;180;60;0mgrad_norm:  2.1478  [38;2;54;234;195mmemory: 39.92GiB(50.26%)  [34mtps: 117  [36mtflops: 5.67  [35mmfu: 0.57%[39m
[rank0]:[titan] 2026-03-17 15:31:57,568 - root - INFO - [31mstep: 998  [32mloss:  2.7486  [38;2;180;60;0mgrad_norm:  2.2774  [38;2;54;234;195mmemory: 39.92GiB(50.26%)  [34mtps: 118  [36mtflops: 5.70  [35mmfu: 0.58%[39m
[rank0]:[titan] 2026-03-17 15:32:14,820 - root - INFO - [31mstep: 999  [32mloss:  2.7876  [38;2;180;60;0mgrad_norm:  1.9372  [38;2;54;234;195mmemory: 39.92GiB(50.26%)  [34mtps: 119  [36mtflops: 5.73  [35mmfu: 0.58%[39m
[rank0]:[titan] 2026-03-17 15:32:32,448 - root - INFO - [31mstep: 1000  [32mloss:  2.7827  [38;2;180;60;0mgrad_norm:  2.3634  [38;2;54;234;195mmemory: 39.92GiB(50.26%)  [34mtps: 116  [36mtflops: 5.61  [35mmfu: 0.57%[39m
[rank0]:[titan] 2026-03-17 15:32:50,081 - root - INFO - [31mstep: 1001  [32mloss:  2.7795  [38;2;180;60;0mgrad_norm:  2.1289  [38;2;54;234;195mmemory: 39.92GiB(50.26%)  [34mtps: 116  [36mtflops: 5.60  [35mmfu: 0.57%[39m
[rank0]:[titan] 2026-03-17 15:33:07,627 - root - INFO - [31mstep: 1002  [32mloss:  2.6621  [38;2;180;60;0mgrad_norm:  1.4639  [38;2;54;234;195mmemory: 39.92GiB(50.26%)  [34mtps: 117  [36mtflops: 5.63  [35mmfu: 0.57%[39m
[rank0]:[titan] 2026-03-17 15:33:25,044 - root - INFO - [31mstep: 1003  [32mloss:  2.6854  [38;2;180;60;0mgrad_norm:  2.1640  [38;2;54;234;195mmemory: 39.92GiB(50.26%)  [34mtps: 118  [36mtflops: 5.67  [35mmfu: 0.57%[39m
[rank0]:[titan] 2026-03-17 15:33:42,409 - root - INFO - [31mstep: 1004  [32mloss:  2.7177  [38;2;180;60;0mgrad_norm:  2.2191  [38;2;54;234;195mmemory: 39.92GiB(50.26%)  [34mtps: 118  [36mtflops: 5.69  [35mmfu: 0.58%[39m
[rank0]:[titan] 2026-03-17 15:33:59,637 - root - INFO - [31mstep: 1005  [32mloss:  2.7745  [38;2;180;60;0mgrad_norm:  1.3386  [38;2;54;234;195mmemory: 39.92GiB(50.26%)  [34mtps: 119  [36mtflops: 5.74  [35mmfu: 0.58%[39m
[rank0]:[titan] 2026-03-17 15:34:17,294 - root - INFO - [31mstep: 1006  [32mloss:  2.6585  [38;2;180;60;0mgrad_norm:  2.4345  [38;2;54;234;195mmemory: 39.92GiB(50.26%)  [34mtps: 116  [36mtflops: 5.60  [35mmfu: 0.57%[39m
[rank0]:[titan] 2026-03-17 15:34:34,736 - root - INFO - [31mstep: 1007  [32mloss:  2.7419  [38;2;180;60;0mgrad_norm:  2.1179  [38;2;54;234;195mmemory: 39.92GiB(50.26%)  [34mtps: 117  [36mtflops: 5.67  [35mmfu: 0.57%[39m
[rank0]:[titan] 2026-03-17 15:34:52,144 - root - INFO - [31mstep: 1008  [32mloss:  2.7360  [38;2;180;60;0mgrad_norm:  1.7211  [38;2;54;234;195mmemory: 39.92GiB(50.26%)  [34mtps: 118  [36mtflops: 5.68  [35mmfu: 0.57%[39m
[rank0]:[titan] 2026-03-17 15:35:09,824 - root - INFO - [31mstep: 1009  [32mloss:  2.7476  [38;2;180;60;0mgrad_norm:  1.6780  [38;2;54;234;195mmemory: 39.92GiB(50.26%)  [34mtps: 116  [36mtflops: 5.59  [35mmfu: 0.57%[39m
[rank0]:[titan] 2026-03-17 15:35:27,321 - root - INFO - [31mstep: 1010  [32mloss:  2.7932  [38;2;180;60;0mgrad_norm:  2.1420  [38;2;54;234;195mmemory: 39.92GiB(50.26%)  [34mtps: 117  [36mtflops: 5.65  [35mmfu: 0.57%[39m
[rank0]:[titan] 2026-03-17 15:35:44,640 - root - INFO - [31mstep: 1011  [32mloss:  2.7221  [38;2;180;60;0mgrad_norm:  1.8223  [38;2;54;234;195mmemory: 39.92GiB(50.26%)  [34mtps: 118  [36mtflops: 5.71  [35mmfu: 0.58%[39m
[rank0]:[titan] 2026-03-17 15:36:01,932 - root - INFO - [31mstep: 1012  [32mloss:  2.7981  [38;2;180;60;0mgrad_norm:  1.5138  [38;2;54;234;195mmemory: 39.92GiB(50.26%)  [34mtps: 118  [36mtflops: 5.71  [35mmfu: 0.58%[39m
[rank0]:[titan] 2026-03-17 15:36:19,363 - root - INFO - [31mstep: 1013  [32mloss:  2.7331  [38;2;180;60;0mgrad_norm:  1.7633  [38;2;54;234;195mmemory: 39.92GiB(50.26%)  [34mtps: 117  [36mtflops: 5.67  [35mmfu: 0.57%[39m
[rank0]:[titan] 2026-03-17 15:36:36,983 - root - INFO - [31mstep: 1014  [32mloss:  2.7242  [38;2;180;60;0mgrad_norm:  1.6157  [38;2;54;234;195mmemory: 39.92GiB(50.26%)  [34mtps: 116  [36mtflops: 5.61  [35mmfu: 0.57%[39m
[rank0]:[titan] 2026-03-17 15:36:54,082 - root - INFO - [31mstep: 1015  [32mloss:  2.7720  [38;2;180;60;0mgrad_norm:  1.6595  [38;2;54;234;195mmemory: 39.92GiB(50.26%)  [34mtps: 120  [36mtflops: 5.78  [35mmfu: 0.58%[39m
[rank0]:[titan] 2026-03-17 15:37:11,579 - root - INFO - [31mstep: 1016  [32mloss:  2.8099  [38;2;180;60;0mgrad_norm:  1.8361  [38;2;54;234;195mmemory: 39.92GiB(50.26%)  [34mtps: 117  [36mtflops: 5.65  [35mmfu: 0.57%[39m
[rank0]:[titan] 2026-03-17 15:37:29,027 - root - INFO - [31mstep: 1017  [32mloss:  2.8022  [38;2;180;60;0mgrad_norm:  1.4768  [38;2;54;234;195mmemory: 39.92GiB(50.26%)  [34mtps: 117  [36mtflops: 5.66  [35mmfu: 0.57%[39m
[rank0]:[titan] 2026-03-17 15:37:46,452 - root - INFO - [31mstep: 1018  [32mloss:  2.7038  [38;2;180;60;0mgrad_norm:  1.9653  [38;2;54;234;195mmemory: 39.92GiB(50.26%)  [34mtps: 118  [36mtflops: 5.67  [35mmfu: 0.57%[39m
[rank0]:[titan] 2026-03-17 15:38:04,004 - root - INFO - [31mstep: 1019  [32mloss:  2.7258  [38;2;180;60;0mgrad_norm:  1.8595  [38;2;54;234;195mmemory: 39.92GiB(50.26%)  [34mtps: 117  [36mtflops: 5.63  [35mmfu: 0.57%[39m
[rank0]:[titan] 2026-03-17 15:38:21,210 - root - INFO - [31mstep: 1020  [32mloss:  2.7437  [38;2;180;60;0mgrad_norm:  2.0914  [38;2;54;234;195mmemory: 39.92GiB(50.26%)  [34mtps: 119  [36mtflops: 5.74  [35mmfu: 0.58%[39m
[rank0]:[titan] 2026-03-17 15:38:38,543 - root - INFO - [31mstep: 1021  [32mloss:  2.8035  [38;2;180;60;0mgrad_norm:  2.2882  [38;2;54;234;195mmemory: 39.92GiB(50.26%)  [34mtps: 118  [36mtflops: 5.70  [35mmfu: 0.58%[39m
[rank0]:[titan] 2026-03-17 15:38:55,372 - root - INFO - [31mstep: 1022  [32mloss:  2.7474  [38;2;180;60;0mgrad_norm:  2.0580  [38;2;54;234;195mmemory: 39.92GiB(50.26%)  [34mtps: 122  [36mtflops: 5.87  [35mmfu: 0.59%[39m
[rank0]:[titan] 2026-03-17 15:39:12,948 - root - INFO - [31mstep: 1023  [32mloss:  2.7833  [38;2;180;60;0mgrad_norm:  1.7059  [38;2;54;234;195mmemory: 39.92GiB(50.26%)  [34mtps: 117  [36mtflops: 5.62  [35mmfu: 0.57%[39m
[rank0]:[titan] 2026-03-17 15:39:30,517 - root - INFO - [31mstep: 1024  [32mloss:  2.7992  [38;2;180;60;0mgrad_norm:  1.9500  [38;2;54;234;195mmemory: 39.92GiB(50.26%)  [34mtps: 117  [36mtflops: 5.62  [35mmfu: 0.57%[39m
[rank0]:[titan] 2026-03-17 15:39:48,016 - root - INFO - [31mstep: 1025  [32mloss:  2.7477  [38;2;180;60;0mgrad_norm:  1.4558  [38;2;54;234;195mmemory: 39.92GiB(50.26%)  [34mtps: 117  [36mtflops: 5.65  [35mmfu: 0.57%[39m
[rank0]:[titan] 2026-03-17 15:40:05,618 - root - INFO - [31mstep: 1026  [32mloss:  2.8313  [38;2;180;60;0mgrad_norm:  2.2070  [38;2;54;234;195mmemory: 39.92GiB(50.26%)  [34mtps: 116  [36mtflops: 5.61  [35mmfu: 0.57%[39m
[rank0]:[titan] 2026-03-17 15:40:23,174 - root - INFO - [31mstep: 1027  [32mloss:  2.8077  [38;2;180;60;0mgrad_norm:  1.5463  [38;2;54;234;195mmemory: 39.92GiB(50.26%)  [34mtps: 117  [36mtflops: 5.63  [35mmfu: 0.57%[39m
[rank0]:[titan] 2026-03-17 15:40:40,659 - root - INFO - [31mstep: 1028  [32mloss:  2.7664  [38;2;180;60;0mgrad_norm:  1.7357  [38;2;54;234;195mmemory: 39.92GiB(50.26%)  [34mtps: 117  [36mtflops: 5.65  [35mmfu: 0.57%[39m
[rank0]:[titan] 2026-03-17 15:40:58,016 - root - INFO - [31mstep: 1029  [32mloss:  2.7327  [38;2;180;60;0mgrad_norm:  1.6615  [38;2;54;234;195mmemory: 39.92GiB(50.26%)  [34mtps: 118  [36mtflops: 5.69  [35mmfu: 0.58%[39m
[rank0]:[titan] 2026-03-17 15:41:15,057 - root - INFO - [31mstep: 1030  [32mloss:  2.7719  [38;2;180;60;0mgrad_norm:  1.7933  [38;2;54;234;195mmemory: 39.92GiB(50.26%)  [34mtps: 120  [36mtflops: 5.80  [35mmfu: 0.59%[39m
[rank0]:[titan] 2026-03-17 15:41:32,521 - root - INFO - [31mstep: 1031  [32mloss:  2.7038  [38;2;180;60;0mgrad_norm:  1.1669  [38;2;54;234;195mmemory: 39.92GiB(50.26%)  [34mtps: 117  [36mtflops: 5.66  [35mmfu: 0.57%[39m
[rank0]:[titan] 2026-03-17 15:41:49,836 - root - INFO - [31mstep: 1032  [32mloss:  2.7039  [38;2;180;60;0mgrad_norm:  2.0388  [38;2;54;234;195mmemory: 39.92GiB(50.26%)  [34mtps: 118  [36mtflops: 5.71  [35mmfu: 0.58%[39m
[rank0]:[titan] 2026-03-17 15:42:06,797 - root - INFO - [31mstep: 1033  [32mloss:  2.7466  [38;2;180;60;0mgrad_norm:  1.8771  [38;2;54;234;195mmemory: 39.92GiB(50.26%)  [34mtps: 121  [36mtflops: 5.83  [35mmfu: 0.59%[39m
[rank0]:[titan] 2026-03-17 15:42:23,897 - root - INFO - [31mstep: 1034  [32mloss:  2.6986  [38;2;180;60;0mgrad_norm:  1.3962  [38;2;54;234;195mmemory: 39.92GiB(50.26%)  [34mtps: 120  [36mtflops: 5.78  [35mmfu: 0.58%[39m
[rank0]:[titan] 2026-03-17 15:42:41,889 - root - INFO - [31mstep: 1035  [32mloss:  2.7460  [38;2;180;60;0mgrad_norm:  1.6664  [38;2;54;234;195mmemory: 39.92GiB(50.26%)  [34mtps: 114  [36mtflops: 5.49  [35mmfu: 0.56%[39m
[rank0]:[titan] 2026-03-17 15:42:59,372 - root - INFO - [31mstep: 1036  [32mloss:  2.7055  [38;2;180;60;0mgrad_norm:  1.7997  [38;2;54;234;195mmemory: 39.92GiB(50.26%)  [34mtps: 117  [36mtflops: 5.65  [35mmfu: 0.57%[39m
[rank0]:[titan] 2026-03-17 15:43:16,894 - root - INFO - [31mstep: 1037  [32mloss:  2.7050  [38;2;180;60;0mgrad_norm:  1.5886  [38;2;54;234;195mmemory: 39.92GiB(50.26%)  [34mtps: 117  [36mtflops: 5.64  [35mmfu: 0.57%[39m
[rank0]:[titan] 2026-03-17 15:43:34,348 - root - INFO - [31mstep: 1038  [32mloss:  2.7005  [38;2;180;60;0mgrad_norm:  1.2851  [38;2;54;234;195mmemory: 39.92GiB(50.26%)  [34mtps: 117  [36mtflops: 5.66  [35mmfu: 0.57%[39m
[rank0]:[titan] 2026-03-17 15:43:51,780 - root - INFO - [31mstep: 1039  [32mloss:  2.6769  [38;2;180;60;0mgrad_norm:  1.7267  [38;2;54;234;195mmemory: 39.92GiB(50.26%)  [34mtps: 117  [36mtflops: 5.67  [35mmfu: 0.57%[39m
[rank0]:[titan] 2026-03-17 15:44:09,243 - root - INFO - [31mstep: 1040  [32mloss:  2.6918  [38;2;180;60;0mgrad_norm:  1.8998  [38;2;54;234;195mmemory: 39.92GiB(50.26%)  [34mtps: 117  [36mtflops: 5.66  [35mmfu: 0.57%[39m
[rank0]:[titan] 2026-03-17 15:44:26,913 - root - INFO - [31mstep: 1041  [32mloss:  2.7071  [38;2;180;60;0mgrad_norm:  1.5324  [38;2;54;234;195mmemory: 39.92GiB(50.26%)  [34mtps: 116  [36mtflops: 5.59  [35mmfu: 0.57%[39m
[rank0]:[titan] 2026-03-17 15:44:44,188 - root - INFO - [31mstep: 1042  [32mloss:  2.6995  [38;2;180;60;0mgrad_norm:  2.0364  [38;2;54;234;195mmemory: 39.92GiB(50.26%)  [34mtps: 119  [36mtflops: 5.72  [35mmfu: 0.58%[39m
[rank0]:[titan] 2026-03-17 15:45:01,490 - root - INFO - [31mstep: 1043  [32mloss:  2.7300  [38;2;180;60;0mgrad_norm:  1.9760  [38;2;54;234;195mmemory: 39.92GiB(50.26%)  [34mtps: 118  [36mtflops: 5.71  [35mmfu: 0.58%[39m
[rank0]:[titan] 2026-03-17 15:45:18,526 - root - INFO - [31mstep: 1044  [32mloss:  2.7986  [38;2;180;60;0mgrad_norm:  1.6008  [38;2;54;234;195mmemory: 39.92GiB(50.26%)  [34mtps: 120  [36mtflops: 5.80  [35mmfu: 0.59%[39m
[rank0]:[titan] 2026-03-17 15:45:35,686 - root - INFO - [31mstep: 1045  [32mloss:  2.7147  [38;2;180;60;0mgrad_norm:  1.9724  [38;2;54;234;195mmemory: 39.92GiB(50.26%)  [34mtps: 119  [36mtflops: 5.76  [35mmfu: 0.58%[39m
[rank0]:[titan] 2026-03-17 15:45:53,230 - root - INFO - [31mstep: 1046  [32mloss:  2.7295  [38;2;180;60;0mgrad_norm:  1.7180  [38;2;54;234;195mmemory: 39.92GiB(50.26%)  [34mtps: 117  [36mtflops: 5.63  [35mmfu: 0.57%[39m
[rank0]:[titan] 2026-03-17 15:46:10,645 - root - INFO - [31mstep: 1047  [32mloss:  2.7797  [38;2;180;60;0mgrad_norm:  1.9240  [38;2;54;234;195mmemory: 39.92GiB(50.26%)  [34mtps: 118  [36mtflops: 5.67  [35mmfu: 0.57%[39m
[rank0]:[titan] 2026-03-17 15:46:28,195 - root - INFO - [31mstep: 1048  [32mloss:  2.7227  [38;2;180;60;0mgrad_norm:  2.2108  [38;2;54;234;195mmemory: 39.92GiB(50.26%)  [34mtps: 117  [36mtflops: 5.63  [35mmfu: 0.57%[39m
[rank0]:[titan] 2026-03-17 15:46:45,470 - root - INFO - [31mstep: 1049  [32mloss:  2.7885  [38;2;180;60;0mgrad_norm:  1.8149  [38;2;54;234;195mmemory: 39.92GiB(50.26%)  [34mtps: 119  [36mtflops: 5.72  [35mmfu: 0.58%[39m
[rank0]:[titan] 2026-03-17 15:47:02,582 - root - INFO - [31mstep: 1050  [32mloss:  2.8377  [38;2;180;60;0mgrad_norm:  1.4820  [38;2;54;234;195mmemory: 39.92GiB(50.26%)  [34mtps: 120  [36mtflops: 5.78  [35mmfu: 0.58%[39m
[rank0]:[titan] 2026-03-17 15:47:19,327 - root - INFO - [31mstep: 1051  [32mloss:  2.7626  [38;2;180;60;0mgrad_norm:  2.1581  [38;2;54;234;195mmemory: 39.92GiB(50.26%)  [34mtps: 122  [36mtflops: 5.90  [35mmfu: 0.60%[39m
[rank0]:[titan] 2026-03-17 15:47:36,095 - root - INFO - [31mstep: 1052  [32mloss:  2.7751  [38;2;180;60;0mgrad_norm:  2.0474  [38;2;54;234;195mmemory: 39.92GiB(50.26%)  [34mtps: 122  [36mtflops: 5.89  [35mmfu: 0.60%[39m
[rank0]:[titan] 2026-03-17 15:47:53,568 - root - INFO - [31mstep: 1053  [32mloss:  2.7514  [38;2;180;60;0mgrad_norm:  1.8593  [38;2;54;234;195mmemory: 39.92GiB(50.26%)  [34mtps: 117  [36mtflops: 5.66  [35mmfu: 0.57%[39m
[rank0]:[titan] 2026-03-17 15:48:10,497 - root - INFO - [31mstep: 1054  [32mloss:  2.8009  [38;2;180;60;0mgrad_norm:  1.3247  [38;2;54;234;195mmemory: 39.92GiB(50.26%)  [34mtps: 121  [36mtflops: 5.84  [35mmfu: 0.59%[39m
[rank0]:[titan] 2026-03-17 15:48:27,428 - root - INFO - [31mstep: 1055  [32mloss:  2.7618  [38;2;180;60;0mgrad_norm:  1.5827  [38;2;54;234;195mmemory: 39.92GiB(50.26%)  [34mtps: 121  [36mtflops: 5.84  [35mmfu: 0.59%[39m
[rank0]:[titan] 2026-03-17 15:48:44,728 - root - INFO - [31mstep: 1056  [32mloss:  2.8059  [38;2;180;60;0mgrad_norm:  1.5433  [38;2;54;234;195mmemory: 39.92GiB(50.26%)  [34mtps: 118  [36mtflops: 5.71  [35mmfu: 0.58%[39m
[rank0]:[titan] 2026-03-17 15:49:02,263 - root - INFO - [31mstep: 1057  [32mloss:  2.7809  [38;2;180;60;0mgrad_norm:  2.0215  [38;2;54;234;195mmemory: 39.92GiB(50.26%)  [34mtps: 117  [36mtflops: 5.64  [35mmfu: 0.57%[39m
[rank0]:[titan] 2026-03-17 15:49:02,266 - root - WARNING - Dataset c4_test is being re-looped
[rank0]:[titan] 2026-03-17 15:49:19,476 - root - INFO - [31mstep: 1058  [32mloss:  2.7603  [38;2;180;60;0mgrad_norm:  1.7792  [38;2;54;234;195mmemory: 39.92GiB(50.26%)  [34mtps: 119  [36mtflops: 5.74  [35mmfu: 0.58%[39m
[rank0]:[titan] 2026-03-17 15:49:36,727 - root - INFO - [31mstep: 1059  [32mloss:  2.7422  [38;2;180;60;0mgrad_norm:  2.2674  [38;2;54;234;195mmemory: 39.92GiB(50.26%)  [34mtps: 119  [36mtflops: 5.73  [35mmfu: 0.58%[39m
[rank0]:[titan] 2026-03-17 15:49:54,108 - root - INFO - [31mstep: 1060  [32mloss:  2.7435  [38;2;180;60;0mgrad_norm:  1.8904  [38;2;54;234;195mmemory: 39.92GiB(50.26%)  [34mtps: 118  [36mtflops: 5.69  [35mmfu: 0.57%[39m
[rank0]:[titan] 2026-03-17 15:50:11,510 - root - INFO - [31mstep: 1061  [32mloss:  2.7369  [38;2;180;60;0mgrad_norm:  1.4289  [38;2;54;234;195mmemory: 39.92GiB(50.26%)  [34mtps: 118  [36mtflops: 5.68  [35mmfu: 0.57%[39m
[rank0]:[titan] 2026-03-17 15:50:27,059 - root - INFO - [31mstep: 1062  [32mloss:  2.7174  [38;2;180;60;0mgrad_norm:  1.7963  [38;2;54;234;195mmemory: 39.92GiB(50.26%)  [34mtps: 132  [36mtflops: 6.36  [35mmfu: 0.64%[39m
[rank0]:[titan] 2026-03-17 15:50:43,297 - root - INFO - [31mstep: 1063  [32mloss:  2.7173  [38;2;180;60;0mgrad_norm:  1.5596  [38;2;54;234;195mmemory: 39.92GiB(50.26%)  [34mtps: 126  [36mtflops: 6.09  [35mmfu: 0.62%[39m
[rank0]:[titan] 2026-03-17 15:51:00,418 - root - INFO - [31mstep: 1064  [32mloss:  2.7197  [38;2;180;60;0mgrad_norm:  2.1337  [38;2;54;234;195mmemory: 39.92GiB(50.26%)  [34mtps: 120  [36mtflops: 5.77  [35mmfu: 0.58%[39m
[rank0]:[titan] 2026-03-17 15:51:16,292 - root - INFO - [31mstep: 1065  [32mloss:  2.6950  [38;2;180;60;0mgrad_norm:  1.5383  [38;2;54;234;195mmemory: 39.92GiB(50.26%)  [34mtps: 129  [36mtflops: 6.23  [35mmfu: 0.63%[39m
[rank0]:[titan] 2026-03-17 15:51:31,768 - root - INFO - [31mstep: 1066  [32mloss:  2.7821  [38;2;180;60;0mgrad_norm:  1.5348  [38;2;54;234;195mmemory: 39.92GiB(50.26%)  [34mtps: 132  [36mtflops: 6.39  [35mmfu: 0.65%[39m
[rank0]:[titan] 2026-03-17 15:51:47,340 - root - INFO - [31mstep: 1067  [32mloss:  2.7135  [38;2;180;60;0mgrad_norm:  1.8739  [38;2;54;234;195mmemory: 39.92GiB(50.26%)  [34mtps: 132  [36mtflops: 6.35  [35mmfu: 0.64%[39m
[rank0]:[titan] 2026-03-17 15:52:03,145 - root - INFO - [31mstep: 1068  [32mloss:  2.6682  [38;2;180;60;0mgrad_norm:  2.2575  [38;2;54;234;195mmemory: 39.92GiB(50.26%)  [34mtps: 130  [36mtflops: 6.25  [35mmfu: 0.63%[39m
[rank0]:[titan] 2026-03-17 15:52:18,374 - root - INFO - [31mstep: 1069  [32mloss:  2.7368  [38;2;180;60;0mgrad_norm:  1.9058  [38;2;54;234;195mmemory: 39.92GiB(50.26%)  [34mtps: 134  [36mtflops: 6.49  [35mmfu: 0.66%[39m
[rank0]:[titan] 2026-03-17 15:52:33,703 - root - INFO - [31mstep: 1070  [32mloss:  2.7541  [38;2;180;60;0mgrad_norm:  1.6503  [38;2;54;234;195mmemory: 39.92GiB(50.26%)  [34mtps: 134  [36mtflops: 6.45  [35mmfu: 0.65%[39m
[rank0]:[titan] 2026-03-17 15:52:49,245 - root - INFO - [31mstep: 1071  [32mloss:  2.7567  [38;2;180;60;0mgrad_norm:  2.2456  [38;2;54;234;195mmemory: 39.92GiB(50.26%)  [34mtps: 132  [36mtflops: 6.36  [35mmfu: 0.64%[39m
[rank0]:[titan] 2026-03-17 15:53:04,658 - root - INFO - [31mstep: 1072  [32mloss:  2.7123  [38;2;180;60;0mgrad_norm:  1.9208  [38;2;54;234;195mmemory: 39.92GiB(50.26%)  [34mtps: 133  [36mtflops: 6.41  [35mmfu: 0.65%[39m
[rank0]:[titan] 2026-03-17 15:53:19,949 - root - INFO - [31mstep: 1073  [32mloss:  2.7295  [38;2;180;60;0mgrad_norm:  1.5291  [38;2;54;234;195mmemory: 39.92GiB(50.26%)  [34mtps: 134  [36mtflops: 6.46  [35mmfu: 0.65%[39m
[rank0]:[titan] 2026-03-17 15:53:35,958 - root - INFO - [31mstep: 1074  [32mloss:  2.7022  [38;2;180;60;0mgrad_norm:  1.7764  [38;2;54;234;195mmemory: 39.92GiB(50.26%)  [34mtps: 128  [36mtflops: 6.17  [35mmfu: 0.62%[39m
[rank0]:[titan] 2026-03-17 15:53:51,730 - root - INFO - [31mstep: 1075  [32mloss:  2.7390  [38;2;180;60;0mgrad_norm:  2.0046  [38;2;54;234;195mmemory: 39.92GiB(50.26%)  [34mtps: 130  [36mtflops: 6.27  [35mmfu: 0.63%[39m
[rank0]:[titan] 2026-03-17 15:54:07,093 - root - INFO - [31mstep: 1076  [32mloss:  2.6931  [38;2;180;60;0mgrad_norm:  1.2874  [38;2;54;234;195mmemory: 39.92GiB(50.26%)  [34mtps: 133  [36mtflops: 6.43  [35mmfu: 0.65%[39m
[rank0]:[titan] 2026-03-17 15:54:22,159 - root - INFO - [31mstep: 1077  [32mloss:  2.7415  [38;2;180;60;0mgrad_norm:  2.0245  [38;2;54;234;195mmemory: 39.92GiB(50.26%)  [34mtps: 136  [36mtflops: 6.56  [35mmfu: 0.66%[39m
[rank0]:[titan] 2026-03-17 15:54:37,478 - root - INFO - [31mstep: 1078  [32mloss:  2.7246  [38;2;180;60;0mgrad_norm:  2.1253  [38;2;54;234;195mmemory: 39.92GiB(50.26%)  [34mtps: 134  [36mtflops: 6.45  [35mmfu: 0.65%[39m
[rank0]:[titan] 2026-03-17 15:54:53,276 - root - INFO - [31mstep: 1079  [32mloss:  2.7354  [38;2;180;60;0mgrad_norm:  1.4767  [38;2;54;234;195mmemory: 39.92GiB(50.26%)  [34mtps: 130  [36mtflops: 6.26  [35mmfu: 0.63%[39m
[rank0]:[titan] 2026-03-17 15:55:08,453 - root - INFO - [31mstep: 1080  [32mloss:  2.7170  [38;2;180;60;0mgrad_norm:  1.8513  [38;2;54;234;195mmemory: 39.92GiB(50.26%)  [34mtps: 135  [36mtflops: 6.51  [35mmfu: 0.66%[39m
[rank0]:[titan] 2026-03-17 15:55:24,085 - root - INFO - [31mstep: 1081  [32mloss:  2.7524  [38;2;180;60;0mgrad_norm:  1.7748  [38;2;54;234;195mmemory: 39.92GiB(50.26%)  [34mtps: 131  [36mtflops: 6.32  [35mmfu: 0.64%[39m
[rank0]:[titan] 2026-03-17 15:55:39,322 - root - INFO - [31mstep: 1082  [32mloss:  2.7490  [38;2;180;60;0mgrad_norm:  1.6571  [38;2;54;234;195mmemory: 39.92GiB(50.26%)  [34mtps: 134  [36mtflops: 6.49  [35mmfu: 0.66%[39m
[rank0]:[titan] 2026-03-17 15:55:54,515 - root - INFO - [31mstep: 1083  [32mloss:  2.7277  [38;2;180;60;0mgrad_norm:  1.1698  [38;2;54;234;195mmemory: 39.92GiB(50.26%)  [34mtps: 135  [36mtflops: 6.50  [35mmfu: 0.66%[39m
[rank0]:[titan] 2026-03-17 15:56:09,942 - root - INFO - [31mstep: 1084  [32mloss:  2.7925  [38;2;180;60;0mgrad_norm:  2.1590  [38;2;54;234;195mmemory: 39.92GiB(50.26%)  [34mtps: 133  [36mtflops: 6.41  [35mmfu: 0.65%[39m
[rank0]:[titan] 2026-03-17 15:56:25,709 - root - INFO - [31mstep: 1085  [32mloss:  2.7380  [38;2;180;60;0mgrad_norm:  2.2376  [38;2;54;234;195mmemory: 39.92GiB(50.26%)  [34mtps: 130  [36mtflops: 6.27  [35mmfu: 0.63%[39m
[rank0]:[titan] 2026-03-17 15:56:41,432 - root - INFO - [31mstep: 1086  [32mloss:  2.7130  [38;2;180;60;0mgrad_norm:  1.6188  [38;2;54;234;195mmemory: 39.92GiB(50.26%)  [34mtps: 130  [36mtflops: 6.29  [35mmfu: 0.64%[39m
[rank0]:[titan] 2026-03-17 15:56:57,112 - root - INFO - [31mstep: 1087  [32mloss:  2.7189  [38;2;180;60;0mgrad_norm:  1.4492  [38;2;54;234;195mmemory: 39.92GiB(50.26%)  [34mtps: 131  [36mtflops: 6.30  [35mmfu: 0.64%[39m
[rank0]:[titan] 2026-03-17 15:57:12,689 - root - INFO - [31mstep: 1088  [32mloss:  2.7864  [38;2;180;60;0mgrad_norm:  1.7863  [38;2;54;234;195mmemory: 39.92GiB(50.26%)  [34mtps: 131  [36mtflops: 6.34  [35mmfu: 0.64%[39m
[rank0]:[titan] 2026-03-17 15:57:27,886 - root - INFO - [31mstep: 1089  [32mloss:  2.7782  [38;2;180;60;0mgrad_norm:  1.6329  [38;2;54;234;195mmemory: 39.92GiB(50.26%)  [34mtps: 135  [36mtflops: 6.50  [35mmfu: 0.66%[39m
[rank0]:[titan] 2026-03-17 15:57:43,202 - root - INFO - [31mstep: 1090  [32mloss:  2.7069  [38;2;180;60;0mgrad_norm:  1.6347  [38;2;54;234;195mmemory: 39.92GiB(50.26%)  [34mtps: 134  [36mtflops: 6.45  [35mmfu: 0.65%[39m
[rank0]:[titan] 2026-03-17 15:57:58,920 - root - INFO - [31mstep: 1091  [32mloss:  2.7277  [38;2;180;60;0mgrad_norm:  1.7204  [38;2;54;234;195mmemory: 39.92GiB(50.26%)  [34mtps: 130  [36mtflops: 6.29  [35mmfu: 0.64%[39m
[rank0]:[titan] 2026-03-17 15:58:14,213 - root - INFO - [31mstep: 1092  [32mloss:  2.7271  [38;2;180;60;0mgrad_norm:  2.3541  [38;2;54;234;195mmemory: 39.92GiB(50.26%)  [34mtps: 134  [36mtflops: 6.46  [35mmfu: 0.65%[39m
[rank0]:[titan] 2026-03-17 15:58:29,465 - root - INFO - [31mstep: 1093  [32mloss:  2.7433  [38;2;180;60;0mgrad_norm:  1.6726  [38;2;54;234;195mmemory: 39.92GiB(50.26%)  [34mtps: 134  [36mtflops: 6.48  [35mmfu: 0.66%[39m
[rank0]:[titan] 2026-03-17 15:58:44,629 - root - INFO - [31mstep: 1094  [32mloss:  2.7610  [38;2;180;60;0mgrad_norm:  1.8507  [38;2;54;234;195mmemory: 39.92GiB(50.26%)  [34mtps: 135  [36mtflops: 6.52  [35mmfu: 0.66%[39m
[rank0]:[titan] 2026-03-17 15:58:59,761 - root - INFO - [31mstep: 1095  [32mloss:  2.7014  [38;2;180;60;0mgrad_norm:  2.2918  [38;2;54;234;195mmemory: 39.92GiB(50.26%)  [34mtps: 135  [36mtflops: 6.53  [35mmfu: 0.66%[39m
[rank0]:[titan] 2026-03-17 15:59:14,874 - root - INFO - [31mstep: 1096  [32mloss:  2.6923  [38;2;180;60;0mgrad_norm:  1.7650  [38;2;54;234;195mmemory: 39.92GiB(50.26%)  [34mtps: 136  [36mtflops: 6.54  [35mmfu: 0.66%[39m
[rank0]:[titan] 2026-03-17 15:59:30,548 - root - INFO - [31mstep: 1097  [32mloss:  2.7106  [38;2;180;60;0mgrad_norm:  1.5680  [38;2;54;234;195mmemory: 39.92GiB(50.26%)  [34mtps: 131  [36mtflops: 6.30  [35mmfu: 0.64%[39m
[rank0]:[titan] 2026-03-17 15:59:46,133 - root - INFO - [31mstep: 1098  [32mloss:  2.7511  [38;2;180;60;0mgrad_norm:  2.0396  [38;2;54;234;195mmemory: 39.92GiB(50.26%)  [34mtps: 131  [36mtflops: 6.34  [35mmfu: 0.64%[39m
[rank0]:[titan] 2026-03-17 16:00:01,346 - root - INFO - [31mstep: 1099  [32mloss:  2.7029  [38;2;180;60;0mgrad_norm:  1.6297  [38;2;54;234;195mmemory: 39.92GiB(50.26%)  [34mtps: 135  [36mtflops: 6.50  [35mmfu: 0.66%[39m
[rank0]:[titan] 2026-03-17 16:00:16,431 - root - INFO - [31mstep: 1100  [32mloss:  2.7168  [38;2;180;60;0mgrad_norm:  1.5915  [38;2;54;234;195mmemory: 39.92GiB(50.26%)  [34mtps: 136  [36mtflops: 6.55  [35mmfu: 0.66%[39m
[rank0]:[titan] 2026-03-17 16:00:31,981 - root - INFO - [31mstep: 1101  [32mloss:  2.7179  [38;2;180;60;0mgrad_norm:  1.3712  [38;2;54;234;195mmemory: 39.92GiB(50.26%)  [34mtps: 132  [36mtflops: 6.36  [35mmfu: 0.64%[39m
[rank0]:[titan] 2026-03-17 16:00:47,797 - root - INFO - [31mstep: 1102  [32mloss:  2.7185  [38;2;180;60;0mgrad_norm:  1.5907  [38;2;54;234;195mmemory: 39.92GiB(50.26%)  [34mtps: 129  [36mtflops: 6.25  [35mmfu: 0.63%[39m
[rank0]:[titan] 2026-03-17 16:01:03,212 - root - INFO - [31mstep: 1103  [32mloss:  2.6677  [38;2;180;60;0mgrad_norm:  1.5177  [38;2;54;234;195mmemory: 39.92GiB(50.26%)  [34mtps: 133  [36mtflops: 6.41  [35mmfu: 0.65%[39m
[rank0]:[titan] 2026-03-17 16:01:19,282 - root - INFO - [31mstep: 1104  [32mloss:  2.7310  [38;2;180;60;0mgrad_norm:  1.5118  [38;2;54;234;195mmemory: 39.92GiB(50.26%)  [34mtps: 127  [36mtflops: 6.15  [35mmfu: 0.62%[39m
[rank0]:[titan] 2026-03-17 16:01:35,143 - root - INFO - [31mstep: 1105  [32mloss:  2.7631  [38;2;180;60;0mgrad_norm:  1.3580  [38;2;54;234;195mmemory: 39.92GiB(50.26%)  [34mtps: 129  [36mtflops: 6.23  [35mmfu: 0.63%[39m
[rank0]:[titan] 2026-03-17 16:01:51,120 - root - INFO - [31mstep: 1106  [32mloss:  2.7049  [38;2;180;60;0mgrad_norm:  1.7439  [38;2;54;234;195mmemory: 39.92GiB(50.26%)  [34mtps: 128  [36mtflops: 6.18  [35mmfu: 0.63%[39m
[rank0]:[titan] 2026-03-17 16:02:06,535 - root - INFO - [31mstep: 1107  [32mloss:  2.7327  [38;2;180;60;0mgrad_norm:  1.9454  [38;2;54;234;195mmemory: 39.92GiB(50.26%)  [34mtps: 133  [36mtflops: 6.41  [35mmfu: 0.65%[39m
[rank0]:[titan] 2026-03-17 16:02:22,235 - root - INFO - [31mstep: 1108  [32mloss:  2.7955  [38;2;180;60;0mgrad_norm:  1.7394  [38;2;54;234;195mmemory: 39.92GiB(50.26%)  [34mtps: 130  [36mtflops: 6.29  [35mmfu: 0.64%[39m
[rank0]:[titan] 2026-03-17 16:02:37,894 - root - INFO - [31mstep: 1109  [32mloss:  2.8562  [38;2;180;60;0mgrad_norm:  2.2599  [38;2;54;234;195mmemory: 39.92GiB(50.26%)  [34mtps: 131  [36mtflops: 6.31  [35mmfu: 0.64%[39m
[rank0]:[titan] 2026-03-17 16:02:53,460 - root - INFO - [31mstep: 1110  [32mloss:  2.7155  [38;2;180;60;0mgrad_norm:  1.2794  [38;2;54;234;195mmemory: 39.92GiB(50.26%)  [34mtps: 132  [36mtflops: 6.35  [35mmfu: 0.64%[39m
[rank0]:[titan] 2026-03-17 16:03:09,192 - root - INFO - [31mstep: 1111  [32mloss:  2.7663  [38;2;180;60;0mgrad_norm:  1.5701  [38;2;54;234;195mmemory: 39.92GiB(50.26%)  [34mtps: 130  [36mtflops: 6.28  [35mmfu: 0.64%[39m
[rank0]:[titan] 2026-03-17 16:03:24,748 - root - INFO - [31mstep: 1112  [32mloss:  2.7543  [38;2;180;60;0mgrad_norm:  1.5471  [38;2;54;234;195mmemory: 39.92GiB(50.26%)  [34mtps: 132  [36mtflops: 6.35  [35mmfu: 0.64%[39m
[rank0]:[titan] 2026-03-17 16:03:40,624 - root - INFO - [31mstep: 1113  [32mloss:  2.7104  [38;2;180;60;0mgrad_norm:  1.5686  [38;2;54;234;195mmemory: 39.92GiB(50.26%)  [34mtps: 129  [36mtflops: 6.22  [35mmfu: 0.63%[39m
[rank0]:[titan] 2026-03-17 16:03:56,490 - root - INFO - [31mstep: 1114  [32mloss:  2.7498  [38;2;180;60;0mgrad_norm:  1.5551  [38;2;54;234;195mmemory: 39.92GiB(50.26%)  [34mtps: 129  [36mtflops: 6.23  [35mmfu: 0.63%[39m
[rank0]:[titan] 2026-03-17 16:04:11,945 - root - INFO - [31mstep: 1115  [32mloss:  2.8400  [38;2;180;60;0mgrad_norm:  1.5068  [38;2;54;234;195mmemory: 39.92GiB(50.26%)  [34mtps: 133  [36mtflops: 6.39  [35mmfu: 0.65%[39m
[rank0]:[titan] 2026-03-17 16:04:28,018 - root - INFO - [31mstep: 1116  [32mloss:  2.6949  [38;2;180;60;0mgrad_norm:  1.5951  [38;2;54;234;195mmemory: 39.92GiB(50.26%)  [34mtps: 127  [36mtflops: 6.15  [35mmfu: 0.62%[39m
[rank0]:[titan] 2026-03-17 16:04:43,918 - root - INFO - [31mstep: 1117  [32mloss:  2.7001  [38;2;180;60;0mgrad_norm:  1.9245  [38;2;54;234;195mmemory: 39.92GiB(50.26%)  [34mtps: 129  [36mtflops: 6.22  [35mmfu: 0.63%[39m
[rank0]:[titan] 2026-03-17 16:04:59,413 - root - INFO - [31mstep: 1118  [32mloss:  2.7400  [38;2;180;60;0mgrad_norm:  1.5279  [38;2;54;234;195mmemory: 39.92GiB(50.26%)  [34mtps: 132  [36mtflops: 6.38  [35mmfu: 0.64%[39m
[rank0]:[titan] 2026-03-17 16:05:14,907 - root - INFO - [31mstep: 1119  [32mloss:  2.8554  [38;2;180;60;0mgrad_norm:  1.5942  [38;2;54;234;195mmemory: 39.92GiB(50.26%)  [34mtps: 132  [36mtflops: 6.38  [35mmfu: 0.64%[39m
[rank0]:[titan] 2026-03-17 16:05:30,510 - root - INFO - [31mstep: 1120  [32mloss:  2.7425  [38;2;180;60;0mgrad_norm:  2.0508  [38;2;54;234;195mmemory: 39.92GiB(50.26%)  [34mtps: 131  [36mtflops: 6.33  [35mmfu: 0.64%[39m
[rank0]:[titan] 2026-03-17 16:05:46,009 - root - INFO - [31mstep: 1121  [32mloss:  2.7927  [38;2;180;60;0mgrad_norm:  1.5060  [38;2;54;234;195mmemory: 39.92GiB(50.26%)  [34mtps: 132  [36mtflops: 6.38  [35mmfu: 0.64%[39m
[rank0]:[titan] 2026-03-17 16:06:01,942 - root - INFO - [31mstep: 1122  [32mloss:  2.7370  [38;2;180;60;0mgrad_norm:  1.5105  [38;2;54;234;195mmemory: 39.92GiB(50.26%)  [34mtps: 129  [36mtflops: 6.20  [35mmfu: 0.63%[39m
[rank0]:[titan] 2026-03-17 16:06:17,463 - root - INFO - [31mstep: 1123  [32mloss:  2.7454  [38;2;180;60;0mgrad_norm:  1.5536  [38;2;54;234;195mmemory: 39.92GiB(50.26%)  [34mtps: 132  [36mtflops: 6.37  [35mmfu: 0.64%[39m
[rank0]:[titan] 2026-03-17 16:06:33,067 - root - INFO - [31mstep: 1124  [32mloss:  2.7201  [38;2;180;60;0mgrad_norm:  1.5969  [38;2;54;234;195mmemory: 39.92GiB(50.26%)  [34mtps: 131  [36mtflops: 6.33  [35mmfu: 0.64%[39m
[rank0]:[titan] 2026-03-17 16:06:48,497 - root - INFO - [31mstep: 1125  [32mloss:  2.7533  [38;2;180;60;0mgrad_norm:  1.4965  [38;2;54;234;195mmemory: 39.92GiB(50.26%)  [34mtps: 133  [36mtflops: 6.40  [35mmfu: 0.65%[39m
[rank0]:[titan] 2026-03-17 16:07:03,825 - root - INFO - [31mstep: 1126  [32mloss:  2.7423  [38;2;180;60;0mgrad_norm:  1.3326  [38;2;54;234;195mmemory: 39.92GiB(50.26%)  [34mtps: 134  [36mtflops: 6.45  [35mmfu: 0.65%[39m
[rank0]:[titan] 2026-03-17 16:07:19,181 - root - INFO - [31mstep: 1127  [32mloss:  2.7291  [38;2;180;60;0mgrad_norm:  2.0863  [38;2;54;234;195mmemory: 39.92GiB(50.26%)  [34mtps: 133  [36mtflops: 6.44  [35mmfu: 0.65%[39m
[rank0]:[titan] 2026-03-17 16:07:34,634 - root - INFO - [31mstep: 1128  [32mloss:  2.8703  [38;2;180;60;0mgrad_norm:  1.7780  [38;2;54;234;195mmemory: 39.92GiB(50.26%)  [34mtps: 133  [36mtflops: 6.39  [35mmfu: 0.65%[39m
[rank0]:[titan] 2026-03-17 16:07:50,574 - root - INFO - [31mstep: 1129  [32mloss:  2.9040  [38;2;180;60;0mgrad_norm:  1.5307  [38;2;54;234;195mmemory: 39.92GiB(50.26%)  [34mtps: 128  [36mtflops: 6.20  [35mmfu: 0.63%[39m
[rank0]:[titan] 2026-03-17 16:08:05,704 - root - INFO - [31mstep: 1130  [32mloss:  2.7973  [38;2;180;60;0mgrad_norm:  2.0347  [38;2;54;234;195mmemory: 39.92GiB(50.26%)  [34mtps: 135  [36mtflops: 6.53  [35mmfu: 0.66%[39m
[rank0]:[titan] 2026-03-17 16:08:21,191 - root - INFO - [31mstep: 1131  [32mloss:  2.8082  [38;2;180;60;0mgrad_norm:  2.1381  [38;2;54;234;195mmemory: 39.92GiB(50.26%)  [34mtps: 132  [36mtflops: 6.38  [35mmfu: 0.65%[39m
[rank0]:[titan] 2026-03-17 16:08:36,649 - root - INFO - [31mstep: 1132  [32mloss:  2.8005  [38;2;180;60;0mgrad_norm:  1.5326  [38;2;54;234;195mmemory: 39.92GiB(50.26%)  [34mtps: 132  [36mtflops: 6.39  [35mmfu: 0.65%[39m
[rank0]:[titan] 2026-03-17 16:08:51,907 - root - INFO - [31mstep: 1133  [32mloss:  2.7986  [38;2;180;60;0mgrad_norm:  1.8364  [38;2;54;234;195mmemory: 39.92GiB(50.26%)  [34mtps: 134  [36mtflops: 6.48  [35mmfu: 0.65%[39m
[rank0]:[titan] 2026-03-17 16:09:07,199 - root - INFO - [31mstep: 1134  [32mloss:  2.7386  [38;2;180;60;0mgrad_norm:  1.9162  [38;2;54;234;195mmemory: 39.92GiB(50.26%)  [34mtps: 134  [36mtflops: 6.46  [35mmfu: 0.65%[39m
[rank0]:[titan] 2026-03-17 16:09:22,304 - root - INFO - [31mstep: 1135  [32mloss:  2.7059  [38;2;180;60;0mgrad_norm:  1.7689  [38;2;54;234;195mmemory: 39.92GiB(50.26%)  [34mtps: 136  [36mtflops: 6.54  [35mmfu: 0.66%[39m
[rank0]:[titan] 2026-03-17 16:09:37,769 - root - INFO - [31mstep: 1136  [32mloss:  2.7655  [38;2;180;60;0mgrad_norm:  1.7485  [38;2;54;234;195mmemory: 39.92GiB(50.26%)  [34mtps: 132  [36mtflops: 6.39  [35mmfu: 0.65%[39m
[rank0]:[titan] 2026-03-17 16:09:53,291 - root - INFO - [31mstep: 1137  [32mloss:  2.7409  [38;2;180;60;0mgrad_norm:  2.1273  [38;2;54;234;195mmemory: 39.92GiB(50.26%)  [34mtps: 132  [36mtflops: 6.37  [35mmfu: 0.64%[39m
[rank0]:[titan] 2026-03-17 16:10:09,161 - root - INFO - [31mstep: 1138  [32mloss:  2.7742  [38;2;180;60;0mgrad_norm:  1.9889  [38;2;54;234;195mmemory: 39.92GiB(50.26%)  [34mtps: 129  [36mtflops: 6.23  [35mmfu: 0.63%[39m
[rank0]:[titan] 2026-03-17 16:10:24,690 - root - INFO - [31mstep: 1139  [32mloss:  2.7679  [38;2;180;60;0mgrad_norm:  1.4436  [38;2;54;234;195mmemory: 39.92GiB(50.26%)  [34mtps: 132  [36mtflops: 6.36  [35mmfu: 0.64%[39m
[rank0]:[titan] 2026-03-17 16:10:39,834 - root - INFO - [31mstep: 1140  [32mloss:  2.7570  [38;2;180;60;0mgrad_norm:  1.8280  [38;2;54;234;195mmemory: 39.92GiB(50.26%)  [34mtps: 135  [36mtflops: 6.53  [35mmfu: 0.66%[39m
[rank0]:[titan] 2026-03-17 16:10:55,223 - root - INFO - [31mstep: 1141  [32mloss:  2.7272  [38;2;180;60;0mgrad_norm:  2.0247  [38;2;54;234;195mmemory: 39.92GiB(50.26%)  [34mtps: 133  [36mtflops: 6.42  [35mmfu: 0.65%[39m
[rank0]:[titan] 2026-03-17 16:11:10,854 - root - INFO - [31mstep: 1142  [32mloss:  2.7061  [38;2;180;60;0mgrad_norm:  1.5674  [38;2;54;234;195mmemory: 39.92GiB(50.26%)  [34mtps: 131  [36mtflops: 6.32  [35mmfu: 0.64%[39m
[rank0]:[titan] 2026-03-17 16:11:26,385 - root - INFO - [31mstep: 1143  [32mloss:  2.7065  [38;2;180;60;0mgrad_norm:  1.9787  [38;2;54;234;195mmemory: 39.92GiB(50.26%)  [34mtps: 132  [36mtflops: 6.36  [35mmfu: 0.64%[39m
[rank0]:[titan] 2026-03-17 16:11:42,134 - root - INFO - [31mstep: 1144  [32mloss:  2.7233  [38;2;180;60;0mgrad_norm:  1.9943  [38;2;54;234;195mmemory: 39.92GiB(50.26%)  [34mtps: 130  [36mtflops: 6.28  [35mmfu: 0.63%[39m
[rank0]:[titan] 2026-03-17 16:11:57,824 - root - INFO - [31mstep: 1145  [32mloss:  2.7698  [38;2;180;60;0mgrad_norm:  1.5884  [38;2;54;234;195mmemory: 39.92GiB(50.26%)  [34mtps: 131  [36mtflops: 6.30  [35mmfu: 0.64%[39m
[rank0]:[titan] 2026-03-17 16:12:13,950 - root - INFO - [31mstep: 1146  [32mloss:  2.7469  [38;2;180;60;0mgrad_norm:  1.5755  [38;2;54;234;195mmemory: 39.92GiB(50.26%)  [34mtps: 127  [36mtflops: 6.13  [35mmfu: 0.62%[39m
[rank0]:[titan] 2026-03-17 16:12:29,700 - root - INFO - [31mstep: 1147  [32mloss:  2.7338  [38;2;180;60;0mgrad_norm:  2.4420  [38;2;54;234;195mmemory: 39.92GiB(50.26%)  [34mtps: 130  [36mtflops: 6.27  [35mmfu: 0.63%[39m
[rank0]:[titan] 2026-03-17 16:12:45,205 - root - INFO - [31mstep: 1148  [32mloss:  2.7204  [38;2;180;60;0mgrad_norm:  1.8618  [38;2;54;234;195mmemory: 39.92GiB(50.26%)  [34mtps: 132  [36mtflops: 6.37  [35mmfu: 0.64%[39m
[rank0]:[titan] 2026-03-17 16:13:00,631 - root - INFO - [31mstep: 1149  [32mloss:  2.7091  [38;2;180;60;0mgrad_norm:  1.2464  [38;2;54;234;195mmemory: 39.92GiB(50.26%)  [34mtps: 133  [36mtflops: 6.41  [35mmfu: 0.65%[39m
[rank0]:[titan] 2026-03-17 16:13:16,061 - root - INFO - [31mstep: 1150  [32mloss:  2.7206  [38;2;180;60;0mgrad_norm:  1.8604  [38;2;54;234;195mmemory: 39.92GiB(50.26%)  [34mtps: 133  [36mtflops: 6.40  [35mmfu: 0.65%[39m
[rank0]:[titan] 2026-03-17 16:13:31,437 - root - INFO - [31mstep: 1151  [32mloss:  2.7167  [38;2;180;60;0mgrad_norm:  1.7261  [38;2;54;234;195mmemory: 39.92GiB(50.26%)  [34mtps: 133  [36mtflops: 6.43  [35mmfu: 0.65%[39m
[rank0]:[titan] 2026-03-17 16:13:46,721 - root - INFO - [31mstep: 1152  [32mloss:  2.6967  [38;2;180;60;0mgrad_norm:  2.2289  [38;2;54;234;195mmemory: 39.92GiB(50.26%)  [34mtps: 134  [36mtflops: 6.47  [35mmfu: 0.65%[39m
[rank0]:[titan] 2026-03-17 16:14:02,100 - root - INFO - [31mstep: 1153  [32mloss:  2.7137  [38;2;180;60;0mgrad_norm:  1.7005  [38;2;54;234;195mmemory: 39.92GiB(50.26%)  [34mtps: 133  [36mtflops: 6.43  [35mmfu: 0.65%[39m
[rank0]:[titan] 2026-03-17 16:14:17,318 - root - INFO - [31mstep: 1154  [32mloss:  2.6980  [38;2;180;60;0mgrad_norm:  2.3266  [38;2;54;234;195mmemory: 39.92GiB(50.26%)  [34mtps: 135  [36mtflops: 6.49  [35mmfu: 0.66%[39m
[rank0]:[titan] 2026-03-17 16:14:32,606 - root - INFO - [31mstep: 1155  [32mloss:  2.6986  [38;2;180;60;0mgrad_norm:  1.8245  [38;2;54;234;195mmemory: 39.92GiB(50.26%)  [34mtps: 134  [36mtflops: 6.46  [35mmfu: 0.65%[39m
[rank0]:[titan] 2026-03-17 16:14:48,239 - root - INFO - [31mstep: 1156  [32mloss:  2.7342  [38;2;180;60;0mgrad_norm:  2.6512  [38;2;54;234;195mmemory: 39.92GiB(50.26%)  [34mtps: 131  [36mtflops: 6.32  [35mmfu: 0.64%[39m
[rank0]:[titan] 2026-03-17 16:15:03,111 - root - INFO - [31mstep: 1157  [32mloss:  2.7890  [38;2;180;60;0mgrad_norm:  2.7079  [38;2;54;234;195mmemory: 39.92GiB(50.26%)  [34mtps: 138  [36mtflops: 6.64  [35mmfu: 0.67%[39m
[rank0]:[titan] 2026-03-17 16:15:18,527 - root - INFO - [31mstep: 1158  [32mloss:  2.7808  [38;2;180;60;0mgrad_norm:  2.0844  [38;2;54;234;195mmemory: 39.92GiB(50.26%)  [34mtps: 133  [36mtflops: 6.41  [35mmfu: 0.65%[39m
[rank0]:[titan] 2026-03-17 16:15:34,098 - root - INFO - [31mstep: 1159  [32mloss:  2.7571  [38;2;180;60;0mgrad_norm:  2.0945  [38;2;54;234;195mmemory: 39.92GiB(50.26%)  [34mtps: 132  [36mtflops: 6.35  [35mmfu: 0.64%[39m
[rank0]:[titan] 2026-03-17 16:15:49,435 - root - INFO - [31mstep: 1160  [32mloss:  2.7097  [38;2;180;60;0mgrad_norm:  2.3763  [38;2;54;234;195mmemory: 39.92GiB(50.26%)  [34mtps: 134  [36mtflops: 6.44  [35mmfu: 0.65%[39m
[rank0]:[titan] 2026-03-17 16:16:05,015 - root - INFO - [31mstep: 1161  [32mloss:  2.7129  [38;2;180;60;0mgrad_norm:  2.2635  [38;2;54;234;195mmemory: 39.92GiB(50.26%)  [34mtps: 131  [36mtflops: 6.34  [35mmfu: 0.64%[39m
[rank0]:[titan] 2026-03-17 16:16:20,797 - root - INFO - [31mstep: 1162  [32mloss:  2.7036  [38;2;180;60;0mgrad_norm:  2.1342  [38;2;54;234;195mmemory: 39.92GiB(50.26%)  [34mtps: 130  [36mtflops: 6.26  [35mmfu: 0.63%[39m
[rank0]:[titan] 2026-03-17 16:16:36,304 - root - INFO - [31mstep: 1163  [32mloss:  2.7270  [38;2;180;60;0mgrad_norm:  2.1949  [38;2;54;234;195mmemory: 39.92GiB(50.26%)  [34mtps: 132  [36mtflops: 6.37  [35mmfu: 0.64%[39m
[rank0]:[titan] 2026-03-17 16:16:51,691 - root - INFO - [31mstep: 1164  [32mloss:  2.6945  [38;2;180;60;0mgrad_norm:  1.7540  [38;2;54;234;195mmemory: 39.92GiB(50.26%)  [34mtps: 133  [36mtflops: 6.42  [35mmfu: 0.65%[39m
[rank0]:[titan] 2026-03-17 16:17:07,305 - root - INFO - [31mstep: 1165  [32mloss:  2.7425  [38;2;180;60;0mgrad_norm:  1.7584  [38;2;54;234;195mmemory: 39.92GiB(50.26%)  [34mtps: 131  [36mtflops: 6.33  [35mmfu: 0.64%[39m
[rank0]:[titan] 2026-03-17 16:17:22,547 - root - INFO - [31mstep: 1166  [32mloss:  2.7161  [38;2;180;60;0mgrad_norm:  1.2345  [38;2;54;234;195mmemory: 39.92GiB(50.26%)  [34mtps: 134  [36mtflops: 6.48  [35mmfu: 0.66%[39m
[rank0]:[titan] 2026-03-17 16:17:37,597 - root - INFO - [31mstep: 1167  [32mloss:  2.7408  [38;2;180;60;0mgrad_norm:  1.4576  [38;2;54;234;195mmemory: 39.92GiB(50.26%)  [34mtps: 136  [36mtflops: 6.57  [35mmfu: 0.66%[39m
[rank0]:[titan] 2026-03-17 16:17:53,269 - root - INFO - [31mstep: 1168  [32mloss:  2.7235  [38;2;180;60;0mgrad_norm:  1.7554  [38;2;54;234;195mmemory: 39.92GiB(50.26%)  [34mtps: 131  [36mtflops: 6.31  [35mmfu: 0.64%[39m
[rank0]:[titan] 2026-03-17 16:18:09,325 - root - INFO - [31mstep: 1169  [32mloss:  2.7431  [38;2;180;60;0mgrad_norm:  1.4147  [38;2;54;234;195mmemory: 39.92GiB(50.26%)  [34mtps: 128  [36mtflops: 6.16  [35mmfu: 0.62%[39m
[rank0]:[titan] 2026-03-17 16:18:24,388 - root - INFO - [31mstep: 1170  [32mloss:  2.7017  [38;2;180;60;0mgrad_norm:  1.5438  [38;2;54;234;195mmemory: 39.92GiB(50.26%)  [34mtps: 136  [36mtflops: 6.56  [35mmfu: 0.66%[39m
[rank0]:[titan] 2026-03-17 16:18:39,691 - root - INFO - [31mstep: 1171  [32mloss:  2.6969  [38;2;180;60;0mgrad_norm:  1.4463  [38;2;54;234;195mmemory: 39.92GiB(50.26%)  [34mtps: 134  [36mtflops: 6.46  [35mmfu: 0.65%[39m
[rank0]:[titan] 2026-03-17 16:18:55,198 - root - INFO - [31mstep: 1172  [32mloss:  2.6633  [38;2;180;60;0mgrad_norm:  1.2320  [38;2;54;234;195mmemory: 39.92GiB(50.26%)  [34mtps: 132  [36mtflops: 6.37  [35mmfu: 0.64%[39m
[rank0]:[titan] 2026-03-17 16:19:10,758 - root - INFO - [31mstep: 1173  [32mloss:  2.7624  [38;2;180;60;0mgrad_norm:  1.6264  [38;2;54;234;195mmemory: 39.92GiB(50.26%)  [34mtps: 132  [36mtflops: 6.35  [35mmfu: 0.64%[39m
[rank0]:[titan] 2026-03-17 16:19:26,620 - root - INFO - [31mstep: 1174  [32mloss:  2.8107  [38;2;180;60;0mgrad_norm:  1.4378  [38;2;54;234;195mmemory: 39.92GiB(50.26%)  [34mtps: 129  [36mtflops: 6.23  [35mmfu: 0.63%[39m
[rank0]:[titan] 2026-03-17 16:19:42,396 - root - INFO - [31mstep: 1175  [32mloss:  2.7718  [38;2;180;60;0mgrad_norm:  1.0347  [38;2;54;234;195mmemory: 39.92GiB(50.26%)  [34mtps: 130  [36mtflops: 6.26  [35mmfu: 0.63%[39m
[rank0]:[titan] 2026-03-17 16:19:57,650 - root - INFO - [31mstep: 1176  [32mloss:  2.6642  [38;2;180;60;0mgrad_norm:  1.3438  [38;2;54;234;195mmemory: 39.92GiB(50.26%)  [34mtps: 134  [36mtflops: 6.48  [35mmfu: 0.66%[39m
[rank0]:[titan] 2026-03-17 16:20:12,990 - root - INFO - [31mstep: 1177  [32mloss:  2.7188  [38;2;180;60;0mgrad_norm:  1.4135  [38;2;54;234;195mmemory: 39.92GiB(50.26%)  [34mtps: 134  [36mtflops: 6.44  [35mmfu: 0.65%[39m
[rank0]:[titan] 2026-03-17 16:20:28,422 - root - INFO - [31mstep: 1178  [32mloss:  2.7572  [38;2;180;60;0mgrad_norm:  1.3789  [38;2;54;234;195mmemory: 39.92GiB(50.26%)  [34mtps: 133  [36mtflops: 6.40  [35mmfu: 0.65%[39m
[rank0]:[titan] 2026-03-17 16:20:43,598 - root - INFO - [31mstep: 1179  [32mloss:  2.7418  [38;2;180;60;0mgrad_norm:  1.4090  [38;2;54;234;195mmemory: 39.92GiB(50.26%)  [34mtps: 135  [36mtflops: 6.51  [35mmfu: 0.66%[39m
[rank0]:[titan] 2026-03-17 16:20:59,424 - root - INFO - [31mstep: 1180  [32mloss:  2.7260  [38;2;180;60;0mgrad_norm:  2.0243  [38;2;54;234;195mmemory: 39.92GiB(50.26%)  [34mtps: 129  [36mtflops: 6.24  [35mmfu: 0.63%[39m
[rank0]:[titan] 2026-03-17 16:21:14,745 - root - INFO - [31mstep: 1181  [32mloss:  2.7222  [38;2;180;60;0mgrad_norm:  2.1383  [38;2;54;234;195mmemory: 39.92GiB(50.26%)  [34mtps: 134  [36mtflops: 6.45  [35mmfu: 0.65%[39m
[rank0]:[titan] 2026-03-17 16:21:30,014 - root - INFO - [31mstep: 1182  [32mloss:  2.7796  [38;2;180;60;0mgrad_norm:  1.8794  [38;2;54;234;195mmemory: 39.92GiB(50.26%)  [34mtps: 134  [36mtflops: 6.47  [35mmfu: 0.65%[39m
[rank0]:[titan] 2026-03-17 16:21:45,503 - root - INFO - [31mstep: 1183  [32mloss:  2.7649  [38;2;180;60;0mgrad_norm:  1.9829  [38;2;54;234;195mmemory: 39.92GiB(50.26%)  [34mtps: 132  [36mtflops: 6.38  [35mmfu: 0.65%[39m
[rank0]:[titan] 2026-03-17 16:22:01,010 - root - INFO - [31mstep: 1184  [32mloss:  2.8205  [38;2;180;60;0mgrad_norm:  1.9966  [38;2;54;234;195mmemory: 39.92GiB(50.26%)  [34mtps: 132  [36mtflops: 6.37  [35mmfu: 0.64%[39m
[rank0]:[titan] 2026-03-17 16:22:16,517 - root - INFO - [31mstep: 1185  [32mloss:  2.7351  [38;2;180;60;0mgrad_norm:  1.6922  [38;2;54;234;195mmemory: 39.92GiB(50.26%)  [34mtps: 132  [36mtflops: 6.37  [35mmfu: 0.64%[39m
[rank0]:[titan] 2026-03-17 16:22:31,883 - root - INFO - [31mstep: 1186  [32mloss:  2.7383  [38;2;180;60;0mgrad_norm:  1.7782  [38;2;54;234;195mmemory: 39.92GiB(50.26%)  [34mtps: 133  [36mtflops: 6.43  [35mmfu: 0.65%[39m
[rank0]:[titan] 2026-03-17 16:22:47,459 - root - INFO - [31mstep: 1187  [32mloss:  2.7472  [38;2;180;60;0mgrad_norm:  1.7832  [38;2;54;234;195mmemory: 39.92GiB(50.26%)  [34mtps: 131  [36mtflops: 6.34  [35mmfu: 0.64%[39m
[rank0]:[titan] 2026-03-17 16:23:03,528 - root - INFO - [31mstep: 1188  [32mloss:  2.7389  [38;2;180;60;0mgrad_norm:  1.2413  [38;2;54;234;195mmemory: 39.92GiB(50.26%)  [34mtps: 127  [36mtflops: 6.15  [35mmfu: 0.62%[39m
[rank0]:[titan] 2026-03-17 16:23:19,346 - root - INFO - [31mstep: 1189  [32mloss:  2.7551  [38;2;180;60;0mgrad_norm:  1.8749  [38;2;54;234;195mmemory: 39.92GiB(50.26%)  [34mtps: 129  [36mtflops: 6.25  [35mmfu: 0.63%[39m
[rank0]:[titan] 2026-03-17 16:23:35,176 - root - INFO - [31mstep: 1190  [32mloss:  2.7216  [38;2;180;60;0mgrad_norm:  1.9150  [38;2;54;234;195mmemory: 39.92GiB(50.26%)  [34mtps: 129  [36mtflops: 6.24  [35mmfu: 0.63%[39m
[rank0]:[titan] 2026-03-17 16:23:51,176 - root - INFO - [31mstep: 1191  [32mloss:  2.7775  [38;2;180;60;0mgrad_norm:  1.3374  [38;2;54;234;195mmemory: 39.92GiB(50.26%)  [34mtps: 128  [36mtflops: 6.18  [35mmfu: 0.62%[39m
[rank0]:[titan] 2026-03-17 16:24:07,147 - root - INFO - [31mstep: 1192  [32mloss:  2.7754  [38;2;180;60;0mgrad_norm:  1.7225  [38;2;54;234;195mmemory: 39.92GiB(50.26%)  [34mtps: 128  [36mtflops: 6.19  [35mmfu: 0.63%[39m
[rank0]:[titan] 2026-03-17 16:24:22,505 - root - INFO - [31mstep: 1193  [32mloss:  2.7265  [38;2;180;60;0mgrad_norm:  1.8491  [38;2;54;234;195mmemory: 39.92GiB(50.26%)  [34mtps: 133  [36mtflops: 6.43  [35mmfu: 0.65%[39m
[rank0]:[titan] 2026-03-17 16:24:37,638 - root - INFO - [31mstep: 1194  [32mloss:  2.7086  [38;2;180;60;0mgrad_norm:  1.2635  [38;2;54;234;195mmemory: 39.92GiB(50.26%)  [34mtps: 135  [36mtflops: 6.53  [35mmfu: 0.66%[39m
[rank0]:[titan] 2026-03-17 16:24:52,810 - root - INFO - [31mstep: 1195  [32mloss:  2.6867  [38;2;180;60;0mgrad_norm:  1.6227  [38;2;54;234;195mmemory: 39.92GiB(50.26%)  [34mtps: 135  [36mtflops: 6.51  [35mmfu: 0.66%[39m
[rank0]:[titan] 2026-03-17 16:25:08,025 - root - INFO - [31mstep: 1196  [32mloss:  2.7089  [38;2;180;60;0mgrad_norm:  9.4782  [38;2;54;234;195mmemory: 39.92GiB(50.26%)  [34mtps: 135  [36mtflops: 6.49  [35mmfu: 0.66%[39m
[rank0]:[titan] 2026-03-17 16:25:23,591 - root - INFO - [31mstep: 1197  [32mloss:  2.7436  [38;2;180;60;0mgrad_norm:  2.4270  [38;2;54;234;195mmemory: 39.92GiB(50.26%)  [34mtps: 132  [36mtflops: 6.35  [35mmfu: 0.64%[39m
[rank0]:[titan] 2026-03-17 16:25:38,846 - root - INFO - [31mstep: 1198  [32mloss:  2.7081  [38;2;180;60;0mgrad_norm:  1.5815  [38;2;54;234;195mmemory: 39.92GiB(50.26%)  [34mtps: 134  [36mtflops: 6.48  [35mmfu: 0.66%[39m
[rank0]:[titan] 2026-03-17 16:25:54,455 - root - INFO - [31mstep: 1199  [32mloss:  2.6825  [38;2;180;60;0mgrad_norm:  1.5220  [38;2;54;234;195mmemory: 39.92GiB(50.26%)  [34mtps: 131  [36mtflops: 6.33  [35mmfu: 0.64%[39m
[rank0]:[titan] 2026-03-17 16:26:09,843 - root - INFO - [31mstep: 1200  [32mloss:  2.8069  [38;2;180;60;0mgrad_norm:  1.7917  [38;2;54;234;195mmemory: 39.92GiB(50.26%)  [34mtps: 133  [36mtflops: 6.42  [35mmfu: 0.65%[39m
[rank0]:[titan] 2026-03-17 16:26:25,699 - root - INFO - [31mstep: 1201  [32mloss:  2.8392  [38;2;180;60;0mgrad_norm:  2.0339  [38;2;54;234;195mmemory: 39.92GiB(50.26%)  [34mtps: 129  [36mtflops: 6.23  [35mmfu: 0.63%[39m
[rank0]:[titan] 2026-03-17 16:26:41,858 - root - INFO - [31mstep: 1202  [32mloss:  2.8128  [38;2;180;60;0mgrad_norm:  1.8312  [38;2;54;234;195mmemory: 39.92GiB(50.26%)  [34mtps: 127  [36mtflops: 6.12  [35mmfu: 0.62%[39m
[rank0]:[titan] 2026-03-17 16:26:58,040 - root - INFO - [31mstep: 1203  [32mloss:  2.7449  [38;2;180;60;0mgrad_norm:  1.8470  [38;2;54;234;195mmemory: 39.92GiB(50.26%)  [34mtps: 127  [36mtflops: 6.11  [35mmfu: 0.62%[39m
[rank0]:[titan] 2026-03-17 16:27:13,756 - root - INFO - [31mstep: 1204  [32mloss:  2.7789  [38;2;180;60;0mgrad_norm:  1.7962  [38;2;54;234;195mmemory: 39.92GiB(50.26%)  [34mtps: 130  [36mtflops: 6.29  [35mmfu: 0.64%[39m
[rank0]:[titan] 2026-03-17 16:27:29,449 - root - INFO - [31mstep: 1205  [32mloss:  2.7494  [38;2;180;60;0mgrad_norm:  1.9061  [38;2;54;234;195mmemory: 39.92GiB(50.26%)  [34mtps: 131  [36mtflops: 6.30  [35mmfu: 0.64%[39m
[rank0]:[titan] 2026-03-17 16:27:45,507 - root - INFO - [31mstep: 1206  [32mloss:  2.8512  [38;2;180;60;0mgrad_norm:  2.0144  [38;2;54;234;195mmemory: 39.92GiB(50.26%)  [34mtps: 128  [36mtflops: 6.15  [35mmfu: 0.62%[39m
[rank0]:[titan] 2026-03-17 16:28:01,590 - root - INFO - [31mstep: 1207  [32mloss:  2.7746  [38;2;180;60;0mgrad_norm:  2.0525  [38;2;54;234;195mmemory: 39.92GiB(50.26%)  [34mtps: 127  [36mtflops: 6.14  [35mmfu: 0.62%[39m
[rank0]:[titan] 2026-03-17 16:28:16,774 - root - INFO - [31mstep: 1208  [32mloss:  2.7488  [38;2;180;60;0mgrad_norm:  2.1226  [38;2;54;234;195mmemory: 39.92GiB(50.26%)  [34mtps: 135  [36mtflops: 6.51  [35mmfu: 0.66%[39m
[rank0]:[titan] 2026-03-17 16:28:32,329 - root - INFO - [31mstep: 1209  [32mloss:  2.7270  [38;2;180;60;0mgrad_norm:  1.3411  [38;2;54;234;195mmemory: 39.92GiB(50.26%)  [34mtps: 132  [36mtflops: 6.35  [35mmfu: 0.64%[39m
[rank0]:[titan] 2026-03-17 16:28:48,096 - root - INFO - [31mstep: 1210  [32mloss:  2.7151  [38;2;180;60;0mgrad_norm:  1.4503  [38;2;54;234;195mmemory: 39.92GiB(50.26%)  [34mtps: 130  [36mtflops: 6.27  [35mmfu: 0.63%[39m
[rank0]:[titan] 2026-03-17 16:29:03,421 - root - INFO - [31mstep: 1211  [32mloss:  2.7112  [38;2;180;60;0mgrad_norm:  1.5435  [38;2;54;234;195mmemory: 39.92GiB(50.26%)  [34mtps: 134  [36mtflops: 6.45  [35mmfu: 0.65%[39m
[rank0]:[titan] 2026-03-17 16:29:18,798 - root - INFO - [31mstep: 1212  [32mloss:  2.7195  [38;2;180;60;0mgrad_norm:  1.6308  [38;2;54;234;195mmemory: 39.92GiB(50.26%)  [34mtps: 133  [36mtflops: 6.43  [35mmfu: 0.65%[39m
[rank0]:[titan] 2026-03-17 16:29:34,859 - root - INFO - [31mstep: 1213  [32mloss:  2.7100  [38;2;180;60;0mgrad_norm:  1.8071  [38;2;54;234;195mmemory: 39.92GiB(50.26%)  [34mtps: 128  [36mtflops: 6.15  [35mmfu: 0.62%[39m
[rank0]:[titan] 2026-03-17 16:29:50,719 - root - INFO - [31mstep: 1214  [32mloss:  2.7966  [38;2;180;60;0mgrad_norm:  1.6380  [38;2;54;234;195mmemory: 39.92GiB(50.26%)  [34mtps: 129  [36mtflops: 6.23  [35mmfu: 0.63%[39m
[rank0]:[titan] 2026-03-17 16:30:06,343 - root - INFO - [31mstep: 1215  [32mloss:  2.7666  [38;2;180;60;0mgrad_norm:  2.0426  [38;2;54;234;195mmemory: 39.92GiB(50.26%)  [34mtps: 131  [36mtflops: 6.32  [35mmfu: 0.64%[39m
[rank0]:[titan] 2026-03-17 16:30:22,334 - root - INFO - [31mstep: 1216  [32mloss:  2.7579  [38;2;180;60;0mgrad_norm:  1.3943  [38;2;54;234;195mmemory: 39.92GiB(50.26%)  [34mtps: 128  [36mtflops: 6.18  [35mmfu: 0.62%[39m
[rank0]:[titan] 2026-03-17 16:30:37,734 - root - INFO - [31mstep: 1217  [32mloss:  2.7378  [38;2;180;60;0mgrad_norm:  1.6043  [38;2;54;234;195mmemory: 39.92GiB(50.26%)  [34mtps: 133  [36mtflops: 6.42  [35mmfu: 0.65%[39m
[rank0]:[titan] 2026-03-17 16:30:53,352 - root - INFO - [31mstep: 1218  [32mloss:  2.7225  [38;2;180;60;0mgrad_norm:  1.7136  [38;2;54;234;195mmemory: 39.92GiB(50.26%)  [34mtps: 131  [36mtflops: 6.33  [35mmfu: 0.64%[39m
[rank0]:[titan] 2026-03-17 16:31:08,651 - root - INFO - [31mstep: 1219  [32mloss:  2.7188  [38;2;180;60;0mgrad_norm:  1.7354  [38;2;54;234;195mmemory: 39.92GiB(50.26%)  [34mtps: 134  [36mtflops: 6.46  [35mmfu: 0.65%[39m
[rank0]:[titan] 2026-03-17 16:31:24,013 - root - INFO - [31mstep: 1220  [32mloss:  2.7124  [38;2;180;60;0mgrad_norm:  1.8863  [38;2;54;234;195mmemory: 39.92GiB(50.26%)  [34mtps: 133  [36mtflops: 6.43  [35mmfu: 0.65%[39m
[rank0]:[titan] 2026-03-17 16:31:39,553 - root - INFO - [31mstep: 1221  [32mloss:  2.8655  [38;2;180;60;0mgrad_norm:  1.9064  [38;2;54;234;195mmemory: 39.92GiB(50.26%)  [34mtps: 132  [36mtflops: 6.36  [35mmfu: 0.64%[39m
[rank0]:[titan] 2026-03-17 16:31:55,257 - root - INFO - [31mstep: 1222  [32mloss:  2.7870  [38;2;180;60;0mgrad_norm:  1.7043  [38;2;54;234;195mmemory: 39.92GiB(50.26%)  [34mtps: 130  [36mtflops: 6.29  [35mmfu: 0.64%[39m
[rank0]:[titan] 2026-03-17 16:32:11,014 - root - INFO - [31mstep: 1223  [32mloss:  2.7155  [38;2;180;60;0mgrad_norm:  2.0572  [38;2;54;234;195mmemory: 39.92GiB(50.26%)  [34mtps: 130  [36mtflops: 6.27  [35mmfu: 0.63%[39m
[rank0]:[titan] 2026-03-17 16:32:27,000 - root - INFO - [31mstep: 1224  [32mloss:  2.6842  [38;2;180;60;0mgrad_norm:  2.1308  [38;2;54;234;195mmemory: 39.92GiB(50.26%)  [34mtps: 128  [36mtflops: 6.18  [35mmfu: 0.63%[39m
[rank0]:[titan] 2026-03-17 16:32:42,163 - root - INFO - [31mstep: 1225  [32mloss:  2.7274  [38;2;180;60;0mgrad_norm:  1.6202  [38;2;54;234;195mmemory: 39.92GiB(50.26%)  [34mtps: 135  [36mtflops: 6.52  [35mmfu: 0.66%[39m
[rank0]:[titan] 2026-03-17 16:32:57,660 - root - INFO - [31mstep: 1226  [32mloss:  2.7102  [38;2;180;60;0mgrad_norm:  1.4165  [38;2;54;234;195mmemory: 39.92GiB(50.26%)  [34mtps: 132  [36mtflops: 6.38  [35mmfu: 0.64%[39m
[rank0]:[titan] 2026-03-17 16:33:13,596 - root - INFO - [31mstep: 1227  [32mloss:  2.6990  [38;2;180;60;0mgrad_norm:  1.6958  [38;2;54;234;195mmemory: 39.92GiB(50.26%)  [34mtps: 129  [36mtflops: 6.20  [35mmfu: 0.63%[39m
[rank0]:[titan] 2026-03-17 16:33:29,399 - root - INFO - [31mstep: 1228  [32mloss:  2.6602  [38;2;180;60;0mgrad_norm:  1.9097  [38;2;54;234;195mmemory: 39.92GiB(50.26%)  [34mtps: 130  [36mtflops: 6.25  [35mmfu: 0.63%[39m
[rank0]:[titan] 2026-03-17 16:33:44,591 - root - INFO - [31mstep: 1229  [32mloss:  2.6914  [38;2;180;60;0mgrad_norm:  1.4950  [38;2;54;234;195mmemory: 39.92GiB(50.26%)  [34mtps: 135  [36mtflops: 6.51  [35mmfu: 0.66%[39m
[rank0]:[titan] 2026-03-17 16:34:00,082 - root - INFO - [31mstep: 1230  [32mloss:  2.6815  [38;2;180;60;0mgrad_norm:  1.7413  [38;2;54;234;195mmemory: 39.92GiB(50.26%)  [34mtps: 132  [36mtflops: 6.38  [35mmfu: 0.65%[39m
[rank0]:[titan] 2026-03-17 16:34:15,322 - root - INFO - [31mstep: 1231  [32mloss:  2.6805  [38;2;180;60;0mgrad_norm:  1.4109  [38;2;54;234;195mmemory: 39.92GiB(50.26%)  [34mtps: 134  [36mtflops: 6.48  [35mmfu: 0.66%[39m
[rank0]:[titan] 2026-03-17 16:34:30,545 - root - INFO - [31mstep: 1232  [32mloss:  2.7043  [38;2;180;60;0mgrad_norm:  1.4758  [38;2;54;234;195mmemory: 39.92GiB(50.26%)  [34mtps: 135  [36mtflops: 6.49  [35mmfu: 0.66%[39m
[rank0]:[titan] 2026-03-17 16:34:45,750 - root - INFO - [31mstep: 1233  [32mloss:  2.7033  [38;2;180;60;0mgrad_norm:  1.7508  [38;2;54;234;195mmemory: 39.92GiB(50.26%)  [34mtps: 135  [36mtflops: 6.50  [35mmfu: 0.66%[39m
[rank0]:[titan] 2026-03-17 16:35:00,731 - root - INFO - [31mstep: 1234  [32mloss:  2.7160  [38;2;180;60;0mgrad_norm:  1.9698  [38;2;54;234;195mmemory: 39.92GiB(50.26%)  [34mtps: 137  [36mtflops: 6.60  [35mmfu: 0.67%[39m
[rank0]:[titan] 2026-03-17 16:35:16,122 - root - INFO - [31mstep: 1235  [32mloss:  2.7784  [38;2;180;60;0mgrad_norm:  1.4018  [38;2;54;234;195mmemory: 39.92GiB(50.26%)  [34mtps: 133  [36mtflops: 6.42  [35mmfu: 0.65%[39m
[rank0]:[titan] 2026-03-17 16:35:31,788 - root - INFO - [31mstep: 1236  [32mloss:  2.7345  [38;2;180;60;0mgrad_norm:  1.5454  [38;2;54;234;195mmemory: 39.92GiB(50.26%)  [34mtps: 131  [36mtflops: 6.31  [35mmfu: 0.64%[39m
[rank0]:[titan] 2026-03-17 16:35:47,799 - root - INFO - [31mstep: 1237  [32mloss:  2.7168  [38;2;180;60;0mgrad_norm:  1.9229  [38;2;54;234;195mmemory: 39.92GiB(50.26%)  [34mtps: 128  [36mtflops: 6.17  [35mmfu: 0.62%[39m
[rank0]:[titan] 2026-03-17 16:36:03,540 - root - INFO - [31mstep: 1238  [32mloss:  2.7148  [38;2;180;60;0mgrad_norm:  1.5357  [38;2;54;234;195mmemory: 39.92GiB(50.26%)  [34mtps: 130  [36mtflops: 6.28  [35mmfu: 0.63%[39m
[rank0]:[titan] 2026-03-17 16:36:19,187 - root - INFO - [31mstep: 1239  [32mloss:  2.7754  [38;2;180;60;0mgrad_norm:  1.2429  [38;2;54;234;195mmemory: 39.92GiB(50.26%)  [34mtps: 131  [36mtflops: 6.32  [35mmfu: 0.64%[39m
[rank0]:[titan] 2026-03-17 16:36:34,663 - root - INFO - [31mstep: 1240  [32mloss:  2.7641  [38;2;180;60;0mgrad_norm:  1.8194  [38;2;54;234;195mmemory: 39.92GiB(50.26%)  [34mtps: 132  [36mtflops: 6.39  [35mmfu: 0.65%[39m
[rank0]:[titan] 2026-03-17 16:36:49,952 - root - INFO - [31mstep: 1241  [32mloss:  2.7365  [38;2;180;60;0mgrad_norm:  1.7421  [38;2;54;234;195mmemory: 39.92GiB(50.26%)  [34mtps: 134  [36mtflops: 6.46  [35mmfu: 0.65%[39m
[rank0]:[titan] 2026-03-17 16:37:05,658 - root - INFO - [31mstep: 1242  [32mloss:  2.7004  [38;2;180;60;0mgrad_norm:  1.6199  [38;2;54;234;195mmemory: 39.92GiB(50.26%)  [34mtps: 130  [36mtflops: 6.29  [35mmfu: 0.64%[39m
[rank0]:[titan] 2026-03-17 16:37:21,682 - root - INFO - [31mstep: 1243  [32mloss:  2.7395  [38;2;180;60;0mgrad_norm:  1.7357  [38;2;54;234;195mmemory: 39.92GiB(50.26%)  [34mtps: 128  [36mtflops: 6.17  [35mmfu: 0.62%[39m
[rank0]:[titan] 2026-03-17 16:37:37,206 - root - INFO - [31mstep: 1244  [32mloss:  2.7324  [38;2;180;60;0mgrad_norm:  2.0173  [38;2;54;234;195mmemory: 39.92GiB(50.26%)  [34mtps: 132  [36mtflops: 6.37  [35mmfu: 0.64%[39m
[rank0]:[titan] 2026-03-17 16:37:52,722 - root - INFO - [31mstep: 1245  [32mloss:  2.7666  [38;2;180;60;0mgrad_norm:  1.8074  [38;2;54;234;195mmemory: 39.92GiB(50.26%)  [34mtps: 132  [36mtflops: 6.37  [35mmfu: 0.64%[39m
[rank0]:[titan] 2026-03-17 16:38:07,904 - root - INFO - [31mstep: 1246  [32mloss:  2.7289  [38;2;180;60;0mgrad_norm:  1.8146  [38;2;54;234;195mmemory: 39.92GiB(50.26%)  [34mtps: 135  [36mtflops: 6.51  [35mmfu: 0.66%[39m
[rank0]:[titan] 2026-03-17 16:38:23,225 - root - INFO - [31mstep: 1247  [32mloss:  2.7589  [38;2;180;60;0mgrad_norm:  1.7427  [38;2;54;234;195mmemory: 39.92GiB(50.26%)  [34mtps: 134  [36mtflops: 6.45  [35mmfu: 0.65%[39m
[rank0]:[titan] 2026-03-17 16:38:39,276 - root - INFO - [31mstep: 1248  [32mloss:  2.7176  [38;2;180;60;0mgrad_norm:  1.9255  [38;2;54;234;195mmemory: 39.92GiB(50.26%)  [34mtps: 128  [36mtflops: 6.16  [35mmfu: 0.62%[39m
[rank0]:[titan] 2026-03-17 16:38:55,003 - root - INFO - [31mstep: 1249  [32mloss:  2.7350  [38;2;180;60;0mgrad_norm:  1.8366  [38;2;54;234;195mmemory: 39.92GiB(50.26%)  [34mtps: 130  [36mtflops: 6.28  [35mmfu: 0.64%[39m
[rank0]:[titan] 2026-03-17 16:39:10,273 - root - INFO - [31mstep: 1250  [32mloss:  2.7003  [38;2;180;60;0mgrad_norm:  1.2482  [38;2;54;234;195mmemory: 39.92GiB(50.26%)  [34mtps: 134  [36mtflops: 6.47  [35mmfu: 0.65%[39m
[rank0]:[titan] 2026-03-17 16:39:25,556 - root - INFO - [31mstep: 1251  [32mloss:  2.6696  [38;2;180;60;0mgrad_norm:  1.5998  [38;2;54;234;195mmemory: 39.92GiB(50.26%)  [34mtps: 134  [36mtflops: 6.47  [35mmfu: 0.65%[39m
[rank0]:[titan] 2026-03-17 16:39:40,733 - root - INFO - [31mstep: 1252  [32mloss:  2.6944  [38;2;180;60;0mgrad_norm:  1.5698  [38;2;54;234;195mmemory: 39.92GiB(50.26%)  [34mtps: 135  [36mtflops: 6.51  [35mmfu: 0.66%[39m
[rank0]:[titan] 2026-03-17 16:39:55,874 - root - INFO - [31mstep: 1253  [32mloss:  2.7407  [38;2;180;60;0mgrad_norm:  1.4054  [38;2;54;234;195mmemory: 39.92GiB(50.26%)  [34mtps: 135  [36mtflops: 6.53  [35mmfu: 0.66%[39m
[rank0]:[titan] 2026-03-17 16:40:11,274 - root - INFO - [31mstep: 1254  [32mloss:  2.6724  [38;2;180;60;0mgrad_norm:  1.3125  [38;2;54;234;195mmemory: 39.92GiB(50.26%)  [34mtps: 133  [36mtflops: 6.42  [35mmfu: 0.65%[39m
[rank0]:[titan] 2026-03-17 16:40:26,456 - root - INFO - [31mstep: 1255  [32mloss:  2.7469  [38;2;180;60;0mgrad_norm:  1.5314  [38;2;54;234;195mmemory: 39.92GiB(50.26%)  [34mtps: 135  [36mtflops: 6.51  [35mmfu: 0.66%[39m
[rank0]:[titan] 2026-03-17 16:40:41,994 - root - INFO - [31mstep: 1256  [32mloss:  2.7647  [38;2;180;60;0mgrad_norm:  1.4150  [38;2;54;234;195mmemory: 39.92GiB(50.26%)  [34mtps: 132  [36mtflops: 6.36  [35mmfu: 0.64%[39m
[rank0]:[titan] 2026-03-17 16:40:57,622 - root - INFO - [31mstep: 1257  [32mloss:  2.6610  [38;2;180;60;0mgrad_norm:  1.4702  [38;2;54;234;195mmemory: 39.92GiB(50.26%)  [34mtps: 131  [36mtflops: 6.32  [35mmfu: 0.64%[39m
[rank0]:[titan] 2026-03-17 16:41:13,600 - root - INFO - [31mstep: 1258  [32mloss:  2.6494  [38;2;180;60;0mgrad_norm:  1.4989  [38;2;54;234;195mmemory: 39.92GiB(50.26%)  [34mtps: 128  [36mtflops: 6.18  [35mmfu: 0.63%[39m
[rank0]:[titan] 2026-03-17 16:41:29,455 - root - INFO - [31mstep: 1259  [32mloss:  2.6725  [38;2;180;60;0mgrad_norm:  1.5950  [38;2;54;234;195mmemory: 39.92GiB(50.26%)  [34mtps: 129  [36mtflops: 6.23  [35mmfu: 0.63%[39m
[rank0]:[titan] 2026-03-17 16:41:45,147 - root - INFO - [31mstep: 1260  [32mloss:  2.7006  [38;2;180;60;0mgrad_norm:  1.7072  [38;2;54;234;195mmemory: 39.92GiB(50.26%)  [34mtps: 131  [36mtflops: 6.30  [35mmfu: 0.64%[39m
[rank0]:[titan] 2026-03-17 16:42:00,879 - root - INFO - [31mstep: 1261  [32mloss:  2.6671  [38;2;180;60;0mgrad_norm:  1.5732  [38;2;54;234;195mmemory: 39.92GiB(50.26%)  [34mtps: 130  [36mtflops: 6.28  [35mmfu: 0.64%[39m
[rank0]:[titan] 2026-03-17 16:42:16,755 - root - INFO - [31mstep: 1262  [32mloss:  2.7025  [38;2;180;60;0mgrad_norm:  1.3618  [38;2;54;234;195mmemory: 39.92GiB(50.26%)  [34mtps: 129  [36mtflops: 6.22  [35mmfu: 0.63%[39m
[rank0]:[titan] 2026-03-17 16:42:32,465 - root - INFO - [31mstep: 1263  [32mloss:  2.7290  [38;2;180;60;0mgrad_norm:  1.3885  [38;2;54;234;195mmemory: 39.92GiB(50.26%)  [34mtps: 130  [36mtflops: 6.29  [35mmfu: 0.64%[39m
[rank0]:[titan] 2026-03-17 16:42:47,944 - root - INFO - [31mstep: 1264  [32mloss:  2.7089  [38;2;180;60;0mgrad_norm:  1.5610  [38;2;54;234;195mmemory: 39.92GiB(50.26%)  [34mtps: 132  [36mtflops: 6.38  [35mmfu: 0.65%[39m
[rank0]:[titan] 2026-03-17 16:43:03,377 - root - INFO - [31mstep: 1265  [32mloss:  2.7572  [38;2;180;60;0mgrad_norm:  1.6489  [38;2;54;234;195mmemory: 39.92GiB(50.26%)  [34mtps: 133  [36mtflops: 6.40  [35mmfu: 0.65%[39m
[rank0]:[titan] 2026-03-17 16:43:18,894 - root - INFO - [31mstep: 1266  [32mloss:  2.7576  [38;2;180;60;0mgrad_norm:  1.8922  [38;2;54;234;195mmemory: 39.92GiB(50.26%)  [34mtps: 132  [36mtflops: 6.37  [35mmfu: 0.64%[39m
[rank0]:[titan] 2026-03-17 16:43:34,963 - root - INFO - [31mstep: 1267  [32mloss:  2.7282  [38;2;180;60;0mgrad_norm:  1.1994  [38;2;54;234;195mmemory: 39.92GiB(50.26%)  [34mtps: 127  [36mtflops: 6.15  [35mmfu: 0.62%[39m
[rank0]:[titan] 2026-03-17 16:43:51,008 - root - INFO - [31mstep: 1268  [32mloss:  2.7674  [38;2;180;60;0mgrad_norm:  2.5598  [38;2;54;234;195mmemory: 39.92GiB(50.26%)  [34mtps: 128  [36mtflops: 6.16  [35mmfu: 0.62%[39m
[rank0]:[titan] 2026-03-17 16:43:51,010 - root - WARNING - Dataset c4_test is being re-looped
[rank0]:[titan] 2026-03-17 16:44:06,752 - root - INFO - [31mstep: 1269  [32mloss:  2.7854  [38;2;180;60;0mgrad_norm:  2.5004  [38;2;54;234;195mmemory: 39.92GiB(50.26%)  [34mtps: 130  [36mtflops: 6.28  [35mmfu: 0.63%[39m
[rank0]:[titan] 2026-03-17 16:44:22,197 - root - INFO - [31mstep: 1270  [32mloss:  2.8282  [38;2;180;60;0mgrad_norm:  2.0732  [38;2;54;234;195mmemory: 39.92GiB(50.26%)  [34mtps: 133  [36mtflops: 6.40  [35mmfu: 0.65%[39m
[rank0]:[titan] 2026-03-17 16:44:37,998 - root - INFO - [31mstep: 1271  [32mloss:  2.8349  [38;2;180;60;0mgrad_norm:  2.7153  [38;2;54;234;195mmemory: 39.92GiB(50.26%)  [34mtps: 130  [36mtflops: 6.25  [35mmfu: 0.63%[39m
[rank0]:[titan] 2026-03-17 16:44:53,671 - root - INFO - [31mstep: 1272  [32mloss:  2.7395  [38;2;180;60;0mgrad_norm:  1.8781  [38;2;54;234;195mmemory: 39.92GiB(50.26%)  [34mtps: 131  [36mtflops: 6.31  [35mmfu: 0.64%[39m
[rank0]:[titan] 2026-03-17 16:45:08,695 - root - INFO - [31mstep: 1273  [32mloss:  2.7570  [38;2;180;60;0mgrad_norm:  2.2950  [38;2;54;234;195mmemory: 39.92GiB(50.26%)  [34mtps: 136  [36mtflops: 6.58  [35mmfu: 0.67%[39m
[rank0]:[titan] 2026-03-17 16:45:24,157 - root - INFO - [31mstep: 1274  [32mloss:  2.7199  [38;2;180;60;0mgrad_norm:  2.0577  [38;2;54;234;195mmemory: 39.92GiB(50.26%)  [34mtps: 132  [36mtflops: 6.39  [35mmfu: 0.65%[39m
[rank0]:[titan] 2026-03-17 16:45:40,138 - root - INFO - [31mstep: 1275  [32mloss:  2.7441  [38;2;180;60;0mgrad_norm:  2.6904  [38;2;54;234;195mmemory: 39.92GiB(50.26%)  [34mtps: 128  [36mtflops: 6.18  [35mmfu: 0.63%[39m
[rank0]:[titan] 2026-03-17 16:45:55,884 - root - INFO - [31mstep: 1276  [32mloss:  2.7062  [38;2;180;60;0mgrad_norm:  1.5688  [38;2;54;234;195mmemory: 39.92GiB(50.26%)  [34mtps: 130  [36mtflops: 6.28  [35mmfu: 0.63%[39m
[rank0]:[titan] 2026-03-17 16:46:11,079 - root - INFO - [31mstep: 1277  [32mloss:  2.7264  [38;2;180;60;0mgrad_norm:  2.0225  [38;2;54;234;195mmemory: 39.92GiB(50.26%)  [34mtps: 135  [36mtflops: 6.50  [35mmfu: 0.66%[39m
[rank0]:[titan] 2026-03-17 16:46:26,340 - root - INFO - [31mstep: 1278  [32mloss:  2.7214  [38;2;180;60;0mgrad_norm:  2.0809  [38;2;54;234;195mmemory: 39.92GiB(50.26%)  [34mtps: 134  [36mtflops: 6.48  [35mmfu: 0.65%[39m
[rank0]:[titan] 2026-03-17 16:46:42,138 - root - INFO - [31mstep: 1279  [32mloss:  2.7299  [38;2;180;60;0mgrad_norm:  1.9208  [38;2;54;234;195mmemory: 39.92GiB(50.26%)  [34mtps: 130  [36mtflops: 6.26  [35mmfu: 0.63%[39m
[rank0]:[titan] 2026-03-17 16:46:57,620 - root - INFO - [31mstep: 1280  [32mloss:  2.7307  [38;2;180;60;0mgrad_norm:  1.3225  [38;2;54;234;195mmemory: 39.92GiB(50.26%)  [34mtps: 132  [36mtflops: 6.38  [35mmfu: 0.65%[39m
[rank0]:[titan] 2026-03-17 16:47:13,377 - root - INFO - [31mstep: 1281  [32mloss:  2.7262  [38;2;180;60;0mgrad_norm:  1.6648  [38;2;54;234;195mmemory: 39.92GiB(50.26%)  [34mtps: 130  [36mtflops: 6.27  [35mmfu: 0.63%[39m
[rank0]:[titan] 2026-03-17 16:47:28,969 - root - INFO - [31mstep: 1282  [32mloss:  2.7740  [38;2;180;60;0mgrad_norm:  6.1642  [38;2;54;234;195mmemory: 39.92GiB(50.26%)  [34mtps: 131  [36mtflops: 6.34  [35mmfu: 0.64%[39m
[rank0]:[titan] 2026-03-17 16:47:44,807 - root - INFO - [31mstep: 1283  [32mloss:  2.7517  [38;2;180;60;0mgrad_norm:  1.8756  [38;2;54;234;195mmemory: 39.92GiB(50.26%)  [34mtps: 129  [36mtflops: 6.24  [35mmfu: 0.63%[39m
[rank0]:[titan] 2026-03-17 16:48:00,527 - root - INFO - [31mstep: 1284  [32mloss:  2.7185  [38;2;180;60;0mgrad_norm:  1.1165  [38;2;54;234;195mmemory: 39.92GiB(50.26%)  [34mtps: 130  [36mtflops: 6.29  [35mmfu: 0.64%[39m
[rank0]:[titan] 2026-03-17 16:48:16,071 - root - INFO - [31mstep: 1285  [32mloss:  2.6900  [38;2;180;60;0mgrad_norm:  1.3625  [38;2;54;234;195mmemory: 39.92GiB(50.26%)  [34mtps: 132  [36mtflops: 6.36  [35mmfu: 0.64%[39m
[rank0]:[titan] 2026-03-17 16:48:31,648 - root - INFO - [31mstep: 1286  [32mloss:  2.6877  [38;2;180;60;0mgrad_norm:  1.4988  [38;2;54;234;195mmemory: 39.92GiB(50.26%)  [34mtps: 131  [36mtflops: 6.34  [35mmfu: 0.64%[39m
[rank0]:[titan] 2026-03-17 16:48:46,768 - root - INFO - [31mstep: 1287  [32mloss:  2.7049  [38;2;180;60;0mgrad_norm:  1.4837  [38;2;54;234;195mmemory: 39.92GiB(50.26%)  [34mtps: 135  [36mtflops: 6.54  [35mmfu: 0.66%[39m
[rank0]:[titan] 2026-03-17 16:49:02,141 - root - INFO - [31mstep: 1288  [32mloss:  2.6523  [38;2;180;60;0mgrad_norm:  1.1514  [38;2;54;234;195mmemory: 39.92GiB(50.26%)  [34mtps: 133  [36mtflops: 6.43  [35mmfu: 0.65%[39m
[rank0]:[titan] 2026-03-17 16:49:17,513 - root - INFO - [31mstep: 1289  [32mloss:  2.6798  [38;2;180;60;0mgrad_norm:  1.6921  [38;2;54;234;195mmemory: 39.92GiB(50.26%)  [34mtps: 133  [36mtflops: 6.43  [35mmfu: 0.65%[39m
[rank0]:[titan] 2026-03-17 16:49:32,747 - root - INFO - [31mstep: 1290  [32mloss:  2.7259  [38;2;180;60;0mgrad_norm:  1.6138  [38;2;54;234;195mmemory: 39.92GiB(50.26%)  [34mtps: 134  [36mtflops: 6.49  [35mmfu: 0.66%[39m
[rank0]:[titan] 2026-03-17 16:49:48,272 - root - INFO - [31mstep: 1291  [32mloss:  2.6849  [38;2;180;60;0mgrad_norm:  1.4186  [38;2;54;234;195mmemory: 39.92GiB(50.26%)  [34mtps: 132  [36mtflops: 6.37  [35mmfu: 0.64%[39m
[rank0]:[titan] 2026-03-17 16:50:03,440 - root - INFO - [31mstep: 1292  [32mloss:  2.6792  [38;2;180;60;0mgrad_norm:  1.3764  [38;2;54;234;195mmemory: 39.92GiB(50.26%)  [34mtps: 135  [36mtflops: 6.52  [35mmfu: 0.66%[39m
[rank0]:[titan] 2026-03-17 16:50:18,755 - root - INFO - [31mstep: 1293  [32mloss:  2.7181  [38;2;180;60;0mgrad_norm:  1.5089  [38;2;54;234;195mmemory: 39.92GiB(50.26%)  [34mtps: 134  [36mtflops: 6.45  [35mmfu: 0.65%[39m
[rank0]:[titan] 2026-03-17 16:50:34,654 - root - INFO - [31mstep: 1294  [32mloss:  2.7825  [38;2;180;60;0mgrad_norm:  1.7829  [38;2;54;234;195mmemory: 39.92GiB(50.26%)  [34mtps: 129  [36mtflops: 6.22  [35mmfu: 0.63%[39m
[rank0]:[titan] 2026-03-17 16:50:50,469 - root - INFO - [31mstep: 1295  [32mloss:  2.7643  [38;2;180;60;0mgrad_norm:  1.6228  [38;2;54;234;195mmemory: 39.92GiB(50.26%)  [34mtps: 129  [36mtflops: 6.25  [35mmfu: 0.63%[39m
[rank0]:[titan] 2026-03-17 16:51:05,956 - root - INFO - [31mstep: 1296  [32mloss:  2.7078  [38;2;180;60;0mgrad_norm:  1.4611  [38;2;54;234;195mmemory: 39.92GiB(50.26%)  [34mtps: 132  [36mtflops: 6.38  [35mmfu: 0.65%[39m
[rank0]:[titan] 2026-03-17 16:51:20,979 - root - INFO - [31mstep: 1297  [32mloss:  2.7172  [38;2;180;60;0mgrad_norm:  1.5552  [38;2;54;234;195mmemory: 39.92GiB(50.26%)  [34mtps: 136  [36mtflops: 6.58  [35mmfu: 0.67%[39m
[rank0]:[titan] 2026-03-17 16:51:36,654 - root - INFO - [31mstep: 1298  [32mloss:  2.6768  [38;2;180;60;0mgrad_norm:  1.5215  [38;2;54;234;195mmemory: 39.92GiB(50.26%)  [34mtps: 131  [36mtflops: 6.30  [35mmfu: 0.64%[39m
[rank0]:[titan] 2026-03-17 16:51:52,249 - root - INFO - [31mstep: 1299  [32mloss:  2.7451  [38;2;180;60;0mgrad_norm:  1.7477  [38;2;54;234;195mmemory: 39.92GiB(50.26%)  [34mtps: 131  [36mtflops: 6.34  [35mmfu: 0.64%[39m
[rank0]:[titan] 2026-03-17 16:52:07,632 - root - INFO - [31mstep: 1300  [32mloss:  2.8226  [38;2;180;60;0mgrad_norm:  1.3078  [38;2;54;234;195mmemory: 39.92GiB(50.26%)  [34mtps: 133  [36mtflops: 6.42  [35mmfu: 0.65%[39m
[rank0]:[titan] 2026-03-17 16:52:23,250 - root - INFO - [31mstep: 1301  [32mloss:  2.8078  [38;2;180;60;0mgrad_norm:  2.2116  [38;2;54;234;195mmemory: 39.92GiB(50.26%)  [34mtps: 131  [36mtflops: 6.33  [35mmfu: 0.64%[39m
[rank0]:[titan] 2026-03-17 16:52:38,931 - root - INFO - [31mstep: 1302  [32mloss:  2.7416  [38;2;180;60;0mgrad_norm:  2.1208  [38;2;54;234;195mmemory: 39.92GiB(50.26%)  [34mtps: 131  [36mtflops: 6.30  [35mmfu: 0.64%[39m
[rank0]:[titan] 2026-03-17 16:52:54,266 - root - INFO - [31mstep: 1303  [32mloss:  2.7804  [38;2;180;60;0mgrad_norm:  1.4617  [38;2;54;234;195mmemory: 39.92GiB(50.26%)  [34mtps: 134  [36mtflops: 6.44  [35mmfu: 0.65%[39m
[rank0]:[titan] 2026-03-17 16:53:10,488 - root - INFO - [31mstep: 1304  [32mloss:  2.8435  [38;2;180;60;0mgrad_norm:  1.5324  [38;2;54;234;195mmemory: 39.92GiB(50.26%)  [34mtps: 126  [36mtflops: 6.09  [35mmfu: 0.62%[39m
[rank0]:[titan] 2026-03-17 16:53:26,048 - root - INFO - [31mstep: 1305  [32mloss:  2.8408  [38;2;180;60;0mgrad_norm:  1.8117  [38;2;54;234;195mmemory: 39.92GiB(50.26%)  [34mtps: 132  [36mtflops: 6.35  [35mmfu: 0.64%[39m
[rank0]:[titan] 2026-03-17 16:53:41,715 - root - INFO - [31mstep: 1306  [32mloss:  2.7302  [38;2;180;60;0mgrad_norm:  1.4341  [38;2;54;234;195mmemory: 39.92GiB(50.26%)  [34mtps: 131  [36mtflops: 6.31  [35mmfu: 0.64%[39m
[rank0]:[titan] 2026-03-17 16:53:57,100 - root - INFO - [31mstep: 1307  [32mloss:  2.7090  [38;2;180;60;0mgrad_norm:  1.2585  [38;2;54;234;195mmemory: 39.92GiB(50.26%)  [34mtps: 133  [36mtflops: 6.42  [35mmfu: 0.65%[39m
[rank0]:[titan] 2026-03-17 16:54:12,594 - root - INFO - [31mstep: 1308  [32mloss:  2.7538  [38;2;180;60;0mgrad_norm:  1.1480  [38;2;54;234;195mmemory: 39.92GiB(50.26%)  [34mtps: 132  [36mtflops: 6.38  [35mmfu: 0.64%[39m
[rank0]:[titan] 2026-03-17 16:54:27,757 - root - INFO - [31mstep: 1309  [32mloss:  2.7729  [38;2;180;60;0mgrad_norm:  1.0584  [38;2;54;234;195mmemory: 39.92GiB(50.26%)  [34mtps: 135  [36mtflops: 6.52  [35mmfu: 0.66%[39m
[rank0]:[titan] 2026-03-17 16:54:43,355 - root - INFO - [31mstep: 1310  [32mloss:  2.8064  [38;2;180;60;0mgrad_norm:  1.9888  [38;2;54;234;195mmemory: 39.92GiB(50.26%)  [34mtps: 131  [36mtflops: 6.34  [35mmfu: 0.64%[39m
[rank0]:[titan] 2026-03-17 16:54:58,859 - root - INFO - [31mstep: 1311  [32mloss:  2.7666  [38;2;180;60;0mgrad_norm:  1.3014  [38;2;54;234;195mmemory: 39.92GiB(50.26%)  [34mtps: 132  [36mtflops: 6.37  [35mmfu: 0.64%[39m
[rank0]:[titan] 2026-03-17 16:55:14,068 - root - INFO - [31mstep: 1312  [32mloss:  2.7592  [38;2;180;60;0mgrad_norm:  1.6303  [38;2;54;234;195mmemory: 39.92GiB(50.26%)  [34mtps: 135  [36mtflops: 6.50  [35mmfu: 0.66%[39m
[rank0]:[titan] 2026-03-17 16:55:29,319 - root - INFO - [31mstep: 1313  [32mloss:  2.7548  [38;2;180;60;0mgrad_norm:  1.5606  [38;2;54;234;195mmemory: 39.92GiB(50.26%)  [34mtps: 134  [36mtflops: 6.48  [35mmfu: 0.66%[39m
[rank0]:[titan] 2026-03-17 16:55:44,522 - root - INFO - [31mstep: 1314  [32mloss:  2.7518  [38;2;180;60;0mgrad_norm:  1.9242  [38;2;54;234;195mmemory: 39.92GiB(50.26%)  [34mtps: 135  [36mtflops: 6.50  [35mmfu: 0.66%[39m
[rank0]:[titan] 2026-03-17 16:55:59,787 - root - INFO - [31mstep: 1315  [32mloss:  2.7905  [38;2;180;60;0mgrad_norm:  1.3050  [38;2;54;234;195mmemory: 39.92GiB(50.26%)  [34mtps: 134  [36mtflops: 6.47  [35mmfu: 0.65%[39m
[rank0]:[titan] 2026-03-17 16:56:15,550 - root - INFO - [31mstep: 1316  [32mloss:  2.7836  [38;2;180;60;0mgrad_norm:  1.9254  [38;2;54;234;195mmemory: 39.92GiB(50.26%)  [34mtps: 130  [36mtflops: 6.27  [35mmfu: 0.63%[39m
[rank0]:[titan] 2026-03-17 16:56:30,650 - root - INFO - [31mstep: 1317  [32mloss:  2.7807  [38;2;180;60;0mgrad_norm:  1.6100  [38;2;54;234;195mmemory: 39.92GiB(50.26%)  [34mtps: 136  [36mtflops: 6.54  [35mmfu: 0.66%[39m
[rank0]:[titan] 2026-03-17 16:56:46,236 - root - INFO - [31mstep: 1318  [32mloss:  2.8241  [38;2;180;60;0mgrad_norm:  1.6229  [38;2;54;234;195mmemory: 39.92GiB(50.26%)  [34mtps: 131  [36mtflops: 6.34  [35mmfu: 0.64%[39m
[rank0]:[titan] 2026-03-17 16:57:01,492 - root - INFO - [31mstep: 1319  [32mloss:  2.7246  [38;2;180;60;0mgrad_norm:  1.8050  [38;2;54;234;195mmemory: 39.92GiB(50.26%)  [34mtps: 134  [36mtflops: 6.48  [35mmfu: 0.65%[39m
[rank0]:[titan] 2026-03-17 16:57:16,830 - root - INFO - [31mstep: 1320  [32mloss:  2.7178  [38;2;180;60;0mgrad_norm:  1.3608  [38;2;54;234;195mmemory: 39.92GiB(50.26%)  [34mtps: 134  [36mtflops: 6.44  [35mmfu: 0.65%[39m
[rank0]:[titan] 2026-03-17 16:57:32,443 - root - INFO - [31mstep: 1321  [32mloss:  2.7181  [38;2;180;60;0mgrad_norm:  1.3150  [38;2;54;234;195mmemory: 39.92GiB(50.26%)  [34mtps: 131  [36mtflops: 6.33  [35mmfu: 0.64%[39m
[rank0]:[titan] 2026-03-17 16:57:47,575 - root - INFO - [31mstep: 1322  [32mloss:  2.6976  [38;2;180;60;0mgrad_norm:  1.5245  [38;2;54;234;195mmemory: 39.92GiB(50.26%)  [34mtps: 135  [36mtflops: 6.53  [35mmfu: 0.66%[39m
[rank0]:[titan] 2026-03-17 16:58:02,926 - root - INFO - [31mstep: 1323  [32mloss:  2.6759  [38;2;180;60;0mgrad_norm:  1.2195  [38;2;54;234;195mmemory: 39.92GiB(50.26%)  [34mtps: 133  [36mtflops: 6.44  [35mmfu: 0.65%[39m
[rank0]:[titan] 2026-03-17 16:58:18,010 - root - INFO - [31mstep: 1324  [32mloss:  2.7455  [38;2;180;60;0mgrad_norm:  1.4753  [38;2;54;234;195mmemory: 39.92GiB(50.26%)  [34mtps: 136  [36mtflops: 6.55  [35mmfu: 0.66%[39m
[rank0]:[titan] 2026-03-17 16:58:33,345 - root - INFO - [31mstep: 1325  [32mloss:  2.7126  [38;2;180;60;0mgrad_norm:  1.6057  [38;2;54;234;195mmemory: 39.92GiB(50.26%)  [34mtps: 134  [36mtflops: 6.44  [35mmfu: 0.65%[39m
[rank0]:[titan] 2026-03-17 16:58:48,956 - root - INFO - [31mstep: 1326  [32mloss:  2.7821  [38;2;180;60;0mgrad_norm:  1.6860  [38;2;54;234;195mmemory: 39.92GiB(50.26%)  [34mtps: 131  [36mtflops: 6.33  [35mmfu: 0.64%[39m
[rank0]:[titan] 2026-03-17 16:59:04,213 - root - INFO - [31mstep: 1327  [32mloss:  2.7615  [38;2;180;60;0mgrad_norm:  1.3720  [38;2;54;234;195mmemory: 39.92GiB(50.26%)  [34mtps: 134  [36mtflops: 6.48  [35mmfu: 0.65%[39m
[rank0]:[titan] 2026-03-17 16:59:19,719 - root - INFO - [31mstep: 1328  [32mloss:  2.7617  [38;2;180;60;0mgrad_norm:  1.4773  [38;2;54;234;195mmemory: 39.92GiB(50.26%)  [34mtps: 132  [36mtflops: 6.37  [35mmfu: 0.64%[39m
[rank0]:[titan] 2026-03-17 16:59:35,523 - root - INFO - [31mstep: 1329  [32mloss:  2.7069  [38;2;180;60;0mgrad_norm:  1.5658  [38;2;54;234;195mmemory: 39.92GiB(50.26%)  [34mtps: 130  [36mtflops: 6.25  [35mmfu: 0.63%[39m
[rank0]:[titan] 2026-03-17 16:59:50,973 - root - INFO - [31mstep: 1330  [32mloss:  2.7577  [38;2;180;60;0mgrad_norm:  1.3261  [38;2;54;234;195mmemory: 39.92GiB(50.26%)  [34mtps: 133  [36mtflops: 6.40  [35mmfu: 0.65%[39m
[rank0]:[titan] 2026-03-17 17:00:06,574 - root - INFO - [31mstep: 1331  [32mloss:  2.6883  [38;2;180;60;0mgrad_norm:  1.1482  [38;2;54;234;195mmemory: 39.92GiB(50.26%)  [34mtps: 131  [36mtflops: 6.33  [35mmfu: 0.64%[39m
[rank0]:[titan] 2026-03-17 17:00:22,230 - root - INFO - [31mstep: 1332  [32mloss:  2.7438  [38;2;180;60;0mgrad_norm:  1.1442  [38;2;54;234;195mmemory: 39.92GiB(50.26%)  [34mtps: 131  [36mtflops: 6.31  [35mmfu: 0.64%[39m
[rank0]:[titan] 2026-03-17 17:00:37,478 - root - INFO - [31mstep: 1333  [32mloss:  2.6989  [38;2;180;60;0mgrad_norm:  1.3363  [38;2;54;234;195mmemory: 39.92GiB(50.26%)  [34mtps: 134  [36mtflops: 6.48  [35mmfu: 0.66%[39m
[rank0]:[titan] 2026-03-17 17:00:52,990 - root - INFO - [31mstep: 1334  [32mloss:  2.7260  [38;2;180;60;0mgrad_norm:  1.1963  [38;2;54;234;195mmemory: 39.92GiB(50.26%)  [34mtps: 132  [36mtflops: 6.37  [35mmfu: 0.64%[39m
[rank0]:[titan] 2026-03-17 17:01:08,069 - root - INFO - [31mstep: 1335  [32mloss:  2.7424  [38;2;180;60;0mgrad_norm:  1.1686  [38;2;54;234;195mmemory: 39.92GiB(50.26%)  [34mtps: 136  [36mtflops: 6.55  [35mmfu: 0.66%[39m
[rank0]:[titan] 2026-03-17 17:01:23,535 - root - INFO - [31mstep: 1336  [32mloss:  2.6918  [38;2;180;60;0mgrad_norm:  1.9721  [38;2;54;234;195mmemory: 39.92GiB(50.26%)  [34mtps: 132  [36mtflops: 6.39  [35mmfu: 0.65%[39m
[rank0]:[titan] 2026-03-17 17:01:38,943 - root - INFO - [31mstep: 1337  [32mloss:  2.7798  [38;2;180;60;0mgrad_norm:  1.6303  [38;2;54;234;195mmemory: 39.92GiB(50.26%)  [34mtps: 133  [36mtflops: 6.41  [35mmfu: 0.65%[39m
[rank0]:[titan] 2026-03-17 17:01:54,271 - root - INFO - [31mstep: 1338  [32mloss:  2.7163  [38;2;180;60;0mgrad_norm:  1.2940  [38;2;54;234;195mmemory: 39.92GiB(50.26%)  [34mtps: 134  [36mtflops: 6.45  [35mmfu: 0.65%[39m
[rank0]:[titan] 2026-03-17 17:02:10,193 - root - INFO - [31mstep: 1339  [32mloss:  2.7563  [38;2;180;60;0mgrad_norm:  1.6652  [38;2;54;234;195mmemory: 39.92GiB(50.26%)  [34mtps: 129  [36mtflops: 6.21  [35mmfu: 0.63%[39m
[rank0]:[titan] 2026-03-17 17:02:26,206 - root - INFO - [31mstep: 1340  [32mloss:  2.8892  [38;2;180;60;0mgrad_norm:  1.6936  [38;2;54;234;195mmemory: 39.92GiB(50.26%)  [34mtps: 128  [36mtflops: 6.17  [35mmfu: 0.62%[39m
[rank0]:[titan] 2026-03-17 17:02:41,790 - root - INFO - [31mstep: 1341  [32mloss:  2.8482  [38;2;180;60;0mgrad_norm:  1.8011  [38;2;54;234;195mmemory: 39.92GiB(50.26%)  [34mtps: 131  [36mtflops: 6.34  [35mmfu: 0.64%[39m
[rank0]:[titan] 2026-03-17 17:02:57,354 - root - INFO - [31mstep: 1342  [32mloss:  2.7352  [38;2;180;60;0mgrad_norm:  1.4016  [38;2;54;234;195mmemory: 39.92GiB(50.26%)  [34mtps: 132  [36mtflops: 6.35  [35mmfu: 0.64%[39m
[rank0]:[titan] 2026-03-17 17:03:12,816 - root - INFO - [31mstep: 1343  [32mloss:  2.6900  [38;2;180;60;0mgrad_norm:  1.6943  [38;2;54;234;195mmemory: 39.92GiB(50.26%)  [34mtps: 132  [36mtflops: 6.39  [35mmfu: 0.65%[39m
[rank0]:[titan] 2026-03-17 17:03:28,153 - root - INFO - [31mstep: 1344  [32mloss:  2.7162  [38;2;180;60;0mgrad_norm:  1.8665  [38;2;54;234;195mmemory: 39.92GiB(50.26%)  [34mtps: 134  [36mtflops: 6.44  [35mmfu: 0.65%[39m
[rank0]:[titan] 2026-03-17 17:03:43,765 - root - INFO - [31mstep: 1345  [32mloss:  2.7920  [38;2;180;60;0mgrad_norm:  2.1149  [38;2;54;234;195mmemory: 39.92GiB(50.26%)  [34mtps: 131  [36mtflops: 6.33  [35mmfu: 0.64%[39m
[rank0]:[titan] 2026-03-17 17:03:59,210 - root - INFO - [31mstep: 1346  [32mloss:  2.8202  [38;2;180;60;0mgrad_norm:  1.9295  [38;2;54;234;195mmemory: 39.92GiB(50.26%)  [34mtps: 133  [36mtflops: 6.40  [35mmfu: 0.65%[39m
[rank0]:[titan] 2026-03-17 17:04:14,860 - root - INFO - [31mstep: 1347  [32mloss:  2.7179  [38;2;180;60;0mgrad_norm:  2.1128  [38;2;54;234;195mmemory: 39.92GiB(50.26%)  [34mtps: 131  [36mtflops: 6.31  [35mmfu: 0.64%[39m
[rank0]:[titan] 2026-03-17 17:04:30,708 - root - INFO - [31mstep: 1348  [32mloss:  2.7258  [38;2;180;60;0mgrad_norm:  1.7078  [38;2;54;234;195mmemory: 39.92GiB(50.26%)  [34mtps: 129  [36mtflops: 6.24  [35mmfu: 0.63%[39m
[rank0]:[titan] 2026-03-17 17:04:45,765 - root - INFO - [31mstep: 1349  [32mloss:  2.7238  [38;2;180;60;0mgrad_norm:  1.8401  [38;2;54;234;195mmemory: 39.92GiB(50.26%)  [34mtps: 136  [36mtflops: 6.56  [35mmfu: 0.66%[39m
[rank0]:[titan] 2026-03-17 17:05:00,854 - root - INFO - [31mstep: 1350  [32mloss:  2.7463  [38;2;180;60;0mgrad_norm:  1.9833  [38;2;54;234;195mmemory: 39.92GiB(50.26%)  [34mtps: 136  [36mtflops: 6.55  [35mmfu: 0.66%[39m
[rank0]:[titan] 2026-03-17 17:05:16,286 - root - INFO - [31mstep: 1351  [32mloss:  2.7144  [38;2;180;60;0mgrad_norm:  2.0080  [38;2;54;234;195mmemory: 39.92GiB(50.26%)  [34mtps: 133  [36mtflops: 6.40  [35mmfu: 0.65%[39m
[rank0]:[titan] 2026-03-17 17:05:31,667 - root - INFO - [31mstep: 1352  [32mloss:  2.7164  [38;2;180;60;0mgrad_norm:  1.6723  [38;2;54;234;195mmemory: 39.92GiB(50.26%)  [34mtps: 133  [36mtflops: 6.43  [35mmfu: 0.65%[39m
[rank0]:[titan] 2026-03-17 17:05:47,068 - root - INFO - [31mstep: 1353  [32mloss:  2.6991  [38;2;180;60;0mgrad_norm:  1.9068  [38;2;54;234;195mmemory: 39.92GiB(50.26%)  [34mtps: 133  [36mtflops: 6.42  [35mmfu: 0.65%[39m
[rank0]:[titan] 2026-03-17 17:06:02,429 - root - INFO - [31mstep: 1354  [32mloss:  2.7043  [38;2;180;60;0mgrad_norm:  1.8854  [38;2;54;234;195mmemory: 39.92GiB(50.26%)  [34mtps: 133  [36mtflops: 6.43  [35mmfu: 0.65%[39m
[rank0]:[titan] 2026-03-17 17:06:18,327 - root - INFO - [31mstep: 1355  [32mloss:  2.7584  [38;2;180;60;0mgrad_norm:  2.5294  [38;2;54;234;195mmemory: 39.92GiB(50.26%)  [34mtps: 129  [36mtflops: 6.22  [35mmfu: 0.63%[39m
[rank0]:[titan] 2026-03-17 17:06:33,594 - root - INFO - [31mstep: 1356  [32mloss:  2.7663  [38;2;180;60;0mgrad_norm:  2.0115  [38;2;54;234;195mmemory: 39.92GiB(50.26%)  [34mtps: 134  [36mtflops: 6.47  [35mmfu: 0.65%[39m
[rank0]:[titan] 2026-03-17 17:06:48,827 - root - INFO - [31mstep: 1357  [32mloss:  2.8303  [38;2;180;60;0mgrad_norm:  1.9340  [38;2;54;234;195mmemory: 39.92GiB(50.26%)  [34mtps: 134  [36mtflops: 6.49  [35mmfu: 0.66%[39m
[rank0]:[titan] 2026-03-17 17:07:04,168 - root - INFO - [31mstep: 1358  [32mloss:  2.6697  [38;2;180;60;0mgrad_norm:  1.6356  [38;2;54;234;195mmemory: 39.92GiB(50.26%)  [34mtps: 134  [36mtflops: 6.44  [35mmfu: 0.65%[39m
[rank0]:[titan] 2026-03-17 17:07:19,656 - root - INFO - [31mstep: 1359  [32mloss:  2.6668  [38;2;180;60;0mgrad_norm:  1.5924  [38;2;54;234;195mmemory: 39.92GiB(50.26%)  [34mtps: 132  [36mtflops: 6.38  [35mmfu: 0.65%[39m
[rank0]:[titan] 2026-03-17 17:07:35,049 - root - INFO - [31mstep: 1360  [32mloss:  2.6332  [38;2;180;60;0mgrad_norm:  1.4982  [38;2;54;234;195mmemory: 39.92GiB(50.26%)  [34mtps: 133  [36mtflops: 6.42  [35mmfu: 0.65%[39m
[rank0]:[titan] 2026-03-17 17:07:50,304 - root - INFO - [31mstep: 1361  [32mloss:  2.6844  [38;2;180;60;0mgrad_norm:  1.1144  [38;2;54;234;195mmemory: 39.92GiB(50.26%)  [34mtps: 134  [36mtflops: 6.48  [35mmfu: 0.66%[39m
[rank0]:[titan] 2026-03-17 17:08:06,329 - root - INFO - [31mstep: 1362  [32mloss:  2.7022  [38;2;180;60;0mgrad_norm:  1.6634  [38;2;54;234;195mmemory: 39.92GiB(50.26%)  [34mtps: 128  [36mtflops: 6.17  [35mmfu: 0.62%[39m
[rank0]:[titan] 2026-03-17 17:08:22,368 - root - INFO - [31mstep: 1363  [32mloss:  2.6945  [38;2;180;60;0mgrad_norm:  1.6005  [38;2;54;234;195mmemory: 39.92GiB(50.26%)  [34mtps: 128  [36mtflops: 6.16  [35mmfu: 0.62%[39m
[rank0]:[titan] 2026-03-17 17:08:38,311 - root - INFO - [31mstep: 1364  [32mloss:  2.6453  [38;2;180;60;0mgrad_norm:  1.3879  [38;2;54;234;195mmemory: 39.92GiB(50.26%)  [34mtps: 128  [36mtflops: 6.20  [35mmfu: 0.63%[39m
[rank0]:[titan] 2026-03-17 17:08:53,608 - root - INFO - [31mstep: 1365  [32mloss:  2.6119  [38;2;180;60;0mgrad_norm:  1.5452  [38;2;54;234;195mmemory: 39.92GiB(50.26%)  [34mtps: 134  [36mtflops: 6.46  [35mmfu: 0.65%[39m
[rank0]:[titan] 2026-03-17 17:09:09,128 - root - INFO - [31mstep: 1366  [32mloss:  2.6720  [38;2;180;60;0mgrad_norm:  1.5774  [38;2;54;234;195mmemory: 39.92GiB(50.26%)  [34mtps: 132  [36mtflops: 6.37  [35mmfu: 0.64%[39m
[rank0]:[titan] 2026-03-17 17:09:24,511 - root - INFO - [31mstep: 1367  [32mloss:  2.7199  [38;2;180;60;0mgrad_norm:  2.0230  [38;2;54;234;195mmemory: 39.92GiB(50.26%)  [34mtps: 133  [36mtflops: 6.42  [35mmfu: 0.65%[39m
[rank0]:[titan] 2026-03-17 17:09:39,838 - root - INFO - [31mstep: 1368  [32mloss:  2.6740  [38;2;180;60;0mgrad_norm:  1.4064  [38;2;54;234;195mmemory: 39.92GiB(50.26%)  [34mtps: 134  [36mtflops: 6.45  [35mmfu: 0.65%[39m
[rank0]:[titan] 2026-03-17 17:09:55,131 - root - INFO - [31mstep: 1369  [32mloss:  2.6930  [38;2;180;60;0mgrad_norm:  1.5147  [38;2;54;234;195mmemory: 39.92GiB(50.26%)  [34mtps: 134  [36mtflops: 6.46  [35mmfu: 0.65%[39m
[rank0]:[titan] 2026-03-17 17:10:10,562 - root - INFO - [31mstep: 1370  [32mloss:  2.7383  [38;2;180;60;0mgrad_norm:  1.6173  [38;2;54;234;195mmemory: 39.92GiB(50.26%)  [34mtps: 133  [36mtflops: 6.40  [35mmfu: 0.65%[39m
[rank0]:[titan] 2026-03-17 17:10:26,178 - root - INFO - [31mstep: 1371  [32mloss:  2.7357  [38;2;180;60;0mgrad_norm:  1.5453  [38;2;54;234;195mmemory: 39.92GiB(50.26%)  [34mtps: 131  [36mtflops: 6.33  [35mmfu: 0.64%[39m
[rank0]:[titan] 2026-03-17 17:10:41,334 - root - INFO - [31mstep: 1372  [32mloss:  2.7123  [38;2;180;60;0mgrad_norm:  1.4244  [38;2;54;234;195mmemory: 39.92GiB(50.26%)  [34mtps: 135  [36mtflops: 6.52  [35mmfu: 0.66%[39m
[rank0]:[titan] 2026-03-17 17:10:56,510 - root - INFO - [31mstep: 1373  [32mloss:  2.7450  [38;2;180;60;0mgrad_norm:  1.4008  [38;2;54;234;195mmemory: 39.92GiB(50.26%)  [34mtps: 135  [36mtflops: 6.51  [35mmfu: 0.66%[39m
[rank0]:[titan] 2026-03-17 17:11:12,443 - root - INFO - [31mstep: 1374  [32mloss:  2.7637  [38;2;180;60;0mgrad_norm:  1.5720  [38;2;54;234;195mmemory: 39.92GiB(50.26%)  [34mtps: 129  [36mtflops: 6.20  [35mmfu: 0.63%[39m
[rank0]:[titan] 2026-03-17 17:11:28,086 - root - INFO - [31mstep: 1375  [32mloss:  2.7615  [38;2;180;60;0mgrad_norm:  1.1249  [38;2;54;234;195mmemory: 39.92GiB(50.26%)  [34mtps: 131  [36mtflops: 6.32  [35mmfu: 0.64%[39m
[rank0]:[titan] 2026-03-17 17:11:43,794 - root - INFO - [31mstep: 1376  [32mloss:  2.8050  [38;2;180;60;0mgrad_norm:  1.4495  [38;2;54;234;195mmemory: 39.92GiB(50.26%)  [34mtps: 130  [36mtflops: 6.29  [35mmfu: 0.64%[39m
[rank0]:[titan] 2026-03-17 17:11:59,328 - root - INFO - [31mstep: 1377  [32mloss:  2.8145  [38;2;180;60;0mgrad_norm:  1.4897  [38;2;54;234;195mmemory: 39.92GiB(50.26%)  [34mtps: 132  [36mtflops: 6.36  [35mmfu: 0.64%[39m
[rank0]:[titan] 2026-03-17 17:12:15,089 - root - INFO - [31mstep: 1378  [32mloss:  2.8184  [38;2;180;60;0mgrad_norm:  1.6141  [38;2;54;234;195mmemory: 39.92GiB(50.26%)  [34mtps: 130  [36mtflops: 6.27  [35mmfu: 0.63%[39m
[rank0]:[titan] 2026-03-17 17:12:31,034 - root - INFO - [31mstep: 1379  [32mloss:  2.7898  [38;2;180;60;0mgrad_norm:  1.6200  [38;2;54;234;195mmemory: 39.92GiB(50.26%)  [34mtps: 128  [36mtflops: 6.20  [35mmfu: 0.63%[39m
[rank0]:[titan] 2026-03-17 17:12:46,410 - root - INFO - [31mstep: 1380  [32mloss:  2.7638  [38;2;180;60;0mgrad_norm:  1.4054  [38;2;54;234;195mmemory: 39.92GiB(50.26%)  [34mtps: 133  [36mtflops: 6.43  [35mmfu: 0.65%[39m
[rank0]:[titan] 2026-03-17 17:13:01,651 - root - INFO - [31mstep: 1381  [32mloss:  2.7547  [38;2;180;60;0mgrad_norm:  1.6189  [38;2;54;234;195mmemory: 39.92GiB(50.26%)  [34mtps: 134  [36mtflops: 6.48  [35mmfu: 0.66%[39m
[rank0]:[titan] 2026-03-17 17:13:17,098 - root - INFO - [31mstep: 1382  [32mloss:  2.7481  [38;2;180;60;0mgrad_norm:  1.3811  [38;2;54;234;195mmemory: 39.92GiB(50.26%)  [34mtps: 133  [36mtflops: 6.40  [35mmfu: 0.65%[39m
[rank0]:[titan] 2026-03-17 17:13:32,447 - root - INFO - [31mstep: 1383  [32mloss:  2.7432  [38;2;180;60;0mgrad_norm:  1.4660  [38;2;54;234;195mmemory: 39.92GiB(50.26%)  [34mtps: 133  [36mtflops: 6.44  [35mmfu: 0.65%[39m
[rank0]:[titan] 2026-03-17 17:13:47,612 - root - INFO - [31mstep: 1384  [32mloss:  2.8017  [38;2;180;60;0mgrad_norm:  1.6290  [38;2;54;234;195mmemory: 39.92GiB(50.26%)  [34mtps: 135  [36mtflops: 6.52  [35mmfu: 0.66%[39m
[rank0]:[titan] 2026-03-17 17:14:02,875 - root - INFO - [31mstep: 1385  [32mloss:  2.7919  [38;2;180;60;0mgrad_norm:  1.8324  [38;2;54;234;195mmemory: 39.92GiB(50.26%)  [34mtps: 134  [36mtflops: 6.47  [35mmfu: 0.65%[39m
[rank0]:[titan] 2026-03-17 17:14:17,974 - root - INFO - [31mstep: 1386  [32mloss:  2.7600  [38;2;180;60;0mgrad_norm:  2.2906  [38;2;54;234;195mmemory: 39.92GiB(50.26%)  [34mtps: 136  [36mtflops: 6.54  [35mmfu: 0.66%[39m
[rank0]:[titan] 2026-03-17 17:14:33,512 - root - INFO - [31mstep: 1387  [32mloss:  2.7412  [38;2;180;60;0mgrad_norm:  1.2913  [38;2;54;234;195mmemory: 39.92GiB(50.26%)  [34mtps: 132  [36mtflops: 6.36  [35mmfu: 0.64%[39m
[rank0]:[titan] 2026-03-17 17:14:48,993 - root - INFO - [31mstep: 1388  [32mloss:  2.7716  [38;2;180;60;0mgrad_norm:  1.9738  [38;2;54;234;195mmemory: 39.92GiB(50.26%)  [34mtps: 132  [36mtflops: 6.38  [35mmfu: 0.65%[39m
[rank0]:[titan] 2026-03-17 17:15:04,715 - root - INFO - [31mstep: 1389  [32mloss:  2.7944  [38;2;180;60;0mgrad_norm:  2.4044  [38;2;54;234;195mmemory: 39.92GiB(50.26%)  [34mtps: 130  [36mtflops: 6.29  [35mmfu: 0.64%[39m
[rank0]:[titan] 2026-03-17 17:15:20,104 - root - INFO - [31mstep: 1390  [32mloss:  2.7540  [38;2;180;60;0mgrad_norm:  1.7854  [38;2;54;234;195mmemory: 39.92GiB(50.26%)  [34mtps: 133  [36mtflops: 6.42  [35mmfu: 0.65%[39m
[rank0]:[titan] 2026-03-17 17:15:35,673 - root - INFO - [31mstep: 1391  [32mloss:  2.7887  [38;2;180;60;0mgrad_norm:  1.9976  [38;2;54;234;195mmemory: 39.92GiB(50.26%)  [34mtps: 132  [36mtflops: 6.35  [35mmfu: 0.64%[39m
[rank0]:[titan] 2026-03-17 17:15:50,711 - root - INFO - [31mstep: 1392  [32mloss:  2.8152  [38;2;180;60;0mgrad_norm:  2.0209  [38;2;54;234;195mmemory: 39.92GiB(50.26%)  [34mtps: 136  [36mtflops: 6.57  [35mmfu: 0.66%[39m
[rank0]:[titan] 2026-03-17 17:16:05,877 - root - INFO - [31mstep: 1393  [32mloss:  2.7403  [38;2;180;60;0mgrad_norm:  1.9845  [38;2;54;234;195mmemory: 39.92GiB(50.26%)  [34mtps: 135  [36mtflops: 6.52  [35mmfu: 0.66%[39m
[rank0]:[titan] 2026-03-17 17:16:21,698 - root - INFO - [31mstep: 1394  [32mloss:  2.7549  [38;2;180;60;0mgrad_norm:  1.5845  [38;2;54;234;195mmemory: 39.92GiB(50.26%)  [34mtps: 129  [36mtflops: 6.25  [35mmfu: 0.63%[39m
[rank0]:[titan] 2026-03-17 17:16:37,198 - root - INFO - [31mstep: 1395  [32mloss:  2.8039  [38;2;180;60;0mgrad_norm:  1.8927  [38;2;54;234;195mmemory: 39.92GiB(50.26%)  [34mtps: 132  [36mtflops: 6.38  [35mmfu: 0.64%[39m
[rank0]:[titan] 2026-03-17 17:16:52,709 - root - INFO - [31mstep: 1396  [32mloss:  2.7760  [38;2;180;60;0mgrad_norm:  1.7776  [38;2;54;234;195mmemory: 39.92GiB(50.26%)  [34mtps: 132  [36mtflops: 6.37  [35mmfu: 0.64%[39m
[rank0]:[titan] 2026-03-17 17:17:08,524 - root - INFO - [31mstep: 1397  [32mloss:  2.7361  [38;2;180;60;0mgrad_norm:  1.1847  [38;2;54;234;195mmemory: 39.92GiB(50.26%)  [34mtps: 130  [36mtflops: 6.25  [35mmfu: 0.63%[39m
[rank0]:[titan] 2026-03-17 17:17:24,389 - root - INFO - [31mstep: 1398  [32mloss:  2.7320  [38;2;180;60;0mgrad_norm:  1.5783  [38;2;54;234;195mmemory: 39.92GiB(50.26%)  [34mtps: 129  [36mtflops: 6.23  [35mmfu: 0.63%[39m
[rank0]:[titan] 2026-03-17 17:17:39,630 - root - INFO - [31mstep: 1399  [32mloss:  2.7265  [38;2;180;60;0mgrad_norm:  1.4252  [38;2;54;234;195mmemory: 39.92GiB(50.26%)  [34mtps: 134  [36mtflops: 6.48  [35mmfu: 0.66%[39m
[rank0]:[titan] 2026-03-17 17:17:55,109 - root - INFO - [31mstep: 1400  [32mloss:  2.7721  [38;2;180;60;0mgrad_norm:  1.0699  [38;2;54;234;195mmemory: 39.92GiB(50.26%)  [34mtps: 132  [36mtflops: 6.38  [35mmfu: 0.65%[39m
[rank0]:[titan] 2026-03-17 17:18:11,035 - root - INFO - [31mstep: 1401  [32mloss:  2.6588  [38;2;180;60;0mgrad_norm:  1.5367  [38;2;54;234;195mmemory: 39.92GiB(50.26%)  [34mtps: 129  [36mtflops: 6.20  [35mmfu: 0.63%[39m
[rank0]:[titan] 2026-03-17 17:18:26,238 - root - INFO - [31mstep: 1402  [32mloss:  2.7072  [38;2;180;60;0mgrad_norm:  1.1925  [38;2;54;234;195mmemory: 39.92GiB(50.26%)  [34mtps: 135  [36mtflops: 6.50  [35mmfu: 0.66%[39m
[rank0]:[titan] 2026-03-17 17:18:41,596 - root - INFO - [31mstep: 1403  [32mloss:  2.7611  [38;2;180;60;0mgrad_norm:  1.8716  [38;2;54;234;195mmemory: 39.92GiB(50.26%)  [34mtps: 133  [36mtflops: 6.43  [35mmfu: 0.65%[39m
[rank0]:[titan] 2026-03-17 17:18:57,174 - root - INFO - [31mstep: 1404  [32mloss:  2.7262  [38;2;180;60;0mgrad_norm:  1.6793  [38;2;54;234;195mmemory: 39.92GiB(50.26%)  [34mtps: 131  [36mtflops: 6.34  [35mmfu: 0.64%[39m
[rank0]:[titan] 2026-03-17 17:19:12,917 - root - INFO - [31mstep: 1405  [32mloss:  2.7141  [38;2;180;60;0mgrad_norm:  1.5273  [38;2;54;234;195mmemory: 39.92GiB(50.26%)  [34mtps: 130  [36mtflops: 6.28  [35mmfu: 0.63%[39m
[rank0]:[titan] 2026-03-17 17:19:28,324 - root - INFO - [31mstep: 1406  [32mloss:  2.7493  [38;2;180;60;0mgrad_norm:  2.0507  [38;2;54;234;195mmemory: 39.92GiB(50.26%)  [34mtps: 133  [36mtflops: 6.41  [35mmfu: 0.65%[39m
[rank0]:[titan] 2026-03-17 17:19:44,147 - root - INFO - [31mstep: 1407  [32mloss:  2.7331  [38;2;180;60;0mgrad_norm:  1.7091  [38;2;54;234;195mmemory: 39.92GiB(50.26%)  [34mtps: 129  [36mtflops: 6.25  [35mmfu: 0.63%[39m
[rank0]:[titan] 2026-03-17 17:19:59,756 - root - INFO - [31mstep: 1408  [32mloss:  2.7533  [38;2;180;60;0mgrad_norm:  1.9098  [38;2;54;234;195mmemory: 39.92GiB(50.26%)  [34mtps: 131  [36mtflops: 6.33  [35mmfu: 0.64%[39m
[rank0]:[titan] 2026-03-17 17:20:15,153 - root - INFO - [31mstep: 1409  [32mloss:  2.7555  [38;2;180;60;0mgrad_norm:  1.7345  [38;2;54;234;195mmemory: 39.92GiB(50.26%)  [34mtps: 133  [36mtflops: 6.42  [35mmfu: 0.65%[39m
[rank0]:[titan] 2026-03-17 17:20:30,679 - root - INFO - [31mstep: 1410  [32mloss:  2.7553  [38;2;180;60;0mgrad_norm:  2.0540  [38;2;54;234;195mmemory: 39.92GiB(50.26%)  [34mtps: 132  [36mtflops: 6.36  [35mmfu: 0.64%[39m
[rank0]:[titan] 2026-03-17 17:20:46,750 - root - INFO - [31mstep: 1411  [32mloss:  2.7098  [38;2;180;60;0mgrad_norm:  1.7511  [38;2;54;234;195mmemory: 39.92GiB(50.26%)  [34mtps: 127  [36mtflops: 6.15  [35mmfu: 0.62%[39m
[rank0]:[titan] 2026-03-17 17:21:02,601 - root - INFO - [31mstep: 1412  [32mloss:  2.7316  [38;2;180;60;0mgrad_norm:  1.7300  [38;2;54;234;195mmemory: 39.92GiB(50.26%)  [34mtps: 129  [36mtflops: 6.23  [35mmfu: 0.63%[39m
[rank0]:[titan] 2026-03-17 17:21:17,924 - root - INFO - [31mstep: 1413  [32mloss:  2.7306  [38;2;180;60;0mgrad_norm:  2.1883  [38;2;54;234;195mmemory: 39.92GiB(50.26%)  [34mtps: 134  [36mtflops: 6.45  [35mmfu: 0.65%[39m
[rank0]:[titan] 2026-03-17 17:21:33,399 - root - INFO - [31mstep: 1414  [32mloss:  2.7181  [38;2;180;60;0mgrad_norm:  1.5457  [38;2;54;234;195mmemory: 39.92GiB(50.26%)  [34mtps: 132  [36mtflops: 6.39  [35mmfu: 0.65%[39m
[rank0]:[titan] 2026-03-17 17:21:49,048 - root - INFO - [31mstep: 1415  [32mloss:  2.7370  [38;2;180;60;0mgrad_norm:  1.7355  [38;2;54;234;195mmemory: 39.92GiB(50.26%)  [34mtps: 131  [36mtflops: 6.32  [35mmfu: 0.64%[39m
[rank0]:[titan] 2026-03-17 17:22:04,982 - root - INFO - [31mstep: 1416  [32mloss:  2.7031  [38;2;180;60;0mgrad_norm:  1.9408  [38;2;54;234;195mmemory: 39.92GiB(50.26%)  [34mtps: 129  [36mtflops: 6.20  [35mmfu: 0.63%[39m
[rank0]:[titan] 2026-03-17 17:22:20,619 - root - INFO - [31mstep: 1417  [32mloss:  2.7447  [38;2;180;60;0mgrad_norm:  2.3120  [38;2;54;234;195mmemory: 39.92GiB(50.26%)  [34mtps: 131  [36mtflops: 6.32  [35mmfu: 0.64%[39m
[rank0]:[titan] 2026-03-17 17:22:36,157 - root - INFO - [31mstep: 1418  [32mloss:  2.7464  [38;2;180;60;0mgrad_norm:  1.8902  [38;2;54;234;195mmemory: 39.92GiB(50.26%)  [34mtps: 132  [36mtflops: 6.36  [35mmfu: 0.64%[39m
[rank0]:[titan] 2026-03-17 17:22:51,505 - root - INFO - [31mstep: 1419  [32mloss:  2.6872  [38;2;180;60;0mgrad_norm:  2.1932  [38;2;54;234;195mmemory: 39.92GiB(50.26%)  [34mtps: 133  [36mtflops: 6.44  [35mmfu: 0.65%[39m
[rank0]:[titan] 2026-03-17 17:23:07,543 - root - INFO - [31mstep: 1420  [32mloss:  2.7203  [38;2;180;60;0mgrad_norm:  2.3759  [38;2;54;234;195mmemory: 39.92GiB(50.26%)  [34mtps: 128  [36mtflops: 6.16  [35mmfu: 0.62%[39m
[rank0]:[titan] 2026-03-17 17:23:23,865 - root - INFO - [31mstep: 1421  [32mloss:  2.7352  [38;2;180;60;0mgrad_norm:  2.2217  [38;2;54;234;195mmemory: 39.92GiB(50.26%)  [34mtps: 125  [36mtflops: 6.05  [35mmfu: 0.61%[39m
[rank0]:[titan] 2026-03-17 17:23:39,859 - root - INFO - [31mstep: 1422  [32mloss:  2.7628  [38;2;180;60;0mgrad_norm:  2.0755  [38;2;54;234;195mmemory: 39.92GiB(50.26%)  [34mtps: 128  [36mtflops: 6.18  [35mmfu: 0.62%[39m
[rank0]:[titan] 2026-03-17 17:23:54,840 - root - INFO - [31mstep: 1423  [32mloss:  2.8145  [38;2;180;60;0mgrad_norm:  1.9024  [38;2;54;234;195mmemory: 39.92GiB(50.26%)  [34mtps: 137  [36mtflops: 6.60  [35mmfu: 0.67%[39m
[rank0]:[titan] 2026-03-17 17:24:10,011 - root - INFO - [31mstep: 1424  [32mloss:  2.7267  [38;2;180;60;0mgrad_norm:  1.8908  [38;2;54;234;195mmemory: 39.92GiB(50.26%)  [34mtps: 135  [36mtflops: 6.51  [35mmfu: 0.66%[39m
[rank0]:[titan] 2026-03-17 17:24:25,466 - root - INFO - [31mstep: 1425  [32mloss:  2.7650  [38;2;180;60;0mgrad_norm:  1.7771  [38;2;54;234;195mmemory: 39.92GiB(50.26%)  [34mtps: 133  [36mtflops: 6.39  [35mmfu: 0.65%[39m
[rank0]:[titan] 2026-03-17 17:24:40,999 - root - INFO - [31mstep: 1426  [32mloss:  2.7507  [38;2;180;60;0mgrad_norm:  1.3285  [38;2;54;234;195mmemory: 39.92GiB(50.26%)  [34mtps: 132  [36mtflops: 6.36  [35mmfu: 0.64%[39m
[rank0]:[titan] 2026-03-17 17:24:56,581 - root - INFO - [31mstep: 1427  [32mloss:  2.7233  [38;2;180;60;0mgrad_norm:  1.7631  [38;2;54;234;195mmemory: 39.92GiB(50.26%)  [34mtps: 131  [36mtflops: 6.34  [35mmfu: 0.64%[39m
[rank0]:[titan] 2026-03-17 17:25:11,719 - root - INFO - [31mstep: 1428  [32mloss:  2.7506  [38;2;180;60;0mgrad_norm:  1.5916  [38;2;54;234;195mmemory: 39.92GiB(50.26%)  [34mtps: 135  [36mtflops: 6.53  [35mmfu: 0.66%[39m
[rank0]:[titan] 2026-03-17 17:25:27,019 - root - INFO - [31mstep: 1429  [32mloss:  2.6877  [38;2;180;60;0mgrad_norm:  1.6973  [38;2;54;234;195mmemory: 39.92GiB(50.26%)  [34mtps: 134  [36mtflops: 6.46  [35mmfu: 0.65%[39m
[rank0]:[titan] 2026-03-17 17:25:42,168 - root - INFO - [31mstep: 1430  [32mloss:  2.7296  [38;2;180;60;0mgrad_norm:  1.6940  [38;2;54;234;195mmemory: 39.92GiB(50.26%)  [34mtps: 135  [36mtflops: 6.52  [35mmfu: 0.66%[39m
[rank0]:[titan] 2026-03-17 17:25:57,706 - root - INFO - [31mstep: 1431  [32mloss:  2.7366  [38;2;180;60;0mgrad_norm:  1.4851  [38;2;54;234;195mmemory: 39.92GiB(50.26%)  [34mtps: 132  [36mtflops: 6.36  [35mmfu: 0.64%[39m
[rank0]:[titan] 2026-03-17 17:26:12,959 - root - INFO - [31mstep: 1432  [32mloss:  2.8039  [38;2;180;60;0mgrad_norm:  1.7330  [38;2;54;234;195mmemory: 39.92GiB(50.26%)  [34mtps: 134  [36mtflops: 6.48  [35mmfu: 0.66%[39m
[rank0]:[titan] 2026-03-17 17:26:28,157 - root - INFO - [31mstep: 1433  [32mloss:  2.7531  [38;2;180;60;0mgrad_norm:  1.2629  [38;2;54;234;195mmemory: 39.92GiB(50.26%)  [34mtps: 135  [36mtflops: 6.50  [35mmfu: 0.66%[39m
[rank0]:[titan] 2026-03-17 17:26:43,668 - root - INFO - [31mstep: 1434  [32mloss:  2.7567  [38;2;180;60;0mgrad_norm:  1.4459  [38;2;54;234;195mmemory: 39.92GiB(50.26%)  [34mtps: 132  [36mtflops: 6.37  [35mmfu: 0.64%[39m
[rank0]:[titan] 2026-03-17 17:26:58,953 - root - INFO - [31mstep: 1435  [32mloss:  2.7332  [38;2;180;60;0mgrad_norm:  1.3800  [38;2;54;234;195mmemory: 39.92GiB(50.26%)  [34mtps: 134  [36mtflops: 6.47  [35mmfu: 0.65%[39m
[rank0]:[titan] 2026-03-17 17:27:14,393 - root - INFO - [31mstep: 1436  [32mloss:  2.7238  [38;2;180;60;0mgrad_norm:  2.0867  [38;2;54;234;195mmemory: 39.92GiB(50.26%)  [34mtps: 133  [36mtflops: 6.40  [35mmfu: 0.65%[39m
[rank0]:[titan] 2026-03-17 17:27:29,817 - root - INFO - [31mstep: 1437  [32mloss:  2.6649  [38;2;180;60;0mgrad_norm:  1.6026  [38;2;54;234;195mmemory: 39.92GiB(50.26%)  [34mtps: 133  [36mtflops: 6.41  [35mmfu: 0.65%[39m
[rank0]:[titan] 2026-03-17 17:27:45,090 - root - INFO - [31mstep: 1438  [32mloss:  2.7228  [38;2;180;60;0mgrad_norm:  1.3811  [38;2;54;234;195mmemory: 39.92GiB(50.26%)  [34mtps: 134  [36mtflops: 6.47  [35mmfu: 0.65%[39m
[rank0]:[titan] 2026-03-17 17:28:00,371 - root - INFO - [31mstep: 1439  [32mloss:  2.7277  [38;2;180;60;0mgrad_norm:  1.5589  [38;2;54;234;195mmemory: 39.92GiB(50.26%)  [34mtps: 134  [36mtflops: 6.47  [35mmfu: 0.65%[39m
[rank0]:[titan] 2026-03-17 17:28:15,622 - root - INFO - [31mstep: 1440  [32mloss:  2.7391  [38;2;180;60;0mgrad_norm:  1.2861  [38;2;54;234;195mmemory: 39.92GiB(50.26%)  [34mtps: 134  [36mtflops: 6.48  [35mmfu: 0.66%[39m
[rank0]:[titan] 2026-03-17 17:28:31,234 - root - INFO - [31mstep: 1441  [32mloss:  2.7284  [38;2;180;60;0mgrad_norm:  1.1593  [38;2;54;234;195mmemory: 39.92GiB(50.26%)  [34mtps: 131  [36mtflops: 6.33  [35mmfu: 0.64%[39m
[rank0]:[titan] 2026-03-17 17:28:46,508 - root - INFO - [31mstep: 1442  [32mloss:  2.7116  [38;2;180;60;0mgrad_norm:  1.5778  [38;2;54;234;195mmemory: 39.92GiB(50.26%)  [34mtps: 134  [36mtflops: 6.47  [35mmfu: 0.65%[39m
[rank0]:[titan] 2026-03-17 17:29:01,720 - root - INFO - [31mstep: 1443  [32mloss:  2.7161  [38;2;180;60;0mgrad_norm:  1.3647  [38;2;54;234;195mmemory: 39.92GiB(50.26%)  [34mtps: 135  [36mtflops: 6.50  [35mmfu: 0.66%[39m
[rank0]:[titan] 2026-03-17 17:29:17,355 - root - INFO - [31mstep: 1444  [32mloss:  2.7874  [38;2;180;60;0mgrad_norm:  1.1420  [38;2;54;234;195mmemory: 39.92GiB(50.26%)  [34mtps: 131  [36mtflops: 6.32  [35mmfu: 0.64%[39m
[rank0]:[titan] 2026-03-17 17:29:33,240 - root - INFO - [31mstep: 1445  [32mloss:  2.7239  [38;2;180;60;0mgrad_norm:  1.2831  [38;2;54;234;195mmemory: 39.92GiB(50.26%)  [34mtps: 129  [36mtflops: 6.22  [35mmfu: 0.63%[39m
[rank0]:[titan] 2026-03-17 17:29:48,676 - root - INFO - [31mstep: 1446  [32mloss:  2.7596  [38;2;180;60;0mgrad_norm:  1.4208  [38;2;54;234;195mmemory: 39.92GiB(50.26%)  [34mtps: 133  [36mtflops: 6.40  [35mmfu: 0.65%[39m
[rank0]:[titan] 2026-03-17 17:30:04,033 - root - INFO - [31mstep: 1447  [32mloss:  2.8136  [38;2;180;60;0mgrad_norm:  1.1526  [38;2;54;234;195mmemory: 39.92GiB(50.26%)  [34mtps: 133  [36mtflops: 6.43  [35mmfu: 0.65%[39m
[rank0]:[titan] 2026-03-17 17:30:19,502 - root - INFO - [31mstep: 1448  [32mloss:  2.6896  [38;2;180;60;0mgrad_norm:  1.1966  [38;2;54;234;195mmemory: 39.92GiB(50.26%)  [34mtps: 132  [36mtflops: 6.39  [35mmfu: 0.65%[39m
[rank0]:[titan] 2026-03-17 17:30:35,186 - root - INFO - [31mstep: 1449  [32mloss:  2.7414  [38;2;180;60;0mgrad_norm:  1.4666  [38;2;54;234;195mmemory: 39.92GiB(50.26%)  [34mtps: 131  [36mtflops: 6.30  [35mmfu: 0.64%[39m
[rank0]:[titan] 2026-03-17 17:30:50,561 - root - INFO - [31mstep: 1450  [32mloss:  2.7525  [38;2;180;60;0mgrad_norm:  1.4181  [38;2;54;234;195mmemory: 39.92GiB(50.26%)  [34mtps: 133  [36mtflops: 6.43  [35mmfu: 0.65%[39m
[rank0]:[titan] 2026-03-17 17:31:06,064 - root - INFO - [31mstep: 1451  [32mloss:  2.7465  [38;2;180;60;0mgrad_norm:  1.7219  [38;2;54;234;195mmemory: 39.92GiB(50.26%)  [34mtps: 132  [36mtflops: 6.37  [35mmfu: 0.64%[39m
[rank0]:[titan] 2026-03-17 17:31:21,300 - root - INFO - [31mstep: 1452  [32mloss:  2.7574  [38;2;180;60;0mgrad_norm:  1.7744  [38;2;54;234;195mmemory: 39.92GiB(50.26%)  [34mtps: 134  [36mtflops: 6.49  [35mmfu: 0.66%[39m
[rank0]:[titan] 2026-03-17 17:31:36,975 - root - INFO - [31mstep: 1453  [32mloss:  2.6987  [38;2;180;60;0mgrad_norm:  1.4886  [38;2;54;234;195mmemory: 39.92GiB(50.26%)  [34mtps: 131  [36mtflops: 6.30  [35mmfu: 0.64%[39m
[rank0]:[titan] 2026-03-17 17:31:52,336 - root - INFO - [31mstep: 1454  [32mloss:  2.7057  [38;2;180;60;0mgrad_norm:  1.2309  [38;2;54;234;195mmemory: 39.92GiB(50.26%)  [34mtps: 133  [36mtflops: 6.43  [35mmfu: 0.65%[39m
[rank0]:[titan] 2026-03-17 17:32:07,542 - root - INFO - [31mstep: 1455  [32mloss:  2.7146  [38;2;180;60;0mgrad_norm:  1.7816  [38;2;54;234;195mmemory: 39.92GiB(50.26%)  [34mtps: 135  [36mtflops: 6.50  [35mmfu: 0.66%[39m
[rank0]:[titan] 2026-03-17 17:32:22,954 - root - INFO - [31mstep: 1456  [32mloss:  2.7170  [38;2;180;60;0mgrad_norm:  1.2616  [38;2;54;234;195mmemory: 39.92GiB(50.26%)  [34mtps: 133  [36mtflops: 6.41  [35mmfu: 0.65%[39m
[rank0]:[titan] 2026-03-17 17:32:38,646 - root - INFO - [31mstep: 1457  [32mloss:  2.7564  [38;2;180;60;0mgrad_norm:  1.5098  [38;2;54;234;195mmemory: 39.92GiB(50.26%)  [34mtps: 131  [36mtflops: 6.30  [35mmfu: 0.64%[39m
[rank0]:[titan] 2026-03-17 17:32:54,590 - root - INFO - [31mstep: 1458  [32mloss:  2.7169  [38;2;180;60;0mgrad_norm:  1.2955  [38;2;54;234;195mmemory: 39.92GiB(50.26%)  [34mtps: 128  [36mtflops: 6.20  [35mmfu: 0.63%[39m
[rank0]:[titan] 2026-03-17 17:33:10,006 - root - INFO - [31mstep: 1459  [32mloss:  2.7499  [38;2;180;60;0mgrad_norm:  0.8282  [38;2;54;234;195mmemory: 39.92GiB(50.26%)  [34mtps: 133  [36mtflops: 6.41  [35mmfu: 0.65%[39m
[rank0]:[titan] 2026-03-17 17:33:25,353 - root - INFO - [31mstep: 1460  [32mloss:  2.7434  [38;2;180;60;0mgrad_norm:  1.3937  [38;2;54;234;195mmemory: 39.92GiB(50.26%)  [34mtps: 133  [36mtflops: 6.44  [35mmfu: 0.65%[39m
[rank0]:[titan] 2026-03-17 17:33:40,537 - root - INFO - [31mstep: 1461  [32mloss:  2.7628  [38;2;180;60;0mgrad_norm:  1.3004  [38;2;54;234;195mmemory: 39.92GiB(50.26%)  [34mtps: 135  [36mtflops: 6.51  [35mmfu: 0.66%[39m
[rank0]:[titan] 2026-03-17 17:33:56,516 - root - INFO - [31mstep: 1462  [32mloss:  2.6958  [38;2;180;60;0mgrad_norm:  1.3088  [38;2;54;234;195mmemory: 39.92GiB(50.26%)  [34mtps: 128  [36mtflops: 6.18  [35mmfu: 0.63%[39m
[rank0]:[titan] 2026-03-17 17:34:12,062 - root - INFO - [31mstep: 1463  [32mloss:  2.7171  [38;2;180;60;0mgrad_norm:  1.4731  [38;2;54;234;195mmemory: 39.92GiB(50.26%)  [34mtps: 132  [36mtflops: 6.36  [35mmfu: 0.64%[39m
[rank0]:[titan] 2026-03-17 17:34:27,583 - root - INFO - [31mstep: 1464  [32mloss:  2.7339  [38;2;180;60;0mgrad_norm:  1.4397  [38;2;54;234;195mmemory: 39.92GiB(50.26%)  [34mtps: 132  [36mtflops: 6.37  [35mmfu: 0.64%[39m
[rank0]:[titan] 2026-03-17 17:34:43,176 - root - INFO - [31mstep: 1465  [32mloss:  2.7142  [38;2;180;60;0mgrad_norm:  1.5580  [38;2;54;234;195mmemory: 39.92GiB(50.26%)  [34mtps: 131  [36mtflops: 6.34  [35mmfu: 0.64%[39m
[rank0]:[titan] 2026-03-17 17:34:58,733 - root - INFO - [31mstep: 1466  [32mloss:  2.7442  [38;2;180;60;0mgrad_norm:  1.3421  [38;2;54;234;195mmemory: 39.92GiB(50.26%)  [34mtps: 132  [36mtflops: 6.35  [35mmfu: 0.64%[39m
[rank0]:[titan] 2026-03-17 17:35:14,710 - root - INFO - [31mstep: 1467  [32mloss:  2.7499  [38;2;180;60;0mgrad_norm:  1.2058  [38;2;54;234;195mmemory: 39.92GiB(50.26%)  [34mtps: 128  [36mtflops: 6.19  [35mmfu: 0.63%[39m
[rank0]:[titan] 2026-03-17 17:35:30,252 - root - INFO - [31mstep: 1468  [32mloss:  2.7338  [38;2;180;60;0mgrad_norm:  1.2805  [38;2;54;234;195mmemory: 39.92GiB(50.26%)  [34mtps: 132  [36mtflops: 6.36  [35mmfu: 0.64%[39m
[rank0]:[titan] 2026-03-17 17:35:45,890 - root - INFO - [31mstep: 1469  [32mloss:  2.7943  [38;2;180;60;0mgrad_norm:  1.7757  [38;2;54;234;195mmemory: 39.92GiB(50.26%)  [34mtps: 131  [36mtflops: 6.32  [35mmfu: 0.64%[39m
[rank0]:[titan] 2026-03-17 17:36:01,378 - root - INFO - [31mstep: 1470  [32mloss:  2.7096  [38;2;180;60;0mgrad_norm:  1.4826  [38;2;54;234;195mmemory: 39.92GiB(50.26%)  [34mtps: 132  [36mtflops: 6.38  [35mmfu: 0.65%[39m
[rank0]:[titan] 2026-03-17 17:36:16,957 - root - INFO - [31mstep: 1471  [32mloss:  2.7353  [38;2;180;60;0mgrad_norm:  1.6068  [38;2;54;234;195mmemory: 39.92GiB(50.26%)  [34mtps: 131  [36mtflops: 6.34  [35mmfu: 0.64%[39m
[rank0]:[titan] 2026-03-17 17:36:32,484 - root - INFO - [31mstep: 1472  [32mloss:  2.7292  [38;2;180;60;0mgrad_norm:  1.5732  [38;2;54;234;195mmemory: 39.92GiB(50.26%)  [34mtps: 132  [36mtflops: 6.36  [35mmfu: 0.64%[39m
[rank0]:[titan] 2026-03-17 17:36:48,168 - root - INFO - [31mstep: 1473  [32mloss:  2.7468  [38;2;180;60;0mgrad_norm:  1.1349  [38;2;54;234;195mmemory: 39.92GiB(50.26%)  [34mtps: 131  [36mtflops: 6.30  [35mmfu: 0.64%[39m
[rank0]:[titan] 2026-03-17 17:37:04,349 - root - INFO - [31mstep: 1474  [32mloss:  2.7908  [38;2;180;60;0mgrad_norm:  1.4964  [38;2;54;234;195mmemory: 39.92GiB(50.26%)  [34mtps: 127  [36mtflops: 6.11  [35mmfu: 0.62%[39m
[rank0]:[titan] 2026-03-17 17:37:19,798 - root - INFO - [31mstep: 1475  [32mloss:  2.7596  [38;2;180;60;0mgrad_norm:  1.6092  [38;2;54;234;195mmemory: 39.92GiB(50.26%)  [34mtps: 133  [36mtflops: 6.40  [35mmfu: 0.65%[39m
[rank0]:[titan] 2026-03-17 17:37:34,941 - root - INFO - [31mstep: 1476  [32mloss:  2.6855  [38;2;180;60;0mgrad_norm:  1.3965  [38;2;54;234;195mmemory: 39.92GiB(50.26%)  [34mtps: 135  [36mtflops: 6.53  [35mmfu: 0.66%[39m
[rank0]:[titan] 2026-03-17 17:37:50,669 - root - INFO - [31mstep: 1477  [32mloss:  2.7287  [38;2;180;60;0mgrad_norm:  1.3280  [38;2;54;234;195mmemory: 39.92GiB(50.26%)  [34mtps: 130  [36mtflops: 6.28  [35mmfu: 0.64%[39m
[rank0]:[titan] 2026-03-17 17:38:06,135 - root - INFO - [31mstep: 1478  [32mloss:  2.7279  [38;2;180;60;0mgrad_norm:  1.8319  [38;2;54;234;195mmemory: 39.92GiB(50.26%)  [34mtps: 132  [36mtflops: 6.39  [35mmfu: 0.65%[39m
[rank0]:[titan] 2026-03-17 17:38:21,336 - root - INFO - [31mstep: 1479  [32mloss:  2.7298  [38;2;180;60;0mgrad_norm:  2.1710  [38;2;54;234;195mmemory: 39.92GiB(50.26%)  [34mtps: 135  [36mtflops: 6.50  [35mmfu: 0.66%[39m
[rank0]:[titan] 2026-03-17 17:38:36,598 - root - INFO - [31mstep: 1480  [32mloss:  2.7955  [38;2;180;60;0mgrad_norm:  1.8930  [38;2;54;234;195mmemory: 39.92GiB(50.26%)  [34mtps: 134  [36mtflops: 6.47  [35mmfu: 0.65%[39m
[rank0]:[titan] 2026-03-17 17:38:36,602 - root - WARNING - Dataset c4_test is being re-looped
[rank0]:[titan] 2026-03-17 17:38:52,454 - root - INFO - [31mstep: 1481  [32mloss:  2.7874  [38;2;180;60;0mgrad_norm:  1.3353  [38;2;54;234;195mmemory: 39.92GiB(50.26%)  [34mtps: 129  [36mtflops: 6.23  [35mmfu: 0.63%[39m
[rank0]:[titan] 2026-03-17 17:39:07,826 - root - INFO - [31mstep: 1482  [32mloss:  2.7151  [38;2;180;60;0mgrad_norm:  1.7078  [38;2;54;234;195mmemory: 39.92GiB(50.26%)  [34mtps: 133  [36mtflops: 6.43  [35mmfu: 0.65%[39m
[rank0]:[titan] 2026-03-17 17:39:23,311 - root - INFO - [31mstep: 1483  [32mloss:  2.7482  [38;2;180;60;0mgrad_norm:  1.5729  [38;2;54;234;195mmemory: 39.92GiB(50.26%)  [34mtps: 132  [36mtflops: 6.38  [35mmfu: 0.65%[39m
[rank0]:[titan] 2026-03-17 17:39:38,466 - root - INFO - [31mstep: 1484  [32mloss:  2.7722  [38;2;180;60;0mgrad_norm:  1.6935  [38;2;54;234;195mmemory: 39.92GiB(50.26%)  [34mtps: 135  [36mtflops: 6.52  [35mmfu: 0.66%[39m
[rank0]:[titan] 2026-03-17 17:39:54,379 - root - INFO - [31mstep: 1485  [32mloss:  2.8075  [38;2;180;60;0mgrad_norm:  1.4290  [38;2;54;234;195mmemory: 39.92GiB(50.26%)  [34mtps: 129  [36mtflops: 6.21  [35mmfu: 0.63%[39m
[rank0]:[titan] 2026-03-17 17:40:10,077 - root - INFO - [31mstep: 1486  [32mloss:  2.8096  [38;2;180;60;0mgrad_norm:  1.3979  [38;2;54;234;195mmemory: 39.92GiB(50.26%)  [34mtps: 130  [36mtflops: 6.30  [35mmfu: 0.64%[39m
[rank0]:[titan] 2026-03-17 17:40:25,200 - root - INFO - [31mstep: 1487  [32mloss:  2.8195  [38;2;180;60;0mgrad_norm:  1.5379  [38;2;54;234;195mmemory: 39.92GiB(50.26%)  [34mtps: 135  [36mtflops: 6.53  [35mmfu: 0.66%[39m
[rank0]:[titan] 2026-03-17 17:40:40,799 - root - INFO - [31mstep: 1488  [32mloss:  2.8011  [38;2;180;60;0mgrad_norm:  1.2274  [38;2;54;234;195mmemory: 39.92GiB(50.26%)  [34mtps: 131  [36mtflops: 6.33  [35mmfu: 0.64%[39m
[rank0]:[titan] 2026-03-17 17:40:55,949 - root - INFO - [31mstep: 1489  [32mloss:  2.7508  [38;2;180;60;0mgrad_norm:  0.9387  [38;2;54;234;195mmemory: 39.92GiB(50.26%)  [34mtps: 135  [36mtflops: 6.52  [35mmfu: 0.66%[39m
[rank0]:[titan] 2026-03-17 17:41:11,358 - root - INFO - [31mstep: 1490  [32mloss:  2.7678  [38;2;180;60;0mgrad_norm:  1.3697  [38;2;54;234;195mmemory: 39.92GiB(50.26%)  [34mtps: 133  [36mtflops: 6.41  [35mmfu: 0.65%[39m
[rank0]:[titan] 2026-03-17 17:41:26,693 - root - INFO - [31mstep: 1491  [32mloss:  2.7906  [38;2;180;60;0mgrad_norm:  1.3816  [38;2;54;234;195mmemory: 39.92GiB(50.26%)  [34mtps: 134  [36mtflops: 6.44  [35mmfu: 0.65%[39m
[rank0]:[titan] 2026-03-17 17:41:42,206 - root - INFO - [31mstep: 1492  [32mloss:  2.7639  [38;2;180;60;0mgrad_norm:  1.1854  [38;2;54;234;195mmemory: 39.92GiB(50.26%)  [34mtps: 132  [36mtflops: 6.37  [35mmfu: 0.64%[39m
[rank0]:[titan] 2026-03-17 17:41:57,817 - root - INFO - [31mstep: 1493  [32mloss:  2.7492  [38;2;180;60;0mgrad_norm:  1.2569  [38;2;54;234;195mmemory: 39.92GiB(50.26%)  [34mtps: 131  [36mtflops: 6.33  [35mmfu: 0.64%[39m
[rank0]:[titan] 2026-03-17 17:42:13,033 - root - INFO - [31mstep: 1494  [32mloss:  2.7698  [38;2;180;60;0mgrad_norm:  1.8810  [38;2;54;234;195mmemory: 39.92GiB(50.26%)  [34mtps: 135  [36mtflops: 6.49  [35mmfu: 0.66%[39m
[rank0]:[titan] 2026-03-17 17:42:28,172 - root - INFO - [31mstep: 1495  [32mloss:  2.7912  [38;2;180;60;0mgrad_norm:  1.6455  [38;2;54;234;195mmemory: 39.92GiB(50.26%)  [34mtps: 135  [36mtflops: 6.53  [35mmfu: 0.66%[39m
[rank0]:[titan] 2026-03-17 17:42:44,431 - root - INFO - [31mstep: 1496  [32mloss:  2.8453  [38;2;180;60;0mgrad_norm:  1.6597  [38;2;54;234;195mmemory: 39.92GiB(50.26%)  [34mtps: 126  [36mtflops: 6.08  [35mmfu: 0.61%[39m
[rank0]:[titan] 2026-03-17 17:43:00,033 - root - INFO - [31mstep: 1497  [32mloss:  2.7342  [38;2;180;60;0mgrad_norm:  2.0235  [38;2;54;234;195mmemory: 39.92GiB(50.26%)  [34mtps: 131  [36mtflops: 6.33  [35mmfu: 0.64%[39m
[rank0]:[titan] 2026-03-17 17:43:15,470 - root - INFO - [31mstep: 1498  [32mloss:  2.7373  [38;2;180;60;0mgrad_norm:  1.7009  [38;2;54;234;195mmemory: 39.92GiB(50.26%)  [34mtps: 133  [36mtflops: 6.40  [35mmfu: 0.65%[39m
[rank0]:[titan] 2026-03-17 17:43:31,110 - root - INFO - [31mstep: 1499  [32mloss:  2.7145  [38;2;180;60;0mgrad_norm:  1.7699  [38;2;54;234;195mmemory: 39.92GiB(50.26%)  [34mtps: 131  [36mtflops: 6.32  [35mmfu: 0.64%[39m
[rank0]:[titan] 2026-03-17 17:43:46,533 - root - INFO - [31mstep: 1500  [32mloss:  2.7654  [38;2;180;60;0mgrad_norm:  1.9506  [38;2;54;234;195mmemory: 39.92GiB(50.26%)  [34mtps: 133  [36mtflops: 6.41  [35mmfu: 0.65%[39m
[rank0]:[titan] 2026-03-17 17:44:01,673 - root - INFO - [31mstep: 1501  [32mloss:  2.7491  [38;2;180;60;0mgrad_norm:  1.9867  [38;2;54;234;195mmemory: 39.92GiB(50.26%)  [34mtps: 135  [36mtflops: 6.53  [35mmfu: 0.66%[39m
[rank0]:[titan] 2026-03-17 17:44:16,871 - root - INFO - [31mstep: 1502  [32mloss:  2.7303  [38;2;180;60;0mgrad_norm:  1.6570  [38;2;54;234;195mmemory: 39.92GiB(50.26%)  [34mtps: 135  [36mtflops: 6.50  [35mmfu: 0.66%[39m
[rank0]:[titan] 2026-03-17 17:44:32,101 - root - INFO - [31mstep: 1503  [32mloss:  2.7264  [38;2;180;60;0mgrad_norm:  1.7598  [38;2;54;234;195mmemory: 39.92GiB(50.26%)  [34mtps: 134  [36mtflops: 6.49  [35mmfu: 0.66%[39m
[rank0]:[titan] 2026-03-17 17:44:47,248 - root - INFO - [31mstep: 1504  [32mloss:  2.6936  [38;2;180;60;0mgrad_norm:  1.6841  [38;2;54;234;195mmemory: 39.92GiB(50.26%)  [34mtps: 135  [36mtflops: 6.52  [35mmfu: 0.66%[39m
[rank0]:[titan] 2026-03-17 17:45:02,394 - root - INFO - [31mstep: 1505  [32mloss:  2.7850  [38;2;180;60;0mgrad_norm:  1.8490  [38;2;54;234;195mmemory: 39.92GiB(50.26%)  [34mtps: 135  [36mtflops: 6.52  [35mmfu: 0.66%[39m
[rank0]:[titan] 2026-03-17 17:45:17,504 - root - INFO - [31mstep: 1506  [32mloss:  2.8692  [38;2;180;60;0mgrad_norm:  1.6459  [38;2;54;234;195mmemory: 39.92GiB(50.26%)  [34mtps: 136  [36mtflops: 6.54  [35mmfu: 0.66%[39m
[rank0]:[titan] 2026-03-17 17:45:32,841 - root - INFO - [31mstep: 1507  [32mloss:  2.7866  [38;2;180;60;0mgrad_norm:  1.6380  [38;2;54;234;195mmemory: 39.92GiB(50.26%)  [34mtps: 134  [36mtflops: 6.44  [35mmfu: 0.65%[39m
[rank0]:[titan] 2026-03-17 17:45:48,278 - root - INFO - [31mstep: 1508  [32mloss:  2.7467  [38;2;180;60;0mgrad_norm:  1.2087  [38;2;54;234;195mmemory: 39.92GiB(50.26%)  [34mtps: 133  [36mtflops: 6.40  [35mmfu: 0.65%[39m
[rank0]:[titan] 2026-03-17 17:46:03,411 - root - INFO - [31mstep: 1509  [32mloss:  2.7393  [38;2;180;60;0mgrad_norm:  1.0999  [38;2;54;234;195mmemory: 39.92GiB(50.26%)  [34mtps: 135  [36mtflops: 6.53  [35mmfu: 0.66%[39m
[rank0]:[titan] 2026-03-17 17:46:18,922 - root - INFO - [31mstep: 1510  [32mloss:  2.7369  [38;2;180;60;0mgrad_norm:  1.1085  [38;2;54;234;195mmemory: 39.92GiB(50.26%)  [34mtps: 132  [36mtflops: 6.37  [35mmfu: 0.64%[39m
[rank0]:[titan] 2026-03-17 17:46:34,606 - root - INFO - [31mstep: 1511  [32mloss:  2.7775  [38;2;180;60;0mgrad_norm:  1.2092  [38;2;54;234;195mmemory: 39.92GiB(50.26%)  [34mtps: 131  [36mtflops: 6.30  [35mmfu: 0.64%[39m
[rank0]:[titan] 2026-03-17 17:46:50,453 - root - INFO - [31mstep: 1512  [32mloss:  2.7676  [38;2;180;60;0mgrad_norm:  1.3031  [38;2;54;234;195mmemory: 39.92GiB(50.26%)  [34mtps: 129  [36mtflops: 6.24  [35mmfu: 0.63%[39m
[rank0]:[titan] 2026-03-17 17:47:06,387 - root - INFO - [31mstep: 1513  [32mloss:  2.7290  [38;2;180;60;0mgrad_norm:  1.3816  [38;2;54;234;195mmemory: 39.92GiB(50.26%)  [34mtps: 129  [36mtflops: 6.20  [35mmfu: 0.63%[39m
[rank0]:[titan] 2026-03-17 17:47:21,712 - root - INFO - [31mstep: 1514  [32mloss:  2.7304  [38;2;180;60;0mgrad_norm:  1.2922  [38;2;54;234;195mmemory: 39.92GiB(50.26%)  [34mtps: 134  [36mtflops: 6.45  [35mmfu: 0.65%[39m
[rank0]:[titan] 2026-03-17 17:47:37,004 - root - INFO - [31mstep: 1515  [32mloss:  2.7073  [38;2;180;60;0mgrad_norm:  1.4192  [38;2;54;234;195mmemory: 39.92GiB(50.26%)  [34mtps: 134  [36mtflops: 6.46  [35mmfu: 0.65%[39m
[rank0]:[titan] 2026-03-17 17:47:57,266 - root - INFO - [31mstep: 1516  [32mloss:  2.6951  [38;2;180;60;0mgrad_norm:  1.1642  [38;2;54;234;195mmemory: 39.92GiB(50.26%)  [34mtps: 101  [36mtflops: 4.88  [35mmfu: 0.49%[39m
[rank0]:[titan] 2026-03-17 17:48:16,241 - root - INFO - [31mstep: 1517  [32mloss:  2.7003  [38;2;180;60;0mgrad_norm:  1.5775  [38;2;54;234;195mmemory: 39.92GiB(50.26%)  [34mtps: 108  [36mtflops: 5.21  [35mmfu: 0.53%[39m
[rank0]:[titan] 2026-03-17 17:48:34,056 - root - INFO - [31mstep: 1518  [32mloss:  2.7107  [38;2;180;60;0mgrad_norm:  1.5707  [38;2;54;234;195mmemory: 39.92GiB(50.26%)  [34mtps: 115  [36mtflops: 5.55  [35mmfu: 0.56%[39m
[rank0]:[titan] 2026-03-17 17:48:51,858 - root - INFO - [31mstep: 1519  [32mloss:  2.6977  [38;2;180;60;0mgrad_norm:  1.3877  [38;2;54;234;195mmemory: 39.92GiB(50.26%)  [34mtps: 115  [36mtflops: 5.55  [35mmfu: 0.56%[39m
[rank0]:[titan] 2026-03-17 17:49:09,055 - root - INFO - [31mstep: 1520  [32mloss:  2.7237  [38;2;180;60;0mgrad_norm:  1.8563  [38;2;54;234;195mmemory: 39.92GiB(50.26%)  [34mtps: 119  [36mtflops: 5.75  [35mmfu: 0.58%[39m
[rank0]:[titan] 2026-03-17 17:49:26,581 - root - INFO - [31mstep: 1521  [32mloss:  2.6799  [38;2;180;60;0mgrad_norm:  1.6171  [38;2;54;234;195mmemory: 39.92GiB(50.26%)  [34mtps: 117  [36mtflops: 5.64  [35mmfu: 0.57%[39m
[rank0]:[titan] 2026-03-17 17:49:44,051 - root - INFO - [31mstep: 1522  [32mloss:  2.6674  [38;2;180;60;0mgrad_norm:  1.5329  [38;2;54;234;195mmemory: 39.92GiB(50.26%)  [34mtps: 117  [36mtflops: 5.66  [35mmfu: 0.57%[39m
[rank0]:[titan] 2026-03-17 17:50:01,520 - root - INFO - [31mstep: 1523  [32mloss:  2.7291  [38;2;180;60;0mgrad_norm:  1.9042  [38;2;54;234;195mmemory: 39.92GiB(50.26%)  [34mtps: 117  [36mtflops: 5.66  [35mmfu: 0.57%[39m
[rank0]:[titan] 2026-03-17 17:50:18,988 - root - INFO - [31mstep: 1524  [32mloss:  2.7169  [38;2;180;60;0mgrad_norm:  1.1190  [38;2;54;234;195mmemory: 39.92GiB(50.26%)  [34mtps: 117  [36mtflops: 5.66  [35mmfu: 0.57%[39m
[rank0]:[titan] 2026-03-17 17:50:36,442 - root - INFO - [31mstep: 1525  [32mloss:  2.7072  [38;2;180;60;0mgrad_norm:  1.4157  [38;2;54;234;195mmemory: 39.92GiB(50.26%)  [34mtps: 117  [36mtflops: 5.66  [35mmfu: 0.57%[39m
[rank0]:[titan] 2026-03-17 17:50:53,262 - root - INFO - [31mstep: 1526  [32mloss:  2.6955  [38;2;180;60;0mgrad_norm:  1.8194  [38;2;54;234;195mmemory: 39.92GiB(50.26%)  [34mtps: 122  [36mtflops: 5.88  [35mmfu: 0.59%[39m
[rank0]:[titan] 2026-03-17 17:51:10,619 - root - INFO - [31mstep: 1527  [32mloss:  2.7068  [38;2;180;60;0mgrad_norm:  1.3449  [38;2;54;234;195mmemory: 39.92GiB(50.26%)  [34mtps: 118  [36mtflops: 5.69  [35mmfu: 0.58%[39m
[rank0]:[titan] 2026-03-17 17:51:28,446 - root - INFO - [31mstep: 1528  [32mloss:  2.6828  [38;2;180;60;0mgrad_norm:  1.2545  [38;2;54;234;195mmemory: 39.92GiB(50.26%)  [34mtps: 115  [36mtflops: 5.54  [35mmfu: 0.56%[39m
[rank0]:[titan] 2026-03-17 17:51:45,990 - root - INFO - [31mstep: 1529  [32mloss:  2.6976  [38;2;180;60;0mgrad_norm:  1.2967  [38;2;54;234;195mmemory: 39.92GiB(50.26%)  [34mtps: 117  [36mtflops: 5.63  [35mmfu: 0.57%[39m
[rank0]:[titan] 2026-03-17 17:52:03,523 - root - INFO - [31mstep: 1530  [32mloss:  2.7142  [38;2;180;60;0mgrad_norm:  1.2282  [38;2;54;234;195mmemory: 39.92GiB(50.26%)  [34mtps: 117  [36mtflops: 5.64  [35mmfu: 0.57%[39m
[rank0]:[titan] 2026-03-17 17:52:21,010 - root - INFO - [31mstep: 1531  [32mloss:  2.6758  [38;2;180;60;0mgrad_norm:  1.2853  [38;2;54;234;195mmemory: 39.92GiB(50.26%)  [34mtps: 117  [36mtflops: 5.65  [35mmfu: 0.57%[39m
[rank0]:[titan] 2026-03-17 17:52:38,417 - root - INFO - [31mstep: 1532  [32mloss:  2.6722  [38;2;180;60;0mgrad_norm:  1.2845  [38;2;54;234;195mmemory: 39.92GiB(50.26%)  [34mtps: 118  [36mtflops: 5.68  [35mmfu: 0.57%[39m
[rank0]:[titan] 2026-03-17 17:52:54,536 - root - INFO - [31mstep: 1533  [32mloss:  2.6948  [38;2;180;60;0mgrad_norm:  1.4990  [38;2;54;234;195mmemory: 39.92GiB(50.26%)  [34mtps: 127  [36mtflops: 6.13  [35mmfu: 0.62%[39m
[rank0]:[titan] 2026-03-17 17:53:11,947 - root - INFO - [31mstep: 1534  [32mloss:  2.7529  [38;2;180;60;0mgrad_norm:  1.3575  [38;2;54;234;195mmemory: 39.92GiB(50.26%)  [34mtps: 118  [36mtflops: 5.68  [35mmfu: 0.57%[39m
[rank0]:[titan] 2026-03-17 17:53:29,464 - root - INFO - [31mstep: 1535  [32mloss:  2.7642  [38;2;180;60;0mgrad_norm:  1.1340  [38;2;54;234;195mmemory: 39.92GiB(50.26%)  [34mtps: 117  [36mtflops: 5.64  [35mmfu: 0.57%[39m
[rank0]:[titan] 2026-03-17 17:53:46,832 - root - INFO - [31mstep: 1536  [32mloss:  2.7157  [38;2;180;60;0mgrad_norm:  1.2397  [38;2;54;234;195mmemory: 39.92GiB(50.26%)  [34mtps: 118  [36mtflops: 5.69  [35mmfu: 0.58%[39m
[rank0]:[titan] 2026-03-17 17:54:03,886 - root - INFO - [31mstep: 1537  [32mloss:  2.7067  [38;2;180;60;0mgrad_norm:  1.1283  [38;2;54;234;195mmemory: 39.92GiB(50.26%)  [34mtps: 120  [36mtflops: 5.79  [35mmfu: 0.59%[39m
[rank0]:[titan] 2026-03-17 17:54:20,797 - root - INFO - [31mstep: 1538  [32mloss:  2.7143  [38;2;180;60;0mgrad_norm:  1.4800  [38;2;54;234;195mmemory: 39.92GiB(50.26%)  [34mtps: 121  [36mtflops: 5.84  [35mmfu: 0.59%[39m
[rank0]:[titan] 2026-03-17 17:54:38,004 - root - INFO - [31mstep: 1539  [32mloss:  2.7515  [38;2;180;60;0mgrad_norm:  1.9578  [38;2;54;234;195mmemory: 39.92GiB(50.26%)  [34mtps: 119  [36mtflops: 5.74  [35mmfu: 0.58%[39m
[rank0]:[titan] 2026-03-17 17:54:55,428 - root - INFO - [31mstep: 1540  [32mloss:  2.7096  [38;2;180;60;0mgrad_norm:  1.3906  [38;2;54;234;195mmemory: 39.92GiB(50.26%)  [34mtps: 118  [36mtflops: 5.67  [35mmfu: 0.57%[39m
[rank0]:[titan] 2026-03-17 17:55:12,639 - root - INFO - [31mstep: 1541  [32mloss:  2.7049  [38;2;180;60;0mgrad_norm:  1.4556  [38;2;54;234;195mmemory: 39.92GiB(50.26%)  [34mtps: 119  [36mtflops: 5.74  [35mmfu: 0.58%[39m
[rank0]:[titan] 2026-03-17 17:55:29,800 - root - INFO - [31mstep: 1542  [32mloss:  2.7267  [38;2;180;60;0mgrad_norm:  1.8508  [38;2;54;234;195mmemory: 39.92GiB(50.26%)  [34mtps: 119  [36mtflops: 5.76  [35mmfu: 0.58%[39m
[rank0]:[titan] 2026-03-17 17:55:47,103 - root - INFO - [31mstep: 1543  [32mloss:  2.7432  [38;2;180;60;0mgrad_norm:  1.4519  [38;2;54;234;195mmemory: 39.92GiB(50.26%)  [34mtps: 118  [36mtflops: 5.71  [35mmfu: 0.58%[39m
[rank0]:[titan] 2026-03-17 17:56:04,657 - root - INFO - [31mstep: 1544  [32mloss:  2.7283  [38;2;180;60;0mgrad_norm:  1.0149  [38;2;54;234;195mmemory: 39.92GiB(50.26%)  [34mtps: 117  [36mtflops: 5.63  [35mmfu: 0.57%[39m
[rank0]:[titan] 2026-03-17 17:56:22,104 - root - INFO - [31mstep: 1545  [32mloss:  2.7237  [38;2;180;60;0mgrad_norm:  1.0820  [38;2;54;234;195mmemory: 39.92GiB(50.26%)  [34mtps: 117  [36mtflops: 5.66  [35mmfu: 0.57%[39m
[rank0]:[titan] 2026-03-17 17:56:39,438 - root - INFO - [31mstep: 1546  [32mloss:  2.7069  [38;2;180;60;0mgrad_norm:  1.3360  [38;2;54;234;195mmemory: 39.92GiB(50.26%)  [34mtps: 118  [36mtflops: 5.70  [35mmfu: 0.58%[39m
[rank0]:[titan] 2026-03-17 17:56:56,970 - root - INFO - [31mstep: 1547  [32mloss:  2.7146  [38;2;180;60;0mgrad_norm:  1.2609  [38;2;54;234;195mmemory: 39.92GiB(50.26%)  [34mtps: 117  [36mtflops: 5.64  [35mmfu: 0.57%[39m
[rank0]:[titan] 2026-03-17 17:57:14,205 - root - INFO - [31mstep: 1548  [32mloss:  2.7724  [38;2;180;60;0mgrad_norm:  1.4002  [38;2;54;234;195mmemory: 39.92GiB(50.26%)  [34mtps: 119  [36mtflops: 5.73  [35mmfu: 0.58%[39m
[rank0]:[titan] 2026-03-17 17:57:30,867 - root - INFO - [31mstep: 1549  [32mloss:  2.7804  [38;2;180;60;0mgrad_norm:  1.3233  [38;2;54;234;195mmemory: 39.92GiB(50.26%)  [34mtps: 123  [36mtflops: 5.93  [35mmfu: 0.60%[39m
[rank0]:[titan] 2026-03-17 17:57:48,160 - root - INFO - [31mstep: 1550  [32mloss:  2.7643  [38;2;180;60;0mgrad_norm:  1.2239  [38;2;54;234;195mmemory: 39.92GiB(50.26%)  [34mtps: 118  [36mtflops: 5.71  [35mmfu: 0.58%[39m
[rank0]:[titan] 2026-03-17 17:58:05,264 - root - INFO - [31mstep: 1551  [32mloss:  2.9185  [38;2;180;60;0mgrad_norm:  1.4153  [38;2;54;234;195mmemory: 39.92GiB(50.26%)  [34mtps: 120  [36mtflops: 5.78  [35mmfu: 0.58%[39m
[rank0]:[titan] 2026-03-17 17:58:22,719 - root - INFO - [31mstep: 1552  [32mloss:  2.8787  [38;2;180;60;0mgrad_norm:  1.3380  [38;2;54;234;195mmemory: 39.92GiB(50.26%)  [34mtps: 117  [36mtflops: 5.66  [35mmfu: 0.57%[39m
[rank0]:[titan] 2026-03-17 17:58:40,101 - root - INFO - [31mstep: 1553  [32mloss:  2.7154  [38;2;180;60;0mgrad_norm:  1.2875  [38;2;54;234;195mmemory: 39.92GiB(50.26%)  [34mtps: 118  [36mtflops: 5.68  [35mmfu: 0.57%[39m
[rank0]:[titan] 2026-03-17 17:58:57,512 - root - INFO - [31mstep: 1554  [32mloss:  2.7270  [38;2;180;60;0mgrad_norm:  1.1185  [38;2;54;234;195mmemory: 39.92GiB(50.26%)  [34mtps: 118  [36mtflops: 5.68  [35mmfu: 0.57%[39m
[rank0]:[titan] 2026-03-17 17:59:14,537 - root - INFO - [31mstep: 1555  [32mloss:  2.7260  [38;2;180;60;0mgrad_norm:  1.4548  [38;2;54;234;195mmemory: 39.92GiB(50.26%)  [34mtps: 120  [36mtflops: 5.80  [35mmfu: 0.59%[39m
[rank0]:[titan] 2026-03-17 17:59:31,510 - root - INFO - [31mstep: 1556  [32mloss:  2.8488  [38;2;180;60;0mgrad_norm:  1.6776  [38;2;54;234;195mmemory: 39.92GiB(50.26%)  [34mtps: 121  [36mtflops: 5.82  [35mmfu: 0.59%[39m
[rank0]:[titan] 2026-03-17 17:59:48,758 - root - INFO - [31mstep: 1557  [32mloss:  2.7364  [38;2;180;60;0mgrad_norm:  1.6597  [38;2;54;234;195mmemory: 39.92GiB(50.26%)  [34mtps: 119  [36mtflops: 5.73  [35mmfu: 0.58%[39m
[rank0]:[titan] 2026-03-17 18:00:05,669 - root - INFO - [31mstep: 1558  [32mloss:  2.7084  [38;2;180;60;0mgrad_norm:  0.9544  [38;2;54;234;195mmemory: 39.92GiB(50.26%)  [34mtps: 121  [36mtflops: 5.84  [35mmfu: 0.59%[39m
[rank0]:[titan] 2026-03-17 18:00:23,442 - root - INFO - [31mstep: 1559  [32mloss:  2.7480  [38;2;180;60;0mgrad_norm:  1.6014  [38;2;54;234;195mmemory: 39.92GiB(50.26%)  [34mtps: 115  [36mtflops: 5.56  [35mmfu: 0.56%[39m
[rank0]:[titan] 2026-03-17 18:00:40,728 - root - INFO - [31mstep: 1560  [32mloss:  2.7700  [38;2;180;60;0mgrad_norm:  1.5364  [38;2;54;234;195mmemory: 39.92GiB(50.26%)  [34mtps: 118  [36mtflops: 5.72  [35mmfu: 0.58%[39m
[rank0]:[titan] 2026-03-17 18:00:57,703 - root - INFO - [31mstep: 1561  [32mloss:  2.7936  [38;2;180;60;0mgrad_norm:  1.3448  [38;2;54;234;195mmemory: 39.92GiB(50.26%)  [34mtps: 121  [36mtflops: 5.82  [35mmfu: 0.59%[39m
[rank0]:[titan] 2026-03-17 18:01:14,791 - root - INFO - [31mstep: 1562  [32mloss:  2.6918  [38;2;180;60;0mgrad_norm:  1.4481  [38;2;54;234;195mmemory: 39.92GiB(50.26%)  [34mtps: 120  [36mtflops: 5.78  [35mmfu: 0.58%[39m
[rank0]:[titan] 2026-03-17 18:01:31,873 - root - INFO - [31mstep: 1563  [32mloss:  2.6902  [38;2;180;60;0mgrad_norm:  1.1806  [38;2;54;234;195mmemory: 39.92GiB(50.26%)  [34mtps: 120  [36mtflops: 5.79  [35mmfu: 0.58%[39m
[rank0]:[titan] 2026-03-17 18:01:48,771 - root - INFO - [31mstep: 1564  [32mloss:  2.7418  [38;2;180;60;0mgrad_norm:  1.4007  [38;2;54;234;195mmemory: 39.92GiB(50.26%)  [34mtps: 121  [36mtflops: 5.85  [35mmfu: 0.59%[39m
[rank0]:[titan] 2026-03-17 18:02:05,847 - root - INFO - [31mstep: 1565  [32mloss:  2.7783  [38;2;180;60;0mgrad_norm:  1.6485  [38;2;54;234;195mmemory: 39.92GiB(50.26%)  [34mtps: 120  [36mtflops: 5.79  [35mmfu: 0.59%[39m
[rank0]:[titan] 2026-03-17 18:02:22,961 - root - INFO - [31mstep: 1566  [32mloss:  2.8083  [38;2;180;60;0mgrad_norm:  1.3767  [38;2;54;234;195mmemory: 39.92GiB(50.26%)  [34mtps: 120  [36mtflops: 5.77  [35mmfu: 0.58%[39m
[rank0]:[titan] 2026-03-17 18:02:40,232 - root - INFO - [31mstep: 1567  [32mloss:  2.7675  [38;2;180;60;0mgrad_norm:  1.7077  [38;2;54;234;195mmemory: 39.92GiB(50.26%)  [34mtps: 119  [36mtflops: 5.72  [35mmfu: 0.58%[39m
[rank0]:[titan] 2026-03-17 18:02:57,409 - root - INFO - [31mstep: 1568  [32mloss:  2.7558  [38;2;180;60;0mgrad_norm:  1.5000  [38;2;54;234;195mmemory: 39.92GiB(50.26%)  [34mtps: 119  [36mtflops: 5.75  [35mmfu: 0.58%[39m
[rank0]:[titan] 2026-03-17 18:03:14,694 - root - INFO - [31mstep: 1569  [32mloss:  2.7439  [38;2;180;60;0mgrad_norm:  1.3300  [38;2;54;234;195mmemory: 39.92GiB(50.26%)  [34mtps: 118  [36mtflops: 5.72  [35mmfu: 0.58%[39m
[rank0]:[titan] 2026-03-17 18:03:32,070 - root - INFO - [31mstep: 1570  [32mloss:  2.7402  [38;2;180;60;0mgrad_norm:  1.2907  [38;2;54;234;195mmemory: 39.92GiB(50.26%)  [34mtps: 118  [36mtflops: 5.69  [35mmfu: 0.58%[39m
[rank0]:[titan] 2026-03-17 18:03:49,668 - root - INFO - [31mstep: 1571  [32mloss:  2.7271  [38;2;180;60;0mgrad_norm:  1.3639  [38;2;54;234;195mmemory: 39.92GiB(50.26%)  [34mtps: 116  [36mtflops: 5.62  [35mmfu: 0.57%[39m
[rank0]:[titan] 2026-03-17 18:04:07,292 - root - INFO - [31mstep: 1572  [32mloss:  2.7445  [38;2;180;60;0mgrad_norm:  1.3079  [38;2;54;234;195mmemory: 39.92GiB(50.26%)  [34mtps: 116  [36mtflops: 5.61  [35mmfu: 0.57%[39m
[rank0]:[titan] 2026-03-17 18:04:24,878 - root - INFO - [31mstep: 1573  [32mloss:  2.7622  [38;2;180;60;0mgrad_norm:  1.3526  [38;2;54;234;195mmemory: 39.92GiB(50.26%)  [34mtps: 116  [36mtflops: 5.62  [35mmfu: 0.57%[39m
[rank0]:[titan] 2026-03-17 18:04:42,235 - root - INFO - [31mstep: 1574  [32mloss:  2.7496  [38;2;180;60;0mgrad_norm:  1.3927  [38;2;54;234;195mmemory: 39.92GiB(50.26%)  [34mtps: 118  [36mtflops: 5.69  [35mmfu: 0.58%[39m
[rank0]:[titan] 2026-03-17 18:04:59,477 - root - INFO - [31mstep: 1575  [32mloss:  2.7973  [38;2;180;60;0mgrad_norm:  1.5369  [38;2;54;234;195mmemory: 39.92GiB(50.26%)  [34mtps: 119  [36mtflops: 5.73  [35mmfu: 0.58%[39m
[rank0]:[titan] 2026-03-17 18:05:16,981 - root - INFO - [31mstep: 1576  [32mloss:  2.7457  [38;2;180;60;0mgrad_norm:  1.3153  [38;2;54;234;195mmemory: 39.92GiB(50.26%)  [34mtps: 117  [36mtflops: 5.65  [35mmfu: 0.57%[39m
[rank0]:[titan] 2026-03-17 18:05:34,119 - root - INFO - [31mstep: 1577  [32mloss:  2.7662  [38;2;180;60;0mgrad_norm:  1.4140  [38;2;54;234;195mmemory: 39.92GiB(50.26%)  [34mtps: 120  [36mtflops: 5.77  [35mmfu: 0.58%[39m
[rank0]:[titan] 2026-03-17 18:05:51,972 - root - INFO - [31mstep: 1578  [32mloss:  2.7676  [38;2;180;60;0mgrad_norm:  1.4019  [38;2;54;234;195mmemory: 39.92GiB(50.26%)  [34mtps: 115  [36mtflops: 5.54  [35mmfu: 0.56%[39m
[rank0]:[titan] 2026-03-17 18:06:09,334 - root - INFO - [31mstep: 1579  [32mloss:  2.7283  [38;2;180;60;0mgrad_norm:  1.1265  [38;2;54;234;195mmemory: 39.92GiB(50.26%)  [34mtps: 118  [36mtflops: 5.69  [35mmfu: 0.58%[39m
[rank0]:[titan] 2026-03-17 18:06:26,613 - root - INFO - [31mstep: 1580  [32mloss:  2.7236  [38;2;180;60;0mgrad_norm:  0.9310  [38;2;54;234;195mmemory: 39.92GiB(50.26%)  [34mtps: 119  [36mtflops: 5.72  [35mmfu: 0.58%[39m
[rank0]:[titan] 2026-03-17 18:06:44,058 - root - INFO - [31mstep: 1581  [32mloss:  2.7390  [38;2;180;60;0mgrad_norm:  1.2949  [38;2;54;234;195mmemory: 39.92GiB(50.26%)  [34mtps: 117  [36mtflops: 5.66  [35mmfu: 0.57%[39m
[rank0]:[titan] 2026-03-17 18:07:01,804 - root - INFO - [31mstep: 1582  [32mloss:  2.7256  [38;2;180;60;0mgrad_norm:  1.1435  [38;2;54;234;195mmemory: 39.92GiB(50.26%)  [34mtps: 115  [36mtflops: 5.57  [35mmfu: 0.56%[39m
[rank0]:[titan] 2026-03-17 18:07:19,023 - root - INFO - [31mstep: 1583  [32mloss:  2.7098  [38;2;180;60;0mgrad_norm:  0.7661  [38;2;54;234;195mmemory: 39.92GiB(50.26%)  [34mtps: 119  [36mtflops: 5.74  [35mmfu: 0.58%[39m
[rank0]:[titan] 2026-03-17 18:07:36,666 - root - INFO - [31mstep: 1584  [32mloss:  2.7710  [38;2;180;60;0mgrad_norm:  1.3632  [38;2;54;234;195mmemory: 39.92GiB(50.26%)  [34mtps: 116  [36mtflops: 5.60  [35mmfu: 0.57%[39m
[rank0]:[titan] 2026-03-17 18:07:54,000 - root - INFO - [31mstep: 1585  [32mloss:  2.7723  [38;2;180;60;0mgrad_norm:  1.6484  [38;2;54;234;195mmemory: 39.92GiB(50.26%)  [34mtps: 118  [36mtflops: 5.70  [35mmfu: 0.58%[39m
[rank0]:[titan] 2026-03-17 18:08:11,211 - root - INFO - [31mstep: 1586  [32mloss:  2.7214  [38;2;180;60;0mgrad_norm:  1.0669  [38;2;54;234;195mmemory: 39.92GiB(50.26%)  [34mtps: 119  [36mtflops: 5.74  [35mmfu: 0.58%[39m
[rank0]:[titan] 2026-03-17 18:08:28,796 - root - INFO - [31mstep: 1587  [32mloss:  2.7233  [38;2;180;60;0mgrad_norm:  1.0279  [38;2;54;234;195mmemory: 39.92GiB(50.26%)  [34mtps: 116  [36mtflops: 5.62  [35mmfu: 0.57%[39m
[rank0]:[titan] 2026-03-17 18:08:46,249 - root - INFO - [31mstep: 1588  [32mloss:  2.7972  [38;2;180;60;0mgrad_norm:  1.5115  [38;2;54;234;195mmemory: 39.92GiB(50.26%)  [34mtps: 117  [36mtflops: 5.66  [35mmfu: 0.57%[39m
[rank0]:[titan] 2026-03-17 18:09:03,924 - root - INFO - [31mstep: 1589  [32mloss:  2.7091  [38;2;180;60;0mgrad_norm:  1.1688  [38;2;54;234;195mmemory: 39.92GiB(50.26%)  [34mtps: 116  [36mtflops: 5.59  [35mmfu: 0.57%[39m
[rank0]:[titan] 2026-03-17 18:09:21,423 - root - INFO - [31mstep: 1590  [32mloss:  2.7451  [38;2;180;60;0mgrad_norm:  1.4055  [38;2;54;234;195mmemory: 39.92GiB(50.26%)  [34mtps: 117  [36mtflops: 5.65  [35mmfu: 0.57%[39m
[rank0]:[titan] 2026-03-17 18:09:38,689 - root - INFO - [31mstep: 1591  [32mloss:  2.7919  [38;2;180;60;0mgrad_norm:  1.7831  [38;2;54;234;195mmemory: 39.92GiB(50.26%)  [34mtps: 119  [36mtflops: 5.72  [35mmfu: 0.58%[39m
[rank0]:[titan] 2026-03-17 18:09:56,289 - root - INFO - [31mstep: 1592  [32mloss:  2.7733  [38;2;180;60;0mgrad_norm:  1.1563  [38;2;54;234;195mmemory: 39.92GiB(50.26%)  [34mtps: 116  [36mtflops: 5.61  [35mmfu: 0.57%[39m
[rank0]:[titan] 2026-03-17 18:10:13,880 - root - INFO - [31mstep: 1593  [32mloss:  2.7548  [38;2;180;60;0mgrad_norm:  1.3234  [38;2;54;234;195mmemory: 39.92GiB(50.26%)  [34mtps: 116  [36mtflops: 5.62  [35mmfu: 0.57%[39m
[rank0]:[titan] 2026-03-17 18:10:31,379 - root - INFO - [31mstep: 1594  [32mloss:  2.7433  [38;2;180;60;0mgrad_norm:  1.7969  [38;2;54;234;195mmemory: 39.92GiB(50.26%)  [34mtps: 117  [36mtflops: 5.65  [35mmfu: 0.57%[39m
[rank0]:[titan] 2026-03-17 18:10:49,096 - root - INFO - [31mstep: 1595  [32mloss:  2.8263  [38;2;180;60;0mgrad_norm:  1.9585  [38;2;54;234;195mmemory: 39.92GiB(50.26%)  [34mtps: 116  [36mtflops: 5.58  [35mmfu: 0.56%[39m
[rank0]:[titan] 2026-03-17 18:11:06,737 - root - INFO - [31mstep: 1596  [32mloss:  2.7189  [38;2;180;60;0mgrad_norm:  1.2864  [38;2;54;234;195mmemory: 39.92GiB(50.26%)  [34mtps: 116  [36mtflops: 5.60  [35mmfu: 0.57%[39m
[rank0]:[titan] 2026-03-17 18:11:24,471 - root - INFO - [31mstep: 1597  [32mloss:  2.7290  [38;2;180;60;0mgrad_norm:  1.7189  [38;2;54;234;195mmemory: 39.92GiB(50.26%)  [34mtps: 115  [36mtflops: 5.57  [35mmfu: 0.56%[39m
[rank0]:[titan] 2026-03-17 18:11:42,024 - root - INFO - [31mstep: 1598  [32mloss:  2.7282  [38;2;180;60;0mgrad_norm:  1.7780  [38;2;54;234;195mmemory: 39.92GiB(50.26%)  [34mtps: 117  [36mtflops: 5.63  [35mmfu: 0.57%[39m
[rank0]:[titan] 2026-03-17 18:11:59,490 - root - INFO - [31mstep: 1599  [32mloss:  2.7204  [38;2;180;60;0mgrad_norm:  1.6110  [38;2;54;234;195mmemory: 39.92GiB(50.26%)  [34mtps: 117  [36mtflops: 5.66  [35mmfu: 0.57%[39m
[rank0]:[titan] 2026-03-17 18:12:16,980 - root - INFO - [31mstep: 1600  [32mloss:  2.7262  [38;2;180;60;0mgrad_norm:  1.1759  [38;2;54;234;195mmemory: 39.92GiB(50.26%)  [34mtps: 117  [36mtflops: 5.65  [35mmfu: 0.57%[39m
[rank0]:[titan] 2026-03-17 18:12:34,321 - root - INFO - [31mstep: 1601  [32mloss:  2.7222  [38;2;180;60;0mgrad_norm:  1.1176  [38;2;54;234;195mmemory: 39.92GiB(50.26%)  [34mtps: 118  [36mtflops: 5.70  [35mmfu: 0.58%[39m
[rank0]:[titan] 2026-03-17 18:12:51,748 - root - INFO - [31mstep: 1602  [32mloss:  2.6933  [38;2;180;60;0mgrad_norm:  1.1026  [38;2;54;234;195mmemory: 39.92GiB(50.26%)  [34mtps: 118  [36mtflops: 5.67  [35mmfu: 0.57%[39m
[rank0]:[titan] 2026-03-17 18:13:09,415 - root - INFO - [31mstep: 1603  [32mloss:  2.6987  [38;2;180;60;0mgrad_norm:  1.0606  [38;2;54;234;195mmemory: 39.92GiB(50.26%)  [34mtps: 116  [36mtflops: 5.59  [35mmfu: 0.57%[39m
[rank0]:[titan] 2026-03-17 18:13:26,719 - root - INFO - [31mstep: 1604  [32mloss:  2.7146  [38;2;180;60;0mgrad_norm:  1.1941  [38;2;54;234;195mmemory: 39.92GiB(50.26%)  [34mtps: 118  [36mtflops: 5.71  [35mmfu: 0.58%[39m
[rank0]:[titan] 2026-03-17 18:13:44,228 - root - INFO - [31mstep: 1605  [32mloss:  2.7558  [38;2;180;60;0mgrad_norm:  1.4823  [38;2;54;234;195mmemory: 39.92GiB(50.26%)  [34mtps: 117  [36mtflops: 5.64  [35mmfu: 0.57%[39m
[rank0]:[titan] 2026-03-17 18:14:01,984 - root - INFO - [31mstep: 1606  [32mloss:  2.7366  [38;2;180;60;0mgrad_norm:  1.5064  [38;2;54;234;195mmemory: 39.92GiB(50.26%)  [34mtps: 115  [36mtflops: 5.57  [35mmfu: 0.56%[39m
[rank0]:[titan] 2026-03-17 18:14:19,665 - root - INFO - [31mstep: 1607  [32mloss:  2.7566  [38;2;180;60;0mgrad_norm:  1.2750  [38;2;54;234;195mmemory: 39.92GiB(50.26%)  [34mtps: 116  [36mtflops: 5.59  [35mmfu: 0.57%[39m
[rank0]:[titan] 2026-03-17 18:14:36,763 - root - INFO - [31mstep: 1608  [32mloss:  2.7157  [38;2;180;60;0mgrad_norm:  1.2871  [38;2;54;234;195mmemory: 39.92GiB(50.26%)  [34mtps: 120  [36mtflops: 5.78  [35mmfu: 0.58%[39m
[rank0]:[titan] 2026-03-17 18:14:54,159 - root - INFO - [31mstep: 1609  [32mloss:  2.7460  [38;2;180;60;0mgrad_norm:  1.2538  [38;2;54;234;195mmemory: 39.92GiB(50.26%)  [34mtps: 118  [36mtflops: 5.68  [35mmfu: 0.57%[39m
[rank0]:[titan] 2026-03-17 18:15:11,669 - root - INFO - [31mstep: 1610  [32mloss:  2.7155  [38;2;180;60;0mgrad_norm:  1.1079  [38;2;54;234;195mmemory: 39.92GiB(50.26%)  [34mtps: 117  [36mtflops: 5.64  [35mmfu: 0.57%[39m
[rank0]:[titan] 2026-03-17 18:15:28,935 - root - INFO - [31mstep: 1611  [32mloss:  2.7312  [38;2;180;60;0mgrad_norm:  0.9644  [38;2;54;234;195mmemory: 39.92GiB(50.26%)  [34mtps: 119  [36mtflops: 5.72  [35mmfu: 0.58%[39m
[rank0]:[titan] 2026-03-17 18:15:46,265 - root - INFO - [31mstep: 1612  [32mloss:  2.6910  [38;2;180;60;0mgrad_norm:  1.1052  [38;2;54;234;195mmemory: 39.92GiB(50.26%)  [34mtps: 118  [36mtflops: 5.70  [35mmfu: 0.58%[39m
[rank0]:[titan] 2026-03-17 18:16:03,542 - root - INFO - [31mstep: 1613  [32mloss:  2.7005  [38;2;180;60;0mgrad_norm:  1.1955  [38;2;54;234;195mmemory: 39.92GiB(50.26%)  [34mtps: 119  [36mtflops: 5.72  [35mmfu: 0.58%[39m
[rank0]:[titan] 2026-03-17 18:16:20,998 - root - INFO - [31mstep: 1614  [32mloss:  2.6705  [38;2;180;60;0mgrad_norm:  0.9668  [38;2;54;234;195mmemory: 39.92GiB(50.26%)  [34mtps: 117  [36mtflops: 5.66  [35mmfu: 0.57%[39m
[rank0]:[titan] 2026-03-17 18:16:38,022 - root - INFO - [31mstep: 1615  [32mloss:  2.7236  [38;2;180;60;0mgrad_norm:  0.9775  [38;2;54;234;195mmemory: 39.92GiB(50.26%)  [34mtps: 120  [36mtflops: 5.80  [35mmfu: 0.59%[39m
[rank0]:[titan] 2026-03-17 18:16:55,017 - root - INFO - [31mstep: 1616  [32mloss:  2.7337  [38;2;180;60;0mgrad_norm:  0.9920  [38;2;54;234;195mmemory: 39.92GiB(50.26%)  [34mtps: 121  [36mtflops: 5.81  [35mmfu: 0.59%[39m
[rank0]:[titan] 2026-03-17 18:17:12,009 - root - INFO - [31mstep: 1617  [32mloss:  2.7841  [38;2;180;60;0mgrad_norm:  1.3174  [38;2;54;234;195mmemory: 39.92GiB(50.26%)  [34mtps: 121  [36mtflops: 5.82  [35mmfu: 0.59%[39m
[rank0]:[titan] 2026-03-17 18:17:29,831 - root - INFO - [31mstep: 1618  [32mloss:  2.7691  [38;2;180;60;0mgrad_norm:  1.3230  [38;2;54;234;195mmemory: 39.92GiB(50.26%)  [34mtps: 115  [36mtflops: 5.55  [35mmfu: 0.56%[39m
[rank0]:[titan] 2026-03-17 18:17:47,778 - root - INFO - [31mstep: 1619  [32mloss:  2.7295  [38;2;180;60;0mgrad_norm:  1.1629  [38;2;54;234;195mmemory: 39.92GiB(50.26%)  [34mtps: 114  [36mtflops: 5.51  [35mmfu: 0.56%[39m
[rank0]:[titan] 2026-03-17 18:18:05,017 - root - INFO - [31mstep: 1620  [32mloss:  2.6778  [38;2;180;60;0mgrad_norm:  1.5877  [38;2;54;234;195mmemory: 39.92GiB(50.26%)  [34mtps: 119  [36mtflops: 5.73  [35mmfu: 0.58%[39m
[rank0]:[titan] 2026-03-17 18:18:22,600 - root - INFO - [31mstep: 1621  [32mloss:  2.7781  [38;2;180;60;0mgrad_norm:  1.1407  [38;2;54;234;195mmemory: 39.92GiB(50.26%)  [34mtps: 116  [36mtflops: 5.62  [35mmfu: 0.57%[39m
[rank0]:[titan] 2026-03-17 18:18:40,048 - root - INFO - [31mstep: 1622  [32mloss:  2.7037  [38;2;180;60;0mgrad_norm:  1.0187  [38;2;54;234;195mmemory: 39.92GiB(50.26%)  [34mtps: 117  [36mtflops: 5.66  [35mmfu: 0.57%[39m
[rank0]:[titan] 2026-03-17 18:18:57,266 - root - INFO - [31mstep: 1623  [32mloss:  2.6761  [38;2;180;60;0mgrad_norm:  1.0709  [38;2;54;234;195mmemory: 39.92GiB(50.26%)  [34mtps: 119  [36mtflops: 5.74  [35mmfu: 0.58%[39m
[rank0]:[titan] 2026-03-17 18:19:14,000 - root - INFO - [31mstep: 1624  [32mloss:  2.7047  [38;2;180;60;0mgrad_norm:  1.3626  [38;2;54;234;195mmemory: 39.92GiB(50.26%)  [34mtps: 122  [36mtflops: 5.91  [35mmfu: 0.60%[39m
[rank0]:[titan] 2026-03-17 18:19:31,454 - root - INFO - [31mstep: 1625  [32mloss:  2.8040  [38;2;180;60;0mgrad_norm:  1.4609  [38;2;54;234;195mmemory: 39.92GiB(50.26%)  [34mtps: 117  [36mtflops: 5.66  [35mmfu: 0.57%[39m
[rank0]:[titan] 2026-03-17 18:19:49,100 - root - INFO - [31mstep: 1626  [32mloss:  2.7812  [38;2;180;60;0mgrad_norm:  1.1754  [38;2;54;234;195mmemory: 39.92GiB(50.26%)  [34mtps: 116  [36mtflops: 5.60  [35mmfu: 0.57%[39m
[rank0]:[titan] 2026-03-17 18:20:06,346 - root - INFO - [31mstep: 1627  [32mloss:  2.7111  [38;2;180;60;0mgrad_norm:  1.2679  [38;2;54;234;195mmemory: 39.92GiB(50.26%)  [34mtps: 119  [36mtflops: 5.73  [35mmfu: 0.58%[39m
[rank0]:[titan] 2026-03-17 18:20:23,455 - root - INFO - [31mstep: 1628  [32mloss:  2.7413  [38;2;180;60;0mgrad_norm:  1.0614  [38;2;54;234;195mmemory: 39.92GiB(50.26%)  [34mtps: 120  [36mtflops: 5.78  [35mmfu: 0.58%[39m
[rank0]:[titan] 2026-03-17 18:20:41,157 - root - INFO - [31mstep: 1629  [32mloss:  2.7818  [38;2;180;60;0mgrad_norm:  1.2799  [38;2;54;234;195mmemory: 39.92GiB(50.26%)  [34mtps: 116  [36mtflops: 5.58  [35mmfu: 0.56%[39m
[rank0]:[titan] 2026-03-17 18:20:58,960 - root - INFO - [31mstep: 1630  [32mloss:  2.7865  [38;2;180;60;0mgrad_norm:  1.1571  [38;2;54;234;195mmemory: 39.92GiB(50.26%)  [34mtps: 115  [36mtflops: 5.55  [35mmfu: 0.56%[39m
[rank0]:[titan] 2026-03-17 18:21:16,311 - root - INFO - [31mstep: 1631  [32mloss:  2.7611  [38;2;180;60;0mgrad_norm:  1.7558  [38;2;54;234;195mmemory: 39.92GiB(50.26%)  [34mtps: 118  [36mtflops: 5.70  [35mmfu: 0.58%[39m
[rank0]:[titan] 2026-03-17 18:21:33,928 - root - INFO - [31mstep: 1632  [32mloss:  2.7522  [38;2;180;60;0mgrad_norm:  1.6880  [38;2;54;234;195mmemory: 39.92GiB(50.26%)  [34mtps: 116  [36mtflops: 5.61  [35mmfu: 0.57%[39m
[rank0]:[titan] 2026-03-17 18:21:51,135 - root - INFO - [31mstep: 1633  [32mloss:  2.7222  [38;2;180;60;0mgrad_norm:  1.2955  [38;2;54;234;195mmemory: 39.92GiB(50.26%)  [34mtps: 119  [36mtflops: 5.74  [35mmfu: 0.58%[39m
[rank0]:[titan] 2026-03-17 18:22:08,532 - root - INFO - [31mstep: 1634  [32mloss:  2.6932  [38;2;180;60;0mgrad_norm:  1.5984  [38;2;54;234;195mmemory: 39.92GiB(50.26%)  [34mtps: 118  [36mtflops: 5.68  [35mmfu: 0.57%[39m
[rank0]:[titan] 2026-03-17 18:22:26,113 - root - INFO - [31mstep: 1635  [32mloss:  2.7524  [38;2;180;60;0mgrad_norm:  1.6390  [38;2;54;234;195mmemory: 39.92GiB(50.26%)  [34mtps: 116  [36mtflops: 5.62  [35mmfu: 0.57%[39m
[rank0]:[titan] 2026-03-17 18:22:43,559 - root - INFO - [31mstep: 1636  [32mloss:  2.7447  [38;2;180;60;0mgrad_norm:  1.5503  [38;2;54;234;195mmemory: 39.92GiB(50.26%)  [34mtps: 117  [36mtflops: 5.66  [35mmfu: 0.57%[39m
[rank0]:[titan] 2026-03-17 18:23:01,207 - root - INFO - [31mstep: 1637  [32mloss:  2.7352  [38;2;180;60;0mgrad_norm:  1.2756  [38;2;54;234;195mmemory: 39.92GiB(50.26%)  [34mtps: 116  [36mtflops: 5.60  [35mmfu: 0.57%[39m
[rank0]:[titan] 2026-03-17 18:23:18,591 - root - INFO - [31mstep: 1638  [32mloss:  2.7617  [38;2;180;60;0mgrad_norm:  1.3782  [38;2;54;234;195mmemory: 39.92GiB(50.26%)  [34mtps: 118  [36mtflops: 5.68  [35mmfu: 0.57%[39m
[rank0]:[titan] 2026-03-17 18:23:36,200 - root - INFO - [31mstep: 1639  [32mloss:  2.8010  [38;2;180;60;0mgrad_norm:  1.6914  [38;2;54;234;195mmemory: 39.92GiB(50.26%)  [34mtps: 116  [36mtflops: 5.61  [35mmfu: 0.57%[39m
[rank0]:[titan] 2026-03-17 18:23:53,441 - root - INFO - [31mstep: 1640  [32mloss:  2.7931  [38;2;180;60;0mgrad_norm:  2.0351  [38;2;54;234;195mmemory: 39.92GiB(50.26%)  [34mtps: 119  [36mtflops: 5.73  [35mmfu: 0.58%[39m
[rank0]:[titan] 2026-03-17 18:24:10,936 - root - INFO - [31mstep: 1641  [32mloss:  2.7639  [38;2;180;60;0mgrad_norm:  1.7544  [38;2;54;234;195mmemory: 39.92GiB(50.26%)  [34mtps: 117  [36mtflops: 5.65  [35mmfu: 0.57%[39m
[rank0]:[titan] 2026-03-17 18:24:28,314 - root - INFO - [31mstep: 1642  [32mloss:  2.7269  [38;2;180;60;0mgrad_norm:  1.2190  [38;2;54;234;195mmemory: 39.92GiB(50.26%)  [34mtps: 118  [36mtflops: 5.69  [35mmfu: 0.57%[39m
[rank0]:[titan] 2026-03-17 18:24:45,533 - root - INFO - [31mstep: 1643  [32mloss:  2.7971  [38;2;180;60;0mgrad_norm:  1.5328  [38;2;54;234;195mmemory: 39.92GiB(50.26%)  [34mtps: 119  [36mtflops: 5.74  [35mmfu: 0.58%[39m
[rank0]:[titan] 2026-03-17 18:25:02,773 - root - INFO - [31mstep: 1644  [32mloss:  2.7753  [38;2;180;60;0mgrad_norm:  1.7290  [38;2;54;234;195mmemory: 39.92GiB(50.26%)  [34mtps: 119  [36mtflops: 5.73  [35mmfu: 0.58%[39m
[rank0]:[titan] 2026-03-17 18:25:19,956 - root - INFO - [31mstep: 1645  [32mloss:  2.7887  [38;2;180;60;0mgrad_norm:  1.3754  [38;2;54;234;195mmemory: 39.92GiB(50.26%)  [34mtps: 119  [36mtflops: 5.75  [35mmfu: 0.58%[39m
[rank0]:[titan] 2026-03-17 18:25:37,405 - root - INFO - [31mstep: 1646  [32mloss:  2.7621  [38;2;180;60;0mgrad_norm:  1.6870  [38;2;54;234;195mmemory: 39.92GiB(50.26%)  [34mtps: 117  [36mtflops: 5.66  [35mmfu: 0.57%[39m
[rank0]:[titan] 2026-03-17 18:25:54,543 - root - INFO - [31mstep: 1647  [32mloss:  2.7818  [38;2;180;60;0mgrad_norm:  1.4371  [38;2;54;234;195mmemory: 39.92GiB(50.26%)  [34mtps: 120  [36mtflops: 5.77  [35mmfu: 0.58%[39m
[rank0]:[titan] 2026-03-17 18:26:11,901 - root - INFO - [31mstep: 1648  [32mloss:  2.7362  [38;2;180;60;0mgrad_norm:  1.5340  [38;2;54;234;195mmemory: 39.92GiB(50.26%)  [34mtps: 118  [36mtflops: 5.69  [35mmfu: 0.58%[39m
[rank0]:[titan] 2026-03-17 18:26:29,210 - root - INFO - [31mstep: 1649  [32mloss:  2.7331  [38;2;180;60;0mgrad_norm:  1.5566  [38;2;54;234;195mmemory: 39.92GiB(50.26%)  [34mtps: 118  [36mtflops: 5.71  [35mmfu: 0.58%[39m
[rank0]:[titan] 2026-03-17 18:26:46,581 - root - INFO - [31mstep: 1650  [32mloss:  2.7270  [38;2;180;60;0mgrad_norm:  1.3794  [38;2;54;234;195mmemory: 39.92GiB(50.26%)  [34mtps: 118  [36mtflops: 5.69  [35mmfu: 0.58%[39m
[rank0]:[titan] 2026-03-17 18:27:03,875 - root - INFO - [31mstep: 1651  [32mloss:  2.7412  [38;2;180;60;0mgrad_norm:  4.2408  [38;2;54;234;195mmemory: 39.92GiB(50.26%)  [34mtps: 118  [36mtflops: 5.71  [35mmfu: 0.58%[39m
[rank0]:[titan] 2026-03-17 18:27:21,698 - root - INFO - [31mstep: 1652  [32mloss:  2.7410  [38;2;180;60;0mgrad_norm:  2.1748  [38;2;54;234;195mmemory: 39.92GiB(50.26%)  [34mtps: 115  [36mtflops: 5.54  [35mmfu: 0.56%[39m
[rank0]:[titan] 2026-03-17 18:27:39,325 - root - INFO - [31mstep: 1653  [32mloss:  2.7834  [38;2;180;60;0mgrad_norm:  1.9304  [38;2;54;234;195mmemory: 39.92GiB(50.26%)  [34mtps: 116  [36mtflops: 5.61  [35mmfu: 0.57%[39m
[rank0]:[titan] 2026-03-17 18:27:56,908 - root - INFO - [31mstep: 1654  [32mloss:  2.7702  [38;2;180;60;0mgrad_norm:  1.3850  [38;2;54;234;195mmemory: 39.92GiB(50.26%)  [34mtps: 116  [36mtflops: 5.62  [35mmfu: 0.57%[39m
[rank0]:[titan] 2026-03-17 18:28:14,489 - root - INFO - [31mstep: 1655  [32mloss:  2.8130  [38;2;180;60;0mgrad_norm:  1.5280  [38;2;54;234;195mmemory: 39.92GiB(50.26%)  [34mtps: 116  [36mtflops: 5.62  [35mmfu: 0.57%[39m
[rank0]:[titan] 2026-03-17 18:28:32,090 - root - INFO - [31mstep: 1656  [32mloss:  2.7999  [38;2;180;60;0mgrad_norm:  1.4390  [38;2;54;234;195mmemory: 39.92GiB(50.26%)  [34mtps: 116  [36mtflops: 5.61  [35mmfu: 0.57%[39m
[rank0]:[titan] 2026-03-17 18:28:49,653 - root - INFO - [31mstep: 1657  [32mloss:  2.7594  [38;2;180;60;0mgrad_norm:  1.3181  [38;2;54;234;195mmemory: 39.92GiB(50.26%)  [34mtps: 117  [36mtflops: 5.63  [35mmfu: 0.57%[39m
[rank0]:[titan] 2026-03-17 18:29:07,240 - root - INFO - [31mstep: 1658  [32mloss:  2.8078  [38;2;180;60;0mgrad_norm:  1.2695  [38;2;54;234;195mmemory: 39.92GiB(50.26%)  [34mtps: 116  [36mtflops: 5.62  [35mmfu: 0.57%[39m
[rank0]:[titan] 2026-03-17 18:29:24,537 - root - INFO - [31mstep: 1659  [32mloss:  2.7832  [38;2;180;60;0mgrad_norm:  1.4497  [38;2;54;234;195mmemory: 39.92GiB(50.26%)  [34mtps: 118  [36mtflops: 5.71  [35mmfu: 0.58%[39m
[rank0]:[titan] 2026-03-17 18:29:42,120 - root - INFO - [31mstep: 1660  [32mloss:  2.7616  [38;2;180;60;0mgrad_norm:  1.2481  [38;2;54;234;195mmemory: 39.92GiB(50.26%)  [34mtps: 116  [36mtflops: 5.62  [35mmfu: 0.57%[39m
[rank0]:[titan] 2026-03-17 18:29:59,516 - root - INFO - [31mstep: 1661  [32mloss:  2.7635  [38;2;180;60;0mgrad_norm:  1.1779  [38;2;54;234;195mmemory: 39.92GiB(50.26%)  [34mtps: 118  [36mtflops: 5.68  [35mmfu: 0.57%[39m
[rank0]:[titan] 2026-03-17 18:30:17,329 - root - INFO - [31mstep: 1662  [32mloss:  2.7282  [38;2;180;60;0mgrad_norm:  1.2190  [38;2;54;234;195mmemory: 39.92GiB(50.26%)  [34mtps: 115  [36mtflops: 5.55  [35mmfu: 0.56%[39m
[rank0]:[titan] 2026-03-17 18:30:34,542 - root - INFO - [31mstep: 1663  [32mloss:  2.7823  [38;2;180;60;0mgrad_norm:  1.1593  [38;2;54;234;195mmemory: 39.92GiB(50.26%)  [34mtps: 119  [36mtflops: 5.74  [35mmfu: 0.58%[39m
[rank0]:[titan] 2026-03-17 18:30:51,979 - root - INFO - [31mstep: 1664  [32mloss:  2.7068  [38;2;180;60;0mgrad_norm:  1.2484  [38;2;54;234;195mmemory: 39.92GiB(50.26%)  [34mtps: 117  [36mtflops: 5.67  [35mmfu: 0.57%[39m
[rank0]:[titan] 2026-03-17 18:31:09,161 - root - INFO - [31mstep: 1665  [32mloss:  2.7252  [38;2;180;60;0mgrad_norm:  1.3245  [38;2;54;234;195mmemory: 39.92GiB(50.26%)  [34mtps: 119  [36mtflops: 5.75  [35mmfu: 0.58%[39m
[rank0]:[titan] 2026-03-17 18:31:26,539 - root - INFO - [31mstep: 1666  [32mloss:  2.7033  [38;2;180;60;0mgrad_norm:  1.4998  [38;2;54;234;195mmemory: 39.92GiB(50.26%)  [34mtps: 118  [36mtflops: 5.69  [35mmfu: 0.57%[39m
[rank0]:[titan] 2026-03-17 18:31:44,339 - root - INFO - [31mstep: 1667  [32mloss:  2.7438  [38;2;180;60;0mgrad_norm:  1.2231  [38;2;54;234;195mmemory: 39.92GiB(50.26%)  [34mtps: 115  [36mtflops: 5.55  [35mmfu: 0.56%[39m
[rank0]:[titan] 2026-03-17 18:32:01,962 - root - INFO - [31mstep: 1668  [32mloss:  2.7818  [38;2;180;60;0mgrad_norm:  1.2720  [38;2;54;234;195mmemory: 39.92GiB(50.26%)  [34mtps: 116  [36mtflops: 5.61  [35mmfu: 0.57%[39m
[rank0]:[titan] 2026-03-17 18:32:19,111 - root - INFO - [31mstep: 1669  [32mloss:  2.7783  [38;2;180;60;0mgrad_norm:  1.0460  [38;2;54;234;195mmemory: 39.92GiB(50.26%)  [34mtps: 119  [36mtflops: 5.76  [35mmfu: 0.58%[39m
[rank0]:[titan] 2026-03-17 18:32:36,307 - root - INFO - [31mstep: 1670  [32mloss:  2.8158  [38;2;180;60;0mgrad_norm:  1.2324  [38;2;54;234;195mmemory: 39.92GiB(50.26%)  [34mtps: 119  [36mtflops: 5.75  [35mmfu: 0.58%[39m
[rank0]:[titan] 2026-03-17 18:32:53,795 - root - INFO - [31mstep: 1671  [32mloss:  2.7444  [38;2;180;60;0mgrad_norm:  1.0655  [38;2;54;234;195mmemory: 39.92GiB(50.26%)  [34mtps: 117  [36mtflops: 5.65  [35mmfu: 0.57%[39m
[rank0]:[titan] 2026-03-17 18:33:11,507 - root - INFO - [31mstep: 1672  [32mloss:  2.7906  [38;2;180;60;0mgrad_norm:  1.2707  [38;2;54;234;195mmemory: 39.92GiB(50.26%)  [34mtps: 116  [36mtflops: 5.58  [35mmfu: 0.56%[39m
[rank0]:[titan] 2026-03-17 18:33:28,942 - root - INFO - [31mstep: 1673  [32mloss:  2.8507  [38;2;180;60;0mgrad_norm:  1.1334  [38;2;54;234;195mmemory: 39.92GiB(50.26%)  [34mtps: 117  [36mtflops: 5.67  [35mmfu: 0.57%[39m
[rank0]:[titan] 2026-03-17 18:33:46,357 - root - INFO - [31mstep: 1674  [32mloss:  2.7276  [38;2;180;60;0mgrad_norm:  1.5127  [38;2;54;234;195mmemory: 39.92GiB(50.26%)  [34mtps: 118  [36mtflops: 5.67  [35mmfu: 0.57%[39m
[rank0]:[titan] 2026-03-17 18:34:03,645 - root - INFO - [31mstep: 1675  [32mloss:  2.7152  [38;2;180;60;0mgrad_norm:  1.4684  [38;2;54;234;195mmemory: 39.92GiB(50.26%)  [34mtps: 118  [36mtflops: 5.72  [35mmfu: 0.58%[39m
[rank0]:[titan] 2026-03-17 18:34:21,027 - root - INFO - [31mstep: 1676  [32mloss:  2.7980  [38;2;180;60;0mgrad_norm:  1.1947  [38;2;54;234;195mmemory: 39.92GiB(50.26%)  [34mtps: 118  [36mtflops: 5.69  [35mmfu: 0.57%[39m
[rank0]:[titan] 2026-03-17 18:34:38,370 - root - INFO - [31mstep: 1677  [32mloss:  2.7594  [38;2;180;60;0mgrad_norm:  1.0051  [38;2;54;234;195mmemory: 39.92GiB(50.26%)  [34mtps: 118  [36mtflops: 5.70  [35mmfu: 0.58%[39m
[rank0]:[titan] 2026-03-17 18:34:55,970 - root - INFO - [31mstep: 1678  [32mloss:  2.8009  [38;2;180;60;0mgrad_norm:  1.3547  [38;2;54;234;195mmemory: 39.92GiB(50.26%)  [34mtps: 116  [36mtflops: 5.61  [35mmfu: 0.57%[39m
[rank0]:[titan] 2026-03-17 18:35:13,363 - root - INFO - [31mstep: 1679  [32mloss:  2.7658  [38;2;180;60;0mgrad_norm:  1.1796  [38;2;54;234;195mmemory: 39.92GiB(50.26%)  [34mtps: 118  [36mtflops: 5.68  [35mmfu: 0.57%[39m
[rank0]:[titan] 2026-03-17 18:35:31,004 - root - INFO - [31mstep: 1680  [32mloss:  2.8015  [38;2;180;60;0mgrad_norm:  1.1553  [38;2;54;234;195mmemory: 39.92GiB(50.26%)  [34mtps: 116  [36mtflops: 5.60  [35mmfu: 0.57%[39m
[rank0]:[titan] 2026-03-17 18:35:48,645 - root - INFO - [31mstep: 1681  [32mloss:  2.7610  [38;2;180;60;0mgrad_norm:  2.4573  [38;2;54;234;195mmemory: 39.92GiB(50.26%)  [34mtps: 116  [36mtflops: 5.60  [35mmfu: 0.57%[39m
[rank0]:[titan] 2026-03-17 18:36:05,979 - root - INFO - [31mstep: 1682  [32mloss:  2.7650  [38;2;180;60;0mgrad_norm:  1.5856  [38;2;54;234;195mmemory: 39.92GiB(50.26%)  [34mtps: 118  [36mtflops: 5.70  [35mmfu: 0.58%[39m
[rank0]:[titan] 2026-03-17 18:36:23,085 - root - INFO - [31mstep: 1683  [32mloss:  2.7704  [38;2;180;60;0mgrad_norm:  1.3588  [38;2;54;234;195mmemory: 39.92GiB(50.26%)  [34mtps: 120  [36mtflops: 5.78  [35mmfu: 0.58%[39m
[rank0]:[titan] 2026-03-17 18:36:40,616 - root - INFO - [31mstep: 1684  [32mloss:  2.7413  [38;2;180;60;0mgrad_norm:  1.3304  [38;2;54;234;195mmemory: 39.92GiB(50.26%)  [34mtps: 117  [36mtflops: 5.64  [35mmfu: 0.57%[39m
[rank0]:[titan] 2026-03-17 18:36:57,998 - root - INFO - [31mstep: 1685  [32mloss:  2.6972  [38;2;180;60;0mgrad_norm:  1.1115  [38;2;54;234;195mmemory: 39.92GiB(50.26%)  [34mtps: 118  [36mtflops: 5.69  [35mmfu: 0.57%[39m
[rank0]:[titan] 2026-03-17 18:37:15,592 - root - INFO - [31mstep: 1686  [32mloss:  2.7148  [38;2;180;60;0mgrad_norm:  1.1247  [38;2;54;234;195mmemory: 39.92GiB(50.26%)  [34mtps: 116  [36mtflops: 5.62  [35mmfu: 0.57%[39m
[rank0]:[titan] 2026-03-17 18:37:32,347 - root - INFO - [31mstep: 1687  [32mloss:  2.7193  [38;2;180;60;0mgrad_norm:  1.3771  [38;2;54;234;195mmemory: 39.92GiB(50.26%)  [34mtps: 122  [36mtflops: 5.90  [35mmfu: 0.60%[39m
[rank0]:[titan] 2026-03-17 18:37:49,775 - root - INFO - [31mstep: 1688  [32mloss:  2.6805  [38;2;180;60;0mgrad_norm:  1.1970  [38;2;54;234;195mmemory: 39.92GiB(50.26%)  [34mtps: 118  [36mtflops: 5.67  [35mmfu: 0.57%[39m
[rank0]:[titan] 2026-03-17 18:38:07,385 - root - INFO - [31mstep: 1689  [32mloss:  2.8324  [38;2;180;60;0mgrad_norm:  1.8020  [38;2;54;234;195mmemory: 39.92GiB(50.26%)  [34mtps: 116  [36mtflops: 5.61  [35mmfu: 0.57%[39m
[rank0]:[titan] 2026-03-17 18:38:24,967 - root - INFO - [31mstep: 1690  [32mloss:  2.7711  [38;2;180;60;0mgrad_norm:  1.2429  [38;2;54;234;195mmemory: 39.92GiB(50.26%)  [34mtps: 116  [36mtflops: 5.62  [35mmfu: 0.57%[39m
[rank0]:[titan] 2026-03-17 18:38:42,059 - root - INFO - [31mstep: 1691  [32mloss:  2.7785  [38;2;180;60;0mgrad_norm:  0.9782  [38;2;54;234;195mmemory: 39.92GiB(50.26%)  [34mtps: 120  [36mtflops: 5.78  [35mmfu: 0.58%[39m
[rank0]:[titan] 2026-03-17 18:38:42,062 - root - WARNING - Dataset c4_test is being re-looped
[rank0]:[titan] 2026-03-17 18:38:59,396 - root - INFO - [31mstep: 1692  [32mloss:  2.8024  [38;2;180;60;0mgrad_norm:  1.0913  [38;2;54;234;195mmemory: 39.92GiB(50.26%)  [34mtps: 118  [36mtflops: 5.70  [35mmfu: 0.58%[39m
[rank0]:[titan] 2026-03-17 18:39:16,878 - root - INFO - [31mstep: 1693  [32mloss:  2.7641  [38;2;180;60;0mgrad_norm:  1.2779  [38;2;54;234;195mmemory: 39.92GiB(50.26%)  [34mtps: 117  [36mtflops: 5.65  [35mmfu: 0.57%[39m
[rank0]:[titan] 2026-03-17 18:39:34,366 - root - INFO - [31mstep: 1694  [32mloss:  2.7808  [38;2;180;60;0mgrad_norm:  1.3695  [38;2;54;234;195mmemory: 39.92GiB(50.26%)  [34mtps: 117  [36mtflops: 5.65  [35mmfu: 0.57%[39m
[rank0]:[titan] 2026-03-17 18:39:51,550 - root - INFO - [31mstep: 1695  [32mloss:  2.7989  [38;2;180;60;0mgrad_norm:  0.9983  [38;2;54;234;195mmemory: 39.92GiB(50.26%)  [34mtps: 119  [36mtflops: 5.75  [35mmfu: 0.58%[39m
[rank0]:[titan] 2026-03-17 18:40:08,838 - root - INFO - [31mstep: 1696  [32mloss:  2.7771  [38;2;180;60;0mgrad_norm:  1.4579  [38;2;54;234;195mmemory: 39.92GiB(50.26%)  [34mtps: 118  [36mtflops: 5.72  [35mmfu: 0.58%[39m
[rank0]:[titan] 2026-03-17 18:40:26,469 - root - INFO - [31mstep: 1697  [32mloss:  2.8152  [38;2;180;60;0mgrad_norm:  1.3369  [38;2;54;234;195mmemory: 39.92GiB(50.26%)  [34mtps: 116  [36mtflops: 5.61  [35mmfu: 0.57%[39m
[rank0]:[titan] 2026-03-17 18:40:43,844 - root - INFO - [31mstep: 1698  [32mloss:  2.7543  [38;2;180;60;0mgrad_norm:  1.2237  [38;2;54;234;195mmemory: 39.92GiB(50.26%)  [34mtps: 118  [36mtflops: 5.69  [35mmfu: 0.58%[39m
[rank0]:[titan] 2026-03-17 18:41:01,114 - root - INFO - [31mstep: 1699  [32mloss:  2.7531  [38;2;180;60;0mgrad_norm:  1.3072  [38;2;54;234;195mmemory: 39.92GiB(50.26%)  [34mtps: 119  [36mtflops: 5.72  [35mmfu: 0.58%[39m
[rank0]:[titan] 2026-03-17 18:41:18,707 - root - INFO - [31mstep: 1700  [32mloss:  2.6691  [38;2;180;60;0mgrad_norm:  1.1535  [38;2;54;234;195mmemory: 39.92GiB(50.26%)  [34mtps: 116  [36mtflops: 5.62  [35mmfu: 0.57%[39m
[rank0]:[titan] 2026-03-17 18:41:36,325 - root - INFO - [31mstep: 1701  [32mloss:  2.7543  [38;2;180;60;0mgrad_norm:  1.0789  [38;2;54;234;195mmemory: 39.92GiB(50.26%)  [34mtps: 116  [36mtflops: 5.61  [35mmfu: 0.57%[39m
[rank0]:[titan] 2026-03-17 18:41:53,734 - root - INFO - [31mstep: 1702  [32mloss:  2.7934  [38;2;180;60;0mgrad_norm:  1.3073  [38;2;54;234;195mmemory: 39.92GiB(50.26%)  [34mtps: 118  [36mtflops: 5.68  [35mmfu: 0.57%[39m
[rank0]:[titan] 2026-03-17 18:42:11,333 - root - INFO - [31mstep: 1703  [32mloss:  2.7192  [38;2;180;60;0mgrad_norm:  1.2582  [38;2;54;234;195mmemory: 39.92GiB(50.26%)  [34mtps: 116  [36mtflops: 5.62  [35mmfu: 0.57%[39m
[rank0]:[titan] 2026-03-17 18:42:28,410 - root - INFO - [31mstep: 1704  [32mloss:  2.6912  [38;2;180;60;0mgrad_norm:  0.7053  [38;2;54;234;195mmemory: 39.92GiB(50.26%)  [34mtps: 120  [36mtflops: 5.79  [35mmfu: 0.59%[39m
[rank0]:[titan] 2026-03-17 18:42:45,914 - root - INFO - [31mstep: 1705  [32mloss:  2.7673  [38;2;180;60;0mgrad_norm:  0.9351  [38;2;54;234;195mmemory: 39.92GiB(50.26%)  [34mtps: 117  [36mtflops: 5.65  [35mmfu: 0.57%[39m
[rank0]:[titan] 2026-03-17 18:43:03,172 - root - INFO - [31mstep: 1706  [32mloss:  2.7597  [38;2;180;60;0mgrad_norm:  0.8731  [38;2;54;234;195mmemory: 39.92GiB(50.26%)  [34mtps: 119  [36mtflops: 5.73  [35mmfu: 0.58%[39m
[rank0]:[titan] 2026-03-17 18:43:20,944 - root - INFO - [31mstep: 1707  [32mloss:  2.7359  [38;2;180;60;0mgrad_norm:  1.0204  [38;2;54;234;195mmemory: 39.92GiB(50.26%)  [34mtps: 115  [36mtflops: 5.56  [35mmfu: 0.56%[39m
[rank0]:[titan] 2026-03-17 18:43:38,604 - root - INFO - [31mstep: 1708  [32mloss:  2.6644  [38;2;180;60;0mgrad_norm:  0.9659  [38;2;54;234;195mmemory: 39.92GiB(50.26%)  [34mtps: 116  [36mtflops: 5.60  [35mmfu: 0.57%[39m
[rank0]:[titan] 2026-03-17 18:43:55,836 - root - INFO - [31mstep: 1709  [32mloss:  2.6708  [38;2;180;60;0mgrad_norm:  0.9200  [38;2;54;234;195mmemory: 39.92GiB(50.26%)  [34mtps: 119  [36mtflops: 5.73  [35mmfu: 0.58%[39m
[rank0]:[titan] 2026-03-17 18:44:13,392 - root - INFO - [31mstep: 1710  [32mloss:  2.6807  [38;2;180;60;0mgrad_norm:  1.1353  [38;2;54;234;195mmemory: 39.92GiB(50.26%)  [34mtps: 117  [36mtflops: 5.63  [35mmfu: 0.57%[39m
[rank0]:[titan] 2026-03-17 18:44:30,694 - root - INFO - [31mstep: 1711  [32mloss:  2.7303  [38;2;180;60;0mgrad_norm:  1.2867  [38;2;54;234;195mmemory: 39.92GiB(50.26%)  [34mtps: 118  [36mtflops: 5.71  [35mmfu: 0.58%[39m
[rank0]:[titan] 2026-03-17 18:44:48,067 - root - INFO - [31mstep: 1712  [32mloss:  2.7774  [38;2;180;60;0mgrad_norm:  1.3135  [38;2;54;234;195mmemory: 39.92GiB(50.26%)  [34mtps: 118  [36mtflops: 5.69  [35mmfu: 0.58%[39m
[rank0]:[titan] 2026-03-17 18:45:05,298 - root - INFO - [31mstep: 1713  [32mloss:  2.7558  [38;2;180;60;0mgrad_norm:  1.3492  [38;2;54;234;195mmemory: 39.92GiB(50.26%)  [34mtps: 119  [36mtflops: 5.74  [35mmfu: 0.58%[39m
[rank0]:[titan] 2026-03-17 18:45:22,704 - root - INFO - [31mstep: 1714  [32mloss:  2.7174  [38;2;180;60;0mgrad_norm:  1.5687  [38;2;54;234;195mmemory: 39.92GiB(50.26%)  [34mtps: 118  [36mtflops: 5.68  [35mmfu: 0.57%[39m
[rank0]:[titan] 2026-03-17 18:45:40,090 - root - INFO - [31mstep: 1715  [32mloss:  2.7445  [38;2;180;60;0mgrad_norm:  1.4044  [38;2;54;234;195mmemory: 39.92GiB(50.26%)  [34mtps: 118  [36mtflops: 5.68  [35mmfu: 0.57%[39m
[rank0]:[titan] 2026-03-17 18:45:57,706 - root - INFO - [31mstep: 1716  [32mloss:  2.7502  [38;2;180;60;0mgrad_norm:  0.7723  [38;2;54;234;195mmemory: 39.92GiB(50.26%)  [34mtps: 116  [36mtflops: 5.61  [35mmfu: 0.57%[39m
[rank0]:[titan] 2026-03-17 18:46:15,040 - root - INFO - [31mstep: 1717  [32mloss:  2.7711  [38;2;180;60;0mgrad_norm:  1.3400  [38;2;54;234;195mmemory: 39.92GiB(50.26%)  [34mtps: 118  [36mtflops: 5.70  [35mmfu: 0.58%[39m
[rank0]:[titan] 2026-03-17 18:46:32,298 - root - INFO - [31mstep: 1718  [32mloss:  2.7597  [38;2;180;60;0mgrad_norm:  1.5255  [38;2;54;234;195mmemory: 39.92GiB(50.26%)  [34mtps: 119  [36mtflops: 5.73  [35mmfu: 0.58%[39m
[rank0]:[titan] 2026-03-17 18:46:49,760 - root - INFO - [31mstep: 1719  [32mloss:  2.7076  [38;2;180;60;0mgrad_norm:  1.0441  [38;2;54;234;195mmemory: 39.92GiB(50.26%)  [34mtps: 117  [36mtflops: 5.66  [35mmfu: 0.57%[39m
[rank0]:[titan] 2026-03-17 18:47:07,185 - root - INFO - [31mstep: 1720  [32mloss:  2.7036  [38;2;180;60;0mgrad_norm:  0.9987  [38;2;54;234;195mmemory: 39.92GiB(50.26%)  [34mtps: 118  [36mtflops: 5.67  [35mmfu: 0.57%[39m
[rank0]:[titan] 2026-03-17 18:47:24,704 - root - INFO - [31mstep: 1721  [32mloss:  2.7291  [38;2;180;60;0mgrad_norm:  1.0692  [38;2;54;234;195mmemory: 39.92GiB(50.26%)  [34mtps: 117  [36mtflops: 5.64  [35mmfu: 0.57%[39m
[rank0]:[titan] 2026-03-17 18:47:42,038 - root - INFO - [31mstep: 1722  [32mloss:  2.7286  [38;2;180;60;0mgrad_norm:  1.3177  [38;2;54;234;195mmemory: 39.92GiB(50.26%)  [34mtps: 118  [36mtflops: 5.70  [35mmfu: 0.58%[39m
[rank0]:[titan] 2026-03-17 18:47:58,668 - root - INFO - [31mstep: 1723  [32mloss:  2.7413  [38;2;180;60;0mgrad_norm:  1.4442  [38;2;54;234;195mmemory: 39.92GiB(50.26%)  [34mtps: 123  [36mtflops: 5.94  [35mmfu: 0.60%[39m
[rank0]:[titan] 2026-03-17 18:48:16,276 - root - INFO - [31mstep: 1724  [32mloss:  2.7425  [38;2;180;60;0mgrad_norm:  1.2244  [38;2;54;234;195mmemory: 39.92GiB(50.26%)  [34mtps: 116  [36mtflops: 5.61  [35mmfu: 0.57%[39m
[rank0]:[titan] 2026-03-17 18:48:34,789 - root - INFO - [31mstep: 1725  [32mloss:  2.7112  [38;2;180;60;0mgrad_norm:  1.2332  [38;2;54;234;195mmemory: 39.92GiB(50.26%)  [34mtps: 111  [36mtflops: 5.34  [35mmfu: 0.54%[39m
[rank0]:[titan] 2026-03-17 18:48:51,654 - root - INFO - [31mstep: 1726  [32mloss:  2.7438  [38;2;180;60;0mgrad_norm:  1.5821  [38;2;54;234;195mmemory: 39.92GiB(50.26%)  [34mtps: 121  [36mtflops: 5.86  [35mmfu: 0.59%[39m
[rank0]:[titan] 2026-03-17 18:49:09,045 - root - INFO - [31mstep: 1727  [32mloss:  2.7328  [38;2;180;60;0mgrad_norm:  1.4918  [38;2;54;234;195mmemory: 39.92GiB(50.26%)  [34mtps: 118  [36mtflops: 5.68  [35mmfu: 0.57%[39m
[rank0]:[titan] 2026-03-17 18:49:26,517 - root - INFO - [31mstep: 1728  [32mloss:  2.6837  [38;2;180;60;0mgrad_norm:  1.3489  [38;2;54;234;195mmemory: 39.92GiB(50.26%)  [34mtps: 117  [36mtflops: 5.66  [35mmfu: 0.57%[39m
[rank0]:[titan] 2026-03-17 18:49:44,041 - root - INFO - [31mstep: 1729  [32mloss:  2.6905  [38;2;180;60;0mgrad_norm:  1.3953  [38;2;54;234;195mmemory: 39.92GiB(50.26%)  [34mtps: 117  [36mtflops: 5.64  [35mmfu: 0.57%[39m
[rank0]:[titan] 2026-03-17 18:50:01,873 - root - INFO - [31mstep: 1730  [32mloss:  2.6845  [38;2;180;60;0mgrad_norm:  1.5735  [38;2;54;234;195mmemory: 39.92GiB(50.26%)  [34mtps: 115  [36mtflops: 5.54  [35mmfu: 0.56%[39m
[rank0]:[titan] 2026-03-17 18:50:19,027 - root - INFO - [31mstep: 1731  [32mloss:  2.7208  [38;2;180;60;0mgrad_norm:  1.3059  [38;2;54;234;195mmemory: 39.92GiB(50.26%)  [34mtps: 119  [36mtflops: 5.76  [35mmfu: 0.58%[39m
[rank0]:[titan] 2026-03-17 18:50:36,515 - root - INFO - [31mstep: 1732  [32mloss:  2.7010  [38;2;180;60;0mgrad_norm:  1.5090  [38;2;54;234;195mmemory: 39.92GiB(50.26%)  [34mtps: 117  [36mtflops: 5.65  [35mmfu: 0.57%[39m
[rank0]:[titan] 2026-03-17 18:50:53,781 - root - INFO - [31mstep: 1733  [32mloss:  2.7190  [38;2;180;60;0mgrad_norm:  1.5125  [38;2;54;234;195mmemory: 39.92GiB(50.26%)  [34mtps: 119  [36mtflops: 5.72  [35mmfu: 0.58%[39m
[rank0]:[titan] 2026-03-17 18:51:10,507 - root - INFO - [31mstep: 1734  [32mloss:  2.6702  [38;2;180;60;0mgrad_norm:  1.1114  [38;2;54;234;195mmemory: 39.92GiB(50.26%)  [34mtps: 122  [36mtflops: 5.91  [35mmfu: 0.60%[39m
[rank0]:[titan] 2026-03-17 18:51:27,856 - root - INFO - [31mstep: 1735  [32mloss:  2.7381  [38;2;180;60;0mgrad_norm:  1.9176  [38;2;54;234;195mmemory: 39.92GiB(50.26%)  [34mtps: 118  [36mtflops: 5.70  [35mmfu: 0.58%[39m
[rank0]:[titan] 2026-03-17 18:51:45,235 - root - INFO - [31mstep: 1736  [32mloss:  2.8098  [38;2;180;60;0mgrad_norm:  1.7844  [38;2;54;234;195mmemory: 39.92GiB(50.26%)  [34mtps: 118  [36mtflops: 5.69  [35mmfu: 0.57%[39m
[rank0]:[titan] 2026-03-17 18:52:02,843 - root - INFO - [31mstep: 1737  [32mloss:  2.6968  [38;2;180;60;0mgrad_norm:  1.4767  [38;2;54;234;195mmemory: 39.92GiB(50.26%)  [34mtps: 116  [36mtflops: 5.61  [35mmfu: 0.57%[39m
[rank0]:[titan] 2026-03-17 18:52:20,490 - root - INFO - [31mstep: 1738  [32mloss:  2.6811  [38;2;180;60;0mgrad_norm:  1.5002  [38;2;54;234;195mmemory: 39.92GiB(50.26%)  [34mtps: 116  [36mtflops: 5.60  [35mmfu: 0.57%[39m
[rank0]:[titan] 2026-03-17 18:52:38,210 - root - INFO - [31mstep: 1739  [32mloss:  2.7043  [38;2;180;60;0mgrad_norm:  1.3475  [38;2;54;234;195mmemory: 39.92GiB(50.26%)  [34mtps: 116  [36mtflops: 5.58  [35mmfu: 0.56%[39m
[rank0]:[titan] 2026-03-17 18:52:55,683 - root - INFO - [31mstep: 1740  [32mloss:  2.7585  [38;2;180;60;0mgrad_norm:  1.6539  [38;2;54;234;195mmemory: 39.92GiB(50.26%)  [34mtps: 117  [36mtflops: 5.66  [35mmfu: 0.57%[39m
[rank0]:[titan] 2026-03-17 18:53:13,136 - root - INFO - [31mstep: 1741  [32mloss:  2.7137  [38;2;180;60;0mgrad_norm:  1.7697  [38;2;54;234;195mmemory: 39.92GiB(50.26%)  [34mtps: 117  [36mtflops: 5.66  [35mmfu: 0.57%[39m
[rank0]:[titan] 2026-03-17 18:53:30,564 - root - INFO - [31mstep: 1742  [32mloss:  2.6674  [38;2;180;60;0mgrad_norm:  1.2696  [38;2;54;234;195mmemory: 39.92GiB(50.26%)  [34mtps: 118  [36mtflops: 5.67  [35mmfu: 0.57%[39m
[rank0]:[titan] 2026-03-17 18:53:47,875 - root - INFO - [31mstep: 1743  [32mloss:  2.6579  [38;2;180;60;0mgrad_norm:  1.1317  [38;2;54;234;195mmemory: 39.92GiB(50.26%)  [34mtps: 118  [36mtflops: 5.71  [35mmfu: 0.58%[39m
[rank0]:[titan] 2026-03-17 18:54:06,089 - root - INFO - [31mstep: 1744  [32mloss:  2.7148  [38;2;180;60;0mgrad_norm:  1.3863  [38;2;54;234;195mmemory: 39.92GiB(50.26%)  [34mtps: 112  [36mtflops: 5.43  [35mmfu: 0.55%[39m
[rank0]:[titan] 2026-03-17 18:54:23,706 - root - INFO - [31mstep: 1745  [32mloss:  2.6875  [38;2;180;60;0mgrad_norm:  1.2072  [38;2;54;234;195mmemory: 39.92GiB(50.26%)  [34mtps: 116  [36mtflops: 5.61  [35mmfu: 0.57%[39m
[rank0]:[titan] 2026-03-17 18:54:41,030 - root - INFO - [31mstep: 1746  [32mloss:  2.7321  [38;2;180;60;0mgrad_norm:  0.8641  [38;2;54;234;195mmemory: 39.92GiB(50.26%)  [34mtps: 118  [36mtflops: 5.70  [35mmfu: 0.58%[39m
[rank0]:[titan] 2026-03-17 18:54:58,070 - root - INFO - [31mstep: 1747  [32mloss:  2.7322  [38;2;180;60;0mgrad_norm:  1.4453  [38;2;54;234;195mmemory: 39.92GiB(50.26%)  [34mtps: 120  [36mtflops: 5.80  [35mmfu: 0.59%[39m
[rank0]:[titan] 2026-03-17 18:55:15,201 - root - INFO - [31mstep: 1748  [32mloss:  2.6694  [38;2;180;60;0mgrad_norm:  0.9957  [38;2;54;234;195mmemory: 39.92GiB(50.26%)  [34mtps: 120  [36mtflops: 5.77  [35mmfu: 0.58%[39m
[rank0]:[titan] 2026-03-17 18:55:32,698 - root - INFO - [31mstep: 1749  [32mloss:  2.6810  [38;2;180;60;0mgrad_norm:  0.9868  [38;2;54;234;195mmemory: 39.92GiB(50.26%)  [34mtps: 117  [36mtflops: 5.65  [35mmfu: 0.57%[39m
[rank0]:[titan] 2026-03-17 18:55:49,846 - root - INFO - [31mstep: 1750  [32mloss:  2.6884  [38;2;180;60;0mgrad_norm:  1.0147  [38;2;54;234;195mmemory: 39.92GiB(50.26%)  [34mtps: 119  [36mtflops: 5.76  [35mmfu: 0.58%[39m
[rank0]:[titan] 2026-03-17 18:56:07,101 - root - INFO - [31mstep: 1751  [32mloss:  2.7109  [38;2;180;60;0mgrad_norm:  0.8127  [38;2;54;234;195mmemory: 39.92GiB(50.26%)  [34mtps: 119  [36mtflops: 5.73  [35mmfu: 0.58%[39m
[rank0]:[titan] 2026-03-17 18:56:24,355 - root - INFO - [31mstep: 1752  [32mloss:  2.6422  [38;2;180;60;0mgrad_norm:  0.9817  [38;2;54;234;195mmemory: 39.92GiB(50.26%)  [34mtps: 119  [36mtflops: 5.73  [35mmfu: 0.58%[39m
[rank0]:[titan] 2026-03-17 18:56:41,757 - root - INFO - [31mstep: 1753  [32mloss:  2.6511  [38;2;180;60;0mgrad_norm:  1.0469  [38;2;54;234;195mmemory: 39.92GiB(50.26%)  [34mtps: 118  [36mtflops: 5.68  [35mmfu: 0.57%[39m
[rank0]:[titan] 2026-03-17 18:56:59,219 - root - INFO - [31mstep: 1754  [32mloss:  2.6642  [38;2;180;60;0mgrad_norm:  1.0617  [38;2;54;234;195mmemory: 39.92GiB(50.26%)  [34mtps: 117  [36mtflops: 5.66  [35mmfu: 0.57%[39m
[rank0]:[titan] 2026-03-17 18:57:16,512 - root - INFO - [31mstep: 1755  [32mloss:  2.7281  [38;2;180;60;0mgrad_norm:  1.1405  [38;2;54;234;195mmemory: 39.92GiB(50.26%)  [34mtps: 118  [36mtflops: 5.71  [35mmfu: 0.58%[39m
[rank0]:[titan] 2026-03-17 18:57:33,759 - root - INFO - [31mstep: 1756  [32mloss:  2.7168  [38;2;180;60;0mgrad_norm:  1.6688  [38;2;54;234;195mmemory: 39.92GiB(50.26%)  [34mtps: 119  [36mtflops: 5.73  [35mmfu: 0.58%[39m
[rank0]:[titan] 2026-03-17 18:57:50,824 - root - INFO - [31mstep: 1757  [32mloss:  2.6924  [38;2;180;60;0mgrad_norm:  1.3561  [38;2;54;234;195mmemory: 39.92GiB(50.26%)  [34mtps: 120  [36mtflops: 5.79  [35mmfu: 0.59%[39m
[rank0]:[titan] 2026-03-17 18:58:08,307 - root - INFO - [31mstep: 1758  [32mloss:  2.6951  [38;2;180;60;0mgrad_norm:  1.2298  [38;2;54;234;195mmemory: 39.92GiB(50.26%)  [34mtps: 117  [36mtflops: 5.65  [35mmfu: 0.57%[39m
[rank0]:[titan] 2026-03-17 18:58:25,537 - root - INFO - [31mstep: 1759  [32mloss:  2.6853  [38;2;180;60;0mgrad_norm:  1.3533  [38;2;54;234;195mmemory: 39.92GiB(50.26%)  [34mtps: 119  [36mtflops: 5.74  [35mmfu: 0.58%[39m
[rank0]:[titan] 2026-03-17 18:58:42,837 - root - INFO - [31mstep: 1760  [32mloss:  2.7370  [38;2;180;60;0mgrad_norm:  1.3918  [38;2;54;234;195mmemory: 39.92GiB(50.26%)  [34mtps: 118  [36mtflops: 5.71  [35mmfu: 0.58%[39m
[rank0]:[titan] 2026-03-17 18:59:00,434 - root - INFO - [31mstep: 1761  [32mloss:  2.7311  [38;2;180;60;0mgrad_norm:  1.5087  [38;2;54;234;195mmemory: 39.92GiB(50.26%)  [34mtps: 116  [36mtflops: 5.62  [35mmfu: 0.57%[39m
[rank0]:[titan] 2026-03-17 18:59:18,098 - root - INFO - [31mstep: 1762  [32mloss:  2.8581  [38;2;180;60;0mgrad_norm:  1.1888  [38;2;54;234;195mmemory: 39.92GiB(50.26%)  [34mtps: 116  [36mtflops: 5.59  [35mmfu: 0.57%[39m
[rank0]:[titan] 2026-03-17 18:59:35,481 - root - INFO - [31mstep: 1763  [32mloss:  2.8760  [38;2;180;60;0mgrad_norm:  1.7882  [38;2;54;234;195mmemory: 39.92GiB(50.26%)  [34mtps: 118  [36mtflops: 5.68  [35mmfu: 0.57%[39m
[rank0]:[titan] 2026-03-17 18:59:52,328 - root - INFO - [31mstep: 1764  [32mloss:  2.7995  [38;2;180;60;0mgrad_norm:  1.9332  [38;2;54;234;195mmemory: 39.92GiB(50.26%)  [34mtps: 122  [36mtflops: 5.87  [35mmfu: 0.59%[39m
[rank0]:[titan] 2026-03-17 19:00:09,753 - root - INFO - [31mstep: 1765  [32mloss:  2.7440  [38;2;180;60;0mgrad_norm:  1.0887  [38;2;54;234;195mmemory: 39.92GiB(50.26%)  [34mtps: 118  [36mtflops: 5.67  [35mmfu: 0.57%[39m
[rank0]:[titan] 2026-03-17 19:00:26,832 - root - INFO - [31mstep: 1766  [32mloss:  2.8189  [38;2;180;60;0mgrad_norm:  1.5970  [38;2;54;234;195mmemory: 39.92GiB(50.26%)  [34mtps: 120  [36mtflops: 5.79  [35mmfu: 0.59%[39m
[rank0]:[titan] 2026-03-17 19:00:44,392 - root - INFO - [31mstep: 1767  [32mloss:  2.7177  [38;2;180;60;0mgrad_norm:  1.9688  [38;2;54;234;195mmemory: 39.92GiB(50.26%)  [34mtps: 117  [36mtflops: 5.63  [35mmfu: 0.57%[39m
[rank0]:[titan] 2026-03-17 19:01:01,414 - root - INFO - [31mstep: 1768  [32mloss:  2.7131  [38;2;180;60;0mgrad_norm:  1.6377  [38;2;54;234;195mmemory: 39.92GiB(50.26%)  [34mtps: 120  [36mtflops: 5.81  [35mmfu: 0.59%[39m
[rank0]:[titan] 2026-03-17 19:01:18,713 - root - INFO - [31mstep: 1769  [32mloss:  2.6612  [38;2;180;60;0mgrad_norm:  1.1558  [38;2;54;234;195mmemory: 39.92GiB(50.26%)  [34mtps: 118  [36mtflops: 5.71  [35mmfu: 0.58%[39m
[rank0]:[titan] 2026-03-17 19:01:35,840 - root - INFO - [31mstep: 1770  [32mloss:  2.6833  [38;2;180;60;0mgrad_norm:  1.5071  [38;2;54;234;195mmemory: 39.92GiB(50.26%)  [34mtps: 120  [36mtflops: 5.77  [35mmfu: 0.58%[39m
[rank0]:[titan] 2026-03-17 19:01:53,675 - root - INFO - [31mstep: 1771  [32mloss:  2.7014  [38;2;180;60;0mgrad_norm:  1.6525  [38;2;54;234;195mmemory: 39.92GiB(50.26%)  [34mtps: 115  [36mtflops: 5.54  [35mmfu: 0.56%[39m
[rank0]:[titan] 2026-03-17 19:02:11,078 - root - INFO - [31mstep: 1772  [32mloss:  2.6755  [38;2;180;60;0mgrad_norm:  1.1873  [38;2;54;234;195mmemory: 39.92GiB(50.26%)  [34mtps: 118  [36mtflops: 5.68  [35mmfu: 0.57%[39m
[rank0]:[titan] 2026-03-17 19:02:28,545 - root - INFO - [31mstep: 1773  [32mloss:  2.6999  [38;2;180;60;0mgrad_norm:  1.2217  [38;2;54;234;195mmemory: 39.92GiB(50.26%)  [34mtps: 117  [36mtflops: 5.66  [35mmfu: 0.57%[39m
[rank0]:[titan] 2026-03-17 19:02:45,512 - root - INFO - [31mstep: 1774  [32mloss:  2.7360  [38;2;180;60;0mgrad_norm:  0.9343  [38;2;54;234;195mmemory: 39.92GiB(50.26%)  [34mtps: 121  [36mtflops: 5.82  [35mmfu: 0.59%[39m
[rank0]:[titan] 2026-03-17 19:03:03,156 - root - INFO - [31mstep: 1775  [32mloss:  2.7275  [38;2;180;60;0mgrad_norm:  0.9485  [38;2;54;234;195mmemory: 39.92GiB(50.26%)  [34mtps: 116  [36mtflops: 5.60  [35mmfu: 0.57%[39m
[rank0]:[titan] 2026-03-17 19:03:20,534 - root - INFO - [31mstep: 1776  [32mloss:  2.6758  [38;2;180;60;0mgrad_norm:  1.1214  [38;2;54;234;195mmemory: 39.92GiB(50.26%)  [34mtps: 118  [36mtflops: 5.69  [35mmfu: 0.57%[39m
[rank0]:[titan] 2026-03-17 19:03:37,962 - root - INFO - [31mstep: 1777  [32mloss:  2.6629  [38;2;180;60;0mgrad_norm:  1.0859  [38;2;54;234;195mmemory: 39.92GiB(50.26%)  [34mtps: 118  [36mtflops: 5.67  [35mmfu: 0.57%[39m
[rank0]:[titan] 2026-03-17 19:03:55,270 - root - INFO - [31mstep: 1778  [32mloss:  2.6651  [38;2;180;60;0mgrad_norm:  0.9264  [38;2;54;234;195mmemory: 39.92GiB(50.26%)  [34mtps: 118  [36mtflops: 5.71  [35mmfu: 0.58%[39m
[rank0]:[titan] 2026-03-17 19:04:12,448 - root - INFO - [31mstep: 1779  [32mloss:  2.7069  [38;2;180;60;0mgrad_norm:  1.0962  [38;2;54;234;195mmemory: 39.92GiB(50.26%)  [34mtps: 119  [36mtflops: 5.75  [35mmfu: 0.58%[39m
[rank0]:[titan] 2026-03-17 19:04:29,817 - root - INFO - [31mstep: 1780  [32mloss:  2.7877  [38;2;180;60;0mgrad_norm:  1.2749  [38;2;54;234;195mmemory: 39.92GiB(50.26%)  [34mtps: 118  [36mtflops: 5.69  [35mmfu: 0.58%[39m
[rank0]:[titan] 2026-03-17 19:04:47,074 - root - INFO - [31mstep: 1781  [32mloss:  2.7562  [38;2;180;60;0mgrad_norm:  1.0332  [38;2;54;234;195mmemory: 39.92GiB(50.26%)  [34mtps: 119  [36mtflops: 5.73  [35mmfu: 0.58%[39m
[rank0]:[titan] 2026-03-17 19:05:04,587 - root - INFO - [31mstep: 1782  [32mloss:  2.7184  [38;2;180;60;0mgrad_norm:  1.1464  [38;2;54;234;195mmemory: 39.92GiB(50.26%)  [34mtps: 117  [36mtflops: 5.64  [35mmfu: 0.57%[39m
[rank0]:[titan] 2026-03-17 19:05:20,801 - root - INFO - [31mstep: 1783  [32mloss:  2.6690  [38;2;180;60;0mgrad_norm:  1.5632  [38;2;54;234;195mmemory: 39.92GiB(50.26%)  [34mtps: 126  [36mtflops: 6.09  [35mmfu: 0.62%[39m
[rank0]:[titan] 2026-03-17 19:05:38,422 - root - INFO - [31mstep: 1784  [32mloss:  2.6908  [38;2;180;60;0mgrad_norm:  1.4768  [38;2;54;234;195mmemory: 39.92GiB(50.26%)  [34mtps: 116  [36mtflops: 5.61  [35mmfu: 0.57%[39m
[rank0]:[titan] 2026-03-17 19:05:56,029 - root - INFO - [31mstep: 1785  [32mloss:  2.7026  [38;2;180;60;0mgrad_norm:  0.9482  [38;2;54;234;195mmemory: 39.92GiB(50.26%)  [34mtps: 116  [36mtflops: 5.61  [35mmfu: 0.57%[39m
[rank0]:[titan] 2026-03-17 19:06:14,187 - root - INFO - [31mstep: 1786  [32mloss:  2.6993  [38;2;180;60;0mgrad_norm:  1.2929  [38;2;54;234;195mmemory: 39.92GiB(50.26%)  [34mtps: 113  [36mtflops: 5.44  [35mmfu: 0.55%[39m
[rank0]:[titan] 2026-03-17 19:06:32,205 - root - INFO - [31mstep: 1787  [32mloss:  2.7712  [38;2;180;60;0mgrad_norm:  1.4280  [38;2;54;234;195mmemory: 39.92GiB(50.26%)  [34mtps: 114  [36mtflops: 5.48  [35mmfu: 0.55%[39m
[rank0]:[titan] 2026-03-17 19:06:49,714 - root - INFO - [31mstep: 1788  [32mloss:  2.6803  [38;2;180;60;0mgrad_norm:  1.4667  [38;2;54;234;195mmemory: 39.92GiB(50.26%)  [34mtps: 117  [36mtflops: 5.64  [35mmfu: 0.57%[39m
[rank0]:[titan] 2026-03-17 19:07:06,630 - root - INFO - [31mstep: 1789  [32mloss:  2.7061  [38;2;180;60;0mgrad_norm:  1.7583  [38;2;54;234;195mmemory: 39.92GiB(50.26%)  [34mtps: 121  [36mtflops: 5.84  [35mmfu: 0.59%[39m
[rank0]:[titan] 2026-03-17 19:07:24,142 - root - INFO - [31mstep: 1790  [32mloss:  2.6942  [38;2;180;60;0mgrad_norm:  1.3905  [38;2;54;234;195mmemory: 39.92GiB(50.26%)  [34mtps: 117  [36mtflops: 5.64  [35mmfu: 0.57%[39m
[rank0]:[titan] 2026-03-17 19:07:42,246 - root - INFO - [31mstep: 1791  [32mloss:  2.7087  [38;2;180;60;0mgrad_norm:  1.2965  [38;2;54;234;195mmemory: 39.92GiB(50.26%)  [34mtps: 113  [36mtflops: 5.46  [35mmfu: 0.55%[39m
[rank0]:[titan] 2026-03-17 19:07:59,884 - root - INFO - [31mstep: 1792  [32mloss:  2.7158  [38;2;180;60;0mgrad_norm:  1.2707  [38;2;54;234;195mmemory: 39.92GiB(50.26%)  [34mtps: 116  [36mtflops: 5.60  [35mmfu: 0.57%[39m
[rank0]:[titan] 2026-03-17 19:08:17,243 - root - INFO - [31mstep: 1793  [32mloss:  2.6815  [38;2;180;60;0mgrad_norm:  1.1035  [38;2;54;234;195mmemory: 39.92GiB(50.26%)  [34mtps: 118  [36mtflops: 5.69  [35mmfu: 0.58%[39m
[rank0]:[titan] 2026-03-17 19:08:34,723 - root - INFO - [31mstep: 1794  [32mloss:  2.7174  [38;2;180;60;0mgrad_norm:  1.0718  [38;2;54;234;195mmemory: 39.92GiB(50.26%)  [34mtps: 117  [36mtflops: 5.65  [35mmfu: 0.57%[39m
[rank0]:[titan] 2026-03-17 19:08:52,126 - root - INFO - [31mstep: 1795  [32mloss:  2.7286  [38;2;180;60;0mgrad_norm:  1.4238  [38;2;54;234;195mmemory: 39.92GiB(50.26%)  [34mtps: 118  [36mtflops: 5.68  [35mmfu: 0.57%[39m
[rank0]:[titan] 2026-03-17 19:09:09,432 - root - INFO - [31mstep: 1796  [32mloss:  2.6993  [38;2;180;60;0mgrad_norm:  0.9255  [38;2;54;234;195mmemory: 39.92GiB(50.26%)  [34mtps: 118  [36mtflops: 5.71  [35mmfu: 0.58%[39m
[rank0]:[titan] 2026-03-17 19:09:26,929 - root - INFO - [31mstep: 1797  [32mloss:  2.7030  [38;2;180;60;0mgrad_norm:  0.9016  [38;2;54;234;195mmemory: 39.92GiB(50.26%)  [34mtps: 117  [36mtflops: 5.65  [35mmfu: 0.57%[39m
[rank0]:[titan] 2026-03-17 19:09:44,274 - root - INFO - [31mstep: 1798  [32mloss:  2.7005  [38;2;180;60;0mgrad_norm:  1.1994  [38;2;54;234;195mmemory: 39.92GiB(50.26%)  [34mtps: 118  [36mtflops: 5.70  [35mmfu: 0.58%[39m
[rank0]:[titan] 2026-03-17 19:10:01,686 - root - INFO - [31mstep: 1799  [32mloss:  2.7353  [38;2;180;60;0mgrad_norm:  1.2003  [38;2;54;234;195mmemory: 39.92GiB(50.26%)  [34mtps: 118  [36mtflops: 5.68  [35mmfu: 0.57%[39m
[rank0]:[titan] 2026-03-17 19:10:19,190 - root - INFO - [31mstep: 1800  [32mloss:  2.7573  [38;2;180;60;0mgrad_norm:  0.8695  [38;2;54;234;195mmemory: 39.92GiB(50.26%)  [34mtps: 117  [36mtflops: 5.65  [35mmfu: 0.57%[39m
[rank0]:[titan] 2026-03-17 19:10:36,553 - root - INFO - [31mstep: 1801  [32mloss:  2.6950  [38;2;180;60;0mgrad_norm:  1.5025  [38;2;54;234;195mmemory: 39.92GiB(50.26%)  [34mtps: 118  [36mtflops: 5.69  [35mmfu: 0.58%[39m
[rank0]:[titan] 2026-03-17 19:10:53,981 - root - INFO - [31mstep: 1802  [32mloss:  2.6982  [38;2;180;60;0mgrad_norm:  1.5272  [38;2;54;234;195mmemory: 39.92GiB(50.26%)  [34mtps: 118  [36mtflops: 5.67  [35mmfu: 0.57%[39m
[rank0]:[titan] 2026-03-17 19:11:11,743 - root - INFO - [31mstep: 1803  [32mloss:  2.7101  [38;2;180;60;0mgrad_norm:  1.1575  [38;2;54;234;195mmemory: 39.92GiB(50.26%)  [34mtps: 115  [36mtflops: 5.56  [35mmfu: 0.56%[39m
[rank0]:[titan] 2026-03-17 19:11:29,085 - root - INFO - [31mstep: 1804  [32mloss:  2.7609  [38;2;180;60;0mgrad_norm:  1.3963  [38;2;54;234;195mmemory: 39.92GiB(50.26%)  [34mtps: 118  [36mtflops: 5.70  [35mmfu: 0.58%[39m
[rank0]:[titan] 2026-03-17 19:11:46,700 - root - INFO - [31mstep: 1805  [32mloss:  2.7319  [38;2;180;60;0mgrad_norm:  1.5818  [38;2;54;234;195mmemory: 39.92GiB(50.26%)  [34mtps: 116  [36mtflops: 5.61  [35mmfu: 0.57%[39m
[rank0]:[titan] 2026-03-17 19:12:04,240 - root - INFO - [31mstep: 1806  [32mloss:  2.7333  [38;2;180;60;0mgrad_norm:  1.0727  [38;2;54;234;195mmemory: 39.92GiB(50.26%)  [34mtps: 117  [36mtflops: 5.63  [35mmfu: 0.57%[39m
[rank0]:[titan] 2026-03-17 19:12:21,583 - root - INFO - [31mstep: 1807  [32mloss:  2.7437  [38;2;180;60;0mgrad_norm:  1.0569  [38;2;54;234;195mmemory: 39.92GiB(50.26%)  [34mtps: 118  [36mtflops: 5.70  [35mmfu: 0.58%[39m
[rank0]:[titan] 2026-03-17 19:12:39,012 - root - INFO - [31mstep: 1808  [32mloss:  2.6785  [38;2;180;60;0mgrad_norm:  1.3139  [38;2;54;234;195mmemory: 39.92GiB(50.26%)  [34mtps: 118  [36mtflops: 5.67  [35mmfu: 0.57%[39m
[rank0]:[titan] 2026-03-17 19:12:56,296 - root - INFO - [31mstep: 1809  [32mloss:  2.7101  [38;2;180;60;0mgrad_norm:  1.2989  [38;2;54;234;195mmemory: 39.92GiB(50.26%)  [34mtps: 118  [36mtflops: 5.72  [35mmfu: 0.58%[39m
[rank0]:[titan] 2026-03-17 19:13:13,770 - root - INFO - [31mstep: 1810  [32mloss:  2.6267  [38;2;180;60;0mgrad_norm:  0.9907  [38;2;54;234;195mmemory: 39.92GiB(50.26%)  [34mtps: 117  [36mtflops: 5.66  [35mmfu: 0.57%[39m
[rank0]:[titan] 2026-03-17 19:13:31,297 - root - INFO - [31mstep: 1811  [32mloss:  2.6503  [38;2;180;60;0mgrad_norm:  1.2191  [38;2;54;234;195mmemory: 39.92GiB(50.26%)  [34mtps: 117  [36mtflops: 5.64  [35mmfu: 0.57%[39m
[rank0]:[titan] 2026-03-17 19:13:48,564 - root - INFO - [31mstep: 1812  [32mloss:  2.6723  [38;2;180;60;0mgrad_norm:  1.4143  [38;2;54;234;195mmemory: 39.92GiB(50.26%)  [34mtps: 119  [36mtflops: 5.72  [35mmfu: 0.58%[39m
[rank0]:[titan] 2026-03-17 19:14:05,963 - root - INFO - [31mstep: 1813  [32mloss:  2.6787  [38;2;180;60;0mgrad_norm:  1.2450  [38;2;54;234;195mmemory: 39.92GiB(50.26%)  [34mtps: 118  [36mtflops: 5.68  [35mmfu: 0.57%[39m
[rank0]:[titan] 2026-03-17 19:14:23,692 - root - INFO - [31mstep: 1814  [32mloss:  2.7165  [38;2;180;60;0mgrad_norm:  1.0782  [38;2;54;234;195mmemory: 39.92GiB(50.26%)  [34mtps: 116  [36mtflops: 5.57  [35mmfu: 0.56%[39m
[rank0]:[titan] 2026-03-17 19:14:40,984 - root - INFO - [31mstep: 1815  [32mloss:  2.7141  [38;2;180;60;0mgrad_norm:  1.0625  [38;2;54;234;195mmemory: 39.92GiB(50.26%)  [34mtps: 118  [36mtflops: 5.71  [35mmfu: 0.58%[39m
[rank0]:[titan] 2026-03-17 19:14:58,531 - root - INFO - [31mstep: 1816  [32mloss:  2.7555  [38;2;180;60;0mgrad_norm:  1.2303  [38;2;54;234;195mmemory: 39.92GiB(50.26%)  [34mtps: 117  [36mtflops: 5.63  [35mmfu: 0.57%[39m
[rank0]:[titan] 2026-03-17 19:15:16,013 - root - INFO - [31mstep: 1817  [32mloss:  2.7558  [38;2;180;60;0mgrad_norm:  1.3538  [38;2;54;234;195mmemory: 39.92GiB(50.26%)  [34mtps: 117  [36mtflops: 5.65  [35mmfu: 0.57%[39m
[rank0]:[titan] 2026-03-17 19:15:33,578 - root - INFO - [31mstep: 1818  [32mloss:  2.7334  [38;2;180;60;0mgrad_norm:  1.2049  [38;2;54;234;195mmemory: 39.92GiB(50.26%)  [34mtps: 117  [36mtflops: 5.63  [35mmfu: 0.57%[39m
[rank0]:[titan] 2026-03-17 19:15:51,196 - root - INFO - [31mstep: 1819  [32mloss:  2.6603  [38;2;180;60;0mgrad_norm:  1.3364  [38;2;54;234;195mmemory: 39.92GiB(50.26%)  [34mtps: 116  [36mtflops: 5.61  [35mmfu: 0.57%[39m
[rank0]:[titan] 2026-03-17 19:16:08,914 - root - INFO - [31mstep: 1820  [32mloss:  2.7206  [38;2;180;60;0mgrad_norm:  1.1952  [38;2;54;234;195mmemory: 39.92GiB(50.26%)  [34mtps: 116  [36mtflops: 5.58  [35mmfu: 0.56%[39m
[rank0]:[titan] 2026-03-17 19:16:26,228 - root - INFO - [31mstep: 1821  [32mloss:  2.7136  [38;2;180;60;0mgrad_norm:  1.1306  [38;2;54;234;195mmemory: 39.92GiB(50.26%)  [34mtps: 118  [36mtflops: 5.71  [35mmfu: 0.58%[39m
[rank0]:[titan] 2026-03-17 19:16:43,456 - root - INFO - [31mstep: 1822  [32mloss:  2.7852  [38;2;180;60;0mgrad_norm:  1.0758  [38;2;54;234;195mmemory: 39.92GiB(50.26%)  [34mtps: 119  [36mtflops: 5.74  [35mmfu: 0.58%[39m
[rank0]:[titan] 2026-03-17 19:17:00,870 - root - INFO - [31mstep: 1823  [32mloss:  2.8031  [38;2;180;60;0mgrad_norm:  1.4226  [38;2;54;234;195mmemory: 39.92GiB(50.26%)  [34mtps: 118  [36mtflops: 5.67  [35mmfu: 0.57%[39m
[rank0]:[titan] 2026-03-17 19:17:18,195 - root - INFO - [31mstep: 1824  [32mloss:  2.7106  [38;2;180;60;0mgrad_norm:  1.4914  [38;2;54;234;195mmemory: 39.92GiB(50.26%)  [34mtps: 118  [36mtflops: 5.70  [35mmfu: 0.58%[39m
[rank0]:[titan] 2026-03-17 19:17:35,623 - root - INFO - [31mstep: 1825  [32mloss:  2.7014  [38;2;180;60;0mgrad_norm:  1.2481  [38;2;54;234;195mmemory: 39.92GiB(50.26%)  [34mtps: 118  [36mtflops: 5.67  [35mmfu: 0.57%[39m
[rank0]:[titan] 2026-03-17 19:17:53,265 - root - INFO - [31mstep: 1826  [32mloss:  2.7419  [38;2;180;60;0mgrad_norm:  0.8942  [38;2;54;234;195mmemory: 39.92GiB(50.26%)  [34mtps: 116  [36mtflops: 5.60  [35mmfu: 0.57%[39m
[rank0]:[titan] 2026-03-17 19:18:10,790 - root - INFO - [31mstep: 1827  [32mloss:  2.7130  [38;2;180;60;0mgrad_norm:  1.2693  [38;2;54;234;195mmemory: 39.92GiB(50.26%)  [34mtps: 117  [36mtflops: 5.64  [35mmfu: 0.57%[39m
[rank0]:[titan] 2026-03-17 19:18:28,462 - root - INFO - [31mstep: 1828  [32mloss:  2.7272  [38;2;180;60;0mgrad_norm:  1.5235  [38;2;54;234;195mmemory: 39.92GiB(50.26%)  [34mtps: 116  [36mtflops: 5.59  [35mmfu: 0.57%[39m
[rank0]:[titan] 2026-03-17 19:18:45,333 - root - INFO - [31mstep: 1829  [32mloss:  2.7338  [38;2;180;60;0mgrad_norm:  1.1892  [38;2;54;234;195mmemory: 39.92GiB(50.26%)  [34mtps: 121  [36mtflops: 5.86  [35mmfu: 0.59%[39m
[rank0]:[titan] 2026-03-17 19:19:03,021 - root - INFO - [31mstep: 1830  [32mloss:  2.7329  [38;2;180;60;0mgrad_norm:  1.1134  [38;2;54;234;195mmemory: 39.92GiB(50.26%)  [34mtps: 116  [36mtflops: 5.59  [35mmfu: 0.56%[39m
[rank0]:[titan] 2026-03-17 19:19:20,066 - root - INFO - [31mstep: 1831  [32mloss:  2.7261  [38;2;180;60;0mgrad_norm:  1.2700  [38;2;54;234;195mmemory: 39.92GiB(50.26%)  [34mtps: 120  [36mtflops: 5.80  [35mmfu: 0.59%[39m
[rank0]:[titan] 2026-03-17 19:19:37,670 - root - INFO - [31mstep: 1832  [32mloss:  2.7429  [38;2;180;60;0mgrad_norm:  1.3389  [38;2;54;234;195mmemory: 39.92GiB(50.26%)  [34mtps: 116  [36mtflops: 5.61  [35mmfu: 0.57%[39m
[rank0]:[titan] 2026-03-17 19:19:55,404 - root - INFO - [31mstep: 1833  [32mloss:  2.7827  [38;2;180;60;0mgrad_norm:  0.8235  [38;2;54;234;195mmemory: 39.92GiB(50.26%)  [34mtps: 115  [36mtflops: 5.57  [35mmfu: 0.56%[39m
[rank0]:[titan] 2026-03-17 19:20:12,975 - root - INFO - [31mstep: 1834  [32mloss:  2.7360  [38;2;180;60;0mgrad_norm:  0.9592  [38;2;54;234;195mmemory: 39.92GiB(50.26%)  [34mtps: 117  [36mtflops: 5.62  [35mmfu: 0.57%[39m
[rank0]:[titan] 2026-03-17 19:20:30,444 - root - INFO - [31mstep: 1835  [32mloss:  2.7261  [38;2;180;60;0mgrad_norm:  1.2680  [38;2;54;234;195mmemory: 39.92GiB(50.26%)  [34mtps: 117  [36mtflops: 5.66  [35mmfu: 0.57%[39m
[rank0]:[titan] 2026-03-17 19:20:48,078 - root - INFO - [31mstep: 1836  [32mloss:  2.7664  [38;2;180;60;0mgrad_norm:  1.0541  [38;2;54;234;195mmemory: 39.92GiB(50.26%)  [34mtps: 116  [36mtflops: 5.60  [35mmfu: 0.57%[39m
[rank0]:[titan] 2026-03-17 19:21:05,335 - root - INFO - [31mstep: 1837  [32mloss:  2.7544  [38;2;180;60;0mgrad_norm:  1.0486  [38;2;54;234;195mmemory: 39.92GiB(50.26%)  [34mtps: 119  [36mtflops: 5.73  [35mmfu: 0.58%[39m
[rank0]:[titan] 2026-03-17 19:21:22,752 - root - INFO - [31mstep: 1838  [32mloss:  2.7380  [38;2;180;60;0mgrad_norm:  1.1136  [38;2;54;234;195mmemory: 39.92GiB(50.26%)  [34mtps: 118  [36mtflops: 5.67  [35mmfu: 0.57%[39m
[rank0]:[titan] 2026-03-17 19:21:40,123 - root - INFO - [31mstep: 1839  [32mloss:  2.7319  [38;2;180;60;0mgrad_norm:  1.2111  [38;2;54;234;195mmemory: 39.92GiB(50.26%)  [34mtps: 118  [36mtflops: 5.69  [35mmfu: 0.58%[39m
[rank0]:[titan] 2026-03-17 19:21:57,704 - root - INFO - [31mstep: 1840  [32mloss:  2.7394  [38;2;180;60;0mgrad_norm:  0.8898  [38;2;54;234;195mmemory: 39.92GiB(50.26%)  [34mtps: 116  [36mtflops: 5.62  [35mmfu: 0.57%[39m
[rank0]:[titan] 2026-03-17 19:22:15,312 - root - INFO - [31mstep: 1841  [32mloss:  2.7103  [38;2;180;60;0mgrad_norm:  0.9083  [38;2;54;234;195mmemory: 39.92GiB(50.26%)  [34mtps: 116  [36mtflops: 5.61  [35mmfu: 0.57%[39m
[rank0]:[titan] 2026-03-17 19:22:33,021 - root - INFO - [31mstep: 1842  [32mloss:  2.8149  [38;2;180;60;0mgrad_norm:  1.4516  [38;2;54;234;195mmemory: 39.92GiB(50.26%)  [34mtps: 116  [36mtflops: 5.58  [35mmfu: 0.56%[39m
[rank0]:[titan] 2026-03-17 19:22:50,387 - root - INFO - [31mstep: 1843  [32mloss:  2.7531  [38;2;180;60;0mgrad_norm:  1.5873  [38;2;54;234;195mmemory: 39.92GiB(50.26%)  [34mtps: 118  [36mtflops: 5.69  [35mmfu: 0.58%[39m
[rank0]:[titan] 2026-03-17 19:23:07,531 - root - INFO - [31mstep: 1844  [32mloss:  2.7527  [38;2;180;60;0mgrad_norm:  1.5109  [38;2;54;234;195mmemory: 39.92GiB(50.26%)  [34mtps: 119  [36mtflops: 5.76  [35mmfu: 0.58%[39m
[rank0]:[titan] 2026-03-17 19:23:24,926 - root - INFO - [31mstep: 1845  [32mloss:  2.7494  [38;2;180;60;0mgrad_norm:  1.1390  [38;2;54;234;195mmemory: 39.92GiB(50.26%)  [34mtps: 118  [36mtflops: 5.68  [35mmfu: 0.57%[39m
[rank0]:[titan] 2026-03-17 19:23:42,503 - root - INFO - [31mstep: 1846  [32mloss:  2.7415  [38;2;180;60;0mgrad_norm:  1.3954  [38;2;54;234;195mmemory: 39.92GiB(50.26%)  [34mtps: 117  [36mtflops: 5.62  [35mmfu: 0.57%[39m
[rank0]:[titan] 2026-03-17 19:23:59,674 - root - INFO - [31mstep: 1847  [32mloss:  2.7258  [38;2;180;60;0mgrad_norm:  1.2705  [38;2;54;234;195mmemory: 39.92GiB(50.26%)  [34mtps: 119  [36mtflops: 5.76  [35mmfu: 0.58%[39m
[rank0]:[titan] 2026-03-17 19:24:16,759 - root - INFO - [31mstep: 1848  [32mloss:  2.6750  [38;2;180;60;0mgrad_norm:  1.2240  [38;2;54;234;195mmemory: 39.92GiB(50.26%)  [34mtps: 120  [36mtflops: 5.78  [35mmfu: 0.58%[39m
[rank0]:[titan] 2026-03-17 19:24:34,482 - root - INFO - [31mstep: 1849  [32mloss:  2.7008  [38;2;180;60;0mgrad_norm:  1.2022  [38;2;54;234;195mmemory: 39.92GiB(50.26%)  [34mtps: 116  [36mtflops: 5.58  [35mmfu: 0.56%[39m
[rank0]:[titan] 2026-03-17 19:24:51,908 - root - INFO - [31mstep: 1850  [32mloss:  2.6831  [38;2;180;60;0mgrad_norm:  0.9970  [38;2;54;234;195mmemory: 39.92GiB(50.26%)  [34mtps: 118  [36mtflops: 5.67  [35mmfu: 0.57%[39m
[rank0]:[titan] 2026-03-17 19:25:08,935 - root - INFO - [31mstep: 1851  [32mloss:  2.7930  [38;2;180;60;0mgrad_norm:  1.1653  [38;2;54;234;195mmemory: 39.92GiB(50.26%)  [34mtps: 120  [36mtflops: 5.80  [35mmfu: 0.59%[39m
[rank0]:[titan] 2026-03-17 19:25:26,502 - root - INFO - [31mstep: 1852  [32mloss:  2.7898  [38;2;180;60;0mgrad_norm:  1.0682  [38;2;54;234;195mmemory: 39.92GiB(50.26%)  [34mtps: 117  [36mtflops: 5.63  [35mmfu: 0.57%[39m
[rank0]:[titan] 2026-03-17 19:25:44,259 - root - INFO - [31mstep: 1853  [32mloss:  2.6704  [38;2;180;60;0mgrad_norm:  1.5793  [38;2;54;234;195mmemory: 39.92GiB(50.26%)  [34mtps: 115  [36mtflops: 5.57  [35mmfu: 0.56%[39m
[rank0]:[titan] 2026-03-17 19:26:01,745 - root - INFO - [31mstep: 1854  [32mloss:  2.6991  [38;2;180;60;0mgrad_norm:  1.2511  [38;2;54;234;195mmemory: 39.92GiB(50.26%)  [34mtps: 117  [36mtflops: 5.65  [35mmfu: 0.57%[39m
[rank0]:[titan] 2026-03-17 19:26:19,147 - root - INFO - [31mstep: 1855  [32mloss:  2.7570  [38;2;180;60;0mgrad_norm:  1.3392  [38;2;54;234;195mmemory: 39.92GiB(50.26%)  [34mtps: 118  [36mtflops: 5.68  [35mmfu: 0.57%[39m
[rank0]:[titan] 2026-03-17 19:26:36,660 - root - INFO - [31mstep: 1856  [32mloss:  2.7220  [38;2;180;60;0mgrad_norm:  1.3306  [38;2;54;234;195mmemory: 39.92GiB(50.26%)  [34mtps: 117  [36mtflops: 5.64  [35mmfu: 0.57%[39m
[rank0]:[titan] 2026-03-17 19:26:53,844 - root - INFO - [31mstep: 1857  [32mloss:  2.6669  [38;2;180;60;0mgrad_norm:  1.4148  [38;2;54;234;195mmemory: 39.92GiB(50.26%)  [34mtps: 119  [36mtflops: 5.75  [35mmfu: 0.58%[39m
[rank0]:[titan] 2026-03-17 19:27:11,278 - root - INFO - [31mstep: 1858  [32mloss:  2.7209  [38;2;180;60;0mgrad_norm:  2.7373  [38;2;54;234;195mmemory: 39.92GiB(50.26%)  [34mtps: 117  [36mtflops: 5.67  [35mmfu: 0.57%[39m
[rank0]:[titan] 2026-03-17 19:27:28,761 - root - INFO - [31mstep: 1859  [32mloss:  2.7505  [38;2;180;60;0mgrad_norm:  1.5109  [38;2;54;234;195mmemory: 39.92GiB(50.26%)  [34mtps: 117  [36mtflops: 5.65  [35mmfu: 0.57%[39m
[rank0]:[titan] 2026-03-17 19:27:45,889 - root - INFO - [31mstep: 1860  [32mloss:  2.6806  [38;2;180;60;0mgrad_norm:  1.4844  [38;2;54;234;195mmemory: 39.92GiB(50.26%)  [34mtps: 120  [36mtflops: 5.77  [35mmfu: 0.58%[39m
[rank0]:[titan] 2026-03-17 19:28:03,302 - root - INFO - [31mstep: 1861  [32mloss:  2.7153  [38;2;180;60;0mgrad_norm:  1.5648  [38;2;54;234;195mmemory: 39.92GiB(50.26%)  [34mtps: 118  [36mtflops: 5.68  [35mmfu: 0.57%[39m
[rank0]:[titan] 2026-03-17 19:28:20,546 - root - INFO - [31mstep: 1862  [32mloss:  2.7300  [38;2;180;60;0mgrad_norm:  1.2342  [38;2;54;234;195mmemory: 39.92GiB(50.26%)  [34mtps: 119  [36mtflops: 5.73  [35mmfu: 0.58%[39m
[rank0]:[titan] 2026-03-17 19:28:38,033 - root - INFO - [31mstep: 1863  [32mloss:  2.7578  [38;2;180;60;0mgrad_norm:  1.1444  [38;2;54;234;195mmemory: 39.92GiB(50.26%)  [34mtps: 117  [36mtflops: 5.65  [35mmfu: 0.57%[39m
[rank0]:[titan] 2026-03-17 19:28:55,550 - root - INFO - [31mstep: 1864  [32mloss:  2.7908  [38;2;180;60;0mgrad_norm:  1.2501  [38;2;54;234;195mmemory: 39.92GiB(50.26%)  [34mtps: 117  [36mtflops: 5.64  [35mmfu: 0.57%[39m
[rank0]:[titan] 2026-03-17 19:29:12,670 - root - INFO - [31mstep: 1865  [32mloss:  2.8159  [38;2;180;60;0mgrad_norm:  1.5379  [38;2;54;234;195mmemory: 39.92GiB(50.26%)  [34mtps: 120  [36mtflops: 5.77  [35mmfu: 0.58%[39m
[rank0]:[titan] 2026-03-17 19:29:29,859 - root - INFO - [31mstep: 1866  [32mloss:  2.8620  [38;2;180;60;0mgrad_norm:  1.3509  [38;2;54;234;195mmemory: 39.92GiB(50.26%)  [34mtps: 119  [36mtflops: 5.75  [35mmfu: 0.58%[39m
[rank0]:[titan] 2026-03-17 19:29:47,375 - root - INFO - [31mstep: 1867  [32mloss:  2.7973  [38;2;180;60;0mgrad_norm:  1.3563  [38;2;54;234;195mmemory: 39.92GiB(50.26%)  [34mtps: 117  [36mtflops: 5.64  [35mmfu: 0.57%[39m
[rank0]:[titan] 2026-03-17 19:30:04,540 - root - INFO - [31mstep: 1868  [32mloss:  2.8424  [38;2;180;60;0mgrad_norm:  1.2396  [38;2;54;234;195mmemory: 39.92GiB(50.26%)  [34mtps: 119  [36mtflops: 5.76  [35mmfu: 0.58%[39m
[rank0]:[titan] 2026-03-17 19:30:22,231 - root - INFO - [31mstep: 1869  [32mloss:  2.8178  [38;2;180;60;0mgrad_norm:  1.4968  [38;2;54;234;195mmemory: 39.92GiB(50.26%)  [34mtps: 116  [36mtflops: 5.59  [35mmfu: 0.56%[39m
[rank0]:[titan] 2026-03-17 19:30:39,924 - root - INFO - [31mstep: 1870  [32mloss:  2.7897  [38;2;180;60;0mgrad_norm:  1.2815  [38;2;54;234;195mmemory: 39.92GiB(50.26%)  [34mtps: 116  [36mtflops: 5.59  [35mmfu: 0.56%[39m
[rank0]:[titan] 2026-03-17 19:30:57,370 - root - INFO - [31mstep: 1871  [32mloss:  2.8127  [38;2;180;60;0mgrad_norm:  1.3128  [38;2;54;234;195mmemory: 39.92GiB(50.26%)  [34mtps: 117  [36mtflops: 5.66  [35mmfu: 0.57%[39m
[rank0]:[titan] 2026-03-17 19:31:14,478 - root - INFO - [31mstep: 1872  [32mloss:  2.7944  [38;2;180;60;0mgrad_norm:  1.5286  [38;2;54;234;195mmemory: 39.92GiB(50.26%)  [34mtps: 120  [36mtflops: 5.78  [35mmfu: 0.58%[39m
[rank0]:[titan] 2026-03-17 19:31:31,261 - root - INFO - [31mstep: 1873  [32mloss:  2.7767  [38;2;180;60;0mgrad_norm:  1.7977  [38;2;54;234;195mmemory: 39.92GiB(50.26%)  [34mtps: 122  [36mtflops: 5.89  [35mmfu: 0.60%[39m
[rank0]:[titan] 2026-03-17 19:31:48,749 - root - INFO - [31mstep: 1874  [32mloss:  2.7731  [38;2;180;60;0mgrad_norm:  1.7487  [38;2;54;234;195mmemory: 39.92GiB(50.26%)  [34mtps: 117  [36mtflops: 5.65  [35mmfu: 0.57%[39m
[rank0]:[titan] 2026-03-17 19:32:06,426 - root - INFO - [31mstep: 1875  [32mloss:  2.8210  [38;2;180;60;0mgrad_norm:  1.7896  [38;2;54;234;195mmemory: 39.92GiB(50.26%)  [34mtps: 116  [36mtflops: 5.59  [35mmfu: 0.57%[39m
[rank0]:[titan] 2026-03-17 19:32:24,011 - root - INFO - [31mstep: 1876  [32mloss:  2.7887  [38;2;180;60;0mgrad_norm:  1.8496  [38;2;54;234;195mmemory: 39.92GiB(50.26%)  [34mtps: 116  [36mtflops: 5.62  [35mmfu: 0.57%[39m
[rank0]:[titan] 2026-03-17 19:32:41,593 - root - INFO - [31mstep: 1877  [32mloss:  2.8127  [38;2;180;60;0mgrad_norm:  1.2758  [38;2;54;234;195mmemory: 39.92GiB(50.26%)  [34mtps: 116  [36mtflops: 5.62  [35mmfu: 0.57%[39m
[rank0]:[titan] 2026-03-17 19:32:59,035 - root - INFO - [31mstep: 1878  [32mloss:  2.7665  [38;2;180;60;0mgrad_norm:  1.7463  [38;2;54;234;195mmemory: 39.92GiB(50.26%)  [34mtps: 117  [36mtflops: 5.67  [35mmfu: 0.57%[39m
[rank0]:[titan] 2026-03-17 19:33:16,856 - root - INFO - [31mstep: 1879  [32mloss:  2.7754  [38;2;180;60;0mgrad_norm:  2.1335  [38;2;54;234;195mmemory: 39.92GiB(50.26%)  [34mtps: 115  [36mtflops: 5.54  [35mmfu: 0.56%[39m
[rank0]:[titan] 2026-03-17 19:33:34,227 - root - INFO - [31mstep: 1880  [32mloss:  2.7682  [38;2;180;60;0mgrad_norm:  1.9544  [38;2;54;234;195mmemory: 39.92GiB(50.26%)  [34mtps: 118  [36mtflops: 5.69  [35mmfu: 0.58%[39m
[rank0]:[titan] 2026-03-17 19:33:51,337 - root - INFO - [31mstep: 1881  [32mloss:  2.6991  [38;2;180;60;0mgrad_norm:  0.9564  [38;2;54;234;195mmemory: 39.92GiB(50.26%)  [34mtps: 120  [36mtflops: 5.78  [35mmfu: 0.58%[39m
[rank0]:[titan] 2026-03-17 19:34:08,395 - root - INFO - [31mstep: 1882  [32mloss:  2.7305  [38;2;180;60;0mgrad_norm:  1.7004  [38;2;54;234;195mmemory: 39.92GiB(50.26%)  [34mtps: 120  [36mtflops: 5.79  [35mmfu: 0.59%[39m
[rank0]:[titan] 2026-03-17 19:34:25,785 - root - INFO - [31mstep: 1883  [32mloss:  2.8351  [38;2;180;60;0mgrad_norm:  2.0267  [38;2;54;234;195mmemory: 39.92GiB(50.26%)  [34mtps: 118  [36mtflops: 5.68  [35mmfu: 0.57%[39m
[rank0]:[titan] 2026-03-17 19:34:42,878 - root - INFO - [31mstep: 1884  [32mloss:  2.8842  [38;2;180;60;0mgrad_norm:  1.5727  [38;2;54;234;195mmemory: 39.92GiB(50.26%)  [34mtps: 120  [36mtflops: 5.78  [35mmfu: 0.58%[39m
[rank0]:[titan] 2026-03-17 19:34:59,977 - root - INFO - [31mstep: 1885  [32mloss:  2.8235  [38;2;180;60;0mgrad_norm:  1.2960  [38;2;54;234;195mmemory: 39.92GiB(50.26%)  [34mtps: 120  [36mtflops: 5.78  [35mmfu: 0.58%[39m
[rank0]:[titan] 2026-03-17 19:35:17,653 - root - INFO - [31mstep: 1886  [32mloss:  2.8143  [38;2;180;60;0mgrad_norm:  1.0842  [38;2;54;234;195mmemory: 39.92GiB(50.26%)  [34mtps: 116  [36mtflops: 5.59  [35mmfu: 0.57%[39m
[rank0]:[titan] 2026-03-17 19:35:35,557 - root - INFO - [31mstep: 1887  [32mloss:  2.8031  [38;2;180;60;0mgrad_norm:  1.0234  [38;2;54;234;195mmemory: 39.92GiB(50.26%)  [34mtps: 114  [36mtflops: 5.52  [35mmfu: 0.56%[39m
[rank0]:[titan] 2026-03-17 19:35:53,265 - root - INFO - [31mstep: 1888  [32mloss:  2.7691  [38;2;180;60;0mgrad_norm:  1.3878  [38;2;54;234;195mmemory: 39.92GiB(50.26%)  [34mtps: 116  [36mtflops: 5.58  [35mmfu: 0.56%[39m
[rank0]:[titan] 2026-03-17 19:36:10,511 - root - INFO - [31mstep: 1889  [32mloss:  2.7787  [38;2;180;60;0mgrad_norm:  1.3543  [38;2;54;234;195mmemory: 39.92GiB(50.26%)  [34mtps: 119  [36mtflops: 5.73  [35mmfu: 0.58%[39m
[rank0]:[titan] 2026-03-17 19:36:26,692 - root - INFO - [31mstep: 1890  [32mloss:  2.6850  [38;2;180;60;0mgrad_norm:  1.0904  [38;2;54;234;195mmemory: 39.92GiB(50.26%)  [34mtps: 127  [36mtflops: 6.11  [35mmfu: 0.62%[39m
[rank0]:[titan] 2026-03-17 19:36:44,431 - root - INFO - [31mstep: 1891  [32mloss:  2.7029  [38;2;180;60;0mgrad_norm:  1.0203  [38;2;54;234;195mmemory: 39.92GiB(50.26%)  [34mtps: 115  [36mtflops: 5.57  [35mmfu: 0.56%[39m
[rank0]:[titan] 2026-03-17 19:37:03,034 - root - INFO - [31mstep: 1892  [32mloss:  2.7145  [38;2;180;60;0mgrad_norm:  1.0876  [38;2;54;234;195mmemory: 39.92GiB(50.26%)  [34mtps: 110  [36mtflops: 5.31  [35mmfu: 0.54%[39m
[rank0]:[titan] 2026-03-17 19:37:20,402 - root - INFO - [31mstep: 1893  [32mloss:  2.7355  [38;2;180;60;0mgrad_norm:  0.9235  [38;2;54;234;195mmemory: 39.92GiB(50.26%)  [34mtps: 118  [36mtflops: 5.69  [35mmfu: 0.58%[39m
[rank0]:[titan] 2026-03-17 19:37:37,804 - root - INFO - [31mstep: 1894  [32mloss:  2.7247  [38;2;180;60;0mgrad_norm:  1.1934  [38;2;54;234;195mmemory: 39.92GiB(50.26%)  [34mtps: 118  [36mtflops: 5.68  [35mmfu: 0.57%[39m
[rank0]:[titan] 2026-03-17 19:37:55,428 - root - INFO - [31mstep: 1895  [32mloss:  2.6815  [38;2;180;60;0mgrad_norm:  1.2220  [38;2;54;234;195mmemory: 39.92GiB(50.26%)  [34mtps: 116  [36mtflops: 5.61  [35mmfu: 0.57%[39m
[rank0]:[titan] 2026-03-17 19:38:12,739 - root - INFO - [31mstep: 1896  [32mloss:  2.6725  [38;2;180;60;0mgrad_norm:  1.0290  [38;2;54;234;195mmemory: 39.92GiB(50.26%)  [34mtps: 118  [36mtflops: 5.71  [35mmfu: 0.58%[39m
[rank0]:[titan] 2026-03-17 19:38:29,995 - root - INFO - [31mstep: 1897  [32mloss:  2.6433  [38;2;180;60;0mgrad_norm:  1.6041  [38;2;54;234;195mmemory: 39.92GiB(50.26%)  [34mtps: 119  [36mtflops: 5.73  [35mmfu: 0.58%[39m
[rank0]:[titan] 2026-03-17 19:38:47,487 - root - INFO - [31mstep: 1898  [32mloss:  2.7470  [38;2;180;60;0mgrad_norm:  1.2920  [38;2;54;234;195mmemory: 39.92GiB(50.26%)  [34mtps: 117  [36mtflops: 5.65  [35mmfu: 0.57%[39m
[rank0]:[titan] 2026-03-17 19:39:04,733 - root - INFO - [31mstep: 1899  [32mloss:  2.6724  [38;2;180;60;0mgrad_norm:  0.9644  [38;2;54;234;195mmemory: 39.92GiB(50.26%)  [34mtps: 119  [36mtflops: 5.73  [35mmfu: 0.58%[39m
[rank0]:[titan] 2026-03-17 19:39:21,814 - root - INFO - [31mstep: 1900  [32mloss:  2.7189  [38;2;180;60;0mgrad_norm:  1.1283  [38;2;54;234;195mmemory: 39.92GiB(50.26%)  [34mtps: 120  [36mtflops: 5.79  [35mmfu: 0.58%[39m
[rank0]:[titan] 2026-03-17 19:39:39,156 - root - INFO - [31mstep: 1901  [32mloss:  2.7258  [38;2;180;60;0mgrad_norm:  1.3955  [38;2;54;234;195mmemory: 39.92GiB(50.26%)  [34mtps: 118  [36mtflops: 5.70  [35mmfu: 0.58%[39m
[rank0]:[titan] 2026-03-17 19:39:56,605 - root - INFO - [31mstep: 1902  [32mloss:  2.7507  [38;2;180;60;0mgrad_norm:  1.3410  [38;2;54;234;195mmemory: 39.92GiB(50.26%)  [34mtps: 117  [36mtflops: 5.66  [35mmfu: 0.57%[39m
[rank0]:[titan] 2026-03-17 19:39:56,608 - root - WARNING - Dataset c4_test is being re-looped
[rank0]:[titan] 2026-03-17 19:40:14,128 - root - INFO - [31mstep: 1903  [32mloss:  2.7304  [38;2;180;60;0mgrad_norm:  1.2101  [38;2;54;234;195mmemory: 39.92GiB(50.26%)  [34mtps: 117  [36mtflops: 5.64  [35mmfu: 0.57%[39m
[rank0]:[titan] 2026-03-17 19:40:31,729 - root - INFO - [31mstep: 1904  [32mloss:  2.7348  [38;2;180;60;0mgrad_norm:  1.0217  [38;2;54;234;195mmemory: 39.92GiB(50.26%)  [34mtps: 116  [36mtflops: 5.61  [35mmfu: 0.57%[39m
[rank0]:[titan] 2026-03-17 19:40:48,863 - root - INFO - [31mstep: 1905  [32mloss:  2.7607  [38;2;180;60;0mgrad_norm:  1.0844  [38;2;54;234;195mmemory: 39.92GiB(50.26%)  [34mtps: 120  [36mtflops: 5.77  [35mmfu: 0.58%[39m
[rank0]:[titan] 2026-03-17 19:41:05,547 - root - INFO - [31mstep: 1906  [32mloss:  2.7646  [38;2;180;60;0mgrad_norm:  1.2745  [38;2;54;234;195mmemory: 39.92GiB(50.26%)  [34mtps: 123  [36mtflops: 5.92  [35mmfu: 0.60%[39m
[rank0]:[titan] 2026-03-17 19:41:23,112 - root - INFO - [31mstep: 1907  [32mloss:  2.7336  [38;2;180;60;0mgrad_norm:  1.0520  [38;2;54;234;195mmemory: 39.92GiB(50.26%)  [34mtps: 117  [36mtflops: 5.63  [35mmfu: 0.57%[39m
[rank0]:[titan] 2026-03-17 19:41:40,004 - root - INFO - [31mstep: 1908  [32mloss:  2.7427  [38;2;180;60;0mgrad_norm:  1.5857  [38;2;54;234;195mmemory: 39.92GiB(50.26%)  [34mtps: 121  [36mtflops: 5.85  [35mmfu: 0.59%[39m
[rank0]:[titan] 2026-03-17 19:41:56,855 - root - INFO - [31mstep: 1909  [32mloss:  2.6604  [38;2;180;60;0mgrad_norm:  1.6768  [38;2;54;234;195mmemory: 39.92GiB(50.26%)  [34mtps: 122  [36mtflops: 5.86  [35mmfu: 0.59%[39m
[rank0]:[titan] 2026-03-17 19:42:13,629 - root - INFO - [31mstep: 1910  [32mloss:  2.7060  [38;2;180;60;0mgrad_norm:  1.3853  [38;2;54;234;195mmemory: 39.92GiB(50.26%)  [34mtps: 122  [36mtflops: 5.89  [35mmfu: 0.60%[39m
[rank0]:[titan] 2026-03-17 19:42:30,825 - root - INFO - [31mstep: 1911  [32mloss:  2.7072  [38;2;180;60;0mgrad_norm:  1.3868  [38;2;54;234;195mmemory: 39.92GiB(50.26%)  [34mtps: 119  [36mtflops: 5.75  [35mmfu: 0.58%[39m
[rank0]:[titan] 2026-03-17 19:42:48,339 - root - INFO - [31mstep: 1912  [32mloss:  2.6703  [38;2;180;60;0mgrad_norm:  1.2461  [38;2;54;234;195mmemory: 39.92GiB(50.26%)  [34mtps: 117  [36mtflops: 5.64  [35mmfu: 0.57%[39m
[rank0]:[titan] 2026-03-17 19:43:05,690 - root - INFO - [31mstep: 1913  [32mloss:  2.6772  [38;2;180;60;0mgrad_norm:  1.1590  [38;2;54;234;195mmemory: 39.92GiB(50.26%)  [34mtps: 118  [36mtflops: 5.70  [35mmfu: 0.58%[39m
[rank0]:[titan] 2026-03-17 19:43:22,675 - root - INFO - [31mstep: 1914  [32mloss:  2.7207  [38;2;180;60;0mgrad_norm:  1.1690  [38;2;54;234;195mmemory: 39.92GiB(50.26%)  [34mtps: 121  [36mtflops: 5.82  [35mmfu: 0.59%[39m
[rank0]:[titan] 2026-03-17 19:43:39,908 - root - INFO - [31mstep: 1915  [32mloss:  2.7530  [38;2;180;60;0mgrad_norm:  1.2548  [38;2;54;234;195mmemory: 39.92GiB(50.26%)  [34mtps: 119  [36mtflops: 5.73  [35mmfu: 0.58%[39m
[rank0]:[titan] 2026-03-17 19:43:57,231 - root - INFO - [31mstep: 1916  [32mloss:  2.7734  [38;2;180;60;0mgrad_norm:  1.1285  [38;2;54;234;195mmemory: 39.92GiB(50.26%)  [34mtps: 118  [36mtflops: 5.70  [35mmfu: 0.58%[39m
[rank0]:[titan] 2026-03-17 19:44:14,690 - root - INFO - [31mstep: 1917  [32mloss:  2.7433  [38;2;180;60;0mgrad_norm:  0.9912  [38;2;54;234;195mmemory: 39.92GiB(50.26%)  [34mtps: 117  [36mtflops: 5.66  [35mmfu: 0.57%[39m
[rank0]:[titan] 2026-03-17 19:44:31,843 - root - INFO - [31mstep: 1918  [32mloss:  2.7296  [38;2;180;60;0mgrad_norm:  1.1323  [38;2;54;234;195mmemory: 39.92GiB(50.26%)  [34mtps: 119  [36mtflops: 5.76  [35mmfu: 0.58%[39m
[rank0]:[titan] 2026-03-17 19:44:49,244 - root - INFO - [31mstep: 1919  [32mloss:  2.6834  [38;2;180;60;0mgrad_norm:  1.0566  [38;2;54;234;195mmemory: 39.92GiB(50.26%)  [34mtps: 118  [36mtflops: 5.68  [35mmfu: 0.57%[39m
[rank0]:[titan] 2026-03-17 19:45:06,522 - root - INFO - [31mstep: 1920  [32mloss:  2.7118  [38;2;180;60;0mgrad_norm:  1.0681  [38;2;54;234;195mmemory: 39.92GiB(50.26%)  [34mtps: 119  [36mtflops: 5.72  [35mmfu: 0.58%[39m
[rank0]:[titan] 2026-03-17 19:45:23,978 - root - INFO - [31mstep: 1921  [32mloss:  2.7474  [38;2;180;60;0mgrad_norm:  1.2208  [38;2;54;234;195mmemory: 39.92GiB(50.26%)  [34mtps: 117  [36mtflops: 5.66  [35mmfu: 0.57%[39m
[rank0]:[titan] 2026-03-17 19:45:41,250 - root - INFO - [31mstep: 1922  [32mloss:  2.7081  [38;2;180;60;0mgrad_norm:  1.0687  [38;2;54;234;195mmemory: 39.92GiB(50.26%)  [34mtps: 119  [36mtflops: 5.72  [35mmfu: 0.58%[39m
[rank0]:[titan] 2026-03-17 19:45:58,533 - root - INFO - [31mstep: 1923  [32mloss:  2.7217  [38;2;180;60;0mgrad_norm:  0.9721  [38;2;54;234;195mmemory: 39.92GiB(50.26%)  [34mtps: 119  [36mtflops: 5.72  [35mmfu: 0.58%[39m
[rank0]:[titan] 2026-03-17 19:46:15,735 - root - INFO - [31mstep: 1924  [32mloss:  2.6931  [38;2;180;60;0mgrad_norm:  0.9438  [38;2;54;234;195mmemory: 39.92GiB(50.26%)  [34mtps: 119  [36mtflops: 5.74  [35mmfu: 0.58%[39m
[rank0]:[titan] 2026-03-17 19:46:33,228 - root - INFO - [31mstep: 1925  [32mloss:  2.6654  [38;2;180;60;0mgrad_norm:  1.4491  [38;2;54;234;195mmemory: 39.92GiB(50.26%)  [34mtps: 117  [36mtflops: 5.65  [35mmfu: 0.57%[39m
[rank0]:[titan] 2026-03-17 19:46:50,820 - root - INFO - [31mstep: 1926  [32mloss:  2.6209  [38;2;180;60;0mgrad_norm:  1.2351  [38;2;54;234;195mmemory: 39.92GiB(50.26%)  [34mtps: 116  [36mtflops: 5.62  [35mmfu: 0.57%[39m
[rank0]:[titan] 2026-03-17 19:47:08,330 - root - INFO - [31mstep: 1927  [32mloss:  2.7374  [38;2;180;60;0mgrad_norm:  1.1428  [38;2;54;234;195mmemory: 39.92GiB(50.26%)  [34mtps: 117  [36mtflops: 5.64  [35mmfu: 0.57%[39m
[rank0]:[titan] 2026-03-17 19:47:25,726 - root - INFO - [31mstep: 1928  [32mloss:  2.7719  [38;2;180;60;0mgrad_norm:  1.0592  [38;2;54;234;195mmemory: 39.92GiB(50.26%)  [34mtps: 118  [36mtflops: 5.68  [35mmfu: 0.57%[39m
[rank0]:[titan] 2026-03-17 19:47:42,848 - root - INFO - [31mstep: 1929  [32mloss:  2.7215  [38;2;180;60;0mgrad_norm:  1.2352  [38;2;54;234;195mmemory: 39.92GiB(50.26%)  [34mtps: 120  [36mtflops: 5.77  [35mmfu: 0.58%[39m
[rank0]:[titan] 2026-03-17 19:47:59,988 - root - INFO - [31mstep: 1930  [32mloss:  2.6927  [38;2;180;60;0mgrad_norm:  1.1438  [38;2;54;234;195mmemory: 39.92GiB(50.26%)  [34mtps: 119  [36mtflops: 5.77  [35mmfu: 0.58%[39m
[rank0]:[titan] 2026-03-17 19:48:17,318 - root - INFO - [31mstep: 1931  [32mloss:  2.7087  [38;2;180;60;0mgrad_norm:  1.2485  [38;2;54;234;195mmemory: 39.92GiB(50.26%)  [34mtps: 118  [36mtflops: 5.70  [35mmfu: 0.58%[39m
[rank0]:[titan] 2026-03-17 19:48:34,788 - root - INFO - [31mstep: 1932  [32mloss:  2.7287  [38;2;180;60;0mgrad_norm:  1.1339  [38;2;54;234;195mmemory: 39.92GiB(50.26%)  [34mtps: 117  [36mtflops: 5.66  [35mmfu: 0.57%[39m
[rank0]:[titan] 2026-03-17 19:48:52,208 - root - INFO - [31mstep: 1933  [32mloss:  2.6850  [38;2;180;60;0mgrad_norm:  1.0356  [38;2;54;234;195mmemory: 39.92GiB(50.26%)  [34mtps: 118  [36mtflops: 5.67  [35mmfu: 0.57%[39m
[rank0]:[titan] 2026-03-17 19:49:09,599 - root - INFO - [31mstep: 1934  [32mloss:  2.6928  [38;2;180;60;0mgrad_norm:  1.2556  [38;2;54;234;195mmemory: 39.92GiB(50.26%)  [34mtps: 118  [36mtflops: 5.68  [35mmfu: 0.57%[39m
[rank0]:[titan] 2026-03-17 19:49:27,365 - root - INFO - [31mstep: 1935  [32mloss:  2.7217  [38;2;180;60;0mgrad_norm:  1.3733  [38;2;54;234;195mmemory: 39.92GiB(50.26%)  [34mtps: 115  [36mtflops: 5.56  [35mmfu: 0.56%[39m
[rank0]:[titan] 2026-03-17 19:49:44,340 - root - INFO - [31mstep: 1936  [32mloss:  2.7177  [38;2;180;60;0mgrad_norm:  2.2474  [38;2;54;234;195mmemory: 39.92GiB(50.26%)  [34mtps: 121  [36mtflops: 5.82  [35mmfu: 0.59%[39m
[rank0]:[titan] 2026-03-17 19:50:01,700 - root - INFO - [31mstep: 1937  [32mloss:  2.7287  [38;2;180;60;0mgrad_norm:  1.1590  [38;2;54;234;195mmemory: 39.92GiB(50.26%)  [34mtps: 118  [36mtflops: 5.69  [35mmfu: 0.58%[39m
[rank0]:[titan] 2026-03-17 19:50:18,910 - root - INFO - [31mstep: 1938  [32mloss:  2.6794  [38;2;180;60;0mgrad_norm:  2.0279  [38;2;54;234;195mmemory: 39.92GiB(50.26%)  [34mtps: 119  [36mtflops: 5.74  [35mmfu: 0.58%[39m
[rank0]:[titan] 2026-03-17 19:50:36,500 - root - INFO - [31mstep: 1939  [32mloss:  2.7213  [38;2;180;60;0mgrad_norm:  1.5181  [38;2;54;234;195mmemory: 39.92GiB(50.26%)  [34mtps: 116  [36mtflops: 5.62  [35mmfu: 0.57%[39m
[rank0]:[titan] 2026-03-17 19:50:54,024 - root - INFO - [31mstep: 1940  [32mloss:  2.7024  [38;2;180;60;0mgrad_norm:  1.1901  [38;2;54;234;195mmemory: 39.92GiB(50.26%)  [34mtps: 117  [36mtflops: 5.64  [35mmfu: 0.57%[39m
[rank0]:[titan] 2026-03-17 19:51:11,150 - root - INFO - [31mstep: 1941  [32mloss:  2.7020  [38;2;180;60;0mgrad_norm:  1.3348  [38;2;54;234;195mmemory: 39.92GiB(50.26%)  [34mtps: 120  [36mtflops: 5.77  [35mmfu: 0.58%[39m
[rank0]:[titan] 2026-03-17 19:51:28,728 - root - INFO - [31mstep: 1942  [32mloss:  2.7677  [38;2;180;60;0mgrad_norm:  1.6365  [38;2;54;234;195mmemory: 39.92GiB(50.26%)  [34mtps: 117  [36mtflops: 5.62  [35mmfu: 0.57%[39m
[rank0]:[titan] 2026-03-17 19:51:46,148 - root - INFO - [31mstep: 1943  [32mloss:  2.7626  [38;2;180;60;0mgrad_norm:  1.3811  [38;2;54;234;195mmemory: 39.92GiB(50.26%)  [34mtps: 118  [36mtflops: 5.67  [35mmfu: 0.57%[39m
[rank0]:[titan] 2026-03-17 19:52:03,304 - root - INFO - [31mstep: 1944  [32mloss:  2.7897  [38;2;180;60;0mgrad_norm:  1.2311  [38;2;54;234;195mmemory: 39.92GiB(50.26%)  [34mtps: 119  [36mtflops: 5.76  [35mmfu: 0.58%[39m
[rank0]:[titan] 2026-03-17 19:52:20,424 - root - INFO - [31mstep: 1945  [32mloss:  2.7794  [38;2;180;60;0mgrad_norm:  1.2822  [38;2;54;234;195mmemory: 39.92GiB(50.26%)  [34mtps: 120  [36mtflops: 5.77  [35mmfu: 0.58%[39m
[rank0]:[titan] 2026-03-17 19:52:37,696 - root - INFO - [31mstep: 1946  [32mloss:  2.7906  [38;2;180;60;0mgrad_norm:  1.6818  [38;2;54;234;195mmemory: 39.92GiB(50.26%)  [34mtps: 119  [36mtflops: 5.72  [35mmfu: 0.58%[39m
[rank0]:[titan] 2026-03-17 19:52:54,891 - root - INFO - [31mstep: 1947  [32mloss:  2.7958  [38;2;180;60;0mgrad_norm:  1.3847  [38;2;54;234;195mmemory: 39.92GiB(50.26%)  [34mtps: 119  [36mtflops: 5.75  [35mmfu: 0.58%[39m
[rank0]:[titan] 2026-03-17 19:53:12,333 - root - INFO - [31mstep: 1948  [32mloss:  2.7422  [38;2;180;60;0mgrad_norm:  1.2407  [38;2;54;234;195mmemory: 39.92GiB(50.26%)  [34mtps: 117  [36mtflops: 5.67  [35mmfu: 0.57%[39m
[rank0]:[titan] 2026-03-17 19:53:29,875 - root - INFO - [31mstep: 1949  [32mloss:  2.8295  [38;2;180;60;0mgrad_norm:  1.1379  [38;2;54;234;195mmemory: 39.92GiB(50.26%)  [34mtps: 117  [36mtflops: 5.63  [35mmfu: 0.57%[39m
[rank0]:[titan] 2026-03-17 19:53:47,351 - root - INFO - [31mstep: 1950  [32mloss:  2.8239  [38;2;180;60;0mgrad_norm:  1.3302  [38;2;54;234;195mmemory: 39.92GiB(50.26%)  [34mtps: 117  [36mtflops: 5.65  [35mmfu: 0.57%[39m
[rank0]:[titan] 2026-03-17 19:54:04,873 - root - INFO - [31mstep: 1951  [32mloss:  2.7792  [38;2;180;60;0mgrad_norm:  1.2097  [38;2;54;234;195mmemory: 39.92GiB(50.26%)  [34mtps: 117  [36mtflops: 5.64  [35mmfu: 0.57%[39m
[rank0]:[titan] 2026-03-17 19:54:22,176 - root - INFO - [31mstep: 1952  [32mloss:  2.7532  [38;2;180;60;0mgrad_norm:  1.1656  [38;2;54;234;195mmemory: 39.92GiB(50.26%)  [34mtps: 118  [36mtflops: 5.71  [35mmfu: 0.58%[39m
[rank0]:[titan] 2026-03-17 19:54:39,762 - root - INFO - [31mstep: 1953  [32mloss:  2.7037  [38;2;180;60;0mgrad_norm:  1.4942  [38;2;54;234;195mmemory: 39.92GiB(50.26%)  [34mtps: 116  [36mtflops: 5.62  [35mmfu: 0.57%[39m
[rank0]:[titan] 2026-03-17 19:54:57,172 - root - INFO - [31mstep: 1954  [32mloss:  2.8099  [38;2;180;60;0mgrad_norm:  1.3608  [38;2;54;234;195mmemory: 39.92GiB(50.26%)  [34mtps: 118  [36mtflops: 5.68  [35mmfu: 0.57%[39m
[rank0]:[titan] 2026-03-17 19:55:13,645 - root - INFO - [31mstep: 1955  [32mloss:  2.7091  [38;2;180;60;0mgrad_norm:  1.2122  [38;2;54;234;195mmemory: 39.92GiB(50.26%)  [34mtps: 124  [36mtflops: 6.00  [35mmfu: 0.61%[39m
[rank0]:[titan] 2026-03-17 19:55:31,400 - root - INFO - [31mstep: 1956  [32mloss:  2.7946  [38;2;180;60;0mgrad_norm:  1.2724  [38;2;54;234;195mmemory: 39.92GiB(50.26%)  [34mtps: 115  [36mtflops: 5.57  [35mmfu: 0.56%[39m
[rank0]:[titan] 2026-03-17 19:55:50,494 - root - INFO - [31mstep: 1957  [32mloss:  2.7773  [38;2;180;60;0mgrad_norm:  1.6836  [38;2;54;234;195mmemory: 39.92GiB(50.26%)  [34mtps: 107  [36mtflops: 5.18  [35mmfu: 0.52%[39m
[rank0]:[titan] 2026-03-17 19:56:08,185 - root - INFO - [31mstep: 1958  [32mloss:  2.7094  [38;2;180;60;0mgrad_norm:  1.1843  [38;2;54;234;195mmemory: 39.92GiB(50.26%)  [34mtps: 116  [36mtflops: 5.59  [35mmfu: 0.56%[39m
[rank0]:[titan] 2026-03-17 19:56:25,769 - root - INFO - [31mstep: 1959  [32mloss:  2.7577  [38;2;180;60;0mgrad_norm:  1.2899  [38;2;54;234;195mmemory: 39.92GiB(50.26%)  [34mtps: 116  [36mtflops: 5.62  [35mmfu: 0.57%[39m
[rank0]:[titan] 2026-03-17 19:56:43,168 - root - INFO - [31mstep: 1960  [32mloss:  2.7584  [38;2;180;60;0mgrad_norm:  1.5491  [38;2;54;234;195mmemory: 39.92GiB(50.26%)  [34mtps: 118  [36mtflops: 5.68  [35mmfu: 0.57%[39m
[rank0]:[titan] 2026-03-17 19:57:00,871 - root - INFO - [31mstep: 1961  [32mloss:  2.7782  [38;2;180;60;0mgrad_norm:  1.4252  [38;2;54;234;195mmemory: 39.92GiB(50.26%)  [34mtps: 116  [36mtflops: 5.58  [35mmfu: 0.56%[39m
[rank0]:[titan] 2026-03-17 19:57:18,626 - root - INFO - [31mstep: 1962  [32mloss:  2.7996  [38;2;180;60;0mgrad_norm:  0.8641  [38;2;54;234;195mmemory: 39.92GiB(50.26%)  [34mtps: 115  [36mtflops: 5.57  [35mmfu: 0.56%[39m
[rank0]:[titan] 2026-03-17 19:57:35,931 - root - INFO - [31mstep: 1963  [32mloss:  2.7439  [38;2;180;60;0mgrad_norm:  1.1745  [38;2;54;234;195mmemory: 39.92GiB(50.26%)  [34mtps: 118  [36mtflops: 5.71  [35mmfu: 0.58%[39m
[rank0]:[titan] 2026-03-17 19:57:53,609 - root - INFO - [31mstep: 1964  [32mloss:  2.7285  [38;2;180;60;0mgrad_norm:  1.2203  [38;2;54;234;195mmemory: 39.92GiB(50.26%)  [34mtps: 116  [36mtflops: 5.59  [35mmfu: 0.57%[39m
[rank0]:[titan] 2026-03-17 19:58:11,160 - root - INFO - [31mstep: 1965  [32mloss:  2.7552  [38;2;180;60;0mgrad_norm:  0.8521  [38;2;54;234;195mmemory: 39.92GiB(50.26%)  [34mtps: 117  [36mtflops: 5.63  [35mmfu: 0.57%[39m
[rank0]:[titan] 2026-03-17 19:58:28,455 - root - INFO - [31mstep: 1966  [32mloss:  2.7349  [38;2;180;60;0mgrad_norm:  1.1682  [38;2;54;234;195mmemory: 39.92GiB(50.26%)  [34mtps: 118  [36mtflops: 5.71  [35mmfu: 0.58%[39m
[rank0]:[titan] 2026-03-17 19:58:46,424 - root - INFO - [31mstep: 1967  [32mloss:  2.8145  [38;2;180;60;0mgrad_norm:  1.1665  [38;2;54;234;195mmemory: 39.92GiB(50.26%)  [34mtps: 114  [36mtflops: 5.50  [35mmfu: 0.56%[39m
[rank0]:[titan] 2026-03-17 19:59:03,381 - root - INFO - [31mstep: 1968  [32mloss:  2.8022  [38;2;180;60;0mgrad_norm:  1.0809  [38;2;54;234;195mmemory: 39.92GiB(50.26%)  [34mtps: 121  [36mtflops: 5.83  [35mmfu: 0.59%[39m
[rank0]:[titan] 2026-03-17 19:59:20,923 - root - INFO - [31mstep: 1969  [32mloss:  2.8020  [38;2;180;60;0mgrad_norm:  1.4046  [38;2;54;234;195mmemory: 39.92GiB(50.26%)  [34mtps: 117  [36mtflops: 5.63  [35mmfu: 0.57%[39m
[rank0]:[titan] 2026-03-17 19:59:38,089 - root - INFO - [31mstep: 1970  [32mloss:  2.7528  [38;2;180;60;0mgrad_norm:  1.4243  [38;2;54;234;195mmemory: 39.92GiB(50.26%)  [34mtps: 119  [36mtflops: 5.76  [35mmfu: 0.58%[39m
[rank0]:[titan] 2026-03-17 19:59:55,336 - root - INFO - [31mstep: 1971  [32mloss:  2.7479  [38;2;180;60;0mgrad_norm:  1.3101  [38;2;54;234;195mmemory: 39.92GiB(50.26%)  [34mtps: 119  [36mtflops: 5.73  [35mmfu: 0.58%[39m
[rank0]:[titan] 2026-03-17 20:00:12,569 - root - INFO - [31mstep: 1972  [32mloss:  2.6984  [38;2;180;60;0mgrad_norm:  1.4699  [38;2;54;234;195mmemory: 39.92GiB(50.26%)  [34mtps: 119  [36mtflops: 5.73  [35mmfu: 0.58%[39m
[rank0]:[titan] 2026-03-17 20:00:30,247 - root - INFO - [31mstep: 1973  [32mloss:  2.7065  [38;2;180;60;0mgrad_norm:  1.7851  [38;2;54;234;195mmemory: 39.92GiB(50.26%)  [34mtps: 116  [36mtflops: 5.59  [35mmfu: 0.57%[39m
[rank0]:[titan] 2026-03-17 20:00:47,676 - root - INFO - [31mstep: 1974  [32mloss:  2.8520  [38;2;180;60;0mgrad_norm:  1.8210  [38;2;54;234;195mmemory: 39.92GiB(50.26%)  [34mtps: 118  [36mtflops: 5.67  [35mmfu: 0.57%[39m
[rank0]:[titan] 2026-03-17 20:01:04,978 - root - INFO - [31mstep: 1975  [32mloss:  2.8130  [38;2;180;60;0mgrad_norm:  1.5825  [38;2;54;234;195mmemory: 39.92GiB(50.26%)  [34mtps: 118  [36mtflops: 5.71  [35mmfu: 0.58%[39m
[rank0]:[titan] 2026-03-17 20:01:22,528 - root - INFO - [31mstep: 1976  [32mloss:  2.7123  [38;2;180;60;0mgrad_norm:  1.1437  [38;2;54;234;195mmemory: 39.92GiB(50.26%)  [34mtps: 117  [36mtflops: 5.63  [35mmfu: 0.57%[39m
[rank0]:[titan] 2026-03-17 20:01:39,936 - root - INFO - [31mstep: 1977  [32mloss:  2.7223  [38;2;180;60;0mgrad_norm:  1.3182  [38;2;54;234;195mmemory: 39.92GiB(50.26%)  [34mtps: 118  [36mtflops: 5.68  [35mmfu: 0.57%[39m
[rank0]:[titan] 2026-03-17 20:01:57,575 - root - INFO - [31mstep: 1978  [32mloss:  2.6727  [38;2;180;60;0mgrad_norm:  1.6155  [38;2;54;234;195mmemory: 39.92GiB(50.26%)  [34mtps: 116  [36mtflops: 5.60  [35mmfu: 0.57%[39m
[rank0]:[titan] 2026-03-17 20:02:15,036 - root - INFO - [31mstep: 1979  [32mloss:  2.7112  [38;2;180;60;0mgrad_norm:  1.4040  [38;2;54;234;195mmemory: 39.92GiB(50.26%)  [34mtps: 117  [36mtflops: 5.66  [35mmfu: 0.57%[39m
[rank0]:[titan] 2026-03-17 20:02:32,643 - root - INFO - [31mstep: 1980  [32mloss:  2.6969  [38;2;180;60;0mgrad_norm:  1.2572  [38;2;54;234;195mmemory: 39.92GiB(50.26%)  [34mtps: 116  [36mtflops: 5.61  [35mmfu: 0.57%[39m
[rank0]:[titan] 2026-03-17 20:02:50,167 - root - INFO - [31mstep: 1981  [32mloss:  2.6543  [38;2;180;60;0mgrad_norm:  1.1780  [38;2;54;234;195mmemory: 39.92GiB(50.26%)  [34mtps: 117  [36mtflops: 5.64  [35mmfu: 0.57%[39m
[rank0]:[titan] 2026-03-17 20:03:07,464 - root - INFO - [31mstep: 1982  [32mloss:  2.6885  [38;2;180;60;0mgrad_norm:  1.3050  [38;2;54;234;195mmemory: 39.92GiB(50.26%)  [34mtps: 118  [36mtflops: 5.71  [35mmfu: 0.58%[39m
[rank0]:[titan] 2026-03-17 20:03:24,726 - root - INFO - [31mstep: 1983  [32mloss:  2.6865  [38;2;180;60;0mgrad_norm:  1.7847  [38;2;54;234;195mmemory: 39.92GiB(50.26%)  [34mtps: 119  [36mtflops: 5.72  [35mmfu: 0.58%[39m
[rank0]:[titan] 2026-03-17 20:03:42,362 - root - INFO - [31mstep: 1984  [32mloss:  2.6949  [38;2;180;60;0mgrad_norm:  1.5738  [38;2;54;234;195mmemory: 39.92GiB(50.26%)  [34mtps: 116  [36mtflops: 5.60  [35mmfu: 0.57%[39m
[rank0]:[titan] 2026-03-17 20:03:59,429 - root - INFO - [31mstep: 1985  [32mloss:  2.7538  [38;2;180;60;0mgrad_norm:  1.2348  [38;2;54;234;195mmemory: 39.92GiB(50.26%)  [34mtps: 120  [36mtflops: 5.79  [35mmfu: 0.59%[39m
[rank0]:[titan] 2026-03-17 20:04:16,817 - root - INFO - [31mstep: 1986  [32mloss:  2.7091  [38;2;180;60;0mgrad_norm:  1.5247  [38;2;54;234;195mmemory: 39.92GiB(50.26%)  [34mtps: 118  [36mtflops: 5.68  [35mmfu: 0.57%[39m
[rank0]:[titan] 2026-03-17 20:04:34,162 - root - INFO - [31mstep: 1987  [32mloss:  2.7145  [38;2;180;60;0mgrad_norm:  1.3554  [38;2;54;234;195mmemory: 39.92GiB(50.26%)  [34mtps: 118  [36mtflops: 5.70  [35mmfu: 0.58%[39m
[rank0]:[titan] 2026-03-17 20:04:51,804 - root - INFO - [31mstep: 1988  [32mloss:  2.7286  [38;2;180;60;0mgrad_norm:  0.9824  [38;2;54;234;195mmemory: 39.92GiB(50.26%)  [34mtps: 116  [36mtflops: 5.60  [35mmfu: 0.57%[39m
[rank0]:[titan] 2026-03-17 20:05:09,121 - root - INFO - [31mstep: 1989  [32mloss:  2.7117  [38;2;180;60;0mgrad_norm:  1.3119  [38;2;54;234;195mmemory: 39.92GiB(50.26%)  [34mtps: 118  [36mtflops: 5.71  [35mmfu: 0.58%[39m
[rank0]:[titan] 2026-03-17 20:05:26,307 - root - INFO - [31mstep: 1990  [32mloss:  2.7546  [38;2;180;60;0mgrad_norm:  1.2966  [38;2;54;234;195mmemory: 39.92GiB(50.26%)  [34mtps: 119  [36mtflops: 5.75  [35mmfu: 0.58%[39m
[rank0]:[titan] 2026-03-17 20:05:43,819 - root - INFO - [31mstep: 1991  [32mloss:  2.7545  [38;2;180;60;0mgrad_norm:  1.1766  [38;2;54;234;195mmemory: 39.92GiB(50.26%)  [34mtps: 117  [36mtflops: 5.64  [35mmfu: 0.57%[39m
[rank0]:[titan] 2026-03-17 20:06:01,118 - root - INFO - [31mstep: 1992  [32mloss:  2.7498  [38;2;180;60;0mgrad_norm:  1.1232  [38;2;54;234;195mmemory: 39.92GiB(50.26%)  [34mtps: 118  [36mtflops: 5.71  [35mmfu: 0.58%[39m
[rank0]:[titan] 2026-03-17 20:06:18,378 - root - INFO - [31mstep: 1993  [32mloss:  2.6842  [38;2;180;60;0mgrad_norm:  1.0125  [38;2;54;234;195mmemory: 39.92GiB(50.26%)  [34mtps: 119  [36mtflops: 5.73  [35mmfu: 0.58%[39m
[rank0]:[titan] 2026-03-17 20:06:35,820 - root - INFO - [31mstep: 1994  [32mloss:  2.7046  [38;2;180;60;0mgrad_norm:  1.3428  [38;2;54;234;195mmemory: 39.92GiB(50.26%)  [34mtps: 117  [36mtflops: 5.67  [35mmfu: 0.57%[39m
[rank0]:[titan] 2026-03-17 20:06:53,260 - root - INFO - [31mstep: 1995  [32mloss:  2.7359  [38;2;180;60;0mgrad_norm:  1.1851  [38;2;54;234;195mmemory: 39.92GiB(50.26%)  [34mtps: 117  [36mtflops: 5.67  [35mmfu: 0.57%[39m
[rank0]:[titan] 2026-03-17 20:07:10,621 - root - INFO - [31mstep: 1996  [32mloss:  2.7892  [38;2;180;60;0mgrad_norm:  1.1118  [38;2;54;234;195mmemory: 39.92GiB(50.26%)  [34mtps: 118  [36mtflops: 5.69  [35mmfu: 0.58%[39m
[rank0]:[titan] 2026-03-17 20:07:27,704 - root - INFO - [31mstep: 1997  [32mloss:  2.6966  [38;2;180;60;0mgrad_norm:  1.3314  [38;2;54;234;195mmemory: 39.92GiB(50.26%)  [34mtps: 120  [36mtflops: 5.78  [35mmfu: 0.58%[39m
[rank0]:[titan] 2026-03-17 20:07:44,757 - root - INFO - [31mstep: 1998  [32mloss:  2.7031  [38;2;180;60;0mgrad_norm:  1.0992  [38;2;54;234;195mmemory: 39.92GiB(50.26%)  [34mtps: 120  [36mtflops: 5.80  [35mmfu: 0.59%[39m
[rank0]:[titan] 2026-03-17 20:08:02,132 - root - INFO - [31mstep: 1999  [32mloss:  2.6661  [38;2;180;60;0mgrad_norm:  1.2191  [38;2;54;234;195mmemory: 39.92GiB(50.26%)  [34mtps: 118  [36mtflops: 5.69  [35mmfu: 0.58%[39m
[rank0]:[titan] 2026-03-17 20:08:19,032 - root - INFO - [31mstep: 2000  [32mloss:  2.6611  [38;2;180;60;0mgrad_norm:  1.0107  [38;2;54;234;195mmemory: 39.92GiB(50.26%)  [34mtps: 121  [36mtflops: 5.85  [35mmfu: 0.59%[39m
[rank0]:[titan] 2026-03-17 20:08:36,062 - root - INFO - [31mstep: 2001  [32mloss:  2.6830  [38;2;180;60;0mgrad_norm:  1.0902  [38;2;54;234;195mmemory: 39.92GiB(50.26%)  [34mtps: 120  [36mtflops: 5.80  [35mmfu: 0.59%[39m
[rank0]:[titan] 2026-03-17 20:08:53,313 - root - INFO - [31mstep: 2002  [32mloss:  2.6870  [38;2;180;60;0mgrad_norm:  1.3564  [38;2;54;234;195mmemory: 39.92GiB(50.26%)  [34mtps: 119  [36mtflops: 5.73  [35mmfu: 0.58%[39m
[rank0]:[titan] 2026-03-17 20:09:10,154 - root - INFO - [31mstep: 2003  [32mloss:  2.6610  [38;2;180;60;0mgrad_norm:  1.2072  [38;2;54;234;195mmemory: 39.92GiB(50.26%)  [34mtps: 122  [36mtflops: 5.87  [35mmfu: 0.59%[39m
[rank0]:[titan] 2026-03-17 20:09:27,059 - root - INFO - [31mstep: 2004  [32mloss:  2.6731  [38;2;180;60;0mgrad_norm:  1.2048  [38;2;54;234;195mmemory: 39.92GiB(50.26%)  [34mtps: 121  [36mtflops: 5.85  [35mmfu: 0.59%[39m
[rank0]:[titan] 2026-03-17 20:09:44,019 - root - INFO - [31mstep: 2005  [32mloss:  2.6757  [38;2;180;60;0mgrad_norm:  1.2146  [38;2;54;234;195mmemory: 39.92GiB(50.26%)  [34mtps: 121  [36mtflops: 5.83  [35mmfu: 0.59%[39m
[rank0]:[titan] 2026-03-17 20:10:00,868 - root - INFO - [31mstep: 2006  [32mloss:  2.6634  [38;2;180;60;0mgrad_norm:  1.0369  [38;2;54;234;195mmemory: 39.92GiB(50.26%)  [34mtps: 122  [36mtflops: 5.87  [35mmfu: 0.59%[39m
[rank0]:[titan] 2026-03-17 20:10:18,089 - root - INFO - [31mstep: 2007  [32mloss:  2.7358  [38;2;180;60;0mgrad_norm:  1.0345  [38;2;54;234;195mmemory: 39.92GiB(50.26%)  [34mtps: 119  [36mtflops: 5.74  [35mmfu: 0.58%[39m
[rank0]:[titan] 2026-03-17 20:10:35,371 - root - INFO - [31mstep: 2008  [32mloss:  2.7135  [38;2;180;60;0mgrad_norm:  1.2449  [38;2;54;234;195mmemory: 39.92GiB(50.26%)  [34mtps: 119  [36mtflops: 5.72  [35mmfu: 0.58%[39m
[rank0]:[titan] 2026-03-17 20:10:53,100 - root - INFO - [31mstep: 2009  [32mloss:  2.6679  [38;2;180;60;0mgrad_norm:  1.2283  [38;2;54;234;195mmemory: 39.92GiB(50.26%)  [34mtps: 116  [36mtflops: 5.57  [35mmfu: 0.56%[39m
[rank0]:[titan] 2026-03-17 20:11:10,093 - root - INFO - [31mstep: 2010  [32mloss:  2.7030  [38;2;180;60;0mgrad_norm:  1.0303  [38;2;54;234;195mmemory: 39.92GiB(50.26%)  [34mtps: 121  [36mtflops: 5.82  [35mmfu: 0.59%[39m
[rank0]:[titan] 2026-03-17 20:11:27,687 - root - INFO - [31mstep: 2011  [32mloss:  2.7368  [38;2;180;60;0mgrad_norm:  0.6936  [38;2;54;234;195mmemory: 39.92GiB(50.26%)  [34mtps: 116  [36mtflops: 5.62  [35mmfu: 0.57%[39m
[rank0]:[titan] 2026-03-17 20:11:45,132 - root - INFO - [31mstep: 2012  [32mloss:  2.6972  [38;2;180;60;0mgrad_norm:  1.1562  [38;2;54;234;195mmemory: 39.92GiB(50.26%)  [34mtps: 117  [36mtflops: 5.66  [35mmfu: 0.57%[39m
[rank0]:[titan] 2026-03-17 20:12:02,508 - root - INFO - [31mstep: 2013  [32mloss:  2.7097  [38;2;180;60;0mgrad_norm:  1.1842  [38;2;54;234;195mmemory: 39.92GiB(50.26%)  [34mtps: 118  [36mtflops: 5.69  [35mmfu: 0.58%[39m
[rank0]:[titan] 2026-03-17 20:12:19,900 - root - INFO - [31mstep: 2014  [32mloss:  2.7111  [38;2;180;60;0mgrad_norm:  1.2825  [38;2;54;234;195mmemory: 39.92GiB(50.26%)  [34mtps: 118  [36mtflops: 5.68  [35mmfu: 0.57%[39m
[rank0]:[titan] 2026-03-17 20:12:37,153 - root - INFO - [31mstep: 2015  [32mloss:  2.7212  [38;2;180;60;0mgrad_norm:  0.9703  [38;2;54;234;195mmemory: 39.92GiB(50.26%)  [34mtps: 119  [36mtflops: 5.73  [35mmfu: 0.58%[39m
[rank0]:[titan] 2026-03-17 20:12:54,603 - root - INFO - [31mstep: 2016  [32mloss:  2.6881  [38;2;180;60;0mgrad_norm:  1.1084  [38;2;54;234;195mmemory: 39.92GiB(50.26%)  [34mtps: 117  [36mtflops: 5.66  [35mmfu: 0.57%[39m
[rank0]:[titan] 2026-03-17 20:13:11,987 - root - INFO - [31mstep: 2017  [32mloss:  2.7143  [38;2;180;60;0mgrad_norm:  1.2345  [38;2;54;234;195mmemory: 39.92GiB(50.26%)  [34mtps: 118  [36mtflops: 5.68  [35mmfu: 0.57%[39m
[rank0]:[titan] 2026-03-17 20:13:29,492 - root - INFO - [31mstep: 2018  [32mloss:  2.7778  [38;2;180;60;0mgrad_norm:  1.1286  [38;2;54;234;195mmemory: 39.92GiB(50.26%)  [34mtps: 117  [36mtflops: 5.65  [35mmfu: 0.57%[39m
[rank0]:[titan] 2026-03-17 20:13:46,857 - root - INFO - [31mstep: 2019  [32mloss:  2.7199  [38;2;180;60;0mgrad_norm:  1.0260  [38;2;54;234;195mmemory: 39.92GiB(50.26%)  [34mtps: 118  [36mtflops: 5.69  [35mmfu: 0.58%[39m
[rank0]:[titan] 2026-03-17 20:14:04,335 - root - INFO - [31mstep: 2020  [32mloss:  2.6627  [38;2;180;60;0mgrad_norm:  1.1503  [38;2;54;234;195mmemory: 39.92GiB(50.26%)  [34mtps: 117  [36mtflops: 5.65  [35mmfu: 0.57%[39m
[rank0]:[titan] 2026-03-17 20:14:21,692 - root - INFO - [31mstep: 2021  [32mloss:  2.7132  [38;2;180;60;0mgrad_norm:  1.1066  [38;2;54;234;195mmemory: 39.92GiB(50.26%)  [34mtps: 118  [36mtflops: 5.69  [35mmfu: 0.58%[39m
[rank0]:[titan] 2026-03-17 20:14:39,105 - root - INFO - [31mstep: 2022  [32mloss:  2.7472  [38;2;180;60;0mgrad_norm:  1.0185  [38;2;54;234;195mmemory: 39.92GiB(50.26%)  [34mtps: 118  [36mtflops: 5.67  [35mmfu: 0.57%[39m
[rank0]:[titan] 2026-03-17 20:14:56,533 - root - INFO - [31mstep: 2023  [32mloss:  2.6964  [38;2;180;60;0mgrad_norm:  0.7652  [38;2;54;234;195mmemory: 39.92GiB(50.26%)  [34mtps: 118  [36mtflops: 5.67  [35mmfu: 0.57%[39m
[rank0]:[titan] 2026-03-17 20:15:13,935 - root - INFO - [31mstep: 2024  [32mloss:  2.6789  [38;2;180;60;0mgrad_norm:  0.9844  [38;2;54;234;195mmemory: 39.92GiB(50.26%)  [34mtps: 118  [36mtflops: 5.68  [35mmfu: 0.57%[39m
[rank0]:[titan] 2026-03-17 20:15:31,541 - root - INFO - [31mstep: 2025  [32mloss:  2.7265  [38;2;180;60;0mgrad_norm:  1.0255  [38;2;54;234;195mmemory: 39.92GiB(50.26%)  [34mtps: 116  [36mtflops: 5.61  [35mmfu: 0.57%[39m
[rank0]:[titan] 2026-03-17 20:15:49,251 - root - INFO - [31mstep: 2026  [32mloss:  2.6712  [38;2;180;60;0mgrad_norm:  0.7587  [38;2;54;234;195mmemory: 39.92GiB(50.26%)  [34mtps: 116  [36mtflops: 5.58  [35mmfu: 0.56%[39m
[rank0]:[titan] 2026-03-17 20:16:06,646 - root - INFO - [31mstep: 2027  [32mloss:  2.6593  [38;2;180;60;0mgrad_norm:  0.8552  [38;2;54;234;195mmemory: 39.92GiB(50.26%)  [34mtps: 118  [36mtflops: 5.68  [35mmfu: 0.57%[39m
[rank0]:[titan] 2026-03-17 20:16:24,185 - root - INFO - [31mstep: 2028  [32mloss:  2.7296  [38;2;180;60;0mgrad_norm:  0.7156  [38;2;54;234;195mmemory: 39.92GiB(50.26%)  [34mtps: 117  [36mtflops: 5.63  [35mmfu: 0.57%[39m
[rank0]:[titan] 2026-03-17 20:16:41,435 - root - INFO - [31mstep: 2029  [32mloss:  2.7086  [38;2;180;60;0mgrad_norm:  1.1654  [38;2;54;234;195mmemory: 39.92GiB(50.26%)  [34mtps: 119  [36mtflops: 5.73  [35mmfu: 0.58%[39m
[rank0]:[titan] 2026-03-17 20:16:58,859 - root - INFO - [31mstep: 2030  [32mloss:  2.7348  [38;2;180;60;0mgrad_norm:  0.9301  [38;2;54;234;195mmemory: 39.92GiB(50.26%)  [34mtps: 118  [36mtflops: 5.67  [35mmfu: 0.57%[39m
[rank0]:[titan] 2026-03-17 20:17:16,229 - root - INFO - [31mstep: 2031  [32mloss:  2.6748  [38;2;180;60;0mgrad_norm:  0.9951  [38;2;54;234;195mmemory: 39.92GiB(50.26%)  [34mtps: 118  [36mtflops: 5.69  [35mmfu: 0.58%[39m
[rank0]:[titan] 2026-03-17 20:17:33,487 - root - INFO - [31mstep: 2032  [32mloss:  2.6979  [38;2;180;60;0mgrad_norm:  1.1428  [38;2;54;234;195mmemory: 39.92GiB(50.26%)  [34mtps: 119  [36mtflops: 5.73  [35mmfu: 0.58%[39m
[rank0]:[titan] 2026-03-17 20:17:50,911 - root - INFO - [31mstep: 2033  [32mloss:  2.6975  [38;2;180;60;0mgrad_norm:  1.0035  [38;2;54;234;195mmemory: 39.92GiB(50.26%)  [34mtps: 118  [36mtflops: 5.67  [35mmfu: 0.57%[39m
[rank0]:[titan] 2026-03-17 20:18:08,301 - root - INFO - [31mstep: 2034  [32mloss:  2.7074  [38;2;180;60;0mgrad_norm:  1.0016  [38;2;54;234;195mmemory: 39.92GiB(50.26%)  [34mtps: 118  [36mtflops: 5.68  [35mmfu: 0.57%[39m
[rank0]:[titan] 2026-03-17 20:18:25,336 - root - INFO - [31mstep: 2035  [32mloss:  2.6918  [38;2;180;60;0mgrad_norm:  0.8339  [38;2;54;234;195mmemory: 39.92GiB(50.26%)  [34mtps: 120  [36mtflops: 5.80  [35mmfu: 0.59%[39m
[rank0]:[titan] 2026-03-17 20:18:42,919 - root - INFO - [31mstep: 2036  [32mloss:  2.6471  [38;2;180;60;0mgrad_norm:  1.2480  [38;2;54;234;195mmemory: 39.92GiB(50.26%)  [34mtps: 116  [36mtflops: 5.62  [35mmfu: 0.57%[39m
[rank0]:[titan] 2026-03-17 20:19:00,201 - root - INFO - [31mstep: 2037  [32mloss:  2.6858  [38;2;180;60;0mgrad_norm:  0.9943  [38;2;54;234;195mmemory: 39.92GiB(50.26%)  [34mtps: 119  [36mtflops: 5.72  [35mmfu: 0.58%[39m
[rank0]:[titan] 2026-03-17 20:19:17,262 - root - INFO - [31mstep: 2038  [32mloss:  2.6676  [38;2;180;60;0mgrad_norm:  1.1666  [38;2;54;234;195mmemory: 39.92GiB(50.26%)  [34mtps: 120  [36mtflops: 5.79  [35mmfu: 0.59%[39m
[rank0]:[titan] 2026-03-17 20:19:34,931 - root - INFO - [31mstep: 2039  [32mloss:  2.6578  [38;2;180;60;0mgrad_norm:  1.2091  [38;2;54;234;195mmemory: 39.92GiB(50.26%)  [34mtps: 116  [36mtflops: 5.59  [35mmfu: 0.57%[39m
[rank0]:[titan] 2026-03-17 20:19:52,404 - root - INFO - [31mstep: 2040  [32mloss:  2.6811  [38;2;180;60;0mgrad_norm:  1.4878  [38;2;54;234;195mmemory: 39.92GiB(50.26%)  [34mtps: 117  [36mtflops: 5.66  [35mmfu: 0.57%[39m
[rank0]:[titan] 2026-03-17 20:20:09,912 - root - INFO - [31mstep: 2041  [32mloss:  2.6503  [38;2;180;60;0mgrad_norm:  0.8579  [38;2;54;234;195mmemory: 39.92GiB(50.26%)  [34mtps: 117  [36mtflops: 5.64  [35mmfu: 0.57%[39m
[rank0]:[titan] 2026-03-17 20:20:26,808 - root - INFO - [31mstep: 2042  [32mloss:  2.6576  [38;2;180;60;0mgrad_norm:  0.9654  [38;2;54;234;195mmemory: 39.92GiB(50.26%)  [34mtps: 121  [36mtflops: 5.85  [35mmfu: 0.59%[39m
[rank0]:[titan] 2026-03-17 20:20:44,188 - root - INFO - [31mstep: 2043  [32mloss:  2.6920  [38;2;180;60;0mgrad_norm:  1.1567  [38;2;54;234;195mmemory: 39.92GiB(50.26%)  [34mtps: 118  [36mtflops: 5.69  [35mmfu: 0.57%[39m
[rank0]:[titan] 2026-03-17 20:21:01,459 - root - INFO - [31mstep: 2044  [32mloss:  2.7547  [38;2;180;60;0mgrad_norm:  0.9990  [38;2;54;234;195mmemory: 39.92GiB(50.26%)  [34mtps: 119  [36mtflops: 5.72  [35mmfu: 0.58%[39m
[rank0]:[titan] 2026-03-17 20:21:18,401 - root - INFO - [31mstep: 2045  [32mloss:  2.6999  [38;2;180;60;0mgrad_norm:  1.2065  [38;2;54;234;195mmemory: 39.92GiB(50.26%)  [34mtps: 121  [36mtflops: 5.83  [35mmfu: 0.59%[39m
[rank0]:[titan] 2026-03-17 20:21:35,855 - root - INFO - [31mstep: 2046  [32mloss:  2.7081  [38;2;180;60;0mgrad_norm:  1.1197  [38;2;54;234;195mmemory: 39.92GiB(50.26%)  [34mtps: 117  [36mtflops: 5.66  [35mmfu: 0.57%[39m
[rank0]:[titan] 2026-03-17 20:21:53,196 - root - INFO - [31mstep: 2047  [32mloss:  2.7590  [38;2;180;60;0mgrad_norm:  1.1670  [38;2;54;234;195mmemory: 39.92GiB(50.26%)  [34mtps: 118  [36mtflops: 5.70  [35mmfu: 0.58%[39m
[rank0]:[titan] 2026-03-17 20:22:10,146 - root - INFO - [31mstep: 2048  [32mloss:  2.7372  [38;2;180;60;0mgrad_norm:  1.1378  [38;2;54;234;195mmemory: 39.92GiB(50.26%)  [34mtps: 121  [36mtflops: 5.83  [35mmfu: 0.59%[39m
[rank0]:[titan] 2026-03-17 20:22:27,855 - root - INFO - [31mstep: 2049  [32mloss:  2.7378  [38;2;180;60;0mgrad_norm:  1.1397  [38;2;54;234;195mmemory: 39.92GiB(50.26%)  [34mtps: 116  [36mtflops: 5.58  [35mmfu: 0.56%[39m
[rank0]:[titan] 2026-03-17 20:22:45,414 - root - INFO - [31mstep: 2050  [32mloss:  2.7146  [38;2;180;60;0mgrad_norm:  1.1040  [38;2;54;234;195mmemory: 39.92GiB(50.26%)  [34mtps: 117  [36mtflops: 5.63  [35mmfu: 0.57%[39m
[rank0]:[titan] 2026-03-17 20:23:02,995 - root - INFO - [31mstep: 2051  [32mloss:  2.7390  [38;2;180;60;0mgrad_norm:  1.1380  [38;2;54;234;195mmemory: 39.92GiB(50.26%)  [34mtps: 117  [36mtflops: 5.62  [35mmfu: 0.57%[39m
[rank0]:[titan] 2026-03-17 20:23:20,416 - root - INFO - [31mstep: 2052  [32mloss:  2.7842  [38;2;180;60;0mgrad_norm:  1.3466  [38;2;54;234;195mmemory: 39.92GiB(50.26%)  [34mtps: 118  [36mtflops: 5.67  [35mmfu: 0.57%[39m
[rank0]:[titan] 2026-03-17 20:23:37,775 - root - INFO - [31mstep: 2053  [32mloss:  2.7358  [38;2;180;60;0mgrad_norm:  1.2027  [38;2;54;234;195mmemory: 39.92GiB(50.26%)  [34mtps: 118  [36mtflops: 5.69  [35mmfu: 0.58%[39m
[rank0]:[titan] 2026-03-17 20:23:55,044 - root - INFO - [31mstep: 2054  [32mloss:  2.7629  [38;2;180;60;0mgrad_norm:  0.9553  [38;2;54;234;195mmemory: 39.92GiB(50.26%)  [34mtps: 119  [36mtflops: 5.72  [35mmfu: 0.58%[39m
[rank0]:[titan] 2026-03-17 20:24:12,164 - root - INFO - [31mstep: 2055  [32mloss:  2.7510  [38;2;180;60;0mgrad_norm:  1.1005  [38;2;54;234;195mmemory: 39.92GiB(50.26%)  [34mtps: 120  [36mtflops: 5.77  [35mmfu: 0.58%[39m
[rank0]:[titan] 2026-03-17 20:24:29,667 - root - INFO - [31mstep: 2056  [32mloss:  2.7181  [38;2;180;60;0mgrad_norm:  1.2604  [38;2;54;234;195mmemory: 39.92GiB(50.26%)  [34mtps: 117  [36mtflops: 5.65  [35mmfu: 0.57%[39m
[rank0]:[titan] 2026-03-17 20:24:46,947 - root - INFO - [31mstep: 2057  [32mloss:  2.7221  [38;2;180;60;0mgrad_norm:  1.1578  [38;2;54;234;195mmemory: 39.92GiB(50.26%)  [34mtps: 119  [36mtflops: 5.72  [35mmfu: 0.58%[39m
[rank0]:[titan] 2026-03-17 20:25:04,224 - root - INFO - [31mstep: 2058  [32mloss:  2.6752  [38;2;180;60;0mgrad_norm:  1.4145  [38;2;54;234;195mmemory: 39.92GiB(50.26%)  [34mtps: 119  [36mtflops: 5.72  [35mmfu: 0.58%[39m
[rank0]:[titan] 2026-03-17 20:25:21,277 - root - INFO - [31mstep: 2059  [32mloss:  2.6616  [38;2;180;60;0mgrad_norm:  1.0564  [38;2;54;234;195mmemory: 39.92GiB(50.26%)  [34mtps: 120  [36mtflops: 5.79  [35mmfu: 0.59%[39m
[rank0]:[titan] 2026-03-17 20:25:38,702 - root - INFO - [31mstep: 2060  [32mloss:  2.7602  [38;2;180;60;0mgrad_norm:  1.2042  [38;2;54;234;195mmemory: 39.92GiB(50.26%)  [34mtps: 118  [36mtflops: 5.67  [35mmfu: 0.57%[39m
[rank0]:[titan] 2026-03-17 20:25:55,934 - root - INFO - [31mstep: 2061  [32mloss:  2.7088  [38;2;180;60;0mgrad_norm:  1.2421  [38;2;54;234;195mmemory: 39.92GiB(50.26%)  [34mtps: 119  [36mtflops: 5.73  [35mmfu: 0.58%[39m
[rank0]:[titan] 2026-03-17 20:26:13,448 - root - INFO - [31mstep: 2062  [32mloss:  2.7312  [38;2;180;60;0mgrad_norm:  1.3888  [38;2;54;234;195mmemory: 39.92GiB(50.26%)  [34mtps: 117  [36mtflops: 5.64  [35mmfu: 0.57%[39m
[rank0]:[titan] 2026-03-17 20:26:30,875 - root - INFO - [31mstep: 2063  [32mloss:  2.6489  [38;2;180;60;0mgrad_norm:  1.0833  [38;2;54;234;195mmemory: 39.92GiB(50.26%)  [34mtps: 118  [36mtflops: 5.67  [35mmfu: 0.57%[39m
[rank0]:[titan] 2026-03-17 20:26:48,282 - root - INFO - [31mstep: 2064  [32mloss:  2.6821  [38;2;180;60;0mgrad_norm:  0.9787  [38;2;54;234;195mmemory: 39.92GiB(50.26%)  [34mtps: 118  [36mtflops: 5.68  [35mmfu: 0.57%[39m
[rank0]:[titan] 2026-03-17 20:27:05,772 - root - INFO - [31mstep: 2065  [32mloss:  2.7131  [38;2;180;60;0mgrad_norm:  1.1439  [38;2;54;234;195mmemory: 39.92GiB(50.26%)  [34mtps: 117  [36mtflops: 5.65  [35mmfu: 0.57%[39m
[rank0]:[titan] 2026-03-17 20:27:23,180 - root - INFO - [31mstep: 2066  [32mloss:  2.6966  [38;2;180;60;0mgrad_norm:  1.0084  [38;2;54;234;195mmemory: 39.92GiB(50.26%)  [34mtps: 118  [36mtflops: 5.68  [35mmfu: 0.57%[39m
[rank0]:[titan] 2026-03-17 20:27:40,305 - root - INFO - [31mstep: 2067  [32mloss:  2.7076  [38;2;180;60;0mgrad_norm:  1.0747  [38;2;54;234;195mmemory: 39.92GiB(50.26%)  [34mtps: 120  [36mtflops: 5.77  [35mmfu: 0.58%[39m
[rank0]:[titan] 2026-03-17 20:27:57,647 - root - INFO - [31mstep: 2068  [32mloss:  2.7924  [38;2;180;60;0mgrad_norm:  1.3512  [38;2;54;234;195mmemory: 39.92GiB(50.26%)  [34mtps: 118  [36mtflops: 5.70  [35mmfu: 0.58%[39m
[rank0]:[titan] 2026-03-17 20:28:14,786 - root - INFO - [31mstep: 2069  [32mloss:  2.7312  [38;2;180;60;0mgrad_norm:  1.6110  [38;2;54;234;195mmemory: 39.92GiB(50.26%)  [34mtps: 119  [36mtflops: 5.77  [35mmfu: 0.58%[39m
[rank0]:[titan] 2026-03-17 20:28:32,428 - root - INFO - [31mstep: 2070  [32mloss:  2.8545  [38;2;180;60;0mgrad_norm:  1.0672  [38;2;54;234;195mmemory: 39.92GiB(50.26%)  [34mtps: 116  [36mtflops: 5.60  [35mmfu: 0.57%[39m
[rank0]:[titan] 2026-03-17 20:28:49,957 - root - INFO - [31mstep: 2071  [32mloss:  2.9096  [38;2;180;60;0mgrad_norm:  1.1869  [38;2;54;234;195mmemory: 39.92GiB(50.26%)  [34mtps: 117  [36mtflops: 5.64  [35mmfu: 0.57%[39m
[rank0]:[titan] 2026-03-17 20:29:07,539 - root - INFO - [31mstep: 2072  [32mloss:  2.7900  [38;2;180;60;0mgrad_norm:  1.3918  [38;2;54;234;195mmemory: 39.92GiB(50.26%)  [34mtps: 116  [36mtflops: 5.62  [35mmfu: 0.57%[39m
[rank0]:[titan] 2026-03-17 20:29:24,869 - root - INFO - [31mstep: 2073  [32mloss:  2.7331  [38;2;180;60;0mgrad_norm:  1.1812  [38;2;54;234;195mmemory: 39.92GiB(50.26%)  [34mtps: 118  [36mtflops: 5.70  [35mmfu: 0.58%[39m
[rank0]:[titan] 2026-03-17 20:29:42,264 - root - INFO - [31mstep: 2074  [32mloss:  2.7084  [38;2;180;60;0mgrad_norm:  0.9964  [38;2;54;234;195mmemory: 39.92GiB(50.26%)  [34mtps: 118  [36mtflops: 5.68  [35mmfu: 0.57%[39m
[rank0]:[titan] 2026-03-17 20:29:59,012 - root - INFO - [31mstep: 2075  [32mloss:  2.7760  [38;2;180;60;0mgrad_norm:  1.1512  [38;2;54;234;195mmemory: 39.92GiB(50.26%)  [34mtps: 122  [36mtflops: 5.90  [35mmfu: 0.60%[39m
[rank0]:[titan] 2026-03-17 20:30:16,516 - root - INFO - [31mstep: 2076  [32mloss:  2.7626  [38;2;180;60;0mgrad_norm:  1.2025  [38;2;54;234;195mmemory: 39.92GiB(50.26%)  [34mtps: 117  [36mtflops: 5.65  [35mmfu: 0.57%[39m
[rank0]:[titan] 2026-03-17 20:30:33,701 - root - INFO - [31mstep: 2077  [32mloss:  2.7904  [38;2;180;60;0mgrad_norm:  1.1460  [38;2;54;234;195mmemory: 39.92GiB(50.26%)  [34mtps: 119  [36mtflops: 5.75  [35mmfu: 0.58%[39m
[rank0]:[titan] 2026-03-17 20:30:51,047 - root - INFO - [31mstep: 2078  [32mloss:  2.7268  [38;2;180;60;0mgrad_norm:  0.9968  [38;2;54;234;195mmemory: 39.92GiB(50.26%)  [34mtps: 118  [36mtflops: 5.70  [35mmfu: 0.58%[39m
[rank0]:[titan] 2026-03-17 20:31:08,263 - root - INFO - [31mstep: 2079  [32mloss:  2.7012  [38;2;180;60;0mgrad_norm:  0.9804  [38;2;54;234;195mmemory: 39.92GiB(50.26%)  [34mtps: 119  [36mtflops: 5.74  [35mmfu: 0.58%[39m
[rank0]:[titan] 2026-03-17 20:31:25,787 - root - INFO - [31mstep: 2080  [32mloss:  2.6965  [38;2;180;60;0mgrad_norm:  1.0473  [38;2;54;234;195mmemory: 39.92GiB(50.26%)  [34mtps: 117  [36mtflops: 5.64  [35mmfu: 0.57%[39m
[rank0]:[titan] 2026-03-17 20:31:43,247 - root - INFO - [31mstep: 2081  [32mloss:  2.7609  [38;2;180;60;0mgrad_norm:  1.3452  [38;2;54;234;195mmemory: 39.92GiB(50.26%)  [34mtps: 117  [36mtflops: 5.66  [35mmfu: 0.57%[39m
[rank0]:[titan] 2026-03-17 20:32:00,620 - root - INFO - [31mstep: 2082  [32mloss:  2.6861  [38;2;180;60;0mgrad_norm:  0.9116  [38;2;54;234;195mmemory: 39.92GiB(50.26%)  [34mtps: 118  [36mtflops: 5.69  [35mmfu: 0.58%[39m
[rank0]:[titan] 2026-03-17 20:32:17,799 - root - INFO - [31mstep: 2083  [32mloss:  2.6922  [38;2;180;60;0mgrad_norm:  1.0190  [38;2;54;234;195mmemory: 39.92GiB(50.26%)  [34mtps: 119  [36mtflops: 5.75  [35mmfu: 0.58%[39m
[rank0]:[titan] 2026-03-17 20:32:34,960 - root - INFO - [31mstep: 2084  [32mloss:  2.7157  [38;2;180;60;0mgrad_norm:  1.1275  [38;2;54;234;195mmemory: 39.92GiB(50.26%)  [34mtps: 119  [36mtflops: 5.76  [35mmfu: 0.58%[39m
[rank0]:[titan] 2026-03-17 20:32:52,310 - root - INFO - [31mstep: 2085  [32mloss:  2.7308  [38;2;180;60;0mgrad_norm:  1.3075  [38;2;54;234;195mmemory: 39.92GiB(50.26%)  [34mtps: 118  [36mtflops: 5.70  [35mmfu: 0.58%[39m
[rank0]:[titan] 2026-03-17 20:33:09,530 - root - INFO - [31mstep: 2086  [32mloss:  2.6703  [38;2;180;60;0mgrad_norm:  1.6147  [38;2;54;234;195mmemory: 39.92GiB(50.26%)  [34mtps: 119  [36mtflops: 5.74  [35mmfu: 0.58%[39m
[rank0]:[titan] 2026-03-17 20:33:26,979 - root - INFO - [31mstep: 2087  [32mloss:  2.7105  [38;2;180;60;0mgrad_norm:  1.1863  [38;2;54;234;195mmemory: 39.92GiB(50.26%)  [34mtps: 117  [36mtflops: 5.66  [35mmfu: 0.57%[39m
[rank0]:[titan] 2026-03-17 20:33:44,149 - root - INFO - [31mstep: 2088  [32mloss:  2.6681  [38;2;180;60;0mgrad_norm:  0.8545  [38;2;54;234;195mmemory: 39.92GiB(50.26%)  [34mtps: 119  [36mtflops: 5.76  [35mmfu: 0.58%[39m
[rank0]:[titan] 2026-03-17 20:34:01,386 - root - INFO - [31mstep: 2089  [32mloss:  2.7387  [38;2;180;60;0mgrad_norm:  1.0653  [38;2;54;234;195mmemory: 39.92GiB(50.26%)  [34mtps: 119  [36mtflops: 5.73  [35mmfu: 0.58%[39m
[rank0]:[titan] 2026-03-17 20:34:18,857 - root - INFO - [31mstep: 2090  [32mloss:  2.7215  [38;2;180;60;0mgrad_norm:  1.2139  [38;2;54;234;195mmemory: 39.92GiB(50.26%)  [34mtps: 117  [36mtflops: 5.66  [35mmfu: 0.57%[39m
[rank0]:[titan] 2026-03-17 20:34:36,006 - root - INFO - [31mstep: 2091  [32mloss:  2.6746  [38;2;180;60;0mgrad_norm:  1.1831  [38;2;54;234;195mmemory: 39.92GiB(50.26%)  [34mtps: 119  [36mtflops: 5.76  [35mmfu: 0.58%[39m
[rank0]:[titan] 2026-03-17 20:34:53,247 - root - INFO - [31mstep: 2092  [32mloss:  2.7372  [38;2;180;60;0mgrad_norm:  0.9740  [38;2;54;234;195mmemory: 39.92GiB(50.26%)  [34mtps: 119  [36mtflops: 5.73  [35mmfu: 0.58%[39m
[rank0]:[titan] 2026-03-17 20:35:10,674 - root - INFO - [31mstep: 2093  [32mloss:  2.6939  [38;2;180;60;0mgrad_norm:  0.7025  [38;2;54;234;195mmemory: 39.92GiB(50.26%)  [34mtps: 118  [36mtflops: 5.67  [35mmfu: 0.57%[39m
[rank0]:[titan] 2026-03-17 20:35:28,427 - root - INFO - [31mstep: 2094  [32mloss:  2.6633  [38;2;180;60;0mgrad_norm:  1.1387  [38;2;54;234;195mmemory: 39.92GiB(50.26%)  [34mtps: 115  [36mtflops: 5.57  [35mmfu: 0.56%[39m
[rank0]:[titan] 2026-03-17 20:35:45,873 - root - INFO - [31mstep: 2095  [32mloss:  2.7289  [38;2;180;60;0mgrad_norm:  1.1006  [38;2;54;234;195mmemory: 39.92GiB(50.26%)  [34mtps: 117  [36mtflops: 5.66  [35mmfu: 0.57%[39m
[rank0]:[titan] 2026-03-17 20:36:03,187 - root - INFO - [31mstep: 2096  [32mloss:  2.6691  [38;2;180;60;0mgrad_norm:  0.8061  [38;2;54;234;195mmemory: 39.92GiB(50.26%)  [34mtps: 118  [36mtflops: 5.71  [35mmfu: 0.58%[39m
[rank0]:[titan] 2026-03-17 20:36:20,780 - root - INFO - [31mstep: 2097  [32mloss:  2.6699  [38;2;180;60;0mgrad_norm:  0.8468  [38;2;54;234;195mmemory: 39.92GiB(50.26%)  [34mtps: 116  [36mtflops: 5.62  [35mmfu: 0.57%[39m
[rank0]:[titan] 2026-03-17 20:36:38,423 - root - INFO - [31mstep: 2098  [32mloss:  2.6879  [38;2;180;60;0mgrad_norm:  1.0683  [38;2;54;234;195mmemory: 39.92GiB(50.26%)  [34mtps: 116  [36mtflops: 5.60  [35mmfu: 0.57%[39m
[rank0]:[titan] 2026-03-17 20:36:55,692 - root - INFO - [31mstep: 2099  [32mloss:  2.6894  [38;2;180;60;0mgrad_norm:  1.0596  [38;2;54;234;195mmemory: 39.92GiB(50.26%)  [34mtps: 119  [36mtflops: 5.72  [35mmfu: 0.58%[39m
[rank0]:[titan] 2026-03-17 20:37:13,267 - root - INFO - [31mstep: 2100  [32mloss:  2.7299  [38;2;180;60;0mgrad_norm:  0.9633  [38;2;54;234;195mmemory: 39.92GiB(50.26%)  [34mtps: 117  [36mtflops: 5.62  [35mmfu: 0.57%[39m
[rank0]:[titan] 2026-03-17 20:37:30,316 - root - INFO - [31mstep: 2101  [32mloss:  2.6919  [38;2;180;60;0mgrad_norm:  0.7086  [38;2;54;234;195mmemory: 39.92GiB(50.26%)  [34mtps: 120  [36mtflops: 5.80  [35mmfu: 0.59%[39m
[rank0]:[titan] 2026-03-17 20:37:46,949 - root - INFO - [31mstep: 2102  [32mloss:  2.6923  [38;2;180;60;0mgrad_norm:  1.2738  [38;2;54;234;195mmemory: 39.92GiB(50.26%)  [34mtps: 123  [36mtflops: 5.94  [35mmfu: 0.60%[39m
[rank0]:[titan] 2026-03-17 20:38:04,427 - root - INFO - [31mstep: 2103  [32mloss:  2.6883  [38;2;180;60;0mgrad_norm:  1.2197  [38;2;54;234;195mmemory: 39.92GiB(50.26%)  [34mtps: 117  [36mtflops: 5.65  [35mmfu: 0.57%[39m
[rank0]:[titan] 2026-03-17 20:38:21,739 - root - INFO - [31mstep: 2104  [32mloss:  2.6727  [38;2;180;60;0mgrad_norm:  1.1602  [38;2;54;234;195mmemory: 39.92GiB(50.26%)  [34mtps: 118  [36mtflops: 5.71  [35mmfu: 0.58%[39m
[rank0]:[titan] 2026-03-17 20:38:39,368 - root - INFO - [31mstep: 2105  [32mloss:  2.6659  [38;2;180;60;0mgrad_norm:  1.0605  [38;2;54;234;195mmemory: 39.92GiB(50.26%)  [34mtps: 116  [36mtflops: 5.61  [35mmfu: 0.57%[39m
[rank0]:[titan] 2026-03-17 20:38:56,596 - root - INFO - [31mstep: 2106  [32mloss:  2.6672  [38;2;180;60;0mgrad_norm:  1.0464  [38;2;54;234;195mmemory: 39.92GiB(50.26%)  [34mtps: 119  [36mtflops: 5.74  [35mmfu: 0.58%[39m
[rank0]:[titan] 2026-03-17 20:39:13,914 - root - INFO - [31mstep: 2107  [32mloss:  2.6338  [38;2;180;60;0mgrad_norm:  1.3807  [38;2;54;234;195mmemory: 39.92GiB(50.26%)  [34mtps: 118  [36mtflops: 5.71  [35mmfu: 0.58%[39m
[rank0]:[titan] 2026-03-17 20:39:31,201 - root - INFO - [31mstep: 2108  [32mloss:  2.6627  [38;2;180;60;0mgrad_norm:  1.3766  [38;2;54;234;195mmemory: 39.92GiB(50.26%)  [34mtps: 118  [36mtflops: 5.72  [35mmfu: 0.58%[39m
[rank0]:[titan] 2026-03-17 20:39:48,160 - root - INFO - [31mstep: 2109  [32mloss:  2.7175  [38;2;180;60;0mgrad_norm:  1.1798  [38;2;54;234;195mmemory: 39.92GiB(50.26%)  [34mtps: 121  [36mtflops: 5.83  [35mmfu: 0.59%[39m
[rank0]:[titan] 2026-03-17 20:40:05,451 - root - INFO - [31mstep: 2110  [32mloss:  2.7655  [38;2;180;60;0mgrad_norm:  0.9892  [38;2;54;234;195mmemory: 39.92GiB(50.26%)  [34mtps: 118  [36mtflops: 5.72  [35mmfu: 0.58%[39m
[rank0]:[titan] 2026-03-17 20:40:22,651 - root - INFO - [31mstep: 2111  [32mloss:  2.7520  [38;2;180;60;0mgrad_norm:  0.9443  [38;2;54;234;195mmemory: 39.92GiB(50.26%)  [34mtps: 119  [36mtflops: 5.75  [35mmfu: 0.58%[39m
[rank0]:[titan] 2026-03-17 20:40:40,024 - root - INFO - [31mstep: 2112  [32mloss:  2.7364  [38;2;180;60;0mgrad_norm:  0.9613  [38;2;54;234;195mmemory: 39.92GiB(50.26%)  [34mtps: 118  [36mtflops: 5.69  [35mmfu: 0.58%[39m
[rank0]:[titan] 2026-03-17 20:40:57,264 - root - INFO - [31mstep: 2113  [32mloss:  2.6718  [38;2;180;60;0mgrad_norm:  1.0786  [38;2;54;234;195mmemory: 39.92GiB(50.26%)  [34mtps: 119  [36mtflops: 5.73  [35mmfu: 0.58%[39m
[rank0]:[titan] 2026-03-17 20:41:14,426 - root - INFO - [31mstep: 2114  [32mloss:  2.6846  [38;2;180;60;0mgrad_norm:  1.1925  [38;2;54;234;195mmemory: 39.92GiB(50.26%)  [34mtps: 119  [36mtflops: 5.76  [35mmfu: 0.58%[39m
[rank0]:[titan] 2026-03-17 20:41:14,428 - root - WARNING - Dataset c4_test is being re-looped
[rank0]:[titan] 2026-03-17 20:41:31,799 - root - INFO - [31mstep: 2115  [32mloss:  2.6916  [38;2;180;60;0mgrad_norm:  0.8634  [38;2;54;234;195mmemory: 39.92GiB(50.26%)  [34mtps: 118  [36mtflops: 5.69  [35mmfu: 0.58%[39m
[rank0]:[titan] 2026-03-17 20:41:48,622 - root - INFO - [31mstep: 2116  [32mloss:  2.6994  [38;2;180;60;0mgrad_norm:  0.9508  [38;2;54;234;195mmemory: 39.92GiB(50.26%)  [34mtps: 122  [36mtflops: 5.87  [35mmfu: 0.59%[39m
[rank0]:[titan] 2026-03-17 20:42:05,983 - root - INFO - [31mstep: 2117  [32mloss:  2.6856  [38;2;180;60;0mgrad_norm:  0.9175  [38;2;54;234;195mmemory: 39.92GiB(50.26%)  [34mtps: 118  [36mtflops: 5.69  [35mmfu: 0.58%[39m
[rank0]:[titan] 2026-03-17 20:42:23,640 - root - INFO - [31mstep: 2118  [32mloss:  2.6805  [38;2;180;60;0mgrad_norm:  1.0303  [38;2;54;234;195mmemory: 39.92GiB(50.26%)  [34mtps: 116  [36mtflops: 5.60  [35mmfu: 0.57%[39m
[rank0]:[titan] 2026-03-17 20:42:41,075 - root - INFO - [31mstep: 2119  [32mloss:  2.6661  [38;2;180;60;0mgrad_norm:  0.9650  [38;2;54;234;195mmemory: 39.92GiB(50.26%)  [34mtps: 117  [36mtflops: 5.67  [35mmfu: 0.57%[39m
[rank0]:[titan] 2026-03-17 20:42:58,567 - root - INFO - [31mstep: 2120  [32mloss:  2.6716  [38;2;180;60;0mgrad_norm:  0.8609  [38;2;54;234;195mmemory: 39.92GiB(50.26%)  [34mtps: 117  [36mtflops: 5.65  [35mmfu: 0.57%[39m
[rank0]:[titan] 2026-03-17 20:43:16,036 - root - INFO - [31mstep: 2121  [32mloss:  2.6836  [38;2;180;60;0mgrad_norm:  1.0276  [38;2;54;234;195mmemory: 39.92GiB(50.26%)  [34mtps: 117  [36mtflops: 5.66  [35mmfu: 0.57%[39m
[rank0]:[titan] 2026-03-17 20:43:33,505 - root - INFO - [31mstep: 2122  [32mloss:  2.6763  [38;2;180;60;0mgrad_norm:  0.9419  [38;2;54;234;195mmemory: 39.92GiB(50.26%)  [34mtps: 117  [36mtflops: 5.66  [35mmfu: 0.57%[39m
[rank0]:[titan] 2026-03-17 20:43:50,888 - root - INFO - [31mstep: 2123  [32mloss:  2.7133  [38;2;180;60;0mgrad_norm:  0.9744  [38;2;54;234;195mmemory: 39.92GiB(50.26%)  [34mtps: 118  [36mtflops: 5.69  [35mmfu: 0.57%[39m
[rank0]:[titan] 2026-03-17 20:44:08,225 - root - INFO - [31mstep: 2124  [32mloss:  2.7376  [38;2;180;60;0mgrad_norm:  1.0830  [38;2;54;234;195mmemory: 39.92GiB(50.26%)  [34mtps: 118  [36mtflops: 5.70  [35mmfu: 0.58%[39m
[rank0]:[titan] 2026-03-17 20:44:25,417 - root - INFO - [31mstep: 2125  [32mloss:  2.6804  [38;2;180;60;0mgrad_norm:  0.8848  [38;2;54;234;195mmemory: 39.92GiB(50.26%)  [34mtps: 119  [36mtflops: 5.75  [35mmfu: 0.58%[39m
[rank0]:[titan] 2026-03-17 20:44:42,779 - root - INFO - [31mstep: 2126  [32mloss:  2.6694  [38;2;180;60;0mgrad_norm:  0.7833  [38;2;54;234;195mmemory: 39.92GiB(50.26%)  [34mtps: 118  [36mtflops: 5.69  [35mmfu: 0.58%[39m
[rank0]:[titan] 2026-03-17 20:44:59,831 - root - INFO - [31mstep: 2127  [32mloss:  2.6703  [38;2;180;60;0mgrad_norm:  0.8357  [38;2;54;234;195mmemory: 39.92GiB(50.26%)  [34mtps: 120  [36mtflops: 5.80  [35mmfu: 0.59%[39m
[rank0]:[titan] 2026-03-17 20:45:17,135 - root - INFO - [31mstep: 2128  [32mloss:  2.7380  [38;2;180;60;0mgrad_norm:  0.8814  [38;2;54;234;195mmemory: 39.92GiB(50.26%)  [34mtps: 118  [36mtflops: 5.71  [35mmfu: 0.58%[39m
[rank0]:[titan] 2026-03-17 20:45:34,373 - root - INFO - [31mstep: 2129  [32mloss:  2.6657  [38;2;180;60;0mgrad_norm:  0.8898  [38;2;54;234;195mmemory: 39.92GiB(50.26%)  [34mtps: 119  [36mtflops: 5.73  [35mmfu: 0.58%[39m
[rank0]:[titan] 2026-03-17 20:45:52,020 - root - INFO - [31mstep: 2130  [32mloss:  2.6864  [38;2;180;60;0mgrad_norm:  1.0710  [38;2;54;234;195mmemory: 39.92GiB(50.26%)  [34mtps: 116  [36mtflops: 5.60  [35mmfu: 0.57%[39m
[rank0]:[titan] 2026-03-17 20:46:09,405 - root - INFO - [31mstep: 2131  [32mloss:  2.6716  [38;2;180;60;0mgrad_norm:  0.8030  [38;2;54;234;195mmemory: 39.92GiB(50.26%)  [34mtps: 118  [36mtflops: 5.68  [35mmfu: 0.57%[39m
[rank0]:[titan] 2026-03-17 20:46:26,942 - root - INFO - [31mstep: 2132  [32mloss:  2.6679  [38;2;180;60;0mgrad_norm:  0.8558  [38;2;54;234;195mmemory: 39.92GiB(50.26%)  [34mtps: 117  [36mtflops: 5.63  [35mmfu: 0.57%[39m
[rank0]:[titan] 2026-03-17 20:46:44,222 - root - INFO - [31mstep: 2133  [32mloss:  2.6296  [38;2;180;60;0mgrad_norm:  0.9390  [38;2;54;234;195mmemory: 39.92GiB(50.26%)  [34mtps: 119  [36mtflops: 5.72  [35mmfu: 0.58%[39m
[rank0]:[titan] 2026-03-17 20:47:01,513 - root - INFO - [31mstep: 2134  [32mloss:  2.6499  [38;2;180;60;0mgrad_norm:  0.6172  [38;2;54;234;195mmemory: 39.92GiB(50.26%)  [34mtps: 118  [36mtflops: 5.72  [35mmfu: 0.58%[39m
[rank0]:[titan] 2026-03-17 20:47:18,817 - root - INFO - [31mstep: 2135  [32mloss:  2.6521  [38;2;180;60;0mgrad_norm:  0.5296  [38;2;54;234;195mmemory: 39.92GiB(50.26%)  [34mtps: 118  [36mtflops: 5.71  [35mmfu: 0.58%[39m
[rank0]:[titan] 2026-03-17 20:47:36,353 - root - INFO - [31mstep: 2136  [32mloss:  2.6765  [38;2;180;60;0mgrad_norm:  0.9470  [38;2;54;234;195mmemory: 39.92GiB(50.26%)  [34mtps: 117  [36mtflops: 5.64  [35mmfu: 0.57%[39m
[rank0]:[titan] 2026-03-17 20:47:53,660 - root - INFO - [31mstep: 2137  [32mloss:  2.6496  [38;2;180;60;0mgrad_norm:  0.8490  [38;2;54;234;195mmemory: 39.92GiB(50.26%)  [34mtps: 118  [36mtflops: 5.71  [35mmfu: 0.58%[39m
[rank0]:[titan] 2026-03-17 20:48:10,920 - root - INFO - [31mstep: 2138  [32mloss:  2.6919  [38;2;180;60;0mgrad_norm:  0.6913  [38;2;54;234;195mmemory: 39.92GiB(50.26%)  [34mtps: 119  [36mtflops: 5.73  [35mmfu: 0.58%[39m
[rank0]:[titan] 2026-03-17 20:48:28,207 - root - INFO - [31mstep: 2139  [32mloss:  2.7168  [38;2;180;60;0mgrad_norm:  0.8095  [38;2;54;234;195mmemory: 39.92GiB(50.26%)  [34mtps: 118  [36mtflops: 5.72  [35mmfu: 0.58%[39m
[rank0]:[titan] 2026-03-17 20:48:45,364 - root - INFO - [31mstep: 2140  [32mloss:  2.7724  [38;2;180;60;0mgrad_norm:  3.4829  [38;2;54;234;195mmemory: 39.92GiB(50.26%)  [34mtps: 119  [36mtflops: 5.76  [35mmfu: 0.58%[39m
[rank0]:[titan] 2026-03-17 20:49:02,628 - root - INFO - [31mstep: 2141  [32mloss:  2.7715  [38;2;180;60;0mgrad_norm:  1.1651  [38;2;54;234;195mmemory: 39.92GiB(50.26%)  [34mtps: 119  [36mtflops: 5.72  [35mmfu: 0.58%[39m
[rank0]:[titan] 2026-03-17 20:49:19,780 - root - INFO - [31mstep: 2142  [32mloss:  2.7493  [38;2;180;60;0mgrad_norm:  1.2145  [38;2;54;234;195mmemory: 39.92GiB(50.26%)  [34mtps: 119  [36mtflops: 5.76  [35mmfu: 0.58%[39m
[rank0]:[titan] 2026-03-17 20:49:37,131 - root - INFO - [31mstep: 2143  [32mloss:  2.7477  [38;2;180;60;0mgrad_norm:  0.9289  [38;2;54;234;195mmemory: 39.92GiB(50.26%)  [34mtps: 118  [36mtflops: 5.70  [35mmfu: 0.58%[39m
[rank0]:[titan] 2026-03-17 20:49:54,073 - root - INFO - [31mstep: 2144  [32mloss:  2.6972  [38;2;180;60;0mgrad_norm:  0.7527  [38;2;54;234;195mmemory: 39.92GiB(50.26%)  [34mtps: 121  [36mtflops: 5.83  [35mmfu: 0.59%[39m
[rank0]:[titan] 2026-03-17 20:50:11,471 - root - INFO - [31mstep: 2145  [32mloss:  2.6886  [38;2;180;60;0mgrad_norm:  0.9628  [38;2;54;234;195mmemory: 39.92GiB(50.26%)  [34mtps: 118  [36mtflops: 5.68  [35mmfu: 0.57%[39m
[rank0]:[titan] 2026-03-17 20:50:28,982 - root - INFO - [31mstep: 2146  [32mloss:  2.6723  [38;2;180;60;0mgrad_norm:  1.1485  [38;2;54;234;195mmemory: 39.92GiB(50.26%)  [34mtps: 117  [36mtflops: 5.64  [35mmfu: 0.57%[39m
[rank0]:[titan] 2026-03-17 20:50:46,468 - root - INFO - [31mstep: 2147  [32mloss:  2.6581  [38;2;180;60;0mgrad_norm:  0.9172  [38;2;54;234;195mmemory: 39.92GiB(50.26%)  [34mtps: 117  [36mtflops: 5.65  [35mmfu: 0.57%[39m
[rank0]:[titan] 2026-03-17 20:51:03,825 - root - INFO - [31mstep: 2148  [32mloss:  2.7084  [38;2;180;60;0mgrad_norm:  0.9794  [38;2;54;234;195mmemory: 39.92GiB(50.26%)  [34mtps: 118  [36mtflops: 5.69  [35mmfu: 0.58%[39m
[rank0]:[titan] 2026-03-17 20:51:21,479 - root - INFO - [31mstep: 2149  [32mloss:  2.7150  [38;2;180;60;0mgrad_norm:  1.1150  [38;2;54;234;195mmemory: 39.92GiB(50.26%)  [34mtps: 116  [36mtflops: 5.60  [35mmfu: 0.57%[39m
[rank0]:[titan] 2026-03-17 20:51:38,761 - root - INFO - [31mstep: 2150  [32mloss:  2.7005  [38;2;180;60;0mgrad_norm:  0.7905  [38;2;54;234;195mmemory: 39.92GiB(50.26%)  [34mtps: 119  [36mtflops: 5.72  [35mmfu: 0.58%[39m
[rank0]:[titan] 2026-03-17 20:51:56,344 - root - INFO - [31mstep: 2151  [32mloss:  2.7265  [38;2;180;60;0mgrad_norm:  0.9421  [38;2;54;234;195mmemory: 39.92GiB(50.26%)  [34mtps: 116  [36mtflops: 5.62  [35mmfu: 0.57%[39m
[rank0]:[titan] 2026-03-17 20:52:14,030 - root - INFO - [31mstep: 2152  [32mloss:  2.7304  [38;2;180;60;0mgrad_norm:  0.9707  [38;2;54;234;195mmemory: 39.92GiB(50.26%)  [34mtps: 116  [36mtflops: 5.59  [35mmfu: 0.56%[39m
[rank0]:[titan] 2026-03-17 20:52:31,291 - root - INFO - [31mstep: 2153  [32mloss:  2.6656  [38;2;180;60;0mgrad_norm:  0.8877  [38;2;54;234;195mmemory: 39.92GiB(50.26%)  [34mtps: 119  [36mtflops: 5.73  [35mmfu: 0.58%[39m
[rank0]:[titan] 2026-03-17 20:52:48,924 - root - INFO - [31mstep: 2154  [32mloss:  2.7190  [38;2;180;60;0mgrad_norm:  0.8214  [38;2;54;234;195mmemory: 39.92GiB(50.26%)  [34mtps: 116  [36mtflops: 5.60  [35mmfu: 0.57%[39m
[rank0]:[titan] 2026-03-17 20:53:06,530 - root - INFO - [31mstep: 2155  [32mloss:  2.6830  [38;2;180;60;0mgrad_norm:  1.1978  [38;2;54;234;195mmemory: 39.92GiB(50.26%)  [34mtps: 116  [36mtflops: 5.61  [35mmfu: 0.57%[39m
[rank0]:[titan] 2026-03-17 20:53:24,227 - root - INFO - [31mstep: 2156  [32mloss:  2.7071  [38;2;180;60;0mgrad_norm:  1.2098  [38;2;54;234;195mmemory: 39.92GiB(50.26%)  [34mtps: 116  [36mtflops: 5.58  [35mmfu: 0.56%[39m
[rank0]:[titan] 2026-03-17 20:53:41,352 - root - INFO - [31mstep: 2157  [32mloss:  2.7406  [38;2;180;60;0mgrad_norm:  1.0421  [38;2;54;234;195mmemory: 39.92GiB(50.26%)  [34mtps: 120  [36mtflops: 5.77  [35mmfu: 0.58%[39m
[rank0]:[titan] 2026-03-17 20:53:59,015 - root - INFO - [31mstep: 2158  [32mloss:  2.7285  [38;2;180;60;0mgrad_norm:  0.8214  [38;2;54;234;195mmemory: 39.92GiB(50.26%)  [34mtps: 116  [36mtflops: 5.59  [35mmfu: 0.57%[39m
[rank0]:[titan] 2026-03-17 20:54:16,205 - root - INFO - [31mstep: 2159  [32mloss:  2.6735  [38;2;180;60;0mgrad_norm:  0.7513  [38;2;54;234;195mmemory: 39.92GiB(50.26%)  [34mtps: 119  [36mtflops: 5.75  [35mmfu: 0.58%[39m
[rank0]:[titan] 2026-03-17 20:54:33,731 - root - INFO - [31mstep: 2160  [32mloss:  2.7028  [38;2;180;60;0mgrad_norm:  0.7597  [38;2;54;234;195mmemory: 39.92GiB(50.26%)  [34mtps: 117  [36mtflops: 5.64  [35mmfu: 0.57%[39m
[rank0]:[titan] 2026-03-17 20:54:51,158 - root - INFO - [31mstep: 2161  [32mloss:  2.7044  [38;2;180;60;0mgrad_norm:  1.0435  [38;2;54;234;195mmemory: 39.92GiB(50.26%)  [34mtps: 118  [36mtflops: 5.67  [35mmfu: 0.57%[39m
[rank0]:[titan] 2026-03-17 20:55:08,428 - root - INFO - [31mstep: 2162  [32mloss:  2.7198  [38;2;180;60;0mgrad_norm:  0.9877  [38;2;54;234;195mmemory: 39.92GiB(50.26%)  [34mtps: 119  [36mtflops: 5.72  [35mmfu: 0.58%[39m
[rank0]:[titan] 2026-03-17 20:55:25,860 - root - INFO - [31mstep: 2163  [32mloss:  2.7444  [38;2;180;60;0mgrad_norm:  1.0732  [38;2;54;234;195mmemory: 39.92GiB(50.26%)  [34mtps: 117  [36mtflops: 5.67  [35mmfu: 0.57%[39m
[rank0]:[titan] 2026-03-17 20:55:42,980 - root - INFO - [31mstep: 2164  [32mloss:  2.7300  [38;2;180;60;0mgrad_norm:  0.9438  [38;2;54;234;195mmemory: 39.92GiB(50.26%)  [34mtps: 120  [36mtflops: 5.77  [35mmfu: 0.58%[39m
[rank0]:[titan] 2026-03-17 20:56:00,559 - root - INFO - [31mstep: 2165  [32mloss:  2.7279  [38;2;180;60;0mgrad_norm:  1.0135  [38;2;54;234;195mmemory: 39.92GiB(50.26%)  [34mtps: 117  [36mtflops: 5.62  [35mmfu: 0.57%[39m
[rank0]:[titan] 2026-03-17 20:56:17,955 - root - INFO - [31mstep: 2166  [32mloss:  2.7027  [38;2;180;60;0mgrad_norm:  0.8715  [38;2;54;234;195mmemory: 39.92GiB(50.26%)  [34mtps: 118  [36mtflops: 5.68  [35mmfu: 0.57%[39m
[rank0]:[titan] 2026-03-17 20:56:35,227 - root - INFO - [31mstep: 2167  [32mloss:  2.6734  [38;2;180;60;0mgrad_norm:  1.0743  [38;2;54;234;195mmemory: 39.92GiB(50.26%)  [34mtps: 119  [36mtflops: 5.72  [35mmfu: 0.58%[39m
[rank0]:[titan] 2026-03-17 20:56:52,715 - root - INFO - [31mstep: 2168  [32mloss:  2.7275  [38;2;180;60;0mgrad_norm:  1.1174  [38;2;54;234;195mmemory: 39.92GiB(50.26%)  [34mtps: 117  [36mtflops: 5.65  [35mmfu: 0.57%[39m
[rank0]:[titan] 2026-03-17 20:57:10,099 - root - INFO - [31mstep: 2169  [32mloss:  2.6906  [38;2;180;60;0mgrad_norm:  0.8572  [38;2;54;234;195mmemory: 39.92GiB(50.26%)  [34mtps: 118  [36mtflops: 5.68  [35mmfu: 0.57%[39m
[rank0]:[titan] 2026-03-17 20:57:27,458 - root - INFO - [31mstep: 2170  [32mloss:  2.7115  [38;2;180;60;0mgrad_norm:  1.0226  [38;2;54;234;195mmemory: 39.92GiB(50.26%)  [34mtps: 118  [36mtflops: 5.69  [35mmfu: 0.58%[39m
[rank0]:[titan] 2026-03-17 20:57:45,026 - root - INFO - [31mstep: 2171  [32mloss:  2.6837  [38;2;180;60;0mgrad_norm:  1.2676  [38;2;54;234;195mmemory: 39.92GiB(50.26%)  [34mtps: 117  [36mtflops: 5.63  [35mmfu: 0.57%[39m
[rank0]:[titan] 2026-03-17 20:58:02,352 - root - INFO - [31mstep: 2172  [32mloss:  2.7545  [38;2;180;60;0mgrad_norm:  1.0386  [38;2;54;234;195mmemory: 39.92GiB(50.26%)  [34mtps: 118  [36mtflops: 5.70  [35mmfu: 0.58%[39m
[rank0]:[titan] 2026-03-17 20:58:19,595 - root - INFO - [31mstep: 2173  [32mloss:  2.6985  [38;2;180;60;0mgrad_norm:  0.9785  [38;2;54;234;195mmemory: 39.92GiB(50.26%)  [34mtps: 119  [36mtflops: 5.73  [35mmfu: 0.58%[39m
[rank0]:[titan] 2026-03-17 20:58:36,885 - root - INFO - [31mstep: 2174  [32mloss:  2.7089  [38;2;180;60;0mgrad_norm:  1.1538  [38;2;54;234;195mmemory: 39.92GiB(50.26%)  [34mtps: 118  [36mtflops: 5.72  [35mmfu: 0.58%[39m
[rank0]:[titan] 2026-03-17 20:58:54,148 - root - INFO - [31mstep: 2175  [32mloss:  2.7542  [38;2;180;60;0mgrad_norm:  1.1414  [38;2;54;234;195mmemory: 39.92GiB(50.26%)  [34mtps: 119  [36mtflops: 5.72  [35mmfu: 0.58%[39m
[rank0]:[titan] 2026-03-17 20:59:11,791 - root - INFO - [31mstep: 2176  [32mloss:  2.6919  [38;2;180;60;0mgrad_norm:  1.2186  [38;2;54;234;195mmemory: 39.92GiB(50.26%)  [34mtps: 116  [36mtflops: 5.60  [35mmfu: 0.57%[39m
[rank0]:[titan] 2026-03-17 20:59:29,667 - root - INFO - [31mstep: 2177  [32mloss:  2.7201  [38;2;180;60;0mgrad_norm:  1.4060  [38;2;54;234;195mmemory: 39.92GiB(50.26%)  [34mtps: 115  [36mtflops: 5.53  [35mmfu: 0.56%[39m
[rank0]:[titan] 2026-03-17 20:59:47,167 - root - INFO - [31mstep: 2178  [32mloss:  2.7196  [38;2;180;60;0mgrad_norm:  1.2095  [38;2;54;234;195mmemory: 39.92GiB(50.26%)  [34mtps: 117  [36mtflops: 5.65  [35mmfu: 0.57%[39m
[rank0]:[titan] 2026-03-17 21:00:04,603 - root - INFO - [31mstep: 2179  [32mloss:  2.6964  [38;2;180;60;0mgrad_norm:  1.1334  [38;2;54;234;195mmemory: 39.92GiB(50.26%)  [34mtps: 117  [36mtflops: 5.67  [35mmfu: 0.57%[39m
[rank0]:[titan] 2026-03-17 21:00:22,235 - root - INFO - [31mstep: 2180  [32mloss:  2.6468  [38;2;180;60;0mgrad_norm:  1.0147  [38;2;54;234;195mmemory: 39.92GiB(50.26%)  [34mtps: 116  [36mtflops: 5.60  [35mmfu: 0.57%[39m
[rank0]:[titan] 2026-03-17 21:00:39,431 - root - INFO - [31mstep: 2181  [32mloss:  2.6687  [38;2;180;60;0mgrad_norm:  0.9286  [38;2;54;234;195mmemory: 39.92GiB(50.26%)  [34mtps: 119  [36mtflops: 5.75  [35mmfu: 0.58%[39m
[rank0]:[titan] 2026-03-17 21:00:56,612 - root - INFO - [31mstep: 2182  [32mloss:  2.7494  [38;2;180;60;0mgrad_norm:  0.9781  [38;2;54;234;195mmemory: 39.92GiB(50.26%)  [34mtps: 119  [36mtflops: 5.75  [35mmfu: 0.58%[39m
[rank0]:[titan] 2026-03-17 21:01:14,095 - root - INFO - [31mstep: 2183  [32mloss:  2.6921  [38;2;180;60;0mgrad_norm:  1.1397  [38;2;54;234;195mmemory: 39.92GiB(50.26%)  [34mtps: 117  [36mtflops: 5.65  [35mmfu: 0.57%[39m
[rank0]:[titan] 2026-03-17 21:01:31,552 - root - INFO - [31mstep: 2184  [32mloss:  2.7228  [38;2;180;60;0mgrad_norm:  0.7424  [38;2;54;234;195mmemory: 39.92GiB(50.26%)  [34mtps: 117  [36mtflops: 5.66  [35mmfu: 0.57%[39m
[rank0]:[titan] 2026-03-17 21:01:49,077 - root - INFO - [31mstep: 2185  [32mloss:  2.8243  [38;2;180;60;0mgrad_norm:  1.0569  [38;2;54;234;195mmemory: 39.92GiB(50.26%)  [34mtps: 117  [36mtflops: 5.64  [35mmfu: 0.57%[39m
[rank0]:[titan] 2026-03-17 21:02:06,616 - root - INFO - [31mstep: 2186  [32mloss:  2.8199  [38;2;180;60;0mgrad_norm:  0.9335  [38;2;54;234;195mmemory: 39.92GiB(50.26%)  [34mtps: 117  [36mtflops: 5.63  [35mmfu: 0.57%[39m
[rank0]:[titan] 2026-03-17 21:02:23,898 - root - INFO - [31mstep: 2187  [32mloss:  2.7882  [38;2;180;60;0mgrad_norm:  0.8052  [38;2;54;234;195mmemory: 39.92GiB(50.26%)  [34mtps: 119  [36mtflops: 5.72  [35mmfu: 0.58%[39m
[rank0]:[titan] 2026-03-17 21:02:41,297 - root - INFO - [31mstep: 2188  [32mloss:  2.6963  [38;2;180;60;0mgrad_norm:  1.1549  [38;2;54;234;195mmemory: 39.92GiB(50.26%)  [34mtps: 118  [36mtflops: 5.68  [35mmfu: 0.57%[39m
[rank0]:[titan] 2026-03-17 21:02:58,335 - root - INFO - [31mstep: 2189  [32mloss:  2.7084  [38;2;180;60;0mgrad_norm:  0.8930  [38;2;54;234;195mmemory: 39.92GiB(50.26%)  [34mtps: 120  [36mtflops: 5.80  [35mmfu: 0.59%[39m
[rank0]:[titan] 2026-03-17 21:03:15,472 - root - INFO - [31mstep: 2190  [32mloss:  2.6856  [38;2;180;60;0mgrad_norm:  0.8990  [38;2;54;234;195mmemory: 39.92GiB(50.26%)  [34mtps: 120  [36mtflops: 5.77  [35mmfu: 0.58%[39m
[rank0]:[titan] 2026-03-17 21:03:32,939 - root - INFO - [31mstep: 2191  [32mloss:  2.7211  [38;2;180;60;0mgrad_norm:  1.2910  [38;2;54;234;195mmemory: 39.92GiB(50.26%)  [34mtps: 117  [36mtflops: 5.66  [35mmfu: 0.57%[39m
[rank0]:[titan] 2026-03-17 21:03:50,612 - root - INFO - [31mstep: 2192  [32mloss:  2.7514  [38;2;180;60;0mgrad_norm:  1.1637  [38;2;54;234;195mmemory: 39.92GiB(50.26%)  [34mtps: 116  [36mtflops: 5.59  [35mmfu: 0.57%[39m
[rank0]:[titan] 2026-03-17 21:04:08,060 - root - INFO - [31mstep: 2193  [32mloss:  2.6540  [38;2;180;60;0mgrad_norm:  1.0568  [38;2;54;234;195mmemory: 39.92GiB(50.26%)  [34mtps: 117  [36mtflops: 5.66  [35mmfu: 0.57%[39m
[rank0]:[titan] 2026-03-17 21:04:25,578 - root - INFO - [31mstep: 2194  [32mloss:  2.7645  [38;2;180;60;0mgrad_norm:  1.1679  [38;2;54;234;195mmemory: 39.92GiB(50.26%)  [34mtps: 117  [36mtflops: 5.64  [35mmfu: 0.57%[39m
[rank0]:[titan] 2026-03-17 21:04:42,566 - root - INFO - [31mstep: 2195  [32mloss:  2.7132  [38;2;180;60;0mgrad_norm:  1.2140  [38;2;54;234;195mmemory: 39.92GiB(50.26%)  [34mtps: 121  [36mtflops: 5.82  [35mmfu: 0.59%[39m
[rank0]:[titan] 2026-03-17 21:05:00,075 - root - INFO - [31mstep: 2196  [32mloss:  2.6637  [38;2;180;60;0mgrad_norm:  1.1203  [38;2;54;234;195mmemory: 39.92GiB(50.26%)  [34mtps: 117  [36mtflops: 5.64  [35mmfu: 0.57%[39m
[rank0]:[titan] 2026-03-17 21:05:17,401 - root - INFO - [31mstep: 2197  [32mloss:  2.6807  [38;2;180;60;0mgrad_norm:  1.2354  [38;2;54;234;195mmemory: 39.92GiB(50.26%)  [34mtps: 118  [36mtflops: 5.70  [35mmfu: 0.58%[39m
[rank0]:[titan] 2026-03-17 21:05:34,793 - root - INFO - [31mstep: 2198  [32mloss:  2.6559  [38;2;180;60;0mgrad_norm:  1.2854  [38;2;54;234;195mmemory: 39.92GiB(50.26%)  [34mtps: 118  [36mtflops: 5.68  [35mmfu: 0.57%[39m
[rank0]:[titan] 2026-03-17 21:05:52,363 - root - INFO - [31mstep: 2199  [32mloss:  2.6872  [38;2;180;60;0mgrad_norm:  1.0257  [38;2;54;234;195mmemory: 39.92GiB(50.26%)  [34mtps: 117  [36mtflops: 5.62  [35mmfu: 0.57%[39m
[rank0]:[titan] 2026-03-17 21:06:09,610 - root - INFO - [31mstep: 2200  [32mloss:  2.7032  [38;2;180;60;0mgrad_norm:  0.7813  [38;2;54;234;195mmemory: 39.92GiB(50.26%)  [34mtps: 119  [36mtflops: 5.73  [35mmfu: 0.58%[39m
[rank0]:[titan] 2026-03-17 21:06:26,912 - root - INFO - [31mstep: 2201  [32mloss:  2.6802  [38;2;180;60;0mgrad_norm:  0.9753  [38;2;54;234;195mmemory: 39.92GiB(50.26%)  [34mtps: 118  [36mtflops: 5.71  [35mmfu: 0.58%[39m
[rank0]:[titan] 2026-03-17 21:06:44,319 - root - INFO - [31mstep: 2202  [32mloss:  2.6134  [38;2;180;60;0mgrad_norm:  0.9810  [38;2;54;234;195mmemory: 39.92GiB(50.26%)  [34mtps: 118  [36mtflops: 5.68  [35mmfu: 0.57%[39m
[rank0]:[titan] 2026-03-17 21:07:01,813 - root - INFO - [31mstep: 2203  [32mloss:  2.6104  [38;2;180;60;0mgrad_norm:  0.6248  [38;2;54;234;195mmemory: 39.92GiB(50.26%)  [34mtps: 117  [36mtflops: 5.65  [35mmfu: 0.57%[39m
[rank0]:[titan] 2026-03-17 21:07:19,359 - root - INFO - [31mstep: 2204  [32mloss:  2.6339  [38;2;180;60;0mgrad_norm:  1.4568  [38;2;54;234;195mmemory: 39.92GiB(50.26%)  [34mtps: 117  [36mtflops: 5.63  [35mmfu: 0.57%[39m
[rank0]:[titan] 2026-03-17 21:07:36,689 - root - INFO - [31mstep: 2205  [32mloss:  2.6731  [38;2;180;60;0mgrad_norm:  1.0026  [38;2;54;234;195mmemory: 39.92GiB(50.26%)  [34mtps: 118  [36mtflops: 5.70  [35mmfu: 0.58%[39m
[rank0]:[titan] 2026-03-17 21:07:54,130 - root - INFO - [31mstep: 2206  [32mloss:  2.6480  [38;2;180;60;0mgrad_norm:  0.8838  [38;2;54;234;195mmemory: 39.92GiB(50.26%)  [34mtps: 117  [36mtflops: 5.67  [35mmfu: 0.57%[39m
[rank0]:[titan] 2026-03-17 21:08:11,633 - root - INFO - [31mstep: 2207  [32mloss:  2.6938  [38;2;180;60;0mgrad_norm:  0.8585  [38;2;54;234;195mmemory: 39.92GiB(50.26%)  [34mtps: 117  [36mtflops: 5.65  [35mmfu: 0.57%[39m
[rank0]:[titan] 2026-03-17 21:08:29,166 - root - INFO - [31mstep: 2208  [32mloss:  2.6797  [38;2;180;60;0mgrad_norm:  0.8267  [38;2;54;234;195mmemory: 39.92GiB(50.26%)  [34mtps: 117  [36mtflops: 5.64  [35mmfu: 0.57%[39m
[rank0]:[titan] 2026-03-17 21:08:46,591 - root - INFO - [31mstep: 2209  [32mloss:  2.6694  [38;2;180;60;0mgrad_norm:  0.8535  [38;2;54;234;195mmemory: 39.92GiB(50.26%)  [34mtps: 118  [36mtflops: 5.67  [35mmfu: 0.57%[39m
[rank0]:[titan] 2026-03-17 21:09:04,144 - root - INFO - [31mstep: 2210  [32mloss:  2.7017  [38;2;180;60;0mgrad_norm:  0.7473  [38;2;54;234;195mmemory: 39.92GiB(50.26%)  [34mtps: 117  [36mtflops: 5.63  [35mmfu: 0.57%[39m
[rank0]:[titan] 2026-03-17 21:09:21,226 - root - INFO - [31mstep: 2211  [32mloss:  2.6654  [38;2;180;60;0mgrad_norm:  0.9739  [38;2;54;234;195mmemory: 39.92GiB(50.26%)  [34mtps: 120  [36mtflops: 5.79  [35mmfu: 0.58%[39m
[rank0]:[titan] 2026-03-17 21:09:38,535 - root - INFO - [31mstep: 2212  [32mloss:  2.7956  [38;2;180;60;0mgrad_norm:  0.8776  [38;2;54;234;195mmemory: 39.92GiB(50.26%)  [34mtps: 118  [36mtflops: 5.71  [35mmfu: 0.58%[39m
[rank0]:[titan] 2026-03-17 21:09:55,545 - root - INFO - [31mstep: 2213  [32mloss:  2.7518  [38;2;180;60;0mgrad_norm:  1.0139  [38;2;54;234;195mmemory: 39.92GiB(50.26%)  [34mtps: 120  [36mtflops: 5.81  [35mmfu: 0.59%[39m
[rank0]:[titan] 2026-03-17 21:10:13,038 - root - INFO - [31mstep: 2214  [32mloss:  2.6895  [38;2;180;60;0mgrad_norm:  0.8137  [38;2;54;234;195mmemory: 39.92GiB(50.26%)  [34mtps: 117  [36mtflops: 5.65  [35mmfu: 0.57%[39m
[rank0]:[titan] 2026-03-17 21:10:30,467 - root - INFO - [31mstep: 2215  [32mloss:  2.6828  [38;2;180;60;0mgrad_norm:  0.7662  [38;2;54;234;195mmemory: 39.92GiB(50.26%)  [34mtps: 118  [36mtflops: 5.67  [35mmfu: 0.57%[39m
[rank0]:[titan] 2026-03-17 21:10:47,644 - root - INFO - [31mstep: 2216  [32mloss:  2.7325  [38;2;180;60;0mgrad_norm:  1.0159  [38;2;54;234;195mmemory: 39.92GiB(50.26%)  [34mtps: 119  [36mtflops: 5.75  [35mmfu: 0.58%[39m
[rank0]:[titan] 2026-03-17 21:11:05,296 - root - INFO - [31mstep: 2217  [32mloss:  2.7100  [38;2;180;60;0mgrad_norm:  0.9692  [38;2;54;234;195mmemory: 39.92GiB(50.26%)  [34mtps: 116  [36mtflops: 5.60  [35mmfu: 0.57%[39m
[rank0]:[titan] 2026-03-17 21:11:22,513 - root - INFO - [31mstep: 2218  [32mloss:  2.6821  [38;2;180;60;0mgrad_norm:  0.8632  [38;2;54;234;195mmemory: 39.92GiB(50.26%)  [34mtps: 119  [36mtflops: 5.74  [35mmfu: 0.58%[39m
[rank0]:[titan] 2026-03-17 21:11:39,889 - root - INFO - [31mstep: 2219  [32mloss:  2.6242  [38;2;180;60;0mgrad_norm:  1.2079  [38;2;54;234;195mmemory: 39.92GiB(50.26%)  [34mtps: 118  [36mtflops: 5.69  [35mmfu: 0.58%[39m
[rank0]:[titan] 2026-03-17 21:11:57,383 - root - INFO - [31mstep: 2220  [32mloss:  2.6893  [38;2;180;60;0mgrad_norm:  1.0906  [38;2;54;234;195mmemory: 39.92GiB(50.26%)  [34mtps: 117  [36mtflops: 5.65  [35mmfu: 0.57%[39m
[rank0]:[titan] 2026-03-17 21:12:14,882 - root - INFO - [31mstep: 2221  [32mloss:  2.6659  [38;2;180;60;0mgrad_norm:  0.8995  [38;2;54;234;195mmemory: 39.92GiB(50.26%)  [34mtps: 117  [36mtflops: 5.65  [35mmfu: 0.57%[39m
[rank0]:[titan] 2026-03-17 21:12:31,952 - root - INFO - [31mstep: 2222  [32mloss:  2.7373  [38;2;180;60;0mgrad_norm:  0.9678  [38;2;54;234;195mmemory: 39.92GiB(50.26%)  [34mtps: 120  [36mtflops: 5.79  [35mmfu: 0.59%[39m
[rank0]:[titan] 2026-03-17 21:12:49,185 - root - INFO - [31mstep: 2223  [32mloss:  2.7184  [38;2;180;60;0mgrad_norm:  0.8150  [38;2;54;234;195mmemory: 39.92GiB(50.26%)  [34mtps: 119  [36mtflops: 5.73  [35mmfu: 0.58%[39m
[rank0]:[titan] 2026-03-17 21:13:06,603 - root - INFO - [31mstep: 2224  [32mloss:  2.7063  [38;2;180;60;0mgrad_norm:  0.9417  [38;2;54;234;195mmemory: 39.92GiB(50.26%)  [34mtps: 118  [36mtflops: 5.67  [35mmfu: 0.57%[39m
[rank0]:[titan] 2026-03-17 21:13:24,138 - root - INFO - [31mstep: 2225  [32mloss:  2.6761  [38;2;180;60;0mgrad_norm:  0.7230  [38;2;54;234;195mmemory: 39.92GiB(50.26%)  [34mtps: 117  [36mtflops: 5.64  [35mmfu: 0.57%[39m
[rank0]:[titan] 2026-03-17 21:13:41,377 - root - INFO - [31mstep: 2226  [32mloss:  2.7203  [38;2;180;60;0mgrad_norm:  0.9548  [38;2;54;234;195mmemory: 39.92GiB(50.26%)  [34mtps: 119  [36mtflops: 5.73  [35mmfu: 0.58%[39m
[rank0]:[titan] 2026-03-17 21:13:58,918 - root - INFO - [31mstep: 2227  [32mloss:  2.6850  [38;2;180;60;0mgrad_norm:  1.2567  [38;2;54;234;195mmemory: 39.92GiB(50.26%)  [34mtps: 117  [36mtflops: 5.63  [35mmfu: 0.57%[39m
[rank0]:[titan] 2026-03-17 21:14:16,470 - root - INFO - [31mstep: 2228  [32mloss:  2.6360  [38;2;180;60;0mgrad_norm:  0.9340  [38;2;54;234;195mmemory: 39.92GiB(50.26%)  [34mtps: 117  [36mtflops: 5.63  [35mmfu: 0.57%[39m
[rank0]:[titan] 2026-03-17 21:14:33,983 - root - INFO - [31mstep: 2229  [32mloss:  2.6446  [38;2;180;60;0mgrad_norm:  1.2794  [38;2;54;234;195mmemory: 39.92GiB(50.26%)  [34mtps: 117  [36mtflops: 5.64  [35mmfu: 0.57%[39m
[rank0]:[titan] 2026-03-17 21:14:51,267 - root - INFO - [31mstep: 2230  [32mloss:  2.6763  [38;2;180;60;0mgrad_norm:  1.2880  [38;2;54;234;195mmemory: 39.92GiB(50.26%)  [34mtps: 118  [36mtflops: 5.72  [35mmfu: 0.58%[39m
[rank0]:[titan] 2026-03-17 21:15:08,436 - root - INFO - [31mstep: 2231  [32mloss:  2.6773  [38;2;180;60;0mgrad_norm:  0.9754  [38;2;54;234;195mmemory: 39.92GiB(50.26%)  [34mtps: 119  [36mtflops: 5.76  [35mmfu: 0.58%[39m
[rank0]:[titan] 2026-03-17 21:15:25,825 - root - INFO - [31mstep: 2232  [32mloss:  2.6774  [38;2;180;60;0mgrad_norm:  1.0650  [38;2;54;234;195mmemory: 39.92GiB(50.26%)  [34mtps: 118  [36mtflops: 5.68  [35mmfu: 0.57%[39m
[rank0]:[titan] 2026-03-17 21:15:42,985 - root - INFO - [31mstep: 2233  [32mloss:  2.7010  [38;2;180;60;0mgrad_norm:  1.1735  [38;2;54;234;195mmemory: 39.92GiB(50.26%)  [34mtps: 119  [36mtflops: 5.76  [35mmfu: 0.58%[39m
[rank0]:[titan] 2026-03-17 21:16:00,129 - root - INFO - [31mstep: 2234  [32mloss:  2.6896  [38;2;180;60;0mgrad_norm:  1.1153  [38;2;54;234;195mmemory: 39.92GiB(50.26%)  [34mtps: 119  [36mtflops: 5.76  [35mmfu: 0.58%[39m
[rank0]:[titan] 2026-03-17 21:16:17,456 - root - INFO - [31mstep: 2235  [32mloss:  2.7010  [38;2;180;60;0mgrad_norm:  1.1709  [38;2;54;234;195mmemory: 39.92GiB(50.26%)  [34mtps: 118  [36mtflops: 5.70  [35mmfu: 0.58%[39m
[rank0]:[titan] 2026-03-17 21:16:35,091 - root - INFO - [31mstep: 2236  [32mloss:  2.6818  [38;2;180;60;0mgrad_norm:  0.9859  [38;2;54;234;195mmemory: 39.92GiB(50.26%)  [34mtps: 116  [36mtflops: 5.60  [35mmfu: 0.57%[39m
[rank0]:[titan] 2026-03-17 21:16:52,327 - root - INFO - [31mstep: 2237  [32mloss:  2.6623  [38;2;180;60;0mgrad_norm:  1.3127  [38;2;54;234;195mmemory: 39.92GiB(50.26%)  [34mtps: 119  [36mtflops: 5.73  [35mmfu: 0.58%[39m
[rank0]:[titan] 2026-03-17 21:17:09,197 - root - INFO - [31mstep: 2238  [32mloss:  2.6696  [38;2;180;60;0mgrad_norm:  1.1234  [38;2;54;234;195mmemory: 39.92GiB(50.26%)  [34mtps: 121  [36mtflops: 5.86  [35mmfu: 0.59%[39m
[rank0]:[titan] 2026-03-17 21:17:26,672 - root - INFO - [31mstep: 2239  [32mloss:  2.6982  [38;2;180;60;0mgrad_norm:  0.6716  [38;2;54;234;195mmemory: 39.92GiB(50.26%)  [34mtps: 117  [36mtflops: 5.65  [35mmfu: 0.57%[39m
[rank0]:[titan] 2026-03-17 21:17:43,973 - root - INFO - [31mstep: 2240  [32mloss:  2.7015  [38;2;180;60;0mgrad_norm:  1.2065  [38;2;54;234;195mmemory: 39.92GiB(50.26%)  [34mtps: 118  [36mtflops: 5.71  [35mmfu: 0.58%[39m
[rank0]:[titan] 2026-03-17 21:18:00,883 - root - INFO - [31mstep: 2241  [32mloss:  2.6861  [38;2;180;60;0mgrad_norm:  0.8756  [38;2;54;234;195mmemory: 39.92GiB(50.26%)  [34mtps: 121  [36mtflops: 5.84  [35mmfu: 0.59%[39m
[rank0]:[titan] 2026-03-17 21:18:18,480 - root - INFO - [31mstep: 2242  [32mloss:  2.7483  [38;2;180;60;0mgrad_norm:  0.7963  [38;2;54;234;195mmemory: 39.92GiB(50.26%)  [34mtps: 116  [36mtflops: 5.62  [35mmfu: 0.57%[39m
[rank0]:[titan] 2026-03-17 21:18:35,982 - root - INFO - [31mstep: 2243  [32mloss:  2.7606  [38;2;180;60;0mgrad_norm:  0.7405  [38;2;54;234;195mmemory: 39.92GiB(50.26%)  [34mtps: 117  [36mtflops: 5.65  [35mmfu: 0.57%[39m
[rank0]:[titan] 2026-03-17 21:18:53,379 - root - INFO - [31mstep: 2244  [32mloss:  2.7380  [38;2;180;60;0mgrad_norm:  1.0016  [38;2;54;234;195mmemory: 39.92GiB(50.26%)  [34mtps: 118  [36mtflops: 5.68  [35mmfu: 0.57%[39m
[rank0]:[titan] 2026-03-17 21:19:10,697 - root - INFO - [31mstep: 2245  [32mloss:  2.7247  [38;2;180;60;0mgrad_norm:  1.0368  [38;2;54;234;195mmemory: 39.92GiB(50.26%)  [34mtps: 118  [36mtflops: 5.71  [35mmfu: 0.58%[39m
[rank0]:[titan] 2026-03-17 21:19:28,015 - root - INFO - [31mstep: 2246  [32mloss:  2.7121  [38;2;180;60;0mgrad_norm:  1.1869  [38;2;54;234;195mmemory: 39.92GiB(50.26%)  [34mtps: 118  [36mtflops: 5.71  [35mmfu: 0.58%[39m
[rank0]:[titan] 2026-03-17 21:19:45,508 - root - INFO - [31mstep: 2247  [32mloss:  2.7265  [38;2;180;60;0mgrad_norm:  1.5805  [38;2;54;234;195mmemory: 39.92GiB(50.26%)  [34mtps: 117  [36mtflops: 5.65  [35mmfu: 0.57%[39m
[rank0]:[titan] 2026-03-17 21:20:01,941 - root - INFO - [31mstep: 2248  [32mloss:  2.7058  [38;2;180;60;0mgrad_norm:  1.1308  [38;2;54;234;195mmemory: 39.92GiB(50.26%)  [34mtps: 125  [36mtflops: 6.01  [35mmfu: 0.61%[39m
[rank0]:[titan] 2026-03-17 21:20:19,415 - root - INFO - [31mstep: 2249  [32mloss:  2.6933  [38;2;180;60;0mgrad_norm:  1.3061  [38;2;54;234;195mmemory: 39.92GiB(50.26%)  [34mtps: 117  [36mtflops: 5.66  [35mmfu: 0.57%[39m
[rank0]:[titan] 2026-03-17 21:20:36,753 - root - INFO - [31mstep: 2250  [32mloss:  2.6797  [38;2;180;60;0mgrad_norm:  1.7679  [38;2;54;234;195mmemory: 39.92GiB(50.26%)  [34mtps: 118  [36mtflops: 5.70  [35mmfu: 0.58%[39m
[rank0]:[titan] 2026-03-17 21:20:53,923 - root - INFO - [31mstep: 2251  [32mloss:  2.7342  [38;2;180;60;0mgrad_norm:  1.5196  [38;2;54;234;195mmemory: 39.92GiB(50.26%)  [34mtps: 119  [36mtflops: 5.76  [35mmfu: 0.58%[39m
[rank0]:[titan] 2026-03-17 21:21:11,123 - root - INFO - [31mstep: 2252  [32mloss:  2.6975  [38;2;180;60;0mgrad_norm:  1.0355  [38;2;54;234;195mmemory: 39.92GiB(50.26%)  [34mtps: 119  [36mtflops: 5.75  [35mmfu: 0.58%[39m
[rank0]:[titan] 2026-03-17 21:21:28,425 - root - INFO - [31mstep: 2253  [32mloss:  2.6711  [38;2;180;60;0mgrad_norm:  1.4409  [38;2;54;234;195mmemory: 39.92GiB(50.26%)  [34mtps: 118  [36mtflops: 5.71  [35mmfu: 0.58%[39m
[rank0]:[titan] 2026-03-17 21:21:46,068 - root - INFO - [31mstep: 2254  [32mloss:  2.7037  [38;2;180;60;0mgrad_norm:  1.4059  [38;2;54;234;195mmemory: 39.92GiB(50.26%)  [34mtps: 116  [36mtflops: 5.60  [35mmfu: 0.57%[39m
[rank0]:[titan] 2026-03-17 21:22:03,508 - root - INFO - [31mstep: 2255  [32mloss:  2.7337  [38;2;180;60;0mgrad_norm:  1.2373  [38;2;54;234;195mmemory: 39.92GiB(50.26%)  [34mtps: 117  [36mtflops: 5.67  [35mmfu: 0.57%[39m
[rank0]:[titan] 2026-03-17 21:22:21,112 - root - INFO - [31mstep: 2256  [32mloss:  2.7882  [38;2;180;60;0mgrad_norm:  1.2968  [38;2;54;234;195mmemory: 39.92GiB(50.26%)  [34mtps: 116  [36mtflops: 5.61  [35mmfu: 0.57%[39m
[rank0]:[titan] 2026-03-17 21:22:38,227 - root - INFO - [31mstep: 2257  [32mloss:  2.6817  [38;2;180;60;0mgrad_norm:  1.0256  [38;2;54;234;195mmemory: 39.92GiB(50.26%)  [34mtps: 120  [36mtflops: 5.77  [35mmfu: 0.58%[39m
[rank0]:[titan] 2026-03-17 21:22:55,890 - root - INFO - [31mstep: 2258  [32mloss:  2.6974  [38;2;180;60;0mgrad_norm:  0.8552  [38;2;54;234;195mmemory: 39.92GiB(50.26%)  [34mtps: 116  [36mtflops: 5.59  [35mmfu: 0.57%[39m
[rank0]:[titan] 2026-03-17 21:23:13,517 - root - INFO - [31mstep: 2259  [32mloss:  2.6755  [38;2;180;60;0mgrad_norm:  1.0424  [38;2;54;234;195mmemory: 39.92GiB(50.26%)  [34mtps: 116  [36mtflops: 5.61  [35mmfu: 0.57%[39m
[rank0]:[titan] 2026-03-17 21:23:31,023 - root - INFO - [31mstep: 2260  [32mloss:  2.7611  [38;2;180;60;0mgrad_norm:  1.0670  [38;2;54;234;195mmemory: 39.92GiB(50.26%)  [34mtps: 117  [36mtflops: 5.64  [35mmfu: 0.57%[39m
[rank0]:[titan] 2026-03-17 21:23:48,064 - root - INFO - [31mstep: 2261  [32mloss:  2.7414  [38;2;180;60;0mgrad_norm:  0.8077  [38;2;54;234;195mmemory: 39.92GiB(50.26%)  [34mtps: 120  [36mtflops: 5.80  [35mmfu: 0.59%[39m
[rank0]:[titan] 2026-03-17 21:24:05,334 - root - INFO - [31mstep: 2262  [32mloss:  2.7103  [38;2;180;60;0mgrad_norm:  0.9129  [38;2;54;234;195mmemory: 39.92GiB(50.26%)  [34mtps: 119  [36mtflops: 5.72  [35mmfu: 0.58%[39m
[rank0]:[titan] 2026-03-17 21:24:23,115 - root - INFO - [31mstep: 2263  [32mloss:  2.7206  [38;2;180;60;0mgrad_norm:  1.2293  [38;2;54;234;195mmemory: 39.92GiB(50.26%)  [34mtps: 115  [36mtflops: 5.56  [35mmfu: 0.56%[39m
[rank0]:[titan] 2026-03-17 21:24:40,419 - root - INFO - [31mstep: 2264  [32mloss:  2.7107  [38;2;180;60;0mgrad_norm:  0.8107  [38;2;54;234;195mmemory: 39.92GiB(50.26%)  [34mtps: 118  [36mtflops: 5.71  [35mmfu: 0.58%[39m
[rank0]:[titan] 2026-03-17 21:24:57,967 - root - INFO - [31mstep: 2265  [32mloss:  2.7034  [38;2;180;60;0mgrad_norm:  0.7896  [38;2;54;234;195mmemory: 39.92GiB(50.26%)  [34mtps: 117  [36mtflops: 5.63  [35mmfu: 0.57%[39m
[rank0]:[titan] 2026-03-17 21:25:15,364 - root - INFO - [31mstep: 2266  [32mloss:  2.6893  [38;2;180;60;0mgrad_norm:  0.8496  [38;2;54;234;195mmemory: 39.92GiB(50.26%)  [34mtps: 118  [36mtflops: 5.68  [35mmfu: 0.57%[39m
[rank0]:[titan] 2026-03-17 21:25:32,705 - root - INFO - [31mstep: 2267  [32mloss:  2.6322  [38;2;180;60;0mgrad_norm:  1.0288  [38;2;54;234;195mmemory: 39.92GiB(50.26%)  [34mtps: 118  [36mtflops: 5.70  [35mmfu: 0.58%[39m
[rank0]:[titan] 2026-03-17 21:25:50,168 - root - INFO - [31mstep: 2268  [32mloss:  2.6978  [38;2;180;60;0mgrad_norm:  1.1219  [38;2;54;234;195mmemory: 39.92GiB(50.26%)  [34mtps: 117  [36mtflops: 5.66  [35mmfu: 0.57%[39m
[rank0]:[titan] 2026-03-17 21:26:07,696 - root - INFO - [31mstep: 2269  [32mloss:  2.6694  [38;2;180;60;0mgrad_norm:  0.7324  [38;2;54;234;195mmemory: 39.92GiB(50.26%)  [34mtps: 117  [36mtflops: 5.64  [35mmfu: 0.57%[39m
[rank0]:[titan] 2026-03-17 21:26:25,320 - root - INFO - [31mstep: 2270  [32mloss:  2.6728  [38;2;180;60;0mgrad_norm:  0.9700  [38;2;54;234;195mmemory: 39.92GiB(50.26%)  [34mtps: 116  [36mtflops: 5.61  [35mmfu: 0.57%[39m
[rank0]:[titan] 2026-03-17 21:26:43,037 - root - INFO - [31mstep: 2271  [32mloss:  2.6722  [38;2;180;60;0mgrad_norm:  1.1626  [38;2;54;234;195mmemory: 39.92GiB(50.26%)  [34mtps: 116  [36mtflops: 5.58  [35mmfu: 0.56%[39m
[rank0]:[titan] 2026-03-17 21:27:00,652 - root - INFO - [31mstep: 2272  [32mloss:  2.6701  [38;2;180;60;0mgrad_norm:  0.8969  [38;2;54;234;195mmemory: 39.92GiB(50.26%)  [34mtps: 116  [36mtflops: 5.61  [35mmfu: 0.57%[39m
[rank0]:[titan] 2026-03-17 21:27:18,382 - root - INFO - [31mstep: 2273  [32mloss:  2.6353  [38;2;180;60;0mgrad_norm:  0.8277  [38;2;54;234;195mmemory: 39.92GiB(50.26%)  [34mtps: 116  [36mtflops: 5.57  [35mmfu: 0.56%[39m
[rank0]:[titan] 2026-03-17 21:27:35,686 - root - INFO - [31mstep: 2274  [32mloss:  2.6384  [38;2;180;60;0mgrad_norm:  0.8894  [38;2;54;234;195mmemory: 39.92GiB(50.26%)  [34mtps: 118  [36mtflops: 5.71  [35mmfu: 0.58%[39m
[rank0]:[titan] 2026-03-17 21:27:52,856 - root - INFO - [31mstep: 2275  [32mloss:  2.6944  [38;2;180;60;0mgrad_norm:  0.8432  [38;2;54;234;195mmemory: 39.92GiB(50.26%)  [34mtps: 119  [36mtflops: 5.76  [35mmfu: 0.58%[39m
[rank0]:[titan] 2026-03-17 21:28:10,063 - root - INFO - [31mstep: 2276  [32mloss:  2.6426  [38;2;180;60;0mgrad_norm:  0.9589  [38;2;54;234;195mmemory: 39.92GiB(50.26%)  [34mtps: 119  [36mtflops: 5.74  [35mmfu: 0.58%[39m
[rank0]:[titan] 2026-03-17 21:28:27,436 - root - INFO - [31mstep: 2277  [32mloss:  2.7093  [38;2;180;60;0mgrad_norm:  1.2681  [38;2;54;234;195mmemory: 39.92GiB(50.26%)  [34mtps: 118  [36mtflops: 5.69  [35mmfu: 0.58%[39m
[rank0]:[titan] 2026-03-17 21:28:44,686 - root - INFO - [31mstep: 2278  [32mloss:  2.7000  [38;2;180;60;0mgrad_norm:  0.7465  [38;2;54;234;195mmemory: 39.92GiB(50.26%)  [34mtps: 119  [36mtflops: 5.73  [35mmfu: 0.58%[39m
[rank0]:[titan] 2026-03-17 21:29:02,028 - root - INFO - [31mstep: 2279  [32mloss:  2.6457  [38;2;180;60;0mgrad_norm:  0.9132  [38;2;54;234;195mmemory: 39.92GiB(50.26%)  [34mtps: 118  [36mtflops: 5.70  [35mmfu: 0.58%[39m
[rank0]:[titan] 2026-03-17 21:29:19,035 - root - INFO - [31mstep: 2280  [32mloss:  2.6513  [38;2;180;60;0mgrad_norm:  0.8860  [38;2;54;234;195mmemory: 39.92GiB(50.26%)  [34mtps: 120  [36mtflops: 5.81  [35mmfu: 0.59%[39m
[rank0]:[titan] 2026-03-17 21:29:36,403 - root - INFO - [31mstep: 2281  [32mloss:  2.6426  [38;2;180;60;0mgrad_norm:  0.9239  [38;2;54;234;195mmemory: 39.92GiB(50.26%)  [34mtps: 118  [36mtflops: 5.69  [35mmfu: 0.58%[39m
[rank0]:[titan] 2026-03-17 21:29:53,978 - root - INFO - [31mstep: 2282  [32mloss:  2.6454  [38;2;180;60;0mgrad_norm:  0.9198  [38;2;54;234;195mmemory: 39.92GiB(50.26%)  [34mtps: 117  [36mtflops: 5.62  [35mmfu: 0.57%[39m
[rank0]:[titan] 2026-03-17 21:30:11,542 - root - INFO - [31mstep: 2283  [32mloss:  2.6460  [38;2;180;60;0mgrad_norm:  0.9005  [38;2;54;234;195mmemory: 39.92GiB(50.26%)  [34mtps: 117  [36mtflops: 5.63  [35mmfu: 0.57%[39m
[rank0]:[titan] 2026-03-17 21:30:28,742 - root - INFO - [31mstep: 2284  [32mloss:  2.6857  [38;2;180;60;0mgrad_norm:  1.1049  [38;2;54;234;195mmemory: 39.92GiB(50.26%)  [34mtps: 119  [36mtflops: 5.75  [35mmfu: 0.58%[39m
[rank0]:[titan] 2026-03-17 21:30:46,057 - root - INFO - [31mstep: 2285  [32mloss:  2.6670  [38;2;180;60;0mgrad_norm:  0.8927  [38;2;54;234;195mmemory: 39.92GiB(50.26%)  [34mtps: 118  [36mtflops: 5.71  [35mmfu: 0.58%[39m
[rank0]:[titan] 2026-03-17 21:31:03,528 - root - INFO - [31mstep: 2286  [32mloss:  2.6487  [38;2;180;60;0mgrad_norm:  0.8875  [38;2;54;234;195mmemory: 39.92GiB(50.26%)  [34mtps: 117  [36mtflops: 5.66  [35mmfu: 0.57%[39m
[rank0]:[titan] 2026-03-17 21:31:20,648 - root - INFO - [31mstep: 2287  [32mloss:  2.7036  [38;2;180;60;0mgrad_norm:  0.9268  [38;2;54;234;195mmemory: 39.92GiB(50.26%)  [34mtps: 120  [36mtflops: 5.77  [35mmfu: 0.58%[39m
[rank0]:[titan] 2026-03-17 21:31:37,697 - root - INFO - [31mstep: 2288  [32mloss:  2.7087  [38;2;180;60;0mgrad_norm:  0.9063  [38;2;54;234;195mmemory: 39.92GiB(50.26%)  [34mtps: 120  [36mtflops: 5.80  [35mmfu: 0.59%[39m
[rank0]:[titan] 2026-03-17 21:31:54,747 - root - INFO - [31mstep: 2289  [32mloss:  2.6316  [38;2;180;60;0mgrad_norm:  0.7036  [38;2;54;234;195mmemory: 39.92GiB(50.26%)  [34mtps: 120  [36mtflops: 5.80  [35mmfu: 0.59%[39m
[rank0]:[titan] 2026-03-17 21:32:11,736 - root - INFO - [31mstep: 2290  [32mloss:  2.7320  [38;2;180;60;0mgrad_norm:  0.8075  [38;2;54;234;195mmemory: 39.92GiB(50.26%)  [34mtps: 121  [36mtflops: 5.82  [35mmfu: 0.59%[39m
[rank0]:[titan] 2026-03-17 21:32:29,053 - root - INFO - [31mstep: 2291  [32mloss:  2.6600  [38;2;180;60;0mgrad_norm:  0.9086  [38;2;54;234;195mmemory: 39.92GiB(50.26%)  [34mtps: 118  [36mtflops: 5.71  [35mmfu: 0.58%[39m
[rank0]:[titan] 2026-03-17 21:32:46,236 - root - INFO - [31mstep: 2292  [32mloss:  2.7198  [38;2;180;60;0mgrad_norm:  0.9066  [38;2;54;234;195mmemory: 39.92GiB(50.26%)  [34mtps: 119  [36mtflops: 5.75  [35mmfu: 0.58%[39m
[rank0]:[titan] 2026-03-17 21:33:03,436 - root - INFO - [31mstep: 2293  [32mloss:  2.7058  [38;2;180;60;0mgrad_norm:  0.9145  [38;2;54;234;195mmemory: 39.92GiB(50.26%)  [34mtps: 119  [36mtflops: 5.75  [35mmfu: 0.58%[39m
[rank0]:[titan] 2026-03-17 21:33:20,503 - root - INFO - [31mstep: 2294  [32mloss:  2.6896  [38;2;180;60;0mgrad_norm:  0.9907  [38;2;54;234;195mmemory: 39.92GiB(50.26%)  [34mtps: 120  [36mtflops: 5.79  [35mmfu: 0.59%[39m
[rank0]:[titan] 2026-03-17 21:33:37,620 - root - INFO - [31mstep: 2295  [32mloss:  2.7382  [38;2;180;60;0mgrad_norm:  0.9833  [38;2;54;234;195mmemory: 39.92GiB(50.26%)  [34mtps: 120  [36mtflops: 5.77  [35mmfu: 0.58%[39m
[rank0]:[titan] 2026-03-17 21:33:54,934 - root - INFO - [31mstep: 2296  [32mloss:  2.7011  [38;2;180;60;0mgrad_norm:  0.8594  [38;2;54;234;195mmemory: 39.92GiB(50.26%)  [34mtps: 118  [36mtflops: 5.71  [35mmfu: 0.58%[39m
[rank0]:[titan] 2026-03-17 21:34:12,683 - root - INFO - [31mstep: 2297  [32mloss:  2.7099  [38;2;180;60;0mgrad_norm:  1.0536  [38;2;54;234;195mmemory: 39.92GiB(50.26%)  [34mtps: 115  [36mtflops: 5.57  [35mmfu: 0.56%[39m
[rank0]:[titan] 2026-03-17 21:34:30,243 - root - INFO - [31mstep: 2298  [32mloss:  2.8203  [38;2;180;60;0mgrad_norm:  1.1238  [38;2;54;234;195mmemory: 39.92GiB(50.26%)  [34mtps: 117  [36mtflops: 5.63  [35mmfu: 0.57%[39m
[rank0]:[titan] 2026-03-17 21:34:47,403 - root - INFO - [31mstep: 2299  [32mloss:  2.7308  [38;2;180;60;0mgrad_norm:  1.0093  [38;2;54;234;195mmemory: 39.92GiB(50.26%)  [34mtps: 119  [36mtflops: 5.76  [35mmfu: 0.58%[39m
[rank0]:[titan] 2026-03-17 21:35:04,695 - root - INFO - [31mstep: 2300  [32mloss:  2.6952  [38;2;180;60;0mgrad_norm:  1.2621  [38;2;54;234;195mmemory: 39.92GiB(50.26%)  [34mtps: 118  [36mtflops: 5.71  [35mmfu: 0.58%[39m
[rank0]:[titan] 2026-03-17 21:35:22,034 - root - INFO - [31mstep: 2301  [32mloss:  2.6985  [38;2;180;60;0mgrad_norm:  1.4238  [38;2;54;234;195mmemory: 39.92GiB(50.26%)  [34mtps: 118  [36mtflops: 5.70  [35mmfu: 0.58%[39m
[rank0]:[titan] 2026-03-17 21:35:39,584 - root - INFO - [31mstep: 2302  [32mloss:  2.7577  [38;2;180;60;0mgrad_norm:  1.2645  [38;2;54;234;195mmemory: 39.92GiB(50.26%)  [34mtps: 117  [36mtflops: 5.63  [35mmfu: 0.57%[39m
[rank0]:[titan] 2026-03-17 21:35:57,122 - root - INFO - [31mstep: 2303  [32mloss:  2.7560  [38;2;180;60;0mgrad_norm:  1.5308  [38;2;54;234;195mmemory: 39.92GiB(50.26%)  [34mtps: 117  [36mtflops: 5.63  [35mmfu: 0.57%[39m
[rank0]:[titan] 2026-03-17 21:36:14,673 - root - INFO - [31mstep: 2304  [32mloss:  2.7332  [38;2;180;60;0mgrad_norm:  1.4266  [38;2;54;234;195mmemory: 39.92GiB(50.26%)  [34mtps: 117  [36mtflops: 5.63  [35mmfu: 0.57%[39m
[rank0]:[titan] 2026-03-17 21:36:31,978 - root - INFO - [31mstep: 2305  [32mloss:  2.6989  [38;2;180;60;0mgrad_norm:  1.2847  [38;2;54;234;195mmemory: 39.92GiB(50.26%)  [34mtps: 118  [36mtflops: 5.71  [35mmfu: 0.58%[39m
[rank0]:[titan] 2026-03-17 21:36:49,573 - root - INFO - [31mstep: 2306  [32mloss:  2.7517  [38;2;180;60;0mgrad_norm:  1.2794  [38;2;54;234;195mmemory: 39.92GiB(50.26%)  [34mtps: 116  [36mtflops: 5.62  [35mmfu: 0.57%[39m
[rank0]:[titan] 2026-03-17 21:37:06,756 - root - INFO - [31mstep: 2307  [32mloss:  2.7275  [38;2;180;60;0mgrad_norm:  1.1360  [38;2;54;234;195mmemory: 39.92GiB(50.26%)  [34mtps: 119  [36mtflops: 5.75  [35mmfu: 0.58%[39m
[rank0]:[titan] 2026-03-17 21:37:24,023 - root - INFO - [31mstep: 2308  [32mloss:  2.7479  [38;2;180;60;0mgrad_norm:  1.3736  [38;2;54;234;195mmemory: 39.92GiB(50.26%)  [34mtps: 119  [36mtflops: 5.72  [35mmfu: 0.58%[39m
[rank0]:[titan] 2026-03-17 21:37:41,497 - root - INFO - [31mstep: 2309  [32mloss:  2.7806  [38;2;180;60;0mgrad_norm:  1.4887  [38;2;54;234;195mmemory: 39.92GiB(50.26%)  [34mtps: 117  [36mtflops: 5.66  [35mmfu: 0.57%[39m
[rank0]:[titan] 2026-03-17 21:37:59,110 - root - INFO - [31mstep: 2310  [32mloss:  2.7050  [38;2;180;60;0mgrad_norm:  1.0661  [38;2;54;234;195mmemory: 39.92GiB(50.26%)  [34mtps: 116  [36mtflops: 5.61  [35mmfu: 0.57%[39m
[rank0]:[titan] 2026-03-17 21:38:16,607 - root - INFO - [31mstep: 2311  [32mloss:  2.6933  [38;2;180;60;0mgrad_norm:  0.8934  [38;2;54;234;195mmemory: 39.92GiB(50.26%)  [34mtps: 117  [36mtflops: 5.65  [35mmfu: 0.57%[39m
[rank0]:[titan] 2026-03-17 21:38:34,045 - root - INFO - [31mstep: 2312  [32mloss:  2.6892  [38;2;180;60;0mgrad_norm:  1.1420  [38;2;54;234;195mmemory: 39.92GiB(50.26%)  [34mtps: 117  [36mtflops: 5.67  [35mmfu: 0.57%[39m
[rank0]:[titan] 2026-03-17 21:38:51,496 - root - INFO - [31mstep: 2313  [32mloss:  2.7481  [38;2;180;60;0mgrad_norm:  1.1101  [38;2;54;234;195mmemory: 39.92GiB(50.26%)  [34mtps: 117  [36mtflops: 5.66  [35mmfu: 0.57%[39m
[rank0]:[titan] 2026-03-17 21:39:08,757 - root - INFO - [31mstep: 2314  [32mloss:  2.7298  [38;2;180;60;0mgrad_norm:  0.8475  [38;2;54;234;195mmemory: 39.92GiB(50.26%)  [34mtps: 119  [36mtflops: 5.72  [35mmfu: 0.58%[39m
[rank0]:[titan] 2026-03-17 21:39:26,489 - root - INFO - [31mstep: 2315  [32mloss:  2.7210  [38;2;180;60;0mgrad_norm:  0.8751  [38;2;54;234;195mmemory: 39.92GiB(50.26%)  [34mtps: 116  [36mtflops: 5.57  [35mmfu: 0.56%[39m
[rank0]:[titan] 2026-03-17 21:39:44,148 - root - INFO - [31mstep: 2316  [32mloss:  2.6960  [38;2;180;60;0mgrad_norm:  0.9755  [38;2;54;234;195mmemory: 39.92GiB(50.26%)  [34mtps: 116  [36mtflops: 5.60  [35mmfu: 0.57%[39m
[rank0]:[titan] 2026-03-17 21:40:01,521 - root - INFO - [31mstep: 2317  [32mloss:  2.6619  [38;2;180;60;0mgrad_norm:  0.8256  [38;2;54;234;195mmemory: 39.92GiB(50.26%)  [34mtps: 118  [36mtflops: 5.69  [35mmfu: 0.58%[39m
[rank0]:[titan] 2026-03-17 21:40:19,312 - root - INFO - [31mstep: 2318  [32mloss:  2.6792  [38;2;180;60;0mgrad_norm:  1.2680  [38;2;54;234;195mmemory: 39.92GiB(50.26%)  [34mtps: 115  [36mtflops: 5.55  [35mmfu: 0.56%[39m
[rank0]:[titan] 2026-03-17 21:40:36,921 - root - INFO - [31mstep: 2319  [32mloss:  2.7155  [38;2;180;60;0mgrad_norm:  1.2028  [38;2;54;234;195mmemory: 39.92GiB(50.26%)  [34mtps: 116  [36mtflops: 5.61  [35mmfu: 0.57%[39m
[rank0]:[titan] 2026-03-17 21:40:54,124 - root - INFO - [31mstep: 2320  [32mloss:  2.7181  [38;2;180;60;0mgrad_norm:  1.0365  [38;2;54;234;195mmemory: 39.92GiB(50.26%)  [34mtps: 119  [36mtflops: 5.74  [35mmfu: 0.58%[39m
[rank0]:[titan] 2026-03-17 21:41:11,511 - root - INFO - [31mstep: 2321  [32mloss:  2.6899  [38;2;180;60;0mgrad_norm:  0.8370  [38;2;54;234;195mmemory: 39.92GiB(50.26%)  [34mtps: 118  [36mtflops: 5.68  [35mmfu: 0.57%[39m
[rank0]:[titan] 2026-03-17 21:41:28,529 - root - INFO - [31mstep: 2322  [32mloss:  2.7297  [38;2;180;60;0mgrad_norm:  1.2115  [38;2;54;234;195mmemory: 39.92GiB(50.26%)  [34mtps: 120  [36mtflops: 5.81  [35mmfu: 0.59%[39m
[rank0]:[titan] 2026-03-17 21:41:45,537 - root - INFO - [31mstep: 2323  [32mloss:  2.7127  [38;2;180;60;0mgrad_norm:  0.7574  [38;2;54;234;195mmemory: 39.92GiB(50.26%)  [34mtps: 120  [36mtflops: 5.81  [35mmfu: 0.59%[39m
[rank0]:[titan] 2026-03-17 21:42:03,063 - root - INFO - [31mstep: 2324  [32mloss:  2.6655  [38;2;180;60;0mgrad_norm:  0.5433  [38;2;54;234;195mmemory: 39.92GiB(50.26%)  [34mtps: 117  [36mtflops: 5.64  [35mmfu: 0.57%[39m
[rank0]:[titan] 2026-03-17 21:42:20,528 - root - INFO - [31mstep: 2325  [32mloss:  2.7697  [38;2;180;60;0mgrad_norm:  0.9856  [38;2;54;234;195mmemory: 39.92GiB(50.26%)  [34mtps: 117  [36mtflops: 5.66  [35mmfu: 0.57%[39m
[rank0]:[titan] 2026-03-17 21:42:20,530 - root - WARNING - Dataset c4_test is being re-looped
[rank0]:[titan] 2026-03-17 21:42:37,908 - root - INFO - [31mstep: 2326  [32mloss:  2.7864  [38;2;180;60;0mgrad_norm:  0.8210  [38;2;54;234;195mmemory: 39.92GiB(50.26%)  [34mtps: 118  [36mtflops: 5.69  [35mmfu: 0.57%[39m
[rank0]:[titan] 2026-03-17 21:42:55,251 - root - INFO - [31mstep: 2327  [32mloss:  2.7934  [38;2;180;60;0mgrad_norm:  0.9322  [38;2;54;234;195mmemory: 39.92GiB(50.26%)  [34mtps: 118  [36mtflops: 5.70  [35mmfu: 0.58%[39m
[rank0]:[titan] 2026-03-17 21:43:12,840 - root - INFO - [31mstep: 2328  [32mloss:  2.7870  [38;2;180;60;0mgrad_norm:  0.9093  [38;2;54;234;195mmemory: 39.92GiB(50.26%)  [34mtps: 116  [36mtflops: 5.62  [35mmfu: 0.57%[39m
[rank0]:[titan] 2026-03-17 21:43:30,364 - root - INFO - [31mstep: 2329  [32mloss:  2.7296  [38;2;180;60;0mgrad_norm:  1.0823  [38;2;54;234;195mmemory: 39.92GiB(50.26%)  [34mtps: 117  [36mtflops: 5.64  [35mmfu: 0.57%[39m
[rank0]:[titan] 2026-03-17 21:43:47,903 - root - INFO - [31mstep: 2330  [32mloss:  2.7352  [38;2;180;60;0mgrad_norm:  0.9983  [38;2;54;234;195mmemory: 39.92GiB(50.26%)  [34mtps: 117  [36mtflops: 5.63  [35mmfu: 0.57%[39m
[rank0]:[titan] 2026-03-17 21:44:05,393 - root - INFO - [31mstep: 2331  [32mloss:  2.7815  [38;2;180;60;0mgrad_norm:  1.1878  [38;2;54;234;195mmemory: 39.92GiB(50.26%)  [34mtps: 117  [36mtflops: 5.65  [35mmfu: 0.57%[39m
[rank0]:[titan] 2026-03-17 21:44:22,743 - root - INFO - [31mstep: 2332  [32mloss:  2.7193  [38;2;180;60;0mgrad_norm:  0.9235  [38;2;54;234;195mmemory: 39.92GiB(50.26%)  [34mtps: 118  [36mtflops: 5.70  [35mmfu: 0.58%[39m
[rank0]:[titan] 2026-03-17 21:44:40,014 - root - INFO - [31mstep: 2333  [32mloss:  2.7441  [38;2;180;60;0mgrad_norm:  0.8142  [38;2;54;234;195mmemory: 39.92GiB(50.26%)  [34mtps: 119  [36mtflops: 5.72  [35mmfu: 0.58%[39m
[rank0]:[titan] 2026-03-17 21:44:57,047 - root - INFO - [31mstep: 2334  [32mloss:  2.7544  [38;2;180;60;0mgrad_norm:  1.0292  [38;2;54;234;195mmemory: 39.92GiB(50.26%)  [34mtps: 120  [36mtflops: 5.80  [35mmfu: 0.59%[39m
[rank0]:[titan] 2026-03-17 21:45:14,249 - root - INFO - [31mstep: 2335  [32mloss:  2.7851  [38;2;180;60;0mgrad_norm:  1.1656  [38;2;54;234;195mmemory: 39.92GiB(50.26%)  [34mtps: 119  [36mtflops: 5.74  [35mmfu: 0.58%[39m
[rank0]:[titan] 2026-03-17 21:45:31,866 - root - INFO - [31mstep: 2336  [32mloss:  2.8090  [38;2;180;60;0mgrad_norm:  0.7502  [38;2;54;234;195mmemory: 39.92GiB(50.26%)  [34mtps: 116  [36mtflops: 5.61  [35mmfu: 0.57%[39m
[rank0]:[titan] 2026-03-17 21:45:49,279 - root - INFO - [31mstep: 2337  [32mloss:  2.7908  [38;2;180;60;0mgrad_norm:  1.2123  [38;2;54;234;195mmemory: 39.92GiB(50.26%)  [34mtps: 118  [36mtflops: 5.68  [35mmfu: 0.57%[39m
[rank0]:[titan] 2026-03-17 21:46:07,189 - root - INFO - [31mstep: 2338  [32mloss:  2.7805  [38;2;180;60;0mgrad_norm:  0.9567  [38;2;54;234;195mmemory: 39.92GiB(50.26%)  [34mtps: 114  [36mtflops: 5.52  [35mmfu: 0.56%[39m
[rank0]:[titan] 2026-03-17 21:46:24,412 - root - INFO - [31mstep: 2339  [32mloss:  2.8185  [38;2;180;60;0mgrad_norm:  0.7420  [38;2;54;234;195mmemory: 39.92GiB(50.26%)  [34mtps: 119  [36mtflops: 5.74  [35mmfu: 0.58%[39m
[rank0]:[titan] 2026-03-17 21:46:41,661 - root - INFO - [31mstep: 2340  [32mloss:  2.7833  [38;2;180;60;0mgrad_norm:  1.0092  [38;2;54;234;195mmemory: 39.92GiB(50.26%)  [34mtps: 119  [36mtflops: 5.73  [35mmfu: 0.58%[39m
[rank0]:[titan] 2026-03-17 21:46:58,935 - root - INFO - [31mstep: 2341  [32mloss:  2.7520  [38;2;180;60;0mgrad_norm:  1.0785  [38;2;54;234;195mmemory: 39.92GiB(50.26%)  [34mtps: 119  [36mtflops: 5.72  [35mmfu: 0.58%[39m
[rank0]:[titan] 2026-03-17 21:47:16,154 - root - INFO - [31mstep: 2342  [32mloss:  2.7079  [38;2;180;60;0mgrad_norm:  1.0174  [38;2;54;234;195mmemory: 39.92GiB(50.26%)  [34mtps: 119  [36mtflops: 5.74  [35mmfu: 0.58%[39m
[rank0]:[titan] 2026-03-17 21:47:33,560 - root - INFO - [31mstep: 2343  [32mloss:  2.7107  [38;2;180;60;0mgrad_norm:  0.7329  [38;2;54;234;195mmemory: 39.92GiB(50.26%)  [34mtps: 118  [36mtflops: 5.68  [35mmfu: 0.57%[39m
[rank0]:[titan] 2026-03-17 21:47:51,303 - root - INFO - [31mstep: 2344  [32mloss:  2.7968  [38;2;180;60;0mgrad_norm:  0.9664  [38;2;54;234;195mmemory: 39.92GiB(50.26%)  [34mtps: 115  [36mtflops: 5.57  [35mmfu: 0.56%[39m
[rank0]:[titan] 2026-03-17 21:48:08,535 - root - INFO - [31mstep: 2345  [32mloss:  2.8174  [38;2;180;60;0mgrad_norm:  1.2596  [38;2;54;234;195mmemory: 39.92GiB(50.26%)  [34mtps: 119  [36mtflops: 5.73  [35mmfu: 0.58%[39m
[rank0]:[titan] 2026-03-17 21:48:26,000 - root - INFO - [31mstep: 2346  [32mloss:  2.7926  [38;2;180;60;0mgrad_norm:  1.1368  [38;2;54;234;195mmemory: 39.92GiB(50.26%)  [34mtps: 117  [36mtflops: 5.66  [35mmfu: 0.57%[39m
[rank0]:[titan] 2026-03-17 21:48:43,444 - root - INFO - [31mstep: 2347  [32mloss:  2.7844  [38;2;180;60;0mgrad_norm:  1.0384  [38;2;54;234;195mmemory: 39.92GiB(50.26%)  [34mtps: 117  [36mtflops: 5.67  [35mmfu: 0.57%[39m
[rank0]:[titan] 2026-03-17 21:49:00,763 - root - INFO - [31mstep: 2348  [32mloss:  2.7720  [38;2;180;60;0mgrad_norm:  1.0022  [38;2;54;234;195mmemory: 39.92GiB(50.26%)  [34mtps: 118  [36mtflops: 5.71  [35mmfu: 0.58%[39m
[rank0]:[titan] 2026-03-17 21:49:18,301 - root - INFO - [31mstep: 2349  [32mloss:  2.7092  [38;2;180;60;0mgrad_norm:  0.7972  [38;2;54;234;195mmemory: 39.92GiB(50.26%)  [34mtps: 117  [36mtflops: 5.63  [35mmfu: 0.57%[39m
[rank0]:[titan] 2026-03-17 21:49:35,667 - root - INFO - [31mstep: 2350  [32mloss:  2.8043  [38;2;180;60;0mgrad_norm:  0.8454  [38;2;54;234;195mmemory: 39.92GiB(50.26%)  [34mtps: 118  [36mtflops: 5.69  [35mmfu: 0.58%[39m
[rank0]:[titan] 2026-03-17 21:49:53,057 - root - INFO - [31mstep: 2351  [32mloss:  2.7914  [38;2;180;60;0mgrad_norm:  1.2415  [38;2;54;234;195mmemory: 39.92GiB(50.26%)  [34mtps: 118  [36mtflops: 5.68  [35mmfu: 0.57%[39m
[rank0]:[titan] 2026-03-17 21:50:10,423 - root - INFO - [31mstep: 2352  [32mloss:  2.7760  [38;2;180;60;0mgrad_norm:  1.0949  [38;2;54;234;195mmemory: 39.92GiB(50.26%)  [34mtps: 118  [36mtflops: 5.69  [35mmfu: 0.58%[39m
[rank0]:[titan] 2026-03-17 21:50:27,544 - root - INFO - [31mstep: 2353  [32mloss:  2.7034  [38;2;180;60;0mgrad_norm:  0.7349  [38;2;54;234;195mmemory: 39.92GiB(50.26%)  [34mtps: 120  [36mtflops: 5.77  [35mmfu: 0.58%[39m
[rank0]:[titan] 2026-03-17 21:50:45,105 - root - INFO - [31mstep: 2354  [32mloss:  2.7545  [38;2;180;60;0mgrad_norm:  0.8977  [38;2;54;234;195mmemory: 39.92GiB(50.26%)  [34mtps: 117  [36mtflops: 5.63  [35mmfu: 0.57%[39m
[rank0]:[titan] 2026-03-17 21:51:02,594 - root - INFO - [31mstep: 2355  [32mloss:  2.7021  [38;2;180;60;0mgrad_norm:  1.1835  [38;2;54;234;195mmemory: 39.92GiB(50.26%)  [34mtps: 117  [36mtflops: 5.65  [35mmfu: 0.57%[39m
[rank0]:[titan] 2026-03-17 21:51:19,868 - root - INFO - [31mstep: 2356  [32mloss:  2.7269  [38;2;180;60;0mgrad_norm:  0.9646  [38;2;54;234;195mmemory: 39.92GiB(50.26%)  [34mtps: 119  [36mtflops: 5.72  [35mmfu: 0.58%[39m
[rank0]:[titan] 2026-03-17 21:51:37,526 - root - INFO - [31mstep: 2357  [32mloss:  2.7201  [38;2;180;60;0mgrad_norm:  1.0359  [38;2;54;234;195mmemory: 39.92GiB(50.26%)  [34mtps: 116  [36mtflops: 5.60  [35mmfu: 0.57%[39m
[rank0]:[titan] 2026-03-17 21:51:55,095 - root - INFO - [31mstep: 2358  [32mloss:  2.7084  [38;2;180;60;0mgrad_norm:  0.9263  [38;2;54;234;195mmemory: 39.92GiB(50.26%)  [34mtps: 117  [36mtflops: 5.62  [35mmfu: 0.57%[39m
[rank0]:[titan] 2026-03-17 21:52:12,371 - root - INFO - [31mstep: 2359  [32mloss:  2.6638  [38;2;180;60;0mgrad_norm:  0.7130  [38;2;54;234;195mmemory: 39.92GiB(50.26%)  [34mtps: 119  [36mtflops: 5.72  [35mmfu: 0.58%[39m
[rank0]:[titan] 2026-03-17 21:52:29,736 - root - INFO - [31mstep: 2360  [32mloss:  2.6761  [38;2;180;60;0mgrad_norm:  0.8634  [38;2;54;234;195mmemory: 39.92GiB(50.26%)  [34mtps: 118  [36mtflops: 5.69  [35mmfu: 0.58%[39m
[rank0]:[titan] 2026-03-17 21:52:47,365 - root - INFO - [31mstep: 2361  [32mloss:  2.6545  [38;2;180;60;0mgrad_norm:  0.8591  [38;2;54;234;195mmemory: 39.92GiB(50.26%)  [34mtps: 116  [36mtflops: 5.61  [35mmfu: 0.57%[39m
[rank0]:[titan] 2026-03-17 21:53:04,745 - root - INFO - [31mstep: 2362  [32mloss:  2.6822  [38;2;180;60;0mgrad_norm:  0.8645  [38;2;54;234;195mmemory: 39.92GiB(50.26%)  [34mtps: 118  [36mtflops: 5.69  [35mmfu: 0.57%[39m
[rank0]:[titan] 2026-03-17 21:53:22,101 - root - INFO - [31mstep: 2363  [32mloss:  2.6729  [38;2;180;60;0mgrad_norm:  0.8282  [38;2;54;234;195mmemory: 39.92GiB(50.26%)  [34mtps: 118  [36mtflops: 5.69  [35mmfu: 0.58%[39m
[rank0]:[titan] 2026-03-17 21:53:38,632 - root - INFO - [31mstep: 2364  [32mloss:  2.6631  [38;2;180;60;0mgrad_norm:  0.9102  [38;2;54;234;195mmemory: 39.92GiB(50.26%)  [34mtps: 124  [36mtflops: 5.98  [35mmfu: 0.60%[39m
[rank0]:[titan] 2026-03-17 21:53:56,238 - root - INFO - [31mstep: 2365  [32mloss:  2.7110  [38;2;180;60;0mgrad_norm:  0.7013  [38;2;54;234;195mmemory: 39.92GiB(50.26%)  [34mtps: 116  [36mtflops: 5.61  [35mmfu: 0.57%[39m
[rank0]:[titan] 2026-03-17 21:54:13,635 - root - INFO - [31mstep: 2366  [32mloss:  2.7381  [38;2;180;60;0mgrad_norm:  0.6569  [38;2;54;234;195mmemory: 39.92GiB(50.26%)  [34mtps: 118  [36mtflops: 5.68  [35mmfu: 0.57%[39m
[rank0]:[titan] 2026-03-17 21:54:31,104 - root - INFO - [31mstep: 2367  [32mloss:  2.7036  [38;2;180;60;0mgrad_norm:  0.6999  [38;2;54;234;195mmemory: 39.92GiB(50.26%)  [34mtps: 117  [36mtflops: 5.66  [35mmfu: 0.57%[39m
[rank0]:[titan] 2026-03-17 21:54:48,645 - root - INFO - [31mstep: 2368  [32mloss:  2.7375  [38;2;180;60;0mgrad_norm:  1.2374  [38;2;54;234;195mmemory: 39.92GiB(50.26%)  [34mtps: 117  [36mtflops: 5.63  [35mmfu: 0.57%[39m
[rank0]:[titan] 2026-03-17 21:55:05,890 - root - INFO - [31mstep: 2369  [32mloss:  2.7538  [38;2;180;60;0mgrad_norm:  1.3552  [38;2;54;234;195mmemory: 39.92GiB(50.26%)  [34mtps: 119  [36mtflops: 5.73  [35mmfu: 0.58%[39m
[rank0]:[titan] 2026-03-17 21:55:23,349 - root - INFO - [31mstep: 2370  [32mloss:  2.7497  [38;2;180;60;0mgrad_norm:  0.6093  [38;2;54;234;195mmemory: 39.92GiB(50.26%)  [34mtps: 117  [36mtflops: 5.66  [35mmfu: 0.57%[39m
[rank0]:[titan] 2026-03-17 21:55:40,545 - root - INFO - [31mstep: 2371  [32mloss:  2.7306  [38;2;180;60;0mgrad_norm:  0.8136  [38;2;54;234;195mmemory: 39.92GiB(50.26%)  [34mtps: 119  [36mtflops: 5.75  [35mmfu: 0.58%[39m
[rank0]:[titan] 2026-03-17 21:55:57,041 - root - INFO - [31mstep: 2372  [32mloss:  2.7006  [38;2;180;60;0mgrad_norm:  0.7875  [38;2;54;234;195mmemory: 39.92GiB(50.26%)  [34mtps: 124  [36mtflops: 5.99  [35mmfu: 0.61%[39m
[rank0]:[titan] 2026-03-17 21:56:14,694 - root - INFO - [31mstep: 2373  [32mloss:  2.7231  [38;2;180;60;0mgrad_norm:  0.9074  [38;2;54;234;195mmemory: 39.92GiB(50.26%)  [34mtps: 116  [36mtflops: 5.60  [35mmfu: 0.57%[39m
[rank0]:[titan] 2026-03-17 21:56:33,223 - root - INFO - [31mstep: 2374  [32mloss:  2.7495  [38;2;180;60;0mgrad_norm:  0.8354  [38;2;54;234;195mmemory: 39.92GiB(50.26%)  [34mtps: 111  [36mtflops: 5.33  [35mmfu: 0.54%[39m
[rank0]:[titan] 2026-03-17 21:56:50,675 - root - INFO - [31mstep: 2375  [32mloss:  2.7305  [38;2;180;60;0mgrad_norm:  1.0635  [38;2;54;234;195mmemory: 39.92GiB(50.26%)  [34mtps: 117  [36mtflops: 5.66  [35mmfu: 0.57%[39m
[rank0]:[titan] 2026-03-17 21:57:07,661 - root - INFO - [31mstep: 2376  [32mloss:  2.6801  [38;2;180;60;0mgrad_norm:  1.5067  [38;2;54;234;195mmemory: 39.92GiB(50.26%)  [34mtps: 121  [36mtflops: 5.82  [35mmfu: 0.59%[39m
[rank0]:[titan] 2026-03-17 21:57:24,843 - root - INFO - [31mstep: 2377  [32mloss:  2.7347  [38;2;180;60;0mgrad_norm:  1.2293  [38;2;54;234;195mmemory: 39.92GiB(50.26%)  [34mtps: 119  [36mtflops: 5.75  [35mmfu: 0.58%[39m
[rank0]:[titan] 2026-03-17 21:57:42,156 - root - INFO - [31mstep: 2378  [32mloss:  2.7474  [38;2;180;60;0mgrad_norm:  1.1308  [38;2;54;234;195mmemory: 39.92GiB(50.26%)  [34mtps: 118  [36mtflops: 5.71  [35mmfu: 0.58%[39m
[rank0]:[titan] 2026-03-17 21:57:59,713 - root - INFO - [31mstep: 2379  [32mloss:  2.7375  [38;2;180;60;0mgrad_norm:  1.1326  [38;2;54;234;195mmemory: 39.92GiB(50.26%)  [34mtps: 117  [36mtflops: 5.63  [35mmfu: 0.57%[39m
[rank0]:[titan] 2026-03-17 21:58:16,955 - root - INFO - [31mstep: 2380  [32mloss:  2.7125  [38;2;180;60;0mgrad_norm:  0.8070  [38;2;54;234;195mmemory: 39.92GiB(50.26%)  [34mtps: 119  [36mtflops: 5.73  [35mmfu: 0.58%[39m
[rank0]:[titan] 2026-03-17 21:58:34,368 - root - INFO - [31mstep: 2381  [32mloss:  2.7061  [38;2;180;60;0mgrad_norm:  1.2128  [38;2;54;234;195mmemory: 39.92GiB(50.26%)  [34mtps: 118  [36mtflops: 5.68  [35mmfu: 0.57%[39m
[rank0]:[titan] 2026-03-17 21:58:51,318 - root - INFO - [31mstep: 2382  [32mloss:  2.8115  [38;2;180;60;0mgrad_norm:  1.2829  [38;2;54;234;195mmemory: 39.92GiB(50.26%)  [34mtps: 121  [36mtflops: 5.83  [35mmfu: 0.59%[39m
[rank0]:[titan] 2026-03-17 21:59:08,635 - root - INFO - [31mstep: 2383  [32mloss:  2.8365  [38;2;180;60;0mgrad_norm:  1.2234  [38;2;54;234;195mmemory: 39.92GiB(50.26%)  [34mtps: 118  [36mtflops: 5.71  [35mmfu: 0.58%[39m
[rank0]:[titan] 2026-03-17 21:59:26,208 - root - INFO - [31mstep: 2384  [32mloss:  2.7683  [38;2;180;60;0mgrad_norm:  1.0594  [38;2;54;234;195mmemory: 39.92GiB(50.26%)  [34mtps: 117  [36mtflops: 5.62  [35mmfu: 0.57%[39m
[rank0]:[titan] 2026-03-17 21:59:43,516 - root - INFO - [31mstep: 2385  [32mloss:  2.7521  [38;2;180;60;0mgrad_norm:  1.3106  [38;2;54;234;195mmemory: 39.92GiB(50.26%)  [34mtps: 118  [36mtflops: 5.71  [35mmfu: 0.58%[39m
[rank0]:[titan] 2026-03-17 22:00:01,175 - root - INFO - [31mstep: 2386  [32mloss:  2.7577  [38;2;180;60;0mgrad_norm:  1.5249  [38;2;54;234;195mmemory: 39.92GiB(50.26%)  [34mtps: 116  [36mtflops: 5.60  [35mmfu: 0.57%[39m
[rank0]:[titan] 2026-03-17 22:00:18,604 - root - INFO - [31mstep: 2387  [32mloss:  2.7530  [38;2;180;60;0mgrad_norm:  0.8644  [38;2;54;234;195mmemory: 39.92GiB(50.26%)  [34mtps: 118  [36mtflops: 5.67  [35mmfu: 0.57%[39m
[rank0]:[titan] 2026-03-17 22:00:35,928 - root - INFO - [31mstep: 2388  [32mloss:  2.7796  [38;2;180;60;0mgrad_norm:  1.2015  [38;2;54;234;195mmemory: 39.92GiB(50.26%)  [34mtps: 118  [36mtflops: 5.70  [35mmfu: 0.58%[39m
[rank0]:[titan] 2026-03-17 22:00:53,245 - root - INFO - [31mstep: 2389  [32mloss:  2.7659  [38;2;180;60;0mgrad_norm:  1.3357  [38;2;54;234;195mmemory: 39.92GiB(50.26%)  [34mtps: 118  [36mtflops: 5.71  [35mmfu: 0.58%[39m
[rank0]:[titan] 2026-03-17 22:01:10,652 - root - INFO - [31mstep: 2390  [32mloss:  2.8274  [38;2;180;60;0mgrad_norm:  1.1911  [38;2;54;234;195mmemory: 39.92GiB(50.26%)  [34mtps: 118  [36mtflops: 5.68  [35mmfu: 0.57%[39m
[rank0]:[titan] 2026-03-17 22:01:27,836 - root - INFO - [31mstep: 2391  [32mloss:  2.7478  [38;2;180;60;0mgrad_norm:  1.0994  [38;2;54;234;195mmemory: 39.92GiB(50.26%)  [34mtps: 119  [36mtflops: 5.75  [35mmfu: 0.58%[39m
[rank0]:[titan] 2026-03-17 22:01:45,126 - root - INFO - [31mstep: 2392  [32mloss:  2.7389  [38;2;180;60;0mgrad_norm:  1.3556  [38;2;54;234;195mmemory: 39.92GiB(50.26%)  [34mtps: 118  [36mtflops: 5.72  [35mmfu: 0.58%[39m
[rank0]:[titan] 2026-03-17 22:02:02,303 - root - INFO - [31mstep: 2393  [32mloss:  2.6618  [38;2;180;60;0mgrad_norm:  1.1427  [38;2;54;234;195mmemory: 39.92GiB(50.26%)  [34mtps: 119  [36mtflops: 5.75  [35mmfu: 0.58%[39m
[rank0]:[titan] 2026-03-17 22:02:19,620 - root - INFO - [31mstep: 2394  [32mloss:  2.7679  [38;2;180;60;0mgrad_norm:  0.9327  [38;2;54;234;195mmemory: 39.92GiB(50.26%)  [34mtps: 118  [36mtflops: 5.71  [35mmfu: 0.58%[39m
[rank0]:[titan] 2026-03-17 22:02:37,028 - root - INFO - [31mstep: 2395  [32mloss:  2.6877  [38;2;180;60;0mgrad_norm:  0.9226  [38;2;54;234;195mmemory: 39.92GiB(50.26%)  [34mtps: 118  [36mtflops: 5.68  [35mmfu: 0.57%[39m
[rank0]:[titan] 2026-03-17 22:02:54,649 - root - INFO - [31mstep: 2396  [32mloss:  2.7814  [38;2;180;60;0mgrad_norm:  0.8345  [38;2;54;234;195mmemory: 39.92GiB(50.26%)  [34mtps: 116  [36mtflops: 5.61  [35mmfu: 0.57%[39m
[rank0]:[titan] 2026-03-17 22:03:12,162 - root - INFO - [31mstep: 2397  [32mloss:  2.9289  [38;2;180;60;0mgrad_norm:  1.0562  [38;2;54;234;195mmemory: 39.92GiB(50.26%)  [34mtps: 117  [36mtflops: 5.64  [35mmfu: 0.57%[39m
[rank0]:[titan] 2026-03-17 22:03:29,679 - root - INFO - [31mstep: 2398  [32mloss:  2.8782  [38;2;180;60;0mgrad_norm:  1.0819  [38;2;54;234;195mmemory: 39.92GiB(50.26%)  [34mtps: 117  [36mtflops: 5.64  [35mmfu: 0.57%[39m
[rank0]:[titan] 2026-03-17 22:03:47,112 - root - INFO - [31mstep: 2399  [32mloss:  2.7525  [38;2;180;60;0mgrad_norm:  1.1292  [38;2;54;234;195mmemory: 39.92GiB(50.26%)  [34mtps: 117  [36mtflops: 5.67  [35mmfu: 0.57%[39m
[rank0]:[titan] 2026-03-17 22:04:04,586 - root - INFO - [31mstep: 2400  [32mloss:  2.7732  [38;2;180;60;0mgrad_norm:  1.2083  [38;2;54;234;195mmemory: 39.92GiB(50.26%)  [34mtps: 117  [36mtflops: 5.66  [35mmfu: 0.57%[39m
[rank0]:[titan] 2026-03-17 22:04:21,997 - root - INFO - [31mstep: 2401  [32mloss:  2.7335  [38;2;180;60;0mgrad_norm:  1.0259  [38;2;54;234;195mmemory: 39.92GiB(50.26%)  [34mtps: 118  [36mtflops: 5.68  [35mmfu: 0.57%[39m
[rank0]:[titan] 2026-03-17 22:04:39,544 - root - INFO - [31mstep: 2402  [32mloss:  2.7670  [38;2;180;60;0mgrad_norm:  1.2554  [38;2;54;234;195mmemory: 39.92GiB(50.26%)  [34mtps: 117  [36mtflops: 5.63  [35mmfu: 0.57%[39m
[rank0]:[titan] 2026-03-17 22:04:56,990 - root - INFO - [31mstep: 2403  [32mloss:  2.7788  [38;2;180;60;0mgrad_norm:  1.5256  [38;2;54;234;195mmemory: 39.92GiB(50.26%)  [34mtps: 117  [36mtflops: 5.66  [35mmfu: 0.57%[39m
[rank0]:[titan] 2026-03-17 22:05:14,372 - root - INFO - [31mstep: 2404  [32mloss:  2.7325  [38;2;180;60;0mgrad_norm:  1.4278  [38;2;54;234;195mmemory: 39.92GiB(50.26%)  [34mtps: 118  [36mtflops: 5.69  [35mmfu: 0.57%[39m
[rank0]:[titan] 2026-03-17 22:05:31,822 - root - INFO - [31mstep: 2405  [32mloss:  2.7238  [38;2;180;60;0mgrad_norm:  1.0976  [38;2;54;234;195mmemory: 39.92GiB(50.26%)  [34mtps: 117  [36mtflops: 5.66  [35mmfu: 0.57%[39m
[rank0]:[titan] 2026-03-17 22:05:49,268 - root - INFO - [31mstep: 2406  [32mloss:  2.7074  [38;2;180;60;0mgrad_norm:  2.6257  [38;2;54;234;195mmemory: 39.92GiB(50.26%)  [34mtps: 117  [36mtflops: 5.66  [35mmfu: 0.57%[39m
[rank0]:[titan] 2026-03-17 22:06:07,078 - root - INFO - [31mstep: 2407  [32mloss:  2.7107  [38;2;180;60;0mgrad_norm:  1.8651  [38;2;54;234;195mmemory: 39.92GiB(50.26%)  [34mtps: 115  [36mtflops: 5.55  [35mmfu: 0.56%[39m
[rank0]:[titan] 2026-03-17 22:06:24,485 - root - INFO - [31mstep: 2408  [32mloss:  2.7828  [38;2;180;60;0mgrad_norm:  1.6291  [38;2;54;234;195mmemory: 39.92GiB(50.26%)  [34mtps: 118  [36mtflops: 5.68  [35mmfu: 0.57%[39m
[rank0]:[titan] 2026-03-17 22:06:41,823 - root - INFO - [31mstep: 2409  [32mloss:  2.7489  [38;2;180;60;0mgrad_norm:  1.4782  [38;2;54;234;195mmemory: 39.92GiB(50.26%)  [34mtps: 118  [36mtflops: 5.70  [35mmfu: 0.58%[39m
[rank0]:[titan] 2026-03-17 22:06:59,037 - root - INFO - [31mstep: 2410  [32mloss:  2.7693  [38;2;180;60;0mgrad_norm:  1.2861  [38;2;54;234;195mmemory: 39.92GiB(50.26%)  [34mtps: 119  [36mtflops: 5.74  [35mmfu: 0.58%[39m
[rank0]:[titan] 2026-03-17 22:07:16,372 - root - INFO - [31mstep: 2411  [32mloss:  2.7417  [38;2;180;60;0mgrad_norm:  1.2041  [38;2;54;234;195mmemory: 39.92GiB(50.26%)  [34mtps: 118  [36mtflops: 5.70  [35mmfu: 0.58%[39m
[rank0]:[titan] 2026-03-17 22:07:33,600 - root - INFO - [31mstep: 2412  [32mloss:  2.8031  [38;2;180;60;0mgrad_norm:  1.3069  [38;2;54;234;195mmemory: 39.92GiB(50.26%)  [34mtps: 119  [36mtflops: 5.74  [35mmfu: 0.58%[39m
[rank0]:[titan] 2026-03-17 22:07:50,553 - root - INFO - [31mstep: 2413  [32mloss:  2.7371  [38;2;180;60;0mgrad_norm:  1.4717  [38;2;54;234;195mmemory: 39.92GiB(50.26%)  [34mtps: 121  [36mtflops: 5.83  [35mmfu: 0.59%[39m
[rank0]:[titan] 2026-03-17 22:08:07,726 - root - INFO - [31mstep: 2414  [32mloss:  2.7314  [38;2;180;60;0mgrad_norm:  1.4441  [38;2;54;234;195mmemory: 39.92GiB(50.26%)  [34mtps: 119  [36mtflops: 5.75  [35mmfu: 0.58%[39m
[rank0]:[titan] 2026-03-17 22:08:25,215 - root - INFO - [31mstep: 2415  [32mloss:  2.7378  [38;2;180;60;0mgrad_norm:  1.0745  [38;2;54;234;195mmemory: 39.92GiB(50.26%)  [34mtps: 117  [36mtflops: 5.65  [35mmfu: 0.57%[39m
[rank0]:[titan] 2026-03-17 22:08:42,729 - root - INFO - [31mstep: 2416  [32mloss:  2.7471  [38;2;180;60;0mgrad_norm:  1.0792  [38;2;54;234;195mmemory: 39.92GiB(50.26%)  [34mtps: 117  [36mtflops: 5.64  [35mmfu: 0.57%[39m
[rank0]:[titan] 2026-03-17 22:09:00,001 - root - INFO - [31mstep: 2417  [32mloss:  2.6987  [38;2;180;60;0mgrad_norm:  1.0719  [38;2;54;234;195mmemory: 39.92GiB(50.26%)  [34mtps: 119  [36mtflops: 5.72  [35mmfu: 0.58%[39m
[rank0]:[titan] 2026-03-17 22:09:16,767 - root - INFO - [31mstep: 2418  [32mloss:  2.7291  [38;2;180;60;0mgrad_norm:  1.3359  [38;2;54;234;195mmemory: 39.92GiB(50.26%)  [34mtps: 122  [36mtflops: 5.89  [35mmfu: 0.60%[39m
[rank0]:[titan] 2026-03-17 22:09:34,287 - root - INFO - [31mstep: 2419  [32mloss:  2.7229  [38;2;180;60;0mgrad_norm:  1.1456  [38;2;54;234;195mmemory: 39.92GiB(50.26%)  [34mtps: 117  [36mtflops: 5.64  [35mmfu: 0.57%[39m
[rank0]:[titan] 2026-03-17 22:09:51,650 - root - INFO - [31mstep: 2420  [32mloss:  2.7392  [38;2;180;60;0mgrad_norm:  1.1462  [38;2;54;234;195mmemory: 39.92GiB(50.26%)  [34mtps: 118  [36mtflops: 5.69  [35mmfu: 0.58%[39m
[rank0]:[titan] 2026-03-17 22:10:09,076 - root - INFO - [31mstep: 2421  [32mloss:  2.7308  [38;2;180;60;0mgrad_norm:  0.9086  [38;2;54;234;195mmemory: 39.92GiB(50.26%)  [34mtps: 118  [36mtflops: 5.67  [35mmfu: 0.57%[39m
[rank0]:[titan] 2026-03-17 22:10:26,602 - root - INFO - [31mstep: 2422  [32mloss:  2.7125  [38;2;180;60;0mgrad_norm:  0.8462  [38;2;54;234;195mmemory: 39.92GiB(50.26%)  [34mtps: 117  [36mtflops: 5.64  [35mmfu: 0.57%[39m
[rank0]:[titan] 2026-03-17 22:10:44,176 - root - INFO - [31mstep: 2423  [32mloss:  2.7366  [38;2;180;60;0mgrad_norm:  0.8969  [38;2;54;234;195mmemory: 39.92GiB(50.26%)  [34mtps: 117  [36mtflops: 5.62  [35mmfu: 0.57%[39m
[rank0]:[titan] 2026-03-17 22:11:01,719 - root - INFO - [31mstep: 2424  [32mloss:  2.7308  [38;2;180;60;0mgrad_norm:  1.0092  [38;2;54;234;195mmemory: 39.92GiB(50.26%)  [34mtps: 117  [36mtflops: 5.63  [35mmfu: 0.57%[39m
[rank0]:[titan] 2026-03-17 22:11:19,320 - root - INFO - [31mstep: 2425  [32mloss:  2.7687  [38;2;180;60;0mgrad_norm:  1.0579  [38;2;54;234;195mmemory: 39.92GiB(50.26%)  [34mtps: 116  [36mtflops: 5.61  [35mmfu: 0.57%[39m
[rank0]:[titan] 2026-03-17 22:11:36,462 - root - INFO - [31mstep: 2426  [32mloss:  2.7171  [38;2;180;60;0mgrad_norm:  1.0320  [38;2;54;234;195mmemory: 39.92GiB(50.26%)  [34mtps: 119  [36mtflops: 5.76  [35mmfu: 0.58%[39m
[rank0]:[titan] 2026-03-17 22:11:53,909 - root - INFO - [31mstep: 2427  [32mloss:  2.7501  [38;2;180;60;0mgrad_norm:  0.9576  [38;2;54;234;195mmemory: 39.92GiB(50.26%)  [34mtps: 117  [36mtflops: 5.66  [35mmfu: 0.57%[39m
[rank0]:[titan] 2026-03-17 22:12:11,370 - root - INFO - [31mstep: 2428  [32mloss:  2.7595  [38;2;180;60;0mgrad_norm:  0.9462  [38;2;54;234;195mmemory: 39.92GiB(50.26%)  [34mtps: 117  [36mtflops: 5.66  [35mmfu: 0.57%[39m
[rank0]:[titan] 2026-03-17 22:12:28,618 - root - INFO - [31mstep: 2429  [32mloss:  2.7419  [38;2;180;60;0mgrad_norm:  1.3178  [38;2;54;234;195mmemory: 39.92GiB(50.26%)  [34mtps: 119  [36mtflops: 5.73  [35mmfu: 0.58%[39m
[rank0]:[titan] 2026-03-17 22:12:46,131 - root - INFO - [31mstep: 2430  [32mloss:  2.8079  [38;2;180;60;0mgrad_norm:  1.7271  [38;2;54;234;195mmemory: 39.92GiB(50.26%)  [34mtps: 117  [36mtflops: 5.64  [35mmfu: 0.57%[39m
[rank0]:[titan] 2026-03-17 22:13:03,685 - root - INFO - [31mstep: 2431  [32mloss:  2.7792  [38;2;180;60;0mgrad_norm:  1.2746  [38;2;54;234;195mmemory: 39.92GiB(50.26%)  [34mtps: 117  [36mtflops: 5.63  [35mmfu: 0.57%[39m
[rank0]:[titan] 2026-03-17 22:13:21,148 - root - INFO - [31mstep: 2432  [32mloss:  2.8131  [38;2;180;60;0mgrad_norm:  1.0358  [38;2;54;234;195mmemory: 39.92GiB(50.26%)  [34mtps: 117  [36mtflops: 5.66  [35mmfu: 0.57%[39m
[rank0]:[titan] 2026-03-17 22:13:38,708 - root - INFO - [31mstep: 2433  [32mloss:  2.7930  [38;2;180;60;0mgrad_norm:  1.1375  [38;2;54;234;195mmemory: 39.92GiB(50.26%)  [34mtps: 117  [36mtflops: 5.63  [35mmfu: 0.57%[39m
[rank0]:[titan] 2026-03-17 22:13:56,086 - root - INFO - [31mstep: 2434  [32mloss:  2.7760  [38;2;180;60;0mgrad_norm:  0.8960  [38;2;54;234;195mmemory: 39.92GiB(50.26%)  [34mtps: 118  [36mtflops: 5.69  [35mmfu: 0.57%[39m
[rank0]:[titan] 2026-03-17 22:14:13,334 - root - INFO - [31mstep: 2435  [32mloss:  2.7156  [38;2;180;60;0mgrad_norm:  0.8330  [38;2;54;234;195mmemory: 39.92GiB(50.26%)  [34mtps: 119  [36mtflops: 5.73  [35mmfu: 0.58%[39m
[rank0]:[titan] 2026-03-17 22:14:30,637 - root - INFO - [31mstep: 2436  [32mloss:  2.7421  [38;2;180;60;0mgrad_norm:  1.0042  [38;2;54;234;195mmemory: 39.92GiB(50.26%)  [34mtps: 118  [36mtflops: 5.71  [35mmfu: 0.58%[39m
[rank0]:[titan] 2026-03-17 22:14:47,854 - root - INFO - [31mstep: 2437  [32mloss:  2.7073  [38;2;180;60;0mgrad_norm:  0.9599  [38;2;54;234;195mmemory: 39.92GiB(50.26%)  [34mtps: 119  [36mtflops: 5.74  [35mmfu: 0.58%[39m
[rank0]:[titan] 2026-03-17 22:15:05,475 - root - INFO - [31mstep: 2438  [32mloss:  2.7655  [38;2;180;60;0mgrad_norm:  0.7498  [38;2;54;234;195mmemory: 39.92GiB(50.26%)  [34mtps: 116  [36mtflops: 5.61  [35mmfu: 0.57%[39m
[rank0]:[titan] 2026-03-17 22:15:22,624 - root - INFO - [31mstep: 2439  [32mloss:  2.7608  [38;2;180;60;0mgrad_norm:  1.0694  [38;2;54;234;195mmemory: 39.92GiB(50.26%)  [34mtps: 119  [36mtflops: 5.76  [35mmfu: 0.58%[39m
[rank0]:[titan] 2026-03-17 22:15:39,858 - root - INFO - [31mstep: 2440  [32mloss:  2.7670  [38;2;180;60;0mgrad_norm:  0.9273  [38;2;54;234;195mmemory: 39.92GiB(50.26%)  [34mtps: 119  [36mtflops: 5.73  [35mmfu: 0.58%[39m
[rank0]:[titan] 2026-03-17 22:15:57,283 - root - INFO - [31mstep: 2441  [32mloss:  2.7009  [38;2;180;60;0mgrad_norm:  1.1071  [38;2;54;234;195mmemory: 39.92GiB(50.26%)  [34mtps: 118  [36mtflops: 5.67  [35mmfu: 0.57%[39m
[rank0]:[titan] 2026-03-17 22:16:14,317 - root - INFO - [31mstep: 2442  [32mloss:  2.7224  [38;2;180;60;0mgrad_norm:  0.8626  [38;2;54;234;195mmemory: 39.92GiB(50.26%)  [34mtps: 120  [36mtflops: 5.80  [35mmfu: 0.59%[39m
[rank0]:[titan] 2026-03-17 22:16:31,334 - root - INFO - [31mstep: 2443  [32mloss:  2.7521  [38;2;180;60;0mgrad_norm:  0.9258  [38;2;54;234;195mmemory: 39.92GiB(50.26%)  [34mtps: 120  [36mtflops: 5.81  [35mmfu: 0.59%[39m
[rank0]:[titan] 2026-03-17 22:16:48,674 - root - INFO - [31mstep: 2444  [32mloss:  2.7186  [38;2;180;60;0mgrad_norm:  0.8783  [38;2;54;234;195mmemory: 39.92GiB(50.26%)  [34mtps: 118  [36mtflops: 5.70  [35mmfu: 0.58%[39m
[rank0]:[titan] 2026-03-17 22:17:05,287 - root - INFO - [31mstep: 2445  [32mloss:  2.7159  [38;2;180;60;0mgrad_norm:  0.8358  [38;2;54;234;195mmemory: 39.92GiB(50.26%)  [34mtps: 123  [36mtflops: 5.95  [35mmfu: 0.60%[39m
[rank0]:[titan] 2026-03-17 22:17:22,475 - root - INFO - [31mstep: 2446  [32mloss:  2.7065  [38;2;180;60;0mgrad_norm:  1.0146  [38;2;54;234;195mmemory: 39.92GiB(50.26%)  [34mtps: 119  [36mtflops: 5.75  [35mmfu: 0.58%[39m
[rank0]:[titan] 2026-03-17 22:17:40,044 - root - INFO - [31mstep: 2447  [32mloss:  2.7490  [38;2;180;60;0mgrad_norm:  0.6120  [38;2;54;234;195mmemory: 39.92GiB(50.26%)  [34mtps: 117  [36mtflops: 5.63  [35mmfu: 0.57%[39m
[rank0]:[titan] 2026-03-17 22:17:57,319 - root - INFO - [31mstep: 2448  [32mloss:  2.7451  [38;2;180;60;0mgrad_norm:  0.9205  [38;2;54;234;195mmemory: 39.92GiB(50.26%)  [34mtps: 119  [36mtflops: 5.72  [35mmfu: 0.58%[39m
[rank0]:[titan] 2026-03-17 22:18:14,606 - root - INFO - [31mstep: 2449  [32mloss:  2.7192  [38;2;180;60;0mgrad_norm:  1.0009  [38;2;54;234;195mmemory: 39.92GiB(50.26%)  [34mtps: 118  [36mtflops: 5.72  [35mmfu: 0.58%[39m
[rank0]:[titan] 2026-03-17 22:18:32,026 - root - INFO - [31mstep: 2450  [32mloss:  2.7201  [38;2;180;60;0mgrad_norm:  0.6909  [38;2;54;234;195mmemory: 39.92GiB(50.26%)  [34mtps: 118  [36mtflops: 5.67  [35mmfu: 0.57%[39m
[rank0]:[titan] 2026-03-17 22:18:49,059 - root - INFO - [31mstep: 2451  [32mloss:  2.7054  [38;2;180;60;0mgrad_norm:  1.1060  [38;2;54;234;195mmemory: 39.92GiB(50.26%)  [34mtps: 120  [36mtflops: 5.80  [35mmfu: 0.59%[39m
[rank0]:[titan] 2026-03-17 22:19:06,542 - root - INFO - [31mstep: 2452  [32mloss:  2.7205  [38;2;180;60;0mgrad_norm:  0.9924  [38;2;54;234;195mmemory: 39.92GiB(50.26%)  [34mtps: 117  [36mtflops: 5.65  [35mmfu: 0.57%[39m
[rank0]:[titan] 2026-03-17 22:19:24,344 - root - INFO - [31mstep: 2453  [32mloss:  2.7074  [38;2;180;60;0mgrad_norm:  0.7665  [38;2;54;234;195mmemory: 39.92GiB(50.26%)  [34mtps: 115  [36mtflops: 5.55  [35mmfu: 0.56%[39m
[rank0]:[titan] 2026-03-17 22:19:41,721 - root - INFO - [31mstep: 2454  [32mloss:  2.7419  [38;2;180;60;0mgrad_norm:  0.9117  [38;2;54;234;195mmemory: 39.92GiB(50.26%)  [34mtps: 118  [36mtflops: 5.69  [35mmfu: 0.58%[39m
[rank0]:[titan] 2026-03-17 22:19:59,049 - root - INFO - [31mstep: 2455  [32mloss:  2.7205  [38;2;180;60;0mgrad_norm:  0.9133  [38;2;54;234;195mmemory: 39.92GiB(50.26%)  [34mtps: 118  [36mtflops: 5.70  [35mmfu: 0.58%[39m
[rank0]:[titan] 2026-03-17 22:20:16,463 - root - INFO - [31mstep: 2456  [32mloss:  2.7525  [38;2;180;60;0mgrad_norm:  0.9100  [38;2;54;234;195mmemory: 39.92GiB(50.26%)  [34mtps: 118  [36mtflops: 5.67  [35mmfu: 0.57%[39m
[rank0]:[titan] 2026-03-17 22:20:33,744 - root - INFO - [31mstep: 2457  [32mloss:  2.7191  [38;2;180;60;0mgrad_norm:  0.7789  [38;2;54;234;195mmemory: 39.92GiB(50.26%)  [34mtps: 119  [36mtflops: 5.72  [35mmfu: 0.58%[39m
[rank0]:[titan] 2026-03-17 22:20:51,059 - root - INFO - [31mstep: 2458  [32mloss:  2.7231  [38;2;180;60;0mgrad_norm:  0.8691  [38;2;54;234;195mmemory: 39.92GiB(50.26%)  [34mtps: 118  [36mtflops: 5.71  [35mmfu: 0.58%[39m
[rank0]:[titan] 2026-03-17 22:21:08,551 - root - INFO - [31mstep: 2459  [32mloss:  2.7152  [38;2;180;60;0mgrad_norm:  0.9786  [38;2;54;234;195mmemory: 39.92GiB(50.26%)  [34mtps: 117  [36mtflops: 5.65  [35mmfu: 0.57%[39m
[rank0]:[titan] 2026-03-17 22:21:25,984 - root - INFO - [31mstep: 2460  [32mloss:  2.7667  [38;2;180;60;0mgrad_norm:  0.9539  [38;2;54;234;195mmemory: 39.92GiB(50.26%)  [34mtps: 117  [36mtflops: 5.67  [35mmfu: 0.57%[39m
[rank0]:[titan] 2026-03-17 22:21:43,437 - root - INFO - [31mstep: 2461  [32mloss:  2.7053  [38;2;180;60;0mgrad_norm:  0.7648  [38;2;54;234;195mmemory: 39.92GiB(50.26%)  [34mtps: 117  [36mtflops: 5.66  [35mmfu: 0.57%[39m
[rank0]:[titan] 2026-03-17 22:22:00,893 - root - INFO - [31mstep: 2462  [32mloss:  2.6386  [38;2;180;60;0mgrad_norm:  1.0865  [38;2;54;234;195mmemory: 39.92GiB(50.26%)  [34mtps: 117  [36mtflops: 5.66  [35mmfu: 0.57%[39m
[rank0]:[titan] 2026-03-17 22:22:18,002 - root - INFO - [31mstep: 2463  [32mloss:  2.6728  [38;2;180;60;0mgrad_norm:  0.7634  [38;2;54;234;195mmemory: 39.92GiB(50.26%)  [34mtps: 120  [36mtflops: 5.78  [35mmfu: 0.58%[39m
[rank0]:[titan] 2026-03-17 22:22:35,632 - root - INFO - [31mstep: 2464  [32mloss:  2.6517  [38;2;180;60;0mgrad_norm:  0.8775  [38;2;54;234;195mmemory: 39.92GiB(50.26%)  [34mtps: 116  [36mtflops: 5.60  [35mmfu: 0.57%[39m
[rank0]:[titan] 2026-03-17 22:22:53,299 - root - INFO - [31mstep: 2465  [32mloss:  2.7025  [38;2;180;60;0mgrad_norm:  0.9210  [38;2;54;234;195mmemory: 39.92GiB(50.26%)  [34mtps: 116  [36mtflops: 5.59  [35mmfu: 0.57%[39m
[rank0]:[titan] 2026-03-17 22:23:10,616 - root - INFO - [31mstep: 2466  [32mloss:  2.6711  [38;2;180;60;0mgrad_norm:  0.4627  [38;2;54;234;195mmemory: 39.92GiB(50.26%)  [34mtps: 118  [36mtflops: 5.71  [35mmfu: 0.58%[39m
[rank0]:[titan] 2026-03-17 22:23:27,797 - root - INFO - [31mstep: 2467  [32mloss:  2.7285  [38;2;180;60;0mgrad_norm:  0.6870  [38;2;54;234;195mmemory: 39.92GiB(50.26%)  [34mtps: 119  [36mtflops: 5.75  [35mmfu: 0.58%[39m
[rank0]:[titan] 2026-03-17 22:23:44,973 - root - INFO - [31mstep: 2468  [32mloss:  2.7062  [38;2;180;60;0mgrad_norm:  0.8123  [38;2;54;234;195mmemory: 39.92GiB(50.26%)  [34mtps: 119  [36mtflops: 5.75  [35mmfu: 0.58%[39m
[rank0]:[titan] 2026-03-17 22:24:01,940 - root - INFO - [31mstep: 2469  [32mloss:  2.7056  [38;2;180;60;0mgrad_norm:  0.5576  [38;2;54;234;195mmemory: 39.92GiB(50.26%)  [34mtps: 121  [36mtflops: 5.82  [35mmfu: 0.59%[39m
[rank0]:[titan] 2026-03-17 22:24:19,285 - root - INFO - [31mstep: 2470  [32mloss:  2.7217  [38;2;180;60;0mgrad_norm:  0.8605  [38;2;54;234;195mmemory: 39.92GiB(50.26%)  [34mtps: 118  [36mtflops: 5.70  [35mmfu: 0.58%[39m
[rank0]:[titan] 2026-03-17 22:24:36,604 - root - INFO - [31mstep: 2471  [32mloss:  2.7146  [38;2;180;60;0mgrad_norm:  0.8716  [38;2;54;234;195mmemory: 39.92GiB(50.26%)  [34mtps: 118  [36mtflops: 5.71  [35mmfu: 0.58%[39m
[rank0]:[titan] 2026-03-17 22:24:53,892 - root - INFO - [31mstep: 2472  [32mloss:  2.7034  [38;2;180;60;0mgrad_norm:  0.5130  [38;2;54;234;195mmemory: 39.92GiB(50.26%)  [34mtps: 118  [36mtflops: 5.72  [35mmfu: 0.58%[39m
[rank0]:[titan] 2026-03-17 22:25:10,947 - root - INFO - [31mstep: 2473  [32mloss:  2.7006  [38;2;180;60;0mgrad_norm:  0.9239  [38;2;54;234;195mmemory: 39.92GiB(50.26%)  [34mtps: 120  [36mtflops: 5.79  [35mmfu: 0.59%[39m
[rank0]:[titan] 2026-03-17 22:25:27,884 - root - INFO - [31mstep: 2474  [32mloss:  2.6767  [38;2;180;60;0mgrad_norm:  0.7868  [38;2;54;234;195mmemory: 39.92GiB(50.26%)  [34mtps: 121  [36mtflops: 5.83  [35mmfu: 0.59%[39m
[rank0]:[titan] 2026-03-17 22:25:45,544 - root - INFO - [31mstep: 2475  [32mloss:  2.6746  [38;2;180;60;0mgrad_norm:  0.8541  [38;2;54;234;195mmemory: 39.92GiB(50.26%)  [34mtps: 116  [36mtflops: 5.60  [35mmfu: 0.57%[39m
[rank0]:[titan] 2026-03-17 22:26:02,941 - root - INFO - [31mstep: 2476  [32mloss:  2.6780  [38;2;180;60;0mgrad_norm:  0.6545  [38;2;54;234;195mmemory: 39.92GiB(50.26%)  [34mtps: 118  [36mtflops: 5.68  [35mmfu: 0.57%[39m
[rank0]:[titan] 2026-03-17 22:26:20,390 - root - INFO - [31mstep: 2477  [32mloss:  2.6833  [38;2;180;60;0mgrad_norm:  0.5656  [38;2;54;234;195mmemory: 39.92GiB(50.26%)  [34mtps: 117  [36mtflops: 5.66  [35mmfu: 0.57%[39m
[rank0]:[titan] 2026-03-17 22:26:37,595 - root - INFO - [31mstep: 2478  [32mloss:  2.7025  [38;2;180;60;0mgrad_norm:  0.9651  [38;2;54;234;195mmemory: 39.92GiB(50.26%)  [34mtps: 119  [36mtflops: 5.74  [35mmfu: 0.58%[39m
[rank0]:[titan] 2026-03-17 22:26:54,999 - root - INFO - [31mstep: 2479  [32mloss:  2.6497  [38;2;180;60;0mgrad_norm:  0.8308  [38;2;54;234;195mmemory: 39.92GiB(50.26%)  [34mtps: 118  [36mtflops: 5.68  [35mmfu: 0.57%[39m
[rank0]:[titan] 2026-03-17 22:27:12,626 - root - INFO - [31mstep: 2480  [32mloss:  2.7076  [38;2;180;60;0mgrad_norm:  0.6660  [38;2;54;234;195mmemory: 39.92GiB(50.26%)  [34mtps: 116  [36mtflops: 5.61  [35mmfu: 0.57%[39m
[rank0]:[titan] 2026-03-17 22:27:30,210 - root - INFO - [31mstep: 2481  [32mloss:  2.6865  [38;2;180;60;0mgrad_norm:  0.6761  [38;2;54;234;195mmemory: 39.92GiB(50.26%)  [34mtps: 116  [36mtflops: 5.62  [35mmfu: 0.57%[39m
[rank0]:[titan] 2026-03-17 22:27:47,803 - root - INFO - [31mstep: 2482  [32mloss:  2.6423  [38;2;180;60;0mgrad_norm:  0.6127  [38;2;54;234;195mmemory: 39.92GiB(50.26%)  [34mtps: 116  [36mtflops: 5.62  [35mmfu: 0.57%[39m
[rank0]:[titan] 2026-03-17 22:28:04,947 - root - INFO - [31mstep: 2483  [32mloss:  2.6463  [38;2;180;60;0mgrad_norm:  0.7586  [38;2;54;234;195mmemory: 39.92GiB(50.26%)  [34mtps: 119  [36mtflops: 5.76  [35mmfu: 0.58%[39m
[rank0]:[titan] 2026-03-17 22:28:22,410 - root - INFO - [31mstep: 2484  [32mloss:  2.6648  [38;2;180;60;0mgrad_norm:  1.0128  [38;2;54;234;195mmemory: 39.92GiB(50.26%)  [34mtps: 117  [36mtflops: 5.66  [35mmfu: 0.57%[39m
[rank0]:[titan] 2026-03-17 22:28:39,516 - root - INFO - [31mstep: 2485  [32mloss:  2.6548  [38;2;180;60;0mgrad_norm:  0.8217  [38;2;54;234;195mmemory: 39.92GiB(50.26%)  [34mtps: 120  [36mtflops: 5.78  [35mmfu: 0.58%[39m
[rank0]:[titan] 2026-03-17 22:28:56,971 - root - INFO - [31mstep: 2486  [32mloss:  2.6879  [38;2;180;60;0mgrad_norm:  0.6752  [38;2;54;234;195mmemory: 39.92GiB(50.26%)  [34mtps: 117  [36mtflops: 5.66  [35mmfu: 0.57%[39m
[rank0]:[titan] 2026-03-17 22:29:14,236 - root - INFO - [31mstep: 2487  [32mloss:  2.6972  [38;2;180;60;0mgrad_norm:  1.1048  [38;2;54;234;195mmemory: 39.92GiB(50.26%)  [34mtps: 119  [36mtflops: 5.72  [35mmfu: 0.58%[39m
[rank0]:[titan] 2026-03-17 22:29:31,638 - root - INFO - [31mstep: 2488  [32mloss:  2.6449  [38;2;180;60;0mgrad_norm:  1.0368  [38;2;54;234;195mmemory: 39.92GiB(50.26%)  [34mtps: 118  [36mtflops: 5.68  [35mmfu: 0.57%[39m
[rank0]:[titan] 2026-03-17 22:29:48,947 - root - INFO - [31mstep: 2489  [32mloss:  2.6709  [38;2;180;60;0mgrad_norm:  0.9174  [38;2;54;234;195mmemory: 39.92GiB(50.26%)  [34mtps: 118  [36mtflops: 5.71  [35mmfu: 0.58%[39m
[rank0]:[titan] 2026-03-17 22:30:06,494 - root - INFO - [31mstep: 2490  [32mloss:  2.6600  [38;2;180;60;0mgrad_norm:  0.6530  [38;2;54;234;195mmemory: 39.92GiB(50.26%)  [34mtps: 117  [36mtflops: 5.63  [35mmfu: 0.57%[39m
[rank0]:[titan] 2026-03-17 22:30:23,877 - root - INFO - [31mstep: 2491  [32mloss:  2.6780  [38;2;180;60;0mgrad_norm:  0.6951  [38;2;54;234;195mmemory: 39.92GiB(50.26%)  [34mtps: 118  [36mtflops: 5.68  [35mmfu: 0.57%[39m
[rank0]:[titan] 2026-03-17 22:30:41,146 - root - INFO - [31mstep: 2492  [32mloss:  2.6765  [38;2;180;60;0mgrad_norm:  0.9482  [38;2;54;234;195mmemory: 39.92GiB(50.26%)  [34mtps: 119  [36mtflops: 5.72  [35mmfu: 0.58%[39m
[rank0]:[titan] 2026-03-17 22:30:58,358 - root - INFO - [31mstep: 2493  [32mloss:  2.7162  [38;2;180;60;0mgrad_norm:  0.7978  [38;2;54;234;195mmemory: 39.92GiB(50.26%)  [34mtps: 119  [36mtflops: 5.74  [35mmfu: 0.58%[39m
[rank0]:[titan] 2026-03-17 22:31:15,808 - root - INFO - [31mstep: 2494  [32mloss:  2.7668  [38;2;180;60;0mgrad_norm:  0.9682  [38;2;54;234;195mmemory: 39.92GiB(50.26%)  [34mtps: 117  [36mtflops: 5.66  [35mmfu: 0.57%[39m
[rank0]:[titan] 2026-03-17 22:31:33,375 - root - INFO - [31mstep: 2495  [32mloss:  2.7372  [38;2;180;60;0mgrad_norm:  0.6986  [38;2;54;234;195mmemory: 39.92GiB(50.26%)  [34mtps: 117  [36mtflops: 5.63  [35mmfu: 0.57%[39m
[rank0]:[titan] 2026-03-17 22:31:50,767 - root - INFO - [31mstep: 2496  [32mloss:  2.6882  [38;2;180;60;0mgrad_norm:  1.1353  [38;2;54;234;195mmemory: 39.92GiB(50.26%)  [34mtps: 118  [36mtflops: 5.68  [35mmfu: 0.57%[39m
[rank0]:[titan] 2026-03-17 22:32:08,166 - root - INFO - [31mstep: 2497  [32mloss:  2.6322  [38;2;180;60;0mgrad_norm:  1.0172  [38;2;54;234;195mmemory: 39.92GiB(50.26%)  [34mtps: 118  [36mtflops: 5.68  [35mmfu: 0.57%[39m
[rank0]:[titan] 2026-03-17 22:32:25,777 - root - INFO - [31mstep: 2498  [32mloss:  2.6954  [38;2;180;60;0mgrad_norm:  0.5211  [38;2;54;234;195mmemory: 39.92GiB(50.26%)  [34mtps: 116  [36mtflops: 5.61  [35mmfu: 0.57%[39m
[rank0]:[titan] 2026-03-17 22:32:43,068 - root - INFO - [31mstep: 2499  [32mloss:  2.7230  [38;2;180;60;0mgrad_norm:  1.1010  [38;2;54;234;195mmemory: 39.92GiB(50.26%)  [34mtps: 118  [36mtflops: 5.72  [35mmfu: 0.58%[39m
[rank0]:[titan] 2026-03-17 22:33:00,305 - root - INFO - [31mstep: 2500  [32mloss:  2.7125  [38;2;180;60;0mgrad_norm:  0.8628  [38;2;54;234;195mmemory: 39.92GiB(50.26%)  [34mtps: 119  [36mtflops: 5.73  [35mmfu: 0.58%[39m
[rank0]:[titan] 2026-03-17 22:33:17,403 - root - INFO - [31mstep: 2501  [32mloss:  2.7540  [38;2;180;60;0mgrad_norm:  0.9808  [38;2;54;234;195mmemory: 39.92GiB(50.26%)  [34mtps: 120  [36mtflops: 5.78  [35mmfu: 0.58%[39m
[rank0]:[titan] 2026-03-17 22:33:34,657 - root - INFO - [31mstep: 2502  [32mloss:  2.7175  [38;2;180;60;0mgrad_norm:  0.8368  [38;2;54;234;195mmemory: 39.92GiB(50.26%)  [34mtps: 119  [36mtflops: 5.73  [35mmfu: 0.58%[39m
[rank0]:[titan] 2026-03-17 22:33:51,706 - root - INFO - [31mstep: 2503  [32mloss:  2.7042  [38;2;180;60;0mgrad_norm:  0.7695  [38;2;54;234;195mmemory: 39.92GiB(50.26%)  [34mtps: 120  [36mtflops: 5.80  [35mmfu: 0.59%[39m
[rank0]:[titan] 2026-03-17 22:34:08,870 - root - INFO - [31mstep: 2504  [32mloss:  2.7177  [38;2;180;60;0mgrad_norm:  1.1862  [38;2;54;234;195mmemory: 39.92GiB(50.26%)  [34mtps: 119  [36mtflops: 5.76  [35mmfu: 0.58%[39m
[rank0]:[titan] 2026-03-17 22:34:26,011 - root - INFO - [31mstep: 2505  [32mloss:  2.6811  [38;2;180;60;0mgrad_norm:  0.6625  [38;2;54;234;195mmemory: 39.92GiB(50.26%)  [34mtps: 119  [36mtflops: 5.77  [35mmfu: 0.58%[39m
[rank0]:[titan] 2026-03-17 22:34:43,189 - root - INFO - [31mstep: 2506  [32mloss:  2.6875  [38;2;180;60;0mgrad_norm:  0.6132  [38;2;54;234;195mmemory: 39.92GiB(50.26%)  [34mtps: 119  [36mtflops: 5.75  [35mmfu: 0.58%[39m
[rank0]:[titan] 2026-03-17 22:35:00,474 - root - INFO - [31mstep: 2507  [32mloss:  2.6952  [38;2;180;60;0mgrad_norm:  0.8398  [38;2;54;234;195mmemory: 39.92GiB(50.26%)  [34mtps: 118  [36mtflops: 5.72  [35mmfu: 0.58%[39m
[rank0]:[titan] 2026-03-17 22:35:17,879 - root - INFO - [31mstep: 2508  [32mloss:  2.7195  [38;2;180;60;0mgrad_norm:  0.6264  [38;2;54;234;195mmemory: 39.92GiB(50.26%)  [34mtps: 118  [36mtflops: 5.68  [35mmfu: 0.57%[39m
[rank0]:[titan] 2026-03-17 22:35:35,360 - root - INFO - [31mstep: 2509  [32mloss:  2.6933  [38;2;180;60;0mgrad_norm:  0.7407  [38;2;54;234;195mmemory: 39.92GiB(50.26%)  [34mtps: 117  [36mtflops: 5.65  [35mmfu: 0.57%[39m
[rank0]:[titan] 2026-03-17 22:35:52,832 - root - INFO - [31mstep: 2510  [32mloss:  2.6975  [38;2;180;60;0mgrad_norm:  1.0016  [38;2;54;234;195mmemory: 39.92GiB(50.26%)  [34mtps: 117  [36mtflops: 5.66  [35mmfu: 0.57%[39m
[rank0]:[titan] 2026-03-17 22:36:09,973 - root - INFO - [31mstep: 2511  [32mloss:  2.6750  [38;2;180;60;0mgrad_norm:  0.7018  [38;2;54;234;195mmemory: 39.92GiB(50.26%)  [34mtps: 119  [36mtflops: 5.77  [35mmfu: 0.58%[39m
[rank0]:[titan] 2026-03-17 22:36:27,207 - root - INFO - [31mstep: 2512  [32mloss:  2.6734  [38;2;180;60;0mgrad_norm:  1.1132  [38;2;54;234;195mmemory: 39.92GiB(50.26%)  [34mtps: 119  [36mtflops: 5.73  [35mmfu: 0.58%[39m
[rank0]:[titan] 2026-03-17 22:36:44,392 - root - INFO - [31mstep: 2513  [32mloss:  2.6927  [38;2;180;60;0mgrad_norm:  0.8521  [38;2;54;234;195mmemory: 39.92GiB(50.26%)  [34mtps: 119  [36mtflops: 5.75  [35mmfu: 0.58%[39m
[rank0]:[titan] 2026-03-17 22:37:01,747 - root - INFO - [31mstep: 2514  [32mloss:  2.6915  [38;2;180;60;0mgrad_norm:  0.9432  [38;2;54;234;195mmemory: 39.92GiB(50.26%)  [34mtps: 118  [36mtflops: 5.69  [35mmfu: 0.58%[39m
[rank0]:[titan] 2026-03-17 22:37:19,432 - root - INFO - [31mstep: 2515  [32mloss:  2.7475  [38;2;180;60;0mgrad_norm:  1.0559  [38;2;54;234;195mmemory: 39.92GiB(50.26%)  [34mtps: 116  [36mtflops: 5.59  [35mmfu: 0.56%[39m
[rank0]:[titan] 2026-03-17 22:37:36,884 - root - INFO - [31mstep: 2516  [32mloss:  2.7134  [38;2;180;60;0mgrad_norm:  0.6080  [38;2;54;234;195mmemory: 39.92GiB(50.26%)  [34mtps: 117  [36mtflops: 5.66  [35mmfu: 0.57%[39m
[rank0]:[titan] 2026-03-17 22:37:54,198 - root - INFO - [31mstep: 2517  [32mloss:  2.7306  [38;2;180;60;0mgrad_norm:  0.9961  [38;2;54;234;195mmemory: 39.92GiB(50.26%)  [34mtps: 118  [36mtflops: 5.71  [35mmfu: 0.58%[39m
[rank0]:[titan] 2026-03-17 22:38:11,715 - root - INFO - [31mstep: 2518  [32mloss:  2.7754  [38;2;180;60;0mgrad_norm:  0.9553  [38;2;54;234;195mmemory: 39.92GiB(50.26%)  [34mtps: 117  [36mtflops: 5.64  [35mmfu: 0.57%[39m
[rank0]:[titan] 2026-03-17 22:38:29,172 - root - INFO - [31mstep: 2519  [32mloss:  2.7998  [38;2;180;60;0mgrad_norm:  0.5476  [38;2;54;234;195mmemory: 39.92GiB(50.26%)  [34mtps: 117  [36mtflops: 5.66  [35mmfu: 0.57%[39m
[rank0]:[titan] 2026-03-17 22:38:46,292 - root - INFO - [31mstep: 2520  [32mloss:  2.7632  [38;2;180;60;0mgrad_norm:  0.9205  [38;2;54;234;195mmemory: 39.92GiB(50.26%)  [34mtps: 120  [36mtflops: 5.77  [35mmfu: 0.58%[39m
[rank0]:[titan] 2026-03-17 22:39:03,753 - root - INFO - [31mstep: 2521  [32mloss:  2.7748  [38;2;180;60;0mgrad_norm:  1.0923  [38;2;54;234;195mmemory: 39.92GiB(50.26%)  [34mtps: 117  [36mtflops: 5.66  [35mmfu: 0.57%[39m
[rank0]:[titan] 2026-03-17 22:39:21,417 - root - INFO - [31mstep: 2522  [32mloss:  2.6836  [38;2;180;60;0mgrad_norm:  0.9779  [38;2;54;234;195mmemory: 39.92GiB(50.26%)  [34mtps: 116  [36mtflops: 5.59  [35mmfu: 0.57%[39m
[rank0]:[titan] 2026-03-17 22:39:38,802 - root - INFO - [31mstep: 2523  [32mloss:  2.6913  [38;2;180;60;0mgrad_norm:  0.7124  [38;2;54;234;195mmemory: 39.92GiB(50.26%)  [34mtps: 118  [36mtflops: 5.68  [35mmfu: 0.57%[39m
[rank0]:[titan] 2026-03-17 22:39:56,052 - root - INFO - [31mstep: 2524  [32mloss:  2.7644  [38;2;180;60;0mgrad_norm:  1.0467  [38;2;54;234;195mmemory: 39.92GiB(50.26%)  [34mtps: 119  [36mtflops: 5.73  [35mmfu: 0.58%[39m
[rank0]:[titan] 2026-03-17 22:40:12,802 - root - INFO - [31mstep: 2525  [32mloss:  2.7170  [38;2;180;60;0mgrad_norm:  0.8257  [38;2;54;234;195mmemory: 39.92GiB(50.26%)  [34mtps: 122  [36mtflops: 5.90  [35mmfu: 0.60%[39m
[rank0]:[titan] 2026-03-17 22:40:30,160 - root - INFO - [31mstep: 2526  [32mloss:  2.7228  [38;2;180;60;0mgrad_norm:  0.8372  [38;2;54;234;195mmemory: 39.92GiB(50.26%)  [34mtps: 118  [36mtflops: 5.69  [35mmfu: 0.58%[39m
[rank0]:[titan] 2026-03-17 22:40:47,272 - root - INFO - [31mstep: 2527  [32mloss:  2.7408  [38;2;180;60;0mgrad_norm:  0.8776  [38;2;54;234;195mmemory: 39.92GiB(50.26%)  [34mtps: 120  [36mtflops: 5.77  [35mmfu: 0.58%[39m
[rank0]:[titan] 2026-03-17 22:41:04,838 - root - INFO - [31mstep: 2528  [32mloss:  2.8334  [38;2;180;60;0mgrad_norm:  0.7903  [38;2;54;234;195mmemory: 39.92GiB(50.26%)  [34mtps: 117  [36mtflops: 5.63  [35mmfu: 0.57%[39m
[rank0]:[titan] 2026-03-17 22:41:22,272 - root - INFO - [31mstep: 2529  [32mloss:  2.7338  [38;2;180;60;0mgrad_norm:  0.5820  [38;2;54;234;195mmemory: 39.92GiB(50.26%)  [34mtps: 117  [36mtflops: 5.67  [35mmfu: 0.57%[39m
[rank0]:[titan] 2026-03-17 22:41:39,687 - root - INFO - [31mstep: 2530  [32mloss:  2.6822  [38;2;180;60;0mgrad_norm:  0.6020  [38;2;54;234;195mmemory: 39.92GiB(50.26%)  [34mtps: 118  [36mtflops: 5.67  [35mmfu: 0.57%[39m
[rank0]:[titan] 2026-03-17 22:41:57,152 - root - INFO - [31mstep: 2531  [32mloss:  2.7680  [38;2;180;60;0mgrad_norm:  1.0492  [38;2;54;234;195mmemory: 39.92GiB(50.26%)  [34mtps: 117  [36mtflops: 5.66  [35mmfu: 0.57%[39m
[rank0]:[titan] 2026-03-17 22:42:14,361 - root - INFO - [31mstep: 2532  [32mloss:  2.8008  [38;2;180;60;0mgrad_norm:  1.2334  [38;2;54;234;195mmemory: 39.92GiB(50.26%)  [34mtps: 119  [36mtflops: 5.74  [35mmfu: 0.58%[39m
[rank0]:[titan] 2026-03-17 22:42:31,756 - root - INFO - [31mstep: 2533  [32mloss:  2.7860  [38;2;180;60;0mgrad_norm:  1.1283  [38;2;54;234;195mmemory: 39.92GiB(50.26%)  [34mtps: 118  [36mtflops: 5.68  [35mmfu: 0.57%[39m
[rank0]:[titan] 2026-03-17 22:42:49,257 - root - INFO - [31mstep: 2534  [32mloss:  2.7242  [38;2;180;60;0mgrad_norm:  1.2720  [38;2;54;234;195mmemory: 39.92GiB(50.26%)  [34mtps: 117  [36mtflops: 5.65  [35mmfu: 0.57%[39m
[rank0]:[titan] 2026-03-17 22:43:06,703 - root - INFO - [31mstep: 2535  [32mloss:  2.7444  [38;2;180;60;0mgrad_norm:  1.3223  [38;2;54;234;195mmemory: 39.92GiB(50.26%)  [34mtps: 117  [36mtflops: 5.66  [35mmfu: 0.57%[39m
[rank0]:[titan] 2026-03-17 22:43:23,920 - root - INFO - [31mstep: 2536  [32mloss:  2.7485  [38;2;180;60;0mgrad_norm:  1.0390  [38;2;54;234;195mmemory: 39.92GiB(50.26%)  [34mtps: 119  [36mtflops: 5.74  [35mmfu: 0.58%[39m
[rank0]:[titan] 2026-03-17 22:43:41,257 - root - INFO - [31mstep: 2537  [32mloss:  2.7248  [38;2;180;60;0mgrad_norm:  1.0641  [38;2;54;234;195mmemory: 39.92GiB(50.26%)  [34mtps: 118  [36mtflops: 5.70  [35mmfu: 0.58%[39m
[rank0]:[titan] 2026-03-17 22:43:41,262 - root - WARNING - Dataset c4_test is being re-looped
[rank0]:[titan] 2026-03-17 22:43:58,882 - root - INFO - [31mstep: 2538  [32mloss:  2.7033  [38;2;180;60;0mgrad_norm:  0.9468  [38;2;54;234;195mmemory: 39.92GiB(50.26%)  [34mtps: 116  [36mtflops: 5.61  [35mmfu: 0.57%[39m
[rank0]:[titan] 2026-03-17 22:44:16,171 - root - INFO - [31mstep: 2539  [32mloss:  2.7278  [38;2;180;60;0mgrad_norm:  1.2556  [38;2;54;234;195mmemory: 39.92GiB(50.26%)  [34mtps: 118  [36mtflops: 5.72  [35mmfu: 0.58%[39m
[rank0]:[titan] 2026-03-17 22:44:33,520 - root - INFO - [31mstep: 2540  [32mloss:  2.7547  [38;2;180;60;0mgrad_norm:  0.9535  [38;2;54;234;195mmemory: 39.92GiB(50.26%)  [34mtps: 118  [36mtflops: 5.70  [35mmfu: 0.58%[39m
[rank0]:[titan] 2026-03-17 22:44:50,625 - root - INFO - [31mstep: 2541  [32mloss:  2.6733  [38;2;180;60;0mgrad_norm:  0.9477  [38;2;54;234;195mmemory: 39.92GiB(50.26%)  [34mtps: 120  [36mtflops: 5.78  [35mmfu: 0.58%[39m
[rank0]:[titan] 2026-03-17 22:45:08,212 - root - INFO - [31mstep: 2542  [32mloss:  2.7035  [38;2;180;60;0mgrad_norm:  1.2385  [38;2;54;234;195mmemory: 39.92GiB(50.26%)  [34mtps: 116  [36mtflops: 5.62  [35mmfu: 0.57%[39m
[rank0]:[titan] 2026-03-17 22:45:25,417 - root - INFO - [31mstep: 2543  [32mloss:  2.7160  [38;2;180;60;0mgrad_norm:  0.8590  [38;2;54;234;195mmemory: 39.92GiB(50.26%)  [34mtps: 119  [36mtflops: 5.74  [35mmfu: 0.58%[39m
[rank0]:[titan] 2026-03-17 22:45:42,509 - root - INFO - [31mstep: 2544  [32mloss:  2.6912  [38;2;180;60;0mgrad_norm:  0.7489  [38;2;54;234;195mmemory: 39.92GiB(50.26%)  [34mtps: 120  [36mtflops: 5.78  [35mmfu: 0.58%[39m
[rank0]:[titan] 2026-03-17 22:46:00,069 - root - INFO - [31mstep: 2545  [32mloss:  2.6470  [38;2;180;60;0mgrad_norm:  0.6684  [38;2;54;234;195mmemory: 39.92GiB(50.26%)  [34mtps: 117  [36mtflops: 5.63  [35mmfu: 0.57%[39m
[rank0]:[titan] 2026-03-17 22:46:17,509 - root - INFO - [31mstep: 2546  [32mloss:  2.7198  [38;2;180;60;0mgrad_norm:  0.9501  [38;2;54;234;195mmemory: 39.92GiB(50.26%)  [34mtps: 117  [36mtflops: 5.67  [35mmfu: 0.57%[39m
[rank0]:[titan] 2026-03-17 22:46:35,103 - root - INFO - [31mstep: 2547  [32mloss:  2.7492  [38;2;180;60;0mgrad_norm:  0.9226  [38;2;54;234;195mmemory: 39.92GiB(50.26%)  [34mtps: 116  [36mtflops: 5.62  [35mmfu: 0.57%[39m
[rank0]:[titan] 2026-03-17 22:46:52,677 - root - INFO - [31mstep: 2548  [32mloss:  2.7188  [38;2;180;60;0mgrad_norm:  1.0606  [38;2;54;234;195mmemory: 39.92GiB(50.26%)  [34mtps: 117  [36mtflops: 5.62  [35mmfu: 0.57%[39m
[rank0]:[titan] 2026-03-17 22:47:09,873 - root - INFO - [31mstep: 2549  [32mloss:  2.6688  [38;2;180;60;0mgrad_norm:  0.7997  [38;2;54;234;195mmemory: 39.92GiB(50.26%)  [34mtps: 119  [36mtflops: 5.75  [35mmfu: 0.58%[39m
[rank0]:[titan] 2026-03-17 22:47:27,038 - root - INFO - [31mstep: 2550  [32mloss:  2.7302  [38;2;180;60;0mgrad_norm:  0.7642  [38;2;54;234;195mmemory: 39.92GiB(50.26%)  [34mtps: 119  [36mtflops: 5.76  [35mmfu: 0.58%[39m
[rank0]:[titan] 2026-03-17 22:47:44,336 - root - INFO - [31mstep: 2551  [32mloss:  2.7406  [38;2;180;60;0mgrad_norm:  0.8428  [38;2;54;234;195mmemory: 39.92GiB(50.26%)  [34mtps: 118  [36mtflops: 5.71  [35mmfu: 0.58%[39m
[rank0]:[titan] 2026-03-17 22:48:01,977 - root - INFO - [31mstep: 2552  [32mloss:  2.7727  [38;2;180;60;0mgrad_norm:  0.7671  [38;2;54;234;195mmemory: 39.92GiB(50.26%)  [34mtps: 116  [36mtflops: 5.60  [35mmfu: 0.57%[39m
[rank0]:[titan] 2026-03-17 22:48:19,618 - root - INFO - [31mstep: 2553  [32mloss:  2.7404  [38;2;180;60;0mgrad_norm:  1.0652  [38;2;54;234;195mmemory: 39.92GiB(50.26%)  [34mtps: 116  [36mtflops: 5.60  [35mmfu: 0.57%[39m
[rank0]:[titan] 2026-03-17 22:48:36,967 - root - INFO - [31mstep: 2554  [32mloss:  2.7494  [38;2;180;60;0mgrad_norm:  0.7969  [38;2;54;234;195mmemory: 39.92GiB(50.26%)  [34mtps: 118  [36mtflops: 5.70  [35mmfu: 0.58%[39m
[rank0]:[titan] 2026-03-17 22:48:54,498 - root - INFO - [31mstep: 2555  [32mloss:  2.7021  [38;2;180;60;0mgrad_norm:  0.7969  [38;2;54;234;195mmemory: 39.92GiB(50.26%)  [34mtps: 117  [36mtflops: 5.64  [35mmfu: 0.57%[39m
[rank0]:[titan] 2026-03-17 22:49:11,767 - root - INFO - [31mstep: 2556  [32mloss:  2.6727  [38;2;180;60;0mgrad_norm:  1.2286  [38;2;54;234;195mmemory: 39.92GiB(50.26%)  [34mtps: 119  [36mtflops: 5.72  [35mmfu: 0.58%[39m
[rank0]:[titan] 2026-03-17 22:49:29,008 - root - INFO - [31mstep: 2557  [32mloss:  2.6926  [38;2;180;60;0mgrad_norm:  0.8368  [38;2;54;234;195mmemory: 39.92GiB(50.26%)  [34mtps: 119  [36mtflops: 5.73  [35mmfu: 0.58%[39m
[rank0]:[titan] 2026-03-17 22:49:46,373 - root - INFO - [31mstep: 2558  [32mloss:  2.6702  [38;2;180;60;0mgrad_norm:  0.7619  [38;2;54;234;195mmemory: 39.92GiB(50.26%)  [34mtps: 118  [36mtflops: 5.69  [35mmfu: 0.58%[39m
[rank0]:[titan] 2026-03-17 22:50:03,467 - root - INFO - [31mstep: 2559  [32mloss:  2.7415  [38;2;180;60;0mgrad_norm:  1.0149  [38;2;54;234;195mmemory: 39.92GiB(50.26%)  [34mtps: 120  [36mtflops: 5.78  [35mmfu: 0.58%[39m
[rank0]:[titan] 2026-03-17 22:50:20,408 - root - INFO - [31mstep: 2560  [32mloss:  2.7164  [38;2;180;60;0mgrad_norm:  0.7158  [38;2;54;234;195mmemory: 39.92GiB(50.26%)  [34mtps: 121  [36mtflops: 5.83  [35mmfu: 0.59%[39m
[rank0]:[titan] 2026-03-17 22:50:37,307 - root - INFO - [31mstep: 2561  [32mloss:  2.7902  [38;2;180;60;0mgrad_norm:  1.0306  [38;2;54;234;195mmemory: 39.92GiB(50.26%)  [34mtps: 121  [36mtflops: 5.85  [35mmfu: 0.59%[39m
[rank0]:[titan] 2026-03-17 22:50:54,135 - root - INFO - [31mstep: 2562  [32mloss:  2.7503  [38;2;180;60;0mgrad_norm:  1.1828  [38;2;54;234;195mmemory: 39.92GiB(50.26%)  [34mtps: 122  [36mtflops: 5.87  [35mmfu: 0.59%[39m
[rank0]:[titan] 2026-03-17 22:51:11,900 - root - INFO - [31mstep: 2563  [32mloss:  2.7894  [38;2;180;60;0mgrad_norm:  0.8366  [38;2;54;234;195mmemory: 39.92GiB(50.26%)  [34mtps: 115  [36mtflops: 5.56  [35mmfu: 0.56%[39m
[rank0]:[titan] 2026-03-17 22:51:29,265 - root - INFO - [31mstep: 2564  [32mloss:  2.7036  [38;2;180;60;0mgrad_norm:  0.7705  [38;2;54;234;195mmemory: 39.92GiB(50.26%)  [34mtps: 118  [36mtflops: 5.69  [35mmfu: 0.58%[39m
[rank0]:[titan] 2026-03-17 22:51:46,557 - root - INFO - [31mstep: 2565  [32mloss:  2.7069  [38;2;180;60;0mgrad_norm:  0.7832  [38;2;54;234;195mmemory: 39.92GiB(50.26%)  [34mtps: 118  [36mtflops: 5.71  [35mmfu: 0.58%[39m
[rank0]:[titan] 2026-03-17 22:52:03,648 - root - INFO - [31mstep: 2566  [32mloss:  2.7214  [38;2;180;60;0mgrad_norm:  0.8132  [38;2;54;234;195mmemory: 39.92GiB(50.26%)  [34mtps: 120  [36mtflops: 5.78  [35mmfu: 0.58%[39m
[rank0]:[titan] 2026-03-17 22:52:20,998 - root - INFO - [31mstep: 2567  [32mloss:  2.7023  [38;2;180;60;0mgrad_norm:  0.9699  [38;2;54;234;195mmemory: 39.92GiB(50.26%)  [34mtps: 118  [36mtflops: 5.70  [35mmfu: 0.58%[39m
[rank0]:[titan] 2026-03-17 22:52:38,811 - root - INFO - [31mstep: 2568  [32mloss:  2.7261  [38;2;180;60;0mgrad_norm:  0.8289  [38;2;54;234;195mmemory: 39.92GiB(50.26%)  [34mtps: 115  [36mtflops: 5.55  [35mmfu: 0.56%[39m
[rank0]:[titan] 2026-03-17 22:52:56,379 - root - INFO - [31mstep: 2569  [32mloss:  2.7217  [38;2;180;60;0mgrad_norm:  0.9920  [38;2;54;234;195mmemory: 39.92GiB(50.26%)  [34mtps: 117  [36mtflops: 5.62  [35mmfu: 0.57%[39m
[rank0]:[titan] 2026-03-17 22:53:13,500 - root - INFO - [31mstep: 2570  [32mloss:  2.6900  [38;2;180;60;0mgrad_norm:  0.8721  [38;2;54;234;195mmemory: 39.92GiB(50.26%)  [34mtps: 120  [36mtflops: 5.77  [35mmfu: 0.58%[39m
[rank0]:[titan] 2026-03-17 22:53:30,490 - root - INFO - [31mstep: 2571  [32mloss:  2.7300  [38;2;180;60;0mgrad_norm:  1.0770  [38;2;54;234;195mmemory: 39.92GiB(50.26%)  [34mtps: 121  [36mtflops: 5.82  [35mmfu: 0.59%[39m
[rank0]:[titan] 2026-03-17 22:53:48,006 - root - INFO - [31mstep: 2572  [32mloss:  2.6896  [38;2;180;60;0mgrad_norm:  1.0102  [38;2;54;234;195mmemory: 39.92GiB(50.26%)  [34mtps: 117  [36mtflops: 5.64  [35mmfu: 0.57%[39m
[rank0]:[titan] 2026-03-17 22:54:05,179 - root - INFO - [31mstep: 2573  [32mloss:  2.7202  [38;2;180;60;0mgrad_norm:  1.0225  [38;2;54;234;195mmemory: 39.92GiB(50.26%)  [34mtps: 119  [36mtflops: 5.75  [35mmfu: 0.58%[39m
[rank0]:[titan] 2026-03-17 22:54:22,359 - root - INFO - [31mstep: 2574  [32mloss:  2.7019  [38;2;180;60;0mgrad_norm:  1.2993  [38;2;54;234;195mmemory: 39.92GiB(50.26%)  [34mtps: 119  [36mtflops: 5.75  [35mmfu: 0.58%[39m
[rank0]:[titan] 2026-03-17 22:54:40,016 - root - INFO - [31mstep: 2575  [32mloss:  2.7211  [38;2;180;60;0mgrad_norm:  1.1018  [38;2;54;234;195mmemory: 39.92GiB(50.26%)  [34mtps: 116  [36mtflops: 5.60  [35mmfu: 0.57%[39m
[rank0]:[titan] 2026-03-17 22:54:57,245 - root - INFO - [31mstep: 2576  [32mloss:  2.7680  [38;2;180;60;0mgrad_norm:  0.7798  [38;2;54;234;195mmemory: 39.92GiB(50.26%)  [34mtps: 119  [36mtflops: 5.74  [35mmfu: 0.58%[39m
[rank0]:[titan] 2026-03-17 22:55:14,623 - root - INFO - [31mstep: 2577  [32mloss:  2.7711  [38;2;180;60;0mgrad_norm:  0.9170  [38;2;54;234;195mmemory: 39.92GiB(50.26%)  [34mtps: 118  [36mtflops: 5.69  [35mmfu: 0.57%[39m
[rank0]:[titan] 2026-03-17 22:55:32,308 - root - INFO - [31mstep: 2578  [32mloss:  2.7006  [38;2;180;60;0mgrad_norm:  0.7661  [38;2;54;234;195mmemory: 39.92GiB(50.26%)  [34mtps: 116  [36mtflops: 5.59  [35mmfu: 0.56%[39m
[rank0]:[titan] 2026-03-17 22:55:49,860 - root - INFO - [31mstep: 2579  [32mloss:  2.7590  [38;2;180;60;0mgrad_norm:  0.8621  [38;2;54;234;195mmemory: 39.92GiB(50.26%)  [34mtps: 117  [36mtflops: 5.63  [35mmfu: 0.57%[39m
[rank0]:[titan] 2026-03-17 22:56:07,506 - root - INFO - [31mstep: 2580  [32mloss:  2.7050  [38;2;180;60;0mgrad_norm:  0.7299  [38;2;54;234;195mmemory: 39.92GiB(50.26%)  [34mtps: 116  [36mtflops: 5.60  [35mmfu: 0.57%[39m
[rank0]:[titan] 2026-03-17 22:56:24,853 - root - INFO - [31mstep: 2581  [32mloss:  2.7701  [38;2;180;60;0mgrad_norm:  0.9261  [38;2;54;234;195mmemory: 39.92GiB(50.26%)  [34mtps: 118  [36mtflops: 5.70  [35mmfu: 0.58%[39m
[rank0]:[titan] 2026-03-17 22:56:42,241 - root - INFO - [31mstep: 2582  [32mloss:  2.8117  [38;2;180;60;0mgrad_norm:  0.9021  [38;2;54;234;195mmemory: 39.92GiB(50.26%)  [34mtps: 118  [36mtflops: 5.68  [35mmfu: 0.57%[39m
[rank0]:[titan] 2026-03-17 22:56:59,717 - root - INFO - [31mstep: 2583  [32mloss:  2.7471  [38;2;180;60;0mgrad_norm:  0.7998  [38;2;54;234;195mmemory: 39.92GiB(50.26%)  [34mtps: 117  [36mtflops: 5.65  [35mmfu: 0.57%[39m
[rank0]:[titan] 2026-03-17 22:57:16,912 - root - INFO - [31mstep: 2584  [32mloss:  2.7575  [38;2;180;60;0mgrad_norm:  0.9496  [38;2;54;234;195mmemory: 39.92GiB(50.26%)  [34mtps: 119  [36mtflops: 5.75  [35mmfu: 0.58%[39m
[rank0]:[titan] 2026-03-17 22:57:34,192 - root - INFO - [31mstep: 2585  [32mloss:  2.8089  [38;2;180;60;0mgrad_norm:  1.0417  [38;2;54;234;195mmemory: 39.92GiB(50.26%)  [34mtps: 119  [36mtflops: 5.72  [35mmfu: 0.58%[39m
[rank0]:[titan] 2026-03-17 22:57:51,940 - root - INFO - [31mstep: 2586  [32mloss:  2.7740  [38;2;180;60;0mgrad_norm:  0.8289  [38;2;54;234;195mmemory: 39.92GiB(50.26%)  [34mtps: 115  [36mtflops: 5.57  [35mmfu: 0.56%[39m
[rank0]:[titan] 2026-03-17 22:58:09,078 - root - INFO - [31mstep: 2587  [32mloss:  2.7449  [38;2;180;60;0mgrad_norm:  0.9277  [38;2;54;234;195mmemory: 39.92GiB(50.26%)  [34mtps: 120  [36mtflops: 5.77  [35mmfu: 0.58%[39m
[rank0]:[titan] 2026-03-17 22:58:26,263 - root - INFO - [31mstep: 2588  [32mloss:  2.7114  [38;2;180;60;0mgrad_norm:  0.8646  [38;2;54;234;195mmemory: 39.92GiB(50.26%)  [34mtps: 119  [36mtflops: 5.75  [35mmfu: 0.58%[39m
[rank0]:[titan] 2026-03-17 22:58:43,717 - root - INFO - [31mstep: 2589  [32mloss:  2.6951  [38;2;180;60;0mgrad_norm:  0.6496  [38;2;54;234;195mmemory: 39.92GiB(50.26%)  [34mtps: 117  [36mtflops: 5.66  [35mmfu: 0.57%[39m
[rank0]:[titan] 2026-03-17 22:59:01,056 - root - INFO - [31mstep: 2590  [32mloss:  2.7048  [38;2;180;60;0mgrad_norm:  0.8534  [38;2;54;234;195mmemory: 39.92GiB(50.26%)  [34mtps: 118  [36mtflops: 5.70  [35mmfu: 0.58%[39m
[rank0]:[titan] 2026-03-17 22:59:18,551 - root - INFO - [31mstep: 2591  [32mloss:  2.7038  [38;2;180;60;0mgrad_norm:  0.6974  [38;2;54;234;195mmemory: 39.92GiB(50.26%)  [34mtps: 117  [36mtflops: 5.65  [35mmfu: 0.57%[39m
[rank0]:[titan] 2026-03-17 22:59:35,998 - root - INFO - [31mstep: 2592  [32mloss:  2.7754  [38;2;180;60;0mgrad_norm:  0.6473  [38;2;54;234;195mmemory: 39.92GiB(50.26%)  [34mtps: 117  [36mtflops: 5.66  [35mmfu: 0.57%[39m
[rank0]:[titan] 2026-03-17 22:59:53,459 - root - INFO - [31mstep: 2593  [32mloss:  2.7065  [38;2;180;60;0mgrad_norm:  0.5902  [38;2;54;234;195mmemory: 39.92GiB(50.26%)  [34mtps: 117  [36mtflops: 5.66  [35mmfu: 0.57%[39m
[rank0]:[titan] 2026-03-17 23:00:10,622 - root - INFO - [31mstep: 2594  [32mloss:  2.7288  [38;2;180;60;0mgrad_norm:  0.4943  [38;2;54;234;195mmemory: 39.92GiB(50.26%)  [34mtps: 119  [36mtflops: 5.76  [35mmfu: 0.58%[39m
[rank0]:[titan] 2026-03-17 23:00:27,827 - root - INFO - [31mstep: 2595  [32mloss:  2.7357  [38;2;180;60;0mgrad_norm:  0.8084  [38;2;54;234;195mmemory: 39.92GiB(50.26%)  [34mtps: 119  [36mtflops: 5.74  [35mmfu: 0.58%[39m
[rank0]:[titan] 2026-03-17 23:00:45,414 - root - INFO - [31mstep: 2596  [32mloss:  2.7554  [38;2;180;60;0mgrad_norm:  0.7555  [38;2;54;234;195mmemory: 39.92GiB(50.26%)  [34mtps: 116  [36mtflops: 5.62  [35mmfu: 0.57%[39m
[rank0]:[titan] 2026-03-17 23:01:02,786 - root - INFO - [31mstep: 2597  [32mloss:  2.7128  [38;2;180;60;0mgrad_norm:  0.5304  [38;2;54;234;195mmemory: 39.92GiB(50.26%)  [34mtps: 118  [36mtflops: 5.69  [35mmfu: 0.58%[39m
[rank0]:[titan] 2026-03-17 23:01:20,281 - root - INFO - [31mstep: 2598  [32mloss:  2.7044  [38;2;180;60;0mgrad_norm:  0.7038  [38;2;54;234;195mmemory: 39.92GiB(50.26%)  [34mtps: 117  [36mtflops: 5.65  [35mmfu: 0.57%[39m
[rank0]:[titan] 2026-03-17 23:01:37,899 - root - INFO - [31mstep: 2599  [32mloss:  2.7206  [38;2;180;60;0mgrad_norm:  0.6964  [38;2;54;234;195mmemory: 39.92GiB(50.26%)  [34mtps: 116  [36mtflops: 5.61  [35mmfu: 0.57%[39m
[rank0]:[titan] 2026-03-17 23:01:55,054 - root - INFO - [31mstep: 2600  [32mloss:  2.7178  [38;2;180;60;0mgrad_norm:  0.7157  [38;2;54;234;195mmemory: 39.92GiB(50.26%)  [34mtps: 119  [36mtflops: 5.76  [35mmfu: 0.58%[39m
[rank0]:[titan] 2026-03-17 23:02:12,369 - root - INFO - [31mstep: 2601  [32mloss:  2.7200  [38;2;180;60;0mgrad_norm:  0.8355  [38;2;54;234;195mmemory: 39.92GiB(50.26%)  [34mtps: 118  [36mtflops: 5.71  [35mmfu: 0.58%[39m
[rank0]:[titan] 2026-03-17 23:02:29,756 - root - INFO - [31mstep: 2602  [32mloss:  2.7231  [38;2;180;60;0mgrad_norm:  0.7776  [38;2;54;234;195mmemory: 39.92GiB(50.26%)  [34mtps: 118  [36mtflops: 5.68  [35mmfu: 0.57%[39m
[rank0]:[titan] 2026-03-17 23:02:47,368 - root - INFO - [31mstep: 2603  [32mloss:  2.6731  [38;2;180;60;0mgrad_norm:  0.7978  [38;2;54;234;195mmemory: 39.92GiB(50.26%)  [34mtps: 116  [36mtflops: 5.61  [35mmfu: 0.57%[39m
[rank0]:[titan] 2026-03-17 23:03:05,045 - root - INFO - [31mstep: 2604  [32mloss:  2.6664  [38;2;180;60;0mgrad_norm:  0.7173  [38;2;54;234;195mmemory: 39.92GiB(50.26%)  [34mtps: 116  [36mtflops: 5.59  [35mmfu: 0.57%[39m
[rank0]:[titan] 2026-03-17 23:03:22,776 - root - INFO - [31mstep: 2605  [32mloss:  2.6824  [38;2;180;60;0mgrad_norm:  0.9055  [38;2;54;234;195mmemory: 39.92GiB(50.26%)  [34mtps: 116  [36mtflops: 5.57  [35mmfu: 0.56%[39m
[rank0]:[titan] 2026-03-17 23:03:40,308 - root - INFO - [31mstep: 2606  [32mloss:  2.7048  [38;2;180;60;0mgrad_norm:  0.8599  [38;2;54;234;195mmemory: 39.92GiB(50.26%)  [34mtps: 117  [36mtflops: 5.64  [35mmfu: 0.57%[39m
[rank0]:[titan] 2026-03-17 23:03:57,840 - root - INFO - [31mstep: 2607  [32mloss:  2.6541  [38;2;180;60;0mgrad_norm:  0.7141  [38;2;54;234;195mmemory: 39.92GiB(50.26%)  [34mtps: 117  [36mtflops: 5.64  [35mmfu: 0.57%[39m
[rank0]:[titan] 2026-03-17 23:04:15,391 - root - INFO - [31mstep: 2608  [32mloss:  2.8377  [38;2;180;60;0mgrad_norm:  0.9412  [38;2;54;234;195mmemory: 39.92GiB(50.26%)  [34mtps: 117  [36mtflops: 5.63  [35mmfu: 0.57%[39m
[rank0]:[titan] 2026-03-17 23:04:32,773 - root - INFO - [31mstep: 2609  [32mloss:  2.8260  [38;2;180;60;0mgrad_norm:  0.8098  [38;2;54;234;195mmemory: 39.92GiB(50.26%)  [34mtps: 118  [36mtflops: 5.69  [35mmfu: 0.57%[39m
[rank0]:[titan] 2026-03-17 23:04:50,345 - root - INFO - [31mstep: 2610  [32mloss:  2.7169  [38;2;180;60;0mgrad_norm:  0.8059  [38;2;54;234;195mmemory: 39.92GiB(50.26%)  [34mtps: 117  [36mtflops: 5.62  [35mmfu: 0.57%[39m
[rank0]:[titan] 2026-03-17 23:05:07,990 - root - INFO - [31mstep: 2611  [32mloss:  2.6933  [38;2;180;60;0mgrad_norm:  0.7969  [38;2;54;234;195mmemory: 39.92GiB(50.26%)  [34mtps: 116  [36mtflops: 5.60  [35mmfu: 0.57%[39m
[rank0]:[titan] 2026-03-17 23:05:25,373 - root - INFO - [31mstep: 2612  [32mloss:  2.6935  [38;2;180;60;0mgrad_norm:  1.0017  [38;2;54;234;195mmemory: 39.92GiB(50.26%)  [34mtps: 118  [36mtflops: 5.69  [35mmfu: 0.57%[39m
[rank0]:[titan] 2026-03-17 23:05:42,893 - root - INFO - [31mstep: 2613  [32mloss:  2.7263  [38;2;180;60;0mgrad_norm:  0.7685  [38;2;54;234;195mmemory: 39.92GiB(50.26%)  [34mtps: 117  [36mtflops: 5.64  [35mmfu: 0.57%[39m
[rank0]:[titan] 2026-03-17 23:06:00,334 - root - INFO - [31mstep: 2614  [32mloss:  2.7378  [38;2;180;60;0mgrad_norm:  0.6405  [38;2;54;234;195mmemory: 39.92GiB(50.26%)  [34mtps: 117  [36mtflops: 5.67  [35mmfu: 0.57%[39m
[rank0]:[titan] 2026-03-17 23:06:17,636 - root - INFO - [31mstep: 2615  [32mloss:  2.7282  [38;2;180;60;0mgrad_norm:  0.8513  [38;2;54;234;195mmemory: 39.92GiB(50.26%)  [34mtps: 118  [36mtflops: 5.71  [35mmfu: 0.58%[39m
[rank0]:[titan] 2026-03-17 23:06:35,137 - root - INFO - [31mstep: 2616  [32mloss:  2.7375  [38;2;180;60;0mgrad_norm:  0.8691  [38;2;54;234;195mmemory: 39.92GiB(50.26%)  [34mtps: 117  [36mtflops: 5.65  [35mmfu: 0.57%[39m
[rank0]:[titan] 2026-03-17 23:06:52,532 - root - INFO - [31mstep: 2617  [32mloss:  2.7131  [38;2;180;60;0mgrad_norm:  0.8132  [38;2;54;234;195mmemory: 39.92GiB(50.26%)  [34mtps: 118  [36mtflops: 5.68  [35mmfu: 0.57%[39m
[rank0]:[titan] 2026-03-17 23:07:09,995 - root - INFO - [31mstep: 2618  [32mloss:  2.7713  [38;2;180;60;0mgrad_norm:  1.1119  [38;2;54;234;195mmemory: 39.92GiB(50.26%)  [34mtps: 117  [36mtflops: 5.66  [35mmfu: 0.57%[39m
[rank0]:[titan] 2026-03-17 23:07:27,497 - root - INFO - [31mstep: 2619  [32mloss:  2.7514  [38;2;180;60;0mgrad_norm:  1.1957  [38;2;54;234;195mmemory: 39.92GiB(50.26%)  [34mtps: 117  [36mtflops: 5.65  [35mmfu: 0.57%[39m
[rank0]:[titan] 2026-03-17 23:07:45,241 - root - INFO - [31mstep: 2620  [32mloss:  2.7695  [38;2;180;60;0mgrad_norm:  0.8138  [38;2;54;234;195mmemory: 39.92GiB(50.26%)  [34mtps: 115  [36mtflops: 5.57  [35mmfu: 0.56%[39m
[rank0]:[titan] 2026-03-17 23:08:02,860 - root - INFO - [31mstep: 2621  [32mloss:  2.7938  [38;2;180;60;0mgrad_norm:  1.0121  [38;2;54;234;195mmemory: 39.92GiB(50.26%)  [34mtps: 116  [36mtflops: 5.61  [35mmfu: 0.57%[39m
[rank0]:[titan] 2026-03-17 23:08:20,315 - root - INFO - [31mstep: 2622  [32mloss:  2.7803  [38;2;180;60;0mgrad_norm:  1.3086  [38;2;54;234;195mmemory: 39.92GiB(50.26%)  [34mtps: 117  [36mtflops: 5.66  [35mmfu: 0.57%[39m
[rank0]:[titan] 2026-03-17 23:08:37,809 - root - INFO - [31mstep: 2623  [32mloss:  2.7225  [38;2;180;60;0mgrad_norm:  3.1364  [38;2;54;234;195mmemory: 39.92GiB(50.26%)  [34mtps: 117  [36mtflops: 5.65  [35mmfu: 0.57%[39m
[rank0]:[titan] 2026-03-17 23:08:55,332 - root - INFO - [31mstep: 2624  [32mloss:  2.8016  [38;2;180;60;0mgrad_norm:  1.0053  [38;2;54;234;195mmemory: 39.92GiB(50.26%)  [34mtps: 117  [36mtflops: 5.64  [35mmfu: 0.57%[39m
[rank0]:[titan] 2026-03-17 23:09:12,724 - root - INFO - [31mstep: 2625  [32mloss:  2.7458  [38;2;180;60;0mgrad_norm:  0.7965  [38;2;54;234;195mmemory: 39.92GiB(50.26%)  [34mtps: 118  [36mtflops: 5.68  [35mmfu: 0.57%[39m
[rank0]:[titan] 2026-03-17 23:09:30,115 - root - INFO - [31mstep: 2626  [32mloss:  2.7505  [38;2;180;60;0mgrad_norm:  1.0146  [38;2;54;234;195mmemory: 39.92GiB(50.26%)  [34mtps: 118  [36mtflops: 5.68  [35mmfu: 0.57%[39m
[rank0]:[titan] 2026-03-17 23:09:47,521 - root - INFO - [31mstep: 2627  [32mloss:  2.7230  [38;2;180;60;0mgrad_norm:  5.8891  [38;2;54;234;195mmemory: 39.92GiB(50.26%)  [34mtps: 118  [36mtflops: 5.68  [35mmfu: 0.57%[39m
[rank0]:[titan] 2026-03-17 23:10:04,964 - root - INFO - [31mstep: 2628  [32mloss:  2.7495  [38;2;180;60;0mgrad_norm:  1.2810  [38;2;54;234;195mmemory: 39.92GiB(50.26%)  [34mtps: 117  [36mtflops: 5.67  [35mmfu: 0.57%[39m
[rank0]:[titan] 2026-03-17 23:10:22,354 - root - INFO - [31mstep: 2629  [32mloss:  2.7252  [38;2;180;60;0mgrad_norm:  1.3615  [38;2;54;234;195mmemory: 39.92GiB(50.26%)  [34mtps: 118  [36mtflops: 5.68  [35mmfu: 0.57%[39m
[rank0]:[titan] 2026-03-17 23:10:39,586 - root - INFO - [31mstep: 2630  [32mloss:  2.7972  [38;2;180;60;0mgrad_norm:  1.1635  [38;2;54;234;195mmemory: 39.92GiB(50.26%)  [34mtps: 119  [36mtflops: 5.73  [35mmfu: 0.58%[39m
[rank0]:[titan] 2026-03-17 23:10:56,757 - root - INFO - [31mstep: 2631  [32mloss:  2.7551  [38;2;180;60;0mgrad_norm:  3.5088  [38;2;54;234;195mmemory: 39.92GiB(50.26%)  [34mtps: 119  [36mtflops: 5.75  [35mmfu: 0.58%[39m
[rank0]:[titan] 2026-03-17 23:11:14,024 - root - INFO - [31mstep: 2632  [32mloss:  2.7568  [38;2;180;60;0mgrad_norm:  1.6329  [38;2;54;234;195mmemory: 39.92GiB(50.26%)  [34mtps: 119  [36mtflops: 5.72  [35mmfu: 0.58%[39m
[rank0]:[titan] 2026-03-17 23:11:31,366 - root - INFO - [31mstep: 2633  [32mloss:  2.7686  [38;2;180;60;0mgrad_norm:  1.2254  [38;2;54;234;195mmemory: 39.92GiB(50.26%)  [34mtps: 118  [36mtflops: 5.70  [35mmfu: 0.58%[39m
[rank0]:[titan] 2026-03-17 23:11:48,720 - root - INFO - [31mstep: 2634  [32mloss:  2.7427  [38;2;180;60;0mgrad_norm:  1.1432  [38;2;54;234;195mmemory: 39.92GiB(50.26%)  [34mtps: 118  [36mtflops: 5.69  [35mmfu: 0.58%[39m
[rank0]:[titan] 2026-03-17 23:12:06,391 - root - INFO - [31mstep: 2635  [32mloss:  2.7389  [38;2;180;60;0mgrad_norm:  0.9886  [38;2;54;234;195mmemory: 39.92GiB(50.26%)  [34mtps: 116  [36mtflops: 5.59  [35mmfu: 0.57%[39m
[rank0]:[titan] 2026-03-17 23:12:23,620 - root - INFO - [31mstep: 2636  [32mloss:  2.7522  [38;2;180;60;0mgrad_norm:  1.2062  [38;2;54;234;195mmemory: 39.92GiB(50.26%)  [34mtps: 119  [36mtflops: 5.74  [35mmfu: 0.58%[39m
[rank0]:[titan] 2026-03-17 23:12:41,152 - root - INFO - [31mstep: 2637  [32mloss:  2.7821  [38;2;180;60;0mgrad_norm:  0.9888  [38;2;54;234;195mmemory: 39.92GiB(50.26%)  [34mtps: 117  [36mtflops: 5.64  [35mmfu: 0.57%[39m
[rank0]:[titan] 2026-03-17 23:12:58,517 - root - INFO - [31mstep: 2638  [32mloss:  2.7298  [38;2;180;60;0mgrad_norm:  1.7194  [38;2;54;234;195mmemory: 39.92GiB(50.26%)  [34mtps: 118  [36mtflops: 5.69  [35mmfu: 0.58%[39m
[rank0]:[titan] 2026-03-17 23:13:16,176 - root - INFO - [31mstep: 2639  [32mloss:  2.7363  [38;2;180;60;0mgrad_norm:  1.2393  [38;2;54;234;195mmemory: 39.92GiB(50.26%)  [34mtps: 116  [36mtflops: 5.60  [35mmfu: 0.57%[39m
[rank0]:[titan] 2026-03-17 23:13:33,644 - root - INFO - [31mstep: 2640  [32mloss:  2.7226  [38;2;180;60;0mgrad_norm:  1.1155  [38;2;54;234;195mmemory: 39.92GiB(50.26%)  [34mtps: 117  [36mtflops: 5.66  [35mmfu: 0.57%[39m
[rank0]:[titan] 2026-03-17 23:13:51,241 - root - INFO - [31mstep: 2641  [32mloss:  2.7752  [38;2;180;60;0mgrad_norm:  0.9335  [38;2;54;234;195mmemory: 39.92GiB(50.26%)  [34mtps: 116  [36mtflops: 5.62  [35mmfu: 0.57%[39m
[rank0]:[titan] 2026-03-17 23:14:08,340 - root - INFO - [31mstep: 2642  [32mloss:  2.7075  [38;2;180;60;0mgrad_norm:  0.9757  [38;2;54;234;195mmemory: 39.92GiB(50.26%)  [34mtps: 120  [36mtflops: 5.78  [35mmfu: 0.58%[39m
[rank0]:[titan] 2026-03-17 23:14:25,679 - root - INFO - [31mstep: 2643  [32mloss:  2.7589  [38;2;180;60;0mgrad_norm:  1.0314  [38;2;54;234;195mmemory: 39.92GiB(50.26%)  [34mtps: 118  [36mtflops: 5.70  [35mmfu: 0.58%[39m
[rank0]:[titan] 2026-03-17 23:14:43,356 - root - INFO - [31mstep: 2644  [32mloss:  2.7912  [38;2;180;60;0mgrad_norm:  0.9745  [38;2;54;234;195mmemory: 39.92GiB(50.26%)  [34mtps: 116  [36mtflops: 5.59  [35mmfu: 0.57%[39m
[rank0]:[titan] 2026-03-17 23:15:00,557 - root - INFO - [31mstep: 2645  [32mloss:  2.7641  [38;2;180;60;0mgrad_norm:  1.1971  [38;2;54;234;195mmemory: 39.92GiB(50.26%)  [34mtps: 119  [36mtflops: 5.75  [35mmfu: 0.58%[39m
[rank0]:[titan] 2026-03-17 23:15:18,066 - root - INFO - [31mstep: 2646  [32mloss:  2.7864  [38;2;180;60;0mgrad_norm:  1.0571  [38;2;54;234;195mmemory: 39.92GiB(50.26%)  [34mtps: 117  [36mtflops: 5.64  [35mmfu: 0.57%[39m
[rank0]:[titan] 2026-03-17 23:15:35,769 - root - INFO - [31mstep: 2647  [32mloss:  2.7399  [38;2;180;60;0mgrad_norm:  0.9711  [38;2;54;234;195mmemory: 39.92GiB(50.26%)  [34mtps: 116  [36mtflops: 5.58  [35mmfu: 0.56%[39m
[rank0]:[titan] 2026-03-17 23:15:53,175 - root - INFO - [31mstep: 2648  [32mloss:  2.7179  [38;2;180;60;0mgrad_norm:  0.6805  [38;2;54;234;195mmemory: 39.92GiB(50.26%)  [34mtps: 118  [36mtflops: 5.68  [35mmfu: 0.57%[39m
[rank0]:[titan] 2026-03-17 23:16:10,367 - root - INFO - [31mstep: 2649  [32mloss:  2.7495  [38;2;180;60;0mgrad_norm:  1.2619  [38;2;54;234;195mmemory: 39.92GiB(50.26%)  [34mtps: 119  [36mtflops: 5.75  [35mmfu: 0.58%[39m
[rank0]:[titan] 2026-03-17 23:16:27,772 - root - INFO - [31mstep: 2650  [32mloss:  2.8277  [38;2;180;60;0mgrad_norm:  1.0457  [38;2;54;234;195mmemory: 39.92GiB(50.26%)  [34mtps: 118  [36mtflops: 5.68  [35mmfu: 0.57%[39m
[rank0]:[titan] 2026-03-17 23:16:45,147 - root - INFO - [31mstep: 2651  [32mloss:  2.7335  [38;2;180;60;0mgrad_norm:  0.8302  [38;2;54;234;195mmemory: 39.92GiB(50.26%)  [34mtps: 118  [36mtflops: 5.69  [35mmfu: 0.58%[39m
[rank0]:[titan] 2026-03-17 23:17:02,348 - root - INFO - [31mstep: 2652  [32mloss:  2.7650  [38;2;180;60;0mgrad_norm:  0.7583  [38;2;54;234;195mmemory: 39.92GiB(50.26%)  [34mtps: 119  [36mtflops: 5.75  [35mmfu: 0.58%[39m
[rank0]:[titan] 2026-03-17 23:17:19,888 - root - INFO - [31mstep: 2653  [32mloss:  2.7545  [38;2;180;60;0mgrad_norm:  0.7412  [38;2;54;234;195mmemory: 39.92GiB(50.26%)  [34mtps: 117  [36mtflops: 5.63  [35mmfu: 0.57%[39m
[rank0]:[titan] 2026-03-17 23:17:37,519 - root - INFO - [31mstep: 2654  [32mloss:  2.7416  [38;2;180;60;0mgrad_norm:  0.7742  [38;2;54;234;195mmemory: 39.92GiB(50.26%)  [34mtps: 116  [36mtflops: 5.60  [35mmfu: 0.57%[39m
[rank0]:[titan] 2026-03-17 23:17:54,652 - root - INFO - [31mstep: 2655  [32mloss:  2.7322  [38;2;180;60;0mgrad_norm:  0.8176  [38;2;54;234;195mmemory: 39.92GiB(50.26%)  [34mtps: 120  [36mtflops: 5.77  [35mmfu: 0.58%[39m
[rank0]:[titan] 2026-03-17 23:18:12,017 - root - INFO - [31mstep: 2656  [32mloss:  2.6813  [38;2;180;60;0mgrad_norm:  0.8882  [38;2;54;234;195mmemory: 39.92GiB(50.26%)  [34mtps: 118  [36mtflops: 5.69  [35mmfu: 0.58%[39m
[rank0]:[titan] 2026-03-17 23:18:29,472 - root - INFO - [31mstep: 2657  [32mloss:  2.7238  [38;2;180;60;0mgrad_norm:  0.7521  [38;2;54;234;195mmemory: 39.92GiB(50.26%)  [34mtps: 117  [36mtflops: 5.66  [35mmfu: 0.57%[39m
[rank0]:[titan] 2026-03-17 23:18:46,821 - root - INFO - [31mstep: 2658  [32mloss:  2.7138  [38;2;180;60;0mgrad_norm:  0.8434  [38;2;54;234;195mmemory: 39.92GiB(50.26%)  [34mtps: 118  [36mtflops: 5.70  [35mmfu: 0.58%[39m
[rank0]:[titan] 2026-03-17 23:19:04,275 - root - INFO - [31mstep: 2659  [32mloss:  2.6791  [38;2;180;60;0mgrad_norm:  0.9382  [38;2;54;234;195mmemory: 39.92GiB(50.26%)  [34mtps: 117  [36mtflops: 5.66  [35mmfu: 0.57%[39m
[rank0]:[titan] 2026-03-17 23:19:21,823 - root - INFO - [31mstep: 2660  [32mloss:  2.7297  [38;2;180;60;0mgrad_norm:  0.9569  [38;2;54;234;195mmemory: 39.92GiB(50.26%)  [34mtps: 117  [36mtflops: 5.63  [35mmfu: 0.57%[39m
[rank0]:[titan] 2026-03-17 23:19:39,102 - root - INFO - [31mstep: 2661  [32mloss:  2.6606  [38;2;180;60;0mgrad_norm:  0.8737  [38;2;54;234;195mmemory: 39.92GiB(50.26%)  [34mtps: 119  [36mtflops: 5.72  [35mmfu: 0.58%[39m
[rank0]:[titan] 2026-03-17 23:19:56,189 - root - INFO - [31mstep: 2662  [32mloss:  2.7415  [38;2;180;60;0mgrad_norm:  0.8529  [38;2;54;234;195mmemory: 39.92GiB(50.26%)  [34mtps: 120  [36mtflops: 5.78  [35mmfu: 0.58%[39m
[rank0]:[titan] 2026-03-17 23:20:13,437 - root - INFO - [31mstep: 2663  [32mloss:  2.7437  [38;2;180;60;0mgrad_norm:  0.8832  [38;2;54;234;195mmemory: 39.92GiB(50.26%)  [34mtps: 119  [36mtflops: 5.73  [35mmfu: 0.58%[39m
[rank0]:[titan] 2026-03-17 23:20:30,776 - root - INFO - [31mstep: 2664  [32mloss:  2.7914  [38;2;180;60;0mgrad_norm:  0.7827  [38;2;54;234;195mmemory: 39.92GiB(50.26%)  [34mtps: 118  [36mtflops: 5.70  [35mmfu: 0.58%[39m
[rank0]:[titan] 2026-03-17 23:20:47,999 - root - INFO - [31mstep: 2665  [32mloss:  2.7105  [38;2;180;60;0mgrad_norm:  0.7764  [38;2;54;234;195mmemory: 39.92GiB(50.26%)  [34mtps: 119  [36mtflops: 5.74  [35mmfu: 0.58%[39m
[rank0]:[titan] 2026-03-17 23:21:05,466 - root - INFO - [31mstep: 2666  [32mloss:  2.7000  [38;2;180;60;0mgrad_norm:  0.7753  [38;2;54;234;195mmemory: 39.92GiB(50.26%)  [34mtps: 117  [36mtflops: 5.66  [35mmfu: 0.57%[39m
[rank0]:[titan] 2026-03-17 23:21:23,032 - root - INFO - [31mstep: 2667  [32mloss:  2.6836  [38;2;180;60;0mgrad_norm:  0.6381  [38;2;54;234;195mmemory: 39.92GiB(50.26%)  [34mtps: 117  [36mtflops: 5.63  [35mmfu: 0.57%[39m
[rank0]:[titan] 2026-03-17 23:21:40,280 - root - INFO - [31mstep: 2668  [32mloss:  2.6885  [38;2;180;60;0mgrad_norm:  0.5697  [38;2;54;234;195mmemory: 39.92GiB(50.26%)  [34mtps: 119  [36mtflops: 5.73  [35mmfu: 0.58%[39m
[rank0]:[titan] 2026-03-17 23:21:57,437 - root - INFO - [31mstep: 2669  [32mloss:  2.6730  [38;2;180;60;0mgrad_norm:  0.7756  [38;2;54;234;195mmemory: 39.92GiB(50.26%)  [34mtps: 119  [36mtflops: 5.76  [35mmfu: 0.58%[39m
[rank0]:[titan] 2026-03-17 23:22:14,109 - root - INFO - [31mstep: 2670  [32mloss:  2.6664  [38;2;180;60;0mgrad_norm:  0.6953  [38;2;54;234;195mmemory: 39.92GiB(50.26%)  [34mtps: 123  [36mtflops: 5.93  [35mmfu: 0.60%[39m
[rank0]:[titan] 2026-03-17 23:22:31,829 - root - INFO - [31mstep: 2671  [32mloss:  2.7043  [38;2;180;60;0mgrad_norm:  0.7539  [38;2;54;234;195mmemory: 39.92GiB(50.26%)  [34mtps: 116  [36mtflops: 5.58  [35mmfu: 0.56%[39m
[rank0]:[titan] 2026-03-17 23:22:49,479 - root - INFO - [31mstep: 2672  [32mloss:  2.6555  [38;2;180;60;0mgrad_norm:  0.7910  [38;2;54;234;195mmemory: 39.92GiB(50.26%)  [34mtps: 116  [36mtflops: 5.60  [35mmfu: 0.57%[39m
[rank0]:[titan] 2026-03-17 23:23:07,159 - root - INFO - [31mstep: 2673  [32mloss:  2.6592  [38;2;180;60;0mgrad_norm:  0.5794  [38;2;54;234;195mmemory: 39.92GiB(50.26%)  [34mtps: 116  [36mtflops: 5.59  [35mmfu: 0.57%[39m
[rank0]:[titan] 2026-03-17 23:23:24,587 - root - INFO - [31mstep: 2674  [32mloss:  2.7201  [38;2;180;60;0mgrad_norm:  0.7901  [38;2;54;234;195mmemory: 39.92GiB(50.26%)  [34mtps: 118  [36mtflops: 5.67  [35mmfu: 0.57%[39m
[rank0]:[titan] 2026-03-17 23:23:41,985 - root - INFO - [31mstep: 2675  [32mloss:  2.6976  [38;2;180;60;0mgrad_norm:  0.9451  [38;2;54;234;195mmemory: 39.92GiB(50.26%)  [34mtps: 118  [36mtflops: 5.68  [35mmfu: 0.57%[39m
[rank0]:[titan] 2026-03-17 23:23:59,160 - root - INFO - [31mstep: 2676  [32mloss:  2.6880  [38;2;180;60;0mgrad_norm:  0.6326  [38;2;54;234;195mmemory: 39.92GiB(50.26%)  [34mtps: 119  [36mtflops: 5.75  [35mmfu: 0.58%[39m
[rank0]:[titan] 2026-03-17 23:24:16,362 - root - INFO - [31mstep: 2677  [32mloss:  2.6501  [38;2;180;60;0mgrad_norm:  0.6565  [38;2;54;234;195mmemory: 39.92GiB(50.26%)  [34mtps: 119  [36mtflops: 5.74  [35mmfu: 0.58%[39m
[rank0]:[titan] 2026-03-17 23:24:33,858 - root - INFO - [31mstep: 2678  [32mloss:  2.6489  [38;2;180;60;0mgrad_norm:  0.5750  [38;2;54;234;195mmemory: 39.92GiB(50.26%)  [34mtps: 117  [36mtflops: 5.65  [35mmfu: 0.57%[39m
[rank0]:[titan] 2026-03-17 23:24:51,293 - root - INFO - [31mstep: 2679  [32mloss:  2.6277  [38;2;180;60;0mgrad_norm:  0.7640  [38;2;54;234;195mmemory: 39.92GiB(50.26%)  [34mtps: 117  [36mtflops: 5.67  [35mmfu: 0.57%[39m
[rank0]:[titan] 2026-03-17 23:25:08,475 - root - INFO - [31mstep: 2680  [32mloss:  2.6535  [38;2;180;60;0mgrad_norm:  0.7090  [38;2;54;234;195mmemory: 39.92GiB(50.26%)  [34mtps: 119  [36mtflops: 5.75  [35mmfu: 0.58%[39m
[rank0]:[titan] 2026-03-17 23:25:25,884 - root - INFO - [31mstep: 2681  [32mloss:  2.6733  [38;2;180;60;0mgrad_norm:  0.6097  [38;2;54;234;195mmemory: 39.92GiB(50.26%)  [34mtps: 118  [36mtflops: 5.68  [35mmfu: 0.57%[39m
[rank0]:[titan] 2026-03-17 23:25:43,160 - root - INFO - [31mstep: 2682  [32mloss:  2.6833  [38;2;180;60;0mgrad_norm:  0.5898  [38;2;54;234;195mmemory: 39.92GiB(50.26%)  [34mtps: 119  [36mtflops: 5.72  [35mmfu: 0.58%[39m
[rank0]:[titan] 2026-03-17 23:26:00,587 - root - INFO - [31mstep: 2683  [32mloss:  2.6411  [38;2;180;60;0mgrad_norm:  0.7946  [38;2;54;234;195mmemory: 39.92GiB(50.26%)  [34mtps: 118  [36mtflops: 5.67  [35mmfu: 0.57%[39m
[rank0]:[titan] 2026-03-17 23:26:17,983 - root - INFO - [31mstep: 2684  [32mloss:  2.6824  [38;2;180;60;0mgrad_norm:  0.7853  [38;2;54;234;195mmemory: 39.92GiB(50.26%)  [34mtps: 118  [36mtflops: 5.68  [35mmfu: 0.57%[39m
[rank0]:[titan] 2026-03-17 23:26:35,245 - root - INFO - [31mstep: 2685  [32mloss:  2.6815  [38;2;180;60;0mgrad_norm:  0.4553  [38;2;54;234;195mmemory: 39.92GiB(50.26%)  [34mtps: 119  [36mtflops: 5.72  [35mmfu: 0.58%[39m
[rank0]:[titan] 2026-03-17 23:26:52,493 - root - INFO - [31mstep: 2686  [32mloss:  2.7198  [38;2;180;60;0mgrad_norm:  0.5887  [38;2;54;234;195mmemory: 39.92GiB(50.26%)  [34mtps: 119  [36mtflops: 5.73  [35mmfu: 0.58%[39m
[rank0]:[titan] 2026-03-17 23:27:10,003 - root - INFO - [31mstep: 2687  [32mloss:  2.7102  [38;2;180;60;0mgrad_norm:  0.8394  [38;2;54;234;195mmemory: 39.92GiB(50.26%)  [34mtps: 117  [36mtflops: 5.64  [35mmfu: 0.57%[39m
[rank0]:[titan] 2026-03-17 23:27:27,496 - root - INFO - [31mstep: 2688  [32mloss:  2.7474  [38;2;180;60;0mgrad_norm:  0.7134  [38;2;54;234;195mmemory: 39.92GiB(50.26%)  [34mtps: 117  [36mtflops: 5.65  [35mmfu: 0.57%[39m
[rank0]:[titan] 2026-03-17 23:27:44,926 - root - INFO - [31mstep: 2689  [32mloss:  2.7276  [38;2;180;60;0mgrad_norm:  0.6220  [38;2;54;234;195mmemory: 39.92GiB(50.26%)  [34mtps: 118  [36mtflops: 5.67  [35mmfu: 0.57%[39m
[rank0]:[titan] 2026-03-17 23:28:02,383 - root - INFO - [31mstep: 2690  [32mloss:  2.6762  [38;2;180;60;0mgrad_norm:  0.6906  [38;2;54;234;195mmemory: 39.92GiB(50.26%)  [34mtps: 117  [36mtflops: 5.66  [35mmfu: 0.57%[39m
[rank0]:[titan] 2026-03-17 23:28:19,339 - root - INFO - [31mstep: 2691  [32mloss:  2.6648  [38;2;180;60;0mgrad_norm:  0.9168  [38;2;54;234;195mmemory: 39.92GiB(50.26%)  [34mtps: 121  [36mtflops: 5.83  [35mmfu: 0.59%[39m
[rank0]:[titan] 2026-03-17 23:28:36,585 - root - INFO - [31mstep: 2692  [32mloss:  2.6487  [38;2;180;60;0mgrad_norm:  0.7485  [38;2;54;234;195mmemory: 39.92GiB(50.26%)  [34mtps: 119  [36mtflops: 5.73  [35mmfu: 0.58%[39m
[rank0]:[titan] 2026-03-17 23:28:54,277 - root - INFO - [31mstep: 2693  [32mloss:  2.6665  [38;2;180;60;0mgrad_norm:  0.8001  [38;2;54;234;195mmemory: 39.92GiB(50.26%)  [34mtps: 116  [36mtflops: 5.59  [35mmfu: 0.56%[39m
[rank0]:[titan] 2026-03-17 23:29:11,884 - root - INFO - [31mstep: 2694  [32mloss:  2.6868  [38;2;180;60;0mgrad_norm:  0.7532  [38;2;54;234;195mmemory: 39.92GiB(50.26%)  [34mtps: 116  [36mtflops: 5.61  [35mmfu: 0.57%[39m
[rank0]:[titan] 2026-03-17 23:29:29,688 - root - INFO - [31mstep: 2695  [32mloss:  2.7284  [38;2;180;60;0mgrad_norm:  0.8914  [38;2;54;234;195mmemory: 39.92GiB(50.26%)  [34mtps: 115  [36mtflops: 5.55  [35mmfu: 0.56%[39m
[rank0]:[titan] 2026-03-17 23:29:47,212 - root - INFO - [31mstep: 2696  [32mloss:  2.7237  [38;2;180;60;0mgrad_norm:  0.8091  [38;2;54;234;195mmemory: 39.92GiB(50.26%)  [34mtps: 117  [36mtflops: 5.64  [35mmfu: 0.57%[39m
[rank0]:[titan] 2026-03-17 23:30:04,619 - root - INFO - [31mstep: 2697  [32mloss:  2.6468  [38;2;180;60;0mgrad_norm:  0.8229  [38;2;54;234;195mmemory: 39.92GiB(50.26%)  [34mtps: 118  [36mtflops: 5.68  [35mmfu: 0.57%[39m
[rank0]:[titan] 2026-03-17 23:30:21,972 - root - INFO - [31mstep: 2698  [32mloss:  2.6726  [38;2;180;60;0mgrad_norm:  0.8576  [38;2;54;234;195mmemory: 39.92GiB(50.26%)  [34mtps: 118  [36mtflops: 5.69  [35mmfu: 0.58%[39m
[rank0]:[titan] 2026-03-17 23:30:39,519 - root - INFO - [31mstep: 2699  [32mloss:  2.7215  [38;2;180;60;0mgrad_norm:  0.6095  [38;2;54;234;195mmemory: 39.92GiB(50.26%)  [34mtps: 117  [36mtflops: 5.63  [35mmfu: 0.57%[39m
[rank0]:[titan] 2026-03-17 23:30:56,700 - root - INFO - [31mstep: 2700  [32mloss:  2.6791  [38;2;180;60;0mgrad_norm:  0.6693  [38;2;54;234;195mmemory: 39.92GiB(50.26%)  [34mtps: 119  [36mtflops: 5.75  [35mmfu: 0.58%[39m
[rank0]:[titan] 2026-03-17 23:31:14,065 - root - INFO - [31mstep: 2701  [32mloss:  2.6752  [38;2;180;60;0mgrad_norm:  0.8400  [38;2;54;234;195mmemory: 39.92GiB(50.26%)  [34mtps: 118  [36mtflops: 5.69  [35mmfu: 0.58%[39m
[rank0]:[titan] 2026-03-17 23:31:31,359 - root - INFO - [31mstep: 2702  [32mloss:  2.6990  [38;2;180;60;0mgrad_norm:  0.7782  [38;2;54;234;195mmemory: 39.92GiB(50.26%)  [34mtps: 118  [36mtflops: 5.71  [35mmfu: 0.58%[39m
[rank0]:[titan] 2026-03-17 23:31:47,785 - root - INFO - [31mstep: 2703  [32mloss:  2.6745  [38;2;180;60;0mgrad_norm:  0.7751  [38;2;54;234;195mmemory: 39.92GiB(50.26%)  [34mtps: 125  [36mtflops: 6.02  [35mmfu: 0.61%[39m
[rank0]:[titan] 2026-03-17 23:32:05,357 - root - INFO - [31mstep: 2704  [32mloss:  2.7046  [38;2;180;60;0mgrad_norm:  0.8306  [38;2;54;234;195mmemory: 39.92GiB(50.26%)  [34mtps: 117  [36mtflops: 5.62  [35mmfu: 0.57%[39m
[rank0]:[titan] 2026-03-17 23:32:23,016 - root - INFO - [31mstep: 2705  [32mloss:  2.6984  [38;2;180;60;0mgrad_norm:  0.8654  [38;2;54;234;195mmemory: 39.92GiB(50.26%)  [34mtps: 116  [36mtflops: 5.60  [35mmfu: 0.57%[39m
[rank0]:[titan] 2026-03-17 23:32:40,248 - root - INFO - [31mstep: 2706  [32mloss:  2.7067  [38;2;180;60;0mgrad_norm:  0.7275  [38;2;54;234;195mmemory: 39.92GiB(50.26%)  [34mtps: 119  [36mtflops: 5.73  [35mmfu: 0.58%[39m
[rank0]:[titan] 2026-03-17 23:32:57,657 - root - INFO - [31mstep: 2707  [32mloss:  2.7618  [38;2;180;60;0mgrad_norm:  0.8418  [38;2;54;234;195mmemory: 39.92GiB(50.26%)  [34mtps: 118  [36mtflops: 5.68  [35mmfu: 0.57%[39m
[rank0]:[titan] 2026-03-17 23:33:15,099 - root - INFO - [31mstep: 2708  [32mloss:  2.7428  [38;2;180;60;0mgrad_norm:  1.0548  [38;2;54;234;195mmemory: 39.92GiB(50.26%)  [34mtps: 117  [36mtflops: 5.67  [35mmfu: 0.57%[39m
[rank0]:[titan] 2026-03-17 23:33:32,656 - root - INFO - [31mstep: 2709  [32mloss:  2.6931  [38;2;180;60;0mgrad_norm:  0.6496  [38;2;54;234;195mmemory: 39.92GiB(50.26%)  [34mtps: 117  [36mtflops: 5.63  [35mmfu: 0.57%[39m
[rank0]:[titan] 2026-03-17 23:33:50,058 - root - INFO - [31mstep: 2710  [32mloss:  2.7387  [38;2;180;60;0mgrad_norm:  0.7895  [38;2;54;234;195mmemory: 39.92GiB(50.26%)  [34mtps: 118  [36mtflops: 5.68  [35mmfu: 0.57%[39m
[rank0]:[titan] 2026-03-17 23:34:07,546 - root - INFO - [31mstep: 2711  [32mloss:  2.7095  [38;2;180;60;0mgrad_norm:  0.8123  [38;2;54;234;195mmemory: 39.92GiB(50.26%)  [34mtps: 117  [36mtflops: 5.65  [35mmfu: 0.57%[39m
[rank0]:[titan] 2026-03-17 23:34:24,913 - root - INFO - [31mstep: 2712  [32mloss:  2.6808  [38;2;180;60;0mgrad_norm:  0.6686  [38;2;54;234;195mmemory: 39.92GiB(50.26%)  [34mtps: 118  [36mtflops: 5.69  [35mmfu: 0.58%[39m
[rank0]:[titan] 2026-03-17 23:34:41,975 - root - INFO - [31mstep: 2713  [32mloss:  2.6862  [38;2;180;60;0mgrad_norm:  1.2780  [38;2;54;234;195mmemory: 39.92GiB(50.26%)  [34mtps: 120  [36mtflops: 5.79  [35mmfu: 0.59%[39m
[rank0]:[titan] 2026-03-17 23:34:59,571 - root - INFO - [31mstep: 2714  [32mloss:  2.7258  [38;2;180;60;0mgrad_norm:  1.0326  [38;2;54;234;195mmemory: 39.92GiB(50.26%)  [34mtps: 116  [36mtflops: 5.62  [35mmfu: 0.57%[39m
[rank0]:[titan] 2026-03-17 23:35:16,849 - root - INFO - [31mstep: 2715  [32mloss:  2.7360  [38;2;180;60;0mgrad_norm:  0.8225  [38;2;54;234;195mmemory: 39.92GiB(50.26%)  [34mtps: 119  [36mtflops: 5.72  [35mmfu: 0.58%[39m
[rank0]:[titan] 2026-03-17 23:35:34,367 - root - INFO - [31mstep: 2716  [32mloss:  2.7212  [38;2;180;60;0mgrad_norm:  0.7772  [38;2;54;234;195mmemory: 39.92GiB(50.26%)  [34mtps: 117  [36mtflops: 5.64  [35mmfu: 0.57%[39m
[rank0]:[titan] 2026-03-17 23:35:51,856 - root - INFO - [31mstep: 2717  [32mloss:  2.6772  [38;2;180;60;0mgrad_norm:  0.6974  [38;2;54;234;195mmemory: 39.92GiB(50.26%)  [34mtps: 117  [36mtflops: 5.65  [35mmfu: 0.57%[39m
[rank0]:[titan] 2026-03-17 23:36:09,330 - root - INFO - [31mstep: 2718  [32mloss:  2.6594  [38;2;180;60;0mgrad_norm:  0.7424  [38;2;54;234;195mmemory: 39.92GiB(50.26%)  [34mtps: 117  [36mtflops: 5.66  [35mmfu: 0.57%[39m
[rank0]:[titan] 2026-03-17 23:36:26,552 - root - INFO - [31mstep: 2719  [32mloss:  2.6486  [38;2;180;60;0mgrad_norm:  0.8907  [38;2;54;234;195mmemory: 39.92GiB(50.26%)  [34mtps: 119  [36mtflops: 5.74  [35mmfu: 0.58%[39m
[rank0]:[titan] 2026-03-17 23:36:43,795 - root - INFO - [31mstep: 2720  [32mloss:  2.7316  [38;2;180;60;0mgrad_norm:  0.6886  [38;2;54;234;195mmemory: 39.92GiB(50.26%)  [34mtps: 119  [36mtflops: 5.73  [35mmfu: 0.58%[39m
[rank0]:[titan] 2026-03-17 23:37:01,085 - root - INFO - [31mstep: 2721  [32mloss:  2.7202  [38;2;180;60;0mgrad_norm:  0.6651  [38;2;54;234;195mmemory: 39.92GiB(50.26%)  [34mtps: 118  [36mtflops: 5.72  [35mmfu: 0.58%[39m
[rank0]:[titan] 2026-03-17 23:37:18,785 - root - INFO - [31mstep: 2722  [32mloss:  2.7504  [38;2;180;60;0mgrad_norm:  0.6744  [38;2;54;234;195mmemory: 39.92GiB(50.26%)  [34mtps: 116  [36mtflops: 5.58  [35mmfu: 0.56%[39m
[rank0]:[titan] 2026-03-17 23:37:36,257 - root - INFO - [31mstep: 2723  [32mloss:  2.7448  [38;2;180;60;0mgrad_norm:  0.5814  [38;2;54;234;195mmemory: 39.92GiB(50.26%)  [34mtps: 117  [36mtflops: 5.66  [35mmfu: 0.57%[39m
[rank0]:[titan] 2026-03-17 23:37:53,664 - root - INFO - [31mstep: 2724  [32mloss:  2.6889  [38;2;180;60;0mgrad_norm:  0.6039  [38;2;54;234;195mmemory: 39.92GiB(50.26%)  [34mtps: 118  [36mtflops: 5.68  [35mmfu: 0.57%[39m
[rank0]:[titan] 2026-03-17 23:38:11,246 - root - INFO - [31mstep: 2725  [32mloss:  2.7196  [38;2;180;60;0mgrad_norm:  0.6772  [38;2;54;234;195mmemory: 39.92GiB(50.26%)  [34mtps: 116  [36mtflops: 5.62  [35mmfu: 0.57%[39m
[rank0]:[titan] 2026-03-17 23:38:28,657 - root - INFO - [31mstep: 2726  [32mloss:  2.7583  [38;2;180;60;0mgrad_norm:  0.7636  [38;2;54;234;195mmemory: 39.92GiB(50.26%)  [34mtps: 118  [36mtflops: 5.68  [35mmfu: 0.57%[39m
[rank0]:[titan] 2026-03-17 23:38:45,654 - root - INFO - [31mstep: 2727  [32mloss:  2.7884  [38;2;180;60;0mgrad_norm:  0.9396  [38;2;54;234;195mmemory: 39.92GiB(50.26%)  [34mtps: 120  [36mtflops: 5.81  [35mmfu: 0.59%[39m
[rank0]:[titan] 2026-03-17 23:39:03,091 - root - INFO - [31mstep: 2728  [32mloss:  2.7085  [38;2;180;60;0mgrad_norm:  0.8111  [38;2;54;234;195mmemory: 39.92GiB(50.26%)  [34mtps: 117  [36mtflops: 5.67  [35mmfu: 0.57%[39m
[rank0]:[titan] 2026-03-17 23:39:20,298 - root - INFO - [31mstep: 2729  [32mloss:  2.7125  [38;2;180;60;0mgrad_norm:  0.5659  [38;2;54;234;195mmemory: 39.92GiB(50.26%)  [34mtps: 119  [36mtflops: 5.74  [35mmfu: 0.58%[39m
[rank0]:[titan] 2026-03-17 23:39:37,866 - root - INFO - [31mstep: 2730  [32mloss:  2.6817  [38;2;180;60;0mgrad_norm:  0.6306  [38;2;54;234;195mmemory: 39.92GiB(50.26%)  [34mtps: 117  [36mtflops: 5.63  [35mmfu: 0.57%[39m
[rank0]:[titan] 2026-03-17 23:39:55,096 - root - INFO - [31mstep: 2731  [32mloss:  2.7176  [38;2;180;60;0mgrad_norm:  0.6423  [38;2;54;234;195mmemory: 39.92GiB(50.26%)  [34mtps: 119  [36mtflops: 5.74  [35mmfu: 0.58%[39m
[rank0]:[titan] 2026-03-17 23:40:12,479 - root - INFO - [31mstep: 2732  [32mloss:  2.7436  [38;2;180;60;0mgrad_norm:  0.8763  [38;2;54;234;195mmemory: 39.92GiB(50.26%)  [34mtps: 118  [36mtflops: 5.68  [35mmfu: 0.57%[39m
[rank0]:[titan] 2026-03-17 23:40:30,028 - root - INFO - [31mstep: 2733  [32mloss:  2.7762  [38;2;180;60;0mgrad_norm:  0.6769  [38;2;54;234;195mmemory: 39.92GiB(50.26%)  [34mtps: 117  [36mtflops: 5.63  [35mmfu: 0.57%[39m
[rank0]:[titan] 2026-03-17 23:40:47,441 - root - INFO - [31mstep: 2734  [32mloss:  2.6962  [38;2;180;60;0mgrad_norm:  0.8354  [38;2;54;234;195mmemory: 39.92GiB(50.26%)  [34mtps: 118  [36mtflops: 5.68  [35mmfu: 0.57%[39m
[rank0]:[titan] 2026-03-17 23:41:04,637 - root - INFO - [31mstep: 2735  [32mloss:  2.7048  [38;2;180;60;0mgrad_norm:  0.7470  [38;2;54;234;195mmemory: 39.92GiB(50.26%)  [34mtps: 119  [36mtflops: 5.75  [35mmfu: 0.58%[39m
[rank0]:[titan] 2026-03-17 23:41:22,113 - root - INFO - [31mstep: 2736  [32mloss:  2.7385  [38;2;180;60;0mgrad_norm:  0.6213  [38;2;54;234;195mmemory: 39.92GiB(50.26%)  [34mtps: 117  [36mtflops: 5.65  [35mmfu: 0.57%[39m
[rank0]:[titan] 2026-03-17 23:41:39,656 - root - INFO - [31mstep: 2737  [32mloss:  2.6446  [38;2;180;60;0mgrad_norm:  0.9520  [38;2;54;234;195mmemory: 39.92GiB(50.26%)  [34mtps: 117  [36mtflops: 5.63  [35mmfu: 0.57%[39m
[rank0]:[titan] 2026-03-17 23:41:57,177 - root - INFO - [31mstep: 2738  [32mloss:  2.6479  [38;2;180;60;0mgrad_norm:  0.6914  [38;2;54;234;195mmemory: 39.92GiB(50.26%)  [34mtps: 117  [36mtflops: 5.64  [35mmfu: 0.57%[39m
[rank0]:[titan] 2026-03-17 23:42:14,470 - root - INFO - [31mstep: 2739  [32mloss:  2.7298  [38;2;180;60;0mgrad_norm:  0.9051  [38;2;54;234;195mmemory: 39.92GiB(50.26%)  [34mtps: 118  [36mtflops: 5.71  [35mmfu: 0.58%[39m
[rank0]:[titan] 2026-03-17 23:42:31,991 - root - INFO - [31mstep: 2740  [32mloss:  2.6783  [38;2;180;60;0mgrad_norm:  0.9384  [38;2;54;234;195mmemory: 39.92GiB(50.26%)  [34mtps: 117  [36mtflops: 5.64  [35mmfu: 0.57%[39m
[rank0]:[titan] 2026-03-17 23:42:49,611 - root - INFO - [31mstep: 2741  [32mloss:  2.6408  [38;2;180;60;0mgrad_norm:  0.5772  [38;2;54;234;195mmemory: 39.92GiB(50.26%)  [34mtps: 116  [36mtflops: 5.61  [35mmfu: 0.57%[39m
[rank0]:[titan] 2026-03-17 23:43:06,982 - root - INFO - [31mstep: 2742  [32mloss:  2.6937  [38;2;180;60;0mgrad_norm:  0.5139  [38;2;54;234;195mmemory: 39.92GiB(50.26%)  [34mtps: 118  [36mtflops: 5.69  [35mmfu: 0.58%[39m
[rank0]:[titan] 2026-03-17 23:43:24,538 - root - INFO - [31mstep: 2743  [32mloss:  2.6896  [38;2;180;60;0mgrad_norm:  0.7161  [38;2;54;234;195mmemory: 39.92GiB(50.26%)  [34mtps: 117  [36mtflops: 5.63  [35mmfu: 0.57%[39m
[rank0]:[titan] 2026-03-17 23:43:41,945 - root - INFO - [31mstep: 2744  [32mloss:  2.6680  [38;2;180;60;0mgrad_norm:  0.9481  [38;2;54;234;195mmemory: 39.92GiB(50.26%)  [34mtps: 118  [36mtflops: 5.68  [35mmfu: 0.57%[39m
[rank0]:[titan] 2026-03-17 23:43:59,479 - root - INFO - [31mstep: 2745  [32mloss:  2.7480  [38;2;180;60;0mgrad_norm:  0.5740  [38;2;54;234;195mmemory: 39.92GiB(50.26%)  [34mtps: 117  [36mtflops: 5.64  [35mmfu: 0.57%[39m
[rank0]:[titan] 2026-03-17 23:44:17,186 - root - INFO - [31mstep: 2746  [32mloss:  2.7679  [38;2;180;60;0mgrad_norm:  0.5945  [38;2;54;234;195mmemory: 39.92GiB(50.26%)  [34mtps: 116  [36mtflops: 5.58  [35mmfu: 0.56%[39m
[rank0]:[titan] 2026-03-17 23:44:34,752 - root - INFO - [31mstep: 2747  [32mloss:  2.7764  [38;2;180;60;0mgrad_norm:  0.7203  [38;2;54;234;195mmemory: 39.92GiB(50.26%)  [34mtps: 117  [36mtflops: 5.63  [35mmfu: 0.57%[39m
[rank0]:[titan] 2026-03-17 23:44:52,299 - root - INFO - [31mstep: 2748  [32mloss:  2.7562  [38;2;180;60;0mgrad_norm:  0.6465  [38;2;54;234;195mmemory: 39.92GiB(50.26%)  [34mtps: 117  [36mtflops: 5.63  [35mmfu: 0.57%[39m
[rank0]:[titan] 2026-03-17 23:44:52,301 - root - WARNING - Dataset c4_test is being re-looped
[rank0]:[titan] 2026-03-17 23:45:09,804 - root - INFO - [31mstep: 2749  [32mloss:  2.7394  [38;2;180;60;0mgrad_norm:  0.5394  [38;2;54;234;195mmemory: 39.92GiB(50.26%)  [34mtps: 117  [36mtflops: 5.65  [35mmfu: 0.57%[39m
[rank0]:[titan] 2026-03-17 23:45:26,857 - root - INFO - [31mstep: 2750  [32mloss:  2.7725  [38;2;180;60;0mgrad_norm:  0.8800  [38;2;54;234;195mmemory: 39.92GiB(50.26%)  [34mtps: 120  [36mtflops: 5.80  [35mmfu: 0.59%[39m
[rank0]:[titan] 2026-03-17 23:45:44,450 - root - INFO - [31mstep: 2751  [32mloss:  2.7420  [38;2;180;60;0mgrad_norm:  0.6970  [38;2;54;234;195mmemory: 39.92GiB(50.26%)  [34mtps: 116  [36mtflops: 5.62  [35mmfu: 0.57%[39m
[rank0]:[titan] 2026-03-17 23:46:01,704 - root - INFO - [31mstep: 2752  [32mloss:  2.6857  [38;2;180;60;0mgrad_norm:  0.6936  [38;2;54;234;195mmemory: 39.92GiB(50.26%)  [34mtps: 119  [36mtflops: 5.73  [35mmfu: 0.58%[39m
[rank0]:[titan] 2026-03-17 23:46:18,973 - root - INFO - [31mstep: 2753  [32mloss:  2.6774  [38;2;180;60;0mgrad_norm:  0.5289  [38;2;54;234;195mmemory: 39.92GiB(50.26%)  [34mtps: 119  [36mtflops: 5.72  [35mmfu: 0.58%[39m
[rank0]:[titan] 2026-03-17 23:46:36,170 - root - INFO - [31mstep: 2754  [32mloss:  2.7584  [38;2;180;60;0mgrad_norm:  0.5564  [38;2;54;234;195mmemory: 39.92GiB(50.26%)  [34mtps: 119  [36mtflops: 5.75  [35mmfu: 0.58%[39m
[rank0]:[titan] 2026-03-17 23:46:53,464 - root - INFO - [31mstep: 2755  [32mloss:  2.7517  [38;2;180;60;0mgrad_norm:  0.6749  [38;2;54;234;195mmemory: 39.92GiB(50.26%)  [34mtps: 118  [36mtflops: 5.71  [35mmfu: 0.58%[39m
[rank0]:[titan] 2026-03-17 23:47:10,848 - root - INFO - [31mstep: 2756  [32mloss:  2.6806  [38;2;180;60;0mgrad_norm:  0.5791  [38;2;54;234;195mmemory: 39.92GiB(50.26%)  [34mtps: 118  [36mtflops: 5.68  [35mmfu: 0.57%[39m
[rank0]:[titan] 2026-03-17 23:47:28,258 - root - INFO - [31mstep: 2757  [32mloss:  2.7539  [38;2;180;60;0mgrad_norm:  0.5834  [38;2;54;234;195mmemory: 39.92GiB(50.26%)  [34mtps: 118  [36mtflops: 5.68  [35mmfu: 0.57%[39m
[rank0]:[titan] 2026-03-17 23:47:45,382 - root - INFO - [31mstep: 2758  [32mloss:  2.7173  [38;2;180;60;0mgrad_norm:  0.8180  [38;2;54;234;195mmemory: 39.92GiB(50.26%)  [34mtps: 120  [36mtflops: 5.77  [35mmfu: 0.58%[39m
[rank0]:[titan] 2026-03-17 23:48:02,682 - root - INFO - [31mstep: 2759  [32mloss:  2.7016  [38;2;180;60;0mgrad_norm:  0.5002  [38;2;54;234;195mmemory: 39.92GiB(50.26%)  [34mtps: 118  [36mtflops: 5.71  [35mmfu: 0.58%[39m
[rank0]:[titan] 2026-03-17 23:48:20,025 - root - INFO - [31mstep: 2760  [32mloss:  2.6721  [38;2;180;60;0mgrad_norm:  0.6958  [38;2;54;234;195mmemory: 39.92GiB(50.26%)  [34mtps: 118  [36mtflops: 5.70  [35mmfu: 0.58%[39m
[rank0]:[titan] 2026-03-17 23:48:37,497 - root - INFO - [31mstep: 2761  [32mloss:  2.6668  [38;2;180;60;0mgrad_norm:  0.6905  [38;2;54;234;195mmemory: 39.92GiB(50.26%)  [34mtps: 117  [36mtflops: 5.66  [35mmfu: 0.57%[39m
[rank0]:[titan] 2026-03-17 23:48:54,982 - root - INFO - [31mstep: 2762  [32mloss:  2.7006  [38;2;180;60;0mgrad_norm:  0.9182  [38;2;54;234;195mmemory: 39.92GiB(50.26%)  [34mtps: 117  [36mtflops: 5.65  [35mmfu: 0.57%[39m
[rank0]:[titan] 2026-03-17 23:49:12,124 - root - INFO - [31mstep: 2763  [32mloss:  2.6999  [38;2;180;60;0mgrad_norm:  1.0414  [38;2;54;234;195mmemory: 39.92GiB(50.26%)  [34mtps: 119  [36mtflops: 5.76  [35mmfu: 0.58%[39m
[rank0]:[titan] 2026-03-17 23:49:29,431 - root - INFO - [31mstep: 2764  [32mloss:  2.7051  [38;2;180;60;0mgrad_norm:  0.6402  [38;2;54;234;195mmemory: 39.92GiB(50.26%)  [34mtps: 118  [36mtflops: 5.71  [35mmfu: 0.58%[39m
[rank0]:[titan] 2026-03-17 23:49:47,001 - root - INFO - [31mstep: 2765  [32mloss:  2.7421  [38;2;180;60;0mgrad_norm:  1.0717  [38;2;54;234;195mmemory: 39.92GiB(50.26%)  [34mtps: 117  [36mtflops: 5.62  [35mmfu: 0.57%[39m
[rank0]:[titan] 2026-03-17 23:50:04,469 - root - INFO - [31mstep: 2766  [32mloss:  2.7377  [38;2;180;60;0mgrad_norm:  0.9136  [38;2;54;234;195mmemory: 39.92GiB(50.26%)  [34mtps: 117  [36mtflops: 5.66  [35mmfu: 0.57%[39m
[rank0]:[titan] 2026-03-17 23:50:21,993 - root - INFO - [31mstep: 2767  [32mloss:  2.7007  [38;2;180;60;0mgrad_norm:  0.9987  [38;2;54;234;195mmemory: 39.92GiB(50.26%)  [34mtps: 117  [36mtflops: 5.64  [35mmfu: 0.57%[39m
[rank0]:[titan] 2026-03-17 23:50:39,371 - root - INFO - [31mstep: 2768  [32mloss:  2.6567  [38;2;180;60;0mgrad_norm:  0.6333  [38;2;54;234;195mmemory: 39.92GiB(50.26%)  [34mtps: 118  [36mtflops: 5.69  [35mmfu: 0.57%[39m
[rank0]:[titan] 2026-03-17 23:50:55,989 - root - INFO - [31mstep: 2769  [32mloss:  2.6567  [38;2;180;60;0mgrad_norm:  0.8968  [38;2;54;234;195mmemory: 39.92GiB(50.26%)  [34mtps: 123  [36mtflops: 5.95  [35mmfu: 0.60%[39m
[rank0]:[titan] 2026-03-17 23:51:13,282 - root - INFO - [31mstep: 2770  [32mloss:  2.6904  [38;2;180;60;0mgrad_norm:  0.8628  [38;2;54;234;195mmemory: 39.92GiB(50.26%)  [34mtps: 118  [36mtflops: 5.71  [35mmfu: 0.58%[39m
[rank0]:[titan] 2026-03-17 23:51:30,491 - root - INFO - [31mstep: 2771  [32mloss:  2.6431  [38;2;180;60;0mgrad_norm:  0.9471  [38;2;54;234;195mmemory: 39.92GiB(50.26%)  [34mtps: 119  [36mtflops: 5.74  [35mmfu: 0.58%[39m
[rank0]:[titan] 2026-03-17 23:51:48,180 - root - INFO - [31mstep: 2772  [32mloss:  2.6750  [38;2;180;60;0mgrad_norm:  0.7743  [38;2;54;234;195mmemory: 39.92GiB(50.26%)  [34mtps: 116  [36mtflops: 5.59  [35mmfu: 0.56%[39m
[rank0]:[titan] 2026-03-17 23:52:05,526 - root - INFO - [31mstep: 2773  [32mloss:  2.7069  [38;2;180;60;0mgrad_norm:  0.5122  [38;2;54;234;195mmemory: 39.92GiB(50.26%)  [34mtps: 118  [36mtflops: 5.70  [35mmfu: 0.58%[39m
[rank0]:[titan] 2026-03-17 23:52:22,724 - root - INFO - [31mstep: 2774  [32mloss:  2.7689  [38;2;180;60;0mgrad_norm:  0.9808  [38;2;54;234;195mmemory: 39.92GiB(50.26%)  [34mtps: 119  [36mtflops: 5.75  [35mmfu: 0.58%[39m
[rank0]:[titan] 2026-03-17 23:52:39,155 - root - INFO - [31mstep: 2775  [32mloss:  2.8162  [38;2;180;60;0mgrad_norm:  1.0424  [38;2;54;234;195mmemory: 39.92GiB(50.26%)  [34mtps: 125  [36mtflops: 6.01  [35mmfu: 0.61%[39m
[rank0]:[titan] 2026-03-17 23:52:56,593 - root - INFO - [31mstep: 2776  [32mloss:  2.6695  [38;2;180;60;0mgrad_norm:  0.6833  [38;2;54;234;195mmemory: 39.92GiB(50.26%)  [34mtps: 117  [36mtflops: 5.67  [35mmfu: 0.57%[39m
[rank0]:[titan] 2026-03-17 23:53:13,853 - root - INFO - [31mstep: 2777  [32mloss:  2.6872  [38;2;180;60;0mgrad_norm:  0.5401  [38;2;54;234;195mmemory: 39.92GiB(50.26%)  [34mtps: 119  [36mtflops: 5.73  [35mmfu: 0.58%[39m
[rank0]:[titan] 2026-03-17 23:53:30,845 - root - INFO - [31mstep: 2778  [32mloss:  2.6887  [38;2;180;60;0mgrad_norm:  0.7553  [38;2;54;234;195mmemory: 39.92GiB(50.26%)  [34mtps: 121  [36mtflops: 5.82  [35mmfu: 0.59%[39m
[rank0]:[titan] 2026-03-17 23:53:48,415 - root - INFO - [31mstep: 2779  [32mloss:  2.7094  [38;2;180;60;0mgrad_norm:  0.7116  [38;2;54;234;195mmemory: 39.92GiB(50.26%)  [34mtps: 117  [36mtflops: 5.62  [35mmfu: 0.57%[39m
[rank0]:[titan] 2026-03-17 23:54:06,032 - root - INFO - [31mstep: 2780  [32mloss:  2.7412  [38;2;180;60;0mgrad_norm:  0.7480  [38;2;54;234;195mmemory: 39.92GiB(50.26%)  [34mtps: 116  [36mtflops: 5.61  [35mmfu: 0.57%[39m
[rank0]:[titan] 2026-03-17 23:54:23,752 - root - INFO - [31mstep: 2781  [32mloss:  2.6908  [38;2;180;60;0mgrad_norm:  0.6555  [38;2;54;234;195mmemory: 39.92GiB(50.26%)  [34mtps: 116  [36mtflops: 5.58  [35mmfu: 0.56%[39m
[rank0]:[titan] 2026-03-17 23:54:41,329 - root - INFO - [31mstep: 2782  [32mloss:  2.7217  [38;2;180;60;0mgrad_norm:  0.6416  [38;2;54;234;195mmemory: 39.92GiB(50.26%)  [34mtps: 117  [36mtflops: 5.62  [35mmfu: 0.57%[39m
[rank0]:[titan] 2026-03-17 23:54:58,803 - root - INFO - [31mstep: 2783  [32mloss:  2.6762  [38;2;180;60;0mgrad_norm:  0.9632  [38;2;54;234;195mmemory: 39.92GiB(50.26%)  [34mtps: 117  [36mtflops: 5.66  [35mmfu: 0.57%[39m
[rank0]:[titan] 2026-03-17 23:55:16,328 - root - INFO - [31mstep: 2784  [32mloss:  2.7094  [38;2;180;60;0mgrad_norm:  0.4954  [38;2;54;234;195mmemory: 39.92GiB(50.26%)  [34mtps: 117  [36mtflops: 5.64  [35mmfu: 0.57%[39m
[rank0]:[titan] 2026-03-17 23:55:33,751 - root - INFO - [31mstep: 2785  [32mloss:  2.7342  [38;2;180;60;0mgrad_norm:  0.5332  [38;2;54;234;195mmemory: 39.92GiB(50.26%)  [34mtps: 118  [36mtflops: 5.67  [35mmfu: 0.57%[39m
[rank0]:[titan] 2026-03-17 23:55:50,838 - root - INFO - [31mstep: 2786  [32mloss:  2.7604  [38;2;180;60;0mgrad_norm:  0.8498  [38;2;54;234;195mmemory: 39.92GiB(50.26%)  [34mtps: 120  [36mtflops: 5.78  [35mmfu: 0.58%[39m
[rank0]:[titan] 2026-03-17 23:56:08,285 - root - INFO - [31mstep: 2787  [32mloss:  2.7732  [38;2;180;60;0mgrad_norm:  0.5824  [38;2;54;234;195mmemory: 39.92GiB(50.26%)  [34mtps: 117  [36mtflops: 5.66  [35mmfu: 0.57%[39m
[rank0]:[titan] 2026-03-17 23:56:25,724 - root - INFO - [31mstep: 2788  [32mloss:  2.7487  [38;2;180;60;0mgrad_norm:  0.6691  [38;2;54;234;195mmemory: 39.92GiB(50.26%)  [34mtps: 117  [36mtflops: 5.67  [35mmfu: 0.57%[39m
[rank0]:[titan] 2026-03-17 23:56:43,085 - root - INFO - [31mstep: 2789  [32mloss:  2.7101  [38;2;180;60;0mgrad_norm:  0.7555  [38;2;54;234;195mmemory: 39.92GiB(50.26%)  [34mtps: 118  [36mtflops: 5.69  [35mmfu: 0.58%[39m
[rank0]:[titan] 2026-03-17 23:57:00,007 - root - INFO - [31mstep: 2790  [32mloss:  2.7186  [38;2;180;60;0mgrad_norm:  0.7082  [38;2;54;234;195mmemory: 39.92GiB(50.26%)  [34mtps: 121  [36mtflops: 5.84  [35mmfu: 0.59%[39m
[rank0]:[titan] 2026-03-17 23:57:16,883 - root - INFO - [31mstep: 2791  [32mloss:  2.7020  [38;2;180;60;0mgrad_norm:  0.4491  [38;2;54;234;195mmemory: 39.92GiB(50.26%)  [34mtps: 121  [36mtflops: 5.86  [35mmfu: 0.59%[39m
[rank0]:[titan] 2026-03-17 23:57:34,217 - root - INFO - [31mstep: 2792  [32mloss:  2.6243  [38;2;180;60;0mgrad_norm:  0.7822  [38;2;54;234;195mmemory: 39.92GiB(50.26%)  [34mtps: 118  [36mtflops: 5.70  [35mmfu: 0.58%[39m
[rank0]:[titan] 2026-03-17 23:57:51,805 - root - INFO - [31mstep: 2793  [32mloss:  2.6142  [38;2;180;60;0mgrad_norm:  1.0098  [38;2;54;234;195mmemory: 39.92GiB(50.26%)  [34mtps: 116  [36mtflops: 5.62  [35mmfu: 0.57%[39m
[rank0]:[titan] 2026-03-17 23:58:09,145 - root - INFO - [31mstep: 2794  [32mloss:  2.6631  [38;2;180;60;0mgrad_norm:  0.5496  [38;2;54;234;195mmemory: 39.92GiB(50.26%)  [34mtps: 118  [36mtflops: 5.70  [35mmfu: 0.58%[39m
[rank0]:[titan] 2026-03-17 23:58:26,748 - root - INFO - [31mstep: 2795  [32mloss:  2.6476  [38;2;180;60;0mgrad_norm:  0.7008  [38;2;54;234;195mmemory: 39.92GiB(50.26%)  [34mtps: 116  [36mtflops: 5.61  [35mmfu: 0.57%[39m
[rank0]:[titan] 2026-03-17 23:58:43,780 - root - INFO - [31mstep: 2796  [32mloss:  2.6499  [38;2;180;60;0mgrad_norm:  0.6940  [38;2;54;234;195mmemory: 39.92GiB(50.26%)  [34mtps: 120  [36mtflops: 5.80  [35mmfu: 0.59%[39m
[rank0]:[titan] 2026-03-17 23:59:01,001 - root - INFO - [31mstep: 2797  [32mloss:  2.6935  [38;2;180;60;0mgrad_norm:  0.7702  [38;2;54;234;195mmemory: 39.92GiB(50.26%)  [34mtps: 119  [36mtflops: 5.74  [35mmfu: 0.58%[39m
[rank0]:[titan] 2026-03-17 23:59:18,107 - root - INFO - [31mstep: 2798  [32mloss:  2.7169  [38;2;180;60;0mgrad_norm:  0.7960  [38;2;54;234;195mmemory: 39.92GiB(50.26%)  [34mtps: 120  [36mtflops: 5.78  [35mmfu: 0.58%[39m
[rank0]:[titan] 2026-03-17 23:59:35,131 - root - INFO - [31mstep: 2799  [32mloss:  2.6566  [38;2;180;60;0mgrad_norm:  0.8195  [38;2;54;234;195mmemory: 39.92GiB(50.26%)  [34mtps: 120  [36mtflops: 5.80  [35mmfu: 0.59%[39m
[rank0]:[titan] 2026-03-17 23:59:52,646 - root - INFO - [31mstep: 2800  [32mloss:  2.6288  [38;2;180;60;0mgrad_norm:  0.5438  [38;2;54;234;195mmemory: 39.92GiB(50.26%)  [34mtps: 117  [36mtflops: 5.64  [35mmfu: 0.57%[39m
[rank0]:[titan] 2026-03-18 00:00:09,754 - root - INFO - [31mstep: 2801  [32mloss:  2.7056  [38;2;180;60;0mgrad_norm:  0.8228  [38;2;54;234;195mmemory: 39.92GiB(50.26%)  [34mtps: 120  [36mtflops: 5.78  [35mmfu: 0.58%[39m
[rank0]:[titan] 2026-03-18 00:00:27,199 - root - INFO - [31mstep: 2802  [32mloss:  2.6562  [38;2;180;60;0mgrad_norm:  0.9751  [38;2;54;234;195mmemory: 39.92GiB(50.26%)  [34mtps: 117  [36mtflops: 5.66  [35mmfu: 0.57%[39m
[rank0]:[titan] 2026-03-18 00:00:44,692 - root - INFO - [31mstep: 2803  [32mloss:  2.6811  [38;2;180;60;0mgrad_norm:  0.6985  [38;2;54;234;195mmemory: 39.92GiB(50.26%)  [34mtps: 117  [36mtflops: 5.65  [35mmfu: 0.57%[39m
[rank0]:[titan] 2026-03-18 00:01:02,210 - root - INFO - [31mstep: 2804  [32mloss:  2.6494  [38;2;180;60;0mgrad_norm:  0.7093  [38;2;54;234;195mmemory: 39.92GiB(50.26%)  [34mtps: 117  [36mtflops: 5.64  [35mmfu: 0.57%[39m
[rank0]:[titan] 2026-03-18 00:01:19,925 - root - INFO - [31mstep: 2805  [32mloss:  2.6847  [38;2;180;60;0mgrad_norm:  0.7887  [38;2;54;234;195mmemory: 39.92GiB(50.26%)  [34mtps: 116  [36mtflops: 5.58  [35mmfu: 0.56%[39m
[rank0]:[titan] 2026-03-18 00:01:37,351 - root - INFO - [31mstep: 2806  [32mloss:  2.6473  [38;2;180;60;0mgrad_norm:  0.6278  [38;2;54;234;195mmemory: 39.92GiB(50.26%)  [34mtps: 118  [36mtflops: 5.67  [35mmfu: 0.57%[39m
[rank0]:[titan] 2026-03-18 00:01:54,692 - root - INFO - [31mstep: 2807  [32mloss:  2.7748  [38;2;180;60;0mgrad_norm:  0.8460  [38;2;54;234;195mmemory: 39.92GiB(50.26%)  [34mtps: 118  [36mtflops: 5.70  [35mmfu: 0.58%[39m
[rank0]:[titan] 2026-03-18 00:02:12,273 - root - INFO - [31mstep: 2808  [32mloss:  2.7869  [38;2;180;60;0mgrad_norm:  0.7576  [38;2;54;234;195mmemory: 39.92GiB(50.26%)  [34mtps: 116  [36mtflops: 5.62  [35mmfu: 0.57%[39m
[rank0]:[titan] 2026-03-18 00:02:29,804 - root - INFO - [31mstep: 2809  [32mloss:  2.7295  [38;2;180;60;0mgrad_norm:  0.6805  [38;2;54;234;195mmemory: 39.92GiB(50.26%)  [34mtps: 117  [36mtflops: 5.64  [35mmfu: 0.57%[39m
[rank0]:[titan] 2026-03-18 00:02:46,946 - root - INFO - [31mstep: 2810  [32mloss:  2.6688  [38;2;180;60;0mgrad_norm:  0.7057  [38;2;54;234;195mmemory: 39.92GiB(50.26%)  [34mtps: 119  [36mtflops: 5.77  [35mmfu: 0.58%[39m
[rank0]:[titan] 2026-03-18 00:03:03,830 - root - INFO - [31mstep: 2811  [32mloss:  2.6961  [38;2;180;60;0mgrad_norm:  0.6649  [38;2;54;234;195mmemory: 39.92GiB(50.26%)  [34mtps: 121  [36mtflops: 5.85  [35mmfu: 0.59%[39m
[rank0]:[titan] 2026-03-18 00:03:21,090 - root - INFO - [31mstep: 2812  [32mloss:  2.7073  [38;2;180;60;0mgrad_norm:  0.6314  [38;2;54;234;195mmemory: 39.92GiB(50.26%)  [34mtps: 119  [36mtflops: 5.73  [35mmfu: 0.58%[39m
[rank0]:[titan] 2026-03-18 00:03:38,482 - root - INFO - [31mstep: 2813  [32mloss:  2.7114  [38;2;180;60;0mgrad_norm:  0.6309  [38;2;54;234;195mmemory: 39.92GiB(50.26%)  [34mtps: 118  [36mtflops: 5.68  [35mmfu: 0.57%[39m
[rank0]:[titan] 2026-03-18 00:03:55,378 - root - INFO - [31mstep: 2814  [32mloss:  2.7079  [38;2;180;60;0mgrad_norm:  0.4574  [38;2;54;234;195mmemory: 39.92GiB(50.26%)  [34mtps: 121  [36mtflops: 5.85  [35mmfu: 0.59%[39m
[rank0]:[titan] 2026-03-18 00:04:12,582 - root - INFO - [31mstep: 2815  [32mloss:  2.7295  [38;2;180;60;0mgrad_norm:  0.6158  [38;2;54;234;195mmemory: 39.92GiB(50.26%)  [34mtps: 119  [36mtflops: 5.74  [35mmfu: 0.58%[39m
[rank0]:[titan] 2026-03-18 00:04:29,616 - root - INFO - [31mstep: 2816  [32mloss:  2.6646  [38;2;180;60;0mgrad_norm:  0.6476  [38;2;54;234;195mmemory: 39.92GiB(50.26%)  [34mtps: 120  [36mtflops: 5.80  [35mmfu: 0.59%[39m
[rank0]:[titan] 2026-03-18 00:04:47,207 - root - INFO - [31mstep: 2817  [32mloss:  2.7593  [38;2;180;60;0mgrad_norm:  0.7181  [38;2;54;234;195mmemory: 39.92GiB(50.26%)  [34mtps: 116  [36mtflops: 5.62  [35mmfu: 0.57%[39m
[rank0]:[titan] 2026-03-18 00:05:04,579 - root - INFO - [31mstep: 2818  [32mloss:  2.7233  [38;2;180;60;0mgrad_norm:  0.6243  [38;2;54;234;195mmemory: 39.92GiB(50.26%)  [34mtps: 118  [36mtflops: 5.69  [35mmfu: 0.58%[39m
[rank0]:[titan] 2026-03-18 00:05:22,110 - root - INFO - [31mstep: 2819  [32mloss:  2.7432  [38;2;180;60;0mgrad_norm:  0.6465  [38;2;54;234;195mmemory: 39.92GiB(50.26%)  [34mtps: 117  [36mtflops: 5.64  [35mmfu: 0.57%[39m
[rank0]:[titan] 2026-03-18 00:05:39,221 - root - INFO - [31mstep: 2820  [32mloss:  2.8441  [38;2;180;60;0mgrad_norm:  0.8344  [38;2;54;234;195mmemory: 39.92GiB(50.26%)  [34mtps: 120  [36mtflops: 5.78  [35mmfu: 0.58%[39m
[rank0]:[titan] 2026-03-18 00:05:56,653 - root - INFO - [31mstep: 2821  [32mloss:  2.7853  [38;2;180;60;0mgrad_norm:  0.8277  [38;2;54;234;195mmemory: 39.92GiB(50.26%)  [34mtps: 117  [36mtflops: 5.67  [35mmfu: 0.57%[39m
[rank0]:[titan] 2026-03-18 00:06:13,927 - root - INFO - [31mstep: 2822  [32mloss:  2.7013  [38;2;180;60;0mgrad_norm:  0.8079  [38;2;54;234;195mmemory: 39.92GiB(50.26%)  [34mtps: 119  [36mtflops: 5.72  [35mmfu: 0.58%[39m
[rank0]:[titan] 2026-03-18 00:06:30,913 - root - INFO - [31mstep: 2823  [32mloss:  2.7490  [38;2;180;60;0mgrad_norm:  0.8073  [38;2;54;234;195mmemory: 39.92GiB(50.26%)  [34mtps: 121  [36mtflops: 5.82  [35mmfu: 0.59%[39m
[rank0]:[titan] 2026-03-18 00:06:47,919 - root - INFO - [31mstep: 2824  [32mloss:  2.7134  [38;2;180;60;0mgrad_norm:  1.0331  [38;2;54;234;195mmemory: 39.92GiB(50.26%)  [34mtps: 120  [36mtflops: 5.81  [35mmfu: 0.59%[39m
[rank0]:[titan] 2026-03-18 00:07:04,959 - root - INFO - [31mstep: 2825  [32mloss:  2.7735  [38;2;180;60;0mgrad_norm:  0.9083  [38;2;54;234;195mmemory: 39.92GiB(50.26%)  [34mtps: 120  [36mtflops: 5.80  [35mmfu: 0.59%[39m
[rank0]:[titan] 2026-03-18 00:07:21,984 - root - INFO - [31mstep: 2826  [32mloss:  2.7217  [38;2;180;60;0mgrad_norm:  0.8129  [38;2;54;234;195mmemory: 39.92GiB(50.26%)  [34mtps: 120  [36mtflops: 5.80  [35mmfu: 0.59%[39m
[rank0]:[titan] 2026-03-18 00:07:38,830 - root - INFO - [31mstep: 2827  [32mloss:  2.6559  [38;2;180;60;0mgrad_norm:  0.8041  [38;2;54;234;195mmemory: 39.92GiB(50.26%)  [34mtps: 122  [36mtflops: 5.87  [35mmfu: 0.59%[39m
[rank0]:[titan] 2026-03-18 00:07:56,562 - root - INFO - [31mstep: 2828  [32mloss:  2.6655  [38;2;180;60;0mgrad_norm:  0.7096  [38;2;54;234;195mmemory: 39.92GiB(50.26%)  [34mtps: 116  [36mtflops: 5.57  [35mmfu: 0.56%[39m
[rank0]:[titan] 2026-03-18 00:08:13,966 - root - INFO - [31mstep: 2829  [32mloss:  2.6387  [38;2;180;60;0mgrad_norm:  0.8903  [38;2;54;234;195mmemory: 39.92GiB(50.26%)  [34mtps: 118  [36mtflops: 5.68  [35mmfu: 0.57%[39m
[rank0]:[titan] 2026-03-18 00:08:31,233 - root - INFO - [31mstep: 2830  [32mloss:  2.7342  [38;2;180;60;0mgrad_norm:  1.0683  [38;2;54;234;195mmemory: 39.92GiB(50.26%)  [34mtps: 119  [36mtflops: 5.72  [35mmfu: 0.58%[39m
[rank0]:[titan] 2026-03-18 00:08:48,460 - root - INFO - [31mstep: 2831  [32mloss:  2.6876  [38;2;180;60;0mgrad_norm:  0.7645  [38;2;54;234;195mmemory: 39.92GiB(50.26%)  [34mtps: 119  [36mtflops: 5.74  [35mmfu: 0.58%[39m
[rank0]:[titan] 2026-03-18 00:09:05,853 - root - INFO - [31mstep: 2832  [32mloss:  2.6946  [38;2;180;60;0mgrad_norm:  0.9013  [38;2;54;234;195mmemory: 39.92GiB(50.26%)  [34mtps: 118  [36mtflops: 5.68  [35mmfu: 0.57%[39m
[rank0]:[titan] 2026-03-18 00:09:22,935 - root - INFO - [31mstep: 2833  [32mloss:  2.6695  [38;2;180;60;0mgrad_norm:  1.3811  [38;2;54;234;195mmemory: 39.92GiB(50.26%)  [34mtps: 120  [36mtflops: 5.78  [35mmfu: 0.58%[39m
[rank0]:[titan] 2026-03-18 00:09:40,182 - root - INFO - [31mstep: 2834  [32mloss:  2.6736  [38;2;180;60;0mgrad_norm:  0.9160  [38;2;54;234;195mmemory: 39.92GiB(50.26%)  [34mtps: 119  [36mtflops: 5.73  [35mmfu: 0.58%[39m
[rank0]:[titan] 2026-03-18 00:09:57,534 - root - INFO - [31mstep: 2835  [32mloss:  2.7290  [38;2;180;60;0mgrad_norm:  0.6190  [38;2;54;234;195mmemory: 39.92GiB(50.26%)  [34mtps: 118  [36mtflops: 5.70  [35mmfu: 0.58%[39m
[rank0]:[titan] 2026-03-18 00:10:14,974 - root - INFO - [31mstep: 2836  [32mloss:  2.7467  [38;2;180;60;0mgrad_norm:  1.0145  [38;2;54;234;195mmemory: 39.92GiB(50.26%)  [34mtps: 117  [36mtflops: 5.67  [35mmfu: 0.57%[39m
[rank0]:[titan] 2026-03-18 00:10:32,027 - root - INFO - [31mstep: 2837  [32mloss:  2.7359  [38;2;180;60;0mgrad_norm:  1.0222  [38;2;54;234;195mmemory: 39.92GiB(50.26%)  [34mtps: 120  [36mtflops: 5.80  [35mmfu: 0.59%[39m
[rank0]:[titan] 2026-03-18 00:10:49,426 - root - INFO - [31mstep: 2838  [32mloss:  2.6631  [38;2;180;60;0mgrad_norm:  0.5910  [38;2;54;234;195mmemory: 39.92GiB(50.26%)  [34mtps: 118  [36mtflops: 5.68  [35mmfu: 0.57%[39m
[rank0]:[titan] 2026-03-18 00:11:07,776 - root - INFO - [31mstep: 2839  [32mloss:  2.6449  [38;2;180;60;0mgrad_norm:  0.8457  [38;2;54;234;195mmemory: 39.92GiB(50.26%)  [34mtps: 112  [36mtflops: 5.39  [35mmfu: 0.54%[39m
[rank0]:[titan] 2026-03-18 00:11:25,598 - root - INFO - [31mstep: 2840  [32mloss:  2.6702  [38;2;180;60;0mgrad_norm:  1.0219  [38;2;54;234;195mmemory: 39.92GiB(50.26%)  [34mtps: 115  [36mtflops: 5.54  [35mmfu: 0.56%[39m
[rank0]:[titan] 2026-03-18 00:11:43,125 - root - INFO - [31mstep: 2841  [32mloss:  2.6876  [38;2;180;60;0mgrad_norm:  0.6690  [38;2;54;234;195mmemory: 39.92GiB(50.26%)  [34mtps: 117  [36mtflops: 5.64  [35mmfu: 0.57%[39m
[rank0]:[titan] 2026-03-18 00:12:00,598 - root - INFO - [31mstep: 2842  [32mloss:  2.7217  [38;2;180;60;0mgrad_norm:  1.2697  [38;2;54;234;195mmemory: 39.92GiB(50.26%)  [34mtps: 117  [36mtflops: 5.66  [35mmfu: 0.57%[39m
[rank0]:[titan] 2026-03-18 00:12:18,060 - root - INFO - [31mstep: 2843  [32mloss:  2.6982  [38;2;180;60;0mgrad_norm:  1.1490  [38;2;54;234;195mmemory: 39.92GiB(50.26%)  [34mtps: 117  [36mtflops: 5.66  [35mmfu: 0.57%[39m
[rank0]:[titan] 2026-03-18 00:12:35,345 - root - INFO - [31mstep: 2844  [32mloss:  2.7048  [38;2;180;60;0mgrad_norm:  0.7002  [38;2;54;234;195mmemory: 39.92GiB(50.26%)  [34mtps: 118  [36mtflops: 5.72  [35mmfu: 0.58%[39m
[rank0]:[titan] 2026-03-18 00:12:52,537 - root - INFO - [31mstep: 2845  [32mloss:  2.6265  [38;2;180;60;0mgrad_norm:  1.1003  [38;2;54;234;195mmemory: 39.92GiB(50.26%)  [34mtps: 119  [36mtflops: 5.75  [35mmfu: 0.58%[39m
[rank0]:[titan] 2026-03-18 00:13:09,661 - root - INFO - [31mstep: 2846  [32mloss:  2.6680  [38;2;180;60;0mgrad_norm:  1.1213  [38;2;54;234;195mmemory: 39.92GiB(50.26%)  [34mtps: 120  [36mtflops: 5.77  [35mmfu: 0.58%[39m
[rank0]:[titan] 2026-03-18 00:13:27,196 - root - INFO - [31mstep: 2847  [32mloss:  2.7370  [38;2;180;60;0mgrad_norm:  0.9887  [38;2;54;234;195mmemory: 39.92GiB(50.26%)  [34mtps: 117  [36mtflops: 5.64  [35mmfu: 0.57%[39m
[rank0]:[titan] 2026-03-18 00:13:44,266 - root - INFO - [31mstep: 2848  [32mloss:  2.6600  [38;2;180;60;0mgrad_norm:  0.8296  [38;2;54;234;195mmemory: 39.92GiB(50.26%)  [34mtps: 120  [36mtflops: 5.79  [35mmfu: 0.59%[39m
[rank0]:[titan] 2026-03-18 00:14:01,501 - root - INFO - [31mstep: 2849  [32mloss:  2.7130  [38;2;180;60;0mgrad_norm:  1.2224  [38;2;54;234;195mmemory: 39.92GiB(50.26%)  [34mtps: 119  [36mtflops: 5.73  [35mmfu: 0.58%[39m
[rank0]:[titan] 2026-03-18 00:14:19,104 - root - INFO - [31mstep: 2850  [32mloss:  2.6980  [38;2;180;60;0mgrad_norm:  1.1105  [38;2;54;234;195mmemory: 39.92GiB(50.26%)  [34mtps: 116  [36mtflops: 5.61  [35mmfu: 0.57%[39m
[rank0]:[titan] 2026-03-18 00:14:36,502 - root - INFO - [31mstep: 2851  [32mloss:  2.6711  [38;2;180;60;0mgrad_norm:  1.0175  [38;2;54;234;195mmemory: 39.92GiB(50.26%)  [34mtps: 118  [36mtflops: 5.68  [35mmfu: 0.57%[39m
[rank0]:[titan] 2026-03-18 00:14:54,178 - root - INFO - [31mstep: 2852  [32mloss:  2.6576  [38;2;180;60;0mgrad_norm:  0.8241  [38;2;54;234;195mmemory: 39.92GiB(50.26%)  [34mtps: 116  [36mtflops: 5.59  [35mmfu: 0.57%[39m
[rank0]:[titan] 2026-03-18 00:15:11,344 - root - INFO - [31mstep: 2853  [32mloss:  2.7365  [38;2;180;60;0mgrad_norm:  0.9617  [38;2;54;234;195mmemory: 39.92GiB(50.26%)  [34mtps: 119  [36mtflops: 5.76  [35mmfu: 0.58%[39m
[rank0]:[titan] 2026-03-18 00:15:28,302 - root - INFO - [31mstep: 2854  [32mloss:  2.6986  [38;2;180;60;0mgrad_norm:  0.9697  [38;2;54;234;195mmemory: 39.92GiB(50.26%)  [34mtps: 121  [36mtflops: 5.83  [35mmfu: 0.59%[39m
[rank0]:[titan] 2026-03-18 00:15:46,045 - root - INFO - [31mstep: 2855  [32mloss:  2.6889  [38;2;180;60;0mgrad_norm:  0.9725  [38;2;54;234;195mmemory: 39.92GiB(50.26%)  [34mtps: 115  [36mtflops: 5.57  [35mmfu: 0.56%[39m
[rank0]:[titan] 2026-03-18 00:16:03,628 - root - INFO - [31mstep: 2856  [32mloss:  2.6730  [38;2;180;60;0mgrad_norm:  0.5392  [38;2;54;234;195mmemory: 39.92GiB(50.26%)  [34mtps: 116  [36mtflops: 5.62  [35mmfu: 0.57%[39m
[rank0]:[titan] 2026-03-18 00:16:21,582 - root - INFO - [31mstep: 2857  [32mloss:  2.7022  [38;2;180;60;0mgrad_norm:  0.9063  [38;2;54;234;195mmemory: 39.92GiB(50.26%)  [34mtps: 114  [36mtflops: 5.50  [35mmfu: 0.56%[39m
[rank0]:[titan] 2026-03-18 00:16:38,595 - root - INFO - [31mstep: 2858  [32mloss:  2.6792  [38;2;180;60;0mgrad_norm:  0.9202  [38;2;54;234;195mmemory: 39.92GiB(50.26%)  [34mtps: 120  [36mtflops: 5.81  [35mmfu: 0.59%[39m
[rank0]:[titan] 2026-03-18 00:16:55,472 - root - INFO - [31mstep: 2859  [32mloss:  2.7265  [38;2;180;60;0mgrad_norm:  0.7251  [38;2;54;234;195mmemory: 39.92GiB(50.26%)  [34mtps: 121  [36mtflops: 5.86  [35mmfu: 0.59%[39m
[rank0]:[titan] 2026-03-18 00:17:12,754 - root - INFO - [31mstep: 2860  [32mloss:  2.6533  [38;2;180;60;0mgrad_norm:  0.6566  [38;2;54;234;195mmemory: 39.92GiB(50.26%)  [34mtps: 119  [36mtflops: 5.72  [35mmfu: 0.58%[39m
[rank0]:[titan] 2026-03-18 00:17:29,887 - root - INFO - [31mstep: 2861  [32mloss:  2.6847  [38;2;180;60;0mgrad_norm:  1.0456  [38;2;54;234;195mmemory: 39.92GiB(50.26%)  [34mtps: 120  [36mtflops: 5.77  [35mmfu: 0.58%[39m
[rank0]:[titan] 2026-03-18 00:17:47,432 - root - INFO - [31mstep: 2862  [32mloss:  2.7119  [38;2;180;60;0mgrad_norm:  0.9750  [38;2;54;234;195mmemory: 39.92GiB(50.26%)  [34mtps: 117  [36mtflops: 5.63  [35mmfu: 0.57%[39m
[rank0]:[titan] 2026-03-18 00:18:04,594 - root - INFO - [31mstep: 2863  [32mloss:  2.7637  [38;2;180;60;0mgrad_norm:  0.8369  [38;2;54;234;195mmemory: 39.92GiB(50.26%)  [34mtps: 119  [36mtflops: 5.76  [35mmfu: 0.58%[39m
[rank0]:[titan] 2026-03-18 00:18:21,744 - root - INFO - [31mstep: 2864  [32mloss:  2.7015  [38;2;180;60;0mgrad_norm:  0.8832  [38;2;54;234;195mmemory: 39.92GiB(50.26%)  [34mtps: 119  [36mtflops: 5.76  [35mmfu: 0.58%[39m
[rank0]:[titan] 2026-03-18 00:18:39,211 - root - INFO - [31mstep: 2865  [32mloss:  2.6896  [38;2;180;60;0mgrad_norm:  1.0373  [38;2;54;234;195mmemory: 39.92GiB(50.26%)  [34mtps: 117  [36mtflops: 5.66  [35mmfu: 0.57%[39m
[rank0]:[titan] 2026-03-18 00:18:56,611 - root - INFO - [31mstep: 2866  [32mloss:  2.7441  [38;2;180;60;0mgrad_norm:  0.9769  [38;2;54;234;195mmemory: 39.92GiB(50.26%)  [34mtps: 118  [36mtflops: 5.68  [35mmfu: 0.57%[39m
[rank0]:[titan] 2026-03-18 00:19:13,646 - root - INFO - [31mstep: 2867  [32mloss:  2.6895  [38;2;180;60;0mgrad_norm:  0.7501  [38;2;54;234;195mmemory: 39.92GiB(50.26%)  [34mtps: 120  [36mtflops: 5.80  [35mmfu: 0.59%[39m
[rank0]:[titan] 2026-03-18 00:19:30,921 - root - INFO - [31mstep: 2868  [32mloss:  2.6653  [38;2;180;60;0mgrad_norm:  1.0966  [38;2;54;234;195mmemory: 39.92GiB(50.26%)  [34mtps: 119  [36mtflops: 5.72  [35mmfu: 0.58%[39m
[rank0]:[titan] 2026-03-18 00:19:48,591 - root - INFO - [31mstep: 2869  [32mloss:  2.6830  [38;2;180;60;0mgrad_norm:  0.7525  [38;2;54;234;195mmemory: 39.92GiB(50.26%)  [34mtps: 116  [36mtflops: 5.59  [35mmfu: 0.57%[39m
[rank0]:[titan] 2026-03-18 00:20:06,058 - root - INFO - [31mstep: 2870  [32mloss:  2.7039  [38;2;180;60;0mgrad_norm:  0.7783  [38;2;54;234;195mmemory: 39.92GiB(50.26%)  [34mtps: 117  [36mtflops: 5.66  [35mmfu: 0.57%[39m
[rank0]:[titan] 2026-03-18 00:20:23,433 - root - INFO - [31mstep: 2871  [32mloss:  2.6555  [38;2;180;60;0mgrad_norm:  0.8633  [38;2;54;234;195mmemory: 39.92GiB(50.26%)  [34mtps: 118  [36mtflops: 5.69  [35mmfu: 0.58%[39m
[rank0]:[titan] 2026-03-18 00:20:40,768 - root - INFO - [31mstep: 2872  [32mloss:  2.6334  [38;2;180;60;0mgrad_norm:  0.7296  [38;2;54;234;195mmemory: 39.92GiB(50.26%)  [34mtps: 118  [36mtflops: 5.70  [35mmfu: 0.58%[39m
[rank0]:[titan] 2026-03-18 00:20:58,388 - root - INFO - [31mstep: 2873  [32mloss:  2.6758  [38;2;180;60;0mgrad_norm:  0.8031  [38;2;54;234;195mmemory: 39.92GiB(50.26%)  [34mtps: 116  [36mtflops: 5.61  [35mmfu: 0.57%[39m
[rank0]:[titan] 2026-03-18 00:21:15,491 - root - INFO - [31mstep: 2874  [32mloss:  2.6651  [38;2;180;60;0mgrad_norm:  0.7890  [38;2;54;234;195mmemory: 39.92GiB(50.26%)  [34mtps: 120  [36mtflops: 5.78  [35mmfu: 0.58%[39m
[rank0]:[titan] 2026-03-18 00:21:32,421 - root - INFO - [31mstep: 2875  [32mloss:  2.6499  [38;2;180;60;0mgrad_norm:  0.9501  [38;2;54;234;195mmemory: 39.92GiB(50.26%)  [34mtps: 121  [36mtflops: 5.84  [35mmfu: 0.59%[39m
[rank0]:[titan] 2026-03-18 00:21:49,680 - root - INFO - [31mstep: 2876  [32mloss:  2.6560  [38;2;180;60;0mgrad_norm:  0.7170  [38;2;54;234;195mmemory: 39.92GiB(50.26%)  [34mtps: 119  [36mtflops: 5.73  [35mmfu: 0.58%[39m
[rank0]:[titan] 2026-03-18 00:22:07,020 - root - INFO - [31mstep: 2877  [32mloss:  2.6403  [38;2;180;60;0mgrad_norm:  0.8475  [38;2;54;234;195mmemory: 39.92GiB(50.26%)  [34mtps: 118  [36mtflops: 5.70  [35mmfu: 0.58%[39m
[rank0]:[titan] 2026-03-18 00:22:24,183 - root - INFO - [31mstep: 2878  [32mloss:  2.6442  [38;2;180;60;0mgrad_norm:  1.0607  [38;2;54;234;195mmemory: 39.92GiB(50.26%)  [34mtps: 119  [36mtflops: 5.76  [35mmfu: 0.58%[39m
[rank0]:[titan] 2026-03-18 00:22:41,923 - root - INFO - [31mstep: 2879  [32mloss:  2.6924  [38;2;180;60;0mgrad_norm:  0.6520  [38;2;54;234;195mmemory: 39.92GiB(50.26%)  [34mtps: 115  [36mtflops: 5.57  [35mmfu: 0.56%[39m
[rank0]:[titan] 2026-03-18 00:22:59,545 - root - INFO - [31mstep: 2880  [32mloss:  2.7038  [38;2;180;60;0mgrad_norm:  0.9125  [38;2;54;234;195mmemory: 39.92GiB(50.26%)  [34mtps: 116  [36mtflops: 5.61  [35mmfu: 0.57%[39m
[rank0]:[titan] 2026-03-18 00:23:16,750 - root - INFO - [31mstep: 2881  [32mloss:  2.6754  [38;2;180;60;0mgrad_norm:  0.8030  [38;2;54;234;195mmemory: 39.92GiB(50.26%)  [34mtps: 119  [36mtflops: 5.74  [35mmfu: 0.58%[39m
[rank0]:[titan] 2026-03-18 00:23:34,261 - root - INFO - [31mstep: 2882  [32mloss:  2.6391  [38;2;180;60;0mgrad_norm:  0.6347  [38;2;54;234;195mmemory: 39.92GiB(50.26%)  [34mtps: 117  [36mtflops: 5.64  [35mmfu: 0.57%[39m
[rank0]:[titan] 2026-03-18 00:23:51,703 - root - INFO - [31mstep: 2883  [32mloss:  2.6741  [38;2;180;60;0mgrad_norm:  0.6202  [38;2;54;234;195mmemory: 39.92GiB(50.26%)  [34mtps: 117  [36mtflops: 5.67  [35mmfu: 0.57%[39m
[rank0]:[titan] 2026-03-18 00:24:08,892 - root - INFO - [31mstep: 2884  [32mloss:  2.6891  [38;2;180;60;0mgrad_norm:  1.3568  [38;2;54;234;195mmemory: 39.92GiB(50.26%)  [34mtps: 119  [36mtflops: 5.75  [35mmfu: 0.58%[39m
[rank0]:[titan] 2026-03-18 00:24:26,427 - root - INFO - [31mstep: 2885  [32mloss:  2.6965  [38;2;180;60;0mgrad_norm:  0.8778  [38;2;54;234;195mmemory: 39.92GiB(50.26%)  [34mtps: 117  [36mtflops: 5.64  [35mmfu: 0.57%[39m
[rank0]:[titan] 2026-03-18 00:24:43,870 - root - INFO - [31mstep: 2886  [32mloss:  2.6747  [38;2;180;60;0mgrad_norm:  1.2530  [38;2;54;234;195mmemory: 39.92GiB(50.26%)  [34mtps: 117  [36mtflops: 5.67  [35mmfu: 0.57%[39m
[rank0]:[titan] 2026-03-18 00:25:01,144 - root - INFO - [31mstep: 2887  [32mloss:  2.6755  [38;2;180;60;0mgrad_norm:  1.7201  [38;2;54;234;195mmemory: 39.92GiB(50.26%)  [34mtps: 119  [36mtflops: 5.72  [35mmfu: 0.58%[39m
[rank0]:[titan] 2026-03-18 00:25:18,493 - root - INFO - [31mstep: 2888  [32mloss:  2.7084  [38;2;180;60;0mgrad_norm:  1.2759  [38;2;54;234;195mmemory: 39.92GiB(50.26%)  [34mtps: 118  [36mtflops: 5.70  [35mmfu: 0.58%[39m
[rank0]:[titan] 2026-03-18 00:25:36,079 - root - INFO - [31mstep: 2889  [32mloss:  2.6789  [38;2;180;60;0mgrad_norm:  0.9372  [38;2;54;234;195mmemory: 39.92GiB(50.26%)  [34mtps: 116  [36mtflops: 5.62  [35mmfu: 0.57%[39m
[rank0]:[titan] 2026-03-18 00:25:53,444 - root - INFO - [31mstep: 2890  [32mloss:  2.7081  [38;2;180;60;0mgrad_norm:  1.0008  [38;2;54;234;195mmemory: 39.92GiB(50.26%)  [34mtps: 118  [36mtflops: 5.69  [35mmfu: 0.58%[39m
[rank0]:[titan] 2026-03-18 00:26:10,588 - root - INFO - [31mstep: 2891  [32mloss:  2.6874  [38;2;180;60;0mgrad_norm:  0.8154  [38;2;54;234;195mmemory: 39.92GiB(50.26%)  [34mtps: 119  [36mtflops: 5.76  [35mmfu: 0.58%[39m
[rank0]:[titan] 2026-03-18 00:26:28,259 - root - INFO - [31mstep: 2892  [32mloss:  2.7567  [38;2;180;60;0mgrad_norm:  0.6894  [38;2;54;234;195mmemory: 39.92GiB(50.26%)  [34mtps: 116  [36mtflops: 5.59  [35mmfu: 0.57%[39m
[rank0]:[titan] 2026-03-18 00:26:45,906 - root - INFO - [31mstep: 2893  [32mloss:  2.6905  [38;2;180;60;0mgrad_norm:  0.8187  [38;2;54;234;195mmemory: 39.92GiB(50.26%)  [34mtps: 116  [36mtflops: 5.60  [35mmfu: 0.57%[39m
[rank0]:[titan] 2026-03-18 00:27:03,361 - root - INFO - [31mstep: 2894  [32mloss:  2.7080  [38;2;180;60;0mgrad_norm:  0.9531  [38;2;54;234;195mmemory: 39.92GiB(50.26%)  [34mtps: 117  [36mtflops: 5.66  [35mmfu: 0.57%[39m
[rank0]:[titan] 2026-03-18 00:27:20,756 - root - INFO - [31mstep: 2895  [32mloss:  2.7835  [38;2;180;60;0mgrad_norm:  1.0825  [38;2;54;234;195mmemory: 39.92GiB(50.26%)  [34mtps: 118  [36mtflops: 5.68  [35mmfu: 0.57%[39m
[rank0]:[titan] 2026-03-18 00:27:38,082 - root - INFO - [31mstep: 2896  [32mloss:  2.7606  [38;2;180;60;0mgrad_norm:  0.7376  [38;2;54;234;195mmemory: 39.92GiB(50.26%)  [34mtps: 118  [36mtflops: 5.70  [35mmfu: 0.58%[39m
[rank0]:[titan] 2026-03-18 00:27:55,629 - root - INFO - [31mstep: 2897  [32mloss:  2.7309  [38;2;180;60;0mgrad_norm:  0.7988  [38;2;54;234;195mmemory: 39.92GiB(50.26%)  [34mtps: 117  [36mtflops: 5.63  [35mmfu: 0.57%[39m
[rank0]:[titan] 2026-03-18 00:28:13,042 - root - INFO - [31mstep: 2898  [32mloss:  2.7326  [38;2;180;60;0mgrad_norm:  0.6825  [38;2;54;234;195mmemory: 39.92GiB(50.26%)  [34mtps: 118  [36mtflops: 5.68  [35mmfu: 0.57%[39m
[rank0]:[titan] 2026-03-18 00:28:30,646 - root - INFO - [31mstep: 2899  [32mloss:  2.6579  [38;2;180;60;0mgrad_norm:  0.9568  [38;2;54;234;195mmemory: 39.92GiB(50.26%)  [34mtps: 116  [36mtflops: 5.61  [35mmfu: 0.57%[39m
[rank0]:[titan] 2026-03-18 00:28:47,919 - root - INFO - [31mstep: 2900  [32mloss:  2.6810  [38;2;180;60;0mgrad_norm:  0.7374  [38;2;54;234;195mmemory: 39.92GiB(50.26%)  [34mtps: 119  [36mtflops: 5.72  [35mmfu: 0.58%[39m
[rank0]:[titan] 2026-03-18 00:29:05,407 - root - INFO - [31mstep: 2901  [32mloss:  2.7218  [38;2;180;60;0mgrad_norm:  0.9430  [38;2;54;234;195mmemory: 39.92GiB(50.26%)  [34mtps: 117  [36mtflops: 5.65  [35mmfu: 0.57%[39m
[rank0]:[titan] 2026-03-18 00:29:22,907 - root - INFO - [31mstep: 2902  [32mloss:  2.6789  [38;2;180;60;0mgrad_norm:  0.7726  [38;2;54;234;195mmemory: 39.92GiB(50.26%)  [34mtps: 117  [36mtflops: 5.65  [35mmfu: 0.57%[39m
[rank0]:[titan] 2026-03-18 00:29:40,315 - root - INFO - [31mstep: 2903  [32mloss:  2.7021  [38;2;180;60;0mgrad_norm:  0.8028  [38;2;54;234;195mmemory: 39.92GiB(50.26%)  [34mtps: 118  [36mtflops: 5.68  [35mmfu: 0.57%[39m
[rank0]:[titan] 2026-03-18 00:29:57,956 - root - INFO - [31mstep: 2904  [32mloss:  2.6872  [38;2;180;60;0mgrad_norm:  0.7243  [38;2;54;234;195mmemory: 39.92GiB(50.26%)  [34mtps: 116  [36mtflops: 5.60  [35mmfu: 0.57%[39m
[rank0]:[titan] 2026-03-18 00:30:15,082 - root - INFO - [31mstep: 2905  [32mloss:  2.6866  [38;2;180;60;0mgrad_norm:  0.7035  [38;2;54;234;195mmemory: 39.92GiB(50.26%)  [34mtps: 120  [36mtflops: 5.77  [35mmfu: 0.58%[39m
[rank0]:[titan] 2026-03-18 00:30:32,299 - root - INFO - [31mstep: 2906  [32mloss:  2.7073  [38;2;180;60;0mgrad_norm:  1.2827  [38;2;54;234;195mmemory: 39.92GiB(50.26%)  [34mtps: 119  [36mtflops: 5.74  [35mmfu: 0.58%[39m
[rank0]:[titan] 2026-03-18 00:30:49,803 - root - INFO - [31mstep: 2907  [32mloss:  2.6913  [38;2;180;60;0mgrad_norm:  0.7683  [38;2;54;234;195mmemory: 39.92GiB(50.26%)  [34mtps: 117  [36mtflops: 5.65  [35mmfu: 0.57%[39m
[rank0]:[titan] 2026-03-18 00:31:07,229 - root - INFO - [31mstep: 2908  [32mloss:  2.7524  [38;2;180;60;0mgrad_norm:  0.6137  [38;2;54;234;195mmemory: 39.92GiB(50.26%)  [34mtps: 118  [36mtflops: 5.67  [35mmfu: 0.57%[39m
[rank0]:[titan] 2026-03-18 00:31:24,712 - root - INFO - [31mstep: 2909  [32mloss:  2.7238  [38;2;180;60;0mgrad_norm:  0.8166  [38;2;54;234;195mmemory: 39.92GiB(50.26%)  [34mtps: 117  [36mtflops: 5.65  [35mmfu: 0.57%[39m
[rank0]:[titan] 2026-03-18 00:31:42,265 - root - INFO - [31mstep: 2910  [32mloss:  2.8116  [38;2;180;60;0mgrad_norm:  0.7652  [38;2;54;234;195mmemory: 39.92GiB(50.26%)  [34mtps: 117  [36mtflops: 5.63  [35mmfu: 0.57%[39m
[rank0]:[titan] 2026-03-18 00:31:59,562 - root - INFO - [31mstep: 2911  [32mloss:  2.7273  [38;2;180;60;0mgrad_norm:  0.7966  [38;2;54;234;195mmemory: 39.92GiB(50.26%)  [34mtps: 118  [36mtflops: 5.71  [35mmfu: 0.58%[39m
[rank0]:[titan] 2026-03-18 00:32:16,754 - root - INFO - [31mstep: 2912  [32mloss:  2.7303  [38;2;180;60;0mgrad_norm:  0.8942  [38;2;54;234;195mmemory: 39.92GiB(50.26%)  [34mtps: 119  [36mtflops: 5.75  [35mmfu: 0.58%[39m
[rank0]:[titan] 2026-03-18 00:32:33,809 - root - INFO - [31mstep: 2913  [32mloss:  2.7078  [38;2;180;60;0mgrad_norm:  0.8996  [38;2;54;234;195mmemory: 39.92GiB(50.26%)  [34mtps: 120  [36mtflops: 5.79  [35mmfu: 0.59%[39m
[rank0]:[titan] 2026-03-18 00:32:50,920 - root - INFO - [31mstep: 2914  [32mloss:  2.6848  [38;2;180;60;0mgrad_norm:  0.6745  [38;2;54;234;195mmemory: 39.92GiB(50.26%)  [34mtps: 120  [36mtflops: 5.78  [35mmfu: 0.58%[39m
[rank0]:[titan] 2026-03-18 00:33:08,307 - root - INFO - [31mstep: 2915  [32mloss:  2.7171  [38;2;180;60;0mgrad_norm:  1.0309  [38;2;54;234;195mmemory: 39.92GiB(50.26%)  [34mtps: 118  [36mtflops: 5.68  [35mmfu: 0.57%[39m
[rank0]:[titan] 2026-03-18 00:33:25,446 - root - INFO - [31mstep: 2916  [32mloss:  2.6950  [38;2;180;60;0mgrad_norm:  0.9888  [38;2;54;234;195mmemory: 39.92GiB(50.26%)  [34mtps: 119  [36mtflops: 5.77  [35mmfu: 0.58%[39m
[rank0]:[titan] 2026-03-18 00:33:42,909 - root - INFO - [31mstep: 2917  [32mloss:  2.6005  [38;2;180;60;0mgrad_norm:  0.5683  [38;2;54;234;195mmemory: 39.92GiB(50.26%)  [34mtps: 117  [36mtflops: 5.66  [35mmfu: 0.57%[39m
[rank0]:[titan] 2026-03-18 00:34:00,032 - root - INFO - [31mstep: 2918  [32mloss:  2.6431  [38;2;180;60;0mgrad_norm:  0.8881  [38;2;54;234;195mmemory: 39.92GiB(50.26%)  [34mtps: 120  [36mtflops: 5.77  [35mmfu: 0.58%[39m
[rank0]:[titan] 2026-03-18 00:34:17,641 - root - INFO - [31mstep: 2919  [32mloss:  2.7048  [38;2;180;60;0mgrad_norm:  0.8899  [38;2;54;234;195mmemory: 39.92GiB(50.26%)  [34mtps: 116  [36mtflops: 5.61  [35mmfu: 0.57%[39m
[rank0]:[titan] 2026-03-18 00:34:34,419 - root - INFO - [31mstep: 2920  [32mloss:  2.6784  [38;2;180;60;0mgrad_norm:  0.8540  [38;2;54;234;195mmemory: 39.92GiB(50.26%)  [34mtps: 122  [36mtflops: 5.89  [35mmfu: 0.60%[39m
[rank0]:[titan] 2026-03-18 00:34:51,999 - root - INFO - [31mstep: 2921  [32mloss:  2.6722  [38;2;180;60;0mgrad_norm:  0.9376  [38;2;54;234;195mmemory: 39.92GiB(50.26%)  [34mtps: 117  [36mtflops: 5.62  [35mmfu: 0.57%[39m
[rank0]:[titan] 2026-03-18 00:35:09,154 - root - INFO - [31mstep: 2922  [32mloss:  2.6687  [38;2;180;60;0mgrad_norm:  0.9559  [38;2;54;234;195mmemory: 39.92GiB(50.26%)  [34mtps: 119  [36mtflops: 5.76  [35mmfu: 0.58%[39m
[rank0]:[titan] 2026-03-18 00:35:26,635 - root - INFO - [31mstep: 2923  [32mloss:  2.6939  [38;2;180;60;0mgrad_norm:  0.7380  [38;2;54;234;195mmemory: 39.92GiB(50.26%)  [34mtps: 117  [36mtflops: 5.65  [35mmfu: 0.57%[39m
[rank0]:[titan] 2026-03-18 00:35:43,570 - root - INFO - [31mstep: 2924  [32mloss:  2.6788  [38;2;180;60;0mgrad_norm:  0.8485  [38;2;54;234;195mmemory: 39.92GiB(50.26%)  [34mtps: 121  [36mtflops: 5.84  [35mmfu: 0.59%[39m
[rank0]:[titan] 2026-03-18 00:36:00,802 - root - INFO - [31mstep: 2925  [32mloss:  2.6789  [38;2;180;60;0mgrad_norm:  0.6355  [38;2;54;234;195mmemory: 39.92GiB(50.26%)  [34mtps: 119  [36mtflops: 5.73  [35mmfu: 0.58%[39m
[rank0]:[titan] 2026-03-18 00:36:18,589 - root - INFO - [31mstep: 2926  [32mloss:  2.6665  [38;2;180;60;0mgrad_norm:  0.6499  [38;2;54;234;195mmemory: 39.92GiB(50.26%)  [34mtps: 115  [36mtflops: 5.56  [35mmfu: 0.56%[39m
[rank0]:[titan] 2026-03-18 00:36:35,813 - root - INFO - [31mstep: 2927  [32mloss:  2.7185  [38;2;180;60;0mgrad_norm:  0.8207  [38;2;54;234;195mmemory: 39.92GiB(50.26%)  [34mtps: 119  [36mtflops: 5.74  [35mmfu: 0.58%[39m
[rank0]:[titan] 2026-03-18 00:36:52,749 - root - INFO - [31mstep: 2928  [32mloss:  2.6889  [38;2;180;60;0mgrad_norm:  0.7832  [38;2;54;234;195mmemory: 39.92GiB(50.26%)  [34mtps: 121  [36mtflops: 5.83  [35mmfu: 0.59%[39m
[rank0]:[titan] 2026-03-18 00:37:09,717 - root - INFO - [31mstep: 2929  [32mloss:  2.6798  [38;2;180;60;0mgrad_norm:  0.5513  [38;2;54;234;195mmemory: 39.92GiB(50.26%)  [34mtps: 121  [36mtflops: 5.82  [35mmfu: 0.59%[39m
[rank0]:[titan] 2026-03-18 00:37:26,897 - root - INFO - [31mstep: 2930  [32mloss:  2.6626  [38;2;180;60;0mgrad_norm:  0.6306  [38;2;54;234;195mmemory: 39.92GiB(50.26%)  [34mtps: 119  [36mtflops: 5.75  [35mmfu: 0.58%[39m
[rank0]:[titan] 2026-03-18 00:37:44,549 - root - INFO - [31mstep: 2931  [32mloss:  2.6748  [38;2;180;60;0mgrad_norm:  0.7277  [38;2;54;234;195mmemory: 39.92GiB(50.26%)  [34mtps: 116  [36mtflops: 5.60  [35mmfu: 0.57%[39m
[rank0]:[titan] 2026-03-18 00:38:02,178 - root - INFO - [31mstep: 2932  [32mloss:  2.6891  [38;2;180;60;0mgrad_norm:  0.8184  [38;2;54;234;195mmemory: 39.92GiB(50.26%)  [34mtps: 116  [36mtflops: 5.61  [35mmfu: 0.57%[39m
[rank0]:[titan] 2026-03-18 00:38:19,969 - root - INFO - [31mstep: 2933  [32mloss:  2.6095  [38;2;180;60;0mgrad_norm:  0.4929  [38;2;54;234;195mmemory: 39.92GiB(50.26%)  [34mtps: 115  [36mtflops: 5.55  [35mmfu: 0.56%[39m
[rank0]:[titan] 2026-03-18 00:38:37,745 - root - INFO - [31mstep: 2934  [32mloss:  2.6598  [38;2;180;60;0mgrad_norm:  1.7606  [38;2;54;234;195mmemory: 39.92GiB(50.26%)  [34mtps: 115  [36mtflops: 5.56  [35mmfu: 0.56%[39m
[rank0]:[titan] 2026-03-18 00:38:55,392 - root - INFO - [31mstep: 2935  [32mloss:  2.7225  [38;2;180;60;0mgrad_norm:  0.9590  [38;2;54;234;195mmemory: 39.92GiB(50.26%)  [34mtps: 116  [36mtflops: 5.60  [35mmfu: 0.57%[39m
[rank0]:[titan] 2026-03-18 00:39:12,660 - root - INFO - [31mstep: 2936  [32mloss:  2.7336  [38;2;180;60;0mgrad_norm:  0.6560  [38;2;54;234;195mmemory: 39.92GiB(50.26%)  [34mtps: 119  [36mtflops: 5.72  [35mmfu: 0.58%[39m
[rank0]:[titan] 2026-03-18 00:39:29,840 - root - INFO - [31mstep: 2937  [32mloss:  2.6866  [38;2;180;60;0mgrad_norm:  0.5657  [38;2;54;234;195mmemory: 39.92GiB(50.26%)  [34mtps: 119  [36mtflops: 5.75  [35mmfu: 0.58%[39m
[rank0]:[titan] 2026-03-18 00:39:47,030 - root - INFO - [31mstep: 2938  [32mloss:  2.6542  [38;2;180;60;0mgrad_norm:  0.8904  [38;2;54;234;195mmemory: 39.92GiB(50.26%)  [34mtps: 119  [36mtflops: 5.75  [35mmfu: 0.58%[39m
[rank0]:[titan] 2026-03-18 00:40:04,298 - root - INFO - [31mstep: 2939  [32mloss:  2.6006  [38;2;180;60;0mgrad_norm:  0.6520  [38;2;54;234;195mmemory: 39.92GiB(50.26%)  [34mtps: 119  [36mtflops: 5.72  [35mmfu: 0.58%[39m
[rank0]:[titan] 2026-03-18 00:40:21,941 - root - INFO - [31mstep: 2940  [32mloss:  2.6466  [38;2;180;60;0mgrad_norm:  0.5294  [38;2;54;234;195mmemory: 39.92GiB(50.26%)  [34mtps: 116  [36mtflops: 5.60  [35mmfu: 0.57%[39m
[rank0]:[titan] 2026-03-18 00:40:39,534 - root - INFO - [31mstep: 2941  [32mloss:  2.6982  [38;2;180;60;0mgrad_norm:  1.0435  [38;2;54;234;195mmemory: 39.92GiB(50.26%)  [34mtps: 116  [36mtflops: 5.62  [35mmfu: 0.57%[39m
[rank0]:[titan] 2026-03-18 00:40:57,001 - root - INFO - [31mstep: 2942  [32mloss:  2.6553  [38;2;180;60;0mgrad_norm:  0.7879  [38;2;54;234;195mmemory: 39.92GiB(50.26%)  [34mtps: 117  [36mtflops: 5.66  [35mmfu: 0.57%[39m
[rank0]:[titan] 2026-03-18 00:41:14,054 - root - INFO - [31mstep: 2943  [32mloss:  2.6514  [38;2;180;60;0mgrad_norm:  0.7819  [38;2;54;234;195mmemory: 39.92GiB(50.26%)  [34mtps: 120  [36mtflops: 5.80  [35mmfu: 0.59%[39m
[rank0]:[titan] 2026-03-18 00:41:31,245 - root - INFO - [31mstep: 2944  [32mloss:  2.6762  [38;2;180;60;0mgrad_norm:  0.7329  [38;2;54;234;195mmemory: 39.92GiB(50.26%)  [34mtps: 119  [36mtflops: 5.75  [35mmfu: 0.58%[39m
[rank0]:[titan] 2026-03-18 00:41:48,752 - root - INFO - [31mstep: 2945  [32mloss:  2.6637  [38;2;180;60;0mgrad_norm:  0.9954  [38;2;54;234;195mmemory: 39.92GiB(50.26%)  [34mtps: 117  [36mtflops: 5.64  [35mmfu: 0.57%[39m
[rank0]:[titan] 2026-03-18 00:42:06,137 - root - INFO - [31mstep: 2946  [32mloss:  2.6501  [38;2;180;60;0mgrad_norm:  0.8720  [38;2;54;234;195mmemory: 39.92GiB(50.26%)  [34mtps: 118  [36mtflops: 5.68  [35mmfu: 0.57%[39m
[rank0]:[titan] 2026-03-18 00:42:23,551 - root - INFO - [31mstep: 2947  [32mloss:  2.6447  [38;2;180;60;0mgrad_norm:  0.5329  [38;2;54;234;195mmemory: 39.92GiB(50.26%)  [34mtps: 118  [36mtflops: 5.67  [35mmfu: 0.57%[39m
[rank0]:[titan] 2026-03-18 00:42:40,711 - root - INFO - [31mstep: 2948  [32mloss:  2.6624  [38;2;180;60;0mgrad_norm:  0.7323  [38;2;54;234;195mmemory: 39.92GiB(50.26%)  [34mtps: 119  [36mtflops: 5.76  [35mmfu: 0.58%[39m
[rank0]:[titan] 2026-03-18 00:42:57,854 - root - INFO - [31mstep: 2949  [32mloss:  2.6223  [38;2;180;60;0mgrad_norm:  0.5428  [38;2;54;234;195mmemory: 39.92GiB(50.26%)  [34mtps: 119  [36mtflops: 5.76  [35mmfu: 0.58%[39m
[rank0]:[titan] 2026-03-18 00:43:15,177 - root - INFO - [31mstep: 2950  [32mloss:  2.6444  [38;2;180;60;0mgrad_norm:  0.7098  [38;2;54;234;195mmemory: 39.92GiB(50.26%)  [34mtps: 118  [36mtflops: 5.70  [35mmfu: 0.58%[39m
[rank0]:[titan] 2026-03-18 00:43:32,709 - root - INFO - [31mstep: 2951  [32mloss:  2.6554  [38;2;180;60;0mgrad_norm:  0.5342  [38;2;54;234;195mmemory: 39.92GiB(50.26%)  [34mtps: 117  [36mtflops: 5.64  [35mmfu: 0.57%[39m
[rank0]:[titan] 2026-03-18 00:43:50,265 - root - INFO - [31mstep: 2952  [32mloss:  2.6335  [38;2;180;60;0mgrad_norm:  0.5906  [38;2;54;234;195mmemory: 39.92GiB(50.26%)  [34mtps: 117  [36mtflops: 5.63  [35mmfu: 0.57%[39m
[rank0]:[titan] 2026-03-18 00:44:07,777 - root - INFO - [31mstep: 2953  [32mloss:  2.6832  [38;2;180;60;0mgrad_norm:  0.6373  [38;2;54;234;195mmemory: 39.92GiB(50.26%)  [34mtps: 117  [36mtflops: 5.64  [35mmfu: 0.57%[39m
[rank0]:[titan] 2026-03-18 00:44:25,278 - root - INFO - [31mstep: 2954  [32mloss:  2.7080  [38;2;180;60;0mgrad_norm:  0.9420  [38;2;54;234;195mmemory: 39.92GiB(50.26%)  [34mtps: 117  [36mtflops: 5.65  [35mmfu: 0.57%[39m
[rank0]:[titan] 2026-03-18 00:44:42,612 - root - INFO - [31mstep: 2955  [32mloss:  2.6772  [38;2;180;60;0mgrad_norm:  0.8225  [38;2;54;234;195mmemory: 39.92GiB(50.26%)  [34mtps: 118  [36mtflops: 5.70  [35mmfu: 0.58%[39m
[rank0]:[titan] 2026-03-18 00:44:59,924 - root - INFO - [31mstep: 2956  [32mloss:  2.6781  [38;2;180;60;0mgrad_norm:  0.7610  [38;2;54;234;195mmemory: 39.92GiB(50.26%)  [34mtps: 118  [36mtflops: 5.71  [35mmfu: 0.58%[39m
[rank0]:[titan] 2026-03-18 00:45:17,593 - root - INFO - [31mstep: 2957  [32mloss:  2.6304  [38;2;180;60;0mgrad_norm:  0.4915  [38;2;54;234;195mmemory: 39.92GiB(50.26%)  [34mtps: 116  [36mtflops: 5.59  [35mmfu: 0.57%[39m
[rank0]:[titan] 2026-03-18 00:45:34,714 - root - INFO - [31mstep: 2958  [32mloss:  2.6328  [38;2;180;60;0mgrad_norm:  0.9456  [38;2;54;234;195mmemory: 39.92GiB(50.26%)  [34mtps: 120  [36mtflops: 5.77  [35mmfu: 0.58%[39m
[rank0]:[titan] 2026-03-18 00:45:51,794 - root - INFO - [31mstep: 2959  [32mloss:  2.6592  [38;2;180;60;0mgrad_norm:  0.9162  [38;2;54;234;195mmemory: 39.92GiB(50.26%)  [34mtps: 120  [36mtflops: 5.79  [35mmfu: 0.58%[39m
[rank0]:[titan] 2026-03-18 00:46:09,240 - root - INFO - [31mstep: 2960  [32mloss:  2.6541  [38;2;180;60;0mgrad_norm:  0.6102  [38;2;54;234;195mmemory: 39.92GiB(50.26%)  [34mtps: 117  [36mtflops: 5.66  [35mmfu: 0.57%[39m
[rank0]:[titan] 2026-03-18 00:46:09,243 - root - WARNING - Dataset c4_test is being re-looped
[rank0]:[titan] 2026-03-18 00:46:26,552 - root - INFO - [31mstep: 2961  [32mloss:  2.6952  [38;2;180;60;0mgrad_norm:  0.6121  [38;2;54;234;195mmemory: 39.92GiB(50.26%)  [34mtps: 118  [36mtflops: 5.71  [35mmfu: 0.58%[39m
[rank0]:[titan] 2026-03-18 00:46:43,683 - root - INFO - [31mstep: 2962  [32mloss:  2.6785  [38;2;180;60;0mgrad_norm:  0.6088  [38;2;54;234;195mmemory: 39.92GiB(50.26%)  [34mtps: 120  [36mtflops: 5.77  [35mmfu: 0.58%[39m
[rank0]:[titan] 2026-03-18 00:47:01,060 - root - INFO - [31mstep: 2963  [32mloss:  2.6799  [38;2;180;60;0mgrad_norm:  0.8559  [38;2;54;234;195mmemory: 39.92GiB(50.26%)  [34mtps: 118  [36mtflops: 5.69  [35mmfu: 0.58%[39m
[rank0]:[titan] 2026-03-18 00:47:18,557 - root - INFO - [31mstep: 2964  [32mloss:  2.6849  [38;2;180;60;0mgrad_norm:  0.7935  [38;2;54;234;195mmemory: 39.92GiB(50.26%)  [34mtps: 117  [36mtflops: 5.65  [35mmfu: 0.57%[39m
[rank0]:[titan] 2026-03-18 00:47:35,910 - root - INFO - [31mstep: 2965  [32mloss:  2.7013  [38;2;180;60;0mgrad_norm:  0.6362  [38;2;54;234;195mmemory: 39.92GiB(50.26%)  [34mtps: 118  [36mtflops: 5.70  [35mmfu: 0.58%[39m
[rank0]:[titan] 2026-03-18 00:47:53,580 - root - INFO - [31mstep: 2966  [32mloss:  2.6753  [38;2;180;60;0mgrad_norm:  0.5766  [38;2;54;234;195mmemory: 39.92GiB(50.26%)  [34mtps: 116  [36mtflops: 5.59  [35mmfu: 0.57%[39m
[rank0]:[titan] 2026-03-18 00:48:11,358 - root - INFO - [31mstep: 2967  [32mloss:  2.6729  [38;2;180;60;0mgrad_norm:  0.7182  [38;2;54;234;195mmemory: 39.92GiB(50.26%)  [34mtps: 115  [36mtflops: 5.56  [35mmfu: 0.56%[39m
[rank0]:[titan] 2026-03-18 00:48:27,650 - root - INFO - [31mstep: 2968  [32mloss:  2.6573  [38;2;180;60;0mgrad_norm:  0.6118  [38;2;54;234;195mmemory: 39.92GiB(50.26%)  [34mtps: 126  [36mtflops: 6.07  [35mmfu: 0.61%[39m
[rank0]:[titan] 2026-03-18 00:48:44,750 - root - INFO - [31mstep: 2969  [32mloss:  2.6511  [38;2;180;60;0mgrad_norm:  0.5207  [38;2;54;234;195mmemory: 39.92GiB(50.26%)  [34mtps: 120  [36mtflops: 5.78  [35mmfu: 0.58%[39m
[rank0]:[titan] 2026-03-18 00:49:02,221 - root - INFO - [31mstep: 2970  [32mloss:  2.7254  [38;2;180;60;0mgrad_norm:  0.6402  [38;2;54;234;195mmemory: 39.92GiB(50.26%)  [34mtps: 117  [36mtflops: 5.66  [35mmfu: 0.57%[39m
[rank0]:[titan] 2026-03-18 00:49:19,399 - root - INFO - [31mstep: 2971  [32mloss:  2.7687  [38;2;180;60;0mgrad_norm:  0.6147  [38;2;54;234;195mmemory: 39.92GiB(50.26%)  [34mtps: 119  [36mtflops: 5.75  [35mmfu: 0.58%[39m
[rank0]:[titan] 2026-03-18 00:49:36,775 - root - INFO - [31mstep: 2972  [32mloss:  2.6547  [38;2;180;60;0mgrad_norm:  0.7038  [38;2;54;234;195mmemory: 39.92GiB(50.26%)  [34mtps: 118  [36mtflops: 5.69  [35mmfu: 0.58%[39m
[rank0]:[titan] 2026-03-18 00:49:53,614 - root - INFO - [31mstep: 2973  [32mloss:  2.7133  [38;2;180;60;0mgrad_norm:  0.7425  [38;2;54;234;195mmemory: 39.92GiB(50.26%)  [34mtps: 122  [36mtflops: 5.87  [35mmfu: 0.59%[39m
[rank0]:[titan] 2026-03-18 00:50:10,498 - root - INFO - [31mstep: 2974  [32mloss:  2.7544  [38;2;180;60;0mgrad_norm:  0.6917  [38;2;54;234;195mmemory: 39.92GiB(50.26%)  [34mtps: 121  [36mtflops: 5.85  [35mmfu: 0.59%[39m
[rank0]:[titan] 2026-03-18 00:50:27,863 - root - INFO - [31mstep: 2975  [32mloss:  2.8313  [38;2;180;60;0mgrad_norm:  1.2939  [38;2;54;234;195mmemory: 39.92GiB(50.26%)  [34mtps: 118  [36mtflops: 5.69  [35mmfu: 0.58%[39m
[rank0]:[titan] 2026-03-18 00:50:45,055 - root - INFO - [31mstep: 2976  [32mloss:  2.7267  [38;2;180;60;0mgrad_norm:  0.6320  [38;2;54;234;195mmemory: 39.92GiB(50.26%)  [34mtps: 119  [36mtflops: 5.75  [35mmfu: 0.58%[39m
[rank0]:[titan] 2026-03-18 00:51:02,775 - root - INFO - [31mstep: 2977  [32mloss:  2.7042  [38;2;180;60;0mgrad_norm:  0.7015  [38;2;54;234;195mmemory: 39.92GiB(50.26%)  [34mtps: 116  [36mtflops: 5.58  [35mmfu: 0.56%[39m
[rank0]:[titan] 2026-03-18 00:51:20,425 - root - INFO - [31mstep: 2978  [32mloss:  2.7371  [38;2;180;60;0mgrad_norm:  0.6972  [38;2;54;234;195mmemory: 39.92GiB(50.26%)  [34mtps: 116  [36mtflops: 5.60  [35mmfu: 0.57%[39m
[rank0]:[titan] 2026-03-18 00:51:38,036 - root - INFO - [31mstep: 2979  [32mloss:  2.7102  [38;2;180;60;0mgrad_norm:  0.6823  [38;2;54;234;195mmemory: 39.92GiB(50.26%)  [34mtps: 116  [36mtflops: 5.61  [35mmfu: 0.57%[39m
[rank0]:[titan] 2026-03-18 00:51:55,613 - root - INFO - [31mstep: 2980  [32mloss:  2.7407  [38;2;180;60;0mgrad_norm:  0.8169  [38;2;54;234;195mmemory: 39.92GiB(50.26%)  [34mtps: 117  [36mtflops: 5.62  [35mmfu: 0.57%[39m
[rank0]:[titan] 2026-03-18 00:52:12,925 - root - INFO - [31mstep: 2981  [32mloss:  2.6643  [38;2;180;60;0mgrad_norm:  0.5596  [38;2;54;234;195mmemory: 39.92GiB(50.26%)  [34mtps: 118  [36mtflops: 5.71  [35mmfu: 0.58%[39m
[rank0]:[titan] 2026-03-18 00:52:30,573 - root - INFO - [31mstep: 2982  [32mloss:  2.6928  [38;2;180;60;0mgrad_norm:  0.6658  [38;2;54;234;195mmemory: 39.92GiB(50.26%)  [34mtps: 116  [36mtflops: 5.60  [35mmfu: 0.57%[39m
[rank0]:[titan] 2026-03-18 00:52:48,196 - root - INFO - [31mstep: 2983  [32mloss:  2.7102  [38;2;180;60;0mgrad_norm:  0.9424  [38;2;54;234;195mmemory: 39.92GiB(50.26%)  [34mtps: 116  [36mtflops: 5.61  [35mmfu: 0.57%[39m
[rank0]:[titan] 2026-03-18 00:53:05,290 - root - INFO - [31mstep: 2984  [32mloss:  2.6589  [38;2;180;60;0mgrad_norm:  0.7984  [38;2;54;234;195mmemory: 39.92GiB(50.26%)  [34mtps: 120  [36mtflops: 5.78  [35mmfu: 0.58%[39m
[rank0]:[titan] 2026-03-18 00:53:22,766 - root - INFO - [31mstep: 2985  [32mloss:  2.7027  [38;2;180;60;0mgrad_norm:  0.7171  [38;2;54;234;195mmemory: 39.92GiB(50.26%)  [34mtps: 117  [36mtflops: 5.65  [35mmfu: 0.57%[39m
[rank0]:[titan] 2026-03-18 00:53:40,020 - root - INFO - [31mstep: 2986  [32mloss:  2.7232  [38;2;180;60;0mgrad_norm:  0.9419  [38;2;54;234;195mmemory: 39.92GiB(50.26%)  [34mtps: 119  [36mtflops: 5.73  [35mmfu: 0.58%[39m
[rank0]:[titan] 2026-03-18 00:53:57,092 - root - INFO - [31mstep: 2987  [32mloss:  2.6714  [38;2;180;60;0mgrad_norm:  1.0155  [38;2;54;234;195mmemory: 39.92GiB(50.26%)  [34mtps: 120  [36mtflops: 5.79  [35mmfu: 0.59%[39m
[rank0]:[titan] 2026-03-18 00:54:14,806 - root - INFO - [31mstep: 2988  [32mloss:  2.7296  [38;2;180;60;0mgrad_norm:  0.7794  [38;2;54;234;195mmemory: 39.92GiB(50.26%)  [34mtps: 116  [36mtflops: 5.58  [35mmfu: 0.56%[39m
[rank0]:[titan] 2026-03-18 00:54:32,370 - root - INFO - [31mstep: 2989  [32mloss:  2.7026  [38;2;180;60;0mgrad_norm:  0.7256  [38;2;54;234;195mmemory: 39.92GiB(50.26%)  [34mtps: 117  [36mtflops: 5.63  [35mmfu: 0.57%[39m
[rank0]:[titan] 2026-03-18 00:54:49,617 - root - INFO - [31mstep: 2990  [32mloss:  2.6660  [38;2;180;60;0mgrad_norm:  0.7084  [38;2;54;234;195mmemory: 39.92GiB(50.26%)  [34mtps: 119  [36mtflops: 5.73  [35mmfu: 0.58%[39m
[rank0]:[titan] 2026-03-18 00:55:06,980 - root - INFO - [31mstep: 2991  [32mloss:  2.7456  [38;2;180;60;0mgrad_norm:  0.7292  [38;2;54;234;195mmemory: 39.92GiB(50.26%)  [34mtps: 118  [36mtflops: 5.69  [35mmfu: 0.58%[39m
[rank0]:[titan] 2026-03-18 00:55:24,475 - root - INFO - [31mstep: 2992  [32mloss:  2.7033  [38;2;180;60;0mgrad_norm:  0.8968  [38;2;54;234;195mmemory: 39.92GiB(50.26%)  [34mtps: 117  [36mtflops: 5.65  [35mmfu: 0.57%[39m
[rank0]:[titan] 2026-03-18 00:55:42,074 - root - INFO - [31mstep: 2993  [32mloss:  2.7041  [38;2;180;60;0mgrad_norm:  0.7551  [38;2;54;234;195mmemory: 39.92GiB(50.26%)  [34mtps: 116  [36mtflops: 5.62  [35mmfu: 0.57%[39m
[rank0]:[titan] 2026-03-18 00:55:59,497 - root - INFO - [31mstep: 2994  [32mloss:  2.7246  [38;2;180;60;0mgrad_norm:  0.5518  [38;2;54;234;195mmemory: 39.92GiB(50.26%)  [34mtps: 118  [36mtflops: 5.67  [35mmfu: 0.57%[39m
[rank0]:[titan] 2026-03-18 00:56:17,242 - root - INFO - [31mstep: 2995  [32mloss:  2.7641  [38;2;180;60;0mgrad_norm:  0.7770  [38;2;54;234;195mmemory: 39.92GiB(50.26%)  [34mtps: 115  [36mtflops: 5.57  [35mmfu: 0.56%[39m
[rank0]:[titan] 2026-03-18 00:56:34,349 - root - INFO - [31mstep: 2996  [32mloss:  2.7028  [38;2;180;60;0mgrad_norm:  0.8075  [38;2;54;234;195mmemory: 39.92GiB(50.26%)  [34mtps: 120  [36mtflops: 5.78  [35mmfu: 0.58%[39m
[rank0]:[titan] 2026-03-18 00:56:51,846 - root - INFO - [31mstep: 2997  [32mloss:  2.7246  [38;2;180;60;0mgrad_norm:  0.7361  [38;2;54;234;195mmemory: 39.92GiB(50.26%)  [34mtps: 117  [36mtflops: 5.65  [35mmfu: 0.57%[39m
[rank0]:[titan] 2026-03-18 00:57:09,173 - root - INFO - [31mstep: 2998  [32mloss:  2.7304  [38;2;180;60;0mgrad_norm:  0.8749  [38;2;54;234;195mmemory: 39.92GiB(50.26%)  [34mtps: 118  [36mtflops: 5.70  [35mmfu: 0.58%[39m
[rank0]:[titan] 2026-03-18 00:57:26,662 - root - INFO - [31mstep: 2999  [32mloss:  2.7203  [38;2;180;60;0mgrad_norm:  0.9012  [38;2;54;234;195mmemory: 39.92GiB(50.26%)  [34mtps: 117  [36mtflops: 5.65  [35mmfu: 0.57%[39m
[rank0]:[titan] 2026-03-18 00:57:44,297 - root - INFO - [31mstep: 3000  [32mloss:  2.6754  [38;2;180;60;0mgrad_norm:  0.8434  [38;2;54;234;195mmemory: 39.92GiB(50.26%)  [34mtps: 116  [36mtflops: 5.60  [35mmfu: 0.57%[39m
[rank0]:[titan] 2026-03-18 00:57:44,299 - root - INFO - [33mpost-warmup (100 steps) avg  [34mtps: 120  [36mtflops: 5.80  [35mmfu: 0.59%[39m
[rank0]:[titan] 2026-03-18 00:57:44,299 - root - INFO - Training completed
