[1mdiff --git a/outputs/llama3_8b/fsdp/torchtitan/slurm_21991460.out b/outputs/llama3_8b/fsdp/hf_fsdp/slurm_21991459.out[m
[1mindex 235a116..6263be8 100644[m
[1m--- a/outputs/llama3_8b/fsdp/torchtitan/slurm_21991460.out[m
[1m+++ b/outputs/llama3_8b/fsdp/hf_fsdp/slurm_21991459.out[m
[36m@@ -2,806 +2,865 @@[m
START TIME: Tue Mar 17 10:40:37 UTC 2026[m
python3 version = Python 3.12.9[m
===========[m
Running job: [31mllama3_8b_fsdp_torchtitan[m[32mllama3_8b_fsdp_hf_fsdp[m
Config file: [31m/fsx/ferdinandmom/ferdinand-hf/huggingface/torchtitan/torchtitan/experiments/debug_fsdp/configs/torchtitan_llama3_8b.toml[m[32m/fsx/ferdinandmom/ferdinand-hf/huggingface/torchtitan/torchtitan/experiments/debug_fsdp/configs/hf_llama3_8b_fsdp.toml[m
[32mUSE_HF_FSDP=1[m
Running command: srun -u torchrun     --nproc_per_node 8     --nnodes 1     --rdzv_endpoint [31mip-26-0-168-34:29378[m[32mip-26-0-168-30:17524[m     --rdzv_backend c10d     --max_restarts 0     --role rank     --local_ranks_filter 0     --tee 3     minimal_fsdp.py     --job.config_file [31m/fsx/ferdinandmom/ferdinand-hf/huggingface/torchtitan/torchtitan/experiments/debug_fsdp/configs/torchtitan_llama3_8b.toml[m[32m/fsx/ferdinandmom/ferdinand-hf/huggingface/torchtitan/torchtitan/experiments/debug_fsdp/configs/hf_llama3_8b_fsdp.toml[m     --checkpoint.enable     --checkpoint.initial_load_path outputs/llama3_8b/seed_checkpoint/checkpoint/step-0     --checkpoint.load_only[31m--model.flavor 8B[m
Job status: RUNNING[m
W0317 [31m10:40:43.299000 2263479[m[32m10:40:43.173000 2316041[m torch/distributed/run.py:853] 
W0317 [31m10:40:43.299000 2263479[m[32m10:40:43.173000 2316041[m torch/distributed/run.py:853] *****************************************
W0317 [31m10:40:43.299000 2263479[m[32m10:40:43.173000 2316041[m torch/distributed/run.py:853] Setting OMP_NUM_THREADS environment variable for each process to be 1 in default, to avoid your system being overloaded, please further tune the variable for optimal performance in your application as needed. 
W0317 [31m10:40:43.299000 2263479[m[32m10:40:43.173000 2316041[m torch/distributed/run.py:853] *****************************************
[rank0]:[titan] 2026-03-17 [31m10:41:04,133[m[32m10:41:21,340[m - root - WARNING - ENV[TORCH_NCCL_ASYNC_ERROR_HANDLING] = 1 will be overridden to 3 based on job config
[rank0]:[titan] 2026-03-17 [31m10:41:04,154[m[32m10:41:21,352[m - root - INFO - Building 1-D device mesh with ['dp_shard'], [8]
[rank0]:[titan] 2026-03-17 [31m10:41:04,157[m[32m10:41:21,372[m - root - INFO - Deterministic algorithm enabled (expect perf degradation).
[rank0]:[titan] 2026-03-17 [31m10:41:04,192[m[32m10:41:21,402[m - root - INFO - Initialized distributed run rank=0 world_size=8 local_rank=0 mesh=[0, 1, 2, 3, 4, 5, 6, 7]
[rank0]:[titan] 2026-03-17 [31m10:41:04,192[m[32m10:41:21,403[m - root - INFO - Backend: [31mtorchtitan (llama3)[m[32mHF from_pretrained + manual FSDP[m
[rank0]:[titan] 2026-03-17 [31m10:41:04,193[m[32m10:42:25,851[m - root - INFO - [31mBuilding llama3 8B with TransformerModelArgs(_enforced='This field is used to enforce all fields have defaults.', dim=4096, n_layers=32, n_heads=32, n_kv_heads=8, vocab_size=128256, multiple_of=1024, ffn_dim_multiplier=1.3, norm_eps=1e-05, rope_theta=500000, rope_scaling_args=RoPEScalingArgs(scaling_factor=8.0, low_freq_factor=1.0, high_freq_factor=4.0, original_max_position_embeddings=8192), max_seq_len=2048, depth_init=True, attn_type='sdpa', attn_mask_type='causal', eos_id=0)[m
[31m[rank0]:[titan] 2026-03-17 10:41:56,517 - root - WARNING - model.safetensors.index.json not found[m[32mPrepared HF model dir[m at [31mhf_assets_path: ../../../tests/assets/tokenizer/model.safetensors.index.json.                     Defaulting[m[32moutputs/hf_fsdp_pretrained with seed from outputs/llama3_8b/seed_checkpoint/checkpoint/step-0[m
[32m[rank0]:/fsx/ferdinandmom/ferdinand-hf/huggingface/torchtitan/env_torchtitan_official/lib/python3.12/site-packages/torch/distributed/c10d_logger.py:83: UserWarning: barrier(): using the device under current context. You can specify `device_id` in `init_process_group`[m to [31msaving[m[32mmute this warning.[m
[32m[rank0]:  return func(*args, **kwargs)[m
[32m[rank0]:[rank0]:[W317 10:42:27.005156765 ProcessGroupNCCL.cpp:5138] Guessing device ID based on global rank. This can cause[m a [31msingle safetensors file[m[32mhang[m if [31mcheckpoint[m[32mrank to GPU mapping[m is [31msaved[m[32mheterogeneous. You can specify device_id[m in [31mHF format[m[32minit_process_group()[m
[rank0]:[titan] 2026-03-17 [31m10:42:09,733[m[32m10:42:30,276[m - root - INFO - [31mLoaded seed checkpoint[m[32mBuilding HF model[m from [31moutputs/llama3_8b/seed_checkpoint/checkpoint/step-0[m[32moutputs/hf_fsdp_pretrained[m
[rank0]:[titan] 2026-03-17 [31m10:42:17,018[m[32m10:42:30,276[m - root - INFO - [31mTorchTitan[m[32mHF from_pretrained[m FSDP options: cpu_offload=False mixed_precision=False param_dtype=float32 reduce_dtype=float32
[32m[rank0]:`torch_dtype` is deprecated! Use `dtype` instead![m
[32m[rank0]:use_kernel_func_from_hub is not available in the installed kernels version. Please upgrade kernels to use this feature.[m
[32m[rank0]:[m
[32m[rank0]:Loading weights:   0%|          | 0/291 [00:00<?, ?it/s][rank0]:[m
[32m[rank0]:Loading weights:   0%|          | 1/291 [00:01<06:17,  1.30s/it][rank0]:[m
[32m[rank0]:Loading weights:   1%|          | 2/291 [00:01<04:31,  1.06it/s][rank0]:[m
[32m[rank0]:Loading weights:   2%|▏         | 5/291 [00:02<01:31,  3.13it/s][rank0]:[m
[32m[rank0]:Loading weights:   4%|▍         | 13/291 [00:02<00:28,  9.81it/s][rank0]:[m
[32m[rank0]:Loading weights:   5%|▌         | 16/291 [00:02<00:25, 10.90it/s][rank0]:[m
[32m[rank0]:Loading weights:   8%|▊         | 22/291 [00:02<00:16, 16.73it/s][rank0]:[m
[32m[rank0]:Loading weights:   9%|▊         | 25/291 [00:02<00:14, 18.27it/s][rank0]:[m
[32m[rank0]:Loading weights:  11%|█         | 32/291 [00:02<00:10, 25.30it/s][rank0]:[m
[32m[rank0]:Loading weights:  12%|█▏        | 36/291 [00:03<00:09, 27.62it/s][rank0]:[m
[32m[rank0]:Loading weights:  14%|█▎        | 40/291 [00:03<00:10, 23.14it/s][rank0]:[m
[32m[rank0]:Loading weights:  17%|█▋        | 49/291 [00:03<00:07, 32.02it/s][rank0]:[m
[32m[rank0]:Loading weights:  18%|█▊        | 53/291 [00:03<00:07, 30.62it/s][rank0]:[m
[32m[rank0]:Loading weights:  20%|█▉        | 57/291 [00:03<00:08, 26.36it/s][rank0]:[m
[32m[rank0]:Loading weights:  21%|██        | 60/291 [00:04<00:12, 18.86it/s][rank0]:[m
[32m[rank0]:Loading weights:  23%|██▎       | 67/291 [00:04<00:09, 23.76it/s][rank0]:[m
[32m[rank0]:Loading weights:  24%|██▍       | 70/291 [00:04<00:09, 23.22it/s][rank0]:[m
[32m[rank0]:Loading weights:  26%|██▌       | 76/291 [00:04<00:08, 25.75it/s][rank0]:[m
[32m[rank0]:Loading weights:  27%|██▋       | 79/291 [00:04<00:09, 22.14it/s][rank0]:[m
[32m[rank0]:Loading weights:  29%|██▊       | 83/291 [00:05<00:11, 18.83it/s][rank0]:[m
[32m[rank0]:Loading weights:  30%|██▉       | 86/291 [00:05<00:10, 19.21it/s][rank0]:[m
[32m[rank0]:Loading weights:  32%|███▏      | 94/291 [00:05<00:06, 28.34it/s][rank0]:[m
[32m[rank0]:Loading weights:  34%|███▎      | 98/291 [00:05<00:08, 22.56it/s][rank0]:[m
[32m[rank0]:Loading weights:  35%|███▍      | 101/291 [00:05<00:08, 22.27it/s][rank0]:[m
[32m[rank0]:Loading weights:  36%|███▌      | 105/291 [00:06<00:08, 22.82it/s][rank0]:[m
[32m[rank0]:Loading weights:  38%|███▊      | 112/291 [00:06<00:05, 31.01it/s][rank0]:[m
[32m[rank0]:Loading weights:  40%|███▉      | 116/291 [00:06<00:07, 22.75it/s][rank0]:[m
[32m[rank0]:Loading weights:  42%|████▏     | 121/291 [00:06<00:08, 20.10it/s][rank0]:[m
[32m[rank0]:Loading weights:  44%|████▍     | 128/291 [00:06<00:06, 25.99it/s][rank0]:[m
[32m[rank0]:Loading weights:  45%|████▌     | 132/291 [00:07<00:06, 24.70it/s][rank0]:[m
[32m[rank0]:Loading weights:  48%|████▊     | 139/291 [00:07<00:05, 30.23it/s][rank0]:[m
[32m[rank0]:Loading weights:  49%|████▉     | 143/291 [00:07<00:05, 29.02it/s][rank0]:[m
[32m[rank0]:Loading weights:  51%|█████     | 147/291 [00:07<00:06, 22.42it/s][rank0]:[m
[32m[rank0]:Loading weights:  52%|█████▏    | 152/291 [00:07<00:05, 26.35it/s][rank0]:[m
[32m[rank0]:Loading weights:  54%|█████▍    | 158/291 [00:08<00:04, 28.94it/s][rank0]:[m
[32m[rank0]:Loading weights:  56%|█████▌    | 162/291 [00:08<00:04, 29.72it/s][rank0]:[m
[32m[rank0]:Loading weights:  57%|█████▋    | 167/291 [00:08<00:05, 23.82it/s][rank0]:[m
[32m[rank0]:Loading weights:  59%|█████▉    | 172/291 [00:08<00:05, 22.77it/s][rank0]:[m
[32m[rank0]:Loading weights:  61%|██████    | 177/291 [00:08<00:04, 26.39it/s][rank0]:[m
[32m[rank0]:Loading weights:  63%|██████▎   | 184/291 [00:08<00:03, 33.02it/s][rank0]:[m
[32m[rank0]:Loading weights:  65%|██████▍   | 188/291 [00:09<00:04, 24.77it/s][rank0]:[m
[32m[rank0]:Loading weights:  66%|██████▋   | 193/291 [00:09<00:03, 24.85it/s][rank0]:[m
[32m[rank0]:Loading weights:  68%|██████▊   | 199/291 [00:09<00:03, 29.24it/s][rank0]:[m
[32m[rank0]:Loading weights:  70%|██████▉   | 203/291 [00:09<00:03, 24.80it/s][rank0]:[m
[32m[rank0]:Loading weights:  71%|███████   | 206/291 [00:09<00:03, 24.93it/s][rank0]:[m
[32m[rank0]:Loading weights:  73%|███████▎  | 211/291 [00:10<00:03, 25.83it/s][rank0]:[m
[32m[rank0]:Loading weights:  74%|███████▎  | 214/291 [00:10<00:03, 19.81it/s][rank0]:[m
[32m[rank0]:Loading weights:  75%|███████▌  | 219/291 [00:10<00:03, 19.94it/s][rank0]:[m
[32m[rank0]:Loading weights:  77%|███████▋  | 225/291 [00:10<00:02, 25.11it/s][rank0]:[m
[32m[rank0]:Loading weights:  79%|███████▊  | 229/291 [00:11<00:02, 21.57it/s][rank0]:[m
[32m[rank0]:Loading weights:  80%|███████▉  | 232/291 [00:11<00:02, 19.79it/s][rank0]:[m
[32m[rank0]:Loading weights:  81%|████████  | 236/291 [00:11<00:02, 21.22it/s][rank0]:[m
[32m[rank0]:Loading weights:  82%|████████▏ | 239/291 [00:11<00:02, 20.34it/s][rank0]:[m
[32m[rank0]:Loading weights:  83%|████████▎ | 242/291 [00:11<00:02, 22.03it/s][rank0]:[m
[32m[rank0]:Loading weights:  85%|████████▍ | 247/291 [00:11<00:01, 25.87it/s][rank0]:[m
[32m[rank0]:Loading weights:  86%|████████▌ | 250/291 [00:11<00:01, 25.71it/s][rank0]:[m
[32m[rank0]:Loading weights:  87%|████████▋ | 254/291 [00:12<00:01, 25.28it/s][rank0]:[m
[32m[rank0]:Loading weights:  89%|████████▊ | 258/291 [00:12<00:01, 22.89it/s][rank0]:[m
[32m[rank0]:Loading weights:  91%|█████████ | 265/291 [00:12<00:00, 28.65it/s][rank0]:[m
[32m[rank0]:Loading weights:  92%|█████████▏| 268/291 [00:12<00:00, 25.86it/s][rank0]:[m
[32m[rank0]:Loading weights:  93%|█████████▎| 272/291 [00:12<00:00, 28.08it/s][rank0]:[m
[32m[rank0]:Loading weights:  95%|█████████▍| 275/291 [00:12<00:00, 19.59it/s][rank0]:[m
[32m[rank0]:Loading weights:  97%|█████████▋| 283/291 [00:13<00:00, 28.52it/s][rank0]:[m
[32m[rank0]:Loading weights:  99%|█████████▊| 287/291 [00:13<00:00, 26.77it/s][rank0]:[m
[32m[rank0]:Loading weights: 100%|██████████| 291/291 [00:13<00:00, 21.74it/s][m
[rank0]:[titan] 2026-03-17 [31m10:42:17,374 - root - INFO - Peak FLOPS used for computing MFU: 9.890e+14[m
[31m[rank0]:[titan] 2026-03-17 10:42:17,374[m[32m10:43:03,136[m - root - INFO - [31mCUDA memory usage for[m[32mHF[m model: [31m30.16GiB(37.97%)[m
[31m[rank0]:[titan] 2026-03-17 10:42:17,399 - root - INFO - Loading tokenizer from tokenizer.json[m
[31m[rank0]:[titan] 2026-03-17 10:42:17,409 - root - INFO - Preparing c4_test dataset from ../../../tests/assets/c4_test[m[32m8,030,261,248 params (seed checkpoint), 48,181,567,488 flops/token[m
[rank0]:/fsx/ferdinandmom/ferdinand-hf/huggingface/torchtitan/env_torchtitan_official/lib/python3.12/site-packages/torch/distributed/device_mesh.py:604: UserWarning: Slicing a flattened dim from root mesh will be deprecated in PT 2.11. Users need to bookkeep the flattened mesh directly. [m
[rank0]:  sliced_mesh_layout = self._get_slice_mesh_layout(mesh_dim_names)[m
[rank0]:[titan] 2026-03-17 [31m10:42:18,249[m[32m10:43:03,428 - root - INFO - Peak FLOPS used for computing MFU: 9.890e+14[m
[32m[rank0]:[titan] 2026-03-17 10:43:03,431 - root - INFO - CUDA memory usage for model: 30.16GiB(37.97%)[m
[32m[rank0]:[titan] 2026-03-17 10:43:03,432 - root - INFO - Loading tokenizer from tokenizer.json[m
[32m[rank0]:[titan] 2026-03-17 10:43:03,440 - root - INFO - Preparing c4_test dataset from ../../../tests/assets/c4_test[m
[32m[rank0]:[titan] 2026-03-17 10:43:03,674[m - root - INFO - Trainer: local_bs=1, global_bs=8, seq_len=2048, steps=3000 (warmup 100)
[rank0]:[titan] 2026-03-17 [31m10:42:18,249[m[32m10:43:03,674[m - root - INFO - Training starts at step 1
[rank0]:[titan] 2026-03-17 [31m10:42:30,977[m[32m10:43:11,580[m - root - INFO - [31mstep:  1  [32mloss: [31m12.1222[m[32m12.1225[m  [38;2;180;60;0mgrad_norm: [31m27.1471[m[32m27.0577[m  [38;2;54;234;195mmemory: [31m45.03GiB(56.68%)[m[32m63.13GiB(79.47%)[m  [34mtps: [31m161[m[32m259[m  [36mtflops: [31m7.76[m[32m12.48[m  [35mmfu: [31m0.79%[39m[m[32m1.26%[39m[m
[rank0]:[titan] 2026-03-17 [31m10:42:30,977[m[32m10:43:11,580[m - root - INFO - Synchronizing and adjusting timeout for all ProcessGroups to 0:01:40[31m[rank0]:/fsx/ferdinandmom/ferdinand-hf/huggingface/torchtitan/env_torchtitan_official/lib/python3.12/site-packages/torch/distributed/device_mesh.py:604: UserWarning: Slicing a flattened dim from root mesh will be deprecated in PT 2.11. Users need to bookkeep the flattened mesh directly. [m
[31m[rank0]:  sliced_mesh_layout = self._get_slice_mesh_layout(mesh_dim_names)[m
[rank0]:[titan] 2026-03-17 [31m10:42:33,421[m[32m10:43:14,001[m - root - INFO - [31mstep:  2  [32mloss: [31m11.4884[m[32m11.5470[m  [38;2;180;60;0mgrad_norm: [31m49.4311[m[32m49.6839[m  [38;2;54;234;195mmemory: [31m53.87GiB(67.81%)[m[32m70.96GiB(89.33%)[m  [34mtps: [31m838[m[32m846[m  [36mtflops: [31m40.44[m[32m40.77[m  [35mmfu: [31m4.09%[39m[m[32m4.12%[39m[m
[rank0]:[titan] 2026-03-17 [31m10:42:35,859[m[32m10:43:16,424[m - root - INFO - [31mstep:  3  [32mloss: [31m13.0537[m[32m13.0931[m  [38;2;180;60;0mgrad_norm: [31m24.1762[m[32m23.3408[m  [38;2;54;234;195mmemory: [31m53.87GiB(67.81%)[m[32m70.96GiB(89.33%)[m  [34mtps: [31m840[m[32m845[m  [36mtflops: [31m40.55[m[32m40.72[m  [35mmfu: [31m4.10%[39m[m[32m4.12%[39m[m
[rank0]:[titan] 2026-03-17 [31m10:42:38,295[m[32m10:43:18,847[m - root - INFO - [31mstep:  4  [32mloss: [31m13.7238[m[32m13.5530[m  [38;2;180;60;0mgrad_norm: [31m36.7337[m[32m36.5379[m  [38;2;54;234;195mmemory: [31m53.87GiB(67.81%)[m[32m70.96GiB(89.33%)[m  [34mtps: [31m841[m[32m845[m  [36mtflops: [31m40.57[m[32m40.74[m  [35mmfu: [31m4.10%[39m[m[32m4.12%[39m[m
[rank0]:[titan] 2026-03-17 [31m10:42:40,735[m[32m10:43:21,269[m - root - INFO - [31mstep:  5  [32mloss: [31m14.3690[m[32m14.1256[m  [38;2;180;60;0mgrad_norm: [31m42.4989[m[32m41.5906[m  [38;2;54;234;195mmemory: [31m53.87GiB(67.81%)[m[32m72.92GiB(91.79%)[m  [34mtps: [31m840[m[32m846[m  [36mtflops: [31m40.51[m[32m40.75[m  [35mmfu: [31m4.10%[39m[m[32m4.12%[39m[m
[rank0]:[titan] 2026-03-17 [31m10:42:43,172[m[32m10:43:23,689[m - root - INFO - [31mstep:  6  [32mloss: [31m12.4417[m[32m12.4409[m  [38;2;180;60;0mgrad_norm: [31m32.0663[m[32m31.2545[m  [38;2;54;234;195mmemory: [31m53.87GiB(67.81%)[m[32m72.92GiB(91.79%)[m  [34mtps: [31m841[m[32m847[m  [36mtflops: [31m40.56[m[32m40.80[m  [35mmfu: [31m4.10%[39m[m[32m4.13%[39m[m
[rank0]:[titan] 2026-03-17 [31m10:42:45,608[m[32m10:43:26,107[m - root - INFO - [31mstep:  7  [32mloss: [31m11.1803[m[32m11.3626[m  [38;2;180;60;0mgrad_norm: [31m28.7299[m[32m34.2638[m  [38;2;54;234;195mmemory: [31m53.87GiB(67.81%)[m[32m72.92GiB(91.79%)[m  [34mtps: [31m841[m[32m847[m  [36mtflops: [31m40.58[m[32m40.81[m  [35mmfu: [31m4.10%[39m[m[32m4.13%[39m[m
[rank0]:[titan] 2026-03-17 [31m10:42:48,042[m[32m10:43:28,530[m - root - INFO - [31mstep:  8  [32mloss: [31m9.9141[m[32m10.0835[m  [38;2;180;60;0mgrad_norm: [31m29.1628[m[32m31.6267[m  [38;2;54;234;195mmemory: [31m53.87GiB(67.81%)[m[32m72.92GiB(91.79%)[m  [34mtps: [31m841[m[32m846[m  [36mtflops: [31m40.59[m[32m40.74[m  [35mmfu: [31m4.10%[39m[m[32m4.12%[39m[m
[rank0]:[titan] 2026-03-17 [31m10:42:50,485[m[32m10:43:30,954[m - root - INFO - [31mstep:  9  [32mloss:  [31m8.8751[m[32m8.6527[m  [38;2;180;60;0mgrad_norm: [31m32.6807[m[32m26.5698[m  [38;2;54;234;195mmemory: [31m53.87GiB(67.81%)[m[32m72.92GiB(91.79%)[m  [34mtps: [31m839[m[32m845[m  [36mtflops: [31m40.46[m[32m40.72[m  [35mmfu: [31m4.09%[39m[m[32m4.12%[39m[m
[rank0]:[titan] 2026-03-17 [31m10:42:52,920[m[32m10:43:33,373[m - root - INFO - [31mstep: 10  [32mloss:  [31m7.5905[m[32m7.2319[m  [38;2;180;60;0mgrad_norm: [31m20.6977[m[32m20.6524[m  [38;2;54;234;195mmemory: [31m53.87GiB(67.81%)[m[32m72.92GiB(91.79%)[m  [34mtps: [31m841[m[32m847[m  [36mtflops: [31m40.59[m[32m40.81[m  [35mmfu: [31m4.10%[39m[m[32m4.13%[39m[m
[rank0]:[titan] 2026-03-17 [31m10:42:55,358[m[32m10:43:35,793[m - root - INFO - [31mstep: 11  [32mloss:  [31m6.3950[m[32m6.1501[m  [38;2;180;60;0mgrad_norm: [31m16.8980[m[32m21.1452[m  [38;2;54;234;195mmemory: [31m53.87GiB(67.81%)[m[32m72.92GiB(91.79%)[m  [34mtps: [31m840[m[32m846[m  [36mtflops: [31m40.55[m[32m40.78[m  [35mmfu: [31m4.10%[39m[m[32m4.12%[39m[m
[rank0]:[titan] 2026-03-17 [31m10:42:57,791[m[32m10:43:38,209[m - root - INFO - [31mstep: 12  [32mloss:  [31m6.2602[m[32m5.2709[m  [38;2;180;60;0mgrad_norm: [31m45.6056[m[32m20.9851[m  [38;2;54;234;195mmemory: [31m53.87GiB(67.81%)[m[32m72.92GiB(91.79%)[m  [34mtps: [31m842[m[32m848[m  [36mtflops: [31m40.61[m[32m40.86[m  [35mmfu: [31m4.11%[39m[m[32m4.13%[39m[m
[rank0]:[titan] 2026-03-17 [31m10:43:00,229[m[32m10:43:40,628[m - root - INFO - [31mstep: 13  [32mloss:  [31m5.6130[m[32m5.1105[m  [38;2;180;60;0mgrad_norm: [31m24.6572[m[32m34.3278[m  [38;2;54;234;195mmemory: [31m53.87GiB(67.81%)[m[32m72.92GiB(91.79%)[m  [34mtps: [31m840[m[32m847[m  [36mtflops: [31m40.53[m[32m40.80[m  [35mmfu: [31m4.10%[39m[m[32m4.13%[39m[m
[rank0]:[titan] 2026-03-17 [31m10:43:02,672[m[32m10:43:43,051[m - root - INFO - [31mstep: 14  [32mloss:  [31m5.6029[m[32m5.1622[m  [38;2;180;60;0mgrad_norm: [31m44.6175[m[32m38.3279[m  [38;2;54;234;195mmemory: [31m53.87GiB(67.81%)[m[32m72.92GiB(91.79%)[m  [34mtps: [31m839[m[32m845[m  [36mtflops: [31m40.47[m[32m40.74[m  [35mmfu: [31m4.09%[39m[m[32m4.12%[39m[m
[rank0]:[titan] 2026-03-17 [31m10:43:05,108[m[32m10:43:45,471[m - root - INFO - [31mstep: 15  [32mloss:  [31m4.5939[m[32m4.8153[m  [38;2;180;60;0mgrad_norm: [31m17.5142[m[32m21.7703[m  [38;2;54;234;195mmemory: [31m53.87GiB(67.81%)[m[32m72.92GiB(91.79%)[m  [34mtps: [31m841[m[32m846[m  [36mtflops: [31m40.56[m[32m40.78[m  [35mmfu: [31m4.10%[39m[m[32m4.12%[39m[m
[rank0]:[titan] 2026-03-17 [31m10:43:07,547[m[32m10:43:47,895[m - root - INFO - [31mstep: 16  [32mloss:  [31m4.5636[m[32m4.8424[m  [38;2;180;60;0mgrad_norm: [31m21.4945[m[32m26.9984[m  [38;2;54;234;195mmemory: [31m53.87GiB(67.81%)[m[32m72.92GiB(91.79%)[m  [34mtps: [31m840[m[32m845[m  [36mtflops: [31m40.53[m[32m40.72[m  [35mmfu: [31m4.10%[39m[m[32m4.12%[39m[m
[rank0]:[titan] 2026-03-17 [31m10:43:09,984[m[32m10:43:50,319[m - root - INFO - [31mstep: 17  [32mloss:  [31m4.3687[m[32m4.3477[m  [38;2;180;60;0mgrad_norm: [31m20.9618[m[32m15.0624[m  [38;2;54;234;195mmemory: [31m53.87GiB(67.81%)[m[32m72.92GiB(91.79%)[m  [34mtps: [31m841[m[32m845[m  [36mtflops: [31m40.56[m[32m40.72[m  [35mmfu: [31m4.10%[39m[m[32m4.12%[39m[m
[rank0]:[titan] 2026-03-17 [31m10:43:12,425[m[32m10:43:52,749[m - root - INFO - [31mstep: 18  [32mloss:  [31m4.2600[m[32m4.2394[m  [38;2;180;60;0mgrad_norm: [31m22.3759[m[32m18.8283[m  [38;2;54;234;195mmemory: [31m53.87GiB(67.81%)[m[32m72.92GiB(91.79%)[m  [34mtps: [31m839[m[32m843[m  [36mtflops: [31m40.48[m[32m40.63[m  [35mmfu: [31m4.09%[39m[m[32m4.11%[39m[m
[rank0]:[titan] 2026-03-17 [31m10:43:14,861[m[32m10:43:55,175[m - root - INFO - [31mstep: 19  [32mloss:  [31m4.1522[m[32m4.0154[m  [38;2;180;60;0mgrad_norm: [31m18.8846[m[32m14.2299[m  [38;2;54;234;195mmemory: [31m53.87GiB(67.81%)[m[32m72.92GiB(91.79%)[m  [34mtps: [31m841[m[32m844[m  [36mtflops: [31m40.57[m[32m40.69[m  [35mmfu: [31m4.10%[39m[m[32m4.11%[39m[m
[rank0]:[titan] 2026-03-17 [31m10:43:17,297[m[32m10:43:57,601[m - root - INFO - [31mstep: 20  [32mloss:  [31m3.8627[m[32m3.7564[m  [38;2;180;60;0mgrad_norm: [31m15.0616[m[32m12.2556[m  [38;2;54;234;195mmemory: [31m53.87GiB(67.81%)[m[32m72.92GiB(91.79%)[m  [34mtps: [31m841[m[32m844[m  [36mtflops: [31m40.57[m[32m40.67[m  [35mmfu: [31m4.10%[39m[m[32m4.11%[39m[m
[rank0]:[titan] 2026-03-17 [31m10:43:19,738[m[32m10:44:00,027[m - root - INFO - [31mstep: 21  [32mloss:  [31m3.7323[m[32m3.6688[m  [38;2;180;60;0mgrad_norm: [31m17.0865[m[32m16.3097[m  [38;2;54;234;195mmemory: [31m53.87GiB(67.81%)[m[32m72.92GiB(91.79%)[m  [34mtps: [31m839[m[32m845[m  [36mtflops: [31m40.49[m[32m40.69[m  [35mmfu: [31m4.09%[39m[m[32m4.11%[39m[m
[rank0]:[titan] 2026-03-17 [31m10:43:22,178[m[32m10:44:02,451[m - root - INFO - [31mstep: 22  [32mloss:  [31m3.6794[m[32m3.9629[m  [38;2;180;60;0mgrad_norm: [31m11.9980[m[32m26.4872[m  [38;2;54;234;195mmemory: [31m53.87GiB(67.81%)[m[32m72.92GiB(91.79%)[m  [34mtps: [31m840[m[32m845[m  [36mtflops: [31m40.51[m[32m40.72[m  [35mmfu: [31m4.10%[39m[m[32m4.12%[39m[m
[rank0]:[titan] 2026-03-17 [31m10:43:24,621[m[32m10:44:04,878[m - root - INFO - [31mstep: 23  [32mloss:  [31m3.7775[m[32m3.9739[m  [38;2;180;60;0mgrad_norm: [31m19.2526[m[32m26.0804[m  [38;2;54;234;195mmemory: [31m53.87GiB(67.81%)[m[32m72.92GiB(91.79%)[m  [34mtps: [31m839[m[32m844[m  [36mtflops: [31m40.46[m[32m40.66[m  [35mmfu: [31m4.09%[39m[m[32m4.11%[39m[m
[rank0]:[titan] 2026-03-17 [31m10:43:27,058[m[32m10:44:07,304[m - root - INFO - [31mstep: 24  [32mloss:  [31m3.8812[m[32m3.7859[m  [38;2;180;60;0mgrad_norm: [31m19.7460[m[32m12.5048[m  [38;2;54;234;195mmemory: [31m53.87GiB(67.81%)[m[32m72.92GiB(91.79%)[m  [34mtps: [31m840[m[32m845[m  [36mtflops: [31m40.55[m[32m40.69[m  [35mmfu: [31m4.10%[39m[m[32m4.11%[39m[m
[rank0]:[titan] 2026-03-17 [31m10:43:29,503[m[32m10:44:09,733[m - root - INFO - [31mstep: 25  [32mloss:  [31m3.7004[m[32m3.5863[m  [38;2;180;60;0mgrad_norm:  [31m9.9337[m[32m9.7046[m  [38;2;54;234;195mmemory: [31m53.87GiB(67.81%)[m[32m72.92GiB(91.79%)[m  [34mtps: [31m838[m[32m843[m  [36mtflops: [31m40.42[m[32m40.62[m  [35mmfu: [31m4.09%[39m[m[32m4.11%[39m[m
[rank0]:[titan] 2026-03-17 [31m10:43:31,939[m[32m10:44:12,155[m - root - INFO - [31mstep: 26  [32mloss:  [31m3.6502[m[32m3.5451[m  [38;2;180;60;0mgrad_norm:  [31m9.9725[m[32m9.5262[m  [38;2;54;234;195mmemory: [31m53.87GiB(67.81%)[m[32m72.92GiB(91.79%)[m  [34mtps: [31m841[m[32m846[m  [36mtflops: [31m40.58[m[32m40.77[m  [35mmfu: [31m4.10%[39m[m[32m4.12%[39m[m
[rank0]:[titan] 2026-03-17 [31m10:43:34,377[m[32m10:44:14,578[m - root - INFO - [31mstep: 27  [32mloss:  [31m3.6014[m[32m3.5060[m  [38;2;180;60;0mgrad_norm: [31m13.2352[m[32m11.4289[m  [38;2;54;234;195mmemory: [31m53.87GiB(67.81%)[m[32m72.92GiB(91.79%)[m  [34mtps: [31m840[m[32m845[m  [36mtflops: [31m40.54[m[32m40.73[m  [35mmfu: [31m4.10%[39m[m[32m4.12%[39m[m
[rank0]:[titan] 2026-03-17 [31m10:43:36,815[m[32m10:44:16,998[m - root - INFO - [31mstep: 28  [32mloss:  [31m3.5016[m[32m3.5094[m  [38;2;180;60;0mgrad_norm:  [31m10.1403[m[32m9.0954[m  [38;2;54;234;195mmemory: [31m53.87GiB(67.81%)[m[32m72.92GiB(91.79%)[m  [34mtps: [31m840[m[32m846[m  [36mtflops: [31m40.53[m[32m40.77[m  [35mmfu: [31m4.10%[39m[m[32m4.12%[39m[m
[rank0]:[titan] 2026-03-17 [31m10:43:39,253[m[32m10:44:19,417[m - root - INFO - [31mstep: 29  [32mloss:  [31m3.5075[m[32m3.5551[m  [38;2;180;60;0mgrad_norm:  [31m13.4034[m[32m8.3752[m  [38;2;54;234;195mmemory: [31m53.87GiB(67.81%)[m[32m72.92GiB(91.79%)[m  [34mtps: [31m840[m[32m847[m  [36mtflops: [31m40.55[m[32m40.80[m  [35mmfu: [31m4.10%[39m[m[32m4.13%[39m[m
[rank0]:[titan] 2026-03-17 [31m10:43:41,694[m[32m10:44:21,842[m - root - INFO - [31mstep: 30  [32mloss:  [31m3.5182[m[32m3.4950[m  [38;2;180;60;0mgrad_norm:  [31m9.4187[m[32m8.0049[m  [38;2;54;234;195mmemory: [31m53.87GiB(67.81%)[m[32m72.92GiB(91.79%)[m  [34mtps: [31m839[m[32m845[m  [36mtflops: [31m40.48[m[32m40.70[m  [35mmfu: [31m4.09%[39m[m[32m4.12%[39m[m
[rank0]:[titan] 2026-03-17 [31m10:43:44,131[m[32m10:44:24,262[m - root - INFO - [31mstep: 31  [32mloss:  [31m3.5605[m[32m3.5038[m  [38;2;180;60;0mgrad_norm:  [31m10.4938[m[32m9.0055[m  [38;2;54;234;195mmemory: [31m53.87GiB(67.81%)[m[32m72.92GiB(91.79%)[m  [34mtps: [31m841[m[32m846[m  [36mtflops: [31m40.55[m[32m40.79[m  [35mmfu: [31m4.10%[39m[m[32m4.12%[39m[m
[rank0]:[titan] 2026-03-17 [31m10:43:46,569[m[32m10:44:26,686[m - root - INFO - [31mstep: 32  [32mloss:  [31m3.4466[m[32m3.3953[m  [38;2;180;60;0mgrad_norm:  [31m7.8588[m[32m6.5807[m  [38;2;54;234;195mmemory: [31m53.87GiB(67.81%)[m[32m72.92GiB(91.79%)[m  [34mtps: [31m840[m[32m845[m  [36mtflops: [31m40.53[m[32m40.71[m  [35mmfu: [31m4.10%[39m[m[32m4.12%[39m[m
[rank0]:[titan] 2026-03-17 [31m10:43:49,008[m[32m10:44:29,107[m - root - INFO - [31mstep: 33  [32mloss:  [31m3.3563[m[32m3.3992[m  [38;2;180;60;0mgrad_norm:  [31m5.7997[m[32m6.4727[m  [38;2;54;234;195mmemory: [31m53.87GiB(67.81%)[m[32m72.92GiB(91.79%)[m  [34mtps: [31m840[m[32m846[m  [36mtflops: [31m40.53[m[32m40.77[m  [35mmfu: [31m4.10%[39m[m[32m4.12%[39m[m
[rank0]:[titan] 2026-03-17 [31m10:43:51,446[m[32m10:44:31,529[m - root - INFO - [31mstep: 34  [32mloss:  [31m3.3689[m[32m3.3965[m  [38;2;180;60;0mgrad_norm:  [31m8.6304[m[32m7.2960[m  [38;2;54;234;195mmemory: [31m53.87GiB(67.81%)[m[32m72.92GiB(91.79%)[m  [34mtps: [31m840[m[32m846[m  [36mtflops: [31m40.54[m[32m40.76[m  [35mmfu: [31m4.10%[39m[m[32m4.12%[39m[m
[rank0]:[titan] 2026-03-17 [31m10:43:53,884[m[32m10:44:33,950[m - root - INFO - [31mstep: 35  [32mloss:  [31m3.4252[m[32m3.3233[m  [38;2;180;60;0mgrad_norm:  [31m10.2616[m[32m4.7246[m  [38;2;54;234;195mmemory: [31m53.87GiB(67.81%)[m[32m72.92GiB(91.79%)[m  [34mtps: [31m840[m[32m846[m  [36mtflops: [31m40.54[m[32m40.75[m  [35mmfu: [31m4.10%[39m[m[32m4.12%[39m[m
[rank0]:[titan] 2026-03-17 [31m10:43:56,324[m[32m10:44:36,376[m - root - INFO - [31mstep: 36  [32mloss:  [31m3.4589[m[32m3.3706[m  [38;2;180;60;0mgrad_norm:  [31m10.0692[m[32m6.1672[m  [38;2;54;234;195mmemory: [31m53.87GiB(67.81%)[m[32m72.92GiB(91.79%)[m  [34mtps: [31m839[m[32m845[m  [36mtflops: [31m40.50[m[32m40.69[m  [35mmfu: [31m4.09%[39m[m[32m4.11%[39m[m
[rank0]:[titan] 2026-03-17 [31m10:43:58,762[m[32m10:44:38,798[m - root - INFO - [31mstep: 37  [32mloss:  [31m3.5013[m[32m3.5187[m  [38;2;180;60;0mgrad_norm:  [31m5.9696[m[32m7.5646[m  [38;2;54;234;195mmemory: [31m53.87GiB(67.81%)[m[32m72.92GiB(91.79%)[m  [34mtps: [31m840[m[32m846[m  [36mtflops: [31m40.55[m[32m40.75[m  [35mmfu: [31m4.10%[39m[m[32m4.12%[39m[m
[rank0]:[titan] 2026-03-17 [31m10:44:01,206[m[32m10:44:41,226[m - root - INFO - [31mstep: 38  [32mloss:  [31m3.2959[m[32m3.2617[m  [38;2;180;60;0mgrad_norm:  [31m5.8717[m[32m4.4035[m  [38;2;54;234;195mmemory: [31m53.87GiB(67.81%)[m[32m72.92GiB(91.79%)[m  [34mtps: [31m838[m[32m844[m  [36mtflops: [31m40.43[m[32m40.65[m  [35mmfu: [31m4.09%[39m[m[32m4.11%[39m[m
[rank0]:[titan] 2026-03-17 [31m10:44:03,645[m[32m10:44:43,650[m - root - INFO - [31mstep: 39  [32mloss:  [31m3.3338[m[32m3.3410[m  [38;2;180;60;0mgrad_norm:  [31m5.7319[m[32m6.8052[m  [38;2;54;234;195mmemory: [31m53.87GiB(67.81%)[m[32m72.92GiB(91.79%)[m  [34mtps: [31m840[m[32m845[m  [36mtflops: [31m40.52[m[32m40.71[m  [35mmfu: [31m4.10%[39m[m[32m4.12%[39m[m
[rank0]:[titan] 2026-03-17 [31m10:44:06,082[m[32m10:44:46,071[m - root - INFO - [31mstep: 40  [32mloss:  [31m3.3256[m[32m3.3811[m  [38;2;180;60;0mgrad_norm:  [31m4.8622[m[32m8.0213[m  [38;2;54;234;195mmemory: [31m53.87GiB(67.81%)[m[32m72.92GiB(91.79%)[m  [34mtps: [31m841[m[32m846[m  [36mtflops: [31m40.57[m[32m40.76[m  [35mmfu: [31m4.10%[39m[m[32m4.12%[39m[m
[rank0]:[titan] 2026-03-17 [31m10:44:08,518[m[32m10:44:48,496[m - root - INFO - [31mstep: 41  [32mloss:  [31m3.2972[m[32m3.2784[m  [38;2;180;60;0mgrad_norm:  [31m5.5244[m[32m3.5296[m  [38;2;54;234;195mmemory: [31m53.87GiB(67.81%)[m[32m72.92GiB(91.79%)[m  [34mtps: [31m841[m[32m845[m  [36mtflops: [31m40.56[m[32m40.70[m  [35mmfu: [31m4.10%[39m[m[32m4.12%[39m[m
[rank0]:[titan] 2026-03-17 [31m10:44:10,954[m[32m10:44:50,919[m - root - INFO - [31mstep: 42  [32mloss:  [31m3.2765[m[32m3.2542[m  [38;2;180;60;0mgrad_norm:  [31m6.5026[m[32m5.4484[m  [38;2;54;234;195mmemory: [31m53.87GiB(67.81%)[m[32m72.92GiB(91.79%)[m  [34mtps: [31m841[m[32m845[m  [36mtflops: [31m40.57[m[32m40.73[m  [35mmfu: [31m4.10%[39m[m[32m4.12%[39m[m
[rank0]:[titan] 2026-03-17 [31m10:44:13,398[m[32m10:44:53,353[m - root - INFO - [31mstep: 43  [32mloss:  [31m3.2571[m[32m3.2634[m  [38;2;180;60;0mgrad_norm:  [31m5.0478[m[32m5.4700[m  [38;2;54;234;195mmemory: [31m53.87GiB(67.81%)[m[32m72.92GiB(91.79%)[m  [34mtps: [31m838[m[32m842[m  [36mtflops: [31m40.44[m[32m40.56[m  [35mmfu: [31m4.09%[39m[m[32m4.10%[39m[m
[rank0]:[titan] 2026-03-17 [31m10:44:15,838[m[32m10:44:55,779[m - root - INFO - [31mstep: 44  [32mloss:  [31m3.3240[m[32m3.3247[m  [38;2;180;60;0mgrad_norm:  [31m4.3435[m[32m4.3325[m  [38;2;54;234;195mmemory: [31m53.87GiB(67.81%)[m[32m72.92GiB(91.79%)[m  [34mtps: [31m840[m[32m844[m  [36mtflops: [31m40.52[m[32m40.67[m  [35mmfu: [31m4.10%[39m[m[32m4.11%[39m[m
[rank0]:[titan] 2026-03-17 [31m10:44:18,274[m[32m10:44:58,206[m - root - INFO - [31mstep: 45  [32mloss:  [31m3.3502[m[32m3.3424[m  [38;2;180;60;0mgrad_norm:  [31m4.6194[m[32m4.9112[m  [38;2;54;234;195mmemory: [31m53.87GiB(67.81%)[m[32m72.92GiB(91.79%)[m  [34mtps: [31m841[m[32m844[m  [36mtflops: [31m40.57[m[32m40.67[m  [35mmfu: [31m4.10%[39m[m[32m4.11%[39m[m
[rank0]:[titan] 2026-03-17 [31m10:44:20,713[m[32m10:45:00,631[m - root - INFO - [31mstep: 46  [32mloss:  [31m3.3199[m[32m3.3309[m  [38;2;180;60;0mgrad_norm:  [31m4.7091[m[32m4.9501[m  [38;2;54;234;195mmemory: [31m53.87GiB(67.81%)[m[32m72.92GiB(91.79%)[m  [34mtps: [31m840[m[32m845[m  [36mtflops: [31m40.52[m[32m40.71[m  [35mmfu: [31m4.10%[39m[m[32m4.12%[39m[m
[rank0]:[titan] 2026-03-17 [31m10:44:23,157[m[32m10:45:03,055[m - root - INFO - [31mstep: 47  [32mloss:  [31m3.2269[m[32m3.2138[m  [38;2;180;60;0mgrad_norm:  [31m4.8044[m[32m2.5942[m  [38;2;54;234;195mmemory: [31m53.87GiB(67.81%)[m[32m72.92GiB(91.79%)[m  [34mtps: [31m838[m[32m845[m  [36mtflops: [31m40.44[m[32m40.71[m  [35mmfu: [31m4.09%[39m[m[32m4.12%[39m[m
[rank0]:[titan] 2026-03-17 [31m10:44:25,600[m[32m10:45:05,483[m - root - INFO - [31mstep: 48  [32mloss:  [31m3.2714[m[32m3.2601[m  [38;2;180;60;0mgrad_norm:  [31m4.7998[m[32m4.8441[m  [38;2;54;234;195mmemory: [31m53.87GiB(67.81%)[m[32m72.92GiB(91.79%)[m  [34mtps: [31m839[m[32m843[m  [36mtflops: [31m40.46[m[32m40.64[m  [35mmfu: [31m4.09%[39m[m[32m4.11%[39m[m
[rank0]:[titan] 2026-03-17 [31m10:44:28,037[m[32m10:45:07,904[m - root - INFO - [31mstep: 49  [32mloss:  [31m3.2627[m[32m3.2553[m  [38;2;180;60;0mgrad_norm:  [31m4.0215[m[32m3.0931[m  [38;2;54;234;195mmemory: [31m53.87GiB(67.81%)[m[32m72.92GiB(91.79%)[m  [34mtps: [31m840[m[32m846[m  [36mtflops: [31m40.55[m[32m40.78[m  [35mmfu: [31m4.10%[39m[m[32m4.12%[39m[m
[rank0]:[titan] 2026-03-17 [31m10:44:30,474[m[32m10:45:10,325[m - root - INFO - [31mstep: 50  [32mloss:  [31m3.2010[m[32m3.2304[m  [38;2;180;60;0mgrad_norm:  [31m3.7116[m[32m5.5855[m  [38;2;54;234;195mmemory: [31m53.87GiB(67.81%)[m[32m72.92GiB(91.79%)[m  [34mtps: [31m841[m[32m846[m  [36mtflops: [31m40.56[m[32m40.75[m  [35mmfu: [31m4.10%[39m[m[32m4.12%[39m[m
[rank0]:[titan] 2026-03-17 [31m10:44:32,913[m[32m10:45:12,747[m - root - INFO - [31mstep: 51  [32mloss:  [31m3.2083[m[32m3.2429[m  [38;2;180;60;0mgrad_norm:  [31m3.7887[m[32m4.7578[m  [38;2;54;234;195mmemory: [31m53.87GiB(67.81%)[m[32m72.92GiB(91.79%)[m  [34mtps: [31m840[m[32m846[m  [36mtflops: [31m40.51[m[32m40.75[m  [35mmfu: [31m4.10%[39m[m[32m4.12%[39m[m
[rank0]:[titan] 2026-03-17 [31m10:44:35,360[m[32m10:45:15,179[m - root - INFO - [31mstep: 52  [32mloss:  [31m3.2639[m[32m3.2764[m  [38;2;180;60;0mgrad_norm:  [31m4.0825[m[32m4.7940[m  [38;2;54;234;195mmemory: [31m53.87GiB(67.81%)[m[32m72.92GiB(91.79%)[m  [34mtps: [31m837[m[32m842[m  [36mtflops: [31m40.39[m[32m40.59[m  [35mmfu: [31m4.08%[39m[m[32m4.10%[39m[m
[rank0]:[titan] 2026-03-17 [31m10:44:37,799[m[32m10:45:17,603[m - root - INFO - [31mstep: 53  [32mloss:  [31m3.2117[m[32m3.2443[m  [38;2;180;60;0mgrad_norm:  [31m3.4654[m[32m5.9708[m  [38;2;54;234;195mmemory: [31m53.87GiB(67.81%)[m[32m72.92GiB(91.79%)[m  [34mtps: [31m840[m[32m845[m  [36mtflops: [31m40.52[m[32m40.72[m  [35mmfu: [31m4.10%[39m[m[32m4.12%[39m[m
[rank0]:[titan] 2026-03-17 [31m10:44:40,237[m[32m10:45:20,025[m - root - INFO - [31mstep: 54  [32mloss:  [31m3.2362[m[32m3.2376[m  [38;2;180;60;0mgrad_norm:  [31m3.5636[m[32m4.3975[m  [38;2;54;234;195mmemory: [31m53.87GiB(67.81%)[m[32m72.92GiB(91.79%)[m  [34mtps: [31m840[m[32m846[m  [36mtflops: [31m40.54[m[32m40.74[m  [35mmfu: [31m4.10%[39m[m[32m4.12%[39m[m
[rank0]:[titan] 2026-03-17 [31m10:44:42,677[m[32m10:45:22,450[m - root - INFO - [31mstep: 55  [32mloss:  [31m3.2407[m[32m3.2516[m  [38;2;180;60;0mgrad_norm:  [31m3.9466[m[32m4.6886[m  [38;2;54;234;195mmemory: [31m53.87GiB(67.81%)[m[32m72.92GiB(91.79%)[m  [34mtps: [31m840[m[32m845[m  [36mtflops: [31m40.51[m[32m40.70[m  [35mmfu: [31m4.10%[39m[m[32m4.12%[39m[m
[rank0]:[titan] 2026-03-17 [31m10:44:45,113[m[32m10:45:24,875[m - root - INFO - [31mstep: 56  [32mloss:  [31m3.3099[m[32m3.3155[m  [38;2;180;60;0mgrad_norm:  [31m3.5832[m[32m4.6672[m  [38;2;54;234;195mmemory: [31m53.87GiB(67.81%)[m[32m72.92GiB(91.79%)[m  [34mtps: [31m841[m[32m845[m  [36mtflops: [31m40.58[m[32m40.71[m  [35mmfu: [31m4.10%[39m[m[32m4.12%[39m[m
[rank0]:[titan] 2026-03-17 [31m10:44:47,549[m[32m10:45:27,297[m - root - INFO - [31mstep: 57  [32mloss:  [31m3.2756[m[32m3.2623[m  [38;2;180;60;0mgrad_norm:  [31m4.4647[m[32m3.5877[m  [38;2;54;234;195mmemory: [31m53.87GiB(67.81%)[m[32m72.92GiB(91.79%)[m  [34mtps: [31m841[m[32m846[m  [36mtflops: [31m40.56[m[32m40.75[m  [35mmfu: [31m4.10%[39m[m[32m4.12%[39m[m
[rank0]:[titan] 2026-03-17 [31m10:44:49,994[m[32m10:45:29,725[m - root - INFO - [31mstep: 58  [32mloss:  [31m3.2406[m[32m3.2385[m  [38;2;180;60;0mgrad_norm:  [31m3.1585[m[32m4.7225[m  [38;2;54;234;195mmemory: [31m53.87GiB(67.81%)[m[32m72.92GiB(91.79%)[m  [34mtps: [31m838[m[32m844[m  [36mtflops: [31m40.44[m[32m40.64[m  [35mmfu: [31m4.09%[39m[m[32m4.11%[39m[m
[rank0]:[titan] 2026-03-17 [31m10:44:52,439[m[32m10:45:32,149[m - root - INFO - [31mstep: 59  [32mloss:  [31m3.2228[m[32m3.2240[m  [38;2;180;60;0mgrad_norm:  [31m2.9654[m[32m3.7974[m  [38;2;54;234;195mmemory: [31m53.87GiB(67.81%)[m[32m72.92GiB(91.79%)[m  [34mtps: [31m838[m[32m845[m  [36mtflops: [31m40.42[m[32m40.73[m  [35mmfu: [31m4.09%[39m[m[32m4.12%[39m[m
[rank0]:[titan] 2026-03-17 [31m10:44:54,881[m[32m10:45:34,573[m - root - INFO - [31mstep: 60  [32mloss:  [31m3.1976[m[32m3.1951[m  [38;2;180;60;0mgrad_norm:  [31m3.4343[m[32m4.1279[m  [38;2;54;234;195mmemory: [31m53.87GiB(67.81%)[m[32m72.92GiB(91.79%)[m  [34mtps: [31m839[m[32m845[m  [36mtflops: [31m40.47[m[32m40.71[m  [35mmfu: [31m4.09%[39m[m[32m4.12%[39m[m
[rank0]:[titan] 2026-03-17 [31m10:44:57,320[m[32m10:45:36,996[m - root - INFO - [31mstep: 61  [32mloss:  [31m3.2062[m[32m3.1841[m  [38;2;180;60;0mgrad_norm:  [31m4.6926[m[32m3.7248[m  [38;2;54;234;195mmemory: [31m53.87GiB(67.81%)[m[32m72.92GiB(91.79%)[m  [34mtps: [31m840[m[32m846[m  [36mtflops: [31m40.51[m[32m40.74[m  [35mmfu: [31m4.10%[39m[m[32m4.12%[39m[m
[rank0]:[titan] 2026-03-17 [31m10:44:59,759[m[32m10:45:39,417[m - root - INFO - [31mstep: 62  [32mloss:  [31m3.2062[m[32m3.1948[m  [38;2;180;60;0mgrad_norm:  [31m3.6216[m[32m4.2176[m  [38;2;54;234;195mmemory: [31m53.87GiB(67.81%)[m[32m72.92GiB(91.79%)[m  [34mtps: [31m840[m[32m846[m  [36mtflops: [31m40.52[m[32m40.77[m  [35mmfu: [31m4.10%[39m[m[32m4.12%[39m[m
[rank0]:[titan] 2026-03-17 [31m10:45:02,196[m[32m10:45:41,838[m - root - INFO - [31mstep: 63  [32mloss:  [31m3.2567[m[32m3.2550[m  [38;2;180;60;0mgrad_norm:  [31m3.5461[m[32m4.1767[m  [38;2;54;234;195mmemory: [31m53.87GiB(67.81%)[m[32m72.92GiB(91.79%)[m  [34mtps: [31m841[m[32m846[m  [36mtflops: [31m40.57[m[32m40.76[m  [35mmfu: [31m4.10%[39m[m[32m4.12%[39m[m
[rank0]:[titan] 2026-03-17 [31m10:45:04,635[m[32m10:45:44,262[m - root - INFO - [31mstep: 64  [32mloss:  [31m3.2397[m[32m3.2480[m  [38;2;180;60;0mgrad_norm:  [31m3.0484[m[32m5.1988[m  [38;2;54;234;195mmemory: [31m53.87GiB(67.81%)[m[32m72.92GiB(91.79%)[m  [34mtps: [31m840[m[32m845[m  [36mtflops: [31m40.51[m[32m40.72[m  [35mmfu: [31m4.10%[39m[m[32m4.12%[39m[m
[rank0]:[titan] 2026-03-17 [31m10:45:07,082[m[32m10:45:46,693[m - root - INFO - [31mstep: 65  [32mloss:  [31m3.2848[m[32m3.2594[m  [38;2;180;60;0mgrad_norm:  [31m4.5628[m[32m2.8700[m  [38;2;54;234;195mmemory: [31m53.87GiB(67.81%)[m[32m72.92GiB(91.79%)[m  [34mtps: [31m837[m[32m843[m  [36mtflops: [31m40.40[m[32m40.61[m  [35mmfu: [31m4.08%[39m[m[32m4.11%[39m[m
[rank0]:[titan] 2026-03-17 [31m10:45:09,526[m[32m10:45:49,118[m - root - INFO - [31mstep: 66  [32mloss:  [31m3.3163[m[32m3.3144[m  [38;2;180;60;0mgrad_norm:  [31m2.4827[m[32m4.2887[m  [38;2;54;234;195mmemory: [31m53.87GiB(67.81%)[m[32m72.92GiB(91.79%)[m  [34mtps: [31m838[m[32m845[m  [36mtflops: [31m40.45[m[32m40.70[m  [35mmfu: [31m4.09%[39m[m[32m4.12%[39m[m
[rank0]:[titan] 2026-03-17 [31m10:45:11,969[m[32m10:45:51,544[m - root - INFO - [31mstep: 67  [32mloss:  [31m3.2389[m[32m3.2285[m  [38;2;180;60;0mgrad_norm:  [31m3.5746[m[32m3.3224[m  [38;2;54;234;195mmemory: [31m53.87GiB(67.81%)[m[32m72.92GiB(91.79%)[m  [34mtps: [31m838[m[32m844[m  [36mtflops: [31m40.45[m[32m40.68[m  [35mmfu: [31m4.09%[39m[m[32m4.11%[39m[m
[rank0]:[titan] 2026-03-17 [31m10:45:14,404[m[32m10:45:53,965[m - root - INFO - [31mstep: 68  [32mloss:  [31m3.2991[m[32m3.2902[m  [38;2;180;60;0mgrad_norm:  [31m3.0006[m[32m5.3118[m  [38;2;54;234;195mmemory: [31m53.87GiB(67.81%)[m[32m72.92GiB(91.79%)[m  [34mtps: [31m841[m[32m846[m  [36mtflops: [31m40.60[m[32m40.76[m  [35mmfu: [31m4.10%[39m[m[32m4.12%[39m[m
[rank0]:[titan] 2026-03-17 [31m10:45:16,839[m[32m10:45:56,385[m - root - INFO - [31mstep: 69  [32mloss:  [31m3.2021[m[32m3.1993[m  [38;2;180;60;0mgrad_norm:  [31m3.4367[m[32m3.7925[m  [38;2;54;234;195mmemory: [31m53.87GiB(67.81%)[m[32m72.92GiB(91.79%)[m  [34mtps: [31m841[m[32m846[m  [36mtflops: [31m40.58[m[32m40.78[m  [35mmfu: [31m4.10%[39m[m[32m4.12%[39m[m
[rank0]:[titan] 2026-03-17 [31m10:45:19,273[m[32m10:45:58,808[m - root - INFO - [31mstep: 70  [32mloss:  [31m3.2859[m[32m3.2869[m  [38;2;180;60;0mgrad_norm:  [31m2.7023[m[32m4.2351[m  [38;2;54;234;195mmemory: [31m53.87GiB(67.81%)[m[32m72.92GiB(91.79%)[m  [34mtps: [31m841[m[32m846[m  [36mtflops: [31m40.60[m[32m40.74[m  [35mmfu: [31m4.10%[39m[m[32m4.12%[39m[m
[rank0]:[titan] 2026-03-17 [31m10:45:21,714[m[32m10:46:01,232[m - root - INFO - [31mstep: 71  [32mloss:  [31m3.4969[m[32m3.4913[m  [38;2;180;60;0mgrad_norm:  [31m2.9972[m[32m3.8732[m  [38;2;54;234;195mmemory: [31m53.87GiB(67.81%)[m[32m72.92GiB(91.79%)[m  [34mtps: [31m839[m[32m845[m  [36mtflops: [31m40.50[m[32m40.71[m  [35mmfu: [31m4.10%[39m[m[32m4.12%[39m[m
[rank0]:[titan] 2026-03-17 [31m10:45:24,150[m[32m10:46:03,654[m - root - INFO - [31mstep: 72  [32mloss:  [31m3.4028[m[32m3.3903[m  [38;2;180;60;0mgrad_norm:  [31m2.5181[m[32m2.7031[m  [38;2;54;234;195mmemory: [31m53.87GiB(67.81%)[m[32m72.92GiB(91.79%)[m  [34mtps: [31m841[m[32m846[m  [36mtflops: [31m40.57[m[32m40.76[m  [35mmfu: [31m4.10%[39m[m[32m4.12%[39m[m
[rank0]:[titan] 2026-03-17 [31m10:45:26,590[m[32m10:46:06,079[m - root - INFO - [31mstep: 73  [32mloss:  [31m3.2604[m[32m3.2350[m  [38;2;180;60;0mgrad_norm:  [31m3.4381[m[32m3.5137[m  [38;2;54;234;195mmemory: [31m53.87GiB(67.81%)[m[32m72.92GiB(91.79%)[m  [34mtps: [31m839[m[32m845[m  [36mtflops: [31m40.50[m[32m40.70[m  [35mmfu: [31m4.09%[39m[m[32m4.12%[39m[m
[rank0]:[titan] 2026-03-17 [31m10:45:29,027[m[32m10:46:08,501[m - root - INFO - [31mstep: 74  [32mloss:  [31m3.1880[m[32m3.1616[m  [38;2;180;60;0mgrad_norm:  [31m3.2984[m[32m2.5975[m  [38;2;54;234;195mmemory: [31m53.87GiB(67.81%)[m[32m72.92GiB(91.79%)[m  [34mtps: [31m840[m[32m846[m  [36mtflops: [31m40.55[m[32m40.75[m  [35mmfu: [31m4.10%[39m[m[32m4.12%[39m[m
[rank0]:[titan] 2026-03-17 [31m10:45:31,469[m[32m10:46:10,926[m - root - INFO - [31mstep: 75  [32mloss:  [31m3.1715[m[32m3.1364[m  [38;2;180;60;0mgrad_norm:  [31m3.3788[m[32m3.6128[m  [38;2;54;234;195mmemory: [31m53.87GiB(67.81%)[m[32m72.92GiB(91.79%)[m  [34mtps: [31m839[m[32m845[m  [36mtflops: [31m40.49[m[32m40.69[m  [35mmfu: [31m4.09%[39m[m[32m4.11%[39m[m
[rank0]:[titan] 2026-03-17 [31m10:45:33,911[m[32m10:46:13,357[m - root - INFO - [31mstep: 76  [32mloss:  [31m3.1577[m[32m3.1316[m  [38;2;180;60;0mgrad_norm:  [31m2.7743[m[32m2.9841[m  [38;2;54;234;195mmemory: [31m53.87GiB(67.81%)[m[32m72.92GiB(91.79%)[m  [34mtps: [31m839[m[32m843[m  [36mtflops: [31m40.47[m[32m40.60[m  [35mmfu: [31m4.09%[39m[m[32m4.11%[39m[m
[rank0]:[titan] 2026-03-17 [31m10:45:36,353[m[32m10:46:15,782[m - root - INFO - [31mstep: 77  [32mloss:  [31m3.1704[m[32m3.1504[m  [38;2;180;60;0mgrad_norm:  [31m3.4849[m[32m3.5751[m  [38;2;54;234;195mmemory: [31m53.87GiB(67.81%)[m[32m72.92GiB(91.79%)[m  [34mtps: [31m839[m[32m845[m  [36mtflops: [31m40.47[m[32m40.69[m  [35mmfu: [31m4.09%[39m[m[32m4.11%[39m[m
[rank0]:[titan] 2026-03-17 [31m10:45:38,796[m[32m10:46:18,206[m - root - INFO - [31mstep: 78  [32mloss:  [31m3.2278[m[32m3.2302[m  [38;2;180;60;0mgrad_norm:  [31m4.1348[m[32m4.2323[m  [38;2;54;234;195mmemory: [31m53.87GiB(67.81%)[m[32m72.92GiB(91.79%)[m  [34mtps: [31m838[m[32m845[m  [36mtflops: [31m40.46[m[32m40.73[m  [35mmfu: [31m4.09%[39m[m[32m4.12%[39m[m
[rank0]:[titan] 2026-03-17 [31m10:45:41,241[m[32m10:46:20,633[m - root - INFO - [31mstep: 79  [32mloss:  [31m3.1189[m[32m3.1099[m  [38;2;180;60;0mgrad_norm:  [31m2.9973[m[32m3.2629[m  [38;2;54;234;195mmemory: [31m53.87GiB(67.81%)[m[32m72.92GiB(91.79%)[m  [34mtps: [31m838[m[32m844[m  [36mtflops: [31m40.43[m[32m40.66[m  [35mmfu: [31m4.09%[39m[m[32m4.11%[39m[m
[rank0]:[titan] 2026-03-17 [31m10:45:43,681[m[32m10:46:23,054[m - root - INFO - [31mstep: 80  [32mloss:  [31m3.1954[m[32m3.1885[m  [38;2;180;60;0mgrad_norm:  [31m4.6044[m[32m3.6879[m  [38;2;54;234;195mmemory: [31m53.87GiB(67.81%)[m[32m72.92GiB(91.79%)[m  [34mtps: [31m839[m[32m846[m  [36mtflops: [31m40.50[m[32m40.78[m  [35mmfu: [31m4.10%[39m[m[32m4.12%[39m[m
[rank0]:[titan] 2026-03-17 [31m10:45:46,121[m[32m10:46:25,479[m - root - INFO - [31mstep: 81  [32mloss:  [31m3.1374[m[32m3.1554[m  [38;2;180;60;0mgrad_norm:  [31m3.4193[m[32m4.2436[m  [38;2;54;234;195mmemory: [31m53.87GiB(67.81%)[m[32m72.92GiB(91.79%)[m  [34mtps: [31m839[m[32m845[m  [36mtflops: [31m40.51[m[32m40.70[m  [35mmfu: [31m4.10%[39m[m[32m4.12%[39m[m
[rank0]:[titan] 2026-03-17 [31m10:45:48,560[m[32m10:46:27,902[m - root - INFO - [31mstep: 82  [32mloss:  [31m3.0873[m[32m3.1029[m  [38;2;180;60;0mgrad_norm:  [31m3.5789[m[32m3.2283[m  [38;2;54;234;195mmemory: [31m53.87GiB(67.81%)[m[32m72.92GiB(91.79%)[m  [34mtps: [31m840[m[32m845[m  [36mtflops: [31m40.52[m[32m40.73[m  [35mmfu: [31m4.10%[39m[m[32m4.12%[39m[m
[rank0]:[titan] 2026-03-17 [31m10:45:50,999[m[32m10:46:30,324[m - root - INFO - [31mstep: 83  [32mloss:  [31m3.0922[m[32m3.1115[m  [38;2;180;60;0mgrad_norm:  [31m4.1059[m[32m4.0978[m  [38;2;54;234;195mmemory: [31m53.87GiB(67.81%)[m[32m72.92GiB(91.79%)[m  [34mtps: [31m840[m[32m846[m  [36mtflops: [31m40.53[m[32m40.75[m  [35mmfu: [31m4.10%[39m[m[32m4.12%[39m[m
[rank0]:[titan] 2026-03-17 [31m10:45:53,437[m[32m10:46:32,752[m - root - INFO - [31mstep: 84  [32mloss:  [31m3.1887[m[32m3.2280[m  [38;2;180;60;0mgrad_norm:  [31m2.7243[m[32m4.3883[m  [38;2;54;234;195mmemory: [31m53.87GiB(67.81%)[m[32m72.92GiB(91.79%)[m  [34mtps: [31m840[m[32m843[m  [36mtflops: [31m40.55[m[32m40.64[m  [35mmfu: [31m4.10%[39m[m[32m4.11%[39m[m
[rank0]:[titan] 2026-03-17 [31m10:45:55,872[m[32m10:46:35,173[m - root - INFO - [31mstep: 85  [32mloss:  [31m3.2209[m[32m3.2192[m  [38;2;180;60;0mgrad_norm:  [31m4.4427[m[32m3.8875[m  [38;2;54;234;195mmemory: [31m53.87GiB(67.81%)[m[32m72.92GiB(91.79%)[m  [34mtps: [31m841[m[32m846[m  [36mtflops: [31m40.58[m[32m40.78[m  [35mmfu: [31m4.10%[39m[m[32m4.12%[39m[m
[rank0]:[titan] 2026-03-17 [31m10:45:58,313[m[32m10:46:37,595[m - root - INFO - [31mstep: 86  [32mloss:  [31m3.1289[m[32m3.1215[m  [38;2;180;60;0mgrad_norm:  [31m3.6689[m[32m4.1188[m  [38;2;54;234;195mmemory: [31m53.87GiB(67.81%)[m[32m72.92GiB(91.79%)[m  [34mtps: [31m839[m[32m846[m  [36mtflops: [31m40.50[m[32m40.75[m  [35mmfu: [31m4.09%[39m[m[32m4.12%[39m[m
[rank0]:[titan] 2026-03-17 [31m10:46:00,752[m[32m10:46:40,018[m - root - INFO - [31mstep: 87  [32mloss:  [31m3.1069[m[32m3.0699[m  [38;2;180;60;0mgrad_norm:  [31m6.2206[m[32m3.6262[m  [38;2;54;234;195mmemory: [31m53.87GiB(67.81%)[m[32m72.92GiB(91.79%)[m  [34mtps: [31m840[m[32m845[m  [36mtflops: [31m40.53[m[32m40.74[m  [35mmfu: [31m4.10%[39m[m[32m4.12%[39m[m
[rank0]:[titan] 2026-03-17 [31m10:46:03,188[m[32m10:46:42,440[m - root - INFO - [31mstep: 88  [32mloss:  [31m3.0613[m[32m3.0460[m  [38;2;180;60;0mgrad_norm:  [31m3.9044[m[32m4.3798[m  [38;2;54;234;195mmemory: [31m53.87GiB(67.81%)[m[32m72.92GiB(91.79%)[m  [34mtps: [31m841[m[32m846[m  [36mtflops: [31m40.56[m[32m40.74[m  [35mmfu: [31m4.10%[39m[m[32m4.12%[39m[m
[rank0]:[titan] 2026-03-17 [31m10:46:05,626[m[32m10:46:44,864[m - root - INFO - [31mstep: 89  [32mloss:  [31m3.0843[m[32m3.0861[m  [38;2;180;60;0mgrad_norm:  [31m4.9414[m[32m3.9920[m  [38;2;54;234;195mmemory: [31m53.87GiB(67.81%)[m[32m72.92GiB(91.79%)[m  [34mtps: [31m840[m[32m845[m  [36mtflops: [31m40.54[m[32m40.72[m  [35mmfu: [31m4.10%[39m[m[32m4.12%[39m[m
[rank0]:[titan] 2026-03-17 [31m10:46:08,062[m[32m10:46:47,286[m - root - INFO - [31mstep: 90  [32mloss:  [31m3.1309[m[32m3.1542[m  [38;2;180;60;0mgrad_norm:  [31m4.6651[m[32m4.9426[m  [38;2;54;234;195mmemory: [31m53.87GiB(67.81%)[m[32m72.92GiB(91.79%)[m  [34mtps: [31m841[m[32m846[m  [36mtflops: [31m40.57[m[32m40.75[m  [35mmfu: [31m4.10%[39m[m[32m4.12%[39m[m
[rank0]:[titan] 2026-03-17 [31m10:46:10,503[m[32m10:46:49,708[m - root - INFO - [31mstep: 91  [32mloss:  [31m3.0065[m[32m3.0440[m  [38;2;180;60;0mgrad_norm:  [31m3.2595[m[32m3.7022[m  [38;2;54;234;195mmemory: [31m53.87GiB(67.81%)[m[32m72.92GiB(91.79%)[m  [34mtps: [31m839[m[32m846[m  [36mtflops: [31m40.50[m[32m40.75[m  [35mmfu: [31m4.09%[39m[m[32m4.12%[39m[m
[rank0]:[titan] 2026-03-17 [31m10:46:12,946[m[32m10:46:52,133[m - root - INFO - [31mstep: 92  [32mloss:  [31m3.1452[m[32m3.1631[m  [38;2;180;60;0mgrad_norm:  [31m4.3136[m[32m3.3391[m  [38;2;54;234;195mmemory: [31m53.87GiB(67.81%)[m[32m72.92GiB(91.79%)[m  [34mtps: [31m838[m[32m845[m  [36mtflops: [31m40.45[m[32m40.71[m  [35mmfu: [31m4.09%[39m[m[32m4.12%[39m[m
[rank0]:[titan] 2026-03-17 [31m10:46:15,388[m[32m10:46:54,557[m - root - INFO - [31mstep: 93  [32mloss:  [31m3.0785[m[32m3.0821[m  [38;2;180;60;0mgrad_norm:  [31m4.0545[m[32m3.9863[m  [38;2;54;234;195mmemory: [31m53.87GiB(67.81%)[m[32m72.92GiB(91.79%)[m  [34mtps: [31m839[m[32m845[m  [36mtflops: [31m40.48[m[32m40.72[m  [35mmfu: [31m4.09%[39m[m[32m4.12%[39m[m
[rank0]:[titan] 2026-03-17 [31m10:46:17,829[m[32m10:46:56,980[m - root - INFO - [31mstep: 94  [32mloss:  [31m3.0888[m[32m3.0954[m  [38;2;180;60;0mgrad_norm:  [31m3.1342[m[32m2.6978[m  [38;2;54;234;195mmemory: [31m53.87GiB(67.81%)[m[32m72.92GiB(91.79%)[m  [34mtps: [31m839[m[32m845[m  [36mtflops: [31m40.48[m[32m40.73[m  [35mmfu: [31m4.09%[39m[m[32m4.12%[39m[m
[rank0]:[titan] 2026-03-17 [31m10:46:20,272[m[32m10:46:59,407[m - root - INFO - [31mstep: 95  [32mloss:  [31m3.0432[m[32m3.0581[m  [38;2;180;60;0mgrad_norm:  [31m3.8190[m[32m3.5886[m  [38;2;54;234;195mmemory: [31m53.87GiB(67.81%)[m[32m72.92GiB(91.79%)[m  [34mtps: [31m839[m[32m844[m  [36mtflops: [31m40.46[m[32m40.67[m  [35mmfu: [31m4.09%[39m[m[32m4.11%[39m[m
[rank0]:[titan] 2026-03-17 [31m10:46:22,710[m[32m10:47:01,833[m - root - INFO - [31mstep: 96  [32mloss:  [31m3.0678[m[32m3.0798[m  [38;2;180;60;0mgrad_norm:  [31m3.0292[m[32m2.6588[m  [38;2;54;234;195mmemory: [31m53.87GiB(67.81%)[m[32m72.92GiB(91.79%)[m  [34mtps: [31m840[m[32m845[m  [36mtflops: [31m40.54[m[32m40.69[m  [35mmfu: [31m4.10%[39m[m[32m4.11%[39m[m
[rank0]:[titan] 2026-03-17 [31m10:46:25,155[m[32m10:47:04,261[m - root - INFO - [31mstep: 97  [32mloss:  [31m2.9968[m[32m3.0045[m  [38;2;180;60;0mgrad_norm:  [31m3.1874[m[32m4.3478[m  [38;2;54;234;195mmemory: [31m53.87GiB(67.81%)[m[32m72.92GiB(91.79%)[m  [34mtps: [31m838[m[32m844[m  [36mtflops: [31m40.42[m[32m40.65[m  [35mmfu: [31m4.09%[39m[m[32m4.11%[39m[m
[rank0]:[titan] 2026-03-17 [31m10:46:27,589[m[32m10:47:06,684[m - root - INFO - [31mstep: 98  [32mloss:  [31m2.9750[m[32m2.9925[m  [38;2;180;60;0mgrad_norm:  [31m2.7764[m[32m2.7200[m  [38;2;54;234;195mmemory: [31m53.87GiB(67.81%)[m[32m72.92GiB(91.79%)[m  [34mtps: [31m842[m[32m845[m  [36mtflops: [31m40.61[m[32m40.73[m  [35mmfu: [31m4.11%[39m[m[32m4.12%[39m[m
[rank0]:[titan] 2026-03-17 [31m10:46:30,030[m[32m10:47:09,108[m - root - INFO - [31mstep: 99  [32mloss:  [31m3.0441[m[32m3.0698[m  [38;2;180;60;0mgrad_norm:  [31m3.3720[m[32m4.1918[m  [38;2;54;234;195mmemory: [31m53.87GiB(67.81%)[m[32m72.92GiB(91.79%)[m  [34mtps: [31m839[m[32m845[m  [36mtflops: [31m40.48[m[32m40.71[m  [35mmfu: [31m4.09%[39m[m[32m4.12%[39m[m
[rank0]:[titan] 2026-03-17 [31m10:46:32,469[m[32m10:47:11,531[m - root - INFO - [31mstep: 100  [32mloss:  [31m2.9965[m[32m3.0192[m  [38;2;180;60;0mgrad_norm:  [31m3.0771[m[32m3.3601[m  [38;2;54;234;195mmemory: [31m53.87GiB(67.81%)[m[32m72.92GiB(91.79%)[m  [34mtps: [31m840[m[32m845[m  [36mtflops: [31m40.53[m[32m40.73[m  [35mmfu: [31m4.10%[39m[m[32m4.12%[39m[m
[rank0]:[titan] 2026-03-17 [31m10:46:34,910[m[32m10:47:13,957[m - root - INFO - [31mstep: 101  [32mloss:  [31m3.0438[m[32m3.0829[m  [38;2;180;60;0mgrad_norm:  [31m3.3492[m[32m4.9460[m  [38;2;54;234;195mmemory: [31m53.87GiB(67.81%)[m[32m72.92GiB(91.79%)[m  [34mtps: [31m839[m[32m844[m  [36mtflops: [31m40.48[m[32m40.68[m  [35mmfu: [31m4.09%[39m[m[32m4.11%[39m[m
[rank0]:[titan] 2026-03-17 [31m10:46:37,358[m[32m10:47:16,388[m - root - INFO - [31mstep: 102  [32mloss:  [31m3.0400[m[32m3.0695[m  [38;2;180;60;0mgrad_norm:  [31m2.8613[m[32m3.5534[m  [38;2;54;234;195mmemory: [31m53.87GiB(67.81%)[m[32m72.92GiB(91.79%)[m  [34mtps: [31m837[m[32m843[m  [36mtflops: [31m40.37[m[32m40.60[m  [35mmfu: [31m4.08%[39m[m[32m4.11%[39m[m
[rank0]:[titan] 2026-03-17 [31m10:46:39,800[m[32m10:47:18,812[m - root - INFO - [31mstep: 103  [32mloss:  [31m2.9944[m[32m2.9956[m  [38;2;180;60;0mgrad_norm:  [31m3.8944[m[32m3.9576[m  [38;2;54;234;195mmemory: [31m53.87GiB(67.81%)[m[32m72.92GiB(91.79%)[m  [34mtps: [31m839[m[32m845[m  [36mtflops: [31m40.48[m[32m40.72[m  [35mmfu: [31m4.09%[39m[m[32m4.12%[39m[m
[rank0]:[titan] 2026-03-17 [31m10:46:42,243[m[32m10:47:21,239[m - root - INFO - [31mstep: 104  [32mloss:  [31m2.9888[m[32m3.0049[m  [38;2;180;60;0mgrad_norm:  [31m2.7101[m[32m3.3804[m  [38;2;54;234;195mmemory: [31m53.87GiB(67.81%)[m[32m72.92GiB(91.79%)[m  [34mtps: [31m838[m[32m844[m  [36mtflops: [31m40.45[m[32m40.67[m  [35mmfu: [31m4.09%[39m[m[32m4.11%[39m[m
[rank0]:[titan] 2026-03-17 [31m10:46:44,683[m[32m10:47:23,662[m - root - INFO - [31mstep: 105  [32mloss:  [31m2.9860[m[32m2.9855[m  [38;2;180;60;0mgrad_norm:  [31m4.7991[m[32m3.3927[m  [38;2;54;234;195mmemory: [31m53.87GiB(67.81%)[m[32m72.92GiB(91.79%)[m  [34mtps: [31m839[m[32m845[m  [36mtflops: [31m40.51[m[32m40.73[m  [35mmfu: [31m4.10%[39m[m[32m4.12%[39m[m
[rank0]:[titan] 2026-03-17 [31m10:46:47,120[m[32m10:47:26,088[m - root - INFO - [31mstep: 106  [32mloss:  [31m2.9794[m[32m2.9856[m  [38;2;180;60;0mgrad_norm:  [31m3.7933[m[32m4.7485[m  [38;2;54;234;195mmemory: [31m53.87GiB(67.81%)[m[32m72.92GiB(91.79%)[m  [34mtps: [31m840[m[32m845[m  [36mtflops: [31m40.55[m[32m40.69[m  [35mmfu: [31m4.10%[39m[m[32m4.11%[39m[m
[rank0]:[titan] 2026-03-17 [31m10:46:49,559[m[32m10:47:28,510[m - root - INFO - [31mstep: 107  [32mloss:  [31m3.0162[m[32m2.9899[m  [38;2;180;60;0mgrad_norm:  [31m4.8647[m[32m2.2114[m  [38;2;54;234;195mmemory: [31m53.87GiB(67.81%)[m[32m72.92GiB(91.79%)[m  [34mtps: [31m840[m[32m846[m  [36mtflops: [31m40.53[m[32m40.74[m  [35mmfu: [31m4.10%[39m[m[32m4.12%[39m[m
[rank0]:[titan] 2026-03-17 [31m10:46:52,002[m[32m10:47:30,939[m - root - INFO - [31mstep: 108  [32mloss:  [31m3.0868[m[32m3.0696[m  [38;2;180;60;0mgrad_norm:  [31m4.3406[m[32m4.3496[m  [38;2;54;234;195mmemory: [31m53.87GiB(67.81%)[m[32m72.92GiB(91.79%)[m  [34mtps: [31m838[m[32m843[m  [36mtflops: [31m40.44[m[32m40.63[m  [35mmfu: [31m4.09%[39m[m[32m4.11%[39m[m
[rank0]:[titan] 2026-03-17 [31m10:46:54,441[m[32m10:47:33,368[m - root - INFO - [31mstep: 109  [32mloss:  [31m3.0361[m[32m3.0274[m  [38;2;180;60;0mgrad_norm:  [31m4.2670[m[32m3.5578[m  [38;2;54;234;195mmemory: [31m53.87GiB(67.81%)[m[32m72.92GiB(91.79%)[m  [34mtps: [31m840[m[32m843[m  [36mtflops: [31m40.52[m[32m40.64[m  [35mmfu: [31m4.10%[39m[m[32m4.11%[39m[m
[rank0]:[titan] 2026-03-17 [31m10:46:56,879[m[32m10:47:35,792[m - root - INFO - [31mstep: 110  [32mloss:  [31m2.9978[m[32m3.0191[m  [38;2;180;60;0mgrad_norm:  [31m3.4111[m[32m4.2958[m  [38;2;54;234;195mmemory: [31m53.87GiB(67.81%)[m[32m72.92GiB(91.79%)[m  [34mtps: [31m840[m[32m845[m  [36mtflops: [31m40.54[m[32m40.72[m  [35mmfu: [31m4.10%[39m[m[32m4.12%[39m[m
[rank0]:[titan] 2026-03-17 [31m10:46:59,320[m[32m10:47:38,217[m - root - INFO - [31mstep: 111  [32mloss:  [31m2.9837[m[32m2.9949[m  [38;2;180;60;0mgrad_norm:  [31m3.7499[m[32m3.7480[m  [38;2;54;234;195mmemory: [31m53.87GiB(67.81%)[m[32m72.92GiB(91.79%)[m  [34mtps: [31m839[m[32m845[m  [36mtflops: [31m40.49[m[32m40.69[m  [35mmfu: [31m4.09%[39m[m[32m4.11%[39m[m
[rank0]:[titan] 2026-03-17 [31m10:47:01,760[m[32m10:47:40,643[m - root - INFO - [31mstep: 112  [32mloss:  [31m3.0282[m[32m3.0170[m  [38;2;180;60;0mgrad_norm:  [31m4.1800[m[32m3.2812[m  [38;2;54;234;195mmemory: [31m53.87GiB(67.81%)[m[32m72.92GiB(91.79%)[m  [34mtps: [31m839[m[32m845[m  [36mtflops: [31m40.50[m[32m40.69[m  [35mmfu: [31m4.09%[39m[m[32m4.11%[39m[m
[rank0]:[titan] 2026-03-17 [31m10:47:04,202[m[32m10:47:43,068[m - root - INFO - [31mstep: 113  [32mloss:  [31m2.9723[m[32m2.9631[m  [38;2;180;60;0mgrad_norm:  [31m4.2100[m[32m2.8182[m  [38;2;54;234;195mmemory: [31m53.87GiB(67.81%)[m[32m72.92GiB(91.79%)[m  [34mtps: [31m839[m[32m845[m  [36mtflops: [31m40.48[m[32m40.70[m  [35mmfu: [31m4.09%[39m[m[32m4.12%[39m[m
[rank0]:[titan] 2026-03-17 [31m10:47:06,635[m[32m10:47:45,490[m - root - INFO - [31mstep: 114  [32mloss:  [31m3.0372[m[32m3.0508[m  [38;2;180;60;0mgrad_norm:  [31m3.3376[m[32m2.8736[m  [38;2;54;234;195mmemory: [31m53.87GiB(67.81%)[m[32m72.92GiB(91.79%)[m  [34mtps: [31m842[m[32m846[m  [36mtflops: [31m40.62[m[32m40.75[m  [35mmfu: [31m4.11%[39m[m[32m4.12%[39m[m
[rank0]:[titan] 2026-03-17 [31m10:47:09,074[m[32m10:47:47,916[m - root - INFO - [31mstep: 115  [32mloss:  [31m2.9467[m[32m2.9590[m  [38;2;180;60;0mgrad_norm:  [31m3.6921[m[32m2.8692[m  [38;2;54;234;195mmemory: [31m53.87GiB(67.81%)[m[32m72.92GiB(91.79%)[m  [34mtps: [31m840[m[32m844[m  [36mtflops: [31m40.52[m[32m40.67[m  [35mmfu: [31m4.10%[39m[m[32m4.11%[39m[m
[rank0]:[titan] 2026-03-17 [31m10:47:11,511[m[32m10:47:50,340[m - root - INFO - [31mstep: 116  [32mloss:  [31m2.9418[m[32m2.9606[m  [38;2;180;60;0mgrad_norm:  [31m3.2083[m[32m3.6727[m  [38;2;54;234;195mmemory: [31m53.87GiB(67.81%)[m[32m72.92GiB(91.79%)[m  [34mtps: [31m841[m[32m845[m  [36mtflops: [31m40.56[m[32m40.73[m  [35mmfu: [31m4.10%[39m[m[32m4.12%[39m[m
[rank0]:[titan] 2026-03-17 [31m10:47:13,947[m[32m10:47:52,764[m - root - INFO - [31mstep: 117  [32mloss:  [31m2.9658[m[32m2.9594[m  [38;2;180;60;0mgrad_norm:  [31m4.8003[m[32m2.6948[m  [38;2;54;234;195mmemory: [31m53.87GiB(67.81%)[m[32m72.92GiB(91.79%)[m  [34mtps: [31m841[m[32m845[m  [36mtflops: [31m40.57[m[32m40.71[m  [35mmfu: [31m4.10%[39m[m[32m4.12%[39m[m
[rank0]:[titan] 2026-03-17 [31m10:47:16,385[m[32m10:47:55,187[m - root - INFO - [31mstep: 118  [32mloss:  [31m3.1227[m[32m3.1187[m  [38;2;180;60;0mgrad_norm:  [31m3.8817[m[32m4.0438[m  [38;2;54;234;195mmemory: [31m53.87GiB(67.81%)[m[32m72.92GiB(91.79%)[m  [34mtps: [31m840[m[32m845[m  [36mtflops: [31m40.54[m[32m40.73[m  [35mmfu: [31m4.10%[39m[m[32m4.12%[39m[m
[rank0]:[titan] 2026-03-17 [31m10:47:18,823[m[32m10:47:57,611[m - root - INFO - [31mstep: 119  [32mloss:  [31m2.9870[m[32m2.9786[m  [38;2;180;60;0mgrad_norm:  [31m4.3867[m[32m3.1040[m  [38;2;54;234;195mmemory: [31m53.87GiB(67.81%)[m[32m72.92GiB(91.79%)[m  [34mtps: [31m840[m[32m845[m  [36mtflops: [31m40.55[m[32m40.73[m  [35mmfu: [31m4.10%[39m[m[32m4.12%[39m[m
[rank0]:[titan] 2026-03-17 [31m10:47:21,266[m[32m10:48:00,036[m - root - INFO - [31mstep: 120  [32mloss:  [31m2.9729[m[32m2.9769[m  [38;2;180;60;0mgrad_norm:  [31m4.6680[m[32m5.0684[m  [38;2;54;234;195mmemory: [31m53.87GiB(67.81%)[m[32m72.92GiB(91.79%)[m  [34mtps: [31m838[m[32m844[m  [36mtflops: [31m40.46[m[32m40.69[m  [35mmfu: [31m4.09%[39m[m[32m4.11%[39m[m
[rank0]:[titan] 2026-03-17 [31m10:47:23,723[m[32m10:48:02,479[m - root - INFO - [31mstep: 121  [32mloss:  [31m2.9925[m[32m3.0257[m  [38;2;180;60;0mgrad_norm:  [31m4.0749[m[32m4.7417[m  [38;2;54;234;195mmemory: [31m53.87GiB(67.81%)[m[32m72.92GiB(91.79%)[m  [34mtps: [31m834[m[32m839[m  [36mtflops: [31m40.22[m[32m40.41[m  [35mmfu: [31m4.07%[39m[m[32m4.09%[39m[m
[rank0]:[titan] 2026-03-17 [31m10:47:26,170[m[32m10:48:04,906[m - root - INFO - [31mstep: 122  [32mloss:  [31m2.9694[m[32m2.9454[m  [38;2;180;60;0mgrad_norm:  [31m4.9652[m[32m3.2048[m  [38;2;54;234;195mmemory: [31m53.87GiB(67.81%)[m[32m72.92GiB(91.79%)[m  [34mtps: [31m837[m[32m844[m  [36mtflops: [31m40.39[m[32m40.67[m  [35mmfu: [31m4.08%[39m[m[32m4.11%[39m[m
[rank0]:[titan] 2026-03-17 [31m10:47:28,612[m[32m10:48:07,329[m - root - INFO - [31mstep: 123  [32mloss:  [31m2.9005[m[32m2.9420[m  [38;2;180;60;0mgrad_norm:  [31m3.6675[m[32m6.4299[m  [38;2;54;234;195mmemory: [31m53.87GiB(67.81%)[m[32m72.92GiB(91.79%)[m  [34mtps: [31m839[m[32m845[m  [36mtflops: [31m40.48[m[32m40.73[m  [35mmfu: [31m4.09%[39m[m[32m4.12%[39m[m
[rank0]:[titan] 2026-03-17 [31m10:47:31,056[m[32m10:48:09,754[m - root - INFO - [31mstep: 124  [32mloss:  [31m2.9682[m[32m2.9671[m  [38;2;180;60;0mgrad_norm:  [31m7.6533[m[32m6.4047[m  [38;2;54;234;195mmemory: [31m53.87GiB(67.81%)[m[32m72.92GiB(91.79%)[m  [34mtps: [31m838[m[32m845[m  [36mtflops: [31m40.44[m[32m40.69[m  [35mmfu: [31m4.09%[39m[m[32m4.11%[39m[m
[rank0]:[titan] 2026-03-17 [31m10:47:33,499[m[32m10:48:12,176[m - root - INFO - [31mstep: 125  [32mloss:  [31m3.0357[m[32m3.0201[m  [38;2;180;60;0mgrad_norm:  [31m5.7126[m[32m4.3266[m  [38;2;54;234;195mmemory: [31m53.87GiB(67.81%)[m[32m72.92GiB(91.79%)[m  [34mtps: [31m838[m[32m846[m  [36mtflops: [31m40.44[m[32m40.76[m  [35mmfu: [31m4.09%[39m[m[32m4.12%[39m[m
[rank0]:[titan] 2026-03-17 [31m10:47:35,948[m[32m10:48:14,603[m - root - INFO - [31mstep: 126  [32mloss:  [31m2.9952[m[32m2.9914[m  [38;2;180;60;0mgrad_norm:  [31m4.8415[m[32m4.6399[m  [38;2;54;234;195mmemory: [31m53.87GiB(67.81%)[m[32m72.92GiB(91.79%)[m  [34mtps: [31m836[m[32m844[m  [36mtflops: [31m40.36[m[32m40.66[m  [35mmfu: [31m4.08%[39m[m[32m4.11%[39m[m
[rank0]:[titan] 2026-03-17 [31m10:47:38,390[m[32m10:48:17,026[m - root - INFO - [31mstep: 127  [32mloss:  [31m2.9988[m[32m3.0029[m  [38;2;180;60;0mgrad_norm:  [31m4.9880[m[32m4.1221[m  [38;2;54;234;195mmemory: [31m53.87GiB(67.81%)[m[32m72.92GiB(91.79%)[m  [34mtps: [31m839[m[32m846[m  [36mtflops: [31m40.48[m[32m40.74[m  [35mmfu: [31m4.09%[39m[m[32m4.12%[39m[m
[rank0]:[titan] 2026-03-17 [31m10:47:40,830[m[32m10:48:19,451[m - root - INFO - [31mstep: 128  [32mloss:  [31m2.9856[m[32m3.0125[m  [38;2;180;60;0mgrad_norm:  [31m4.9265[m[32m5.6887[m  [38;2;54;234;195mmemory: [31m53.87GiB(67.81%)[m[32m72.92GiB(91.79%)[m  [34mtps: [31m840[m[32m845[m  [36mtflops: [31m40.51[m[32m40.71[m  [35mmfu: [31m4.10%[39m[m[32m4.12%[39m[m
[rank0]:[titan] 2026-03-17 [31m10:47:43,267[m[32m10:48:21,874[m - root - INFO - [31mstep: 129  [32mloss:  [31m2.9111[m[32m2.9310[m  [38;2;180;60;0mgrad_norm:  [31m3.4504[m[32m4.2764[m  [38;2;54;234;195mmemory: [31m53.87GiB(67.81%)[m[32m72.92GiB(91.79%)[m  [34mtps: [31m840[m[32m845[m  [36mtflops: [31m40.55[m[32m40.74[m  [35mmfu: [31m4.10%[39m[m[32m4.12%[39m[m
[rank0]:[titan] 2026-03-17 [31m10:47:45,705[m[32m10:48:24,297[m - root - INFO - [31mstep: 130  [32mloss:  [31m2.9071[m[32m2.9745[m  [38;2;180;60;0mgrad_norm:  [31m3.0611[m[32m7.9882[m  [38;2;54;234;195mmemory: [31m53.87GiB(67.81%)[m[32m72.92GiB(91.79%)[m  [34mtps: [31m840[m[32m845[m  [36mtflops: [31m40.54[m[32m40.73[m  [35mmfu: [31m4.10%[39m[m[32m4.12%[39m[m
[rank0]:[titan] 2026-03-17 [31m10:47:48,151[m[32m10:48:26,725[m - root - INFO - [31mstep: 131  [32mloss:  [31m2.8695[m[32m2.9327[m  [38;2;180;60;0mgrad_norm:  [31m4.4312[m[32m5.6614[m  [38;2;54;234;195mmemory: [31m53.87GiB(67.81%)[m[32m72.92GiB(91.79%)[m  [34mtps: [31m837[m[32m844[m  [36mtflops: [31m40.39[m[32m40.65[m  [35mmfu: [31m4.08%[39m[m[32m4.11%[39m[m
[rank0]:[titan] 2026-03-17 [31m10:47:50,592[m[32m10:48:29,149[m - root - INFO - [31mstep: 132  [32mloss:  [31m2.9661[m[32m2.9999[m  [38;2;180;60;0mgrad_norm:  [31m5.1187[m[32m5.5932[m  [38;2;54;234;195mmemory: [31m53.87GiB(67.81%)[m[32m72.92GiB(91.79%)[m  [34mtps: [31m839[m[32m845[m  [36mtflops: [31m40.49[m[32m40.73[m  [35mmfu: [31m4.09%[39m[m[32m4.12%[39m[m
[rank0]:[titan] 2026-03-17 [31m10:47:53,032[m[32m10:48:31,575[m - root - INFO - [31mstep: 133  [32mloss:  [31m2.9461[m[32m2.9765[m  [38;2;180;60;0mgrad_norm:  [31m3.9069[m[32m5.4201[m  [38;2;54;234;195mmemory: [31m53.87GiB(67.81%)[m[32m72.92GiB(91.79%)[m  [34mtps: [31m839[m[32m844[m  [36mtflops: [31m40.50[m[32m40.68[m  [35mmfu: [31m4.10%[39m[m[32m4.11%[39m[m
[rank0]:[titan] 2026-03-17 [31m10:47:55,467[m[32m10:48:33,999[m - root - INFO - [31mstep: 134  [32mloss:  [31m2.8562[m[32m2.8865[m  [38;2;180;60;0mgrad_norm:  [31m4.2837[m[32m5.5393[m  [38;2;54;234;195mmemory: [31m53.87GiB(67.81%)[m[32m72.92GiB(91.79%)[m  [34mtps: [31m841[m[32m845[m  [36mtflops: [31m40.59[m[32m40.72[m  [35mmfu: [31m4.10%[39m[m[32m4.12%[39m[m
[rank0]:[titan] 2026-03-17 [31m10:47:57,910[m[32m10:48:36,429[m - root - INFO - [31mstep: 135  [32mloss:  [31m2.8526[m[32m2.8834[m  [38;2;180;60;0mgrad_norm:  [31m3.3091[m[32m5.8849[m  [38;2;54;234;195mmemory: [31m53.87GiB(67.81%)[m[32m72.92GiB(91.79%)[m  [34mtps: [31m838[m[32m843[m  [36mtflops: [31m40.45[m[32m40.61[m  [35mmfu: [31m4.09%[39m[m[32m4.11%[39m[m
[rank0]:[titan] 2026-03-17 [31m10:48:00,347[m[32m10:48:38,852[m - root - INFO - [31mstep: 136  [32mloss:  [31m2.8919[m[32m2.9096[m  [38;2;180;60;0mgrad_norm:  [31m4.0886[m[32m4.7717[m  [38;2;54;234;195mmemory: [31m53.87GiB(67.81%)[m[32m72.92GiB(91.79%)[m  [34mtps: [31m841[m[32m845[m  [36mtflops: [31m40.56[m[32m40.73[m  [35mmfu: [31m4.10%[39m[m[32m4.12%[39m[m
[rank0]:[titan] 2026-03-17 [31m10:48:02,789[m[32m10:48:41,279[m - root - INFO - [31mstep: 137  [32mloss:  [31m2.9144[m[32m2.9520[m  [38;2;180;60;0mgrad_norm:  [31m3.1880[m[32m4.5799[m  [38;2;54;234;195mmemory: [31m53.87GiB(67.81%)[m[32m72.92GiB(91.79%)[m  [34mtps: [31m839[m[32m844[m  [36mtflops: [31m40.47[m[32m40.68[m  [35mmfu: [31m4.09%[39m[m[32m4.11%[39m[m
[rank0]:[titan] 2026-03-17 [31m10:48:05,226[m[32m10:48:43,701[m - root - INFO - [31mstep: 138  [32mloss:  [31m2.9907[m[32m2.9768[m  [38;2;180;60;0mgrad_norm:  [31m5.0712[m[32m3.7110[m  [38;2;54;234;195mmemory: [31m53.87GiB(67.81%)[m[32m72.92GiB(91.79%)[m  [34mtps: [31m841[m[32m846[m  [36mtflops: [31m40.57[m[32m40.75[m  [35mmfu: [31m4.10%[39m[m[32m4.12%[39m[m
[rank0]:[titan] 2026-03-17 [31m10:48:07,669[m[32m10:48:46,127[m - root - INFO - [31mstep: 139  [32mloss:  [31m2.9314[m[32m2.9152[m  [38;2;180;60;0mgrad_norm:  [31m4.0544[m[32m3.4895[m  [38;2;54;234;195mmemory: [31m53.87GiB(67.81%)[m[32m72.92GiB(91.79%)[m  [34mtps: [31m838[m[32m844[m  [36mtflops: [31m40.45[m[32m40.68[m  [35mmfu: [31m4.09%[39m[m[32m4.11%[39m[m
[rank0]:[titan] 2026-03-17 [31m10:48:10,116[m[32m10:48:48,556[m - root - INFO - [31mstep: 140  [32mloss:  [31m2.9291[m[32m2.9801[m  [38;2;180;60;0mgrad_norm:  [31m2.2223[m[32m6.1295[m  [38;2;54;234;195mmemory: [31m53.87GiB(67.81%)[m[32m72.92GiB(91.79%)[m  [34mtps: [31m837[m[32m843[m  [36mtflops: [31m40.40[m[32m40.63[m  [35mmfu: [31m4.08%[39m[m[32m4.11%[39m[m
[rank0]:[titan] 2026-03-17 [31m10:48:12,553[m[32m10:48:50,982[m - root - INFO - [31mstep: 141  [32mloss:  [31m3.0742[m[32m3.0574[m  [38;2;180;60;0mgrad_norm:  [31m6.8378[m[32m5.1311[m  [38;2;54;234;195mmemory: [31m53.87GiB(67.81%)[m[32m72.92GiB(91.79%)[m  [34mtps: [31m841[m[32m844[m  [36mtflops: [31m40.56[m[32m40.69[m  [35mmfu: [31m4.10%[39m[m[32m4.11%[39m[m
[rank0]:[titan] 2026-03-17 [31m10:48:15,011[m[32m10:48:53,421[m - root - INFO - [31mstep: 142  [32mloss:  [31m3.0120[m[32m2.9476[m  [38;2;180;60;0mgrad_norm:  [31m4.9152[m[32m3.4676[m  [38;2;54;234;195mmemory: [31m53.87GiB(67.81%)[m[32m72.92GiB(91.79%)[m  [34mtps: [31m833[m[32m840[m  [36mtflops: [31m40.20[m[32m40.47[m  [35mmfu: [31m4.06%[39m[m[32m4.09%[39m[m
[rank0]:[titan] 2026-03-17 [31m10:48:17,457[m[32m10:48:55,852[m - root - INFO - [31mstep: 143  [32mloss:  [31m2.9618[m[32m2.9083[m  [38;2;180;60;0mgrad_norm:  [31m4.7431[m[32m4.1239[m  [38;2;54;234;195mmemory: [31m53.87GiB(67.81%)[m[32m72.92GiB(91.79%)[m  [34mtps: [31m838[m[32m843[m  [36mtflops: [31m40.42[m[32m40.60[m  [35mmfu: [31m4.09%[39m[m[32m4.11%[39m[m
[rank0]:[titan] 2026-03-17 [31m10:48:19,897[m[32m10:48:58,276[m - root - INFO - [31mstep: 144  [32mloss:  [31m2.9155[m[32m2.8724[m  [38;2;180;60;0mgrad_norm:  [31m5.4318[m[32m3.6635[m  [38;2;54;234;195mmemory: [31m53.87GiB(67.81%)[m[32m72.92GiB(91.79%)[m  [34mtps: [31m839[m[32m845[m  [36mtflops: [31m40.49[m[32m40.71[m  [35mmfu: [31m4.09%[39m[m[32m4.12%[39m[m
[rank0]:[titan] 2026-03-17 [31m10:48:22,341[m[32m10:49:00,704[m - root - INFO - [31mstep: 145  [32mloss:  [31m2.9582[m[32m2.9388[m  [38;2;180;60;0mgrad_norm:  [31m5.3271[m[32m6.1851[m  [38;2;54;234;195mmemory: [31m53.87GiB(67.81%)[m[32m72.92GiB(91.79%)[m  [34mtps: [31m838[m[32m844[m  [36mtflops: [31m40.45[m[32m40.65[m  [35mmfu: [31m4.09%[39m[m[32m4.11%[39m[m
[rank0]:[titan] 2026-03-17 [31m10:48:24,783[m[32m10:49:03,130[m - root - INFO - [31mstep: 146  [32mloss:  [31m2.9349[m[32m2.9300[m  [38;2;180;60;0mgrad_norm:  [31m3.9822[m[32m4.5037[m  [38;2;54;234;195mmemory: [31m53.87GiB(67.81%)[m[32m72.92GiB(91.79%)[m  [34mtps: [31m839[m[32m845[m  [36mtflops: [31m40.48[m[32m40.70[m  [35mmfu: [31m4.09%[39m[m[32m4.12%[39m[m
[rank0]:[titan] 2026-03-17 [31m10:48:27,226[m[32m10:49:05,557[m - root - INFO - [31mstep: 147  [32mloss:  [31m3.0439[m[32m3.0268[m  [38;2;180;60;0mgrad_norm:  [31m4.2250[m[32m2.9114[m  [38;2;54;234;195mmemory: [31m53.87GiB(67.81%)[m[32m72.92GiB(91.79%)[m  [34mtps: [31m838[m[32m844[m  [36mtflops: [31m40.44[m[32m40.67[m  [35mmfu: [31m4.09%[39m[m[32m4.11%[39m[m
[rank0]:[titan] 2026-03-17 [31m10:48:29,669[m[32m10:49:07,985[m - root - INFO - [31mstep: 148  [32mloss:  [31m2.9797[m[32m3.0069[m  [38;2;180;60;0mgrad_norm:  [31m4.0941[m[32m5.8648[m  [38;2;54;234;195mmemory: [31m53.87GiB(67.81%)[m[32m72.92GiB(91.79%)[m  [34mtps: [31m839[m[32m844[m  [36mtflops: [31m40.47[m[32m40.65[m  [35mmfu: [31m4.09%[39m[m[32m4.11%[39m[m
[rank0]:[titan] 2026-03-17 [31m10:48:32,111[m[32m10:49:10,410[m - root - INFO - [31mstep: 149  [32mloss:  [31m2.9855[m[32m2.9723[m  [38;2;180;60;0mgrad_norm:  [31m5.6909[m[32m3.8905[m  [38;2;54;234;195mmemory: [31m53.87GiB(67.81%)[m[32m72.92GiB(91.79%)[m  [34mtps: [31m839[m[32m845[m  [36mtflops: [31m40.47[m[32m40.69[m  [35mmfu: [31m4.09%[39m[m[32m4.11%[39m[m
[rank0]:[titan] 2026-03-17 [31m10:48:34,557[m[32m10:49:12,839[m - root - INFO - [31mstep: 150  [32mloss:  [31m2.9948[m[32m2.9996[m  [38;2;180;60;0mgrad_norm:  [31m6.9782[m[32m7.5277[m  [38;2;54;234;195mmemory: [31m53.87GiB(67.81%)[m[32m72.92GiB(91.79%)[m  [34mtps: [31m837[m[32m843[m  [36mtflops: [31m40.41[m[32m40.63[m  [35mmfu: [31m4.09%[39m[m[32m4.11%[39m[m
[rank0]:[titan] 2026-03-17 [31m10:48:37,006[m[32m10:49:15,270[m - root - INFO - [31mstep: 151  [32mloss:  [31m2.9584[m[32m3.0203[m  [38;2;180;60;0mgrad_norm:  [31m2.4693[m[32m6.6717[m  [38;2;54;234;195mmemory: [31m53.87GiB(67.81%)[m[32m72.92GiB(91.79%)[m  [34mtps: [31m836[m[32m843[m  [36mtflops: [31m40.36[m[32m40.61[m  [35mmfu: [31m4.08%[39m[m[32m4.11%[39m[m
[rank0]:[titan] 2026-03-17 [31m10:48:39,447[m[32m10:49:17,692[m - root - INFO - [31mstep: 152  [32mloss:  [31m2.9086[m[32m2.9482[m  [38;2;180;60;0mgrad_norm:  [31m3.9115[m[32m4.3949[m  [38;2;54;234;195mmemory: [31m53.87GiB(67.81%)[m[32m72.92GiB(91.79%)[m  [34mtps: [31m839[m[32m846[m  [36mtflops: [31m40.48[m[32m40.74[m  [35mmfu: [31m4.09%[39m[m[32m4.12%[39m[m
[rank0]:[titan] 2026-03-17 [31m10:48:41,894[m[32m10:49:20,123[m - root - INFO - [31mstep: 153  [32mloss:  [31m2.8669[m[32m2.8987[m  [38;2;180;60;0mgrad_norm:  [31m2.8323[m[32m5.7986[m  [38;2;54;234;195mmemory: [31m53.87GiB(67.81%)[m[32m72.92GiB(91.79%)[m  [34mtps: [31m837[m[32m843[m  [36mtflops: [31m40.40[m[32m40.61[m  [35mmfu: [31m4.08%[39m[m[32m4.11%[39m[m
[rank0]:[titan] 2026-03-17 [31m10:48:44,335[m[32m10:49:22,546[m - root - INFO - [31mstep: 154  [32mloss:  [31m2.8607[m[32m2.8644[m  [38;2;180;60;0mgrad_norm:  [31m3.4866[m[32m4.1146[m  [38;2;54;234;195mmemory: [31m53.87GiB(67.81%)[m[32m72.92GiB(91.79%)[m  [34mtps: [31m839[m[32m845[m  [36mtflops: [31m40.48[m[32m40.72[m  [35mmfu: [31m4.09%[39m[m[32m4.12%[39m[m
[rank0]:[titan] 2026-03-17 [31m10:48:46,774[m[32m10:49:24,971[m - root - INFO - [31mstep: 155  [32mloss:  [31m2.9595[m[32m2.9469[m  [38;2;180;60;0mgrad_norm:  [31m3.3634[m[32m4.6881[m  [38;2;54;234;195mmemory: [31m53.87GiB(67.81%)[m[32m72.92GiB(91.79%)[m  [34mtps: [31m840[m[32m845[m  [36mtflops: [31m40.53[m[32m40.70[m  [35mmfu: [31m4.10%[39m[m[32m4.12%[39m[m
[rank0]:[titan] 2026-03-17 [31m10:48:49,213[m[32m10:49:27,395[m - root - INFO - [31mstep: 156  [32mloss:  [31m2.9409[m[32m2.9603[m  [38;2;180;60;0mgrad_norm:  [31m3.2627[m[32m4.3354[m  [38;2;54;234;195mmemory: [31m53.87GiB(67.81%)[m[32m72.92GiB(91.79%)[m  [34mtps: [31m840[m[32m845[m  [36mtflops: [31m40.52[m[32m40.73[m  [35mmfu: [31m4.10%[39m[m[32m4.12%[39m[m
[rank0]:[titan] 2026-03-17 [31m10:48:51,649[m[32m10:49:29,821[m - root - INFO - [31mstep: 157  [32mloss:  [31m2.9182[m[32m2.9307[m  [38;2;180;60;0mgrad_norm:  [31m3.1150[m[32m3.6398[m  [38;2;54;234;195mmemory: [31m53.87GiB(67.81%)[m[32m72.92GiB(91.79%)[m  [34mtps: [31m841[m[32m844[m  [36mtflops: [31m40.56[m[32m40.69[m  [35mmfu: [31m4.10%[39m[m[32m4.11%[39m[m
[rank0]:[titan] 2026-03-17 [31m10:48:54,093[m[32m10:49:32,247[m - root - INFO - [31mstep: 158  [32mloss:  [31m2.8797[m[32m2.8870[m  [38;2;180;60;0mgrad_norm:  [31m3.1013[m[32m4.3733[m  [38;2;54;234;195mmemory: [31m53.87GiB(67.81%)[m[32m72.92GiB(91.79%)[m  [34mtps: [31m838[m[32m844[m  [36mtflops: [31m40.45[m[32m40.69[m  [35mmfu: [31m4.09%[39m[m[32m4.11%[39m[m
[rank0]:[titan] 2026-03-17 [31m10:48:56,535[m[32m10:49:34,672[m - root - INFO - [31mstep: 159  [32mloss:  [31m2.8780[m[32m2.8869[m  [38;2;180;60;0mgrad_norm:  [31m2.8320[m[32m4.6235[m  [38;2;54;234;195mmemory: [31m53.87GiB(67.81%)[m[32m72.92GiB(91.79%)[m  [34mtps: [31m839[m[32m845[m  [36mtflops: [31m40.46[m[32m40.69[m  [35mmfu: [31m4.09%[39m[m[32m4.11%[39m[m
[rank0]:[titan] 2026-03-17 [31m10:48:58,982[m[32m10:49:37,101[m - root - INFO - [31mstep: 160  [32mloss:  [31m2.8652[m[32m2.8771[m  [38;2;180;60;0mgrad_norm:  [31m3.2526[m[32m3.8370[m  [38;2;54;234;195mmemory: [31m53.87GiB(67.81%)[m[32m72.92GiB(91.79%)[m  [34mtps: [31m837[m[32m843[m  [36mtflops: [31m40.39[m[32m40.64[m  [35mmfu: [31m4.08%[39m[m[32m4.11%[39m[m
[rank0]:[titan] 2026-03-17 [31m10:49:01,418[m[32m10:49:39,527[m - root - INFO - [31mstep: 161  [32mloss:  [31m2.8410[m[32m2.8475[m  [38;2;180;60;0mgrad_norm:  [31m2.9238[m[32m3.6684[m  [38;2;54;234;195mmemory: [31m53.87GiB(67.81%)[m[32m72.92GiB(91.79%)[m  [34mtps: [31m841[m[32m844[m  [36mtflops: [31m40.57[m[32m40.69[m  [35mmfu: [31m4.10%[39m[m[32m4.11%[39m[m
[rank0]:[titan] 2026-03-17 [31m10:49:03,860[m[32m10:49:41,955[m - root - INFO - [31mstep: 162  [32mloss:  [31m2.8379[m[32m2.8542[m  [38;2;180;60;0mgrad_norm:  [31m2.9832[m[32m5.0197[m  [38;2;54;234;195mmemory: [31m53.87GiB(67.81%)[m[32m72.92GiB(91.79%)[m  [34mtps: [31m839[m[32m844[m  [36mtflops: [31m40.48[m[32m40.64[m  [35mmfu: [31m4.09%[39m[m[32m4.11%[39m[m
[rank0]:[titan] 2026-03-17 [31m10:49:06,305[m[32m10:49:44,380[m - root - INFO - [31mstep: 163  [32mloss:  [31m2.9141[m[32m2.9372[m  [38;2;180;60;0mgrad_norm:  [31m2.6408[m[32m3.5755[m  [38;2;54;234;195mmemory: [31m53.87GiB(67.81%)[m[32m72.92GiB(91.79%)[m  [34mtps: [31m838[m[32m845[m  [36mtflops: [31m40.42[m[32m40.70[m  [35mmfu: [31m4.09%[39m[m[32m4.12%[39m[m
[rank0]:[titan] 2026-03-17 [31m10:49:08,748[m[32m10:49:46,810[m - root - INFO - [31mstep: 164  [32mloss:  [31m2.8877[m[32m2.9097[m  [38;2;180;60;0mgrad_norm:  [31m3.6666[m[32m5.0466[m  [38;2;54;234;195mmemory: [31m53.87GiB(67.81%)[m[32m72.92GiB(91.79%)[m  [34mtps: [31m839[m[32m843[m  [36mtflops: [31m40.47[m[32m40.63[m  [35mmfu: [31m4.09%[39m[m[32m4.11%[39m[m
[rank0]:[titan] 2026-03-17 [31m10:49:11,190[m[32m10:49:49,234[m - root - INFO - [31mstep: 165  [32mloss:  [31m2.8520[m[32m2.8867[m  [38;2;180;60;0mgrad_norm:  [31m3.5938[m[32m5.4189[m  [38;2;54;234;195mmemory: [31m53.87GiB(67.81%)[m[32m72.92GiB(91.79%)[m  [34mtps: [31m839[m[32m845[m  [36mtflops: [31m40.47[m[32m40.71[m  [35mmfu: [31m4.09%[39m[m[32m4.12%[39m[m
[rank0]:[titan] 2026-03-17 [31m10:49:13,632[m[32m10:49:51,662[m - root - INFO - [31mstep: 166  [32mloss:  [31m2.9184[m[32m2.9141[m  [38;2;180;60;0mgrad_norm:  [31m4.4372[m[32m3.5851[m  [38;2;54;234;195mmemory: [31m53.87GiB(67.81%)[m[32m72.92GiB(91.79%)[m  [34mtps: [31m839[m[32m844[m  [36mtflops: [31m40.46[m[32m40.65[m  [35mmfu: [31m4.09%[39m[m[32m4.11%[39m[m
[rank0]:[titan] 2026-03-17 [31m10:49:16,081[m[32m10:49:54,092[m - root - INFO - [31mstep: 167  [32mloss:  [31m3.0004[m[32m3.0157[m  [38;2;180;60;0mgrad_norm:  [31m2.7387[m[32m4.1254[m  [38;2;54;234;195mmemory: [31m53.87GiB(67.81%)[m[32m72.92GiB(91.79%)[m  [34mtps: [31m836[m[32m843[m  [36mtflops: [31m40.36[m[32m40.62[m  [35mmfu: [31m4.08%[39m[m[32m4.11%[39m[m
[rank0]:[titan] 2026-03-17 [31m10:49:18,515[m[32m10:49:56,516[m - root - INFO - [31mstep: 168  [32mloss:  [31m2.9009[m[32m2.9256[m  [38;2;180;60;0mgrad_norm:  [31m4.3137[m[32m4.5537[m  [38;2;54;234;195mmemory: [31m53.87GiB(67.81%)[m[32m72.92GiB(91.79%)[m  [34mtps: [31m842[m[32m845[m  [36mtflops: [31m40.61[m[32m40.72[m  [35mmfu: [31m4.11%[39m[m[32m4.12%[39m[m
[rank0]:[titan] 2026-03-17 [31m10:49:20,954[m[32m10:49:58,946[m - root - INFO - [31mstep: 169  [32mloss:  [31m2.8944[m[32m2.8992[m  [38;2;180;60;0mgrad_norm:  [31m3.2504[m[32m3.8108[m  [38;2;54;234;195mmemory: [31m53.87GiB(67.81%)[m[32m72.92GiB(91.79%)[m  [34mtps: [31m840[m[32m843[m  [36mtflops: [31m40.52[m[32m40.61[m  [35mmfu: [31m4.10%[39m[m[32m4.11%[39m[m
[rank0]:[titan] 2026-03-17 [31m10:49:23,390[m[32m10:50:01,373[m - root - INFO - [31mstep: 170  [32mloss:  [31m2.9958[m[32m2.9734[m  [38;2;180;60;0mgrad_norm:  [31m5.1360[m[32m2.8494[m  [38;2;54;234;195mmemory: [31m53.87GiB(67.81%)[m[32m72.92GiB(91.79%)[m  [34mtps: [31m841[m[32m844[m  [36mtflops: [31m40.57[m[32m40.68[m  [35mmfu: [31m4.10%[39m[m[32m4.11%[39m[m
[rank0]:[titan] 2026-03-17 [31m10:49:25,835[m[32m10:50:03,797[m - root - INFO - [31mstep: 171  [32mloss:  [31m2.9807[m[32m2.9691[m  [38;2;180;60;0mgrad_norm:  [31m4.4804[m[32m3.8031[m  [38;2;54;234;195mmemory: [31m53.87GiB(67.81%)[m[32m72.92GiB(91.79%)[m  [34mtps: [31m838[m[32m845[m  [36mtflops: [31m40.42[m[32m40.71[m  [35mmfu: [31m4.09%[39m[m[32m4.12%[39m[m
[rank0]:[titan] 2026-03-17 [31m10:49:28,269[m[32m10:50:06,220[m - root - INFO - [31mstep: 172  [32mloss:  [31m2.9289[m[32m2.9283[m  [38;2;180;60;0mgrad_norm:  [31m3.3313[m[32m2.6997[m  [38;2;54;234;195mmemory: [31m53.87GiB(67.81%)[m[32m72.92GiB(91.79%)[m  [34mtps: [31m842[m[32m845[m  [36mtflops: [31m40.61[m[32m40.73[m  [35mmfu: [31m4.11%[39m[m[32m4.12%[39m[m
[rank0]:[titan] 2026-03-17 [31m10:49:30,707[m[32m10:50:08,647[m - root - INFO - [31mstep: 173  [32mloss:  [31m2.9398[m[32m2.9361[m  [38;2;180;60;0mgrad_norm:  [31m3.4425[m[32m3.9510[m  [38;2;54;234;195mmemory: [31m53.87GiB(67.81%)[m[32m72.92GiB(91.79%)[m  [34mtps: [31m840[m[32m844[m  [36mtflops: [31m40.53[m[32m40.66[m  [35mmfu: [31m4.10%[39m[m[32m4.11%[39m[m
[rank0]:[titan] 2026-03-17 [31m10:49:33,143[m[32m10:50:11,073[m - root - INFO - [31mstep: 174  [32mloss:  [31m2.8489[m[32m2.8672[m  [38;2;180;60;0mgrad_norm:  [31m2.4623[m[32m3.2929[m  [38;2;54;234;195mmemory: [31m53.87GiB(67.81%)[m[32m72.92GiB(91.79%)[m  [34mtps: [31m841[m[32m844[m  [36mtflops: [31m40.58[m[32m40.69[m  [35mmfu: [31m4.10%[39m[m[32m4.11%[39m[m
[rank0]:[titan] 2026-03-17 [31m10:49:35,585[m[32m10:50:13,497[m - root - INFO - [31mstep: 175  [32mloss:  [31m2.8798[m[32m2.9111[m  [38;2;180;60;0mgrad_norm:  [31m3.1877[m[32m4.4362[m  [38;2;54;234;195mmemory: [31m53.87GiB(67.81%)[m[32m72.92GiB(91.79%)[m  [34mtps: [31m839[m[32m845[m  [36mtflops: [31m40.48[m[32m40.71[m  [35mmfu: [31m4.09%[39m[m[32m4.12%[39m[m
[rank0]:[titan] 2026-03-17 [31m10:49:38,020[m[32m10:50:15,922[m - root - INFO - [31mstep: 176  [32mloss:  [31m2.9099[m[32m2.9290[m  [38;2;180;60;0mgrad_norm:  [31m3.0077[m[32m3.3572[m  [38;2;54;234;195mmemory: [31m53.87GiB(67.81%)[m[32m72.92GiB(91.79%)[m  [34mtps: [31m841[m[32m845[m  [36mtflops: [31m40.58[m[32m40.70[m  [35mmfu: [31m4.10%[39m[m[32m4.11%[39m[m
[rank0]:[titan] 2026-03-17 [31m10:49:40,465[m[32m10:50:18,353[m - root - INFO - [31mstep: 177  [32mloss:  [31m2.8715[m[32m2.8922[m  [38;2;180;60;0mgrad_norm:  [31m2.8939[m[32m3.6633[m  [38;2;54;234;195mmemory: [31m53.87GiB(67.81%)[m[32m72.92GiB(91.79%)[m  [34mtps: [31m838[m[32m843[m  [36mtflops: [31m40.43[m[32m40.61[m  [35mmfu: [31m4.09%[39m[m[32m4.11%[39m[m
[rank0]:[titan] 2026-03-17 [31m10:49:42,906[m[32m10:50:20,777[m - root - INFO - [31mstep: 178  [32mloss:  [31m2.9116[m[32m2.9060[m  [38;2;180;60;0mgrad_norm:  [31m3.2633[m[32m3.5115[m  [38;2;54;234;195mmemory: [31m53.87GiB(67.81%)[m[32m72.92GiB(91.79%)[m  [34mtps: [31m839[m[32m845[m  [36mtflops: [31m40.49[m[32m40.72[m  [35mmfu: [31m4.09%[39m[m[32m4.12%[39m[m
[rank0]:[titan] 2026-03-17 [31m10:49:45,350[m[32m10:50:23,206[m - root - INFO - [31mstep: 179  [32mloss:  [31m2.9246[m[32m2.9358[m  [38;2;180;60;0mgrad_norm:  [31m2.9184[m[32m3.0929[m  [38;2;54;234;195mmemory: [31m53.87GiB(67.81%)[m[32m72.92GiB(91.79%)[m  [34mtps: [31m838[m[32m843[m  [36mtflops: [31m40.43[m[32m40.63[m  [35mmfu: [31m4.09%[39m[m[32m4.11%[39m[m
[rank0]:[titan] 2026-03-17 [31m10:49:47,792[m[32m10:50:25,641[m - root - INFO - [31mstep: 180  [32mloss:  [31m2.8991[m[32m2.8990[m  [38;2;180;60;0mgrad_norm:  [31m3.4672[m[32m3.2736[m  [38;2;54;234;195mmemory: [31m53.87GiB(67.81%)[m[32m72.92GiB(91.79%)[m  [34mtps: [31m839[m[32m841[m  [36mtflops: [31m40.46[m[32m40.54[m  [35mmfu: [31m4.09%[39m[m[32m4.10%[39m[m
[rank0]:[titan] 2026-03-17 [31m10:49:50,231[m[32m10:50:28,066[m - root - INFO - [31mstep: 181  [32mloss:  [31m2.8655[m[32m2.8822[m  [38;2;180;60;0mgrad_norm:  [31m2.9441[m[32m3.0266[m  [38;2;54;234;195mmemory: [31m53.87GiB(67.81%)[m[32m72.92GiB(91.79%)[m  [34mtps: [31m840[m[32m845[m  [36mtflops: [31m40.54[m[32m40.71[m  [35mmfu: [31m4.10%[39m[m[32m4.12%[39m[m
[rank0]:[titan] 2026-03-17 [31m10:49:52,667[m[32m10:50:30,492[m - root - INFO - [31mstep: 182  [32mloss:  [31m2.8968[m[32m2.8943[m  [38;2;180;60;0mgrad_norm:  [31m3.8899[m[32m3.0645[m  [38;2;54;234;195mmemory: [31m53.87GiB(67.81%)[m[32m72.92GiB(91.79%)[m  [34mtps: [31m841[m[32m845[m  [36mtflops: [31m40.56[m[32m40.69[m  [35mmfu: [31m4.10%[39m[m[32m4.11%[39m[m
[rank0]:[titan] 2026-03-17 [31m10:49:55,107[m[32m10:50:32,916[m - root - INFO - [31mstep: 183  [32mloss:  [31m2.8792[m[32m2.8651[m  [38;2;180;60;0mgrad_norm:  [31m2.9538[m[32m2.4564[m  [38;2;54;234;195mmemory: [31m53.87GiB(67.81%)[m[32m72.92GiB(91.79%)[m  [34mtps: [31m840[m[32m845[m  [36mtflops: [31m40.51[m[32m40.72[m  [35mmfu: [31m4.10%[39m[m[32m4.12%[39m[m
[rank0]:[titan] 2026-03-17 [31m10:49:57,543[m[32m10:50:35,340[m - root - INFO - [31mstep: 184  [32mloss:  [31m2.9259[m[32m2.9176[m  [38;2;180;60;0mgrad_norm:  [31m3.7268[m[32m3.1162[m  [38;2;54;234;195mmemory: [31m53.87GiB(67.81%)[m[32m72.92GiB(91.79%)[m  [34mtps: [31m841[m[32m845[m  [36mtflops: [31m40.58[m[32m40.72[m  [35mmfu: [31m4.10%[39m[m[32m4.12%[39m[m
[rank0]:[titan] 2026-03-17 [31m10:49:59,990[m[32m10:50:37,770[m - root - INFO - [31mstep: 185  [32mloss:  [31m2.8846[m[32m2.8819[m  [38;2;180;60;0mgrad_norm:  [31m4.1415[m[32m3.7788[m  [38;2;54;234;195mmemory: [31m53.87GiB(67.81%)[m[32m72.92GiB(91.79%)[m  [34mtps: [31m837[m[32m843[m  [36mtflops: [31m40.38[m[32m40.61[m  [35mmfu: [31m4.08%[39m[m[32m4.11%[39m[m
[rank0]:[titan] 2026-03-17 [31m10:50:02,429[m[32m10:50:40,195[m - root - INFO - [31mstep: 186  [32mloss:  [31m2.9208[m[32m2.9307[m  [38;2;180;60;0mgrad_norm:  [31m3.9767[m[32m3.7886[m  [38;2;54;234;195mmemory: [31m53.87GiB(67.81%)[m[32m72.92GiB(91.79%)[m  [34mtps: [31m840[m[32m845[m  [36mtflops: [31m40.53[m[32m40.70[m  [35mmfu: [31m4.10%[39m[m[32m4.12%[39m[m
[rank0]:[titan] 2026-03-17 [31m10:50:04,869[m[32m10:50:42,620[m - root - INFO - [31mstep: 187  [32mloss:  [31m2.8571[m[32m2.8540[m  [38;2;180;60;0mgrad_norm:  [31m3.4496[m[32m3.1686[m  [38;2;54;234;195mmemory: [31m53.87GiB(67.81%)[m[32m72.92GiB(91.79%)[m  [34mtps: [31m839[m[32m845[m  [36mtflops: [31m40.50[m[32m40.71[m  [35mmfu: [31m4.10%[39m[m[32m4.12%[39m[m
[rank0]:[titan] 2026-03-17 [31m10:50:07,309[m[32m10:50:45,044[m - root - INFO - [31mstep: 188  [32mloss:  [31m2.8714[m[32m2.8833[m  [38;2;180;60;0mgrad_norm:  [31m2.7201[m[32m2.9595[m  [38;2;54;234;195mmemory: [31m53.87GiB(67.81%)[m[32m72.92GiB(91.79%)[m  [34mtps: [31m840[m[32m845[m  [36mtflops: [31m40.51[m[32m40.71[m  [35mmfu: [31m4.10%[39m[m[32m4.12%[39m[m
[rank0]:[titan] 2026-03-17 [31m10:50:09,753[m[32m10:50:47,473[m - root - INFO - [31mstep: 189  [32mloss:  [31m2.8492[m[32m2.8505[m  [38;2;180;60;0mgrad_norm:  [31m3.2417[m[32m2.4676[m  [38;2;54;234;195mmemory: [31m53.87GiB(67.81%)[m[32m72.92GiB(91.79%)[m  [34mtps: [31m838[m[32m844[m  [36mtflops: [31m40.44[m[32m40.65[m  [35mmfu: [31m4.09%[39m[m[32m4.11%[39m[m
[rank0]:[titan] 2026-03-17 [31m10:50:12,192[m[32m10:50:49,902[m - root - INFO - [31mstep: 190  [32mloss:  [31m2.8792[m[32m2.8578[m  [38;2;180;60;0mgrad_norm:  [31m3.2076[m[32m2.3327[m  [38;2;54;234;195mmemory: [31m53.87GiB(67.81%)[m[32m72.92GiB(91.79%)[m  [34mtps: [31m840[m[32m843[m  [36mtflops: [31m40.51[m[32m40.63[m  [35mmfu: [31m4.10%[39m[m[32m4.11%[39m[m
[rank0]:[titan] 2026-03-17 [31m10:50:14,629[m[32m10:50:52,327[m - root - INFO - [31mstep: 191  [32mloss:  [31m2.8083[m[32m2.8423[m  [38;2;180;60;0mgrad_norm:  [31m2.3129[m[32m4.7983[m  [38;2;54;234;195mmemory: [31m53.87GiB(67.81%)[m[32m72.92GiB(91.79%)[m  [34mtps: [31m841[m[32m845[m  [36mtflops: [31m40.56[m[32m40.70[m  [35mmfu: [31m4.10%[39m[m[32m4.12%[39m[m
[rank0]:[titan] 2026-03-17 [31m10:50:17,067[m[32m10:50:54,750[m - root - INFO - [31mstep: 192  [32mloss:  [31m2.8444[m[32m2.8672[m  [38;2;180;60;0mgrad_norm:  [31m3.9330[m[32m3.9347[m  [38;2;54;234;195mmemory: [31m53.87GiB(67.81%)[m[32m72.92GiB(91.79%)[m  [34mtps: [31m840[m[32m845[m  [36mtflops: [31m40.54[m[32m40.74[m  [35mmfu: [31m4.10%[39m[m[32m4.12%[39m[m
[rank0]:[titan] 2026-03-17 [31m10:50:19,505[m[32m10:50:57,176[m - root - INFO - [31mstep: 193  [32mloss:  [31m2.9304[m[32m2.9504[m  [38;2;180;60;0mgrad_norm:  [31m2.8994[m[32m3.1901[m  [38;2;54;234;195mmemory: [31m53.87GiB(67.81%)[m[32m72.92GiB(91.79%)[m  [34mtps: [31m840[m[32m844[m  [36mtflops: [31m40.54[m[32m40.68[m  [35mmfu: [31m4.10%[39m[m[32m4.11%[39m[m
[rank0]:[titan] 2026-03-17 [31m10:50:21,979[m[32m10:50:59,626[m - root - INFO - [31mstep: 194  [32mloss:  [31m2.8324[m[32m2.8287[m  [38;2;180;60;0mgrad_norm:  [31m3.9967[m[32m3.4116[m  [38;2;54;234;195mmemory: [31m53.87GiB(67.81%)[m[32m72.92GiB(91.79%)[m  [34mtps: [31m828[m[32m836[m  [36mtflops: [31m39.96[m[32m40.29[m  [35mmfu: [31m4.04%[39m[m[32m4.07%[39m[m
[rank0]:[titan] 2026-03-17 [31m10:50:24,416[m[32m10:51:02,051[m - root - INFO - [31mstep: 195  [32mloss:  [31m2.8805[m[32m2.8779[m  [38;2;180;60;0mgrad_norm:  [31m3.7121[m[32m2.8310[m  [38;2;54;234;195mmemory: [31m53.87GiB(67.81%)[m[32m72.92GiB(91.79%)[m  [34mtps: [31m840[m[32m845[m  [36mtflops: [31m40.55[m[32m40.70[m  [35mmfu: [31m4.10%[39m[m[32m4.11%[39m[m
[rank0]:[titan] 2026-03-17 [31m10:50:26,854[m[32m10:51:04,475[m - root - INFO - [31mstep: 196  [32mloss:  [31m2.8576[m[32m2.8662[m  [38;2;180;60;0mgrad_norm:  [31m3.3490[m[32m4.4427[m  [38;2;54;234;195mmemory: [31m53.87GiB(67.81%)[m[32m72.92GiB(91.79%)[m  [34mtps: [31m840[m[32m845[m  [36mtflops: [31m40.55[m[32m40.72[m  [35mmfu: [31m4.10%[39m[m[32m4.12%[39m[m
[rank0]:[titan] 2026-03-17 [31m10:50:29,295[m[32m10:51:06,901[m - root - INFO - [31mstep: 197  [32mloss:  [31m2.8810[m[32m2.8914[m  [38;2;180;60;0mgrad_norm:  [31m3.7456[m[32m3.6614[m  [38;2;54;234;195mmemory: [31m53.87GiB(67.81%)[m[32m72.92GiB(91.79%)[m  [34mtps: [31m839[m[32m844[m  [36mtflops: [31m40.49[m[32m40.68[m  [35mmfu: [31m4.09%[39m[m[32m4.11%[39m[m
[rank0]:[titan] 2026-03-17 [31m10:50:31,744[m[32m10:51:09,335[m - root - INFO - [31mstep: 198  [32mloss:  [31m2.8757[m[32m2.8907[m  [38;2;180;60;0mgrad_norm:  [31m3.1085[m[32m3.8766[m  [38;2;54;234;195mmemory: [31m53.87GiB(67.81%)[m[32m72.92GiB(91.79%)[m  [34mtps: [31m836[m[32m842[m  [36mtflops: [31m40.35[m[32m40.55[m  [35mmfu: [31m4.08%[39m[m[32m4.10%[39m[m
[rank0]:[titan] 2026-03-17 [31m10:50:34,188[m[32m10:51:11,763[m - root - INFO - [31mstep: 199  [32mloss:  [31m2.8263[m[32m2.8406[m  [38;2;180;60;0mgrad_norm:  [31m3.2929[m[32m3.3602[m  [38;2;54;234;195mmemory: [31m53.87GiB(67.81%)[m[32m72.92GiB(91.79%)[m  [34mtps: [31m838[m[32m844[m  [36mtflops: [31m40.44[m[32m40.65[m  [35mmfu: [31m4.09%[39m[m[32m4.11%[39m[m
[rank0]:[titan] 2026-03-17 [31m10:50:36,638[m[32m10:51:14,198[m - root - INFO - [31mstep: 200  [32mloss:  [31m2.7912[m[32m2.8169[m  [38;2;180;60;0mgrad_norm:  [31m2.1135[m[32m4.4036[m  [38;2;54;234;195mmemory: [31m53.87GiB(67.81%)[m[32m72.92GiB(91.79%)[m  [34mtps: [31m836[m[32m841[m  [36mtflops: [31m40.34[m[32m40.54[m  [35mmfu: [31m4.08%[39m[m[32m4.10%[39m[m
[rank0]:[titan] 2026-03-17 [31m10:50:39,081[m[32m10:51:16,623[m - root - INFO - [31mstep: 201  [32mloss:  [31m2.9026[m[32m2.9097[m  [38;2;180;60;0mgrad_norm:  [31m3.3610[m[32m4.3918[m  [38;2;54;234;195mmemory: [31m53.87GiB(67.81%)[m[32m72.92GiB(91.79%)[m  [34mtps: [31m838[m[32m845[m  [36mtflops: [31m40.46[m[32m40.70[m  [35mmfu: [31m4.09%[39m[m[32m4.12%[39m[m
[rank0]:[titan] 2026-03-17 [31m10:50:41,518[m[32m10:51:19,047[m - root - INFO - [31mstep: 202  [32mloss:  [31m2.8867[m[32m2.8949[m  [38;2;180;60;0mgrad_norm:  [31m2.8025[m[32m3.8510[m  [38;2;54;234;195mmemory: [31m53.87GiB(67.81%)[m[32m72.92GiB(91.79%)[m  [34mtps: [31m841[m[32m845[m  [36mtflops: [31m40.56[m[32m40.71[m  [35mmfu: [31m4.10%[39m[m[32m4.12%[39m[m
[rank0]:[titan] 2026-03-17 [31m10:50:43,956[m[32m10:51:21,473[m - root - INFO - [31mstep: 203  [32mloss:  [31m2.7776[m[32m2.7640[m  [38;2;180;60;0mgrad_norm:  [31m3.2896[m[32m3.5621[m  [38;2;54;234;195mmemory: [31m53.87GiB(67.81%)[m[32m72.92GiB(91.79%)[m  [34mtps: [31m840[m[32m844[m  [36mtflops: [31m40.54[m[32m40.69[m  [35mmfu: [31m4.10%[39m[m[32m4.11%[39m[m
[rank0]:[titan] 2026-03-17 [31m10:50:46,392[m[32m10:51:23,898[m - root - INFO - [31mstep: 204  [32mloss:  [31m2.8613[m[32m2.8409[m  [38;2;180;60;0mgrad_norm:  [31m5.1303[m[32m4.0268[m  [38;2;54;234;195mmemory: [31m53.87GiB(67.81%)[m[32m72.92GiB(91.79%)[m  [34mtps: [31m841[m[32m845[m  [36mtflops: [31m40.57[m[32m40.71[m  [35mmfu: [31m4.10%[39m[m[32m4.12%[39m[m
[rank0]:[titan] 2026-03-17 [31m10:50:48,833[m[32m10:51:26,324[m - root - INFO - [31mstep: 205  [32mloss:  [31m2.8343[m[32m2.8290[m  [38;2;180;60;0mgrad_norm:  [31m3.0152[m[32m4.5750[m  [38;2;54;234;195mmemory: [31m53.87GiB(67.81%)[m[32m72.92GiB(91.79%)[m  [34mtps: [31m839[m[32m844[m  [36mtflops: [31m40.49[m[32m40.67[m  [35mmfu: [31m4.09%[39m[m[32m4.11%[39m[m
[rank0]:[titan] 2026-03-17 [31m10:50:51,277[m[32m10:51:28,763[m - root - INFO - [31mstep: 206  [32mloss:  [31m2.8476[m[32m2.8322[m  [38;2;180;60;0mgrad_norm:  [31m3.4537[m[32m2.8052[m  [38;2;54;234;195mmemory: [31m53.87GiB(67.81%)[m[32m72.92GiB(91.79%)[m  [34mtps: [31m838[m[32m840[m  [36mtflops: [31m40.43[m[32m40.48[m  [35mmfu: 4.09%[39m
[rank0]:[titan] 2026-03-17 [31m10:50:53,719[m[32m10:51:31,190[m - root - INFO - [31mstep: 207  [32mloss:  [31m2.8230[m[32m2.8074[m  [38;2;180;60;0mgrad_norm:  [31m3.2557[m[32m3.0048[m  [38;2;54;234;195mmemory: [31m53.87GiB(67.81%)[m[32m72.92GiB(91.79%)[m  [34mtps: [31m839[m[32m844[m  [36mtflops: [31m40.48[m[32m40.66[m  [35mmfu: [31m4.09%[39m[m[32m4.11%[39m[m
[rank0]:[titan] 2026-03-17 [31m10:50:56,158[m[32m10:51:33,615[m - root - INFO - [31mstep: 208  [32mloss:  [31m2.7944[m[32m2.7896[m  [38;2;180;60;0mgrad_norm:  [31m2.4393[m[32m1.9996[m  [38;2;54;234;195mmemory: [31m53.87GiB(67.81%)[m[32m72.92GiB(91.79%)[m  [34mtps: [31m840[m[32m845[m  [36mtflops: [31m40.53[m[32m40.70[m  [35mmfu: [31m4.10%[39m[m[32m4.12%[39m[m
[rank0]:[titan] 2026-03-17 [31m10:50:58,595[m[32m10:51:36,039[m - root - INFO - [31mstep: 209  [32mloss:  [31m2.7912[m[32m2.8130[m  [38;2;180;60;0mgrad_norm:  [31m2.3058[m[32m4.5853[m  [38;2;54;234;195mmemory: [31m53.87GiB(67.81%)[m[32m72.92GiB(91.79%)[m  [34mtps: [31m840[m[32m845[m  [36mtflops: [31m40.55[m[32m40.72[m  [35mmfu: [31m4.10%[39m[m[32m4.12%[39m[m
[rank0]:[titan] 2026-03-17 [31m10:51:01,037[m[32m10:51:38,462[m - root - INFO - [31mstep: 210  [32mloss:  [31m2.8005[m[32m2.7926[m  [38;2;180;60;0mgrad_norm:  [31m3.2162[m[32m2.5425[m  [38;2;54;234;195mmemory: [31m53.87GiB(67.81%)[m[32m72.92GiB(91.79%)[m  [34mtps: [31m839[m[32m846[m  [36mtflops: [31m40.48[m[32m40.74[m  [35mmfu: [31m4.09%[39m[m[32m4.12%[39m[m
[rank0]:[titan] 2026-03-17 [31m10:51:03,479[m[32m10:51:40,887[m - root - INFO - [31mstep: 211  [32mloss:  [31m2.8144[m[32m2.8487[m  [38;2;180;60;0mgrad_norm:  [31m1.9201[m[32m4.6547[m  [38;2;54;234;195mmemory: [31m53.87GiB(67.81%)[m[32m72.92GiB(91.79%)[m  [34mtps: [31m839[m[32m845[m  [36mtflops: [31m40.47[m[32m40.71[m  [35mmfu: [31m4.09%[39m[m[32m4.12%[39m[m
[rank0]:[titan] 2026-03-17 [31m10:51:03,480[m[32m10:51:40,888[m - root - WARNING - Dataset c4_test is being re-looped
[rank0]:[titan] 2026-03-17 [31m10:51:05,922[m[32m10:51:43,313[m - root - INFO - [31mstep: 212  [32mloss:  [31m2.8800[m[32m2.8787[m  [38;2;180;60;0mgrad_norm:  [31m4.5408[m[32m4.2389[m  [38;2;54;234;195mmemory: [31m53.87GiB(67.81%)[m[32m72.92GiB(91.79%)[m  [34mtps: [31m838[m[32m845[m  [36mtflops: [31m40.45[m[32m40.69[m  [35mmfu: [31m4.09%[39m[m[32m4.11%[39m[m
[rank0]:[titan] 2026-03-17 [31m10:51:08,365[m[32m10:51:45,739[m - root - INFO - [31mstep: 213  [32mloss:  [31m2.8202[m[32m2.7878[m  [38;2;180;60;0mgrad_norm:  [31m4.1130[m[32m3.2385[m  [38;2;54;234;195mmemory: [31m53.87GiB(67.81%)[m[32m72.92GiB(91.79%)[m  [34mtps: [31m839[m[32m844[m  [36mtflops: [31m40.46[m[32m40.68[m  [35mmfu: [31m4.09%[39m[m[32m4.11%[39m[m
[rank0]:[titan] 2026-03-17 [31m10:51:10,808[m[32m10:51:48,164[m - root - INFO - [31mstep: 214  [32mloss:  [31m2.8227[m[32m2.8443[m  [38;2;180;60;0mgrad_norm:  [31m3.4557[m[32m6.1044[m  [38;2;54;234;195mmemory: [31m53.87GiB(67.81%)[m[32m72.92GiB(91.79%)[m  [34mtps: [31m838[m[32m845[m  [36mtflops: [31m40.45[m[32m40.69[m  [35mmfu: [31m4.09%[39m[m[32m4.11%[39m[m
[rank0]:[titan] 2026-03-17 [31m10:51:13,252[m[32m10:51:50,591[m - root - INFO - [31mstep: 215  [32mloss:  [31m2.8911[m[32m2.8953[m  [38;2;180;60;0mgrad_norm:  [31m4.5911[m[32m4.4629[m  [38;2;54;234;195mmemory: [31m53.87GiB(67.81%)[m[32m72.92GiB(91.79%)[m  [34mtps: [31m838[m[32m844[m  [36mtflops: [31m40.44[m[32m40.67[m  [35mmfu: [31m4.09%[39m[m[32m4.11%[39m[m
[rank0]:[titan] 2026-03-17 [31m10:51:15,695[m[32m10:51:53,018[m - root - INFO - [31mstep: 216  [32mloss:  [31m2.8455[m[32m2.8497[m  [38;2;180;60;0mgrad_norm:  [31m2.2774[m[32m3.2209[m  [38;2;54;234;195mmemory: [31m53.87GiB(67.81%)[m[32m72.92GiB(91.79%)[m  [34mtps: [31m838[m[32m844[m  [36mtflops: [31m40.45[m[32m40.66[m  [35mmfu: [31m4.09%[39m[m[32m4.11%[39m[m
[rank0]:[titan] 2026-03-17 [31m10:51:18,138[m[32m10:51:55,445[m - root - INFO - [31mstep: 217  [32mloss:  [31m2.8111[m[32m2.8164[m  [38;2;180;60;0mgrad_norm:  [31m4.3385[m[32m5.1786[m  [38;2;54;234;195mmemory: [31m53.87GiB(67.81%)[m[32m72.92GiB(91.79%)[m  [34mtps: [31m839[m[32m844[m  [36mtflops: [31m40.46[m[32m40.67[m  [35mmfu: [31m4.09%[39m[m[32m4.11%[39m[m
[rank0]:[titan] 2026-03-17 [31m10:51:20,577[m[32m10:51:57,868[m - root - INFO - [31mstep: 218  [32mloss:  [31m2.8015[m[32m2.7984[m  [38;2;180;60;0mgrad_norm:  [31m3.8949[m[32m3.5345[m  [38;2;54;234;195mmemory: [31m53.87GiB(67.81%)[m[32m72.92GiB(91.79%)[m  [34mtps: [31m840[m[32m845[m  [36mtflops: [31m40.52[m[32m40.74[m  [35mmfu: [31m4.10%[39m[m[32m4.12%[39m[m
[rank0]:[titan] 2026-03-17 [31m10:51:23,017[m[32m10:52:00,295[m - root - INFO - [31mstep: 219  [32mloss:  [31m2.7779[m[32m2.7781[m  [38;2;180;60;0mgrad_norm:  [31m2.9197[m[32m3.5438[m  [38;2;54;234;195mmemory: [31m53.87GiB(67.81%)[m[32m72.92GiB(91.79%)[m  [34mtps: [31m840[m[32m844[m  [36mtflops: [31m40.51[m[32m40.68[m  [35mmfu: [31m4.10%[39m[m[32m4.11%[39m[m
[rank0]:[titan] 2026-03-17 [31m10:51:25,460[m[32m10:52:02,727[m - root - INFO - [31mstep: 220  [32mloss:  [31m2.8027[m[32m2.7951[m  [38;2;180;60;0mgrad_norm:  [31m5.2408[m[32m3.9867[m  [38;2;54;234;195mmemory: [31m53.87GiB(67.81%)[m[32m72.92GiB(91.79%)[m  [34mtps: [31m839[m[32m842[m  [36mtflops: [31m40.46[m[32m40.58[m  [35mmfu: [31m4.09%[39m[m[32m4.10%[39m[m
[rank0]:[titan] 2026-03-17 [31m10:51:27,897[m[32m10:52:05,153[m - root - INFO - [31mstep: 221  [32mloss:  [31m2.8449[m[32m2.8511[m  [38;2;180;60;0mgrad_norm:  [31m3.7012[m[32m4.7318[m  [38;2;54;234;195mmemory: [31m53.87GiB(67.81%)[m[32m72.92GiB(91.79%)[m  [34mtps: [31m840[m[32m844[m  [36mtflops: [31m40.55[m[32m40.67[m  [35mmfu: [31m4.10%[39m[m[32m4.11%[39m[m
[rank0]:[titan] 2026-03-17 [31m10:51:30,345[m[32m10:52:07,589[m - root - INFO - [31mstep: 222  [32mloss:  [31m2.8087[m[32m2.7909[m  [38;2;180;60;0mgrad_norm:  [31m3.3090[m[32m2.7372[m  [38;2;54;234;195mmemory: [31m53.87GiB(67.81%)[m[32m72.92GiB(91.79%)[m  [34mtps: [31m837[m[32m841[m  [36mtflops: [31m40.38[m[32m40.53[m  [35mmfu: [31m4.08%[39m[m[32m4.10%[39m[m
[rank0]:[titan] 2026-03-17 [31m10:51:32,783[m[32m10:52:10,013[m - root - INFO - [31mstep: 223  [32mloss:  [31m2.8265[m[32m2.8202[m  [38;2;180;60;0mgrad_norm:  [31m3.7258[m[32m3.5249[m  [38;2;54;234;195mmemory: [31m53.87GiB(67.81%)[m[32m72.92GiB(91.79%)[m  [34mtps: [31m840[m[32m845[m  [36mtflops: [31m40.53[m[32m40.72[m  [35mmfu: [31m4.10%[39m[m[32m4.12%[39m[m
[rank0]:[titan] 2026-03-17 [31m10:51:35,223[m[32m10:52:12,442[m - root - INFO - [31mstep: 224  [32mloss:  [31m2.8377[m[32m2.8375[m  [38;2;180;60;0mgrad_norm:  [31m2.8180[m[32m3.4419[m  [38;2;54;234;195mmemory: [31m53.87GiB(67.81%)[m[32m72.92GiB(91.79%)[m  [34mtps: [31m840[m[32m843[m  [36mtflops: [31m40.51[m[32m40.63[m  [35mmfu: [31m4.10%[39m[m[32m4.11%[39m[m
[rank0]:[titan] 2026-03-17 [31m10:51:37,668[m[32m10:52:14,873[m - root - INFO - [31mstep: 225  [32mloss:  [31m2.8539[m[32m2.8583[m  [38;2;180;60;0mgrad_norm:  [31m3.3916[m[32m4.6205[m  [38;2;54;234;195mmemory: [31m53.87GiB(67.81%)[m[32m72.92GiB(91.79%)[m  [34mtps: [31m838[m[32m843[m  [36mtflops: [31m40.42[m[32m40.60[m  [35mmfu: [31m4.09%[39m[m[32m4.11%[39m[m
[rank0]:[titan] 2026-03-17 [31m10:51:40,110[m[32m10:52:17,299[m - root - INFO - [31mstep: 226  [32mloss:  [31m2.8416[m[32m2.8518[m  [38;2;180;60;0mgrad_norm:  [31m3.4156[m[32m3.8550[m  [38;2;54;234;195mmemory: [31m53.87GiB(67.81%)[m[32m72.92GiB(91.79%)[m  [34mtps: [31m839[m[32m844[m  [36mtflops: [31m40.47[m[32m40.69[m  [35mmfu: [31m4.09%[39m[m[32m4.11%[39m[m
[rank0]:[titan] 2026-03-17 [31m10:51:42,552[m[32m10:52:19,728[m - root - INFO - [31mstep: 227  [32mloss:  [31m2.8035[m[32m2.8012[m  [38;2;180;60;0mgrad_norm:  [31m2.7798[m[32m3.1424[m  [38;2;54;234;195mmemory: [31m53.87GiB(67.81%)[m[32m72.92GiB(91.79%)[m  [34mtps: [31m839[m[32m843[m  [36mtflops: [31m40.47[m[32m40.64[m  [35mmfu: [31m4.09%[39m[m[32m4.11%[39m[m
[rank0]:[titan] 2026-03-17 [31m10:51:44,991[m[32m10:52:22,159[m - root - INFO - [31mstep: 228  [32mloss:  [31m2.8038[m[32m2.8070[m  [38;2;180;60;0mgrad_norm:  [31m3.1787[m[32m3.6000[m  [38;2;54;234;195mmemory: [31m53.87GiB(67.81%)[m[32m72.92GiB(91.79%)[m  [34mtps: [31m840[m[32m843[m  [36mtflops: [31m40.54[m[32m40.60[m  [35mmfu: 4.10%[39m
[rank0]:[titan] 2026-03-17 [31m10:51:47,431[m[32m10:52:24,584[m - root - INFO - [31mstep: 229  [32mloss:  [31m2.8252[m[32m2.8291[m  [38;2;180;60;0mgrad_norm:  [31m2.5500[m[32m3.2057[m  [38;2;54;234;195mmemory: [31m53.87GiB(67.81%)[m[32m72.92GiB(91.79%)[m  [34mtps: [31m839[m[32m845[m  [36mtflops: [31m40.50[m[32m40.70[m  [35mmfu: [31m4.10%[39m[m[32m4.12%[39m[m
[rank0]:[titan] 2026-03-17 [31m10:51:49,869[m[32m10:52:27,008[m - root - INFO - [31mstep: 230  [32mloss:  [31m2.8899[m[32m2.8685[m  [38;2;180;60;0mgrad_norm:  [31m3.6812[m[32m2.7017[m  [38;2;54;234;195mmemory: [31m53.87GiB(67.81%)[m[32m72.92GiB(91.79%)[m  [34mtps: [31m840[m[32m845[m  [36mtflops: [31m40.53[m[32m40.73[m  [35mmfu: [31m4.10%[39m[m[32m4.12%[39m[m
[rank0]:[titan] 2026-03-17 [31m10:51:52,313[m[32m10:52:29,432[m - root - INFO - [31mstep: 231  [32mloss:  [31m2.9067[m[32m2.9109[m  [38;2;180;60;0mgrad_norm:  [31m2.7783[m[32m3.4400[m  [38;2;54;234;195mmemory: [31m53.87GiB(67.81%)[m[32m72.92GiB(91.79%)[m  [34mtps: [31m838[m[32m845[m  [36mtflops: [31m40.44[m[32m40.71[m  [35mmfu: [31m4.09%[39m[m[32m4.12%[39m[m
[rank0]:[titan] 2026-03-17 [31m10:51:54,748[m[32m10:52:31,854[m - root - INFO - [31mstep: 232  [32mloss:  [31m2.8249[m[32m2.8224[m  [38;2;180;60;0mgrad_norm:  [31m2.8609[m[32m2.8421[m  [38;2;54;234;195mmemory: [31m53.87GiB(67.81%)[m[32m72.92GiB(91.79%)[m  [34mtps: [31m841[m[32m846[m  [36mtflops: [31m40.59[m[32m40.74[m  [35mmfu: [31m4.10%[39m[m[32m4.12%[39m[m
[rank0]:[titan] 2026-03-17 [31m10:51:57,191[m[32m10:52:34,280[m - root - INFO - [31mstep: 233  [32mloss:  [31m2.8549[m[32m2.8480[m  [38;2;180;60;0mgrad_norm:  [31m3.4418[m[32m3.5179[m  [38;2;54;234;195mmemory: [31m53.87GiB(67.81%)[m[32m72.92GiB(91.79%)[m  [34mtps: [31m839[m[32m844[m  [36mtflops: [31m40.46[m[32m40.68[m  [35mmfu: [31m4.09%[39m[m[32m4.11%[39m[m
[rank0]:[titan] 2026-03-17 [31m10:51:59,643[m[32m10:52:36,710[m - root - INFO - [31mstep: 234  [32mloss:  [31m2.8140[m[32m2.8142[m  [38;2;180;60;0mgrad_norm:  [31m2.8076[m[32m2.6652[m  [38;2;54;234;195mmemory: [31m53.87GiB(67.81%)[m[32m72.92GiB(91.79%)[m  [34mtps: [31m835[m[32m843[m  [36mtflops: [31m40.31[m[32m40.63[m  [35mmfu: [31m4.08%[39m[m[32m4.11%[39m[m
[rank0]:[titan] 2026-03-17 [31m10:52:02,080[m[32m10:52:39,133[m - root - INFO - [31mstep: 235  [32mloss:  [31m2.7812[m[32m2.7805[m  [38;2;180;60;0mgrad_norm:  [31m2.7871[m[32m2.5737[m  [38;2;54;234;195mmemory: [31m53.87GiB(67.81%)[m[32m72.92GiB(91.79%)[m  [34mtps: [31m841[m[32m845[m  [36mtflops: [31m40.56[m[32m40.72[m  [35mmfu: [31m4.10%[39m[m[32m4.12%[39m[m
[rank0]:[titan] 2026-03-17 [31m10:52:04,541[m[32m10:52:41,575[m - root - INFO - [31mstep: 236  [32mloss:  [31m2.8013[m[32m2.8017[m  [38;2;180;60;0mgrad_norm:  [31m2.5189[m[32m3.1146[m  [38;2;54;234;195mmemory: [31m53.87GiB(67.81%)[m[32m72.92GiB(91.79%)[m  [34mtps: [31m832[m[32m839[m  [36mtflops: [31m40.15[m[32m40.42[m  [35mmfu: [31m4.06%[39m[m[32m4.09%[39m[m
[rank0]:[titan] 2026-03-17 [31m10:52:06,980[m[32m10:52:43,998[m - root - INFO - [31mstep: 237  [32mloss:  [31m2.8021[m[32m2.8073[m  [38;2;180;60;0mgrad_norm:  [31m2.5903[m[32m2.7798[m  [38;2;54;234;195mmemory: [31m53.87GiB(67.81%)[m[32m72.92GiB(91.79%)[m  [34mtps: [31m840[m[32m846[m  [36mtflops: [31m40.52[m[32m40.75[m  [35mmfu: [31m4.10%[39m[m[32m4.12%[39m[m
[rank0]:[titan] 2026-03-17 [31m10:52:09,421[m[32m10:52:46,422[m - root - INFO - [31mstep: 238  [32mloss:  [31m2.7707[m[32m2.7901[m  [38;2;180;60;0mgrad_norm:  [31m3.1724[m[32m3.6565[m  [38;2;54;234;195mmemory: [31m53.87GiB(67.81%)[m[32m72.92GiB(91.79%)[m  [34mtps: [31m839[m[32m845[m  [36mtflops: [31m40.49[m[32m40.71[m  [35mmfu: [31m4.09%[39m[m[32m4.12%[39m[m
[rank0]:[titan] 2026-03-17 [31m10:52:11,861[m[32m10:52:48,848[m - root - INFO - [31mstep: 239  [32mloss:  [31m2.7843[m[32m2.7958[m  [38;2;180;60;0mgrad_norm:  [31m2.3015[m[32m2.6395[m  [38;2;54;234;195mmemory: [31m53.87GiB(67.81%)[m[32m72.92GiB(91.79%)[m  [34mtps: [31m840[m[32m844[m  [36mtflops: [31m40.52[m[32m40.69[m  [35mmfu: [31m4.10%[39m[m[32m4.11%[39m[m
[rank0]:[titan] 2026-03-17 [31m10:52:14,297[m[32m10:52:51,273[m - root - INFO - [31mstep: 240  [32mloss:  [31m2.8368[m[32m2.8426[m  [38;2;180;60;0mgrad_norm:  [31m3.6368[m[32m3.7200[m  [38;2;54;234;195mmemory: [31m53.87GiB(67.81%)[m[32m72.92GiB(91.79%)[m  [34mtps: [31m841[m[32m845[m  [36mtflops: [31m40.56[m[32m40.70[m  [35mmfu: [31m4.10%[39m[m[32m4.12%[39m[m
[rank0]:[titan] 2026-03-17 [31m10:52:16,738[m[32m10:52:53,699[m - root - INFO - [31mstep: 241  [32mloss:  [31m2.7881[m[32m2.7917[m  [38;2;180;60;0mgrad_norm:  [31m2.8687[m[32m3.2277[m  [38;2;54;234;195mmemory: [31m53.87GiB(67.81%)[m[32m72.92GiB(91.79%)[m  [34mtps: [31m839[m[32m844[m  [36mtflops: [31m40.51[m[32m40.68[m  [35mmfu: [31m4.10%[39m[m[32m4.11%[39m[m
[rank0]:[titan] 2026-03-17 [31m10:52:19,182[m[32m10:52:56,125[m - root - INFO - [31mstep: 242  [32mloss:  [31m2.7888[m[32m2.8064[m  [38;2;180;60;0mgrad_norm:  [31m2.6770[m[32m3.5658[m  [38;2;54;234;195mmemory: [31m53.87GiB(67.81%)[m[32m72.92GiB(91.79%)[m  [34mtps: [31m838[m[32m844[m  [36mtflops: [31m40.43[m[32m40.68[m  [35mmfu: [31m4.09%[39m[m[32m4.11%[39m[m
[rank0]:[titan] 2026-03-17 [31m10:52:21,624[m[32m10:52:58,549[m - root - INFO - [31mstep: 243  [32mloss:  [31m2.8045[m[32m2.8207[m  [38;2;180;60;0mgrad_norm:  [31m2.1373[m[32m2.8492[m  [38;2;54;234;195mmemory: [31m53.87GiB(67.81%)[m[32m72.92GiB(91.79%)[m  [34mtps: [31m839[m[32m845[m  [36mtflops: [31m40.49[m[32m40.72[m  [35mmfu: [31m4.09%[39m[m[32m4.12%[39m[m
[rank0]:[titan] 2026-03-17 [31m10:52:24,066[m[32m10:53:00,976[m - root - INFO - [31mstep: 244  [32mloss:  [31m2.7974[m[32m2.7999[m  [38;2;180;60;0mgrad_norm:  [31m2.8678[m[32m2.8922[m  [38;2;54;234;195mmemory: [31m53.87GiB(67.81%)[m[32m72.92GiB(91.79%)[m  [34mtps: [31m839[m[32m844[m  [36mtflops: [31m40.47[m[32m40.67[m  [35mmfu: [31m4.09%[39m[m[32m4.11%[39m[m
[rank0]:[titan] 2026-03-17 [31m10:52:26,505[m[32m10:53:03,399[m - root - INFO - [31mstep: 245  [32mloss:  [31m2.8078[m[32m2.8077[m  [38;2;180;60;0mgrad_norm:  [31m2.6283[m[32m2.9994[m  [38;2;54;234;195mmemory: [31m53.87GiB(67.81%)[m[32m72.92GiB(91.79%)[m  [34mtps: [31m840[m[32m845[m  [36mtflops: [31m40.52[m[32m40.73[m  [35mmfu: [31m4.10%[39m[m[32m4.12%[39m[m
[rank0]:[titan] 2026-03-17 [31m10:52:28,944[m[32m10:53:05,822[m - root - INFO - [31mstep: 246  [32mloss:  [31m2.7838[m[32m2.7862[m  [38;2;180;60;0mgrad_norm:  [31m2.8808[m[32m2.9314[m  [38;2;54;234;195mmemory: [31m53.87GiB(67.81%)[m[32m72.92GiB(91.79%)[m  [34mtps: [31m840[m[32m845[m  [36mtflops: [31m40.51[m[32m40.73[m  [35mmfu: [31m4.10%[39m[m[32m4.12%[39m[m
[rank0]:[titan] 2026-03-17 [31m10:52:31,387[m[32m10:53:08,249[m - root - INFO - [31mstep: 247  [32mloss:  [31m2.7543[m[32m2.7650[m  [38;2;180;60;0mgrad_norm:  [31m2.2900[m[32m3.2122[m  [38;2;54;234;195mmemory: [31m53.87GiB(67.81%)[m[32m72.92GiB(91.79%)[m  [34mtps: [31m839[m[32m844[m  [36mtflops: [31m40.46[m[32m40.67[m  [35mmfu: [31m4.09%[39m[m[32m4.11%[39m[m
[rank0]:[titan] 2026-03-17 [31m10:52:33,843[m[32m10:53:10,683[m - root - INFO - [31mstep: 248  [32mloss:  [31m2.8544[m[32m2.8567[m  [38;2;180;60;0mgrad_norm:  [31m3.3049[m[32m2.6773[m  [38;2;54;234;195mmemory: [31m53.87GiB(67.81%)[m[32m72.92GiB(91.79%)[m  [34mtps: [31m834[m[32m842[m  [36mtflops: [31m40.24[m[32m40.55[m  [35mmfu: [31m4.07%[39m[m[32m4.10%[39m[m
[rank0]:[titan] 2026-03-17 [31m10:52:36,284[m[32m10:53:13,107[m - root - INFO - [31mstep: 249  [32mloss:  [31m2.8029[m[32m2.7983[m  [38;2;180;60;0mgrad_norm:  [31m2.4650[m[32m2.5463[m  [38;2;54;234;195mmemory: [31m53.87GiB(67.81%)[m[32m72.92GiB(91.79%)[m  [34mtps: [31m839[m[32m845[m  [36mtflops: [31m40.48[m[32m40.73[m  [35mmfu: [31m4.09%[39m[m[32m4.12%[39m[m
[rank0]:[titan] 2026-03-17 [31m10:52:38,723[m[32m10:53:15,534[m - root - INFO - [31mstep: 250  [32mloss:  [31m2.8736[m[32m2.8752[m  [38;2;180;60;0mgrad_norm:  [31m2.6348[m[32m3.2764[m  [38;2;54;234;195mmemory: [31m53.87GiB(67.81%)[m[32m72.92GiB(91.79%)[m  [34mtps: [31m840[m[32m844[m  [36mtflops: [31m40.52[m[32m40.66[m  [35mmfu: [31m4.10%[39m[m[32m4.11%[39m[m
[rank0]:[titan] 2026-03-17 [31m10:52:41,164[m[32m10:53:17,959[m - root - INFO - [31mstep: 251  [32mloss:  [31m2.7631[m[32m2.7756[m  [38;2;180;60;0mgrad_norm:  [31m1.7900[m[32m2.7101[m  [38;2;54;234;195mmemory: [31m53.87GiB(67.81%)[m[32m72.92GiB(91.79%)[m  [34mtps: [31m839[m[32m845[m  [36mtflops: [31m40.49[m[32m40.71[m  [35mmfu: [31m4.09%[39m[m[32m4.12%[39m[m
[rank0]:[titan] 2026-03-17 [31m10:52:43,607[m[32m10:53:20,384[m - root - INFO - [31mstep: 252  [32mloss:  [31m2.7766[m[32m2.7632[m  [38;2;180;60;0mgrad_norm:  [31m4.8255[m[32m3.6991[m  [38;2;54;234;195mmemory: [31m53.87GiB(67.81%)[m[32m72.92GiB(91.79%)[m  [34mtps: [31m839[m[32m845[m  [36mtflops: [31m40.47[m[32m40.70[m  [35mmfu: [31m4.09%[39m[m[32m4.11%[39m[m
[rank0]:[titan] 2026-03-17 [31m10:52:46,050[m[32m10:53:22,809[m - root - INFO - [31mstep: 253  [32mloss:  [31m2.8272[m[32m2.8073[m  [38;2;180;60;0mgrad_norm:  [31m3.3982[m[32m3.3300[m  [38;2;54;234;195mmemory: [31m53.87GiB(67.81%)[m[32m72.92GiB(91.79%)[m  [34mtps: [31m838[m[32m845[m  [36mtflops: [31m40.45[m[32m40.70[m  [35mmfu: [31m4.09%[39m[m[32m4.12%[39m[m
[rank0]:[titan] 2026-03-17 [31m10:52:48,490[m[32m10:53:25,234[m - root - INFO - [31mstep: 254  [32mloss:  [31m2.7989[m[32m2.7832[m  [38;2;180;60;0mgrad_norm:  [31m4.4565[m[32m3.4994[m  [38;2;54;234;195mmemory: [31m53.87GiB(67.81%)[m[32m72.92GiB(91.79%)[m  [34mtps: [31m839[m[32m845[m  [36mtflops: [31m40.50[m[32m40.71[m  [35mmfu: [31m4.10%[39m[m[32m4.12%[39m[m
[rank0]:[titan] 2026-03-17 [31m10:52:50,936[m[32m10:53:27,666[m - root - INFO - [31mstep: 255  [32mloss:  [31m2.8454[m[32m2.8338[m  [38;2;180;60;0mgrad_norm:  [31m4.0716[m[32m3.4658[m  [38;2;54;234;195mmemory: [31m53.87GiB(67.81%)[m[32m72.92GiB(91.79%)[m  [34mtps: [31m838[m[32m842[m  [36mtflops: [31m40.41[m[32m40.58[m  [35mmfu: [31m4.09%[39m[m[32m4.10%[39m[m
[rank0]:[titan] 2026-03-17 [31m10:52:53,378[m[32m10:53:30,093[m - root - INFO - [31mstep: 256  [32mloss:  [31m2.8480[m[32m2.8209[m  [38;2;180;60;0mgrad_norm:  [31m3.4712[m[32m2.9818[m  [38;2;54;234;195mmemory: [31m53.87GiB(67.81%)[m[32m72.92GiB(91.79%)[m  [34mtps: [31m839[m[32m844[m  [36mtflops: [31m40.47[m[32m40.67[m  [35mmfu: [31m4.09%[39m[m[32m4.11%[39m[m
[rank0]:[titan] 2026-03-17 [31m10:52:55,823[m[32m10:53:32,520[m - root - INFO - [31mstep: 257  [32mloss:  [31m2.8243[m[32m2.8097[m  [38;2;180;60;0mgrad_norm:  [31m3.1576[m[32m3.3378[m  [38;2;54;234;195mmemory: [31m53.87GiB(67.81%)[m[32m72.92GiB(91.79%)[m  [34mtps: [31m838[m[32m844[m  [36mtflops: [31m40.42[m[32m40.66[m  [35mmfu: [31m4.09%[39m[m[32m4.11%[39m[m
[rank0]:[titan] 2026-03-17 [31m10:52:58,261[m[32m10:53:34,949[m - root - INFO - [31mstep: 258  [32mloss:  [31m2.8566[m[32m2.8492[m  [38;2;180;60;0mgrad_norm:  [31m3.3862[m[32m3.0786[m  [38;2;54;234;195mmemory: [31m53.87GiB(67.81%)[m[32m72.92GiB(91.79%)[m  [34mtps: [31m840[m[32m843[m  [36mtflops: [31m40.55[m[32m40.63[m  [35mmfu: [31m4.10%[39m[m[32m4.11%[39m[m
[rank0]:[titan] 2026-03-17 [31m10:53:00,702[m[32m10:53:37,373[m - root - INFO - [31mstep: 259  [32mloss:  [31m2.8039[m[32m2.7972[m  [38;2;180;60;0mgrad_norm:  [31m3.2701[m[32m3.0531[m  [38;2;54;234;195mmemory: [31m53.87GiB(67.81%)[m[32m72.92GiB(91.79%)[m  [34mtps: [31m839[m[32m845[m  [36mtflops: [31m40.49[m[32m40.72[m  [35mmfu: [31m4.09%[39m[m[32m4.12%[39m[m
[rank0]:[titan] 2026-03-17 [31m10:53:03,143[m[32m10:53:39,799[m - root - INFO - [31mstep: 260  [32mloss:  [31m2.7880[m[32m2.7875[m  [38;2;180;60;0mgrad_norm:  [31m3.5134[m[32m3.4376[m  [38;2;54;234;195mmemory: [31m53.87GiB(67.81%)[m[32m72.92GiB(91.79%)[m  [34mtps: [31m839[m[32m845[m  [36mtflops: [31m40.50[m[32m40.69[m  [35mmfu: [31m4.09%[39m[m[32m4.11%[39m[m
[rank0]:[titan] 2026-03-17 [31m10:53:05,585[m[32m10:53:42,225[m - root - INFO - [31mstep: 261  [32mloss:  [31m2.7950[m[32m2.7965[m  [38;2;180;60;0mgrad_norm:  [31m3.0281[m[32m2.8531[m  [38;2;54;234;195mmemory: [31m53.87GiB(67.81%)[m[32m72.92GiB(91.79%)[m  [34mtps: [31m839[m[32m844[m  [36mtflops: [31m40.46[m[32m40.68[m  [35mmfu: [31m4.09%[39m[m[32m4.11%[39m[m
[rank0]:[titan] 2026-03-17 [31m10:53:08,032[m[32m10:53:44,656[m - root - INFO - [31mstep: 262  [32mloss:  [31m2.8840[m[32m2.8791[m  [38;2;180;60;0mgrad_norm:  [31m2.6222[m[32m2.8177[m  [38;2;54;234;195mmemory: [31m53.87GiB(67.81%)[m[32m72.92GiB(91.79%)[m  [34mtps: [31m837[m[32m843[m  [36mtflops: [31m40.40[m[32m40.61[m  [35mmfu: [31m4.08%[39m[m[32m4.11%[39m[m
[rank0]:[titan] 2026-03-17 [31m10:53:10,470[m[32m10:53:47,081[m - root - INFO - [31mstep: 263  [32mloss:  [31m2.8315[m[32m2.8245[m  [38;2;180;60;0mgrad_norm:  [31m3.6963[m[32m3.7096[m  [38;2;54;234;195mmemory: [31m53.87GiB(67.81%)[m[32m72.92GiB(91.79%)[m  [34mtps: [31m840[m[32m845[m  [36mtflops: [31m40.53[m[32m40.71[m  [35mmfu: [31m4.10%[39m[m[32m4.12%[39m[m
[rank0]:[titan] 2026-03-17 [31m10:53:12,908[m[32m10:53:49,505[m - root - INFO - [31mstep: 264  [32mloss:  [31m2.8158[m[32m2.8069[m  [38;2;180;60;0mgrad_norm:  [31m3.0051[m[32m2.7955[m  [38;2;54;234;195mmemory: [31m53.87GiB(67.81%)[m[32m72.92GiB(91.79%)[m  [34mtps: [31m840[m[32m845[m  [36mtflops: [31m40.54[m[32m40.70[m  [35mmfu: [31m4.10%[39m[m[32m4.12%[39m[m
[rank0]:[titan] 2026-03-17 [31m10:53:15,355[m[32m10:53:51,938[m - root - INFO - [31mstep: 265  [32mloss:  [31m2.8364[m[32m2.8374[m  [38;2;180;60;0mgrad_norm:  [31m3.3856[m[32m3.1509[m  [38;2;54;234;195mmemory: [31m53.87GiB(67.81%)[m[32m72.92GiB(91.79%)[m  [34mtps: [31m837[m[32m842[m  [36mtflops: [31m40.39[m[32m40.57[m  [35mmfu: [31m4.08%[39m[m[32m4.10%[39m[m
[rank0]:[titan] 2026-03-17 [31m10:53:17,796[m[32m10:53:54,364[m - root - INFO - [31mstep: 266  [32mloss:  [31m2.8110[m[32m2.8027[m  [38;2;180;60;0mgrad_norm:  [31m3.1627[m[32m2.9086[m  [38;2;54;234;195mmemory: [31m53.87GiB(67.81%)[m[32m72.92GiB(91.79%)[m  [34mtps: [31m839[m[32m844[m  [36mtflops: [31m40.50[m[32m40.69[m  [35mmfu: [31m4.09%[39m[m[32m4.11%[39m[m
[rank0]:[titan] 2026-03-17 [31m10:53:20,239[m[32m10:53:56,790[m - root - INFO - [31mstep: 267  [32mloss:  [31m2.8151[m[32m2.8155[m  [38;2;180;60;0mgrad_norm:  [31m3.4824[m[32m3.2129[m  [38;2;54;234;195mmemory: [31m53.87GiB(67.81%)[m[32m72.92GiB(91.79%)[m  [34mtps: [31m838[m[32m844[m  [36mtflops: [31m40.45[m[32m40.68[m  [35mmfu: [31m4.09%[39m[m[32m4.11%[39m[m
[rank0]:[titan] 2026-03-17 [31m10:53:22,681[m[32m10:53:59,218[m - root - INFO - [31mstep: 268  [32mloss:  [31m2.7958[m[32m2.8000[m  [38;2;180;60;0mgrad_norm:  [31m3.2473[m[32m2.9906[m  [38;2;54;234;195mmemory: [31m53.87GiB(67.81%)[m[32m72.92GiB(91.79%)[m  [34mtps: [31m839[m[32m844[m  [36mtflops: [31m40.48[m[32m40.66[m  [35mmfu: [31m4.09%[39m[m[32m4.11%[39m[m
[rank0]:[titan] 2026-03-17 [31m10:53:25,131[m[32m10:54:01,648[m - root - INFO - [31mstep: 269  [32mloss:  [31m2.8555[m[32m2.8482[m  [38;2;180;60;0mgrad_norm:  [31m2.7498[m[32m2.8517[m  [38;2;54;234;195mmemory: [31m53.87GiB(67.81%)[m[32m72.92GiB(91.79%)[m  [34mtps: [31m836[m[32m843[m  [36mtflops: [31m40.35[m[32m40.60[m  [35mmfu: [31m4.08%[39m[m[32m4.11%[39m[m
[rank0]:[titan] 2026-03-17 [31m10:53:27,573[m[32m10:54:04,074[m - root - INFO - [31mstep: 270  [32mloss:  [31m2.7891[m[32m2.7748[m  [38;2;180;60;0mgrad_norm:  [31m3.2900[m[32m2.7536[m  [38;2;54;234;195mmemory: [31m53.87GiB(67.81%)[m[32m72.92GiB(91.79%)[m  [34mtps: [31m839[m[32m845[m  [36mtflops: [31m40.47[m[32m40.70[m  [35mmfu: [31m4.09%[39m[m[32m4.11%[39m[m
[rank0]:[titan] 2026-03-17 [31m10:53:30,013[m[32m10:54:06,497[m - root - INFO - [31mstep: 271  [32mloss:  [31m2.8889[m[32m2.8819[m  [38;2;180;60;0mgrad_norm:  [31m2.4805[m[32m2.9190[m  [38;2;54;234;195mmemory: [31m53.87GiB(67.81%)[m[32m72.92GiB(91.79%)[m  [34mtps: [31m839[m[32m845[m  [36mtflops: [31m40.49[m[32m40.72[m  [35mmfu: [31m4.09%[39m[m[32m4.12%[39m[m
[rank0]:[titan] 2026-03-17 [31m10:53:32,452[m[32m10:54:08,926[m - root - INFO - [31mstep: 272  [32mloss:  [31m2.9159[m[32m2.9013[m  [38;2;180;60;0mgrad_norm:  [31m3.4525[m[32m2.3391[m  [38;2;54;234;195mmemory: [31m53.87GiB(67.81%)[m[32m72.92GiB(91.79%)[m  [34mtps: [31m840[m[32m844[m  [36mtflops: [31m40.53[m[32m40.65[m  [35mmfu: [31m4.10%[39m[m[32m4.11%[39m[m
[rank0]:[titan] 2026-03-17 [31m10:53:34,895[m[32m10:54:11,356[m - root - INFO - [31mstep: 273  [32mloss:  [31m2.9012[m[32m2.8769[m  [38;2;180;60;0mgrad_norm:  [31m2.8640[m[32m2.5566[m  [38;2;54;234;195mmemory: [31m53.87GiB(67.81%)[m[32m72.92GiB(91.79%)[m  [34mtps: [31m838[m[32m843[m  [36mtflops: [31m40.45[m[32m40.63[m  [35mmfu: [31m4.09%[39m[m[32m4.11%[39m[m
[rank0]:[titan] 2026-03-17 [31m10:53:37,338[m[32m10:54:13,780[m - root - INFO - [31mstep: 274  [32mloss:  [31m2.9432[m[32m2.9407[m  [38;2;180;60;0mgrad_norm:  [31m4.5734[m[32m4.3738[m  [38;2;54;234;195mmemory: [31m53.87GiB(67.81%)[m[32m72.92GiB(91.79%)[m  [34mtps: [31m838[m[32m845[m  [36mtflops: [31m40.46[m[32m40.71[m  [35mmfu: [31m4.09%[39m[m[32m4.12%[39m[m
[rank0]:[titan] 2026-03-17 [31m10:53:39,778[m[32m10:54:16,204[m - root - INFO - [31mstep: 275  [32mloss:  [31m2.9065[m[32m2.8908[m  [38;2;180;60;0mgrad_norm:  [31m4.1334[m[32m4.1281[m  [38;2;54;234;195mmemory: [31m53.87GiB(67.81%)[m[32m72.92GiB(91.79%)[m  [34mtps: [31m839[m[32m845[m  [36mtflops: [31m40.50[m[32m40.72[m  [35mmfu: [31m4.10%[39m[m[32m4.12%[39m[m
[rank0]:[titan] 2026-03-17 [31m10:53:42,217[m[32m10:54:18,629[m - root - INFO - [31mstep: 276  [32mloss:  [31m2.8394[m[32m2.8415[m  [38;2;180;60;0mgrad_norm:  [31m3.1843[m[32m2.5519[m  [38;2;54;234;195mmemory: [31m53.87GiB(67.81%)[m[32m72.92GiB(91.79%)[m  [34mtps: [31m840[m[32m845[m  [36mtflops: [31m40.53[m[32m40.71[m  [35mmfu: [31m4.10%[39m[m[32m4.12%[39m[m
[rank0]:[titan] 2026-03-17 [31m10:53:44,661[m[32m10:54:21,055[m - root - INFO - [31mstep: 277  [32mloss:  [31m2.8475[m[32m2.8513[m  [38;2;180;60;0mgrad_norm:  [31m4.0754[m[32m3.4782[m  [38;2;54;234;195mmemory: [31m53.87GiB(67.81%)[m[32m72.92GiB(91.79%)[m  [34mtps: [31m838[m[32m844[m  [36mtflops: [31m40.44[m[32m40.69[m  [35mmfu: [31m4.09%[39m[m[32m4.11%[39m[m
[rank0]:[titan] 2026-03-17 [31m10:53:47,111[m[32m10:54:23,487[m - root - INFO - [31mstep: 278  [32mloss:  [31m2.8109[m[32m2.8139[m  [38;2;180;60;0mgrad_norm:  [31m3.0619[m[32m2.7849[m  [38;2;54;234;195mmemory: [31m53.87GiB(67.81%)[m[32m72.92GiB(91.79%)[m  [34mtps: [31m836[m[32m842[m  [36mtflops: [31m40.33[m[32m40.58[m  [35mmfu: [31m4.08%[39m[m[32m4.10%[39m[m
[rank0]:[titan] 2026-03-17 [31m10:53:49,555[m[32m10:54:25,912[m - root - INFO - [31mstep: 279  [32mloss:  [31m2.8654[m[32m2.8308[m  [38;2;180;60;0mgrad_norm:  [31m4.2323[m[32m3.0250[m  [38;2;54;234;195mmemory: [31m53.87GiB(67.81%)[m[32m72.92GiB(91.79%)[m  [34mtps: [31m838[m[32m845[m  [36mtflops: [31m40.44[m[32m40.70[m  [35mmfu: [31m4.09%[39m[m[32m4.12%[39m[m
[rank0]:[titan] 2026-03-17 [31m10:53:51,999[m[32m10:54:28,337[m - root - INFO - [31mstep: 280  [32mloss:  [31m2.9246[m[32m2.8996[m  [38;2;180;60;0mgrad_norm:  [31m3.5221[m[32m2.7490[m  [38;2;54;234;195mmemory: [31m53.87GiB(67.81%)[m[32m72.92GiB(91.79%)[m  [34mtps: [31m838[m[32m845[m  [36mtflops: [31m40.43[m[32m40.70[m  [35mmfu: [31m4.09%[39m[m[32m4.11%[39m[m
[rank0]:[titan] 2026-03-17 [31m10:53:54,440[m[32m10:54:30,760[m - root - INFO - [31mstep: 281  [32mloss:  [31m2.7999[m[32m2.8052[m  [38;2;180;60;0mgrad_norm:  [31m2.9443[m[32m2.7838[m  [38;2;54;234;195mmemory: [31m53.87GiB(67.81%)[m[32m72.92GiB(91.79%)[m  [34mtps: [31m839[m[32m845[m  [36mtflops: [31m40.49[m[32m40.73[m  [35mmfu: [31m4.09%[39m[m[32m4.12%[39m[m
[rank0]:[titan] 2026-03-17 [31m10:53:56,879[m[32m10:54:33,186[m - root - INFO - [31mstep: 282  [32mloss:  [31m2.9329[m[32m2.9290[m  [38;2;180;60;0mgrad_norm:  [31m3.5246[m[32m3.8147[m  [38;2;54;234;195mmemory: [31m53.87GiB(67.81%)[m[32m72.92GiB(91.79%)[m  [34mtps: [31m840[m[32m845[m  [36mtflops: [31m40.52[m[32m40.69[m  [35mmfu: [31m4.10%[39m[m[32m4.11%[39m[m
[rank0]:[titan] 2026-03-17 [31m10:53:59,330[m[32m10:54:35,620[m - root - INFO - [31mstep: 283  [32mloss:  [31m2.9671[m[32m2.9888[m  [38;2;180;60;0mgrad_norm:  [31m2.6431[m[32m3.1881[m  [38;2;54;234;195mmemory: [31m53.87GiB(67.81%)[m[32m72.92GiB(91.79%)[m  [34mtps: [31m836[m[32m842[m  [36mtflops: [31m40.34[m[32m40.55[m  [35mmfu: [31m4.08%[39m[m[32m4.10%[39m[m
[rank0]:[titan] 2026-03-17 [31m10:54:01,767[m[32m10:54:38,046[m - root - INFO - [31mstep: 284  [32mloss:  [31m2.9593[m[32m2.9954[m  [38;2;180;60;0mgrad_norm:  [31m2.2703[m[32m3.4164[m  [38;2;54;234;195mmemory: [31m53.87GiB(67.81%)[m[32m72.92GiB(91.79%)[m  [34mtps: [31m840[m[32m844[m  [36mtflops: [31m40.55[m[32m40.67[m  [35mmfu: [31m4.10%[39m[m[32m4.11%[39m[m
[rank0]:[titan] 2026-03-17 [31m10:54:04,206[m[32m10:54:40,471[m - root - INFO - [31mstep: 285  [32mloss:  [31m2.8646[m[32m2.8639[m  [38;2;180;60;0mgrad_norm:  [31m3.7771[m[32m3.1809[m  [38;2;54;234;195mmemory: [31m53.87GiB(67.81%)[m[32m72.92GiB(91.79%)[m  [34mtps: [31m840[m[32m845[m  [36mtflops: [31m40.53[m[32m40.70[m  [35mmfu: [31m4.10%[39m[m[32m4.11%[39m[m
[rank0]:[titan] 2026-03-17 [31m10:54:06,648[m[32m10:54:42,898[m - root - INFO - [31mstep: 286  [32mloss:  [31m2.8136[m[32m2.7997[m  [38;2;180;60;0mgrad_norm:  [31m2.5276[m[32m2.4643[m  [38;2;54;234;195mmemory: [31m53.87GiB(67.81%)[m[32m72.92GiB(91.79%)[m  [34mtps: [31m839[m[32m844[m  [36mtflops: [31m40.47[m[32m40.68[m  [35mmfu: [31m4.09%[39m[m[32m4.11%[39m[m
[rank0]:[titan] 2026-03-17 [31m10:54:09,090[m[32m10:54:45,327[m - root - INFO - [31mstep: 287  [32mloss:  [31m2.8442[m[32m2.8370[m  [38;2;180;60;0mgrad_norm:  [31m4.2429[m[32m4.9418[m  [38;2;54;234;195mmemory: [31m53.87GiB(67.81%)[m[32m72.92GiB(91.79%)[m  [34mtps: [31m839[m[32m843[m  [36mtflops: [31m40.48[m[32m40.63[m  [35mmfu: [31m4.09%[39m[m[32m4.11%[39m[m
[rank0]:[titan] 2026-03-17 [31m10:54:11,535[m[32m10:54:47,759[m - root - INFO - [31mstep: 288  [32mloss:  [31m2.8519[m[32m2.8347[m  [38;2;180;60;0mgrad_norm:  [31m3.4479[m[32m2.9086[m  [38;2;54;234;195mmemory: [31m53.87GiB(67.81%)[m[32m72.92GiB(91.79%)[m  [34mtps: [31m838[m[32m842[m  [36mtflops: [31m40.43[m[32m40.58[m  [35mmfu: [31m4.09%[39m[m[32m4.10%[39m[m
[rank0]:[titan] 2026-03-17 [31m10:54:13,977[m[32m10:54:50,185[m - root - INFO - [31mstep: 289  [32mloss:  [31m2.7963[m[32m2.7946[m  [38;2;180;60;0mgrad_norm:  [31m3.5458[m[32m3.7370[m  [38;2;54;234;195mmemory: [31m53.87GiB(67.81%)[m[32m72.92GiB(91.79%)[m  [34mtps: [31m839[m[32m844[m  [36mtflops: [31m40.47[m[32m40.68[m  [35mmfu: [31m4.09%[39m[m[32m4.11%[39m[m
[rank0]:[titan] 2026-03-17 [31m10:54:16,424[m[32m10:54:52,612[m - root - INFO - [31mstep: 290  [32mloss:  [31m2.7886[m[32m2.8062[m  [38;2;180;60;0mgrad_norm:  [31m2.4023[m[32m3.5486[m  [38;2;54;234;195mmemory: [31m53.87GiB(67.81%)[m[32m72.92GiB(91.79%)[m  [34mtps: [31m837[m[32m844[m  [36mtflops: [31m40.39[m[32m40.67[m  [35mmfu: [31m4.08%[39m[m[32m4.11%[39m[m
[rank0]:[titan] 2026-03-17 [31m10:54:18,863[m[32m10:54:55,039[m - root - INFO - [31mstep: 291  [32mloss:  [31m2.7890[m[32m2.7875[m  [38;2;180;60;0mgrad_norm:  [31m3.3446[m[32m2.7966[m  [38;2;54;234;195mmemory: [31m53.87GiB(67.81%)[m[32m72.92GiB(91.79%)[m  [34mtps: [31m840[m[32m844[m  [36mtflops: [31m40.53[m[32m40.67[m  [35mmfu: [31m4.10%[39m[m[32m4.11%[39m[m
[rank0]:[titan] 2026-03-17 [31m10:54:21,303[m[32m10:54:57,463[m - root - INFO - [31mstep: 292  [32mloss:  [31m2.7913[m[32m2.7955[m  [38;2;180;60;0mgrad_norm:  [31m2.4867[m[32m3.3540[m  [38;2;54;234;195mmemory: [31m53.87GiB(67.81%)[m[32m72.92GiB(91.79%)[m  [34mtps: [31m839[m[32m845[m  [36mtflops: [31m40.51[m[32m40.71[m  [35mmfu: [31m4.10%[39m[m[32m4.12%[39m[m
[rank0]:[titan] 2026-03-17 [31m10:54:23,740[m[32m10:54:59,890[m - root - INFO - [31mstep: 293  [32mloss:  [31m2.8107[m[32m2.7974[m  [38;2;180;60;0mgrad_norm:  [31m4.0275[m[32m2.7522[m  [38;2;54;234;195mmemory: [31m53.87GiB(67.81%)[m[32m72.92GiB(91.79%)[m  [34mtps: [31m841[m[32m844[m  [36mtflops: [31m40.56[m[32m40.67[m  [35mmfu: [31m4.10%[39m[m[32m4.11%[39m[m
[rank0]:[titan] 2026-03-17 [31m10:54:26,177[m[32m10:55:02,313[m - root - INFO - [31mstep: 294  [32mloss:  [31m2.7953[m[32m2.7800[m  [38;2;180;60;0mgrad_norm:  [31m3.3935[m[32m2.6130[m  [38;2;54;234;195mmemory: [31m53.87GiB(67.81%)[m[32m72.92GiB(91.79%)[m  [34mtps: [31m841[m[32m845[m  [36mtflops: [31m40.56[m[32m40.73[m  [35mmfu: [31m4.10%[39m[m[32m4.12%[39m[m
[rank0]:[titan] 2026-03-17 [31m10:54:28,617[m[32m10:55:04,740[m - root - INFO - [31mstep: 295  [32mloss:  [31m2.8675[m[32m2.8593[m  [38;2;180;60;0mgrad_norm:  [31m2.5130[m[32m2.3502[m  [38;2;54;234;195mmemory: [31m53.87GiB(67.81%)[m[32m72.92GiB(91.79%)[m  [34mtps: [31m839[m[32m844[m  [36mtflops: [31m40.50[m[32m40.66[m  [35mmfu: [31m4.10%[39m[m[32m4.11%[39m[m
[rank0]:[titan] 2026-03-17 [31m10:54:31,055[m[32m10:55:07,166[m - root - INFO - [31mstep: 296  [32mloss:  [31m2.8820[m[32m2.8704[m  [38;2;180;60;0mgrad_norm:  [31m3.7272[m[32m3.3506[m  [38;2;54;234;195mmemory: [31m53.87GiB(67.81%)[m[32m72.92GiB(91.79%)[m  [34mtps: [31m840[m[32m844[m  [36mtflops: [31m40.54[m[32m40.68[m  [35mmfu: [31m4.10%[39m[m[32m4.11%[39m[m
[rank0]:[titan] 2026-03-17 [31m10:54:33,500[m[32m10:55:09,594[m - root - INFO - [31mstep: 297  [32mloss:  [31m2.8875[m[32m2.8852[m  [38;2;180;60;0mgrad_norm:  [31m2.5272[m[32m2.6804[m  [38;2;54;234;195mmemory: [31m53.87GiB(67.81%)[m[32m72.92GiB(91.79%)[m  [34mtps: [31m838[m[32m844[m  [36mtflops: [31m40.42[m[32m40.66[m  [35mmfu: [31m4.09%[39m[m[32m4.11%[39m[m
[rank0]:[titan] 2026-03-17 [31m10:54:35,940[m[32m10:55:12,017[m - root - INFO - [31mstep: 298  [32mloss:  [31m2.7979[m[32m2.7984[m  [38;2;180;60;0mgrad_norm:  [31m3.4151[m[32m3.2142[m  [38;2;54;234;195mmemory: [31m53.87GiB(67.81%)[m[32m72.92GiB(91.79%)[m  [34mtps: [31m840[m[32m845[m  [36mtflops: [31m40.51[m[32m40.73[m  [35mmfu: [31m4.10%[39m[m[32m4.12%[39m[m
[rank0]:[titan] 2026-03-17 [31m10:54:38,377[m[32m10:55:14,441[m - root - INFO - [31mstep: 299  [32mloss:  [31m2.7358[m[32m2.7450[m  [38;2;180;60;0mgrad_norm:  [31m2.2014[m[32m3.0491[m  [38;2;54;234;195mmemory: [31m53.87GiB(67.81%)[m[32m72.92GiB(91.79%)[m  [34mtps: [31m841[m[32m845[m  [36mtflops: [31m40.55[m[32m40.72[m  [35mmfu: [31m4.10%[39m[m[32m4.12%[39m[m
[rank0]:[titan] 2026-03-17 [31m10:54:40,818[m[32m10:55:16,869[m - root - INFO - [31mstep: 300  [32mloss:  [31m2.8021[m[32m2.7847[m  [38;2;180;60;0mgrad_norm:  [31m4.4205[m[32m3.2745[m  [38;2;54;234;195mmemory: [31m53.87GiB(67.81%)[m[32m72.92GiB(91.79%)[m  [34mtps: [31m839[m[32m843[m  [36mtflops: [31m40.48[m[32m40.64[m  [35mmfu: [31m4.09%[39m[m[32m4.11%[39m[m
[rank0]:[titan] 2026-03-17 [31m10:54:43,256[m[32m10:55:19,293[m - root - INFO - [31mstep: 301  [32mloss:  [31m2.7835[m[32m2.7542[m  [38;2;180;60;0mgrad_norm:  [31m4.2640[m[32m3.0201[m  [38;2;54;234;195mmemory: [31m53.87GiB(67.81%)[m[32m72.92GiB(91.79%)[m  [34mtps: [31m840[m[32m845[m  [36mtflops: [31m40.55[m[32m40.72[m  [35mmfu: [31m4.10%[39m[m[32m4.12%[39m[m
[rank0]:[titan] 2026-03-17 [31m10:54:45,697[m[32m10:55:21,720[m - root - INFO - [31mstep: 302  [32mloss:  [31m2.7434[m[32m2.7367[m  [38;2;180;60;0mgrad_norm:  [31m2.5079[m[32m2.7309[m  [38;2;54;234;195mmemory: [31m53.87GiB(67.81%)[m[32m72.92GiB(91.79%)[m  [34mtps: [31m839[m[32m844[m  [36mtflops: [31m40.49[m[32m40.66[m  [35mmfu: [31m4.09%[39m[m[32m4.11%[39m[m
[rank0]:[titan] 2026-03-17 [31m10:54:48,144[m[32m10:55:24,152[m - root - INFO - [31mstep: 303  [32mloss:  [31m2.8649[m[32m2.8429[m  [38;2;180;60;0mgrad_norm:  [31m3.9150[m[32m2.9257[m  [38;2;54;234;195mmemory: [31m53.87GiB(67.81%)[m[32m72.92GiB(91.79%)[m  [34mtps: [31m837[m[32m842[m  [36mtflops: [31m40.39[m[32m40.58[m  [35mmfu: [31m4.08%[39m[m[32m4.10%[39m[m
[rank0]:[titan] 2026-03-17 [31m10:54:50,586[m[32m10:55:26,577[m - root - INFO - [31mstep: 304  [32mloss:  [31m2.8580[m[32m2.8487[m  [38;2;180;60;0mgrad_norm:  [31m2.7506[m[32m2.9176[m  [38;2;54;234;195mmemory: [31m53.87GiB(67.81%)[m[32m72.92GiB(91.79%)[m  [34mtps: [31m839[m[32m845[m  [36mtflops: [31m40.46[m[32m40.71[m  [35mmfu: [31m4.09%[39m[m[32m4.12%[39m[m
[rank0]:[titan] 2026-03-17 [31m10:54:53,027[m[32m10:55:29,001[m - root - INFO - [31mstep: 305  [32mloss:  [31m2.8433[m[32m2.8351[m  [38;2;180;60;0mgrad_norm:  [31m3.2919[m[32m2.8097[m  [38;2;54;234;195mmemory: [31m53.87GiB(67.81%)[m[32m72.92GiB(91.79%)[m  [34mtps: [31m839[m[32m845[m  [36mtflops: [31m40.49[m[32m40.71[m  [35mmfu: [31m4.09%[39m[m[32m4.12%[39m[m
[rank0]:[titan] 2026-03-17 [31m10:54:55,474[m[32m10:55:31,432[m - root - INFO - [31mstep: 306  [32mloss:  [31m2.8308[m[32m2.8185[m  [38;2;180;60;0mgrad_norm:  [31m2.9117[m[32m2.3880[m  [38;2;54;234;195mmemory: [31m53.87GiB(67.81%)[m[32m72.92GiB(91.79%)[m  [34mtps: [31m837[m[32m842[m  [36mtflops: [31m40.39[m[32m40.59[m  [35mmfu: [31m4.08%[39m[m[32m4.10%[39m[m
[rank0]:[titan] 2026-03-17 [31m10:54:57,917[m[32m10:55:33,860[m - root - INFO - [31mstep: 307  [32mloss:  [31m2.8198[m[32m2.7953[m  [38;2;180;60;0mgrad_norm:  [31m3.1868[m[32m2.8249[m  [38;2;54;234;195mmemory: [31m53.87GiB(67.81%)[m[32m72.92GiB(91.79%)[m  [34mtps: [31m838[m[32m844[m  [36mtflops: [31m40.45[m[32m40.66[m  [35mmfu: [31m4.09%[39m[m[32m4.11%[39m[m
[rank0]:[titan] 2026-03-17 [31m10:55:00,362[m[32m10:55:36,285[m - root - INFO - [31mstep: 308  [32mloss:  [31m2.7602[m[32m2.7456[m  [38;2;180;60;0mgrad_norm:  [31m3.2286[m[32m2.6610[m  [38;2;54;234;195mmemory: [31m53.87GiB(67.81%)[m[32m72.92GiB(91.79%)[m  [34mtps: [31m838[m[32m845[m  [36mtflops: [31m40.43[m[32m40.70[m  [35mmfu: [31m4.09%[39m[m[32m4.12%[39m[m
[rank0]:[titan] 2026-03-17 [31m10:55:02,809[m[32m10:55:38,711[m - root - INFO - [31mstep: 309  [32mloss:  [31m2.7928[m[32m2.7907[m  [38;2;180;60;0mgrad_norm:  [31m2.4948[m[32m2.4057[m  [38;2;54;234;195mmemory: [31m53.87GiB(67.81%)[m[32m72.92GiB(91.79%)[m  [34mtps: [31m837[m[32m844[m  [36mtflops: [31m40.39[m[32m40.68[m  [35mmfu: [31m4.08%[39m[m[32m4.11%[39m[m
[rank0]:[titan] 2026-03-17 [31m10:55:05,253[m[32m10:55:41,135[m - root - INFO - [31mstep: 310  [32mloss:  [31m2.8221[m[32m2.8175[m  [38;2;180;60;0mgrad_norm:  [31m2.5756[m[32m2.1813[m  [38;2;54;234;195mmemory: [31m53.87GiB(67.81%)[m[32m72.92GiB(91.79%)[m  [34mtps: [31m838[m[32m845[m  [36mtflops: [31m40.44[m[32m40.72[m  [35mmfu: [31m4.09%[39m[m[32m4.12%[39m[m
[rank0]:[titan] 2026-03-17 [31m10:55:07,689[m[32m10:55:43,561[m - root - INFO - [31mstep: 311  [32mloss:  [31m2.8260[m[32m2.8307[m  [38;2;180;60;0mgrad_norm:  [31m2.6909[m[32m2.9616[m  [38;2;54;234;195mmemory: [31m53.87GiB(67.81%)[m[32m72.92GiB(91.79%)[m  [34mtps: [31m841[m[32m844[m  [36mtflops: [31m40.57[m[32m40.67[m  [35mmfu: [31m4.10%[39m[m[32m4.11%[39m[m
[rank0]:[titan] 2026-03-17 [31m10:55:10,127[m[32m10:55:45,986[m - root - INFO - [31mstep: 312  [32mloss:  [31m2.7647[m[32m2.7579[m  [38;2;180;60;0mgrad_norm:  [31m2.9103[m[32m2.9580[m  [38;2;54;234;195mmemory: [31m53.87GiB(67.81%)[m[32m72.92GiB(91.79%)[m  [34mtps: [31m840[m[32m845[m  [36mtflops: [31m40.55[m[32m40.72[m  [35mmfu: [31m4.10%[39m[m[32m4.12%[39m[m
[rank0]:[titan] 2026-03-17 [31m10:55:12,570[m[32m10:55:48,411[m - root - INFO - [31mstep: 313  [32mloss:  [31m2.8073[m[32m2.7911[m  [38;2;180;60;0mgrad_norm:  [31m2.9502[m[32m2.0875[m  [38;2;54;234;195mmemory: [31m53.87GiB(67.81%)[m[32m72.92GiB(91.79%)[m  [34mtps: [31m839[m[32m844[m  [36mtflops: [31m40.46[m[32m40.69[m  [35mmfu: [31m4.09%[39m[m[32m4.11%[39m[m
[rank0]:[titan] 2026-03-17 [31m10:55:15,017[m[32m10:55:50,844[m - root - INFO - [31mstep: 314  [32mloss:  [31m2.7920[m[32m2.7953[m  [38;2;180;60;0mgrad_norm:  [31m2.4161[m[32m2.7006[m  [38;2;54;234;195mmemory: [31m53.87GiB(67.81%)[m[32m72.92GiB(91.79%)[m  [34mtps: [31m837[m[32m842[m  [36mtflops: [31m40.38[m[32m40.57[m  [35mmfu: [31m4.08%[39m[m[32m4.10%[39m[m
[rank0]:[titan] 2026-03-17 [31m10:55:17,454[m[32m10:55:53,271[m - root - INFO - [31mstep: 315  [32mloss:  [31m2.7562[m[32m2.7534[m  [38;2;180;60;0mgrad_norm:  [31m2.9526[m[32m2.6185[m  [38;2;54;234;195mmemory: [31m53.87GiB(67.81%)[m[32m72.92GiB(91.79%)[m  [34mtps: [31m840[m[32m844[m  [36mtflops: [31m40.55[m[32m40.67[m  [35mmfu: [31m4.10%[39m[m[32m4.11%[39m[m
[rank0]:[titan] 2026-03-17 [31m10:55:19,891[m[32m10:55:55,696[m - root - INFO - [31mstep: 316  [32mloss:  [31m2.7850[m[32m2.7840[m  [38;2;180;60;0mgrad_norm:  [31m2.0500[m[32m2.7826[m  [38;2;54;234;195mmemory: [31m53.87GiB(67.81%)[m[32m72.92GiB(91.79%)[m  [34mtps: [31m841[m[32m845[m  [36mtflops: [31m40.56[m[32m40.71[m  [35mmfu: [31m4.10%[39m[m[32m4.12%[39m[m
[rank0]:[titan] 2026-03-17 [31m10:55:22,335[m[32m10:55:58,120[m - root - INFO - [31mstep: 317  [32mloss:  [31m2.7386[m[32m2.7233[m  [38;2;180;60;0mgrad_norm:  [31m3.5965[m[32m2.0395[m  [38;2;54;234;195mmemory: [31m53.87GiB(67.81%)[m[32m72.92GiB(91.79%)[m  [34mtps: [31m838[m[32m845[m  [36mtflops: [31m40.44[m[32m40.71[m  [35mmfu: [31m4.09%[39m[m[32m4.12%[39m[m
[rank0]:[titan] 2026-03-17 [31m10:55:24,777[m[32m10:56:00,590[m - root - INFO - [31mstep: 318  [32mloss:  [31m2.7962[m[32m2.7878[m  [38;2;180;60;0mgrad_norm:  [31m3.1098[m[32m3.2460[m  [38;2;54;234;195mmemory: [31m53.87GiB(67.81%)[m[32m72.92GiB(91.79%)[m  [34mtps: [31m839[m[32m832[m  [36mtflops: [31m40.47[m[32m40.10[m  [35mmfu: [31m4.09%[39m[m[32m4.05%[39m[m
[rank0]:[titan] 2026-03-17 [31m10:55:27,225[m[32m10:56:03,025[m - root - INFO - [31mstep: 319  [32mloss:  [31m2.7739[m[32m2.7731[m  [38;2;180;60;0mgrad_norm:  [31m3.1144[m[32m2.5806[m  [38;2;54;234;195mmemory: [31m53.87GiB(67.81%)[m[32m72.92GiB(91.79%)[m  [34mtps: [31m837[m[32m843[m  [36mtflops: [31m40.38[m[32m40.63[m  [35mmfu: [31m4.08%[39m[m[32m4.11%[39m[m
[rank0]:[titan] 2026-03-17 [31m10:55:29,666[m[32m10:56:05,449[m - root - INFO - [31mstep: 320  [32mloss:  [31m2.7635[m[32m2.7722[m  [38;2;180;60;0mgrad_norm:  [31m3.0516[m[32m3.1239[m  [38;2;54;234;195mmemory: [31m53.87GiB(67.81%)[m[32m72.92GiB(91.79%)[m  [34mtps: [31m839[m[32m845[m  [36mtflops: [31m40.50[m[32m40.70[m  [35mmfu: [31m4.09%[39m[m[32m4.12%[39m[m
[rank0]:[titan] 2026-03-17 [31m10:55:32,111[m[32m10:56:07,876[m - root - INFO - [31mstep: 321  [32mloss:  [31m2.7600[m[32m2.7712[m  [38;2;180;60;0mgrad_norm:  [31m2.6688[m[32m3.4390[m  [38;2;54;234;195mmemory: [31m53.87GiB(67.81%)[m[32m72.92GiB(91.79%)[m  [34mtps: [31m838[m[32m844[m  [36mtflops: [31m40.42[m[32m40.68[m  [35mmfu: [31m4.09%[39m[m[32m4.11%[39m[m
[rank0]:[titan] 2026-03-17 [31m10:55:34,549[m[32m10:56:10,305[m - root - INFO - [31mstep: 322  [32mloss:  [31m2.7829[m[32m2.7664[m  [38;2;180;60;0mgrad_norm:  [31m3.3053[m[32m2.2833[m  [38;2;54;234;195mmemory: [31m53.87GiB(67.81%)[m[32m72.92GiB(91.79%)[m  [34mtps: [31m840[m[32m843[m  [36mtflops: [31m40.52[m[32m40.63[m  [35mmfu: [31m4.10%[39m[m[32m4.11%[39m[m
[rank0]:[titan] 2026-03-17 [31m10:55:36,991[m[32m10:56:12,735[m - root - INFO - [31mstep: 323  [32mloss:  [31m2.7490[m[32m2.7474[m  [38;2;180;60;0mgrad_norm:  [31m2.3932[m[32m2.8016[m  [38;2;54;234;195mmemory: [31m53.87GiB(67.81%)[m[32m72.92GiB(91.79%)[m  [34mtps: [31m839[m[32m843[m  [36mtflops: [31m40.48[m[32m40.62[m  [35mmfu: [31m4.09%[39m[m[32m4.11%[39m[m
[rank0]:[titan] 2026-03-17 [31m10:55:39,430[m[32m10:56:15,159[m - root - INFO - [31mstep: 324  [32mloss:  [31m2.7769[m[32m2.7708[m  [38;2;180;60;0mgrad_norm:  [31m2.8270[m[32m2.1897[m  [38;2;54;234;195mmemory: [31m53.87GiB(67.81%)[m[32m72.92GiB(91.79%)[m  [34mtps: [31m840[m[32m845[m  [36mtflops: [31m40.52[m[32m40.71[m  [35mmfu: [31m4.10%[39m[m[32m4.12%[39m[m
[rank0]:[titan] 2026-03-17 [31m10:55:41,871[m[32m10:56:17,587[m - root - INFO - [31mstep: 325  [32mloss:  [31m2.7640[m[32m2.7472[m  [38;2;180;60;0mgrad_norm:  [31m2.9385[m[32m2.6584[m  [38;2;54;234;195mmemory: [31m53.87GiB(67.81%)[m[32m72.92GiB(91.79%)[m  [34mtps: [31m839[m[32m844[m  [36mtflops: [31m40.50[m[32m40.64[m  [35mmfu: [31m4.09%[39m[m[32m4.11%[39m[m
[rank0]:[titan] 2026-03-17 [31m10:55:44,315[m[32m10:56:20,017[m - root - INFO - [31mstep: 326  [32mloss:  [31m2.7216[m[32m2.7323[m  [38;2;180;60;0mgrad_norm:  [31m2.9497[m[32m2.9851[m  [38;2;54;234;195mmemory: [31m53.87GiB(67.81%)[m[32m72.92GiB(91.79%)[m  [34mtps: [31m838[m[32m843[m  [36mtflops: [31m40.44[m[32m40.63[m  [35mmfu: [31m4.09%[39m[m[32m4.11%[39m[m
[rank0]:[titan] 2026-03-17 [31m10:55:46,750[m[32m10:56:22,443[m - root - INFO - [31mstep: 327  [32mloss:  [31m2.7808[m[32m2.7838[m  [38;2;180;60;0mgrad_norm:  [31m2.9372[m[32m2.5357[m  [38;2;54;234;195mmemory: [31m53.87GiB(67.81%)[m[32m72.92GiB(91.79%)[m  [34mtps: [31m841[m[32m844[m  [36mtflops: [31m40.59[m[32m40.69[m  [35mmfu: [31m4.10%[39m[m[32m4.11%[39m[m
[rank0]:[titan] 2026-03-17 [31m10:55:49,185[m[32m10:56:24,867[m - root - INFO - [31mstep: 328  [32mloss:  [31m2.7698[m[32m2.7639[m  [38;2;180;60;0mgrad_norm:  [31m2.7197[m[32m2.7265[m  [38;2;54;234;195mmemory: [31m53.87GiB(67.81%)[m[32m72.92GiB(91.79%)[m  [34mtps: [31m841[m[32m845[m  [36mtflops: [31m40.58[m[32m40.71[m  [35mmfu: [31m4.10%[39m[m[32m4.12%[39m[m
[rank0]:[titan] 2026-03-17 [31m10:55:51,626[m[32m10:56:27,293[m - root - INFO - [31mstep: 329  [32mloss:  [31m2.7803[m[32m2.7685[m  [38;2;180;60;0mgrad_norm:  [31m2.7440[m[32m2.3685[m  [38;2;54;234;195mmemory: [31m53.87GiB(67.81%)[m[32m72.92GiB(91.79%)[m  [34mtps: [31m839[m[32m844[m  [36mtflops: [31m40.48[m[32m40.68[m  [35mmfu: [31m4.09%[39m[m[32m4.11%[39m[m
[rank0]:[titan] 2026-03-17 [31m10:55:54,067[m[32m10:56:29,717[m - root - INFO - [31mstep: 330  [32mloss:  [31m2.7917[m[32m2.8032[m  [38;2;180;60;0mgrad_norm:  [31m3.3134[m[32m3.2776[m  [38;2;54;234;195mmemory: [31m53.87GiB(67.81%)[m[32m72.92GiB(91.79%)[m  [34mtps: [31m839[m[32m845[m  [36mtflops: [31m40.49[m[32m40.72[m  [35mmfu: [31m4.09%[39m[m[32m4.12%[39m[m
[rank0]:[titan] 2026-03-17 [31m10:55:56,513[m[32m10:56:32,146[m - root - INFO - [31mstep: 331  [32mloss:  [31m2.7651[m[32m2.7569[m  [38;2;180;60;0mgrad_norm:  [31m3.2085[m[32m2.6050[m  [38;2;54;234;195mmemory: [31m53.87GiB(67.81%)[m[32m72.92GiB(91.79%)[m  [34mtps: [31m838[m[32m844[m  [36mtflops: [31m40.41[m[32m40.65[m  [35mmfu: [31m4.09%[39m[m[32m4.11%[39m[m
[rank0]:[titan] 2026-03-17 [31m10:55:58,955[m[32m10:56:34,569[m - root - INFO - [31mstep: 332  [32mloss:  2.7418  [38;2;180;60;0mgrad_norm:  [31m2.2071[m[32m2.5479[m  [38;2;54;234;195mmemory: [31m53.87GiB(67.81%)[m[32m72.92GiB(91.79%)[m  [34mtps: [31m839[m[32m845[m  [36mtflops: [31m40.47[m[32m40.74[m  [35mmfu: [31m4.09%[39m[m[32m4.12%[39m[m
[rank0]:[titan] 2026-03-17 [31m10:56:01,398[m[32m10:56:36,996[m - root - INFO - [31mstep: 333  [32mloss:  [31m2.7648[m[32m2.7680[m  [38;2;180;60;0mgrad_norm:  [31m3.0139[m[32m2.7906[m  [38;2;54;234;195mmemory: [31m53.87GiB(67.81%)[m[32m72.92GiB(91.79%)[m  [34mtps: [31m838[m[32m844[m  [36mtflops: [31m40.45[m[32m40.67[m  [35mmfu: [31m4.09%[39m[m[32m4.11%[39m[m
[rank0]:[titan] 2026-03-17 [31m10:56:03,839[m[32m10:56:39,419[m - root - INFO - [31mstep: 334  [32mloss:  [31m2.7989[m[32m2.8006[m  [38;2;180;60;0mgrad_norm:  [31m2.1973[m[32m2.6823[m  [38;2;54;234;195mmemory: [31m53.87GiB(67.81%)[m[32m72.92GiB(91.79%)[m  [34mtps: [31m839[m[32m845[m  [36mtflops: [31m40.49[m[32m40.73[m  [35mmfu: [31m4.09%[39m[m[32m4.12%[39m[m
[rank0]:[titan] 2026-03-17 [31m10:56:06,276[m[32m10:56:41,846[m - root - INFO - [31mstep: 335  [32mloss:  [31m2.8282[m[32m2.8197[m  [38;2;180;60;0mgrad_norm:  [31m3.4273[m[32m2.0639[m  [38;2;54;234;195mmemory: [31m53.87GiB(67.81%)[m[32m72.92GiB(91.79%)[m  [34mtps: [31m840[m[32m844[m  [36mtflops: [31m40.55[m[32m40.67[m  [35mmfu: [31m4.10%[39m[m[32m4.11%[39m[m
[rank0]:[titan] 2026-03-17 [31m10:56:08,716[m[32m10:56:44,272[m - root - INFO - [31mstep: 336  [32mloss:  [31m2.8793[m[32m2.8769[m  [38;2;180;60;0mgrad_norm:  [31m3.2907[m[32m3.3957[m  [38;2;54;234;195mmemory: [31m53.87GiB(67.81%)[m[32m72.92GiB(91.79%)[m  [34mtps: [31m840[m[32m845[m  [36mtflops: [31m40.51[m[32m40.69[m  [35mmfu: [31m4.10%[39m[m[32m4.11%[39m[m
[rank0]:[titan] 2026-03-17 [31m10:56:11,155[m[32m10:56:46,698[m - root - INFO - [31mstep: 337  [32mloss:  [31m2.8359[m[32m2.8440[m  [38;2;180;60;0mgrad_norm:  [31m2.5906[m[32m3.1160[m  [38;2;54;234;195mmemory: [31m53.87GiB(67.81%)[m[32m72.92GiB(91.79%)[m  [34mtps: [31m840[m[32m844[m  [36mtflops: [31m40.52[m[32m40.68[m  [35mmfu: [31m4.10%[39m[m[32m4.11%[39m[m
[rank0]:[titan] 2026-03-17 [31m10:56:13,596[m[32m10:56:49,126[m - root - INFO - [31mstep: 338  [32mloss:  [31m2.8007[m[32m2.7887[m  [38;2;180;60;0mgrad_norm:  [31m2.9159[m[32m2.1845[m  [38;2;54;234;195mmemory: [31m53.87GiB(67.81%)[m[32m72.92GiB(91.79%)[m  [34mtps: [31m839[m[32m844[m  [36mtflops: [31m40.49[m[32m40.65[m  [35mmfu: [31m4.09%[39m[m[32m4.11%[39m[m
[rank0]:[titan] 2026-03-17 [31m10:56:16,043[m[32m10:56:51,556[m - root - INFO - [31mstep: 339  [32mloss:  [31m2.7852[m[32m2.7939[m  [38;2;180;60;0mgrad_norm:  [31m3.3312[m[32m4.0396[m  [38;2;54;234;195mmemory: [31m53.87GiB(67.81%)[m[32m72.92GiB(91.79%)[m  [34mtps: [31m837[m[32m843[m  [36mtflops: [31m40.39[m[32m40.61[m  [35mmfu: [31m4.08%[39m[m[32m4.11%[39m[m
[rank0]:[titan] 2026-03-17 [31m10:56:18,482[m[32m10:56:53,980[m - root - INFO - [31mstep: 340  [32mloss:  [31m2.7728[m[32m2.7926[m  [38;2;180;60;0mgrad_norm:  [31m2.4130[m[32m3.0150[m  [38;2;54;234;195mmemory: [31m53.87GiB(67.81%)[m[32m72.92GiB(91.79%)[m  [34mtps: [31m840[m[32m845[m  [36mtflops: [31m40.52[m[32m40.72[m  [35mmfu: [31m4.10%[39m[m[32m4.12%[39m[m
[rank0]:[titan] 2026-03-17 [31m10:56:20,926[m[32m10:56:56,409[m - root - INFO - [31mstep: 341  [32mloss:  [31m2.7747[m[32m2.7788[m  [38;2;180;60;0mgrad_norm:  [31m3.4342[m[32m3.1002[m  [38;2;54;234;195mmemory: [31m53.87GiB(67.81%)[m[32m72.92GiB(91.79%)[m  [34mtps: [31m838[m[32m843[m  [36mtflops: [31m40.44[m[32m40.63[m  [35mmfu: [31m4.09%[39m[m[32m4.11%[39m[m
[rank0]:[titan] 2026-03-17 [31m10:56:23,377[m[32m10:56:58,840[m - root - INFO - [31mstep: 342  [32mloss:  [31m2.8007[m[32m2.7929[m  [38;2;180;60;0mgrad_norm:  [31m3.5438[m[32m3.1489[m  [38;2;54;234;195mmemory: [31m53.87GiB(67.81%)[m[32m72.92GiB(91.79%)[m  [34mtps: [31m836[m[32m843[m  [36mtflops: [31m40.32[m[32m40.61[m  [35mmfu: [31m4.08%[39m[m[32m4.11%[39m[m
[rank0]:[titan] 2026-03-17 [31m10:56:25,818[m[32m10:57:01,266[m - root - INFO - [31mstep: 343  [32mloss:  [31m2.7710[m[32m2.7681[m  [38;2;180;60;0mgrad_norm:  [31m3.5153[m[32m3.0228[m  [38;2;54;234;195mmemory: [31m53.87GiB(67.81%)[m[32m72.92GiB(91.79%)[m  [34mtps: [31m839[m[32m844[m  [36mtflops: [31m40.49[m[32m40.69[m  [35mmfu: [31m4.09%[39m[m[32m4.11%[39m[m
[rank0]:[titan] 2026-03-17 [31m10:56:28,259[m[32m10:57:03,690[m - root - INFO - [31mstep: 344  [32mloss:  [31m2.7771[m[32m2.7741[m  [38;2;180;60;0mgrad_norm:  [31m3.0740[m[32m2.9614[m  [38;2;54;234;195mmemory: [31m53.87GiB(67.81%)[m[32m72.92GiB(91.79%)[m  [34mtps: [31m839[m[32m845[m  [36mtflops: [31m40.49[m[32m40.71[m  [35mmfu: [31m4.09%[39m[m[32m4.12%[39m[m
[rank0]:[titan] 2026-03-17 [31m10:56:30,705[m[32m10:57:06,118[m - root - INFO - [31mstep: 345  [32mloss:  [31m2.7586[m[32m2.7548[m  [38;2;180;60;0mgrad_norm:  [31m3.2190[m[32m3.2066[m  [38;2;54;234;195mmemory: [31m53.87GiB(67.81%)[m[32m72.92GiB(91.79%)[m  [34mtps: [31m838[m[32m844[m  [36mtflops: [31m40.42[m[32m40.65[m  [35mmfu: [31m4.09%[39m[m[32m4.11%[39m[m
[rank0]:[titan] 2026-03-17 [31m10:56:33,144[m[32m10:57:08,542[m - root - INFO - [31mstep: 346  [32mloss:  [31m2.7354[m[32m2.7454[m  [38;2;180;60;0mgrad_norm:  [31m2.3484[m[32m2.7361[m  [38;2;54;234;195mmemory: [31m53.87GiB(67.81%)[m[32m72.92GiB(91.79%)[m  [34mtps: [31m840[m[32m845[m  [36mtflops: [31m40.52[m[32m40.72[m  [35mmfu: [31m4.10%[39m[m[32m4.12%[39m[m
[rank0]:[titan] 2026-03-17 [31m10:56:35,587[m[32m10:57:10,968[m - root - INFO - [31mstep: 347  [32mloss:  [31m2.7307[m[32m2.7203[m  [38;2;180;60;0mgrad_norm:  [31m3.2382[m[32m2.1362[m  [38;2;54;234;195mmemory: [31m53.87GiB(67.81%)[m[32m72.92GiB(91.79%)[m  [34mtps: [31m839[m[32m844[m  [36mtflops: [31m40.46[m[32m40.68[m  [35mmfu: [31m4.09%[39m[m[32m4.11%[39m[m
[rank0]:[titan] 2026-03-17 [31m10:56:38,024[m[32m10:57:13,393[m - root - INFO - [31mstep: 348  [32mloss:  [31m2.7581[m[32m2.7557[m  [38;2;180;60;0mgrad_norm:  [31m3.4920[m[32m3.7370[m  [38;2;54;234;195mmemory: [31m53.87GiB(67.81%)[m[32m72.92GiB(91.79%)[m  [34mtps: [31m840[m[32m845[m  [36mtflops: [31m40.54[m[32m40.70[m  [35mmfu: [31m4.10%[39m[m[32m4.11%[39m[m
[rank0]:[titan] 2026-03-17 [31m10:56:40,469[m[32m10:57:15,818[m - root - INFO - [31mstep: 349  [32mloss:  [31m2.7737[m[32m2.7846[m  [38;2;180;60;0mgrad_norm:  [31m2.3705[m[32m2.9773[m  [38;2;54;234;195mmemory: [31m53.87GiB(67.81%)[m[32m72.92GiB(91.79%)[m  [34mtps: [31m838[m[32m845[m  [36mtflops: [31m40.43[m[32m40.70[m  [35mmfu: [31m4.09%[39m[m[32m4.12%[39m[m
[rank0]:[titan] 2026-03-17 [31m10:56:42,910[m[32m10:57:18,243[m - root - INFO - [31mstep: 350  [32mloss:  [31m2.7611[m[32m2.7554[m  [38;2;180;60;0mgrad_norm:  [31m3.4708[m[32m2.7178[m  [38;2;54;234;195mmemory: [31m53.87GiB(67.81%)[m[32m72.92GiB(91.79%)[m  [34mtps: [31m839[m[32m845[m  [36mtflops: [31m40.49[m[32m40.70[m  [35mmfu: [31m4.09%[39m[m[32m4.11%[39m[m
[rank0]:[titan] 2026-03-17 [31m10:56:45,349[m[32m10:57:20,668[m - root - INFO - [31mstep: 351  [32mloss:  [31m2.7869[m[32m2.7871[m  [38;2;180;60;0mgrad_norm:  [31m3.0740[m[32m3.1002[m  [38;2;54;234;195mmemory: [31m53.87GiB(67.81%)[m[32m72.92GiB(91.79%)[m  [34mtps: [31m840[m[32m845[m  [36mtflops: [31m40.53[m[32m40.71[m  [35mmfu: [31m4.10%[39m[m[32m4.12%[39m[m
[rank0]:[titan] 2026-03-17 [31m10:56:47,795[m[32m10:57:23,098[m - root - INFO - [31mstep: 352  [32mloss:  [31m2.8922[m[32m2.8873[m  [38;2;180;60;0mgrad_norm:  [31m2.4920[m[32m2.3402[m  [38;2;54;234;195mmemory: [31m53.87GiB(67.81%)[m[32m72.92GiB(91.79%)[m  [34mtps: [31m837[m[32m843[m  [36mtflops: [31m40.40[m[32m40.61[m  [35mmfu: [31m4.09%[39m[m[32m4.11%[39m[m
[rank0]:[titan] 2026-03-17 [31m10:56:50,235[m[32m10:57:25,525[m - root - INFO - [31mstep: 353  [32mloss:  [31m2.8228[m[32m2.8238[m  [38;2;180;60;0mgrad_norm:  [31m2.7335[m[32m2.5105[m  [38;2;54;234;195mmemory: [31m53.87GiB(67.81%)[m[32m72.92GiB(91.79%)[m  [34mtps: [31m839[m[32m844[m  [36mtflops: [31m40.50[m[32m40.67[m  [35mmfu: [31m4.10%[39m[m[32m4.11%[39m[m
[rank0]:[titan] 2026-03-17 [31m10:56:52,675[m[32m10:57:27,950[m - root - INFO - [31mstep: 354  [32mloss:  [31m2.7823[m[32m2.7878[m  [38;2;180;60;0mgrad_norm:  [31m2.7454[m[32m2.6112[m  [38;2;54;234;195mmemory: [31m53.87GiB(67.81%)[m[32m72.92GiB(91.79%)[m  [34mtps: [31m840[m[32m845[m  [36mtflops: [31m40.52[m[32m40.72[m  [35mmfu: [31m4.10%[39m[m[32m4.12%[39m[m
[rank0]:[titan] 2026-03-17 [31m10:56:55,111[m[32m10:57:30,374[m - root - INFO - [31mstep: 355  [32mloss:  [31m2.7798[m[32m2.7915[m  [38;2;180;60;0mgrad_norm:  [31m1.8489[m[32m2.0717[m  [38;2;54;234;195mmemory: [31m53.87GiB(67.81%)[m[32m72.92GiB(91.79%)[m  [34mtps: [31m841[m[32m845[m  [36mtflops: [31m40.57[m[32m40.72[m  [35mmfu: [31m4.10%[39m[m[32m4.12%[39m[m
[rank0]:[titan] 2026-03-17 [31m10:56:57,550[m[32m10:57:32,801[m - root - INFO - [31mstep: 356  [32mloss:  [31m2.8726[m[32m2.8715[m  [38;2;180;60;0mgrad_norm:  [31m2.4659[m[32m2.3438[m  [38;2;54;234;195mmemory: [31m53.87GiB(67.81%)[m[32m72.92GiB(91.79%)[m  [34mtps: [31m840[m[32m844[m  [36mtflops: [31m40.52[m[32m40.67[m  [35mmfu: [31m4.10%[39m[m[32m4.11%[39m[m
[rank0]:[titan] 2026-03-17 [31m10:56:59,987[m[32m10:57:35,230[m - root - INFO - [31mstep: 357  [32mloss:  [31m2.8574[m[32m2.8631[m  [38;2;180;60;0mgrad_norm:  [31m2.5420[m[32m2.7375[m  [38;2;54;234;195mmemory: [31m53.87GiB(67.81%)[m[32m72.92GiB(91.79%)[m  [34mtps: [31m840[m[32m843[m  [36mtflops: [31m40.55[m[32m40.63[m  [35mmfu: [31m4.10%[39m[m[32m4.11%[39m[m
[rank0]:[titan] 2026-03-17 [31m10:57:02,428[m[32m10:57:37,657[m - root - INFO - [31mstep: 358  [32mloss:  [31m2.8916[m[32m2.8939[m  [38;2;180;60;0mgrad_norm:  [31m2.1309[m[32m1.8844[m  [38;2;54;234;195mmemory: [31m53.87GiB(67.81%)[m[32m72.92GiB(91.79%)[m  [34mtps: [31m839[m[32m844[m  [36mtflops: [31m40.49[m[32m40.67[m  [35mmfu: [31m4.09%[39m[m[32m4.11%[39m[m
[rank0]:[titan] 2026-03-17 [31m10:57:04,885[m[32m10:57:40,096[m - root - INFO - [31mstep: 359  [32mloss:  [31m2.8829[m[32m2.8881[m  [38;2;180;60;0mgrad_norm:  [31m2.6820[m[32m2.9632[m  [38;2;54;234;195mmemory: [31m53.87GiB(67.81%)[m[32m72.92GiB(91.79%)[m  [34mtps: [31m834[m[32m840[m  [36mtflops: [31m40.23[m[32m40.47[m  [35mmfu: [31m4.07%[39m[m[32m4.09%[39m[m
[rank0]:[titan] 2026-03-17 [31m10:57:07,322[m[32m10:57:42,520[m - root - INFO - [31mstep: 360  [32mloss:  [31m2.8538[m[32m2.8684[m  [38;2;180;60;0mgrad_norm:  [31m2.9174[m[32m2.9279[m  [38;2;54;234;195mmemory: [31m53.87GiB(67.81%)[m[32m72.92GiB(91.79%)[m  [34mtps: [31m841[m[32m845[m  [36mtflops: [31m40.56[m[32m40.73[m  [35mmfu: [31m4.10%[39m[m[32m4.12%[39m[m
[rank0]:[titan] 2026-03-17 [31m10:57:09,763[m[32m10:57:44,947[m - root - INFO - [31mstep: 361  [32mloss:  [31m2.8541[m[32m2.8755[m  [38;2;180;60;0mgrad_norm:  [31m2.0499[m[32m2.6071[m  [38;2;54;234;195mmemory: [31m53.87GiB(67.81%)[m[32m72.92GiB(91.79%)[m  [34mtps: [31m839[m[32m844[m  [36mtflops: [31m40.49[m[32m40.67[m  [35mmfu: [31m4.09%[39m[m[32m4.11%[39m[m
[rank0]:[titan] 2026-03-17 [31m10:57:12,210[m[32m10:57:47,379[m - root - INFO - [31mstep: 362  [32mloss:  [31m2.7735[m[32m2.7764[m  [38;2;180;60;0mgrad_norm:  [31m3.5898[m[32m2.8949[m  [38;2;54;234;195mmemory: [31m53.87GiB(67.81%)[m[32m72.92GiB(91.79%)[m  [34mtps: [31m837[m[32m842[m  [36mtflops: [31m40.40[m[32m40.58[m  [35mmfu: [31m4.08%[39m[m[32m4.10%[39m[m
[rank0]:[titan] 2026-03-17 [31m10:57:14,648[m[32m10:57:49,804[m - root - INFO - [31mstep: 363  [32mloss:  [31m2.8039[m[32m2.8084[m  [38;2;180;60;0mgrad_norm:  [31m2.7890[m[32m2.9153[m  [38;2;54;234;195mmemory: [31m53.87GiB(67.81%)[m[32m72.92GiB(91.79%)[m  [34mtps: [31m840[m[32m845[m  [36mtflops: [31m40.53[m[32m40.70[m  [35mmfu: [31m4.10%[39m[m[32m4.11%[39m[m
[rank0]:[titan] 2026-03-17 [31m10:57:17,086[m[32m10:57:52,230[m - root - INFO - [31mstep: 364  [32mloss:  [31m2.8133[m[32m2.8131[m  [38;2;180;60;0mgrad_norm:  [31m2.5990[m[32m2.6250[m  [38;2;54;234;195mmemory: [31m53.87GiB(67.81%)[m[32m72.92GiB(91.79%)[m  [34mtps: [31m840[m[32m844[m  [36mtflops: [31m40.54[m[32m40.68[m  [35mmfu: [31m4.10%[39m[m[32m4.11%[39m[m
[rank0]:[titan] 2026-03-17 [31m10:57:19,528[m[32m10:57:54,655[m - root - INFO - [31mstep: 365  [32mloss:  [31m2.8104[m[32m2.8023[m  [38;2;180;60;0mgrad_norm:  [31m2.4898[m[32m2.2574[m  [38;2;54;234;195mmemory: [31m53.87GiB(67.81%)[m[32m72.92GiB(91.79%)[m  [34mtps: [31m839[m[32m845[m  [36mtflops: [31m40.49[m[32m40.71[m  [35mmfu: [31m4.09%[39m[m[32m4.12%[39m[m
[rank0]:[titan] 2026-03-17 [31m10:57:21,964[m[32m10:57:57,079[m - root - INFO - [31mstep: 366  [32mloss:  [31m2.9095[m[32m2.8877[m  [38;2;180;60;0mgrad_norm:  [31m3.0964[m[32m2.5112[m  [38;2;54;234;195mmemory: [31m53.87GiB(67.81%)[m[32m72.92GiB(91.79%)[m  [34mtps: [31m841[m[32m845[m  [36mtflops: [31m40.56[m[32m40.72[m  [35mmfu: [31m4.10%[39m[m[32m4.12%[39m[m
[rank0]:[titan] 2026-03-17 [31m10:57:24,407[m[32m10:57:59,504[m - root - INFO - [31mstep: 367  [32mloss:  [31m2.8847[m[32m2.8906[m  [38;2;180;60;0mgrad_norm:  [31m3.6003[m[32m3.2290[m  [38;2;54;234;195mmemory: [31m53.87GiB(67.81%)[m[32m72.92GiB(91.79%)[m  [34mtps: [31m839[m[32m845[m  [36mtflops: [31m40.46[m[32m40.70[m  [35mmfu: [31m4.09%[39m[m[32m4.12%[39m[m
[rank0]:[titan] 2026-03-17 [31m10:57:26,855[m[32m10:58:01,930[m - root - INFO - [31mstep: 368  [32mloss:  [31m2.8530[m[32m2.8567[m  [38;2;180;60;0mgrad_norm:  [31m2.5258[m[32m2.7719[m  [38;2;54;234;195mmemory: [31m53.87GiB(67.81%)[m[32m72.92GiB(91.79%)[m  [34mtps: [31m837[m[32m844[m  [36mtflops: [31m40.37[m[32m40.67[m  [35mmfu: [31m4.08%[39m[m[32m4.11%[39m[m
[rank0]:[titan] 2026-03-17 [31m10:57:29,297[m[32m10:58:04,356[m - root - INFO - [31mstep: 369  [32mloss:  [31m2.7616[m[32m2.7711[m  [38;2;180;60;0mgrad_norm:  [31m3.7357[m[32m3.9139[m  [38;2;54;234;195mmemory: [31m53.87GiB(67.81%)[m[32m72.92GiB(91.79%)[m  [34mtps: [31m839[m[32m844[m  [36mtflops: [31m40.47[m[32m40.69[m  [35mmfu: [31m4.09%[39m[m[32m4.11%[39m[m
[rank0]:[titan] 2026-03-17 [31m10:57:31,748[m[32m10:58:06,784[m - root - INFO - [31mstep: 370  [32mloss:  [31m2.7635[m[32m2.7730[m  [38;2;180;60;0mgrad_norm:  [31m2.9669[m[32m3.2487[m  [38;2;54;234;195mmemory: [31m53.87GiB(67.81%)[m[32m72.92GiB(91.79%)[m  [34mtps: [31m836[m[32m844[m  [36mtflops: [31m40.34[m[32m40.65[m  [35mmfu: [31m4.08%[39m[m[32m4.11%[39m[m
[rank0]:[titan] 2026-03-17 [31m10:57:34,189[m[32m10:58:09,209[m - root - INFO - [31mstep: 371  [32mloss:  [31m2.7802[m[32m2.7741[m  [38;2;180;60;0mgrad_norm:  [31m3.2267[m[32m2.9096[m  [38;2;54;234;195mmemory: [31m53.87GiB(67.81%)[m[32m72.92GiB(91.79%)[m  [34mtps: [31m839[m[32m845[m  [36mtflops: [31m40.48[m[32m40.69[m  [35mmfu: [31m4.09%[39m[m[32m4.11%[39m[m
[rank0]:[titan] 2026-03-17 [31m10:57:36,629[m[32m10:58:11,634[m - root - INFO - [31mstep: 372  [32mloss:  [31m2.7773[m[32m2.7782[m  [38;2;180;60;0mgrad_norm:  [31m3.8705[m[32m3.2974[m  [38;2;54;234;195mmemory: [31m53.87GiB(67.81%)[m[32m72.92GiB(91.79%)[m  [34mtps: [31m839[m[32m845[m  [36mtflops: [31m40.50[m[32m40.71[m  [35mmfu: [31m4.10%[39m[m[32m4.12%[39m[m
[rank0]:[titan] 2026-03-17 [31m10:57:39,068[m[32m10:58:14,058[m - root - INFO - [31mstep: 373  [32mloss:  [31m2.8099[m[32m2.8132[m  [38;2;180;60;0mgrad_norm:  [31m2.3586[m[32m2.7069[m  [38;2;54;234;195mmemory: [31m53.87GiB(67.81%)[m[32m72.92GiB(91.79%)[m  [34mtps: [31m840[m[32m845[m  [36mtflops: [31m40.53[m[32m40.73[m  [35mmfu: [31m4.10%[39m[m[32m4.12%[39m[m
[rank0]:[titan] 2026-03-17 [31m10:57:41,505[m[32m10:58:16,481[m - root - INFO - [31mstep: 374  [32mloss:  [31m2.8330[m[32m2.8186[m  [38;2;180;60;0mgrad_norm:  [31m4.2343[m[32m3.4649[m  [38;2;54;234;195mmemory: [31m53.87GiB(67.81%)[m[32m72.92GiB(91.79%)[m  [34mtps: [31m840[m[32m845[m  [36mtflops: [31m40.55[m[32m40.73[m  [35mmfu: [31m4.10%[39m[m[32m4.12%[39m[m
[rank0]:[titan] 2026-03-17 [31m10:57:43,949[m[32m10:58:18,913[m - root - INFO - [31mstep: 375  [32mloss:  [31m2.8609[m[32m2.8423[m  [38;2;180;60;0mgrad_norm:  [31m3.5465[m[32m2.9641[m  [38;2;54;234;195mmemory: [31m53.87GiB(67.81%)[m[32m72.92GiB(91.79%)[m  [34mtps: [31m838[m[32m842[m  [36mtflops: [31m40.45[m[32m40.58[m  [35mmfu: [31m4.09%[39m[m[32m4.10%[39m[m
[rank0]:[titan] 2026-03-17 [31m10:57:46,389[m[32m10:58:21,337[m - root - INFO - [31mstep: 376  [32mloss:  [31m2.9138[m[32m2.9058[m  [38;2;180;60;0mgrad_norm:  [31m2.6011[m[32m2.4679[m  [38;2;54;234;195mmemory: [31m53.87GiB(67.81%)[m[32m72.92GiB(91.79%)[m  [34mtps: [31m839[m[32m845[m  [36mtflops: [31m40.50[m[32m40.72[m  [35mmfu: [31m4.09%[39m[m[32m4.12%[39m[m
[rank0]:[titan] 2026-03-17 [31m10:57:48,830[m[32m10:58:23,770[m - root - INFO - [31mstep: 377  [32mloss:  [31m2.8609[m[32m2.8402[m  [38;2;180;60;0mgrad_norm:  [31m2.9714[m[32m2.6713[m  [38;2;54;234;195mmemory: [31m53.87GiB(67.81%)[m[32m72.92GiB(91.79%)[m  [34mtps: [31m839[m[32m842[m  [36mtflops: [31m40.49[m[32m40.57[m  [35mmfu: [31m4.09%[39m[m[32m4.10%[39m[m
[rank0]:[titan] 2026-03-17 [31m10:57:51,281[m[32m10:58:26,201[m - root - INFO - [31mstep: 378  [32mloss:  [31m2.8264[m[32m2.8061[m  [38;2;180;60;0mgrad_norm:  [31m2.4998[m[32m1.8793[m  [38;2;54;234;195mmemory: [31m53.87GiB(67.81%)[m[32m72.92GiB(91.79%)[m  [34mtps: [31m836[m[32m843[m  [36mtflops: [31m40.33[m[32m40.60[m  [35mmfu: [31m4.08%[39m[m[32m4.10%[39m[m
[rank0]:[titan] 2026-03-17 [31m10:57:53,728[m[32m10:58:28,633[m - root - INFO - [31mstep: 379  [32mloss:  [31m2.8062[m[32m2.7992[m  [38;2;180;60;0mgrad_norm:  [31m2.5257[m[32m2.8172[m  [38;2;54;234;195mmemory: [31m53.87GiB(67.81%)[m[32m72.92GiB(91.79%)[m  [34mtps: [31m837[m[32m842[m  [36mtflops: [31m40.38[m[32m40.58[m  [35mmfu: [31m4.08%[39m[m[32m4.10%[39m[m
[rank0]:[titan] 2026-03-17 [31m10:57:56,169[m[32m10:58:31,056[m - root - INFO - [31mstep: 380  [32mloss:  [31m2.7519[m[32m2.7584[m  [38;2;180;60;0mgrad_norm:  [31m2.8346[m[32m2.3289[m  [38;2;54;234;195mmemory: [31m53.87GiB(67.81%)[m[32m72.92GiB(91.79%)[m  [34mtps: [31m839[m[32m846[m  [36mtflops: [31m40.49[m[32m40.74[m  [35mmfu: [31m4.09%[39m[m[32m4.12%[39m[m
[rank0]:[titan] 2026-03-17 [31m10:57:58,613[m[32m10:58:33,480[m - root - INFO - [31mstep: 381  [32mloss:  [31m2.7945[m[32m2.7935[m  [38;2;180;60;0mgrad_norm:  [31m2.8676[m[32m3.1477[m  [38;2;54;234;195mmemory: [31m53.87GiB(67.81%)[m[32m72.92GiB(91.79%)[m  [34mtps: [31m838[m[32m845[m  [36mtflops: [31m40.44[m[32m40.72[m  [35mmfu: [31m4.09%[39m[m[32m4.12%[39m[m
[rank0]:[titan] 2026-03-17 [31m10:58:01,064[m[32m10:58:35,909[m - root - INFO - [31mstep: 382  [32mloss:  [31m2.8221[m[32m2.8220[m  [38;2;180;60;0mgrad_norm:  [31m2.8628[m[32m3.2834[m  [38;2;54;234;195mmemory: [31m53.87GiB(67.81%)[m[32m72.92GiB(91.79%)[m  [34mtps: [31m836[m[32m843[m  [36mtflops: [31m40.32[m[32m40.64[m  [35mmfu: [31m4.08%[39m[m[32m4.11%[39m[m
[rank0]:[titan] 2026-03-17 [31m10:58:03,509[m[32m10:58:38,333[m - root - INFO - [31mstep: 383  [32mloss:  [31m2.7420[m[32m2.7391[m  [38;2;180;60;0mgrad_norm:  [31m2.7013[m[32m2.6276[m  [38;2;54;234;195mmemory: [31m53.87GiB(67.81%)[m[32m72.92GiB(91.79%)[m  [34mtps: [31m838[m[32m845[m  [36mtflops: [31m40.44[m[32m40.72[m  [35mmfu: [31m4.09%[39m[m[32m4.12%[39m[m
[rank0]:[titan] 2026-03-17 [31m10:58:05,952[m[32m10:58:40,757[m - root - INFO - [31mstep: 384  [32mloss:  [31m2.7802[m[32m2.7772[m  [38;2;180;60;0mgrad_norm:  [31m2.3397[m[32m2.8579[m  [38;2;54;234;195mmemory: [31m53.87GiB(67.81%)[m[32m72.92GiB(91.79%)[m  [34mtps: [31m838[m[32m845[m  [36mtflops: [31m40.45[m[32m40.71[m  [35mmfu: [31m4.09%[39m[m[32m4.12%[39m[m
[rank0]:[titan] 2026-03-17 [31m10:58:08,393[m[32m10:58:43,184[m - root - INFO - [31mstep: 385  [32mloss:  [31m2.8463[m[32m2.8521[m  [38;2;180;60;0mgrad_norm:  [31m2.4019[m[32m3.0431[m  [38;2;54;234;195mmemory: [31m53.87GiB(67.81%)[m[32m72.92GiB(91.79%)[m  [34mtps: [31m839[m[32m844[m  [36mtflops: [31m40.49[m[32m40.67[m  [35mmfu: [31m4.09%[39m[m[32m4.11%[39m[m
[rank0]:[titan] 2026-03-17 [31m10:58:10,838[m[32m10:58:45,607[m - root - INFO - [31mstep: 386  [32mloss:  [31m2.8293[m[32m2.8307[m  [38;2;180;60;0mgrad_norm:  [31m2.1416[m[32m2.1879[m  [38;2;54;234;195mmemory: [31m53.87GiB(67.81%)[m[32m72.92GiB(91.79%)[m  [34mtps: [31m838[m[32m845[m  [36mtflops: [31m40.42[m[32m40.73[m  [35mmfu: [31m4.09%[39m[m[32m4.12%[39m[m
[rank0]:[titan] 2026-03-17 [31m10:58:13,278[m[32m10:58:48,031[m - root - INFO - [31mstep: 387  [32mloss:  [31m2.8360[m[32m2.8412[m  [38;2;180;60;0mgrad_norm:  [31m2.8025[m[32m3.1271[m  [38;2;54;234;195mmemory: [31m53.87GiB(67.81%)[m[32m72.92GiB(91.79%)[m  [34mtps: [31m840[m[32m845[m  [36mtflops: [31m40.51[m[32m40.71[m  [35mmfu: [31m4.10%[39m[m[32m4.12%[39m[m
[rank0]:[titan] 2026-03-17 [31m10:58:15,725[m[32m10:58:50,458[m - root - INFO - [31mstep: 388  [32mloss:  [31m2.8318[m[32m2.8469[m  [38;2;180;60;0mgrad_norm:  [31m2.4159[m[32m2.8491[m  [38;2;54;234;195mmemory: [31m53.87GiB(67.81%)[m[32m72.92GiB(91.79%)[m  [34mtps: [31m837[m[32m844[m  [36mtflops: [31m40.40[m[32m40.67[m  [35mmfu: [31m4.08%[39m[m[32m4.11%[39m[m
[rank0]:[titan] 2026-03-17 [31m10:58:18,164[m[32m10:58:52,882[m - root - INFO - [31mstep: 389  [32mloss:  [31m2.8533[m[32m2.8694[m  [38;2;180;60;0mgrad_norm:  [31m2.4117[m[32m3.0839[m  [38;2;54;234;195mmemory: [31m53.87GiB(67.81%)[m[32m72.92GiB(91.79%)[m  [34mtps: [31m840[m[32m845[m  [36mtflops: [31m40.52[m[32m40.72[m  [35mmfu: [31m4.10%[39m[m[32m4.12%[39m[m
[rank0]:[titan] 2026-03-17 [31m10:58:20,623[m[32m10:58:55,321[m - root - INFO - [31mstep: 390  [32mloss:  [31m2.8054[m[32m2.8050[m  [38;2;180;60;0mgrad_norm:  [31m2.8084[m[32m3.0478[m  [38;2;54;234;195mmemory: [31m53.87GiB(67.81%)[m[32m72.92GiB(91.79%)[m  [34mtps: [31m833[m[32m840[m  [36mtflops: [31m40.21[m[32m40.47[m  [35mmfu: [31m4.07%[39m[m[32m4.09%[39m[m
[rank0]:[titan] 2026-03-17 [31m10:58:23,063[m[32m10:58:57,745[m - root - INFO - [31mstep: 391  [32mloss:  [31m2.7901[m[32m2.7922[m  [38;2;180;60;0mgrad_norm:  [31m2.8469[m[32m2.7751[m  [38;2;54;234;195mmemory: [31m53.87GiB(67.81%)[m[32m72.92GiB(91.79%)[m  [34mtps: [31m839[m[32m845[m  [36mtflops: [31m40.49[m[32m40.72[m  [35mmfu: [31m4.09%[39m[m[32m4.12%[39m[m
[rank0]:[titan] 2026-03-17 [31m10:58:25,504[m[32m10:59:00,168[m - root - INFO - [31mstep: 392  [32mloss:  [31m2.7604[m[32m2.7556[m  [38;2;180;60;0mgrad_norm:  [31m2.1510[m[32m2.3125[m  [38;2;54;234;195mmemory: [31m53.87GiB(67.81%)[m[32m72.92GiB(91.79%)[m  [34mtps: [31m839[m[32m845[m  [36mtflops: [31m40.50[m[32m40.73[m  [35mmfu: [31m4.10%[39m[m[32m4.12%[39m[m
[rank0]:[titan] 2026-03-17 [31m10:58:27,949[m[32m10:59:02,601[m - root - INFO - [31mstep: 393  [32mloss:  [31m2.8033[m[32m2.8006[m  [38;2;180;60;0mgrad_norm:  [31m2.5805[m[32m2.4419[m  [38;2;54;234;195mmemory: [31m53.87GiB(67.81%)[m[32m72.92GiB(91.79%)[m  [34mtps: [31m838[m[32m842[m  [36mtflops: [31m40.41[m[32m40.57[m  [35mmfu: [31m4.09%[39m[m[32m4.10%[39m[m
[rank0]:[titan] 2026-03-17 [31m10:58:30,389[m[32m10:59:05,027[m - root - INFO - [31mstep: 394  [32mloss:  [31m2.8323[m[32m2.8249[m  [38;2;180;60;0mgrad_norm:  [31m2.4967[m[32m2.3297[m  [38;2;54;234;195mmemory: [31m53.87GiB(67.81%)[m[32m72.92GiB(91.79%)[m  [34mtps: [31m840[m[32m844[m  [36mtflops: [31m40.51[m[32m40.69[m  [35mmfu: [31m4.10%[39m[m[32m4.11%[39m[m
[rank0]:[titan] 2026-03-17 [31m10:58:32,832[m[32m10:59:07,452[m - root - INFO - [31mstep: 395  [32mloss:  [31m2.8427[m[32m2.8456[m  [38;2;180;60;0mgrad_norm:  [31m2.6626[m[32m2.9307[m  [38;2;54;234;195mmemory: [31m53.87GiB(67.81%)[m[32m72.92GiB(91.79%)[m  [34mtps: [31m838[m[32m845[m  [36mtflops: [31m40.45[m[32m40.69[m  [35mmfu: [31m4.09%[39m[m[32m4.11%[39m[m
[rank0]:[titan] 2026-03-17 [31m10:58:35,276[m[32m10:59:09,878[m - root - INFO - [31mstep: 396  [32mloss:  [31m2.7352[m[32m2.7443[m  [38;2;180;60;0mgrad_norm:  [31m2.2993[m[32m2.7748[m  [38;2;54;234;195mmemory: [31m53.87GiB(67.81%)[m[32m72.92GiB(91.79%)[m  [34mtps: [31m838[m[32m844[m  [36mtflops: [31m40.45[m[32m40.69[m  [35mmfu: [31m4.09%[39m[m[32m4.11%[39m[m
[rank0]:[titan] 2026-03-17 [31m10:58:37,720[m[32m10:59:12,301[m - root - INFO - [31mstep: 397  [32mloss:  [31m2.8262[m[32m2.8158[m  [38;2;180;60;0mgrad_norm:  [31m2.6617[m[32m2.4200[m  [38;2;54;234;195mmemory: [31m53.87GiB(67.81%)[m[32m72.92GiB(91.79%)[m  [34mtps: [31m838[m[32m845[m  [36mtflops: [31m40.43[m[32m40.73[m  [35mmfu: [31m4.09%[39m[m[32m4.12%[39m[m
[rank0]:[titan] 2026-03-17 [31m10:58:40,162[m[32m10:59:14,724[m - root - INFO - [31mstep: 398  [32mloss:  [31m2.7620[m[32m2.7597[m  [38;2;180;60;0mgrad_norm:  [31m2.6548[m[32m2.8416[m  [38;2;54;234;195mmemory: [31m53.87GiB(67.81%)[m[32m72.92GiB(91.79%)[m  [34mtps: [31m839[m[32m845[m  [36mtflops: [31m40.47[m[32m40.73[m  [35mmfu: [31m4.09%[39m[m[32m4.12%[39m[m
[rank0]:[titan] 2026-03-17 [31m10:58:42,608[m[32m10:59:17,152[m - root - INFO - [31mstep: 399  [32mloss:  [31m2.7457[m[32m2.7537[m  [38;2;180;60;0mgrad_norm:  [31m2.0488[m[32m2.5960[m  [38;2;54;234;195mmemory: [31m53.87GiB(67.81%)[m[32m72.92GiB(91.79%)[m  [34mtps: [31m837[m[32m844[m  [36mtflops: [31m40.40[m[32m40.66[m  [35mmfu: [31m4.09%[39m[m[32m4.11%[39m[m
[rank0]:[titan] 2026-03-17 [31m10:58:45,052[m[32m10:59:19,580[m - root - INFO - [31mstep: 400  [32mloss:  [31m2.7599[m[32m2.7563[m  [38;2;180;60;0mgrad_norm:  [31m2.7349[m[32m2.7114[m  [38;2;54;234;195mmemory: [31m53.87GiB(67.81%)[m[32m72.92GiB(91.79%)[m  [34mtps: [31m838[m[32m844[m  [36mtflops: [31m40.44[m[32m40.65[m  [35mmfu: [31m4.09%[39m[m[32m4.11%[39m[m
[rank0]:[titan] 2026-03-17 [31m10:58:47,496[m[32m10:59:22,002[m - root - INFO - [31mstep: 401  [32mloss:  [31m2.7835[m[32m2.7722[m  [38;2;180;60;0mgrad_norm:  [31m2.7026[m[32m2.2685[m  [38;2;54;234;195mmemory: [31m53.87GiB(67.81%)[m[32m72.92GiB(91.79%)[m  [34mtps: [31m838[m[32m846[m  [36mtflops: [31m40.44[m[32m40.75[m  [35mmfu: [31m4.09%[39m[m[32m4.12%[39m[m
[rank0]:[titan] 2026-03-17 [31m10:58:49,941[m[32m10:59:24,426[m - root - INFO - [31mstep: 402  [32mloss:  [31m2.8119[m[32m2.8098[m  [38;2;180;60;0mgrad_norm:  [31m2.4264[m[32m2.9607[m  [38;2;54;234;195mmemory: [31m53.87GiB(67.81%)[m[32m72.92GiB(91.79%)[m  [34mtps: [31m838[m[32m845[m  [36mtflops: [31m40.42[m[32m40.71[m  [35mmfu: [31m4.09%[39m[m[32m4.12%[39m[m
[rank0]:[titan] 2026-03-17 [31m10:58:52,378[m[32m10:59:26,849[m - root - INFO - [31mstep: 403  [32mloss:  [31m2.7855[m[32m2.7825[m  [38;2;180;60;0mgrad_norm:  [31m2.8576[m[32m2.8523[m  [38;2;54;234;195mmemory: [31m53.87GiB(67.81%)[m[32m72.92GiB(91.79%)[m  [34mtps: [31m841[m[32m846[m  [36mtflops: [31m40.57[m[32m40.74[m  [35mmfu: [31m4.10%[39m[m[32m4.12%[39m[m
[rank0]:[titan] 2026-03-17 [31m10:58:54,821[m[32m10:59:29,278[m - root - INFO - [31mstep: 404  [32mloss:  [31m2.8096[m[32m2.8054[m  [38;2;180;60;0mgrad_norm:  [31m1.9652[m[32m2.1299[m  [38;2;54;234;195mmemory: [31m53.87GiB(67.81%)[m[32m72.92GiB(91.79%)[m  [34mtps: [31m838[m[32m843[m  [36mtflops: [31m40.45[m[32m40.63[m  [35mmfu: [31m4.09%[39m[m[32m4.11%[39m[m
[rank0]:[titan] 2026-03-17 [31m10:58:57,259[m[32m10:59:31,703[m - root - INFO - [31mstep: 405  [32mloss:  [31m2.8442[m[32m2.8431[m  [38;2;180;60;0mgrad_norm:  [31m3.1336[m[32m3.0346[m  [38;2;54;234;195mmemory: [31m53.87GiB(67.81%)[m[32m72.92GiB(91.79%)[m  [34mtps: [31m840[m[32m845[m  [36mtflops: [31m40.54[m[32m40.70[m  [35mmfu: [31m4.10%[39m[m[32m4.12%[39m[m
[rank0]:[titan] 2026-03-17 [31m10:58:59,697[m[32m10:59:34,128[m - root - INFO - [31mstep: 406  [32mloss:  [31m2.7972[m[32m2.7935[m  [38;2;180;60;0mgrad_norm:  [31m2.5336[m[32m2.6128[m  [38;2;54;234;195mmemory: [31m53.87GiB(67.81%)[m[32m72.92GiB(91.79%)[m  [34mtps: [31m840[m[32m845[m  [36mtflops: [31m40.55[m[32m40.71[m  [35mmfu: [31m4.10%[39m[m[32m4.12%[39m[m
[rank0]:[titan] 2026-03-17 [31m10:59:02,135[m[32m10:59:36,556[m - root - INFO - [31mstep: 407  [32mloss:  [31m2.8076[m[32m2.8005[m  [38;2;180;60;0mgrad_norm:  [31m2.4993[m[32m2.1759[m  [38;2;54;234;195mmemory: [31m53.87GiB(67.81%)[m[32m72.92GiB(91.79%)[m  [34mtps: [31m840[m[32m844[m  [36mtflops: [31m40.53[m[32m40.65[m  [35mmfu: [31m4.10%[39m[m[32m4.11%[39m[m
[rank0]:[titan] 2026-03-17 [31m10:59:04,580[m[32m10:59:38,987[m - root - INFO - [31mstep: 408  [32mloss:  [31m2.7716[m[32m2.7632[m  [38;2;180;60;0mgrad_norm:  [31m2.9075[m[32m2.3560[m  [38;2;54;234;195mmemory: [31m53.87GiB(67.81%)[m[32m72.92GiB(91.79%)[m  [34mtps: [31m838[m[32m843[m  [36mtflops: [31m40.43[m[32m40.61[m  [35mmfu: [31m4.09%[39m[m[32m4.11%[39m[m
[rank0]:[titan] 2026-03-17 [31m10:59:07,023[m[32m10:59:41,415[m - root - INFO - [31mstep: 409  [32mloss:  [31m2.7736[m[32m2.7598[m  [38;2;180;60;0mgrad_norm:  [31m3.3024[m[32m2.6952[m  [38;2;54;234;195mmemory: [31m53.87GiB(67.81%)[m[32m72.92GiB(91.79%)[m  [34mtps: [31m839[m[32m844[m  [36mtflops: [31m40.46[m[32m40.65[m  [35mmfu: [31m4.09%[39m[m[32m4.11%[39m[m
[rank0]:[titan] 2026-03-17 [31m10:59:09,460[m[32m10:59:43,841[m - root - INFO - [31mstep: 410  [32mloss:  [31m2.7744[m[32m2.7655[m  [38;2;180;60;0mgrad_norm:  [31m3.9281[m[32m2.9702[m  [38;2;54;234;195mmemory: [31m53.87GiB(67.81%)[m[32m72.92GiB(91.79%)[m  [34mtps: [31m840[m[32m844[m  [36mtflops: [31m40.55[m[32m40.68[m  [35mmfu: [31m4.10%[39m[m[32m4.11%[39m[m
[rank0]:[titan] 2026-03-17 [31m10:59:11,903[m[32m10:59:46,269[m - root - INFO - [31mstep: 411  [32mloss:  [31m2.7546[m[32m2.7552[m  [38;2;180;60;0mgrad_norm:  [31m2.6981[m[32m3.3125[m  [38;2;54;234;195mmemory: [31m53.87GiB(67.81%)[m[32m72.92GiB(91.79%)[m  [34mtps: [31m839[m[32m844[m  [36mtflops: [31m40.46[m[32m40.65[m  [35mmfu: [31m4.09%[39m[m[32m4.11%[39m[m
[rank0]:[titan] 2026-03-17 [31m10:59:14,342[m[32m10:59:48,695[m - root - INFO - [31mstep: 412  [32mloss:  [31m2.7372[m[32m2.7333[m  [38;2;180;60;0mgrad_norm:  [31m2.3091[m[32m1.9504[m  [38;2;54;234;195mmemory: [31m53.87GiB(67.81%)[m[32m72.92GiB(91.79%)[m  [34mtps: [31m840[m[32m844[m  [36mtflops: [31m40.51[m[32m40.69[m  [35mmfu: [31m4.10%[39m[m[32m4.11%[39m[m
[rank0]:[titan] 2026-03-17 [31m10:59:16,784[m[32m10:59:51,120[m - root - INFO - [31mstep: 413  [32mloss:  [31m2.7467[m[32m2.7367[m  [38;2;180;60;0mgrad_norm:  [31m2.4348[m[32m2.7064[m  [38;2;54;234;195mmemory: [31m53.87GiB(67.81%)[m[32m72.92GiB(91.79%)[m  [34mtps: [31m839[m[32m844[m  [36mtflops: [31m40.47[m[32m40.69[m  [35mmfu: [31m4.09%[39m[m[32m4.11%[39m[m
[rank0]:[titan] 2026-03-17 [31m10:59:19,225[m[32m10:59:53,551[m - root - INFO - [31mstep: 414  [32mloss:  [31m2.7948[m[32m2.7958[m  [38;2;180;60;0mgrad_norm:  [31m2.8145[m[32m2.5019[m  [38;2;54;234;195mmemory: [31m53.87GiB(67.81%)[m[32m72.92GiB(91.79%)[m  [34mtps: [31m839[m[32m843[m  [36mtflops: [31m40.50[m[32m40.61[m  [35mmfu: [31m4.09%[39m[m[32m4.11%[39m[m
[rank0]:[titan] 2026-03-17 [31m10:59:21,662[m[32m10:59:55,976[m - root - INFO - [31mstep: 415  [32mloss:  [31m2.7596[m[32m2.7562[m  [38;2;180;60;0mgrad_norm:  [31m2.8408[m[32m2.8701[m  [38;2;54;234;195mmemory: [31m53.87GiB(67.81%)[m[32m72.92GiB(91.79%)[m  [34mtps: [31m840[m[32m845[m  [36mtflops: [31m40.55[m[32m40.70[m  [35mmfu: [31m4.10%[39m[m[32m4.12%[39m[m
[rank0]:[titan] 2026-03-17 [31m10:59:24,105[m[32m10:59:58,403[m - root - INFO - [31mstep: 416  [32mloss:  [31m2.7729[m[32m2.7751[m  [38;2;180;60;0mgrad_norm:  [31m2.3386[m[32m2.0304[m  [38;2;54;234;195mmemory: [31m53.87GiB(67.81%)[m[32m72.92GiB(91.79%)[m  [34mtps: [31m838[m[32m844[m  [36mtflops: [31m40.46[m[32m40.67[m  [35mmfu: [31m4.09%[39m[m[32m4.11%[39m[m
[rank0]:[titan] 2026-03-17 [31m10:59:26,544[m[32m11:00:00,830[m - root - INFO - [31mstep: 417  [32mloss:  [31m2.7766[m[32m2.7833[m  [38;2;180;60;0mgrad_norm:  [31m2.6852[m[32m2.6211[m  [38;2;54;234;195mmemory: [31m53.87GiB(67.81%)[m[32m72.92GiB(91.79%)[m  [34mtps: [31m840[m[32m844[m  [36mtflops: [31m40.53[m[32m40.66[m  [35mmfu: [31m4.10%[39m[m[32m4.11%[39m[m
[rank0]:[titan] 2026-03-17 [31m10:59:28,987[m[32m11:00:03,260[m - root - INFO - [31mstep: 418  [32mloss:  [31m2.8048[m[32m2.8067[m  [38;2;180;60;0mgrad_norm:  [31m2.0883[m[32m1.9629[m  [38;2;54;234;195mmemory: [31m53.87GiB(67.81%)[m[32m72.92GiB(91.79%)[m  [34mtps: [31m838[m[32m843[m  [36mtflops: [31m40.46[m[32m40.62[m  [35mmfu: [31m4.09%[39m[m[32m4.11%[39m[m
[rank0]:[titan] 2026-03-17 [31m10:59:31,427[m[32m11:00:05,683[m - root - INFO - [31mstep: 419  [32mloss:  [31m2.7311[m[32m2.7272[m  [38;2;180;60;0mgrad_norm:  [31m2.2338[m[32m2.0163[m  [38;2;54;234;195mmemory: [31m53.87GiB(67.81%)[m[32m72.92GiB(91.79%)[m  [34mtps: [31m839[m[32m845[m  [36mtflops: [31m40.50[m[32m40.74[m  [35mmfu: [31m4.10%[39m[m[32m4.12%[39m[m
[rank0]:[titan] 2026-03-17 [31m10:59:33,865[m[32m11:00:08,107[m - root - INFO - [31mstep: 420  [32mloss:  [31m2.7301[m[32m2.7265[m  [38;2;180;60;0mgrad_norm:  [31m2.2252[m[32m1.8008[m  [38;2;54;234;195mmemory: [31m53.87GiB(67.81%)[m[32m72.92GiB(91.79%)[m  [34mtps: [31m840[m[32m845[m  [36mtflops: [31m40.53[m[32m40.72[m  [35mmfu: [31m4.10%[39m[m[32m4.12%[39m[m
[rank0]:[titan] 2026-03-17 [31m10:59:36,309[m[32m11:00:10,533[m - root - INFO - [31mstep: 421  [32mloss:  [31m2.7897[m[32m2.7855[m  [38;2;180;60;0mgrad_norm:  [31m2.4790[m[32m2.6807[m  [38;2;54;234;195mmemory: [31m53.87GiB(67.81%)[m[32m72.92GiB(91.79%)[m  [34mtps: [31m838[m[32m844[m  [36mtflops: [31m40.46[m[32m40.68[m  [35mmfu: [31m4.09%[39m[m[32m4.11%[39m[m
[rank0]:[titan] 2026-03-17 [31m10:59:38,751[m[32m11:00:12,955[m - root - INFO - [31mstep: 422  [32mloss:  [31m2.7657[m[32m2.7596[m  [38;2;180;60;0mgrad_norm:  [31m2.5453[m[32m1.6737[m  [38;2;54;234;195mmemory: [31m53.87GiB(67.81%)[m[32m72.92GiB(91.79%)[m  [34mtps: [31m839[m[32m846[m  [36mtflops: [31m40.46[m[32m40.75[m  [35mmfu: [31m4.09%[39m[m[32m4.12%[39m[m
[rank0]:[titan] 2026-03-17 [31m10:59:38,752[m[32m11:00:12,956[m - root - WARNING - Dataset c4_test is being re-looped
[rank0]:[titan] 2026-03-17 [31m10:59:41,196[m[32m11:00:15,381[m - root - INFO - [31mstep: 423  [32mloss:  [31m2.7399[m[32m2.7501[m  [38;2;180;60;0mgrad_norm:  [31m2.3322[m[32m3.3433[m  [38;2;54;234;195mmemory: [31m53.87GiB(67.81%)[m[32m72.92GiB(91.79%)[m  [34mtps: [31m838[m[32m845[m  [36mtflops: [31m40.43[m[32m40.71[m  [35mmfu: [31m4.09%[39m[m[32m4.12%[39m[m
[rank0]:[titan] 2026-03-17 [31m10:59:43,642[m[32m11:00:17,804[m - root - INFO - [31mstep: 424  [32mloss:  [31m2.7693[m[32m2.7744[m  [38;2;180;60;0mgrad_norm:  [31m2.2281[m[32m3.0792[m  [38;2;54;234;195mmemory: [31m53.87GiB(67.81%)[m[32m72.92GiB(91.79%)[m  [34mtps: [31m837[m[32m845[m  [36mtflops: [31m40.40[m[32m40.72[m  [35mmfu: [31m4.09%[39m[m[32m4.12%[39m[m
[rank0]:[titan] 2026-03-17 [31m10:59:46,092[m[32m11:00:20,235[m - root - INFO - [31mstep: 425  [32mloss:  [31m2.8387[m[32m2.8207[m  [38;2;180;60;0mgrad_norm:  [31m3.6530[m[32m2.4826[m  [38;2;54;234;195mmemory: [31m53.87GiB(67.81%)[m[32m72.92GiB(91.79%)[m  [34mtps: [31m836[m[32m843[m  [36mtflops: [31m40.34[m[32m40.61[m  [35mmfu: [31m4.08%[39m[m[32m4.11%[39m[m
[rank0]:[titan] 2026-03-17 [31m10:59:48,537[m[32m11:00:22,658[m - root - INFO - [31mstep: 426  [32mloss:  [31m2.8484[m[32m2.8387[m  [38;2;180;60;0mgrad_norm:  [31m3.2267[m[32m2.8340[m  [38;2;54;234;195mmemory: [31m53.87GiB(67.81%)[m[32m72.92GiB(91.79%)[m  [34mtps: [31m838[m[32m845[m  [36mtflops: [31m40.43[m[32m40.72[m  [35mmfu: [31m4.09%[39m[m[32m4.12%[39m[m
[rank0]:[titan] 2026-03-17 [31m10:59:50,984[m[32m11:00:25,084[m - root - INFO - [31mstep: 427  [32mloss:  [31m2.8474[m[32m2.8425[m  [38;2;180;60;0mgrad_norm:  [31m2.3147[m[32m2.4889[m  [38;2;54;234;195mmemory: [31m53.87GiB(67.81%)[m[32m72.92GiB(91.79%)[m  [34mtps: [31m837[m[32m844[m  [36mtflops: [31m40.39[m[32m40.68[m  [35mmfu: [31m4.08%[39m[m[32m4.11%[39m[m
[rank0]:[titan] 2026-03-17 [31m10:59:53,425[m[32m11:00:27,511[m - root - INFO - [31mstep: 428  [32mloss:  [31m2.8436[m[32m2.8347[m  [38;2;180;60;0mgrad_norm:  [31m2.6432[m[32m2.5253[m  [38;2;54;234;195mmemory: [31m53.87GiB(67.81%)[m[32m72.92GiB(91.79%)[m  [34mtps: [31m839[m[32m844[m  [36mtflops: [31m40.48[m[32m40.68[m  [35mmfu: [31m4.09%[39m[m[32m4.11%[39m[m
[rank0]:[titan] 2026-03-17 [31m10:59:55,868[m[32m11:00:29,939[m - root - INFO - [31mstep: 429  [32mloss:  [31m2.7837[m[32m2.7762[m  [38;2;180;60;0mgrad_norm:  [31m2.1630[m[32m2.3463[m  [38;2;54;234;195mmemory: [31m53.87GiB(67.81%)[m[32m72.92GiB(91.79%)[m  [34mtps: [31m839[m[32m843[m  [36mtflops: [31m40.46[m[32m40.64[m  [35mmfu: [31m4.09%[39m[m[32m4.11%[39m[m
[rank0]:[titan] 2026-03-17 [31m10:59:58,314[m[32m11:00:32,368[m - root - INFO - [31mstep: 430  [32mloss:  [31m2.7812[m[32m2.7778[m  [38;2;180;60;0mgrad_norm:  [31m2.9505[m[32m2.6983[m  [38;2;54;234;195mmemory: [31m53.87GiB(67.81%)[m[32m72.92GiB(91.79%)[m  [34mtps: [31m837[m[32m843[m  [36mtflops: [31m40.41[m[32m40.64[m  [35mmfu: [31m4.09%[39m[m[32m4.11%[39m[m
[rank0]:[titan] 2026-03-17 [31m11:00:00,753[m[32m11:00:34,791[m - root - INFO - [31mstep: 431  [32mloss:  [31m2.7855[m[32m2.7797[m  [38;2;180;60;0mgrad_norm:  [31m2.1570[m[32m1.9551[m  [38;2;54;234;195mmemory: [31m53.87GiB(67.81%)[m[32m72.92GiB(91.79%)[m  [34mtps: [31m840[m[32m845[m  [36mtflops: [31m40.52[m[32m40.73[m  [35mmfu: [31m4.10%[39m[m[32m4.12%[39m[m
[rank0]:[titan] 2026-03-17 [31m11:00:03,191[m[32m11:00:37,215[m - root - INFO - [31mstep: 432  [32mloss:  [31m2.7504[m[32m2.7434[m  [38;2;180;60;0mgrad_norm:  [31m2.2060[m[32m2.3714[m  [38;2;54;234;195mmemory: [31m53.87GiB(67.81%)[m[32m72.92GiB(91.79%)[m  [34mtps: [31m840[m[32m845[m  [36mtflops: [31m40.53[m[32m40.72[m  [35mmfu: [31m4.10%[39m[m[32m4.12%[39m[m
[rank0]:[titan] 2026-03-17 [31m11:00:05,631[m[32m11:00:39,642[m - root - INFO - [31mstep: 433  [32mloss:  [31m2.7309[m[32m2.7257[m  [38;2;180;60;0mgrad_norm:  [31m2.2712[m[32m2.2780[m  [38;2;54;234;195mmemory: [31m53.87GiB(67.81%)[m[32m72.92GiB(91.79%)[m  [34mtps: [31m840[m[32m844[m  [36mtflops: [31m40.51[m[32m40.67[m  [35mmfu: [31m4.10%[39m[m[32m4.11%[39m[m
[rank0]:[titan] 2026-03-17 [31m11:00:08,070[m[32m11:00:42,068[m - root - INFO - [31mstep: 434  [32mloss:  [31m2.7292[m[32m2.7276[m  [38;2;180;60;0mgrad_norm:  [31m2.9085[m[32m2.7317[m  [38;2;54;234;195mmemory: [31m53.87GiB(67.81%)[m[32m72.92GiB(91.79%)[m  [34mtps: [31m840[m[32m845[m  [36mtflops: [31m40.53[m[32m40.69[m  [35mmfu: [31m4.10%[39m[m[32m4.11%[39m[m
[rank0]:[titan] 2026-03-17 [31m11:00:10,507[m[32m11:00:44,491[m - root - INFO - [31mstep: 435  [32mloss:  [31m2.7975[m[32m2.7896[m  [38;2;180;60;0mgrad_norm:  [31m2.4520[m[32m2.3128[m  [38;2;54;234;195mmemory: [31m53.87GiB(67.81%)[m[32m72.92GiB(91.79%)[m  [34mtps: [31m840[m[32m845[m  [36mtflops: [31m40.55[m[32m40.72[m  [35mmfu: [31m4.10%[39m[m[32m4.12%[39m[m
[rank0]:[titan] 2026-03-17 [31m11:00:12,950[m[32m11:00:46,920[m - root - INFO - [31mstep: 436  [32mloss:  [31m2.8547[m[32m2.8527[m  [38;2;180;60;0mgrad_norm:  [31m2.0038[m[32m2.2771[m  [38;2;54;234;195mmemory: [31m53.87GiB(67.81%)[m[32m72.92GiB(91.79%)[m  [34mtps: [31m839[m[32m843[m  [36mtflops: [31m40.46[m[32m40.63[m  [35mmfu: [31m4.09%[39m[m[32m4.11%[39m[m
[rank0]:[titan] 2026-03-17 [31m11:00:15,392[m[32m11:00:49,343[m - root - INFO - [31mstep: 437  [32mloss:  [31m2.8083[m[32m2.7927[m  [38;2;180;60;0mgrad_norm:  [31m3.3581[m[32m2.6693[m  [38;2;54;234;195mmemory: [31m53.87GiB(67.81%)[m[32m72.92GiB(91.79%)[m  [34mtps: [31m839[m[32m846[m  [36mtflops: [31m40.47[m[32m40.74[m  [35mmfu: [31m4.09%[39m[m[32m4.12%[39m[m
[rank0]:[titan] 2026-03-17 [31m11:00:17,838[m[32m11:00:51,766[m - root - INFO - [31mstep: 438  [32mloss:  [31m2.8073[m[32m2.8001[m  [38;2;180;60;0mgrad_norm:  [31m2.4621[m[32m2.3887[m  [38;2;54;234;195mmemory: [31m53.87GiB(67.81%)[m[32m72.92GiB(91.79%)[m  [34mtps: [31m837[m[32m845[m  [36mtflops: [31m40.41[m[32m40.73[m  [35mmfu: [31m4.09%[39m[m[32m4.12%[39m[m
[rank0]:[titan] 2026-03-17 [31m11:00:20,274[m[32m11:00:54,189[m - root - INFO - [31mstep: 439  [32mloss:  [31m2.7583[m[32m2.7547[m  [38;2;180;60;0mgrad_norm:  [31m2.6170[m[32m2.5703[m  [38;2;54;234;195mmemory: [31m53.87GiB(67.81%)[m[32m72.92GiB(91.79%)[m  [34mtps: [31m841[m[32m846[m  [36mtflops: [31m40.56[m[32m40.75[m  [35mmfu: [31m4.10%[39m[m[32m4.12%[39m[m
[rank0]:[titan] 2026-03-17 [31m11:00:22,723[m[32m11:00:56,622[m - root - INFO - [31mstep: 440  [32mloss:  [31m2.7473[m[32m2.7523[m  [38;2;180;60;0mgrad_norm:  [31m2.2728[m[32m2.4818[m  [38;2;54;234;195mmemory: [31m53.87GiB(67.81%)[m[32m72.92GiB(91.79%)[m  [34mtps: [31m836[m[32m842[m  [36mtflops: [31m40.36[m[32m40.55[m  [35mmfu: [31m4.08%[39m[m[32m4.10%[39m[m
[rank0]:[titan] 2026-03-17 [31m11:00:25,167[m[32m11:00:59,046[m - root - INFO - [31mstep: 441  [32mloss:  [31m2.7616[m[32m2.7649[m  [38;2;180;60;0mgrad_norm:  [31m1.9638[m[32m2.3690[m  [38;2;54;234;195mmemory: [31m53.87GiB(67.81%)[m[32m72.92GiB(91.79%)[m  [34mtps: [31m838[m[32m845[m  [36mtflops: [31m40.44[m[32m40.72[m  [35mmfu: [31m4.09%[39m[m[32m4.12%[39m[m
[rank0]:[titan] 2026-03-17 [31m11:00:27,608[m[32m11:01:01,475[m - root - INFO - [31mstep: 442  [32mloss:  [31m2.7737[m[32m2.7683[m  [38;2;180;60;0mgrad_norm:  [31m2.9784[m[32m2.5039[m  [38;2;54;234;195mmemory: [31m53.87GiB(67.81%)[m[32m72.92GiB(91.79%)[m  [34mtps: [31m839[m[32m843[m  [36mtflops: [31m40.49[m[32m40.63[m  [35mmfu: [31m4.09%[39m[m[32m4.11%[39m[m
[rank0]:[titan] 2026-03-17 [31m11:00:30,049[m[32m11:01:03,899[m - root - INFO - [31mstep: 443  [32mloss:  [31m2.7433[m[32m2.7452[m  [38;2;180;60;0mgrad_norm:  [31m2.5147[m[32m3.1090[m  [38;2;54;234;195mmemory: [31m53.87GiB(67.81%)[m[32m72.92GiB(91.79%)[m  [34mtps: [31m839[m[32m845[m  [36mtflops: [31m40.48[m[32m40.72[m  [35mmfu: [31m4.09%[39m[m[32m4.12%[39m[m
[rank0]:[titan] 2026-03-17 [31m11:00:32,501[m[32m11:01:06,332[m - root - INFO - [31mstep: 444  [32mloss:  [31m2.7120[m[32m2.7119[m  [38;2;180;60;0mgrad_norm:  [31m2.5341[m[32m2.7119[m  [38;2;54;234;195mmemory: [31m53.87GiB(67.81%)[m[32m72.92GiB(91.79%)[m  [34mtps: [31m835[m[32m842[m  [36mtflops: [31m40.31[m[32m40.57[m  [35mmfu: [31m4.08%[39m[m[32m4.10%[39m[m
[rank0]:[titan] 2026-03-17 [31m11:00:34,939[m[32m11:01:08,756[m - root - INFO - [31mstep: 445  [32mloss:  [31m2.7597[m[32m2.7555[m  [38;2;180;60;0mgrad_norm:  [31m3.2461[m[32m2.8357[m  [38;2;54;234;195mmemory: [31m53.87GiB(67.81%)[m[32m72.92GiB(91.79%)[m  [34mtps: [31m840[m[32m845[m  [36mtflops: [31m40.55[m[32m40.71[m  [35mmfu: [31m4.10%[39m[m[32m4.12%[39m[m
[rank0]:[titan] 2026-03-17 [31m11:00:37,390[m[32m11:01:11,188[m - root - INFO - [31mstep: 446  [32mloss:  [31m2.7065[m[32m2.7125[m  [38;2;180;60;0mgrad_norm:  [31m1.8495[m[32m2.7116[m  [38;2;54;234;195mmemory: [31m53.87GiB(67.81%)[m[32m72.92GiB(91.79%)[m  [34mtps: [31m836[m[32m842[m  [36mtflops: [31m40.33[m[32m40.59[m  [35mmfu: [31m4.08%[39m[m[32m4.10%[39m[m
[rank0]:[titan] 2026-03-17 [31m11:00:39,832[m[32m11:01:13,611[m - root - INFO - [31mstep: 447  [32mloss:  [31m2.8002[m[32m2.7990[m  [38;2;180;60;0mgrad_norm:  [31m2.8245[m[32m3.1728[m  [38;2;54;234;195mmemory: [31m53.87GiB(67.81%)[m[32m72.92GiB(91.79%)[m  [34mtps: [31m839[m[32m845[m  [36mtflops: [31m40.46[m[32m40.73[m  [35mmfu: [31m4.09%[39m[m[32m4.12%[39m[m
[rank0]:[titan] 2026-03-17 [31m11:00:42,271[m[32m11:01:16,036[m - root - INFO - [31mstep: 448  [32mloss:  [31m2.7602[m[32m2.7619[m  [38;2;180;60;0mgrad_norm:  [31m2.0249[m[32m2.7104[m  [38;2;54;234;195mmemory: [31m53.87GiB(67.81%)[m[32m72.92GiB(91.79%)[m  [34mtps: [31m840[m[32m845[m  [36mtflops: [31m40.53[m[32m40.70[m  [35mmfu: [31m4.10%[39m[m[32m4.12%[39m[m
[rank0]:[titan] 2026-03-17 [31m11:00:44,747[m[32m11:01:18,489[m - root - INFO - [31mstep: 449  [32mloss:  [31m2.7879[m[32m2.7880[m  [38;2;180;60;0mgrad_norm:  [31m2.4132[m[32m2.3153[m  [38;2;54;234;195mmemory: [31m53.87GiB(67.81%)[m[32m72.92GiB(91.79%)[m  [34mtps: [31m827[m[32m835[m  [36mtflops: [31m39.92[m[32m40.24[m  [35mmfu: [31m4.04%[39m[m[32m4.07%[39m[m
[rank0]:[titan] 2026-03-17 [31m11:00:47,190[m[32m11:01:20,913[m - root - INFO - [31mstep: 450  [32mloss:  [31m2.7298[m[32m2.7177[m  [38;2;180;60;0mgrad_norm:  [31m2.9621[m[32m2.7043[m  [38;2;54;234;195mmemory: [31m53.87GiB(67.81%)[m[32m72.92GiB(91.79%)[m  [34mtps: [31m838[m[32m845[m  [36mtflops: [31m40.45[m[32m40.71[m  [35mmfu: [31m4.09%[39m[m[32m4.12%[39m[m
[rank0]:[titan] 2026-03-17 [31m11:00:49,632[m[32m11:01:23,335[m - root - INFO - [31mstep: 451  [32mloss:  [31m2.6895[m[32m2.6858[m  [38;2;180;60;0mgrad_norm:  [31m2.2548[m[32m2.1751[m  [38;2;54;234;195mmemory: [31m53.87GiB(67.81%)[m[32m72.92GiB(91.79%)[m  [34mtps: [31m839[m[32m846[m  [36mtflops: [31m40.47[m[32m40.77[m  [35mmfu: [31m4.09%[39m[m[32m4.12%[39m[m
[rank0]:[titan] 2026-03-17 [31m11:00:52,080[m[32m11:01:25,761[m - root - INFO - [31mstep: 452  [32mloss:  [31m2.7145[m[32m2.7167[m  [38;2;180;60;0mgrad_norm:  [31m2.8515[m[32m2.7132[m  [38;2;54;234;195mmemory: [31m53.87GiB(67.81%)[m[32m72.92GiB(91.79%)[m  [34mtps: [31m837[m[32m844[m  [36mtflops: [31m40.37[m[32m40.67[m  [35mmfu: [31m4.08%[39m[m[32m4.11%[39m[m
[rank0]:[titan] 2026-03-17 [31m11:00:54,527[m[32m11:01:28,184[m - root - INFO - [31mstep: 453  [32mloss:  [31m2.7615[m[32m2.7508[m  [38;2;180;60;0mgrad_norm:  [31m2.5223[m[32m2.1741[m  [38;2;54;234;195mmemory: [31m53.87GiB(67.81%)[m[32m72.92GiB(91.79%)[m  [34mtps: [31m837[m[32m846[m  [36mtflops: [31m40.38[m[32m40.74[m  [35mmfu: [31m4.08%[39m[m[32m4.12%[39m[m
[rank0]:[titan] 2026-03-17 [31m11:00:56,972[m[32m11:01:30,606[m - root - INFO - [31mstep: 454  [32mloss:  [31m2.8140[m[32m2.8150[m  [38;2;180;60;0mgrad_norm:  [31m2.4261[m[32m2.7967[m  [38;2;54;234;195mmemory: [31m53.87GiB(67.81%)[m[32m72.92GiB(91.79%)[m  [34mtps: [31m838[m[32m846[m  [36mtflops: [31m40.43[m[32m40.75[m  [35mmfu: [31m4.09%[39m[m[32m4.12%[39m[m
[rank0]:[titan] 2026-03-17 [31m11:00:59,414[m[32m11:01:33,030[m - root - INFO - [31mstep: 455  [32mloss:  [31m2.7801[m[32m2.7809[m  [38;2;180;60;0mgrad_norm:  [31m3.0780[m[32m2.7411[m  [38;2;54;234;195mmemory: [31m53.87GiB(67.81%)[m[32m72.92GiB(91.79%)[m  [34mtps: [31m839[m[32m845[m  [36mtflops: [31m40.47[m[32m40.72[m  [35mmfu: [31m4.09%[39m[m[32m4.12%[39m[m
[rank0]:[titan] 2026-03-17 [31m11:01:01,853[m[32m11:01:35,455[m - root - INFO - [31mstep: 456  [32mloss:  [31m2.7331[m[32m2.7227[m  [38;2;180;60;0mgrad_norm:  [31m2.5343[m[32m2.4099[m  [38;2;54;234;195mmemory: [31m53.87GiB(67.81%)[m[32m72.92GiB(91.79%)[m  [34mtps: [31m840[m[32m845[m  [36mtflops: [31m40.53[m[32m40.70[m  [35mmfu: [31m4.10%[39m[m[32m4.11%[39m[m
[rank0]:[titan] 2026-03-17 [31m11:01:04,293[m[32m11:01:37,879[m - root - INFO - [31mstep: 457  [32mloss:  [31m2.7992[m[32m2.7901[m  [38;2;180;60;0mgrad_norm:  [31m3.3503[m[32m2.9352[m  [38;2;54;234;195mmemory: [31m53.87GiB(67.81%)[m[32m72.92GiB(91.79%)[m  [34mtps: [31m839[m[32m845[m  [36mtflops: [31m40.50[m[32m40.72[m  [35mmfu: [31m4.10%[39m[m[32m4.12%[39m[m
[rank0]:[titan] 2026-03-17 [31m11:01:06,735[m[32m11:01:40,302[m - root - INFO - [31mstep: 458  [32mloss:  [31m2.7581[m[32m2.7432[m  [38;2;180;60;0mgrad_norm:  [31m2.2683[m[32m1.5864[m  [38;2;54;234;195mmemory: [31m53.87GiB(67.81%)[m[32m72.92GiB(91.79%)[m  [34mtps: [31m839[m[32m845[m  [36mtflops: [31m40.47[m[32m40.73[m  [35mmfu: [31m4.09%[39m[m[32m4.12%[39m[m
[rank0]:[titan] 2026-03-17 [31m11:01:09,174[m[32m11:01:42,723[m - root - INFO - [31mstep: 459  [32mloss:  [31m2.8269[m[32m2.8221[m  [38;2;180;60;0mgrad_norm:  [31m2.9063[m[32m2.8534[m  [38;2;54;234;195mmemory: [31m53.87GiB(67.81%)[m[32m72.92GiB(91.79%)[m  [34mtps: [31m840[m[32m846[m  [36mtflops: [31m40.52[m[32m40.76[m  [35mmfu: [31m4.10%[39m[m[32m4.12%[39m[m
[rank0]:[titan] 2026-03-17 [31m11:01:11,617[m[32m11:01:45,153[m - root - INFO - [31mstep: 460  [32mloss:  2.7898  [38;2;180;60;0mgrad_norm:  [31m3.2107[m[32m2.8428[m  [38;2;54;234;195mmemory: [31m53.87GiB(67.81%)[m[32m72.92GiB(91.79%)[m  [34mtps: [31m838[m[32m843[m  [36mtflops: [31m40.45[m[32m40.62[m  [35mmfu: [31m4.09%[39m[m[32m4.11%[39m[m
[rank0]:[titan] 2026-03-17 [31m11:01:14,055[m[32m11:01:47,575[m - root - INFO - [31mstep: 461  [32mloss:  2.8349  [38;2;180;60;0mgrad_norm:  [31m2.1974[m[32m2.4230[m  [38;2;54;234;195mmemory: [31m53.87GiB(67.81%)[m[32m72.92GiB(91.79%)[m  [34mtps: [31m840[m[32m846[m  [36mtflops: [31m40.54[m[32m40.75[m  [35mmfu: [31m4.10%[39m[m[32m4.12%[39m[m
[rank0]:[titan] 2026-03-17 [31m11:01:16,494[m[32m11:01:49,998[m - root - INFO - [31mstep: 462  [32mloss:  [31m2.8007[m[32m2.8044[m  [38;2;180;60;0mgrad_norm:  [31m2.7756[m[32m2.6617[m  [38;2;54;234;195mmemory: [31m53.87GiB(67.81%)[m[32m72.92GiB(91.79%)[m  [34mtps: [31m840[m[32m845[m  [36mtflops: [31m40.53[m[32m40.73[m  [35mmfu: [31m4.10%[39m[m[32m4.12%[39m[m
[rank0]:[titan] 2026-03-17 [31m11:01:18,944[m[32m11:01:52,426[m - root - INFO - [31mstep: 463  [32mloss:  [31m2.8467[m[32m2.8487[m  [38;2;180;60;0mgrad_norm:  [31m2.5471[m[32m2.8052[m  [38;2;54;234;195mmemory: [31m53.87GiB(67.81%)[m[32m72.92GiB(91.79%)[m  [34mtps: [31m836[m[32m844[m  [36mtflops: [31m40.34[m[32m40.66[m  [35mmfu: [31m4.08%[39m[m[32m4.11%[39m[m
[rank0]:[titan] 2026-03-17 [31m11:01:21,388[m[32m11:01:54,849[m - root - INFO - [31mstep: 464  [32mloss:  [31m2.7854[m[32m2.7851[m  [38;2;180;60;0mgrad_norm:  [31m2.7290[m[32m2.9329[m  [38;2;54;234;195mmemory: [31m53.87GiB(67.81%)[m[32m72.92GiB(91.79%)[m  [34mtps: [31m838[m[32m845[m  [36mtflops: [31m40.43[m[32m40.73[m  [35mmfu: [31m4.09%[39m[m[32m4.12%[39m[m
[rank0]:[titan] 2026-03-17 [31m11:01:23,831[m[32m11:01:57,277[m - root - INFO - [31mstep: 465  [32mloss:  [31m2.7747[m[32m2.7746[m  [38;2;180;60;0mgrad_norm:  [31m2.1803[m[32m1.9943[m  [38;2;54;234;195mmemory: [31m53.87GiB(67.81%)[m[32m72.92GiB(91.79%)[m  [34mtps: [31m838[m[32m844[m  [36mtflops: [31m40.45[m[32m40.65[m  [35mmfu: [31m4.09%[39m[m[32m4.11%[39m[m
[rank0]:[titan] 2026-03-17 [31m11:01:26,276[m[32m11:01:59,708[m - root - INFO - [31mstep: 466  [32mloss:  [31m2.7560[m[32m2.7595[m  [38;2;180;60;0mgrad_norm:  [31m2.5612[m[32m2.9718[m  [38;2;54;234;195mmemory: [31m53.87GiB(67.81%)[m[32m72.92GiB(91.79%)[m  [34mtps: [31m838[m[32m842[m  [36mtflops: [31m40.42[m[32m40.59[m  [35mmfu: [31m4.09%[39m[m[32m4.10%[39m[m
[rank0]:[titan] 2026-03-17 [31m11:01:28,715[m[32m11:02:02,130[m - root - INFO - [31mstep: 467  [32mloss:  [31m2.7743[m[32m2.7731[m  [38;2;180;60;0mgrad_norm:  [31m2.7456[m[32m2.7788[m  [38;2;54;234;195mmemory: [31m53.87GiB(67.81%)[m[32m72.92GiB(91.79%)[m  [34mtps: [31m840[m[32m846[m  [36mtflops: [31m40.53[m[32m40.75[m  [35mmfu: [31m4.10%[39m[m[32m4.12%[39m[m
[rank0]:[titan] 2026-03-17 [31m11:01:31,156[m[32m11:02:04,556[m - root - INFO - [31mstep: 468  [32mloss:  [31m2.7956[m[32m2.7954[m  [38;2;180;60;0mgrad_norm:  [31m2.4689[m[32m2.6390[m  [38;2;54;234;195mmemory: [31m53.87GiB(67.81%)[m[32m72.92GiB(91.79%)[m  [34mtps: [31m839[m[32m845[m  [36mtflops: [31m40.49[m[32m40.69[m  [35mmfu: [31m4.09%[39m[m[32m4.11%[39m[m
[rank0]:[titan] 2026-03-17 [31m11:01:33,593[m[32m11:02:06,978[m - root - INFO - [31mstep: 469  [32mloss:  [31m2.7751[m[32m2.7866[m  [38;2;180;60;0mgrad_norm:  [31m2.4542[m[32m2.8782[m  [38;2;54;234;195mmemory: [31m53.87GiB(67.81%)[m[32m72.92GiB(91.79%)[m  [34mtps: [31m840[m[32m846[m  [36mtflops: [31m40.55[m[32m40.75[m  [35mmfu: [31m4.10%[39m[m[32m4.12%[39m[m
[rank0]:[titan] 2026-03-17 [31m11:01:36,033[m[32m11:02:09,403[m - root - INFO - [31mstep: 470  [32mloss:  [31m2.8346[m[32m2.8277[m  [38;2;180;60;0mgrad_norm:  [31m3.6963[m[32m3.3031[m  [38;2;54;234;195mmemory: [31m53.87GiB(67.81%)[m[32m72.92GiB(91.79%)[m  [34mtps: [31m839[m[32m845[m  [36mtflops: [31m40.51[m[32m40.69[m  [35mmfu: [31m4.10%[39m[m[32m4.11%[39m[m
[rank0]:[titan] 2026-03-17 [31m11:01:38,470[m[32m11:02:11,825[m - root - INFO - [31mstep: 471  [32mloss:  [31m2.7943[m[32m2.7869[m  [38;2;180;60;0mgrad_norm:  [31m3.1286[m[32m3.0081[m  [38;2;54;234;195mmemory: [31m53.87GiB(67.81%)[m[32m72.92GiB(91.79%)[m  [34mtps: [31m841[m[32m846[m  [36mtflops: [31m40.56[m[32m40.76[m  [35mmfu: [31m4.10%[39m[m[32m4.12%[39m[m
[rank0]:[titan] 2026-03-17 [31m11:01:40,910[m[32m11:02:14,250[m - root - INFO - [31mstep: 472  [32mloss:  [31m2.7720[m[32m2.7687[m  [38;2;180;60;0mgrad_norm:  [31m3.0502[m[32m2.6871[m  [38;2;54;234;195mmemory: [31m53.87GiB(67.81%)[m[32m72.92GiB(91.79%)[m  [34mtps: [31m840[m[32m845[m  [36mtflops: [31m40.51[m[32m40.71[m  [35mmfu: [31m4.10%[39m[m[32m4.12%[39m[m
[rank0]:[titan] 2026-03-17 [31m11:01:43,347[m[32m11:02:16,674[m - root - INFO - [31mstep: 473  [32mloss:  [31m2.7613[m[32m2.7622[m  [38;2;180;60;0mgrad_norm:  [31m2.6664[m[32m2.5521[m  [38;2;54;234;195mmemory: [31m53.87GiB(67.81%)[m[32m72.92GiB(91.79%)[m  [34mtps: [31m840[m[32m845[m  [36mtflops: [31m40.55[m[32m40.71[m  [35mmfu: [31m4.10%[39m[m[32m4.12%[39m[m
[rank0]:[titan] 2026-03-17 [31m11:01:45,785[m[32m11:02:19,099[m - root - INFO - [31mstep: 474  [32mloss:  [31m2.7091[m[32m2.7008[m  [38;2;180;60;0mgrad_norm:  [31m2.3774[m[32m2.1992[m  [38;2;54;234;195mmemory: [31m53.87GiB(67.81%)[m[32m72.92GiB(91.79%)[m  [34mtps: [31m840[m[32m845[m  [36mtflops: [31m40.55[m[32m40.71[m  [35mmfu: [31m4.10%[39m[m[32m4.12%[39m[m
[rank0]:[titan] 2026-03-17 [31m11:01:48,225[m[32m11:02:21,523[m - root - INFO - [31mstep: 475  [32mloss:  [31m2.7205[m[32m2.7203[m  [38;2;180;60;0mgrad_norm:  [31m2.6205[m[32m2.3386[m  [38;2;54;234;195mmemory: [31m53.87GiB(67.81%)[m[32m72.92GiB(91.79%)[m  [34mtps: [31m839[m[32m845[m  [36mtflops: [31m40.50[m[32m40.73[m  [35mmfu: [31m4.10%[39m[m[32m4.12%[39m[m
[rank0]:[titan] 2026-03-17 [31m11:01:50,665[m[32m11:02:23,944[m - root - INFO - [31mstep: 476  [32mloss:  [31m2.7430[m[32m2.7394[m  [38;2;180;60;0mgrad_norm:  [31m2.7799[m[32m2.5277[m  [38;2;54;234;195mmemory: [31m53.87GiB(67.81%)[m[32m72.92GiB(91.79%)[m  [34mtps: [31m840[m[32m846[m  [36mtflops: [31m40.51[m[32m40.76[m  [35mmfu: [31m4.10%[39m[m[32m4.12%[39m[m
[rank0]:[titan] 2026-03-17 [31m11:01:53,112[m[32m11:02:26,369[m - root - INFO - [31mstep: 477  [32mloss:  [31m2.7757[m[32m2.7754[m  [38;2;180;60;0mgrad_norm:  [31m2.6566[m[32m2.3548[m  [38;2;54;234;195mmemory: [31m53.87GiB(67.81%)[m[32m72.92GiB(91.79%)[m  [34mtps: [31m837[m[32m845[m  [36mtflops: [31m40.38[m[32m40.71[m  [35mmfu: [31m4.08%[39m[m[32m4.12%[39m[m
[rank0]:[titan] 2026-03-17 [31m11:01:55,555[m[32m11:02:28,791[m - root - INFO - [31mstep: 478  [32mloss:  [31m2.8490[m[32m2.8432[m  [38;2;180;60;0mgrad_norm:  [31m2.4147[m[32m2.4231[m  [38;2;54;234;195mmemory: [31m53.87GiB(67.81%)[m[32m72.92GiB(91.79%)[m  [34mtps: [31m838[m[32m846[m  [36mtflops: [31m40.46[m[32m40.74[m  [35mmfu: [31m4.09%[39m[m[32m4.12%[39m[m
[rank0]:[titan] 2026-03-17 [31m11:01:58,000[m[32m11:02:31,216[m - root - INFO - [31mstep: 479  [32mloss:  [31m2.7793[m[32m2.7868[m  [38;2;180;60;0mgrad_norm:  [31m2.4496[m[32m2.7748[m  [38;2;54;234;195mmemory: [31m53.87GiB(67.81%)[m[32m72.92GiB(91.79%)[m  [34mtps: [31m838[m[32m845[m  [36mtflops: [31m40.43[m[32m40.71[m  [35mmfu: [31m4.09%[39m[m[32m4.12%[39m[m
[rank0]:[titan] 2026-03-17 [31m11:02:00,446[m[32m11:02:33,640[m - root - INFO - [31mstep: 480  [32mloss:  [31m2.7201[m[32m2.7260[m  [38;2;180;60;0mgrad_norm:  [31m2.1069[m[32m2.1384[m  [38;2;54;234;195mmemory: [31m53.87GiB(67.81%)[m[32m72.92GiB(91.79%)[m  [34mtps: [31m837[m[32m845[m  [36mtflops: [31m40.40[m[32m40.72[m  [35mmfu: [31m4.09%[39m[m[32m4.12%[39m[m
[rank0]:[titan] 2026-03-17 [31m11:02:02,897[m[32m11:02:36,065[m - root - INFO - [31mstep: 481  [32mloss:  [31m2.8052[m[32m2.8087[m  [38;2;180;60;0mgrad_norm:  [31m2.8366[m[32m3.2468[m  [38;2;54;234;195mmemory: [31m53.87GiB(67.81%)[m[32m72.92GiB(91.79%)[m  [34mtps: [31m836[m[32m845[m  [36mtflops: [31m40.33[m[32m40.70[m  [35mmfu: [31m4.08%[39m[m[32m4.12%[39m[m
[rank0]:[titan] 2026-03-17 [31m11:02:05,362[m[32m11:02:38,488[m - root - INFO - [31mstep: 482  [32mloss:  [31m2.7890[m[32m2.7865[m  [38;2;180;60;0mgrad_norm:  [31m2.4677[m[32m2.6267[m  [38;2;54;234;195mmemory: [31m53.87GiB(67.81%)[m[32m72.92GiB(91.79%)[m  [34mtps: [31m833[m[32m846[m  [36mtflops: [31m40.19[m[32m40.74[m  [35mmfu: [31m4.06%[39m[m[32m4.12%[39m[m
[rank0]:[titan] 2026-03-17 [31m11:02:07,811[m[32m11:02:40,913[m - root - INFO - [31mstep: 483  [32mloss:  [31m2.7446[m[32m2.7529[m  [38;2;180;60;0mgrad_norm:  [31m3.0787[m[32m3.4653[m  [38;2;54;234;195mmemory: [31m53.87GiB(67.81%)[m[32m72.92GiB(91.79%)[m  [34mtps: [31m838[m[32m845[m  [36mtflops: [31m40.41[m[32m40.70[m  [35mmfu: [31m4.09%[39m[m[32m4.12%[39m[m
[rank0]:[titan] 2026-03-17 [31m11:02:10,259[m[32m11:02:43,339[m - root - INFO - [31mstep: 484  [32mloss:  [31m2.7468[m[32m2.7552[m  [38;2;180;60;0mgrad_norm:  [31m2.2582[m[32m2.8133[m  [38;2;54;234;195mmemory: [31m53.87GiB(67.81%)[m[32m72.92GiB(91.79%)[m  [34mtps: [31m837[m[32m845[m  [36mtflops: [31m40.38[m[32m40.69[m  [35mmfu: [31m4.08%[39m[m[32m4.11%[39m[m
[rank0]:[titan] 2026-03-17 [31m11:02:12,707[m[32m11:02:45,766[m - root - INFO - [31mstep: 485  [32mloss:  [31m2.7909[m[32m2.8023[m  [38;2;180;60;0mgrad_norm:  [31m3.9536[m[32m3.8225[m  [38;2;54;234;195mmemory: [31m53.87GiB(67.81%)[m[32m72.92GiB(91.79%)[m  [34mtps: [31m837[m[32m844[m  [36mtflops: [31m40.37[m[32m40.67[m  [35mmfu: [31m4.08%[39m[m[32m4.11%[39m[m
[rank0]:[titan] 2026-03-17 [31m11:02:15,143[m[32m11:02:48,186[m - root - INFO - [31mstep: 486  [32mloss:  [31m2.9053[m[32m2.8961[m  [38;2;180;60;0mgrad_norm:  [31m3.3604[m[32m3.4304[m  [38;2;54;234;195mmemory: [31m53.87GiB(67.81%)[m[32m72.92GiB(91.79%)[m  [34mtps: [31m841[m[32m846[m  [36mtflops: [31m40.57[m[32m40.78[m  [35mmfu: [31m4.10%[39m[m[32m4.12%[39m[m
[rank0]:[titan] 2026-03-17 [31m11:02:17,586[m[32m11:02:50,614[m - root - INFO - [31mstep: 487  [32mloss:  [31m2.7884[m[32m2.7772[m  [38;2;180;60;0mgrad_norm:  [31m3.1252[m[32m2.2142[m  [38;2;54;234;195mmemory: [31m53.87GiB(67.81%)[m[32m72.92GiB(91.79%)[m  [34mtps: [31m838[m[32m844[m  [36mtflops: [31m40.45[m[32m40.66[m  [35mmfu: [31m4.09%[39m[m[32m4.11%[39m[m
[rank0]:[titan] 2026-03-17 [31m11:02:20,025[m[32m11:02:53,036[m - root - INFO - [31mstep: 488  [32mloss:  [31m2.8764[m[32m2.8681[m  [38;2;180;60;0mgrad_norm:  [31m3.3677[m[32m3.5588[m  [38;2;54;234;195mmemory: [31m53.87GiB(67.81%)[m[32m72.92GiB(91.79%)[m  [34mtps: [31m840[m[32m846[m  [36mtflops: [31m40.54[m[32m40.76[m  [35mmfu: [31m4.10%[39m[m[32m4.12%[39m[m
[rank0]:[titan] 2026-03-17 [31m11:02:22,466[m[32m11:02:55,458[m - root - INFO - [31mstep: 489  [32mloss:  [31m2.8226[m[32m2.8065[m  [38;2;180;60;0mgrad_norm:  [31m3.6370[m[32m2.8813[m  [38;2;54;234;195mmemory: [31m53.87GiB(67.81%)[m[32m72.92GiB(91.79%)[m  [34mtps: [31m839[m[32m846[m  [36mtflops: [31m40.49[m[32m40.75[m  [35mmfu: [31m4.09%[39m[m[32m4.12%[39m[m
[rank0]:[titan] 2026-03-17 [31m11:02:24,908[m[32m11:02:57,881[m - root - INFO - [31mstep: 490  [32mloss:  [31m2.8151[m[32m2.7982[m  [38;2;180;60;0mgrad_norm:  [31m2.8687[m[32m2.4584[m  [38;2;54;234;195mmemory: [31m53.87GiB(67.81%)[m[32m72.92GiB(91.79%)[m  [34mtps: [31m839[m[32m846[m  [36mtflops: [31m40.47[m[32m40.74[m  [35mmfu: [31m4.09%[39m[m[32m4.12%[39m[m
[rank0]:[titan] 2026-03-17 [31m11:02:27,377[m[32m11:03:00,323[m - root - INFO - [31mstep: 491  [32mloss:  [31m2.8363[m[32m2.8285[m  [38;2;180;60;0mgrad_norm:  [31m2.6049[m[32m2.4191[m  [38;2;54;234;195mmemory: [31m53.87GiB(67.81%)[m[32m72.92GiB(91.79%)[m  [34mtps: [31m830[m[32m839[m  [36mtflops: [31m40.03[m[32m40.41[m  [35mmfu: [31m4.05%[39m[m[32m4.09%[39m[m
[rank0]:[titan] 2026-03-17 [31m11:02:29,814[m[32m11:03:02,745[m - root - INFO - [31mstep: 492  [32mloss:  [31m2.7895[m[32m2.7538[m  [38;2;180;60;0mgrad_norm:  [31m2.5898[m[32m2.0325[m  [38;2;54;234;195mmemory: [31m53.87GiB(67.81%)[m[32m72.92GiB(91.79%)[m  [34mtps: [31m841[m[32m846[m  [36mtflops: [31m40.56[m[32m40.76[m  [35mmfu: [31m4.10%[39m[m[32m4.12%[39m[m
[rank0]:[titan] 2026-03-17 [31m11:02:32,257[m[32m11:03:05,170[m - root - INFO - [31mstep: 493  [32mloss:  [31m2.9057[m[32m2.8257[m  [38;2;180;60;0mgrad_norm:  [31m3.2480[m[32m2.6674[m  [38;2;54;234;195mmemory: [31m53.87GiB(67.81%)[m[32m72.92GiB(91.79%)[m  [34mtps: [31m838[m[32m845[m  [36mtflops: [31m40.46[m[32m40.70[m  [35mmfu: [31m4.09%[39m[m[32m4.11%[39m[m
[rank0]:[titan] 2026-03-17 [31m11:02:34,700[m[32m11:03:07,592[m - root - INFO - [31mstep: 494  [32mloss:  [31m2.9599[m[32m2.8482[m  [38;2;180;60;0mgrad_norm:  [31m4.6970[m[32m2.6131[m  [38;2;54;234;195mmemory: [31m53.87GiB(67.81%)[m[32m72.92GiB(91.79%)[m  [34mtps: [31m838[m[32m846[m  [36mtflops: [31m40.45[m[32m40.77[m  [35mmfu: [31m4.09%[39m[m[32m4.12%[39m[m
[rank0]:[titan] 2026-03-17 [31m11:02:37,143[m[32m11:03:10,011[m - root - INFO - [31mstep: 495  [32mloss:  [31m2.9359[m[32m2.8229[m  [38;2;180;60;0mgrad_norm:  [31m3.3917[m[32m1.7716[m  [38;2;54;234;195mmemory: [31m53.87GiB(67.81%)[m[32m72.92GiB(91.79%)[m  [34mtps: [31m839[m[32m847[m  [36mtflops: [31m40.46[m[32m40.79[m  [35mmfu: [31m4.09%[39m[m[32m4.12%[39m[m
[rank0]:[titan] 2026-03-17 [31m11:02:39,592[m[32m11:03:12,435[m - root - INFO - [31mstep: 496  [32mloss:  [31m2.8576[m[32m2.7697[m  [38;2;180;60;0mgrad_norm:  [31m2.7973[m[32m2.1089[m  [38;2;54;234;195mmemory: [31m53.87GiB(67.81%)[m[32m72.92GiB(91.79%)[m  [34mtps: [31m837[m[32m845[m  [36mtflops: [31m40.36[m[32m40.72[m  [35mmfu: [31m4.08%[39m[m[32m4.12%[39m[m
[rank0]:[titan] 2026-03-17 [31m11:02:42,031[m[32m11:03:14,856[m - root - INFO - [31mstep: 497  [32mloss:  [31m2.8561[m[32m2.7652[m  [38;2;180;60;0mgrad_norm:  [31m3.0739[m[32m2.3251[m  [38;2;54;234;195mmemory: [31m53.87GiB(67.81%)[m[32m72.92GiB(91.79%)[m  [34mtps: [31m840[m[32m846[m  [36mtflops: [31m40.51[m[32m40.76[m  [35mmfu: [31m4.10%[39m[m[32m4.12%[39m[m
[rank0]:[titan] 2026-03-17 [31m11:02:44,470[m[32m11:03:17,281[m - root - INFO - [31mstep: 498  [32mloss:  [31m2.8271[m[32m2.7252[m  [38;2;180;60;0mgrad_norm:  [31m3.8423[m[32m2.1433[m  [38;2;54;234;195mmemory: [31m53.87GiB(67.81%)[m[32m72.92GiB(91.79%)[m  [34mtps: [31m840[m[32m845[m  [36mtflops: [31m40.53[m[32m40.71[m  [35mmfu: [31m4.10%[39m[m[32m4.12%[39m[m
[rank0]:[titan] 2026-03-17 [31m11:02:46,910[m[32m11:03:19,702[m - root - INFO - [31mstep: 499  [32mloss:  [31m2.8307[m[32m2.7669[m  [38;2;180;60;0mgrad_norm:  [31m3.3477[m[32m2.8032[m  [38;2;54;234;195mmemory: [31m53.87GiB(67.81%)[m[32m72.92GiB(91.79%)[m  [34mtps: [31m840[m[32m846[m  [36mtflops: [31m40.51[m[32m40.77[m  [35mmfu: [31m4.10%[39m[m[32m4.12%[39m[m
[rank0]:[titan] 2026-03-17 [31m11:02:49,349[m[32m11:03:22,127[m - root - INFO - [31mstep: 500  [32mloss:  [31m2.8389[m[32m2.7852[m  [38;2;180;60;0mgrad_norm:  [31m3.4088[m[32m2.7709[m  [38;2;54;234;195mmemory: [31m53.87GiB(67.81%)[m[32m72.92GiB(91.79%)[m  [34mtps: [31m840[m[32m845[m  [36mtflops: [31m40.51[m[32m40.71[m  [35mmfu: [31m4.10%[39m[m[32m4.12%[39m[m
[rank0]:[titan] 2026-03-17 [31m11:02:51,788[m[32m11:03:24,550[m - root - INFO - [31mstep: 501  [32mloss:  [31m2.7738[m[32m2.7126[m  [38;2;180;60;0mgrad_norm:  [31m3.3205[m[32m1.8506[m  [38;2;54;234;195mmemory: [31m53.87GiB(67.81%)[m[32m72.92GiB(91.79%)[m  [34mtps: [31m840[m[32m845[m  [36mtflops: [31m40.53[m[32m40.73[m  [35mmfu: [31m4.10%[39m[m[32m4.12%[39m[m
[rank0]:[titan] 2026-03-17 [31m11:02:54,231[m[32m11:03:26,973[m - root - INFO - [31mstep: 502  [32mloss:  [31m2.7479[m[32m2.6972[m  [38;2;180;60;0mgrad_norm:  [31m2.8789[m[32m2.3725[m  [38;2;54;234;195mmemory: [31m53.87GiB(67.81%)[m[32m72.92GiB(91.79%)[m  [34mtps: [31m838[m[32m845[m  [36mtflops: [31m40.45[m[32m40.73[m  [35mmfu: [31m4.09%[39m[m[32m4.12%[39m[m
[rank0]:[titan] 2026-03-17 [31m11:02:56,671[m[32m11:03:29,394[m - root - INFO - [31mstep: 503  [32mloss:  [31m2.7855[m[32m2.7386[m  [38;2;180;60;0mgrad_norm:  [31m2.7780[m[32m1.9067[m  [38;2;54;234;195mmemory: [31m53.87GiB(67.81%)[m[32m72.92GiB(91.79%)[m  [34mtps: [31m840[m[32m846[m  [36mtflops: [31m40.52[m[32m40.78[m  [35mmfu: [31m4.10%[39m[m[32m4.12%[39m[m
[rank0]:[titan] 2026-03-17 [31m11:02:59,109[m[32m11:03:31,815[m - root - INFO - [31mstep: 504  [32mloss:  [31m2.7841[m[32m2.7399[m  [38;2;180;60;0mgrad_norm:  [31m2.4952[m[32m2.5139[m  [38;2;54;234;195mmemory: [31m53.87GiB(67.81%)[m[32m72.92GiB(91.79%)[m  [34mtps: [31m840[m[32m846[m  [36mtflops: [31m40.53[m[32m40.75[m  [35mmfu: [31m4.10%[39m[m[32m4.12%[39m[m
[rank0]:[titan] 2026-03-17 [31m11:03:01,555[m[32m11:03:34,246[m - root - INFO - [31mstep: 505  [32mloss:  [31m2.8219[m[32m2.7872[m  [38;2;180;60;0mgrad_norm:  [31m2.0479[m[32m2.0236[m  [38;2;54;234;195mmemory: [31m53.87GiB(67.81%)[m[32m72.92GiB(91.79%)[m  [34mtps: [31m838[m[32m843[m  [36mtflops: [31m40.41[m[32m40.62[m  [35mmfu: [31m4.09%[39m[m[32m4.11%[39m[m
[rank0]:[titan] 2026-03-17 [31m11:03:03,997[m[32m11:03:36,672[m - root - INFO - [31mstep: 506  [32mloss:  [31m2.8127[m[32m2.7860[m  [38;2;180;60;0mgrad_norm:  [31m2.9750[m[32m2.6461[m  [38;2;54;234;195mmemory: [31m53.87GiB(67.81%)[m[32m72.92GiB(91.79%)[m  [34mtps: [31m839[m[32m844[m  [36mtflops: [31m40.48[m[32m40.67[m  [35mmfu: [31m4.09%[39m[m[32m4.11%[39m[m
[rank0]:[titan] 2026-03-17 [31m11:03:06,436[m[32m11:03:39,095[m - root - INFO - [31mstep: 507  [32mloss:  [31m2.7935[m[32m2.7628[m  [38;2;180;60;0mgrad_norm:  [31m2.8713[m[32m2.5248[m  [38;2;54;234;195mmemory: [31m53.87GiB(67.81%)[m[32m72.92GiB(91.79%)[m  [34mtps: [31m840[m[32m845[m  [36mtflops: [31m40.52[m[32m40.74[m  [35mmfu: [31m4.10%[39m[m[32m4.12%[39m[m
[rank0]:[titan] 2026-03-17 [31m11:03:08,879[m[32m11:03:41,517[m - root - INFO - [31mstep: 508  [32mloss:  [31m2.7365[m[32m2.7073[m  [38;2;180;60;0mgrad_norm:  [31m2.7509[m[32m2.3842[m  [38;2;54;234;195mmemory: [31m53.87GiB(67.81%)[m[32m72.92GiB(91.79%)[m  [34mtps: [31m839[m[32m846[m  [36mtflops: [31m40.46[m[32m40.76[m  [35mmfu: [31m4.09%[39m[m[32m4.12%[39m[m
[rank0]:[titan] 2026-03-17 [31m11:03:11,330[m[32m11:03:43,947[m - root - INFO - [31mstep: 509  [32mloss:  [31m2.7349[m[32m2.7092[m  [38;2;180;60;0mgrad_norm:  [31m2.2236[m[32m2.4811[m  [38;2;54;234;195mmemory: [31m53.87GiB(67.81%)[m[32m72.92GiB(91.79%)[m  [34mtps: [31m836[m[32m843[m  [36mtflops: [31m40.32[m[32m40.61[m  [35mmfu: [31m4.08%[39m[m[32m4.11%[39m[m
[rank0]:[titan] 2026-03-17 [31m11:03:13,776[m[32m11:03:46,374[m - root - INFO - [31mstep: 510  [32mloss:  [31m2.8372[m[32m2.8156[m  [38;2;180;60;0mgrad_norm:  [31m2.5000[m[32m2.1896[m  [38;2;54;234;195mmemory: [31m53.87GiB(67.81%)[m[32m72.92GiB(91.79%)[m  [34mtps: [31m838[m[32m844[m  [36mtflops: [31m40.41[m[32m40.67[m  [35mmfu: [31m4.09%[39m[m[32m4.11%[39m[m
[rank0]:[titan] 2026-03-17 [31m11:03:16,221[m[32m11:03:48,797[m - root - INFO - [31mstep: 511  [32mloss:  [31m2.7464[m[32m2.7175[m  [38;2;180;60;0mgrad_norm:  [31m2.4382[m[32m2.2886[m  [38;2;54;234;195mmemory: [31m53.87GiB(67.81%)[m[32m72.92GiB(91.79%)[m  [34mtps: [31m838[m[32m845[m  [36mtflops: [31m40.42[m[32m40.73[m  [35mmfu: [31m4.09%[39m[m[32m4.12%[39m[m
[rank0]:[titan] 2026-03-17 [31m11:03:18,667[m[32m11:03:51,222[m - root - INFO - [31mstep: 512  [32mloss:  [31m2.7931[m[32m2.7839[m  [38;2;180;60;0mgrad_norm:  [31m2.2332[m[32m2.8626[m  [38;2;54;234;195mmemory: [31m53.87GiB(67.81%)[m[32m72.92GiB(91.79%)[m  [34mtps: [31m837[m[32m845[m  [36mtflops: [31m40.41[m[32m40.71[m  [35mmfu: [31m4.09%[39m[m[32m4.12%[39m[m
[rank0]:[titan] 2026-03-17 [31m11:03:21,108[m[32m11:03:53,643[m - root - INFO - [31mstep: 513  [32mloss:  [31m2.7450[m[32m2.7257[m  [38;2;180;60;0mgrad_norm:  [31m1.8874[m[32m1.9643[m  [38;2;54;234;195mmemory: [31m53.87GiB(67.81%)[m[32m72.92GiB(91.79%)[m  [34mtps: [31m839[m[32m846[m  [36mtflops: [31m40.49[m[32m40.76[m  [35mmfu: [31m4.09%[39m[m[32m4.12%[39m[m
[rank0]:[titan] 2026-03-17 [31m11:03:23,547[m[32m11:03:56,066[m - root - INFO - [31mstep: 514  [32mloss:  [31m2.7487[m[32m2.7129[m  [38;2;180;60;0mgrad_norm:  [31m2.4688[m[32m1.9034[m  [38;2;54;234;195mmemory: [31m53.87GiB(67.81%)[m[32m72.92GiB(91.79%)[m  [34mtps: [31m840[m[32m846[m  [36mtflops: [31m40.51[m[32m40.74[m  [35mmfu: [31m4.10%[39m[m[32m4.12%[39m[m
[rank0]:[titan] 2026-03-17 [31m11:03:25,987[m[32m11:03:58,488[m - root - INFO - [31mstep: 515  [32mloss:  [31m2.8151[m[32m2.7963[m  [38;2;180;60;0mgrad_norm:  [31m2.3540[m[32m3.0465[m  [38;2;54;234;195mmemory: [31m53.87GiB(67.81%)[m[32m72.92GiB(91.79%)[m  [34mtps: [31m840[m[32m846[m  [36mtflops: [31m40.52[m[32m40.76[m  [35mmfu: [31m4.10%[39m[m[32m4.12%[39m[m
[rank0]:[titan] 2026-03-17 [31m11:03:28,426[m[32m11:04:00,913[m - root - INFO - [31mstep: 516  [32mloss:  [31m2.7994[m[32m2.7782[m  [38;2;180;60;0mgrad_norm:  [31m1.9569[m[32m1.4684[m  [38;2;54;234;195mmemory: [31m53.87GiB(67.81%)[m[32m72.92GiB(91.79%)[m  [34mtps: [31m840[m[32m845[m  [36mtflops: [31m40.52[m[32m40.70[m  [35mmfu: [31m4.10%[39m[m[32m4.12%[39m[m
[rank0]:[titan] 2026-03-17 [31m11:03:30,865[m[32m11:04:03,336[m - root - INFO - [31mstep: 517  [32mloss:  [31m2.8041[m[32m2.7888[m  [38;2;180;60;0mgrad_norm:  [31m2.1852[m[32m2.8470[m  [38;2;54;234;195mmemory: [31m53.87GiB(67.81%)[m[32m72.92GiB(91.79%)[m  [34mtps: [31m840[m[32m846[m  [36mtflops: [31m40.51[m[32m40.74[m  [35mmfu: [31m4.10%[39m[m[32m4.12%[39m[m
[rank0]:[titan] 2026-03-17 [31m11:03:33,305[m[32m11:04:05,758[m - root - INFO - [31mstep: 518  [32mloss:  [31m2.7674[m[32m2.7679[m  [38;2;180;60;0mgrad_norm:  [31m2.0555[m[32m2.6170[m  [38;2;54;234;195mmemory: [31m53.87GiB(67.81%)[m[32m72.92GiB(91.79%)[m  [34mtps: [31m840[m[32m846[m  [36mtflops: [31m40.51[m[32m40.75[m  [35mmfu: [31m4.10%[39m[m[32m4.12%[39m[m
[rank0]:[titan] 2026-03-17 [31m11:03:35,747[m[32m11:04:08,182[m - root - INFO - [31mstep: 519  [32mloss:  [31m2.7396[m[32m2.7262[m  [38;2;180;60;0mgrad_norm:  [31m2.1703[m[32m2.7803[m  [38;2;54;234;195mmemory: [31m53.87GiB(67.81%)[m[32m72.92GiB(91.79%)[m  [34mtps: [31m839[m[32m845[m  [36mtflops: [31m40.47[m[32m40.72[m  [35mmfu: [31m4.09%[39m[m[32m4.12%[39m[m
[rank0]:[titan] 2026-03-17 [31m11:03:38,186[m[32m11:04:10,603[m - root - INFO - [31mstep: 520  [32mloss:  [31m2.7511[m[32m2.7344[m  [38;2;180;60;0mgrad_norm:  [31m2.0747[m[32m2.1707[m  [38;2;54;234;195mmemory: [31m53.87GiB(67.81%)[m[32m72.92GiB(91.79%)[m  [34mtps: [31m840[m[32m846[m  [36mtflops: [31m40.52[m[32m40.77[m  [35mmfu: [31m4.10%[39m[m[32m4.12%[39m[m
[rank0]:[titan] 2026-03-17 [31m11:03:40,631[m[32m11:04:13,028[m - root - INFO - [31mstep: 521  [32mloss:  [31m2.8051[m[32m2.7961[m  [38;2;180;60;0mgrad_norm:  [31m2.4910[m[32m2.8806[m  [38;2;54;234;195mmemory: [31m53.87GiB(67.81%)[m[32m72.92GiB(91.79%)[m  [34mtps: [31m838[m[32m845[m  [36mtflops: [31m40.42[m[32m40.71[m  [35mmfu: [31m4.09%[39m[m[32m4.12%[39m[m
[rank0]:[titan] 2026-03-17 [31m11:03:43,070[m[32m11:04:15,450[m - root - INFO - [31mstep: 522  [32mloss:  [31m2.7688[m[32m2.7736[m  [38;2;180;60;0mgrad_norm:  [31m1.6211[m[32m3.3585[m  [38;2;54;234;195mmemory: [31m53.87GiB(67.81%)[m[32m72.92GiB(91.79%)[m  [34mtps: [31m840[m[32m846[m  [36mtflops: [31m40.54[m[32m40.74[m  [35mmfu: [31m4.10%[39m[m[32m4.12%[39m[m
[rank0]:[titan] 2026-03-17 [31m11:03:45,510[m[32m11:04:17,873[m - root - INFO - [31mstep: 523  [32mloss:  [31m2.7549[m[32m2.7315[m  [38;2;180;60;0mgrad_norm:  [31m2.7924[m[32m1.5721[m  [38;2;54;234;195mmemory: [31m53.87GiB(67.81%)[m[32m72.92GiB(91.79%)[m  [34mtps: [31m839[m[32m846[m  [36mtflops: [31m40.50[m[32m40.76[m  [35mmfu: [31m4.10%[39m[m[32m4.12%[39m[m
[rank0]:[titan] 2026-03-17 [31m11:03:47,964[m[32m11:04:20,302[m - root - INFO - [31mstep: 524  [32mloss:  [31m2.7857[m[32m2.7652[m  [38;2;180;60;0mgrad_norm:  [31m2.9398[m[32m3.5053[m  [38;2;54;234;195mmemory: [31m53.87GiB(67.81%)[m[32m72.92GiB(91.79%)[m  [34mtps: [31m835[m[32m843[m  [36mtflops: [31m40.27[m[32m40.63[m  [35mmfu: [31m4.07%[39m[m[32m4.11%[39m[m
[rank0]:[titan] 2026-03-17 [31m11:03:50,410[m[32m11:04:22,733[m - root - INFO - [31mstep: 525  [32mloss:  [31m2.7955[m[32m2.7873[m  [38;2;180;60;0mgrad_norm:  [31m2.0999[m[32m2.6475[m  [38;2;54;234;195mmemory: [31m53.87GiB(67.81%)[m[32m72.92GiB(91.79%)[m  [34mtps: [31m837[m[32m843[m  [36mtflops: [31m40.41[m[32m40.61[m  [35mmfu: [31m4.09%[39m[m[32m4.11%[39m[m
[rank0]:[titan] 2026-03-17 [31m11:03:52,849[m[32m11:04:25,154[m - root - INFO - [31mstep: 526  [32mloss:  [31m2.7382[m[32m2.7157[m  [38;2;180;60;0mgrad_norm:  [31m2.7747[m[32m2.4632[m  [38;2;54;234;195mmemory: [31m53.87GiB(67.81%)[m[32m72.92GiB(91.79%)[m  [34mtps: [31m840[m[32m846[m  [36mtflops: [31m40.52[m[32m40.76[m  [35mmfu: [31m4.10%[39m[m[32m4.12%[39m[m
[rank0]:[titan] 2026-03-17 [31m11:03:55,290[m[32m11:04:27,577[m - root - INFO - [31mstep: 527  [32mloss:  [31m2.7491[m[32m2.7458[m  [38;2;180;60;0mgrad_norm:  [31m2.1396[m[32m2.4052[m  [38;2;54;234;195mmemory: [31m53.87GiB(67.81%)[m[32m72.92GiB(91.79%)[m  [34mtps: [31m839[m[32m846[m  [36mtflops: [31m40.49[m[32m40.75[m  [35mmfu: [31m4.09%[39m[m[32m4.12%[39m[m
[rank0]:[titan] 2026-03-17 [31m11:03:57,736[m[32m11:04:30,005[m - root - INFO - [31mstep: 528  [32mloss:  [31m2.7880[m[32m2.7778[m  [38;2;180;60;0mgrad_norm:  [31m3.1653[m[32m3.1404[m  [38;2;54;234;195mmemory: [31m53.87GiB(67.81%)[m[32m72.92GiB(91.79%)[m  [34mtps: [31m837[m[32m843[m  [36mtflops: [31m40.40[m[32m40.64[m  [35mmfu: [31m4.09%[39m[m[32m4.11%[39m[m
[rank0]:[titan] 2026-03-17 [31m11:04:00,181[m[32m11:04:32,432[m - root - INFO - [31mstep: 529  [32mloss:  [31m2.7773[m[32m2.7658[m  [38;2;180;60;0mgrad_norm:  [31m2.6021[m[32m1.8832[m  [38;2;54;234;195mmemory: [31m53.87GiB(67.81%)[m[32m72.92GiB(91.79%)[m  [34mtps: [31m838[m[32m844[m  [36mtflops: [31m40.42[m[32m40.67[m  [35mmfu: [31m4.09%[39m[m[32m4.11%[39m[m
[rank0]:[titan] 2026-03-17 [31m11:04:02,619[m[32m11:04:34,853[m - root - INFO - [31mstep: 530  [32mloss:  [31m2.7830[m[32m2.7943[m  [38;2;180;60;0mgrad_norm:  [31m2.0637[m[32m3.3503[m  [38;2;54;234;195mmemory: [31m53.87GiB(67.81%)[m[32m72.92GiB(91.79%)[m  [34mtps: [31m840[m[32m846[m  [36mtflops: [31m40.54[m[32m40.78[m  [35mmfu: [31m4.10%[39m[m[32m4.12%[39m[m
[rank0]:[titan] 2026-03-17 [31m11:04:05,061[m[32m11:04:37,275[m - root - INFO - [31mstep: 531  [32mloss:  [31m2.8050[m[32m2.8086[m  [38;2;180;60;0mgrad_norm:  [31m2.4993[m[32m2.4438[m  [38;2;54;234;195mmemory: [31m53.87GiB(67.81%)[m[32m72.92GiB(91.79%)[m  [34mtps: [31m839[m[32m846[m  [36mtflops: [31m40.47[m[32m40.74[m  [35mmfu: [31m4.09%[39m[m[32m4.12%[39m[m
[rank0]:[titan] 2026-03-17 [31m11:04:07,501[m[32m11:04:39,698[m - root - INFO - [31mstep: 532  [32mloss:  [31m2.7816[m[32m2.7994[m  [38;2;180;60;0mgrad_norm:  [31m2.2058[m[32m2.9779[m  [38;2;54;234;195mmemory: [31m53.87GiB(67.81%)[m[32m72.92GiB(91.79%)[m  [34mtps: [31m839[m[32m845[m  [36mtflops: [31m40.50[m[32m40.73[m  [35mmfu: [31m4.10%[39m[m[32m4.12%[39m[m
[rank0]:[titan] 2026-03-17 [31m11:04:09,954[m[32m11:04:42,128[m - root - INFO - [31mstep: 533  [32mloss:  [31m2.8261[m[32m2.8378[m  [38;2;180;60;0mgrad_norm:  [31m1.8911[m[32m2.8167[m  [38;2;54;234;195mmemory: [31m53.87GiB(67.81%)[m[32m72.92GiB(91.79%)[m  [34mtps: [31m835[m[32m843[m  [36mtflops: [31m40.31[m[32m40.62[m  [35mmfu: [31m4.08%[39m[m[32m4.11%[39m[m
[rank0]:[titan] 2026-03-17 [31m11:04:12,389[m[32m11:04:44,548[m - root - INFO - [31mstep: 534  [32mloss:  [31m2.7158[m[32m2.7256[m  [38;2;180;60;0mgrad_norm:  [31m2.2306[m[32m2.4578[m  [38;2;54;234;195mmemory: [31m53.87GiB(67.81%)[m[32m72.92GiB(91.79%)[m  [34mtps: [31m841[m[32m846[m  [36mtflops: [31m40.59[m[32m40.78[m  [35mmfu: [31m4.10%[39m[m[32m4.12%[39m[m
[rank0]:[titan] 2026-03-17 [31m11:04:14,833[m[32m11:04:46,975[m - root - INFO - [31mstep: 535  [32mloss:  [31m2.7934[m[32m2.8062[m  [38;2;180;60;0mgrad_norm:  [31m1.7906[m[32m2.8255[m  [38;2;54;234;195mmemory: [31m53.87GiB(67.81%)[m[32m72.92GiB(91.79%)[m  [34mtps: [31m838[m[32m844[m  [36mtflops: [31m40.44[m[32m40.67[m  [35mmfu: [31m4.09%[39m[m[32m4.11%[39m[m
[rank0]:[titan] 2026-03-17 [31m11:04:17,270[m[32m11:04:49,397[m - root - INFO - [31mstep: 536  [32mloss:  [31m2.7683[m[32m2.7876[m  [38;2;180;60;0mgrad_norm:  [31m2.2160[m[32m2.2135[m  [38;2;54;234;195mmemory: [31m53.87GiB(67.81%)[m[32m72.92GiB(91.79%)[m  [34mtps: [31m840[m[32m846[m  [36mtflops: [31m40.55[m[32m40.75[m  [35mmfu: [31m4.10%[39m[m[32m4.12%[39m[m
[rank0]:[titan] 2026-03-17 [31m11:04:19,708[m[32m11:04:51,820[m - root - INFO - [31mstep: 537  [32mloss:  [31m2.7283[m[32m2.7311[m  [38;2;180;60;0mgrad_norm:  [31m2.4639[m[32m2.9573[m  [38;2;54;234;195mmemory: [31m53.87GiB(67.81%)[m[32m72.92GiB(91.79%)[m  [34mtps: [31m840[m[32m846[m  [36mtflops: [31m40.54[m[32m40.74[m  [35mmfu: [31m4.10%[39m[m[32m4.12%[39m[m
[rank0]:[titan] 2026-03-17 [31m11:04:22,154[m[32m11:04:54,245[m - root - INFO - [31mstep: 538  [32mloss:  [31m2.7231[m[32m2.7339[m  [38;2;180;60;0mgrad_norm:  [31m1.7453[m[32m2.7305[m  [38;2;54;234;195mmemory: [31m53.87GiB(67.81%)[m[32m72.92GiB(91.79%)[m  [34mtps: [31m837[m[32m845[m  [36mtflops: [31m40.41[m[32m40.70[m  [35mmfu: [31m4.09%[39m[m[32m4.12%[39m[m
[rank0]:[titan] 2026-03-17 [31m11:04:24,594[m[32m11:04:56,668[m - root - INFO - [31mstep: 539  [32mloss:  [31m2.8189[m[32m2.8054[m  [38;2;180;60;0mgrad_norm:  [31m2.1217[m[32m1.6991[m  [38;2;54;234;195mmemory: [31m53.87GiB(67.81%)[m[32m72.92GiB(91.79%)[m  [34mtps: [31m839[m[32m845[m  [36mtflops: [31m40.50[m[32m40.73[m  [35mmfu: [31m4.10%[39m[m[32m4.12%[39m[m
[rank0]:[titan] 2026-03-17 [31m11:04:27,040[m[32m11:04:59,095[m - root - INFO - [31mstep: 540  [32mloss:  [31m2.8284[m[32m2.8100[m  [38;2;180;60;0mgrad_norm:  [31m3.1167[m[32m2.8617[m  [38;2;54;234;195mmemory: [31m53.87GiB(67.81%)[m[32m72.92GiB(91.79%)[m  [34mtps: [31m838[m[32m844[m  [36mtflops: [31m40.41[m[32m40.66[m  [35mmfu: [31m4.09%[39m[m[32m4.11%[39m[m
[rank0]:[titan] 2026-03-17 [31m11:04:29,487[m[32m11:05:01,522[m - root - INFO - [31mstep: 541  [32mloss:  [31m2.7620[m[32m2.7660[m  [38;2;180;60;0mgrad_norm:  [31m2.7833[m[32m2.8431[m  [38;2;54;234;195mmemory: [31m53.87GiB(67.81%)[m[32m72.92GiB(91.79%)[m  [34mtps: [31m837[m[32m844[m  [36mtflops: [31m40.39[m[32m40.67[m  [35mmfu: [31m4.08%[39m[m[32m4.11%[39m[m
[rank0]:[titan] 2026-03-17 [31m11:04:31,925[m[32m11:05:03,943[m - root - INFO - [31mstep: 542  [32mloss:  [31m2.7494[m[32m2.7509[m  [38;2;180;60;0mgrad_norm:  [31m2.0218[m[32m2.0484[m  [38;2;54;234;195mmemory: [31m53.87GiB(67.81%)[m[32m72.92GiB(91.79%)[m  [34mtps: [31m840[m[32m846[m  [36mtflops: [31m40.54[m[32m40.77[m  [35mmfu: [31m4.10%[39m[m[32m4.12%[39m[m
[rank0]:[titan] 2026-03-17 [31m11:04:34,371[m[32m11:05:06,367[m - root - INFO - [31mstep: 543  [32mloss:  [31m2.7808[m[32m2.7800[m  [38;2;180;60;0mgrad_norm:  [31m2.8733[m[32m3.3664[m  [38;2;54;234;195mmemory: [31m53.87GiB(67.81%)[m[32m72.92GiB(91.79%)[m  [34mtps: [31m837[m[32m845[m  [36mtflops: [31m40.41[m[32m40.71[m  [35mmfu: [31m4.09%[39m[m[32m4.12%[39m[m
[rank0]:[titan] 2026-03-17 [31m11:04:36,811[m[32m11:05:08,789[m - root - INFO - [31mstep: 544  [32mloss:  [31m2.8372[m[32m2.8383[m  [38;2;180;60;0mgrad_norm:  [31m2.7920[m[32m2.7997[m  [38;2;54;234;195mmemory: [31m53.87GiB(67.81%)[m[32m72.92GiB(91.79%)[m  [34mtps: [31m839[m[32m846[m  [36mtflops: [31m40.50[m[32m40.75[m  [35mmfu: [31m4.09%[39m[m[32m4.12%[39m[m
[rank0]:[titan] 2026-03-17 [31m11:04:39,251[m[32m11:05:11,212[m - root - INFO - [31mstep: 545  [32mloss:  [31m2.7710[m[32m2.7739[m  [38;2;180;60;0mgrad_norm:  [31m2.5847[m[32m2.3097[m  [38;2;54;234;195mmemory: [31m53.87GiB(67.81%)[m[32m72.92GiB(91.79%)[m  [34mtps: [31m840[m[32m846[m  [36mtflops: [31m40.51[m[32m40.74[m  [35mmfu: [31m4.10%[39m[m[32m4.12%[39m[m
[rank0]:[titan] 2026-03-17 [31m11:04:41,693[m[32m11:05:13,652[m - root - INFO - [31mstep: 546  [32mloss:  [31m2.7991[m[32m2.7936[m  [38;2;180;60;0mgrad_norm:  [31m2.7892[m[32m2.4887[m  [38;2;54;234;195mmemory: [31m53.87GiB(67.81%)[m[32m72.92GiB(91.79%)[m  [34mtps: [31m839[m[32m842[m  [36mtflops: [31m40.47[m[32m40.56[m  [35mmfu: [31m4.09%[39m[m[32m4.10%[39m[m
[rank0]:[titan] 2026-03-17 [31m11:04:44,134[m[32m11:05:16,075[m - root - INFO - [31mstep: 547  [32mloss:  [31m2.8363[m[32m2.8339[m  [38;2;180;60;0mgrad_norm:  [31m2.2812[m[32m2.6421[m  [38;2;54;234;195mmemory: [31m53.87GiB(67.81%)[m[32m72.92GiB(91.79%)[m  [34mtps: [31m839[m[32m846[m  [36mtflops: [31m40.50[m[32m40.77[m  [35mmfu: [31m4.10%[39m[m[32m4.12%[39m[m
[rank0]:[titan] 2026-03-17 [31m11:04:46,572[m[32m11:05:18,499[m - root - INFO - [31mstep: 548  [32mloss:  [31m2.8183[m[32m2.8105[m  [38;2;180;60;0mgrad_norm:  [31m3.2237[m[32m2.6723[m  [38;2;54;234;195mmemory: [31m53.87GiB(67.81%)[m[32m72.92GiB(91.79%)[m  [34mtps: [31m840[m[32m845[m  [36mtflops: [31m40.54[m[32m40.72[m  [35mmfu: [31m4.10%[39m[m[32m4.12%[39m[m
[rank0]:[titan] 2026-03-17 [31m11:04:49,013[m[32m11:05:20,923[m - root - INFO - [31mstep: 549  [32mloss:  [31m2.7872[m[32m2.7862[m  [38;2;180;60;0mgrad_norm:  [31m3.3433[m[32m3.3770[m  [38;2;54;234;195mmemory: [31m53.87GiB(67.81%)[m[32m72.92GiB(91.79%)[m  [34mtps: [31m839[m[32m845[m  [36mtflops: [31m40.48[m[32m40.72[m  [35mmfu: [31m4.09%[39m[m[32m4.12%[39m[m
[rank0]:[titan] 2026-03-17 [31m11:04:51,460[m[32m11:05:23,349[m - root - INFO - [31mstep: 550  [32mloss:  [31m2.8962[m[32m2.8862[m  [38;2;180;60;0mgrad_norm:  [31m2.3990[m[32m2.3533[m  [38;2;54;234;195mmemory: [31m53.87GiB(67.81%)[m[32m72.92GiB(91.79%)[m  [34mtps: [31m837[m[32m844[m  [36mtflops: [31m40.39[m[32m40.68[m  [35mmfu: [31m4.08%[39m[m[32m4.11%[39m[m
[rank0]:[titan] 2026-03-17 [31m11:04:53,901[m[32m11:05:25,773[m - root - INFO - [31mstep: 551  [32mloss:  [31m2.7575[m[32m2.7576[m  [38;2;180;60;0mgrad_norm:  [31m2.8822[m[32m2.8175[m  [38;2;54;234;195mmemory: [31m53.87GiB(67.81%)[m[32m72.92GiB(91.79%)[m  [34mtps: [31m839[m[32m845[m  [36mtflops: [31m40.49[m[32m40.72[m  [35mmfu: [31m4.09%[39m[m[32m4.12%[39m[m
[rank0]:[titan] 2026-03-17 [31m11:04:56,343[m[32m11:05:28,197[m - root - INFO - [31mstep: 552  [32mloss:  [31m2.7655[m[32m2.7694[m  [38;2;180;60;0mgrad_norm:  [31m2.7338[m[32m2.5930[m  [38;2;54;234;195mmemory: [31m53.87GiB(67.81%)[m[32m72.92GiB(91.79%)[m  [34mtps: [31m839[m[32m845[m  [36mtflops: [31m40.47[m[32m40.72[m  [35mmfu: [31m4.09%[39m[m[32m4.12%[39m[m
[rank0]:[titan] 2026-03-17 [31m11:04:58,784[m[32m11:05:30,619[m - root - INFO - [31mstep: 553  [32mloss:  [31m2.7189[m[32m2.7334[m  [38;2;180;60;0mgrad_norm:  [31m2.0732[m[32m3.3108[m  [38;2;54;234;195mmemory: [31m53.87GiB(67.81%)[m[32m72.92GiB(91.79%)[m  [34mtps: [31m839[m[32m846[m  [36mtflops: [31m40.50[m[32m40.75[m  [35mmfu: [31m4.10%[39m[m[32m4.12%[39m[m
[rank0]:[titan] 2026-03-17 [31m11:05:01,223[m[32m11:05:33,041[m - root - INFO - [31mstep: 554  [32mloss:  [31m2.7600[m[32m2.7670[m  [38;2;180;60;0mgrad_norm:  [31m2.7449[m[32m3.0353[m  [38;2;54;234;195mmemory: [31m53.87GiB(67.81%)[m[32m72.92GiB(91.79%)[m  [34mtps: [31m840[m[32m846[m  [36mtflops: [31m40.52[m[32m40.76[m  [35mmfu: [31m4.10%[39m[m[32m4.12%[39m[m
[rank0]:[titan] 2026-03-17 [31m11:05:03,664[m[32m11:05:35,463[m - root - INFO - [31mstep: 555  [32mloss:  [31m2.7271[m[32m2.7270[m  [38;2;180;60;0mgrad_norm:  [31m2.2997[m[32m2.7764[m  [38;2;54;234;195mmemory: [31m53.87GiB(67.81%)[m[32m72.92GiB(91.79%)[m  [34mtps: [31m839[m[32m846[m  [36mtflops: [31m40.48[m[32m40.74[m  [35mmfu: [31m4.09%[39m[m[32m4.12%[39m[m
[rank0]:[titan] 2026-03-17 [31m11:05:06,107[m[32m11:05:37,884[m - root - INFO - [31mstep: 556  [32mloss:  [31m2.7655[m[32m2.7526[m  [38;2;180;60;0mgrad_norm:  [31m2.5889[m[32m2.6570[m  [38;2;54;234;195mmemory: [31m53.87GiB(67.81%)[m[32m72.92GiB(91.79%)[m  [34mtps: [31m839[m[32m846[m  [36mtflops: [31m40.46[m[32m40.77[m  [35mmfu: [31m4.09%[39m[m[32m4.12%[39m[m
[rank0]:[titan] 2026-03-17 [31m11:05:08,545[m[32m11:05:40,306[m - root - INFO - [31mstep: 557  [32mloss:  [31m2.7234[m[32m2.7171[m  [38;2;180;60;0mgrad_norm:  [31m3.1507[m[32m2.9794[m  [38;2;54;234;195mmemory: [31m53.87GiB(67.81%)[m[32m72.92GiB(91.79%)[m  [34mtps: [31m840[m[32m846[m  [36mtflops: [31m40.54[m[32m40.75[m  [35mmfu: [31m4.10%[39m[m[32m4.12%[39m[m
[rank0]:[titan] 2026-03-17 [31m11:05:10,986[m[32m11:05:42,727[m - root - INFO - [31mstep: 558  [32mloss:  [31m2.7310[m[32m2.7228[m  [38;2;180;60;0mgrad_norm:  [31m2.4501[m[32m2.2033[m  [38;2;54;234;195mmemory: [31m53.87GiB(67.81%)[m[32m72.92GiB(91.79%)[m  [34mtps: [31m839[m[32m846[m  [36mtflops: [31m40.49[m[32m40.77[m  [35mmfu: [31m4.09%[39m[m[32m4.12%[39m[m
[rank0]:[titan] 2026-03-17 [31m11:05:13,431[m[32m11:05:45,156[m - root - INFO - [31mstep: 559  [32mloss:  [31m2.7142[m[32m2.7113[m  [38;2;180;60;0mgrad_norm:  [31m1.9882[m[32m2.2748[m  [38;2;54;234;195mmemory: [31m53.87GiB(67.81%)[m[32m72.92GiB(91.79%)[m  [34mtps: [31m838[m[32m844[m  [36mtflops: [31m40.43[m[32m40.64[m  [35mmfu: [31m4.09%[39m[m[32m4.11%[39m[m
[rank0]:[titan] 2026-03-17 [31m11:05:15,871[m[32m11:05:47,577[m - root - INFO - [31mstep: 560  [32mloss:  [31m2.7839[m[32m2.7774[m  [38;2;180;60;0mgrad_norm:  [31m2.6441[m[32m2.8218[m  [38;2;54;234;195mmemory: [31m53.87GiB(67.81%)[m[32m72.92GiB(91.79%)[m  [34mtps: [31m840[m[32m846[m  [36mtflops: [31m40.51[m[32m40.76[m  [35mmfu: [31m4.10%[39m[m[32m4.12%[39m[m
[rank0]:[titan] 2026-03-17 [31m11:05:18,310[m[32m11:05:50,000[m - root - INFO - [31mstep: 561  [32mloss:  [31m2.8200[m[32m2.8037[m  [38;2;180;60;0mgrad_norm:  [31m2.4254[m[32m1.9490[m  [38;2;54;234;195mmemory: [31m53.87GiB(67.81%)[m[32m72.92GiB(91.79%)[m  [34mtps: [31m840[m[32m846[m  [36mtflops: [31m40.51[m[32m40.74[m  [35mmfu: [31m4.10%[39m[m[32m4.12%[39m[m
[rank0]:[titan] 2026-03-17 [31m11:05:20,756[m[32m11:05:52,427[m - root - INFO - [31mstep: 562  [32mloss:  [31m2.7394[m[32m2.7378[m  [38;2;180;60;0mgrad_norm:  [31m2.1237[m[32m2.4301[m  [38;2;54;234;195mmemory: [31m53.87GiB(67.81%)[m[32m72.92GiB(91.79%)[m  [34mtps: [31m838[m[32m844[m  [36mtflops: [31m40.41[m[32m40.66[m  [35mmfu: [31m4.09%[39m[m[32m4.11%[39m[m
[rank0]:[titan] 2026-03-17 [31m11:05:23,197[m[32m11:05:54,849[m - root - INFO - [31mstep: 563  [32mloss:  [31m2.7568[m[32m2.7434[m  [38;2;180;60;0mgrad_norm:  [31m2.8225[m[32m2.3314[m  [38;2;54;234;195mmemory: [31m53.87GiB(67.81%)[m[32m72.92GiB(91.79%)[m  [34mtps: [31m839[m[32m846[m  [36mtflops: [31m40.48[m[32m40.75[m  [35mmfu: [31m4.09%[39m[m[32m4.12%[39m[m
[rank0]:[titan] 2026-03-17 [31m11:05:25,637[m[32m11:05:57,273[m - root - INFO - [31mstep: 564  [32mloss:  [31m2.8008[m[32m2.7892[m  [38;2;180;60;0mgrad_norm:  [31m2.5458[m[32m2.0896[m  [38;2;54;234;195mmemory: [31m53.87GiB(67.81%)[m[32m72.92GiB(91.79%)[m  [34mtps: [31m840[m[32m845[m  [36mtflops: [31m40.52[m[32m40.73[m  [35mmfu: [31m4.10%[39m[m[32m4.12%[39m[m
[rank0]:[titan] 2026-03-17 [31m11:05:28,080[m[32m11:05:59,693[m - root - INFO - [31mstep: 565  [32mloss:  [31m2.7578[m[32m2.7416[m  [38;2;180;60;0mgrad_norm:  [31m1.6500[m[32m1.4165[m  [38;2;54;234;195mmemory: [31m53.87GiB(67.81%)[m[32m72.92GiB(91.79%)[m  [34mtps: [31m838[m[32m846[m  [36mtflops: [31m40.44[m[32m40.78[m  [35mmfu: [31m4.09%[39m[m[32m4.12%[39m[m
[rank0]:[titan] 2026-03-17 [31m11:05:30,520[m[32m11:06:02,121[m - root - INFO - [31mstep: 566  [32mloss:  [31m2.7557[m[32m2.7482[m  [38;2;180;60;0mgrad_norm:  [31m3.1494[m[32m2.8349[m  [38;2;54;234;195mmemory: [31m53.87GiB(67.81%)[m[32m72.92GiB(91.79%)[m  [34mtps: [31m840[m[32m844[m  [36mtflops: [31m40.52[m[32m40.65[m  [35mmfu: [31m4.10%[39m[m[32m4.11%[39m[m
[rank0]:[titan] 2026-03-17 [31m11:05:32,962[m[32m11:06:04,547[m - root - INFO - [31mstep: 567  [32mloss:  [31m2.7668[m[32m2.7476[m  [38;2;180;60;0mgrad_norm:  [31m3.1848[m[32m2.7011[m  [38;2;54;234;195mmemory: [31m53.87GiB(67.81%)[m[32m72.92GiB(91.79%)[m  [34mtps: [31m839[m[32m844[m  [36mtflops: [31m40.46[m[32m40.68[m  [35mmfu: [31m4.09%[39m[m[32m4.11%[39m[m
[rank0]:[titan] 2026-03-17 [31m11:05:35,401[m[32m11:06:06,970[m - root - INFO - [31mstep: 568  [32mloss:  [31m2.8198[m[32m2.8064[m  [38;2;180;60;0mgrad_norm:  [31m2.5916[m[32m2.1910[m  [38;2;54;234;195mmemory: [31m53.87GiB(67.81%)[m[32m72.92GiB(91.79%)[m  [34mtps: [31m840[m[32m845[m  [36mtflops: [31m40.52[m[32m40.74[m  [35mmfu: [31m4.10%[39m[m[32m4.12%[39m[m
[rank0]:[titan] 2026-03-17 [31m11:05:37,841[m[32m11:06:09,392[m - root - INFO - [31mstep: 569  [32mloss:  [31m2.8009[m[32m2.7767[m  [38;2;180;60;0mgrad_norm:  [31m3.1886[m[32m2.5804[m  [38;2;54;234;195mmemory: [31m53.87GiB(67.81%)[m[32m72.92GiB(91.79%)[m  [34mtps: [31m840[m[32m846[m  [36mtflops: [31m40.51[m[32m40.74[m  [35mmfu: [31m4.10%[39m[m[32m4.12%[39m[m
[rank0]:[titan] 2026-03-17 [31m11:05:40,285[m[32m11:06:11,818[m - root - INFO - [31mstep: 570  [32mloss:  [31m2.8086[m[32m2.7838[m  [38;2;180;60;0mgrad_norm:  [31m2.9061[m[32m2.3600[m  [38;2;54;234;195mmemory: [31m53.87GiB(67.81%)[m[32m72.92GiB(91.79%)[m  [34mtps: [31m838[m[32m845[m  [36mtflops: [31m40.44[m[32m40.69[m  [35mmfu: [31m4.09%[39m[m[32m4.11%[39m[m
[rank0]:[titan] 2026-03-17 [31m11:05:42,728[m[32m11:06:14,240[m - root - INFO - [31mstep: 571  [32mloss:  [31m2.8012[m[32m2.7751[m  [38;2;180;60;0mgrad_norm:  [31m2.3947[m[32m1.7981[m  [38;2;54;234;195mmemory: [31m53.87GiB(67.81%)[m[32m72.92GiB(91.79%)[m  [34mtps: [31m838[m[32m846[m  [36mtflops: [31m40.45[m[32m40.75[m  [35mmfu: [31m4.09%[39m[m[32m4.12%[39m[m
[rank0]:[titan] 2026-03-17 [31m11:05:45,164[m[32m11:06:16,661[m - root - INFO - [31mstep: 572  [32mloss:  [31m2.7947[m[32m2.7693[m  [38;2;180;60;0mgrad_norm:  [31m2.9262[m[32m2.4461[m  [38;2;54;234;195mmemory: [31m53.87GiB(67.81%)[m[32m72.92GiB(91.79%)[m  [34mtps: [31m841[m[32m846[m  [36mtflops: [31m40.58[m[32m40.77[m  [35mmfu: [31m4.10%[39m[m[32m4.12%[39m[m
[rank0]:[titan] 2026-03-17 [31m11:05:47,605[m[32m11:06:19,084[m - root - INFO - [31mstep: 573  [32mloss:  [31m2.7247[m[32m2.7024[m  [38;2;180;60;0mgrad_norm:  [31m2.6038[m[32m1.6112[m  [38;2;54;234;195mmemory: [31m53.87GiB(67.81%)[m[32m72.92GiB(91.79%)[m  [34mtps: [31m839[m[32m845[m  [36mtflops: [31m40.49[m[32m40.74[m  [35mmfu: [31m4.09%[39m[m[32m4.12%[39m[m
[rank0]:[titan] 2026-03-17 [31m11:05:50,046[m[32m11:06:21,512[m - root - INFO - [31mstep: 574  [32mloss:  [31m2.7629[m[32m2.7620[m  [38;2;180;60;0mgrad_norm:  [31m1.7678[m[32m2.5235[m  [38;2;54;234;195mmemory: [31m53.87GiB(67.81%)[m[32m72.92GiB(91.79%)[m  [34mtps: [31m839[m[32m844[m  [36mtflops: [31m40.48[m[32m40.65[m  [35mmfu: [31m4.09%[39m[m[32m4.11%[39m[m
[rank0]:[titan] 2026-03-17 [31m11:05:52,488[m[32m11:06:23,936[m - root - INFO - [31mstep: 575  [32mloss:  [31m2.7191[m[32m2.7264[m  [38;2;180;60;0mgrad_norm:  [31m1.7509[m[32m2.3664[m  [38;2;54;234;195mmemory: [31m53.87GiB(67.81%)[m[32m72.92GiB(91.79%)[m  [34mtps: [31m839[m[32m845[m  [36mtflops: [31m40.49[m[32m40.72[m  [35mmfu: [31m4.09%[39m[m[32m4.12%[39m[m
[rank0]:[titan] 2026-03-17 [31m11:05:54,933[m[32m11:06:26,358[m - root - INFO - [31mstep: 576  [32mloss:  [31m2.7182[m[32m2.7118[m  [38;2;180;60;0mgrad_norm:  [31m1.7532[m[32m1.4409[m  [38;2;54;234;195mmemory: [31m53.87GiB(67.81%)[m[32m72.92GiB(91.79%)[m  [34mtps: [31m838[m[32m846[m  [36mtflops: [31m40.42[m[32m40.75[m  [35mmfu: [31m4.09%[39m[m[32m4.12%[39m[m
[rank0]:[titan] 2026-03-17 [31m11:05:57,372[m[32m11:06:28,780[m - root - INFO - [31mstep: 577  [32mloss:  [31m2.6982[m[32m2.6943[m  [38;2;180;60;0mgrad_norm:  [31m2.2831[m[32m2.3929[m  [38;2;54;234;195mmemory: [31m53.87GiB(67.81%)[m[32m72.92GiB(91.79%)[m  [34mtps: [31m840[m[32m846[m  [36mtflops: [31m40.51[m[32m40.75[m  [35mmfu: [31m4.10%[39m[m[32m4.12%[39m[m
[rank0]:[titan] 2026-03-17 [31m11:05:59,811[m[32m11:06:31,202[m - root - INFO - [31mstep: 578  [32mloss:  [31m2.7221[m[32m2.7115[m  [38;2;180;60;0mgrad_norm:  [31m1.9960[m[32m2.1974[m  [38;2;54;234;195mmemory: [31m53.87GiB(67.81%)[m[32m72.92GiB(91.79%)[m  [34mtps: [31m840[m[32m846[m  [36mtflops: [31m40.52[m[32m40.76[m  [35mmfu: [31m4.10%[39m[m[32m4.12%[39m[m
[rank0]:[titan] 2026-03-17 [31m11:06:02,251[m[32m11:06:33,625[m - root - INFO - [31mstep: 579  [32mloss:  [31m2.7457[m[32m2.7309[m  [38;2;180;60;0mgrad_norm:  [31m2.4291[m[32m2.5594[m  [38;2;54;234;195mmemory: [31m53.87GiB(67.81%)[m[32m72.92GiB(91.79%)[m  [34mtps: [31m840[m[32m845[m  [36mtflops: [31m40.51[m[32m40.73[m  [35mmfu: [31m4.10%[39m[m[32m4.12%[39m[m
[rank0]:[titan] 2026-03-17 [31m11:06:04,693[m[32m11:06:36,047[m - root - INFO - [31mstep: 580  [32mloss:  [31m2.6875[m[32m2.6679[m  [38;2;180;60;0mgrad_norm:  [31m2.2262[m[32m2.3758[m  [38;2;54;234;195mmemory: [31m53.87GiB(67.81%)[m[32m72.92GiB(91.79%)[m  [34mtps: [31m839[m[32m846[m  [36mtflops: [31m40.47[m[32m40.75[m  [35mmfu: [31m4.09%[39m[m[32m4.12%[39m[m
[rank0]:[titan] 2026-03-17 [31m11:06:07,135[m[32m11:06:38,469[m - root - INFO - [31mstep: 581  [32mloss:  [31m2.7271[m[32m2.6976[m  [38;2;180;60;0mgrad_norm:  [31m2.7108[m[32m2.3105[m  [38;2;54;234;195mmemory: [31m53.87GiB(67.81%)[m[32m72.92GiB(91.79%)[m  [34mtps: [31m839[m[32m846[m  [36mtflops: [31m40.48[m[32m40.76[m  [35mmfu: [31m4.09%[39m[m[32m4.12%[39m[m
[rank0]:[titan] 2026-03-17 [31m11:06:09,579[m[32m11:06:40,893[m - root - INFO - [31mstep: 582  [32mloss:  [31m2.7876[m[32m2.7855[m  [38;2;180;60;0mgrad_norm:  [31m2.2161[m[32m2.7943[m  [38;2;54;234;195mmemory: [31m53.87GiB(67.81%)[m[32m72.92GiB(91.79%)[m  [34mtps: [31m838[m[32m845[m  [36mtflops: [31m40.43[m[32m40.73[m  [35mmfu: [31m4.09%[39m[m[32m4.12%[39m[m
[rank0]:[titan] 2026-03-17 [31m11:06:12,022[m[32m11:06:43,315[m - root - INFO - [31mstep: 583  [32mloss:  [31m2.7662[m[32m2.7523[m  [38;2;180;60;0mgrad_norm:  [31m2.6954[m[32m1.9220[m  [38;2;54;234;195mmemory: [31m53.87GiB(67.81%)[m[32m72.92GiB(91.79%)[m  [34mtps: [31m838[m[32m846[m  [36mtflops: [31m40.46[m[32m40.75[m  [35mmfu: [31m4.09%[39m[m[32m4.12%[39m[m
[rank0]:[titan] 2026-03-17 [31m11:06:14,464[m[32m11:06:45,738[m - root - INFO - [31mstep: 584  [32mloss:  [31m2.7236[m[32m2.7083[m  [38;2;180;60;0mgrad_norm:  [31m3.0145[m[32m2.9231[m  [38;2;54;234;195mmemory: [31m53.87GiB(67.81%)[m[32m72.92GiB(91.79%)[m  [34mtps: [31m839[m[32m845[m  [36mtflops: [31m40.47[m[32m40.73[m  [35mmfu: [31m4.09%[39m[m[32m4.12%[39m[m
[rank0]:[titan] 2026-03-17 [31m11:06:16,908[m[32m11:06:48,163[m - root - INFO - [31mstep: 585  [32mloss:  [31m2.7576[m[32m2.7494[m  [38;2;180;60;0mgrad_norm:  [31m2.2134[m[32m2.6068[m  [38;2;54;234;195mmemory: [31m53.87GiB(67.81%)[m[32m72.92GiB(91.79%)[m  [34mtps: [31m838[m[32m845[m  [36mtflops: [31m40.45[m[32m40.71[m  [35mmfu: [31m4.09%[39m[m[32m4.12%[39m[m
[rank0]:[titan] 2026-03-17 [31m11:06:19,349[m[32m11:06:50,584[m - root - INFO - [31mstep: 586  [32mloss:  [31m2.7365[m[32m2.7231[m  [38;2;180;60;0mgrad_norm:  [31m2.0516[m[32m2.2222[m  [38;2;54;234;195mmemory: [31m53.87GiB(67.81%)[m[32m72.92GiB(91.79%)[m  [34mtps: [31m839[m[32m846[m  [36mtflops: [31m40.48[m[32m40.76[m  [35mmfu: [31m4.09%[39m[m[32m4.12%[39m[m
[rank0]:[titan] 2026-03-17 [31m11:06:21,789[m[32m11:06:53,004[m - root - INFO - [31mstep: 587  [32mloss:  [31m2.7243[m[32m2.7088[m  [38;2;180;60;0mgrad_norm:  [31m2.4446[m[32m3.0700[m  [38;2;54;234;195mmemory: [31m53.87GiB(67.81%)[m[32m72.92GiB(91.79%)[m  [34mtps: [31m840[m[32m846[m  [36mtflops: [31m40.51[m[32m40.78[m  [35mmfu: [31m4.10%[39m[m[32m4.12%[39m[m
[rank0]:[titan] 2026-03-17 [31m11:06:24,230[m[32m11:06:55,425[m - root - INFO - [31mstep: 588  [32mloss:  [31m2.7849[m[32m2.7654[m  [38;2;180;60;0mgrad_norm:  [31m2.3751[m[32m2.4711[m  [38;2;54;234;195mmemory: [31m53.87GiB(67.81%)[m[32m72.92GiB(91.79%)[m  [34mtps: [31m839[m[32m846[m  [36mtflops: [31m40.50[m[32m40.77[m  [35mmfu: [31m4.09%[39m[m[32m4.12%[39m[m
[rank0]:[titan] 2026-03-17 [31m11:06:26,674[m[32m11:06:57,848[m - root - INFO - [31mstep: 589  [32mloss:  [31m2.7674[m[32m2.7532[m  [38;2;180;60;0mgrad_norm:  [31m1.7327[m[32m2.6717[m  [38;2;54;234;195mmemory: [31m53.87GiB(67.81%)[m[32m72.92GiB(91.79%)[m  [34mtps: [31m838[m[32m846[m  [36mtflops: [31m40.44[m[32m40.74[m  [35mmfu: [31m4.09%[39m[m[32m4.12%[39m[m
[rank0]:[titan] 2026-03-17 [31m11:06:29,119[m[32m11:07:00,275[m - root - INFO - [31mstep: 590  [32mloss:  [31m2.8371[m[32m2.8212[m  [38;2;180;60;0mgrad_norm:  [31m3.1494[m[32m3.1629[m  [38;2;54;234;195mmemory: [31m53.87GiB(67.81%)[m[32m72.92GiB(91.79%)[m  [34mtps: [31m838[m[32m844[m  [36mtflops: [31m40.41[m[32m40.66[m  [35mmfu: [31m4.09%[39m[m[32m4.11%[39m[m
[rank0]:[titan] 2026-03-17 [31m11:06:31,561[m[32m11:07:02,699[m - root - INFO - [31mstep: 591  [32mloss:  [31m2.7746[m[32m2.7581[m  [38;2;180;60;0mgrad_norm:  [31m2.3786[m[32m2.8581[m  [38;2;54;234;195mmemory: [31m53.87GiB(67.81%)[m[32m72.92GiB(91.79%)[m  [34mtps: [31m839[m[32m845[m  [36mtflops: [31m40.47[m[32m40.71[m  [35mmfu: [31m4.09%[39m[m[32m4.12%[39m[m
[rank0]:[titan] 2026-03-17 [31m11:06:34,002[m[32m11:07:05,121[m - root - INFO - [31mstep: 592  [32mloss:  [31m2.7568[m[32m2.7426[m  [38;2;180;60;0mgrad_norm:  [31m2.3375[m[32m2.3034[m  [38;2;54;234;195mmemory: [31m53.87GiB(67.81%)[m[32m72.92GiB(91.79%)[m  [34mtps: [31m839[m[32m846[m  [36mtflops: [31m40.48[m[32m40.77[m  [35mmfu: [31m4.09%[39m[m[32m4.12%[39m[m
[rank0]:[titan] 2026-03-17 [31m11:06:36,443[m[32m11:07:07,544[m - root - INFO - [31mstep: 593  [32mloss:  [31m2.7564[m[32m2.7398[m  [38;2;180;60;0mgrad_norm:  [31m2.2047[m[32m2.4994[m  [38;2;54;234;195mmemory: [31m53.87GiB(67.81%)[m[32m72.92GiB(91.79%)[m  [34mtps: [31m839[m[32m845[m  [36mtflops: [31m40.49[m[32m40.73[m  [35mmfu: [31m4.09%[39m[m[32m4.12%[39m[m
[rank0]:[titan] 2026-03-17 [31m11:06:38,886[m[32m11:07:09,966[m - root - INFO - [31mstep: 594  [32mloss:  [31m2.7450[m[32m2.7335[m  [38;2;180;60;0mgrad_norm:  [31m2.6201[m[32m2.6533[m  [38;2;54;234;195mmemory: [31m53.87GiB(67.81%)[m[32m72.92GiB(91.79%)[m  [34mtps: [31m839[m[32m846[m  [36mtflops: [31m40.47[m[32m40.76[m  [35mmfu: [31m4.09%[39m[m[32m4.12%[39m[m
[rank0]:[titan] 2026-03-17 [31m11:06:41,324[m[32m11:07:12,387[m - root - INFO - [31mstep: 595  [32mloss:  [31m2.7260[m[32m2.7075[m  [38;2;180;60;0mgrad_norm:  [31m1.8358[m[32m2.3580[m  [38;2;54;234;195mmemory: [31m53.87GiB(67.81%)[m[32m72.92GiB(91.79%)[m  [34mtps: [31m840[m[32m846[m  [36mtflops: [31m40.54[m[32m40.76[m  [35mmfu: [31m4.10%[39m[m[32m4.12%[39m[m
[rank0]:[titan] 2026-03-17 [31m11:06:43,767[m[32m11:07:14,812[m - root - INFO - [31mstep: 596  [32mloss:  [31m2.7818[m[32m2.7670[m  [38;2;180;60;0mgrad_norm:  [31m2.5926[m[32m2.0258[m  [38;2;54;234;195mmemory: [31m53.87GiB(67.81%)[m[32m72.92GiB(91.79%)[m  [34mtps: [31m838[m[32m845[m  [36mtflops: [31m40.45[m[32m40.70[m  [35mmfu: [31m4.09%[39m[m[32m4.12%[39m[m
[rank0]:[titan] 2026-03-17 [31m11:06:46,210[m[32m11:07:17,233[m - root - INFO - [31mstep: 597  [32mloss:  [31m2.8295[m[32m2.8035[m  [38;2;180;60;0mgrad_norm:  [31m2.2833[m[32m2.1120[m  [38;2;54;234;195mmemory: [31m53.87GiB(67.81%)[m[32m72.92GiB(91.79%)[m  [34mtps: [31m839[m[32m846[m  [36mtflops: [31m40.46[m[32m40.78[m  [35mmfu: [31m4.09%[39m[m[32m4.12%[39m[m
[rank0]:[titan] 2026-03-17 [31m11:06:48,665[m[32m11:07:19,669[m - root - INFO - [31mstep: 598  [32mloss:  [31m2.7945[m[32m2.7658[m  [38;2;180;60;0mgrad_norm:  [31m2.1691[m[32m1.8502[m  [38;2;54;234;195mmemory: [31m53.87GiB(67.81%)[m[32m72.92GiB(91.79%)[m  [34mtps: [31m834[m[32m841[m  [36mtflops: [31m40.25[m[32m40.53[m  [35mmfu: [31m4.07%[39m[m[32m4.10%[39m[m
[rank0]:[titan] 2026-03-17 [31m11:06:51,107[m[32m11:07:22,092[m - root - INFO - [31mstep: 599  [32mloss:  [31m2.7427[m[32m2.7221[m  [38;2;180;60;0mgrad_norm:  [31m1.7962[m[32m2.2384[m  [38;2;54;234;195mmemory: [31m53.87GiB(67.81%)[m[32m72.92GiB(91.79%)[m  [34mtps: [31m839[m[32m845[m  [36mtflops: [31m40.47[m[32m40.73[m  [35mmfu: [31m4.09%[39m[m[32m4.12%[39m[m
[rank0]:[titan] 2026-03-17 [31m11:06:53,548[m[32m11:07:24,515[m - root - INFO - [31mstep: 600  [32mloss:  [31m2.7214[m[32m2.7057[m  [38;2;180;60;0mgrad_norm:  [31m2.4964[m[32m2.4309[m  [38;2;54;234;195mmemory: [31m53.87GiB(67.81%)[m[32m72.92GiB(91.79%)[m  [34mtps: [31m839[m[32m845[m  [36mtflops: [31m40.50[m[32m40.73[m  [35mmfu: [31m4.09%[39m[m[32m4.12%[39m[m
[rank0]:[titan] 2026-03-17 [31m11:06:55,989[m[32m11:07:26,937[m - root - INFO - [31mstep: 601  [32mloss:  [31m2.7767[m[32m2.7644[m  [38;2;180;60;0mgrad_norm:  [31m2.4044[m[32m1.6613[m  [38;2;54;234;195mmemory: [31m53.87GiB(67.81%)[m[32m72.92GiB(91.79%)[m  [34mtps: [31m839[m[32m846[m  [36mtflops: [31m40.49[m[32m40.76[m  [35mmfu: [31m4.09%[39m[m[32m4.12%[39m[m
[rank0]:[titan] 2026-03-17 [31m11:06:58,429[m[32m11:07:29,363[m - root - INFO - [31mstep: 602  [32mloss:  [31m2.7726[m[32m2.7593[m  [38;2;180;60;0mgrad_norm:  [31m2.2198[m[32m2.5082[m  [38;2;54;234;195mmemory: [31m53.87GiB(67.81%)[m[32m72.92GiB(91.79%)[m  [34mtps: [31m839[m[32m844[m  [36mtflops: [31m40.50[m[32m40.68[m  [35mmfu: [31m4.09%[39m[m[32m4.11%[39m[m
[rank0]:[titan] 2026-03-17 [31m11:07:00,869[m[32m11:07:31,784[m - root - INFO - [31mstep: 603  [32mloss:  [31m2.7163[m[32m2.7155[m  [38;2;180;60;0mgrad_norm:  [31m1.8980[m[32m2.4666[m  [38;2;54;234;195mmemory: [31m53.87GiB(67.81%)[m[32m72.92GiB(91.79%)[m  [34mtps: [31m839[m[32m846[m  [36mtflops: [31m40.51[m[32m40.78[m  [35mmfu: [31m4.10%[39m[m[32m4.12%[39m[m
[rank0]:[titan] 2026-03-17 [31m11:07:03,321[m[32m11:07:34,212[m - root - INFO - [31mstep: 604  [32mloss:  [31m2.7586[m[32m2.7544[m  [38;2;180;60;0mgrad_norm:  [31m1.8901[m[32m2.2717[m  [38;2;54;234;195mmemory: [31m53.87GiB(67.81%)[m[32m72.92GiB(91.79%)[m  [34mtps: [31m835[m[32m843[m  [36mtflops: [31m40.31[m[32m40.64[m  [35mmfu: [31m4.08%[39m[m[32m4.11%[39m[m
[rank0]:[titan] 2026-03-17 [31m11:07:05,758[m[32m11:07:36,632[m - root - INFO - [31mstep: 605  [32mloss:  [31m2.7874[m[32m2.7550[m  [38;2;180;60;0mgrad_norm:  [31m3.1388[m[32m2.7637[m  [38;2;54;234;195mmemory: [31m53.87GiB(67.81%)[m[32m72.92GiB(91.79%)[m  [34mtps: [31m840[m[32m847[m  [36mtflops: [31m40.55[m[32m40.80[m  [35mmfu: [31m4.10%[39m[m[32m4.13%[39m[m
[rank0]:[titan] 2026-03-17 [31m11:07:08,198[m[32m11:07:39,051[m - root - INFO - [31mstep: 606  [32mloss:  [31m2.7165[m[32m2.7092[m  [38;2;180;60;0mgrad_norm:  [31m2.5943[m[32m2.5327[m  [38;2;54;234;195mmemory: [31m53.87GiB(67.81%)[m[32m72.92GiB(91.79%)[m  [34mtps: [31m840[m[32m847[m  [36mtflops: [31m40.51[m[32m40.80[m  [35mmfu: [31m4.10%[39m[m[32m4.13%[39m[m
[rank0]:[titan] 2026-03-17 [31m11:07:10,642[m[32m11:07:41,476[m - root - INFO - [31mstep: 607  [32mloss:  [31m2.7245[m[32m2.7171[m  [38;2;180;60;0mgrad_norm:  [31m2.8749[m[32m3.7335[m  [38;2;54;234;195mmemory: [31m53.87GiB(67.81%)[m[32m72.92GiB(91.79%)[m  [34mtps: [31m838[m[32m845[m  [36mtflops: [31m40.44[m[32m40.70[m  [35mmfu: [31m4.09%[39m[m[32m4.12%[39m[m
[rank0]:[titan] 2026-03-17 [31m11:07:13,082[m[32m11:07:43,896[m - root - INFO - [31mstep: 608  [32mloss:  [31m2.7494[m[32m2.7258[m  [38;2;180;60;0mgrad_norm:  [31m2.0080[m[32m1.9133[m  [38;2;54;234;195mmemory: [31m53.87GiB(67.81%)[m[32m72.92GiB(91.79%)[m  [34mtps: [31m839[m[32m846[m  [36mtflops: [31m40.50[m[32m40.78[m  [35mmfu: [31m4.10%[39m[m[32m4.12%[39m[m
[rank0]:[titan] 2026-03-17 [31m11:07:15,525[m[32m11:07:46,319[m - root - INFO - [31mstep: 609  [32mloss:  [31m2.7657[m[32m2.7574[m  [38;2;180;60;0mgrad_norm:  [31m2.3938[m[32m2.6362[m  [38;2;54;234;195mmemory: [31m53.87GiB(67.81%)[m[32m72.92GiB(91.79%)[m  [34mtps: [31m838[m[32m846[m  [36mtflops: [31m40.45[m[32m40.74[m  [35mmfu: [31m4.09%[39m[m[32m4.12%[39m[m
[rank0]:[titan] 2026-03-17 [31m11:07:17,968[m[32m11:07:48,740[m - root - INFO - [31mstep: 610  [32mloss:  [31m2.7262[m[32m2.7069[m  [38;2;180;60;0mgrad_norm:  [31m1.9121[m[32m2.1544[m  [38;2;54;234;195mmemory: [31m53.87GiB(67.81%)[m[32m72.92GiB(91.79%)[m  [34mtps: [31m839[m[32m846[m  [36mtflops: [31m40.46[m[32m40.76[m  [35mmfu: [31m4.09%[39m[m[32m4.12%[39m[m
[rank0]:[titan] 2026-03-17 [31m11:07:20,405[m[32m11:07:51,161[m - root - INFO - [31mstep: 611  [32mloss:  [31m2.7184[m[32m2.6940[m  [38;2;180;60;0mgrad_norm:  [31m2.3682[m[32m1.9956[m  [38;2;54;234;195mmemory: [31m53.87GiB(67.81%)[m[32m72.92GiB(91.79%)[m  [34mtps: [31m840[m[32m846[m  [36mtflops: [31m40.55[m[32m40.78[m  [35mmfu: [31m4.10%[39m[m[32m4.12%[39m[m
[rank0]:[titan] 2026-03-17 [31m11:07:22,847[m[32m11:07:53,584[m - root - INFO - [31mstep: 612  [32mloss:  [31m2.7771[m[32m2.7468[m  [38;2;180;60;0mgrad_norm:  [31m2.4250[m[32m2.5448[m  [38;2;54;234;195mmemory: [31m53.87GiB(67.81%)[m[32m72.92GiB(91.79%)[m  [34mtps: [31m839[m[32m845[m  [36mtflops: [31m40.48[m[32m40.74[m  [35mmfu: [31m4.09%[39m[m[32m4.12%[39m[m
[rank0]:[titan] 2026-03-17 [31m11:07:25,285[m[32m11:07:56,005[m - root - INFO - [31mstep: 613  [32mloss:  [31m2.7851[m[32m2.7586[m  [38;2;180;60;0mgrad_norm:  [31m2.6659[m[32m2.4868[m  [38;2;54;234;195mmemory: [31m53.87GiB(67.81%)[m[32m72.92GiB(91.79%)[m  [34mtps: [31m840[m[32m846[m  [36mtflops: [31m40.54[m[32m40.76[m  [35mmfu: [31m4.10%[39m[m[32m4.12%[39m[m
[rank0]:[titan] 2026-03-17 [31m11:07:27,726[m[32m11:07:58,425[m - root - INFO - [31mstep: 614  [32mloss:  [31m2.7316[m[32m2.7421[m  [38;2;180;60;0mgrad_norm:  [31m1.5026[m[32m1.9776[m  [38;2;54;234;195mmemory: [31m53.87GiB(67.81%)[m[32m72.92GiB(91.79%)[m  [34mtps: [31m839[m[32m847[m  [36mtflops: [31m40.49[m[32m40.79[m  [35mmfu: [31m4.09%[39m[m[32m4.12%[39m[m
[rank0]:[titan] 2026-03-17 [31m11:07:30,171[m[32m11:08:00,852[m - root - INFO - [31mstep: 615  [32mloss:  [31m2.7968[m[32m2.7906[m  [38;2;180;60;0mgrad_norm:  [31m2.2681[m[32m2.6243[m  [38;2;54;234;195mmemory: [31m53.87GiB(67.81%)[m[32m72.92GiB(91.79%)[m  [34mtps: [31m838[m[32m844[m  [36mtflops: [31m40.42[m[32m40.66[m  [35mmfu: [31m4.09%[39m[m[32m4.11%[39m[m
[rank0]:[titan] 2026-03-17 [31m11:07:32,610[m[32m11:08:03,275[m - root - INFO - [31mstep: 616  [32mloss:  [31m2.7791[m[32m2.7633[m  [38;2;180;60;0mgrad_norm:  [31m2.4451[m[32m2.2494[m  [38;2;54;234;195mmemory: [31m53.87GiB(67.81%)[m[32m72.92GiB(91.79%)[m  [34mtps: [31m840[m[32m845[m  [36mtflops: [31m40.52[m[32m40.73[m  [35mmfu: [31m4.10%[39m[m[32m4.12%[39m[m
[rank0]:[titan] 2026-03-17 [31m11:07:35,050[m[32m11:08:05,699[m - root - INFO - [31mstep: 617  [32mloss:  [31m2.7213[m[32m2.7234[m  [38;2;180;60;0mgrad_norm:  [31m1.8662[m[32m2.8758[m  [38;2;54;234;195mmemory: [31m53.87GiB(67.81%)[m[32m72.92GiB(91.79%)[m  [34mtps: [31m840[m[32m845[m  [36mtflops: [31m40.51[m[32m40.73[m  [35mmfu: [31m4.10%[39m[m[32m4.12%[39m[m
[rank0]:[titan] 2026-03-17 [31m11:07:37,500[m[32m11:08:08,128[m - root - INFO - [31mstep: 618  [32mloss:  [31m2.7595[m[32m2.7510[m  [38;2;180;60;0mgrad_norm:  [31m1.7431[m[32m2.6805[m  [38;2;54;234;195mmemory: [31m53.87GiB(67.81%)[m[32m72.92GiB(91.79%)[m  [34mtps: [31m836[m[32m843[m  [36mtflops: [31m40.35[m[32m40.64[m  [35mmfu: [31m4.08%[39m[m[32m4.11%[39m[m
[rank0]:[titan] 2026-03-17 [31m11:07:39,940[m[32m11:08:10,549[m - root - INFO - [31mstep: 619  [32mloss:  [31m2.6680[m[32m2.6605[m  [38;2;180;60;0mgrad_norm:  [31m2.8621[m[32m3.0635[m  [38;2;54;234;195mmemory: [31m53.87GiB(67.81%)[m[32m72.92GiB(91.79%)[m  [34mtps: [31m840[m[32m846[m  [36mtflops: [31m40.51[m[32m40.77[m  [35mmfu: [31m4.10%[39m[m[32m4.12%[39m[m
[rank0]:[titan] 2026-03-17 [31m11:07:42,379[m[32m11:08:12,970[m - root - INFO - [31mstep: 620  [32mloss:  [31m2.6660[m[32m2.6673[m  [38;2;180;60;0mgrad_norm:  [31m1.9995[m[32m2.9753[m  [38;2;54;234;195mmemory: [31m53.87GiB(67.81%)[m[32m72.92GiB(91.79%)[m  [34mtps: [31m840[m[32m846[m  [36mtflops: [31m40.51[m[32m40.77[m  [35mmfu: [31m4.10%[39m[m[32m4.12%[39m[m
[rank0]:[titan] 2026-03-17 [31m11:07:44,825[m[32m11:08:15,394[m - root - INFO - [31mstep: 621  [32mloss:  [31m2.7302[m[32m2.6973[m  [38;2;180;60;0mgrad_norm:  [31m3.1257[m[32m2.0812[m  [38;2;54;234;195mmemory: [31m53.87GiB(67.81%)[m[32m72.92GiB(91.79%)[m  [34mtps: [31m837[m[32m846[m  [36mtflops: [31m40.41[m[32m40.74[m  [35mmfu: [31m4.09%[39m[m[32m4.12%[39m[m
[rank0]:[titan] 2026-03-17 [31m11:07:47,266[m[32m11:08:17,813[m - root - INFO - [31mstep: 622  [32mloss:  [31m2.7579[m[32m2.7344[m  [38;2;180;60;0mgrad_norm:  [31m2.2395[m[32m3.1892[m  [38;2;54;234;195mmemory: [31m53.87GiB(67.81%)[m[32m72.92GiB(91.79%)[m  [34mtps: [31m839[m[32m847[m  [36mtflops: [31m40.49[m[32m40.80[m  [35mmfu: [31m4.09%[39m[m[32m4.13%[39m[m
[rank0]:[titan] 2026-03-17 [31m11:07:49,711[m[32m11:08:20,235[m - root - INFO - [31mstep: 623  [32mloss:  [31m2.8395[m[32m2.8033[m  [38;2;180;60;0mgrad_norm:  [31m2.7883[m[32m2.8629[m  [38;2;54;234;195mmemory: [31m53.87GiB(67.81%)[m[32m72.92GiB(91.79%)[m  [34mtps: [31m838[m[32m846[m  [36mtflops: [31m40.43[m[32m40.75[m  [35mmfu: [31m4.09%[39m[m[32m4.12%[39m[m
[rank0]:[titan] 2026-03-17 [31m11:07:52,149[m[32m11:08:22,659[m - root - INFO - [31mstep: 624  [32mloss:  [31m2.7826[m[32m2.7631[m  [38;2;180;60;0mgrad_norm:  [31m2.5138[m[32m2.0876[m  [38;2;54;234;195mmemory: [31m53.87GiB(67.81%)[m[32m72.92GiB(91.79%)[m  [34mtps: [31m840[m[32m845[m  [36mtflops: [31m40.53[m[32m40.72[m  [35mmfu: [31m4.10%[39m[m[32m4.12%[39m[m
[rank0]:[titan] 2026-03-17 [31m11:07:54,593[m[32m11:08:25,084[m - root - INFO - [31mstep: 625  [32mloss:  [31m2.7781[m[32m2.7451[m  [38;2;180;60;0mgrad_norm:  [31m2.4365[m[32m3.2142[m  [38;2;54;234;195mmemory: [31m53.87GiB(67.81%)[m[32m72.92GiB(91.79%)[m  [34mtps: [31m838[m[32m845[m  [36mtflops: [31m40.44[m[32m40.70[m  [35mmfu: [31m4.09%[39m[m[32m4.12%[39m[m
[rank0]:[titan] 2026-03-17 [31m11:07:57,039[m[32m11:08:27,511[m - root - INFO - [31mstep: 626  [32mloss:  [31m2.7712[m[32m2.7321[m  [38;2;180;60;0mgrad_norm:  [31m2.3680[m[32m1.5687[m  [38;2;54;234;195mmemory: [31m53.87GiB(67.81%)[m[32m72.92GiB(91.79%)[m  [34mtps: [31m837[m[32m844[m  [36mtflops: [31m40.40[m[32m40.66[m  [35mmfu: [31m4.08%[39m[m[32m4.11%[39m[m
[rank0]:[titan] 2026-03-17 [31m11:07:59,486[m[32m11:08:29,938[m - root - INFO - [31mstep: 627  [32mloss:  [31m2.7240[m[32m2.7023[m  [38;2;180;60;0mgrad_norm:  [31m2.5883[m[32m3.0233[m  [38;2;54;234;195mmemory: [31m53.87GiB(67.81%)[m[32m72.92GiB(91.79%)[m  [34mtps: [31m837[m[32m844[m  [36mtflops: [31m40.40[m[32m40.68[m  [35mmfu: [31m4.08%[39m[m[32m4.11%[39m[m
[rank0]:[titan] 2026-03-17 [31m11:08:01,929[m[32m11:08:32,361[m - root - INFO - [31mstep: 628  [32mloss:  [31m2.7114[m[32m2.6961[m  [38;2;180;60;0mgrad_norm:  [31m1.9265[m[32m2.4072[m  [38;2;54;234;195mmemory: [31m53.87GiB(67.81%)[m[32m72.92GiB(91.79%)[m  [34mtps: [31m839[m[32m845[m  [36mtflops: [31m40.46[m[32m40.73[m  [35mmfu: [31m4.09%[39m[m[32m4.12%[39m[m
[rank0]:[titan] 2026-03-17 [31m11:08:04,371[m[32m11:08:34,787[m - root - INFO - [31mstep: 629  [32mloss:  [31m2.7068[m[32m2.7073[m  [38;2;180;60;0mgrad_norm:  [31m2.7278[m[32m2.7820[m  [38;2;54;234;195mmemory: [31m53.87GiB(67.81%)[m[32m72.92GiB(91.79%)[m  [34mtps: [31m839[m[32m844[m  [36mtflops: [31m40.46[m[32m40.68[m  [35mmfu: [31m4.09%[39m[m[32m4.11%[39m[m
[rank0]:[titan] 2026-03-17 [31m11:08:06,819[m[32m11:08:37,214[m - root - INFO - [31mstep: 630  [32mloss:  [31m2.7115[m[32m2.7111[m  [38;2;180;60;0mgrad_norm:  [31m2.3439[m[32m3.3385[m  [38;2;54;234;195mmemory: [31m53.87GiB(67.81%)[m[32m72.92GiB(91.79%)[m  [34mtps: [31m837[m[32m844[m  [36mtflops: [31m40.39[m[32m40.67[m  [35mmfu: [31m4.08%[39m[m[32m4.11%[39m[m
[rank0]:[titan] 2026-03-17 [31m11:08:09,257[m[32m11:08:39,635[m - root - INFO - [31mstep: 631  [32mloss:  [31m2.7882[m[32m2.7668[m  [38;2;180;60;0mgrad_norm:  [31m2.4796[m[32m2.4944[m  [38;2;54;234;195mmemory: [31m53.87GiB(67.81%)[m[32m72.92GiB(91.79%)[m  [34mtps: [31m840[m[32m846[m  [36mtflops: [31m40.53[m[32m40.77[m  [35mmfu: [31m4.10%[39m[m[32m4.12%[39m[m
[rank0]:[titan] 2026-03-17 [31m11:08:11,694[m[32m11:08:42,056[m - root - INFO - [31mstep: 632  [32mloss:  [31m2.8780[m[32m2.8465[m  [38;2;180;60;0mgrad_norm:  [31m2.3927[m[32m2.2368[m  [38;2;54;234;195mmemory: [31m53.87GiB(67.81%)[m[32m72.92GiB(91.79%)[m  [34mtps: [31m841[m[32m846[m  [36mtflops: [31m40.56[m[32m40.76[m  [35mmfu: [31m4.10%[39m[m[32m4.12%[39m[m
[rank0]:[titan] 2026-03-17 [31m11:08:14,150[m[32m11:08:44,478[m - root - INFO - [31mstep: 633  [32mloss:  [31m2.7976[m[32m2.7819[m  [38;2;180;60;0mgrad_norm:  [31m2.3548[m[32m3.0221[m  [38;2;54;234;195mmemory: [31m53.87GiB(67.81%)[m[32m72.92GiB(91.79%)[m  [34mtps: [31m836[m[32m846[m  [36mtflops: [31m40.35[m[32m40.76[m  [35mmfu: [31m4.08%[39m[m[32m4.12%[39m[m
[rank0]:[titan] 2026-03-17 [31m11:08:16,589[m[32m11:08:46,899[m - root - INFO - [31mstep: 634  [32mloss:  [31m2.7515[m[32m2.7192[m  [38;2;180;60;0mgrad_norm:  [31m2.5108[m[32m1.4624[m  [38;2;54;234;195mmemory: [31m53.87GiB(67.81%)[m[32m72.92GiB(91.79%)[m  [34mtps: [31m841[m[32m846[m  [36mtflops: [31m40.56[m[32m40.76[m  [35mmfu: [31m4.10%[39m[m[32m4.12%[39m[m
[rank0]:[titan] 2026-03-17 [31m11:08:16,589[m[32m11:08:46,900[m - root - WARNING - Dataset c4_test is being re-looped
[rank0]:[titan] 2026-03-17 [31m11:08:19,032[m[32m11:08:49,321[m - root - INFO - [31mstep: 635  [32mloss:  [31m2.8426[m[32m2.8212[m  [38;2;180;60;0mgrad_norm:  [31m1.8855[m[32m2.3219[m  [38;2;54;234;195mmemory: [31m53.87GiB(67.81%)[m[32m72.92GiB(91.79%)[m  [34mtps: [31m838[m[32m846[m  [36mtflops: [31m40.46[m[32m40.75[m  [35mmfu: [31m4.09%[39m[m[32m4.12%[39m[m
[rank0]:[titan] 2026-03-17 [31m11:08:21,470[m[32m11:08:51,741[m - root - INFO - [31mstep: 636  [32mloss:  [31m2.8005[m[32m2.7837[m  [38;2;180;60;0mgrad_norm:  [31m2.5413[m[32m2.9025[m  [38;2;54;234;195mmemory: [31m53.87GiB(67.81%)[m[32m72.92GiB(91.79%)[m  [34mtps: [31m840[m[32m846[m  [36mtflops: [31m40.54[m[32m40.78[m  [35mmfu: [31m4.10%[39m[m[32m4.12%[39m[m
[rank0]:[titan] 2026-03-17 [31m11:08:23,913[m[32m11:08:54,167[m - root - INFO - [31mstep: 637  [32mloss:  [31m2.8123[m[32m2.7992[m  [38;2;180;60;0mgrad_norm:  [31m2.7346[m[32m2.1735[m  [38;2;54;234;195mmemory: [31m53.87GiB(67.81%)[m[32m72.92GiB(91.79%)[m  [34mtps: [31m838[m[32m845[m  [36mtflops: [31m40.45[m[32m40.69[m  [35mmfu: [31m4.09%[39m[m[32m4.11%[39m[m
[rank0]:[titan] 2026-03-17 [31m11:08:26,372[m[32m11:08:56,601[m - root - INFO - [31mstep: 638  [32mloss:  [31m2.7850[m[32m2.7622[m  [38;2;180;60;0mgrad_norm:  [31m2.1786[m[32m2.4181[m  [38;2;54;234;195mmemory: [31m53.87GiB(67.81%)[m[32m72.92GiB(91.79%)[m  [34mtps: [31m833[m[32m842[m  [36mtflops: [31m40.19[m[32m40.55[m  [35mmfu: [31m4.06%[39m[m[32m4.10%[39m[m
[rank0]:[titan] 2026-03-17 [31m11:08:28,813[m[32m11:08:59,020[m - root - INFO - [31mstep: 639  [32mloss:  [31m2.7428[m[32m2.7168[m  [38;2;180;60;0mgrad_norm:  [31m2.2158[m[32m2.0154[m  [38;2;54;234;195mmemory: [31m53.87GiB(67.81%)[m[32m72.92GiB(91.79%)[m  [34mtps: [31m839[m[32m847[m  [36mtflops: [31m40.48[m[32m40.79[m  [35mmfu: [31m4.09%[39m[m[32m4.12%[39m[m
[rank0]:[titan] 2026-03-17 [31m11:08:31,253[m[32m11:09:01,448[m - root - INFO - [31mstep: 640  [32mloss:  [31m2.7431[m[32m2.7153[m  [38;2;180;60;0mgrad_norm:  [31m2.1713[m[32m2.3605[m  [38;2;54;234;195mmemory: [31m53.87GiB(67.81%)[m[32m72.92GiB(91.79%)[m  [34mtps: [31m840[m[32m844[m  [36mtflops: [31m40.51[m[32m40.65[m  [35mmfu: [31m4.10%[39m[m[32m4.11%[39m[m
[rank0]:[titan] 2026-03-17 [31m11:08:33,703[m[32m11:09:03,879[m - root - INFO - [31mstep: 641  [32mloss:  [31m2.7616[m[32m2.7430[m  [38;2;180;60;0mgrad_norm:  [31m2.5903[m[32m2.6242[m  [38;2;54;234;195mmemory: [31m53.87GiB(67.81%)[m[32m72.92GiB(91.79%)[m  [34mtps: [31m836[m[32m843[m  [36mtflops: [31m40.34[m[32m40.62[m  [35mmfu: [31m4.08%[39m[m[32m4.11%[39m[m
[rank0]:[titan] 2026-03-17 [31m11:08:36,142[m[32m11:09:06,300[m - root - INFO - [31mstep: 642  [32mloss:  [31m2.7536[m[32m2.7431[m  [38;2;180;60;0mgrad_norm:  [31m1.8752[m[32m1.9475[m  [38;2;54;234;195mmemory: [31m53.87GiB(67.81%)[m[32m72.92GiB(91.79%)[m  [34mtps: [31m840[m[32m846[m  [36mtflops: [31m40.52[m[32m40.76[m  [35mmfu: [31m4.10%[39m[m[32m4.12%[39m[m
[rank0]:[titan] 2026-03-17 [31m11:08:38,584[m[32m11:09:08,722[m - root - INFO - [31mstep: 643  [32mloss:  [31m2.8423[m[32m2.8170[m  [38;2;180;60;0mgrad_norm:  [31m2.3120[m[32m2.3071[m  [38;2;54;234;195mmemory: [31m53.87GiB(67.81%)[m[32m72.92GiB(91.79%)[m  [34mtps: [31m839[m[32m846[m  [36mtflops: [31m40.48[m[32m40.76[m  [35mmfu: [31m4.09%[39m[m[32m4.12%[39m[m
[rank0]:[titan] 2026-03-17 [31m11:08:41,024[m[32m11:09:11,143[m - root - INFO - [31mstep: 644  [32mloss:  [31m2.7371[m[32m2.7274[m  [38;2;180;60;0mgrad_norm:  [31m2.3300[m[32m2.2786[m  [38;2;54;234;195mmemory: [31m53.87GiB(67.81%)[m[32m72.92GiB(91.79%)[m  [34mtps: [31m840[m[32m846[m  [36mtflops: [31m40.52[m[32m40.77[m  [35mmfu: [31m4.10%[39m[m[32m4.12%[39m[m
[rank0]:[titan] 2026-03-17 [31m11:08:43,465[m[32m11:09:13,563[m - root - INFO - [31mstep: 645  [32mloss:  [31m2.7243[m[32m2.7114[m  [38;2;180;60;0mgrad_norm:  [31m1.7649[m[32m1.8749[m  [38;2;54;234;195mmemory: [31m53.87GiB(67.81%)[m[32m72.92GiB(91.79%)[m  [34mtps: [31m839[m[32m847[m  [36mtflops: [31m40.49[m[32m40.79[m  [35mmfu: [31m4.09%[39m[m[32m4.12%[39m[m
[rank0]:[titan] 2026-03-17 [31m11:08:45,904[m[32m11:09:15,984[m - root - INFO - [31mstep: 646  [32mloss:  [31m2.7525[m[32m2.7350[m  [38;2;180;60;0mgrad_norm:  [31m4.0729[m[32m2.2856[m  [38;2;54;234;195mmemory: [31m53.87GiB(67.81%)[m[32m72.92GiB(91.79%)[m  [34mtps: [31m840[m[32m846[m  [36mtflops: [31m40.52[m[32m40.76[m  [35mmfu: [31m4.10%[39m[m[32m4.12%[39m[m
[rank0]:[titan] 2026-03-17 [31m11:08:48,343[m[32m11:09:18,417[m - root - INFO - [31mstep: 647  [32mloss:  [31m2.7919[m[32m2.7595[m  [38;2;180;60;0mgrad_norm:  [31m4.0037[m[32m2.1225[m  [38;2;54;234;195mmemory: [31m53.87GiB(67.81%)[m[32m72.92GiB(91.79%)[m  [34mtps: [31m840[m[32m842[m  [36mtflops: [31m40.52[m[32m40.57[m  [35mmfu: 4.10%[39m
[rank0]:[titan] 2026-03-17 [31m11:08:50,785[m[32m11:09:20,838[m - root - INFO - [31mstep: 648  [32mloss:  [31m2.8398[m[32m2.8199[m  [38;2;180;60;0mgrad_norm:  [31m2.0288[m[32m2.1576[m  [38;2;54;234;195mmemory: [31m53.87GiB(67.81%)[m[32m72.92GiB(91.79%)[m  [34mtps: [31m839[m[32m846[m  [36mtflops: [31m40.47[m[32m40.77[m  [35mmfu: [31m4.09%[39m[m[32m4.12%[39m[m
[rank0]:[titan] 2026-03-17 [31m11:08:53,227[m[32m11:09:23,263[m - root - INFO - [31mstep: 649  [32mloss:  [31m2.8591[m[32m2.8529[m  [38;2;180;60;0mgrad_norm:  [31m2.0145[m[32m1.9445[m  [38;2;54;234;195mmemory: [31m53.87GiB(67.81%)[m[32m72.92GiB(91.79%)[m  [34mtps: [31m839[m[32m845[m  [36mtflops: [31m40.47[m[32m40.71[m  [35mmfu: [31m4.09%[39m[m[32m4.12%[39m[m
[rank0]:[titan] 2026-03-17 [31m11:08:55,665[m[32m11:09:25,683[m - root - INFO - [31mstep: 650  [32mloss:  [31m2.8204[m[32m2.8012[m  [38;2;180;60;0mgrad_norm:  [31m2.3033[m[32m1.7236[m  [38;2;54;234;195mmemory: [31m53.87GiB(67.81%)[m[32m72.92GiB(91.79%)[m  [34mtps: [31m840[m[32m846[m  [36mtflops: [31m40.54[m[32m40.78[m  [35mmfu: [31m4.10%[39m[m[32m4.12%[39m[m
[rank0]:[titan] 2026-03-17 [31m11:08:58,106[m[32m11:09:28,104[m - root - INFO - [31mstep: 651  [32mloss:  [31m2.7738[m[32m2.7394[m  [38;2;180;60;0mgrad_norm:  [31m2.7980[m[32m2.0582[m  [38;2;54;234;195mmemory: [31m53.87GiB(67.81%)[m[32m72.92GiB(91.79%)[m  [34mtps: [31m839[m[32m846[m  [36mtflops: [31m40.47[m[32m40.78[m  [35mmfu: [31m4.09%[39m[m[32m4.12%[39m[m
[rank0]:[titan] 2026-03-17 [31m11:09:00,545[m[32m11:09:30,524[m - root - INFO - [31mstep: 652  [32mloss:  [31m2.7752[m[32m2.7515[m  [38;2;180;60;0mgrad_norm:  [31m2.3636[m[32m2.1001[m  [38;2;54;234;195mmemory: [31m53.87GiB(67.81%)[m[32m72.92GiB(91.79%)[m  [34mtps: [31m840[m[32m846[m  [36mtflops: [31m40.53[m[32m40.78[m  [35mmfu: [31m4.10%[39m[m[32m4.12%[39m[m
[rank0]:[titan] 2026-03-17 [31m11:09:02,986[m[32m11:09:32,946[m - root - INFO - [31mstep: 653  [32mloss:  [31m2.8318[m[32m2.8365[m  [38;2;180;60;0mgrad_norm:  [31m2.5468[m[32m2.3431[m  [38;2;54;234;195mmemory: [31m53.87GiB(67.81%)[m[32m72.92GiB(91.79%)[m  [34mtps: [31m839[m[32m846[m  [36mtflops: [31m40.50[m[32m40.76[m  [35mmfu: [31m4.10%[39m[m[32m4.12%[39m[m
[rank0]:[titan] 2026-03-17 [31m11:09:05,431[m[32m11:09:35,369[m - root - INFO - [31mstep: 654  [32mloss:  [31m2.7596[m[32m2.7464[m  [38;2;180;60;0mgrad_norm:  [31m2.5938[m[32m2.8507[m  [38;2;54;234;195mmemory: [31m53.87GiB(67.81%)[m[32m72.92GiB(91.79%)[m  [34mtps: [31m837[m[32m845[m  [36mtflops: [31m40.41[m[32m40.73[m  [35mmfu: [31m4.09%[39m[m[32m4.12%[39m[m
[rank0]:[titan] 2026-03-17 [31m11:09:07,874[m[32m11:09:37,788[m - root - INFO - [31mstep: 655  [32mloss:  [31m2.7999[m[32m2.7925[m  [38;2;180;60;0mgrad_norm:  [31m2.7480[m[32m2.5059[m  [38;2;54;234;195mmemory: [31m53.87GiB(67.81%)[m[32m72.92GiB(91.79%)[m  [34mtps: [31m839[m[32m847[m  [36mtflops: [31m40.47[m[32m40.80[m  [35mmfu: [31m4.09%[39m[m[32m4.12%[39m[m
[rank0]:[titan] 2026-03-17 [31m11:09:10,322[m[32m11:09:40,217[m - root - INFO - [31mstep: 656  [32mloss:  [31m2.7957[m[32m2.7959[m  [38;2;180;60;0mgrad_norm:  [31m2.1431[m[32m2.3824[m  [38;2;54;234;195mmemory: [31m53.87GiB(67.81%)[m[32m72.92GiB(91.79%)[m  [34mtps: [31m837[m[32m844[m  [36mtflops: [31m40.36[m[32m40.65[m  [35mmfu: [31m4.08%[39m[m[32m4.11%[39m[m
[rank0]:[titan] 2026-03-17 [31m11:09:12,764[m[32m11:09:42,642[m - root - INFO - [31mstep: 657  [32mloss:  [31m2.7935[m[32m2.7825[m  [38;2;180;60;0mgrad_norm:  [31m2.3825[m[32m1.9550[m  [38;2;54;234;195mmemory: [31m53.87GiB(67.81%)[m[32m72.92GiB(91.79%)[m  [34mtps: [31m839[m[32m845[m  [36mtflops: [31m40.48[m[32m40.69[m  [35mmfu: [31m4.09%[39m[m[32m4.11%[39m[m
[rank0]:[titan] 2026-03-17 [31m11:09:15,205[m[32m11:09:45,064[m - root - INFO - [31mstep: 658  [32mloss:  [31m2.7522[m[32m2.7384[m  [38;2;180;60;0mgrad_norm:  [31m3.0646[m[32m2.2771[m  [38;2;54;234;195mmemory: [31m53.87GiB(67.81%)[m[32m72.92GiB(91.79%)[m  [34mtps: [31m839[m[32m846[m  [36mtflops: [31m40.48[m[32m40.76[m  [35mmfu: [31m4.09%[39m[m[32m4.12%[39m[m
[rank0]:[titan] 2026-03-17 [31m11:09:17,650[m[32m11:09:47,489[m - root - INFO - [31mstep: 659  [32mloss:  [31m2.7720[m[32m2.7637[m  [38;2;180;60;0mgrad_norm:  [31m2.4061[m[32m1.9047[m  [38;2;54;234;195mmemory: [31m53.87GiB(67.81%)[m[32m72.92GiB(91.79%)[m  [34mtps: [31m838[m[32m845[m  [36mtflops: [31m40.43[m[32m40.71[m  [35mmfu: [31m4.09%[39m[m[32m4.12%[39m[m
[rank0]:[titan] 2026-03-17 [31m11:09:20,086[m[32m11:09:49,908[m - root - INFO - [31mstep: 660  [32mloss:  [31m2.7389[m[32m2.7416[m  [38;2;180;60;0mgrad_norm:  [31m1.8704[m[32m1.6979[m  [38;2;54;234;195mmemory: [31m53.87GiB(67.81%)[m[32m72.92GiB(91.79%)[m  [34mtps: [31m841[m[32m847[m  [36mtflops: [31m40.57[m[32m40.80[m  [35mmfu: [31m4.10%[39m[m[32m4.12%[39m[m
[rank0]:[titan] 2026-03-17 [31m11:09:22,526[m[32m11:09:52,329[m - root - INFO - [31mstep: 661  [32mloss:  [31m2.7456[m[32m2.7304[m  [38;2;180;60;0mgrad_norm:  [31m2.5870[m[32m2.4676[m  [38;2;54;234;195mmemory: [31m53.87GiB(67.81%)[m[32m72.92GiB(91.79%)[m  [34mtps: [31m839[m[32m846[m  [36mtflops: [31m40.50[m[32m40.77[m  [35mmfu: [31m4.10%[39m[m[32m4.12%[39m[m
[rank0]:[titan] 2026-03-17 [31m11:09:24,969[m[32m11:09:54,756[m - root - INFO - [31mstep: 662  [32mloss:  [31m2.7604[m[32m2.7597[m  [38;2;180;60;0mgrad_norm:  [31m2.0488[m[32m2.2337[m  [38;2;54;234;195mmemory: [31m53.87GiB(67.81%)[m[32m72.92GiB(91.79%)[m  [34mtps: [31m838[m[32m844[m  [36mtflops: [31m40.46[m[32m40.67[m  [35mmfu: [31m4.09%[39m[m[32m4.11%[39m[m
[rank0]:[titan] 2026-03-17 [31m11:09:27,412[m[32m11:09:57,176[m - root - INFO - [31mstep: 663  [32mloss:  [31m2.7781[m[32m2.7751[m  [38;2;180;60;0mgrad_norm:  [31m1.9684[m[32m2.2357[m  [38;2;54;234;195mmemory: [31m53.87GiB(67.81%)[m[32m72.92GiB(91.79%)[m  [34mtps: [31m839[m[32m846[m  [36mtflops: [31m40.47[m[32m40.77[m  [35mmfu: [31m4.09%[39m[m[32m4.12%[39m[m
[rank0]:[titan] 2026-03-17 [31m11:09:29,854[m[32m11:09:59,598[m - root - INFO - [31mstep: 664  [32mloss:  [31m2.7820[m[32m2.7709[m  [38;2;180;60;0mgrad_norm:  [31m2.7480[m[32m2.7994[m  [38;2;54;234;195mmemory: [31m53.87GiB(67.81%)[m[32m72.92GiB(91.79%)[m  [34mtps: [31m839[m[32m846[m  [36mtflops: [31m40.46[m[32m40.75[m  [35mmfu: [31m4.09%[39m[m[32m4.12%[39m[m
[rank0]:[titan] 2026-03-17 [31m11:09:32,297[m[32m11:10:02,022[m - root - INFO - [31mstep: 665  [32mloss:  [31m2.8588[m[32m2.8322[m  [38;2;180;60;0mgrad_norm:  [31m1.8166[m[32m1.8890[m  [38;2;54;234;195mmemory: [31m53.87GiB(67.81%)[m[32m72.92GiB(91.79%)[m  [34mtps: [31m838[m[32m845[m  [36mtflops: [31m40.46[m[32m40.73[m  [35mmfu: [31m4.09%[39m[m[32m4.12%[39m[m
[rank0]:[titan] 2026-03-17 [31m11:09:34,737[m[32m11:10:04,444[m - root - INFO - [31mstep: 666  [32mloss:  [31m2.7965[m[32m2.7823[m  [38;2;180;60;0mgrad_norm:  [31m2.0148[m[32m2.3971[m  [38;2;54;234;195mmemory: [31m53.87GiB(67.81%)[m[32m72.92GiB(91.79%)[m  [34mtps: [31m840[m[32m846[m  [36mtflops: [31m40.51[m[32m40.74[m  [35mmfu: [31m4.10%[39m[m[32m4.12%[39m[m
[rank0]:[titan] 2026-03-17 [31m11:09:37,179[m[32m11:10:06,866[m - root - INFO - [31mstep: 667  [32mloss:  [31m2.7675[m[32m2.7623[m  [38;2;180;60;0mgrad_norm:  [31m2.4733[m[32m2.6004[m  [38;2;54;234;195mmemory: [31m53.87GiB(67.81%)[m[32m72.92GiB(91.79%)[m  [34mtps: [31m839[m[32m846[m  [36mtflops: [31m40.47[m[32m40.76[m  [35mmfu: [31m4.09%[39m[m[32m4.12%[39m[m
[rank0]:[titan] 2026-03-17 [31m11:09:39,623[m[32m11:10:09,290[m - root - INFO - [31mstep: 668  [32mloss:  [31m2.8072[m[32m2.8088[m  [38;2;180;60;0mgrad_norm:  [31m2.0966[m[32m2.5091[m  [38;2;54;234;195mmemory: [31m53.87GiB(67.81%)[m[32m72.92GiB(91.79%)[m  [34mtps: [31m838[m[32m845[m  [36mtflops: [31m40.43[m[32m40.70[m  [35mmfu: [31m4.09%[39m[m[32m4.12%[39m[m
[rank0]:[titan] 2026-03-17 [31m11:09:42,064[m[32m11:10:11,712[m - root - INFO - [31mstep: 669  [32mloss:  [31m2.7606[m[32m2.7557[m  [38;2;180;60;0mgrad_norm:  [31m2.2839[m[32m2.0253[m  [38;2;54;234;195mmemory: [31m53.87GiB(67.81%)[m[32m72.92GiB(91.79%)[m  [34mtps: [31m839[m[32m846[m  [36mtflops: [31m40.50[m[32m40.77[m  [35mmfu: [31m4.09%[39m[m[32m4.12%[39m[m
[rank0]:[titan] 2026-03-17 [31m11:09:44,502[m[32m11:10:14,132[m - root - INFO - [31mstep: 670  [32mloss:  [31m2.7839[m[32m2.7552[m  [38;2;180;60;0mgrad_norm:  [31m2.5078[m[32m2.7277[m  [38;2;54;234;195mmemory: [31m53.87GiB(67.81%)[m[32m72.92GiB(91.79%)[m  [34mtps: [31m840[m[32m846[m  [36mtflops: [31m40.55[m[32m40.77[m  [35mmfu: [31m4.10%[39m[m[32m4.12%[39m[m
[rank0]:[titan] 2026-03-17 [31m11:09:46,945[m[32m11:10:16,555[m - root - INFO - [31mstep: 671  [32mloss:  [31m2.7847[m[32m2.7648[m  [38;2;180;60;0mgrad_norm:  [31m2.0927[m[32m2.4533[m  [38;2;54;234;195mmemory: [31m53.87GiB(67.81%)[m[32m72.92GiB(91.79%)[m  [34mtps: [31m838[m[32m846[m  [36mtflops: [31m40.44[m[32m40.74[m  [35mmfu: [31m4.09%[39m[m[32m4.12%[39m[m
[rank0]:[titan] 2026-03-17 [31m11:09:49,388[m[32m11:10:18,975[m - root - INFO - [31mstep: 672  [32mloss:  [31m2.7630[m[32m2.7387[m  [38;2;180;60;0mgrad_norm:  [31m2.6530[m[32m2.0757[m  [38;2;54;234;195mmemory: [31m53.87GiB(67.81%)[m[32m72.92GiB(91.79%)[m  [34mtps: [31m839[m[32m846[m  [36mtflops: [31m40.46[m[32m40.78[m  [35mmfu: [31m4.09%[39m[m[32m4.12%[39m[m
[rank0]:[titan] 2026-03-17 [31m11:09:51,837[m[32m11:10:21,404[m - root - INFO - [31mstep: 673  [32mloss:  [31m2.7946[m[32m2.7716[m  [38;2;180;60;0mgrad_norm:  [31m1.9813[m[32m2.1689[m  [38;2;54;234;195mmemory: [31m53.87GiB(67.81%)[m[32m72.92GiB(91.79%)[m  [34mtps: [31m836[m[32m843[m  [36mtflops: [31m40.36[m[32m40.64[m  [35mmfu: [31m4.08%[39m[m[32m4.11%[39m[m
[rank0]:[titan] 2026-03-17 [31m11:09:54,274[m[32m11:10:23,824[m - root - INFO - [31mstep: 674  [32mloss:  [31m2.7720[m[32m2.7628[m  [38;2;180;60;0mgrad_norm:  [31m2.3247[m[32m2.2030[m  [38;2;54;234;195mmemory: [31m53.87GiB(67.81%)[m[32m72.92GiB(91.79%)[m  [34mtps: [31m840[m[32m846[m  [36mtflops: [31m40.54[m[32m40.78[m  [35mmfu: [31m4.10%[39m[m[32m4.12%[39m[m
[rank0]:[titan] 2026-03-17 [31m11:09:56,719[m[32m11:10:26,246[m - root - INFO - [31mstep: 675  [32mloss:  [31m2.8150[m[32m2.7968[m  [38;2;180;60;0mgrad_norm:  [31m2.7600[m[32m2.1228[m  [38;2;54;234;195mmemory: [31m53.87GiB(67.81%)[m[32m72.92GiB(91.79%)[m  [34mtps: [31m838[m[32m846[m  [36mtflops: [31m40.42[m[32m40.75[m  [35mmfu: [31m4.09%[39m[m[32m4.12%[39m[m
[rank0]:[titan] 2026-03-17 [31m11:09:59,162[m[32m11:10:28,666[m - root - INFO - [31mstep: 676  [32mloss:  [31m2.7272[m[32m2.7150[m  [38;2;180;60;0mgrad_norm:  [31m2.7003[m[32m2.6937[m  [38;2;54;234;195mmemory: [31m53.87GiB(67.81%)[m[32m72.92GiB(91.79%)[m  [34mtps: [31m839[m[32m846[m  [36mtflops: [31m40.46[m[32m40.78[m  [35mmfu: [31m4.09%[39m[m[32m4.12%[39m[m
[rank0]:[titan] 2026-03-17 [31m11:10:01,602[m[32m11:10:31,086[m - root - INFO - [31mstep: 677  [32mloss:  [31m2.7555[m[32m2.7392[m  [38;2;180;60;0mgrad_norm:  [31m2.0283[m[32m2.1272[m  [38;2;54;234;195mmemory: [31m53.87GiB(67.81%)[m[32m72.92GiB(91.79%)[m  [34mtps: [31m839[m[32m846[m  [36mtflops: [31m40.51[m[32m40.78[m  [35mmfu: [31m4.10%[39m[m[32m4.12%[39m[m
[rank0]:[titan] 2026-03-17 [31m11:10:04,049[m[32m11:10:33,516[m - root - INFO - [31mstep: 678  [32mloss:  [31m2.8400[m[32m2.8089[m  [38;2;180;60;0mgrad_norm:  [31m2.5057[m[32m2.5883[m  [38;2;54;234;195mmemory: [31m53.87GiB(67.81%)[m[32m72.92GiB(91.79%)[m  [34mtps: [31m837[m[32m843[m  [36mtflops: [31m40.39[m[32m40.62[m  [35mmfu: [31m4.08%[39m[m[32m4.11%[39m[m
[rank0]:[titan] 2026-03-17 [31m11:10:06,489[m[32m11:10:35,937[m - root - INFO - [31mstep: 679  [32mloss:  [31m2.7400[m[32m2.7076[m  [38;2;180;60;0mgrad_norm:  [31m1.9954[m[32m2.2058[m  [38;2;54;234;195mmemory: [31m53.87GiB(67.81%)[m[32m72.92GiB(91.79%)[m  [34mtps: [31m839[m[32m846[m  [36mtflops: [31m40.51[m[32m40.77[m  [35mmfu: [31m4.10%[39m[m[32m4.12%[39m[m
[rank0]:[titan] 2026-03-17 [31m11:10:08,941[m[32m11:10:38,370[m - root - INFO - [31mstep: 680  [32mloss:  [31m2.8286[m[32m2.8014[m  [38;2;180;60;0mgrad_norm:  [31m3.2631[m[32m2.5168[m  [38;2;54;234;195mmemory: [31m53.87GiB(67.81%)[m[32m72.92GiB(91.79%)[m  [34mtps: [31m835[m[32m842[m  [36mtflops: [31m40.31[m[32m40.57[m  [35mmfu: [31m4.08%[39m[m[32m4.10%[39m[m
[rank0]:[titan] 2026-03-17 [31m11:10:11,381[m[32m11:10:40,791[m - root - INFO - [31mstep: 681  [32mloss:  [31m2.8072[m[32m2.7627[m  [38;2;180;60;0mgrad_norm:  [31m3.0725[m[32m2.4112[m  [38;2;54;234;195mmemory: [31m53.87GiB(67.81%)[m[32m72.92GiB(91.79%)[m  [34mtps: [31m840[m[32m846[m  [36mtflops: [31m40.51[m[32m40.78[m  [35mmfu: [31m4.10%[39m[m[32m4.12%[39m[m
[rank0]:[titan] 2026-03-17 [31m11:10:13,832[m[32m11:10:43,220[m - root - INFO - [31mstep: 682  [32mloss:  [31m2.7597[m[32m2.7250[m  [38;2;180;60;0mgrad_norm:  [31m2.2291[m[32m2.2175[m  [38;2;54;234;195mmemory: [31m53.87GiB(67.81%)[m[32m72.92GiB(91.79%)[m  [34mtps: [31m836[m[32m843[m  [36mtflops: [31m40.32[m[32m40.63[m  [35mmfu: [31m4.08%[39m[m[32m4.11%[39m[m
[rank0]:[titan] 2026-03-17 [31m11:10:16,273[m[32m11:10:45,640[m - root - INFO - [31mstep: 683  [32mloss:  [31m2.7476[m[32m2.7236[m  [38;2;180;60;0mgrad_norm:  [31m2.7934[m[32m3.0424[m  [38;2;54;234;195mmemory: [31m53.87GiB(67.81%)[m[32m72.92GiB(91.79%)[m  [34mtps: [31m839[m[32m846[m  [36mtflops: [31m40.49[m[32m40.78[m  [35mmfu: [31m4.09%[39m[m[32m4.12%[39m[m
[rank0]:[titan] 2026-03-17 [31m11:10:18,708[m[32m11:10:48,060[m - root - INFO - [31mstep: 684  [32mloss:  [31m2.7440[m[32m2.7444[m  [38;2;180;60;0mgrad_norm:  [31m2.0985[m[32m2.8180[m  [38;2;54;234;195mmemory: [31m53.87GiB(67.81%)[m[32m72.92GiB(91.79%)[m  [34mtps: [31m841[m[32m847[m  [36mtflops: [31m40.58[m[32m40.79[m  [35mmfu: [31m4.10%[39m[m[32m4.12%[39m[m
[rank0]:[titan] 2026-03-17 [31m11:10:21,147[m[32m11:10:50,482[m - root - INFO - [31mstep: 685  [32mloss:  2.7324  [38;2;180;60;0mgrad_norm:  [31m2.4063[m[32m1.8683[m  [38;2;54;234;195mmemory: [31m53.87GiB(67.81%)[m[32m72.92GiB(91.79%)[m  [34mtps: [31m840[m[32m846[m  [36mtflops: [31m40.53[m[32m40.76[m  [35mmfu: [31m4.10%[39m[m[32m4.12%[39m[m
[rank0]:[titan] 2026-03-17 [31m11:10:23,588[m[32m11:10:52,903[m - root - INFO - [31mstep: 686  [32mloss:  [31m2.6957[m[32m2.6862[m  [38;2;180;60;0mgrad_norm:  [31m2.9042[m[32m2.8590[m  [38;2;54;234;195mmemory: [31m53.87GiB(67.81%)[m[32m72.92GiB(91.79%)[m  [34mtps: [31m839[m[32m846[m  [36mtflops: [31m40.49[m[32m40.77[m  [35mmfu: [31m4.09%[39m[m[32m4.12%[39m[m
[rank0]:[titan] 2026-03-17 [31m11:10:26,029[m[32m11:10:55,326[m - root - INFO - [31mstep: 687  [32mloss:  [31m2.7298[m[32m2.7350[m  [38;2;180;60;0mgrad_norm:  [31m2.2153[m[32m3.2057[m  [38;2;54;234;195mmemory: [31m53.87GiB(67.81%)[m[32m72.92GiB(91.79%)[m  [34mtps: [31m839[m[32m845[m  [36mtflops: [31m40.50[m[32m40.73[m  [35mmfu: [31m4.09%[39m[m[32m4.12%[39m[m
[rank0]:[titan] 2026-03-17 [31m11:10:28,470[m[32m11:10:57,747[m - root - INFO - [31mstep: 688  [32mloss:  [31m2.7251[m[32m2.7402[m  [38;2;180;60;0mgrad_norm:  [31m2.4573[m[32m3.0211[m  [38;2;54;234;195mmemory: [31m53.87GiB(67.81%)[m[32m72.92GiB(91.79%)[m  [34mtps: [31m839[m[32m846[m  [36mtflops: [31m40.49[m[32m40.76[m  [35mmfu: [31m4.09%[39m[m[32m4.12%[39m[m
[rank0]:[titan] 2026-03-17 [31m11:10:30,914[m[32m11:11:00,169[m - root - INFO - [31mstep: 689  [32mloss:  [31m2.8068[m[32m2.8155[m  [38;2;180;60;0mgrad_norm:  [31m2.9322[m[32m2.3333[m  [38;2;54;234;195mmemory: [31m53.87GiB(67.81%)[m[32m72.92GiB(91.79%)[m  [34mtps: [31m838[m[32m846[m  [36mtflops: [31m40.43[m[32m40.74[m  [35mmfu: [31m4.09%[39m[m[32m4.12%[39m[m
[rank0]:[titan] 2026-03-17 [31m11:10:33,354[m[32m11:11:02,591[m - root - INFO - [31mstep: 690  [32mloss:  [31m2.7050[m[32m2.7114[m  [38;2;180;60;0mgrad_norm:  [31m2.1512[m[32m3.0863[m  [38;2;54;234;195mmemory: [31m53.87GiB(67.81%)[m[32m72.92GiB(91.79%)[m  [34mtps: [31m839[m[32m846[m  [36mtflops: [31m40.51[m[32m40.75[m  [35mmfu: [31m4.10%[39m[m[32m4.12%[39m[m
[rank0]:[titan] 2026-03-17 [31m11:10:35,793[m[32m11:11:05,011[m - root - INFO - [31mstep: 691  [32mloss:  [31m2.7030[m[32m2.7119[m  [38;2;180;60;0mgrad_norm:  [31m2.2327[m[32m2.6298[m  [38;2;54;234;195mmemory: [31m53.87GiB(67.81%)[m[32m72.92GiB(91.79%)[m  [34mtps: [31m840[m[32m846[m  [36mtflops: [31m40.52[m[32m40.78[m  [35mmfu: [31m4.10%[39m[m[32m4.12%[39m[m
[rank0]:[titan] 2026-03-17 [31m11:10:38,233[m[32m11:11:07,434[m - root - INFO - [31mstep: 692  [32mloss:  [31m2.7431[m[32m2.7498[m  [38;2;180;60;0mgrad_norm:  [31m2.8852[m[32m3.1020[m  [38;2;54;234;195mmemory: [31m53.87GiB(67.81%)[m[32m72.92GiB(91.79%)[m  [34mtps: [31m840[m[32m846[m  [36mtflops: [31m40.52[m[32m40.74[m  [35mmfu: [31m4.10%[39m[m[32m4.12%[39m[m
[rank0]:[titan] 2026-03-17 [31m11:10:40,688[m[32m11:11:09,867[m - root - INFO - [31mstep: 693  [32mloss:  [31m2.7683[m[32m2.7800[m  [38;2;180;60;0mgrad_norm:  [31m1.8519[m[32m2.4660[m  [38;2;54;234;195mmemory: [31m53.87GiB(67.81%)[m[32m72.92GiB(91.79%)[m  [34mtps: [31m834[m[32m842[m  [36mtflops: [31m40.26[m[32m40.57[m  [35mmfu: [31m4.07%[39m[m[32m4.10%[39m[m
[rank0]:[titan] 2026-03-17 [31m11:10:43,123[m[32m11:11:12,286[m - root - INFO - [31mstep: 694  [32mloss:  [31m2.7535[m[32m2.7622[m  [38;2;180;60;0mgrad_norm:  [31m2.5459[m[32m2.4018[m  [38;2;54;234;195mmemory: [31m53.87GiB(67.81%)[m[32m72.92GiB(91.79%)[m  [34mtps: [31m841[m[32m847[m  [36mtflops: [31m40.58[m[32m40.80[m  [35mmfu: [31m4.10%[39m[m[32m4.13%[39m[m
[rank0]:[titan] 2026-03-17 [31m11:10:45,574[m[32m11:11:14,716[m - root - INFO - [31mstep: 695  [32mloss:  [31m2.7541[m[32m2.7577[m  [38;2;180;60;0mgrad_norm:  [31m2.5332[m[32m2.3466[m  [38;2;54;234;195mmemory: [31m53.87GiB(67.81%)[m[32m72.92GiB(91.79%)[m  [34mtps: [31m836[m[32m843[m  [36mtflops: [31m40.33[m[32m40.62[m  [35mmfu: [31m4.08%[39m[m[32m4.11%[39m[m
[rank0]:[titan] 2026-03-17 [31m11:10:48,012[m[32m11:11:17,136[m - root - INFO - [31mstep: 696  [32mloss:  [31m2.6846[m[32m2.6894[m  [38;2;180;60;0mgrad_norm:  [31m2.0142[m[32m2.3382[m  [38;2;54;234;195mmemory: [31m53.87GiB(67.81%)[m[32m72.92GiB(91.79%)[m  [34mtps: [31m840[m[32m847[m  [36mtflops: [31m40.54[m[32m40.80[m  [35mmfu: [31m4.10%[39m[m[32m4.13%[39m[m
[rank0]:[titan] 2026-03-17 [31m11:10:50,450[m[32m11:11:19,555[m - root - INFO - [31mstep: 697  [32mloss:  [31m2.7149[m[32m2.7196[m  [38;2;180;60;0mgrad_norm:  [31m2.4766[m[32m2.7852[m  [38;2;54;234;195mmemory: [31m53.87GiB(67.81%)[m[32m72.92GiB(91.79%)[m  [34mtps: [31m840[m[32m847[m  [36mtflops: [31m40.55[m[32m40.80[m  [35mmfu: [31m4.10%[39m[m[32m4.13%[39m[m
[rank0]:[titan] 2026-03-17 [31m11:10:52,897[m[32m11:11:21,982[m - root - INFO - [31mstep: 698  [32mloss:  [31m2.7246[m[32m2.7220[m  [38;2;180;60;0mgrad_norm:  [31m1.7448[m[32m1.7539[m  [38;2;54;234;195mmemory: [31m53.87GiB(67.81%)[m[32m72.92GiB(91.79%)[m  [34mtps: [31m837[m[32m844[m  [36mtflops: [31m40.39[m[32m40.66[m  [35mmfu: [31m4.08%[39m[m[32m4.11%[39m[m
[rank0]:[titan] 2026-03-17 [31m11:10:55,336[m[32m11:11:24,411[m - root - INFO - [31mstep: 699  [32mloss:  [31m2.6972[m[32m2.6974[m  [38;2;180;60;0mgrad_norm:  [31m2.6292[m[32m2.8333[m  [38;2;54;234;195mmemory: [31m53.87GiB(67.81%)[m[32m72.92GiB(91.79%)[m  [34mtps: [31m840[m[32m845[m  [36mtflops: [31m40.51[m[32m40.73[m  [35mmfu: [31m4.10%[39m[m[32m4.12%[39m[m
[rank0]:[titan] 2026-03-17 [31m11:10:57,775[m[32m11:11:26,834[m - root - INFO - [31mstep: 700  [32mloss:  [31m2.7164[m[32m2.7221[m  [38;2;180;60;0mgrad_norm:  [31m2.7137[m[32m2.9158[m  [38;2;54;234;195mmemory: [31m53.87GiB(67.81%)[m[32m72.92GiB(91.79%)[m  [34mtps: [31m840[m[32m846[m  [36mtflops: [31m40.53[m[32m40.77[m  [35mmfu: [31m4.10%[39m[m[32m4.12%[39m[m
[rank0]:[titan] 2026-03-17 [31m11:11:00,214[m[32m11:11:29,255[m - root - INFO - [31mstep: 701  [32mloss:  [31m2.7619[m[32m2.7670[m  [38;2;180;60;0mgrad_norm:  [31m2.0547[m[32m1.8029[m  [38;2;54;234;195mmemory: [31m53.87GiB(67.81%)[m[32m72.92GiB(91.79%)[m  [34mtps: [31m840[m[32m846[m  [36mtflops: [31m40.52[m[32m40.76[m  [35mmfu: [31m4.10%[39m[m[32m4.12%[39m[m
[rank0]:[titan] 2026-03-17 [31m11:11:02,650[m[32m11:11:31,676[m - root - INFO - [31mstep: 702  [32mloss:  [31m2.7820[m[32m2.7858[m  [38;2;180;60;0mgrad_norm:  [31m2.2874[m[32m2.5573[m  [38;2;54;234;195mmemory: [31m53.87GiB(67.81%)[m[32m72.92GiB(91.79%)[m  [34mtps: [31m841[m[32m846[m  [36mtflops: [31m40.58[m[32m40.77[m  [35mmfu: [31m4.10%[39m[m[32m4.12%[39m[m
[rank0]:[titan] 2026-03-17 [31m11:11:05,086[m[32m11:11:34,098[m - root - INFO - [31mstep: 703  [32mloss:  [31m2.8133[m[32m2.8190[m  [38;2;180;60;0mgrad_norm:  [31m2.2359[m[32m2.9146[m  [38;2;54;234;195mmemory: [31m53.87GiB(67.81%)[m[32m72.92GiB(91.79%)[m  [34mtps: [31m841[m[32m846[m  [36mtflops: [31m40.56[m[32m40.75[m  [35mmfu: [31m4.10%[39m[m[32m4.12%[39m[m
[rank0]:[titan] 2026-03-17 [31m11:11:07,565[m[32m11:11:36,548[m - root - INFO - [31mstep: 704  [32mloss:  [31m2.7256[m[32m2.7280[m  [38;2;180;60;0mgrad_norm:  [31m2.1536[m[32m2.0576[m  [38;2;54;234;195mmemory: [31m53.87GiB(67.81%)[m[32m72.92GiB(91.79%)[m  [34mtps: [31m826[m[32m836[m  [36mtflops: [31m39.88[m[32m40.28[m  [35mmfu: [31m4.03%[39m[m[32m4.07%[39m[m
[rank0]:[titan] 2026-03-17 [31m11:11:10,010[m[32m11:11:38,974[m - root - INFO - [31mstep: 705  [32mloss:  [31m2.9156[m[32m2.9286[m  [38;2;180;60;0mgrad_norm:  [31m2.7584[m[32m3.2665[m  [38;2;54;234;195mmemory: [31m53.87GiB(67.81%)[m[32m72.92GiB(91.79%)[m  [34mtps: [31m838[m[32m845[m  [36mtflops: [31m40.42[m[32m40.69[m  [35mmfu: [31m4.09%[39m[m[32m4.11%[39m[m
[rank0]:[titan] 2026-03-17 [31m11:11:12,446[m[32m11:11:41,392[m - root - INFO - [31mstep: 706  [32mloss:  [31m2.9127[m[32m2.9460[m  [38;2;180;60;0mgrad_norm:  [31m2.0178[m[32m3.2198[m  [38;2;54;234;195mmemory: [31m53.87GiB(67.81%)[m[32m72.92GiB(91.79%)[m  [34mtps: [31m841[m[32m847[m  [36mtflops: [31m40.58[m[32m40.81[m  [35mmfu: [31m4.10%[39m[m[32m4.13%[39m[m
[rank0]:[titan] 2026-03-17 [31m11:11:14,886[m[32m11:11:43,813[m - root - INFO - [31mstep: 707  [32mloss:  [31m2.8321[m[32m2.8300[m  [38;2;180;60;0mgrad_norm:  [31m2.8935[m[32m2.1868[m  [38;2;54;234;195mmemory: [31m53.87GiB(67.81%)[m[32m72.92GiB(91.79%)[m  [34mtps: [31m839[m[32m846[m  [36mtflops: [31m40.50[m[32m40.78[m  [35mmfu: [31m4.09%[39m[m[32m4.12%[39m[m
[rank0]:[titan] 2026-03-17 [31m11:11:17,325[m[32m11:11:46,232[m - root - INFO - [31mstep: 708  [32mloss:  [31m2.7931[m[32m2.7780[m  [38;2;180;60;0mgrad_norm:  [31m2.4294[m[32m2.5238[m  [38;2;54;234;195mmemory: [31m53.87GiB(67.81%)[m[32m72.92GiB(91.79%)[m  [34mtps: [31m840[m[32m847[m  [36mtflops: [31m40.52[m[32m40.79[m  [35mmfu: [31m4.10%[39m[m[32m4.12%[39m[m
[rank0]:[titan] 2026-03-17 [31m11:11:19,769[m[32m11:11:48,656[m - root - INFO - [31mstep: 709  [32mloss:  [31m2.7357[m[32m2.7263[m  [38;2;180;60;0mgrad_norm:  [31m2.0925[m[32m2.6342[m  [38;2;54;234;195mmemory: [31m53.87GiB(67.81%)[m[32m72.92GiB(91.79%)[m  [34mtps: [31m838[m[32m845[m  [36mtflops: [31m40.44[m[32m40.72[m  [35mmfu: [31m4.09%[39m[m[32m4.12%[39m[m
[rank0]:[titan] 2026-03-17 [31m11:11:22,209[m[32m11:11:51,076[m - root - INFO - [31mstep: 710  [32mloss:  [31m2.7805[m[32m2.7642[m  [38;2;180;60;0mgrad_norm:  [31m2.8318[m[32m2.3878[m  [38;2;54;234;195mmemory: [31m53.87GiB(67.81%)[m[32m72.92GiB(91.79%)[m  [34mtps: [31m840[m[32m846[m  [36mtflops: [31m40.51[m[32m40.78[m  [35mmfu: [31m4.10%[39m[m[32m4.12%[39m[m
[rank0]:[titan] 2026-03-17 [31m11:11:24,648[m[32m11:11:53,494[m - root - INFO - [31mstep: 711  [32mloss:  [31m2.7940[m[32m2.7748[m  [38;2;180;60;0mgrad_norm:  [31m2.4834[m[32m2.0934[m  [38;2;54;234;195mmemory: [31m53.87GiB(67.81%)[m[32m72.92GiB(91.79%)[m  [34mtps: [31m840[m[32m847[m  [36mtflops: [31m40.51[m[32m40.81[m  [35mmfu: [31m4.10%[39m[m[32m4.13%[39m[m
[rank0]:[titan] 2026-03-17 [31m11:11:27,091[m[32m11:11:55,918[m - root - INFO - [31mstep: 712  [32mloss:  [31m2.7660[m[32m2.7544[m  [38;2;180;60;0mgrad_norm:  [31m1.7091[m[32m1.7897[m  [38;2;54;234;195mmemory: [31m53.87GiB(67.81%)[m[32m72.92GiB(91.79%)[m  [34mtps: [31m838[m[32m845[m  [36mtflops: [31m40.45[m[32m40.72[m  [35mmfu: [31m4.09%[39m[m[32m4.12%[39m[m
[rank0]:[titan] 2026-03-17 [31m11:11:29,539[m[32m11:11:58,345[m - root - INFO - [31mstep: 713  [32mloss:  [31m2.7220[m[32m2.7163[m  [38;2;180;60;0mgrad_norm:  [31m2.4947[m[32m2.2242[m  [38;2;54;234;195mmemory: [31m53.87GiB(67.81%)[m[32m72.92GiB(91.79%)[m  [34mtps: [31m837[m[32m844[m  [36mtflops: [31m40.37[m[32m40.67[m  [35mmfu: [31m4.08%[39m[m[32m4.11%[39m[m
[rank0]:[titan] 2026-03-17 [31m11:11:31,975[m[32m11:12:00,765[m - root - INFO - [31mstep: 714  [32mloss:  [31m2.7426[m[32m2.7312[m  [38;2;180;60;0mgrad_norm:  [31m2.0458[m[32m2.0632[m  [38;2;54;234;195mmemory: [31m53.87GiB(67.81%)[m[32m72.92GiB(91.79%)[m  [34mtps: [31m841[m[32m847[m  [36mtflops: [31m40.58[m[32m40.79[m  [35mmfu: [31m4.10%[39m[m[32m4.12%[39m[m
[rank0]:[titan] 2026-03-17 [31m11:11:34,419[m[32m11:12:03,192[m - root - INFO - [31mstep: 715  [32mloss:  [31m2.7988[m[32m2.7853[m  [38;2;180;60;0mgrad_norm:  [31m2.0160[m[32m1.8211[m  [38;2;54;234;195mmemory: [31m53.87GiB(67.81%)[m[32m72.92GiB(91.79%)[m  [34mtps: [31m838[m[32m844[m  [36mtflops: [31m40.44[m[32m40.66[m  [35mmfu: [31m4.09%[39m[m[32m4.11%[39m[m
[rank0]:[titan] 2026-03-17 [31m11:11:36,860[m[32m11:12:05,611[m - root - INFO - [31mstep: 716  [32mloss:  [31m2.7811[m[32m2.7736[m  [38;2;180;60;0mgrad_norm:  [31m2.2329[m[32m2.8294[m  [38;2;54;234;195mmemory: [31m53.87GiB(67.81%)[m[32m72.92GiB(91.79%)[m  [34mtps: [31m839[m[32m847[m  [36mtflops: [31m40.49[m[32m40.80[m  [35mmfu: [31m4.09%[39m[m[32m4.13%[39m[m
[rank0]:[titan] 2026-03-17 [31m11:11:39,298[m[32m11:12:08,031[m - root - INFO - [31mstep: 717  [32mloss:  [31m2.7534[m[32m2.7388[m  [38;2;180;60;0mgrad_norm:  [31m1.8765[m[32m1.6433[m  [38;2;54;234;195mmemory: [31m53.87GiB(67.81%)[m[32m72.92GiB(91.79%)[m  [34mtps: [31m840[m[32m847[m  [36mtflops: [31m40.53[m[32m40.80[m  [35mmfu: [31m4.10%[39m[m[32m4.13%[39m[m
[rank0]:[titan] 2026-03-17 [31m11:11:41,740[m[32m11:12:10,453[m - root - INFO - [31mstep: 718  [32mloss:  [31m2.6962[m[32m2.6936[m  [38;2;180;60;0mgrad_norm:  [31m1.9559[m[32m2.3355[m  [38;2;54;234;195mmemory: [31m53.87GiB(67.81%)[m[32m72.92GiB(91.79%)[m  [34mtps: [31m839[m[32m846[m  [36mtflops: [31m40.48[m[32m40.75[m  [35mmfu: [31m4.09%[39m[m[32m4.12%[39m[m
[rank0]:[titan] 2026-03-17 [31m11:11:44,179[m[32m11:12:12,874[m - root - INFO - [31mstep: 719  [32mloss:  [31m2.7400[m[32m2.7505[m  [38;2;180;60;0mgrad_norm:  [31m2.1486[m[32m2.1351[m  [38;2;54;234;195mmemory: [31m53.87GiB(67.81%)[m[32m72.92GiB(91.79%)[m  [34mtps: [31m840[m[32m846[m  [36mtflops: [31m40.53[m[32m40.76[m  [35mmfu: [31m4.10%[39m[m[32m4.12%[39m[m
[rank0]:[titan] 2026-03-17 [31m11:11:46,625[m[32m11:12:15,296[m - root - INFO - [31mstep: 720  [32mloss:  [31m2.6990[m[32m2.7268[m  [38;2;180;60;0mgrad_norm:  [31m1.7018[m[32m3.1170[m  [38;2;54;234;195mmemory: [31m53.87GiB(67.81%)[m[32m72.92GiB(91.79%)[m  [34mtps: [31m838[m[32m846[m  [36mtflops: [31m40.41[m[32m40.75[m  [35mmfu: [31m4.09%[39m[m[32m4.12%[39m[m
[rank0]:[titan] 2026-03-17 [31m11:11:49,068[m[32m11:12:17,715[m - root - INFO - [31mstep: 721  [32mloss:  [31m2.7907[m[32m2.8022[m  [38;2;180;60;0mgrad_norm:  [31m1.6252[m[32m1.9454[m  [38;2;54;234;195mmemory: [31m53.87GiB(67.81%)[m[32m72.92GiB(91.79%)[m  [34mtps: [31m838[m[32m847[m  [36mtflops: [31m40.45[m[32m40.80[m  [35mmfu: [31m4.09%[39m[m[32m4.13%[39m[m
[rank0]:[titan] 2026-03-17 [31m11:11:51,514[m[32m11:12:20,135[m - root - INFO - [31mstep: 722  [32mloss:  [31m2.7349[m[32m2.7762[m  [38;2;180;60;0mgrad_norm:  [31m1.6146[m[32m3.1020[m  [38;2;54;234;195mmemory: [31m53.87GiB(67.81%)[m[32m72.92GiB(91.79%)[m  [34mtps: [31m838[m[32m846[m  [36mtflops: [31m40.41[m[32m40.78[m  [35mmfu: [31m4.09%[39m[m[32m4.12%[39m[m
[rank0]:[titan] 2026-03-17 [31m11:11:53,967[m[32m11:12:22,560[m - root - INFO - [31mstep: 723  [32mloss:  [31m2.7303[m[32m2.7542[m  [38;2;180;60;0mgrad_norm:  [31m1.4063[m[32m1.9859[m  [38;2;54;234;195mmemory: [31m53.87GiB(67.81%)[m[32m72.92GiB(91.79%)[m  [34mtps: [31m835[m[32m845[m  [36mtflops: [31m40.29[m[32m40.71[m  [35mmfu: [31m4.07%[39m[m[32m4.12%[39m[m
[rank0]:[titan] 2026-03-17 [31m11:11:56,411[m[32m11:12:24,982[m - root - INFO - [31mstep: 724  [32mloss:  [31m2.7780[m[32m2.8014[m  [38;2;180;60;0mgrad_norm:  [31m1.4588[m[32m3.3108[m  [38;2;54;234;195mmemory: [31m53.87GiB(67.81%)[m[32m72.92GiB(91.79%)[m  [34mtps: [31m838[m[32m846[m  [36mtflops: [31m40.44[m[32m40.75[m  [35mmfu: [31m4.09%[39m[m[32m4.12%[39m[m
[rank0]:[titan] 2026-03-17 [31m11:11:58,853[m[32m11:12:27,401[m - root - INFO - [31mstep: 725  [32mloss:  [31m2.7494[m[32m2.7775[m  [38;2;180;60;0mgrad_norm:  [31m2.2659[m[32m3.2176[m  [38;2;54;234;195mmemory: [31m53.87GiB(67.81%)[m[32m72.92GiB(91.79%)[m  [34mtps: [31m839[m[32m847[m  [36mtflops: [31m40.46[m[32m40.79[m  [35mmfu: [31m4.09%[39m[m[32m4.12%[39m[m
[rank0]:[titan] 2026-03-17 [31m11:12:01,293[m[32m11:12:29,820[m - root - INFO - [31mstep: 726  [32mloss:  [31m2.8811[m[32m2.8784[m  [38;2;180;60;0mgrad_norm:  [31m1.7260[m[32m2.3146[m  [38;2;54;234;195mmemory: [31m53.87GiB(67.81%)[m[32m72.92GiB(91.79%)[m  [34mtps: [31m839[m[32m847[m  [36mtflops: [31m40.51[m[32m40.80[m  [35mmfu: [31m4.10%[39m[m[32m4.13%[39m[m
[rank0]:[titan] 2026-03-17 [31m11:12:03,740[m[32m11:12:32,241[m - root - INFO - [31mstep: 727  [32mloss:  [31m2.7474[m[32m2.7484[m  [38;2;180;60;0mgrad_norm:  [31m2.2324[m[32m2.8163[m  [38;2;54;234;195mmemory: [31m53.87GiB(67.81%)[m[32m72.92GiB(91.79%)[m  [34mtps: [31m837[m[32m847[m  [36mtflops: [31m40.39[m[32m40.79[m  [35mmfu: [31m4.08%[39m[m[32m4.12%[39m[m
[rank0]:[titan] 2026-03-17 [31m11:12:06,184[m[32m11:12:34,663[m - root - INFO - [31mstep: 728  [32mloss:  [31m2.7535[m[32m2.7478[m  [38;2;180;60;0mgrad_norm:  [31m2.4625[m[32m2.5436[m  [38;2;54;234;195mmemory: [31m53.87GiB(67.81%)[m[32m72.92GiB(91.79%)[m  [34mtps: [31m838[m[32m845[m  [36mtflops: [31m40.43[m[32m40.73[m  [35mmfu: [31m4.09%[39m[m[32m4.12%[39m[m
[rank0]:[titan] 2026-03-17 [31m11:12:08,629[m[32m11:12:37,090[m - root - INFO - [31mstep: 729  [32mloss:  [31m2.8002[m[32m2.7956[m  [38;2;180;60;0mgrad_norm:  [31m2.2522[m[32m2.6489[m  [38;2;54;234;195mmemory: [31m53.87GiB(67.81%)[m[32m72.92GiB(91.79%)[m  [34mtps: [31m838[m[32m844[m  [36mtflops: [31m40.43[m[32m40.68[m  [35mmfu: [31m4.09%[39m[m[32m4.11%[39m[m
[rank0]:[titan] 2026-03-17 [31m11:12:11,068[m[32m11:12:39,511[m - root - INFO - [31mstep: 730  [32mloss:  [31m2.7636[m[32m2.7680[m  [38;2;180;60;0mgrad_norm:  [31m2.3013[m[32m2.7999[m  [38;2;54;234;195mmemory: [31m53.87GiB(67.81%)[m[32m72.92GiB(91.79%)[m  [34mtps: [31m840[m[32m846[m  [36mtflops: [31m40.52[m[32m40.77[m  [35mmfu: [31m4.10%[39m[m[32m4.12%[39m[m
[rank0]:[titan] 2026-03-17 [31m11:12:13,513[m[32m11:12:41,938[m - root - INFO - [31mstep: 731  [32mloss:  [31m2.7515[m[32m2.7553[m  [38;2;180;60;0mgrad_norm:  [31m2.6404[m[32m2.5422[m  [38;2;54;234;195mmemory: [31m53.87GiB(67.81%)[m[32m72.92GiB(91.79%)[m  [34mtps: [31m838[m[32m844[m  [36mtflops: [31m40.42[m[32m40.68[m  [35mmfu: [31m4.09%[39m[m[32m4.11%[39m[m
[rank0]:[titan] 2026-03-17 [31m11:12:15,955[m[32m11:12:44,361[m - root - INFO - [31mstep: 732  [32mloss:  [31m2.7372[m[32m2.7349[m  [38;2;180;60;0mgrad_norm:  [31m2.0449[m[32m2.6740[m  [38;2;54;234;195mmemory: [31m53.87GiB(67.81%)[m[32m72.92GiB(91.79%)[m  [34mtps: [31m839[m[32m846[m  [36mtflops: [31m40.49[m[32m40.74[m  [35mmfu: [31m4.09%[39m[m[32m4.12%[39m[m
[rank0]:[titan] 2026-03-17 [31m11:12:18,394[m[32m11:12:46,783[m - root - INFO - [31mstep: 733  [32mloss:  [31m2.7296[m[32m2.7080[m  [38;2;180;60;0mgrad_norm:  [31m2.6196[m[32m1.8995[m  [38;2;54;234;195mmemory: [31m53.87GiB(67.81%)[m[32m72.92GiB(91.79%)[m  [34mtps: [31m840[m[32m846[m  [36mtflops: [31m40.52[m[32m40.74[m  [35mmfu: [31m4.10%[39m[m[32m4.12%[39m[m
[rank0]:[titan] 2026-03-17 [31m11:12:20,836[m[32m11:12:49,207[m - root - INFO - [31mstep: 734  [32mloss:  [31m2.7481[m[32m2.7218[m  [38;2;180;60;0mgrad_norm:  [31m2.1590[m[32m2.0797[m  [38;2;54;234;195mmemory: [31m53.87GiB(67.81%)[m[32m72.92GiB(91.79%)[m  [34mtps: [31m839[m[32m845[m  [36mtflops: [31m40.46[m[32m40.72[m  [35mmfu: [31m4.09%[39m[m[32m4.12%[39m[m
[rank0]:[titan] 2026-03-17 [31m11:12:23,284[m[32m11:12:51,635[m - root - INFO - [31mstep: 735  [32mloss:  [31m2.7731[m[32m2.7496[m  [38;2;180;60;0mgrad_norm:  [31m1.9605[m[32m1.7430[m  [38;2;54;234;195mmemory: [31m53.87GiB(67.81%)[m[32m72.92GiB(91.79%)[m  [34mtps: [31m837[m[32m844[m  [36mtflops: [31m40.38[m[32m40.65[m  [35mmfu: [31m4.08%[39m[m[32m4.11%[39m[m
[rank0]:[titan] 2026-03-17 [31m11:12:25,728[m[32m11:12:54,056[m - root - INFO - [31mstep: 736  [32mloss:  [31m2.7776[m[32m2.7608[m  [38;2;180;60;0mgrad_norm:  [31m1.6737[m[32m1.7582[m  [38;2;54;234;195mmemory: [31m53.87GiB(67.81%)[m[32m72.92GiB(91.79%)[m  [34mtps: [31m838[m[32m846[m  [36mtflops: [31m40.45[m[32m40.77[m  [35mmfu: [31m4.09%[39m[m[32m4.12%[39m[m
[rank0]:[titan] 2026-03-17 [31m11:12:28,173[m[32m11:12:56,484[m - root - INFO - [31mstep: 737  [32mloss:  [31m2.7603[m[32m2.7598[m  [38;2;180;60;0mgrad_norm:  [31m1.8796[m[32m2.4804[m  [38;2;54;234;195mmemory: [31m53.87GiB(67.81%)[m[32m72.92GiB(91.79%)[m  [34mtps: [31m838[m[32m844[m  [36mtflops: [31m40.42[m[32m40.65[m  [35mmfu: [31m4.09%[39m[m[32m4.11%[39m[m
[rank0]:[titan] 2026-03-17 [31m11:12:30,611[m[32m11:12:58,904[m - root - INFO - [31mstep: 738  [32mloss:  [31m2.7816[m[32m2.7934[m  [38;2;180;60;0mgrad_norm:  [31m1.9584[m[32m2.4658[m  [38;2;54;234;195mmemory: [31m53.87GiB(67.81%)[m[32m72.92GiB(91.79%)[m  [34mtps: [31m840[m[32m846[m  [36mtflops: [31m40.53[m[32m40.78[m  [35mmfu: [31m4.10%[39m[m[32m4.12%[39m[m
[rank0]:[titan] 2026-03-17 [31m11:12:33,053[m[32m11:13:01,328[m - root - INFO - [31mstep: 739  [32mloss:  [31m2.7346[m[32m2.7477[m  [38;2;180;60;0mgrad_norm:  [31m2.0060[m[32m2.3753[m  [38;2;54;234;195mmemory: [31m53.87GiB(67.81%)[m[32m72.92GiB(91.79%)[m  [34mtps: [31m839[m[32m845[m  [36mtflops: [31m40.49[m[32m40.72[m  [35mmfu: [31m4.09%[39m[m[32m4.12%[39m[m
[rank0]:[titan] 2026-03-17 [31m11:12:35,493[m[32m11:13:03,746[m - root - INFO - [31mstep: 740  [32mloss:  [31m2.7147[m[32m2.7350[m  [38;2;180;60;0mgrad_norm:  [31m2.0766[m[32m2.5552[m  [38;2;54;234;195mmemory: [31m53.87GiB(67.81%)[m[32m72.92GiB(91.79%)[m  [34mtps: [31m839[m[32m847[m  [36mtflops: [31m40.50[m[32m40.83[m  [35mmfu: [31m4.10%[39m[m[32m4.13%[39m[m
[rank0]:[titan] 2026-03-17 [31m11:12:37,935[m[32m11:13:06,167[m - root - INFO - [31mstep: 741  [32mloss:  [31m2.7314[m[32m2.7438[m  [38;2;180;60;0mgrad_norm:  [31m1.8601[m[32m2.0976[m  [38;2;54;234;195mmemory: [31m53.87GiB(67.81%)[m[32m72.92GiB(91.79%)[m  [34mtps: [31m839[m[32m846[m  [36mtflops: [31m40.46[m[32m40.76[m  [35mmfu: [31m4.09%[39m[m[32m4.12%[39m[m
[rank0]:[titan] 2026-03-17 [31m11:12:40,372[m[32m11:13:08,586[m - root - INFO - [31mstep: 742  [32mloss:  [31m2.7112[m[32m2.7223[m  [38;2;180;60;0mgrad_norm:  [31m1.6627[m[32m2.5927[m  [38;2;54;234;195mmemory: [31m53.87GiB(67.81%)[m[32m72.92GiB(91.79%)[m  [34mtps: [31m841[m[32m847[m  [36mtflops: [31m40.56[m[32m40.81[m  [35mmfu: [31m4.10%[39m[m[32m4.13%[39m[m
[rank0]:[titan] 2026-03-17 [31m11:12:42,810[m[32m11:13:11,008[m - root - INFO - [31mstep: 743  [32mloss:  [31m2.7004[m[32m2.7063[m  [38;2;180;60;0mgrad_norm:  [31m2.1346[m[32m2.3430[m  [38;2;54;234;195mmemory: [31m53.87GiB(67.81%)[m[32m72.92GiB(91.79%)[m  [34mtps: [31m840[m[32m846[m  [36mtflops: [31m40.54[m[32m40.75[m  [35mmfu: [31m4.10%[39m[m[32m4.12%[39m[m
[rank0]:[titan] 2026-03-17 [31m11:12:45,252[m[32m11:13:13,432[m - root - INFO - [31mstep: 744  [32mloss:  [31m2.7543[m[32m2.7488[m  [38;2;180;60;0mgrad_norm:  [31m2.3782[m[32m2.4486[m  [38;2;54;234;195mmemory: [31m53.87GiB(67.81%)[m[32m72.92GiB(91.79%)[m  [34mtps: [31m839[m[32m845[m  [36mtflops: [31m40.47[m[32m40.72[m  [35mmfu: [31m4.09%[39m[m[32m4.12%[39m[m
[rank0]:[titan] 2026-03-17 [31m11:12:47,700[m[32m11:13:15,861[m - root - INFO - [31mstep: 745  [32mloss:  [31m2.8242[m[32m2.8319[m  [38;2;180;60;0mgrad_norm:  [31m1.9782[m[32m2.7038[m  [38;2;54;234;195mmemory: [31m53.87GiB(67.81%)[m[32m72.92GiB(91.79%)[m  [34mtps: [31m837[m[32m843[m  [36mtflops: [31m40.37[m[32m40.63[m  [35mmfu: [31m4.08%[39m[m[32m4.11%[39m[m
[rank0]:[titan] 2026-03-17 [31m11:12:50,167[m[32m11:13:18,303[m - root - INFO - [31mstep: 746  [32mloss:  [31m2.7639[m[32m2.7780[m  [38;2;180;60;0mgrad_norm:  [31m2.0133[m[32m2.4777[m  [38;2;54;234;195mmemory: [31m53.87GiB(67.81%)[m[32m72.92GiB(91.79%)[m  [34mtps: [31m830[m[32m839[m  [36mtflops: [31m40.07[m[32m40.43[m  [35mmfu: [31m4.05%[39m[m[32m4.09%[39m[m
[rank0]:[titan] 2026-03-17 [31m11:12:52,607[m[32m11:13:20,722[m - root - INFO - [31mstep: 747  [32mloss:  [31m2.7111[m[32m2.7072[m  [38;2;180;60;0mgrad_norm:  [31m2.0036[m[32m1.7207[m  [38;2;54;234;195mmemory: [31m53.87GiB(67.81%)[m[32m72.92GiB(91.79%)[m  [34mtps: [31m839[m[32m847[m  [36mtflops: [31m40.50[m[32m40.79[m  [35mmfu: [31m4.10%[39m[m[32m4.12%[39m[m
[rank0]:[titan] 2026-03-17 [31m11:12:55,043[m[32m11:13:23,144[m - root - INFO - [31mstep: 748  [32mloss:  [31m2.6867[m[32m2.6944[m  [38;2;180;60;0mgrad_norm:  [31m1.1952[m[32m2.1203[m  [38;2;54;234;195mmemory: [31m53.87GiB(67.81%)[m[32m72.92GiB(91.79%)[m  [34mtps: [31m841[m[32m846[m  [36mtflops: [31m40.56[m[32m40.76[m  [35mmfu: [31m4.10%[39m[m[32m4.12%[39m[m
[rank0]:[titan] 2026-03-17 [31m11:12:57,486[m[32m11:13:25,565[m - root - INFO - [31mstep: 749  [32mloss:  [31m2.7515[m[32m2.7428[m  [38;2;180;60;0mgrad_norm:  [31m2.7182[m[32m2.7886[m  [38;2;54;234;195mmemory: [31m53.87GiB(67.81%)[m[32m72.92GiB(91.79%)[m  [34mtps: [31m839[m[32m846[m  [36mtflops: [31m40.46[m[32m40.77[m  [35mmfu: [31m4.09%[39m[m[32m4.12%[39m[m
[rank0]:[titan] 2026-03-17 [31m11:12:59,926[m[32m11:13:27,988[m - root - INFO - [31mstep: 750  [32mloss:  [31m2.7201[m[32m2.7147[m  [38;2;180;60;0mgrad_norm:  [31m4.8564[m[32m2.3690[m  [38;2;54;234;195mmemory: [31m53.87GiB(67.81%)[m[32m72.92GiB(91.79%)[m  [34mtps: [31m840[m[32m845[m  [36mtflops: [31m40.51[m[32m40.73[m  [35mmfu: [31m4.10%[39m[m[32m4.12%[39m[m
[rank0]:[titan] 2026-03-17 [31m11:13:02,369[m[32m11:13:30,409[m - root - INFO - [31mstep: 751  [32mloss:  [31m2.7604[m[32m2.6815[m  [38;2;180;60;0mgrad_norm:  [31m2.5614[m[32m1.4166[m  [38;2;54;234;195mmemory: [31m53.87GiB(67.81%)[m[32m72.92GiB(91.79%)[m  [34mtps: [31m838[m[32m846[m  [36mtflops: [31m40.45[m[32m40.76[m  [35mmfu: [31m4.09%[39m[m[32m4.12%[39m[m
[rank0]:[titan] 2026-03-17 [31m11:13:04,807[m[32m11:13:32,831[m - root - INFO - [31mstep: 752  [32mloss:  [31m2.7690[m[32m2.6575[m  [38;2;180;60;0mgrad_norm:  [31m1.3601[m[32m1.9325[m  [38;2;54;234;195mmemory: [31m53.87GiB(67.81%)[m[32m72.92GiB(91.79%)[m  [34mtps: [31m840[m[32m846[m  [36mtflops: [31m40.55[m[32m40.76[m  [35mmfu: [31m4.10%[39m[m[32m4.12%[39m[m
[rank0]:[titan] 2026-03-17 [31m11:13:07,248[m[32m11:13:35,251[m - root - INFO - [31mstep: 753  [32mloss:  [31m2.8950[m[32m2.7759[m  [38;2;180;60;0mgrad_norm:  [31m4.1510[m[32m2.2776[m  [38;2;54;234;195mmemory: [31m53.87GiB(67.81%)[m[32m72.92GiB(91.79%)[m  [34mtps: [31m839[m[32m846[m  [36mtflops: [31m40.49[m[32m40.77[m  [35mmfu: [31m4.09%[39m[m[32m4.12%[39m[m
[rank0]:[titan] 2026-03-17 [31m11:13:09,692[m[32m11:13:37,676[m - root - INFO - [31mstep: 754  [32mloss:  [31m2.8492[m[32m2.7153[m  [38;2;180;60;0mgrad_norm:  [31m2.6269[m[32m1.3479[m  [38;2;54;234;195mmemory: [31m53.87GiB(67.81%)[m[32m72.92GiB(91.79%)[m  [34mtps: [31m838[m[32m845[m  [36mtflops: [31m40.43[m[32m40.71[m  [35mmfu: [31m4.09%[39m[m[32m4.12%[39m[m
[rank0]:[titan] 2026-03-17 [31m11:13:12,136[m[32m11:13:40,100[m - root - INFO - [31mstep: 755  [32mloss:  [31m2.9393[m[32m2.7771[m  [38;2;180;60;0mgrad_norm:  [31m3.6092[m[32m2.5806[m  [38;2;54;234;195mmemory: [31m53.87GiB(67.81%)[m[32m72.92GiB(91.79%)[m  [34mtps: [31m838[m[32m845[m  [36mtflops: [31m40.44[m[32m40.71[m  [35mmfu: [31m4.09%[39m[m[32m4.12%[39m[m
[rank0]:[titan] 2026-03-17 [31m11:13:14,574[m[32m11:13:42,523[m - root - INFO - [31mstep: 756  [32mloss:  [31m2.9126[m[32m2.7549[m  [38;2;180;60;0mgrad_norm:  [31m3.4748[m[32m2.4877[m  [38;2;54;234;195mmemory: [31m53.87GiB(67.81%)[m[32m72.92GiB(91.79%)[m  [34mtps: [31m840[m[32m846[m  [36mtflops: [31m40.54[m[32m40.75[m  [35mmfu: [31m4.10%[39m[m[32m4.12%[39m[m
[rank0]:[titan] 2026-03-17 [31m11:13:17,018[m[32m11:13:44,950[m - root - INFO - [31mstep: 757  [32mloss:  [31m2.8819[m[32m2.7326[m  [38;2;180;60;0mgrad_norm:  [31m2.4537[m[32m2.0373[m  [38;2;54;234;195mmemory: [31m53.87GiB(67.81%)[m[32m72.92GiB(91.79%)[m  [34mtps: [31m838[m[32m844[m  [36mtflops: [31m40.43[m[32m40.65[m  [35mmfu: [31m4.09%[39m[m[32m4.11%[39m[m
[rank0]:[titan] 2026-03-17 [31m11:13:19,457[m[32m11:13:47,372[m - root - INFO - [31mstep: 758  [32mloss:  [31m2.7864[m[32m2.6582[m  [38;2;180;60;0mgrad_norm:  [31m2.4537[m[32m2.7110[m  [38;2;54;234;195mmemory: [31m53.87GiB(67.81%)[m[32m72.92GiB(91.79%)[m  [34mtps: [31m840[m[32m846[m  [36mtflops: [31m40.52[m[32m40.76[m  [35mmfu: [31m4.10%[39m[m[32m4.12%[39m[m
[rank0]:[titan] 2026-03-17 [31m11:13:21,902[m[32m11:13:49,795[m - root - INFO - [31mstep: 759  [32mloss:  [31m2.8626[m[32m2.7520[m  [38;2;180;60;0mgrad_norm:  [31m2.5844[m[32m2.0572[m  [38;2;54;234;195mmemory: [31m53.87GiB(67.81%)[m[32m72.92GiB(91.79%)[m  [34mtps: [31m838[m[32m845[m  [36mtflops: [31m40.42[m[32m40.73[m  [35mmfu: [31m4.09%[39m[m[32m4.12%[39m[m
[rank0]:[titan] 2026-03-17 [31m11:13:24,342[m[32m11:13:52,216[m - root - INFO - [31mstep: 760  [32mloss:  [31m2.8152[m[32m2.7182[m  [38;2;180;60;0mgrad_norm:  [31m2.4311[m[32m2.0603[m  [38;2;54;234;195mmemory: [31m53.87GiB(67.81%)[m[32m72.92GiB(91.79%)[m  [34mtps: [31m840[m[32m846[m  [36mtflops: [31m40.51[m[32m40.77[m  [35mmfu: [31m4.10%[39m[m[32m4.12%[39m[m
[rank0]:[titan] 2026-03-17 [31m11:13:26,782[m[32m11:13:54,637[m - root - INFO - [31mstep: 761  [32mloss:  [31m2.8264  [38;2;180;60;0mgrad_norm:  2.0169  [38;2;54;234;195mmemory: 53.87GiB(67.81%)  [34mtps: 840  [36mtflops: 40.51  [35mmfu: 4.10%[39m[m
[31m[rank0]:[titan] 2026-03-17 11:13:29,220 - root - INFO - [31mstep: 762  [32mloss:  2.7690  [38;2;180;60;0mgrad_norm:  2.4268  [38;2;54;234;195mmemory: 53.87GiB(67.81%)  [34mtps: 840  [36mtflops: 40.53  [35mmfu: 4.10%[39m[m
[31m[rank0]:[titan] 2026-03-17 11:13:31,664 - root - INFO - [31mstep: 763  [32mloss:  2.7426  [38;2;180;60;0mgrad_norm:  1.8690  [38;2;54;234;195mmemory: 53.87GiB(67.81%)  [34mtps: 838  [36mtflops: 40.45  [35mmfu: 4.09%[39m[m
[31m[rank0]:[titan] 2026-03-17 11:13:34,104 - root - INFO - [31mstep: 764  [32mloss:  2.7521  [38;2;180;60;0mgrad_norm:  2.0729  [38;2;54;234;195mmemory: 53.87GiB(67.81%)  [34mtps: 839  [36mtflops: 40.50  [35mmfu: 4.09%[39m[m
[31m[rank0]:[titan] 2026-03-17 11:13:36,546 - root - INFO - [31mstep: 765  [32mloss:  2.7854  [38;2;180;60;0mgrad_norm:  1.9418  [38;2;54;234;195mmemory: 53.87GiB(67.81%)  [34mtps: 839  [36mtflops: 40.47  [35mmfu: 4.09%[39m[m
[31m[rank0]:[titan] 2026-03-17 11:13:38,988 - root - INFO - [31mstep: 766  [32mloss:  2.8616  [38;2;180;60;0mgrad_norm:  2.3089  [38;2;54;234;195mmemory: 53.87GiB(67.81%)  [34mtps: 839  [36mtflops: 40.49  [35mmfu: 4.09%[39m[m
[31m[rank0]:[titan] 2026-03-17 11:13:41,427 - root - INFO - [31mstep: 767  [32mloss:  2.7812  [38;2;180;60;0mgrad_norm:  2.2943  [38;2;54;234;195mmemory: 53.87GiB(67.81%)  [34mtps: 840  [36mtflops: 40.52  [35mmfu: 4.10%[39m[m
[31m[rank0]:[titan] 2026-03-17 11:13:43,872 - root - INFO - [31mstep: 768  [32mloss:  2.7736  [38;2;180;60;0mgrad_norm:  1.9064  [38;2;54;234;195mmemory: 53.87GiB(67.81%)  [34mtps: 838  [36mtflops: 40.41  [35mmfu: 4.09%[39m[m
[31m[rank0]:[titan] 2026-03-17 11:13:46,312 - root - INFO - [31mstep: 769  [32mloss:  2.7816  [38;2;180;60;0mgrad_norm:  2.7556  [38;2;54;234;195mmemory: 53.87GiB(67.81%)  [34mtps: 839  [36mtflops: 40.51  [35mmfu: 4.10%[39m[m
[31m[rank0]:[titan] 2026-03-17 11:13:48,752 - root - INFO - [31mstep: 770  [32mloss:  2.7982  [38;2;180;60;0mgrad_norm:  2.5997  [38;2;54;234;195mmemory: 53.87GiB(67.81%)  [34mtps: 840  [36mtflops: 40.51  [35mmfu: 4.10%[39m[m
[31m[rank0]:[titan] 2026-03-17 11:13:51,187 - root - INFO - [31mstep: 771  [32mloss:  2.7861  [38;2;180;60;0mgrad_norm:  1.8985  [38;2;54;234;195mmemory: 53.87GiB(67.81%)  [34mtps: 841  [36mtflops: 40.58  [35mmfu: 4.10%[39m[m
[31m[rank0]:[titan] 2026-03-17 11:13:53,626 - root - INFO - [31mstep: 772  [32mloss:  2.7438[m[32m2.7378[m  [38;2;180;60;0mgrad_norm:  [31m2.2226[m[32m2.4547[m  [38;2;54;234;195mmemory: [31m53.87GiB(67.81%)[m[32m72.92GiB(91.79%)[m  [34mtps: [31m840[m[32m846[m  [36mtflops: [31m40.52[m[32m40.77[m  [35mmfu: [31m4.10%[39m[m[32m4.12%[39m[m
