========================
START TIME: Tue Mar 17 10:40:37 UTC 2026
python3 version = Python 3.12.9
===========
Running job: llama3_8b_fsdp_cpu_offload_hf_fsdp
Config file: /fsx/ferdinandmom/ferdinand-hf/huggingface/torchtitan/torchtitan/experiments/debug_fsdp/configs/hf_llama3_8b_fsdp.toml
USE_HF_FSDP=1
Running command: srun -u torchrun     --nproc_per_node 8     --nnodes 1     --rdzv_endpoint ip-26-0-161-138:2897     --rdzv_backend c10d     --max_restarts 0     --role rank     --local_ranks_filter 0     --tee 3     minimal_fsdp.py     --job.config_file /fsx/ferdinandmom/ferdinand-hf/huggingface/torchtitan/torchtitan/experiments/debug_fsdp/configs/hf_llama3_8b_fsdp.toml     --checkpoint.enable     --checkpoint.initial_load_path outputs/llama3_8b/seed_checkpoint/checkpoint/step-0     --checkpoint.load_only     --training.enable_cpu_offload
Job status: RUNNING
W0317 10:40:46.246000 1627548 torch/distributed/run.py:853] 
W0317 10:40:46.246000 1627548 torch/distributed/run.py:853] *****************************************
W0317 10:40:46.246000 1627548 torch/distributed/run.py:853] Setting OMP_NUM_THREADS environment variable for each process to be 1 in default, to avoid your system being overloaded, please further tune the variable for optimal performance in your application as needed. 
W0317 10:40:46.246000 1627548 torch/distributed/run.py:853] *****************************************
[rank0]:[titan] 2026-03-17 10:41:37,852 - root - WARNING - ENV[TORCH_NCCL_ASYNC_ERROR_HANDLING] = 1 will be overridden to 3 based on job config
[rank0]:[Gloo] Rank 0 is connected to 7 peer ranks. Expected number of connected peer ranks is : 7
[rank0]:[titan] 2026-03-17 10:41:37,972 - root - INFO - Building 1-D device mesh with ['dp_shard'], [8]
[rank0]:[titan] 2026-03-17 10:41:37,982 - root - INFO - Deterministic algorithm enabled (expect perf degradation).
[rank0]:[titan] 2026-03-17 10:41:38,090 - root - INFO - Initialized distributed run rank=0 world_size=8 local_rank=0 mesh=[0, 1, 2, 3, 4, 5, 6, 7]
[rank0]:[titan] 2026-03-17 10:41:38,090 - root - INFO - Backend: HF from_pretrained + manual FSDP
[rank0]:[titan] 2026-03-17 10:42:32,768 - root - INFO - Prepared HF model dir at outputs/hf_fsdp_pretrained with seed from outputs/llama3_8b/seed_checkpoint/checkpoint/step-0
[rank0]:`torch_dtype` is deprecated! Use `dtype` instead!
[rank0]:[titan] 2026-03-17 10:42:34,657 - root - INFO - Building HF model from outputs/hf_fsdp_pretrained
[rank0]:[titan] 2026-03-17 10:42:34,657 - root - INFO - HF from_pretrained FSDP options: cpu_offload=True mixed_precision=False param_dtype=float32 reduce_dtype=float32
[rank0]:use_kernel_func_from_hub is not available in the installed kernels version. Please upgrade kernels to use this feature.
[rank0]:
[rank0]:Loading weights:   0%|          | 0/291 [00:00<?, ?it/s][rank0]:
[rank0]:Loading weights:   0%|          | 1/291 [00:01<06:13,  1.29s/it][rank0]:
[rank0]:Loading weights:   1%|          | 2/291 [00:02<06:30,  1.35s/it][rank0]:
[rank0]:Loading weights:   1%|          | 3/291 [00:02<04:00,  1.20it/s][rank0]:
[rank0]:Loading weights:   4%|▍         | 12/291 [00:03<00:37,  7.47it/s][rank0]:
[rank0]:Loading weights:   5%|▌         | 15/291 [00:03<00:34,  7.91it/s][rank0]:
[rank0]:Loading weights:   7%|▋         | 19/291 [00:03<00:25, 10.77it/s][rank0]:
[rank0]:Loading weights:   8%|▊         | 22/291 [00:03<00:20, 13.05it/s][rank0]:
[rank0]:Loading weights:   9%|▊         | 25/291 [00:03<00:18, 14.00it/s][rank0]:
[rank0]:Loading weights:  11%|█         | 32/291 [00:03<00:11, 21.81it/s][rank0]:
[rank0]:Loading weights:  14%|█▍        | 41/291 [00:04<00:08, 29.40it/s][rank0]:
[rank0]:Loading weights:  17%|█▋        | 50/291 [00:04<00:06, 37.43it/s][rank0]:
[rank0]:Loading weights:  20%|█▉        | 58/291 [00:04<00:05, 42.57it/s][rank0]:
[rank0]:Loading weights:  22%|██▏       | 64/291 [00:04<00:05, 44.68it/s][rank0]:
[rank0]:Loading weights:  24%|██▍       | 70/291 [00:04<00:04, 44.53it/s][rank0]:
[rank0]:Loading weights:  26%|██▌       | 76/291 [00:04<00:04, 46.95it/s][rank0]:
[rank0]:Loading weights:  28%|██▊       | 82/291 [00:04<00:04, 47.99it/s][rank0]:
[rank0]:Loading weights:  30%|███       | 88/291 [00:04<00:04, 47.74it/s][rank0]:
[rank0]:Loading weights:  32%|███▏      | 94/291 [00:05<00:05, 35.02it/s][rank0]:
[rank0]:Loading weights:  34%|███▍      | 99/291 [00:05<00:05, 35.97it/s][rank0]:
[rank0]:Loading weights:  36%|███▌      | 104/291 [00:05<00:06, 26.87it/s][rank0]:
[rank0]:Loading weights:  38%|███▊      | 110/291 [00:05<00:05, 32.50it/s][rank0]:
[rank0]:Loading weights:  40%|███▉      | 115/291 [00:06<00:06, 28.59it/s][rank0]:
[rank0]:Loading weights:  41%|████      | 120/291 [00:06<00:05, 29.33it/s][rank0]:
[rank0]:Loading weights:  43%|████▎     | 124/291 [00:06<00:06, 24.22it/s][rank0]:
[rank0]:Loading weights:  44%|████▍     | 128/291 [00:06<00:07, 23.04it/s][rank0]:
[rank0]:Loading weights:  45%|████▌     | 131/291 [00:06<00:07, 21.24it/s][rank0]:
[rank0]:Loading weights:  48%|████▊     | 139/291 [00:06<00:04, 30.65it/s][rank0]:
[rank0]:Loading weights:  49%|████▉     | 143/291 [00:07<00:05, 25.41it/s][rank0]:
[rank0]:Loading weights:  51%|█████     | 148/291 [00:07<00:05, 25.71it/s][rank0]:
[rank0]:Loading weights:  52%|█████▏    | 151/291 [00:07<00:05, 23.67it/s][rank0]:
[rank0]:Loading weights:  54%|█████▍    | 157/291 [00:07<00:04, 27.25it/s][rank0]:
[rank0]:Loading weights:  55%|█████▍    | 160/291 [00:07<00:05, 24.90it/s][rank0]:
[rank0]:Loading weights:  56%|█████▋    | 164/291 [00:07<00:04, 27.83it/s][rank0]:
[rank0]:Loading weights:  58%|█████▊    | 168/291 [00:08<00:05, 21.21it/s][rank0]:
[rank0]:Loading weights:  59%|█████▉    | 172/291 [00:08<00:06, 17.69it/s][rank0]:
[rank0]:Loading weights:  63%|██████▎   | 184/291 [00:08<00:03, 30.55it/s][rank0]:
[rank0]:Loading weights:  65%|██████▍   | 188/291 [00:08<00:03, 27.35it/s][rank0]:
[rank0]:Loading weights:  66%|██████▋   | 193/291 [00:09<00:03, 27.36it/s][rank0]:
[rank0]:Loading weights:  68%|██████▊   | 197/291 [00:09<00:03, 26.79it/s][rank0]:
[rank0]:Loading weights:  69%|██████▉   | 201/291 [00:09<00:04, 21.32it/s][rank0]:
[rank0]:Loading weights:  71%|███████▏  | 208/291 [00:09<00:03, 26.76it/s][rank0]:
[rank0]:Loading weights:  73%|███████▎  | 212/291 [00:09<00:03, 25.72it/s][rank0]:
[rank0]:Loading weights:  74%|███████▍  | 215/291 [00:10<00:02, 26.21it/s][rank0]:
[rank0]:Loading weights:  76%|███████▌  | 220/291 [00:10<00:02, 29.85it/s][rank0]:
[rank0]:Loading weights:  77%|███████▋  | 224/291 [00:10<00:02, 26.59it/s][rank0]:
[rank0]:Loading weights:  79%|███████▊  | 229/291 [00:10<00:02, 29.56it/s][rank0]:
[rank0]:Loading weights:  80%|████████  | 233/291 [00:10<00:02, 23.29it/s][rank0]:
[rank0]:Loading weights:  81%|████████▏ | 237/291 [00:10<00:02, 24.67it/s][rank0]:
[rank0]:Loading weights:  84%|████████▍ | 244/291 [00:11<00:02, 18.92it/s][rank0]:
[rank0]:Loading weights:  87%|████████▋ | 253/291 [00:11<00:01, 28.45it/s][rank0]:
[rank0]:Loading weights:  89%|████████▊ | 258/291 [00:11<00:01, 27.99it/s][rank0]:
[rank0]:Loading weights:  91%|█████████ | 265/291 [00:11<00:00, 32.77it/s][rank0]:
[rank0]:Loading weights:  93%|█████████▎| 270/291 [00:11<00:00, 33.52it/s][rank0]:
[rank0]:Loading weights:  94%|█████████▍| 274/291 [00:12<00:00, 31.19it/s][rank0]:
[rank0]:Loading weights:  98%|█████████▊| 284/291 [00:12<00:00, 44.66it/s]
[rank0]:Loading weights: 100%|██████████| 291/291 [00:12<00:00, 23.75it/s]
[rank0]:[titan] 2026-03-17 10:43:11,876 - root - INFO - HF model: 8,030,261,248 params (seed checkpoint), 48,181,567,488 flops/token
[rank0]:/fsx/ferdinandmom/ferdinand-hf/huggingface/torchtitan/env_torchtitan_official/lib/python3.12/site-packages/torch/distributed/device_mesh.py:604: UserWarning: Slicing a flattened dim from root mesh will be deprecated in PT 2.11. Users need to bookkeep the flattened mesh directly. 
[rank0]:  sliced_mesh_layout = self._get_slice_mesh_layout(mesh_dim_names)
[rank0]:[titan] 2026-03-17 10:43:11,990 - root - INFO - Peak FLOPS used for computing MFU: 9.890e+14
[rank0]:[titan] 2026-03-17 10:43:11,990 - root - INFO - CUDA memory usage for model: 30.16GiB(37.97%)
[rank0]:[titan] 2026-03-17 10:43:11,994 - root - INFO - Loading tokenizer from tokenizer.json
[rank0]:[titan] 2026-03-17 10:43:12,001 - root - INFO - Preparing c4_test dataset from ../../../tests/assets/c4_test
[rank0]:[titan] 2026-03-17 10:43:12,148 - root - INFO - Trainer: local_bs=1, global_bs=8, seq_len=2048, steps=3000 (warmup 100)
[rank0]:[titan] 2026-03-17 10:43:12,148 - root - INFO - Training starts at step 1
[rank0]:[titan] 2026-03-17 10:43:36,806 - root - INFO - [31mstep:  1  [32mloss: 12.1225  [38;2;180;60;0mgrad_norm: 27.0540  [38;2;54;234;195mmemory: 56.04GiB(70.54%)  [34mtps: 83  [36mtflops: 4.00  [35mmfu: 0.40%[39m
[rank0]:[titan] 2026-03-17 10:43:36,807 - root - INFO - Synchronizing and adjusting timeout for all ProcessGroups to 0:01:40
[rank0]:[titan] 2026-03-17 10:43:53,959 - root - INFO - [31mstep:  2  [32mloss: 11.5470  [38;2;180;60;0mgrad_norm: 49.6774  [38;2;54;234;195mmemory: 58.00GiB(73.01%)  [34mtps: 119  [36mtflops: 5.75  [35mmfu: 0.58%[39m
[rank0]:[titan] 2026-03-17 10:44:11,232 - root - INFO - [31mstep:  3  [32mloss: 13.0931  [38;2;180;60;0mgrad_norm: 23.3403  [38;2;54;234;195mmemory: 58.00GiB(73.01%)  [34mtps: 119  [36mtflops: 5.71  [35mmfu: 0.58%[39m
[rank0]:[titan] 2026-03-17 10:44:28,353 - root - INFO - [31mstep:  4  [32mloss: 13.5530  [38;2;180;60;0mgrad_norm: 36.5375  [38;2;54;234;195mmemory: 58.00GiB(73.01%)  [34mtps: 120  [36mtflops: 5.76  [35mmfu: 0.58%[39m
[rank0]:[titan] 2026-03-17 10:44:45,499 - root - INFO - [31mstep:  5  [32mloss: 14.1256  [38;2;180;60;0mgrad_norm: 41.5903  [38;2;54;234;195mmemory: 58.00GiB(73.01%)  [34mtps: 119  [36mtflops: 5.76  [35mmfu: 0.58%[39m
[rank0]:[titan] 2026-03-17 10:45:02,665 - root - INFO - [31mstep:  6  [32mloss: 12.4410  [38;2;180;60;0mgrad_norm: 31.2552  [38;2;54;234;195mmemory: 58.00GiB(73.01%)  [34mtps: 119  [36mtflops: 5.75  [35mmfu: 0.58%[39m
[rank0]:[titan] 2026-03-17 10:45:19,931 - root - INFO - [31mstep:  7  [32mloss: 11.3628  [38;2;180;60;0mgrad_norm: 34.2612  [38;2;54;234;195mmemory: 58.00GiB(73.01%)  [34mtps: 119  [36mtflops: 5.72  [35mmfu: 0.58%[39m
[rank0]:[titan] 2026-03-17 10:45:37,160 - root - INFO - [31mstep:  8  [32mloss: 10.0836  [38;2;180;60;0mgrad_norm: 31.6263  [38;2;54;234;195mmemory: 58.00GiB(73.01%)  [34mtps: 119  [36mtflops: 5.73  [35mmfu: 0.58%[39m
[rank0]:[titan] 2026-03-17 10:45:54,417 - root - INFO - [31mstep:  9  [32mloss:  8.6530  [38;2;180;60;0mgrad_norm: 26.5710  [38;2;54;234;195mmemory: 58.00GiB(73.01%)  [34mtps: 119  [36mtflops: 5.72  [35mmfu: 0.58%[39m
[rank0]:[titan] 2026-03-17 10:46:11,314 - root - INFO - [31mstep: 10  [32mloss:  7.2321  [38;2;180;60;0mgrad_norm: 20.6532  [38;2;54;234;195mmemory: 58.00GiB(73.01%)  [34mtps: 121  [36mtflops: 5.84  [35mmfu: 0.59%[39m
[rank0]:[titan] 2026-03-17 10:46:28,450 - root - INFO - [31mstep: 11  [32mloss:  6.1500  [38;2;180;60;0mgrad_norm: 21.1331  [38;2;54;234;195mmemory: 58.00GiB(73.01%)  [34mtps: 120  [36mtflops: 5.76  [35mmfu: 0.58%[39m
[rank0]:[titan] 2026-03-17 10:46:45,578 - root - INFO - [31mstep: 12  [32mloss:  5.2708  [38;2;180;60;0mgrad_norm: 20.9941  [38;2;54;234;195mmemory: 58.00GiB(73.01%)  [34mtps: 120  [36mtflops: 5.76  [35mmfu: 0.58%[39m
[rank0]:[titan] 2026-03-17 10:47:02,810 - root - INFO - [31mstep: 13  [32mloss:  5.1096  [38;2;180;60;0mgrad_norm: 34.3038  [38;2;54;234;195mmemory: 58.00GiB(73.01%)  [34mtps: 119  [36mtflops: 5.73  [35mmfu: 0.58%[39m
[rank0]:[titan] 2026-03-17 10:47:20,205 - root - INFO - [31mstep: 14  [32mloss:  5.1612  [38;2;180;60;0mgrad_norm: 38.3250  [38;2;54;234;195mmemory: 58.00GiB(73.01%)  [34mtps: 118  [36mtflops: 5.67  [35mmfu: 0.57%[39m
[rank0]:[titan] 2026-03-17 10:47:37,394 - root - INFO - [31mstep: 15  [32mloss:  4.8152  [38;2;180;60;0mgrad_norm: 21.7732  [38;2;54;234;195mmemory: 58.00GiB(73.01%)  [34mtps: 119  [36mtflops: 5.74  [35mmfu: 0.58%[39m
[rank0]:[titan] 2026-03-17 10:47:54,542 - root - INFO - [31mstep: 16  [32mloss:  4.8418  [38;2;180;60;0mgrad_norm: 26.9909  [38;2;54;234;195mmemory: 58.00GiB(73.01%)  [34mtps: 119  [36mtflops: 5.75  [35mmfu: 0.58%[39m
[rank0]:[titan] 2026-03-17 10:48:11,681 - root - INFO - [31mstep: 17  [32mloss:  4.3472  [38;2;180;60;0mgrad_norm: 15.0500  [38;2;54;234;195mmemory: 58.00GiB(73.01%)  [34mtps: 119  [36mtflops: 5.76  [35mmfu: 0.58%[39m
[rank0]:[titan] 2026-03-17 10:48:28,765 - root - INFO - [31mstep: 18  [32mloss:  4.2389  [38;2;180;60;0mgrad_norm: 18.8143  [38;2;54;234;195mmemory: 58.00GiB(73.01%)  [34mtps: 120  [36mtflops: 5.78  [35mmfu: 0.58%[39m
[rank0]:[titan] 2026-03-17 10:48:45,926 - root - INFO - [31mstep: 19  [32mloss:  4.0145  [38;2;180;60;0mgrad_norm: 14.2140  [38;2;54;234;195mmemory: 58.00GiB(73.01%)  [34mtps: 119  [36mtflops: 5.75  [35mmfu: 0.58%[39m
[rank0]:[titan] 2026-03-17 10:49:03,167 - root - INFO - [31mstep: 20  [32mloss:  3.7560  [38;2;180;60;0mgrad_norm: 12.2632  [38;2;54;234;195mmemory: 58.00GiB(73.01%)  [34mtps: 119  [36mtflops: 5.72  [35mmfu: 0.58%[39m
[rank0]:[titan] 2026-03-17 10:49:20,407 - root - INFO - [31mstep: 21  [32mloss:  3.6686  [38;2;180;60;0mgrad_norm: 16.3058  [38;2;54;234;195mmemory: 58.00GiB(73.01%)  [34mtps: 119  [36mtflops: 5.72  [35mmfu: 0.58%[39m
[rank0]:[titan] 2026-03-17 10:49:37,678 - root - INFO - [31mstep: 22  [32mloss:  3.9631  [38;2;180;60;0mgrad_norm: 26.5200  [38;2;54;234;195mmemory: 58.00GiB(73.01%)  [34mtps: 119  [36mtflops: 5.71  [35mmfu: 0.58%[39m
[rank0]:[titan] 2026-03-17 10:49:54,636 - root - INFO - [31mstep: 23  [32mloss:  3.9738  [38;2;180;60;0mgrad_norm: 26.0694  [38;2;54;234;195mmemory: 58.00GiB(73.01%)  [34mtps: 121  [36mtflops: 5.82  [35mmfu: 0.59%[39m
[rank0]:[titan] 2026-03-17 10:50:11,991 - root - INFO - [31mstep: 24  [32mloss:  3.7862  [38;2;180;60;0mgrad_norm: 12.5087  [38;2;54;234;195mmemory: 58.00GiB(73.01%)  [34mtps: 118  [36mtflops: 5.69  [35mmfu: 0.57%[39m
[rank0]:[titan] 2026-03-17 10:50:29,296 - root - INFO - [31mstep: 25  [32mloss:  3.5866  [38;2;180;60;0mgrad_norm:  9.7113  [38;2;54;234;195mmemory: 58.00GiB(73.01%)  [34mtps: 118  [36mtflops: 5.70  [35mmfu: 0.58%[39m
[rank0]:[titan] 2026-03-17 10:50:46,511 - root - INFO - [31mstep: 26  [32mloss:  3.5452  [38;2;180;60;0mgrad_norm:  9.5246  [38;2;54;234;195mmemory: 58.00GiB(73.01%)  [34mtps: 119  [36mtflops: 5.73  [35mmfu: 0.58%[39m
[rank0]:[titan] 2026-03-17 10:51:03,761 - root - INFO - [31mstep: 27  [32mloss:  3.5061  [38;2;180;60;0mgrad_norm: 11.4353  [38;2;54;234;195mmemory: 58.00GiB(73.01%)  [34mtps: 119  [36mtflops: 5.72  [35mmfu: 0.58%[39m
[rank0]:[titan] 2026-03-17 10:51:21,192 - root - INFO - [31mstep: 28  [32mloss:  3.5095  [38;2;180;60;0mgrad_norm:  9.0978  [38;2;54;234;195mmemory: 58.00GiB(73.01%)  [34mtps: 117  [36mtflops: 5.66  [35mmfu: 0.57%[39m
[rank0]:[titan] 2026-03-17 10:51:38,438 - root - INFO - [31mstep: 29  [32mloss:  3.5552  [38;2;180;60;0mgrad_norm:  8.3829  [38;2;54;234;195mmemory: 58.00GiB(73.01%)  [34mtps: 119  [36mtflops: 5.72  [35mmfu: 0.58%[39m
[rank0]:[titan] 2026-03-17 10:51:55,758 - root - INFO - [31mstep: 30  [32mloss:  3.4951  [38;2;180;60;0mgrad_norm:  8.0120  [38;2;54;234;195mmemory: 58.00GiB(73.01%)  [34mtps: 118  [36mtflops: 5.70  [35mmfu: 0.58%[39m
[rank0]:[titan] 2026-03-17 10:52:12,938 - root - INFO - [31mstep: 31  [32mloss:  3.5039  [38;2;180;60;0mgrad_norm:  9.0066  [38;2;54;234;195mmemory: 58.00GiB(73.01%)  [34mtps: 119  [36mtflops: 5.74  [35mmfu: 0.58%[39m
[rank0]:[titan] 2026-03-17 10:52:30,220 - root - INFO - [31mstep: 32  [32mloss:  3.3953  [38;2;180;60;0mgrad_norm:  6.5810  [38;2;54;234;195mmemory: 58.00GiB(73.01%)  [34mtps: 119  [36mtflops: 5.71  [35mmfu: 0.58%[39m
[rank0]:[titan] 2026-03-17 10:52:47,531 - root - INFO - [31mstep: 33  [32mloss:  3.3991  [38;2;180;60;0mgrad_norm:  6.4694  [38;2;54;234;195mmemory: 58.00GiB(73.01%)  [34mtps: 118  [36mtflops: 5.70  [35mmfu: 0.58%[39m
[rank0]:[titan] 2026-03-17 10:53:04,797 - root - INFO - [31mstep: 34  [32mloss:  3.3966  [38;2;180;60;0mgrad_norm:  7.2985  [38;2;54;234;195mmemory: 58.00GiB(73.01%)  [34mtps: 119  [36mtflops: 5.72  [35mmfu: 0.58%[39m
[rank0]:[titan] 2026-03-17 10:53:22,025 - root - INFO - [31mstep: 35  [32mloss:  3.3233  [38;2;180;60;0mgrad_norm:  4.7202  [38;2;54;234;195mmemory: 58.00GiB(73.01%)  [34mtps: 119  [36mtflops: 5.73  [35mmfu: 0.58%[39m
[rank0]:[titan] 2026-03-17 10:53:39,475 - root - INFO - [31mstep: 36  [32mloss:  3.3707  [38;2;180;60;0mgrad_norm:  6.1691  [38;2;54;234;195mmemory: 58.00GiB(73.01%)  [34mtps: 117  [36mtflops: 5.65  [35mmfu: 0.57%[39m
[rank0]:[titan] 2026-03-17 10:53:56,827 - root - INFO - [31mstep: 37  [32mloss:  3.5187  [38;2;180;60;0mgrad_norm:  7.5650  [38;2;54;234;195mmemory: 58.00GiB(73.01%)  [34mtps: 118  [36mtflops: 5.69  [35mmfu: 0.58%[39m
[rank0]:[titan] 2026-03-17 10:54:14,055 - root - INFO - [31mstep: 38  [32mloss:  3.2617  [38;2;180;60;0mgrad_norm:  4.4030  [38;2;54;234;195mmemory: 58.00GiB(73.01%)  [34mtps: 119  [36mtflops: 5.73  [35mmfu: 0.58%[39m
[rank0]:[titan] 2026-03-17 10:54:31,406 - root - INFO - [31mstep: 39  [32mloss:  3.3409  [38;2;180;60;0mgrad_norm:  6.7953  [38;2;54;234;195mmemory: 58.00GiB(73.01%)  [34mtps: 118  [36mtflops: 5.69  [35mmfu: 0.58%[39m
[rank0]:[titan] 2026-03-17 10:54:48,817 - root - INFO - [31mstep: 40  [32mloss:  3.3809  [38;2;180;60;0mgrad_norm:  8.0095  [38;2;54;234;195mmemory: 58.00GiB(73.01%)  [34mtps: 118  [36mtflops: 5.67  [35mmfu: 0.57%[39m
[rank0]:[titan] 2026-03-17 10:55:06,057 - root - INFO - [31mstep: 41  [32mloss:  3.2783  [38;2;180;60;0mgrad_norm:  3.5205  [38;2;54;234;195mmemory: 58.00GiB(73.01%)  [34mtps: 119  [36mtflops: 5.72  [35mmfu: 0.58%[39m
[rank0]:[titan] 2026-03-17 10:55:23,344 - root - INFO - [31mstep: 42  [32mloss:  3.2543  [38;2;180;60;0mgrad_norm:  5.4475  [38;2;54;234;195mmemory: 58.00GiB(73.01%)  [34mtps: 118  [36mtflops: 5.71  [35mmfu: 0.58%[39m
[rank0]:[titan] 2026-03-17 10:55:40,930 - root - INFO - [31mstep: 43  [32mloss:  3.2635  [38;2;180;60;0mgrad_norm:  5.4604  [38;2;54;234;195mmemory: 58.00GiB(73.01%)  [34mtps: 116  [36mtflops: 5.61  [35mmfu: 0.57%[39m
[rank0]:[titan] 2026-03-17 10:55:58,246 - root - INFO - [31mstep: 44  [32mloss:  3.3246  [38;2;180;60;0mgrad_norm:  4.3338  [38;2;54;234;195mmemory: 58.00GiB(73.01%)  [34mtps: 118  [36mtflops: 5.70  [35mmfu: 0.58%[39m
[rank0]:[titan] 2026-03-17 10:56:15,539 - root - INFO - [31mstep: 45  [32mloss:  3.3426  [38;2;180;60;0mgrad_norm:  4.9254  [38;2;54;234;195mmemory: 58.00GiB(73.01%)  [34mtps: 118  [36mtflops: 5.71  [35mmfu: 0.58%[39m
[rank0]:[titan] 2026-03-17 10:56:32,745 - root - INFO - [31mstep: 46  [32mloss:  3.3312  [38;2;180;60;0mgrad_norm:  4.9612  [38;2;54;234;195mmemory: 58.00GiB(73.01%)  [34mtps: 119  [36mtflops: 5.74  [35mmfu: 0.58%[39m
[rank0]:[titan] 2026-03-17 10:56:49,996 - root - INFO - [31mstep: 47  [32mloss:  3.2139  [38;2;180;60;0mgrad_norm:  2.5936  [38;2;54;234;195mmemory: 58.00GiB(73.01%)  [34mtps: 119  [36mtflops: 5.72  [35mmfu: 0.58%[39m
[rank0]:[titan] 2026-03-17 10:57:07,297 - root - INFO - [31mstep: 48  [32mloss:  3.2601  [38;2;180;60;0mgrad_norm:  4.8436  [38;2;54;234;195mmemory: 58.00GiB(73.01%)  [34mtps: 118  [36mtflops: 5.70  [35mmfu: 0.58%[39m
[rank0]:[titan] 2026-03-17 10:57:24,385 - root - INFO - [31mstep: 49  [32mloss:  3.2554  [38;2;180;60;0mgrad_norm:  3.0951  [38;2;54;234;195mmemory: 58.00GiB(73.01%)  [34mtps: 120  [36mtflops: 5.77  [35mmfu: 0.58%[39m
[rank0]:[titan] 2026-03-17 10:57:41,454 - root - INFO - [31mstep: 50  [32mloss:  3.2305  [38;2;180;60;0mgrad_norm:  5.5782  [38;2;54;234;195mmemory: 58.00GiB(73.01%)  [34mtps: 120  [36mtflops: 5.78  [35mmfu: 0.58%[39m
[rank0]:[titan] 2026-03-17 10:57:58,767 - root - INFO - [31mstep: 51  [32mloss:  3.2429  [38;2;180;60;0mgrad_norm:  4.7579  [38;2;54;234;195mmemory: 58.00GiB(73.01%)  [34mtps: 118  [36mtflops: 5.70  [35mmfu: 0.58%[39m
[rank0]:[titan] 2026-03-17 10:58:16,034 - root - INFO - [31mstep: 52  [32mloss:  3.2765  [38;2;180;60;0mgrad_norm:  4.8091  [38;2;54;234;195mmemory: 58.00GiB(73.01%)  [34mtps: 119  [36mtflops: 5.71  [35mmfu: 0.58%[39m
[rank0]:[titan] 2026-03-17 10:58:32,962 - root - INFO - [31mstep: 53  [32mloss:  3.2444  [38;2;180;60;0mgrad_norm:  5.9632  [38;2;54;234;195mmemory: 58.00GiB(73.01%)  [34mtps: 121  [36mtflops: 5.83  [35mmfu: 0.59%[39m
[rank0]:[titan] 2026-03-17 10:58:50,292 - root - INFO - [31mstep: 54  [32mloss:  3.2377  [38;2;180;60;0mgrad_norm:  4.3874  [38;2;54;234;195mmemory: 58.00GiB(73.01%)  [34mtps: 118  [36mtflops: 5.69  [35mmfu: 0.58%[39m
[rank0]:[titan] 2026-03-17 10:59:07,621 - root - INFO - [31mstep: 55  [32mloss:  3.2516  [38;2;180;60;0mgrad_norm:  4.6881  [38;2;54;234;195mmemory: 58.00GiB(73.01%)  [34mtps: 118  [36mtflops: 5.69  [35mmfu: 0.58%[39m
[rank0]:[titan] 2026-03-17 10:59:24,889 - root - INFO - [31mstep: 56  [32mloss:  3.3154  [38;2;180;60;0mgrad_norm:  4.6712  [38;2;54;234;195mmemory: 58.00GiB(73.01%)  [34mtps: 119  [36mtflops: 5.71  [35mmfu: 0.58%[39m
[rank0]:[titan] 2026-03-17 10:59:42,244 - root - INFO - [31mstep: 57  [32mloss:  3.2625  [38;2;180;60;0mgrad_norm:  3.5920  [38;2;54;234;195mmemory: 58.00GiB(73.01%)  [34mtps: 118  [36mtflops: 5.69  [35mmfu: 0.57%[39m
[rank0]:[titan] 2026-03-17 10:59:59,604 - root - INFO - [31mstep: 58  [32mloss:  3.2385  [38;2;180;60;0mgrad_norm:  4.7157  [38;2;54;234;195mmemory: 58.00GiB(73.01%)  [34mtps: 118  [36mtflops: 5.68  [35mmfu: 0.57%[39m
[rank0]:[titan] 2026-03-17 11:00:16,875 - root - INFO - [31mstep: 59  [32mloss:  3.2239  [38;2;180;60;0mgrad_norm:  3.7825  [38;2;54;234;195mmemory: 58.00GiB(73.01%)  [34mtps: 119  [36mtflops: 5.71  [35mmfu: 0.58%[39m
[rank0]:[titan] 2026-03-17 11:00:34,129 - root - INFO - [31mstep: 60  [32mloss:  3.1952  [38;2;180;60;0mgrad_norm:  4.1285  [38;2;54;234;195mmemory: 58.00GiB(73.01%)  [34mtps: 119  [36mtflops: 5.72  [35mmfu: 0.58%[39m
[rank0]:[titan] 2026-03-17 11:00:51,485 - root - INFO - [31mstep: 61  [32mloss:  3.1844  [38;2;180;60;0mgrad_norm:  3.7349  [38;2;54;234;195mmemory: 58.00GiB(73.01%)  [34mtps: 118  [36mtflops: 5.69  [35mmfu: 0.57%[39m
[rank0]:[titan] 2026-03-17 11:01:08,871 - root - INFO - [31mstep: 62  [32mloss:  3.1947  [38;2;180;60;0mgrad_norm:  4.2106  [38;2;54;234;195mmemory: 58.00GiB(73.01%)  [34mtps: 118  [36mtflops: 5.68  [35mmfu: 0.57%[39m
[rank0]:[titan] 2026-03-17 11:01:25,999 - root - INFO - [31mstep: 63  [32mloss:  3.2549  [38;2;180;60;0mgrad_norm:  4.1712  [38;2;54;234;195mmemory: 58.00GiB(73.01%)  [34mtps: 120  [36mtflops: 5.76  [35mmfu: 0.58%[39m
[rank0]:[titan] 2026-03-17 11:01:43,352 - root - INFO - [31mstep: 64  [32mloss:  3.2478  [38;2;180;60;0mgrad_norm:  5.1934  [38;2;54;234;195mmemory: 58.00GiB(73.01%)  [34mtps: 118  [36mtflops: 5.69  [35mmfu: 0.57%[39m
[rank0]:[titan] 2026-03-17 11:02:00,537 - root - INFO - [31mstep: 65  [32mloss:  3.2593  [38;2;180;60;0mgrad_norm:  2.8636  [38;2;54;234;195mmemory: 58.00GiB(73.01%)  [34mtps: 119  [36mtflops: 5.74  [35mmfu: 0.58%[39m
[rank0]:[titan] 2026-03-17 11:02:18,019 - root - INFO - [31mstep: 66  [32mloss:  3.3141  [38;2;180;60;0mgrad_norm:  4.2671  [38;2;54;234;195mmemory: 58.00GiB(73.01%)  [34mtps: 117  [36mtflops: 5.64  [35mmfu: 0.57%[39m
[rank0]:[titan] 2026-03-17 11:02:35,266 - root - INFO - [31mstep: 67  [32mloss:  3.2285  [38;2;180;60;0mgrad_norm:  3.3071  [38;2;54;234;195mmemory: 58.00GiB(73.01%)  [34mtps: 119  [36mtflops: 5.72  [35mmfu: 0.58%[39m
[rank0]:[titan] 2026-03-17 11:02:52,484 - root - INFO - [31mstep: 68  [32mloss:  3.2900  [38;2;180;60;0mgrad_norm:  5.3150  [38;2;54;234;195mmemory: 58.00GiB(73.01%)  [34mtps: 119  [36mtflops: 5.73  [35mmfu: 0.58%[39m
[rank0]:[titan] 2026-03-17 11:03:09,753 - root - INFO - [31mstep: 69  [32mloss:  3.1991  [38;2;180;60;0mgrad_norm:  3.7666  [38;2;54;234;195mmemory: 58.00GiB(73.01%)  [34mtps: 119  [36mtflops: 5.71  [35mmfu: 0.58%[39m
[rank0]:[titan] 2026-03-17 11:03:26,690 - root - INFO - [31mstep: 70  [32mloss:  3.2876  [38;2;180;60;0mgrad_norm:  4.2705  [38;2;54;234;195mmemory: 58.00GiB(73.01%)  [34mtps: 121  [36mtflops: 5.83  [35mmfu: 0.59%[39m
[rank0]:[titan] 2026-03-17 11:03:43,944 - root - INFO - [31mstep: 71  [32mloss:  3.4924  [38;2;180;60;0mgrad_norm:  3.8878  [38;2;54;234;195mmemory: 58.00GiB(73.01%)  [34mtps: 119  [36mtflops: 5.72  [35mmfu: 0.58%[39m
[rank0]:[titan] 2026-03-17 11:04:01,101 - root - INFO - [31mstep: 72  [32mloss:  3.3906  [38;2;180;60;0mgrad_norm:  2.7004  [38;2;54;234;195mmemory: 58.00GiB(73.01%)  [34mtps: 119  [36mtflops: 5.75  [35mmfu: 0.58%[39m
[rank0]:[titan] 2026-03-17 11:04:18,341 - root - INFO - [31mstep: 73  [32mloss:  3.2353  [38;2;180;60;0mgrad_norm:  3.5326  [38;2;54;234;195mmemory: 58.00GiB(73.01%)  [34mtps: 119  [36mtflops: 5.72  [35mmfu: 0.58%[39m
[rank0]:[titan] 2026-03-17 11:04:35,513 - root - INFO - [31mstep: 74  [32mloss:  3.1623  [38;2;180;60;0mgrad_norm:  2.6049  [38;2;54;234;195mmemory: 58.00GiB(73.01%)  [34mtps: 119  [36mtflops: 5.75  [35mmfu: 0.58%[39m
[rank0]:[titan] 2026-03-17 11:04:52,470 - root - INFO - [31mstep: 75  [32mloss:  3.1362  [38;2;180;60;0mgrad_norm:  3.5984  [38;2;54;234;195mmemory: 58.00GiB(73.01%)  [34mtps: 121  [36mtflops: 5.82  [35mmfu: 0.59%[39m
[rank0]:[titan] 2026-03-17 11:05:09,603 - root - INFO - [31mstep: 76  [32mloss:  3.1313  [38;2;180;60;0mgrad_norm:  3.0004  [38;2;54;234;195mmemory: 58.00GiB(73.01%)  [34mtps: 120  [36mtflops: 5.76  [35mmfu: 0.58%[39m
[rank0]:[titan] 2026-03-17 11:05:26,900 - root - INFO - [31mstep: 77  [32mloss:  3.1499  [38;2;180;60;0mgrad_norm:  3.5465  [38;2;54;234;195mmemory: 58.00GiB(73.01%)  [34mtps: 118  [36mtflops: 5.71  [35mmfu: 0.58%[39m
[rank0]:[titan] 2026-03-17 11:05:44,283 - root - INFO - [31mstep: 78  [32mloss:  3.2296  [38;2;180;60;0mgrad_norm:  4.2111  [38;2;54;234;195mmemory: 58.00GiB(73.01%)  [34mtps: 118  [36mtflops: 5.68  [35mmfu: 0.57%[39m
[rank0]:[titan] 2026-03-17 11:06:01,593 - root - INFO - [31mstep: 79  [32mloss:  3.1105  [38;2;180;60;0mgrad_norm:  3.2380  [38;2;54;234;195mmemory: 58.00GiB(73.01%)  [34mtps: 118  [36mtflops: 5.70  [35mmfu: 0.58%[39m
[rank0]:[titan] 2026-03-17 11:06:18,941 - root - INFO - [31mstep: 80  [32mloss:  3.1878  [38;2;180;60;0mgrad_norm:  3.6236  [38;2;54;234;195mmemory: 58.00GiB(73.01%)  [34mtps: 118  [36mtflops: 5.69  [35mmfu: 0.58%[39m
[rank0]:[titan] 2026-03-17 11:06:36,158 - root - INFO - [31mstep: 81  [32mloss:  3.1547  [38;2;180;60;0mgrad_norm:  4.2340  [38;2;54;234;195mmemory: 58.00GiB(73.01%)  [34mtps: 119  [36mtflops: 5.73  [35mmfu: 0.58%[39m
[rank0]:[titan] 2026-03-17 11:06:53,213 - root - INFO - [31mstep: 82  [32mloss:  3.1049  [38;2;180;60;0mgrad_norm:  3.2188  [38;2;54;234;195mmemory: 58.00GiB(73.01%)  [34mtps: 120  [36mtflops: 5.79  [35mmfu: 0.59%[39m
[rank0]:[titan] 2026-03-17 11:07:10,451 - root - INFO - [31mstep: 83  [32mloss:  3.1098  [38;2;180;60;0mgrad_norm:  3.8860  [38;2;54;234;195mmemory: 58.00GiB(73.01%)  [34mtps: 119  [36mtflops: 5.72  [35mmfu: 0.58%[39m
[rank0]:[titan] 2026-03-17 11:07:27,598 - root - INFO - [31mstep: 84  [32mloss:  3.2217  [38;2;180;60;0mgrad_norm:  4.2314  [38;2;54;234;195mmemory: 58.00GiB(73.01%)  [34mtps: 119  [36mtflops: 5.76  [35mmfu: 0.58%[39m
[rank0]:[titan] 2026-03-17 11:07:44,703 - root - INFO - [31mstep: 85  [32mloss:  3.2157  [38;2;180;60;0mgrad_norm:  3.8435  [38;2;54;234;195mmemory: 58.00GiB(73.01%)  [34mtps: 120  [36mtflops: 5.77  [35mmfu: 0.58%[39m
[rank0]:[titan] 2026-03-17 11:08:01,863 - root - INFO - [31mstep: 86  [32mloss:  3.1277  [38;2;180;60;0mgrad_norm:  4.4394  [38;2;54;234;195mmemory: 58.00GiB(73.01%)  [34mtps: 119  [36mtflops: 5.75  [35mmfu: 0.58%[39m
[rank0]:[titan] 2026-03-17 11:08:18,932 - root - INFO - [31mstep: 87  [32mloss:  3.0744  [38;2;180;60;0mgrad_norm:  3.6040  [38;2;54;234;195mmemory: 58.00GiB(73.01%)  [34mtps: 120  [36mtflops: 5.78  [35mmfu: 0.58%[39m
[rank0]:[titan] 2026-03-17 11:08:35,698 - root - INFO - [31mstep: 88  [32mloss:  3.0463  [38;2;180;60;0mgrad_norm:  4.3583  [38;2;54;234;195mmemory: 58.00GiB(73.01%)  [34mtps: 122  [36mtflops: 5.89  [35mmfu: 0.60%[39m
[rank0]:[titan] 2026-03-17 11:08:52,924 - root - INFO - [31mstep: 89  [32mloss:  3.0833  [38;2;180;60;0mgrad_norm:  3.7464  [38;2;54;234;195mmemory: 58.00GiB(73.01%)  [34mtps: 119  [36mtflops: 5.73  [35mmfu: 0.58%[39m
[rank0]:[titan] 2026-03-17 11:09:09,901 - root - INFO - [31mstep: 90  [32mloss:  3.1441  [38;2;180;60;0mgrad_norm:  5.0320  [38;2;54;234;195mmemory: 58.00GiB(73.01%)  [34mtps: 121  [36mtflops: 5.81  [35mmfu: 0.59%[39m
[rank0]:[titan] 2026-03-17 11:09:27,067 - root - INFO - [31mstep: 91  [32mloss:  3.0373  [38;2;180;60;0mgrad_norm:  3.6732  [38;2;54;234;195mmemory: 58.00GiB(73.01%)  [34mtps: 119  [36mtflops: 5.75  [35mmfu: 0.58%[39m
[rank0]:[titan] 2026-03-17 11:09:44,244 - root - INFO - [31mstep: 92  [32mloss:  3.1615  [38;2;180;60;0mgrad_norm:  3.3094  [38;2;54;234;195mmemory: 58.00GiB(73.01%)  [34mtps: 119  [36mtflops: 5.74  [35mmfu: 0.58%[39m
[rank0]:[titan] 2026-03-17 11:10:01,286 - root - INFO - [31mstep: 93  [32mloss:  3.0804  [38;2;180;60;0mgrad_norm:  3.8147  [38;2;54;234;195mmemory: 58.00GiB(73.01%)  [34mtps: 120  [36mtflops: 5.79  [35mmfu: 0.59%[39m
[rank0]:[titan] 2026-03-17 11:10:18,596 - root - INFO - [31mstep: 94  [32mloss:  3.1005  [38;2;180;60;0mgrad_norm:  3.0089  [38;2;54;234;195mmemory: 58.00GiB(73.01%)  [34mtps: 118  [36mtflops: 5.70  [35mmfu: 0.58%[39m
[rank0]:[titan] 2026-03-17 11:10:35,594 - root - INFO - [31mstep: 95  [32mloss:  3.0551  [38;2;180;60;0mgrad_norm:  3.3075  [38;2;54;234;195mmemory: 58.00GiB(73.01%)  [34mtps: 120  [36mtflops: 5.81  [35mmfu: 0.59%[39m
[rank0]:[titan] 2026-03-17 11:10:52,834 - root - INFO - [31mstep: 96  [32mloss:  3.0801  [38;2;180;60;0mgrad_norm:  2.7313  [38;2;54;234;195mmemory: 58.00GiB(73.01%)  [34mtps: 119  [36mtflops: 5.72  [35mmfu: 0.58%[39m
[rank0]:[titan] 2026-03-17 11:11:10,097 - root - INFO - [31mstep: 97  [32mloss:  3.0033  [38;2;180;60;0mgrad_norm:  3.9308  [38;2;54;234;195mmemory: 58.00GiB(73.01%)  [34mtps: 119  [36mtflops: 5.72  [35mmfu: 0.58%[39m
[rank0]:[titan] 2026-03-17 11:11:27,166 - root - INFO - [31mstep: 98  [32mloss:  2.9945  [38;2;180;60;0mgrad_norm:  2.7491  [38;2;54;234;195mmemory: 58.00GiB(73.01%)  [34mtps: 120  [36mtflops: 5.78  [35mmfu: 0.58%[39m
[rank0]:[titan] 2026-03-17 11:11:44,316 - root - INFO - [31mstep: 99  [32mloss:  3.0721  [38;2;180;60;0mgrad_norm:  3.7810  [38;2;54;234;195mmemory: 58.00GiB(73.01%)  [34mtps: 119  [36mtflops: 5.75  [35mmfu: 0.58%[39m
[rank0]:[titan] 2026-03-17 11:12:01,496 - root - INFO - [31mstep: 100  [32mloss:  3.0159  [38;2;180;60;0mgrad_norm:  3.1648  [38;2;54;234;195mmemory: 58.00GiB(73.01%)  [34mtps: 119  [36mtflops: 5.74  [35mmfu: 0.58%[39m
[rank0]:[titan] 2026-03-17 11:12:18,627 - root - INFO - [31mstep: 101  [32mloss:  3.0702  [38;2;180;60;0mgrad_norm:  4.3512  [38;2;54;234;195mmemory: 58.00GiB(73.01%)  [34mtps: 120  [36mtflops: 5.76  [35mmfu: 0.58%[39m
[rank0]:[titan] 2026-03-17 11:12:35,719 - root - INFO - [31mstep: 102  [32mloss:  3.0723  [38;2;180;60;0mgrad_norm:  3.6047  [38;2;54;234;195mmemory: 58.00GiB(73.01%)  [34mtps: 120  [36mtflops: 5.77  [35mmfu: 0.58%[39m
[rank0]:[titan] 2026-03-17 11:12:53,010 - root - INFO - [31mstep: 103  [32mloss:  2.9798  [38;2;180;60;0mgrad_norm:  3.0382  [38;2;54;234;195mmemory: 58.00GiB(73.01%)  [34mtps: 118  [36mtflops: 5.71  [35mmfu: 0.58%[39m
[rank0]:[titan] 2026-03-17 11:13:10,209 - root - INFO - [31mstep: 104  [32mloss:  3.0116  [38;2;180;60;0mgrad_norm:  3.7961  [38;2;54;234;195mmemory: 58.00GiB(73.01%)  [34mtps: 119  [36mtflops: 5.74  [35mmfu: 0.58%[39m
[rank0]:[titan] 2026-03-17 11:13:27,534 - root - INFO - [31mstep: 105  [32mloss:  2.9773  [38;2;180;60;0mgrad_norm:  2.8888  [38;2;54;234;195mmemory: 58.00GiB(73.01%)  [34mtps: 118  [36mtflops: 5.70  [35mmfu: 0.58%[39m
[rank0]:[titan] 2026-03-17 11:13:44,769 - root - INFO - [31mstep: 106  [32mloss:  2.9785  [38;2;180;60;0mgrad_norm:  3.1534  [38;2;54;234;195mmemory: 58.00GiB(73.01%)  [34mtps: 119  [36mtflops: 5.73  [35mmfu: 0.58%[39m
[rank0]:[titan] 2026-03-17 11:14:01,726 - root - INFO - [31mstep: 107  [32mloss:  2.9930  [38;2;180;60;0mgrad_norm:  2.6554  [38;2;54;234;195mmemory: 58.00GiB(73.01%)  [34mtps: 121  [36mtflops: 5.82  [35mmfu: 0.59%[39m
[rank0]:[titan] 2026-03-17 11:14:19,048 - root - INFO - [31mstep: 108  [32mloss:  3.0680  [38;2;180;60;0mgrad_norm:  3.7075  [38;2;54;234;195mmemory: 58.00GiB(73.01%)  [34mtps: 118  [36mtflops: 5.70  [35mmfu: 0.58%[39m
[rank0]:[titan] 2026-03-17 11:14:36,040 - root - INFO - [31mstep: 109  [32mloss:  3.0107  [38;2;180;60;0mgrad_norm:  2.6104  [38;2;54;234;195mmemory: 58.00GiB(73.01%)  [34mtps: 121  [36mtflops: 5.81  [35mmfu: 0.59%[39m
[rank0]:[titan] 2026-03-17 11:14:53,341 - root - INFO - [31mstep: 110  [32mloss:  3.0183  [38;2;180;60;0mgrad_norm:  4.8448  [38;2;54;234;195mmemory: 58.00GiB(73.01%)  [34mtps: 118  [36mtflops: 5.70  [35mmfu: 0.58%[39m
[rank0]:[titan] 2026-03-17 11:15:10,516 - root - INFO - [31mstep: 111  [32mloss:  2.9885  [38;2;180;60;0mgrad_norm:  2.4140  [38;2;54;234;195mmemory: 58.00GiB(73.01%)  [34mtps: 119  [36mtflops: 5.75  [35mmfu: 0.58%[39m
[rank0]:[titan] 2026-03-17 11:15:27,648 - root - INFO - [31mstep: 112  [32mloss:  3.0240  [38;2;180;60;0mgrad_norm:  3.8709  [38;2;54;234;195mmemory: 58.00GiB(73.01%)  [34mtps: 120  [36mtflops: 5.76  [35mmfu: 0.58%[39m
[rank0]:[titan] 2026-03-17 11:15:44,877 - root - INFO - [31mstep: 113  [32mloss:  2.9673  [38;2;180;60;0mgrad_norm:  2.8429  [38;2;54;234;195mmemory: 58.00GiB(73.01%)  [34mtps: 119  [36mtflops: 5.73  [35mmfu: 0.58%[39m
[rank0]:[titan] 2026-03-17 11:16:02,278 - root - INFO - [31mstep: 114  [32mloss:  3.0572  [38;2;180;60;0mgrad_norm:  3.3775  [38;2;54;234;195mmemory: 58.00GiB(73.01%)  [34mtps: 118  [36mtflops: 5.67  [35mmfu: 0.57%[39m
[rank0]:[titan] 2026-03-17 11:16:19,603 - root - INFO - [31mstep: 115  [32mloss:  2.9640  [38;2;180;60;0mgrad_norm:  3.2308  [38;2;54;234;195mmemory: 58.00GiB(73.01%)  [34mtps: 118  [36mtflops: 5.70  [35mmfu: 0.58%[39m
[rank0]:[titan] 2026-03-17 11:16:36,674 - root - INFO - [31mstep: 116  [32mloss:  2.9522  [38;2;180;60;0mgrad_norm:  3.0095  [38;2;54;234;195mmemory: 58.00GiB(73.01%)  [34mtps: 120  [36mtflops: 5.78  [35mmfu: 0.58%[39m
[rank0]:[titan] 2026-03-17 11:16:53,789 - root - INFO - [31mstep: 117  [32mloss:  2.9632  [38;2;180;60;0mgrad_norm:  2.9079  [38;2;54;234;195mmemory: 58.00GiB(73.01%)  [34mtps: 120  [36mtflops: 5.77  [35mmfu: 0.58%[39m
[rank0]:[titan] 2026-03-17 11:17:11,013 - root - INFO - [31mstep: 118  [32mloss:  3.1025  [38;2;180;60;0mgrad_norm:  2.5592  [38;2;54;234;195mmemory: 58.00GiB(73.01%)  [34mtps: 119  [36mtflops: 5.73  [35mmfu: 0.58%[39m
[rank0]:[titan] 2026-03-17 11:17:28,374 - root - INFO - [31mstep: 119  [32mloss:  3.0100  [38;2;180;60;0mgrad_norm:  4.6961  [38;2;54;234;195mmemory: 58.00GiB(73.01%)  [34mtps: 118  [36mtflops: 5.68  [35mmfu: 0.57%[39m
[rank0]:[titan] 2026-03-17 11:17:45,446 - root - INFO - [31mstep: 120  [32mloss:  2.9756  [38;2;180;60;0mgrad_norm:  3.2430  [38;2;54;234;195mmemory: 58.00GiB(73.01%)  [34mtps: 120  [36mtflops: 5.78  [35mmfu: 0.58%[39m
[rank0]:[titan] 2026-03-17 11:18:02,644 - root - INFO - [31mstep: 121  [32mloss:  3.0182  [38;2;180;60;0mgrad_norm:  5.0787  [38;2;54;234;195mmemory: 58.00GiB(73.01%)  [34mtps: 119  [36mtflops: 5.74  [35mmfu: 0.58%[39m
[rank0]:[titan] 2026-03-17 11:18:19,822 - root - INFO - [31mstep: 122  [32mloss:  2.9740  [38;2;180;60;0mgrad_norm:  5.2468  [38;2;54;234;195mmemory: 58.00GiB(73.01%)  [34mtps: 119  [36mtflops: 5.74  [35mmfu: 0.58%[39m
[rank0]:[titan] 2026-03-17 11:18:37,071 - root - INFO - [31mstep: 123  [32mloss:  2.9026  [38;2;180;60;0mgrad_norm:  4.0574  [38;2;54;234;195mmemory: 58.00GiB(73.01%)  [34mtps: 119  [36mtflops: 5.72  [35mmfu: 0.58%[39m
[rank0]:[titan] 2026-03-17 11:18:54,297 - root - INFO - [31mstep: 124  [32mloss:  2.9793  [38;2;180;60;0mgrad_norm:  7.5123  [38;2;54;234;195mmemory: 58.00GiB(73.01%)  [34mtps: 119  [36mtflops: 5.73  [35mmfu: 0.58%[39m
[rank0]:[titan] 2026-03-17 11:19:11,575 - root - INFO - [31mstep: 125  [32mloss:  3.0379  [38;2;180;60;0mgrad_norm:  4.7166  [38;2;54;234;195mmemory: 58.00GiB(73.01%)  [34mtps: 119  [36mtflops: 5.71  [35mmfu: 0.58%[39m
[rank0]:[titan] 2026-03-17 11:19:28,755 - root - INFO - [31mstep: 126  [32mloss:  3.0090  [38;2;180;60;0mgrad_norm:  5.2614  [38;2;54;234;195mmemory: 58.00GiB(73.01%)  [34mtps: 119  [36mtflops: 5.74  [35mmfu: 0.58%[39m
[rank0]:[titan] 2026-03-17 11:19:45,996 - root - INFO - [31mstep: 127  [32mloss:  3.0015  [38;2;180;60;0mgrad_norm:  4.9928  [38;2;54;234;195mmemory: 58.00GiB(73.01%)  [34mtps: 119  [36mtflops: 5.72  [35mmfu: 0.58%[39m
[rank0]:[titan] 2026-03-17 11:20:03,409 - root - INFO - [31mstep: 128  [32mloss:  2.9904  [38;2;180;60;0mgrad_norm:  4.9938  [38;2;54;234;195mmemory: 58.00GiB(73.01%)  [34mtps: 118  [36mtflops: 5.67  [35mmfu: 0.57%[39m
[rank0]:[titan] 2026-03-17 11:20:20,465 - root - INFO - [31mstep: 129  [32mloss:  2.8982  [38;2;180;60;0mgrad_norm:  3.2856  [38;2;54;234;195mmemory: 58.00GiB(73.01%)  [34mtps: 120  [36mtflops: 5.79  [35mmfu: 0.58%[39m
[rank0]:[titan] 2026-03-17 11:20:37,470 - root - INFO - [31mstep: 130  [32mloss:  2.9256  [38;2;180;60;0mgrad_norm:  4.2560  [38;2;54;234;195mmemory: 58.00GiB(73.01%)  [34mtps: 120  [36mtflops: 5.80  [35mmfu: 0.59%[39m
[rank0]:[titan] 2026-03-17 11:20:54,650 - root - INFO - [31mstep: 131  [32mloss:  2.8971  [38;2;180;60;0mgrad_norm:  4.4817  [38;2;54;234;195mmemory: 58.00GiB(73.01%)  [34mtps: 119  [36mtflops: 5.74  [35mmfu: 0.58%[39m
[rank0]:[titan] 2026-03-17 11:21:11,916 - root - INFO - [31mstep: 132  [32mloss:  2.9381  [38;2;180;60;0mgrad_norm:  4.1130  [38;2;54;234;195mmemory: 58.00GiB(73.01%)  [34mtps: 119  [36mtflops: 5.72  [35mmfu: 0.58%[39m
[rank0]:[titan] 2026-03-17 11:21:29,031 - root - INFO - [31mstep: 133  [32mloss:  2.9564  [38;2;180;60;0mgrad_norm:  5.2202  [38;2;54;234;195mmemory: 58.00GiB(73.01%)  [34mtps: 120  [36mtflops: 5.77  [35mmfu: 0.58%[39m
[rank0]:[titan] 2026-03-17 11:21:46,311 - root - INFO - [31mstep: 134  [32mloss:  2.8615  [38;2;180;60;0mgrad_norm:  4.9259  [38;2;54;234;195mmemory: 58.00GiB(73.01%)  [34mtps: 119  [36mtflops: 5.71  [35mmfu: 0.58%[39m
[rank0]:[titan] 2026-03-17 11:22:03,300 - root - INFO - [31mstep: 135  [32mloss:  2.8439  [38;2;180;60;0mgrad_norm:  3.3048  [38;2;54;234;195mmemory: 58.00GiB(73.01%)  [34mtps: 121  [36mtflops: 5.81  [35mmfu: 0.59%[39m
[rank0]:[titan] 2026-03-17 11:22:20,350 - root - INFO - [31mstep: 136  [32mloss:  2.8824  [38;2;180;60;0mgrad_norm:  3.4398  [38;2;54;234;195mmemory: 58.00GiB(73.01%)  [34mtps: 120  [36mtflops: 5.79  [35mmfu: 0.59%[39m
[rank0]:[titan] 2026-03-17 11:22:37,513 - root - INFO - [31mstep: 137  [32mloss:  2.9145  [38;2;180;60;0mgrad_norm:  3.2608  [38;2;54;234;195mmemory: 58.00GiB(73.01%)  [34mtps: 119  [36mtflops: 5.75  [35mmfu: 0.58%[39m
[rank0]:[titan] 2026-03-17 11:22:54,766 - root - INFO - [31mstep: 138  [32mloss:  2.9635  [38;2;180;60;0mgrad_norm:  3.4854  [38;2;54;234;195mmemory: 58.00GiB(73.01%)  [34mtps: 119  [36mtflops: 5.72  [35mmfu: 0.58%[39m
[rank0]:[titan] 2026-03-17 11:23:11,833 - root - INFO - [31mstep: 139  [32mloss:  2.9017  [38;2;180;60;0mgrad_norm:  2.7077  [38;2;54;234;195mmemory: 58.00GiB(73.01%)  [34mtps: 120  [36mtflops: 5.78  [35mmfu: 0.58%[39m
[rank0]:[titan] 2026-03-17 11:23:28,923 - root - INFO - [31mstep: 140  [32mloss:  2.9473  [38;2;180;60;0mgrad_norm:  3.5312  [38;2;54;234;195mmemory: 58.00GiB(73.01%)  [34mtps: 120  [36mtflops: 5.77  [35mmfu: 0.58%[39m
[rank0]:[titan] 2026-03-17 11:23:46,128 - root - INFO - [31mstep: 141  [32mloss:  3.0224  [38;2;180;60;0mgrad_norm:  2.7223  [38;2;54;234;195mmemory: 58.00GiB(73.01%)  [34mtps: 119  [36mtflops: 5.74  [35mmfu: 0.58%[39m
[rank0]:[titan] 2026-03-17 11:24:03,269 - root - INFO - [31mstep: 142  [32mloss:  2.9390  [38;2;180;60;0mgrad_norm:  3.2036  [38;2;54;234;195mmemory: 58.00GiB(73.01%)  [34mtps: 119  [36mtflops: 5.76  [35mmfu: 0.58%[39m
[rank0]:[titan] 2026-03-17 11:24:20,456 - root - INFO - [31mstep: 143  [32mloss:  2.8940  [38;2;180;60;0mgrad_norm:  3.3638  [38;2;54;234;195mmemory: 58.00GiB(73.01%)  [34mtps: 119  [36mtflops: 5.74  [35mmfu: 0.58%[39m
[rank0]:[titan] 2026-03-17 11:24:37,751 - root - INFO - [31mstep: 144  [32mloss:  2.8616  [38;2;180;60;0mgrad_norm:  3.0328  [38;2;54;234;195mmemory: 58.00GiB(73.01%)  [34mtps: 118  [36mtflops: 5.71  [35mmfu: 0.58%[39m
[rank0]:[titan] 2026-03-17 11:24:54,800 - root - INFO - [31mstep: 145  [32mloss:  2.9129  [38;2;180;60;0mgrad_norm:  3.7636  [38;2;54;234;195mmemory: 58.00GiB(73.01%)  [34mtps: 120  [36mtflops: 5.79  [35mmfu: 0.59%[39m
[rank0]:[titan] 2026-03-17 11:25:11,858 - root - INFO - [31mstep: 146  [32mloss:  2.8993  [38;2;180;60;0mgrad_norm:  3.6194  [38;2;54;234;195mmemory: 58.00GiB(73.01%)  [34mtps: 120  [36mtflops: 5.78  [35mmfu: 0.58%[39m
[rank0]:[titan] 2026-03-17 11:25:28,960 - root - INFO - [31mstep: 147  [32mloss:  3.0222  [38;2;180;60;0mgrad_norm:  3.9614  [38;2;54;234;195mmemory: 58.00GiB(73.01%)  [34mtps: 120  [36mtflops: 5.77  [35mmfu: 0.58%[39m
[rank0]:[titan] 2026-03-17 11:25:46,091 - root - INFO - [31mstep: 148  [32mloss:  2.9726  [38;2;180;60;0mgrad_norm:  4.0478  [38;2;54;234;195mmemory: 58.00GiB(73.01%)  [34mtps: 120  [36mtflops: 5.76  [35mmfu: 0.58%[39m
[rank0]:[titan] 2026-03-17 11:26:03,271 - root - INFO - [31mstep: 149  [32mloss:  2.9399  [38;2;180;60;0mgrad_norm:  2.8326  [38;2;54;234;195mmemory: 58.00GiB(73.01%)  [34mtps: 119  [36mtflops: 5.74  [35mmfu: 0.58%[39m
[rank0]:[titan] 2026-03-17 11:26:20,396 - root - INFO - [31mstep: 150  [32mloss:  2.9491  [38;2;180;60;0mgrad_norm:  4.1805  [38;2;54;234;195mmemory: 58.00GiB(73.01%)  [34mtps: 120  [36mtflops: 5.76  [35mmfu: 0.58%[39m
[rank0]:[titan] 2026-03-17 11:26:37,519 - root - INFO - [31mstep: 151  [32mloss:  2.9583  [38;2;180;60;0mgrad_norm:  3.2582  [38;2;54;234;195mmemory: 58.00GiB(73.01%)  [34mtps: 120  [36mtflops: 5.76  [35mmfu: 0.58%[39m
[rank0]:[titan] 2026-03-17 11:26:54,689 - root - INFO - [31mstep: 152  [32mloss:  2.8713  [38;2;180;60;0mgrad_norm:  2.6218  [38;2;54;234;195mmemory: 58.00GiB(73.01%)  [34mtps: 119  [36mtflops: 5.75  [35mmfu: 0.58%[39m
[rank0]:[titan] 2026-03-17 11:27:11,990 - root - INFO - [31mstep: 153  [32mloss:  2.8275  [38;2;180;60;0mgrad_norm:  2.5585  [38;2;54;234;195mmemory: 58.00GiB(73.01%)  [34mtps: 118  [36mtflops: 5.70  [35mmfu: 0.58%[39m
[rank0]:[titan] 2026-03-17 11:27:29,150 - root - INFO - [31mstep: 154  [32mloss:  2.8481  [38;2;180;60;0mgrad_norm:  3.7410  [38;2;54;234;195mmemory: 58.00GiB(73.01%)  [34mtps: 119  [36mtflops: 5.75  [35mmfu: 0.58%[39m
[rank0]:[titan] 2026-03-17 11:27:46,303 - root - INFO - [31mstep: 155  [32mloss:  2.9316  [38;2;180;60;0mgrad_norm:  3.0432  [38;2;54;234;195mmemory: 58.00GiB(73.01%)  [34mtps: 119  [36mtflops: 5.75  [35mmfu: 0.58%[39m
[rank0]:[titan] 2026-03-17 11:28:03,394 - root - INFO - [31mstep: 156  [32mloss:  2.9499  [38;2;180;60;0mgrad_norm:  4.1137  [38;2;54;234;195mmemory: 58.00GiB(73.01%)  [34mtps: 120  [36mtflops: 5.77  [35mmfu: 0.58%[39m
[rank0]:[titan] 2026-03-17 11:28:20,597 - root - INFO - [31mstep: 157  [32mloss:  2.9214  [38;2;180;60;0mgrad_norm:  2.9729  [38;2;54;234;195mmemory: 58.00GiB(73.01%)  [34mtps: 119  [36mtflops: 5.74  [35mmfu: 0.58%[39m
[rank0]:[titan] 2026-03-17 11:28:37,759 - root - INFO - [31mstep: 158  [32mloss:  2.8849  [38;2;180;60;0mgrad_norm:  3.9709  [38;2;54;234;195mmemory: 58.00GiB(73.01%)  [34mtps: 119  [36mtflops: 5.75  [35mmfu: 0.58%[39m
[rank0]:[titan] 2026-03-17 11:28:55,033 - root - INFO - [31mstep: 159  [32mloss:  2.8709  [38;2;180;60;0mgrad_norm:  3.7511  [38;2;54;234;195mmemory: 58.00GiB(73.01%)  [34mtps: 119  [36mtflops: 5.71  [35mmfu: 0.58%[39m
[rank0]:[titan] 2026-03-17 11:29:12,170 - root - INFO - [31mstep: 160  [32mloss:  2.8669  [38;2;180;60;0mgrad_norm:  4.2140  [38;2;54;234;195mmemory: 58.00GiB(73.01%)  [34mtps: 120  [36mtflops: 5.76  [35mmfu: 0.58%[39m
[rank0]:[titan] 2026-03-17 11:29:29,094 - root - INFO - [31mstep: 161  [32mloss:  2.8339  [38;2;180;60;0mgrad_norm:  3.1870  [38;2;54;234;195mmemory: 58.00GiB(73.01%)  [34mtps: 121  [36mtflops: 5.83  [35mmfu: 0.59%[39m
[rank0]:[titan] 2026-03-17 11:29:46,207 - root - INFO - [31mstep: 162  [32mloss:  2.8493  [38;2;180;60;0mgrad_norm:  3.6166  [38;2;54;234;195mmemory: 58.00GiB(73.01%)  [34mtps: 120  [36mtflops: 5.77  [35mmfu: 0.58%[39m
[rank0]:[titan] 2026-03-17 11:30:03,460 - root - INFO - [31mstep: 163  [32mloss:  2.9322  [38;2;180;60;0mgrad_norm:  3.8648  [38;2;54;234;195mmemory: 58.00GiB(73.01%)  [34mtps: 119  [36mtflops: 5.72  [35mmfu: 0.58%[39m
[rank0]:[titan] 2026-03-17 11:30:20,622 - root - INFO - [31mstep: 164  [32mloss:  2.8699  [38;2;180;60;0mgrad_norm:  3.3917  [38;2;54;234;195mmemory: 58.00GiB(73.01%)  [34mtps: 119  [36mtflops: 5.75  [35mmfu: 0.58%[39m
[rank0]:[titan] 2026-03-17 11:30:37,786 - root - INFO - [31mstep: 165  [32mloss:  2.8397  [38;2;180;60;0mgrad_norm:  3.5643  [38;2;54;234;195mmemory: 58.00GiB(73.01%)  [34mtps: 119  [36mtflops: 5.75  [35mmfu: 0.58%[39m
[rank0]:[titan] 2026-03-17 11:30:55,031 - root - INFO - [31mstep: 166  [32mloss:  2.9047  [38;2;180;60;0mgrad_norm:  3.4098  [38;2;54;234;195mmemory: 58.00GiB(73.01%)  [34mtps: 119  [36mtflops: 5.72  [35mmfu: 0.58%[39m
[rank0]:[titan] 2026-03-17 11:31:12,298 - root - INFO - [31mstep: 167  [32mloss:  2.9909  [38;2;180;60;0mgrad_norm:  3.7624  [38;2;54;234;195mmemory: 58.00GiB(73.01%)  [34mtps: 119  [36mtflops: 5.71  [35mmfu: 0.58%[39m
[rank0]:[titan] 2026-03-17 11:31:29,626 - root - INFO - [31mstep: 168  [32mloss:  2.8865  [38;2;180;60;0mgrad_norm:  3.6840  [38;2;54;234;195mmemory: 58.00GiB(73.01%)  [34mtps: 118  [36mtflops: 5.69  [35mmfu: 0.58%[39m
[rank0]:[titan] 2026-03-17 11:31:46,848 - root - INFO - [31mstep: 169  [32mloss:  2.9033  [38;2;180;60;0mgrad_norm:  4.7190  [38;2;54;234;195mmemory: 58.00GiB(73.01%)  [34mtps: 119  [36mtflops: 5.73  [35mmfu: 0.58%[39m
[rank0]:[titan] 2026-03-17 11:32:04,057 - root - INFO - [31mstep: 170  [32mloss:  2.9892  [38;2;180;60;0mgrad_norm:  3.8795  [38;2;54;234;195mmemory: 58.00GiB(73.01%)  [34mtps: 119  [36mtflops: 5.73  [35mmfu: 0.58%[39m
[rank0]:[titan] 2026-03-17 11:32:21,055 - root - INFO - [31mstep: 171  [32mloss:  2.9654  [38;2;180;60;0mgrad_norm:  3.5697  [38;2;54;234;195mmemory: 58.00GiB(73.01%)  [34mtps: 120  [36mtflops: 5.81  [35mmfu: 0.59%[39m
[rank0]:[titan] 2026-03-17 11:32:38,346 - root - INFO - [31mstep: 172  [32mloss:  2.9132  [38;2;180;60;0mgrad_norm:  2.7293  [38;2;54;234;195mmemory: 58.00GiB(73.01%)  [34mtps: 118  [36mtflops: 5.71  [35mmfu: 0.58%[39m
[rank0]:[titan] 2026-03-17 11:32:55,465 - root - INFO - [31mstep: 173  [32mloss:  2.9344  [38;2;180;60;0mgrad_norm:  4.2501  [38;2;54;234;195mmemory: 58.00GiB(73.01%)  [34mtps: 120  [36mtflops: 5.76  [35mmfu: 0.58%[39m
[rank0]:[titan] 2026-03-17 11:33:12,584 - root - INFO - [31mstep: 174  [32mloss:  2.8711  [38;2;180;60;0mgrad_norm:  4.0065  [38;2;54;234;195mmemory: 58.00GiB(73.01%)  [34mtps: 120  [36mtflops: 5.76  [35mmfu: 0.58%[39m
[rank0]:[titan] 2026-03-17 11:33:29,767 - root - INFO - [31mstep: 175  [32mloss:  2.8702  [38;2;180;60;0mgrad_norm:  2.7829  [38;2;54;234;195mmemory: 58.00GiB(73.01%)  [34mtps: 119  [36mtflops: 5.74  [35mmfu: 0.58%[39m
[rank0]:[titan] 2026-03-17 11:33:46,988 - root - INFO - [31mstep: 176  [32mloss:  2.9192  [38;2;180;60;0mgrad_norm:  3.2167  [38;2;54;234;195mmemory: 58.00GiB(73.01%)  [34mtps: 119  [36mtflops: 5.73  [35mmfu: 0.58%[39m
[rank0]:[titan] 2026-03-17 11:34:04,079 - root - INFO - [31mstep: 177  [32mloss:  2.8770  [38;2;180;60;0mgrad_norm:  2.9320  [38;2;54;234;195mmemory: 58.00GiB(73.01%)  [34mtps: 120  [36mtflops: 5.77  [35mmfu: 0.58%[39m
[rank0]:[titan] 2026-03-17 11:34:21,375 - root - INFO - [31mstep: 178  [32mloss:  2.8927  [38;2;180;60;0mgrad_norm:  2.5317  [38;2;54;234;195mmemory: 58.00GiB(73.01%)  [34mtps: 118  [36mtflops: 5.71  [35mmfu: 0.58%[39m
[rank0]:[titan] 2026-03-17 11:34:38,526 - root - INFO - [31mstep: 179  [32mloss:  2.9429  [38;2;180;60;0mgrad_norm:  3.3821  [38;2;54;234;195mmemory: 58.00GiB(73.01%)  [34mtps: 119  [36mtflops: 5.75  [35mmfu: 0.58%[39m
[rank0]:[titan] 2026-03-17 11:34:55,643 - root - INFO - [31mstep: 180  [32mloss:  2.9013  [38;2;180;60;0mgrad_norm:  2.1829  [38;2;54;234;195mmemory: 58.00GiB(73.01%)  [34mtps: 120  [36mtflops: 5.77  [35mmfu: 0.58%[39m
[rank0]:[titan] 2026-03-17 11:35:12,697 - root - INFO - [31mstep: 181  [32mloss:  2.8800  [38;2;180;60;0mgrad_norm:  3.5692  [38;2;54;234;195mmemory: 58.00GiB(73.01%)  [34mtps: 120  [36mtflops: 5.79  [35mmfu: 0.59%[39m
[rank0]:[titan] 2026-03-17 11:35:29,832 - root - INFO - [31mstep: 182  [32mloss:  2.8953  [38;2;180;60;0mgrad_norm:  2.6243  [38;2;54;234;195mmemory: 58.00GiB(73.01%)  [34mtps: 120  [36mtflops: 5.76  [35mmfu: 0.58%[39m
[rank0]:[titan] 2026-03-17 11:35:46,872 - root - INFO - [31mstep: 183  [32mloss:  2.8984  [38;2;180;60;0mgrad_norm:  4.4682  [38;2;54;234;195mmemory: 58.00GiB(73.01%)  [34mtps: 120  [36mtflops: 5.79  [35mmfu: 0.59%[39m
[rank0]:[titan] 2026-03-17 11:36:04,113 - root - INFO - [31mstep: 184  [32mloss:  2.9646  [38;2;180;60;0mgrad_norm:  3.7625  [38;2;54;234;195mmemory: 58.00GiB(73.01%)  [34mtps: 119  [36mtflops: 5.72  [35mmfu: 0.58%[39m
[rank0]:[titan] 2026-03-17 11:36:21,229 - root - INFO - [31mstep: 185  [32mloss:  2.8916  [38;2;180;60;0mgrad_norm:  3.0874  [38;2;54;234;195mmemory: 58.00GiB(73.01%)  [34mtps: 120  [36mtflops: 5.77  [35mmfu: 0.58%[39m
[rank0]:[titan] 2026-03-17 11:36:38,497 - root - INFO - [31mstep: 186  [32mloss:  2.9423  [38;2;180;60;0mgrad_norm:  4.6589  [38;2;54;234;195mmemory: 58.00GiB(73.01%)  [34mtps: 119  [36mtflops: 5.71  [35mmfu: 0.58%[39m
[rank0]:[titan] 2026-03-17 11:36:55,703 - root - INFO - [31mstep: 187  [32mloss:  2.8608  [38;2;180;60;0mgrad_norm:  3.0974  [38;2;54;234;195mmemory: 58.00GiB(73.01%)  [34mtps: 119  [36mtflops: 5.74  [35mmfu: 0.58%[39m
[rank0]:[titan] 2026-03-17 11:37:13,056 - root - INFO - [31mstep: 188  [32mloss:  2.9173  [38;2;180;60;0mgrad_norm:  4.6573  [38;2;54;234;195mmemory: 58.00GiB(73.01%)  [34mtps: 118  [36mtflops: 5.69  [35mmfu: 0.58%[39m
[rank0]:[titan] 2026-03-17 11:37:30,066 - root - INFO - [31mstep: 189  [32mloss:  2.8696  [38;2;180;60;0mgrad_norm:  3.4687  [38;2;54;234;195mmemory: 58.00GiB(73.01%)  [34mtps: 120  [36mtflops: 5.80  [35mmfu: 0.59%[39m
[rank0]:[titan] 2026-03-17 11:37:47,264 - root - INFO - [31mstep: 190  [32mloss:  2.8921  [38;2;180;60;0mgrad_norm:  4.2852  [38;2;54;234;195mmemory: 58.00GiB(73.01%)  [34mtps: 119  [36mtflops: 5.74  [35mmfu: 0.58%[39m
[rank0]:[titan] 2026-03-17 11:38:04,209 - root - INFO - [31mstep: 191  [32mloss:  2.8359  [38;2;180;60;0mgrad_norm:  4.3954  [38;2;54;234;195mmemory: 58.00GiB(73.01%)  [34mtps: 121  [36mtflops: 5.82  [35mmfu: 0.59%[39m
[rank0]:[titan] 2026-03-17 11:38:21,455 - root - INFO - [31mstep: 192  [32mloss:  2.8544  [38;2;180;60;0mgrad_norm:  3.9549  [38;2;54;234;195mmemory: 58.00GiB(73.01%)  [34mtps: 119  [36mtflops: 5.72  [35mmfu: 0.58%[39m
[rank0]:[titan] 2026-03-17 11:38:38,810 - root - INFO - [31mstep: 193  [32mloss:  2.9583  [38;2;180;60;0mgrad_norm:  4.4322  [38;2;54;234;195mmemory: 58.00GiB(73.01%)  [34mtps: 118  [36mtflops: 5.69  [35mmfu: 0.57%[39m
[rank0]:[titan] 2026-03-17 11:38:56,208 - root - INFO - [31mstep: 194  [32mloss:  2.8322  [38;2;180;60;0mgrad_norm:  3.6164  [38;2;54;234;195mmemory: 58.00GiB(73.01%)  [34mtps: 118  [36mtflops: 5.67  [35mmfu: 0.57%[39m
[rank0]:[titan] 2026-03-17 11:39:13,474 - root - INFO - [31mstep: 195  [32mloss:  2.8906  [38;2;180;60;0mgrad_norm:  4.8881  [38;2;54;234;195mmemory: 58.00GiB(73.01%)  [34mtps: 119  [36mtflops: 5.72  [35mmfu: 0.58%[39m
[rank0]:[titan] 2026-03-17 11:39:30,609 - root - INFO - [31mstep: 196  [32mloss:  2.8713  [38;2;180;60;0mgrad_norm:  5.1876  [38;2;54;234;195mmemory: 58.00GiB(73.01%)  [34mtps: 120  [36mtflops: 5.76  [35mmfu: 0.58%[39m
[rank0]:[titan] 2026-03-17 11:39:47,677 - root - INFO - [31mstep: 197  [32mloss:  2.8858  [38;2;180;60;0mgrad_norm:  3.8993  [38;2;54;234;195mmemory: 58.00GiB(73.01%)  [34mtps: 120  [36mtflops: 5.78  [35mmfu: 0.58%[39m
[rank0]:[titan] 2026-03-17 11:40:04,964 - root - INFO - [31mstep: 198  [32mloss:  2.8949  [38;2;180;60;0mgrad_norm:  3.9228  [38;2;54;234;195mmemory: 58.00GiB(73.01%)  [34mtps: 118  [36mtflops: 5.71  [35mmfu: 0.58%[39m
[rank0]:[titan] 2026-03-17 11:40:22,100 - root - INFO - [31mstep: 199  [32mloss:  2.8259  [38;2;180;60;0mgrad_norm:  3.0103  [38;2;54;234;195mmemory: 58.00GiB(73.01%)  [34mtps: 120  [36mtflops: 5.76  [35mmfu: 0.58%[39m
[rank0]:[titan] 2026-03-17 11:40:39,326 - root - INFO - [31mstep: 200  [32mloss:  2.8117  [38;2;180;60;0mgrad_norm:  4.7156  [38;2;54;234;195mmemory: 58.00GiB(73.01%)  [34mtps: 119  [36mtflops: 5.73  [35mmfu: 0.58%[39m
[rank0]:[titan] 2026-03-17 11:40:56,383 - root - INFO - [31mstep: 201  [32mloss:  2.9058  [38;2;180;60;0mgrad_norm:  4.6970  [38;2;54;234;195mmemory: 58.00GiB(73.01%)  [34mtps: 120  [36mtflops: 5.79  [35mmfu: 0.58%[39m
[rank0]:[titan] 2026-03-17 11:41:13,525 - root - INFO - [31mstep: 202  [32mloss:  2.8923  [38;2;180;60;0mgrad_norm:  3.1702  [38;2;54;234;195mmemory: 58.00GiB(73.01%)  [34mtps: 119  [36mtflops: 5.76  [35mmfu: 0.58%[39m
[rank0]:[titan] 2026-03-17 11:41:30,779 - root - INFO - [31mstep: 203  [32mloss:  2.7680  [38;2;180;60;0mgrad_norm:  4.1270  [38;2;54;234;195mmemory: 58.00GiB(73.01%)  [34mtps: 119  [36mtflops: 5.72  [35mmfu: 0.58%[39m
[rank0]:[titan] 2026-03-17 11:41:48,035 - root - INFO - [31mstep: 204  [32mloss:  2.8330  [38;2;180;60;0mgrad_norm:  3.5812  [38;2;54;234;195mmemory: 58.00GiB(73.01%)  [34mtps: 119  [36mtflops: 5.72  [35mmfu: 0.58%[39m
[rank0]:[titan] 2026-03-17 11:42:05,133 - root - INFO - [31mstep: 205  [32mloss:  2.8199  [38;2;180;60;0mgrad_norm:  4.1803  [38;2;54;234;195mmemory: 58.00GiB(73.01%)  [34mtps: 120  [36mtflops: 5.77  [35mmfu: 0.58%[39m
[rank0]:[titan] 2026-03-17 11:42:22,232 - root - INFO - [31mstep: 206  [32mloss:  2.8392  [38;2;180;60;0mgrad_norm:  3.6765  [38;2;54;234;195mmemory: 58.00GiB(73.01%)  [34mtps: 120  [36mtflops: 5.77  [35mmfu: 0.58%[39m
[rank0]:[titan] 2026-03-17 11:42:39,422 - root - INFO - [31mstep: 207  [32mloss:  2.8006  [38;2;180;60;0mgrad_norm:  2.8427  [38;2;54;234;195mmemory: 58.00GiB(73.01%)  [34mtps: 119  [36mtflops: 5.74  [35mmfu: 0.58%[39m
[rank0]:[titan] 2026-03-17 11:42:56,663 - root - INFO - [31mstep: 208  [32mloss:  2.8051  [38;2;180;60;0mgrad_norm:  3.7488  [38;2;54;234;195mmemory: 58.00GiB(73.01%)  [34mtps: 119  [36mtflops: 5.72  [35mmfu: 0.58%[39m
[rank0]:[titan] 2026-03-17 11:43:13,797 - root - INFO - [31mstep: 209  [32mloss:  2.7783  [38;2;180;60;0mgrad_norm:  1.8580  [38;2;54;234;195mmemory: 58.00GiB(73.01%)  [34mtps: 120  [36mtflops: 5.76  [35mmfu: 0.58%[39m
[rank0]:[titan] 2026-03-17 11:43:31,139 - root - INFO - [31mstep: 210  [32mloss:  2.8076  [38;2;180;60;0mgrad_norm:  5.1648  [38;2;54;234;195mmemory: 58.00GiB(73.01%)  [34mtps: 118  [36mtflops: 5.69  [35mmfu: 0.58%[39m
[rank0]:[titan] 2026-03-17 11:43:48,084 - root - INFO - [31mstep: 211  [32mloss:  2.8340  [38;2;180;60;0mgrad_norm:  3.3936  [38;2;54;234;195mmemory: 58.00GiB(73.01%)  [34mtps: 121  [36mtflops: 5.82  [35mmfu: 0.59%[39m
[rank0]:[titan] 2026-03-17 11:43:48,089 - root - WARNING - Dataset c4_test is being re-looped
[rank0]:[titan] 2026-03-17 11:44:05,387 - root - INFO - [31mstep: 212  [32mloss:  2.8722  [38;2;180;60;0mgrad_norm:  4.4573  [38;2;54;234;195mmemory: 58.00GiB(73.01%)  [34mtps: 118  [36mtflops: 5.70  [35mmfu: 0.58%[39m
[rank0]:[titan] 2026-03-17 11:44:22,571 - root - INFO - [31mstep: 213  [32mloss:  2.8028  [38;2;180;60;0mgrad_norm:  4.5425  [38;2;54;234;195mmemory: 58.00GiB(73.01%)  [34mtps: 119  [36mtflops: 5.74  [35mmfu: 0.58%[39m
[rank0]:[titan] 2026-03-17 11:44:39,639 - root - INFO - [31mstep: 214  [32mloss:  2.8133  [38;2;180;60;0mgrad_norm:  3.2681  [38;2;54;234;195mmemory: 58.00GiB(73.01%)  [34mtps: 120  [36mtflops: 5.78  [35mmfu: 0.58%[39m
[rank0]:[titan] 2026-03-17 11:44:56,898 - root - INFO - [31mstep: 215  [32mloss:  2.8626  [38;2;180;60;0mgrad_norm:  2.7688  [38;2;54;234;195mmemory: 58.00GiB(73.01%)  [34mtps: 119  [36mtflops: 5.72  [35mmfu: 0.58%[39m
[rank0]:[titan] 2026-03-17 11:45:14,184 - root - INFO - [31mstep: 216  [32mloss:  2.8414  [38;2;180;60;0mgrad_norm:  3.8933  [38;2;54;234;195mmemory: 58.00GiB(73.01%)  [34mtps: 118  [36mtflops: 5.71  [35mmfu: 0.58%[39m
[rank0]:[titan] 2026-03-17 11:45:31,396 - root - INFO - [31mstep: 217  [32mloss:  2.7941  [38;2;180;60;0mgrad_norm:  3.6958  [38;2;54;234;195mmemory: 58.00GiB(73.01%)  [34mtps: 119  [36mtflops: 5.73  [35mmfu: 0.58%[39m
[rank0]:[titan] 2026-03-17 11:45:48,777 - root - INFO - [31mstep: 218  [32mloss:  2.7725  [38;2;180;60;0mgrad_norm:  3.0093  [38;2;54;234;195mmemory: 58.00GiB(73.01%)  [34mtps: 118  [36mtflops: 5.68  [35mmfu: 0.57%[39m
[rank0]:[titan] 2026-03-17 11:46:06,087 - root - INFO - [31mstep: 219  [32mloss:  2.7684  [38;2;180;60;0mgrad_norm:  3.0992  [38;2;54;234;195mmemory: 58.00GiB(73.01%)  [34mtps: 118  [36mtflops: 5.70  [35mmfu: 0.58%[39m
[rank0]:[titan] 2026-03-17 11:46:23,146 - root - INFO - [31mstep: 220  [32mloss:  2.7821  [38;2;180;60;0mgrad_norm:  3.5441  [38;2;54;234;195mmemory: 58.00GiB(73.01%)  [34mtps: 120  [36mtflops: 5.78  [35mmfu: 0.58%[39m
[rank0]:[titan] 2026-03-17 11:46:40,440 - root - INFO - [31mstep: 221  [32mloss:  2.8257  [38;2;180;60;0mgrad_norm:  3.0411  [38;2;54;234;195mmemory: 58.00GiB(73.01%)  [34mtps: 118  [36mtflops: 5.71  [35mmfu: 0.58%[39m
[rank0]:[titan] 2026-03-17 11:46:57,845 - root - INFO - [31mstep: 222  [32mloss:  2.7873  [38;2;180;60;0mgrad_norm:  3.7421  [38;2;54;234;195mmemory: 58.00GiB(73.01%)  [34mtps: 118  [36mtflops: 5.67  [35mmfu: 0.57%[39m
[rank0]:[titan] 2026-03-17 11:47:15,118 - root - INFO - [31mstep: 223  [32mloss:  2.8045  [38;2;180;60;0mgrad_norm:  2.5371  [38;2;54;234;195mmemory: 58.00GiB(73.01%)  [34mtps: 119  [36mtflops: 5.71  [35mmfu: 0.58%[39m
[rank0]:[titan] 2026-03-17 11:47:32,396 - root - INFO - [31mstep: 224  [32mloss:  2.8383  [38;2;180;60;0mgrad_norm:  4.0190  [38;2;54;234;195mmemory: 58.00GiB(73.01%)  [34mtps: 119  [36mtflops: 5.71  [35mmfu: 0.58%[39m
[rank0]:[titan] 2026-03-17 11:47:49,717 - root - INFO - [31mstep: 225  [32mloss:  2.8580  [38;2;180;60;0mgrad_norm:  2.8264  [38;2;54;234;195mmemory: 58.00GiB(73.01%)  [34mtps: 118  [36mtflops: 5.70  [35mmfu: 0.58%[39m
[rank0]:[titan] 2026-03-17 11:48:06,912 - root - INFO - [31mstep: 226  [32mloss:  2.8530  [38;2;180;60;0mgrad_norm:  4.1331  [38;2;54;234;195mmemory: 58.00GiB(73.01%)  [34mtps: 119  [36mtflops: 5.74  [35mmfu: 0.58%[39m
[rank0]:[titan] 2026-03-17 11:48:24,151 - root - INFO - [31mstep: 227  [32mloss:  2.8228  [38;2;180;60;0mgrad_norm:  3.6441  [38;2;54;234;195mmemory: 58.00GiB(73.01%)  [34mtps: 119  [36mtflops: 5.72  [35mmfu: 0.58%[39m
[rank0]:[titan] 2026-03-17 11:48:41,280 - root - INFO - [31mstep: 228  [32mloss:  2.7924  [38;2;180;60;0mgrad_norm:  3.4806  [38;2;54;234;195mmemory: 58.00GiB(73.01%)  [34mtps: 120  [36mtflops: 5.76  [35mmfu: 0.58%[39m
[rank0]:[titan] 2026-03-17 11:48:58,735 - root - INFO - [31mstep: 229  [32mloss:  2.8297  [38;2;180;60;0mgrad_norm:  4.7326  [38;2;54;234;195mmemory: 58.00GiB(73.01%)  [34mtps: 117  [36mtflops: 5.65  [35mmfu: 0.57%[39m
[rank0]:[titan] 2026-03-17 11:49:15,941 - root - INFO - [31mstep: 230  [32mloss:  2.8717  [38;2;180;60;0mgrad_norm:  3.3947  [38;2;54;234;195mmemory: 58.00GiB(73.01%)  [34mtps: 119  [36mtflops: 5.74  [35mmfu: 0.58%[39m
[rank0]:[titan] 2026-03-17 11:49:33,057 - root - INFO - [31mstep: 231  [32mloss:  2.9102  [38;2;180;60;0mgrad_norm:  3.1169  [38;2;54;234;195mmemory: 58.00GiB(73.01%)  [34mtps: 120  [36mtflops: 5.77  [35mmfu: 0.58%[39m
[rank0]:[titan] 2026-03-17 11:49:50,222 - root - INFO - [31mstep: 232  [32mloss:  2.8349  [38;2;180;60;0mgrad_norm:  3.6761  [38;2;54;234;195mmemory: 58.00GiB(73.01%)  [34mtps: 119  [36mtflops: 5.75  [35mmfu: 0.58%[39m
[rank0]:[titan] 2026-03-17 11:50:07,252 - root - INFO - [31mstep: 233  [32mloss:  2.8418  [38;2;180;60;0mgrad_norm:  2.9546  [38;2;54;234;195mmemory: 58.00GiB(73.01%)  [34mtps: 120  [36mtflops: 5.79  [35mmfu: 0.59%[39m
[rank0]:[titan] 2026-03-17 11:50:24,545 - root - INFO - [31mstep: 234  [32mloss:  2.8171  [38;2;180;60;0mgrad_norm:  3.7783  [38;2;54;234;195mmemory: 58.00GiB(73.01%)  [34mtps: 118  [36mtflops: 5.71  [35mmfu: 0.58%[39m
[rank0]:[titan] 2026-03-17 11:50:41,710 - root - INFO - [31mstep: 235  [32mloss:  2.7887  [38;2;180;60;0mgrad_norm:  3.1509  [38;2;54;234;195mmemory: 58.00GiB(73.01%)  [34mtps: 119  [36mtflops: 5.75  [35mmfu: 0.58%[39m
[rank0]:[titan] 2026-03-17 11:50:58,998 - root - INFO - [31mstep: 236  [32mloss:  2.7998  [38;2;180;60;0mgrad_norm:  3.1396  [38;2;54;234;195mmemory: 58.00GiB(73.01%)  [34mtps: 118  [36mtflops: 5.71  [35mmfu: 0.58%[39m
[rank0]:[titan] 2026-03-17 11:51:16,324 - root - INFO - [31mstep: 237  [32mloss:  2.8015  [38;2;180;60;0mgrad_norm:  3.0425  [38;2;54;234;195mmemory: 58.00GiB(73.01%)  [34mtps: 118  [36mtflops: 5.70  [35mmfu: 0.58%[39m
[rank0]:[titan] 2026-03-17 11:51:33,549 - root - INFO - [31mstep: 238  [32mloss:  2.7795  [38;2;180;60;0mgrad_norm:  3.1225  [38;2;54;234;195mmemory: 58.00GiB(73.01%)  [34mtps: 119  [36mtflops: 5.73  [35mmfu: 0.58%[39m
[rank0]:[titan] 2026-03-17 11:51:50,732 - root - INFO - [31mstep: 239  [32mloss:  2.7812  [38;2;180;60;0mgrad_norm:  3.4209  [38;2;54;234;195mmemory: 58.00GiB(73.01%)  [34mtps: 119  [36mtflops: 5.74  [35mmfu: 0.58%[39m
[rank0]:[titan] 2026-03-17 11:52:08,038 - root - INFO - [31mstep: 240  [32mloss:  2.8371  [38;2;180;60;0mgrad_norm:  3.7346  [38;2;54;234;195mmemory: 58.00GiB(73.01%)  [34mtps: 118  [36mtflops: 5.70  [35mmfu: 0.58%[39m
[rank0]:[titan] 2026-03-17 11:52:25,132 - root - INFO - [31mstep: 241  [32mloss:  2.7778  [38;2;180;60;0mgrad_norm:  2.6855  [38;2;54;234;195mmemory: 58.00GiB(73.01%)  [34mtps: 120  [36mtflops: 5.77  [35mmfu: 0.58%[39m
[rank0]:[titan] 2026-03-17 11:52:42,513 - root - INFO - [31mstep: 242  [32mloss:  2.7778  [38;2;180;60;0mgrad_norm:  2.4889  [38;2;54;234;195mmemory: 58.00GiB(73.01%)  [34mtps: 118  [36mtflops: 5.68  [35mmfu: 0.57%[39m
[rank0]:[titan] 2026-03-17 11:52:59,628 - root - INFO - [31mstep: 243  [32mloss:  2.7984  [38;2;180;60;0mgrad_norm:  1.9190  [38;2;54;234;195mmemory: 58.00GiB(73.01%)  [34mtps: 120  [36mtflops: 5.77  [35mmfu: 0.58%[39m
[rank0]:[titan] 2026-03-17 11:53:16,739 - root - INFO - [31mstep: 244  [32mloss:  2.8009  [38;2;180;60;0mgrad_norm:  4.0790  [38;2;54;234;195mmemory: 58.00GiB(73.01%)  [34mtps: 120  [36mtflops: 5.77  [35mmfu: 0.58%[39m
[rank0]:[titan] 2026-03-17 11:53:34,051 - root - INFO - [31mstep: 245  [32mloss:  2.8035  [38;2;180;60;0mgrad_norm:  2.9849  [38;2;54;234;195mmemory: 58.00GiB(73.01%)  [34mtps: 118  [36mtflops: 5.70  [35mmfu: 0.58%[39m
[rank0]:[titan] 2026-03-17 11:53:51,225 - root - INFO - [31mstep: 246  [32mloss:  2.7881  [38;2;180;60;0mgrad_norm:  3.6058  [38;2;54;234;195mmemory: 58.00GiB(73.01%)  [34mtps: 119  [36mtflops: 5.75  [35mmfu: 0.58%[39m
[rank0]:[titan] 2026-03-17 11:54:08,419 - root - INFO - [31mstep: 247  [32mloss:  2.7699  [38;2;180;60;0mgrad_norm:  3.6306  [38;2;54;234;195mmemory: 58.00GiB(73.01%)  [34mtps: 119  [36mtflops: 5.74  [35mmfu: 0.58%[39m
[rank0]:[titan] 2026-03-17 11:54:25,658 - root - INFO - [31mstep: 248  [32mloss:  2.8468  [38;2;180;60;0mgrad_norm:  2.7567  [38;2;54;234;195mmemory: 58.00GiB(73.01%)  [34mtps: 119  [36mtflops: 5.72  [35mmfu: 0.58%[39m
[rank0]:[titan] 2026-03-17 11:54:42,848 - root - INFO - [31mstep: 249  [32mloss:  2.8042  [38;2;180;60;0mgrad_norm:  3.1657  [38;2;54;234;195mmemory: 58.00GiB(73.01%)  [34mtps: 119  [36mtflops: 5.74  [35mmfu: 0.58%[39m
[rank0]:[titan] 2026-03-17 11:55:00,219 - root - INFO - [31mstep: 250  [32mloss:  2.8538  [38;2;180;60;0mgrad_norm:  2.8662  [38;2;54;234;195mmemory: 58.00GiB(73.01%)  [34mtps: 118  [36mtflops: 5.68  [35mmfu: 0.57%[39m
[rank0]:[titan] 2026-03-17 11:55:17,433 - root - INFO - [31mstep: 251  [32mloss:  2.7877  [38;2;180;60;0mgrad_norm:  3.3663  [38;2;54;234;195mmemory: 58.00GiB(73.01%)  [34mtps: 119  [36mtflops: 5.73  [35mmfu: 0.58%[39m
[rank0]:[titan] 2026-03-17 11:55:34,719 - root - INFO - [31mstep: 252  [32mloss:  2.7638  [38;2;180;60;0mgrad_norm:  4.7502  [38;2;54;234;195mmemory: 58.00GiB(73.01%)  [34mtps: 118  [36mtflops: 5.71  [35mmfu: 0.58%[39m
[rank0]:[titan] 2026-03-17 11:55:51,827 - root - INFO - [31mstep: 253  [32mloss:  2.8200  [38;2;180;60;0mgrad_norm:  3.6845  [38;2;54;234;195mmemory: 58.00GiB(73.01%)  [34mtps: 120  [36mtflops: 5.77  [35mmfu: 0.58%[39m
[rank0]:[titan] 2026-03-17 11:56:09,059 - root - INFO - [31mstep: 254  [32mloss:  2.7707  [38;2;180;60;0mgrad_norm:  2.9122  [38;2;54;234;195mmemory: 58.00GiB(73.01%)  [34mtps: 119  [36mtflops: 5.73  [35mmfu: 0.58%[39m
[rank0]:[titan] 2026-03-17 11:56:26,201 - root - INFO - [31mstep: 255  [32mloss:  2.8273  [38;2;180;60;0mgrad_norm:  3.6284  [38;2;54;234;195mmemory: 58.00GiB(73.01%)  [34mtps: 119  [36mtflops: 5.76  [35mmfu: 0.58%[39m
[rank0]:[titan] 2026-03-17 11:56:43,424 - root - INFO - [31mstep: 256  [32mloss:  2.8233  [38;2;180;60;0mgrad_norm:  3.3345  [38;2;54;234;195mmemory: 58.00GiB(73.01%)  [34mtps: 119  [36mtflops: 5.73  [35mmfu: 0.58%[39m
[rank0]:[titan] 2026-03-17 11:57:00,564 - root - INFO - [31mstep: 257  [32mloss:  2.8037  [38;2;180;60;0mgrad_norm:  2.4078  [38;2;54;234;195mmemory: 58.00GiB(73.01%)  [34mtps: 119  [36mtflops: 5.76  [35mmfu: 0.58%[39m
[rank0]:[titan] 2026-03-17 11:57:17,684 - root - INFO - [31mstep: 258  [32mloss:  2.8414  [38;2;180;60;0mgrad_norm:  3.9063  [38;2;54;234;195mmemory: 58.00GiB(73.01%)  [34mtps: 120  [36mtflops: 5.76  [35mmfu: 0.58%[39m
[rank0]:[titan] 2026-03-17 11:57:35,016 - root - INFO - [31mstep: 259  [32mloss:  2.7968  [38;2;180;60;0mgrad_norm:  3.1233  [38;2;54;234;195mmemory: 58.00GiB(73.01%)  [34mtps: 118  [36mtflops: 5.69  [35mmfu: 0.58%[39m
[rank0]:[titan] 2026-03-17 11:57:52,273 - root - INFO - [31mstep: 260  [32mloss:  2.7912  [38;2;180;60;0mgrad_norm:  4.3409  [38;2;54;234;195mmemory: 58.00GiB(73.01%)  [34mtps: 119  [36mtflops: 5.72  [35mmfu: 0.58%[39m
[rank0]:[titan] 2026-03-17 11:58:09,393 - root - INFO - [31mstep: 261  [32mloss:  2.8131  [38;2;180;60;0mgrad_norm:  4.5041  [38;2;54;234;195mmemory: 58.00GiB(73.01%)  [34mtps: 120  [36mtflops: 5.76  [35mmfu: 0.58%[39m
[rank0]:[titan] 2026-03-17 11:58:26,715 - root - INFO - [31mstep: 262  [32mloss:  2.8934  [38;2;180;60;0mgrad_norm:  3.1703  [38;2;54;234;195mmemory: 58.00GiB(73.01%)  [34mtps: 118  [36mtflops: 5.70  [35mmfu: 0.58%[39m
[rank0]:[titan] 2026-03-17 11:58:43,785 - root - INFO - [31mstep: 263  [32mloss:  2.8290  [38;2;180;60;0mgrad_norm:  3.6591  [38;2;54;234;195mmemory: 58.00GiB(73.01%)  [34mtps: 120  [36mtflops: 5.78  [35mmfu: 0.58%[39m
[rank0]:[titan] 2026-03-17 11:59:01,055 - root - INFO - [31mstep: 264  [32mloss:  2.8202  [38;2;180;60;0mgrad_norm:  3.9639  [38;2;54;234;195mmemory: 58.00GiB(73.01%)  [34mtps: 119  [36mtflops: 5.71  [35mmfu: 0.58%[39m
[rank0]:[titan] 2026-03-17 11:59:18,373 - root - INFO - [31mstep: 265  [32mloss:  2.8266  [38;2;180;60;0mgrad_norm:  2.7946  [38;2;54;234;195mmemory: 58.00GiB(73.01%)  [34mtps: 118  [36mtflops: 5.70  [35mmfu: 0.58%[39m
[rank0]:[titan] 2026-03-17 11:59:35,646 - root - INFO - [31mstep: 266  [32mloss:  2.7988  [38;2;180;60;0mgrad_norm:  3.7113  [38;2;54;234;195mmemory: 58.00GiB(73.01%)  [34mtps: 119  [36mtflops: 5.71  [35mmfu: 0.58%[39m
[rank0]:[titan] 2026-03-17 11:59:52,854 - root - INFO - [31mstep: 267  [32mloss:  2.8074  [38;2;180;60;0mgrad_norm:  2.7870  [38;2;54;234;195mmemory: 58.00GiB(73.01%)  [34mtps: 119  [36mtflops: 5.73  [35mmfu: 0.58%[39m
[rank0]:[titan] 2026-03-17 12:00:10,162 - root - INFO - [31mstep: 268  [32mloss:  2.7956  [38;2;180;60;0mgrad_norm:  3.8982  [38;2;54;234;195mmemory: 58.00GiB(73.01%)  [34mtps: 118  [36mtflops: 5.70  [35mmfu: 0.58%[39m
[rank0]:[titan] 2026-03-17 12:00:27,520 - root - INFO - [31mstep: 269  [32mloss:  2.8547  [38;2;180;60;0mgrad_norm:  2.9509  [38;2;54;234;195mmemory: 58.00GiB(73.01%)  [34mtps: 118  [36mtflops: 5.68  [35mmfu: 0.57%[39m
[rank0]:[titan] 2026-03-17 12:00:44,519 - root - INFO - [31mstep: 270  [32mloss:  2.7867  [38;2;180;60;0mgrad_norm:  3.6759  [38;2;54;234;195mmemory: 58.00GiB(73.01%)  [34mtps: 120  [36mtflops: 5.80  [35mmfu: 0.59%[39m
[rank0]:[titan] 2026-03-17 12:01:01,409 - root - INFO - [31mstep: 271  [32mloss:  2.8895  [38;2;180;60;0mgrad_norm:  3.4166  [38;2;54;234;195mmemory: 58.00GiB(73.01%)  [34mtps: 121  [36mtflops: 5.84  [35mmfu: 0.59%[39m
[rank0]:[titan] 2026-03-17 12:01:18,746 - root - INFO - [31mstep: 272  [32mloss:  2.9084  [38;2;180;60;0mgrad_norm:  3.3754  [38;2;54;234;195mmemory: 58.00GiB(73.01%)  [34mtps: 118  [36mtflops: 5.69  [35mmfu: 0.58%[39m
[rank0]:[titan] 2026-03-17 12:01:36,021 - root - INFO - [31mstep: 273  [32mloss:  2.8842  [38;2;180;60;0mgrad_norm:  3.2558  [38;2;54;234;195mmemory: 58.00GiB(73.01%)  [34mtps: 119  [36mtflops: 5.71  [35mmfu: 0.58%[39m
[rank0]:[titan] 2026-03-17 12:01:53,242 - root - INFO - [31mstep: 274  [32mloss:  2.9292  [38;2;180;60;0mgrad_norm:  3.7823  [38;2;54;234;195mmemory: 58.00GiB(73.01%)  [34mtps: 119  [36mtflops: 5.73  [35mmfu: 0.58%[39m
[rank0]:[titan] 2026-03-17 12:02:10,199 - root - INFO - [31mstep: 275  [32mloss:  2.8553  [38;2;180;60;0mgrad_norm:  3.4749  [38;2;54;234;195mmemory: 58.00GiB(73.01%)  [34mtps: 121  [36mtflops: 5.82  [35mmfu: 0.59%[39m
[rank0]:[titan] 2026-03-17 12:02:27,468 - root - INFO - [31mstep: 276  [32mloss:  2.8283  [38;2;180;60;0mgrad_norm:  2.7287  [38;2;54;234;195mmemory: 58.00GiB(73.01%)  [34mtps: 119  [36mtflops: 5.71  [35mmfu: 0.58%[39m
[rank0]:[titan] 2026-03-17 12:02:44,664 - root - INFO - [31mstep: 277  [32mloss:  2.8444  [38;2;180;60;0mgrad_norm:  3.2606  [38;2;54;234;195mmemory: 58.00GiB(73.01%)  [34mtps: 119  [36mtflops: 5.74  [35mmfu: 0.58%[39m
[rank0]:[titan] 2026-03-17 12:03:01,989 - root - INFO - [31mstep: 278  [32mloss:  2.8002  [38;2;180;60;0mgrad_norm:  3.2254  [38;2;54;234;195mmemory: 58.00GiB(73.01%)  [34mtps: 118  [36mtflops: 5.70  [35mmfu: 0.58%[39m
[rank0]:[titan] 2026-03-17 12:03:19,151 - root - INFO - [31mstep: 279  [32mloss:  2.8243  [38;2;180;60;0mgrad_norm:  2.8368  [38;2;54;234;195mmemory: 58.00GiB(73.01%)  [34mtps: 119  [36mtflops: 5.75  [35mmfu: 0.58%[39m
[rank0]:[titan] 2026-03-17 12:03:36,445 - root - INFO - [31mstep: 280  [32mloss:  2.8875  [38;2;180;60;0mgrad_norm:  2.9051  [38;2;54;234;195mmemory: 58.00GiB(73.01%)  [34mtps: 118  [36mtflops: 5.71  [35mmfu: 0.58%[39m
[rank0]:[titan] 2026-03-17 12:03:53,798 - root - INFO - [31mstep: 281  [32mloss:  2.8065  [38;2;180;60;0mgrad_norm:  3.2153  [38;2;54;234;195mmemory: 58.00GiB(73.01%)  [34mtps: 118  [36mtflops: 5.69  [35mmfu: 0.58%[39m
[rank0]:[titan] 2026-03-17 12:04:11,075 - root - INFO - [31mstep: 282  [32mloss:  2.9237  [38;2;180;60;0mgrad_norm:  3.7072  [38;2;54;234;195mmemory: 58.00GiB(73.01%)  [34mtps: 119  [36mtflops: 5.71  [35mmfu: 0.58%[39m
[rank0]:[titan] 2026-03-17 12:04:28,131 - root - INFO - [31mstep: 283  [32mloss:  2.9559  [38;2;180;60;0mgrad_norm:  2.6101  [38;2;54;234;195mmemory: 58.00GiB(73.01%)  [34mtps: 120  [36mtflops: 5.79  [35mmfu: 0.59%[39m
[rank0]:[titan] 2026-03-17 12:04:45,257 - root - INFO - [31mstep: 284  [32mloss:  2.9592  [38;2;180;60;0mgrad_norm:  2.9620  [38;2;54;234;195mmemory: 58.00GiB(73.01%)  [34mtps: 120  [36mtflops: 5.76  [35mmfu: 0.58%[39m
[rank0]:[titan] 2026-03-17 12:05:02,312 - root - INFO - [31mstep: 285  [32mloss:  2.8632  [38;2;180;60;0mgrad_norm:  3.4028  [38;2;54;234;195mmemory: 58.00GiB(73.01%)  [34mtps: 120  [36mtflops: 5.79  [35mmfu: 0.59%[39m
[rank0]:[titan] 2026-03-17 12:05:19,554 - root - INFO - [31mstep: 286  [32mloss:  2.8001  [38;2;180;60;0mgrad_norm:  2.6068  [38;2;54;234;195mmemory: 58.00GiB(73.01%)  [34mtps: 119  [36mtflops: 5.72  [35mmfu: 0.58%[39m
[rank0]:[titan] 2026-03-17 12:05:36,650 - root - INFO - [31mstep: 287  [32mloss:  2.8294  [38;2;180;60;0mgrad_norm:  4.2807  [38;2;54;234;195mmemory: 58.00GiB(73.01%)  [34mtps: 120  [36mtflops: 5.77  [35mmfu: 0.58%[39m
[rank0]:[titan] 2026-03-17 12:05:53,840 - root - INFO - [31mstep: 288  [32mloss:  2.8531  [38;2;180;60;0mgrad_norm:  3.6003  [38;2;54;234;195mmemory: 58.00GiB(73.01%)  [34mtps: 119  [36mtflops: 5.74  [35mmfu: 0.58%[39m
[rank0]:[titan] 2026-03-17 12:06:11,144 - root - INFO - [31mstep: 289  [32mloss:  2.7866  [38;2;180;60;0mgrad_norm:  2.8908  [38;2;54;234;195mmemory: 58.00GiB(73.01%)  [34mtps: 118  [36mtflops: 5.70  [35mmfu: 0.58%[39m
[rank0]:[titan] 2026-03-17 12:06:28,200 - root - INFO - [31mstep: 290  [32mloss:  2.7910  [38;2;180;60;0mgrad_norm:  2.7563  [38;2;54;234;195mmemory: 58.00GiB(73.01%)  [34mtps: 120  [36mtflops: 5.79  [35mmfu: 0.58%[39m
[rank0]:[titan] 2026-03-17 12:06:45,515 - root - INFO - [31mstep: 291  [32mloss:  2.7856  [38;2;180;60;0mgrad_norm:  3.2092  [38;2;54;234;195mmemory: 58.00GiB(73.01%)  [34mtps: 118  [36mtflops: 5.70  [35mmfu: 0.58%[39m
[rank0]:[titan] 2026-03-17 12:07:02,581 - root - INFO - [31mstep: 292  [32mloss:  2.7833  [38;2;180;60;0mgrad_norm:  2.5055  [38;2;54;234;195mmemory: 58.00GiB(73.01%)  [34mtps: 120  [36mtflops: 5.78  [35mmfu: 0.58%[39m
[rank0]:[titan] 2026-03-17 12:07:19,726 - root - INFO - [31mstep: 293  [32mloss:  2.7916  [38;2;180;60;0mgrad_norm:  2.3941  [38;2;54;234;195mmemory: 58.00GiB(73.01%)  [34mtps: 119  [36mtflops: 5.76  [35mmfu: 0.58%[39m
[rank0]:[titan] 2026-03-17 12:07:36,926 - root - INFO - [31mstep: 294  [32mloss:  2.7750  [38;2;180;60;0mgrad_norm:  2.3864  [38;2;54;234;195mmemory: 58.00GiB(73.01%)  [34mtps: 119  [36mtflops: 5.74  [35mmfu: 0.58%[39m
[rank0]:[titan] 2026-03-17 12:07:54,113 - root - INFO - [31mstep: 295  [32mloss:  2.8480  [38;2;180;60;0mgrad_norm:  2.0444  [38;2;54;234;195mmemory: 58.00GiB(73.01%)  [34mtps: 119  [36mtflops: 5.74  [35mmfu: 0.58%[39m
[rank0]:[titan] 2026-03-17 12:08:11,519 - root - INFO - [31mstep: 296  [32mloss:  2.8501  [38;2;180;60;0mgrad_norm:  2.4577  [38;2;54;234;195mmemory: 58.00GiB(73.01%)  [34mtps: 118  [36mtflops: 5.67  [35mmfu: 0.57%[39m
[rank0]:[titan] 2026-03-17 12:08:28,767 - root - INFO - [31mstep: 297  [32mloss:  2.8781  [38;2;180;60;0mgrad_norm:  2.3191  [38;2;54;234;195mmemory: 58.00GiB(73.01%)  [34mtps: 119  [36mtflops: 5.72  [35mmfu: 0.58%[39m
[rank0]:[titan] 2026-03-17 12:08:45,834 - root - INFO - [31mstep: 298  [32mloss:  2.8010  [38;2;180;60;0mgrad_norm:  3.5786  [38;2;54;234;195mmemory: 58.00GiB(73.01%)  [34mtps: 120  [36mtflops: 5.78  [35mmfu: 0.58%[39m
[rank0]:[titan] 2026-03-17 12:09:02,927 - root - INFO - [31mstep: 299  [32mloss:  2.7370  [38;2;180;60;0mgrad_norm:  2.1340  [38;2;54;234;195mmemory: 58.00GiB(73.01%)  [34mtps: 120  [36mtflops: 5.77  [35mmfu: 0.58%[39m
[rank0]:[titan] 2026-03-17 12:09:20,092 - root - INFO - [31mstep: 300  [32mloss:  2.7967  [38;2;180;60;0mgrad_norm:  3.7872  [38;2;54;234;195mmemory: 58.00GiB(73.01%)  [34mtps: 119  [36mtflops: 5.75  [35mmfu: 0.58%[39m
[rank0]:[titan] 2026-03-17 12:09:37,166 - root - INFO - [31mstep: 301  [32mloss:  2.7633  [38;2;180;60;0mgrad_norm:  3.0651  [38;2;54;234;195mmemory: 58.00GiB(73.01%)  [34mtps: 120  [36mtflops: 5.78  [35mmfu: 0.58%[39m
[rank0]:[titan] 2026-03-17 12:09:54,265 - root - INFO - [31mstep: 302  [32mloss:  2.7512  [38;2;180;60;0mgrad_norm:  3.5206  [38;2;54;234;195mmemory: 58.00GiB(73.01%)  [34mtps: 120  [36mtflops: 5.77  [35mmfu: 0.58%[39m
[rank0]:[titan] 2026-03-17 12:10:11,396 - root - INFO - [31mstep: 303  [32mloss:  2.8656  [38;2;180;60;0mgrad_norm:  3.1306  [38;2;54;234;195mmemory: 58.00GiB(73.01%)  [34mtps: 120  [36mtflops: 5.76  [35mmfu: 0.58%[39m
[rank0]:[titan] 2026-03-17 12:10:28,540 - root - INFO - [31mstep: 304  [32mloss:  2.8486  [38;2;180;60;0mgrad_norm:  2.8212  [38;2;54;234;195mmemory: 58.00GiB(73.01%)  [34mtps: 119  [36mtflops: 5.76  [35mmfu: 0.58%[39m
[rank0]:[titan] 2026-03-17 12:10:45,914 - root - INFO - [31mstep: 305  [32mloss:  2.8392  [38;2;180;60;0mgrad_norm:  3.0264  [38;2;54;234;195mmemory: 58.00GiB(73.01%)  [34mtps: 118  [36mtflops: 5.68  [35mmfu: 0.57%[39m
[rank0]:[titan] 2026-03-17 12:11:03,299 - root - INFO - [31mstep: 306  [32mloss:  2.8449  [38;2;180;60;0mgrad_norm:  4.2667  [38;2;54;234;195mmemory: 58.00GiB(73.01%)  [34mtps: 118  [36mtflops: 5.68  [35mmfu: 0.57%[39m
[rank0]:[titan] 2026-03-17 12:11:20,495 - root - INFO - [31mstep: 307  [32mloss:  2.8398  [38;2;180;60;0mgrad_norm:  3.9272  [38;2;54;234;195mmemory: 58.00GiB(73.01%)  [34mtps: 119  [36mtflops: 5.74  [35mmfu: 0.58%[39m
[rank0]:[titan] 2026-03-17 12:11:37,785 - root - INFO - [31mstep: 308  [32mloss:  2.7525  [38;2;180;60;0mgrad_norm:  2.9111  [38;2;54;234;195mmemory: 58.00GiB(73.01%)  [34mtps: 118  [36mtflops: 5.71  [35mmfu: 0.58%[39m
[rank0]:[titan] 2026-03-17 12:11:55,021 - root - INFO - [31mstep: 309  [32mloss:  2.7907  [38;2;180;60;0mgrad_norm:  3.0914  [38;2;54;234;195mmemory: 58.00GiB(73.01%)  [34mtps: 119  [36mtflops: 5.73  [35mmfu: 0.58%[39m
[rank0]:[titan] 2026-03-17 12:12:12,447 - root - INFO - [31mstep: 310  [32mloss:  2.8213  [38;2;180;60;0mgrad_norm:  2.2438  [38;2;54;234;195mmemory: 58.00GiB(73.01%)  [34mtps: 118  [36mtflops: 5.66  [35mmfu: 0.57%[39m
[rank0]:[titan] 2026-03-17 12:12:30,006 - root - INFO - [31mstep: 311  [32mloss:  2.8208  [38;2;180;60;0mgrad_norm:  2.0697  [38;2;54;234;195mmemory: 58.00GiB(73.01%)  [34mtps: 117  [36mtflops: 5.62  [35mmfu: 0.57%[39m
[rank0]:[titan] 2026-03-17 12:12:47,261 - root - INFO - [31mstep: 312  [32mloss:  2.7662  [38;2;180;60;0mgrad_norm:  3.7006  [38;2;54;234;195mmemory: 58.00GiB(73.01%)  [34mtps: 119  [36mtflops: 5.72  [35mmfu: 0.58%[39m
[rank0]:[titan] 2026-03-17 12:13:03,809 - root - INFO - [31mstep: 313  [32mloss:  2.8054  [38;2;180;60;0mgrad_norm:  2.8499  [38;2;54;234;195mmemory: 58.00GiB(73.01%)  [34mtps: 124  [36mtflops: 5.96  [35mmfu: 0.60%[39m
[rank0]:[titan] 2026-03-17 12:13:21,337 - root - INFO - [31mstep: 314  [32mloss:  2.8035  [38;2;180;60;0mgrad_norm:  3.4706  [38;2;54;234;195mmemory: 58.00GiB(73.01%)  [34mtps: 117  [36mtflops: 5.63  [35mmfu: 0.57%[39m
[rank0]:[titan] 2026-03-17 12:13:38,667 - root - INFO - [31mstep: 315  [32mloss:  2.7595  [38;2;180;60;0mgrad_norm:  3.0774  [38;2;54;234;195mmemory: 58.00GiB(73.01%)  [34mtps: 118  [36mtflops: 5.69  [35mmfu: 0.58%[39m
[rank0]:[titan] 2026-03-17 12:13:55,920 - root - INFO - [31mstep: 316  [32mloss:  2.8063  [38;2;180;60;0mgrad_norm:  3.4203  [38;2;54;234;195mmemory: 58.00GiB(73.01%)  [34mtps: 119  [36mtflops: 5.72  [35mmfu: 0.58%[39m
[rank0]:[titan] 2026-03-17 12:14:13,173 - root - INFO - [31mstep: 317  [32mloss:  2.7422  [38;2;180;60;0mgrad_norm:  3.0761  [38;2;54;234;195mmemory: 58.00GiB(73.01%)  [34mtps: 119  [36mtflops: 5.72  [35mmfu: 0.58%[39m
[rank0]:[titan] 2026-03-17 12:14:30,252 - root - INFO - [31mstep: 318  [32mloss:  2.7891  [38;2;180;60;0mgrad_norm:  3.0508  [38;2;54;234;195mmemory: 58.00GiB(73.01%)  [34mtps: 120  [36mtflops: 5.78  [35mmfu: 0.58%[39m
[rank0]:[titan] 2026-03-17 12:14:47,537 - root - INFO - [31mstep: 319  [32mloss:  2.7800  [38;2;180;60;0mgrad_norm:  3.8386  [38;2;54;234;195mmemory: 58.00GiB(73.01%)  [34mtps: 118  [36mtflops: 5.71  [35mmfu: 0.58%[39m
[rank0]:[titan] 2026-03-17 12:15:04,828 - root - INFO - [31mstep: 320  [32mloss:  2.7627  [38;2;180;60;0mgrad_norm:  2.5193  [38;2;54;234;195mmemory: 58.00GiB(73.01%)  [34mtps: 118  [36mtflops: 5.71  [35mmfu: 0.58%[39m
[rank0]:[titan] 2026-03-17 12:15:22,188 - root - INFO - [31mstep: 321  [32mloss:  2.7551  [38;2;180;60;0mgrad_norm:  2.7667  [38;2;54;234;195mmemory: 58.00GiB(73.01%)  [34mtps: 118  [36mtflops: 5.68  [35mmfu: 0.57%[39m
[rank0]:[titan] 2026-03-17 12:15:39,307 - root - INFO - [31mstep: 322  [32mloss:  2.7667  [38;2;180;60;0mgrad_norm:  2.3061  [38;2;54;234;195mmemory: 58.00GiB(73.01%)  [34mtps: 120  [36mtflops: 5.76  [35mmfu: 0.58%[39m
[rank0]:[titan] 2026-03-17 12:15:56,444 - root - INFO - [31mstep: 323  [32mloss:  2.7455  [38;2;180;60;0mgrad_norm:  2.0522  [38;2;54;234;195mmemory: 58.00GiB(73.01%)  [34mtps: 120  [36mtflops: 5.76  [35mmfu: 0.58%[39m
[rank0]:[titan] 2026-03-17 12:16:13,697 - root - INFO - [31mstep: 324  [32mloss:  2.7739  [38;2;180;60;0mgrad_norm:  2.6981  [38;2;54;234;195mmemory: 58.00GiB(73.01%)  [34mtps: 119  [36mtflops: 5.72  [35mmfu: 0.58%[39m
[rank0]:[titan] 2026-03-17 12:16:30,742 - root - INFO - [31mstep: 325  [32mloss:  2.7588  [38;2;180;60;0mgrad_norm:  2.9693  [38;2;54;234;195mmemory: 58.00GiB(73.01%)  [34mtps: 120  [36mtflops: 5.79  [35mmfu: 0.59%[39m
[rank0]:[titan] 2026-03-17 12:16:47,942 - root - INFO - [31mstep: 326  [32mloss:  2.7289  [38;2;180;60;0mgrad_norm:  3.0380  [38;2;54;234;195mmemory: 58.00GiB(73.01%)  [34mtps: 119  [36mtflops: 5.74  [35mmfu: 0.58%[39m
[rank0]:[titan] 2026-03-17 12:17:05,119 - root - INFO - [31mstep: 327  [32mloss:  2.7825  [38;2;180;60;0mgrad_norm:  2.4519  [38;2;54;234;195mmemory: 58.00GiB(73.01%)  [34mtps: 119  [36mtflops: 5.74  [35mmfu: 0.58%[39m
[rank0]:[titan] 2026-03-17 12:17:22,149 - root - INFO - [31mstep: 328  [32mloss:  2.7648  [38;2;180;60;0mgrad_norm:  2.6963  [38;2;54;234;195mmemory: 58.00GiB(73.01%)  [34mtps: 120  [36mtflops: 5.79  [35mmfu: 0.59%[39m
[rank0]:[titan] 2026-03-17 12:17:39,406 - root - INFO - [31mstep: 329  [32mloss:  2.7685  [38;2;180;60;0mgrad_norm:  2.4644  [38;2;54;234;195mmemory: 58.00GiB(73.01%)  [34mtps: 119  [36mtflops: 5.72  [35mmfu: 0.58%[39m
[rank0]:[titan] 2026-03-17 12:17:56,818 - root - INFO - [31mstep: 330  [32mloss:  2.7969  [38;2;180;60;0mgrad_norm:  3.4298  [38;2;54;234;195mmemory: 58.00GiB(73.01%)  [34mtps: 118  [36mtflops: 5.67  [35mmfu: 0.57%[39m
[rank0]:[titan] 2026-03-17 12:18:14,282 - root - INFO - [31mstep: 331  [32mloss:  2.7505  [38;2;180;60;0mgrad_norm:  2.1148  [38;2;54;234;195mmemory: 58.00GiB(73.01%)  [34mtps: 117  [36mtflops: 5.65  [35mmfu: 0.57%[39m
[rank0]:[titan] 2026-03-17 12:18:31,466 - root - INFO - [31mstep: 332  [32mloss:  2.7362  [38;2;180;60;0mgrad_norm:  2.3833  [38;2;54;234;195mmemory: 58.00GiB(73.01%)  [34mtps: 119  [36mtflops: 5.74  [35mmfu: 0.58%[39m
[rank0]:[titan] 2026-03-17 12:18:48,774 - root - INFO - [31mstep: 333  [32mloss:  2.7527  [38;2;180;60;0mgrad_norm:  1.9656  [38;2;54;234;195mmemory: 58.00GiB(73.01%)  [34mtps: 118  [36mtflops: 5.70  [35mmfu: 0.58%[39m
[rank0]:[titan] 2026-03-17 12:19:06,081 - root - INFO - [31mstep: 334  [32mloss:  2.7941  [38;2;180;60;0mgrad_norm:  2.6750  [38;2;54;234;195mmemory: 58.00GiB(73.01%)  [34mtps: 118  [36mtflops: 5.70  [35mmfu: 0.58%[39m
[rank0]:[titan] 2026-03-17 12:19:23,380 - root - INFO - [31mstep: 335  [32mloss:  2.8222  [38;2;180;60;0mgrad_norm:  2.7686  [38;2;54;234;195mmemory: 58.00GiB(73.01%)  [34mtps: 118  [36mtflops: 5.70  [35mmfu: 0.58%[39m
[rank0]:[titan] 2026-03-17 12:19:40,484 - root - INFO - [31mstep: 336  [32mloss:  2.8679  [38;2;180;60;0mgrad_norm:  2.7588  [38;2;54;234;195mmemory: 58.00GiB(73.01%)  [34mtps: 120  [36mtflops: 5.77  [35mmfu: 0.58%[39m
[rank0]:[titan] 2026-03-17 12:19:57,635 - root - INFO - [31mstep: 337  [32mloss:  2.8319  [38;2;180;60;0mgrad_norm:  2.6579  [38;2;54;234;195mmemory: 58.00GiB(73.01%)  [34mtps: 119  [36mtflops: 5.75  [35mmfu: 0.58%[39m
[rank0]:[titan] 2026-03-17 12:20:14,853 - root - INFO - [31mstep: 338  [32mloss:  2.7910  [38;2;180;60;0mgrad_norm:  2.7566  [38;2;54;234;195mmemory: 58.00GiB(73.01%)  [34mtps: 119  [36mtflops: 5.73  [35mmfu: 0.58%[39m
[rank0]:[titan] 2026-03-17 12:20:32,075 - root - INFO - [31mstep: 339  [32mloss:  2.7857  [38;2;180;60;0mgrad_norm:  3.7367  [38;2;54;234;195mmemory: 58.00GiB(73.01%)  [34mtps: 119  [36mtflops: 5.73  [35mmfu: 0.58%[39m
[rank0]:[titan] 2026-03-17 12:20:49,136 - root - INFO - [31mstep: 340  [32mloss:  2.7834  [38;2;180;60;0mgrad_norm:  3.2190  [38;2;54;234;195mmemory: 58.00GiB(73.01%)  [34mtps: 120  [36mtflops: 5.78  [35mmfu: 0.58%[39m
[rank0]:[titan] 2026-03-17 12:21:06,458 - root - INFO - [31mstep: 341  [32mloss:  2.7688  [38;2;180;60;0mgrad_norm:  3.2797  [38;2;54;234;195mmemory: 58.00GiB(73.01%)  [34mtps: 118  [36mtflops: 5.70  [35mmfu: 0.58%[39m
[rank0]:[titan] 2026-03-17 12:21:23,828 - root - INFO - [31mstep: 342  [32mloss:  2.7930  [38;2;180;60;0mgrad_norm:  3.2428  [38;2;54;234;195mmemory: 58.00GiB(73.01%)  [34mtps: 118  [36mtflops: 5.68  [35mmfu: 0.57%[39m
[rank0]:[titan] 2026-03-17 12:21:41,123 - root - INFO - [31mstep: 343  [32mloss:  2.7735  [38;2;180;60;0mgrad_norm:  3.7202  [38;2;54;234;195mmemory: 58.00GiB(73.01%)  [34mtps: 118  [36mtflops: 5.71  [35mmfu: 0.58%[39m
[rank0]:[titan] 2026-03-17 12:21:58,231 - root - INFO - [31mstep: 344  [32mloss:  2.7679  [38;2;180;60;0mgrad_norm:  2.9752  [38;2;54;234;195mmemory: 58.00GiB(73.01%)  [34mtps: 120  [36mtflops: 5.77  [35mmfu: 0.58%[39m
[rank0]:[titan] 2026-03-17 12:22:15,454 - root - INFO - [31mstep: 345  [32mloss:  2.7559  [38;2;180;60;0mgrad_norm:  3.1683  [38;2;54;234;195mmemory: 58.00GiB(73.01%)  [34mtps: 119  [36mtflops: 5.73  [35mmfu: 0.58%[39m
[rank0]:[titan] 2026-03-17 12:22:32,658 - root - INFO - [31mstep: 346  [32mloss:  2.7458  [38;2;180;60;0mgrad_norm:  3.2820  [38;2;54;234;195mmemory: 58.00GiB(73.01%)  [34mtps: 119  [36mtflops: 5.74  [35mmfu: 0.58%[39m
[rank0]:[titan] 2026-03-17 12:22:49,934 - root - INFO - [31mstep: 347  [32mloss:  2.7224  [38;2;180;60;0mgrad_norm:  2.5324  [38;2;54;234;195mmemory: 58.00GiB(73.01%)  [34mtps: 119  [36mtflops: 5.71  [35mmfu: 0.58%[39m
[rank0]:[titan] 2026-03-17 12:23:07,046 - root - INFO - [31mstep: 348  [32mloss:  2.7536  [38;2;180;60;0mgrad_norm:  3.4233  [38;2;54;234;195mmemory: 58.00GiB(73.01%)  [34mtps: 120  [36mtflops: 5.77  [35mmfu: 0.58%[39m
[rank0]:[titan] 2026-03-17 12:23:24,231 - root - INFO - [31mstep: 349  [32mloss:  2.7801  [38;2;180;60;0mgrad_norm:  2.9067  [38;2;54;234;195mmemory: 58.00GiB(73.01%)  [34mtps: 119  [36mtflops: 5.74  [35mmfu: 0.58%[39m
[rank0]:[titan] 2026-03-17 12:23:41,584 - root - INFO - [31mstep: 350  [32mloss:  2.7519  [38;2;180;60;0mgrad_norm:  3.0558  [38;2;54;234;195mmemory: 58.00GiB(73.01%)  [34mtps: 118  [36mtflops: 5.69  [35mmfu: 0.57%[39m
[rank0]:[titan] 2026-03-17 12:23:58,857 - root - INFO - [31mstep: 351  [32mloss:  2.7816  [38;2;180;60;0mgrad_norm:  3.3928  [38;2;54;234;195mmemory: 58.00GiB(73.01%)  [34mtps: 119  [36mtflops: 5.71  [35mmfu: 0.58%[39m
[rank0]:[titan] 2026-03-17 12:24:16,190 - root - INFO - [31mstep: 352  [32mloss:  2.8825  [38;2;180;60;0mgrad_norm:  2.9147  [38;2;54;234;195mmemory: 58.00GiB(73.01%)  [34mtps: 118  [36mtflops: 5.69  [35mmfu: 0.58%[39m
[rank0]:[titan] 2026-03-17 12:24:33,468 - root - INFO - [31mstep: 353  [32mloss:  2.8180  [38;2;180;60;0mgrad_norm:  2.6520  [38;2;54;234;195mmemory: 58.00GiB(73.01%)  [34mtps: 119  [36mtflops: 5.71  [35mmfu: 0.58%[39m
[rank0]:[titan] 2026-03-17 12:24:50,627 - root - INFO - [31mstep: 354  [32mloss:  2.7825  [38;2;180;60;0mgrad_norm:  3.1366  [38;2;54;234;195mmemory: 58.00GiB(73.01%)  [34mtps: 119  [36mtflops: 5.75  [35mmfu: 0.58%[39m
[rank0]:[titan] 2026-03-17 12:25:08,038 - root - INFO - [31mstep: 355  [32mloss:  2.7843  [38;2;180;60;0mgrad_norm:  2.1896  [38;2;54;234;195mmemory: 58.00GiB(73.01%)  [34mtps: 118  [36mtflops: 5.67  [35mmfu: 0.57%[39m
[rank0]:[titan] 2026-03-17 12:25:25,362 - root - INFO - [31mstep: 356  [32mloss:  2.8707  [38;2;180;60;0mgrad_norm:  3.0802  [38;2;54;234;195mmemory: 58.00GiB(73.01%)  [34mtps: 118  [36mtflops: 5.70  [35mmfu: 0.58%[39m
[rank0]:[titan] 2026-03-17 12:25:42,488 - root - INFO - [31mstep: 357  [32mloss:  2.8647  [38;2;180;60;0mgrad_norm:  3.4192  [38;2;54;234;195mmemory: 58.00GiB(73.01%)  [34mtps: 120  [36mtflops: 5.76  [35mmfu: 0.58%[39m
[rank0]:[titan] 2026-03-17 12:25:59,697 - root - INFO - [31mstep: 358  [32mloss:  2.8920  [38;2;180;60;0mgrad_norm:  2.1812  [38;2;54;234;195mmemory: 58.00GiB(73.01%)  [34mtps: 119  [36mtflops: 5.73  [35mmfu: 0.58%[39m
[rank0]:[titan] 2026-03-17 12:26:16,955 - root - INFO - [31mstep: 359  [32mloss:  2.8943  [38;2;180;60;0mgrad_norm:  3.4185  [38;2;54;234;195mmemory: 58.00GiB(73.01%)  [34mtps: 119  [36mtflops: 5.72  [35mmfu: 0.58%[39m
[rank0]:[titan] 2026-03-17 12:26:34,132 - root - INFO - [31mstep: 360  [32mloss:  2.8535  [38;2;180;60;0mgrad_norm:  3.1664  [38;2;54;234;195mmemory: 58.00GiB(73.01%)  [34mtps: 119  [36mtflops: 5.74  [35mmfu: 0.58%[39m
[rank0]:[titan] 2026-03-17 12:26:51,405 - root - INFO - [31mstep: 361  [32mloss:  2.8677  [38;2;180;60;0mgrad_norm:  2.6665  [38;2;54;234;195mmemory: 58.00GiB(73.01%)  [34mtps: 119  [36mtflops: 5.71  [35mmfu: 0.58%[39m
[rank0]:[titan] 2026-03-17 12:27:08,410 - root - INFO - [31mstep: 362  [32mloss:  2.7659  [38;2;180;60;0mgrad_norm:  2.9456  [38;2;54;234;195mmemory: 58.00GiB(73.01%)  [34mtps: 120  [36mtflops: 5.80  [35mmfu: 0.59%[39m
[rank0]:[titan] 2026-03-17 12:27:25,670 - root - INFO - [31mstep: 363  [32mloss:  2.8066  [38;2;180;60;0mgrad_norm:  3.2013  [38;2;54;234;195mmemory: 58.00GiB(73.01%)  [34mtps: 119  [36mtflops: 5.72  [35mmfu: 0.58%[39m
[rank0]:[titan] 2026-03-17 12:27:42,825 - root - INFO - [31mstep: 364  [32mloss:  2.8112  [38;2;180;60;0mgrad_norm:  2.6837  [38;2;54;234;195mmemory: 58.00GiB(73.01%)  [34mtps: 119  [36mtflops: 5.75  [35mmfu: 0.58%[39m
[rank0]:[titan] 2026-03-17 12:28:00,368 - root - INFO - [31mstep: 365  [32mloss:  2.8001  [38;2;180;60;0mgrad_norm:  2.4302  [38;2;54;234;195mmemory: 58.00GiB(73.01%)  [34mtps: 117  [36mtflops: 5.63  [35mmfu: 0.57%[39m
[rank0]:[titan] 2026-03-17 12:28:17,670 - root - INFO - [31mstep: 366  [32mloss:  2.8847  [38;2;180;60;0mgrad_norm:  2.8412  [38;2;54;234;195mmemory: 58.00GiB(73.01%)  [34mtps: 118  [36mtflops: 5.70  [35mmfu: 0.58%[39m
[rank0]:[titan] 2026-03-17 12:28:34,997 - root - INFO - [31mstep: 367  [32mloss:  2.8753  [38;2;180;60;0mgrad_norm:  2.3986  [38;2;54;234;195mmemory: 58.00GiB(73.01%)  [34mtps: 118  [36mtflops: 5.70  [35mmfu: 0.58%[39m
[rank0]:[titan] 2026-03-17 12:28:52,150 - root - INFO - [31mstep: 368  [32mloss:  2.8195  [38;2;180;60;0mgrad_norm:  2.0376  [38;2;54;234;195mmemory: 58.00GiB(73.01%)  [34mtps: 119  [36mtflops: 5.75  [35mmfu: 0.58%[39m
[rank0]:[titan] 2026-03-17 12:29:09,316 - root - INFO - [31mstep: 369  [32mloss:  2.7485  [38;2;180;60;0mgrad_norm:  2.5698  [38;2;54;234;195mmemory: 58.00GiB(73.01%)  [34mtps: 119  [36mtflops: 5.75  [35mmfu: 0.58%[39m
[rank0]:[titan] 2026-03-17 12:29:26,508 - root - INFO - [31mstep: 370  [32mloss:  2.7551  [38;2;180;60;0mgrad_norm:  2.2657  [38;2;54;234;195mmemory: 58.00GiB(73.01%)  [34mtps: 119  [36mtflops: 5.74  [35mmfu: 0.58%[39m
[rank0]:[titan] 2026-03-17 12:29:43,898 - root - INFO - [31mstep: 371  [32mloss:  2.7759  [38;2;180;60;0mgrad_norm:  2.8152  [38;2;54;234;195mmemory: 58.00GiB(73.01%)  [34mtps: 118  [36mtflops: 5.67  [35mmfu: 0.57%[39m
[rank0]:[titan] 2026-03-17 12:30:01,165 - root - INFO - [31mstep: 372  [32mloss:  2.7629  [38;2;180;60;0mgrad_norm:  2.2737  [38;2;54;234;195mmemory: 58.00GiB(73.01%)  [34mtps: 119  [36mtflops: 5.72  [35mmfu: 0.58%[39m
[rank0]:[titan] 2026-03-17 12:30:18,405 - root - INFO - [31mstep: 373  [32mloss:  2.7957  [38;2;180;60;0mgrad_norm:  2.9426  [38;2;54;234;195mmemory: 58.00GiB(73.01%)  [34mtps: 119  [36mtflops: 5.72  [35mmfu: 0.58%[39m
[rank0]:[titan] 2026-03-17 12:30:35,666 - root - INFO - [31mstep: 374  [32mloss:  2.7945  [38;2;180;60;0mgrad_norm:  2.3698  [38;2;54;234;195mmemory: 58.00GiB(73.01%)  [34mtps: 119  [36mtflops: 5.72  [35mmfu: 0.58%[39m
[rank0]:[titan] 2026-03-17 12:30:52,871 - root - INFO - [31mstep: 375  [32mloss:  2.8592  [38;2;180;60;0mgrad_norm:  3.7518  [38;2;54;234;195mmemory: 58.00GiB(73.01%)  [34mtps: 119  [36mtflops: 5.74  [35mmfu: 0.58%[39m
[rank0]:[titan] 2026-03-17 12:31:10,040 - root - INFO - [31mstep: 376  [32mloss:  2.9157  [38;2;180;60;0mgrad_norm:  3.0722  [38;2;54;234;195mmemory: 58.00GiB(73.01%)  [34mtps: 119  [36mtflops: 5.75  [35mmfu: 0.58%[39m
[rank0]:[titan] 2026-03-17 12:31:27,246 - root - INFO - [31mstep: 377  [32mloss:  2.8421  [38;2;180;60;0mgrad_norm:  3.1766  [38;2;54;234;195mmemory: 58.00GiB(73.01%)  [34mtps: 119  [36mtflops: 5.74  [35mmfu: 0.58%[39m
[rank0]:[titan] 2026-03-17 12:31:44,417 - root - INFO - [31mstep: 378  [32mloss:  2.8184  [38;2;180;60;0mgrad_norm:  3.2376  [38;2;54;234;195mmemory: 58.00GiB(73.01%)  [34mtps: 119  [36mtflops: 5.75  [35mmfu: 0.58%[39m
[rank0]:[titan] 2026-03-17 12:32:01,674 - root - INFO - [31mstep: 379  [32mloss:  2.7977  [38;2;180;60;0mgrad_norm:  2.1985  [38;2;54;234;195mmemory: 58.00GiB(73.01%)  [34mtps: 119  [36mtflops: 5.72  [35mmfu: 0.58%[39m
[rank0]:[titan] 2026-03-17 12:32:18,936 - root - INFO - [31mstep: 380  [32mloss:  2.7548  [38;2;180;60;0mgrad_norm:  2.6093  [38;2;54;234;195mmemory: 58.00GiB(73.01%)  [34mtps: 119  [36mtflops: 5.72  [35mmfu: 0.58%[39m
[rank0]:[titan] 2026-03-17 12:32:36,134 - root - INFO - [31mstep: 381  [32mloss:  2.7772  [38;2;180;60;0mgrad_norm:  2.4194  [38;2;54;234;195mmemory: 58.00GiB(73.01%)  [34mtps: 119  [36mtflops: 5.74  [35mmfu: 0.58%[39m
[rank0]:[titan] 2026-03-17 12:32:53,304 - root - INFO - [31mstep: 382  [32mloss:  2.8089  [38;2;180;60;0mgrad_norm:  2.7308  [38;2;54;234;195mmemory: 58.00GiB(73.01%)  [34mtps: 119  [36mtflops: 5.75  [35mmfu: 0.58%[39m
[rank0]:[titan] 2026-03-17 12:33:10,522 - root - INFO - [31mstep: 383  [32mloss:  2.7388  [38;2;180;60;0mgrad_norm:  2.4386  [38;2;54;234;195mmemory: 58.00GiB(73.01%)  [34mtps: 119  [36mtflops: 5.73  [35mmfu: 0.58%[39m
[rank0]:[titan] 2026-03-17 12:33:27,851 - root - INFO - [31mstep: 384  [32mloss:  2.7649  [38;2;180;60;0mgrad_norm:  2.3808  [38;2;54;234;195mmemory: 58.00GiB(73.01%)  [34mtps: 118  [36mtflops: 5.69  [35mmfu: 0.58%[39m
[rank0]:[titan] 2026-03-17 12:33:45,178 - root - INFO - [31mstep: 385  [32mloss:  2.8355  [38;2;180;60;0mgrad_norm:  2.5476  [38;2;54;234;195mmemory: 58.00GiB(73.01%)  [34mtps: 118  [36mtflops: 5.69  [35mmfu: 0.58%[39m
[rank0]:[titan] 2026-03-17 12:34:02,517 - root - INFO - [31mstep: 386  [32mloss:  2.8189  [38;2;180;60;0mgrad_norm:  2.3742  [38;2;54;234;195mmemory: 58.00GiB(73.01%)  [34mtps: 118  [36mtflops: 5.69  [35mmfu: 0.58%[39m
[rank0]:[titan] 2026-03-17 12:34:19,635 - root - INFO - [31mstep: 387  [32mloss:  2.8327  [38;2;180;60;0mgrad_norm:  2.1919  [38;2;54;234;195mmemory: 58.00GiB(73.01%)  [34mtps: 120  [36mtflops: 5.76  [35mmfu: 0.58%[39m
[rank0]:[titan] 2026-03-17 12:34:36,812 - root - INFO - [31mstep: 388  [32mloss:  2.8295  [38;2;180;60;0mgrad_norm:  2.2754  [38;2;54;234;195mmemory: 58.00GiB(73.01%)  [34mtps: 119  [36mtflops: 5.74  [35mmfu: 0.58%[39m
[rank0]:[titan] 2026-03-17 12:34:53,974 - root - INFO - [31mstep: 389  [32mloss:  2.8630  [38;2;180;60;0mgrad_norm:  3.0912  [38;2;54;234;195mmemory: 58.00GiB(73.01%)  [34mtps: 119  [36mtflops: 5.75  [35mmfu: 0.58%[39m
[rank0]:[titan] 2026-03-17 12:35:11,288 - root - INFO - [31mstep: 390  [32mloss:  2.8093  [38;2;180;60;0mgrad_norm:  2.8975  [38;2;54;234;195mmemory: 58.00GiB(73.01%)  [34mtps: 118  [36mtflops: 5.70  [35mmfu: 0.58%[39m
[rank0]:[titan] 2026-03-17 12:35:28,045 - root - INFO - [31mstep: 391  [32mloss:  2.7927  [38;2;180;60;0mgrad_norm:  2.7290  [38;2;54;234;195mmemory: 58.00GiB(73.01%)  [34mtps: 122  [36mtflops: 5.89  [35mmfu: 0.60%[39m
[rank0]:[titan] 2026-03-17 12:35:45,380 - root - INFO - [31mstep: 392  [32mloss:  2.7614  [38;2;180;60;0mgrad_norm:  2.6710  [38;2;54;234;195mmemory: 58.00GiB(73.01%)  [34mtps: 118  [36mtflops: 5.69  [35mmfu: 0.58%[39m
[rank0]:[titan] 2026-03-17 12:36:02,852 - root - INFO - [31mstep: 393  [32mloss:  2.8061  [38;2;180;60;0mgrad_norm:  2.7902  [38;2;54;234;195mmemory: 58.00GiB(73.01%)  [34mtps: 117  [36mtflops: 5.65  [35mmfu: 0.57%[39m
[rank0]:[titan] 2026-03-17 12:36:20,214 - root - INFO - [31mstep: 394  [32mloss:  2.8231  [38;2;180;60;0mgrad_norm:  2.1753  [38;2;54;234;195mmemory: 58.00GiB(73.01%)  [34mtps: 118  [36mtflops: 5.68  [35mmfu: 0.57%[39m
[rank0]:[titan] 2026-03-17 12:36:37,243 - root - INFO - [31mstep: 395  [32mloss:  2.8457  [38;2;180;60;0mgrad_norm:  2.8575  [38;2;54;234;195mmemory: 58.00GiB(73.01%)  [34mtps: 120  [36mtflops: 5.79  [35mmfu: 0.59%[39m
[rank0]:[titan] 2026-03-17 12:36:53,406 - root - INFO - [31mstep: 396  [32mloss:  2.7522  [38;2;180;60;0mgrad_norm:  3.1627  [38;2;54;234;195mmemory: 58.00GiB(73.01%)  [34mtps: 127  [36mtflops: 6.11  [35mmfu: 0.62%[39m
[rank0]:[titan] 2026-03-17 12:37:10,603 - root - INFO - [31mstep: 397  [32mloss:  2.8083  [38;2;180;60;0mgrad_norm:  1.9374  [38;2;54;234;195mmemory: 58.00GiB(73.01%)  [34mtps: 119  [36mtflops: 5.74  [35mmfu: 0.58%[39m
[rank0]:[titan] 2026-03-17 12:37:27,827 - root - INFO - [31mstep: 398  [32mloss:  2.7736  [38;2;180;60;0mgrad_norm:  3.9366  [38;2;54;234;195mmemory: 58.00GiB(73.01%)  [34mtps: 119  [36mtflops: 5.73  [35mmfu: 0.58%[39m
[rank0]:[titan] 2026-03-17 12:37:44,917 - root - INFO - [31mstep: 399  [32mloss:  2.7680  [38;2;180;60;0mgrad_norm:  2.8689  [38;2;54;234;195mmemory: 58.00GiB(73.01%)  [34mtps: 120  [36mtflops: 5.77  [35mmfu: 0.58%[39m
[rank0]:[titan] 2026-03-17 12:38:02,156 - root - INFO - [31mstep: 400  [32mloss:  2.7644  [38;2;180;60;0mgrad_norm:  2.9360  [38;2;54;234;195mmemory: 58.00GiB(73.01%)  [34mtps: 119  [36mtflops: 5.72  [35mmfu: 0.58%[39m
[rank0]:[titan] 2026-03-17 12:38:19,301 - root - INFO - [31mstep: 401  [32mloss:  2.7909  [38;2;180;60;0mgrad_norm:  3.2802  [38;2;54;234;195mmemory: 58.00GiB(73.01%)  [34mtps: 119  [36mtflops: 5.76  [35mmfu: 0.58%[39m
[rank0]:[titan] 2026-03-17 12:38:36,486 - root - INFO - [31mstep: 402  [32mloss:  2.8126  [38;2;180;60;0mgrad_norm:  2.4808  [38;2;54;234;195mmemory: 58.00GiB(73.01%)  [34mtps: 119  [36mtflops: 5.74  [35mmfu: 0.58%[39m
[rank0]:[titan] 2026-03-17 12:38:53,725 - root - INFO - [31mstep: 403  [32mloss:  2.7825  [38;2;180;60;0mgrad_norm:  2.7281  [38;2;54;234;195mmemory: 58.00GiB(73.01%)  [34mtps: 119  [36mtflops: 5.72  [35mmfu: 0.58%[39m
[rank0]:[titan] 2026-03-17 12:39:10,798 - root - INFO - [31mstep: 404  [32mloss:  2.8059  [38;2;180;60;0mgrad_norm:  2.3466  [38;2;54;234;195mmemory: 58.00GiB(73.01%)  [34mtps: 120  [36mtflops: 5.78  [35mmfu: 0.58%[39m
[rank0]:[titan] 2026-03-17 12:39:27,902 - root - INFO - [31mstep: 405  [32mloss:  2.8462  [38;2;180;60;0mgrad_norm:  3.2484  [38;2;54;234;195mmemory: 58.00GiB(73.01%)  [34mtps: 120  [36mtflops: 5.77  [35mmfu: 0.58%[39m
[rank0]:[titan] 2026-03-17 12:39:45,059 - root - INFO - [31mstep: 406  [32mloss:  2.7876  [38;2;180;60;0mgrad_norm:  1.8935  [38;2;54;234;195mmemory: 58.00GiB(73.01%)  [34mtps: 119  [36mtflops: 5.75  [35mmfu: 0.58%[39m
[rank0]:[titan] 2026-03-17 12:40:02,214 - root - INFO - [31mstep: 407  [32mloss:  2.8012  [38;2;180;60;0mgrad_norm:  2.7597  [38;2;54;234;195mmemory: 58.00GiB(73.01%)  [34mtps: 119  [36mtflops: 5.75  [35mmfu: 0.58%[39m
[rank0]:[titan] 2026-03-17 12:40:19,229 - root - INFO - [31mstep: 408  [32mloss:  2.7651  [38;2;180;60;0mgrad_norm:  2.6306  [38;2;54;234;195mmemory: 58.00GiB(73.01%)  [34mtps: 120  [36mtflops: 5.80  [35mmfu: 0.59%[39m
[rank0]:[titan] 2026-03-17 12:40:36,352 - root - INFO - [31mstep: 409  [32mloss:  2.7665  [38;2;180;60;0mgrad_norm:  3.1090  [38;2;54;234;195mmemory: 58.00GiB(73.01%)  [34mtps: 120  [36mtflops: 5.76  [35mmfu: 0.58%[39m
[rank0]:[titan] 2026-03-17 12:40:53,648 - root - INFO - [31mstep: 410  [32mloss:  2.7766  [38;2;180;60;0mgrad_norm:  2.6775  [38;2;54;234;195mmemory: 58.00GiB(73.01%)  [34mtps: 118  [36mtflops: 5.71  [35mmfu: 0.58%[39m
[rank0]:[titan] 2026-03-17 12:41:10,904 - root - INFO - [31mstep: 411  [32mloss:  2.7659  [38;2;180;60;0mgrad_norm:  3.5989  [38;2;54;234;195mmemory: 58.00GiB(73.01%)  [34mtps: 119  [36mtflops: 5.72  [35mmfu: 0.58%[39m
[rank0]:[titan] 2026-03-17 12:41:28,021 - root - INFO - [31mstep: 412  [32mloss:  2.7498  [38;2;180;60;0mgrad_norm:  2.9421  [38;2;54;234;195mmemory: 58.00GiB(73.01%)  [34mtps: 120  [36mtflops: 5.77  [35mmfu: 0.58%[39m
[rank0]:[titan] 2026-03-17 12:41:45,192 - root - INFO - [31mstep: 413  [32mloss:  2.7411  [38;2;180;60;0mgrad_norm:  2.8688  [38;2;54;234;195mmemory: 58.00GiB(73.01%)  [34mtps: 119  [36mtflops: 5.75  [35mmfu: 0.58%[39m
[rank0]:[titan] 2026-03-17 12:42:02,326 - root - INFO - [31mstep: 414  [32mloss:  2.7978  [38;2;180;60;0mgrad_norm:  2.7356  [38;2;54;234;195mmemory: 58.00GiB(73.01%)  [34mtps: 120  [36mtflops: 5.76  [35mmfu: 0.58%[39m
[rank0]:[titan] 2026-03-17 12:42:19,432 - root - INFO - [31mstep: 415  [32mloss:  2.7719  [38;2;180;60;0mgrad_norm:  3.6820  [38;2;54;234;195mmemory: 58.00GiB(73.01%)  [34mtps: 120  [36mtflops: 5.77  [35mmfu: 0.58%[39m
[rank0]:[titan] 2026-03-17 12:42:36,652 - root - INFO - [31mstep: 416  [32mloss:  2.7867  [38;2;180;60;0mgrad_norm:  3.1539  [38;2;54;234;195mmemory: 58.00GiB(73.01%)  [34mtps: 119  [36mtflops: 5.73  [35mmfu: 0.58%[39m
[rank0]:[titan] 2026-03-17 12:42:53,779 - root - INFO - [31mstep: 417  [32mloss:  2.7975  [38;2;180;60;0mgrad_norm:  3.2550  [38;2;54;234;195mmemory: 58.00GiB(73.01%)  [34mtps: 120  [36mtflops: 5.76  [35mmfu: 0.58%[39m
[rank0]:[titan] 2026-03-17 12:43:10,893 - root - INFO - [31mstep: 418  [32mloss:  2.8238  [38;2;180;60;0mgrad_norm:  2.8462  [38;2;54;234;195mmemory: 58.00GiB(73.01%)  [34mtps: 120  [36mtflops: 5.77  [35mmfu: 0.58%[39m
[rank0]:[titan] 2026-03-17 12:43:28,063 - root - INFO - [31mstep: 419  [32mloss:  2.7339  [38;2;180;60;0mgrad_norm:  2.5807  [38;2;54;234;195mmemory: 58.00GiB(73.01%)  [34mtps: 119  [36mtflops: 5.75  [35mmfu: 0.58%[39m
[rank0]:[titan] 2026-03-17 12:43:45,120 - root - INFO - [31mstep: 420  [32mloss:  2.7378  [38;2;180;60;0mgrad_norm:  3.1749  [38;2;54;234;195mmemory: 58.00GiB(73.01%)  [34mtps: 120  [36mtflops: 5.79  [35mmfu: 0.58%[39m
[rank0]:[titan] 2026-03-17 12:44:02,291 - root - INFO - [31mstep: 421  [32mloss:  2.7915  [38;2;180;60;0mgrad_norm:  3.1411  [38;2;54;234;195mmemory: 58.00GiB(73.01%)  [34mtps: 119  [36mtflops: 5.75  [35mmfu: 0.58%[39m
[rank0]:[titan] 2026-03-17 12:44:19,327 - root - INFO - [31mstep: 422  [32mloss:  2.7741  [38;2;180;60;0mgrad_norm:  3.4732  [38;2;54;234;195mmemory: 58.00GiB(73.01%)  [34mtps: 120  [36mtflops: 5.79  [35mmfu: 0.59%[39m
[rank0]:[titan] 2026-03-17 12:44:19,329 - root - WARNING - Dataset c4_test is being re-looped
[rank0]:[titan] 2026-03-17 12:44:36,483 - root - INFO - [31mstep: 423  [32mloss:  2.7342  [38;2;180;60;0mgrad_norm:  2.1822  [38;2;54;234;195mmemory: 58.00GiB(73.01%)  [34mtps: 119  [36mtflops: 5.75  [35mmfu: 0.58%[39m
[rank0]:[titan] 2026-03-17 12:44:53,716 - root - INFO - [31mstep: 424  [32mloss:  2.7610  [38;2;180;60;0mgrad_norm:  3.2514  [38;2;54;234;195mmemory: 58.00GiB(73.01%)  [34mtps: 119  [36mtflops: 5.73  [35mmfu: 0.58%[39m
[rank0]:[titan] 2026-03-17 12:45:10,958 - root - INFO - [31mstep: 425  [32mloss:  2.8137  [38;2;180;60;0mgrad_norm:  1.9041  [38;2;54;234;195mmemory: 58.00GiB(73.01%)  [34mtps: 119  [36mtflops: 5.72  [35mmfu: 0.58%[39m
[rank0]:[titan] 2026-03-17 12:45:28,262 - root - INFO - [31mstep: 426  [32mloss:  2.8249  [38;2;180;60;0mgrad_norm:  2.2971  [38;2;54;234;195mmemory: 58.00GiB(73.01%)  [34mtps: 118  [36mtflops: 5.70  [35mmfu: 0.58%[39m
[rank0]:[titan] 2026-03-17 12:45:45,459 - root - INFO - [31mstep: 427  [32mloss:  2.8507  [38;2;180;60;0mgrad_norm:  2.8367  [38;2;54;234;195mmemory: 58.00GiB(73.01%)  [34mtps: 119  [36mtflops: 5.74  [35mmfu: 0.58%[39m
[rank0]:[titan] 2026-03-17 12:46:02,823 - root - INFO - [31mstep: 428  [32mloss:  2.8434  [38;2;180;60;0mgrad_norm:  2.8368  [38;2;54;234;195mmemory: 58.00GiB(73.01%)  [34mtps: 118  [36mtflops: 5.68  [35mmfu: 0.57%[39m
[rank0]:[titan] 2026-03-17 12:46:20,015 - root - INFO - [31mstep: 429  [32mloss:  2.7686  [38;2;180;60;0mgrad_norm:  1.7787  [38;2;54;234;195mmemory: 58.00GiB(73.01%)  [34mtps: 119  [36mtflops: 5.74  [35mmfu: 0.58%[39m
[rank0]:[titan] 2026-03-17 12:46:37,023 - root - INFO - [31mstep: 430  [32mloss:  2.7788  [38;2;180;60;0mgrad_norm:  3.3020  [38;2;54;234;195mmemory: 58.00GiB(73.01%)  [34mtps: 120  [36mtflops: 5.80  [35mmfu: 0.59%[39m
[rank0]:[titan] 2026-03-17 12:46:54,215 - root - INFO - [31mstep: 431  [32mloss:  2.7965  [38;2;180;60;0mgrad_norm:  2.7265  [38;2;54;234;195mmemory: 58.00GiB(73.01%)  [34mtps: 119  [36mtflops: 5.74  [35mmfu: 0.58%[39m
[rank0]:[titan] 2026-03-17 12:47:11,391 - root - INFO - [31mstep: 432  [32mloss:  2.7466  [38;2;180;60;0mgrad_norm:  1.9887  [38;2;54;234;195mmemory: 58.00GiB(73.01%)  [34mtps: 119  [36mtflops: 5.75  [35mmfu: 0.58%[39m
[rank0]:[titan] 2026-03-17 12:47:28,684 - root - INFO - [31mstep: 433  [32mloss:  2.7368  [38;2;180;60;0mgrad_norm:  2.9445  [38;2;54;234;195mmemory: 58.00GiB(73.01%)  [34mtps: 118  [36mtflops: 5.71  [35mmfu: 0.58%[39m
[rank0]:[titan] 2026-03-17 12:47:45,886 - root - INFO - [31mstep: 434  [32mloss:  2.7364  [38;2;180;60;0mgrad_norm:  2.8586  [38;2;54;234;195mmemory: 58.00GiB(73.01%)  [34mtps: 119  [36mtflops: 5.74  [35mmfu: 0.58%[39m
[rank0]:[titan] 2026-03-17 12:48:03,035 - root - INFO - [31mstep: 435  [32mloss:  2.8014  [38;2;180;60;0mgrad_norm:  2.6774  [38;2;54;234;195mmemory: 58.00GiB(73.01%)  [34mtps: 119  [36mtflops: 5.75  [35mmfu: 0.58%[39m
[rank0]:[titan] 2026-03-17 12:48:20,169 - root - INFO - [31mstep: 436  [32mloss:  2.8573  [38;2;180;60;0mgrad_norm:  2.2609  [38;2;54;234;195mmemory: 58.00GiB(73.01%)  [34mtps: 120  [36mtflops: 5.76  [35mmfu: 0.58%[39m
[rank0]:[titan] 2026-03-17 12:48:37,336 - root - INFO - [31mstep: 437  [32mloss:  2.8098  [38;2;180;60;0mgrad_norm:  3.2233  [38;2;54;234;195mmemory: 58.00GiB(73.01%)  [34mtps: 119  [36mtflops: 5.75  [35mmfu: 0.58%[39m
[rank0]:[titan] 2026-03-17 12:48:54,465 - root - INFO - [31mstep: 438  [32mloss:  2.8133  [38;2;180;60;0mgrad_norm:  2.6255  [38;2;54;234;195mmemory: 58.00GiB(73.01%)  [34mtps: 120  [36mtflops: 5.76  [35mmfu: 0.58%[39m
[rank0]:[titan] 2026-03-17 12:49:11,378 - root - INFO - [31mstep: 439  [32mloss:  2.7670  [38;2;180;60;0mgrad_norm:  2.9017  [38;2;54;234;195mmemory: 58.00GiB(73.01%)  [34mtps: 121  [36mtflops: 5.83  [35mmfu: 0.59%[39m
[rank0]:[titan] 2026-03-17 12:49:28,616 - root - INFO - [31mstep: 440  [32mloss:  2.7661  [38;2;180;60;0mgrad_norm:  2.8986  [38;2;54;234;195mmemory: 58.00GiB(73.01%)  [34mtps: 119  [36mtflops: 5.72  [35mmfu: 0.58%[39m
[rank0]:[titan] 2026-03-17 12:49:45,722 - root - INFO - [31mstep: 441  [32mloss:  2.7670  [38;2;180;60;0mgrad_norm:  2.1802  [38;2;54;234;195mmemory: 58.00GiB(73.01%)  [34mtps: 120  [36mtflops: 5.77  [35mmfu: 0.58%[39m
[rank0]:[titan] 2026-03-17 12:50:02,814 - root - INFO - [31mstep: 442  [32mloss:  2.7762  [38;2;180;60;0mgrad_norm:  2.7432  [38;2;54;234;195mmemory: 58.00GiB(73.01%)  [34mtps: 120  [36mtflops: 5.77  [35mmfu: 0.58%[39m
[rank0]:[titan] 2026-03-17 12:50:19,876 - root - INFO - [31mstep: 443  [32mloss:  2.7475  [38;2;180;60;0mgrad_norm:  2.4870  [38;2;54;234;195mmemory: 58.00GiB(73.01%)  [34mtps: 120  [36mtflops: 5.78  [35mmfu: 0.58%[39m
[rank0]:[titan] 2026-03-17 12:50:36,920 - root - INFO - [31mstep: 444  [32mloss:  2.7195  [38;2;180;60;0mgrad_norm:  2.8556  [38;2;54;234;195mmemory: 58.00GiB(73.01%)  [34mtps: 120  [36mtflops: 5.79  [35mmfu: 0.59%[39m
[rank0]:[titan] 2026-03-17 12:50:53,835 - root - INFO - [31mstep: 445  [32mloss:  2.7547  [38;2;180;60;0mgrad_norm:  2.7929  [38;2;54;234;195mmemory: 58.00GiB(73.01%)  [34mtps: 121  [36mtflops: 5.83  [35mmfu: 0.59%[39m
[rank0]:[titan] 2026-03-17 12:51:11,040 - root - INFO - [31mstep: 446  [32mloss:  2.7066  [38;2;180;60;0mgrad_norm:  1.7646  [38;2;54;234;195mmemory: 58.00GiB(73.01%)  [34mtps: 119  [36mtflops: 5.74  [35mmfu: 0.58%[39m
[rank0]:[titan] 2026-03-17 12:51:28,171 - root - INFO - [31mstep: 447  [32mloss:  2.7992  [38;2;180;60;0mgrad_norm:  2.5874  [38;2;54;234;195mmemory: 58.00GiB(73.01%)  [34mtps: 120  [36mtflops: 5.76  [35mmfu: 0.58%[39m
[rank0]:[titan] 2026-03-17 12:51:45,397 - root - INFO - [31mstep: 448  [32mloss:  2.7624  [38;2;180;60;0mgrad_norm:  1.9992  [38;2;54;234;195mmemory: 58.00GiB(73.01%)  [34mtps: 119  [36mtflops: 5.73  [35mmfu: 0.58%[39m
[rank0]:[titan] 2026-03-17 12:52:02,544 - root - INFO - [31mstep: 449  [32mloss:  2.7840  [38;2;180;60;0mgrad_norm:  1.9562  [38;2;54;234;195mmemory: 58.00GiB(73.01%)  [34mtps: 119  [36mtflops: 5.75  [35mmfu: 0.58%[39m
[rank0]:[titan] 2026-03-17 12:52:19,692 - root - INFO - [31mstep: 450  [32mloss:  2.7178  [38;2;180;60;0mgrad_norm:  2.2703  [38;2;54;234;195mmemory: 58.00GiB(73.01%)  [34mtps: 119  [36mtflops: 5.75  [35mmfu: 0.58%[39m
[rank0]:[titan] 2026-03-17 12:52:36,797 - root - INFO - [31mstep: 451  [32mloss:  2.6858  [38;2;180;60;0mgrad_norm:  2.0236  [38;2;54;234;195mmemory: 58.00GiB(73.01%)  [34mtps: 120  [36mtflops: 5.77  [35mmfu: 0.58%[39m
[rank0]:[titan] 2026-03-17 12:52:54,046 - root - INFO - [31mstep: 452  [32mloss:  2.7219  [38;2;180;60;0mgrad_norm:  2.7533  [38;2;54;234;195mmemory: 58.00GiB(73.01%)  [34mtps: 119  [36mtflops: 5.72  [35mmfu: 0.58%[39m
[rank0]:[titan] 2026-03-17 12:53:11,349 - root - INFO - [31mstep: 453  [32mloss:  2.7602  [38;2;180;60;0mgrad_norm:  2.0319  [38;2;54;234;195mmemory: 58.00GiB(73.01%)  [34mtps: 118  [36mtflops: 5.70  [35mmfu: 0.58%[39m
[rank0]:[titan] 2026-03-17 12:53:28,621 - root - INFO - [31mstep: 454  [32mloss:  2.8183  [38;2;180;60;0mgrad_norm:  2.5803  [38;2;54;234;195mmemory: 58.00GiB(73.01%)  [34mtps: 119  [36mtflops: 5.71  [35mmfu: 0.58%[39m
[rank0]:[titan] 2026-03-17 12:53:45,673 - root - INFO - [31mstep: 455  [32mloss:  2.7880  [38;2;180;60;0mgrad_norm:  2.7215  [38;2;54;234;195mmemory: 58.00GiB(73.01%)  [34mtps: 120  [36mtflops: 5.79  [35mmfu: 0.59%[39m
[rank0]:[titan] 2026-03-17 12:54:02,874 - root - INFO - [31mstep: 456  [32mloss:  2.7334  [38;2;180;60;0mgrad_norm:  2.6319  [38;2;54;234;195mmemory: 58.00GiB(73.01%)  [34mtps: 119  [36mtflops: 5.74  [35mmfu: 0.58%[39m
[rank0]:[titan] 2026-03-17 12:54:19,992 - root - INFO - [31mstep: 457  [32mloss:  2.7990  [38;2;180;60;0mgrad_norm:  2.9488  [38;2;54;234;195mmemory: 58.00GiB(73.01%)  [34mtps: 120  [36mtflops: 5.76  [35mmfu: 0.58%[39m
[rank0]:[titan] 2026-03-17 12:54:37,097 - root - INFO - [31mstep: 458  [32mloss:  2.7537  [38;2;180;60;0mgrad_norm:  2.0845  [38;2;54;234;195mmemory: 58.00GiB(73.01%)  [34mtps: 120  [36mtflops: 5.77  [35mmfu: 0.58%[39m
[rank0]:[titan] 2026-03-17 12:54:54,048 - root - INFO - [31mstep: 459  [32mloss:  2.8330  [38;2;180;60;0mgrad_norm:  2.3111  [38;2;54;234;195mmemory: 58.00GiB(73.01%)  [34mtps: 121  [36mtflops: 5.82  [35mmfu: 0.59%[39m
[rank0]:[titan] 2026-03-17 12:55:11,235 - root - INFO - [31mstep: 460  [32mloss:  2.7903  [38;2;180;60;0mgrad_norm:  2.5738  [38;2;54;234;195mmemory: 58.00GiB(73.01%)  [34mtps: 119  [36mtflops: 5.74  [35mmfu: 0.58%[39m
[rank0]:[titan] 2026-03-17 12:55:28,179 - root - INFO - [31mstep: 461  [32mloss:  2.8297  [38;2;180;60;0mgrad_norm:  2.0564  [38;2;54;234;195mmemory: 58.00GiB(73.01%)  [34mtps: 121  [36mtflops: 5.82  [35mmfu: 0.59%[39m
[rank0]:[titan] 2026-03-17 12:55:45,458 - root - INFO - [31mstep: 462  [32mloss:  2.8130  [38;2;180;60;0mgrad_norm:  2.7836  [38;2;54;234;195mmemory: 58.00GiB(73.01%)  [34mtps: 119  [36mtflops: 5.71  [35mmfu: 0.58%[39m
[rank0]:[titan] 2026-03-17 12:56:02,728 - root - INFO - [31mstep: 463  [32mloss:  2.8479  [38;2;180;60;0mgrad_norm:  2.5493  [38;2;54;234;195mmemory: 58.00GiB(73.01%)  [34mtps: 119  [36mtflops: 5.71  [35mmfu: 0.58%[39m
[rank0]:[titan] 2026-03-17 12:56:19,890 - root - INFO - [31mstep: 464  [32mloss:  2.7939  [38;2;180;60;0mgrad_norm:  2.9453  [38;2;54;234;195mmemory: 58.00GiB(73.01%)  [34mtps: 119  [36mtflops: 5.75  [35mmfu: 0.58%[39m
[rank0]:[titan] 2026-03-17 12:56:36,876 - root - INFO - [31mstep: 465  [32mloss:  2.7901  [38;2;180;60;0mgrad_norm:  2.1236  [38;2;54;234;195mmemory: 58.00GiB(73.01%)  [34mtps: 121  [36mtflops: 5.81  [35mmfu: 0.59%[39m
[rank0]:[titan] 2026-03-17 12:56:54,219 - root - INFO - [31mstep: 466  [32mloss:  2.7713  [38;2;180;60;0mgrad_norm:  2.9063  [38;2;54;234;195mmemory: 58.00GiB(73.01%)  [34mtps: 118  [36mtflops: 5.69  [35mmfu: 0.58%[39m
[rank0]:[titan] 2026-03-17 12:57:11,374 - root - INFO - [31mstep: 467  [32mloss:  2.7860  [38;2;180;60;0mgrad_norm:  3.1644  [38;2;54;234;195mmemory: 58.00GiB(73.01%)  [34mtps: 119  [36mtflops: 5.75  [35mmfu: 0.58%[39m
[rank0]:[titan] 2026-03-17 12:57:28,528 - root - INFO - [31mstep: 468  [32mloss:  2.8037  [38;2;180;60;0mgrad_norm:  2.4835  [38;2;54;234;195mmemory: 58.00GiB(73.01%)  [34mtps: 119  [36mtflops: 5.75  [35mmfu: 0.58%[39m
[rank0]:[titan] 2026-03-17 12:57:45,592 - root - INFO - [31mstep: 469  [32mloss:  2.7921  [38;2;180;60;0mgrad_norm:  3.0167  [38;2;54;234;195mmemory: 58.00GiB(73.01%)  [34mtps: 120  [36mtflops: 5.78  [35mmfu: 0.58%[39m
[rank0]:[titan] 2026-03-17 12:58:02,649 - root - INFO - [31mstep: 470  [32mloss:  2.8308  [38;2;180;60;0mgrad_norm:  3.6929  [38;2;54;234;195mmemory: 58.00GiB(73.01%)  [34mtps: 120  [36mtflops: 5.79  [35mmfu: 0.58%[39m
[rank0]:[titan] 2026-03-17 12:58:19,896 - root - INFO - [31mstep: 471  [32mloss:  2.7880  [38;2;180;60;0mgrad_norm:  2.8455  [38;2;54;234;195mmemory: 58.00GiB(73.01%)  [34mtps: 119  [36mtflops: 5.72  [35mmfu: 0.58%[39m
[rank0]:[titan] 2026-03-17 12:58:36,942 - root - INFO - [31mstep: 472  [32mloss:  2.7665  [38;2;180;60;0mgrad_norm:  2.5475  [38;2;54;234;195mmemory: 58.00GiB(73.01%)  [34mtps: 120  [36mtflops: 5.79  [35mmfu: 0.59%[39m
[rank0]:[titan] 2026-03-17 12:58:54,068 - root - INFO - [31mstep: 473  [32mloss:  2.7591  [38;2;180;60;0mgrad_norm:  2.5073  [38;2;54;234;195mmemory: 58.00GiB(73.01%)  [34mtps: 120  [36mtflops: 5.76  [35mmfu: 0.58%[39m
[rank0]:[titan] 2026-03-17 12:59:11,384 - root - INFO - [31mstep: 474  [32mloss:  2.7042  [38;2;180;60;0mgrad_norm:  2.1027  [38;2;54;234;195mmemory: 58.00GiB(73.01%)  [34mtps: 118  [36mtflops: 5.70  [35mmfu: 0.58%[39m
[rank0]:[titan] 2026-03-17 12:59:28,604 - root - INFO - [31mstep: 475  [32mloss:  2.7196  [38;2;180;60;0mgrad_norm:  2.4657  [38;2;54;234;195mmemory: 58.00GiB(73.01%)  [34mtps: 119  [36mtflops: 5.73  [35mmfu: 0.58%[39m
[rank0]:[titan] 2026-03-17 12:59:45,758 - root - INFO - [31mstep: 476  [32mloss:  2.7419  [38;2;180;60;0mgrad_norm:  2.8611  [38;2;54;234;195mmemory: 58.00GiB(73.01%)  [34mtps: 119  [36mtflops: 5.75  [35mmfu: 0.58%[39m
[rank0]:[titan] 2026-03-17 13:00:03,061 - root - INFO - [31mstep: 477  [32mloss:  2.7732  [38;2;180;60;0mgrad_norm:  2.4561  [38;2;54;234;195mmemory: 58.00GiB(73.01%)  [34mtps: 118  [36mtflops: 5.70  [35mmfu: 0.58%[39m
[rank0]:[titan] 2026-03-17 13:00:20,259 - root - INFO - [31mstep: 478  [32mloss:  2.8388  [38;2;180;60;0mgrad_norm:  1.8918  [38;2;54;234;195mmemory: 58.00GiB(73.01%)  [34mtps: 119  [36mtflops: 5.74  [35mmfu: 0.58%[39m
[rank0]:[titan] 2026-03-17 13:00:37,502 - root - INFO - [31mstep: 479  [32mloss:  2.7922  [38;2;180;60;0mgrad_norm:  3.2442  [38;2;54;234;195mmemory: 58.00GiB(73.01%)  [34mtps: 119  [36mtflops: 5.72  [35mmfu: 0.58%[39m
[rank0]:[titan] 2026-03-17 13:00:54,729 - root - INFO - [31mstep: 480  [32mloss:  2.7484  [38;2;180;60;0mgrad_norm:  3.3954  [38;2;54;234;195mmemory: 58.00GiB(73.01%)  [34mtps: 119  [36mtflops: 5.73  [35mmfu: 0.58%[39m
[rank0]:[titan] 2026-03-17 13:01:11,979 - root - INFO - [31mstep: 481  [32mloss:  2.7975  [38;2;180;60;0mgrad_norm:  2.2161  [38;2;54;234;195mmemory: 58.00GiB(73.01%)  [34mtps: 119  [36mtflops: 5.72  [35mmfu: 0.58%[39m
[rank0]:[titan] 2026-03-17 13:01:29,220 - root - INFO - [31mstep: 482  [32mloss:  2.7913  [38;2;180;60;0mgrad_norm:  3.0969  [38;2;54;234;195mmemory: 58.00GiB(73.01%)  [34mtps: 119  [36mtflops: 5.72  [35mmfu: 0.58%[39m
[rank0]:[titan] 2026-03-17 13:01:46,419 - root - INFO - [31mstep: 483  [32mloss:  2.7457  [38;2;180;60;0mgrad_norm:  2.7369  [38;2;54;234;195mmemory: 58.00GiB(73.01%)  [34mtps: 119  [36mtflops: 5.74  [35mmfu: 0.58%[39m
[rank0]:[titan] 2026-03-17 13:02:03,797 - root - INFO - [31mstep: 484  [32mloss:  2.7474  [38;2;180;60;0mgrad_norm:  2.3989  [38;2;54;234;195mmemory: 58.00GiB(73.01%)  [34mtps: 118  [36mtflops: 5.68  [35mmfu: 0.57%[39m
[rank0]:[titan] 2026-03-17 13:02:21,048 - root - INFO - [31mstep: 485  [32mloss:  2.7785  [38;2;180;60;0mgrad_norm:  2.7462  [38;2;54;234;195mmemory: 58.00GiB(73.01%)  [34mtps: 119  [36mtflops: 5.72  [35mmfu: 0.58%[39m
[rank0]:[titan] 2026-03-17 13:02:38,015 - root - INFO - [31mstep: 486  [32mloss:  2.8698  [38;2;180;60;0mgrad_norm:  2.3277  [38;2;54;234;195mmemory: 58.00GiB(73.01%)  [34mtps: 121  [36mtflops: 5.82  [35mmfu: 0.59%[39m
[rank0]:[titan] 2026-03-17 13:02:55,360 - root - INFO - [31mstep: 487  [32mloss:  2.7729  [38;2;180;60;0mgrad_norm:  2.5607  [38;2;54;234;195mmemory: 58.00GiB(73.01%)  [34mtps: 118  [36mtflops: 5.69  [35mmfu: 0.58%[39m
[rank0]:[titan] 2026-03-17 13:03:12,705 - root - INFO - [31mstep: 488  [32mloss:  2.8520  [38;2;180;60;0mgrad_norm:  2.5726  [38;2;54;234;195mmemory: 58.00GiB(73.01%)  [34mtps: 118  [36mtflops: 5.69  [35mmfu: 0.58%[39m
[rank0]:[titan] 2026-03-17 13:03:29,960 - root - INFO - [31mstep: 489  [32mloss:  2.8078  [38;2;180;60;0mgrad_norm:  2.7113  [38;2;54;234;195mmemory: 58.00GiB(73.01%)  [34mtps: 119  [36mtflops: 5.72  [35mmfu: 0.58%[39m
[rank0]:[titan] 2026-03-17 13:03:47,145 - root - INFO - [31mstep: 490  [32mloss:  2.7952  [38;2;180;60;0mgrad_norm:  2.0203  [38;2;54;234;195mmemory: 58.00GiB(73.01%)  [34mtps: 119  [36mtflops: 5.74  [35mmfu: 0.58%[39m
[rank0]:[titan] 2026-03-17 13:04:04,320 - root - INFO - [31mstep: 491  [32mloss:  2.8316  [38;2;180;60;0mgrad_norm:  2.6057  [38;2;54;234;195mmemory: 58.00GiB(73.01%)  [34mtps: 119  [36mtflops: 5.75  [35mmfu: 0.58%[39m
[rank0]:[titan] 2026-03-17 13:04:21,538 - root - INFO - [31mstep: 492  [32mloss:  2.7627  [38;2;180;60;0mgrad_norm:  2.2952  [38;2;54;234;195mmemory: 58.00GiB(73.01%)  [34mtps: 119  [36mtflops: 5.73  [35mmfu: 0.58%[39m
[rank0]:[titan] 2026-03-17 13:04:38,723 - root - INFO - [31mstep: 493  [32mloss:  2.8310  [38;2;180;60;0mgrad_norm:  2.4540  [38;2;54;234;195mmemory: 58.00GiB(73.01%)  [34mtps: 119  [36mtflops: 5.74  [35mmfu: 0.58%[39m
[rank0]:[titan] 2026-03-17 13:04:55,562 - root - INFO - [31mstep: 494  [32mloss:  2.8406  [38;2;180;60;0mgrad_norm:  2.4718  [38;2;54;234;195mmemory: 58.00GiB(73.01%)  [34mtps: 122  [36mtflops: 5.86  [35mmfu: 0.59%[39m
[rank0]:[titan] 2026-03-17 13:05:12,805 - root - INFO - [31mstep: 495  [32mloss:  2.8207  [38;2;180;60;0mgrad_norm:  1.4587  [38;2;54;234;195mmemory: 58.00GiB(73.01%)  [34mtps: 119  [36mtflops: 5.72  [35mmfu: 0.58%[39m
[rank0]:[titan] 2026-03-17 13:05:29,902 - root - INFO - [31mstep: 496  [32mloss:  2.7685  [38;2;180;60;0mgrad_norm:  2.1212  [38;2;54;234;195mmemory: 58.00GiB(73.01%)  [34mtps: 120  [36mtflops: 5.77  [35mmfu: 0.58%[39m
[rank0]:[titan] 2026-03-17 13:05:47,076 - root - INFO - [31mstep: 497  [32mloss:  2.7690  [38;2;180;60;0mgrad_norm:  2.3389  [38;2;54;234;195mmemory: 58.00GiB(73.01%)  [34mtps: 119  [36mtflops: 5.75  [35mmfu: 0.58%[39m
[rank0]:[titan] 2026-03-17 13:06:04,170 - root - INFO - [31mstep: 498  [32mloss:  2.7279  [38;2;180;60;0mgrad_norm:  3.1005  [38;2;54;234;195mmemory: 58.00GiB(73.01%)  [34mtps: 120  [36mtflops: 5.77  [35mmfu: 0.58%[39m
[rank0]:[titan] 2026-03-17 13:06:21,302 - root - INFO - [31mstep: 499  [32mloss:  2.7810  [38;2;180;60;0mgrad_norm:  2.8862  [38;2;54;234;195mmemory: 58.00GiB(73.01%)  [34mtps: 120  [36mtflops: 5.76  [35mmfu: 0.58%[39m
[rank0]:[titan] 2026-03-17 13:06:38,404 - root - INFO - [31mstep: 500  [32mloss:  2.7886  [38;2;180;60;0mgrad_norm:  2.2195  [38;2;54;234;195mmemory: 58.00GiB(73.01%)  [34mtps: 120  [36mtflops: 5.77  [35mmfu: 0.58%[39m
[rank0]:[titan] 2026-03-17 13:06:55,441 - root - INFO - [31mstep: 501  [32mloss:  2.7112  [38;2;180;60;0mgrad_norm:  2.4576  [38;2;54;234;195mmemory: 58.00GiB(73.01%)  [34mtps: 120  [36mtflops: 5.79  [35mmfu: 0.59%[39m
[rank0]:[titan] 2026-03-17 13:07:12,617 - root - INFO - [31mstep: 502  [32mloss:  2.7003  [38;2;180;60;0mgrad_norm:  2.6074  [38;2;54;234;195mmemory: 58.00GiB(73.01%)  [34mtps: 119  [36mtflops: 5.74  [35mmfu: 0.58%[39m
[rank0]:[titan] 2026-03-17 13:07:29,752 - root - INFO - [31mstep: 503  [32mloss:  2.7381  [38;2;180;60;0mgrad_norm:  2.2552  [38;2;54;234;195mmemory: 58.00GiB(73.01%)  [34mtps: 120  [36mtflops: 5.76  [35mmfu: 0.58%[39m
[rank0]:[titan] 2026-03-17 13:07:46,999 - root - INFO - [31mstep: 504  [32mloss:  2.7392  [38;2;180;60;0mgrad_norm:  2.1289  [38;2;54;234;195mmemory: 58.00GiB(73.01%)  [34mtps: 119  [36mtflops: 5.72  [35mmfu: 0.58%[39m
[rank0]:[titan] 2026-03-17 13:08:04,222 - root - INFO - [31mstep: 505  [32mloss:  2.7878  [38;2;180;60;0mgrad_norm:  2.2719  [38;2;54;234;195mmemory: 58.00GiB(73.01%)  [34mtps: 119  [36mtflops: 5.73  [35mmfu: 0.58%[39m
[rank0]:[titan] 2026-03-17 13:08:21,553 - root - INFO - [31mstep: 506  [32mloss:  2.7790  [38;2;180;60;0mgrad_norm:  2.3074  [38;2;54;234;195mmemory: 58.00GiB(73.01%)  [34mtps: 118  [36mtflops: 5.69  [35mmfu: 0.58%[39m
[rank0]:[titan] 2026-03-17 13:08:38,756 - root - INFO - [31mstep: 507  [32mloss:  2.7523  [38;2;180;60;0mgrad_norm:  2.6179  [38;2;54;234;195mmemory: 58.00GiB(73.01%)  [34mtps: 119  [36mtflops: 5.74  [35mmfu: 0.58%[39m
[rank0]:[titan] 2026-03-17 13:08:55,932 - root - INFO - [31mstep: 508  [32mloss:  2.7169  [38;2;180;60;0mgrad_norm:  2.8164  [38;2;54;234;195mmemory: 58.00GiB(73.01%)  [34mtps: 119  [36mtflops: 5.75  [35mmfu: 0.58%[39m
[rank0]:[titan] 2026-03-17 13:09:13,080 - root - INFO - [31mstep: 509  [32mloss:  2.7148  [38;2;180;60;0mgrad_norm:  2.1177  [38;2;54;234;195mmemory: 58.00GiB(73.01%)  [34mtps: 119  [36mtflops: 5.75  [35mmfu: 0.58%[39m
[rank0]:[titan] 2026-03-17 13:09:30,171 - root - INFO - [31mstep: 510  [32mloss:  2.8276  [38;2;180;60;0mgrad_norm:  2.0200  [38;2;54;234;195mmemory: 58.00GiB(73.01%)  [34mtps: 120  [36mtflops: 5.77  [35mmfu: 0.58%[39m
[rank0]:[titan] 2026-03-17 13:09:47,353 - root - INFO - [31mstep: 511  [32mloss:  2.7414  [38;2;180;60;0mgrad_norm:  2.6304  [38;2;54;234;195mmemory: 58.00GiB(73.01%)  [34mtps: 119  [36mtflops: 5.74  [35mmfu: 0.58%[39m
[rank0]:[titan] 2026-03-17 13:10:04,645 - root - INFO - [31mstep: 512  [32mloss:  2.7899  [38;2;180;60;0mgrad_norm:  2.1972  [38;2;54;234;195mmemory: 58.00GiB(73.01%)  [34mtps: 118  [36mtflops: 5.71  [35mmfu: 0.58%[39m
[rank0]:[titan] 2026-03-17 13:10:21,798 - root - INFO - [31mstep: 513  [32mloss:  2.7364  [38;2;180;60;0mgrad_norm:  2.0939  [38;2;54;234;195mmemory: 58.00GiB(73.01%)  [34mtps: 119  [36mtflops: 5.75  [35mmfu: 0.58%[39m
[rank0]:[titan] 2026-03-17 13:10:39,026 - root - INFO - [31mstep: 514  [32mloss:  2.7320  [38;2;180;60;0mgrad_norm:  2.5226  [38;2;54;234;195mmemory: 58.00GiB(73.01%)  [34mtps: 119  [36mtflops: 5.73  [35mmfu: 0.58%[39m
[rank0]:[titan] 2026-03-17 13:10:56,200 - root - INFO - [31mstep: 515  [32mloss:  2.7973  [38;2;180;60;0mgrad_norm:  2.1333  [38;2;54;234;195mmemory: 58.00GiB(73.01%)  [34mtps: 119  [36mtflops: 5.75  [35mmfu: 0.58%[39m
[rank0]:[titan] 2026-03-17 13:11:13,374 - root - INFO - [31mstep: 516  [32mloss:  2.8052  [38;2;180;60;0mgrad_norm:  2.8679  [38;2;54;234;195mmemory: 58.00GiB(73.01%)  [34mtps: 119  [36mtflops: 5.75  [35mmfu: 0.58%[39m
[rank0]:[titan] 2026-03-17 13:11:30,457 - root - INFO - [31mstep: 517  [32mloss:  2.8112  [38;2;180;60;0mgrad_norm:  2.4013  [38;2;54;234;195mmemory: 58.00GiB(73.01%)  [34mtps: 120  [36mtflops: 5.78  [35mmfu: 0.58%[39m
[rank0]:[titan] 2026-03-17 13:11:47,622 - root - INFO - [31mstep: 518  [32mloss:  2.7638  [38;2;180;60;0mgrad_norm:  2.7874  [38;2;54;234;195mmemory: 58.00GiB(73.01%)  [34mtps: 119  [36mtflops: 5.75  [35mmfu: 0.58%[39m
[rank0]:[titan] 2026-03-17 13:12:04,822 - root - INFO - [31mstep: 519  [32mloss:  2.7400  [38;2;180;60;0mgrad_norm:  2.1327  [38;2;54;234;195mmemory: 58.00GiB(73.01%)  [34mtps: 119  [36mtflops: 5.74  [35mmfu: 0.58%[39m
[rank0]:[titan] 2026-03-17 13:12:22,108 - root - INFO - [31mstep: 520  [32mloss:  2.7519  [38;2;180;60;0mgrad_norm:  3.1311  [38;2;54;234;195mmemory: 58.00GiB(73.01%)  [34mtps: 118  [36mtflops: 5.71  [35mmfu: 0.58%[39m
[rank0]:[titan] 2026-03-17 13:12:39,496 - root - INFO - [31mstep: 521  [32mloss:  2.8016  [38;2;180;60;0mgrad_norm:  2.0594  [38;2;54;234;195mmemory: 58.00GiB(73.01%)  [34mtps: 118  [36mtflops: 5.68  [35mmfu: 0.57%[39m
[rank0]:[titan] 2026-03-17 13:12:56,696 - root - INFO - [31mstep: 522  [32mloss:  2.7646  [38;2;180;60;0mgrad_norm:  2.1996  [38;2;54;234;195mmemory: 58.00GiB(73.01%)  [34mtps: 119  [36mtflops: 5.74  [35mmfu: 0.58%[39m
[rank0]:[titan] 2026-03-17 13:13:13,922 - root - INFO - [31mstep: 523  [32mloss:  2.7526  [38;2;180;60;0mgrad_norm:  2.0294  [38;2;54;234;195mmemory: 58.00GiB(73.01%)  [34mtps: 119  [36mtflops: 5.73  [35mmfu: 0.58%[39m
[rank0]:[titan] 2026-03-17 13:13:31,214 - root - INFO - [31mstep: 524  [32mloss:  2.7697  [38;2;180;60;0mgrad_norm:  2.0998  [38;2;54;234;195mmemory: 58.00GiB(73.01%)  [34mtps: 118  [36mtflops: 5.71  [35mmfu: 0.58%[39m
[rank0]:[titan] 2026-03-17 13:13:48,422 - root - INFO - [31mstep: 525  [32mloss:  2.7885  [38;2;180;60;0mgrad_norm:  1.9657  [38;2;54;234;195mmemory: 58.00GiB(73.01%)  [34mtps: 119  [36mtflops: 5.73  [35mmfu: 0.58%[39m
[rank0]:[titan] 2026-03-17 13:14:05,882 - root - INFO - [31mstep: 526  [32mloss:  2.7213  [38;2;180;60;0mgrad_norm:  2.3373  [38;2;54;234;195mmemory: 58.00GiB(73.01%)  [34mtps: 117  [36mtflops: 5.65  [35mmfu: 0.57%[39m
[rank0]:[titan] 2026-03-17 13:14:22,929 - root - INFO - [31mstep: 527  [32mloss:  2.7478  [38;2;180;60;0mgrad_norm:  2.0362  [38;2;54;234;195mmemory: 58.00GiB(73.01%)  [34mtps: 120  [36mtflops: 5.79  [35mmfu: 0.59%[39m
[rank0]:[titan] 2026-03-17 13:14:40,168 - root - INFO - [31mstep: 528  [32mloss:  2.7777  [38;2;180;60;0mgrad_norm:  2.8461  [38;2;54;234;195mmemory: 58.00GiB(73.01%)  [34mtps: 119  [36mtflops: 5.72  [35mmfu: 0.58%[39m
[rank0]:[titan] 2026-03-17 13:14:57,575 - root - INFO - [31mstep: 529  [32mloss:  2.7574  [38;2;180;60;0mgrad_norm:  1.8765  [38;2;54;234;195mmemory: 58.00GiB(73.01%)  [34mtps: 118  [36mtflops: 5.67  [35mmfu: 0.57%[39m
[rank0]:[titan] 2026-03-17 13:15:14,795 - root - INFO - [31mstep: 530  [32mloss:  2.7823  [38;2;180;60;0mgrad_norm:  2.4261  [38;2;54;234;195mmemory: 58.00GiB(73.01%)  [34mtps: 119  [36mtflops: 5.73  [35mmfu: 0.58%[39m
[rank0]:[titan] 2026-03-17 13:15:32,027 - root - INFO - [31mstep: 531  [32mloss:  2.8102  [38;2;180;60;0mgrad_norm:  2.3092  [38;2;54;234;195mmemory: 58.00GiB(73.01%)  [34mtps: 119  [36mtflops: 5.73  [35mmfu: 0.58%[39m
[rank0]:[titan] 2026-03-17 13:15:49,261 - root - INFO - [31mstep: 532  [32mloss:  2.7845  [38;2;180;60;0mgrad_norm:  2.6334  [38;2;54;234;195mmemory: 58.00GiB(73.01%)  [34mtps: 119  [36mtflops: 5.73  [35mmfu: 0.58%[39m
[rank0]:[titan] 2026-03-17 13:16:06,488 - root - INFO - [31mstep: 533  [32mloss:  2.8261  [38;2;180;60;0mgrad_norm:  1.8945  [38;2;54;234;195mmemory: 58.00GiB(73.01%)  [34mtps: 119  [36mtflops: 5.73  [35mmfu: 0.58%[39m
[rank0]:[titan] 2026-03-17 13:16:23,649 - root - INFO - [31mstep: 534  [32mloss:  2.7159  [38;2;180;60;0mgrad_norm:  2.5688  [38;2;54;234;195mmemory: 58.00GiB(73.01%)  [34mtps: 119  [36mtflops: 5.75  [35mmfu: 0.58%[39m
[rank0]:[titan] 2026-03-17 13:16:41,052 - root - INFO - [31mstep: 535  [32mloss:  2.8113  [38;2;180;60;0mgrad_norm:  2.3584  [38;2;54;234;195mmemory: 58.00GiB(73.01%)  [34mtps: 118  [36mtflops: 5.67  [35mmfu: 0.57%[39m
[rank0]:[titan] 2026-03-17 13:16:58,510 - root - INFO - [31mstep: 536  [32mloss:  2.7684  [38;2;180;60;0mgrad_norm:  2.0484  [38;2;54;234;195mmemory: 58.00GiB(73.01%)  [34mtps: 117  [36mtflops: 5.65  [35mmfu: 0.57%[39m
[rank0]:[titan] 2026-03-17 13:17:15,829 - root - INFO - [31mstep: 537  [32mloss:  2.7217  [38;2;180;60;0mgrad_norm:  2.4975  [38;2;54;234;195mmemory: 58.00GiB(73.01%)  [34mtps: 118  [36mtflops: 5.70  [35mmfu: 0.58%[39m
[rank0]:[titan] 2026-03-17 13:17:32,756 - root - INFO - [31mstep: 538  [32mloss:  2.7353  [38;2;180;60;0mgrad_norm:  2.5182  [38;2;54;234;195mmemory: 58.00GiB(73.01%)  [34mtps: 121  [36mtflops: 5.83  [35mmfu: 0.59%[39m
[rank0]:[titan] 2026-03-17 13:17:50,057 - root - INFO - [31mstep: 539  [32mloss:  2.8139  [38;2;180;60;0mgrad_norm:  2.1078  [38;2;54;234;195mmemory: 58.00GiB(73.01%)  [34mtps: 118  [36mtflops: 5.70  [35mmfu: 0.58%[39m
[rank0]:[titan] 2026-03-17 13:18:07,413 - root - INFO - [31mstep: 540  [32mloss:  2.8224  [38;2;180;60;0mgrad_norm:  2.9855  [38;2;54;234;195mmemory: 58.00GiB(73.01%)  [34mtps: 118  [36mtflops: 5.69  [35mmfu: 0.57%[39m
[rank0]:[titan] 2026-03-17 13:18:24,649 - root - INFO - [31mstep: 541  [32mloss:  2.7715  [38;2;180;60;0mgrad_norm:  3.1710  [38;2;54;234;195mmemory: 58.00GiB(73.01%)  [34mtps: 119  [36mtflops: 5.73  [35mmfu: 0.58%[39m
[rank0]:[titan] 2026-03-17 13:18:41,937 - root - INFO - [31mstep: 542  [32mloss:  2.7544  [38;2;180;60;0mgrad_norm:  2.6352  [38;2;54;234;195mmemory: 58.00GiB(73.01%)  [34mtps: 118  [36mtflops: 5.71  [35mmfu: 0.58%[39m
[rank0]:[titan] 2026-03-17 13:18:59,154 - root - INFO - [31mstep: 543  [32mloss:  2.7710  [38;2;180;60;0mgrad_norm:  2.3334  [38;2;54;234;195mmemory: 58.00GiB(73.01%)  [34mtps: 119  [36mtflops: 5.73  [35mmfu: 0.58%[39m
[rank0]:[titan] 2026-03-17 13:19:16,304 - root - INFO - [31mstep: 544  [32mloss:  2.8260  [38;2;180;60;0mgrad_norm:  3.0599  [38;2;54;234;195mmemory: 58.00GiB(73.01%)  [34mtps: 119  [36mtflops: 5.75  [35mmfu: 0.58%[39m
[rank0]:[titan] 2026-03-17 13:19:33,553 - root - INFO - [31mstep: 545  [32mloss:  2.7745  [38;2;180;60;0mgrad_norm:  2.5141  [38;2;54;234;195mmemory: 58.00GiB(73.01%)  [34mtps: 119  [36mtflops: 5.72  [35mmfu: 0.58%[39m
[rank0]:[titan] 2026-03-17 13:19:50,914 - root - INFO - [31mstep: 546  [32mloss:  2.7920  [38;2;180;60;0mgrad_norm:  2.8108  [38;2;54;234;195mmemory: 58.00GiB(73.01%)  [34mtps: 118  [36mtflops: 5.68  [35mmfu: 0.57%[39m
[rank0]:[titan] 2026-03-17 13:20:08,213 - root - INFO - [31mstep: 547  [32mloss:  2.8290  [38;2;180;60;0mgrad_norm:  2.5617  [38;2;54;234;195mmemory: 58.00GiB(73.01%)  [34mtps: 118  [36mtflops: 5.70  [35mmfu: 0.58%[39m
[rank0]:[titan] 2026-03-17 13:20:25,400 - root - INFO - [31mstep: 548  [32mloss:  2.8096  [38;2;180;60;0mgrad_norm:  2.8288  [38;2;54;234;195mmemory: 58.00GiB(73.01%)  [34mtps: 119  [36mtflops: 5.74  [35mmfu: 0.58%[39m
[rank0]:[titan] 2026-03-17 13:20:42,700 - root - INFO - [31mstep: 549  [32mloss:  2.7830  [38;2;180;60;0mgrad_norm:  3.8968  [38;2;54;234;195mmemory: 58.00GiB(73.01%)  [34mtps: 118  [36mtflops: 5.70  [35mmfu: 0.58%[39m
[rank0]:[titan] 2026-03-17 13:20:59,975 - root - INFO - [31mstep: 550  [32mloss:  2.8893  [38;2;180;60;0mgrad_norm:  2.6289  [38;2;54;234;195mmemory: 58.00GiB(73.01%)  [34mtps: 119  [36mtflops: 5.71  [35mmfu: 0.58%[39m
[rank0]:[titan] 2026-03-17 13:21:17,247 - root - INFO - [31mstep: 551  [32mloss:  2.7453  [38;2;180;60;0mgrad_norm:  2.7939  [38;2;54;234;195mmemory: 58.00GiB(73.01%)  [34mtps: 119  [36mtflops: 5.71  [35mmfu: 0.58%[39m
[rank0]:[titan] 2026-03-17 13:21:34,493 - root - INFO - [31mstep: 552  [32mloss:  2.7594  [38;2;180;60;0mgrad_norm:  2.9382  [38;2;54;234;195mmemory: 58.00GiB(73.01%)  [34mtps: 119  [36mtflops: 5.72  [35mmfu: 0.58%[39m
[rank0]:[titan] 2026-03-17 13:21:51,676 - root - INFO - [31mstep: 553  [32mloss:  2.7087  [38;2;180;60;0mgrad_norm:  2.1988  [38;2;54;234;195mmemory: 58.00GiB(73.01%)  [34mtps: 119  [36mtflops: 5.74  [35mmfu: 0.58%[39m
[rank0]:[titan] 2026-03-17 13:22:08,884 - root - INFO - [31mstep: 554  [32mloss:  2.7553  [38;2;180;60;0mgrad_norm:  2.1872  [38;2;54;234;195mmemory: 58.00GiB(73.01%)  [34mtps: 119  [36mtflops: 5.73  [35mmfu: 0.58%[39m
[rank0]:[titan] 2026-03-17 13:22:25,944 - root - INFO - [31mstep: 555  [32mloss:  2.7246  [38;2;180;60;0mgrad_norm:  2.5120  [38;2;54;234;195mmemory: 58.00GiB(73.01%)  [34mtps: 120  [36mtflops: 5.78  [35mmfu: 0.58%[39m
[rank0]:[titan] 2026-03-17 13:22:43,237 - root - INFO - [31mstep: 556  [32mloss:  2.7640  [38;2;180;60;0mgrad_norm:  1.9091  [38;2;54;234;195mmemory: 58.00GiB(73.01%)  [34mtps: 118  [36mtflops: 5.71  [35mmfu: 0.58%[39m
[rank0]:[titan] 2026-03-17 13:23:00,475 - root - INFO - [31mstep: 557  [32mloss:  2.7043  [38;2;180;60;0mgrad_norm:  2.6524  [38;2;54;234;195mmemory: 58.00GiB(73.01%)  [34mtps: 119  [36mtflops: 5.72  [35mmfu: 0.58%[39m
[rank0]:[titan] 2026-03-17 13:23:17,774 - root - INFO - [31mstep: 558  [32mloss:  2.7219  [38;2;180;60;0mgrad_norm:  1.8814  [38;2;54;234;195mmemory: 58.00GiB(73.01%)  [34mtps: 118  [36mtflops: 5.70  [35mmfu: 0.58%[39m
[rank0]:[titan] 2026-03-17 13:23:34,854 - root - INFO - [31mstep: 559  [32mloss:  2.7046  [38;2;180;60;0mgrad_norm:  1.8805  [38;2;54;234;195mmemory: 58.00GiB(73.01%)  [34mtps: 120  [36mtflops: 5.78  [35mmfu: 0.58%[39m
[rank0]:[titan] 2026-03-17 13:23:52,032 - root - INFO - [31mstep: 560  [32mloss:  2.7760  [38;2;180;60;0mgrad_norm:  2.3482  [38;2;54;234;195mmemory: 58.00GiB(73.01%)  [34mtps: 119  [36mtflops: 5.74  [35mmfu: 0.58%[39m
[rank0]:[titan] 2026-03-17 13:24:09,091 - root - INFO - [31mstep: 561  [32mloss:  2.8222  [38;2;180;60;0mgrad_norm:  2.4011  [38;2;54;234;195mmemory: 58.00GiB(73.01%)  [34mtps: 120  [36mtflops: 5.78  [35mmfu: 0.58%[39m
[rank0]:[titan] 2026-03-17 13:24:26,213 - root - INFO - [31mstep: 562  [32mloss:  2.7511  [38;2;180;60;0mgrad_norm:  2.2602  [38;2;54;234;195mmemory: 58.00GiB(73.01%)  [34mtps: 120  [36mtflops: 5.76  [35mmfu: 0.58%[39m
[rank0]:[titan] 2026-03-17 13:24:43,392 - root - INFO - [31mstep: 563  [32mloss:  2.7571  [38;2;180;60;0mgrad_norm:  2.2364  [38;2;54;234;195mmemory: 58.00GiB(73.01%)  [34mtps: 119  [36mtflops: 5.74  [35mmfu: 0.58%[39m
[rank0]:[titan] 2026-03-17 13:25:00,105 - root - INFO - [31mstep: 564  [32mloss:  2.8151  [38;2;180;60;0mgrad_norm:  2.6547  [38;2;54;234;195mmemory: 58.00GiB(73.01%)  [34mtps: 123  [36mtflops: 5.90  [35mmfu: 0.60%[39m
[rank0]:[titan] 2026-03-17 13:25:17,415 - root - INFO - [31mstep: 565  [32mloss:  2.7804  [38;2;180;60;0mgrad_norm:  2.5811  [38;2;54;234;195mmemory: 58.00GiB(73.01%)  [34mtps: 118  [36mtflops: 5.70  [35mmfu: 0.58%[39m
[rank0]:[titan] 2026-03-17 13:25:34,997 - root - INFO - [31mstep: 566  [32mloss:  2.7705  [38;2;180;60;0mgrad_norm:  2.1392  [38;2;54;234;195mmemory: 58.00GiB(73.01%)  [34mtps: 116  [36mtflops: 5.61  [35mmfu: 0.57%[39m
[rank0]:[titan] 2026-03-17 13:25:52,249 - root - INFO - [31mstep: 567  [32mloss:  2.7832  [38;2;180;60;0mgrad_norm:  2.7556  [38;2;54;234;195mmemory: 58.00GiB(73.01%)  [34mtps: 119  [36mtflops: 5.72  [35mmfu: 0.58%[39m
[rank0]:[titan] 2026-03-17 13:26:09,464 - root - INFO - [31mstep: 568  [32mloss:  2.8375  [38;2;180;60;0mgrad_norm:  2.1783  [38;2;54;234;195mmemory: 58.00GiB(73.01%)  [34mtps: 119  [36mtflops: 5.73  [35mmfu: 0.58%[39m
[rank0]:[titan] 2026-03-17 13:26:26,670 - root - INFO - [31mstep: 569  [32mloss:  2.8176  [38;2;180;60;0mgrad_norm:  2.4314  [38;2;54;234;195mmemory: 58.00GiB(73.01%)  [34mtps: 119  [36mtflops: 5.74  [35mmfu: 0.58%[39m
[rank0]:[titan] 2026-03-17 13:26:43,873 - root - INFO - [31mstep: 570  [32mloss:  2.8280  [38;2;180;60;0mgrad_norm:  2.6922  [38;2;54;234;195mmemory: 58.00GiB(73.01%)  [34mtps: 119  [36mtflops: 5.74  [35mmfu: 0.58%[39m
[rank0]:[titan] 2026-03-17 13:27:01,039 - root - INFO - [31mstep: 571  [32mloss:  2.8210  [38;2;180;60;0mgrad_norm:  2.2567  [38;2;54;234;195mmemory: 58.00GiB(73.01%)  [34mtps: 119  [36mtflops: 5.75  [35mmfu: 0.58%[39m
[rank0]:[titan] 2026-03-17 13:27:18,216 - root - INFO - [31mstep: 572  [32mloss:  2.8259  [38;2;180;60;0mgrad_norm:  2.7283  [38;2;54;234;195mmemory: 58.00GiB(73.01%)  [34mtps: 119  [36mtflops: 5.75  [35mmfu: 0.58%[39m
[rank0]:[titan] 2026-03-17 13:27:35,517 - root - INFO - [31mstep: 573  [32mloss:  2.7623  [38;2;180;60;0mgrad_norm:  2.7929  [38;2;54;234;195mmemory: 58.00GiB(73.01%)  [34mtps: 118  [36mtflops: 5.70  [35mmfu: 0.58%[39m
[rank0]:[titan] 2026-03-17 13:27:52,628 - root - INFO - [31mstep: 574  [32mloss:  2.8185  [38;2;180;60;0mgrad_norm:  3.5262  [38;2;54;234;195mmemory: 58.00GiB(73.01%)  [34mtps: 120  [36mtflops: 5.77  [35mmfu: 0.58%[39m
[rank0]:[titan] 2026-03-17 13:28:09,860 - root - INFO - [31mstep: 575  [32mloss:  2.7825  [38;2;180;60;0mgrad_norm:  2.5225  [38;2;54;234;195mmemory: 58.00GiB(73.01%)  [34mtps: 119  [36mtflops: 5.73  [35mmfu: 0.58%[39m
[rank0]:[titan] 2026-03-17 13:28:27,064 - root - INFO - [31mstep: 576  [32mloss:  2.7740  [38;2;180;60;0mgrad_norm:  3.1685  [38;2;54;234;195mmemory: 58.00GiB(73.01%)  [34mtps: 119  [36mtflops: 5.74  [35mmfu: 0.58%[39m
[rank0]:[titan] 2026-03-17 13:28:44,255 - root - INFO - [31mstep: 577  [32mloss:  2.7353  [38;2;180;60;0mgrad_norm:  2.3146  [38;2;54;234;195mmemory: 58.00GiB(73.01%)  [34mtps: 119  [36mtflops: 5.74  [35mmfu: 0.58%[39m
[rank0]:[titan] 2026-03-17 13:29:01,422 - root - INFO - [31mstep: 578  [32mloss:  2.7711  [38;2;180;60;0mgrad_norm:  2.8022  [38;2;54;234;195mmemory: 58.00GiB(73.01%)  [34mtps: 119  [36mtflops: 5.75  [35mmfu: 0.58%[39m
[rank0]:[titan] 2026-03-17 13:29:18,588 - root - INFO - [31mstep: 579  [32mloss:  2.7868  [38;2;180;60;0mgrad_norm:  2.4518  [38;2;54;234;195mmemory: 58.00GiB(73.01%)  [34mtps: 119  [36mtflops: 5.75  [35mmfu: 0.58%[39m
[rank0]:[titan] 2026-03-17 13:29:35,789 - root - INFO - [31mstep: 580  [32mloss:  2.7253  [38;2;180;60;0mgrad_norm:  2.0089  [38;2;54;234;195mmemory: 58.00GiB(73.01%)  [34mtps: 119  [36mtflops: 5.74  [35mmfu: 0.58%[39m
[rank0]:[titan] 2026-03-17 13:29:53,016 - root - INFO - [31mstep: 581  [32mloss:  2.7518  [38;2;180;60;0mgrad_norm:  1.7044  [38;2;54;234;195mmemory: 58.00GiB(73.01%)  [34mtps: 119  [36mtflops: 5.73  [35mmfu: 0.58%[39m
[rank0]:[titan] 2026-03-17 13:30:10,179 - root - INFO - [31mstep: 582  [32mloss:  2.8237  [38;2;180;60;0mgrad_norm:  2.0376  [38;2;54;234;195mmemory: 58.00GiB(73.01%)  [34mtps: 119  [36mtflops: 5.75  [35mmfu: 0.58%[39m
[rank0]:[titan] 2026-03-17 13:30:27,547 - root - INFO - [31mstep: 583  [32mloss:  2.7982  [38;2;180;60;0mgrad_norm:  1.6917  [38;2;54;234;195mmemory: 58.00GiB(73.01%)  [34mtps: 118  [36mtflops: 5.68  [35mmfu: 0.57%[39m
[rank0]:[titan] 2026-03-17 13:30:44,887 - root - INFO - [31mstep: 584  [32mloss:  2.7648  [38;2;180;60;0mgrad_norm:  2.8690  [38;2;54;234;195mmemory: 58.00GiB(73.01%)  [34mtps: 118  [36mtflops: 5.69  [35mmfu: 0.58%[39m
[rank0]:[titan] 2026-03-17 13:31:02,086 - root - INFO - [31mstep: 585  [32mloss:  2.7998  [38;2;180;60;0mgrad_norm:  2.5596  [38;2;54;234;195mmemory: 58.00GiB(73.01%)  [34mtps: 119  [36mtflops: 5.74  [35mmfu: 0.58%[39m
[rank0]:[titan] 2026-03-17 13:31:19,310 - root - INFO - [31mstep: 586  [32mloss:  2.7728  [38;2;180;60;0mgrad_norm:  2.5241  [38;2;54;234;195mmemory: 58.00GiB(73.01%)  [34mtps: 119  [36mtflops: 5.73  [35mmfu: 0.58%[39m
[rank0]:[titan] 2026-03-17 13:31:36,538 - root - INFO - [31mstep: 587  [32mloss:  2.7509  [38;2;180;60;0mgrad_norm:  2.7045  [38;2;54;234;195mmemory: 58.00GiB(73.01%)  [34mtps: 119  [36mtflops: 5.73  [35mmfu: 0.58%[39m
[rank0]:[titan] 2026-03-17 13:31:53,726 - root - INFO - [31mstep: 588  [32mloss:  2.8009  [38;2;180;60;0mgrad_norm:  2.4958  [38;2;54;234;195mmemory: 58.00GiB(73.01%)  [34mtps: 119  [36mtflops: 5.74  [35mmfu: 0.58%[39m
[rank0]:[titan] 2026-03-17 13:32:10,704 - root - INFO - [31mstep: 589  [32mloss:  2.7949  [38;2;180;60;0mgrad_norm:  2.6748  [38;2;54;234;195mmemory: 58.00GiB(73.01%)  [34mtps: 121  [36mtflops: 5.81  [35mmfu: 0.59%[39m
[rank0]:[titan] 2026-03-17 13:32:28,108 - root - INFO - [31mstep: 590  [32mloss:  2.8646  [38;2;180;60;0mgrad_norm:  2.4422  [38;2;54;234;195mmemory: 58.00GiB(73.01%)  [34mtps: 118  [36mtflops: 5.67  [35mmfu: 0.57%[39m
[rank0]:[titan] 2026-03-17 13:32:45,821 - root - INFO - [31mstep: 591  [32mloss:  2.7850  [38;2;180;60;0mgrad_norm:  1.8930  [38;2;54;234;195mmemory: 58.00GiB(73.01%)  [34mtps: 116  [36mtflops: 5.57  [35mmfu: 0.56%[39m
[rank0]:[titan] 2026-03-17 13:33:02,938 - root - INFO - [31mstep: 592  [32mloss:  2.7775  [38;2;180;60;0mgrad_norm:  2.4015  [38;2;54;234;195mmemory: 58.00GiB(73.01%)  [34mtps: 120  [36mtflops: 5.76  [35mmfu: 0.58%[39m
[rank0]:[titan] 2026-03-17 13:33:20,144 - root - INFO - [31mstep: 593  [32mloss:  2.7822  [38;2;180;60;0mgrad_norm:  2.7048  [38;2;54;234;195mmemory: 58.00GiB(73.01%)  [34mtps: 119  [36mtflops: 5.74  [35mmfu: 0.58%[39m
[rank0]:[titan] 2026-03-17 13:33:37,439 - root - INFO - [31mstep: 594  [32mloss:  2.7550  [38;2;180;60;0mgrad_norm:  1.9701  [38;2;54;234;195mmemory: 58.00GiB(73.01%)  [34mtps: 118  [36mtflops: 5.71  [35mmfu: 0.58%[39m
[rank0]:[titan] 2026-03-17 13:33:54,581 - root - INFO - [31mstep: 595  [32mloss:  2.7342  [38;2;180;60;0mgrad_norm:  2.3810  [38;2;54;234;195mmemory: 58.00GiB(73.01%)  [34mtps: 119  [36mtflops: 5.76  [35mmfu: 0.58%[39m
[rank0]:[titan] 2026-03-17 13:34:11,698 - root - INFO - [31mstep: 596  [32mloss:  2.8015  [38;2;180;60;0mgrad_norm:  2.6605  [38;2;54;234;195mmemory: 58.00GiB(73.01%)  [34mtps: 120  [36mtflops: 5.77  [35mmfu: 0.58%[39m
[rank0]:[titan] 2026-03-17 13:34:28,913 - root - INFO - [31mstep: 597  [32mloss:  2.8432  [38;2;180;60;0mgrad_norm:  2.4222  [38;2;54;234;195mmemory: 58.00GiB(73.01%)  [34mtps: 119  [36mtflops: 5.73  [35mmfu: 0.58%[39m
[rank0]:[titan] 2026-03-17 13:34:46,050 - root - INFO - [31mstep: 598  [32mloss:  2.7999  [38;2;180;60;0mgrad_norm:  1.9886  [38;2;54;234;195mmemory: 58.00GiB(73.01%)  [34mtps: 120  [36mtflops: 5.76  [35mmfu: 0.58%[39m
[rank0]:[titan] 2026-03-17 13:35:03,199 - root - INFO - [31mstep: 599  [32mloss:  2.7614  [38;2;180;60;0mgrad_norm:  2.3773  [38;2;54;234;195mmemory: 58.00GiB(73.01%)  [34mtps: 119  [36mtflops: 5.75  [35mmfu: 0.58%[39m
[rank0]:[titan] 2026-03-17 13:35:20,401 - root - INFO - [31mstep: 600  [32mloss:  2.7324  [38;2;180;60;0mgrad_norm:  2.0300  [38;2;54;234;195mmemory: 58.00GiB(73.01%)  [34mtps: 119  [36mtflops: 5.74  [35mmfu: 0.58%[39m
[rank0]:[titan] 2026-03-17 13:35:37,487 - root - INFO - [31mstep: 601  [32mloss:  2.7830  [38;2;180;60;0mgrad_norm:  2.3218  [38;2;54;234;195mmemory: 58.00GiB(73.01%)  [34mtps: 120  [36mtflops: 5.78  [35mmfu: 0.58%[39m
[rank0]:[titan] 2026-03-17 13:35:54,717 - root - INFO - [31mstep: 602  [32mloss:  2.7929  [38;2;180;60;0mgrad_norm:  2.6852  [38;2;54;234;195mmemory: 58.00GiB(73.01%)  [34mtps: 119  [36mtflops: 5.73  [35mmfu: 0.58%[39m
[rank0]:[titan] 2026-03-17 13:36:11,857 - root - INFO - [31mstep: 603  [32mloss:  2.7337  [38;2;180;60;0mgrad_norm:  3.0334  [38;2;54;234;195mmemory: 58.00GiB(73.01%)  [34mtps: 119  [36mtflops: 5.76  [35mmfu: 0.58%[39m
[rank0]:[titan] 2026-03-17 13:36:28,796 - root - INFO - [31mstep: 604  [32mloss:  2.7750  [38;2;180;60;0mgrad_norm:  3.0046  [38;2;54;234;195mmemory: 58.00GiB(73.01%)  [34mtps: 121  [36mtflops: 5.83  [35mmfu: 0.59%[39m
[rank0]:[titan] 2026-03-17 13:36:45,904 - root - INFO - [31mstep: 605  [32mloss:  2.7785  [38;2;180;60;0mgrad_norm:  3.1127  [38;2;54;234;195mmemory: 58.00GiB(73.01%)  [34mtps: 120  [36mtflops: 5.77  [35mmfu: 0.58%[39m
[rank0]:[titan] 2026-03-17 13:37:03,118 - root - INFO - [31mstep: 606  [32mloss:  2.7250  [38;2;180;60;0mgrad_norm:  2.8964  [38;2;54;234;195mmemory: 58.00GiB(73.01%)  [34mtps: 119  [36mtflops: 5.73  [35mmfu: 0.58%[39m
[rank0]:[titan] 2026-03-17 13:37:19,936 - root - INFO - [31mstep: 607  [32mloss:  2.7338  [38;2;180;60;0mgrad_norm:  4.2397  [38;2;54;234;195mmemory: 58.00GiB(73.01%)  [34mtps: 122  [36mtflops: 5.87  [35mmfu: 0.59%[39m
[rank0]:[titan] 2026-03-17 13:37:37,178 - root - INFO - [31mstep: 608  [32mloss:  2.7462  [38;2;180;60;0mgrad_norm:  3.0274  [38;2;54;234;195mmemory: 58.00GiB(73.01%)  [34mtps: 119  [36mtflops: 5.72  [35mmfu: 0.58%[39m
[rank0]:[titan] 2026-03-17 13:37:54,423 - root - INFO - [31mstep: 609  [32mloss:  2.7703  [38;2;180;60;0mgrad_norm:  2.4203  [38;2;54;234;195mmemory: 58.00GiB(73.01%)  [34mtps: 119  [36mtflops: 5.72  [35mmfu: 0.58%[39m
[rank0]:[titan] 2026-03-17 13:38:11,651 - root - INFO - [31mstep: 610  [32mloss:  2.7340  [38;2;180;60;0mgrad_norm:  3.0029  [38;2;54;234;195mmemory: 58.00GiB(73.01%)  [34mtps: 119  [36mtflops: 5.73  [35mmfu: 0.58%[39m
[rank0]:[titan] 2026-03-17 13:38:28,639 - root - INFO - [31mstep: 611  [32mloss:  2.7147  [38;2;180;60;0mgrad_norm:  3.1956  [38;2;54;234;195mmemory: 58.00GiB(73.01%)  [34mtps: 121  [36mtflops: 5.81  [35mmfu: 0.59%[39m
[rank0]:[titan] 2026-03-17 13:38:45,892 - root - INFO - [31mstep: 612  [32mloss:  2.7620  [38;2;180;60;0mgrad_norm:  2.4261  [38;2;54;234;195mmemory: 58.00GiB(73.01%)  [34mtps: 119  [36mtflops: 5.72  [35mmfu: 0.58%[39m
[rank0]:[titan] 2026-03-17 13:39:02,997 - root - INFO - [31mstep: 613  [32mloss:  2.7630  [38;2;180;60;0mgrad_norm:  2.5829  [38;2;54;234;195mmemory: 58.00GiB(73.01%)  [34mtps: 120  [36mtflops: 5.77  [35mmfu: 0.58%[39m
[rank0]:[titan] 2026-03-17 13:39:20,294 - root - INFO - [31mstep: 614  [32mloss:  2.7407  [38;2;180;60;0mgrad_norm:  2.2677  [38;2;54;234;195mmemory: 58.00GiB(73.01%)  [34mtps: 118  [36mtflops: 5.70  [35mmfu: 0.58%[39m
[rank0]:[titan] 2026-03-17 13:39:37,621 - root - INFO - [31mstep: 615  [32mloss:  2.7792  [38;2;180;60;0mgrad_norm:  2.1567  [38;2;54;234;195mmemory: 58.00GiB(73.01%)  [34mtps: 118  [36mtflops: 5.70  [35mmfu: 0.58%[39m
[rank0]:[titan] 2026-03-17 13:39:54,868 - root - INFO - [31mstep: 616  [32mloss:  2.7639  [38;2;180;60;0mgrad_norm:  3.1539  [38;2;54;234;195mmemory: 58.00GiB(73.01%)  [34mtps: 119  [36mtflops: 5.72  [35mmfu: 0.58%[39m
[rank0]:[titan] 2026-03-17 13:40:12,071 - root - INFO - [31mstep: 617  [32mloss:  2.7119  [38;2;180;60;0mgrad_norm:  2.5123  [38;2;54;234;195mmemory: 58.00GiB(73.01%)  [34mtps: 119  [36mtflops: 5.74  [35mmfu: 0.58%[39m
[rank0]:[titan] 2026-03-17 13:40:29,156 - root - INFO - [31mstep: 618  [32mloss:  2.7530  [38;2;180;60;0mgrad_norm:  2.8696  [38;2;54;234;195mmemory: 58.00GiB(73.01%)  [34mtps: 120  [36mtflops: 5.78  [35mmfu: 0.58%[39m
[rank0]:[titan] 2026-03-17 13:40:46,424 - root - INFO - [31mstep: 619  [32mloss:  2.6486  [38;2;180;60;0mgrad_norm:  2.5850  [38;2;54;234;195mmemory: 58.00GiB(73.01%)  [34mtps: 119  [36mtflops: 5.71  [35mmfu: 0.58%[39m
[rank0]:[titan] 2026-03-17 13:41:03,502 - root - INFO - [31mstep: 620  [32mloss:  2.6683  [38;2;180;60;0mgrad_norm:  3.4167  [38;2;54;234;195mmemory: 58.00GiB(73.01%)  [34mtps: 120  [36mtflops: 5.78  [35mmfu: 0.58%[39m
[rank0]:[titan] 2026-03-17 13:41:20,680 - root - INFO - [31mstep: 621  [32mloss:  2.7080  [38;2;180;60;0mgrad_norm:  2.9747  [38;2;54;234;195mmemory: 58.00GiB(73.01%)  [34mtps: 119  [36mtflops: 5.74  [35mmfu: 0.58%[39m
[rank0]:[titan] 2026-03-17 13:41:37,889 - root - INFO - [31mstep: 622  [32mloss:  2.7405  [38;2;180;60;0mgrad_norm:  2.6521  [38;2;54;234;195mmemory: 58.00GiB(73.01%)  [34mtps: 119  [36mtflops: 5.73  [35mmfu: 0.58%[39m
[rank0]:[titan] 2026-03-17 13:41:55,030 - root - INFO - [31mstep: 623  [32mloss:  2.7980  [38;2;180;60;0mgrad_norm:  2.5241  [38;2;54;234;195mmemory: 58.00GiB(73.01%)  [34mtps: 119  [36mtflops: 5.76  [35mmfu: 0.58%[39m
[rank0]:[titan] 2026-03-17 13:42:12,288 - root - INFO - [31mstep: 624  [32mloss:  2.7637  [38;2;180;60;0mgrad_norm:  2.7394  [38;2;54;234;195mmemory: 58.00GiB(73.01%)  [34mtps: 119  [36mtflops: 5.72  [35mmfu: 0.58%[39m
[rank0]:[titan] 2026-03-17 13:42:29,256 - root - INFO - [31mstep: 625  [32mloss:  2.7436  [38;2;180;60;0mgrad_norm:  2.2719  [38;2;54;234;195mmemory: 58.00GiB(73.01%)  [34mtps: 121  [36mtflops: 5.82  [35mmfu: 0.59%[39m
[rank0]:[titan] 2026-03-17 13:42:46,425 - root - INFO - [31mstep: 626  [32mloss:  2.7615  [38;2;180;60;0mgrad_norm:  2.5967  [38;2;54;234;195mmemory: 58.00GiB(73.01%)  [34mtps: 119  [36mtflops: 5.75  [35mmfu: 0.58%[39m
[rank0]:[titan] 2026-03-17 13:43:03,617 - root - INFO - [31mstep: 627  [32mloss:  2.7379  [38;2;180;60;0mgrad_norm:  2.7034  [38;2;54;234;195mmemory: 58.00GiB(73.01%)  [34mtps: 119  [36mtflops: 5.74  [35mmfu: 0.58%[39m
[rank0]:[titan] 2026-03-17 13:43:20,788 - root - INFO - [31mstep: 628  [32mloss:  2.7350  [38;2;180;60;0mgrad_norm:  2.5658  [38;2;54;234;195mmemory: 58.00GiB(73.01%)  [34mtps: 119  [36mtflops: 5.75  [35mmfu: 0.58%[39m
[rank0]:[titan] 2026-03-17 13:43:37,957 - root - INFO - [31mstep: 629  [32mloss:  2.7197  [38;2;180;60;0mgrad_norm:  2.5611  [38;2;54;234;195mmemory: 58.00GiB(73.01%)  [34mtps: 119  [36mtflops: 5.75  [35mmfu: 0.58%[39m
[rank0]:[titan] 2026-03-17 13:43:55,100 - root - INFO - [31mstep: 630  [32mloss:  2.7238  [38;2;180;60;0mgrad_norm:  3.0703  [38;2;54;234;195mmemory: 58.00GiB(73.01%)  [34mtps: 119  [36mtflops: 5.76  [35mmfu: 0.58%[39m
[rank0]:[titan] 2026-03-17 13:44:12,239 - root - INFO - [31mstep: 631  [32mloss:  2.7970  [38;2;180;60;0mgrad_norm:  2.2889  [38;2;54;234;195mmemory: 58.00GiB(73.01%)  [34mtps: 119  [36mtflops: 5.76  [35mmfu: 0.58%[39m
[rank0]:[titan] 2026-03-17 13:44:29,345 - root - INFO - [31mstep: 632  [32mloss:  2.8632  [38;2;180;60;0mgrad_norm:  2.5150  [38;2;54;234;195mmemory: 58.00GiB(73.01%)  [34mtps: 120  [36mtflops: 5.77  [35mmfu: 0.58%[39m
[rank0]:[titan] 2026-03-17 13:44:46,474 - root - INFO - [31mstep: 633  [32mloss:  2.7984  [38;2;180;60;0mgrad_norm:  2.3122  [38;2;54;234;195mmemory: 58.00GiB(73.01%)  [34mtps: 120  [36mtflops: 5.76  [35mmfu: 0.58%[39m
[rank0]:[titan] 2026-03-17 13:45:03,705 - root - INFO - [31mstep: 634  [32mloss:  2.7582  [38;2;180;60;0mgrad_norm:  2.8228  [38;2;54;234;195mmemory: 58.00GiB(73.01%)  [34mtps: 119  [36mtflops: 5.73  [35mmfu: 0.58%[39m
[rank0]:[titan] 2026-03-17 13:45:03,708 - root - WARNING - Dataset c4_test is being re-looped
[rank0]:[titan] 2026-03-17 13:45:20,908 - root - INFO - [31mstep: 635  [32mloss:  2.8409  [38;2;180;60;0mgrad_norm:  1.6444  [38;2;54;234;195mmemory: 58.00GiB(73.01%)  [34mtps: 119  [36mtflops: 5.74  [35mmfu: 0.58%[39m
[rank0]:[titan] 2026-03-17 13:45:38,064 - root - INFO - [31mstep: 636  [32mloss:  2.8070  [38;2;180;60;0mgrad_norm:  3.0684  [38;2;54;234;195mmemory: 58.00GiB(73.01%)  [34mtps: 119  [36mtflops: 5.75  [35mmfu: 0.58%[39m
[rank0]:[titan] 2026-03-17 13:45:55,214 - root - INFO - [31mstep: 637  [32mloss:  2.8369  [38;2;180;60;0mgrad_norm:  3.7085  [38;2;54;234;195mmemory: 58.00GiB(73.01%)  [34mtps: 119  [36mtflops: 5.75  [35mmfu: 0.58%[39m
[rank0]:[titan] 2026-03-17 13:46:12,378 - root - INFO - [31mstep: 638  [32mloss:  2.8109  [38;2;180;60;0mgrad_norm:  2.8373  [38;2;54;234;195mmemory: 58.00GiB(73.01%)  [34mtps: 119  [36mtflops: 5.75  [35mmfu: 0.58%[39m
[rank0]:[titan] 2026-03-17 13:46:29,360 - root - INFO - [31mstep: 639  [32mloss:  2.7623  [38;2;180;60;0mgrad_norm:  2.2124  [38;2;54;234;195mmemory: 58.00GiB(73.01%)  [34mtps: 121  [36mtflops: 5.81  [35mmfu: 0.59%[39m
[rank0]:[titan] 2026-03-17 13:46:46,614 - root - INFO - [31mstep: 640  [32mloss:  2.7562  [38;2;180;60;0mgrad_norm:  2.5953  [38;2;54;234;195mmemory: 58.00GiB(73.01%)  [34mtps: 119  [36mtflops: 5.72  [35mmfu: 0.58%[39m
[rank0]:[titan] 2026-03-17 13:47:03,775 - root - INFO - [31mstep: 641  [32mloss:  2.7557  [38;2;180;60;0mgrad_norm:  1.8657  [38;2;54;234;195mmemory: 58.00GiB(73.01%)  [34mtps: 119  [36mtflops: 5.75  [35mmfu: 0.58%[39m
[rank0]:[titan] 2026-03-17 13:47:20,756 - root - INFO - [31mstep: 642  [32mloss:  2.7516  [38;2;180;60;0mgrad_norm:  2.3710  [38;2;54;234;195mmemory: 58.00GiB(73.01%)  [34mtps: 121  [36mtflops: 5.81  [35mmfu: 0.59%[39m
[rank0]:[titan] 2026-03-17 13:47:37,983 - root - INFO - [31mstep: 643  [32mloss:  2.8270  [38;2;180;60;0mgrad_norm:  2.4955  [38;2;54;234;195mmemory: 58.00GiB(73.01%)  [34mtps: 119  [36mtflops: 5.73  [35mmfu: 0.58%[39m
[rank0]:[titan] 2026-03-17 13:47:55,139 - root - INFO - [31mstep: 644  [32mloss:  2.7407  [38;2;180;60;0mgrad_norm:  1.6288  [38;2;54;234;195mmemory: 58.00GiB(73.01%)  [34mtps: 119  [36mtflops: 5.75  [35mmfu: 0.58%[39m
[rank0]:[titan] 2026-03-17 13:48:12,232 - root - INFO - [31mstep: 645  [32mloss:  2.7164  [38;2;180;60;0mgrad_norm:  1.9252  [38;2;54;234;195mmemory: 58.00GiB(73.01%)  [34mtps: 120  [36mtflops: 5.77  [35mmfu: 0.58%[39m
[rank0]:[titan] 2026-03-17 13:48:29,395 - root - INFO - [31mstep: 646  [32mloss:  2.7540  [38;2;180;60;0mgrad_norm:  1.9131  [38;2;54;234;195mmemory: 58.00GiB(73.01%)  [34mtps: 119  [36mtflops: 5.75  [35mmfu: 0.58%[39m
[rank0]:[titan] 2026-03-17 13:48:46,576 - root - INFO - [31mstep: 647  [32mloss:  2.7677  [38;2;180;60;0mgrad_norm:  1.7111  [38;2;54;234;195mmemory: 58.00GiB(73.01%)  [34mtps: 119  [36mtflops: 5.74  [35mmfu: 0.58%[39m
[rank0]:[titan] 2026-03-17 13:49:03,762 - root - INFO - [31mstep: 648  [32mloss:  2.8343  [38;2;180;60;0mgrad_norm:  2.1139  [38;2;54;234;195mmemory: 58.00GiB(73.01%)  [34mtps: 119  [36mtflops: 5.74  [35mmfu: 0.58%[39m
[rank0]:[titan] 2026-03-17 13:49:20,917 - root - INFO - [31mstep: 649  [32mloss:  2.8652  [38;2;180;60;0mgrad_norm:  2.0571  [38;2;54;234;195mmemory: 58.00GiB(73.01%)  [34mtps: 119  [36mtflops: 5.75  [35mmfu: 0.58%[39m
[rank0]:[titan] 2026-03-17 13:49:38,248 - root - INFO - [31mstep: 650  [32mloss:  2.8167  [38;2;180;60;0mgrad_norm:  1.8972  [38;2;54;234;195mmemory: 58.00GiB(73.01%)  [34mtps: 118  [36mtflops: 5.69  [35mmfu: 0.58%[39m
[rank0]:[titan] 2026-03-17 13:49:55,417 - root - INFO - [31mstep: 651  [32mloss:  2.7605  [38;2;180;60;0mgrad_norm:  2.2300  [38;2;54;234;195mmemory: 58.00GiB(73.01%)  [34mtps: 119  [36mtflops: 5.75  [35mmfu: 0.58%[39m
[rank0]:[titan] 2026-03-17 13:50:12,622 - root - INFO - [31mstep: 652  [32mloss:  2.7668  [38;2;180;60;0mgrad_norm:  1.9464  [38;2;54;234;195mmemory: 58.00GiB(73.01%)  [34mtps: 119  [36mtflops: 5.74  [35mmfu: 0.58%[39m
[rank0]:[titan] 2026-03-17 13:50:29,668 - root - INFO - [31mstep: 653  [32mloss:  2.8836  [38;2;180;60;0mgrad_norm:  2.3287  [38;2;54;234;195mmemory: 58.00GiB(73.01%)  [34mtps: 120  [36mtflops: 5.79  [35mmfu: 0.59%[39m
[rank0]:[titan] 2026-03-17 13:50:46,837 - root - INFO - [31mstep: 654  [32mloss:  2.7998  [38;2;180;60;0mgrad_norm:  2.4192  [38;2;54;234;195mmemory: 58.00GiB(73.01%)  [34mtps: 119  [36mtflops: 5.75  [35mmfu: 0.58%[39m
[rank0]:[titan] 2026-03-17 13:51:04,047 - root - INFO - [31mstep: 655  [32mloss:  2.8640  [38;2;180;60;0mgrad_norm:  2.7013  [38;2;54;234;195mmemory: 58.00GiB(73.01%)  [34mtps: 119  [36mtflops: 5.73  [35mmfu: 0.58%[39m
[rank0]:[titan] 2026-03-17 13:51:21,202 - root - INFO - [31mstep: 656  [32mloss:  2.8468  [38;2;180;60;0mgrad_norm:  2.1333  [38;2;54;234;195mmemory: 58.00GiB(73.01%)  [34mtps: 119  [36mtflops: 5.75  [35mmfu: 0.58%[39m
[rank0]:[titan] 2026-03-17 13:51:38,487 - root - INFO - [31mstep: 657  [32mloss:  2.8239  [38;2;180;60;0mgrad_norm:  2.1989  [38;2;54;234;195mmemory: 58.00GiB(73.01%)  [34mtps: 118  [36mtflops: 5.71  [35mmfu: 0.58%[39m
[rank0]:[titan] 2026-03-17 13:51:55,591 - root - INFO - [31mstep: 658  [32mloss:  2.7787  [38;2;180;60;0mgrad_norm:  2.4242  [38;2;54;234;195mmemory: 58.00GiB(73.01%)  [34mtps: 120  [36mtflops: 5.77  [35mmfu: 0.58%[39m
[rank0]:[titan] 2026-03-17 13:52:12,563 - root - INFO - [31mstep: 659  [32mloss:  2.8082  [38;2;180;60;0mgrad_norm:  1.9709  [38;2;54;234;195mmemory: 58.00GiB(73.01%)  [34mtps: 121  [36mtflops: 5.81  [35mmfu: 0.59%[39m
[rank0]:[titan] 2026-03-17 13:52:29,746 - root - INFO - [31mstep: 660  [32mloss:  2.8035  [38;2;180;60;0mgrad_norm:  2.3830  [38;2;54;234;195mmemory: 58.00GiB(73.01%)  [34mtps: 119  [36mtflops: 5.74  [35mmfu: 0.58%[39m
[rank0]:[titan] 2026-03-17 13:52:46,883 - root - INFO - [31mstep: 661  [32mloss:  2.7697  [38;2;180;60;0mgrad_norm:  2.0867  [38;2;54;234;195mmemory: 58.00GiB(73.01%)  [34mtps: 120  [36mtflops: 5.76  [35mmfu: 0.58%[39m
[rank0]:[titan] 2026-03-17 13:53:04,077 - root - INFO - [31mstep: 662  [32mloss:  2.7785  [38;2;180;60;0mgrad_norm:  1.9320  [38;2;54;234;195mmemory: 58.00GiB(73.01%)  [34mtps: 119  [36mtflops: 5.74  [35mmfu: 0.58%[39m
[rank0]:[titan] 2026-03-17 13:53:21,348 - root - INFO - [31mstep: 663  [32mloss:  2.8103  [38;2;180;60;0mgrad_norm:  2.2694  [38;2;54;234;195mmemory: 58.00GiB(73.01%)  [34mtps: 119  [36mtflops: 5.71  [35mmfu: 0.58%[39m
[rank0]:[titan] 2026-03-17 13:53:38,421 - root - INFO - [31mstep: 664  [32mloss:  2.8021  [38;2;180;60;0mgrad_norm:  2.4034  [38;2;54;234;195mmemory: 58.00GiB(73.01%)  [34mtps: 120  [36mtflops: 5.78  [35mmfu: 0.58%[39m
[rank0]:[titan] 2026-03-17 13:53:55,647 - root - INFO - [31mstep: 665  [32mloss:  2.8613  [38;2;180;60;0mgrad_norm:  1.5838  [38;2;54;234;195mmemory: 58.00GiB(73.01%)  [34mtps: 119  [36mtflops: 5.73  [35mmfu: 0.58%[39m
[rank0]:[titan] 2026-03-17 13:54:12,837 - root - INFO - [31mstep: 666  [32mloss:  2.8228  [38;2;180;60;0mgrad_norm:  2.6148  [38;2;54;234;195mmemory: 58.00GiB(73.01%)  [34mtps: 119  [36mtflops: 5.74  [35mmfu: 0.58%[39m
[rank0]:[titan] 2026-03-17 13:54:30,110 - root - INFO - [31mstep: 667  [32mloss:  2.7847  [38;2;180;60;0mgrad_norm:  2.2086  [38;2;54;234;195mmemory: 58.00GiB(73.01%)  [34mtps: 119  [36mtflops: 5.71  [35mmfu: 0.58%[39m
[rank0]:[titan] 2026-03-17 13:54:47,333 - root - INFO - [31mstep: 668  [32mloss:  2.8302  [38;2;180;60;0mgrad_norm:  2.7189  [38;2;54;234;195mmemory: 58.00GiB(73.01%)  [34mtps: 119  [36mtflops: 5.73  [35mmfu: 0.58%[39m
[rank0]:[titan] 2026-03-17 13:55:04,615 - root - INFO - [31mstep: 669  [32mloss:  2.7862  [38;2;180;60;0mgrad_norm:  2.3705  [38;2;54;234;195mmemory: 58.00GiB(73.01%)  [34mtps: 119  [36mtflops: 5.71  [35mmfu: 0.58%[39m
[rank0]:[titan] 2026-03-17 13:55:21,764 - root - INFO - [31mstep: 670  [32mloss:  2.7933  [38;2;180;60;0mgrad_norm:  2.9562  [38;2;54;234;195mmemory: 58.00GiB(73.01%)  [34mtps: 119  [36mtflops: 5.75  [35mmfu: 0.58%[39m
[rank0]:[titan] 2026-03-17 13:55:39,022 - root - INFO - [31mstep: 671  [32mloss:  2.7996  [38;2;180;60;0mgrad_norm:  2.4523  [38;2;54;234;195mmemory: 58.00GiB(73.01%)  [34mtps: 119  [36mtflops: 5.72  [35mmfu: 0.58%[39m
[rank0]:[titan] 2026-03-17 13:55:56,039 - root - INFO - [31mstep: 672  [32mloss:  2.7678  [38;2;180;60;0mgrad_norm:  2.2313  [38;2;54;234;195mmemory: 58.00GiB(73.01%)  [34mtps: 120  [36mtflops: 5.80  [35mmfu: 0.59%[39m
[rank0]:[titan] 2026-03-17 13:56:13,522 - root - INFO - [31mstep: 673  [32mloss:  2.7976  [38;2;180;60;0mgrad_norm:  2.0310  [38;2;54;234;195mmemory: 58.00GiB(73.01%)  [34mtps: 117  [36mtflops: 5.64  [35mmfu: 0.57%[39m
[rank0]:[titan] 2026-03-17 13:56:30,767 - root - INFO - [31mstep: 674  [32mloss:  2.7792  [38;2;180;60;0mgrad_norm:  2.4496  [38;2;54;234;195mmemory: 58.00GiB(73.01%)  [34mtps: 119  [36mtflops: 5.72  [35mmfu: 0.58%[39m
[rank0]:[titan] 2026-03-17 13:56:47,902 - root - INFO - [31mstep: 675  [32mloss:  2.8158  [38;2;180;60;0mgrad_norm:  2.1611  [38;2;54;234;195mmemory: 58.00GiB(73.01%)  [34mtps: 120  [36mtflops: 5.76  [35mmfu: 0.58%[39m
[rank0]:[titan] 2026-03-17 13:57:05,058 - root - INFO - [31mstep: 676  [32mloss:  2.7270  [38;2;180;60;0mgrad_norm:  2.9392  [38;2;54;234;195mmemory: 58.00GiB(73.01%)  [34mtps: 119  [36mtflops: 5.75  [35mmfu: 0.58%[39m
[rank0]:[titan] 2026-03-17 13:57:22,098 - root - INFO - [31mstep: 677  [32mloss:  2.7570  [38;2;180;60;0mgrad_norm:  1.7018  [38;2;54;234;195mmemory: 58.00GiB(73.01%)  [34mtps: 120  [36mtflops: 5.79  [35mmfu: 0.59%[39m
[rank0]:[titan] 2026-03-17 13:57:39,263 - root - INFO - [31mstep: 678  [32mloss:  2.8360  [38;2;180;60;0mgrad_norm:  2.9774  [38;2;54;234;195mmemory: 58.00GiB(73.01%)  [34mtps: 119  [36mtflops: 5.75  [35mmfu: 0.58%[39m
[rank0]:[titan] 2026-03-17 13:57:56,424 - root - INFO - [31mstep: 679  [32mloss:  2.7201  [38;2;180;60;0mgrad_norm:  2.3284  [38;2;54;234;195mmemory: 58.00GiB(73.01%)  [34mtps: 119  [36mtflops: 5.75  [35mmfu: 0.58%[39m
[rank0]:[titan] 2026-03-17 13:58:13,694 - root - INFO - [31mstep: 680  [32mloss:  2.7940  [38;2;180;60;0mgrad_norm:  1.8483  [38;2;54;234;195mmemory: 58.00GiB(73.01%)  [34mtps: 119  [36mtflops: 5.71  [35mmfu: 0.58%[39m
[rank0]:[titan] 2026-03-17 13:58:30,848 - root - INFO - [31mstep: 681  [32mloss:  2.7612  [38;2;180;60;0mgrad_norm:  2.1893  [38;2;54;234;195mmemory: 58.00GiB(73.01%)  [34mtps: 119  [36mtflops: 5.75  [35mmfu: 0.58%[39m
[rank0]:[titan] 2026-03-17 13:58:47,907 - root - INFO - [31mstep: 682  [32mloss:  2.7287  [38;2;180;60;0mgrad_norm:  1.8093  [38;2;54;234;195mmemory: 58.00GiB(73.01%)  [34mtps: 120  [36mtflops: 5.78  [35mmfu: 0.58%[39m
[rank0]:[titan] 2026-03-17 13:59:05,067 - root - INFO - [31mstep: 683  [32mloss:  2.7050  [38;2;180;60;0mgrad_norm:  2.9640  [38;2;54;234;195mmemory: 58.00GiB(73.01%)  [34mtps: 119  [36mtflops: 5.75  [35mmfu: 0.58%[39m
[rank0]:[titan] 2026-03-17 13:59:22,319 - root - INFO - [31mstep: 684  [32mloss:  2.7138  [38;2;180;60;0mgrad_norm:  1.7333  [38;2;54;234;195mmemory: 58.00GiB(73.01%)  [34mtps: 119  [36mtflops: 5.72  [35mmfu: 0.58%[39m
[rank0]:[titan] 2026-03-17 13:59:39,540 - root - INFO - [31mstep: 685  [32mloss:  2.7142  [38;2;180;60;0mgrad_norm:  2.5304  [38;2;54;234;195mmemory: 58.00GiB(73.01%)  [34mtps: 119  [36mtflops: 5.73  [35mmfu: 0.58%[39m
[rank0]:[titan] 2026-03-17 13:59:56,810 - root - INFO - [31mstep: 686  [32mloss:  2.6787  [38;2;180;60;0mgrad_norm:  3.0000  [38;2;54;234;195mmemory: 58.00GiB(73.01%)  [34mtps: 119  [36mtflops: 5.71  [35mmfu: 0.58%[39m
[rank0]:[titan] 2026-03-17 14:00:13,924 - root - INFO - [31mstep: 687  [32mloss:  2.6932  [38;2;180;60;0mgrad_norm:  1.8880  [38;2;54;234;195mmemory: 58.00GiB(73.01%)  [34mtps: 120  [36mtflops: 5.77  [35mmfu: 0.58%[39m
[rank0]:[titan] 2026-03-17 14:00:31,124 - root - INFO - [31mstep: 688  [32mloss:  2.7101  [38;2;180;60;0mgrad_norm:  3.0505  [38;2;54;234;195mmemory: 58.00GiB(73.01%)  [34mtps: 119  [36mtflops: 5.74  [35mmfu: 0.58%[39m
[rank0]:[titan] 2026-03-17 14:00:48,290 - root - INFO - [31mstep: 689  [32mloss:  2.7828  [38;2;180;60;0mgrad_norm:  2.4517  [38;2;54;234;195mmemory: 58.00GiB(73.01%)  [34mtps: 119  [36mtflops: 5.75  [35mmfu: 0.58%[39m
[rank0]:[titan] 2026-03-17 14:01:05,459 - root - INFO - [31mstep: 690  [32mloss:  2.6916  [38;2;180;60;0mgrad_norm:  2.7277  [38;2;54;234;195mmemory: 58.00GiB(73.01%)  [34mtps: 119  [36mtflops: 5.75  [35mmfu: 0.58%[39m
[rank0]:[titan] 2026-03-17 14:01:22,796 - root - INFO - [31mstep: 691  [32mloss:  2.6901  [38;2;180;60;0mgrad_norm:  2.7733  [38;2;54;234;195mmemory: 58.00GiB(73.01%)  [34mtps: 118  [36mtflops: 5.69  [35mmfu: 0.58%[39m
[rank0]:[titan] 2026-03-17 14:01:39,940 - root - INFO - [31mstep: 692  [32mloss:  2.7224  [38;2;180;60;0mgrad_norm:  2.5252  [38;2;54;234;195mmemory: 58.00GiB(73.01%)  [34mtps: 119  [36mtflops: 5.76  [35mmfu: 0.58%[39m
[rank0]:[titan] 2026-03-17 14:01:57,384 - root - INFO - [31mstep: 693  [32mloss:  2.7564  [38;2;180;60;0mgrad_norm:  2.2601  [38;2;54;234;195mmemory: 58.00GiB(73.01%)  [34mtps: 117  [36mtflops: 5.66  [35mmfu: 0.57%[39m
[rank0]:[titan] 2026-03-17 14:02:14,726 - root - INFO - [31mstep: 694  [32mloss:  2.7516  [38;2;180;60;0mgrad_norm:  2.8986  [38;2;54;234;195mmemory: 58.00GiB(73.01%)  [34mtps: 118  [36mtflops: 5.69  [35mmfu: 0.58%[39m
[rank0]:[titan] 2026-03-17 14:02:31,953 - root - INFO - [31mstep: 695  [32mloss:  2.7578  [38;2;180;60;0mgrad_norm:  3.6275  [38;2;54;234;195mmemory: 58.00GiB(73.01%)  [34mtps: 119  [36mtflops: 5.73  [35mmfu: 0.58%[39m
[rank0]:[titan] 2026-03-17 14:02:49,256 - root - INFO - [31mstep: 696  [32mloss:  2.6894  [38;2;180;60;0mgrad_norm:  2.0654  [38;2;54;234;195mmemory: 58.00GiB(73.01%)  [34mtps: 118  [36mtflops: 5.70  [35mmfu: 0.58%[39m
[rank0]:[titan] 2026-03-17 14:03:06,539 - root - INFO - [31mstep: 697  [32mloss:  2.7067  [38;2;180;60;0mgrad_norm:  2.3357  [38;2;54;234;195mmemory: 58.00GiB(73.01%)  [34mtps: 119  [36mtflops: 5.71  [35mmfu: 0.58%[39m
[rank0]:[titan] 2026-03-17 14:03:23,766 - root - INFO - [31mstep: 698  [32mloss:  2.7193  [38;2;180;60;0mgrad_norm:  2.1979  [38;2;54;234;195mmemory: 58.00GiB(73.01%)  [34mtps: 119  [36mtflops: 5.73  [35mmfu: 0.58%[39m
[rank0]:[titan] 2026-03-17 14:03:40,963 - root - INFO - [31mstep: 699  [32mloss:  2.6911  [38;2;180;60;0mgrad_norm:  2.4134  [38;2;54;234;195mmemory: 58.00GiB(73.01%)  [34mtps: 119  [36mtflops: 5.74  [35mmfu: 0.58%[39m
[rank0]:[titan] 2026-03-17 14:03:58,028 - root - INFO - [31mstep: 700  [32mloss:  2.7089  [38;2;180;60;0mgrad_norm:  2.4186  [38;2;54;234;195mmemory: 58.00GiB(73.01%)  [34mtps: 120  [36mtflops: 5.78  [35mmfu: 0.58%[39m
[rank0]:[titan] 2026-03-17 14:04:15,161 - root - INFO - [31mstep: 701  [32mloss:  2.7604  [38;2;180;60;0mgrad_norm:  1.7316  [38;2;54;234;195mmemory: 58.00GiB(73.01%)  [34mtps: 120  [36mtflops: 5.76  [35mmfu: 0.58%[39m
[rank0]:[titan] 2026-03-17 14:04:32,320 - root - INFO - [31mstep: 702  [32mloss:  2.7842  [38;2;180;60;0mgrad_norm:  1.9894  [38;2;54;234;195mmemory: 58.00GiB(73.01%)  [34mtps: 119  [36mtflops: 5.75  [35mmfu: 0.58%[39m
[rank0]:[titan] 2026-03-17 14:04:49,558 - root - INFO - [31mstep: 703  [32mloss:  2.8089  [38;2;180;60;0mgrad_norm:  2.5227  [38;2;54;234;195mmemory: 58.00GiB(73.01%)  [34mtps: 119  [36mtflops: 5.72  [35mmfu: 0.58%[39m
[rank0]:[titan] 2026-03-17 14:05:06,780 - root - INFO - [31mstep: 704  [32mloss:  2.7149  [38;2;180;60;0mgrad_norm:  1.6149  [38;2;54;234;195mmemory: 58.00GiB(73.01%)  [34mtps: 119  [36mtflops: 5.73  [35mmfu: 0.58%[39m
[rank0]:[titan] 2026-03-17 14:05:24,054 - root - INFO - [31mstep: 705  [32mloss:  2.8992  [38;2;180;60;0mgrad_norm:  2.3509  [38;2;54;234;195mmemory: 58.00GiB(73.01%)  [34mtps: 119  [36mtflops: 5.71  [35mmfu: 0.58%[39m
[rank0]:[titan] 2026-03-17 14:05:41,257 - root - INFO - [31mstep: 706  [32mloss:  2.9109  [38;2;180;60;0mgrad_norm:  2.2704  [38;2;54;234;195mmemory: 58.00GiB(73.01%)  [34mtps: 119  [36mtflops: 5.74  [35mmfu: 0.58%[39m
[rank0]:[titan] 2026-03-17 14:05:58,420 - root - INFO - [31mstep: 707  [32mloss:  2.8298  [38;2;180;60;0mgrad_norm:  2.5140  [38;2;54;234;195mmemory: 58.00GiB(73.01%)  [34mtps: 119  [36mtflops: 5.75  [35mmfu: 0.58%[39m
[rank0]:[titan] 2026-03-17 14:06:15,717 - root - INFO - [31mstep: 708  [32mloss:  2.7872  [38;2;180;60;0mgrad_norm:  2.1273  [38;2;54;234;195mmemory: 58.00GiB(73.01%)  [34mtps: 118  [36mtflops: 5.70  [35mmfu: 0.58%[39m
[rank0]:[titan] 2026-03-17 14:06:32,986 - root - INFO - [31mstep: 709  [32mloss:  2.7338  [38;2;180;60;0mgrad_norm:  1.9752  [38;2;54;234;195mmemory: 58.00GiB(73.01%)  [34mtps: 119  [36mtflops: 5.71  [35mmfu: 0.58%[39m
[rank0]:[titan] 2026-03-17 14:06:50,276 - root - INFO - [31mstep: 710  [32mloss:  2.8046  [38;2;180;60;0mgrad_norm:  2.5901  [38;2;54;234;195mmemory: 58.00GiB(73.01%)  [34mtps: 118  [36mtflops: 5.71  [35mmfu: 0.58%[39m
[rank0]:[titan] 2026-03-17 14:07:07,654 - root - INFO - [31mstep: 711  [32mloss:  2.8116  [38;2;180;60;0mgrad_norm:  2.0465  [38;2;54;234;195mmemory: 58.00GiB(73.01%)  [34mtps: 118  [36mtflops: 5.68  [35mmfu: 0.57%[39m
[rank0]:[titan] 2026-03-17 14:07:24,940 - root - INFO - [31mstep: 712  [32mloss:  2.7894  [38;2;180;60;0mgrad_norm:  1.8819  [38;2;54;234;195mmemory: 58.00GiB(73.01%)  [34mtps: 118  [36mtflops: 5.71  [35mmfu: 0.58%[39m
[rank0]:[titan] 2026-03-17 14:07:42,282 - root - INFO - [31mstep: 713  [32mloss:  2.7438  [38;2;180;60;0mgrad_norm:  2.3785  [38;2;54;234;195mmemory: 58.00GiB(73.01%)  [34mtps: 118  [36mtflops: 5.69  [35mmfu: 0.58%[39m
[rank0]:[titan] 2026-03-17 14:07:59,763 - root - INFO - [31mstep: 714  [32mloss:  2.7618  [38;2;180;60;0mgrad_norm:  1.7204  [38;2;54;234;195mmemory: 58.00GiB(73.01%)  [34mtps: 117  [36mtflops: 5.64  [35mmfu: 0.57%[39m
[rank0]:[titan] 2026-03-17 14:08:17,007 - root - INFO - [31mstep: 715  [32mloss:  2.8089  [38;2;180;60;0mgrad_norm:  2.0511  [38;2;54;234;195mmemory: 58.00GiB(73.01%)  [34mtps: 119  [36mtflops: 5.72  [35mmfu: 0.58%[39m
[rank0]:[titan] 2026-03-17 14:08:34,031 - root - INFO - [31mstep: 716  [32mloss:  2.8000  [38;2;180;60;0mgrad_norm:  2.0935  [38;2;54;234;195mmemory: 58.00GiB(73.01%)  [34mtps: 120  [36mtflops: 5.80  [35mmfu: 0.59%[39m
[rank0]:[titan] 2026-03-17 14:08:51,154 - root - INFO - [31mstep: 717  [32mloss:  2.7725  [38;2;180;60;0mgrad_norm:  2.2250  [38;2;54;234;195mmemory: 58.00GiB(73.01%)  [34mtps: 120  [36mtflops: 5.76  [35mmfu: 0.58%[39m
[rank0]:[titan] 2026-03-17 14:09:08,443 - root - INFO - [31mstep: 718  [32mloss:  2.7225  [38;2;180;60;0mgrad_norm:  2.3863  [38;2;54;234;195mmemory: 58.00GiB(73.01%)  [34mtps: 118  [36mtflops: 5.71  [35mmfu: 0.58%[39m
[rank0]:[titan] 2026-03-17 14:09:25,722 - root - INFO - [31mstep: 719  [32mloss:  2.7595  [38;2;180;60;0mgrad_norm:  2.0007  [38;2;54;234;195mmemory: 58.00GiB(73.01%)  [34mtps: 119  [36mtflops: 5.71  [35mmfu: 0.58%[39m
[rank0]:[titan] 2026-03-17 14:09:42,819 - root - INFO - [31mstep: 720  [32mloss:  2.7161  [38;2;180;60;0mgrad_norm:  2.1622  [38;2;54;234;195mmemory: 58.00GiB(73.01%)  [34mtps: 120  [36mtflops: 5.77  [35mmfu: 0.58%[39m
[rank0]:[titan] 2026-03-17 14:10:00,024 - root - INFO - [31mstep: 721  [32mloss:  2.8170  [38;2;180;60;0mgrad_norm:  2.3887  [38;2;54;234;195mmemory: 58.00GiB(73.01%)  [34mtps: 119  [36mtflops: 5.74  [35mmfu: 0.58%[39m
[rank0]:[titan] 2026-03-17 14:10:17,172 - root - INFO - [31mstep: 722  [32mloss:  2.7656  [38;2;180;60;0mgrad_norm:  2.0701  [38;2;54;234;195mmemory: 58.00GiB(73.01%)  [34mtps: 119  [36mtflops: 5.75  [35mmfu: 0.58%[39m
[rank0]:[titan] 2026-03-17 14:10:34,337 - root - INFO - [31mstep: 723  [32mloss:  2.7475  [38;2;180;60;0mgrad_norm:  1.8664  [38;2;54;234;195mmemory: 58.00GiB(73.01%)  [34mtps: 119  [36mtflops: 5.75  [35mmfu: 0.58%[39m
[rank0]:[titan] 2026-03-17 14:10:51,518 - root - INFO - [31mstep: 724  [32mloss:  2.7943  [38;2;180;60;0mgrad_norm:  2.0404  [38;2;54;234;195mmemory: 58.00GiB(73.01%)  [34mtps: 119  [36mtflops: 5.74  [35mmfu: 0.58%[39m
[rank0]:[titan] 2026-03-17 14:11:08,671 - root - INFO - [31mstep: 725  [32mloss:  2.7666  [38;2;180;60;0mgrad_norm:  1.8272  [38;2;54;234;195mmemory: 58.00GiB(73.01%)  [34mtps: 119  [36mtflops: 5.75  [35mmfu: 0.58%[39m
[rank0]:[titan] 2026-03-17 14:11:26,121 - root - INFO - [31mstep: 726  [32mloss:  2.8699  [38;2;180;60;0mgrad_norm:  1.7546  [38;2;54;234;195mmemory: 58.00GiB(73.01%)  [34mtps: 117  [36mtflops: 5.65  [35mmfu: 0.57%[39m
[rank0]:[titan] 2026-03-17 14:11:43,371 - root - INFO - [31mstep: 727  [32mloss:  2.7416  [38;2;180;60;0mgrad_norm:  1.5345  [38;2;54;234;195mmemory: 58.00GiB(73.01%)  [34mtps: 119  [36mtflops: 5.72  [35mmfu: 0.58%[39m
[rank0]:[titan] 2026-03-17 14:12:00,477 - root - INFO - [31mstep: 728  [32mloss:  2.7499  [38;2;180;60;0mgrad_norm:  1.9233  [38;2;54;234;195mmemory: 58.00GiB(73.01%)  [34mtps: 120  [36mtflops: 5.77  [35mmfu: 0.58%[39m
[rank0]:[titan] 2026-03-17 14:12:17,657 - root - INFO - [31mstep: 729  [32mloss:  2.7894  [38;2;180;60;0mgrad_norm:  1.5635  [38;2;54;234;195mmemory: 58.00GiB(73.01%)  [34mtps: 119  [36mtflops: 5.74  [35mmfu: 0.58%[39m
[rank0]:[titan] 2026-03-17 14:12:34,898 - root - INFO - [31mstep: 730  [32mloss:  2.7679  [38;2;180;60;0mgrad_norm:  1.9829  [38;2;54;234;195mmemory: 58.00GiB(73.01%)  [34mtps: 119  [36mtflops: 5.72  [35mmfu: 0.58%[39m
[rank0]:[titan] 2026-03-17 14:12:52,160 - root - INFO - [31mstep: 731  [32mloss:  2.7540  [38;2;180;60;0mgrad_norm:  1.8928  [38;2;54;234;195mmemory: 58.00GiB(73.01%)  [34mtps: 119  [36mtflops: 5.72  [35mmfu: 0.58%[39m
[rank0]:[titan] 2026-03-17 14:13:09,181 - root - INFO - [31mstep: 732  [32mloss:  2.7398  [38;2;180;60;0mgrad_norm:  1.8598  [38;2;54;234;195mmemory: 58.00GiB(73.01%)  [34mtps: 120  [36mtflops: 5.80  [35mmfu: 0.59%[39m
[rank0]:[titan] 2026-03-17 14:13:26,370 - root - INFO - [31mstep: 733  [32mloss:  2.7260  [38;2;180;60;0mgrad_norm:  2.3257  [38;2;54;234;195mmemory: 58.00GiB(73.01%)  [34mtps: 119  [36mtflops: 5.74  [35mmfu: 0.58%[39m
[rank0]:[titan] 2026-03-17 14:13:43,587 - root - INFO - [31mstep: 734  [32mloss:  2.7438  [38;2;180;60;0mgrad_norm:  1.6245  [38;2;54;234;195mmemory: 58.00GiB(73.01%)  [34mtps: 119  [36mtflops: 5.73  [35mmfu: 0.58%[39m
[rank0]:[titan] 2026-03-17 14:14:00,784 - root - INFO - [31mstep: 735  [32mloss:  2.7657  [38;2;180;60;0mgrad_norm:  1.8891  [38;2;54;234;195mmemory: 58.00GiB(73.01%)  [34mtps: 119  [36mtflops: 5.74  [35mmfu: 0.58%[39m
[rank0]:[titan] 2026-03-17 14:14:18,039 - root - INFO - [31mstep: 736  [32mloss:  2.7880  [38;2;180;60;0mgrad_norm:  1.6126  [38;2;54;234;195mmemory: 58.00GiB(73.01%)  [34mtps: 119  [36mtflops: 5.72  [35mmfu: 0.58%[39m
[rank0]:[titan] 2026-03-17 14:14:35,237 - root - INFO - [31mstep: 737  [32mloss:  2.7810  [38;2;180;60;0mgrad_norm:  2.5521  [38;2;54;234;195mmemory: 58.00GiB(73.01%)  [34mtps: 119  [36mtflops: 5.74  [35mmfu: 0.58%[39m
[rank0]:[titan] 2026-03-17 14:14:52,479 - root - INFO - [31mstep: 738  [32mloss:  2.7922  [38;2;180;60;0mgrad_norm:  1.8725  [38;2;54;234;195mmemory: 58.00GiB(73.01%)  [34mtps: 119  [36mtflops: 5.72  [35mmfu: 0.58%[39m
[rank0]:[titan] 2026-03-17 14:15:09,851 - root - INFO - [31mstep: 739  [32mloss:  2.7502  [38;2;180;60;0mgrad_norm:  2.2806  [38;2;54;234;195mmemory: 58.00GiB(73.01%)  [34mtps: 118  [36mtflops: 5.68  [35mmfu: 0.57%[39m
[rank0]:[titan] 2026-03-17 14:15:27,076 - root - INFO - [31mstep: 740  [32mloss:  2.7424  [38;2;180;60;0mgrad_norm:  1.8909  [38;2;54;234;195mmemory: 58.00GiB(73.01%)  [34mtps: 119  [36mtflops: 5.73  [35mmfu: 0.58%[39m
[rank0]:[titan] 2026-03-17 14:15:43,972 - root - INFO - [31mstep: 741  [32mloss:  2.7666  [38;2;180;60;0mgrad_norm:  2.8001  [38;2;54;234;195mmemory: 58.00GiB(73.01%)  [34mtps: 121  [36mtflops: 5.84  [35mmfu: 0.59%[39m
[rank0]:[titan] 2026-03-17 14:16:01,279 - root - INFO - [31mstep: 742  [32mloss:  2.7282  [38;2;180;60;0mgrad_norm:  1.8124  [38;2;54;234;195mmemory: 58.00GiB(73.01%)  [34mtps: 118  [36mtflops: 5.70  [35mmfu: 0.58%[39m
[rank0]:[titan] 2026-03-17 14:16:18,267 - root - INFO - [31mstep: 743  [32mloss:  2.7105  [38;2;180;60;0mgrad_norm:  1.8243  [38;2;54;234;195mmemory: 58.00GiB(73.01%)  [34mtps: 121  [36mtflops: 5.81  [35mmfu: 0.59%[39m
[rank0]:[titan] 2026-03-17 14:16:35,625 - root - INFO - [31mstep: 744  [32mloss:  2.7635  [38;2;180;60;0mgrad_norm:  2.4009  [38;2;54;234;195mmemory: 58.00GiB(73.01%)  [34mtps: 118  [36mtflops: 5.68  [35mmfu: 0.57%[39m
[rank0]:[titan] 2026-03-17 14:16:52,921 - root - INFO - [31mstep: 745  [32mloss:  2.8330  [38;2;180;60;0mgrad_norm:  1.9980  [38;2;54;234;195mmemory: 58.00GiB(73.01%)  [34mtps: 118  [36mtflops: 5.71  [35mmfu: 0.58%[39m
[rank0]:[titan] 2026-03-17 14:17:10,224 - root - INFO - [31mstep: 746  [32mloss:  2.7792  [38;2;180;60;0mgrad_norm:  1.7843  [38;2;54;234;195mmemory: 58.00GiB(73.01%)  [34mtps: 118  [36mtflops: 5.70  [35mmfu: 0.58%[39m
[rank0]:[titan] 2026-03-17 14:17:27,590 - root - INFO - [31mstep: 747  [32mloss:  2.7302  [38;2;180;60;0mgrad_norm:  1.6964  [38;2;54;234;195mmemory: 58.00GiB(73.01%)  [34mtps: 118  [36mtflops: 5.68  [35mmfu: 0.57%[39m
[rank0]:[titan] 2026-03-17 14:17:45,017 - root - INFO - [31mstep: 748  [32mloss:  2.7281  [38;2;180;60;0mgrad_norm:  2.7185  [38;2;54;234;195mmemory: 58.00GiB(73.01%)  [34mtps: 118  [36mtflops: 5.66  [35mmfu: 0.57%[39m
[rank0]:[titan] 2026-03-17 14:18:02,160 - root - INFO - [31mstep: 749  [32mloss:  2.7867  [38;2;180;60;0mgrad_norm:  2.2274  [38;2;54;234;195mmemory: 58.00GiB(73.01%)  [34mtps: 119  [36mtflops: 5.76  [35mmfu: 0.58%[39m
[rank0]:[titan] 2026-03-17 14:18:19,283 - root - INFO - [31mstep: 750  [32mloss:  2.8036  [38;2;180;60;0mgrad_norm:  3.5243  [38;2;54;234;195mmemory: 58.00GiB(73.01%)  [34mtps: 120  [36mtflops: 5.76  [35mmfu: 0.58%[39m
[rank0]:[titan] 2026-03-17 14:18:36,543 - root - INFO - [31mstep: 751  [32mloss:  2.7551  [38;2;180;60;0mgrad_norm:  2.6748  [38;2;54;234;195mmemory: 58.00GiB(73.01%)  [34mtps: 119  [36mtflops: 5.72  [35mmfu: 0.58%[39m
[rank0]:[titan] 2026-03-17 14:18:53,874 - root - INFO - [31mstep: 752  [32mloss:  2.7525  [38;2;180;60;0mgrad_norm:  3.2238  [38;2;54;234;195mmemory: 58.00GiB(73.01%)  [34mtps: 118  [36mtflops: 5.69  [35mmfu: 0.58%[39m
[rank0]:[titan] 2026-03-17 14:19:11,134 - root - INFO - [31mstep: 753  [32mloss:  2.8400  [38;2;180;60;0mgrad_norm:  2.5458  [38;2;54;234;195mmemory: 58.00GiB(73.01%)  [34mtps: 119  [36mtflops: 5.72  [35mmfu: 0.58%[39m
[rank0]:[titan] 2026-03-17 14:19:28,314 - root - INFO - [31mstep: 754  [32mloss:  2.7956  [38;2;180;60;0mgrad_norm:  3.7182  [38;2;54;234;195mmemory: 58.00GiB(73.01%)  [34mtps: 119  [36mtflops: 5.74  [35mmfu: 0.58%[39m
[rank0]:[titan] 2026-03-17 14:19:45,559 - root - INFO - [31mstep: 755  [32mloss:  2.8675  [38;2;180;60;0mgrad_norm:  3.8733  [38;2;54;234;195mmemory: 58.00GiB(73.01%)  [34mtps: 119  [36mtflops: 5.72  [35mmfu: 0.58%[39m
[rank0]:[titan] 2026-03-17 14:20:02,731 - root - INFO - [31mstep: 756  [32mloss:  2.8182  [38;2;180;60;0mgrad_norm:  2.9489  [38;2;54;234;195mmemory: 58.00GiB(73.01%)  [34mtps: 119  [36mtflops: 5.75  [35mmfu: 0.58%[39m
[rank0]:[titan] 2026-03-17 14:20:20,112 - root - INFO - [31mstep: 757  [32mloss:  2.8076  [38;2;180;60;0mgrad_norm:  3.2777  [38;2;54;234;195mmemory: 58.00GiB(73.01%)  [34mtps: 118  [36mtflops: 5.68  [35mmfu: 0.57%[39m
[rank0]:[titan] 2026-03-17 14:20:37,534 - root - INFO - [31mstep: 758  [32mloss:  2.7116  [38;2;180;60;0mgrad_norm:  2.8898  [38;2;54;234;195mmemory: 58.00GiB(73.01%)  [34mtps: 118  [36mtflops: 5.66  [35mmfu: 0.57%[39m
[rank0]:[titan] 2026-03-17 14:20:54,882 - root - INFO - [31mstep: 759  [32mloss:  2.8106  [38;2;180;60;0mgrad_norm:  2.8535  [38;2;54;234;195mmemory: 58.00GiB(73.01%)  [34mtps: 118  [36mtflops: 5.69  [35mmfu: 0.58%[39m
[rank0]:[titan] 2026-03-17 14:21:12,160 - root - INFO - [31mstep: 760  [32mloss:  2.7564  [38;2;180;60;0mgrad_norm:  2.3184  [38;2;54;234;195mmemory: 58.00GiB(73.01%)  [34mtps: 119  [36mtflops: 5.71  [35mmfu: 0.58%[39m
[rank0]:[titan] 2026-03-17 14:21:29,434 - root - INFO - [31mstep: 761  [32mloss:  2.7759  [38;2;180;60;0mgrad_norm:  2.2153  [38;2;54;234;195mmemory: 58.00GiB(73.01%)  [34mtps: 119  [36mtflops: 5.71  [35mmfu: 0.58%[39m
[rank0]:[titan] 2026-03-17 14:21:46,754 - root - INFO - [31mstep: 762  [32mloss:  2.7340  [38;2;180;60;0mgrad_norm:  3.1169  [38;2;54;234;195mmemory: 58.00GiB(73.01%)  [34mtps: 118  [36mtflops: 5.70  [35mmfu: 0.58%[39m
[rank0]:[titan] 2026-03-17 14:22:03,921 - root - INFO - [31mstep: 763  [32mloss:  2.7023  [38;2;180;60;0mgrad_norm:  1.9087  [38;2;54;234;195mmemory: 58.00GiB(73.01%)  [34mtps: 119  [36mtflops: 5.75  [35mmfu: 0.58%[39m
[rank0]:[titan] 2026-03-17 14:22:21,152 - root - INFO - [31mstep: 764  [32mloss:  2.7294  [38;2;180;60;0mgrad_norm:  2.9035  [38;2;54;234;195mmemory: 58.00GiB(73.01%)  [34mtps: 119  [36mtflops: 5.73  [35mmfu: 0.58%[39m
[rank0]:[titan] 2026-03-17 14:22:38,447 - root - INFO - [31mstep: 765  [32mloss:  2.7546  [38;2;180;60;0mgrad_norm:  2.3071  [38;2;54;234;195mmemory: 58.00GiB(73.01%)  [34mtps: 118  [36mtflops: 5.71  [35mmfu: 0.58%[39m
[rank0]:[titan] 2026-03-17 14:22:55,673 - root - INFO - [31mstep: 766  [32mloss:  2.8340  [38;2;180;60;0mgrad_norm:  2.5274  [38;2;54;234;195mmemory: 58.00GiB(73.01%)  [34mtps: 119  [36mtflops: 5.73  [35mmfu: 0.58%[39m
[rank0]:[titan] 2026-03-17 14:23:12,931 - root - INFO - [31mstep: 767  [32mloss:  2.7617  [38;2;180;60;0mgrad_norm:  2.6584  [38;2;54;234;195mmemory: 58.00GiB(73.01%)  [34mtps: 119  [36mtflops: 5.72  [35mmfu: 0.58%[39m
[rank0]:[titan] 2026-03-17 14:23:30,191 - root - INFO - [31mstep: 768  [32mloss:  2.7369  [38;2;180;60;0mgrad_norm:  1.9957  [38;2;54;234;195mmemory: 58.00GiB(73.01%)  [34mtps: 119  [36mtflops: 5.72  [35mmfu: 0.58%[39m
[rank0]:[titan] 2026-03-17 14:23:47,409 - root - INFO - [31mstep: 769  [32mloss:  2.7609  [38;2;180;60;0mgrad_norm:  3.3236  [38;2;54;234;195mmemory: 58.00GiB(73.01%)  [34mtps: 119  [36mtflops: 5.73  [35mmfu: 0.58%[39m
[rank0]:[titan] 2026-03-17 14:24:04,673 - root - INFO - [31mstep: 770  [32mloss:  2.7991  [38;2;180;60;0mgrad_norm:  3.7189  [38;2;54;234;195mmemory: 58.00GiB(73.01%)  [34mtps: 119  [36mtflops: 5.72  [35mmfu: 0.58%[39m
[rank0]:[titan] 2026-03-17 14:24:21,869 - root - INFO - [31mstep: 771  [32mloss:  2.7693  [38;2;180;60;0mgrad_norm:  2.2966  [38;2;54;234;195mmemory: 58.00GiB(73.01%)  [34mtps: 119  [36mtflops: 5.74  [35mmfu: 0.58%[39m
[rank0]:[titan] 2026-03-17 14:24:39,088 - root - INFO - [31mstep: 772  [32mloss:  2.7296  [38;2;180;60;0mgrad_norm:  1.8227  [38;2;54;234;195mmemory: 58.00GiB(73.01%)  [34mtps: 119  [36mtflops: 5.73  [35mmfu: 0.58%[39m
[rank0]:[titan] 2026-03-17 14:24:56,337 - root - INFO - [31mstep: 773  [32mloss:  2.7533  [38;2;180;60;0mgrad_norm:  2.8309  [38;2;54;234;195mmemory: 58.00GiB(73.01%)  [34mtps: 119  [36mtflops: 5.72  [35mmfu: 0.58%[39m
[rank0]:[titan] 2026-03-17 14:25:13,491 - root - INFO - [31mstep: 774  [32mloss:  2.6753  [38;2;180;60;0mgrad_norm:  2.8852  [38;2;54;234;195mmemory: 58.00GiB(73.01%)  [34mtps: 119  [36mtflops: 5.75  [35mmfu: 0.58%[39m
[rank0]:[titan] 2026-03-17 14:25:30,298 - root - INFO - [31mstep: 775  [32mloss:  2.7024  [38;2;180;60;0mgrad_norm:  1.9042  [38;2;54;234;195mmemory: 58.00GiB(73.01%)  [34mtps: 122  [36mtflops: 5.87  [35mmfu: 0.59%[39m
[rank0]:[titan] 2026-03-17 14:25:48,038 - root - INFO - [31mstep: 776  [32mloss:  2.7894  [38;2;180;60;0mgrad_norm:  2.5840  [38;2;54;234;195mmemory: 58.00GiB(73.01%)  [34mtps: 115  [36mtflops: 5.56  [35mmfu: 0.56%[39m
[rank0]:[titan] 2026-03-17 14:26:05,282 - root - INFO - [31mstep: 777  [32mloss:  2.7238  [38;2;180;60;0mgrad_norm:  2.6790  [38;2;54;234;195mmemory: 58.00GiB(73.01%)  [34mtps: 119  [36mtflops: 5.72  [35mmfu: 0.58%[39m
[rank0]:[titan] 2026-03-17 14:26:22,423 - root - INFO - [31mstep: 778  [32mloss:  2.6586  [38;2;180;60;0mgrad_norm:  2.2266  [38;2;54;234;195mmemory: 58.00GiB(73.01%)  [34mtps: 119  [36mtflops: 5.76  [35mmfu: 0.58%[39m
[rank0]:[titan] 2026-03-17 14:26:39,505 - root - INFO - [31mstep: 779  [32mloss:  2.7011  [38;2;180;60;0mgrad_norm:  2.0498  [38;2;54;234;195mmemory: 58.00GiB(73.01%)  [34mtps: 120  [36mtflops: 5.78  [35mmfu: 0.58%[39m
[rank0]:[titan] 2026-03-17 14:26:56,744 - root - INFO - [31mstep: 780  [32mloss:  2.6729  [38;2;180;60;0mgrad_norm:  2.4198  [38;2;54;234;195mmemory: 58.00GiB(73.01%)  [34mtps: 119  [36mtflops: 5.72  [35mmfu: 0.58%[39m
[rank0]:[titan] 2026-03-17 14:27:13,871 - root - INFO - [31mstep: 781  [32mloss:  2.6848  [38;2;180;60;0mgrad_norm:  2.2974  [38;2;54;234;195mmemory: 58.00GiB(73.01%)  [34mtps: 120  [36mtflops: 5.76  [35mmfu: 0.58%[39m
[rank0]:[titan] 2026-03-17 14:27:31,009 - root - INFO - [31mstep: 782  [32mloss:  2.6757  [38;2;180;60;0mgrad_norm:  2.4928  [38;2;54;234;195mmemory: 58.00GiB(73.01%)  [34mtps: 120  [36mtflops: 5.76  [35mmfu: 0.58%[39m
[rank0]:[titan] 2026-03-17 14:27:48,219 - root - INFO - [31mstep: 783  [32mloss:  2.7531  [38;2;180;60;0mgrad_norm:  2.4286  [38;2;54;234;195mmemory: 58.00GiB(73.01%)  [34mtps: 119  [36mtflops: 5.73  [35mmfu: 0.58%[39m
[rank0]:[titan] 2026-03-17 14:28:05,422 - root - INFO - [31mstep: 784  [32mloss:  2.6721  [38;2;180;60;0mgrad_norm:  2.4421  [38;2;54;234;195mmemory: 58.00GiB(73.01%)  [34mtps: 119  [36mtflops: 5.74  [35mmfu: 0.58%[39m
[rank0]:[titan] 2026-03-17 14:28:22,539 - root - INFO - [31mstep: 785  [32mloss:  2.7389  [38;2;180;60;0mgrad_norm:  2.1032  [38;2;54;234;195mmemory: 58.00GiB(73.01%)  [34mtps: 120  [36mtflops: 5.76  [35mmfu: 0.58%[39m
[rank0]:[titan] 2026-03-17 14:28:39,688 - root - INFO - [31mstep: 786  [32mloss:  2.7370  [38;2;180;60;0mgrad_norm:  2.0273  [38;2;54;234;195mmemory: 58.00GiB(73.01%)  [34mtps: 119  [36mtflops: 5.75  [35mmfu: 0.58%[39m
[rank0]:[titan] 2026-03-17 14:28:56,926 - root - INFO - [31mstep: 787  [32mloss:  2.7113  [38;2;180;60;0mgrad_norm:  2.0621  [38;2;54;234;195mmemory: 58.00GiB(73.01%)  [34mtps: 119  [36mtflops: 5.72  [35mmfu: 0.58%[39m
[rank0]:[titan] 2026-03-17 14:29:13,965 - root - INFO - [31mstep: 788  [32mloss:  2.6994  [38;2;180;60;0mgrad_norm:  1.5979  [38;2;54;234;195mmemory: 58.00GiB(73.01%)  [34mtps: 120  [36mtflops: 5.79  [35mmfu: 0.59%[39m
[rank0]:[titan] 2026-03-17 14:29:31,134 - root - INFO - [31mstep: 789  [32mloss:  2.7081  [38;2;180;60;0mgrad_norm:  1.8876  [38;2;54;234;195mmemory: 58.00GiB(73.01%)  [34mtps: 119  [36mtflops: 5.75  [35mmfu: 0.58%[39m
[rank0]:[titan] 2026-03-17 14:29:48,343 - root - INFO - [31mstep: 790  [32mloss:  2.7221  [38;2;180;60;0mgrad_norm:  1.6470  [38;2;54;234;195mmemory: 58.00GiB(73.01%)  [34mtps: 119  [36mtflops: 5.73  [35mmfu: 0.58%[39m
[rank0]:[titan] 2026-03-17 14:30:05,687 - root - INFO - [31mstep: 791  [32mloss:  2.7104  [38;2;180;60;0mgrad_norm:  1.7656  [38;2;54;234;195mmemory: 58.00GiB(73.01%)  [34mtps: 118  [36mtflops: 5.69  [35mmfu: 0.58%[39m
[rank0]:[titan] 2026-03-17 14:30:22,966 - root - INFO - [31mstep: 792  [32mloss:  2.6869  [38;2;180;60;0mgrad_norm:  1.6030  [38;2;54;234;195mmemory: 58.00GiB(73.01%)  [34mtps: 119  [36mtflops: 5.71  [35mmfu: 0.58%[39m
[rank0]:[titan] 2026-03-17 14:30:40,204 - root - INFO - [31mstep: 793  [32mloss:  2.6569  [38;2;180;60;0mgrad_norm:  1.8596  [38;2;54;234;195mmemory: 58.00GiB(73.01%)  [34mtps: 119  [36mtflops: 5.72  [35mmfu: 0.58%[39m
[rank0]:[titan] 2026-03-17 14:30:57,386 - root - INFO - [31mstep: 794  [32mloss:  2.7928  [38;2;180;60;0mgrad_norm:  2.0827  [38;2;54;234;195mmemory: 58.00GiB(73.01%)  [34mtps: 119  [36mtflops: 5.74  [35mmfu: 0.58%[39m
[rank0]:[titan] 2026-03-17 14:31:14,493 - root - INFO - [31mstep: 795  [32mloss:  2.7986  [38;2;180;60;0mgrad_norm:  1.3473  [38;2;54;234;195mmemory: 58.00GiB(73.01%)  [34mtps: 120  [36mtflops: 5.77  [35mmfu: 0.58%[39m
[rank0]:[titan] 2026-03-17 14:31:31,691 - root - INFO - [31mstep: 796  [32mloss:  2.6832  [38;2;180;60;0mgrad_norm:  2.0865  [38;2;54;234;195mmemory: 58.00GiB(73.01%)  [34mtps: 119  [36mtflops: 5.74  [35mmfu: 0.58%[39m
[rank0]:[titan] 2026-03-17 14:31:48,936 - root - INFO - [31mstep: 797  [32mloss:  2.7220  [38;2;180;60;0mgrad_norm:  2.3214  [38;2;54;234;195mmemory: 58.00GiB(73.01%)  [34mtps: 119  [36mtflops: 5.72  [35mmfu: 0.58%[39m
[rank0]:[titan] 2026-03-17 14:32:06,127 - root - INFO - [31mstep: 798  [32mloss:  2.7336  [38;2;180;60;0mgrad_norm:  1.4899  [38;2;54;234;195mmemory: 58.00GiB(73.01%)  [34mtps: 119  [36mtflops: 5.74  [35mmfu: 0.58%[39m
[rank0]:[titan] 2026-03-17 14:32:23,101 - root - INFO - [31mstep: 799  [32mloss:  2.6934  [38;2;180;60;0mgrad_norm:  3.1291  [38;2;54;234;195mmemory: 58.00GiB(73.01%)  [34mtps: 121  [36mtflops: 5.81  [35mmfu: 0.59%[39m
[rank0]:[titan] 2026-03-17 14:32:40,234 - root - INFO - [31mstep: 800  [32mloss:  2.6798  [38;2;180;60;0mgrad_norm:  3.2302  [38;2;54;234;195mmemory: 58.00GiB(73.01%)  [34mtps: 120  [36mtflops: 5.76  [35mmfu: 0.58%[39m
[rank0]:[titan] 2026-03-17 14:32:57,364 - root - INFO - [31mstep: 801  [32mloss:  2.7030  [38;2;180;60;0mgrad_norm:  2.1371  [38;2;54;234;195mmemory: 58.00GiB(73.01%)  [34mtps: 120  [36mtflops: 5.76  [35mmfu: 0.58%[39m
[rank0]:[titan] 2026-03-17 14:33:14,568 - root - INFO - [31mstep: 802  [32mloss:  2.7317  [38;2;180;60;0mgrad_norm:  2.3968  [38;2;54;234;195mmemory: 58.00GiB(73.01%)  [34mtps: 119  [36mtflops: 5.74  [35mmfu: 0.58%[39m
[rank0]:[titan] 2026-03-17 14:33:31,692 - root - INFO - [31mstep: 803  [32mloss:  2.6995  [38;2;180;60;0mgrad_norm:  2.2483  [38;2;54;234;195mmemory: 58.00GiB(73.01%)  [34mtps: 120  [36mtflops: 5.76  [35mmfu: 0.58%[39m
[rank0]:[titan] 2026-03-17 14:33:48,817 - root - INFO - [31mstep: 804  [32mloss:  2.7341  [38;2;180;60;0mgrad_norm:  1.8394  [38;2;54;234;195mmemory: 58.00GiB(73.01%)  [34mtps: 120  [36mtflops: 5.76  [35mmfu: 0.58%[39m
[rank0]:[titan] 2026-03-17 14:34:05,902 - root - INFO - [31mstep: 805  [32mloss:  2.7582  [38;2;180;60;0mgrad_norm:  2.3987  [38;2;54;234;195mmemory: 58.00GiB(73.01%)  [34mtps: 120  [36mtflops: 5.78  [35mmfu: 0.58%[39m
[rank0]:[titan] 2026-03-17 14:34:23,053 - root - INFO - [31mstep: 806  [32mloss:  2.6973  [38;2;180;60;0mgrad_norm:  2.4267  [38;2;54;234;195mmemory: 58.00GiB(73.01%)  [34mtps: 119  [36mtflops: 5.75  [35mmfu: 0.58%[39m
[rank0]:[titan] 2026-03-17 14:34:40,191 - root - INFO - [31mstep: 807  [32mloss:  2.7119  [38;2;180;60;0mgrad_norm:  2.1310  [38;2;54;234;195mmemory: 58.00GiB(73.01%)  [34mtps: 120  [36mtflops: 5.76  [35mmfu: 0.58%[39m
[rank0]:[titan] 2026-03-17 14:34:57,021 - root - INFO - [31mstep: 808  [32mloss:  2.7357  [38;2;180;60;0mgrad_norm:  3.0331  [38;2;54;234;195mmemory: 58.00GiB(73.01%)  [34mtps: 122  [36mtflops: 5.86  [35mmfu: 0.59%[39m
[rank0]:[titan] 2026-03-17 14:35:14,253 - root - INFO - [31mstep: 809  [32mloss:  2.8046  [38;2;180;60;0mgrad_norm:  2.2114  [38;2;54;234;195mmemory: 58.00GiB(73.01%)  [34mtps: 119  [36mtflops: 5.73  [35mmfu: 0.58%[39m
[rank0]:[titan] 2026-03-17 14:35:31,534 - root - INFO - [31mstep: 810  [32mloss:  2.7554  [38;2;180;60;0mgrad_norm:  2.4268  [38;2;54;234;195mmemory: 58.00GiB(73.01%)  [34mtps: 119  [36mtflops: 5.71  [35mmfu: 0.58%[39m
[rank0]:[titan] 2026-03-17 14:35:48,693 - root - INFO - [31mstep: 811  [32mloss:  2.7506  [38;2;180;60;0mgrad_norm:  3.1120  [38;2;54;234;195mmemory: 58.00GiB(73.01%)  [34mtps: 119  [36mtflops: 5.75  [35mmfu: 0.58%[39m
[rank0]:[titan] 2026-03-17 14:36:06,084 - root - INFO - [31mstep: 812  [32mloss:  2.7448  [38;2;180;60;0mgrad_norm:  2.2638  [38;2;54;234;195mmemory: 58.00GiB(73.01%)  [34mtps: 118  [36mtflops: 5.67  [35mmfu: 0.57%[39m
[rank0]:[titan] 2026-03-17 14:36:23,001 - root - INFO - [31mstep: 813  [32mloss:  2.7335  [38;2;180;60;0mgrad_norm:  2.2718  [38;2;54;234;195mmemory: 58.00GiB(73.01%)  [34mtps: 121  [36mtflops: 5.83  [35mmfu: 0.59%[39m
[rank0]:[titan] 2026-03-17 14:36:40,175 - root - INFO - [31mstep: 814  [32mloss:  2.7728  [38;2;180;60;0mgrad_norm:  2.6424  [38;2;54;234;195mmemory: 58.00GiB(73.01%)  [34mtps: 119  [36mtflops: 5.75  [35mmfu: 0.58%[39m
[rank0]:[titan] 2026-03-17 14:36:57,403 - root - INFO - [31mstep: 815  [32mloss:  2.7047  [38;2;180;60;0mgrad_norm:  1.5658  [38;2;54;234;195mmemory: 58.00GiB(73.01%)  [34mtps: 119  [36mtflops: 5.73  [35mmfu: 0.58%[39m
[rank0]:[titan] 2026-03-17 14:37:14,591 - root - INFO - [31mstep: 816  [32mloss:  2.8040  [38;2;180;60;0mgrad_norm:  2.1974  [38;2;54;234;195mmemory: 58.00GiB(73.01%)  [34mtps: 119  [36mtflops: 5.74  [35mmfu: 0.58%[39m
[rank0]:[titan] 2026-03-17 14:37:31,837 - root - INFO - [31mstep: 817  [32mloss:  2.7124  [38;2;180;60;0mgrad_norm:  2.0177  [38;2;54;234;195mmemory: 58.00GiB(73.01%)  [34mtps: 119  [36mtflops: 5.72  [35mmfu: 0.58%[39m
[rank0]:[titan] 2026-03-17 14:37:48,894 - root - INFO - [31mstep: 818  [32mloss:  2.7542  [38;2;180;60;0mgrad_norm:  1.7067  [38;2;54;234;195mmemory: 58.00GiB(73.01%)  [34mtps: 120  [36mtflops: 5.79  [35mmfu: 0.58%[39m
[rank0]:[titan] 2026-03-17 14:38:06,109 - root - INFO - [31mstep: 819  [32mloss:  2.7559  [38;2;180;60;0mgrad_norm:  1.7756  [38;2;54;234;195mmemory: 58.00GiB(73.01%)  [34mtps: 119  [36mtflops: 5.73  [35mmfu: 0.58%[39m
[rank0]:[titan] 2026-03-17 14:38:23,386 - root - INFO - [31mstep: 820  [32mloss:  2.7514  [38;2;180;60;0mgrad_norm:  2.0570  [38;2;54;234;195mmemory: 58.00GiB(73.01%)  [34mtps: 119  [36mtflops: 5.71  [35mmfu: 0.58%[39m
[rank0]:[titan] 2026-03-17 14:38:40,571 - root - INFO - [31mstep: 821  [32mloss:  2.7833  [38;2;180;60;0mgrad_norm:  1.6999  [38;2;54;234;195mmemory: 58.00GiB(73.01%)  [34mtps: 119  [36mtflops: 5.74  [35mmfu: 0.58%[39m
[rank0]:[titan] 2026-03-17 14:38:57,827 - root - INFO - [31mstep: 822  [32mloss:  2.7317  [38;2;180;60;0mgrad_norm:  2.4849  [38;2;54;234;195mmemory: 58.00GiB(73.01%)  [34mtps: 119  [36mtflops: 5.72  [35mmfu: 0.58%[39m
[rank0]:[titan] 2026-03-17 14:39:15,021 - root - INFO - [31mstep: 823  [32mloss:  2.7767  [38;2;180;60;0mgrad_norm:  1.9838  [38;2;54;234;195mmemory: 58.00GiB(73.01%)  [34mtps: 119  [36mtflops: 5.74  [35mmfu: 0.58%[39m
[rank0]:[titan] 2026-03-17 14:39:32,333 - root - INFO - [31mstep: 824  [32mloss:  2.7350  [38;2;180;60;0mgrad_norm:  1.9525  [38;2;54;234;195mmemory: 58.00GiB(73.01%)  [34mtps: 118  [36mtflops: 5.70  [35mmfu: 0.58%[39m
[rank0]:[titan] 2026-03-17 14:39:49,594 - root - INFO - [31mstep: 825  [32mloss:  2.6917  [38;2;180;60;0mgrad_norm:  1.9182  [38;2;54;234;195mmemory: 58.00GiB(73.01%)  [34mtps: 119  [36mtflops: 5.72  [35mmfu: 0.58%[39m
[rank0]:[titan] 2026-03-17 14:40:06,908 - root - INFO - [31mstep: 826  [32mloss:  2.7196  [38;2;180;60;0mgrad_norm:  2.1196  [38;2;54;234;195mmemory: 58.00GiB(73.01%)  [34mtps: 118  [36mtflops: 5.70  [35mmfu: 0.58%[39m
[rank0]:[titan] 2026-03-17 14:40:24,000 - root - INFO - [31mstep: 827  [32mloss:  2.7464  [38;2;180;60;0mgrad_norm:  2.1625  [38;2;54;234;195mmemory: 58.00GiB(73.01%)  [34mtps: 120  [36mtflops: 5.77  [35mmfu: 0.58%[39m
[rank0]:[titan] 2026-03-17 14:40:41,253 - root - INFO - [31mstep: 828  [32mloss:  2.8126  [38;2;180;60;0mgrad_norm:  2.1289  [38;2;54;234;195mmemory: 58.00GiB(73.01%)  [34mtps: 119  [36mtflops: 5.72  [35mmfu: 0.58%[39m
[rank0]:[titan] 2026-03-17 14:40:58,557 - root - INFO - [31mstep: 829  [32mloss:  2.7568  [38;2;180;60;0mgrad_norm:  2.2489  [38;2;54;234;195mmemory: 58.00GiB(73.01%)  [34mtps: 118  [36mtflops: 5.70  [35mmfu: 0.58%[39m
[rank0]:[titan] 2026-03-17 14:41:15,835 - root - INFO - [31mstep: 830  [32mloss:  2.7109  [38;2;180;60;0mgrad_norm:  1.9641  [38;2;54;234;195mmemory: 58.00GiB(73.01%)  [34mtps: 119  [36mtflops: 5.71  [35mmfu: 0.58%[39m
[rank0]:[titan] 2026-03-17 14:41:32,961 - root - INFO - [31mstep: 831  [32mloss:  2.7109  [38;2;180;60;0mgrad_norm:  1.7449  [38;2;54;234;195mmemory: 58.00GiB(73.01%)  [34mtps: 120  [36mtflops: 5.76  [35mmfu: 0.58%[39m
[rank0]:[titan] 2026-03-17 14:41:50,177 - root - INFO - [31mstep: 832  [32mloss:  2.7450  [38;2;180;60;0mgrad_norm:  1.7682  [38;2;54;234;195mmemory: 58.00GiB(73.01%)  [34mtps: 119  [36mtflops: 5.73  [35mmfu: 0.58%[39m
[rank0]:[titan] 2026-03-17 14:42:07,446 - root - INFO - [31mstep: 833  [32mloss:  2.7602  [38;2;180;60;0mgrad_norm:  1.7125  [38;2;54;234;195mmemory: 58.00GiB(73.01%)  [34mtps: 119  [36mtflops: 5.71  [35mmfu: 0.58%[39m
[rank0]:[titan] 2026-03-17 14:42:24,675 - root - INFO - [31mstep: 834  [32mloss:  2.7322  [38;2;180;60;0mgrad_norm:  1.6018  [38;2;54;234;195mmemory: 58.00GiB(73.01%)  [34mtps: 119  [36mtflops: 5.73  [35mmfu: 0.58%[39m
[rank0]:[titan] 2026-03-17 14:42:41,842 - root - INFO - [31mstep: 835  [32mloss:  2.7516  [38;2;180;60;0mgrad_norm:  1.5891  [38;2;54;234;195mmemory: 58.00GiB(73.01%)  [34mtps: 119  [36mtflops: 5.75  [35mmfu: 0.58%[39m
[rank0]:[titan] 2026-03-17 14:42:59,056 - root - INFO - [31mstep: 836  [32mloss:  2.7706  [38;2;180;60;0mgrad_norm:  1.8720  [38;2;54;234;195mmemory: 58.00GiB(73.01%)  [34mtps: 119  [36mtflops: 5.73  [35mmfu: 0.58%[39m
[rank0]:[titan] 2026-03-17 14:43:16,215 - root - INFO - [31mstep: 837  [32mloss:  2.7776  [38;2;180;60;0mgrad_norm:  1.5475  [38;2;54;234;195mmemory: 58.00GiB(73.01%)  [34mtps: 119  [36mtflops: 5.75  [35mmfu: 0.58%[39m
[rank0]:[titan] 2026-03-17 14:43:33,592 - root - INFO - [31mstep: 838  [32mloss:  2.7765  [38;2;180;60;0mgrad_norm:  1.8072  [38;2;54;234;195mmemory: 58.00GiB(73.01%)  [34mtps: 118  [36mtflops: 5.68  [35mmfu: 0.57%[39m
[rank0]:[titan] 2026-03-17 14:43:50,847 - root - INFO - [31mstep: 839  [32mloss:  2.7367  [38;2;180;60;0mgrad_norm:  1.6348  [38;2;54;234;195mmemory: 58.00GiB(73.01%)  [34mtps: 119  [36mtflops: 5.72  [35mmfu: 0.58%[39m
[rank0]:[titan] 2026-03-17 14:44:07,968 - root - INFO - [31mstep: 840  [32mloss:  2.7453  [38;2;180;60;0mgrad_norm:  2.1787  [38;2;54;234;195mmemory: 58.00GiB(73.01%)  [34mtps: 120  [36mtflops: 5.76  [35mmfu: 0.58%[39m
[rank0]:[titan] 2026-03-17 14:44:25,234 - root - INFO - [31mstep: 841  [32mloss:  2.7362  [38;2;180;60;0mgrad_norm:  1.9678  [38;2;54;234;195mmemory: 58.00GiB(73.01%)  [34mtps: 119  [36mtflops: 5.72  [35mmfu: 0.58%[39m
[rank0]:[titan] 2026-03-17 14:44:42,536 - root - INFO - [31mstep: 842  [32mloss:  2.6846  [38;2;180;60;0mgrad_norm:  1.4194  [38;2;54;234;195mmemory: 58.00GiB(73.01%)  [34mtps: 118  [36mtflops: 5.70  [35mmfu: 0.58%[39m
[rank0]:[titan] 2026-03-17 14:44:59,717 - root - INFO - [31mstep: 843  [32mloss:  2.6777  [38;2;180;60;0mgrad_norm:  2.0722  [38;2;54;234;195mmemory: 58.00GiB(73.01%)  [34mtps: 119  [36mtflops: 5.74  [35mmfu: 0.58%[39m
[rank0]:[titan] 2026-03-17 14:45:16,757 - root - INFO - [31mstep: 844  [32mloss:  2.7539  [38;2;180;60;0mgrad_norm:  2.5640  [38;2;54;234;195mmemory: 58.00GiB(73.01%)  [34mtps: 120  [36mtflops: 5.79  [35mmfu: 0.59%[39m
[rank0]:[titan] 2026-03-17 14:45:34,252 - root - INFO - [31mstep: 845  [32mloss:  2.7761  [38;2;180;60;0mgrad_norm:  1.8788  [38;2;54;234;195mmemory: 58.00GiB(73.01%)  [34mtps: 117  [36mtflops: 5.64  [35mmfu: 0.57%[39m
[rank0]:[titan] 2026-03-17 14:45:34,254 - root - WARNING - Dataset c4_test is being re-looped
[rank0]:[titan] 2026-03-17 14:45:51,309 - root - INFO - [31mstep: 846  [32mloss:  2.7506  [38;2;180;60;0mgrad_norm:  2.0959  [38;2;54;234;195mmemory: 58.00GiB(73.01%)  [34mtps: 120  [36mtflops: 5.79  [35mmfu: 0.58%[39m
[rank0]:[titan] 2026-03-17 14:46:08,520 - root - INFO - [31mstep: 847  [32mloss:  2.7840  [38;2;180;60;0mgrad_norm:  2.2364  [38;2;54;234;195mmemory: 58.00GiB(73.01%)  [34mtps: 119  [36mtflops: 5.73  [35mmfu: 0.58%[39m
[rank0]:[titan] 2026-03-17 14:46:25,804 - root - INFO - [31mstep: 848  [32mloss:  2.7598  [38;2;180;60;0mgrad_norm:  1.8541  [38;2;54;234;195mmemory: 58.00GiB(73.01%)  [34mtps: 118  [36mtflops: 5.71  [35mmfu: 0.58%[39m
[rank0]:[titan] 2026-03-17 14:46:43,098 - root - INFO - [31mstep: 849  [32mloss:  2.7156  [38;2;180;60;0mgrad_norm:  1.8393  [38;2;54;234;195mmemory: 58.00GiB(73.01%)  [34mtps: 118  [36mtflops: 5.71  [35mmfu: 0.58%[39m
[rank0]:[titan] 2026-03-17 14:47:00,321 - root - INFO - [31mstep: 850  [32mloss:  2.7579  [38;2;180;60;0mgrad_norm:  2.4320  [38;2;54;234;195mmemory: 58.00GiB(73.01%)  [34mtps: 119  [36mtflops: 5.73  [35mmfu: 0.58%[39m
[rank0]:[titan] 2026-03-17 14:47:17,603 - root - INFO - [31mstep: 851  [32mloss:  2.7623  [38;2;180;60;0mgrad_norm:  2.2265  [38;2;54;234;195mmemory: 58.00GiB(73.01%)  [34mtps: 119  [36mtflops: 5.71  [35mmfu: 0.58%[39m
[rank0]:[titan] 2026-03-17 14:47:34,697 - root - INFO - [31mstep: 852  [32mloss:  2.7179  [38;2;180;60;0mgrad_norm:  1.7026  [38;2;54;234;195mmemory: 58.00GiB(73.01%)  [34mtps: 120  [36mtflops: 5.77  [35mmfu: 0.58%[39m
[rank0]:[titan] 2026-03-17 14:47:51,923 - root - INFO - [31mstep: 853  [32mloss:  2.7278  [38;2;180;60;0mgrad_norm:  2.0641  [38;2;54;234;195mmemory: 58.00GiB(73.01%)  [34mtps: 119  [36mtflops: 5.73  [35mmfu: 0.58%[39m
[rank0]:[titan] 2026-03-17 14:48:09,137 - root - INFO - [31mstep: 854  [32mloss:  2.6844  [38;2;180;60;0mgrad_norm:  1.8050  [38;2;54;234;195mmemory: 58.00GiB(73.01%)  [34mtps: 119  [36mtflops: 5.73  [35mmfu: 0.58%[39m
[rank0]:[titan] 2026-03-17 14:48:26,466 - root - INFO - [31mstep: 855  [32mloss:  2.7107  [38;2;180;60;0mgrad_norm:  1.9546  [38;2;54;234;195mmemory: 58.00GiB(73.01%)  [34mtps: 118  [36mtflops: 5.69  [35mmfu: 0.58%[39m
[rank0]:[titan] 2026-03-17 14:48:43,587 - root - INFO - [31mstep: 856  [32mloss:  2.7265  [38;2;180;60;0mgrad_norm:  2.0393  [38;2;54;234;195mmemory: 58.00GiB(73.01%)  [34mtps: 120  [36mtflops: 5.76  [35mmfu: 0.58%[39m
[rank0]:[titan] 2026-03-17 14:49:00,907 - root - INFO - [31mstep: 857  [32mloss:  2.7196  [38;2;180;60;0mgrad_norm:  2.3259  [38;2;54;234;195mmemory: 58.00GiB(73.01%)  [34mtps: 118  [36mtflops: 5.70  [35mmfu: 0.58%[39m
[rank0]:[titan] 2026-03-17 14:49:18,159 - root - INFO - [31mstep: 858  [32mloss:  2.7481  [38;2;180;60;0mgrad_norm:  1.8367  [38;2;54;234;195mmemory: 58.00GiB(73.01%)  [34mtps: 119  [36mtflops: 5.72  [35mmfu: 0.58%[39m
[rank0]:[titan] 2026-03-17 14:49:35,053 - root - INFO - [31mstep: 859  [32mloss:  2.7826  [38;2;180;60;0mgrad_norm:  2.2226  [38;2;54;234;195mmemory: 58.00GiB(73.01%)  [34mtps: 121  [36mtflops: 5.84  [35mmfu: 0.59%[39m
[rank0]:[titan] 2026-03-17 14:49:52,365 - root - INFO - [31mstep: 860  [32mloss:  2.7967  [38;2;180;60;0mgrad_norm:  2.4017  [38;2;54;234;195mmemory: 58.00GiB(73.01%)  [34mtps: 118  [36mtflops: 5.70  [35mmfu: 0.58%[39m
[rank0]:[titan] 2026-03-17 14:50:09,636 - root - INFO - [31mstep: 861  [32mloss:  2.9258  [38;2;180;60;0mgrad_norm:  2.5549  [38;2;54;234;195mmemory: 58.00GiB(73.01%)  [34mtps: 119  [36mtflops: 5.71  [35mmfu: 0.58%[39m
[rank0]:[titan] 2026-03-17 14:50:26,910 - root - INFO - [31mstep: 862  [32mloss:  2.8093  [38;2;180;60;0mgrad_norm:  1.7963  [38;2;54;234;195mmemory: 58.00GiB(73.01%)  [34mtps: 119  [36mtflops: 5.71  [35mmfu: 0.58%[39m
[rank0]:[titan] 2026-03-17 14:50:44,026 - root - INFO - [31mstep: 863  [32mloss:  2.7920  [38;2;180;60;0mgrad_norm:  1.6804  [38;2;54;234;195mmemory: 58.00GiB(73.01%)  [34mtps: 120  [36mtflops: 5.77  [35mmfu: 0.58%[39m
[rank0]:[titan] 2026-03-17 14:51:01,132 - root - INFO - [31mstep: 864  [32mloss:  2.7738  [38;2;180;60;0mgrad_norm:  1.9286  [38;2;54;234;195mmemory: 58.00GiB(73.01%)  [34mtps: 120  [36mtflops: 5.77  [35mmfu: 0.58%[39m
[rank0]:[titan] 2026-03-17 14:51:18,049 - root - INFO - [31mstep: 865  [32mloss:  2.7533  [38;2;180;60;0mgrad_norm:  2.0680  [38;2;54;234;195mmemory: 58.00GiB(73.01%)  [34mtps: 121  [36mtflops: 5.83  [35mmfu: 0.59%[39m
[rank0]:[titan] 2026-03-17 14:51:35,153 - root - INFO - [31mstep: 866  [32mloss:  2.7719  [38;2;180;60;0mgrad_norm:  1.7809  [38;2;54;234;195mmemory: 58.00GiB(73.01%)  [34mtps: 120  [36mtflops: 5.77  [35mmfu: 0.58%[39m
[rank0]:[titan] 2026-03-17 14:51:52,238 - root - INFO - [31mstep: 867  [32mloss:  2.7411  [38;2;180;60;0mgrad_norm:  1.5105  [38;2;54;234;195mmemory: 58.00GiB(73.01%)  [34mtps: 120  [36mtflops: 5.78  [35mmfu: 0.58%[39m
[rank0]:[titan] 2026-03-17 14:52:09,326 - root - INFO - [31mstep: 868  [32mloss:  2.7684  [38;2;180;60;0mgrad_norm:  2.1782  [38;2;54;234;195mmemory: 58.00GiB(73.01%)  [34mtps: 120  [36mtflops: 5.77  [35mmfu: 0.58%[39m
[rank0]:[titan] 2026-03-17 14:52:26,501 - root - INFO - [31mstep: 869  [32mloss:  2.7176  [38;2;180;60;0mgrad_norm:  1.3740  [38;2;54;234;195mmemory: 58.00GiB(73.01%)  [34mtps: 119  [36mtflops: 5.75  [35mmfu: 0.58%[39m
[rank0]:[titan] 2026-03-17 14:52:43,757 - root - INFO - [31mstep: 870  [32mloss:  2.8218  [38;2;180;60;0mgrad_norm:  1.5341  [38;2;54;234;195mmemory: 58.00GiB(73.01%)  [34mtps: 119  [36mtflops: 5.72  [35mmfu: 0.58%[39m
[rank0]:[titan] 2026-03-17 14:53:00,935 - root - INFO - [31mstep: 871  [32mloss:  2.8108  [38;2;180;60;0mgrad_norm:  1.7587  [38;2;54;234;195mmemory: 58.00GiB(73.01%)  [34mtps: 119  [36mtflops: 5.74  [35mmfu: 0.58%[39m
[rank0]:[titan] 2026-03-17 14:53:18,193 - root - INFO - [31mstep: 872  [32mloss:  2.7713  [38;2;180;60;0mgrad_norm:  1.7546  [38;2;54;234;195mmemory: 58.00GiB(73.01%)  [34mtps: 119  [36mtflops: 5.72  [35mmfu: 0.58%[39m
[rank0]:[titan] 2026-03-17 14:53:35,317 - root - INFO - [31mstep: 873  [32mloss:  2.7323  [38;2;180;60;0mgrad_norm:  2.0320  [38;2;54;234;195mmemory: 58.00GiB(73.01%)  [34mtps: 120  [36mtflops: 5.76  [35mmfu: 0.58%[39m
[rank0]:[titan] 2026-03-17 14:53:52,509 - root - INFO - [31mstep: 874  [32mloss:  2.7620  [38;2;180;60;0mgrad_norm:  2.4925  [38;2;54;234;195mmemory: 58.00GiB(73.01%)  [34mtps: 119  [36mtflops: 5.74  [35mmfu: 0.58%[39m
[rank0]:[titan] 2026-03-17 14:54:09,879 - root - INFO - [31mstep: 875  [32mloss:  2.7476  [38;2;180;60;0mgrad_norm:  1.5176  [38;2;54;234;195mmemory: 58.00GiB(73.01%)  [34mtps: 118  [36mtflops: 5.68  [35mmfu: 0.57%[39m
[rank0]:[titan] 2026-03-17 14:54:27,050 - root - INFO - [31mstep: 876  [32mloss:  2.7016  [38;2;180;60;0mgrad_norm:  2.0911  [38;2;54;234;195mmemory: 58.00GiB(73.01%)  [34mtps: 119  [36mtflops: 5.75  [35mmfu: 0.58%[39m
[rank0]:[titan] 2026-03-17 14:54:44,154 - root - INFO - [31mstep: 877  [32mloss:  2.7737  [38;2;180;60;0mgrad_norm:  2.3232  [38;2;54;234;195mmemory: 58.00GiB(73.01%)  [34mtps: 120  [36mtflops: 5.77  [35mmfu: 0.58%[39m
[rank0]:[titan] 2026-03-17 14:55:01,399 - root - INFO - [31mstep: 878  [32mloss:  2.7609  [38;2;180;60;0mgrad_norm:  2.0588  [38;2;54;234;195mmemory: 58.00GiB(73.01%)  [34mtps: 119  [36mtflops: 5.72  [35mmfu: 0.58%[39m
[rank0]:[titan] 2026-03-17 14:55:18,567 - root - INFO - [31mstep: 879  [32mloss:  2.7682  [38;2;180;60;0mgrad_norm:  1.7497  [38;2;54;234;195mmemory: 58.00GiB(73.01%)  [34mtps: 119  [36mtflops: 5.75  [35mmfu: 0.58%[39m
[rank0]:[titan] 2026-03-17 14:55:35,841 - root - INFO - [31mstep: 880  [32mloss:  2.7391  [38;2;180;60;0mgrad_norm:  1.8014  [38;2;54;234;195mmemory: 58.00GiB(73.01%)  [34mtps: 119  [36mtflops: 5.71  [35mmfu: 0.58%[39m
[rank0]:[titan] 2026-03-17 14:55:53,038 - root - INFO - [31mstep: 881  [32mloss:  2.8504  [38;2;180;60;0mgrad_norm:  2.2936  [38;2;54;234;195mmemory: 58.00GiB(73.01%)  [34mtps: 119  [36mtflops: 5.74  [35mmfu: 0.58%[39m
[rank0]:[titan] 2026-03-17 14:56:10,294 - root - INFO - [31mstep: 882  [32mloss:  2.7069  [38;2;180;60;0mgrad_norm:  1.9970  [38;2;54;234;195mmemory: 58.00GiB(73.01%)  [34mtps: 119  [36mtflops: 5.72  [35mmfu: 0.58%[39m
[rank0]:[titan] 2026-03-17 14:56:27,638 - root - INFO - [31mstep: 883  [32mloss:  2.7418  [38;2;180;60;0mgrad_norm:  1.8066  [38;2;54;234;195mmemory: 58.00GiB(73.01%)  [34mtps: 118  [36mtflops: 5.69  [35mmfu: 0.58%[39m
[rank0]:[titan] 2026-03-17 14:56:44,908 - root - INFO - [31mstep: 884  [32mloss:  2.7180  [38;2;180;60;0mgrad_norm:  1.9273  [38;2;54;234;195mmemory: 58.00GiB(73.01%)  [34mtps: 119  [36mtflops: 5.72  [35mmfu: 0.58%[39m
[rank0]:[titan] 2026-03-17 14:57:02,189 - root - INFO - [31mstep: 885  [32mloss:  2.8062  [38;2;180;60;0mgrad_norm:  2.0150  [38;2;54;234;195mmemory: 58.00GiB(73.01%)  [34mtps: 119  [36mtflops: 5.71  [35mmfu: 0.58%[39m
[rank0]:[titan] 2026-03-17 14:57:19,350 - root - INFO - [31mstep: 886  [32mloss:  2.7993  [38;2;180;60;0mgrad_norm:  1.6931  [38;2;54;234;195mmemory: 58.00GiB(73.01%)  [34mtps: 119  [36mtflops: 5.75  [35mmfu: 0.58%[39m
[rank0]:[titan] 2026-03-17 14:57:36,615 - root - INFO - [31mstep: 887  [32mloss:  2.7693  [38;2;180;60;0mgrad_norm:  2.7051  [38;2;54;234;195mmemory: 58.00GiB(73.01%)  [34mtps: 119  [36mtflops: 5.72  [35mmfu: 0.58%[39m
[rank0]:[titan] 2026-03-17 14:57:53,849 - root - INFO - [31mstep: 888  [32mloss:  2.7425  [38;2;180;60;0mgrad_norm:  1.5760  [38;2;54;234;195mmemory: 58.00GiB(73.01%)  [34mtps: 119  [36mtflops: 5.73  [35mmfu: 0.58%[39m
[rank0]:[titan] 2026-03-17 14:58:11,174 - root - INFO - [31mstep: 889  [32mloss:  2.8201  [38;2;180;60;0mgrad_norm:  2.0014  [38;2;54;234;195mmemory: 58.00GiB(73.01%)  [34mtps: 118  [36mtflops: 5.70  [35mmfu: 0.58%[39m
[rank0]:[titan] 2026-03-17 14:58:28,404 - root - INFO - [31mstep: 890  [32mloss:  2.7731  [38;2;180;60;0mgrad_norm:  2.4861  [38;2;54;234;195mmemory: 58.00GiB(73.01%)  [34mtps: 119  [36mtflops: 5.73  [35mmfu: 0.58%[39m
[rank0]:[titan] 2026-03-17 14:58:45,675 - root - INFO - [31mstep: 891  [32mloss:  2.7831  [38;2;180;60;0mgrad_norm:  1.7421  [38;2;54;234;195mmemory: 58.00GiB(73.01%)  [34mtps: 119  [36mtflops: 5.71  [35mmfu: 0.58%[39m
[rank0]:[titan] 2026-03-17 14:59:02,805 - root - INFO - [31mstep: 892  [32mloss:  2.8065  [38;2;180;60;0mgrad_norm:  1.8722  [38;2;54;234;195mmemory: 58.00GiB(73.01%)  [34mtps: 120  [36mtflops: 5.76  [35mmfu: 0.58%[39m
[rank0]:[titan] 2026-03-17 14:59:20,034 - root - INFO - [31mstep: 893  [32mloss:  2.8029  [38;2;180;60;0mgrad_norm:  2.3153  [38;2;54;234;195mmemory: 58.00GiB(73.01%)  [34mtps: 119  [36mtflops: 5.73  [35mmfu: 0.58%[39m
[rank0]:[titan] 2026-03-17 14:59:37,256 - root - INFO - [31mstep: 894  [32mloss:  2.7866  [38;2;180;60;0mgrad_norm:  2.3295  [38;2;54;234;195mmemory: 58.00GiB(73.01%)  [34mtps: 119  [36mtflops: 5.73  [35mmfu: 0.58%[39m
[rank0]:[titan] 2026-03-17 14:59:54,492 - root - INFO - [31mstep: 895  [32mloss:  2.7722  [38;2;180;60;0mgrad_norm:  1.5891  [38;2;54;234;195mmemory: 58.00GiB(73.01%)  [34mtps: 119  [36mtflops: 5.73  [35mmfu: 0.58%[39m
[rank0]:[titan] 2026-03-17 15:00:11,652 - root - INFO - [31mstep: 896  [32mloss:  2.7453  [38;2;180;60;0mgrad_norm:  2.3227  [38;2;54;234;195mmemory: 58.00GiB(73.01%)  [34mtps: 119  [36mtflops: 5.75  [35mmfu: 0.58%[39m
[rank0]:[titan] 2026-03-17 15:00:28,848 - root - INFO - [31mstep: 897  [32mloss:  2.7416  [38;2;180;60;0mgrad_norm:  2.6103  [38;2;54;234;195mmemory: 58.00GiB(73.01%)  [34mtps: 119  [36mtflops: 5.74  [35mmfu: 0.58%[39m
[rank0]:[titan] 2026-03-17 15:00:46,101 - root - INFO - [31mstep: 898  [32mloss:  2.7927  [38;2;180;60;0mgrad_norm:  2.1192  [38;2;54;234;195mmemory: 58.00GiB(73.01%)  [34mtps: 119  [36mtflops: 5.72  [35mmfu: 0.58%[39m
[rank0]:[titan] 2026-03-17 15:01:03,399 - root - INFO - [31mstep: 899  [32mloss:  2.7358  [38;2;180;60;0mgrad_norm:  1.6396  [38;2;54;234;195mmemory: 58.00GiB(73.01%)  [34mtps: 118  [36mtflops: 5.70  [35mmfu: 0.58%[39m
[rank0]:[titan] 2026-03-17 15:01:20,602 - root - INFO - [31mstep: 900  [32mloss:  2.7085  [38;2;180;60;0mgrad_norm:  2.0314  [38;2;54;234;195mmemory: 58.00GiB(73.01%)  [34mtps: 119  [36mtflops: 5.74  [35mmfu: 0.58%[39m
[rank0]:[titan] 2026-03-17 15:01:37,766 - root - INFO - [31mstep: 901  [32mloss:  2.7895  [38;2;180;60;0mgrad_norm:  1.5271  [38;2;54;234;195mmemory: 58.00GiB(73.01%)  [34mtps: 119  [36mtflops: 5.75  [35mmfu: 0.58%[39m
[rank0]:[titan] 2026-03-17 15:01:55,002 - root - INFO - [31mstep: 902  [32mloss:  2.7719  [38;2;180;60;0mgrad_norm:  1.7461  [38;2;54;234;195mmemory: 58.00GiB(73.01%)  [34mtps: 119  [36mtflops: 5.73  [35mmfu: 0.58%[39m
[rank0]:[titan] 2026-03-17 15:02:12,249 - root - INFO - [31mstep: 903  [32mloss:  2.7695  [38;2;180;60;0mgrad_norm:  2.3687  [38;2;54;234;195mmemory: 58.00GiB(73.01%)  [34mtps: 119  [36mtflops: 5.72  [35mmfu: 0.58%[39m
[rank0]:[titan] 2026-03-17 15:02:29,570 - root - INFO - [31mstep: 904  [32mloss:  2.7427  [38;2;180;60;0mgrad_norm:  1.6864  [38;2;54;234;195mmemory: 58.00GiB(73.01%)  [34mtps: 118  [36mtflops: 5.70  [35mmfu: 0.58%[39m
[rank0]:[titan] 2026-03-17 15:02:46,891 - root - INFO - [31mstep: 905  [32mloss:  2.7504  [38;2;180;60;0mgrad_norm:  2.3170  [38;2;54;234;195mmemory: 58.00GiB(73.01%)  [34mtps: 118  [36mtflops: 5.70  [35mmfu: 0.58%[39m
[rank0]:[titan] 2026-03-17 15:03:04,135 - root - INFO - [31mstep: 906  [32mloss:  2.6935  [38;2;180;60;0mgrad_norm:  2.0067  [38;2;54;234;195mmemory: 58.00GiB(73.01%)  [34mtps: 119  [36mtflops: 5.72  [35mmfu: 0.58%[39m
[rank0]:[titan] 2026-03-17 15:03:21,292 - root - INFO - [31mstep: 907  [32mloss:  2.6992  [38;2;180;60;0mgrad_norm:  1.6247  [38;2;54;234;195mmemory: 58.00GiB(73.01%)  [34mtps: 119  [36mtflops: 5.75  [35mmfu: 0.58%[39m
[rank0]:[titan] 2026-03-17 15:03:38,529 - root - INFO - [31mstep: 908  [32mloss:  2.6995  [38;2;180;60;0mgrad_norm:  2.1855  [38;2;54;234;195mmemory: 58.00GiB(73.01%)  [34mtps: 119  [36mtflops: 5.72  [35mmfu: 0.58%[39m
[rank0]:[titan] 2026-03-17 15:03:55,864 - root - INFO - [31mstep: 909  [32mloss:  2.7580  [38;2;180;60;0mgrad_norm:  1.7758  [38;2;54;234;195mmemory: 58.00GiB(73.01%)  [34mtps: 118  [36mtflops: 5.69  [35mmfu: 0.58%[39m
[rank0]:[titan] 2026-03-17 15:04:13,076 - root - INFO - [31mstep: 910  [32mloss:  2.7672  [38;2;180;60;0mgrad_norm:  2.1447  [38;2;54;234;195mmemory: 58.00GiB(73.01%)  [34mtps: 119  [36mtflops: 5.73  [35mmfu: 0.58%[39m
[rank0]:[titan] 2026-03-17 15:04:30,430 - root - INFO - [31mstep: 911  [32mloss:  2.7644  [38;2;180;60;0mgrad_norm:  2.3717  [38;2;54;234;195mmemory: 58.00GiB(73.01%)  [34mtps: 118  [36mtflops: 5.69  [35mmfu: 0.57%[39m
[rank0]:[titan] 2026-03-17 15:04:47,547 - root - INFO - [31mstep: 912  [32mloss:  2.8006  [38;2;180;60;0mgrad_norm:  2.2538  [38;2;54;234;195mmemory: 58.00GiB(73.01%)  [34mtps: 120  [36mtflops: 5.77  [35mmfu: 0.58%[39m
[rank0]:[titan] 2026-03-17 15:05:04,503 - root - INFO - [31mstep: 913  [32mloss:  2.7835  [38;2;180;60;0mgrad_norm:  1.9154  [38;2;54;234;195mmemory: 58.00GiB(73.01%)  [34mtps: 121  [36mtflops: 5.82  [35mmfu: 0.59%[39m
[rank0]:[titan] 2026-03-17 15:05:21,724 - root - INFO - [31mstep: 914  [32mloss:  2.7852  [38;2;180;60;0mgrad_norm:  2.0938  [38;2;54;234;195mmemory: 58.00GiB(73.01%)  [34mtps: 119  [36mtflops: 5.73  [35mmfu: 0.58%[39m
[rank0]:[titan] 2026-03-17 15:05:38,874 - root - INFO - [31mstep: 915  [32mloss:  2.7523  [38;2;180;60;0mgrad_norm:  1.7180  [38;2;54;234;195mmemory: 58.00GiB(73.01%)  [34mtps: 119  [36mtflops: 5.75  [35mmfu: 0.58%[39m
[rank0]:[titan] 2026-03-17 15:05:56,133 - root - INFO - [31mstep: 916  [32mloss:  2.8441  [38;2;180;60;0mgrad_norm:  2.2820  [38;2;54;234;195mmemory: 58.00GiB(73.01%)  [34mtps: 119  [36mtflops: 5.72  [35mmfu: 0.58%[39m
[rank0]:[titan] 2026-03-17 15:06:13,413 - root - INFO - [31mstep: 917  [32mloss:  2.9054  [38;2;180;60;0mgrad_norm:  2.8554  [38;2;54;234;195mmemory: 58.00GiB(73.01%)  [34mtps: 119  [36mtflops: 5.71  [35mmfu: 0.58%[39m
[rank0]:[titan] 2026-03-17 15:06:30,612 - root - INFO - [31mstep: 918  [32mloss:  2.8938  [38;2;180;60;0mgrad_norm:  2.1940  [38;2;54;234;195mmemory: 58.00GiB(73.01%)  [34mtps: 119  [36mtflops: 5.74  [35mmfu: 0.58%[39m
[rank0]:[titan] 2026-03-17 15:06:47,850 - root - INFO - [31mstep: 919  [32mloss:  2.7546  [38;2;180;60;0mgrad_norm:  1.4834  [38;2;54;234;195mmemory: 58.00GiB(73.01%)  [34mtps: 119  [36mtflops: 5.72  [35mmfu: 0.58%[39m
[rank0]:[titan] 2026-03-17 15:07:05,177 - root - INFO - [31mstep: 920  [32mloss:  2.7438  [38;2;180;60;0mgrad_norm:  1.7419  [38;2;54;234;195mmemory: 58.00GiB(73.01%)  [34mtps: 118  [36mtflops: 5.70  [35mmfu: 0.58%[39m
[rank0]:[titan] 2026-03-17 15:07:22,424 - root - INFO - [31mstep: 921  [32mloss:  2.7288  [38;2;180;60;0mgrad_norm:  1.2641  [38;2;54;234;195mmemory: 58.00GiB(73.01%)  [34mtps: 119  [36mtflops: 5.72  [35mmfu: 0.58%[39m
[rank0]:[titan] 2026-03-17 15:07:39,740 - root - INFO - [31mstep: 922  [32mloss:  2.7489  [38;2;180;60;0mgrad_norm:  1.6455  [38;2;54;234;195mmemory: 58.00GiB(73.01%)  [34mtps: 118  [36mtflops: 5.70  [35mmfu: 0.58%[39m
[rank0]:[titan] 2026-03-17 15:07:56,949 - root - INFO - [31mstep: 923  [32mloss:  2.8437  [38;2;180;60;0mgrad_norm:  1.6738  [38;2;54;234;195mmemory: 58.00GiB(73.01%)  [34mtps: 119  [36mtflops: 5.73  [35mmfu: 0.58%[39m
[rank0]:[titan] 2026-03-17 15:08:14,219 - root - INFO - [31mstep: 924  [32mloss:  2.7823  [38;2;180;60;0mgrad_norm:  1.6270  [38;2;54;234;195mmemory: 58.00GiB(73.01%)  [34mtps: 119  [36mtflops: 5.71  [35mmfu: 0.58%[39m
[rank0]:[titan] 2026-03-17 15:08:31,422 - root - INFO - [31mstep: 925  [32mloss:  2.7953  [38;2;180;60;0mgrad_norm:  1.8621  [38;2;54;234;195mmemory: 58.00GiB(73.01%)  [34mtps: 119  [36mtflops: 5.74  [35mmfu: 0.58%[39m
[rank0]:[titan] 2026-03-17 15:08:48,618 - root - INFO - [31mstep: 926  [32mloss:  2.8246  [38;2;180;60;0mgrad_norm:  1.6102  [38;2;54;234;195mmemory: 58.00GiB(73.01%)  [34mtps: 119  [36mtflops: 5.74  [35mmfu: 0.58%[39m
[rank0]:[titan] 2026-03-17 15:09:05,856 - root - INFO - [31mstep: 927  [32mloss:  2.8045  [38;2;180;60;0mgrad_norm:  1.5136  [38;2;54;234;195mmemory: 58.00GiB(73.01%)  [34mtps: 119  [36mtflops: 5.72  [35mmfu: 0.58%[39m
[rank0]:[titan] 2026-03-17 15:09:23,144 - root - INFO - [31mstep: 928  [32mloss:  2.7727  [38;2;180;60;0mgrad_norm:  2.2867  [38;2;54;234;195mmemory: 58.00GiB(73.01%)  [34mtps: 118  [36mtflops: 5.71  [35mmfu: 0.58%[39m
[rank0]:[titan] 2026-03-17 15:09:40,231 - root - INFO - [31mstep: 929  [32mloss:  2.7726  [38;2;180;60;0mgrad_norm:  1.7326  [38;2;54;234;195mmemory: 58.00GiB(73.01%)  [34mtps: 120  [36mtflops: 5.78  [35mmfu: 0.58%[39m
[rank0]:[titan] 2026-03-17 15:09:57,459 - root - INFO - [31mstep: 930  [32mloss:  2.7270  [38;2;180;60;0mgrad_norm:  1.9171  [38;2;54;234;195mmemory: 58.00GiB(73.01%)  [34mtps: 119  [36mtflops: 5.73  [35mmfu: 0.58%[39m
[rank0]:[titan] 2026-03-17 15:10:14,766 - root - INFO - [31mstep: 931  [32mloss:  2.7045  [38;2;180;60;0mgrad_norm:  1.8043  [38;2;54;234;195mmemory: 58.00GiB(73.01%)  [34mtps: 118  [36mtflops: 5.70  [35mmfu: 0.58%[39m
[rank0]:[titan] 2026-03-17 15:10:32,009 - root - INFO - [31mstep: 932  [32mloss:  2.6984  [38;2;180;60;0mgrad_norm:  1.8911  [38;2;54;234;195mmemory: 58.00GiB(73.01%)  [34mtps: 119  [36mtflops: 5.72  [35mmfu: 0.58%[39m
[rank0]:[titan] 2026-03-17 15:10:49,366 - root - INFO - [31mstep: 933  [32mloss:  2.8367  [38;2;180;60;0mgrad_norm:  1.7165  [38;2;54;234;195mmemory: 58.00GiB(73.01%)  [34mtps: 118  [36mtflops: 5.69  [35mmfu: 0.57%[39m
[rank0]:[titan] 2026-03-17 15:11:06,623 - root - INFO - [31mstep: 934  [32mloss:  2.7191  [38;2;180;60;0mgrad_norm:  2.4118  [38;2;54;234;195mmemory: 58.00GiB(73.01%)  [34mtps: 119  [36mtflops: 5.72  [35mmfu: 0.58%[39m
[rank0]:[titan] 2026-03-17 15:11:23,921 - root - INFO - [31mstep: 935  [32mloss:  2.7682  [38;2;180;60;0mgrad_norm:  1.8707  [38;2;54;234;195mmemory: 58.00GiB(73.01%)  [34mtps: 118  [36mtflops: 5.70  [35mmfu: 0.58%[39m
[rank0]:[titan] 2026-03-17 15:11:41,131 - root - INFO - [31mstep: 936  [32mloss:  2.8340  [38;2;180;60;0mgrad_norm:  1.7712  [38;2;54;234;195mmemory: 58.00GiB(73.01%)  [34mtps: 119  [36mtflops: 5.73  [35mmfu: 0.58%[39m
[rank0]:[titan] 2026-03-17 15:11:58,351 - root - INFO - [31mstep: 937  [32mloss:  2.7588  [38;2;180;60;0mgrad_norm:  1.8737  [38;2;54;234;195mmemory: 58.00GiB(73.01%)  [34mtps: 119  [36mtflops: 5.73  [35mmfu: 0.58%[39m
[rank0]:[titan] 2026-03-17 15:12:15,480 - root - INFO - [31mstep: 938  [32mloss:  2.7500  [38;2;180;60;0mgrad_norm:  2.0401  [38;2;54;234;195mmemory: 58.00GiB(73.01%)  [34mtps: 120  [36mtflops: 5.76  [35mmfu: 0.58%[39m
[rank0]:[titan] 2026-03-17 15:12:32,638 - root - INFO - [31mstep: 939  [32mloss:  2.7797  [38;2;180;60;0mgrad_norm:  1.6471  [38;2;54;234;195mmemory: 58.00GiB(73.01%)  [34mtps: 119  [36mtflops: 5.75  [35mmfu: 0.58%[39m
[rank0]:[titan] 2026-03-17 15:12:49,844 - root - INFO - [31mstep: 940  [32mloss:  2.8045  [38;2;180;60;0mgrad_norm:  1.9149  [38;2;54;234;195mmemory: 58.00GiB(73.01%)  [34mtps: 119  [36mtflops: 5.74  [35mmfu: 0.58%[39m
[rank0]:[titan] 2026-03-17 15:13:07,062 - root - INFO - [31mstep: 941  [32mloss:  2.8653  [38;2;180;60;0mgrad_norm:  2.0515  [38;2;54;234;195mmemory: 58.00GiB(73.01%)  [34mtps: 119  [36mtflops: 5.73  [35mmfu: 0.58%[39m
[rank0]:[titan] 2026-03-17 15:13:24,347 - root - INFO - [31mstep: 942  [32mloss:  2.8017  [38;2;180;60;0mgrad_norm:  1.6480  [38;2;54;234;195mmemory: 58.00GiB(73.01%)  [34mtps: 118  [36mtflops: 5.71  [35mmfu: 0.58%[39m
[rank0]:[titan] 2026-03-17 15:13:41,467 - root - INFO - [31mstep: 943  [32mloss:  2.7796  [38;2;180;60;0mgrad_norm:  1.8623  [38;2;54;234;195mmemory: 58.00GiB(73.01%)  [34mtps: 120  [36mtflops: 5.76  [35mmfu: 0.58%[39m
[rank0]:[titan] 2026-03-17 15:13:58,819 - root - INFO - [31mstep: 944  [32mloss:  2.7779  [38;2;180;60;0mgrad_norm:  1.9508  [38;2;54;234;195mmemory: 58.00GiB(73.01%)  [34mtps: 118  [36mtflops: 5.69  [35mmfu: 0.58%[39m
[rank0]:[titan] 2026-03-17 15:14:16,222 - root - INFO - [31mstep: 945  [32mloss:  2.7711  [38;2;180;60;0mgrad_norm:  1.8860  [38;2;54;234;195mmemory: 58.00GiB(73.01%)  [34mtps: 118  [36mtflops: 5.67  [35mmfu: 0.57%[39m
[rank0]:[titan] 2026-03-17 15:14:33,279 - root - INFO - [31mstep: 946  [32mloss:  2.7719  [38;2;180;60;0mgrad_norm:  1.8188  [38;2;54;234;195mmemory: 58.00GiB(73.01%)  [34mtps: 120  [36mtflops: 5.79  [35mmfu: 0.58%[39m
[rank0]:[titan] 2026-03-17 15:14:50,289 - root - INFO - [31mstep: 947  [32mloss:  2.8048  [38;2;180;60;0mgrad_norm:  2.0317  [38;2;54;234;195mmemory: 58.00GiB(73.01%)  [34mtps: 120  [36mtflops: 5.80  [35mmfu: 0.59%[39m
[rank0]:[titan] 2026-03-17 15:15:07,529 - root - INFO - [31mstep: 948  [32mloss:  2.8447  [38;2;180;60;0mgrad_norm:  2.3479  [38;2;54;234;195mmemory: 58.00GiB(73.01%)  [34mtps: 119  [36mtflops: 5.72  [35mmfu: 0.58%[39m
[rank0]:[titan] 2026-03-17 15:15:24,871 - root - INFO - [31mstep: 949  [32mloss:  2.8429  [38;2;180;60;0mgrad_norm:  2.0792  [38;2;54;234;195mmemory: 58.00GiB(73.01%)  [34mtps: 118  [36mtflops: 5.69  [35mmfu: 0.58%[39m
[rank0]:[titan] 2026-03-17 15:15:42,173 - root - INFO - [31mstep: 950  [32mloss:  2.7483  [38;2;180;60;0mgrad_norm:  1.7568  [38;2;54;234;195mmemory: 58.00GiB(73.01%)  [34mtps: 118  [36mtflops: 5.70  [35mmfu: 0.58%[39m
[rank0]:[titan] 2026-03-17 15:15:59,481 - root - INFO - [31mstep: 951  [32mloss:  2.7752  [38;2;180;60;0mgrad_norm:  2.0774  [38;2;54;234;195mmemory: 58.00GiB(73.01%)  [34mtps: 118  [36mtflops: 5.70  [35mmfu: 0.58%[39m
[rank0]:[titan] 2026-03-17 15:16:16,825 - root - INFO - [31mstep: 952  [32mloss:  2.7464  [38;2;180;60;0mgrad_norm:  2.3024  [38;2;54;234;195mmemory: 58.00GiB(73.01%)  [34mtps: 118  [36mtflops: 5.69  [35mmfu: 0.58%[39m
[rank0]:[titan] 2026-03-17 15:16:33,995 - root - INFO - [31mstep: 953  [32mloss:  2.7591  [38;2;180;60;0mgrad_norm:  1.7679  [38;2;54;234;195mmemory: 58.00GiB(73.01%)  [34mtps: 119  [36mtflops: 5.75  [35mmfu: 0.58%[39m
[rank0]:[titan] 2026-03-17 15:16:51,328 - root - INFO - [31mstep: 954  [32mloss:  2.7686  [38;2;180;60;0mgrad_norm:  2.4354  [38;2;54;234;195mmemory: 58.00GiB(73.01%)  [34mtps: 118  [36mtflops: 5.69  [35mmfu: 0.58%[39m
[rank0]:[titan] 2026-03-17 15:17:08,574 - root - INFO - [31mstep: 955  [32mloss:  2.7489  [38;2;180;60;0mgrad_norm:  2.1664  [38;2;54;234;195mmemory: 58.00GiB(73.01%)  [34mtps: 119  [36mtflops: 5.72  [35mmfu: 0.58%[39m
[rank0]:[titan] 2026-03-17 15:17:25,861 - root - INFO - [31mstep: 956  [32mloss:  2.7369  [38;2;180;60;0mgrad_norm:  1.8550  [38;2;54;234;195mmemory: 58.00GiB(73.01%)  [34mtps: 118  [36mtflops: 5.71  [35mmfu: 0.58%[39m
[rank0]:[titan] 2026-03-17 15:17:43,143 - root - INFO - [31mstep: 957  [32mloss:  2.7000  [38;2;180;60;0mgrad_norm:  2.0526  [38;2;54;234;195mmemory: 58.00GiB(73.01%)  [34mtps: 119  [36mtflops: 5.71  [35mmfu: 0.58%[39m
[rank0]:[titan] 2026-03-17 15:18:00,395 - root - INFO - [31mstep: 958  [32mloss:  2.7590  [38;2;180;60;0mgrad_norm:  1.6405  [38;2;54;234;195mmemory: 58.00GiB(73.01%)  [34mtps: 119  [36mtflops: 5.72  [35mmfu: 0.58%[39m
[rank0]:[titan] 2026-03-17 15:18:17,643 - root - INFO - [31mstep: 959  [32mloss:  2.7726  [38;2;180;60;0mgrad_norm:  1.6852  [38;2;54;234;195mmemory: 58.00GiB(73.01%)  [34mtps: 119  [36mtflops: 5.72  [35mmfu: 0.58%[39m
[rank0]:[titan] 2026-03-17 15:18:34,889 - root - INFO - [31mstep: 960  [32mloss:  2.7531  [38;2;180;60;0mgrad_norm:  1.9658  [38;2;54;234;195mmemory: 58.00GiB(73.01%)  [34mtps: 119  [36mtflops: 5.72  [35mmfu: 0.58%[39m
[rank0]:[titan] 2026-03-17 15:18:51,985 - root - INFO - [31mstep: 961  [32mloss:  2.8072  [38;2;180;60;0mgrad_norm:  1.8833  [38;2;54;234;195mmemory: 58.00GiB(73.01%)  [34mtps: 120  [36mtflops: 5.77  [35mmfu: 0.58%[39m
[rank0]:[titan] 2026-03-17 15:19:09,150 - root - INFO - [31mstep: 962  [32mloss:  2.8234  [38;2;180;60;0mgrad_norm:  1.8512  [38;2;54;234;195mmemory: 58.00GiB(73.01%)  [34mtps: 119  [36mtflops: 5.75  [35mmfu: 0.58%[39m
[rank0]:[titan] 2026-03-17 15:19:26,329 - root - INFO - [31mstep: 963  [32mloss:  2.7736  [38;2;180;60;0mgrad_norm:  1.7808  [38;2;54;234;195mmemory: 58.00GiB(73.01%)  [34mtps: 119  [36mtflops: 5.74  [35mmfu: 0.58%[39m
[rank0]:[titan] 2026-03-17 15:19:43,562 - root - INFO - [31mstep: 964  [32mloss:  2.8526  [38;2;180;60;0mgrad_norm:  2.4624  [38;2;54;234;195mmemory: 58.00GiB(73.01%)  [34mtps: 119  [36mtflops: 5.73  [35mmfu: 0.58%[39m
[rank0]:[titan] 2026-03-17 15:20:00,845 - root - INFO - [31mstep: 965  [32mloss:  2.7440  [38;2;180;60;0mgrad_norm:  1.7714  [38;2;54;234;195mmemory: 58.00GiB(73.01%)  [34mtps: 119  [36mtflops: 5.71  [35mmfu: 0.58%[39m
[rank0]:[titan] 2026-03-17 15:20:18,314 - root - INFO - [31mstep: 966  [32mloss:  2.7393  [38;2;180;60;0mgrad_norm:  2.1707  [38;2;54;234;195mmemory: 58.00GiB(73.01%)  [34mtps: 117  [36mtflops: 5.65  [35mmfu: 0.57%[39m
[rank0]:[titan] 2026-03-17 15:20:35,481 - root - INFO - [31mstep: 967  [32mloss:  2.7596  [38;2;180;60;0mgrad_norm:  1.5875  [38;2;54;234;195mmemory: 58.00GiB(73.01%)  [34mtps: 119  [36mtflops: 5.75  [35mmfu: 0.58%[39m
[rank0]:[titan] 2026-03-17 15:20:52,747 - root - INFO - [31mstep: 968  [32mloss:  2.7315  [38;2;180;60;0mgrad_norm:  2.1634  [38;2;54;234;195mmemory: 58.00GiB(73.01%)  [34mtps: 119  [36mtflops: 5.72  [35mmfu: 0.58%[39m
[rank0]:[titan] 2026-03-17 15:21:10,163 - root - INFO - [31mstep: 969  [32mloss:  2.7310  [38;2;180;60;0mgrad_norm:  1.5652  [38;2;54;234;195mmemory: 58.00GiB(73.01%)  [34mtps: 118  [36mtflops: 5.67  [35mmfu: 0.57%[39m
[rank0]:[titan] 2026-03-17 15:21:27,273 - root - INFO - [31mstep: 970  [32mloss:  2.7172  [38;2;180;60;0mgrad_norm:  1.8964  [38;2;54;234;195mmemory: 58.00GiB(73.01%)  [34mtps: 120  [36mtflops: 5.77  [35mmfu: 0.58%[39m
[rank0]:[titan] 2026-03-17 15:21:44,526 - root - INFO - [31mstep: 971  [32mloss:  2.7509  [38;2;180;60;0mgrad_norm:  1.7173  [38;2;54;234;195mmemory: 58.00GiB(73.01%)  [34mtps: 119  [36mtflops: 5.72  [35mmfu: 0.58%[39m
[rank0]:[titan] 2026-03-17 15:22:01,670 - root - INFO - [31mstep: 972  [32mloss:  2.7348  [38;2;180;60;0mgrad_norm:  2.2549  [38;2;54;234;195mmemory: 58.00GiB(73.01%)  [34mtps: 119  [36mtflops: 5.76  [35mmfu: 0.58%[39m
[rank0]:[titan] 2026-03-17 15:22:18,992 - root - INFO - [31mstep: 973  [32mloss:  2.7687  [38;2;180;60;0mgrad_norm:  1.8110  [38;2;54;234;195mmemory: 58.00GiB(73.01%)  [34mtps: 118  [36mtflops: 5.70  [35mmfu: 0.58%[39m
[rank0]:[titan] 2026-03-17 15:22:36,334 - root - INFO - [31mstep: 974  [32mloss:  2.8211  [38;2;180;60;0mgrad_norm:  2.0150  [38;2;54;234;195mmemory: 58.00GiB(73.01%)  [34mtps: 118  [36mtflops: 5.69  [35mmfu: 0.58%[39m
[rank0]:[titan] 2026-03-17 15:22:53,614 - root - INFO - [31mstep: 975  [32mloss:  2.7380  [38;2;180;60;0mgrad_norm:  1.8260  [38;2;54;234;195mmemory: 58.00GiB(73.01%)  [34mtps: 119  [36mtflops: 5.71  [35mmfu: 0.58%[39m
[rank0]:[titan] 2026-03-17 15:23:10,927 - root - INFO - [31mstep: 976  [32mloss:  2.7310  [38;2;180;60;0mgrad_norm:  2.0134  [38;2;54;234;195mmemory: 58.00GiB(73.01%)  [34mtps: 118  [36mtflops: 5.70  [35mmfu: 0.58%[39m
[rank0]:[titan] 2026-03-17 15:23:28,305 - root - INFO - [31mstep: 977  [32mloss:  2.7128  [38;2;180;60;0mgrad_norm:  1.4698  [38;2;54;234;195mmemory: 58.00GiB(73.01%)  [34mtps: 118  [36mtflops: 5.68  [35mmfu: 0.57%[39m
[rank0]:[titan] 2026-03-17 15:23:45,561 - root - INFO - [31mstep: 978  [32mloss:  2.6908  [38;2;180;60;0mgrad_norm:  2.9232  [38;2;54;234;195mmemory: 58.00GiB(73.01%)  [34mtps: 119  [36mtflops: 5.72  [35mmfu: 0.58%[39m
[rank0]:[titan] 2026-03-17 15:24:02,785 - root - INFO - [31mstep: 979  [32mloss:  2.7655  [38;2;180;60;0mgrad_norm:  3.0200  [38;2;54;234;195mmemory: 58.00GiB(73.01%)  [34mtps: 119  [36mtflops: 5.73  [35mmfu: 0.58%[39m
[rank0]:[titan] 2026-03-17 15:24:19,955 - root - INFO - [31mstep: 980  [32mloss:  2.6824  [38;2;180;60;0mgrad_norm:  1.6077  [38;2;54;234;195mmemory: 58.00GiB(73.01%)  [34mtps: 119  [36mtflops: 5.75  [35mmfu: 0.58%[39m
[rank0]:[titan] 2026-03-17 15:24:37,297 - root - INFO - [31mstep: 981  [32mloss:  2.7718  [38;2;180;60;0mgrad_norm:  2.3795  [38;2;54;234;195mmemory: 58.00GiB(73.01%)  [34mtps: 118  [36mtflops: 5.69  [35mmfu: 0.58%[39m
[rank0]:[titan] 2026-03-17 15:24:54,674 - root - INFO - [31mstep: 982  [32mloss:  2.7836  [38;2;180;60;0mgrad_norm:  2.4378  [38;2;54;234;195mmemory: 58.00GiB(73.01%)  [34mtps: 118  [36mtflops: 5.68  [35mmfu: 0.57%[39m
[rank0]:[titan] 2026-03-17 15:25:11,934 - root - INFO - [31mstep: 983  [32mloss:  2.8154  [38;2;180;60;0mgrad_norm:  2.3527  [38;2;54;234;195mmemory: 58.00GiB(73.01%)  [34mtps: 119  [36mtflops: 5.72  [35mmfu: 0.58%[39m
[rank0]:[titan] 2026-03-17 15:25:29,148 - root - INFO - [31mstep: 984  [32mloss:  2.7338  [38;2;180;60;0mgrad_norm:  1.8060  [38;2;54;234;195mmemory: 58.00GiB(73.01%)  [34mtps: 119  [36mtflops: 5.73  [35mmfu: 0.58%[39m
[rank0]:[titan] 2026-03-17 15:25:46,392 - root - INFO - [31mstep: 985  [32mloss:  2.7474  [38;2;180;60;0mgrad_norm:  2.2862  [38;2;54;234;195mmemory: 58.00GiB(73.01%)  [34mtps: 119  [36mtflops: 5.72  [35mmfu: 0.58%[39m
[rank0]:[titan] 2026-03-17 15:26:03,550 - root - INFO - [31mstep: 986  [32mloss:  2.7791  [38;2;180;60;0mgrad_norm:  2.2246  [38;2;54;234;195mmemory: 58.00GiB(73.01%)  [34mtps: 119  [36mtflops: 5.75  [35mmfu: 0.58%[39m
[rank0]:[titan] 2026-03-17 15:26:20,514 - root - INFO - [31mstep: 987  [32mloss:  2.7226  [38;2;180;60;0mgrad_norm:  1.3845  [38;2;54;234;195mmemory: 58.00GiB(73.01%)  [34mtps: 121  [36mtflops: 5.82  [35mmfu: 0.59%[39m
[rank0]:[titan] 2026-03-17 15:26:37,585 - root - INFO - [31mstep: 988  [32mloss:  2.6919  [38;2;180;60;0mgrad_norm:  1.9590  [38;2;54;234;195mmemory: 58.00GiB(73.01%)  [34mtps: 120  [36mtflops: 5.78  [35mmfu: 0.58%[39m
[rank0]:[titan] 2026-03-17 15:26:55,103 - root - INFO - [31mstep: 989  [32mloss:  2.6894  [38;2;180;60;0mgrad_norm:  1.1742  [38;2;54;234;195mmemory: 58.00GiB(73.01%)  [34mtps: 117  [36mtflops: 5.63  [35mmfu: 0.57%[39m
[rank0]:[titan] 2026-03-17 15:27:12,319 - root - INFO - [31mstep: 990  [32mloss:  2.7309  [38;2;180;60;0mgrad_norm:  2.1658  [38;2;54;234;195mmemory: 58.00GiB(73.01%)  [34mtps: 119  [36mtflops: 5.73  [35mmfu: 0.58%[39m
[rank0]:[titan] 2026-03-17 15:27:29,645 - root - INFO - [31mstep: 991  [32mloss:  2.7468  [38;2;180;60;0mgrad_norm:  2.2850  [38;2;54;234;195mmemory: 58.00GiB(73.01%)  [34mtps: 118  [36mtflops: 5.70  [35mmfu: 0.58%[39m
[rank0]:[titan] 2026-03-17 15:27:46,881 - root - INFO - [31mstep: 992  [32mloss:  2.7732  [38;2;180;60;0mgrad_norm:  2.0942  [38;2;54;234;195mmemory: 58.00GiB(73.01%)  [34mtps: 119  [36mtflops: 5.73  [35mmfu: 0.58%[39m
[rank0]:[titan] 2026-03-17 15:28:04,032 - root - INFO - [31mstep: 993  [32mloss:  2.7788  [38;2;180;60;0mgrad_norm:  1.8253  [38;2;54;234;195mmemory: 58.00GiB(73.01%)  [34mtps: 119  [36mtflops: 5.75  [35mmfu: 0.58%[39m
[rank0]:[titan] 2026-03-17 15:28:21,359 - root - INFO - [31mstep: 994  [32mloss:  2.7583  [38;2;180;60;0mgrad_norm:  2.0394  [38;2;54;234;195mmemory: 58.00GiB(73.01%)  [34mtps: 118  [36mtflops: 5.69  [35mmfu: 0.58%[39m
[rank0]:[titan] 2026-03-17 15:28:38,637 - root - INFO - [31mstep: 995  [32mloss:  2.7891  [38;2;180;60;0mgrad_norm:  2.2426  [38;2;54;234;195mmemory: 58.00GiB(73.01%)  [34mtps: 119  [36mtflops: 5.71  [35mmfu: 0.58%[39m
[rank0]:[titan] 2026-03-17 15:28:55,804 - root - INFO - [31mstep: 996  [32mloss:  2.7674  [38;2;180;60;0mgrad_norm:  2.0425  [38;2;54;234;195mmemory: 58.00GiB(73.01%)  [34mtps: 119  [36mtflops: 5.75  [35mmfu: 0.58%[39m
[rank0]:[titan] 2026-03-17 15:29:13,188 - root - INFO - [31mstep: 997  [32mloss:  2.7930  [38;2;180;60;0mgrad_norm:  2.0281  [38;2;54;234;195mmemory: 58.00GiB(73.01%)  [34mtps: 118  [36mtflops: 5.68  [35mmfu: 0.57%[39m
[rank0]:[titan] 2026-03-17 15:29:30,442 - root - INFO - [31mstep: 998  [32mloss:  2.6975  [38;2;180;60;0mgrad_norm:  1.5552  [38;2;54;234;195mmemory: 58.00GiB(73.01%)  [34mtps: 119  [36mtflops: 5.72  [35mmfu: 0.58%[39m
[rank0]:[titan] 2026-03-17 15:29:47,682 - root - INFO - [31mstep: 999  [32mloss:  2.7563  [38;2;180;60;0mgrad_norm:  2.0743  [38;2;54;234;195mmemory: 58.00GiB(73.01%)  [34mtps: 119  [36mtflops: 5.72  [35mmfu: 0.58%[39m
[rank0]:[titan] 2026-03-17 15:30:05,022 - root - INFO - [31mstep: 1000  [32mloss:  2.7500  [38;2;180;60;0mgrad_norm:  2.0164  [38;2;54;234;195mmemory: 58.00GiB(73.01%)  [34mtps: 118  [36mtflops: 5.69  [35mmfu: 0.58%[39m
[rank0]:[titan] 2026-03-17 15:30:22,398 - root - INFO - [31mstep: 1001  [32mloss:  2.7388  [38;2;180;60;0mgrad_norm:  1.2678  [38;2;54;234;195mmemory: 58.00GiB(73.01%)  [34mtps: 118  [36mtflops: 5.68  [35mmfu: 0.57%[39m
[rank0]:[titan] 2026-03-17 15:30:39,665 - root - INFO - [31mstep: 1002  [32mloss:  2.6323  [38;2;180;60;0mgrad_norm:  1.9382  [38;2;54;234;195mmemory: 58.00GiB(73.01%)  [34mtps: 119  [36mtflops: 5.71  [35mmfu: 0.58%[39m
[rank0]:[titan] 2026-03-17 15:30:57,013 - root - INFO - [31mstep: 1003  [32mloss:  2.6443  [38;2;180;60;0mgrad_norm:  1.6512  [38;2;54;234;195mmemory: 58.00GiB(73.01%)  [34mtps: 118  [36mtflops: 5.69  [35mmfu: 0.58%[39m
[rank0]:[titan] 2026-03-17 15:31:14,303 - root - INFO - [31mstep: 1004  [32mloss:  2.6778  [38;2;180;60;0mgrad_norm:  1.9624  [38;2;54;234;195mmemory: 58.00GiB(73.01%)  [34mtps: 118  [36mtflops: 5.71  [35mmfu: 0.58%[39m
[rank0]:[titan] 2026-03-17 15:31:31,719 - root - INFO - [31mstep: 1005  [32mloss:  2.7480  [38;2;180;60;0mgrad_norm:  1.7716  [38;2;54;234;195mmemory: 58.00GiB(73.01%)  [34mtps: 118  [36mtflops: 5.67  [35mmfu: 0.57%[39m
[rank0]:[titan] 2026-03-17 15:31:48,961 - root - INFO - [31mstep: 1006  [32mloss:  2.6369  [38;2;180;60;0mgrad_norm:  2.0212  [38;2;54;234;195mmemory: 58.00GiB(73.01%)  [34mtps: 119  [36mtflops: 5.72  [35mmfu: 0.58%[39m
[rank0]:[titan] 2026-03-17 15:32:06,172 - root - INFO - [31mstep: 1007  [32mloss:  2.7221  [38;2;180;60;0mgrad_norm:  1.9889  [38;2;54;234;195mmemory: 58.00GiB(73.01%)  [34mtps: 119  [36mtflops: 5.73  [35mmfu: 0.58%[39m
[rank0]:[titan] 2026-03-17 15:32:23,248 - root - INFO - [31mstep: 1008  [32mloss:  2.7154  [38;2;180;60;0mgrad_norm:  1.7770  [38;2;54;234;195mmemory: 58.00GiB(73.01%)  [34mtps: 120  [36mtflops: 5.78  [35mmfu: 0.58%[39m
[rank0]:[titan] 2026-03-17 15:32:40,506 - root - INFO - [31mstep: 1009  [32mloss:  2.7147  [38;2;180;60;0mgrad_norm:  1.4559  [38;2;54;234;195mmemory: 58.00GiB(73.01%)  [34mtps: 119  [36mtflops: 5.72  [35mmfu: 0.58%[39m
[rank0]:[titan] 2026-03-17 15:32:57,895 - root - INFO - [31mstep: 1010  [32mloss:  2.7552  [38;2;180;60;0mgrad_norm:  1.7832  [38;2;54;234;195mmemory: 58.00GiB(73.01%)  [34mtps: 118  [36mtflops: 5.67  [35mmfu: 0.57%[39m
[rank0]:[titan] 2026-03-17 15:33:15,158 - root - INFO - [31mstep: 1011  [32mloss:  2.6787  [38;2;180;60;0mgrad_norm:  1.3559  [38;2;54;234;195mmemory: 58.00GiB(73.01%)  [34mtps: 119  [36mtflops: 5.72  [35mmfu: 0.58%[39m
[rank0]:[titan] 2026-03-17 15:33:32,404 - root - INFO - [31mstep: 1012  [32mloss:  2.7705  [38;2;180;60;0mgrad_norm:  1.8759  [38;2;54;234;195mmemory: 58.00GiB(73.01%)  [34mtps: 119  [36mtflops: 5.72  [35mmfu: 0.58%[39m
[rank0]:[titan] 2026-03-17 15:33:49,495 - root - INFO - [31mstep: 1013  [32mloss:  2.7030  [38;2;180;60;0mgrad_norm:  1.7108  [38;2;54;234;195mmemory: 58.00GiB(73.01%)  [34mtps: 120  [36mtflops: 5.77  [35mmfu: 0.58%[39m
[rank0]:[titan] 2026-03-17 15:34:06,668 - root - INFO - [31mstep: 1014  [32mloss:  2.6944  [38;2;180;60;0mgrad_norm:  1.6530  [38;2;54;234;195mmemory: 58.00GiB(73.01%)  [34mtps: 119  [36mtflops: 5.75  [35mmfu: 0.58%[39m
[rank0]:[titan] 2026-03-17 15:34:23,824 - root - INFO - [31mstep: 1015  [32mloss:  2.7409  [38;2;180;60;0mgrad_norm:  1.7642  [38;2;54;234;195mmemory: 58.00GiB(73.01%)  [34mtps: 119  [36mtflops: 5.75  [35mmfu: 0.58%[39m
[rank0]:[titan] 2026-03-17 15:34:41,073 - root - INFO - [31mstep: 1016  [32mloss:  2.7752  [38;2;180;60;0mgrad_norm:  1.2230  [38;2;54;234;195mmemory: 58.00GiB(73.01%)  [34mtps: 119  [36mtflops: 5.72  [35mmfu: 0.58%[39m
[rank0]:[titan] 2026-03-17 15:34:58,155 - root - INFO - [31mstep: 1017  [32mloss:  2.7729  [38;2;180;60;0mgrad_norm:  2.1000  [38;2;54;234;195mmemory: 58.00GiB(73.01%)  [34mtps: 120  [36mtflops: 5.78  [35mmfu: 0.58%[39m
[rank0]:[titan] 2026-03-17 15:35:15,566 - root - INFO - [31mstep: 1018  [32mloss:  2.6693  [38;2;180;60;0mgrad_norm:  1.9846  [38;2;54;234;195mmemory: 58.00GiB(73.01%)  [34mtps: 118  [36mtflops: 5.67  [35mmfu: 0.57%[39m
[rank0]:[titan] 2026-03-17 15:35:32,813 - root - INFO - [31mstep: 1019  [32mloss:  2.6915  [38;2;180;60;0mgrad_norm:  1.7589  [38;2;54;234;195mmemory: 58.00GiB(73.01%)  [34mtps: 119  [36mtflops: 5.72  [35mmfu: 0.58%[39m
[rank0]:[titan] 2026-03-17 15:35:50,655 - root - INFO - [31mstep: 1020  [32mloss:  2.7068  [38;2;180;60;0mgrad_norm:  2.2284  [38;2;54;234;195mmemory: 58.00GiB(73.01%)  [34mtps: 115  [36mtflops: 5.53  [35mmfu: 0.56%[39m
[rank0]:[titan] 2026-03-17 15:36:07,869 - root - INFO - [31mstep: 1021  [32mloss:  2.7855  [38;2;180;60;0mgrad_norm:  2.5156  [38;2;54;234;195mmemory: 58.00GiB(73.01%)  [34mtps: 119  [36mtflops: 5.73  [35mmfu: 0.58%[39m
[rank0]:[titan] 2026-03-17 15:36:25,124 - root - INFO - [31mstep: 1022  [32mloss:  2.7215  [38;2;180;60;0mgrad_norm:  1.8565  [38;2;54;234;195mmemory: 58.00GiB(73.01%)  [34mtps: 119  [36mtflops: 5.72  [35mmfu: 0.58%[39m
[rank0]:[titan] 2026-03-17 15:36:42,154 - root - INFO - [31mstep: 1023  [32mloss:  2.7592  [38;2;180;60;0mgrad_norm:  1.6283  [38;2;54;234;195mmemory: 58.00GiB(73.01%)  [34mtps: 120  [36mtflops: 5.79  [35mmfu: 0.59%[39m
[rank0]:[titan] 2026-03-17 15:36:59,287 - root - INFO - [31mstep: 1024  [32mloss:  2.7683  [38;2;180;60;0mgrad_norm:  1.8825  [38;2;54;234;195mmemory: 58.00GiB(73.01%)  [34mtps: 120  [36mtflops: 5.76  [35mmfu: 0.58%[39m
[rank0]:[titan] 2026-03-17 15:37:16,568 - root - INFO - [31mstep: 1025  [32mloss:  2.7297  [38;2;180;60;0mgrad_norm:  1.6688  [38;2;54;234;195mmemory: 58.00GiB(73.01%)  [34mtps: 119  [36mtflops: 5.71  [35mmfu: 0.58%[39m
[rank0]:[titan] 2026-03-17 15:37:33,814 - root - INFO - [31mstep: 1026  [32mloss:  2.7945  [38;2;180;60;0mgrad_norm:  2.2700  [38;2;54;234;195mmemory: 58.00GiB(73.01%)  [34mtps: 119  [36mtflops: 5.72  [35mmfu: 0.58%[39m
[rank0]:[titan] 2026-03-17 15:37:50,844 - root - INFO - [31mstep: 1027  [32mloss:  2.7818  [38;2;180;60;0mgrad_norm:  2.0326  [38;2;54;234;195mmemory: 58.00GiB(73.01%)  [34mtps: 120  [36mtflops: 5.79  [35mmfu: 0.59%[39m
[rank0]:[titan] 2026-03-17 15:38:08,096 - root - INFO - [31mstep: 1028  [32mloss:  2.7381  [38;2;180;60;0mgrad_norm:  1.6949  [38;2;54;234;195mmemory: 58.00GiB(73.01%)  [34mtps: 119  [36mtflops: 5.72  [35mmfu: 0.58%[39m
[rank0]:[titan] 2026-03-17 15:38:25,441 - root - INFO - [31mstep: 1029  [32mloss:  2.7073  [38;2;180;60;0mgrad_norm:  1.8119  [38;2;54;234;195mmemory: 58.00GiB(73.01%)  [34mtps: 118  [36mtflops: 5.69  [35mmfu: 0.58%[39m
[rank0]:[titan] 2026-03-17 15:38:42,732 - root - INFO - [31mstep: 1030  [32mloss:  2.7529  [38;2;180;60;0mgrad_norm:  1.9825  [38;2;54;234;195mmemory: 58.00GiB(73.01%)  [34mtps: 118  [36mtflops: 5.71  [35mmfu: 0.58%[39m
[rank0]:[titan] 2026-03-17 15:38:59,954 - root - INFO - [31mstep: 1031  [32mloss:  2.6904  [38;2;180;60;0mgrad_norm:  1.2989  [38;2;54;234;195mmemory: 58.00GiB(73.01%)  [34mtps: 119  [36mtflops: 5.73  [35mmfu: 0.58%[39m
[rank0]:[titan] 2026-03-17 15:39:17,156 - root - INFO - [31mstep: 1032  [32mloss:  2.6820  [38;2;180;60;0mgrad_norm:  2.2314  [38;2;54;234;195mmemory: 58.00GiB(73.01%)  [34mtps: 119  [36mtflops: 5.74  [35mmfu: 0.58%[39m
[rank0]:[titan] 2026-03-17 15:39:34,231 - root - INFO - [31mstep: 1033  [32mloss:  2.7221  [38;2;180;60;0mgrad_norm:  2.0881  [38;2;54;234;195mmemory: 58.00GiB(73.01%)  [34mtps: 120  [36mtflops: 5.78  [35mmfu: 0.58%[39m
[rank0]:[titan] 2026-03-17 15:39:51,460 - root - INFO - [31mstep: 1034  [32mloss:  2.6700  [38;2;180;60;0mgrad_norm:  1.3756  [38;2;54;234;195mmemory: 58.00GiB(73.01%)  [34mtps: 119  [36mtflops: 5.73  [35mmfu: 0.58%[39m
[rank0]:[titan] 2026-03-17 15:40:08,460 - root - INFO - [31mstep: 1035  [32mloss:  2.7230  [38;2;180;60;0mgrad_norm:  1.8335  [38;2;54;234;195mmemory: 58.00GiB(73.01%)  [34mtps: 120  [36mtflops: 5.80  [35mmfu: 0.59%[39m
[rank0]:[titan] 2026-03-17 15:40:25,513 - root - INFO - [31mstep: 1036  [32mloss:  2.6911  [38;2;180;60;0mgrad_norm:  1.8137  [38;2;54;234;195mmemory: 58.00GiB(73.01%)  [34mtps: 120  [36mtflops: 5.79  [35mmfu: 0.59%[39m
[rank0]:[titan] 2026-03-17 15:40:42,703 - root - INFO - [31mstep: 1037  [32mloss:  2.6908  [38;2;180;60;0mgrad_norm:  1.7992  [38;2;54;234;195mmemory: 58.00GiB(73.01%)  [34mtps: 119  [36mtflops: 5.74  [35mmfu: 0.58%[39m
[rank0]:[titan] 2026-03-17 15:40:59,902 - root - INFO - [31mstep: 1038  [32mloss:  2.6768  [38;2;180;60;0mgrad_norm:  1.4130  [38;2;54;234;195mmemory: 58.00GiB(73.01%)  [34mtps: 119  [36mtflops: 5.74  [35mmfu: 0.58%[39m
[rank0]:[titan] 2026-03-17 15:41:17,161 - root - INFO - [31mstep: 1039  [32mloss:  2.6608  [38;2;180;60;0mgrad_norm:  2.1528  [38;2;54;234;195mmemory: 58.00GiB(73.01%)  [34mtps: 119  [36mtflops: 5.72  [35mmfu: 0.58%[39m
[rank0]:[titan] 2026-03-17 15:41:34,459 - root - INFO - [31mstep: 1040  [32mloss:  2.6659  [38;2;180;60;0mgrad_norm:  2.0187  [38;2;54;234;195mmemory: 58.00GiB(73.01%)  [34mtps: 118  [36mtflops: 5.70  [35mmfu: 0.58%[39m
[rank0]:[titan] 2026-03-17 15:41:51,736 - root - INFO - [31mstep: 1041  [32mloss:  2.6922  [38;2;180;60;0mgrad_norm:  1.7759  [38;2;54;234;195mmemory: 58.00GiB(73.01%)  [34mtps: 119  [36mtflops: 5.71  [35mmfu: 0.58%[39m
[rank0]:[titan] 2026-03-17 15:42:08,812 - root - INFO - [31mstep: 1042  [32mloss:  2.6925  [38;2;180;60;0mgrad_norm:  1.9859  [38;2;54;234;195mmemory: 58.00GiB(73.01%)  [34mtps: 120  [36mtflops: 5.78  [35mmfu: 0.58%[39m
[rank0]:[titan] 2026-03-17 15:42:26,077 - root - INFO - [31mstep: 1043  [32mloss:  2.7136  [38;2;180;60;0mgrad_norm:  2.1492  [38;2;54;234;195mmemory: 58.00GiB(73.01%)  [34mtps: 119  [36mtflops: 5.72  [35mmfu: 0.58%[39m
[rank0]:[titan] 2026-03-17 15:42:43,344 - root - INFO - [31mstep: 1044  [32mloss:  2.7802  [38;2;180;60;0mgrad_norm:  1.6692  [38;2;54;234;195mmemory: 58.00GiB(73.01%)  [34mtps: 119  [36mtflops: 5.71  [35mmfu: 0.58%[39m
[rank0]:[titan] 2026-03-17 15:43:00,778 - root - INFO - [31mstep: 1045  [32mloss:  2.7148  [38;2;180;60;0mgrad_norm:  1.9500  [38;2;54;234;195mmemory: 58.00GiB(73.01%)  [34mtps: 117  [36mtflops: 5.66  [35mmfu: 0.57%[39m
[rank0]:[titan] 2026-03-17 15:43:18,192 - root - INFO - [31mstep: 1046  [32mloss:  2.7278  [38;2;180;60;0mgrad_norm:  2.1507  [38;2;54;234;195mmemory: 58.00GiB(73.01%)  [34mtps: 118  [36mtflops: 5.67  [35mmfu: 0.57%[39m
[rank0]:[titan] 2026-03-17 15:43:35,396 - root - INFO - [31mstep: 1047  [32mloss:  2.7771  [38;2;180;60;0mgrad_norm:  1.7603  [38;2;54;234;195mmemory: 58.00GiB(73.01%)  [34mtps: 119  [36mtflops: 5.74  [35mmfu: 0.58%[39m
[rank0]:[titan] 2026-03-17 15:43:52,752 - root - INFO - [31mstep: 1048  [32mloss:  2.7258  [38;2;180;60;0mgrad_norm:  1.7031  [38;2;54;234;195mmemory: 58.00GiB(73.01%)  [34mtps: 118  [36mtflops: 5.69  [35mmfu: 0.57%[39m
[rank0]:[titan] 2026-03-17 15:44:09,932 - root - INFO - [31mstep: 1049  [32mloss:  2.7882  [38;2;180;60;0mgrad_norm:  1.5325  [38;2;54;234;195mmemory: 58.00GiB(73.01%)  [34mtps: 119  [36mtflops: 5.74  [35mmfu: 0.58%[39m
[rank0]:[titan] 2026-03-17 15:44:27,366 - root - INFO - [31mstep: 1050  [32mloss:  2.8451  [38;2;180;60;0mgrad_norm:  1.9613  [38;2;54;234;195mmemory: 58.00GiB(73.01%)  [34mtps: 117  [36mtflops: 5.66  [35mmfu: 0.57%[39m
[rank0]:[titan] 2026-03-17 15:44:44,427 - root - INFO - [31mstep: 1051  [32mloss:  2.7587  [38;2;180;60;0mgrad_norm:  1.4231  [38;2;54;234;195mmemory: 58.00GiB(73.01%)  [34mtps: 120  [36mtflops: 5.78  [35mmfu: 0.58%[39m
[rank0]:[titan] 2026-03-17 15:45:01,618 - root - INFO - [31mstep: 1052  [32mloss:  2.7751  [38;2;180;60;0mgrad_norm:  2.2094  [38;2;54;234;195mmemory: 58.00GiB(73.01%)  [34mtps: 119  [36mtflops: 5.74  [35mmfu: 0.58%[39m
[rank0]:[titan] 2026-03-17 15:45:18,764 - root - INFO - [31mstep: 1053  [32mloss:  2.7507  [38;2;180;60;0mgrad_norm:  2.1947  [38;2;54;234;195mmemory: 58.00GiB(73.01%)  [34mtps: 119  [36mtflops: 5.76  [35mmfu: 0.58%[39m
[rank0]:[titan] 2026-03-17 15:45:35,341 - root - INFO - [31mstep: 1054  [32mloss:  2.7997  [38;2;180;60;0mgrad_norm:  1.2128  [38;2;54;234;195mmemory: 58.00GiB(73.01%)  [34mtps: 124  [36mtflops: 5.95  [35mmfu: 0.60%[39m
[rank0]:[titan] 2026-03-17 15:45:52,991 - root - INFO - [31mstep: 1055  [32mloss:  2.7682  [38;2;180;60;0mgrad_norm:  1.5691  [38;2;54;234;195mmemory: 58.00GiB(73.01%)  [34mtps: 116  [36mtflops: 5.59  [35mmfu: 0.57%[39m
[rank0]:[titan] 2026-03-17 15:46:10,153 - root - INFO - [31mstep: 1056  [32mloss:  2.8017  [38;2;180;60;0mgrad_norm:  1.5952  [38;2;54;234;195mmemory: 58.00GiB(73.01%)  [34mtps: 119  [36mtflops: 5.75  [35mmfu: 0.58%[39m
[rank0]:[titan] 2026-03-17 15:46:27,301 - root - INFO - [31mstep: 1057  [32mloss:  2.7897  [38;2;180;60;0mgrad_norm:  1.2607  [38;2;54;234;195mmemory: 58.00GiB(73.01%)  [34mtps: 119  [36mtflops: 5.75  [35mmfu: 0.58%[39m
[rank0]:[titan] 2026-03-17 15:46:27,304 - root - WARNING - Dataset c4_test is being re-looped
[rank0]:[titan] 2026-03-17 15:46:44,389 - root - INFO - [31mstep: 1058  [32mloss:  2.7603  [38;2;180;60;0mgrad_norm:  1.4266  [38;2;54;234;195mmemory: 58.00GiB(73.01%)  [34mtps: 120  [36mtflops: 5.77  [35mmfu: 0.58%[39m
[rank0]:[titan] 2026-03-17 15:47:01,559 - root - INFO - [31mstep: 1059  [32mloss:  2.7239  [38;2;180;60;0mgrad_norm:  1.4913  [38;2;54;234;195mmemory: 58.00GiB(73.01%)  [34mtps: 119  [36mtflops: 5.75  [35mmfu: 0.58%[39m
[rank0]:[titan] 2026-03-17 15:47:18,629 - root - INFO - [31mstep: 1060  [32mloss:  2.7434  [38;2;180;60;0mgrad_norm:  1.5265  [38;2;54;234;195mmemory: 58.00GiB(73.01%)  [34mtps: 120  [36mtflops: 5.78  [35mmfu: 0.58%[39m
[rank0]:[titan] 2026-03-17 15:47:35,837 - root - INFO - [31mstep: 1061  [32mloss:  2.7357  [38;2;180;60;0mgrad_norm:  1.2639  [38;2;54;234;195mmemory: 58.00GiB(73.01%)  [34mtps: 119  [36mtflops: 5.73  [35mmfu: 0.58%[39m
[rank0]:[titan] 2026-03-17 15:47:53,066 - root - INFO - [31mstep: 1062  [32mloss:  2.7325  [38;2;180;60;0mgrad_norm:  1.4489  [38;2;54;234;195mmemory: 58.00GiB(73.01%)  [34mtps: 119  [36mtflops: 5.73  [35mmfu: 0.58%[39m
[rank0]:[titan] 2026-03-17 15:48:10,251 - root - INFO - [31mstep: 1063  [32mloss:  2.7240  [38;2;180;60;0mgrad_norm:  1.7258  [38;2;54;234;195mmemory: 58.00GiB(73.01%)  [34mtps: 119  [36mtflops: 5.74  [35mmfu: 0.58%[39m
[rank0]:[titan] 2026-03-17 15:48:27,488 - root - INFO - [31mstep: 1064  [32mloss:  2.7376  [38;2;180;60;0mgrad_norm:  1.8197  [38;2;54;234;195mmemory: 58.00GiB(73.01%)  [34mtps: 119  [36mtflops: 5.72  [35mmfu: 0.58%[39m
[rank0]:[titan] 2026-03-17 15:48:44,637 - root - INFO - [31mstep: 1065  [32mloss:  2.7102  [38;2;180;60;0mgrad_norm:  1.3252  [38;2;54;234;195mmemory: 58.00GiB(73.01%)  [34mtps: 119  [36mtflops: 5.75  [35mmfu: 0.58%[39m
[rank0]:[titan] 2026-03-17 15:49:01,897 - root - INFO - [31mstep: 1066  [32mloss:  2.7972  [38;2;180;60;0mgrad_norm:  2.5206  [38;2;54;234;195mmemory: 58.00GiB(73.01%)  [34mtps: 119  [36mtflops: 5.72  [35mmfu: 0.58%[39m
[rank0]:[titan] 2026-03-17 15:49:18,717 - root - INFO - [31mstep: 1067  [32mloss:  2.7253  [38;2;180;60;0mgrad_norm:  1.7309  [38;2;54;234;195mmemory: 58.00GiB(73.01%)  [34mtps: 122  [36mtflops: 5.87  [35mmfu: 0.59%[39m
[rank0]:[titan] 2026-03-17 15:49:35,930 - root - INFO - [31mstep: 1068  [32mloss:  2.6716  [38;2;180;60;0mgrad_norm:  1.8092  [38;2;54;234;195mmemory: 58.00GiB(73.01%)  [34mtps: 119  [36mtflops: 5.73  [35mmfu: 0.58%[39m
[rank0]:[titan] 2026-03-17 15:49:53,170 - root - INFO - [31mstep: 1069  [32mloss:  2.7403  [38;2;180;60;0mgrad_norm:  1.8686  [38;2;54;234;195mmemory: 58.00GiB(73.01%)  [34mtps: 119  [36mtflops: 5.72  [35mmfu: 0.58%[39m
[rank0]:[titan] 2026-03-17 15:50:10,339 - root - INFO - [31mstep: 1070  [32mloss:  2.7595  [38;2;180;60;0mgrad_norm:  1.7553  [38;2;54;234;195mmemory: 58.00GiB(73.01%)  [34mtps: 119  [36mtflops: 5.75  [35mmfu: 0.58%[39m
[rank0]:[titan] 2026-03-17 15:50:27,609 - root - INFO - [31mstep: 1071  [32mloss:  2.7581  [38;2;180;60;0mgrad_norm:  2.3163  [38;2;54;234;195mmemory: 58.00GiB(73.01%)  [34mtps: 119  [36mtflops: 5.71  [35mmfu: 0.58%[39m
[rank0]:[titan] 2026-03-17 15:50:44,757 - root - INFO - [31mstep: 1072  [32mloss:  2.7079  [38;2;180;60;0mgrad_norm:  1.3362  [38;2;54;234;195mmemory: 58.00GiB(73.01%)  [34mtps: 119  [36mtflops: 5.75  [35mmfu: 0.58%[39m
[rank0]:[titan] 2026-03-17 15:51:01,949 - root - INFO - [31mstep: 1073  [32mloss:  2.7383  [38;2;180;60;0mgrad_norm:  2.3114  [38;2;54;234;195mmemory: 58.00GiB(73.01%)  [34mtps: 119  [36mtflops: 5.74  [35mmfu: 0.58%[39m
[rank0]:[titan] 2026-03-17 15:51:19,129 - root - INFO - [31mstep: 1074  [32mloss:  2.7238  [38;2;180;60;0mgrad_norm:  2.2849  [38;2;54;234;195mmemory: 58.00GiB(73.01%)  [34mtps: 119  [36mtflops: 5.74  [35mmfu: 0.58%[39m
[rank0]:[titan] 2026-03-17 15:51:36,227 - root - INFO - [31mstep: 1075  [32mloss:  2.7484  [38;2;180;60;0mgrad_norm:  1.9330  [38;2;54;234;195mmemory: 58.00GiB(73.01%)  [34mtps: 120  [36mtflops: 5.77  [35mmfu: 0.58%[39m
[rank0]:[titan] 2026-03-17 15:51:53,994 - root - INFO - [31mstep: 1076  [32mloss:  2.7046  [38;2;180;60;0mgrad_norm:  1.5954  [38;2;54;234;195mmemory: 58.00GiB(73.01%)  [34mtps: 115  [36mtflops: 5.55  [35mmfu: 0.56%[39m
[rank0]:[titan] 2026-03-17 15:52:10,862 - root - INFO - [31mstep: 1077  [32mloss:  2.7511  [38;2;180;60;0mgrad_norm:  1.8969  [38;2;54;234;195mmemory: 58.00GiB(73.01%)  [34mtps: 121  [36mtflops: 5.85  [35mmfu: 0.59%[39m
[rank0]:[titan] 2026-03-17 15:52:28,147 - root - INFO - [31mstep: 1078  [32mloss:  2.7266  [38;2;180;60;0mgrad_norm:  1.3698  [38;2;54;234;195mmemory: 58.00GiB(73.01%)  [34mtps: 118  [36mtflops: 5.71  [35mmfu: 0.58%[39m
[rank0]:[titan] 2026-03-17 15:52:45,197 - root - INFO - [31mstep: 1079  [32mloss:  2.7462  [38;2;180;60;0mgrad_norm:  1.4612  [38;2;54;234;195mmemory: 58.00GiB(73.01%)  [34mtps: 120  [36mtflops: 5.79  [35mmfu: 0.59%[39m
[rank0]:[titan] 2026-03-17 15:53:02,465 - root - INFO - [31mstep: 1080  [32mloss:  2.7242  [38;2;180;60;0mgrad_norm:  1.4135  [38;2;54;234;195mmemory: 58.00GiB(73.01%)  [34mtps: 119  [36mtflops: 5.72  [35mmfu: 0.58%[39m
[rank0]:[titan] 2026-03-17 15:53:19,538 - root - INFO - [31mstep: 1081  [32mloss:  2.7576  [38;2;180;60;0mgrad_norm:  1.8617  [38;2;54;234;195mmemory: 58.00GiB(73.01%)  [34mtps: 120  [36mtflops: 5.78  [35mmfu: 0.58%[39m
[rank0]:[titan] 2026-03-17 15:53:36,583 - root - INFO - [31mstep: 1082  [32mloss:  2.7611  [38;2;180;60;0mgrad_norm:  2.0020  [38;2;54;234;195mmemory: 58.00GiB(73.01%)  [34mtps: 120  [36mtflops: 5.79  [35mmfu: 0.59%[39m
[rank0]:[titan] 2026-03-17 15:53:53,861 - root - INFO - [31mstep: 1083  [32mloss:  2.7536  [38;2;180;60;0mgrad_norm:  1.5146  [38;2;54;234;195mmemory: 58.00GiB(73.01%)  [34mtps: 119  [36mtflops: 5.71  [35mmfu: 0.58%[39m
[rank0]:[titan] 2026-03-17 15:54:11,062 - root - INFO - [31mstep: 1084  [32mloss:  2.8153  [38;2;180;60;0mgrad_norm:  2.1242  [38;2;54;234;195mmemory: 58.00GiB(73.01%)  [34mtps: 119  [36mtflops: 5.74  [35mmfu: 0.58%[39m
[rank0]:[titan] 2026-03-17 15:54:28,310 - root - INFO - [31mstep: 1085  [32mloss:  2.7642  [38;2;180;60;0mgrad_norm:  2.4559  [38;2;54;234;195mmemory: 58.00GiB(73.01%)  [34mtps: 119  [36mtflops: 5.72  [35mmfu: 0.58%[39m
[rank0]:[titan] 2026-03-17 15:54:45,531 - root - INFO - [31mstep: 1086  [32mloss:  2.7223  [38;2;180;60;0mgrad_norm:  1.8062  [38;2;54;234;195mmemory: 58.00GiB(73.01%)  [34mtps: 119  [36mtflops: 5.73  [35mmfu: 0.58%[39m
[rank0]:[titan] 2026-03-17 15:55:01,959 - root - INFO - [31mstep: 1087  [32mloss:  2.7319  [38;2;180;60;0mgrad_norm:  1.8320  [38;2;54;234;195mmemory: 58.00GiB(73.01%)  [34mtps: 125  [36mtflops: 6.01  [35mmfu: 0.61%[39m
[rank0]:[titan] 2026-03-17 15:55:19,312 - root - INFO - [31mstep: 1088  [32mloss:  2.8036  [38;2;180;60;0mgrad_norm:  1.9963  [38;2;54;234;195mmemory: 58.00GiB(73.01%)  [34mtps: 118  [36mtflops: 5.69  [35mmfu: 0.57%[39m
[rank0]:[titan] 2026-03-17 15:55:36,475 - root - INFO - [31mstep: 1089  [32mloss:  2.7972  [38;2;180;60;0mgrad_norm:  1.7048  [38;2;54;234;195mmemory: 58.00GiB(73.01%)  [34mtps: 119  [36mtflops: 5.75  [35mmfu: 0.58%[39m
[rank0]:[titan] 2026-03-17 15:55:53,799 - root - INFO - [31mstep: 1090  [32mloss:  2.7333  [38;2;180;60;0mgrad_norm:  1.9288  [38;2;54;234;195mmemory: 58.00GiB(73.01%)  [34mtps: 118  [36mtflops: 5.70  [35mmfu: 0.58%[39m
[rank0]:[titan] 2026-03-17 15:56:11,139 - root - INFO - [31mstep: 1091  [32mloss:  2.7529  [38;2;180;60;0mgrad_norm:  2.1161  [38;2;54;234;195mmemory: 58.00GiB(73.01%)  [34mtps: 118  [36mtflops: 5.69  [35mmfu: 0.58%[39m
[rank0]:[titan] 2026-03-17 15:56:28,358 - root - INFO - [31mstep: 1092  [32mloss:  2.7337  [38;2;180;60;0mgrad_norm:  2.0074  [38;2;54;234;195mmemory: 58.00GiB(73.01%)  [34mtps: 119  [36mtflops: 5.73  [35mmfu: 0.58%[39m
[rank0]:[titan] 2026-03-17 15:56:45,573 - root - INFO - [31mstep: 1093  [32mloss:  2.7670  [38;2;180;60;0mgrad_norm:  2.1374  [38;2;54;234;195mmemory: 58.00GiB(73.01%)  [34mtps: 119  [36mtflops: 5.73  [35mmfu: 0.58%[39m
[rank0]:[titan] 2026-03-17 15:57:02,510 - root - INFO - [31mstep: 1094  [32mloss:  2.7576  [38;2;180;60;0mgrad_norm:  1.7489  [38;2;54;234;195mmemory: 58.00GiB(73.01%)  [34mtps: 121  [36mtflops: 5.83  [35mmfu: 0.59%[39m
[rank0]:[titan] 2026-03-17 15:57:19,756 - root - INFO - [31mstep: 1095  [32mloss:  2.6941  [38;2;180;60;0mgrad_norm:  2.0378  [38;2;54;234;195mmemory: 58.00GiB(73.01%)  [34mtps: 119  [36mtflops: 5.72  [35mmfu: 0.58%[39m
[rank0]:[titan] 2026-03-17 15:57:36,957 - root - INFO - [31mstep: 1096  [32mloss:  2.6957  [38;2;180;60;0mgrad_norm:  1.8858  [38;2;54;234;195mmemory: 58.00GiB(73.01%)  [34mtps: 119  [36mtflops: 5.74  [35mmfu: 0.58%[39m
[rank0]:[titan] 2026-03-17 15:57:54,148 - root - INFO - [31mstep: 1097  [32mloss:  2.7184  [38;2;180;60;0mgrad_norm:  1.6553  [38;2;54;234;195mmemory: 58.00GiB(73.01%)  [34mtps: 119  [36mtflops: 5.74  [35mmfu: 0.58%[39m
[rank0]:[titan] 2026-03-17 15:58:11,324 - root - INFO - [31mstep: 1098  [32mloss:  2.7493  [38;2;180;60;0mgrad_norm:  1.6915  [38;2;54;234;195mmemory: 58.00GiB(73.01%)  [34mtps: 119  [36mtflops: 5.74  [35mmfu: 0.58%[39m
[rank0]:[titan] 2026-03-17 15:58:28,448 - root - INFO - [31mstep: 1099  [32mloss:  2.7081  [38;2;180;60;0mgrad_norm:  1.5199  [38;2;54;234;195mmemory: 58.00GiB(73.01%)  [34mtps: 120  [36mtflops: 5.76  [35mmfu: 0.58%[39m
[rank0]:[titan] 2026-03-17 15:58:45,574 - root - INFO - [31mstep: 1100  [32mloss:  2.7196  [38;2;180;60;0mgrad_norm:  1.8531  [38;2;54;234;195mmemory: 58.00GiB(73.01%)  [34mtps: 120  [36mtflops: 5.76  [35mmfu: 0.58%[39m
[rank0]:[titan] 2026-03-17 15:59:02,745 - root - INFO - [31mstep: 1101  [32mloss:  2.7299  [38;2;180;60;0mgrad_norm:  1.7607  [38;2;54;234;195mmemory: 58.00GiB(73.01%)  [34mtps: 119  [36mtflops: 5.75  [35mmfu: 0.58%[39m
[rank0]:[titan] 2026-03-17 15:59:19,860 - root - INFO - [31mstep: 1102  [32mloss:  2.7303  [38;2;180;60;0mgrad_norm:  1.8552  [38;2;54;234;195mmemory: 58.00GiB(73.01%)  [34mtps: 120  [36mtflops: 5.77  [35mmfu: 0.58%[39m
[rank0]:[titan] 2026-03-17 15:59:37,159 - root - INFO - [31mstep: 1103  [32mloss:  2.6895  [38;2;180;60;0mgrad_norm:  1.8094  [38;2;54;234;195mmemory: 58.00GiB(73.01%)  [34mtps: 118  [36mtflops: 5.70  [35mmfu: 0.58%[39m
[rank0]:[titan] 2026-03-17 15:59:54,389 - root - INFO - [31mstep: 1104  [32mloss:  2.7531  [38;2;180;60;0mgrad_norm:  1.7112  [38;2;54;234;195mmemory: 58.00GiB(73.01%)  [34mtps: 119  [36mtflops: 5.73  [35mmfu: 0.58%[39m
[rank0]:[titan] 2026-03-17 16:00:11,540 - root - INFO - [31mstep: 1105  [32mloss:  2.7791  [38;2;180;60;0mgrad_norm:  1.6536  [38;2;54;234;195mmemory: 58.00GiB(73.01%)  [34mtps: 119  [36mtflops: 5.75  [35mmfu: 0.58%[39m
[rank0]:[titan] 2026-03-17 16:00:28,927 - root - INFO - [31mstep: 1106  [32mloss:  2.7284  [38;2;180;60;0mgrad_norm:  1.5773  [38;2;54;234;195mmemory: 58.00GiB(73.01%)  [34mtps: 118  [36mtflops: 5.68  [35mmfu: 0.57%[39m
[rank0]:[titan] 2026-03-17 16:00:46,053 - root - INFO - [31mstep: 1107  [32mloss:  2.7539  [38;2;180;60;0mgrad_norm:  1.6512  [38;2;54;234;195mmemory: 58.00GiB(73.01%)  [34mtps: 120  [36mtflops: 5.76  [35mmfu: 0.58%[39m
[rank0]:[titan] 2026-03-17 16:01:03,293 - root - INFO - [31mstep: 1108  [32mloss:  2.8209  [38;2;180;60;0mgrad_norm:  1.7076  [38;2;54;234;195mmemory: 58.00GiB(73.01%)  [34mtps: 119  [36mtflops: 5.72  [35mmfu: 0.58%[39m
[rank0]:[titan] 2026-03-17 16:01:20,383 - root - INFO - [31mstep: 1109  [32mloss:  2.8785  [38;2;180;60;0mgrad_norm:  1.6914  [38;2;54;234;195mmemory: 58.00GiB(73.01%)  [34mtps: 120  [36mtflops: 5.77  [35mmfu: 0.58%[39m
[rank0]:[titan] 2026-03-17 16:01:37,519 - root - INFO - [31mstep: 1110  [32mloss:  2.7381  [38;2;180;60;0mgrad_norm:  1.6386  [38;2;54;234;195mmemory: 58.00GiB(73.01%)  [34mtps: 120  [36mtflops: 5.76  [35mmfu: 0.58%[39m
[rank0]:[titan] 2026-03-17 16:01:54,754 - root - INFO - [31mstep: 1111  [32mloss:  2.7843  [38;2;180;60;0mgrad_norm:  1.4008  [38;2;54;234;195mmemory: 58.00GiB(73.01%)  [34mtps: 119  [36mtflops: 5.73  [35mmfu: 0.58%[39m
[rank0]:[titan] 2026-03-17 16:02:11,959 - root - INFO - [31mstep: 1112  [32mloss:  2.7801  [38;2;180;60;0mgrad_norm:  1.6785  [38;2;54;234;195mmemory: 58.00GiB(73.01%)  [34mtps: 119  [36mtflops: 5.74  [35mmfu: 0.58%[39m
[rank0]:[titan] 2026-03-17 16:02:29,188 - root - INFO - [31mstep: 1113  [32mloss:  2.7396  [38;2;180;60;0mgrad_norm:  1.6425  [38;2;54;234;195mmemory: 58.00GiB(73.01%)  [34mtps: 119  [36mtflops: 5.73  [35mmfu: 0.58%[39m
[rank0]:[titan] 2026-03-17 16:02:46,396 - root - INFO - [31mstep: 1114  [32mloss:  2.7786  [38;2;180;60;0mgrad_norm:  1.7847  [38;2;54;234;195mmemory: 58.00GiB(73.01%)  [34mtps: 119  [36mtflops: 5.73  [35mmfu: 0.58%[39m
[rank0]:[titan] 2026-03-17 16:03:03,658 - root - INFO - [31mstep: 1115  [32mloss:  2.8777  [38;2;180;60;0mgrad_norm:  2.0638  [38;2;54;234;195mmemory: 58.00GiB(73.01%)  [34mtps: 119  [36mtflops: 5.72  [35mmfu: 0.58%[39m
[rank0]:[titan] 2026-03-17 16:03:20,906 - root - INFO - [31mstep: 1116  [32mloss:  2.7225  [38;2;180;60;0mgrad_norm:  1.7404  [38;2;54;234;195mmemory: 58.00GiB(73.01%)  [34mtps: 119  [36mtflops: 5.72  [35mmfu: 0.58%[39m
[rank0]:[titan] 2026-03-17 16:03:37,821 - root - INFO - [31mstep: 1117  [32mloss:  2.7218  [38;2;180;60;0mgrad_norm:  1.8283  [38;2;54;234;195mmemory: 58.00GiB(73.01%)  [34mtps: 121  [36mtflops: 5.83  [35mmfu: 0.59%[39m
[rank0]:[titan] 2026-03-17 16:03:55,086 - root - INFO - [31mstep: 1118  [32mloss:  2.7664  [38;2;180;60;0mgrad_norm:  1.7872  [38;2;54;234;195mmemory: 58.00GiB(73.01%)  [34mtps: 119  [36mtflops: 5.72  [35mmfu: 0.58%[39m
[rank0]:[titan] 2026-03-17 16:04:12,389 - root - INFO - [31mstep: 1119  [32mloss:  2.8929  [38;2;180;60;0mgrad_norm:  1.7052  [38;2;54;234;195mmemory: 58.00GiB(73.01%)  [34mtps: 118  [36mtflops: 5.70  [35mmfu: 0.58%[39m
[rank0]:[titan] 2026-03-17 16:04:29,461 - root - INFO - [31mstep: 1120  [32mloss:  2.7717  [38;2;180;60;0mgrad_norm:  2.0582  [38;2;54;234;195mmemory: 58.00GiB(73.01%)  [34mtps: 120  [36mtflops: 5.78  [35mmfu: 0.58%[39m
[rank0]:[titan] 2026-03-17 16:04:46,695 - root - INFO - [31mstep: 1121  [32mloss:  2.8203  [38;2;180;60;0mgrad_norm:  2.0426  [38;2;54;234;195mmemory: 58.00GiB(73.01%)  [34mtps: 119  [36mtflops: 5.73  [35mmfu: 0.58%[39m
[rank0]:[titan] 2026-03-17 16:05:03,846 - root - INFO - [31mstep: 1122  [32mloss:  2.7605  [38;2;180;60;0mgrad_norm:  1.8129  [38;2;54;234;195mmemory: 58.00GiB(73.01%)  [34mtps: 119  [36mtflops: 5.75  [35mmfu: 0.58%[39m
[rank0]:[titan] 2026-03-17 16:05:21,192 - root - INFO - [31mstep: 1123  [32mloss:  2.7781  [38;2;180;60;0mgrad_norm:  2.0532  [38;2;54;234;195mmemory: 58.00GiB(73.01%)  [34mtps: 118  [36mtflops: 5.69  [35mmfu: 0.58%[39m
[rank0]:[titan] 2026-03-17 16:05:38,519 - root - INFO - [31mstep: 1124  [32mloss:  2.7495  [38;2;180;60;0mgrad_norm:  1.6145  [38;2;54;234;195mmemory: 58.00GiB(73.01%)  [34mtps: 118  [36mtflops: 5.70  [35mmfu: 0.58%[39m
[rank0]:[titan] 2026-03-17 16:05:55,731 - root - INFO - [31mstep: 1125  [32mloss:  2.7931  [38;2;180;60;0mgrad_norm:  2.0638  [38;2;54;234;195mmemory: 58.00GiB(73.01%)  [34mtps: 119  [36mtflops: 5.73  [35mmfu: 0.58%[39m
[rank0]:[titan] 2026-03-17 16:06:12,805 - root - INFO - [31mstep: 1126  [32mloss:  2.7799  [38;2;180;60;0mgrad_norm:  1.9856  [38;2;54;234;195mmemory: 58.00GiB(73.01%)  [34mtps: 120  [36mtflops: 5.78  [35mmfu: 0.58%[39m
[rank0]:[titan] 2026-03-17 16:06:30,050 - root - INFO - [31mstep: 1127  [32mloss:  2.7504  [38;2;180;60;0mgrad_norm:  1.7321  [38;2;54;234;195mmemory: 58.00GiB(73.01%)  [34mtps: 119  [36mtflops: 5.72  [35mmfu: 0.58%[39m
[rank0]:[titan] 2026-03-17 16:06:47,285 - root - INFO - [31mstep: 1128  [32mloss:  2.8981  [38;2;180;60;0mgrad_norm:  1.4652  [38;2;54;234;195mmemory: 58.00GiB(73.01%)  [34mtps: 119  [36mtflops: 5.73  [35mmfu: 0.58%[39m
[rank0]:[titan] 2026-03-17 16:07:04,412 - root - INFO - [31mstep: 1129  [32mloss:  2.9401  [38;2;180;60;0mgrad_norm:  1.8649  [38;2;54;234;195mmemory: 58.00GiB(73.01%)  [34mtps: 120  [36mtflops: 5.76  [35mmfu: 0.58%[39m
[rank0]:[titan] 2026-03-17 16:07:21,605 - root - INFO - [31mstep: 1130  [32mloss:  2.8492  [38;2;180;60;0mgrad_norm:  2.2024  [38;2;54;234;195mmemory: 58.00GiB(73.01%)  [34mtps: 119  [36mtflops: 5.74  [35mmfu: 0.58%[39m
[rank0]:[titan] 2026-03-17 16:07:38,787 - root - INFO - [31mstep: 1131  [32mloss:  2.8335  [38;2;180;60;0mgrad_norm:  1.7178  [38;2;54;234;195mmemory: 58.00GiB(73.01%)  [34mtps: 119  [36mtflops: 5.74  [35mmfu: 0.58%[39m
[rank0]:[titan] 2026-03-17 16:07:55,878 - root - INFO - [31mstep: 1132  [32mloss:  2.8212  [38;2;180;60;0mgrad_norm:  1.8001  [38;2;54;234;195mmemory: 58.00GiB(73.01%)  [34mtps: 120  [36mtflops: 5.77  [35mmfu: 0.58%[39m
[rank0]:[titan] 2026-03-17 16:08:13,105 - root - INFO - [31mstep: 1133  [32mloss:  2.8190  [38;2;180;60;0mgrad_norm:  2.1888  [38;2;54;234;195mmemory: 58.00GiB(73.01%)  [34mtps: 119  [36mtflops: 5.73  [35mmfu: 0.58%[39m
[rank0]:[titan] 2026-03-17 16:08:30,172 - root - INFO - [31mstep: 1134  [32mloss:  2.7506  [38;2;180;60;0mgrad_norm:  1.6351  [38;2;54;234;195mmemory: 58.00GiB(73.01%)  [34mtps: 120  [36mtflops: 5.78  [35mmfu: 0.58%[39m
[rank0]:[titan] 2026-03-17 16:08:47,171 - root - INFO - [31mstep: 1135  [32mloss:  2.7220  [38;2;180;60;0mgrad_norm:  2.0031  [38;2;54;234;195mmemory: 58.00GiB(73.01%)  [34mtps: 120  [36mtflops: 5.81  [35mmfu: 0.59%[39m
[rank0]:[titan] 2026-03-17 16:09:04,434 - root - INFO - [31mstep: 1136  [32mloss:  2.7808  [38;2;180;60;0mgrad_norm:  1.9799  [38;2;54;234;195mmemory: 58.00GiB(73.01%)  [34mtps: 119  [36mtflops: 5.72  [35mmfu: 0.58%[39m
[rank0]:[titan] 2026-03-17 16:09:21,652 - root - INFO - [31mstep: 1137  [32mloss:  2.7460  [38;2;180;60;0mgrad_norm:  1.7986  [38;2;54;234;195mmemory: 58.00GiB(73.01%)  [34mtps: 119  [36mtflops: 5.73  [35mmfu: 0.58%[39m
[rank0]:[titan] 2026-03-17 16:09:38,992 - root - INFO - [31mstep: 1138  [32mloss:  2.7777  [38;2;180;60;0mgrad_norm:  1.7376  [38;2;54;234;195mmemory: 58.00GiB(73.01%)  [34mtps: 118  [36mtflops: 5.69  [35mmfu: 0.58%[39m
[rank0]:[titan] 2026-03-17 16:09:56,280 - root - INFO - [31mstep: 1139  [32mloss:  2.7760  [38;2;180;60;0mgrad_norm:  1.8526  [38;2;54;234;195mmemory: 58.00GiB(73.01%)  [34mtps: 118  [36mtflops: 5.71  [35mmfu: 0.58%[39m
[rank0]:[titan] 2026-03-17 16:10:13,525 - root - INFO - [31mstep: 1140  [32mloss:  2.7803  [38;2;180;60;0mgrad_norm:  1.6097  [38;2;54;234;195mmemory: 58.00GiB(73.01%)  [34mtps: 119  [36mtflops: 5.72  [35mmfu: 0.58%[39m
[rank0]:[titan] 2026-03-17 16:10:30,675 - root - INFO - [31mstep: 1141  [32mloss:  2.7577  [38;2;180;60;0mgrad_norm:  1.6557  [38;2;54;234;195mmemory: 58.00GiB(73.01%)  [34mtps: 119  [36mtflops: 5.75  [35mmfu: 0.58%[39m
[rank0]:[titan] 2026-03-17 16:10:47,744 - root - INFO - [31mstep: 1142  [32mloss:  2.7353  [38;2;180;60;0mgrad_norm:  1.8622  [38;2;54;234;195mmemory: 58.00GiB(73.01%)  [34mtps: 120  [36mtflops: 5.78  [35mmfu: 0.58%[39m
[rank0]:[titan] 2026-03-17 16:11:04,980 - root - INFO - [31mstep: 1143  [32mloss:  2.7381  [38;2;180;60;0mgrad_norm:  1.5637  [38;2;54;234;195mmemory: 58.00GiB(73.01%)  [34mtps: 119  [36mtflops: 5.73  [35mmfu: 0.58%[39m
[rank0]:[titan] 2026-03-17 16:11:22,281 - root - INFO - [31mstep: 1144  [32mloss:  2.7466  [38;2;180;60;0mgrad_norm:  1.6659  [38;2;54;234;195mmemory: 58.00GiB(73.01%)  [34mtps: 118  [36mtflops: 5.70  [35mmfu: 0.58%[39m
[rank0]:[titan] 2026-03-17 16:11:39,365 - root - INFO - [31mstep: 1145  [32mloss:  2.7936  [38;2;180;60;0mgrad_norm:  1.7107  [38;2;54;234;195mmemory: 58.00GiB(73.01%)  [34mtps: 120  [36mtflops: 5.78  [35mmfu: 0.58%[39m
[rank0]:[titan] 2026-03-17 16:11:56,518 - root - INFO - [31mstep: 1146  [32mloss:  2.7807  [38;2;180;60;0mgrad_norm:  1.4818  [38;2;54;234;195mmemory: 58.00GiB(73.01%)  [34mtps: 119  [36mtflops: 5.75  [35mmfu: 0.58%[39m
[rank0]:[titan] 2026-03-17 16:12:13,623 - root - INFO - [31mstep: 1147  [32mloss:  2.7599  [38;2;180;60;0mgrad_norm:  1.9090  [38;2;54;234;195mmemory: 58.00GiB(73.01%)  [34mtps: 120  [36mtflops: 5.77  [35mmfu: 0.58%[39m
[rank0]:[titan] 2026-03-17 16:12:30,948 - root - INFO - [31mstep: 1148  [32mloss:  2.7481  [38;2;180;60;0mgrad_norm:  1.9901  [38;2;54;234;195mmemory: 58.00GiB(73.01%)  [34mtps: 118  [36mtflops: 5.70  [35mmfu: 0.58%[39m
[rank0]:[titan] 2026-03-17 16:12:48,505 - root - INFO - [31mstep: 1149  [32mloss:  2.7449  [38;2;180;60;0mgrad_norm:  1.6752  [38;2;54;234;195mmemory: 58.00GiB(73.01%)  [34mtps: 117  [36mtflops: 5.62  [35mmfu: 0.57%[39m
[rank0]:[titan] 2026-03-17 16:13:05,576 - root - INFO - [31mstep: 1150  [32mloss:  2.7479  [38;2;180;60;0mgrad_norm:  1.5385  [38;2;54;234;195mmemory: 58.00GiB(73.01%)  [34mtps: 120  [36mtflops: 5.78  [35mmfu: 0.58%[39m
[rank0]:[titan] 2026-03-17 16:13:22,642 - root - INFO - [31mstep: 1151  [32mloss:  2.7416  [38;2;180;60;0mgrad_norm:  2.0235  [38;2;54;234;195mmemory: 58.00GiB(73.01%)  [34mtps: 120  [36mtflops: 5.78  [35mmfu: 0.58%[39m
[rank0]:[titan] 2026-03-17 16:13:39,964 - root - INFO - [31mstep: 1152  [32mloss:  2.7098  [38;2;180;60;0mgrad_norm:  1.7695  [38;2;54;234;195mmemory: 58.00GiB(73.01%)  [34mtps: 118  [36mtflops: 5.70  [35mmfu: 0.58%[39m
[rank0]:[titan] 2026-03-17 16:13:56,761 - root - INFO - [31mstep: 1153  [32mloss:  2.7417  [38;2;180;60;0mgrad_norm:  1.5408  [38;2;54;234;195mmemory: 58.00GiB(73.01%)  [34mtps: 122  [36mtflops: 5.87  [35mmfu: 0.59%[39m
[rank0]:[titan] 2026-03-17 16:14:14,188 - root - INFO - [31mstep: 1154  [32mloss:  2.7258  [38;2;180;60;0mgrad_norm:  1.7753  [38;2;54;234;195mmemory: 58.00GiB(73.01%)  [34mtps: 118  [36mtflops: 5.66  [35mmfu: 0.57%[39m
[rank0]:[titan] 2026-03-17 16:14:31,492 - root - INFO - [31mstep: 1155  [32mloss:  2.7100  [38;2;180;60;0mgrad_norm:  1.4101  [38;2;54;234;195mmemory: 58.00GiB(73.01%)  [34mtps: 118  [36mtflops: 5.70  [35mmfu: 0.58%[39m
[rank0]:[titan] 2026-03-17 16:14:48,739 - root - INFO - [31mstep: 1156  [32mloss:  2.7448  [38;2;180;60;0mgrad_norm:  1.7227  [38;2;54;234;195mmemory: 58.00GiB(73.01%)  [34mtps: 119  [36mtflops: 5.72  [35mmfu: 0.58%[39m
[rank0]:[titan] 2026-03-17 16:15:05,718 - root - INFO - [31mstep: 1157  [32mloss:  2.8062  [38;2;180;60;0mgrad_norm:  2.0589  [38;2;54;234;195mmemory: 58.00GiB(73.01%)  [34mtps: 121  [36mtflops: 5.81  [35mmfu: 0.59%[39m
[rank0]:[titan] 2026-03-17 16:15:22,876 - root - INFO - [31mstep: 1158  [32mloss:  2.7994  [38;2;180;60;0mgrad_norm:  1.6365  [38;2;54;234;195mmemory: 58.00GiB(73.01%)  [34mtps: 119  [36mtflops: 5.75  [35mmfu: 0.58%[39m
[rank0]:[titan] 2026-03-17 16:15:39,927 - root - INFO - [31mstep: 1159  [32mloss:  2.7827  [38;2;180;60;0mgrad_norm:  1.9872  [38;2;54;234;195mmemory: 58.00GiB(73.01%)  [34mtps: 120  [36mtflops: 5.79  [35mmfu: 0.59%[39m
[rank0]:[titan] 2026-03-17 16:15:56,803 - root - INFO - [31mstep: 1160  [32mloss:  2.7250  [38;2;180;60;0mgrad_norm:  1.8655  [38;2;54;234;195mmemory: 58.00GiB(73.01%)  [34mtps: 121  [36mtflops: 5.85  [35mmfu: 0.59%[39m
[rank0]:[titan] 2026-03-17 16:16:13,979 - root - INFO - [31mstep: 1161  [32mloss:  2.7318  [38;2;180;60;0mgrad_norm:  1.5638  [38;2;54;234;195mmemory: 58.00GiB(73.01%)  [34mtps: 119  [36mtflops: 5.75  [35mmfu: 0.58%[39m
[rank0]:[titan] 2026-03-17 16:16:31,159 - root - INFO - [31mstep: 1162  [32mloss:  2.7342  [38;2;180;60;0mgrad_norm:  2.5513  [38;2;54;234;195mmemory: 58.00GiB(73.01%)  [34mtps: 119  [36mtflops: 5.74  [35mmfu: 0.58%[39m
[rank0]:[titan] 2026-03-17 16:16:48,323 - root - INFO - [31mstep: 1163  [32mloss:  2.7654  [38;2;180;60;0mgrad_norm:  3.0313  [38;2;54;234;195mmemory: 58.00GiB(73.01%)  [34mtps: 119  [36mtflops: 5.75  [35mmfu: 0.58%[39m
[rank0]:[titan] 2026-03-17 16:17:05,644 - root - INFO - [31mstep: 1164  [32mloss:  2.7319  [38;2;180;60;0mgrad_norm:  1.8111  [38;2;54;234;195mmemory: 58.00GiB(73.01%)  [34mtps: 118  [36mtflops: 5.70  [35mmfu: 0.58%[39m
[rank0]:[titan] 2026-03-17 16:17:22,773 - root - INFO - [31mstep: 1165  [32mloss:  2.7767  [38;2;180;60;0mgrad_norm:  1.5831  [38;2;54;234;195mmemory: 58.00GiB(73.01%)  [34mtps: 120  [36mtflops: 5.76  [35mmfu: 0.58%[39m
[rank0]:[titan] 2026-03-17 16:17:39,982 - root - INFO - [31mstep: 1166  [32mloss:  2.7616  [38;2;180;60;0mgrad_norm:  1.5638  [38;2;54;234;195mmemory: 58.00GiB(73.01%)  [34mtps: 119  [36mtflops: 5.73  [35mmfu: 0.58%[39m
[rank0]:[titan] 2026-03-17 16:17:57,080 - root - INFO - [31mstep: 1167  [32mloss:  2.7744  [38;2;180;60;0mgrad_norm:  1.1752  [38;2;54;234;195mmemory: 58.00GiB(73.01%)  [34mtps: 120  [36mtflops: 5.77  [35mmfu: 0.58%[39m
[rank0]:[titan] 2026-03-17 16:18:14,187 - root - INFO - [31mstep: 1168  [32mloss:  2.7531  [38;2;180;60;0mgrad_norm:  1.9445  [38;2;54;234;195mmemory: 58.00GiB(73.01%)  [34mtps: 120  [36mtflops: 5.77  [35mmfu: 0.58%[39m
[rank0]:[titan] 2026-03-17 16:18:31,368 - root - INFO - [31mstep: 1169  [32mloss:  2.7877  [38;2;180;60;0mgrad_norm:  1.7947  [38;2;54;234;195mmemory: 58.00GiB(73.01%)  [34mtps: 119  [36mtflops: 5.74  [35mmfu: 0.58%[39m
[rank0]:[titan] 2026-03-17 16:18:48,649 - root - INFO - [31mstep: 1170  [32mloss:  2.7412  [38;2;180;60;0mgrad_norm:  1.8894  [38;2;54;234;195mmemory: 58.00GiB(73.01%)  [34mtps: 119  [36mtflops: 5.71  [35mmfu: 0.58%[39m
[rank0]:[titan] 2026-03-17 16:19:05,907 - root - INFO - [31mstep: 1171  [32mloss:  2.7402  [38;2;180;60;0mgrad_norm:  1.7305  [38;2;54;234;195mmemory: 58.00GiB(73.01%)  [34mtps: 119  [36mtflops: 5.72  [35mmfu: 0.58%[39m
[rank0]:[titan] 2026-03-17 16:19:23,033 - root - INFO - [31mstep: 1172  [32mloss:  2.7102  [38;2;180;60;0mgrad_norm:  1.3424  [38;2;54;234;195mmemory: 58.00GiB(73.01%)  [34mtps: 120  [36mtflops: 5.76  [35mmfu: 0.58%[39m
[rank0]:[titan] 2026-03-17 16:19:40,112 - root - INFO - [31mstep: 1173  [32mloss:  2.8024  [38;2;180;60;0mgrad_norm:  1.8110  [38;2;54;234;195mmemory: 58.00GiB(73.01%)  [34mtps: 120  [36mtflops: 5.78  [35mmfu: 0.58%[39m
[rank0]:[titan] 2026-03-17 16:19:57,276 - root - INFO - [31mstep: 1174  [32mloss:  2.8490  [38;2;180;60;0mgrad_norm:  1.9506  [38;2;54;234;195mmemory: 58.00GiB(73.01%)  [34mtps: 119  [36mtflops: 5.75  [35mmfu: 0.58%[39m
[rank0]:[titan] 2026-03-17 16:20:14,554 - root - INFO - [31mstep: 1175  [32mloss:  2.8039  [38;2;180;60;0mgrad_norm:  1.4908  [38;2;54;234;195mmemory: 58.00GiB(73.01%)  [34mtps: 119  [36mtflops: 5.71  [35mmfu: 0.58%[39m
[rank0]:[titan] 2026-03-17 16:20:31,704 - root - INFO - [31mstep: 1176  [32mloss:  2.6816  [38;2;180;60;0mgrad_norm:  1.8666  [38;2;54;234;195mmemory: 58.00GiB(73.01%)  [34mtps: 119  [36mtflops: 5.75  [35mmfu: 0.58%[39m
[rank0]:[titan] 2026-03-17 16:20:48,552 - root - INFO - [31mstep: 1177  [32mloss:  2.7504  [38;2;180;60;0mgrad_norm:  1.7220  [38;2;54;234;195mmemory: 58.00GiB(73.01%)  [34mtps: 122  [36mtflops: 5.86  [35mmfu: 0.59%[39m
[rank0]:[titan] 2026-03-17 16:21:05,757 - root - INFO - [31mstep: 1178  [32mloss:  2.8010  [38;2;180;60;0mgrad_norm:  2.0947  [38;2;54;234;195mmemory: 58.00GiB(73.01%)  [34mtps: 119  [36mtflops: 5.74  [35mmfu: 0.58%[39m
[rank0]:[titan] 2026-03-17 16:21:22,836 - root - INFO - [31mstep: 1179  [32mloss:  2.7847  [38;2;180;60;0mgrad_norm:  1.9699  [38;2;54;234;195mmemory: 58.00GiB(73.01%)  [34mtps: 120  [36mtflops: 5.78  [35mmfu: 0.58%[39m
[rank0]:[titan] 2026-03-17 16:21:40,097 - root - INFO - [31mstep: 1180  [32mloss:  2.7538  [38;2;180;60;0mgrad_norm:  2.3269  [38;2;54;234;195mmemory: 58.00GiB(73.01%)  [34mtps: 119  [36mtflops: 5.72  [35mmfu: 0.58%[39m
[rank0]:[titan] 2026-03-17 16:21:57,260 - root - INFO - [31mstep: 1181  [32mloss:  2.7549  [38;2;180;60;0mgrad_norm:  2.7491  [38;2;54;234;195mmemory: 58.00GiB(73.01%)  [34mtps: 119  [36mtflops: 5.75  [35mmfu: 0.58%[39m
[rank0]:[titan] 2026-03-17 16:22:14,191 - root - INFO - [31mstep: 1182  [32mloss:  2.8118  [38;2;180;60;0mgrad_norm:  1.7659  [38;2;54;234;195mmemory: 58.00GiB(73.01%)  [34mtps: 121  [36mtflops: 5.83  [35mmfu: 0.59%[39m
[rank0]:[titan] 2026-03-17 16:22:31,382 - root - INFO - [31mstep: 1183  [32mloss:  2.7927  [38;2;180;60;0mgrad_norm:  1.9319  [38;2;54;234;195mmemory: 58.00GiB(73.01%)  [34mtps: 119  [36mtflops: 5.74  [35mmfu: 0.58%[39m
[rank0]:[titan] 2026-03-17 16:22:48,705 - root - INFO - [31mstep: 1184  [32mloss:  2.8528  [38;2;180;60;0mgrad_norm:  2.2616  [38;2;54;234;195mmemory: 58.00GiB(73.01%)  [34mtps: 118  [36mtflops: 5.70  [35mmfu: 0.58%[39m
[rank0]:[titan] 2026-03-17 16:23:05,841 - root - INFO - [31mstep: 1185  [32mloss:  2.7612  [38;2;180;60;0mgrad_norm:  1.5034  [38;2;54;234;195mmemory: 58.00GiB(73.01%)  [34mtps: 120  [36mtflops: 5.76  [35mmfu: 0.58%[39m
[rank0]:[titan] 2026-03-17 16:23:23,125 - root - INFO - [31mstep: 1186  [32mloss:  2.7603  [38;2;180;60;0mgrad_norm:  2.0061  [38;2;54;234;195mmemory: 58.00GiB(73.01%)  [34mtps: 118  [36mtflops: 5.71  [35mmfu: 0.58%[39m
[rank0]:[titan] 2026-03-17 16:23:40,422 - root - INFO - [31mstep: 1187  [32mloss:  2.7672  [38;2;180;60;0mgrad_norm:  1.9530  [38;2;54;234;195mmemory: 58.00GiB(73.01%)  [34mtps: 118  [36mtflops: 5.70  [35mmfu: 0.58%[39m
[rank0]:[titan] 2026-03-17 16:23:57,523 - root - INFO - [31mstep: 1188  [32mloss:  2.7588  [38;2;180;60;0mgrad_norm:  1.1684  [38;2;54;234;195mmemory: 58.00GiB(73.01%)  [34mtps: 120  [36mtflops: 5.77  [35mmfu: 0.58%[39m
[rank0]:[titan] 2026-03-17 16:24:14,737 - root - INFO - [31mstep: 1189  [32mloss:  2.7680  [38;2;180;60;0mgrad_norm:  1.3523  [38;2;54;234;195mmemory: 58.00GiB(73.01%)  [34mtps: 119  [36mtflops: 5.73  [35mmfu: 0.58%[39m
[rank0]:[titan] 2026-03-17 16:24:31,809 - root - INFO - [31mstep: 1190  [32mloss:  2.7127  [38;2;180;60;0mgrad_norm:  1.8418  [38;2;54;234;195mmemory: 58.00GiB(73.01%)  [34mtps: 120  [36mtflops: 5.78  [35mmfu: 0.58%[39m
[rank0]:[titan] 2026-03-17 16:24:48,781 - root - INFO - [31mstep: 1191  [32mloss:  2.7787  [38;2;180;60;0mgrad_norm:  1.6722  [38;2;54;234;195mmemory: 58.00GiB(73.01%)  [34mtps: 121  [36mtflops: 5.81  [35mmfu: 0.59%[39m
[rank0]:[titan] 2026-03-17 16:25:05,743 - root - INFO - [31mstep: 1192  [32mloss:  2.7893  [38;2;180;60;0mgrad_norm:  1.4445  [38;2;54;234;195mmemory: 58.00GiB(73.01%)  [34mtps: 121  [36mtflops: 5.82  [35mmfu: 0.59%[39m
[rank0]:[titan] 2026-03-17 16:25:23,079 - root - INFO - [31mstep: 1193  [32mloss:  2.7433  [38;2;180;60;0mgrad_norm:  1.5794  [38;2;54;234;195mmemory: 58.00GiB(73.01%)  [34mtps: 118  [36mtflops: 5.69  [35mmfu: 0.58%[39m
[rank0]:[titan] 2026-03-17 16:25:40,321 - root - INFO - [31mstep: 1194  [32mloss:  2.7299  [38;2;180;60;0mgrad_norm:  1.2428  [38;2;54;234;195mmemory: 58.00GiB(73.01%)  [34mtps: 119  [36mtflops: 5.72  [35mmfu: 0.58%[39m
[rank0]:[titan] 2026-03-17 16:25:57,549 - root - INFO - [31mstep: 1195  [32mloss:  2.7000  [38;2;180;60;0mgrad_norm:  1.3097  [38;2;54;234;195mmemory: 58.00GiB(73.01%)  [34mtps: 119  [36mtflops: 5.73  [35mmfu: 0.58%[39m
[rank0]:[titan] 2026-03-17 16:26:14,668 - root - INFO - [31mstep: 1196  [32mloss:  2.7127  [38;2;180;60;0mgrad_norm:  1.2089  [38;2;54;234;195mmemory: 58.00GiB(73.01%)  [34mtps: 120  [36mtflops: 5.76  [35mmfu: 0.58%[39m
[rank0]:[titan] 2026-03-17 16:26:31,945 - root - INFO - [31mstep: 1197  [32mloss:  2.7279  [38;2;180;60;0mgrad_norm:  1.8227  [38;2;54;234;195mmemory: 58.00GiB(73.01%)  [34mtps: 119  [36mtflops: 5.71  [35mmfu: 0.58%[39m
[rank0]:[titan] 2026-03-17 16:26:49,047 - root - INFO - [31mstep: 1198  [32mloss:  2.7155  [38;2;180;60;0mgrad_norm:  1.7536  [38;2;54;234;195mmemory: 58.00GiB(73.01%)  [34mtps: 120  [36mtflops: 5.77  [35mmfu: 0.58%[39m
[rank0]:[titan] 2026-03-17 16:27:06,198 - root - INFO - [31mstep: 1199  [32mloss:  2.6884  [38;2;180;60;0mgrad_norm:  1.5133  [38;2;54;234;195mmemory: 58.00GiB(73.01%)  [34mtps: 119  [36mtflops: 5.75  [35mmfu: 0.58%[39m
[rank0]:[titan] 2026-03-17 16:27:23,429 - root - INFO - [31mstep: 1200  [32mloss:  2.8106  [38;2;180;60;0mgrad_norm:  1.9630  [38;2;54;234;195mmemory: 58.00GiB(73.01%)  [34mtps: 119  [36mtflops: 5.73  [35mmfu: 0.58%[39m
[rank0]:[titan] 2026-03-17 16:27:40,636 - root - INFO - [31mstep: 1201  [32mloss:  2.8389  [38;2;180;60;0mgrad_norm:  1.6167  [38;2;54;234;195mmemory: 58.00GiB(73.01%)  [34mtps: 119  [36mtflops: 5.74  [35mmfu: 0.58%[39m
[rank0]:[titan] 2026-03-17 16:27:57,686 - root - INFO - [31mstep: 1202  [32mloss:  2.8073  [38;2;180;60;0mgrad_norm:  1.5848  [38;2;54;234;195mmemory: 58.00GiB(73.01%)  [34mtps: 120  [36mtflops: 5.79  [35mmfu: 0.59%[39m
[rank0]:[titan] 2026-03-17 16:28:14,947 - root - INFO - [31mstep: 1203  [32mloss:  2.7484  [38;2;180;60;0mgrad_norm:  2.2365  [38;2;54;234;195mmemory: 58.00GiB(73.01%)  [34mtps: 119  [36mtflops: 5.72  [35mmfu: 0.58%[39m
[rank0]:[titan] 2026-03-17 16:28:32,190 - root - INFO - [31mstep: 1204  [32mloss:  2.7761  [38;2;180;60;0mgrad_norm:  2.0909  [38;2;54;234;195mmemory: 58.00GiB(73.01%)  [34mtps: 119  [36mtflops: 5.72  [35mmfu: 0.58%[39m
[rank0]:[titan] 2026-03-17 16:28:49,413 - root - INFO - [31mstep: 1205  [32mloss:  2.7475  [38;2;180;60;0mgrad_norm:  1.6521  [38;2;54;234;195mmemory: 58.00GiB(73.01%)  [34mtps: 119  [36mtflops: 5.73  [35mmfu: 0.58%[39m
[rank0]:[titan] 2026-03-17 16:29:06,769 - root - INFO - [31mstep: 1206  [32mloss:  2.8493  [38;2;180;60;0mgrad_norm:  1.9213  [38;2;54;234;195mmemory: 58.00GiB(73.01%)  [34mtps: 118  [36mtflops: 5.69  [35mmfu: 0.57%[39m
[rank0]:[titan] 2026-03-17 16:29:24,050 - root - INFO - [31mstep: 1207  [32mloss:  2.7936  [38;2;180;60;0mgrad_norm:  2.1961  [38;2;54;234;195mmemory: 58.00GiB(73.01%)  [34mtps: 119  [36mtflops: 5.71  [35mmfu: 0.58%[39m
[rank0]:[titan] 2026-03-17 16:29:41,308 - root - INFO - [31mstep: 1208  [32mloss:  2.7601  [38;2;180;60;0mgrad_norm:  2.0340  [38;2;54;234;195mmemory: 58.00GiB(73.01%)  [34mtps: 119  [36mtflops: 5.72  [35mmfu: 0.58%[39m
[rank0]:[titan] 2026-03-17 16:29:58,520 - root - INFO - [31mstep: 1209  [32mloss:  2.7405  [38;2;180;60;0mgrad_norm:  1.1161  [38;2;54;234;195mmemory: 58.00GiB(73.01%)  [34mtps: 119  [36mtflops: 5.73  [35mmfu: 0.58%[39m
[rank0]:[titan] 2026-03-17 16:30:15,831 - root - INFO - [31mstep: 1210  [32mloss:  2.7354  [38;2;180;60;0mgrad_norm:  1.7256  [38;2;54;234;195mmemory: 58.00GiB(73.01%)  [34mtps: 118  [36mtflops: 5.70  [35mmfu: 0.58%[39m
[rank0]:[titan] 2026-03-17 16:30:33,031 - root - INFO - [31mstep: 1211  [32mloss:  2.7273  [38;2;180;60;0mgrad_norm:  1.5308  [38;2;54;234;195mmemory: 58.00GiB(73.01%)  [34mtps: 119  [36mtflops: 5.74  [35mmfu: 0.58%[39m
[rank0]:[titan] 2026-03-17 16:30:50,166 - root - INFO - [31mstep: 1212  [32mloss:  2.7399  [38;2;180;60;0mgrad_norm:  1.7058  [38;2;54;234;195mmemory: 58.00GiB(73.01%)  [34mtps: 120  [36mtflops: 5.76  [35mmfu: 0.58%[39m
[rank0]:[titan] 2026-03-17 16:31:07,307 - root - INFO - [31mstep: 1213  [32mloss:  2.7293  [38;2;180;60;0mgrad_norm:  1.7235  [38;2;54;234;195mmemory: 58.00GiB(73.01%)  [34mtps: 119  [36mtflops: 5.76  [35mmfu: 0.58%[39m
[rank0]:[titan] 2026-03-17 16:31:24,476 - root - INFO - [31mstep: 1214  [32mloss:  2.8368  [38;2;180;60;0mgrad_norm:  2.0483  [38;2;54;234;195mmemory: 58.00GiB(73.01%)  [34mtps: 119  [36mtflops: 5.75  [35mmfu: 0.58%[39m
[rank0]:[titan] 2026-03-17 16:31:41,683 - root - INFO - [31mstep: 1215  [32mloss:  2.8005  [38;2;180;60;0mgrad_norm:  1.8104  [38;2;54;234;195mmemory: 58.00GiB(73.01%)  [34mtps: 119  [36mtflops: 5.74  [35mmfu: 0.58%[39m
[rank0]:[titan] 2026-03-17 16:31:58,909 - root - INFO - [31mstep: 1216  [32mloss:  2.7888  [38;2;180;60;0mgrad_norm:  1.4516  [38;2;54;234;195mmemory: 58.00GiB(73.01%)  [34mtps: 119  [36mtflops: 5.73  [35mmfu: 0.58%[39m
[rank0]:[titan] 2026-03-17 16:32:15,924 - root - INFO - [31mstep: 1217  [32mloss:  2.7723  [38;2;180;60;0mgrad_norm:  1.5607  [38;2;54;234;195mmemory: 58.00GiB(73.01%)  [34mtps: 120  [36mtflops: 5.80  [35mmfu: 0.59%[39m
[rank0]:[titan] 2026-03-17 16:32:33,231 - root - INFO - [31mstep: 1218  [32mloss:  2.7793  [38;2;180;60;0mgrad_norm:  2.2612  [38;2;54;234;195mmemory: 58.00GiB(73.01%)  [34mtps: 118  [36mtflops: 5.70  [35mmfu: 0.58%[39m
[rank0]:[titan] 2026-03-17 16:32:50,387 - root - INFO - [31mstep: 1219  [32mloss:  2.7626  [38;2;180;60;0mgrad_norm:  1.7526  [38;2;54;234;195mmemory: 58.00GiB(73.01%)  [34mtps: 119  [36mtflops: 5.75  [35mmfu: 0.58%[39m
[rank0]:[titan] 2026-03-17 16:33:07,718 - root - INFO - [31mstep: 1220  [32mloss:  2.7420  [38;2;180;60;0mgrad_norm:  1.8180  [38;2;54;234;195mmemory: 58.00GiB(73.01%)  [34mtps: 118  [36mtflops: 5.69  [35mmfu: 0.58%[39m
[rank0]:[titan] 2026-03-17 16:33:24,973 - root - INFO - [31mstep: 1221  [32mloss:  2.8873  [38;2;180;60;0mgrad_norm:  1.8658  [38;2;54;234;195mmemory: 58.00GiB(73.01%)  [34mtps: 119  [36mtflops: 5.72  [35mmfu: 0.58%[39m
[rank0]:[titan] 2026-03-17 16:33:42,292 - root - INFO - [31mstep: 1222  [32mloss:  2.8236  [38;2;180;60;0mgrad_norm:  1.8848  [38;2;54;234;195mmemory: 58.00GiB(73.01%)  [34mtps: 118  [36mtflops: 5.70  [35mmfu: 0.58%[39m
[rank0]:[titan] 2026-03-17 16:33:59,448 - root - INFO - [31mstep: 1223  [32mloss:  2.7416  [38;2;180;60;0mgrad_norm:  1.7806  [38;2;54;234;195mmemory: 58.00GiB(73.01%)  [34mtps: 119  [36mtflops: 5.75  [35mmfu: 0.58%[39m
[rank0]:[titan] 2026-03-17 16:34:16,771 - root - INFO - [31mstep: 1224  [32mloss:  2.7085  [38;2;180;60;0mgrad_norm:  2.0386  [38;2;54;234;195mmemory: 58.00GiB(73.01%)  [34mtps: 118  [36mtflops: 5.70  [35mmfu: 0.58%[39m
[rank0]:[titan] 2026-03-17 16:34:33,732 - root - INFO - [31mstep: 1225  [32mloss:  2.7663  [38;2;180;60;0mgrad_norm:  2.1684  [38;2;54;234;195mmemory: 58.00GiB(73.01%)  [34mtps: 121  [36mtflops: 5.82  [35mmfu: 0.59%[39m
[rank0]:[titan] 2026-03-17 16:34:50,901 - root - INFO - [31mstep: 1226  [32mloss:  2.7403  [38;2;180;60;0mgrad_norm:  1.3707  [38;2;54;234;195mmemory: 58.00GiB(73.01%)  [34mtps: 119  [36mtflops: 5.75  [35mmfu: 0.58%[39m
[rank0]:[titan] 2026-03-17 16:35:07,744 - root - INFO - [31mstep: 1227  [32mloss:  2.7397  [38;2;180;60;0mgrad_norm:  2.0370  [38;2;54;234;195mmemory: 58.00GiB(73.01%)  [34mtps: 122  [36mtflops: 5.86  [35mmfu: 0.59%[39m
[rank0]:[titan] 2026-03-17 16:35:24,807 - root - INFO - [31mstep: 1228  [32mloss:  2.7034  [38;2;180;60;0mgrad_norm:  2.4033  [38;2;54;234;195mmemory: 58.00GiB(73.01%)  [34mtps: 120  [36mtflops: 5.78  [35mmfu: 0.58%[39m
[rank0]:[titan] 2026-03-17 16:35:41,982 - root - INFO - [31mstep: 1229  [32mloss:  2.7438  [38;2;180;60;0mgrad_norm:  1.9535  [38;2;54;234;195mmemory: 58.00GiB(73.01%)  [34mtps: 119  [36mtflops: 5.75  [35mmfu: 0.58%[39m
[rank0]:[titan] 2026-03-17 16:35:59,204 - root - INFO - [31mstep: 1230  [32mloss:  2.7340  [38;2;180;60;0mgrad_norm:  2.4603  [38;2;54;234;195mmemory: 58.00GiB(73.01%)  [34mtps: 119  [36mtflops: 5.73  [35mmfu: 0.58%[39m
[rank0]:[titan] 2026-03-17 16:36:16,453 - root - INFO - [31mstep: 1231  [32mloss:  2.7303  [38;2;180;60;0mgrad_norm:  1.8657  [38;2;54;234;195mmemory: 58.00GiB(73.01%)  [34mtps: 119  [36mtflops: 5.72  [35mmfu: 0.58%[39m
[rank0]:[titan] 2026-03-17 16:36:33,770 - root - INFO - [31mstep: 1232  [32mloss:  2.7557  [38;2;180;60;0mgrad_norm:  2.2007  [38;2;54;234;195mmemory: 58.00GiB(73.01%)  [34mtps: 118  [36mtflops: 5.70  [35mmfu: 0.58%[39m
[rank0]:[titan] 2026-03-17 16:36:51,057 - root - INFO - [31mstep: 1233  [32mloss:  2.7487  [38;2;180;60;0mgrad_norm:  2.7386  [38;2;54;234;195mmemory: 58.00GiB(73.01%)  [34mtps: 118  [36mtflops: 5.71  [35mmfu: 0.58%[39m
[rank0]:[titan] 2026-03-17 16:37:08,089 - root - INFO - [31mstep: 1234  [32mloss:  2.7461  [38;2;180;60;0mgrad_norm:  1.8747  [38;2;54;234;195mmemory: 58.00GiB(73.01%)  [34mtps: 120  [36mtflops: 5.79  [35mmfu: 0.59%[39m
[rank0]:[titan] 2026-03-17 16:37:25,229 - root - INFO - [31mstep: 1235  [32mloss:  2.8054  [38;2;180;60;0mgrad_norm:  1.7337  [38;2;54;234;195mmemory: 58.00GiB(73.01%)  [34mtps: 119  [36mtflops: 5.76  [35mmfu: 0.58%[39m
[rank0]:[titan] 2026-03-17 16:37:42,665 - root - INFO - [31mstep: 1236  [32mloss:  2.7670  [38;2;180;60;0mgrad_norm:  2.3564  [38;2;54;234;195mmemory: 58.00GiB(73.01%)  [34mtps: 117  [36mtflops: 5.66  [35mmfu: 0.57%[39m
[rank0]:[titan] 2026-03-17 16:37:59,649 - root - INFO - [31mstep: 1237  [32mloss:  2.7468  [38;2;180;60;0mgrad_norm:  1.8846  [38;2;54;234;195mmemory: 58.00GiB(73.01%)  [34mtps: 121  [36mtflops: 5.81  [35mmfu: 0.59%[39m
[rank0]:[titan] 2026-03-17 16:38:16,678 - root - INFO - [31mstep: 1238  [32mloss:  2.7455  [38;2;180;60;0mgrad_norm:  1.9917  [38;2;54;234;195mmemory: 58.00GiB(73.01%)  [34mtps: 120  [36mtflops: 5.79  [35mmfu: 0.59%[39m
[rank0]:[titan] 2026-03-17 16:38:33,697 - root - INFO - [31mstep: 1239  [32mloss:  2.7971  [38;2;180;60;0mgrad_norm:  1.6940  [38;2;54;234;195mmemory: 58.00GiB(73.01%)  [34mtps: 120  [36mtflops: 5.80  [35mmfu: 0.59%[39m
[rank0]:[titan] 2026-03-17 16:38:50,818 - root - INFO - [31mstep: 1240  [32mloss:  2.7860  [38;2;180;60;0mgrad_norm:  1.7871  [38;2;54;234;195mmemory: 58.00GiB(73.01%)  [34mtps: 120  [36mtflops: 5.76  [35mmfu: 0.58%[39m
[rank0]:[titan] 2026-03-17 16:39:07,968 - root - INFO - [31mstep: 1241  [32mloss:  2.7474  [38;2;180;60;0mgrad_norm:  2.1554  [38;2;54;234;195mmemory: 58.00GiB(73.01%)  [34mtps: 119  [36mtflops: 5.75  [35mmfu: 0.58%[39m
[rank0]:[titan] 2026-03-17 16:39:25,278 - root - INFO - [31mstep: 1242  [32mloss:  2.7169  [38;2;180;60;0mgrad_norm:  1.7814  [38;2;54;234;195mmemory: 58.00GiB(73.01%)  [34mtps: 118  [36mtflops: 5.70  [35mmfu: 0.58%[39m
[rank0]:[titan] 2026-03-17 16:39:42,482 - root - INFO - [31mstep: 1243  [32mloss:  2.7393  [38;2;180;60;0mgrad_norm:  1.2961  [38;2;54;234;195mmemory: 58.00GiB(73.01%)  [34mtps: 119  [36mtflops: 5.74  [35mmfu: 0.58%[39m
[rank0]:[titan] 2026-03-17 16:39:59,861 - root - INFO - [31mstep: 1244  [32mloss:  2.7266  [38;2;180;60;0mgrad_norm:  1.9801  [38;2;54;234;195mmemory: 58.00GiB(73.01%)  [34mtps: 118  [36mtflops: 5.68  [35mmfu: 0.57%[39m
[rank0]:[titan] 2026-03-17 16:40:17,042 - root - INFO - [31mstep: 1245  [32mloss:  2.7766  [38;2;180;60;0mgrad_norm:  2.1069  [38;2;54;234;195mmemory: 58.00GiB(73.01%)  [34mtps: 119  [36mtflops: 5.74  [35mmfu: 0.58%[39m
[rank0]:[titan] 2026-03-17 16:40:34,232 - root - INFO - [31mstep: 1246  [32mloss:  2.7391  [38;2;180;60;0mgrad_norm:  1.8086  [38;2;54;234;195mmemory: 58.00GiB(73.01%)  [34mtps: 119  [36mtflops: 5.74  [35mmfu: 0.58%[39m
[rank0]:[titan] 2026-03-17 16:40:51,675 - root - INFO - [31mstep: 1247  [32mloss:  2.7625  [38;2;180;60;0mgrad_norm:  1.8256  [38;2;54;234;195mmemory: 58.00GiB(73.01%)  [34mtps: 117  [36mtflops: 5.66  [35mmfu: 0.57%[39m
[rank0]:[titan] 2026-03-17 16:41:08,967 - root - INFO - [31mstep: 1248  [32mloss:  2.7341  [38;2;180;60;0mgrad_norm:  1.9745  [38;2;54;234;195mmemory: 58.00GiB(73.01%)  [34mtps: 118  [36mtflops: 5.71  [35mmfu: 0.58%[39m
[rank0]:[titan] 2026-03-17 16:41:26,348 - root - INFO - [31mstep: 1249  [32mloss:  2.7368  [38;2;180;60;0mgrad_norm:  1.7002  [38;2;54;234;195mmemory: 58.00GiB(73.01%)  [34mtps: 118  [36mtflops: 5.68  [35mmfu: 0.57%[39m
[rank0]:[titan] 2026-03-17 16:41:43,698 - root - INFO - [31mstep: 1250  [32mloss:  2.7028  [38;2;180;60;0mgrad_norm:  1.5577  [38;2;54;234;195mmemory: 58.00GiB(73.01%)  [34mtps: 118  [36mtflops: 5.69  [35mmfu: 0.58%[39m
[rank0]:[titan] 2026-03-17 16:42:00,850 - root - INFO - [31mstep: 1251  [32mloss:  2.6746  [38;2;180;60;0mgrad_norm:  1.6650  [38;2;54;234;195mmemory: 58.00GiB(73.01%)  [34mtps: 119  [36mtflops: 5.75  [35mmfu: 0.58%[39m
[rank0]:[titan] 2026-03-17 16:42:18,088 - root - INFO - [31mstep: 1252  [32mloss:  2.7064  [38;2;180;60;0mgrad_norm:  1.7313  [38;2;54;234;195mmemory: 58.00GiB(73.01%)  [34mtps: 119  [36mtflops: 5.72  [35mmfu: 0.58%[39m
[rank0]:[titan] 2026-03-17 16:42:35,368 - root - INFO - [31mstep: 1253  [32mloss:  2.7437  [38;2;180;60;0mgrad_norm:  1.6357  [38;2;54;234;195mmemory: 58.00GiB(73.01%)  [34mtps: 119  [36mtflops: 5.71  [35mmfu: 0.58%[39m
[rank0]:[titan] 2026-03-17 16:42:52,613 - root - INFO - [31mstep: 1254  [32mloss:  2.6690  [38;2;180;60;0mgrad_norm:  1.6000  [38;2;54;234;195mmemory: 58.00GiB(73.01%)  [34mtps: 119  [36mtflops: 5.72  [35mmfu: 0.58%[39m
[rank0]:[titan] 2026-03-17 16:43:09,863 - root - INFO - [31mstep: 1255  [32mloss:  2.7446  [38;2;180;60;0mgrad_norm:  1.7792  [38;2;54;234;195mmemory: 58.00GiB(73.01%)  [34mtps: 119  [36mtflops: 5.72  [35mmfu: 0.58%[39m
[rank0]:[titan] 2026-03-17 16:43:27,085 - root - INFO - [31mstep: 1256  [32mloss:  2.7606  [38;2;180;60;0mgrad_norm:  1.5039  [38;2;54;234;195mmemory: 58.00GiB(73.01%)  [34mtps: 119  [36mtflops: 5.73  [35mmfu: 0.58%[39m
[rank0]:[titan] 2026-03-17 16:43:44,342 - root - INFO - [31mstep: 1257  [32mloss:  2.6540  [38;2;180;60;0mgrad_norm:  1.7684  [38;2;54;234;195mmemory: 58.00GiB(73.01%)  [34mtps: 119  [36mtflops: 5.72  [35mmfu: 0.58%[39m
[rank0]:[titan] 2026-03-17 16:44:01,426 - root - INFO - [31mstep: 1258  [32mloss:  2.6447  [38;2;180;60;0mgrad_norm:  1.8712  [38;2;54;234;195mmemory: 58.00GiB(73.01%)  [34mtps: 120  [36mtflops: 5.78  [35mmfu: 0.58%[39m
[rank0]:[titan] 2026-03-17 16:44:18,574 - root - INFO - [31mstep: 1259  [32mloss:  2.6620  [38;2;180;60;0mgrad_norm:  1.6177  [38;2;54;234;195mmemory: 58.00GiB(73.01%)  [34mtps: 119  [36mtflops: 5.75  [35mmfu: 0.58%[39m
[rank0]:[titan] 2026-03-17 16:44:36,000 - root - INFO - [31mstep: 1260  [32mloss:  2.6922  [38;2;180;60;0mgrad_norm:  1.8789  [38;2;54;234;195mmemory: 58.00GiB(73.01%)  [34mtps: 118  [36mtflops: 5.66  [35mmfu: 0.57%[39m
[rank0]:[titan] 2026-03-17 16:44:53,056 - root - INFO - [31mstep: 1261  [32mloss:  2.6583  [38;2;180;60;0mgrad_norm:  1.5172  [38;2;54;234;195mmemory: 58.00GiB(73.01%)  [34mtps: 120  [36mtflops: 5.79  [35mmfu: 0.58%[39m
[rank0]:[titan] 2026-03-17 16:45:10,256 - root - INFO - [31mstep: 1262  [32mloss:  2.6746  [38;2;180;60;0mgrad_norm:  1.2829  [38;2;54;234;195mmemory: 58.00GiB(73.01%)  [34mtps: 119  [36mtflops: 5.74  [35mmfu: 0.58%[39m
[rank0]:[titan] 2026-03-17 16:45:27,376 - root - INFO - [31mstep: 1263  [32mloss:  2.6792  [38;2;180;60;0mgrad_norm:  1.2124  [38;2;54;234;195mmemory: 58.00GiB(73.01%)  [34mtps: 120  [36mtflops: 5.76  [35mmfu: 0.58%[39m
[rank0]:[titan] 2026-03-17 16:45:44,620 - root - INFO - [31mstep: 1264  [32mloss:  2.6458  [38;2;180;60;0mgrad_norm:  1.2203  [38;2;54;234;195mmemory: 58.00GiB(73.01%)  [34mtps: 119  [36mtflops: 5.72  [35mmfu: 0.58%[39m
[rank0]:[titan] 2026-03-17 16:46:01,854 - root - INFO - [31mstep: 1265  [32mloss:  2.7007  [38;2;180;60;0mgrad_norm:  2.1148  [38;2;54;234;195mmemory: 58.00GiB(73.01%)  [34mtps: 119  [36mtflops: 5.73  [35mmfu: 0.58%[39m
[rank0]:[titan] 2026-03-17 16:46:19,048 - root - INFO - [31mstep: 1266  [32mloss:  2.6971  [38;2;180;60;0mgrad_norm:  1.5955  [38;2;54;234;195mmemory: 58.00GiB(73.01%)  [34mtps: 119  [36mtflops: 5.74  [35mmfu: 0.58%[39m
[rank0]:[titan] 2026-03-17 16:46:36,217 - root - INFO - [31mstep: 1267  [32mloss:  2.6720  [38;2;180;60;0mgrad_norm:  1.4932  [38;2;54;234;195mmemory: 58.00GiB(73.01%)  [34mtps: 119  [36mtflops: 5.75  [35mmfu: 0.58%[39m
[rank0]:[titan] 2026-03-17 16:46:53,378 - root - INFO - [31mstep: 1268  [32mloss:  2.6947  [38;2;180;60;0mgrad_norm:  2.0668  [38;2;54;234;195mmemory: 58.00GiB(73.01%)  [34mtps: 119  [36mtflops: 5.75  [35mmfu: 0.58%[39m
[rank0]:[titan] 2026-03-17 16:46:53,380 - root - WARNING - Dataset c4_test is being re-looped
[rank0]:[titan] 2026-03-17 16:47:10,740 - root - INFO - [31mstep: 1269  [32mloss:  2.7176  [38;2;180;60;0mgrad_norm:  1.8150  [38;2;54;234;195mmemory: 58.00GiB(73.01%)  [34mtps: 118  [36mtflops: 5.68  [35mmfu: 0.57%[39m
[rank0]:[titan] 2026-03-17 16:47:27,799 - root - INFO - [31mstep: 1270  [32mloss:  2.7729  [38;2;180;60;0mgrad_norm:  1.5394  [38;2;54;234;195mmemory: 58.00GiB(73.01%)  [34mtps: 120  [36mtflops: 5.78  [35mmfu: 0.58%[39m
[rank0]:[titan] 2026-03-17 16:47:44,838 - root - INFO - [31mstep: 1271  [32mloss:  2.7835  [38;2;180;60;0mgrad_norm:  2.0458  [38;2;54;234;195mmemory: 58.00GiB(73.01%)  [34mtps: 120  [36mtflops: 5.79  [35mmfu: 0.59%[39m
[rank0]:[titan] 2026-03-17 16:48:02,029 - root - INFO - [31mstep: 1272  [32mloss:  2.6922  [38;2;180;60;0mgrad_norm:  1.8637  [38;2;54;234;195mmemory: 58.00GiB(73.01%)  [34mtps: 119  [36mtflops: 5.74  [35mmfu: 0.58%[39m
[rank0]:[titan] 2026-03-17 16:48:19,220 - root - INFO - [31mstep: 1273  [32mloss:  2.7100  [38;2;180;60;0mgrad_norm:  1.6759  [38;2;54;234;195mmemory: 58.00GiB(73.01%)  [34mtps: 119  [36mtflops: 5.74  [35mmfu: 0.58%[39m
[rank0]:[titan] 2026-03-17 16:48:36,302 - root - INFO - [31mstep: 1274  [32mloss:  2.6769  [38;2;180;60;0mgrad_norm:  1.3936  [38;2;54;234;195mmemory: 58.00GiB(73.01%)  [34mtps: 120  [36mtflops: 5.78  [35mmfu: 0.58%[39m
[rank0]:[titan] 2026-03-17 16:48:53,455 - root - INFO - [31mstep: 1275  [32mloss:  2.7025  [38;2;180;60;0mgrad_norm:  1.3939  [38;2;54;234;195mmemory: 58.00GiB(73.01%)  [34mtps: 119  [36mtflops: 5.75  [35mmfu: 0.58%[39m
[rank0]:[titan] 2026-03-17 16:49:10,696 - root - INFO - [31mstep: 1276  [32mloss:  2.6766  [38;2;180;60;0mgrad_norm:  1.6663  [38;2;54;234;195mmemory: 58.00GiB(73.01%)  [34mtps: 119  [36mtflops: 5.72  [35mmfu: 0.58%[39m
[rank0]:[titan] 2026-03-17 16:49:27,293 - root - INFO - [31mstep: 1277  [32mloss:  2.6995  [38;2;180;60;0mgrad_norm:  1.3557  [38;2;54;234;195mmemory: 58.00GiB(73.01%)  [34mtps: 123  [36mtflops: 5.95  [35mmfu: 0.60%[39m
[rank0]:[titan] 2026-03-17 16:49:44,837 - root - INFO - [31mstep: 1278  [32mloss:  2.7008  [38;2;180;60;0mgrad_norm:  1.4581  [38;2;54;234;195mmemory: 58.00GiB(73.01%)  [34mtps: 117  [36mtflops: 5.62  [35mmfu: 0.57%[39m
[rank0]:[titan] 2026-03-17 16:50:02,749 - root - INFO - [31mstep: 1279  [32mloss:  2.7150  [38;2;180;60;0mgrad_norm:  1.8312  [38;2;54;234;195mmemory: 58.00GiB(73.01%)  [34mtps: 114  [36mtflops: 5.51  [35mmfu: 0.56%[39m
[rank0]:[titan] 2026-03-17 16:50:19,951 - root - INFO - [31mstep: 1280  [32mloss:  2.7209  [38;2;180;60;0mgrad_norm:  1.5795  [38;2;54;234;195mmemory: 58.00GiB(73.01%)  [34mtps: 119  [36mtflops: 5.74  [35mmfu: 0.58%[39m
[rank0]:[titan] 2026-03-17 16:50:37,208 - root - INFO - [31mstep: 1281  [32mloss:  2.7179  [38;2;180;60;0mgrad_norm:  1.2299  [38;2;54;234;195mmemory: 58.00GiB(73.01%)  [34mtps: 119  [36mtflops: 5.72  [35mmfu: 0.58%[39m
[rank0]:[titan] 2026-03-17 16:50:54,386 - root - INFO - [31mstep: 1282  [32mloss:  2.7596  [38;2;180;60;0mgrad_norm:  2.0747  [38;2;54;234;195mmemory: 58.00GiB(73.01%)  [34mtps: 119  [36mtflops: 5.74  [35mmfu: 0.58%[39m
[rank0]:[titan] 2026-03-17 16:51:11,490 - root - INFO - [31mstep: 1283  [32mloss:  2.7350  [38;2;180;60;0mgrad_norm:  1.8716  [38;2;54;234;195mmemory: 58.00GiB(73.01%)  [34mtps: 120  [36mtflops: 5.77  [35mmfu: 0.58%[39m
[rank0]:[titan] 2026-03-17 16:51:28,650 - root - INFO - [31mstep: 1284  [32mloss:  2.7171  [38;2;180;60;0mgrad_norm:  1.8218  [38;2;54;234;195mmemory: 58.00GiB(73.01%)  [34mtps: 119  [36mtflops: 5.75  [35mmfu: 0.58%[39m
[rank0]:[titan] 2026-03-17 16:51:45,760 - root - INFO - [31mstep: 1285  [32mloss:  2.6970  [38;2;180;60;0mgrad_norm:  2.1907  [38;2;54;234;195mmemory: 58.00GiB(73.01%)  [34mtps: 120  [36mtflops: 5.77  [35mmfu: 0.58%[39m
[rank0]:[titan] 2026-03-17 16:52:02,930 - root - INFO - [31mstep: 1286  [32mloss:  2.7011  [38;2;180;60;0mgrad_norm:  1.5729  [38;2;54;234;195mmemory: 58.00GiB(73.01%)  [34mtps: 119  [36mtflops: 5.75  [35mmfu: 0.58%[39m
[rank0]:[titan] 2026-03-17 16:52:20,079 - root - INFO - [31mstep: 1287  [32mloss:  2.7131  [38;2;180;60;0mgrad_norm:  1.8093  [38;2;54;234;195mmemory: 58.00GiB(73.01%)  [34mtps: 119  [36mtflops: 5.75  [35mmfu: 0.58%[39m
[rank0]:[titan] 2026-03-17 16:52:37,084 - root - INFO - [31mstep: 1288  [32mloss:  2.6679  [38;2;180;60;0mgrad_norm:  1.9200  [38;2;54;234;195mmemory: 58.00GiB(73.01%)  [34mtps: 120  [36mtflops: 5.80  [35mmfu: 0.59%[39m
[rank0]:[titan] 2026-03-17 16:52:54,014 - root - INFO - [31mstep: 1289  [32mloss:  2.6888  [38;2;180;60;0mgrad_norm:  1.3289  [38;2;54;234;195mmemory: 58.00GiB(73.01%)  [34mtps: 121  [36mtflops: 5.83  [35mmfu: 0.59%[39m
[rank0]:[titan] 2026-03-17 16:53:11,356 - root - INFO - [31mstep: 1290  [32mloss:  2.7302  [38;2;180;60;0mgrad_norm:  1.6160  [38;2;54;234;195mmemory: 58.00GiB(73.01%)  [34mtps: 118  [36mtflops: 5.69  [35mmfu: 0.58%[39m
[rank0]:[titan] 2026-03-17 16:53:28,563 - root - INFO - [31mstep: 1291  [32mloss:  2.6811  [38;2;180;60;0mgrad_norm:  1.2539  [38;2;54;234;195mmemory: 58.00GiB(73.01%)  [34mtps: 119  [36mtflops: 5.73  [35mmfu: 0.58%[39m
[rank0]:[titan] 2026-03-17 16:53:45,878 - root - INFO - [31mstep: 1292  [32mloss:  2.6876  [38;2;180;60;0mgrad_norm:  1.1511  [38;2;54;234;195mmemory: 58.00GiB(73.01%)  [34mtps: 118  [36mtflops: 5.70  [35mmfu: 0.58%[39m
[rank0]:[titan] 2026-03-17 16:54:03,189 - root - INFO - [31mstep: 1293  [32mloss:  2.7047  [38;2;180;60;0mgrad_norm:  0.9529  [38;2;54;234;195mmemory: 58.00GiB(73.01%)  [34mtps: 118  [36mtflops: 5.70  [35mmfu: 0.58%[39m
[rank0]:[titan] 2026-03-17 16:54:20,299 - root - INFO - [31mstep: 1294  [32mloss:  2.7668  [38;2;180;60;0mgrad_norm:  1.4309  [38;2;54;234;195mmemory: 58.00GiB(73.01%)  [34mtps: 120  [36mtflops: 5.77  [35mmfu: 0.58%[39m
[rank0]:[titan] 2026-03-17 16:54:37,439 - root - INFO - [31mstep: 1295  [32mloss:  2.7432  [38;2;180;60;0mgrad_norm:  1.0970  [38;2;54;234;195mmemory: 58.00GiB(73.01%)  [34mtps: 119  [36mtflops: 5.76  [35mmfu: 0.58%[39m
[rank0]:[titan] 2026-03-17 16:54:54,589 - root - INFO - [31mstep: 1296  [32mloss:  2.6927  [38;2;180;60;0mgrad_norm:  1.2930  [38;2;54;234;195mmemory: 58.00GiB(73.01%)  [34mtps: 119  [36mtflops: 5.75  [35mmfu: 0.58%[39m
[rank0]:[titan] 2026-03-17 16:55:11,604 - root - INFO - [31mstep: 1297  [32mloss:  2.7018  [38;2;180;60;0mgrad_norm:  1.6121  [38;2;54;234;195mmemory: 58.00GiB(73.01%)  [34mtps: 120  [36mtflops: 5.80  [35mmfu: 0.59%[39m
[rank0]:[titan] 2026-03-17 16:55:28,962 - root - INFO - [31mstep: 1298  [32mloss:  2.6634  [38;2;180;60;0mgrad_norm:  1.4679  [38;2;54;234;195mmemory: 58.00GiB(73.01%)  [34mtps: 118  [36mtflops: 5.68  [35mmfu: 0.57%[39m
[rank0]:[titan] 2026-03-17 16:55:46,070 - root - INFO - [31mstep: 1299  [32mloss:  2.7245  [38;2;180;60;0mgrad_norm:  1.5049  [38;2;54;234;195mmemory: 58.00GiB(73.01%)  [34mtps: 120  [36mtflops: 5.77  [35mmfu: 0.58%[39m
[rank0]:[titan] 2026-03-17 16:56:03,120 - root - INFO - [31mstep: 1300  [32mloss:  2.8020  [38;2;180;60;0mgrad_norm:  1.5514  [38;2;54;234;195mmemory: 58.00GiB(73.01%)  [34mtps: 120  [36mtflops: 5.79  [35mmfu: 0.59%[39m
[rank0]:[titan] 2026-03-17 16:56:20,251 - root - INFO - [31mstep: 1301  [32mloss:  2.7847  [38;2;180;60;0mgrad_norm:  2.0124  [38;2;54;234;195mmemory: 58.00GiB(73.01%)  [34mtps: 120  [36mtflops: 5.76  [35mmfu: 0.58%[39m
[rank0]:[titan] 2026-03-17 16:56:37,648 - root - INFO - [31mstep: 1302  [32mloss:  2.7220  [38;2;180;60;0mgrad_norm:  1.9454  [38;2;54;234;195mmemory: 58.00GiB(73.01%)  [34mtps: 118  [36mtflops: 5.67  [35mmfu: 0.57%[39m
[rank0]:[titan] 2026-03-17 16:56:54,890 - root - INFO - [31mstep: 1303  [32mloss:  2.7535  [38;2;180;60;0mgrad_norm:  1.7027  [38;2;54;234;195mmemory: 58.00GiB(73.01%)  [34mtps: 119  [36mtflops: 5.72  [35mmfu: 0.58%[39m
[rank0]:[titan] 2026-03-17 16:57:12,261 - root - INFO - [31mstep: 1304  [32mloss:  2.8310  [38;2;180;60;0mgrad_norm:  1.8160  [38;2;54;234;195mmemory: 58.00GiB(73.01%)  [34mtps: 118  [36mtflops: 5.68  [35mmfu: 0.57%[39m
[rank0]:[titan] 2026-03-17 16:57:29,499 - root - INFO - [31mstep: 1305  [32mloss:  2.8272  [38;2;180;60;0mgrad_norm:  1.9290  [38;2;54;234;195mmemory: 58.00GiB(73.01%)  [34mtps: 119  [36mtflops: 5.72  [35mmfu: 0.58%[39m
[rank0]:[titan] 2026-03-17 16:57:46,631 - root - INFO - [31mstep: 1306  [32mloss:  2.7059  [38;2;180;60;0mgrad_norm:  1.7109  [38;2;54;234;195mmemory: 58.00GiB(73.01%)  [34mtps: 120  [36mtflops: 5.76  [35mmfu: 0.58%[39m
[rank0]:[titan] 2026-03-17 16:58:03,825 - root - INFO - [31mstep: 1307  [32mloss:  2.6874  [38;2;180;60;0mgrad_norm:  1.4645  [38;2;54;234;195mmemory: 58.00GiB(73.01%)  [34mtps: 119  [36mtflops: 5.74  [35mmfu: 0.58%[39m
[rank0]:[titan] 2026-03-17 16:58:20,988 - root - INFO - [31mstep: 1308  [32mloss:  2.7247  [38;2;180;60;0mgrad_norm:  1.5347  [38;2;54;234;195mmemory: 58.00GiB(73.01%)  [34mtps: 119  [36mtflops: 5.75  [35mmfu: 0.58%[39m
[rank0]:[titan] 2026-03-17 16:58:38,069 - root - INFO - [31mstep: 1309  [32mloss:  2.7448  [38;2;180;60;0mgrad_norm:  1.4249  [38;2;54;234;195mmemory: 58.00GiB(73.01%)  [34mtps: 120  [36mtflops: 5.78  [35mmfu: 0.58%[39m
[rank0]:[titan] 2026-03-17 16:58:55,192 - root - INFO - [31mstep: 1310  [32mloss:  2.7858  [38;2;180;60;0mgrad_norm:  1.9636  [38;2;54;234;195mmemory: 58.00GiB(73.01%)  [34mtps: 120  [36mtflops: 5.76  [35mmfu: 0.58%[39m
[rank0]:[titan] 2026-03-17 16:59:12,169 - root - INFO - [31mstep: 1311  [32mloss:  2.7536  [38;2;180;60;0mgrad_norm:  1.7505  [38;2;54;234;195mmemory: 58.00GiB(73.01%)  [34mtps: 121  [36mtflops: 5.81  [35mmfu: 0.59%[39m
[rank0]:[titan] 2026-03-17 16:59:29,501 - root - INFO - [31mstep: 1312  [32mloss:  2.7463  [38;2;180;60;0mgrad_norm:  1.8016  [38;2;54;234;195mmemory: 58.00GiB(73.01%)  [34mtps: 118  [36mtflops: 5.69  [35mmfu: 0.58%[39m
[rank0]:[titan] 2026-03-17 16:59:46,723 - root - INFO - [31mstep: 1313  [32mloss:  2.7320  [38;2;180;60;0mgrad_norm:  1.6035  [38;2;54;234;195mmemory: 58.00GiB(73.01%)  [34mtps: 119  [36mtflops: 5.73  [35mmfu: 0.58%[39m
[rank0]:[titan] 2026-03-17 17:00:03,894 - root - INFO - [31mstep: 1314  [32mloss:  2.7255  [38;2;180;60;0mgrad_norm:  1.6046  [38;2;54;234;195mmemory: 58.00GiB(73.01%)  [34mtps: 119  [36mtflops: 5.75  [35mmfu: 0.58%[39m
[rank0]:[titan] 2026-03-17 17:00:21,272 - root - INFO - [31mstep: 1315  [32mloss:  2.7853  [38;2;180;60;0mgrad_norm:  1.6076  [38;2;54;234;195mmemory: 58.00GiB(73.01%)  [34mtps: 118  [36mtflops: 5.68  [35mmfu: 0.57%[39m
[rank0]:[titan] 2026-03-17 17:00:38,318 - root - INFO - [31mstep: 1316  [32mloss:  2.7531  [38;2;180;60;0mgrad_norm:  1.3660  [38;2;54;234;195mmemory: 58.00GiB(73.01%)  [34mtps: 120  [36mtflops: 5.79  [35mmfu: 0.59%[39m
[rank0]:[titan] 2026-03-17 17:00:55,514 - root - INFO - [31mstep: 1317  [32mloss:  2.7612  [38;2;180;60;0mgrad_norm:  1.4628  [38;2;54;234;195mmemory: 58.00GiB(73.01%)  [34mtps: 119  [36mtflops: 5.74  [35mmfu: 0.58%[39m
[rank0]:[titan] 2026-03-17 17:01:12,723 - root - INFO - [31mstep: 1318  [32mloss:  2.8059  [38;2;180;60;0mgrad_norm:  1.1753  [38;2;54;234;195mmemory: 58.00GiB(73.01%)  [34mtps: 119  [36mtflops: 5.73  [35mmfu: 0.58%[39m
[rank0]:[titan] 2026-03-17 17:01:29,901 - root - INFO - [31mstep: 1319  [32mloss:  2.7141  [38;2;180;60;0mgrad_norm:  1.9643  [38;2;54;234;195mmemory: 58.00GiB(73.01%)  [34mtps: 119  [36mtflops: 5.74  [35mmfu: 0.58%[39m
[rank0]:[titan] 2026-03-17 17:01:46,977 - root - INFO - [31mstep: 1320  [32mloss:  2.7177  [38;2;180;60;0mgrad_norm:  2.0483  [38;2;54;234;195mmemory: 58.00GiB(73.01%)  [34mtps: 120  [36mtflops: 5.78  [35mmfu: 0.58%[39m
[rank0]:[titan] 2026-03-17 17:02:04,295 - root - INFO - [31mstep: 1321  [32mloss:  2.7026  [38;2;180;60;0mgrad_norm:  1.5204  [38;2;54;234;195mmemory: 58.00GiB(73.01%)  [34mtps: 118  [36mtflops: 5.70  [35mmfu: 0.58%[39m
[rank0]:[titan] 2026-03-17 17:02:21,629 - root - INFO - [31mstep: 1322  [32mloss:  2.6857  [38;2;180;60;0mgrad_norm:  1.5368  [38;2;54;234;195mmemory: 58.00GiB(73.01%)  [34mtps: 118  [36mtflops: 5.69  [35mmfu: 0.58%[39m
[rank0]:[titan] 2026-03-17 17:02:38,911 - root - INFO - [31mstep: 1323  [32mloss:  2.6679  [38;2;180;60;0mgrad_norm:  1.5959  [38;2;54;234;195mmemory: 58.00GiB(73.01%)  [34mtps: 119  [36mtflops: 5.71  [35mmfu: 0.58%[39m
[rank0]:[titan] 2026-03-17 17:02:56,169 - root - INFO - [31mstep: 1324  [32mloss:  2.7353  [38;2;180;60;0mgrad_norm:  1.8871  [38;2;54;234;195mmemory: 58.00GiB(73.01%)  [34mtps: 119  [36mtflops: 5.72  [35mmfu: 0.58%[39m
[rank0]:[titan] 2026-03-17 17:03:13,377 - root - INFO - [31mstep: 1325  [32mloss:  2.7054  [38;2;180;60;0mgrad_norm:  1.7331  [38;2;54;234;195mmemory: 58.00GiB(73.01%)  [34mtps: 119  [36mtflops: 5.73  [35mmfu: 0.58%[39m
[rank0]:[titan] 2026-03-17 17:03:30,759 - root - INFO - [31mstep: 1326  [32mloss:  2.7644  [38;2;180;60;0mgrad_norm:  1.6856  [38;2;54;234;195mmemory: 58.00GiB(73.01%)  [34mtps: 118  [36mtflops: 5.68  [35mmfu: 0.57%[39m
[rank0]:[titan] 2026-03-17 17:03:47,979 - root - INFO - [31mstep: 1327  [32mloss:  2.7417  [38;2;180;60;0mgrad_norm:  1.5079  [38;2;54;234;195mmemory: 58.00GiB(73.01%)  [34mtps: 119  [36mtflops: 5.73  [35mmfu: 0.58%[39m
[rank0]:[titan] 2026-03-17 17:04:05,367 - root - INFO - [31mstep: 1328  [32mloss:  2.7420  [38;2;180;60;0mgrad_norm:  1.5747  [38;2;54;234;195mmemory: 58.00GiB(73.01%)  [34mtps: 118  [36mtflops: 5.68  [35mmfu: 0.57%[39m
[rank0]:[titan] 2026-03-17 17:04:22,558 - root - INFO - [31mstep: 1329  [32mloss:  2.6854  [38;2;180;60;0mgrad_norm:  1.8365  [38;2;54;234;195mmemory: 58.00GiB(73.01%)  [34mtps: 119  [36mtflops: 5.74  [35mmfu: 0.58%[39m
[rank0]:[titan] 2026-03-17 17:04:39,556 - root - INFO - [31mstep: 1330  [32mloss:  2.7404  [38;2;180;60;0mgrad_norm:  1.4674  [38;2;54;234;195mmemory: 58.00GiB(73.01%)  [34mtps: 120  [36mtflops: 5.81  [35mmfu: 0.59%[39m
[rank0]:[titan] 2026-03-17 17:04:57,092 - root - INFO - [31mstep: 1331  [32mloss:  2.6769  [38;2;180;60;0mgrad_norm:  2.0849  [38;2;54;234;195mmemory: 58.00GiB(73.01%)  [34mtps: 117  [36mtflops: 5.63  [35mmfu: 0.57%[39m
[rank0]:[titan] 2026-03-17 17:05:14,471 - root - INFO - [31mstep: 1332  [32mloss:  2.7197  [38;2;180;60;0mgrad_norm:  1.4619  [38;2;54;234;195mmemory: 58.00GiB(73.01%)  [34mtps: 118  [36mtflops: 5.68  [35mmfu: 0.57%[39m
[rank0]:[titan] 2026-03-17 17:05:31,567 - root - INFO - [31mstep: 1333  [32mloss:  2.6611  [38;2;180;60;0mgrad_norm:  1.2537  [38;2;54;234;195mmemory: 58.00GiB(73.01%)  [34mtps: 120  [36mtflops: 5.77  [35mmfu: 0.58%[39m
[rank0]:[titan] 2026-03-17 17:05:48,793 - root - INFO - [31mstep: 1334  [32mloss:  2.6885  [38;2;180;60;0mgrad_norm:  1.0449  [38;2;54;234;195mmemory: 58.00GiB(73.01%)  [34mtps: 119  [36mtflops: 5.73  [35mmfu: 0.58%[39m
[rank0]:[titan] 2026-03-17 17:06:06,002 - root - INFO - [31mstep: 1335  [32mloss:  2.6999  [38;2;180;60;0mgrad_norm:  1.1433  [38;2;54;234;195mmemory: 58.00GiB(73.01%)  [34mtps: 119  [36mtflops: 5.73  [35mmfu: 0.58%[39m
[rank0]:[titan] 2026-03-17 17:06:23,105 - root - INFO - [31mstep: 1336  [32mloss:  2.6415  [38;2;180;60;0mgrad_norm:  1.4891  [38;2;54;234;195mmemory: 58.00GiB(73.01%)  [34mtps: 120  [36mtflops: 5.77  [35mmfu: 0.58%[39m
[rank0]:[titan] 2026-03-17 17:06:40,320 - root - INFO - [31mstep: 1337  [32mloss:  2.7429  [38;2;180;60;0mgrad_norm:  1.4706  [38;2;54;234;195mmemory: 58.00GiB(73.01%)  [34mtps: 119  [36mtflops: 5.73  [35mmfu: 0.58%[39m
[rank0]:[titan] 2026-03-17 17:06:57,510 - root - INFO - [31mstep: 1338  [32mloss:  2.6787  [38;2;180;60;0mgrad_norm:  1.4555  [38;2;54;234;195mmemory: 58.00GiB(73.01%)  [34mtps: 119  [36mtflops: 5.74  [35mmfu: 0.58%[39m
[rank0]:[titan] 2026-03-17 17:07:14,535 - root - INFO - [31mstep: 1339  [32mloss:  2.7257  [38;2;180;60;0mgrad_norm:  1.2953  [38;2;54;234;195mmemory: 58.00GiB(73.01%)  [34mtps: 120  [36mtflops: 5.80  [35mmfu: 0.59%[39m
[rank0]:[titan] 2026-03-17 17:07:31,789 - root - INFO - [31mstep: 1340  [32mloss:  2.8526  [38;2;180;60;0mgrad_norm:  1.5672  [38;2;54;234;195mmemory: 58.00GiB(73.01%)  [34mtps: 119  [36mtflops: 5.72  [35mmfu: 0.58%[39m
[rank0]:[titan] 2026-03-17 17:07:49,097 - root - INFO - [31mstep: 1341  [32mloss:  2.8175  [38;2;180;60;0mgrad_norm:  1.4821  [38;2;54;234;195mmemory: 58.00GiB(73.01%)  [34mtps: 118  [36mtflops: 5.70  [35mmfu: 0.58%[39m
[rank0]:[titan] 2026-03-17 17:08:06,267 - root - INFO - [31mstep: 1342  [32mloss:  2.7322  [38;2;180;60;0mgrad_norm:  1.5534  [38;2;54;234;195mmemory: 58.00GiB(73.01%)  [34mtps: 119  [36mtflops: 5.75  [35mmfu: 0.58%[39m
[rank0]:[titan] 2026-03-17 17:08:23,489 - root - INFO - [31mstep: 1343  [32mloss:  2.6975  [38;2;180;60;0mgrad_norm:  1.4365  [38;2;54;234;195mmemory: 58.00GiB(73.01%)  [34mtps: 119  [36mtflops: 5.73  [35mmfu: 0.58%[39m
[rank0]:[titan] 2026-03-17 17:08:40,644 - root - INFO - [31mstep: 1344  [32mloss:  2.7378  [38;2;180;60;0mgrad_norm:  2.2050  [38;2;54;234;195mmemory: 58.00GiB(73.01%)  [34mtps: 119  [36mtflops: 5.75  [35mmfu: 0.58%[39m
[rank0]:[titan] 2026-03-17 17:08:57,667 - root - INFO - [31mstep: 1345  [32mloss:  2.8083  [38;2;180;60;0mgrad_norm:  1.9676  [38;2;54;234;195mmemory: 58.00GiB(73.01%)  [34mtps: 120  [36mtflops: 5.80  [35mmfu: 0.59%[39m
[rank0]:[titan] 2026-03-17 17:09:15,002 - root - INFO - [31mstep: 1346  [32mloss:  2.8155  [38;2;180;60;0mgrad_norm:  1.8684  [38;2;54;234;195mmemory: 58.00GiB(73.01%)  [34mtps: 118  [36mtflops: 5.69  [35mmfu: 0.58%[39m
[rank0]:[titan] 2026-03-17 17:09:32,010 - root - INFO - [31mstep: 1347  [32mloss:  2.7404  [38;2;180;60;0mgrad_norm:  2.3422  [38;2;54;234;195mmemory: 58.00GiB(73.01%)  [34mtps: 120  [36mtflops: 5.80  [35mmfu: 0.59%[39m
[rank0]:[titan] 2026-03-17 17:09:49,006 - root - INFO - [31mstep: 1348  [32mloss:  2.7531  [38;2;180;60;0mgrad_norm:  1.7045  [38;2;54;234;195mmemory: 58.00GiB(73.01%)  [34mtps: 121  [36mtflops: 5.81  [35mmfu: 0.59%[39m
[rank0]:[titan] 2026-03-17 17:10:05,988 - root - INFO - [31mstep: 1349  [32mloss:  2.7564  [38;2;180;60;0mgrad_norm:  1.9790  [38;2;54;234;195mmemory: 58.00GiB(73.01%)  [34mtps: 121  [36mtflops: 5.81  [35mmfu: 0.59%[39m
[rank0]:[titan] 2026-03-17 17:10:22,957 - root - INFO - [31mstep: 1350  [32mloss:  2.7805  [38;2;180;60;0mgrad_norm:  2.2341  [38;2;54;234;195mmemory: 58.00GiB(73.01%)  [34mtps: 121  [36mtflops: 5.82  [35mmfu: 0.59%[39m
[rank0]:[titan] 2026-03-17 17:10:40,129 - root - INFO - [31mstep: 1351  [32mloss:  2.7459  [38;2;180;60;0mgrad_norm:  2.4441  [38;2;54;234;195mmemory: 58.00GiB(73.01%)  [34mtps: 119  [36mtflops: 5.75  [35mmfu: 0.58%[39m
[rank0]:[titan] 2026-03-17 17:10:57,242 - root - INFO - [31mstep: 1352  [32mloss:  2.7485  [38;2;180;60;0mgrad_norm:  2.0168  [38;2;54;234;195mmemory: 58.00GiB(73.01%)  [34mtps: 120  [36mtflops: 5.77  [35mmfu: 0.58%[39m
[rank0]:[titan] 2026-03-17 17:11:14,421 - root - INFO - [31mstep: 1353  [32mloss:  2.7153  [38;2;180;60;0mgrad_norm:  1.8951  [38;2;54;234;195mmemory: 58.00GiB(73.01%)  [34mtps: 119  [36mtflops: 5.74  [35mmfu: 0.58%[39m
[rank0]:[titan] 2026-03-17 17:11:31,572 - root - INFO - [31mstep: 1354  [32mloss:  2.7177  [38;2;180;60;0mgrad_norm:  2.0279  [38;2;54;234;195mmemory: 58.00GiB(73.01%)  [34mtps: 119  [36mtflops: 5.75  [35mmfu: 0.58%[39m
[rank0]:[titan] 2026-03-17 17:11:48,817 - root - INFO - [31mstep: 1355  [32mloss:  2.7811  [38;2;180;60;0mgrad_norm:  2.1465  [38;2;54;234;195mmemory: 58.00GiB(73.01%)  [34mtps: 119  [36mtflops: 5.72  [35mmfu: 0.58%[39m
[rank0]:[titan] 2026-03-17 17:12:06,020 - root - INFO - [31mstep: 1356  [32mloss:  2.7975  [38;2;180;60;0mgrad_norm:  2.2810  [38;2;54;234;195mmemory: 58.00GiB(73.01%)  [34mtps: 119  [36mtflops: 5.74  [35mmfu: 0.58%[39m
[rank0]:[titan] 2026-03-17 17:12:23,179 - root - INFO - [31mstep: 1357  [32mloss:  2.8501  [38;2;180;60;0mgrad_norm:  1.9938  [38;2;54;234;195mmemory: 58.00GiB(73.01%)  [34mtps: 119  [36mtflops: 5.75  [35mmfu: 0.58%[39m
[rank0]:[titan] 2026-03-17 17:12:40,510 - root - INFO - [31mstep: 1358  [32mloss:  2.6878  [38;2;180;60;0mgrad_norm:  1.3780  [38;2;54;234;195mmemory: 58.00GiB(73.01%)  [34mtps: 118  [36mtflops: 5.69  [35mmfu: 0.58%[39m
[rank0]:[titan] 2026-03-17 17:12:57,754 - root - INFO - [31mstep: 1359  [32mloss:  2.6649  [38;2;180;60;0mgrad_norm:  1.5618  [38;2;54;234;195mmemory: 58.00GiB(73.01%)  [34mtps: 119  [36mtflops: 5.72  [35mmfu: 0.58%[39m
[rank0]:[titan] 2026-03-17 17:13:15,000 - root - INFO - [31mstep: 1360  [32mloss:  2.6415  [38;2;180;60;0mgrad_norm:  1.9373  [38;2;54;234;195mmemory: 58.00GiB(73.01%)  [34mtps: 119  [36mtflops: 5.72  [35mmfu: 0.58%[39m
[rank0]:[titan] 2026-03-17 17:13:32,098 - root - INFO - [31mstep: 1361  [32mloss:  2.6928  [38;2;180;60;0mgrad_norm:  1.3486  [38;2;54;234;195mmemory: 58.00GiB(73.01%)  [34mtps: 120  [36mtflops: 5.77  [35mmfu: 0.58%[39m
[rank0]:[titan] 2026-03-17 17:13:49,245 - root - INFO - [31mstep: 1362  [32mloss:  2.7063  [38;2;180;60;0mgrad_norm:  1.3889  [38;2;54;234;195mmemory: 58.00GiB(73.01%)  [34mtps: 119  [36mtflops: 5.75  [35mmfu: 0.58%[39m
[rank0]:[titan] 2026-03-17 17:14:06,529 - root - INFO - [31mstep: 1363  [32mloss:  2.6961  [38;2;180;60;0mgrad_norm:  1.8669  [38;2;54;234;195mmemory: 58.00GiB(73.01%)  [34mtps: 118  [36mtflops: 5.71  [35mmfu: 0.58%[39m
[rank0]:[titan] 2026-03-17 17:14:23,526 - root - INFO - [31mstep: 1364  [32mloss:  2.6433  [38;2;180;60;0mgrad_norm:  1.8441  [38;2;54;234;195mmemory: 58.00GiB(73.01%)  [34mtps: 120  [36mtflops: 5.81  [35mmfu: 0.59%[39m
[rank0]:[titan] 2026-03-17 17:14:40,848 - root - INFO - [31mstep: 1365  [32mloss:  2.6024  [38;2;180;60;0mgrad_norm:  1.1634  [38;2;54;234;195mmemory: 58.00GiB(73.01%)  [34mtps: 118  [36mtflops: 5.70  [35mmfu: 0.58%[39m
[rank0]:[titan] 2026-03-17 17:14:58,039 - root - INFO - [31mstep: 1366  [32mloss:  2.6723  [38;2;180;60;0mgrad_norm:  2.0182  [38;2;54;234;195mmemory: 58.00GiB(73.01%)  [34mtps: 119  [36mtflops: 5.74  [35mmfu: 0.58%[39m
[rank0]:[titan] 2026-03-17 17:15:15,341 - root - INFO - [31mstep: 1367  [32mloss:  2.7235  [38;2;180;60;0mgrad_norm:  2.5368  [38;2;54;234;195mmemory: 58.00GiB(73.01%)  [34mtps: 118  [36mtflops: 5.70  [35mmfu: 0.58%[39m
[rank0]:[titan] 2026-03-17 17:15:32,662 - root - INFO - [31mstep: 1368  [32mloss:  2.6679  [38;2;180;60;0mgrad_norm:  1.6366  [38;2;54;234;195mmemory: 58.00GiB(73.01%)  [34mtps: 118  [36mtflops: 5.70  [35mmfu: 0.58%[39m
[rank0]:[titan] 2026-03-17 17:15:49,964 - root - INFO - [31mstep: 1369  [32mloss:  2.6763  [38;2;180;60;0mgrad_norm:  1.3335  [38;2;54;234;195mmemory: 58.00GiB(73.01%)  [34mtps: 118  [36mtflops: 5.70  [35mmfu: 0.58%[39m
[rank0]:[titan] 2026-03-17 17:16:07,267 - root - INFO - [31mstep: 1370  [32mloss:  2.7150  [38;2;180;60;0mgrad_norm:  1.8612  [38;2;54;234;195mmemory: 58.00GiB(73.01%)  [34mtps: 118  [36mtflops: 5.70  [35mmfu: 0.58%[39m
[rank0]:[titan] 2026-03-17 17:16:24,556 - root - INFO - [31mstep: 1371  [32mloss:  2.7123  [38;2;180;60;0mgrad_norm:  1.7646  [38;2;54;234;195mmemory: 58.00GiB(73.01%)  [34mtps: 118  [36mtflops: 5.71  [35mmfu: 0.58%[39m
[rank0]:[titan] 2026-03-17 17:16:41,548 - root - INFO - [31mstep: 1372  [32mloss:  2.6711  [38;2;180;60;0mgrad_norm:  1.1689  [38;2;54;234;195mmemory: 58.00GiB(73.01%)  [34mtps: 121  [36mtflops: 5.81  [35mmfu: 0.59%[39m
[rank0]:[titan] 2026-03-17 17:16:58,740 - root - INFO - [31mstep: 1373  [32mloss:  2.6977  [38;2;180;60;0mgrad_norm:  1.2150  [38;2;54;234;195mmemory: 58.00GiB(73.01%)  [34mtps: 119  [36mtflops: 5.74  [35mmfu: 0.58%[39m
[rank0]:[titan] 2026-03-17 17:17:15,837 - root - INFO - [31mstep: 1374  [32mloss:  2.7179  [38;2;180;60;0mgrad_norm:  1.5359  [38;2;54;234;195mmemory: 58.00GiB(73.01%)  [34mtps: 120  [36mtflops: 5.77  [35mmfu: 0.58%[39m
[rank0]:[titan] 2026-03-17 17:17:32,894 - root - INFO - [31mstep: 1375  [32mloss:  2.7142  [38;2;180;60;0mgrad_norm:  1.0416  [38;2;54;234;195mmemory: 58.00GiB(73.01%)  [34mtps: 120  [36mtflops: 5.79  [35mmfu: 0.58%[39m
[rank0]:[titan] 2026-03-17 17:17:50,146 - root - INFO - [31mstep: 1376  [32mloss:  2.7472  [38;2;180;60;0mgrad_norm:  0.9929  [38;2;54;234;195mmemory: 58.00GiB(73.01%)  [34mtps: 119  [36mtflops: 5.72  [35mmfu: 0.58%[39m
[rank0]:[titan] 2026-03-17 17:18:07,276 - root - INFO - [31mstep: 1377  [32mloss:  2.7579  [38;2;180;60;0mgrad_norm:  1.3787  [38;2;54;234;195mmemory: 58.00GiB(73.01%)  [34mtps: 120  [36mtflops: 5.76  [35mmfu: 0.58%[39m
[rank0]:[titan] 2026-03-17 17:18:24,488 - root - INFO - [31mstep: 1378  [32mloss:  2.7498  [38;2;180;60;0mgrad_norm:  1.3342  [38;2;54;234;195mmemory: 58.00GiB(73.01%)  [34mtps: 119  [36mtflops: 5.73  [35mmfu: 0.58%[39m
[rank0]:[titan] 2026-03-17 17:18:41,473 - root - INFO - [31mstep: 1379  [32mloss:  2.7338  [38;2;180;60;0mgrad_norm:  1.3059  [38;2;54;234;195mmemory: 58.00GiB(73.01%)  [34mtps: 121  [36mtflops: 5.81  [35mmfu: 0.59%[39m
[rank0]:[titan] 2026-03-17 17:18:58,742 - root - INFO - [31mstep: 1380  [32mloss:  2.7239  [38;2;180;60;0mgrad_norm:  1.3870  [38;2;54;234;195mmemory: 58.00GiB(73.01%)  [34mtps: 119  [36mtflops: 5.71  [35mmfu: 0.58%[39m
[rank0]:[titan] 2026-03-17 17:19:15,755 - root - INFO - [31mstep: 1381  [32mloss:  2.7016  [38;2;180;60;0mgrad_norm:  1.0475  [38;2;54;234;195mmemory: 58.00GiB(73.01%)  [34mtps: 120  [36mtflops: 5.80  [35mmfu: 0.59%[39m
[rank0]:[titan] 2026-03-17 17:19:32,975 - root - INFO - [31mstep: 1382  [32mloss:  2.6886  [38;2;180;60;0mgrad_norm:  1.0288  [38;2;54;234;195mmemory: 58.00GiB(73.01%)  [34mtps: 119  [36mtflops: 5.73  [35mmfu: 0.58%[39m
[rank0]:[titan] 2026-03-17 17:19:50,065 - root - INFO - [31mstep: 1383  [32mloss:  2.6948  [38;2;180;60;0mgrad_norm:  0.9574  [38;2;54;234;195mmemory: 58.00GiB(73.01%)  [34mtps: 120  [36mtflops: 5.77  [35mmfu: 0.58%[39m
[rank0]:[titan] 2026-03-17 17:20:07,210 - root - INFO - [31mstep: 1384  [32mloss:  2.7442  [38;2;180;60;0mgrad_norm:  1.2698  [38;2;54;234;195mmemory: 58.00GiB(73.01%)  [34mtps: 119  [36mtflops: 5.76  [35mmfu: 0.58%[39m
[rank0]:[titan] 2026-03-17 17:20:24,331 - root - INFO - [31mstep: 1385  [32mloss:  2.7452  [38;2;180;60;0mgrad_norm:  1.2477  [38;2;54;234;195mmemory: 58.00GiB(73.01%)  [34mtps: 120  [36mtflops: 5.76  [35mmfu: 0.58%[39m
[rank0]:[titan] 2026-03-17 17:20:41,411 - root - INFO - [31mstep: 1386  [32mloss:  2.7056  [38;2;180;60;0mgrad_norm:  1.5539  [38;2;54;234;195mmemory: 58.00GiB(73.01%)  [34mtps: 120  [36mtflops: 5.78  [35mmfu: 0.58%[39m
[rank0]:[titan] 2026-03-17 17:20:58,618 - root - INFO - [31mstep: 1387  [32mloss:  2.6924  [38;2;180;60;0mgrad_norm:  1.0955  [38;2;54;234;195mmemory: 58.00GiB(73.01%)  [34mtps: 119  [36mtflops: 5.73  [35mmfu: 0.58%[39m
[rank0]:[titan] 2026-03-17 17:21:15,875 - root - INFO - [31mstep: 1388  [32mloss:  2.7233  [38;2;180;60;0mgrad_norm:  1.3873  [38;2;54;234;195mmemory: 58.00GiB(73.01%)  [34mtps: 119  [36mtflops: 5.72  [35mmfu: 0.58%[39m
[rank0]:[titan] 2026-03-17 17:21:33,254 - root - INFO - [31mstep: 1389  [32mloss:  2.7297  [38;2;180;60;0mgrad_norm:  1.5494  [38;2;54;234;195mmemory: 58.00GiB(73.01%)  [34mtps: 118  [36mtflops: 5.68  [35mmfu: 0.57%[39m
[rank0]:[titan] 2026-03-17 17:21:50,379 - root - INFO - [31mstep: 1390  [32mloss:  2.6927  [38;2;180;60;0mgrad_norm:  1.1849  [38;2;54;234;195mmemory: 58.00GiB(73.01%)  [34mtps: 120  [36mtflops: 5.76  [35mmfu: 0.58%[39m
[rank0]:[titan] 2026-03-17 17:22:07,595 - root - INFO - [31mstep: 1391  [32mloss:  2.7194  [38;2;180;60;0mgrad_norm:  1.2399  [38;2;54;234;195mmemory: 58.00GiB(73.01%)  [34mtps: 119  [36mtflops: 5.73  [35mmfu: 0.58%[39m
[rank0]:[titan] 2026-03-17 17:22:24,940 - root - INFO - [31mstep: 1392  [32mloss:  2.7408  [38;2;180;60;0mgrad_norm:  1.5650  [38;2;54;234;195mmemory: 58.00GiB(73.01%)  [34mtps: 118  [36mtflops: 5.69  [35mmfu: 0.58%[39m
[rank0]:[titan] 2026-03-17 17:22:42,303 - root - INFO - [31mstep: 1393  [32mloss:  2.6910  [38;2;180;60;0mgrad_norm:  1.4563  [38;2;54;234;195mmemory: 58.00GiB(73.01%)  [34mtps: 118  [36mtflops: 5.68  [35mmfu: 0.57%[39m
[rank0]:[titan] 2026-03-17 17:22:59,320 - root - INFO - [31mstep: 1394  [32mloss:  2.7185  [38;2;180;60;0mgrad_norm:  1.1477  [38;2;54;234;195mmemory: 58.00GiB(73.01%)  [34mtps: 120  [36mtflops: 5.80  [35mmfu: 0.59%[39m
[rank0]:[titan] 2026-03-17 17:23:16,694 - root - INFO - [31mstep: 1395  [32mloss:  2.7725  [38;2;180;60;0mgrad_norm:  1.4850  [38;2;54;234;195mmemory: 58.00GiB(73.01%)  [34mtps: 118  [36mtflops: 5.68  [35mmfu: 0.57%[39m
[rank0]:[titan] 2026-03-17 17:23:34,012 - root - INFO - [31mstep: 1396  [32mloss:  2.7325  [38;2;180;60;0mgrad_norm:  1.3432  [38;2;54;234;195mmemory: 58.00GiB(73.01%)  [34mtps: 118  [36mtflops: 5.70  [35mmfu: 0.58%[39m
[rank0]:[titan] 2026-03-17 17:23:51,379 - root - INFO - [31mstep: 1397  [32mloss:  2.7015  [38;2;180;60;0mgrad_norm:  1.2124  [38;2;54;234;195mmemory: 58.00GiB(73.01%)  [34mtps: 118  [36mtflops: 5.68  [35mmfu: 0.57%[39m
[rank0]:[titan] 2026-03-17 17:24:08,838 - root - INFO - [31mstep: 1398  [32mloss:  2.7091  [38;2;180;60;0mgrad_norm:  1.3316  [38;2;54;234;195mmemory: 58.00GiB(73.01%)  [34mtps: 117  [36mtflops: 5.65  [35mmfu: 0.57%[39m
[rank0]:[titan] 2026-03-17 17:24:26,060 - root - INFO - [31mstep: 1399  [32mloss:  2.7124  [38;2;180;60;0mgrad_norm:  1.2456  [38;2;54;234;195mmemory: 58.00GiB(73.01%)  [34mtps: 119  [36mtflops: 5.73  [35mmfu: 0.58%[39m
[rank0]:[titan] 2026-03-17 17:24:43,400 - root - INFO - [31mstep: 1400  [32mloss:  2.7564  [38;2;180;60;0mgrad_norm:  1.1493  [38;2;54;234;195mmemory: 58.00GiB(73.01%)  [34mtps: 118  [36mtflops: 5.69  [35mmfu: 0.58%[39m
[rank0]:[titan] 2026-03-17 17:25:00,538 - root - INFO - [31mstep: 1401  [32mloss:  2.6479  [38;2;180;60;0mgrad_norm:  1.1046  [38;2;54;234;195mmemory: 58.00GiB(73.01%)  [34mtps: 120  [36mtflops: 5.76  [35mmfu: 0.58%[39m
[rank0]:[titan] 2026-03-17 17:25:17,813 - root - INFO - [31mstep: 1402  [32mloss:  2.6945  [38;2;180;60;0mgrad_norm:  1.3933  [38;2;54;234;195mmemory: 58.00GiB(73.01%)  [34mtps: 119  [36mtflops: 5.71  [35mmfu: 0.58%[39m
[rank0]:[titan] 2026-03-17 17:25:35,286 - root - INFO - [31mstep: 1403  [32mloss:  2.7489  [38;2;180;60;0mgrad_norm:  1.9337  [38;2;54;234;195mmemory: 58.00GiB(73.01%)  [34mtps: 117  [36mtflops: 5.65  [35mmfu: 0.57%[39m
[rank0]:[titan] 2026-03-17 17:25:52,665 - root - INFO - [31mstep: 1404  [32mloss:  2.7065  [38;2;180;60;0mgrad_norm:  1.2883  [38;2;54;234;195mmemory: 58.00GiB(73.01%)  [34mtps: 118  [36mtflops: 5.68  [35mmfu: 0.57%[39m
[rank0]:[titan] 2026-03-17 17:26:10,078 - root - INFO - [31mstep: 1405  [32mloss:  2.7150  [38;2;180;60;0mgrad_norm:  1.9768  [38;2;54;234;195mmemory: 58.00GiB(73.01%)  [34mtps: 118  [36mtflops: 5.67  [35mmfu: 0.57%[39m
[rank0]:[titan] 2026-03-17 17:26:27,281 - root - INFO - [31mstep: 1406  [32mloss:  2.7618  [38;2;180;60;0mgrad_norm:  2.4526  [38;2;54;234;195mmemory: 58.00GiB(73.01%)  [34mtps: 119  [36mtflops: 5.74  [35mmfu: 0.58%[39m
[rank0]:[titan] 2026-03-17 17:26:44,393 - root - INFO - [31mstep: 1407  [32mloss:  2.7499  [38;2;180;60;0mgrad_norm:  2.2011  [38;2;54;234;195mmemory: 58.00GiB(73.01%)  [34mtps: 120  [36mtflops: 5.77  [35mmfu: 0.58%[39m
[rank0]:[titan] 2026-03-17 17:27:01,658 - root - INFO - [31mstep: 1408  [32mloss:  2.7593  [38;2;180;60;0mgrad_norm:  1.8070  [38;2;54;234;195mmemory: 58.00GiB(73.01%)  [34mtps: 119  [36mtflops: 5.72  [35mmfu: 0.58%[39m
[rank0]:[titan] 2026-03-17 17:27:18,756 - root - INFO - [31mstep: 1409  [32mloss:  2.7550  [38;2;180;60;0mgrad_norm:  3.8403  [38;2;54;234;195mmemory: 58.00GiB(73.01%)  [34mtps: 120  [36mtflops: 5.77  [35mmfu: 0.58%[39m
[rank0]:[titan] 2026-03-17 17:27:35,910 - root - INFO - [31mstep: 1410  [32mloss:  2.7543  [38;2;180;60;0mgrad_norm:  2.8346  [38;2;54;234;195mmemory: 58.00GiB(73.01%)  [34mtps: 119  [36mtflops: 5.75  [35mmfu: 0.58%[39m
[rank0]:[titan] 2026-03-17 17:27:53,076 - root - INFO - [31mstep: 1411  [32mloss:  2.7449  [38;2;180;60;0mgrad_norm:  2.4953  [38;2;54;234;195mmemory: 58.00GiB(73.01%)  [34mtps: 119  [36mtflops: 5.75  [35mmfu: 0.58%[39m
[rank0]:[titan] 2026-03-17 17:28:10,316 - root - INFO - [31mstep: 1412  [32mloss:  2.7620  [38;2;180;60;0mgrad_norm:  1.6260  [38;2;54;234;195mmemory: 58.00GiB(73.01%)  [34mtps: 119  [36mtflops: 5.72  [35mmfu: 0.58%[39m
[rank0]:[titan] 2026-03-17 17:28:27,574 - root - INFO - [31mstep: 1413  [32mloss:  2.7713  [38;2;180;60;0mgrad_norm:  2.3261  [38;2;54;234;195mmemory: 58.00GiB(73.01%)  [34mtps: 119  [36mtflops: 5.72  [35mmfu: 0.58%[39m
[rank0]:[titan] 2026-03-17 17:28:44,618 - root - INFO - [31mstep: 1414  [32mloss:  2.7745  [38;2;180;60;0mgrad_norm:  2.4093  [38;2;54;234;195mmemory: 58.00GiB(73.01%)  [34mtps: 120  [36mtflops: 5.79  [35mmfu: 0.59%[39m
[rank0]:[titan] 2026-03-17 17:29:01,751 - root - INFO - [31mstep: 1415  [32mloss:  2.7789  [38;2;180;60;0mgrad_norm:  1.5883  [38;2;54;234;195mmemory: 58.00GiB(73.01%)  [34mtps: 120  [36mtflops: 5.76  [35mmfu: 0.58%[39m
[rank0]:[titan] 2026-03-17 17:29:19,024 - root - INFO - [31mstep: 1416  [32mloss:  2.7342  [38;2;180;60;0mgrad_norm:  1.7421  [38;2;54;234;195mmemory: 58.00GiB(73.01%)  [34mtps: 119  [36mtflops: 5.71  [35mmfu: 0.58%[39m
[rank0]:[titan] 2026-03-17 17:29:36,159 - root - INFO - [31mstep: 1417  [32mloss:  2.7798  [38;2;180;60;0mgrad_norm:  2.3402  [38;2;54;234;195mmemory: 58.00GiB(73.01%)  [34mtps: 120  [36mtflops: 5.76  [35mmfu: 0.58%[39m
[rank0]:[titan] 2026-03-17 17:29:53,659 - root - INFO - [31mstep: 1418  [32mloss:  2.7835  [38;2;180;60;0mgrad_norm:  1.6853  [38;2;54;234;195mmemory: 58.00GiB(73.01%)  [34mtps: 117  [36mtflops: 5.64  [35mmfu: 0.57%[39m
[rank0]:[titan] 2026-03-17 17:30:10,884 - root - INFO - [31mstep: 1419  [32mloss:  2.7360  [38;2;180;60;0mgrad_norm:  1.6416  [38;2;54;234;195mmemory: 58.00GiB(73.01%)  [34mtps: 119  [36mtflops: 5.73  [35mmfu: 0.58%[39m
[rank0]:[titan] 2026-03-17 17:30:27,963 - root - INFO - [31mstep: 1420  [32mloss:  2.7356  [38;2;180;60;0mgrad_norm:  1.7473  [38;2;54;234;195mmemory: 58.00GiB(73.01%)  [34mtps: 120  [36mtflops: 5.78  [35mmfu: 0.58%[39m
[rank0]:[titan] 2026-03-17 17:30:45,202 - root - INFO - [31mstep: 1421  [32mloss:  2.7515  [38;2;180;60;0mgrad_norm:  1.6737  [38;2;54;234;195mmemory: 58.00GiB(73.01%)  [34mtps: 119  [36mtflops: 5.72  [35mmfu: 0.58%[39m
[rank0]:[titan] 2026-03-17 17:31:02,030 - root - INFO - [31mstep: 1422  [32mloss:  2.7737  [38;2;180;60;0mgrad_norm:  1.3327  [38;2;54;234;195mmemory: 58.00GiB(73.01%)  [34mtps: 122  [36mtflops: 5.86  [35mmfu: 0.59%[39m
[rank0]:[titan] 2026-03-17 17:31:19,194 - root - INFO - [31mstep: 1423  [32mloss:  2.8256  [38;2;180;60;0mgrad_norm:  1.3223  [38;2;54;234;195mmemory: 58.00GiB(73.01%)  [34mtps: 119  [36mtflops: 5.75  [35mmfu: 0.58%[39m
[rank0]:[titan] 2026-03-17 17:31:36,475 - root - INFO - [31mstep: 1424  [32mloss:  2.7551  [38;2;180;60;0mgrad_norm:  1.6456  [38;2;54;234;195mmemory: 58.00GiB(73.01%)  [34mtps: 119  [36mtflops: 5.71  [35mmfu: 0.58%[39m
[rank0]:[titan] 2026-03-17 17:31:53,823 - root - INFO - [31mstep: 1425  [32mloss:  2.7934  [38;2;180;60;0mgrad_norm:  1.4218  [38;2;54;234;195mmemory: 58.00GiB(73.01%)  [34mtps: 118  [36mtflops: 5.69  [35mmfu: 0.58%[39m
[rank0]:[titan] 2026-03-17 17:32:10,919 - root - INFO - [31mstep: 1426  [32mloss:  2.7828  [38;2;180;60;0mgrad_norm:  1.4446  [38;2;54;234;195mmemory: 58.00GiB(73.01%)  [34mtps: 120  [36mtflops: 5.77  [35mmfu: 0.58%[39m
[rank0]:[titan] 2026-03-17 17:32:28,160 - root - INFO - [31mstep: 1427  [32mloss:  2.7624  [38;2;180;60;0mgrad_norm:  1.9846  [38;2;54;234;195mmemory: 58.00GiB(73.01%)  [34mtps: 119  [36mtflops: 5.72  [35mmfu: 0.58%[39m
[rank0]:[titan] 2026-03-17 17:32:45,478 - root - INFO - [31mstep: 1428  [32mloss:  2.7860  [38;2;180;60;0mgrad_norm:  2.1280  [38;2;54;234;195mmemory: 58.00GiB(73.01%)  [34mtps: 118  [36mtflops: 5.70  [35mmfu: 0.58%[39m
[rank0]:[titan] 2026-03-17 17:33:02,699 - root - INFO - [31mstep: 1429  [32mloss:  2.7103  [38;2;180;60;0mgrad_norm:  1.1421  [38;2;54;234;195mmemory: 58.00GiB(73.01%)  [34mtps: 119  [36mtflops: 5.73  [35mmfu: 0.58%[39m
[rank0]:[titan] 2026-03-17 17:33:19,950 - root - INFO - [31mstep: 1430  [32mloss:  2.7479  [38;2;180;60;0mgrad_norm:  1.5714  [38;2;54;234;195mmemory: 58.00GiB(73.01%)  [34mtps: 119  [36mtflops: 5.72  [35mmfu: 0.58%[39m
[rank0]:[titan] 2026-03-17 17:33:37,216 - root - INFO - [31mstep: 1431  [32mloss:  2.7534  [38;2;180;60;0mgrad_norm:  1.4767  [38;2;54;234;195mmemory: 58.00GiB(73.01%)  [34mtps: 119  [36mtflops: 5.72  [35mmfu: 0.58%[39m
[rank0]:[titan] 2026-03-17 17:33:54,579 - root - INFO - [31mstep: 1432  [32mloss:  2.8088  [38;2;180;60;0mgrad_norm:  1.2760  [38;2;54;234;195mmemory: 58.00GiB(73.01%)  [34mtps: 118  [36mtflops: 5.68  [35mmfu: 0.57%[39m
[rank0]:[titan] 2026-03-17 17:34:11,954 - root - INFO - [31mstep: 1433  [32mloss:  2.7741  [38;2;180;60;0mgrad_norm:  1.3832  [38;2;54;234;195mmemory: 58.00GiB(73.01%)  [34mtps: 118  [36mtflops: 5.68  [35mmfu: 0.57%[39m
[rank0]:[titan] 2026-03-17 17:34:29,236 - root - INFO - [31mstep: 1434  [32mloss:  2.7690  [38;2;180;60;0mgrad_norm:  1.4374  [38;2;54;234;195mmemory: 58.00GiB(73.01%)  [34mtps: 119  [36mtflops: 5.71  [35mmfu: 0.58%[39m
[rank0]:[titan] 2026-03-17 17:34:46,507 - root - INFO - [31mstep: 1435  [32mloss:  2.7474  [38;2;180;60;0mgrad_norm:  1.5346  [38;2;54;234;195mmemory: 58.00GiB(73.01%)  [34mtps: 119  [36mtflops: 5.71  [35mmfu: 0.58%[39m
[rank0]:[titan] 2026-03-17 17:35:03,787 - root - INFO - [31mstep: 1436  [32mloss:  2.7415  [38;2;180;60;0mgrad_norm:  1.4777  [38;2;54;234;195mmemory: 58.00GiB(73.01%)  [34mtps: 119  [36mtflops: 5.71  [35mmfu: 0.58%[39m
[rank0]:[titan] 2026-03-17 17:35:20,969 - root - INFO - [31mstep: 1437  [32mloss:  2.6648  [38;2;180;60;0mgrad_norm:  1.4844  [38;2;54;234;195mmemory: 58.00GiB(73.01%)  [34mtps: 119  [36mtflops: 5.74  [35mmfu: 0.58%[39m
[rank0]:[titan] 2026-03-17 17:35:38,228 - root - INFO - [31mstep: 1438  [32mloss:  2.7309  [38;2;180;60;0mgrad_norm:  1.3929  [38;2;54;234;195mmemory: 58.00GiB(73.01%)  [34mtps: 119  [36mtflops: 5.72  [35mmfu: 0.58%[39m
[rank0]:[titan] 2026-03-17 17:35:55,322 - root - INFO - [31mstep: 1439  [32mloss:  2.7306  [38;2;180;60;0mgrad_norm:  1.4143  [38;2;54;234;195mmemory: 58.00GiB(73.01%)  [34mtps: 120  [36mtflops: 5.77  [35mmfu: 0.58%[39m
[rank0]:[titan] 2026-03-17 17:36:12,629 - root - INFO - [31mstep: 1440  [32mloss:  2.7512  [38;2;180;60;0mgrad_norm:  1.5365  [38;2;54;234;195mmemory: 58.00GiB(73.01%)  [34mtps: 118  [36mtflops: 5.70  [35mmfu: 0.58%[39m
[rank0]:[titan] 2026-03-17 17:36:29,737 - root - INFO - [31mstep: 1441  [32mloss:  2.7435  [38;2;180;60;0mgrad_norm:  1.2606  [38;2;54;234;195mmemory: 58.00GiB(73.01%)  [34mtps: 120  [36mtflops: 5.77  [35mmfu: 0.58%[39m
[rank0]:[titan] 2026-03-17 17:36:46,893 - root - INFO - [31mstep: 1442  [32mloss:  2.7155  [38;2;180;60;0mgrad_norm:  1.3887  [38;2;54;234;195mmemory: 58.00GiB(73.01%)  [34mtps: 119  [36mtflops: 5.75  [35mmfu: 0.58%[39m
[rank0]:[titan] 2026-03-17 17:37:03,770 - root - INFO - [31mstep: 1443  [32mloss:  2.7194  [38;2;180;60;0mgrad_norm:  1.2587  [38;2;54;234;195mmemory: 58.00GiB(73.01%)  [34mtps: 121  [36mtflops: 5.85  [35mmfu: 0.59%[39m
[rank0]:[titan] 2026-03-17 17:37:21,168 - root - INFO - [31mstep: 1444  [32mloss:  2.7788  [38;2;180;60;0mgrad_norm:  1.0370  [38;2;54;234;195mmemory: 58.00GiB(73.01%)  [34mtps: 118  [36mtflops: 5.67  [35mmfu: 0.57%[39m
[rank0]:[titan] 2026-03-17 17:37:38,517 - root - INFO - [31mstep: 1445  [32mloss:  2.7159  [38;2;180;60;0mgrad_norm:  1.3795  [38;2;54;234;195mmemory: 58.00GiB(73.01%)  [34mtps: 118  [36mtflops: 5.69  [35mmfu: 0.58%[39m
[rank0]:[titan] 2026-03-17 17:37:55,586 - root - INFO - [31mstep: 1446  [32mloss:  2.7586  [38;2;180;60;0mgrad_norm:  1.4178  [38;2;54;234;195mmemory: 58.00GiB(73.01%)  [34mtps: 120  [36mtflops: 5.78  [35mmfu: 0.58%[39m
[rank0]:[titan] 2026-03-17 17:38:12,692 - root - INFO - [31mstep: 1447  [32mloss:  2.7999  [38;2;180;60;0mgrad_norm:  1.0942  [38;2;54;234;195mmemory: 58.00GiB(73.01%)  [34mtps: 120  [36mtflops: 5.77  [35mmfu: 0.58%[39m
[rank0]:[titan] 2026-03-17 17:38:29,707 - root - INFO - [31mstep: 1448  [32mloss:  2.6905  [38;2;180;60;0mgrad_norm:  1.3456  [38;2;54;234;195mmemory: 58.00GiB(73.01%)  [34mtps: 120  [36mtflops: 5.80  [35mmfu: 0.59%[39m
[rank0]:[titan] 2026-03-17 17:38:46,913 - root - INFO - [31mstep: 1449  [32mloss:  2.7421  [38;2;180;60;0mgrad_norm:  1.4527  [38;2;54;234;195mmemory: 58.00GiB(73.01%)  [34mtps: 119  [36mtflops: 5.74  [35mmfu: 0.58%[39m
[rank0]:[titan] 2026-03-17 17:39:04,254 - root - INFO - [31mstep: 1450  [32mloss:  2.7478  [38;2;180;60;0mgrad_norm:  1.4251  [38;2;54;234;195mmemory: 58.00GiB(73.01%)  [34mtps: 118  [36mtflops: 5.69  [35mmfu: 0.58%[39m
[rank0]:[titan] 2026-03-17 17:39:21,452 - root - INFO - [31mstep: 1451  [32mloss:  2.7347  [38;2;180;60;0mgrad_norm:  1.8980  [38;2;54;234;195mmemory: 58.00GiB(73.01%)  [34mtps: 119  [36mtflops: 5.74  [35mmfu: 0.58%[39m
[rank0]:[titan] 2026-03-17 17:39:38,338 - root - INFO - [31mstep: 1452  [32mloss:  2.7374  [38;2;180;60;0mgrad_norm:  1.3423  [38;2;54;234;195mmemory: 58.00GiB(73.01%)  [34mtps: 121  [36mtflops: 5.84  [35mmfu: 0.59%[39m
[rank0]:[titan] 2026-03-17 17:39:55,472 - root - INFO - [31mstep: 1453  [32mloss:  2.6742  [38;2;180;60;0mgrad_norm:  1.8962  [38;2;54;234;195mmemory: 58.00GiB(73.01%)  [34mtps: 120  [36mtflops: 5.76  [35mmfu: 0.58%[39m
[rank0]:[titan] 2026-03-17 17:40:12,699 - root - INFO - [31mstep: 1454  [32mloss:  2.6763  [38;2;180;60;0mgrad_norm:  1.5697  [38;2;54;234;195mmemory: 58.00GiB(73.01%)  [34mtps: 119  [36mtflops: 5.73  [35mmfu: 0.58%[39m
[rank0]:[titan] 2026-03-17 17:40:29,960 - root - INFO - [31mstep: 1455  [32mloss:  2.6868  [38;2;180;60;0mgrad_norm:  1.7162  [38;2;54;234;195mmemory: 58.00GiB(73.01%)  [34mtps: 119  [36mtflops: 5.72  [35mmfu: 0.58%[39m
[rank0]:[titan] 2026-03-17 17:40:47,054 - root - INFO - [31mstep: 1456  [32mloss:  2.6955  [38;2;180;60;0mgrad_norm:  1.6424  [38;2;54;234;195mmemory: 58.00GiB(73.01%)  [34mtps: 120  [36mtflops: 5.77  [35mmfu: 0.58%[39m
[rank0]:[titan] 2026-03-17 17:41:04,251 - root - INFO - [31mstep: 1457  [32mloss:  2.7360  [38;2;180;60;0mgrad_norm:  1.6947  [38;2;54;234;195mmemory: 58.00GiB(73.01%)  [34mtps: 119  [36mtflops: 5.74  [35mmfu: 0.58%[39m
[rank0]:[titan] 2026-03-17 17:41:21,489 - root - INFO - [31mstep: 1458  [32mloss:  2.6873  [38;2;180;60;0mgrad_norm:  1.4613  [38;2;54;234;195mmemory: 58.00GiB(73.01%)  [34mtps: 119  [36mtflops: 5.72  [35mmfu: 0.58%[39m
[rank0]:[titan] 2026-03-17 17:41:38,700 - root - INFO - [31mstep: 1459  [32mloss:  2.7205  [38;2;180;60;0mgrad_norm:  1.1441  [38;2;54;234;195mmemory: 58.00GiB(73.01%)  [34mtps: 119  [36mtflops: 5.73  [35mmfu: 0.58%[39m
[rank0]:[titan] 2026-03-17 17:41:56,052 - root - INFO - [31mstep: 1460  [32mloss:  2.7097  [38;2;180;60;0mgrad_norm:  1.6715  [38;2;54;234;195mmemory: 58.00GiB(73.01%)  [34mtps: 118  [36mtflops: 5.69  [35mmfu: 0.58%[39m
[rank0]:[titan] 2026-03-17 17:42:13,285 - root - INFO - [31mstep: 1461  [32mloss:  2.7240  [38;2;180;60;0mgrad_norm:  1.5719  [38;2;54;234;195mmemory: 58.00GiB(73.01%)  [34mtps: 119  [36mtflops: 5.73  [35mmfu: 0.58%[39m
[rank0]:[titan] 2026-03-17 17:42:30,501 - root - INFO - [31mstep: 1462  [32mloss:  2.6626  [38;2;180;60;0mgrad_norm:  1.7919  [38;2;54;234;195mmemory: 58.00GiB(73.01%)  [34mtps: 119  [36mtflops: 5.73  [35mmfu: 0.58%[39m
[rank0]:[titan] 2026-03-17 17:42:47,671 - root - INFO - [31mstep: 1463  [32mloss:  2.6764  [38;2;180;60;0mgrad_norm:  1.6032  [38;2;54;234;195mmemory: 58.00GiB(73.01%)  [34mtps: 119  [36mtflops: 5.75  [35mmfu: 0.58%[39m
[rank0]:[titan] 2026-03-17 17:43:04,930 - root - INFO - [31mstep: 1464  [32mloss:  2.6988  [38;2;180;60;0mgrad_norm:  1.3374  [38;2;54;234;195mmemory: 58.00GiB(73.01%)  [34mtps: 119  [36mtflops: 5.72  [35mmfu: 0.58%[39m
[rank0]:[titan] 2026-03-17 17:43:22,161 - root - INFO - [31mstep: 1465  [32mloss:  2.6696  [38;2;180;60;0mgrad_norm:  1.8742  [38;2;54;234;195mmemory: 58.00GiB(73.01%)  [34mtps: 119  [36mtflops: 5.73  [35mmfu: 0.58%[39m
[rank0]:[titan] 2026-03-17 17:43:39,377 - root - INFO - [31mstep: 1466  [32mloss:  2.6978  [38;2;180;60;0mgrad_norm:  1.6199  [38;2;54;234;195mmemory: 58.00GiB(73.01%)  [34mtps: 119  [36mtflops: 5.73  [35mmfu: 0.58%[39m
[rank0]:[titan] 2026-03-17 17:43:56,428 - root - INFO - [31mstep: 1467  [32mloss:  2.7161  [38;2;180;60;0mgrad_norm:  1.4062  [38;2;54;234;195mmemory: 58.00GiB(73.01%)  [34mtps: 120  [36mtflops: 5.79  [35mmfu: 0.59%[39m
[rank0]:[titan] 2026-03-17 17:44:13,823 - root - INFO - [31mstep: 1468  [32mloss:  2.7022  [38;2;180;60;0mgrad_norm:  1.3239  [38;2;54;234;195mmemory: 58.00GiB(73.01%)  [34mtps: 118  [36mtflops: 5.67  [35mmfu: 0.57%[39m
[rank0]:[titan] 2026-03-17 17:44:30,960 - root - INFO - [31mstep: 1469  [32mloss:  2.7648  [38;2;180;60;0mgrad_norm:  1.3968  [38;2;54;234;195mmemory: 58.00GiB(73.01%)  [34mtps: 120  [36mtflops: 5.76  [35mmfu: 0.58%[39m
[rank0]:[titan] 2026-03-17 17:44:48,125 - root - INFO - [31mstep: 1470  [32mloss:  2.6668  [38;2;180;60;0mgrad_norm:  1.7000  [38;2;54;234;195mmemory: 58.00GiB(73.01%)  [34mtps: 119  [36mtflops: 5.75  [35mmfu: 0.58%[39m
[rank0]:[titan] 2026-03-17 17:45:05,075 - root - INFO - [31mstep: 1471  [32mloss:  2.6955  [38;2;180;60;0mgrad_norm:  2.3116  [38;2;54;234;195mmemory: 58.00GiB(73.01%)  [34mtps: 121  [36mtflops: 5.82  [35mmfu: 0.59%[39m
[rank0]:[titan] 2026-03-17 17:45:22,201 - root - INFO - [31mstep: 1472  [32mloss:  2.6944  [38;2;180;60;0mgrad_norm:  1.8511  [38;2;54;234;195mmemory: 58.00GiB(73.01%)  [34mtps: 120  [36mtflops: 5.76  [35mmfu: 0.58%[39m
[rank0]:[titan] 2026-03-17 17:45:39,395 - root - INFO - [31mstep: 1473  [32mloss:  2.7051  [38;2;180;60;0mgrad_norm:  1.3344  [38;2;54;234;195mmemory: 58.00GiB(73.01%)  [34mtps: 119  [36mtflops: 5.74  [35mmfu: 0.58%[39m
[rank0]:[titan] 2026-03-17 17:45:56,561 - root - INFO - [31mstep: 1474  [32mloss:  2.7582  [38;2;180;60;0mgrad_norm:  1.5663  [38;2;54;234;195mmemory: 58.00GiB(73.01%)  [34mtps: 119  [36mtflops: 5.75  [35mmfu: 0.58%[39m
[rank0]:[titan] 2026-03-17 17:46:13,740 - root - INFO - [31mstep: 1475  [32mloss:  2.7217  [38;2;180;60;0mgrad_norm:  1.5976  [38;2;54;234;195mmemory: 58.00GiB(73.01%)  [34mtps: 119  [36mtflops: 5.74  [35mmfu: 0.58%[39m
[rank0]:[titan] 2026-03-17 17:46:30,981 - root - INFO - [31mstep: 1476  [32mloss:  2.6618  [38;2;180;60;0mgrad_norm:  1.5100  [38;2;54;234;195mmemory: 58.00GiB(73.01%)  [34mtps: 119  [36mtflops: 5.72  [35mmfu: 0.58%[39m
[rank0]:[titan] 2026-03-17 17:46:48,147 - root - INFO - [31mstep: 1477  [32mloss:  2.7108  [38;2;180;60;0mgrad_norm:  1.4864  [38;2;54;234;195mmemory: 58.00GiB(73.01%)  [34mtps: 119  [36mtflops: 5.75  [35mmfu: 0.58%[39m
[rank0]:[titan] 2026-03-17 17:47:05,364 - root - INFO - [31mstep: 1478  [32mloss:  2.6934  [38;2;180;60;0mgrad_norm:  1.8272  [38;2;54;234;195mmemory: 58.00GiB(73.01%)  [34mtps: 119  [36mtflops: 5.73  [35mmfu: 0.58%[39m
[rank0]:[titan] 2026-03-17 17:47:22,621 - root - INFO - [31mstep: 1479  [32mloss:  2.6782  [38;2;180;60;0mgrad_norm:  1.8385  [38;2;54;234;195mmemory: 58.00GiB(73.01%)  [34mtps: 119  [36mtflops: 5.72  [35mmfu: 0.58%[39m
[rank0]:[titan] 2026-03-17 17:47:39,876 - root - INFO - [31mstep: 1480  [32mloss:  2.7407  [38;2;180;60;0mgrad_norm:  1.3054  [38;2;54;234;195mmemory: 58.00GiB(73.01%)  [34mtps: 119  [36mtflops: 5.72  [35mmfu: 0.58%[39m
[rank0]:[titan] 2026-03-17 17:47:39,879 - root - WARNING - Dataset c4_test is being re-looped
[rank0]:[titan] 2026-03-17 17:47:57,053 - root - INFO - [31mstep: 1481  [32mloss:  2.7453  [38;2;180;60;0mgrad_norm:  1.3982  [38;2;54;234;195mmemory: 58.00GiB(73.01%)  [34mtps: 119  [36mtflops: 5.74  [35mmfu: 0.58%[39m
[rank0]:[titan] 2026-03-17 17:48:14,125 - root - INFO - [31mstep: 1482  [32mloss:  2.6719  [38;2;180;60;0mgrad_norm:  1.3012  [38;2;54;234;195mmemory: 58.00GiB(73.01%)  [34mtps: 120  [36mtflops: 5.78  [35mmfu: 0.58%[39m
[rank0]:[titan] 2026-03-17 17:48:31,387 - root - INFO - [31mstep: 1483  [32mloss:  2.6956  [38;2;180;60;0mgrad_norm:  1.4482  [38;2;54;234;195mmemory: 58.00GiB(73.01%)  [34mtps: 119  [36mtflops: 5.72  [35mmfu: 0.58%[39m
[rank0]:[titan] 2026-03-17 17:48:48,490 - root - INFO - [31mstep: 1484  [32mloss:  2.7192  [38;2;180;60;0mgrad_norm:  1.5195  [38;2;54;234;195mmemory: 58.00GiB(73.01%)  [34mtps: 120  [36mtflops: 5.77  [35mmfu: 0.58%[39m
[rank0]:[titan] 2026-03-17 17:49:05,863 - root - INFO - [31mstep: 1485  [32mloss:  2.7448  [38;2;180;60;0mgrad_norm:  1.6036  [38;2;54;234;195mmemory: 58.00GiB(73.01%)  [34mtps: 118  [36mtflops: 5.68  [35mmfu: 0.57%[39m
[rank0]:[titan] 2026-03-17 17:49:23,074 - root - INFO - [31mstep: 1486  [32mloss:  2.7664  [38;2;180;60;0mgrad_norm:  1.7482  [38;2;54;234;195mmemory: 58.00GiB(73.01%)  [34mtps: 119  [36mtflops: 5.73  [35mmfu: 0.58%[39m
[rank0]:[titan] 2026-03-17 17:49:40,261 - root - INFO - [31mstep: 1487  [32mloss:  2.7567  [38;2;180;60;0mgrad_norm:  1.2030  [38;2;54;234;195mmemory: 58.00GiB(73.01%)  [34mtps: 119  [36mtflops: 5.74  [35mmfu: 0.58%[39m
[rank0]:[titan] 2026-03-17 17:49:57,451 - root - INFO - [31mstep: 1488  [32mloss:  2.7377  [38;2;180;60;0mgrad_norm:  1.5187  [38;2;54;234;195mmemory: 58.00GiB(73.01%)  [34mtps: 119  [36mtflops: 5.74  [35mmfu: 0.58%[39m
[rank0]:[titan] 2026-03-17 17:50:14,901 - root - INFO - [31mstep: 1489  [32mloss:  2.7059  [38;2;180;60;0mgrad_norm:  1.9530  [38;2;54;234;195mmemory: 58.00GiB(73.01%)  [34mtps: 117  [36mtflops: 5.65  [35mmfu: 0.57%[39m
[rank0]:[titan] 2026-03-17 17:50:32,126 - root - INFO - [31mstep: 1490  [32mloss:  2.7185  [38;2;180;60;0mgrad_norm:  1.1514  [38;2;54;234;195mmemory: 58.00GiB(73.01%)  [34mtps: 119  [36mtflops: 5.73  [35mmfu: 0.58%[39m
[rank0]:[titan] 2026-03-17 17:50:49,249 - root - INFO - [31mstep: 1491  [32mloss:  2.7410  [38;2;180;60;0mgrad_norm:  1.6334  [38;2;54;234;195mmemory: 58.00GiB(73.01%)  [34mtps: 120  [36mtflops: 5.76  [35mmfu: 0.58%[39m
[rank0]:[titan] 2026-03-17 17:51:06,476 - root - INFO - [31mstep: 1492  [32mloss:  2.7152  [38;2;180;60;0mgrad_norm:  2.0447  [38;2;54;234;195mmemory: 58.00GiB(73.01%)  [34mtps: 119  [36mtflops: 5.73  [35mmfu: 0.58%[39m
[rank0]:[titan] 2026-03-17 17:51:23,661 - root - INFO - [31mstep: 1493  [32mloss:  2.7038  [38;2;180;60;0mgrad_norm:  1.4543  [38;2;54;234;195mmemory: 58.00GiB(73.01%)  [34mtps: 119  [36mtflops: 5.74  [35mmfu: 0.58%[39m
[rank0]:[titan] 2026-03-17 17:51:40,667 - root - INFO - [31mstep: 1494  [32mloss:  2.7221  [38;2;180;60;0mgrad_norm:  1.5264  [38;2;54;234;195mmemory: 58.00GiB(73.01%)  [34mtps: 120  [36mtflops: 5.80  [35mmfu: 0.59%[39m
[rank0]:[titan] 2026-03-17 17:51:57,844 - root - INFO - [31mstep: 1495  [32mloss:  2.7507  [38;2;180;60;0mgrad_norm:  1.9910  [38;2;54;234;195mmemory: 58.00GiB(73.01%)  [34mtps: 119  [36mtflops: 5.74  [35mmfu: 0.58%[39m
[rank0]:[titan] 2026-03-17 17:52:15,043 - root - INFO - [31mstep: 1496  [32mloss:  2.7912  [38;2;180;60;0mgrad_norm:  1.7517  [38;2;54;234;195mmemory: 58.00GiB(73.01%)  [34mtps: 119  [36mtflops: 5.74  [35mmfu: 0.58%[39m
[rank0]:[titan] 2026-03-17 17:52:32,075 - root - INFO - [31mstep: 1497  [32mloss:  2.6752  [38;2;180;60;0mgrad_norm:  1.9725  [38;2;54;234;195mmemory: 58.00GiB(73.01%)  [34mtps: 120  [36mtflops: 5.79  [35mmfu: 0.59%[39m
[rank0]:[titan] 2026-03-17 17:52:49,078 - root - INFO - [31mstep: 1498  [32mloss:  2.6798  [38;2;180;60;0mgrad_norm:  1.5470  [38;2;54;234;195mmemory: 58.00GiB(73.01%)  [34mtps: 120  [36mtflops: 5.80  [35mmfu: 0.59%[39m
[rank0]:[titan] 2026-03-17 17:53:06,321 - root - INFO - [31mstep: 1499  [32mloss:  2.6470  [38;2;180;60;0mgrad_norm:  1.5975  [38;2;54;234;195mmemory: 58.00GiB(73.01%)  [34mtps: 119  [36mtflops: 5.72  [35mmfu: 0.58%[39m
[rank0]:[titan] 2026-03-17 17:53:23,455 - root - INFO - [31mstep: 1500  [32mloss:  2.6967  [38;2;180;60;0mgrad_norm:  1.7095  [38;2;54;234;195mmemory: 58.00GiB(73.01%)  [34mtps: 120  [36mtflops: 5.76  [35mmfu: 0.58%[39m
[rank0]:[titan] 2026-03-17 17:53:40,476 - root - INFO - [31mstep: 1501  [32mloss:  2.6934  [38;2;180;60;0mgrad_norm:  1.6963  [38;2;54;234;195mmemory: 58.00GiB(73.01%)  [34mtps: 120  [36mtflops: 5.80  [35mmfu: 0.59%[39m
[rank0]:[titan] 2026-03-17 17:53:57,587 - root - INFO - [31mstep: 1502  [32mloss:  2.6777  [38;2;180;60;0mgrad_norm:  1.4976  [38;2;54;234;195mmemory: 58.00GiB(73.01%)  [34mtps: 120  [36mtflops: 5.77  [35mmfu: 0.58%[39m
[rank0]:[titan] 2026-03-17 17:54:14,692 - root - INFO - [31mstep: 1503  [32mloss:  2.6640  [38;2;180;60;0mgrad_norm:  1.2892  [38;2;54;234;195mmemory: 58.00GiB(73.01%)  [34mtps: 120  [36mtflops: 5.77  [35mmfu: 0.58%[39m
[rank0]:[titan] 2026-03-17 17:54:31,896 - root - INFO - [31mstep: 1504  [32mloss:  2.6440  [38;2;180;60;0mgrad_norm:  1.7829  [38;2;54;234;195mmemory: 58.00GiB(73.01%)  [34mtps: 119  [36mtflops: 5.74  [35mmfu: 0.58%[39m
[rank0]:[titan] 2026-03-17 17:54:48,962 - root - INFO - [31mstep: 1505  [32mloss:  2.7325  [38;2;180;60;0mgrad_norm:  1.7024  [38;2;54;234;195mmemory: 58.00GiB(73.01%)  [34mtps: 120  [36mtflops: 5.78  [35mmfu: 0.58%[39m
[rank0]:[titan] 2026-03-17 17:55:06,028 - root - INFO - [31mstep: 1506  [32mloss:  2.8110  [38;2;180;60;0mgrad_norm:  1.2257  [38;2;54;234;195mmemory: 58.00GiB(73.01%)  [34mtps: 120  [36mtflops: 5.78  [35mmfu: 0.58%[39m
[rank0]:[titan] 2026-03-17 17:55:23,009 - root - INFO - [31mstep: 1507  [32mloss:  2.7307  [38;2;180;60;0mgrad_norm:  1.7665  [38;2;54;234;195mmemory: 58.00GiB(73.01%)  [34mtps: 121  [36mtflops: 5.81  [35mmfu: 0.59%[39m
[rank0]:[titan] 2026-03-17 17:55:40,217 - root - INFO - [31mstep: 1508  [32mloss:  2.7073  [38;2;180;60;0mgrad_norm:  1.7281  [38;2;54;234;195mmemory: 58.00GiB(73.01%)  [34mtps: 119  [36mtflops: 5.73  [35mmfu: 0.58%[39m
[rank0]:[titan] 2026-03-17 17:55:57,359 - root - INFO - [31mstep: 1509  [32mloss:  2.7057  [38;2;180;60;0mgrad_norm:  1.2317  [38;2;54;234;195mmemory: 58.00GiB(73.01%)  [34mtps: 119  [36mtflops: 5.76  [35mmfu: 0.58%[39m
[rank0]:[titan] 2026-03-17 17:56:14,457 - root - INFO - [31mstep: 1510  [32mloss:  2.7076  [38;2;180;60;0mgrad_norm:  0.9072  [38;2;54;234;195mmemory: 58.00GiB(73.01%)  [34mtps: 120  [36mtflops: 5.77  [35mmfu: 0.58%[39m
[rank0]:[titan] 2026-03-17 17:56:31,592 - root - INFO - [31mstep: 1511  [32mloss:  2.7444  [38;2;180;60;0mgrad_norm:  1.4450  [38;2;54;234;195mmemory: 58.00GiB(73.01%)  [34mtps: 120  [36mtflops: 5.76  [35mmfu: 0.58%[39m
[rank0]:[titan] 2026-03-17 17:56:48,810 - root - INFO - [31mstep: 1512  [32mloss:  2.7295  [38;2;180;60;0mgrad_norm:  1.3815  [38;2;54;234;195mmemory: 58.00GiB(73.01%)  [34mtps: 119  [36mtflops: 5.73  [35mmfu: 0.58%[39m
[rank0]:[titan] 2026-03-17 17:57:05,816 - root - INFO - [31mstep: 1513  [32mloss:  2.7005  [38;2;180;60;0mgrad_norm:  1.5379  [38;2;54;234;195mmemory: 58.00GiB(73.01%)  [34mtps: 120  [36mtflops: 5.80  [35mmfu: 0.59%[39m
[rank0]:[titan] 2026-03-17 17:57:23,006 - root - INFO - [31mstep: 1514  [32mloss:  2.6884  [38;2;180;60;0mgrad_norm:  1.3087  [38;2;54;234;195mmemory: 58.00GiB(73.01%)  [34mtps: 119  [36mtflops: 5.74  [35mmfu: 0.58%[39m
[rank0]:[titan] 2026-03-17 17:57:40,044 - root - INFO - [31mstep: 1515  [32mloss:  2.6850  [38;2;180;60;0mgrad_norm:  1.6817  [38;2;54;234;195mmemory: 58.00GiB(73.01%)  [34mtps: 120  [36mtflops: 5.79  [35mmfu: 0.59%[39m
[rank0]:[titan] 2026-03-17 17:57:57,208 - root - INFO - [31mstep: 1516  [32mloss:  2.6635  [38;2;180;60;0mgrad_norm:  1.4360  [38;2;54;234;195mmemory: 58.00GiB(73.01%)  [34mtps: 119  [36mtflops: 5.75  [35mmfu: 0.58%[39m
[rank0]:[titan] 2026-03-17 17:58:14,429 - root - INFO - [31mstep: 1517  [32mloss:  2.6597  [38;2;180;60;0mgrad_norm:  1.5421  [38;2;54;234;195mmemory: 58.00GiB(73.01%)  [34mtps: 119  [36mtflops: 5.73  [35mmfu: 0.58%[39m
[rank0]:[titan] 2026-03-17 17:58:31,417 - root - INFO - [31mstep: 1518  [32mloss:  2.6714  [38;2;180;60;0mgrad_norm:  1.3200  [38;2;54;234;195mmemory: 58.00GiB(73.01%)  [34mtps: 121  [36mtflops: 5.81  [35mmfu: 0.59%[39m
[rank0]:[titan] 2026-03-17 17:58:48,464 - root - INFO - [31mstep: 1519  [32mloss:  2.6484  [38;2;180;60;0mgrad_norm:  1.3014  [38;2;54;234;195mmemory: 58.00GiB(73.01%)  [34mtps: 120  [36mtflops: 5.79  [35mmfu: 0.59%[39m
[rank0]:[titan] 2026-03-17 17:59:05,739 - root - INFO - [31mstep: 1520  [32mloss:  2.6757  [38;2;180;60;0mgrad_norm:  1.3190  [38;2;54;234;195mmemory: 58.00GiB(73.01%)  [34mtps: 119  [36mtflops: 5.71  [35mmfu: 0.58%[39m
[rank0]:[titan] 2026-03-17 17:59:22,972 - root - INFO - [31mstep: 1521  [32mloss:  2.6190  [38;2;180;60;0mgrad_norm:  1.2669  [38;2;54;234;195mmemory: 58.00GiB(73.01%)  [34mtps: 119  [36mtflops: 5.73  [35mmfu: 0.58%[39m
[rank0]:[titan] 2026-03-17 17:59:39,948 - root - INFO - [31mstep: 1522  [32mloss:  2.6164  [38;2;180;60;0mgrad_norm:  1.4789  [38;2;54;234;195mmemory: 58.00GiB(73.01%)  [34mtps: 121  [36mtflops: 5.81  [35mmfu: 0.59%[39m
[rank0]:[titan] 2026-03-17 17:59:56,401 - root - INFO - [31mstep: 1523  [32mloss:  2.6728  [38;2;180;60;0mgrad_norm:  1.0663  [38;2;54;234;195mmemory: 58.00GiB(73.01%)  [34mtps: 124  [36mtflops: 6.00  [35mmfu: 0.61%[39m
[rank0]:[titan] 2026-03-17 18:00:13,807 - root - INFO - [31mstep: 1524  [32mloss:  2.6700  [38;2;180;60;0mgrad_norm:  1.2962  [38;2;54;234;195mmemory: 58.00GiB(73.01%)  [34mtps: 118  [36mtflops: 5.67  [35mmfu: 0.57%[39m
[rank0]:[titan] 2026-03-17 18:00:31,846 - root - INFO - [31mstep: 1525  [32mloss:  2.6558  [38;2;180;60;0mgrad_norm:  1.0601  [38;2;54;234;195mmemory: 58.00GiB(73.01%)  [34mtps: 114  [36mtflops: 5.47  [35mmfu: 0.55%[39m
[rank0]:[titan] 2026-03-17 18:00:48,775 - root - INFO - [31mstep: 1526  [32mloss:  2.6524  [38;2;180;60;0mgrad_norm:  1.3657  [38;2;54;234;195mmemory: 58.00GiB(73.01%)  [34mtps: 121  [36mtflops: 5.83  [35mmfu: 0.59%[39m
[rank0]:[titan] 2026-03-17 18:01:05,820 - root - INFO - [31mstep: 1527  [32mloss:  2.6695  [38;2;180;60;0mgrad_norm:  1.4153  [38;2;54;234;195mmemory: 58.00GiB(73.01%)  [34mtps: 120  [36mtflops: 5.79  [35mmfu: 0.59%[39m
[rank0]:[titan] 2026-03-17 18:01:23,007 - root - INFO - [31mstep: 1528  [32mloss:  2.6316  [38;2;180;60;0mgrad_norm:  1.1072  [38;2;54;234;195mmemory: 58.00GiB(73.01%)  [34mtps: 119  [36mtflops: 5.74  [35mmfu: 0.58%[39m
[rank0]:[titan] 2026-03-17 18:01:40,068 - root - INFO - [31mstep: 1529  [32mloss:  2.6465  [38;2;180;60;0mgrad_norm:  0.9588  [38;2;54;234;195mmemory: 58.00GiB(73.01%)  [34mtps: 120  [36mtflops: 5.78  [35mmfu: 0.58%[39m
[rank0]:[titan] 2026-03-17 18:01:57,045 - root - INFO - [31mstep: 1530  [32mloss:  2.6655  [38;2;180;60;0mgrad_norm:  1.5139  [38;2;54;234;195mmemory: 58.00GiB(73.01%)  [34mtps: 121  [36mtflops: 5.81  [35mmfu: 0.59%[39m
[rank0]:[titan] 2026-03-17 18:02:14,205 - root - INFO - [31mstep: 1531  [32mloss:  2.6386  [38;2;180;60;0mgrad_norm:  1.3309  [38;2;54;234;195mmemory: 58.00GiB(73.01%)  [34mtps: 119  [36mtflops: 5.75  [35mmfu: 0.58%[39m
[rank0]:[titan] 2026-03-17 18:02:31,301 - root - INFO - [31mstep: 1532  [32mloss:  2.6337  [38;2;180;60;0mgrad_norm:  1.3351  [38;2;54;234;195mmemory: 58.00GiB(73.01%)  [34mtps: 120  [36mtflops: 5.77  [35mmfu: 0.58%[39m
[rank0]:[titan] 2026-03-17 18:02:48,444 - root - INFO - [31mstep: 1533  [32mloss:  2.6496  [38;2;180;60;0mgrad_norm:  1.2811  [38;2;54;234;195mmemory: 58.00GiB(73.01%)  [34mtps: 119  [36mtflops: 5.76  [35mmfu: 0.58%[39m
[rank0]:[titan] 2026-03-17 18:03:05,594 - root - INFO - [31mstep: 1534  [32mloss:  2.7095  [38;2;180;60;0mgrad_norm:  1.1590  [38;2;54;234;195mmemory: 58.00GiB(73.01%)  [34mtps: 119  [36mtflops: 5.75  [35mmfu: 0.58%[39m
[rank0]:[titan] 2026-03-17 18:03:22,812 - root - INFO - [31mstep: 1535  [32mloss:  2.7268  [38;2;180;60;0mgrad_norm:  1.4694  [38;2;54;234;195mmemory: 58.00GiB(73.01%)  [34mtps: 119  [36mtflops: 5.73  [35mmfu: 0.58%[39m
[rank0]:[titan] 2026-03-17 18:03:39,990 - root - INFO - [31mstep: 1536  [32mloss:  2.6836  [38;2;180;60;0mgrad_norm:  1.2510  [38;2;54;234;195mmemory: 58.00GiB(73.01%)  [34mtps: 119  [36mtflops: 5.74  [35mmfu: 0.58%[39m
[rank0]:[titan] 2026-03-17 18:03:57,037 - root - INFO - [31mstep: 1537  [32mloss:  2.6828  [38;2;180;60;0mgrad_norm:  1.3740  [38;2;54;234;195mmemory: 58.00GiB(73.01%)  [34mtps: 120  [36mtflops: 5.79  [35mmfu: 0.59%[39m
[rank0]:[titan] 2026-03-17 18:04:14,188 - root - INFO - [31mstep: 1538  [32mloss:  2.6870  [38;2;180;60;0mgrad_norm:  1.6900  [38;2;54;234;195mmemory: 58.00GiB(73.01%)  [34mtps: 119  [36mtflops: 5.75  [35mmfu: 0.58%[39m
[rank0]:[titan] 2026-03-17 18:04:31,307 - root - INFO - [31mstep: 1539  [32mloss:  2.7437  [38;2;180;60;0mgrad_norm:  1.7578  [38;2;54;234;195mmemory: 58.00GiB(73.01%)  [34mtps: 120  [36mtflops: 5.76  [35mmfu: 0.58%[39m
[rank0]:[titan] 2026-03-17 18:04:48,703 - root - INFO - [31mstep: 1540  [32mloss:  2.7135  [38;2;180;60;0mgrad_norm:  1.6996  [38;2;54;234;195mmemory: 58.00GiB(73.01%)  [34mtps: 118  [36mtflops: 5.67  [35mmfu: 0.57%[39m
[rank0]:[titan] 2026-03-17 18:05:05,918 - root - INFO - [31mstep: 1541  [32mloss:  2.7323  [38;2;180;60;0mgrad_norm:  1.6990  [38;2;54;234;195mmemory: 58.00GiB(73.01%)  [34mtps: 119  [36mtflops: 5.73  [35mmfu: 0.58%[39m
[rank0]:[titan] 2026-03-17 18:05:23,133 - root - INFO - [31mstep: 1542  [32mloss:  2.7518  [38;2;180;60;0mgrad_norm:  1.8815  [38;2;54;234;195mmemory: 58.00GiB(73.01%)  [34mtps: 119  [36mtflops: 5.73  [35mmfu: 0.58%[39m
[rank0]:[titan] 2026-03-17 18:05:40,230 - root - INFO - [31mstep: 1543  [32mloss:  2.7641  [38;2;180;60;0mgrad_norm:  2.0229  [38;2;54;234;195mmemory: 58.00GiB(73.01%)  [34mtps: 120  [36mtflops: 5.77  [35mmfu: 0.58%[39m
[rank0]:[titan] 2026-03-17 18:05:57,552 - root - INFO - [31mstep: 1544  [32mloss:  2.7517  [38;2;180;60;0mgrad_norm:  1.7518  [38;2;54;234;195mmemory: 58.00GiB(73.01%)  [34mtps: 118  [36mtflops: 5.70  [35mmfu: 0.58%[39m
[rank0]:[titan] 2026-03-17 18:06:14,712 - root - INFO - [31mstep: 1545  [32mloss:  2.7549  [38;2;180;60;0mgrad_norm:  1.7890  [38;2;54;234;195mmemory: 58.00GiB(73.01%)  [34mtps: 119  [36mtflops: 5.75  [35mmfu: 0.58%[39m
[rank0]:[titan] 2026-03-17 18:06:31,852 - root - INFO - [31mstep: 1546  [32mloss:  2.7523  [38;2;180;60;0mgrad_norm:  2.0540  [38;2;54;234;195mmemory: 58.00GiB(73.01%)  [34mtps: 119  [36mtflops: 5.76  [35mmfu: 0.58%[39m
[rank0]:[titan] 2026-03-17 18:06:48,939 - root - INFO - [31mstep: 1547  [32mloss:  2.7563  [38;2;180;60;0mgrad_norm:  1.5690  [38;2;54;234;195mmemory: 58.00GiB(73.01%)  [34mtps: 120  [36mtflops: 5.78  [35mmfu: 0.58%[39m
[rank0]:[titan] 2026-03-17 18:07:06,127 - root - INFO - [31mstep: 1548  [32mloss:  2.8045  [38;2;180;60;0mgrad_norm:  1.5531  [38;2;54;234;195mmemory: 58.00GiB(73.01%)  [34mtps: 119  [36mtflops: 5.74  [35mmfu: 0.58%[39m
[rank0]:[titan] 2026-03-17 18:07:23,317 - root - INFO - [31mstep: 1549  [32mloss:  2.8223  [38;2;180;60;0mgrad_norm:  1.8558  [38;2;54;234;195mmemory: 58.00GiB(73.01%)  [34mtps: 119  [36mtflops: 5.74  [35mmfu: 0.58%[39m
[rank0]:[titan] 2026-03-17 18:07:40,511 - root - INFO - [31mstep: 1550  [32mloss:  2.7980  [38;2;180;60;0mgrad_norm:  1.5371  [38;2;54;234;195mmemory: 58.00GiB(73.01%)  [34mtps: 119  [36mtflops: 5.74  [35mmfu: 0.58%[39m
[rank0]:[titan] 2026-03-17 18:07:57,821 - root - INFO - [31mstep: 1551  [32mloss:  2.9344  [38;2;180;60;0mgrad_norm:  1.3310  [38;2;54;234;195mmemory: 58.00GiB(73.01%)  [34mtps: 118  [36mtflops: 5.70  [35mmfu: 0.58%[39m
[rank0]:[titan] 2026-03-17 18:08:14,743 - root - INFO - [31mstep: 1552  [32mloss:  2.9104  [38;2;180;60;0mgrad_norm:  1.5262  [38;2;54;234;195mmemory: 58.00GiB(73.01%)  [34mtps: 121  [36mtflops: 5.83  [35mmfu: 0.59%[39m
[rank0]:[titan] 2026-03-17 18:08:32,145 - root - INFO - [31mstep: 1553  [32mloss:  2.7463  [38;2;180;60;0mgrad_norm:  1.3181  [38;2;54;234;195mmemory: 58.00GiB(73.01%)  [34mtps: 118  [36mtflops: 5.67  [35mmfu: 0.57%[39m
[rank0]:[titan] 2026-03-17 18:08:49,480 - root - INFO - [31mstep: 1554  [32mloss:  2.7453  [38;2;180;60;0mgrad_norm:  1.3889  [38;2;54;234;195mmemory: 58.00GiB(73.01%)  [34mtps: 118  [36mtflops: 5.69  [35mmfu: 0.58%[39m
[rank0]:[titan] 2026-03-17 18:09:06,651 - root - INFO - [31mstep: 1555  [32mloss:  2.7356  [38;2;180;60;0mgrad_norm:  1.4514  [38;2;54;234;195mmemory: 58.00GiB(73.01%)  [34mtps: 119  [36mtflops: 5.75  [35mmfu: 0.58%[39m
[rank0]:[titan] 2026-03-17 18:09:23,907 - root - INFO - [31mstep: 1556  [32mloss:  2.8587  [38;2;180;60;0mgrad_norm:  1.7287  [38;2;54;234;195mmemory: 58.00GiB(73.01%)  [34mtps: 119  [36mtflops: 5.72  [35mmfu: 0.58%[39m
[rank0]:[titan] 2026-03-17 18:09:41,148 - root - INFO - [31mstep: 1557  [32mloss:  2.7310  [38;2;180;60;0mgrad_norm:  1.7541  [38;2;54;234;195mmemory: 58.00GiB(73.01%)  [34mtps: 119  [36mtflops: 5.72  [35mmfu: 0.58%[39m
[rank0]:[titan] 2026-03-17 18:09:58,282 - root - INFO - [31mstep: 1558  [32mloss:  2.7275  [38;2;180;60;0mgrad_norm:  1.2522  [38;2;54;234;195mmemory: 58.00GiB(73.01%)  [34mtps: 120  [36mtflops: 5.76  [35mmfu: 0.58%[39m
[rank0]:[titan] 2026-03-17 18:10:15,423 - root - INFO - [31mstep: 1559  [32mloss:  2.7521  [38;2;180;60;0mgrad_norm:  1.4839  [38;2;54;234;195mmemory: 58.00GiB(73.01%)  [34mtps: 119  [36mtflops: 5.76  [35mmfu: 0.58%[39m
[rank0]:[titan] 2026-03-17 18:10:32,564 - root - INFO - [31mstep: 1560  [32mloss:  2.7718  [38;2;180;60;0mgrad_norm:  1.5142  [38;2;54;234;195mmemory: 58.00GiB(73.01%)  [34mtps: 119  [36mtflops: 5.76  [35mmfu: 0.58%[39m
[rank0]:[titan] 2026-03-17 18:10:49,686 - root - INFO - [31mstep: 1561  [32mloss:  2.8086  [38;2;180;60;0mgrad_norm:  1.2929  [38;2;54;234;195mmemory: 58.00GiB(73.01%)  [34mtps: 120  [36mtflops: 5.76  [35mmfu: 0.58%[39m
[rank0]:[titan] 2026-03-17 18:11:06,740 - root - INFO - [31mstep: 1562  [32mloss:  2.7095  [38;2;180;60;0mgrad_norm:  1.2395  [38;2;54;234;195mmemory: 58.00GiB(73.01%)  [34mtps: 120  [36mtflops: 5.79  [35mmfu: 0.59%[39m
[rank0]:[titan] 2026-03-17 18:11:23,673 - root - INFO - [31mstep: 1563  [32mloss:  2.7112  [38;2;180;60;0mgrad_norm:  1.6680  [38;2;54;234;195mmemory: 58.00GiB(73.01%)  [34mtps: 121  [36mtflops: 5.83  [35mmfu: 0.59%[39m
[rank0]:[titan] 2026-03-17 18:11:40,875 - root - INFO - [31mstep: 1564  [32mloss:  2.7666  [38;2;180;60;0mgrad_norm:  1.2492  [38;2;54;234;195mmemory: 58.00GiB(73.01%)  [34mtps: 119  [36mtflops: 5.74  [35mmfu: 0.58%[39m
[rank0]:[titan] 2026-03-17 18:11:58,158 - root - INFO - [31mstep: 1565  [32mloss:  2.7863  [38;2;180;60;0mgrad_norm:  1.8046  [38;2;54;234;195mmemory: 58.00GiB(73.01%)  [34mtps: 118  [36mtflops: 5.71  [35mmfu: 0.58%[39m
[rank0]:[titan] 2026-03-17 18:12:15,241 - root - INFO - [31mstep: 1566  [32mloss:  2.8144  [38;2;180;60;0mgrad_norm:  1.6851  [38;2;54;234;195mmemory: 58.00GiB(73.01%)  [34mtps: 120  [36mtflops: 5.78  [35mmfu: 0.58%[39m
[rank0]:[titan] 2026-03-17 18:12:32,398 - root - INFO - [31mstep: 1567  [32mloss:  2.7795  [38;2;180;60;0mgrad_norm:  1.3535  [38;2;54;234;195mmemory: 58.00GiB(73.01%)  [34mtps: 119  [36mtflops: 5.75  [35mmfu: 0.58%[39m
[rank0]:[titan] 2026-03-17 18:12:49,504 - root - INFO - [31mstep: 1568  [32mloss:  2.7759  [38;2;180;60;0mgrad_norm:  1.3785  [38;2;54;234;195mmemory: 58.00GiB(73.01%)  [34mtps: 120  [36mtflops: 5.77  [35mmfu: 0.58%[39m
[rank0]:[titan] 2026-03-17 18:13:06,638 - root - INFO - [31mstep: 1569  [32mloss:  2.7638  [38;2;180;60;0mgrad_norm:  1.5062  [38;2;54;234;195mmemory: 58.00GiB(73.01%)  [34mtps: 120  [36mtflops: 5.76  [35mmfu: 0.58%[39m
[rank0]:[titan] 2026-03-17 18:13:23,855 - root - INFO - [31mstep: 1570  [32mloss:  2.7494  [38;2;180;60;0mgrad_norm:  1.5505  [38;2;54;234;195mmemory: 58.00GiB(73.01%)  [34mtps: 119  [36mtflops: 5.73  [35mmfu: 0.58%[39m
[rank0]:[titan] 2026-03-17 18:13:41,165 - root - INFO - [31mstep: 1571  [32mloss:  2.7280  [38;2;180;60;0mgrad_norm:  1.1971  [38;2;54;234;195mmemory: 58.00GiB(73.01%)  [34mtps: 118  [36mtflops: 5.70  [35mmfu: 0.58%[39m
[rank0]:[titan] 2026-03-17 18:13:58,232 - root - INFO - [31mstep: 1572  [32mloss:  2.7518  [38;2;180;60;0mgrad_norm:  1.2177  [38;2;54;234;195mmemory: 58.00GiB(73.01%)  [34mtps: 120  [36mtflops: 5.78  [35mmfu: 0.58%[39m
[rank0]:[titan] 2026-03-17 18:14:15,330 - root - INFO - [31mstep: 1573  [32mloss:  2.7697  [38;2;180;60;0mgrad_norm:  1.4466  [38;2;54;234;195mmemory: 58.00GiB(73.01%)  [34mtps: 120  [36mtflops: 5.77  [35mmfu: 0.58%[39m
[rank0]:[titan] 2026-03-17 18:14:32,273 - root - INFO - [31mstep: 1574  [32mloss:  2.7610  [38;2;180;60;0mgrad_norm:  1.7069  [38;2;54;234;195mmemory: 58.00GiB(73.01%)  [34mtps: 121  [36mtflops: 5.82  [35mmfu: 0.59%[39m
[rank0]:[titan] 2026-03-17 18:14:49,445 - root - INFO - [31mstep: 1575  [32mloss:  2.7999  [38;2;180;60;0mgrad_norm:  1.3178  [38;2;54;234;195mmemory: 58.00GiB(73.01%)  [34mtps: 119  [36mtflops: 5.75  [35mmfu: 0.58%[39m
[rank0]:[titan] 2026-03-17 18:15:06,537 - root - INFO - [31mstep: 1576  [32mloss:  2.7535  [38;2;180;60;0mgrad_norm:  1.3527  [38;2;54;234;195mmemory: 58.00GiB(73.01%)  [34mtps: 120  [36mtflops: 5.77  [35mmfu: 0.58%[39m
[rank0]:[titan] 2026-03-17 18:15:23,438 - root - INFO - [31mstep: 1577  [32mloss:  2.7809  [38;2;180;60;0mgrad_norm:  1.9102  [38;2;54;234;195mmemory: 58.00GiB(73.01%)  [34mtps: 121  [36mtflops: 5.84  [35mmfu: 0.59%[39m
[rank0]:[titan] 2026-03-17 18:15:40,537 - root - INFO - [31mstep: 1578  [32mloss:  2.7762  [38;2;180;60;0mgrad_norm:  1.6410  [38;2;54;234;195mmemory: 58.00GiB(73.01%)  [34mtps: 120  [36mtflops: 5.77  [35mmfu: 0.58%[39m
[rank0]:[titan] 2026-03-17 18:15:57,720 - root - INFO - [31mstep: 1579  [32mloss:  2.7377  [38;2;180;60;0mgrad_norm:  1.4166  [38;2;54;234;195mmemory: 58.00GiB(73.01%)  [34mtps: 119  [36mtflops: 5.74  [35mmfu: 0.58%[39m
[rank0]:[titan] 2026-03-17 18:16:14,844 - root - INFO - [31mstep: 1580  [32mloss:  2.7225  [38;2;180;60;0mgrad_norm:  1.0465  [38;2;54;234;195mmemory: 58.00GiB(73.01%)  [34mtps: 120  [36mtflops: 5.76  [35mmfu: 0.58%[39m
[rank0]:[titan] 2026-03-17 18:16:32,141 - root - INFO - [31mstep: 1581  [32mloss:  2.7369  [38;2;180;60;0mgrad_norm:  1.3999  [38;2;54;234;195mmemory: 58.00GiB(73.01%)  [34mtps: 118  [36mtflops: 5.71  [35mmfu: 0.58%[39m
[rank0]:[titan] 2026-03-17 18:16:49,362 - root - INFO - [31mstep: 1582  [32mloss:  2.7227  [38;2;180;60;0mgrad_norm:  1.3434  [38;2;54;234;195mmemory: 58.00GiB(73.01%)  [34mtps: 119  [36mtflops: 5.73  [35mmfu: 0.58%[39m
[rank0]:[titan] 2026-03-17 18:17:06,535 - root - INFO - [31mstep: 1583  [32mloss:  2.7139  [38;2;180;60;0mgrad_norm:  1.2073  [38;2;54;234;195mmemory: 58.00GiB(73.01%)  [34mtps: 119  [36mtflops: 5.75  [35mmfu: 0.58%[39m
[rank0]:[titan] 2026-03-17 18:17:23,722 - root - INFO - [31mstep: 1584  [32mloss:  2.7682  [38;2;180;60;0mgrad_norm:  1.3813  [38;2;54;234;195mmemory: 58.00GiB(73.01%)  [34mtps: 119  [36mtflops: 5.74  [35mmfu: 0.58%[39m
[rank0]:[titan] 2026-03-17 18:17:41,068 - root - INFO - [31mstep: 1585  [32mloss:  2.7732  [38;2;180;60;0mgrad_norm:  1.6194  [38;2;54;234;195mmemory: 58.00GiB(73.01%)  [34mtps: 118  [36mtflops: 5.69  [35mmfu: 0.58%[39m
[rank0]:[titan] 2026-03-17 18:17:58,023 - root - INFO - [31mstep: 1586  [32mloss:  2.7096  [38;2;180;60;0mgrad_norm:  1.1861  [38;2;54;234;195mmemory: 58.00GiB(73.01%)  [34mtps: 121  [36mtflops: 5.82  [35mmfu: 0.59%[39m
[rank0]:[titan] 2026-03-17 18:18:15,154 - root - INFO - [31mstep: 1587  [32mloss:  2.7165  [38;2;180;60;0mgrad_norm:  1.2929  [38;2;54;234;195mmemory: 58.00GiB(73.01%)  [34mtps: 120  [36mtflops: 5.76  [35mmfu: 0.58%[39m
[rank0]:[titan] 2026-03-17 18:18:32,250 - root - INFO - [31mstep: 1588  [32mloss:  2.7989  [38;2;180;60;0mgrad_norm:  1.7806  [38;2;54;234;195mmemory: 58.00GiB(73.01%)  [34mtps: 120  [36mtflops: 5.77  [35mmfu: 0.58%[39m
[rank0]:[titan] 2026-03-17 18:18:49,507 - root - INFO - [31mstep: 1589  [32mloss:  2.7005  [38;2;180;60;0mgrad_norm:  1.4470  [38;2;54;234;195mmemory: 58.00GiB(73.01%)  [34mtps: 119  [36mtflops: 5.72  [35mmfu: 0.58%[39m
[rank0]:[titan] 2026-03-17 18:19:06,580 - root - INFO - [31mstep: 1590  [32mloss:  2.7293  [38;2;180;60;0mgrad_norm:  1.4727  [38;2;54;234;195mmemory: 58.00GiB(73.01%)  [34mtps: 120  [36mtflops: 5.78  [35mmfu: 0.58%[39m
[rank0]:[titan] 2026-03-17 18:19:23,874 - root - INFO - [31mstep: 1591  [32mloss:  2.7914  [38;2;180;60;0mgrad_norm:  1.8983  [38;2;54;234;195mmemory: 58.00GiB(73.01%)  [34mtps: 118  [36mtflops: 5.71  [35mmfu: 0.58%[39m
[rank0]:[titan] 2026-03-17 18:19:40,366 - root - INFO - [31mstep: 1592  [32mloss:  2.7794  [38;2;180;60;0mgrad_norm:  1.3675  [38;2;54;234;195mmemory: 58.00GiB(73.01%)  [34mtps: 124  [36mtflops: 5.98  [35mmfu: 0.61%[39m
[rank0]:[titan] 2026-03-17 18:19:57,852 - root - INFO - [31mstep: 1593  [32mloss:  2.7570  [38;2;180;60;0mgrad_norm:  1.5674  [38;2;54;234;195mmemory: 58.00GiB(73.01%)  [34mtps: 117  [36mtflops: 5.64  [35mmfu: 0.57%[39m
[rank0]:[titan] 2026-03-17 18:20:15,417 - root - INFO - [31mstep: 1594  [32mloss:  2.7300  [38;2;180;60;0mgrad_norm:  1.5956  [38;2;54;234;195mmemory: 58.00GiB(73.01%)  [34mtps: 117  [36mtflops: 5.62  [35mmfu: 0.57%[39m
[rank0]:[titan] 2026-03-17 18:20:32,509 - root - INFO - [31mstep: 1595  [32mloss:  2.8249  [38;2;180;60;0mgrad_norm:  2.3949  [38;2;54;234;195mmemory: 58.00GiB(73.01%)  [34mtps: 120  [36mtflops: 5.77  [35mmfu: 0.58%[39m
[rank0]:[titan] 2026-03-17 18:20:49,439 - root - INFO - [31mstep: 1596  [32mloss:  2.7220  [38;2;180;60;0mgrad_norm:  1.9756  [38;2;54;234;195mmemory: 58.00GiB(73.01%)  [34mtps: 121  [36mtflops: 5.83  [35mmfu: 0.59%[39m
[rank0]:[titan] 2026-03-17 18:21:06,620 - root - INFO - [31mstep: 1597  [32mloss:  2.7274  [38;2;180;60;0mgrad_norm:  2.0940  [38;2;54;234;195mmemory: 58.00GiB(73.01%)  [34mtps: 119  [36mtflops: 5.74  [35mmfu: 0.58%[39m
[rank0]:[titan] 2026-03-17 18:21:23,762 - root - INFO - [31mstep: 1598  [32mloss:  2.7076  [38;2;180;60;0mgrad_norm:  1.6965  [38;2;54;234;195mmemory: 58.00GiB(73.01%)  [34mtps: 119  [36mtflops: 5.76  [35mmfu: 0.58%[39m
[rank0]:[titan] 2026-03-17 18:21:41,025 - root - INFO - [31mstep: 1599  [32mloss:  2.6850  [38;2;180;60;0mgrad_norm:  1.3922  [38;2;54;234;195mmemory: 58.00GiB(73.01%)  [34mtps: 119  [36mtflops: 5.72  [35mmfu: 0.58%[39m
[rank0]:[titan] 2026-03-17 18:21:58,171 - root - INFO - [31mstep: 1600  [32mloss:  2.7026  [38;2;180;60;0mgrad_norm:  0.8499  [38;2;54;234;195mmemory: 58.00GiB(73.01%)  [34mtps: 119  [36mtflops: 5.76  [35mmfu: 0.58%[39m
[rank0]:[titan] 2026-03-17 18:22:15,458 - root - INFO - [31mstep: 1601  [32mloss:  2.7073  [38;2;180;60;0mgrad_norm:  1.1565  [38;2;54;234;195mmemory: 58.00GiB(73.01%)  [34mtps: 118  [36mtflops: 5.71  [35mmfu: 0.58%[39m
[rank0]:[titan] 2026-03-17 18:22:32,484 - root - INFO - [31mstep: 1602  [32mloss:  2.6604  [38;2;180;60;0mgrad_norm:  1.0906  [38;2;54;234;195mmemory: 58.00GiB(73.01%)  [34mtps: 120  [36mtflops: 5.80  [35mmfu: 0.59%[39m
[rank0]:[titan] 2026-03-17 18:22:49,512 - root - INFO - [31mstep: 1603  [32mloss:  2.6678  [38;2;180;60;0mgrad_norm:  1.3141  [38;2;54;234;195mmemory: 58.00GiB(73.01%)  [34mtps: 120  [36mtflops: 5.80  [35mmfu: 0.59%[39m
[rank0]:[titan] 2026-03-17 18:23:06,577 - root - INFO - [31mstep: 1604  [32mloss:  2.6957  [38;2;180;60;0mgrad_norm:  1.3176  [38;2;54;234;195mmemory: 58.00GiB(73.01%)  [34mtps: 120  [36mtflops: 5.78  [35mmfu: 0.58%[39m
[rank0]:[titan] 2026-03-17 18:23:23,683 - root - INFO - [31mstep: 1605  [32mloss:  2.7368  [38;2;180;60;0mgrad_norm:  2.0465  [38;2;54;234;195mmemory: 58.00GiB(73.01%)  [34mtps: 120  [36mtflops: 5.77  [35mmfu: 0.58%[39m
[rank0]:[titan] 2026-03-17 18:23:40,857 - root - INFO - [31mstep: 1606  [32mloss:  2.7067  [38;2;180;60;0mgrad_norm:  1.2821  [38;2;54;234;195mmemory: 58.00GiB(73.01%)  [34mtps: 119  [36mtflops: 5.75  [35mmfu: 0.58%[39m
[rank0]:[titan] 2026-03-17 18:23:57,980 - root - INFO - [31mstep: 1607  [32mloss:  2.7314  [38;2;180;60;0mgrad_norm:  1.4801  [38;2;54;234;195mmemory: 58.00GiB(73.01%)  [34mtps: 120  [36mtflops: 5.76  [35mmfu: 0.58%[39m
[rank0]:[titan] 2026-03-17 18:24:14,989 - root - INFO - [31mstep: 1608  [32mloss:  2.7016  [38;2;180;60;0mgrad_norm:  1.6777  [38;2;54;234;195mmemory: 58.00GiB(73.01%)  [34mtps: 120  [36mtflops: 5.80  [35mmfu: 0.59%[39m
[rank0]:[titan] 2026-03-17 18:24:32,220 - root - INFO - [31mstep: 1609  [32mloss:  2.7254  [38;2;180;60;0mgrad_norm:  1.2018  [38;2;54;234;195mmemory: 58.00GiB(73.01%)  [34mtps: 119  [36mtflops: 5.73  [35mmfu: 0.58%[39m
[rank0]:[titan] 2026-03-17 18:24:49,453 - root - INFO - [31mstep: 1610  [32mloss:  2.6824  [38;2;180;60;0mgrad_norm:  1.0660  [38;2;54;234;195mmemory: 58.00GiB(73.01%)  [34mtps: 119  [36mtflops: 5.73  [35mmfu: 0.58%[39m
[rank0]:[titan] 2026-03-17 18:25:06,626 - root - INFO - [31mstep: 1611  [32mloss:  2.7197  [38;2;180;60;0mgrad_norm:  1.3468  [38;2;54;234;195mmemory: 58.00GiB(73.01%)  [34mtps: 119  [36mtflops: 5.75  [35mmfu: 0.58%[39m
[rank0]:[titan] 2026-03-17 18:25:23,713 - root - INFO - [31mstep: 1612  [32mloss:  2.6915  [38;2;180;60;0mgrad_norm:  1.5955  [38;2;54;234;195mmemory: 58.00GiB(73.01%)  [34mtps: 120  [36mtflops: 5.78  [35mmfu: 0.58%[39m
[rank0]:[titan] 2026-03-17 18:25:40,754 - root - INFO - [31mstep: 1613  [32mloss:  2.6885  [38;2;180;60;0mgrad_norm:  0.8748  [38;2;54;234;195mmemory: 58.00GiB(73.01%)  [34mtps: 120  [36mtflops: 5.79  [35mmfu: 0.59%[39m
[rank0]:[titan] 2026-03-17 18:25:57,940 - root - INFO - [31mstep: 1614  [32mloss:  2.6609  [38;2;180;60;0mgrad_norm:  1.6431  [38;2;54;234;195mmemory: 58.00GiB(73.01%)  [34mtps: 119  [36mtflops: 5.74  [35mmfu: 0.58%[39m
[rank0]:[titan] 2026-03-17 18:26:15,123 - root - INFO - [31mstep: 1615  [32mloss:  2.7296  [38;2;180;60;0mgrad_norm:  2.8569  [38;2;54;234;195mmemory: 58.00GiB(73.01%)  [34mtps: 119  [36mtflops: 5.74  [35mmfu: 0.58%[39m
[rank0]:[titan] 2026-03-17 18:26:32,243 - root - INFO - [31mstep: 1616  [32mloss:  2.7370  [38;2;180;60;0mgrad_norm:  1.4290  [38;2;54;234;195mmemory: 58.00GiB(73.01%)  [34mtps: 120  [36mtflops: 5.76  [35mmfu: 0.58%[39m
[rank0]:[titan] 2026-03-17 18:26:49,365 - root - INFO - [31mstep: 1617  [32mloss:  2.7877  [38;2;180;60;0mgrad_norm:  1.2262  [38;2;54;234;195mmemory: 58.00GiB(73.01%)  [34mtps: 120  [36mtflops: 5.76  [35mmfu: 0.58%[39m
[rank0]:[titan] 2026-03-17 18:27:06,598 - root - INFO - [31mstep: 1618  [32mloss:  2.7682  [38;2;180;60;0mgrad_norm:  1.2446  [38;2;54;234;195mmemory: 58.00GiB(73.01%)  [34mtps: 119  [36mtflops: 5.73  [35mmfu: 0.58%[39m
[rank0]:[titan] 2026-03-17 18:27:23,944 - root - INFO - [31mstep: 1619  [32mloss:  2.7275  [38;2;180;60;0mgrad_norm:  1.4413  [38;2;54;234;195mmemory: 58.00GiB(73.01%)  [34mtps: 118  [36mtflops: 5.69  [35mmfu: 0.58%[39m
[rank0]:[titan] 2026-03-17 18:27:40,986 - root - INFO - [31mstep: 1620  [32mloss:  2.6769  [38;2;180;60;0mgrad_norm:  1.5899  [38;2;54;234;195mmemory: 58.00GiB(73.01%)  [34mtps: 120  [36mtflops: 5.79  [35mmfu: 0.59%[39m
[rank0]:[titan] 2026-03-17 18:27:58,125 - root - INFO - [31mstep: 1621  [32mloss:  2.7710  [38;2;180;60;0mgrad_norm:  1.0103  [38;2;54;234;195mmemory: 58.00GiB(73.01%)  [34mtps: 119  [36mtflops: 5.76  [35mmfu: 0.58%[39m
[rank0]:[titan] 2026-03-17 18:28:15,401 - root - INFO - [31mstep: 1622  [32mloss:  2.7079  [38;2;180;60;0mgrad_norm:  1.7198  [38;2;54;234;195mmemory: 58.00GiB(73.01%)  [34mtps: 119  [36mtflops: 5.71  [35mmfu: 0.58%[39m
[rank0]:[titan] 2026-03-17 18:28:32,602 - root - INFO - [31mstep: 1623  [32mloss:  2.6833  [38;2;180;60;0mgrad_norm:  1.5919  [38;2;54;234;195mmemory: 58.00GiB(73.01%)  [34mtps: 119  [36mtflops: 5.74  [35mmfu: 0.58%[39m
[rank0]:[titan] 2026-03-17 18:28:49,753 - root - INFO - [31mstep: 1624  [32mloss:  2.7197  [38;2;180;60;0mgrad_norm:  1.7732  [38;2;54;234;195mmemory: 58.00GiB(73.01%)  [34mtps: 119  [36mtflops: 5.75  [35mmfu: 0.58%[39m
[rank0]:[titan] 2026-03-17 18:29:06,849 - root - INFO - [31mstep: 1625  [32mloss:  2.8274  [38;2;180;60;0mgrad_norm:  2.2038  [38;2;54;234;195mmemory: 58.00GiB(73.01%)  [34mtps: 120  [36mtflops: 5.77  [35mmfu: 0.58%[39m
[rank0]:[titan] 2026-03-17 18:29:23,991 - root - INFO - [31mstep: 1626  [32mloss:  2.7928  [38;2;180;60;0mgrad_norm:  1.6387  [38;2;54;234;195mmemory: 58.00GiB(73.01%)  [34mtps: 119  [36mtflops: 5.76  [35mmfu: 0.58%[39m
[rank0]:[titan] 2026-03-17 18:29:40,949 - root - INFO - [31mstep: 1627  [32mloss:  2.7212  [38;2;180;60;0mgrad_norm:  1.7662  [38;2;54;234;195mmemory: 58.00GiB(73.01%)  [34mtps: 121  [36mtflops: 5.82  [35mmfu: 0.59%[39m
[rank0]:[titan] 2026-03-17 18:29:57,920 - root - INFO - [31mstep: 1628  [32mloss:  2.7557  [38;2;180;60;0mgrad_norm:  1.1612  [38;2;54;234;195mmemory: 58.00GiB(73.01%)  [34mtps: 121  [36mtflops: 5.81  [35mmfu: 0.59%[39m
[rank0]:[titan] 2026-03-17 18:30:15,115 - root - INFO - [31mstep: 1629  [32mloss:  2.8062  [38;2;180;60;0mgrad_norm:  1.8404  [38;2;54;234;195mmemory: 58.00GiB(73.01%)  [34mtps: 119  [36mtflops: 5.74  [35mmfu: 0.58%[39m
[rank0]:[titan] 2026-03-17 18:30:32,164 - root - INFO - [31mstep: 1630  [32mloss:  2.8006  [38;2;180;60;0mgrad_norm:  1.6114  [38;2;54;234;195mmemory: 58.00GiB(73.01%)  [34mtps: 120  [36mtflops: 5.79  [35mmfu: 0.59%[39m
[rank0]:[titan] 2026-03-17 18:30:49,287 - root - INFO - [31mstep: 1631  [32mloss:  2.7646  [38;2;180;60;0mgrad_norm:  1.9248  [38;2;54;234;195mmemory: 58.00GiB(73.01%)  [34mtps: 120  [36mtflops: 5.76  [35mmfu: 0.58%[39m
[rank0]:[titan] 2026-03-17 18:31:06,434 - root - INFO - [31mstep: 1632  [32mloss:  2.7683  [38;2;180;60;0mgrad_norm:  1.9444  [38;2;54;234;195mmemory: 58.00GiB(73.01%)  [34mtps: 119  [36mtflops: 5.75  [35mmfu: 0.58%[39m
[rank0]:[titan] 2026-03-17 18:31:23,609 - root - INFO - [31mstep: 1633  [32mloss:  2.7267  [38;2;180;60;0mgrad_norm:  1.3997  [38;2;54;234;195mmemory: 58.00GiB(73.01%)  [34mtps: 119  [36mtflops: 5.75  [35mmfu: 0.58%[39m
[rank0]:[titan] 2026-03-17 18:31:40,876 - root - INFO - [31mstep: 1634  [32mloss:  2.7103  [38;2;180;60;0mgrad_norm:  1.2300  [38;2;54;234;195mmemory: 58.00GiB(73.01%)  [34mtps: 119  [36mtflops: 5.71  [35mmfu: 0.58%[39m
[rank0]:[titan] 2026-03-17 18:31:57,958 - root - INFO - [31mstep: 1635  [32mloss:  2.7471  [38;2;180;60;0mgrad_norm:  1.4732  [38;2;54;234;195mmemory: 58.00GiB(73.01%)  [34mtps: 120  [36mtflops: 5.78  [35mmfu: 0.58%[39m
[rank0]:[titan] 2026-03-17 18:32:15,171 - root - INFO - [31mstep: 1636  [32mloss:  2.7208  [38;2;180;60;0mgrad_norm:  1.7481  [38;2;54;234;195mmemory: 58.00GiB(73.01%)  [34mtps: 119  [36mtflops: 5.73  [35mmfu: 0.58%[39m
[rank0]:[titan] 2026-03-17 18:32:32,375 - root - INFO - [31mstep: 1637  [32mloss:  2.6830  [38;2;180;60;0mgrad_norm:  1.5877  [38;2;54;234;195mmemory: 58.00GiB(73.01%)  [34mtps: 119  [36mtflops: 5.74  [35mmfu: 0.58%[39m
[rank0]:[titan] 2026-03-17 18:32:49,572 - root - INFO - [31mstep: 1638  [32mloss:  2.6754  [38;2;180;60;0mgrad_norm:  1.3752  [38;2;54;234;195mmemory: 58.00GiB(73.01%)  [34mtps: 119  [36mtflops: 5.74  [35mmfu: 0.58%[39m
[rank0]:[titan] 2026-03-17 18:33:06,790 - root - INFO - [31mstep: 1639  [32mloss:  2.7059  [38;2;180;60;0mgrad_norm:  1.2399  [38;2;54;234;195mmemory: 58.00GiB(73.01%)  [34mtps: 119  [36mtflops: 5.73  [35mmfu: 0.58%[39m
[rank0]:[titan] 2026-03-17 18:33:24,026 - root - INFO - [31mstep: 1640  [32mloss:  2.6853  [38;2;180;60;0mgrad_norm:  1.5293  [38;2;54;234;195mmemory: 58.00GiB(73.01%)  [34mtps: 119  [36mtflops: 5.73  [35mmfu: 0.58%[39m
[rank0]:[titan] 2026-03-17 18:33:41,432 - root - INFO - [31mstep: 1641  [32mloss:  2.6729  [38;2;180;60;0mgrad_norm:  1.6034  [38;2;54;234;195mmemory: 58.00GiB(73.01%)  [34mtps: 118  [36mtflops: 5.67  [35mmfu: 0.57%[39m
[rank0]:[titan] 2026-03-17 18:33:58,624 - root - INFO - [31mstep: 1642  [32mloss:  2.6344  [38;2;180;60;0mgrad_norm:  1.1306  [38;2;54;234;195mmemory: 58.00GiB(73.01%)  [34mtps: 119  [36mtflops: 5.74  [35mmfu: 0.58%[39m
[rank0]:[titan] 2026-03-17 18:34:15,828 - root - INFO - [31mstep: 1643  [32mloss:  2.7015  [38;2;180;60;0mgrad_norm:  1.6779  [38;2;54;234;195mmemory: 58.00GiB(73.01%)  [34mtps: 119  [36mtflops: 5.74  [35mmfu: 0.58%[39m
[rank0]:[titan] 2026-03-17 18:34:32,901 - root - INFO - [31mstep: 1644  [32mloss:  2.6904  [38;2;180;60;0mgrad_norm:  1.7198  [38;2;54;234;195mmemory: 58.00GiB(73.01%)  [34mtps: 120  [36mtflops: 5.78  [35mmfu: 0.58%[39m
[rank0]:[titan] 2026-03-17 18:34:50,168 - root - INFO - [31mstep: 1645  [32mloss:  2.7036  [38;2;180;60;0mgrad_norm:  1.2266  [38;2;54;234;195mmemory: 58.00GiB(73.01%)  [34mtps: 119  [36mtflops: 5.72  [35mmfu: 0.58%[39m
[rank0]:[titan] 2026-03-17 18:35:07,420 - root - INFO - [31mstep: 1646  [32mloss:  2.6963  [38;2;180;60;0mgrad_norm:  1.9799  [38;2;54;234;195mmemory: 58.00GiB(73.01%)  [34mtps: 119  [36mtflops: 5.72  [35mmfu: 0.58%[39m
[rank0]:[titan] 2026-03-17 18:35:24,627 - root - INFO - [31mstep: 1647  [32mloss:  2.7054  [38;2;180;60;0mgrad_norm:  1.1278  [38;2;54;234;195mmemory: 58.00GiB(73.01%)  [34mtps: 119  [36mtflops: 5.74  [35mmfu: 0.58%[39m
[rank0]:[titan] 2026-03-17 18:35:41,955 - root - INFO - [31mstep: 1648  [32mloss:  2.6487  [38;2;180;60;0mgrad_norm:  1.5732  [38;2;54;234;195mmemory: 58.00GiB(73.01%)  [34mtps: 118  [36mtflops: 5.69  [35mmfu: 0.58%[39m
[rank0]:[titan] 2026-03-17 18:35:58,886 - root - INFO - [31mstep: 1649  [32mloss:  2.6622  [38;2;180;60;0mgrad_norm:  1.7581  [38;2;54;234;195mmemory: 58.00GiB(73.01%)  [34mtps: 121  [36mtflops: 5.83  [35mmfu: 0.59%[39m
[rank0]:[titan] 2026-03-17 18:36:16,081 - root - INFO - [31mstep: 1650  [32mloss:  2.6429  [38;2;180;60;0mgrad_norm:  1.4505  [38;2;54;234;195mmemory: 58.00GiB(73.01%)  [34mtps: 119  [36mtflops: 5.74  [35mmfu: 0.58%[39m
[rank0]:[titan] 2026-03-17 18:36:33,370 - root - INFO - [31mstep: 1651  [32mloss:  2.6608  [38;2;180;60;0mgrad_norm:  1.3206  [38;2;54;234;195mmemory: 58.00GiB(73.01%)  [34mtps: 118  [36mtflops: 5.71  [35mmfu: 0.58%[39m
[rank0]:[titan] 2026-03-17 18:36:50,484 - root - INFO - [31mstep: 1652  [32mloss:  2.6631  [38;2;180;60;0mgrad_norm:  1.4388  [38;2;54;234;195mmemory: 58.00GiB(73.01%)  [34mtps: 120  [36mtflops: 5.77  [35mmfu: 0.58%[39m
[rank0]:[titan] 2026-03-17 18:37:07,655 - root - INFO - [31mstep: 1653  [32mloss:  2.7154  [38;2;180;60;0mgrad_norm:  1.8309  [38;2;54;234;195mmemory: 58.00GiB(73.01%)  [34mtps: 119  [36mtflops: 5.75  [35mmfu: 0.58%[39m
[rank0]:[titan] 2026-03-17 18:37:24,799 - root - INFO - [31mstep: 1654  [32mloss:  2.7161  [38;2;180;60;0mgrad_norm:  1.5702  [38;2;54;234;195mmemory: 58.00GiB(73.01%)  [34mtps: 119  [36mtflops: 5.76  [35mmfu: 0.58%[39m
[rank0]:[titan] 2026-03-17 18:37:41,994 - root - INFO - [31mstep: 1655  [32mloss:  2.7479  [38;2;180;60;0mgrad_norm:  1.1515  [38;2;54;234;195mmemory: 58.00GiB(73.01%)  [34mtps: 119  [36mtflops: 5.74  [35mmfu: 0.58%[39m
[rank0]:[titan] 2026-03-17 18:37:59,235 - root - INFO - [31mstep: 1656  [32mloss:  2.7603  [38;2;180;60;0mgrad_norm:  1.6688  [38;2;54;234;195mmemory: 58.00GiB(73.01%)  [34mtps: 119  [36mtflops: 5.72  [35mmfu: 0.58%[39m
[rank0]:[titan] 2026-03-17 18:38:16,347 - root - INFO - [31mstep: 1657  [32mloss:  2.7055  [38;2;180;60;0mgrad_norm:  1.4042  [38;2;54;234;195mmemory: 58.00GiB(73.01%)  [34mtps: 120  [36mtflops: 5.77  [35mmfu: 0.58%[39m
[rank0]:[titan] 2026-03-17 18:38:33,515 - root - INFO - [31mstep: 1658  [32mloss:  2.7658  [38;2;180;60;0mgrad_norm:  1.3725  [38;2;54;234;195mmemory: 58.00GiB(73.01%)  [34mtps: 119  [36mtflops: 5.75  [35mmfu: 0.58%[39m
[rank0]:[titan] 2026-03-17 18:38:50,788 - root - INFO - [31mstep: 1659  [32mloss:  2.7431  [38;2;180;60;0mgrad_norm:  1.7663  [38;2;54;234;195mmemory: 58.00GiB(73.01%)  [34mtps: 119  [36mtflops: 5.71  [35mmfu: 0.58%[39m
[rank0]:[titan] 2026-03-17 18:39:07,942 - root - INFO - [31mstep: 1660  [32mloss:  2.7330  [38;2;180;60;0mgrad_norm:  1.7957  [38;2;54;234;195mmemory: 58.00GiB(73.01%)  [34mtps: 119  [36mtflops: 5.75  [35mmfu: 0.58%[39m
[rank0]:[titan] 2026-03-17 18:39:25,073 - root - INFO - [31mstep: 1661  [32mloss:  2.7258  [38;2;180;60;0mgrad_norm:  1.0765  [38;2;54;234;195mmemory: 58.00GiB(73.01%)  [34mtps: 120  [36mtflops: 5.76  [35mmfu: 0.58%[39m
[rank0]:[titan] 2026-03-17 18:39:42,307 - root - INFO - [31mstep: 1662  [32mloss:  2.6919  [38;2;180;60;0mgrad_norm:  1.7007  [38;2;54;234;195mmemory: 58.00GiB(73.01%)  [34mtps: 119  [36mtflops: 5.73  [35mmfu: 0.58%[39m
[rank0]:[titan] 2026-03-17 18:39:59,480 - root - INFO - [31mstep: 1663  [32mloss:  2.7486  [38;2;180;60;0mgrad_norm:  1.8032  [38;2;54;234;195mmemory: 58.00GiB(73.01%)  [34mtps: 119  [36mtflops: 5.75  [35mmfu: 0.58%[39m
[rank0]:[titan] 2026-03-17 18:40:16,711 - root - INFO - [31mstep: 1664  [32mloss:  2.6748  [38;2;180;60;0mgrad_norm:  1.1767  [38;2;54;234;195mmemory: 58.00GiB(73.01%)  [34mtps: 119  [36mtflops: 5.73  [35mmfu: 0.58%[39m
[rank0]:[titan] 2026-03-17 18:40:33,994 - root - INFO - [31mstep: 1665  [32mloss:  2.6820  [38;2;180;60;0mgrad_norm:  1.1917  [38;2;54;234;195mmemory: 58.00GiB(73.01%)  [34mtps: 119  [36mtflops: 5.71  [35mmfu: 0.58%[39m
[rank0]:[titan] 2026-03-17 18:40:51,227 - root - INFO - [31mstep: 1666  [32mloss:  2.6673  [38;2;180;60;0mgrad_norm:  1.8851  [38;2;54;234;195mmemory: 58.00GiB(73.01%)  [34mtps: 119  [36mtflops: 5.73  [35mmfu: 0.58%[39m
[rank0]:[titan] 2026-03-17 18:41:08,511 - root - INFO - [31mstep: 1667  [32mloss:  2.7083  [38;2;180;60;0mgrad_norm:  1.4830  [38;2;54;234;195mmemory: 58.00GiB(73.01%)  [34mtps: 118  [36mtflops: 5.71  [35mmfu: 0.58%[39m
[rank0]:[titan] 2026-03-17 18:41:25,908 - root - INFO - [31mstep: 1668  [32mloss:  2.7629  [38;2;180;60;0mgrad_norm:  1.5722  [38;2;54;234;195mmemory: 58.00GiB(73.01%)  [34mtps: 118  [36mtflops: 5.67  [35mmfu: 0.57%[39m
[rank0]:[titan] 2026-03-17 18:41:43,094 - root - INFO - [31mstep: 1669  [32mloss:  2.7531  [38;2;180;60;0mgrad_norm:  1.4761  [38;2;54;234;195mmemory: 58.00GiB(73.01%)  [34mtps: 119  [36mtflops: 5.74  [35mmfu: 0.58%[39m
[rank0]:[titan] 2026-03-17 18:42:00,308 - root - INFO - [31mstep: 1670  [32mloss:  2.7899  [38;2;180;60;0mgrad_norm:  1.7530  [38;2;54;234;195mmemory: 58.00GiB(73.01%)  [34mtps: 119  [36mtflops: 5.73  [35mmfu: 0.58%[39m
[rank0]:[titan] 2026-03-17 18:42:17,527 - root - INFO - [31mstep: 1671  [32mloss:  2.7241  [38;2;180;60;0mgrad_norm:  1.6464  [38;2;54;234;195mmemory: 58.00GiB(73.01%)  [34mtps: 119  [36mtflops: 5.73  [35mmfu: 0.58%[39m
[rank0]:[titan] 2026-03-17 18:42:34,711 - root - INFO - [31mstep: 1672  [32mloss:  2.7586  [38;2;180;60;0mgrad_norm:  1.1278  [38;2;54;234;195mmemory: 58.00GiB(73.01%)  [34mtps: 119  [36mtflops: 5.74  [35mmfu: 0.58%[39m
[rank0]:[titan] 2026-03-17 18:42:51,921 - root - INFO - [31mstep: 1673  [32mloss:  2.8182  [38;2;180;60;0mgrad_norm:  1.2902  [38;2;54;234;195mmemory: 58.00GiB(73.01%)  [34mtps: 119  [36mtflops: 5.73  [35mmfu: 0.58%[39m
[rank0]:[titan] 2026-03-17 18:43:09,107 - root - INFO - [31mstep: 1674  [32mloss:  2.7014  [38;2;180;60;0mgrad_norm:  1.6987  [38;2;54;234;195mmemory: 58.00GiB(73.01%)  [34mtps: 119  [36mtflops: 5.74  [35mmfu: 0.58%[39m
[rank0]:[titan] 2026-03-17 18:43:26,472 - root - INFO - [31mstep: 1675  [32mloss:  2.6826  [38;2;180;60;0mgrad_norm:  1.3275  [38;2;54;234;195mmemory: 58.00GiB(73.01%)  [34mtps: 118  [36mtflops: 5.68  [35mmfu: 0.57%[39m
[rank0]:[titan] 2026-03-17 18:43:43,518 - root - INFO - [31mstep: 1676  [32mloss:  2.7625  [38;2;180;60;0mgrad_norm:  1.0126  [38;2;54;234;195mmemory: 58.00GiB(73.01%)  [34mtps: 120  [36mtflops: 5.79  [35mmfu: 0.59%[39m
[rank0]:[titan] 2026-03-17 18:44:00,606 - root - INFO - [31mstep: 1677  [32mloss:  2.7255  [38;2;180;60;0mgrad_norm:  1.5433  [38;2;54;234;195mmemory: 58.00GiB(73.01%)  [34mtps: 120  [36mtflops: 5.77  [35mmfu: 0.58%[39m
[rank0]:[titan] 2026-03-17 18:44:17,742 - root - INFO - [31mstep: 1678  [32mloss:  2.7648  [38;2;180;60;0mgrad_norm:  1.2824  [38;2;54;234;195mmemory: 58.00GiB(73.01%)  [34mtps: 120  [36mtflops: 5.76  [35mmfu: 0.58%[39m
[rank0]:[titan] 2026-03-17 18:44:34,927 - root - INFO - [31mstep: 1679  [32mloss:  2.7256  [38;2;180;60;0mgrad_norm:  0.9178  [38;2;54;234;195mmemory: 58.00GiB(73.01%)  [34mtps: 119  [36mtflops: 5.74  [35mmfu: 0.58%[39m
[rank0]:[titan] 2026-03-17 18:44:52,258 - root - INFO - [31mstep: 1680  [32mloss:  2.7611  [38;2;180;60;0mgrad_norm:  1.5771  [38;2;54;234;195mmemory: 58.00GiB(73.01%)  [34mtps: 118  [36mtflops: 5.69  [35mmfu: 0.58%[39m
[rank0]:[titan] 2026-03-17 18:45:09,505 - root - INFO - [31mstep: 1681  [32mloss:  2.7080  [38;2;180;60;0mgrad_norm:  1.5613  [38;2;54;234;195mmemory: 58.00GiB(73.01%)  [34mtps: 119  [36mtflops: 5.72  [35mmfu: 0.58%[39m
[rank0]:[titan] 2026-03-17 18:45:26,707 - root - INFO - [31mstep: 1682  [32mloss:  2.7097  [38;2;180;60;0mgrad_norm:  1.4366  [38;2;54;234;195mmemory: 58.00GiB(73.01%)  [34mtps: 119  [36mtflops: 5.74  [35mmfu: 0.58%[39m
[rank0]:[titan] 2026-03-17 18:45:43,879 - root - INFO - [31mstep: 1683  [32mloss:  2.7139  [38;2;180;60;0mgrad_norm:  1.0798  [38;2;54;234;195mmemory: 58.00GiB(73.01%)  [34mtps: 119  [36mtflops: 5.75  [35mmfu: 0.58%[39m
[rank0]:[titan] 2026-03-17 18:46:01,042 - root - INFO - [31mstep: 1684  [32mloss:  2.6889  [38;2;180;60;0mgrad_norm:  1.2279  [38;2;54;234;195mmemory: 58.00GiB(73.01%)  [34mtps: 119  [36mtflops: 5.75  [35mmfu: 0.58%[39m
[rank0]:[titan] 2026-03-17 18:46:18,286 - root - INFO - [31mstep: 1685  [32mloss:  2.6598  [38;2;180;60;0mgrad_norm:  1.2056  [38;2;54;234;195mmemory: 58.00GiB(73.01%)  [34mtps: 119  [36mtflops: 5.72  [35mmfu: 0.58%[39m
[rank0]:[titan] 2026-03-17 18:46:35,545 - root - INFO - [31mstep: 1686  [32mloss:  2.6776  [38;2;180;60;0mgrad_norm:  1.2206  [38;2;54;234;195mmemory: 58.00GiB(73.01%)  [34mtps: 119  [36mtflops: 5.72  [35mmfu: 0.58%[39m
[rank0]:[titan] 2026-03-17 18:46:52,713 - root - INFO - [31mstep: 1687  [32mloss:  2.6770  [38;2;180;60;0mgrad_norm:  1.2565  [38;2;54;234;195mmemory: 58.00GiB(73.01%)  [34mtps: 119  [36mtflops: 5.75  [35mmfu: 0.58%[39m
[rank0]:[titan] 2026-03-17 18:47:09,841 - root - INFO - [31mstep: 1688  [32mloss:  2.6487  [38;2;180;60;0mgrad_norm:  1.1749  [38;2;54;234;195mmemory: 58.00GiB(73.01%)  [34mtps: 120  [36mtflops: 5.76  [35mmfu: 0.58%[39m
[rank0]:[titan] 2026-03-17 18:47:27,170 - root - INFO - [31mstep: 1689  [32mloss:  2.7842  [38;2;180;60;0mgrad_norm:  1.4355  [38;2;54;234;195mmemory: 58.00GiB(73.01%)  [34mtps: 118  [36mtflops: 5.69  [35mmfu: 0.58%[39m
[rank0]:[titan] 2026-03-17 18:47:44,261 - root - INFO - [31mstep: 1690  [32mloss:  2.7369  [38;2;180;60;0mgrad_norm:  1.1373  [38;2;54;234;195mmemory: 58.00GiB(73.01%)  [34mtps: 120  [36mtflops: 5.77  [35mmfu: 0.58%[39m
[rank0]:[titan] 2026-03-17 18:48:01,476 - root - INFO - [31mstep: 1691  [32mloss:  2.7452  [38;2;180;60;0mgrad_norm:  1.0648  [38;2;54;234;195mmemory: 58.00GiB(73.01%)  [34mtps: 119  [36mtflops: 5.73  [35mmfu: 0.58%[39m
[rank0]:[titan] 2026-03-17 18:48:01,479 - root - WARNING - Dataset c4_test is being re-looped
[rank0]:[titan] 2026-03-17 18:48:18,447 - root - INFO - [31mstep: 1692  [32mloss:  2.7591  [38;2;180;60;0mgrad_norm:  0.9812  [38;2;54;234;195mmemory: 58.00GiB(73.01%)  [34mtps: 121  [36mtflops: 5.81  [35mmfu: 0.59%[39m
[rank0]:[titan] 2026-03-17 18:48:35,915 - root - INFO - [31mstep: 1693  [32mloss:  2.7201  [38;2;180;60;0mgrad_norm:  1.2284  [38;2;54;234;195mmemory: 58.00GiB(73.01%)  [34mtps: 117  [36mtflops: 5.65  [35mmfu: 0.57%[39m
[rank0]:[titan] 2026-03-17 18:48:53,339 - root - INFO - [31mstep: 1694  [32mloss:  2.7307  [38;2;180;60;0mgrad_norm:  1.7095  [38;2;54;234;195mmemory: 58.00GiB(73.01%)  [34mtps: 118  [36mtflops: 5.66  [35mmfu: 0.57%[39m
[rank0]:[titan] 2026-03-17 18:49:10,609 - root - INFO - [31mstep: 1695  [32mloss:  2.7522  [38;2;180;60;0mgrad_norm:  1.0867  [38;2;54;234;195mmemory: 58.00GiB(73.01%)  [34mtps: 119  [36mtflops: 5.71  [35mmfu: 0.58%[39m
[rank0]:[titan] 2026-03-17 18:49:27,786 - root - INFO - [31mstep: 1696  [32mloss:  2.7291  [38;2;180;60;0mgrad_norm:  1.1143  [38;2;54;234;195mmemory: 58.00GiB(73.01%)  [34mtps: 119  [36mtflops: 5.74  [35mmfu: 0.58%[39m
[rank0]:[titan] 2026-03-17 18:49:45,168 - root - INFO - [31mstep: 1697  [32mloss:  2.7784  [38;2;180;60;0mgrad_norm:  1.8301  [38;2;54;234;195mmemory: 58.00GiB(73.01%)  [34mtps: 118  [36mtflops: 5.68  [35mmfu: 0.57%[39m
[rank0]:[titan] 2026-03-17 18:50:02,409 - root - INFO - [31mstep: 1698  [32mloss:  2.7080  [38;2;180;60;0mgrad_norm:  1.5997  [38;2;54;234;195mmemory: 58.00GiB(73.01%)  [34mtps: 119  [36mtflops: 5.72  [35mmfu: 0.58%[39m
[rank0]:[titan] 2026-03-17 18:50:19,694 - root - INFO - [31mstep: 1699  [32mloss:  2.7051  [38;2;180;60;0mgrad_norm:  1.2802  [38;2;54;234;195mmemory: 58.00GiB(73.01%)  [34mtps: 118  [36mtflops: 5.71  [35mmfu: 0.58%[39m
[rank0]:[titan] 2026-03-17 18:50:36,894 - root - INFO - [31mstep: 1700  [32mloss:  2.6307  [38;2;180;60;0mgrad_norm:  1.4668  [38;2;54;234;195mmemory: 58.00GiB(73.01%)  [34mtps: 119  [36mtflops: 5.74  [35mmfu: 0.58%[39m
[rank0]:[titan] 2026-03-17 18:50:54,063 - root - INFO - [31mstep: 1701  [32mloss:  2.7149  [38;2;180;60;0mgrad_norm:  1.4162  [38;2;54;234;195mmemory: 58.00GiB(73.01%)  [34mtps: 119  [36mtflops: 5.75  [35mmfu: 0.58%[39m
[rank0]:[titan] 2026-03-17 18:51:11,307 - root - INFO - [31mstep: 1702  [32mloss:  2.7516  [38;2;180;60;0mgrad_norm:  1.2268  [38;2;54;234;195mmemory: 58.00GiB(73.01%)  [34mtps: 119  [36mtflops: 5.72  [35mmfu: 0.58%[39m
[rank0]:[titan] 2026-03-17 18:51:28,462 - root - INFO - [31mstep: 1703  [32mloss:  2.6901  [38;2;180;60;0mgrad_norm:  1.4054  [38;2;54;234;195mmemory: 58.00GiB(73.01%)  [34mtps: 119  [36mtflops: 5.75  [35mmfu: 0.58%[39m
[rank0]:[titan] 2026-03-17 18:51:45,758 - root - INFO - [31mstep: 1704  [32mloss:  2.6624  [38;2;180;60;0mgrad_norm:  1.1657  [38;2;54;234;195mmemory: 58.00GiB(73.01%)  [34mtps: 118  [36mtflops: 5.71  [35mmfu: 0.58%[39m
[rank0]:[titan] 2026-03-17 18:52:03,008 - root - INFO - [31mstep: 1705  [32mloss:  2.7388  [38;2;180;60;0mgrad_norm:  1.0081  [38;2;54;234;195mmemory: 58.00GiB(73.01%)  [34mtps: 119  [36mtflops: 5.72  [35mmfu: 0.58%[39m
[rank0]:[titan] 2026-03-17 18:52:20,240 - root - INFO - [31mstep: 1706  [32mloss:  2.7195  [38;2;180;60;0mgrad_norm:  1.0556  [38;2;54;234;195mmemory: 58.00GiB(73.01%)  [34mtps: 119  [36mtflops: 5.73  [35mmfu: 0.58%[39m
[rank0]:[titan] 2026-03-17 18:52:37,502 - root - INFO - [31mstep: 1707  [32mloss:  2.7072  [38;2;180;60;0mgrad_norm:  1.3993  [38;2;54;234;195mmemory: 58.00GiB(73.01%)  [34mtps: 119  [36mtflops: 5.72  [35mmfu: 0.58%[39m
[rank0]:[titan] 2026-03-17 18:52:54,712 - root - INFO - [31mstep: 1708  [32mloss:  2.6437  [38;2;180;60;0mgrad_norm:  1.4017  [38;2;54;234;195mmemory: 58.00GiB(73.01%)  [34mtps: 119  [36mtflops: 5.73  [35mmfu: 0.58%[39m
[rank0]:[titan] 2026-03-17 18:53:11,989 - root - INFO - [31mstep: 1709  [32mloss:  2.6443  [38;2;180;60;0mgrad_norm:  1.1923  [38;2;54;234;195mmemory: 58.00GiB(73.01%)  [34mtps: 119  [36mtflops: 5.71  [35mmfu: 0.58%[39m
[rank0]:[titan] 2026-03-17 18:53:29,109 - root - INFO - [31mstep: 1710  [32mloss:  2.6670  [38;2;180;60;0mgrad_norm:  1.7168  [38;2;54;234;195mmemory: 58.00GiB(73.01%)  [34mtps: 120  [36mtflops: 5.76  [35mmfu: 0.58%[39m
[rank0]:[titan] 2026-03-17 18:53:46,122 - root - INFO - [31mstep: 1711  [32mloss:  2.7045  [38;2;180;60;0mgrad_norm:  1.6596  [38;2;54;234;195mmemory: 58.00GiB(73.01%)  [34mtps: 120  [36mtflops: 5.80  [35mmfu: 0.59%[39m
[rank0]:[titan] 2026-03-17 18:54:03,335 - root - INFO - [31mstep: 1712  [32mloss:  2.7446  [38;2;180;60;0mgrad_norm:  1.2175  [38;2;54;234;195mmemory: 58.00GiB(73.01%)  [34mtps: 119  [36mtflops: 5.73  [35mmfu: 0.58%[39m
[rank0]:[titan] 2026-03-17 18:54:20,284 - root - INFO - [31mstep: 1713  [32mloss:  2.7316  [38;2;180;60;0mgrad_norm:  1.4394  [38;2;54;234;195mmemory: 58.00GiB(73.01%)  [34mtps: 121  [36mtflops: 5.82  [35mmfu: 0.59%[39m
[rank0]:[titan] 2026-03-17 18:54:37,579 - root - INFO - [31mstep: 1714  [32mloss:  2.6831  [38;2;180;60;0mgrad_norm:  1.2716  [38;2;54;234;195mmemory: 58.00GiB(73.01%)  [34mtps: 118  [36mtflops: 5.71  [35mmfu: 0.58%[39m
[rank0]:[titan] 2026-03-17 18:54:54,844 - root - INFO - [31mstep: 1715  [32mloss:  2.7031  [38;2;180;60;0mgrad_norm:  1.4606  [38;2;54;234;195mmemory: 58.00GiB(73.01%)  [34mtps: 119  [36mtflops: 5.72  [35mmfu: 0.58%[39m
[rank0]:[titan] 2026-03-17 18:55:11,994 - root - INFO - [31mstep: 1716  [32mloss:  2.7166  [38;2;180;60;0mgrad_norm:  1.0210  [38;2;54;234;195mmemory: 58.00GiB(73.01%)  [34mtps: 119  [36mtflops: 5.75  [35mmfu: 0.58%[39m
[rank0]:[titan] 2026-03-17 18:55:28,374 - root - INFO - [31mstep: 1717  [32mloss:  2.7282  [38;2;180;60;0mgrad_norm:  1.2955  [38;2;54;234;195mmemory: 58.00GiB(73.01%)  [34mtps: 125  [36mtflops: 6.02  [35mmfu: 0.61%[39m
[rank0]:[titan] 2026-03-17 18:55:45,766 - root - INFO - [31mstep: 1718  [32mloss:  2.7205  [38;2;180;60;0mgrad_norm:  1.6993  [38;2;54;234;195mmemory: 58.00GiB(73.01%)  [34mtps: 118  [36mtflops: 5.67  [35mmfu: 0.57%[39m
[rank0]:[titan] 2026-03-17 18:56:02,775 - root - INFO - [31mstep: 1719  [32mloss:  2.6612  [38;2;180;60;0mgrad_norm:  0.9796  [38;2;54;234;195mmemory: 58.00GiB(73.01%)  [34mtps: 120  [36mtflops: 5.80  [35mmfu: 0.59%[39m
[rank0]:[titan] 2026-03-17 18:56:19,840 - root - INFO - [31mstep: 1720  [32mloss:  2.6640  [38;2;180;60;0mgrad_norm:  1.3267  [38;2;54;234;195mmemory: 58.00GiB(73.01%)  [34mtps: 120  [36mtflops: 5.78  [35mmfu: 0.58%[39m
[rank0]:[titan] 2026-03-17 18:56:37,080 - root - INFO - [31mstep: 1721  [32mloss:  2.7043  [38;2;180;60;0mgrad_norm:  1.7824  [38;2;54;234;195mmemory: 58.00GiB(73.01%)  [34mtps: 119  [36mtflops: 5.72  [35mmfu: 0.58%[39m
[rank0]:[titan] 2026-03-17 18:56:54,438 - root - INFO - [31mstep: 1722  [32mloss:  2.6792  [38;2;180;60;0mgrad_norm:  1.1225  [38;2;54;234;195mmemory: 58.00GiB(73.01%)  [34mtps: 118  [36mtflops: 5.69  [35mmfu: 0.57%[39m
[rank0]:[titan] 2026-03-17 18:57:11,809 - root - INFO - [31mstep: 1723  [32mloss:  2.6845  [38;2;180;60;0mgrad_norm:  1.2733  [38;2;54;234;195mmemory: 58.00GiB(73.01%)  [34mtps: 118  [36mtflops: 5.68  [35mmfu: 0.57%[39m
[rank0]:[titan] 2026-03-17 18:57:28,959 - root - INFO - [31mstep: 1724  [32mloss:  2.6830  [38;2;180;60;0mgrad_norm:  1.5673  [38;2;54;234;195mmemory: 58.00GiB(73.01%)  [34mtps: 119  [36mtflops: 5.75  [35mmfu: 0.58%[39m
[rank0]:[titan] 2026-03-17 18:57:46,014 - root - INFO - [31mstep: 1725  [32mloss:  2.6612  [38;2;180;60;0mgrad_norm:  1.3206  [38;2;54;234;195mmemory: 58.00GiB(73.01%)  [34mtps: 120  [36mtflops: 5.79  [35mmfu: 0.59%[39m
[rank0]:[titan] 2026-03-17 18:58:03,355 - root - INFO - [31mstep: 1726  [32mloss:  2.6754  [38;2;180;60;0mgrad_norm:  1.0558  [38;2;54;234;195mmemory: 58.00GiB(73.01%)  [34mtps: 118  [36mtflops: 5.69  [35mmfu: 0.58%[39m
[rank0]:[titan] 2026-03-17 18:58:20,569 - root - INFO - [31mstep: 1727  [32mloss:  2.6897  [38;2;180;60;0mgrad_norm:  1.5170  [38;2;54;234;195mmemory: 58.00GiB(73.01%)  [34mtps: 119  [36mtflops: 5.73  [35mmfu: 0.58%[39m
[rank0]:[titan] 2026-03-17 18:58:37,760 - root - INFO - [31mstep: 1728  [32mloss:  2.6456  [38;2;180;60;0mgrad_norm:  1.5796  [38;2;54;234;195mmemory: 58.00GiB(73.01%)  [34mtps: 119  [36mtflops: 5.74  [35mmfu: 0.58%[39m
[rank0]:[titan] 2026-03-17 18:58:54,928 - root - INFO - [31mstep: 1729  [32mloss:  2.6416  [38;2;180;60;0mgrad_norm:  1.2053  [38;2;54;234;195mmemory: 58.00GiB(73.01%)  [34mtps: 119  [36mtflops: 5.75  [35mmfu: 0.58%[39m
[rank0]:[titan] 2026-03-17 18:59:12,234 - root - INFO - [31mstep: 1730  [32mloss:  2.6302  [38;2;180;60;0mgrad_norm:  0.9270  [38;2;54;234;195mmemory: 58.00GiB(73.01%)  [34mtps: 118  [36mtflops: 5.70  [35mmfu: 0.58%[39m
[rank0]:[titan] 2026-03-17 18:59:29,374 - root - INFO - [31mstep: 1731  [32mloss:  2.6775  [38;2;180;60;0mgrad_norm:  1.3026  [38;2;54;234;195mmemory: 58.00GiB(73.01%)  [34mtps: 119  [36mtflops: 5.76  [35mmfu: 0.58%[39m
[rank0]:[titan] 2026-03-17 18:59:46,603 - root - INFO - [31mstep: 1732  [32mloss:  2.6471  [38;2;180;60;0mgrad_norm:  1.4941  [38;2;54;234;195mmemory: 58.00GiB(73.01%)  [34mtps: 119  [36mtflops: 5.73  [35mmfu: 0.58%[39m
[rank0]:[titan] 2026-03-17 19:00:03,842 - root - INFO - [31mstep: 1733  [32mloss:  2.6718  [38;2;180;60;0mgrad_norm:  1.3919  [38;2;54;234;195mmemory: 58.00GiB(73.01%)  [34mtps: 119  [36mtflops: 5.72  [35mmfu: 0.58%[39m
[rank0]:[titan] 2026-03-17 19:00:21,171 - root - INFO - [31mstep: 1734  [32mloss:  2.6340  [38;2;180;60;0mgrad_norm:  1.4473  [38;2;54;234;195mmemory: 58.00GiB(73.01%)  [34mtps: 118  [36mtflops: 5.69  [35mmfu: 0.58%[39m
[rank0]:[titan] 2026-03-17 19:00:38,417 - root - INFO - [31mstep: 1735  [32mloss:  2.6937  [38;2;180;60;0mgrad_norm:  1.4702  [38;2;54;234;195mmemory: 58.00GiB(73.01%)  [34mtps: 119  [36mtflops: 5.72  [35mmfu: 0.58%[39m
[rank0]:[titan] 2026-03-17 19:00:55,489 - root - INFO - [31mstep: 1736  [32mloss:  2.7654  [38;2;180;60;0mgrad_norm:  2.0504  [38;2;54;234;195mmemory: 58.00GiB(73.01%)  [34mtps: 120  [36mtflops: 5.78  [35mmfu: 0.58%[39m
[rank0]:[titan] 2026-03-17 19:01:12,489 - root - INFO - [31mstep: 1737  [32mloss:  2.6532  [38;2;180;60;0mgrad_norm:  1.6060  [38;2;54;234;195mmemory: 58.00GiB(73.01%)  [34mtps: 120  [36mtflops: 5.80  [35mmfu: 0.59%[39m
[rank0]:[titan] 2026-03-17 19:01:29,489 - root - INFO - [31mstep: 1738  [32mloss:  2.6435  [38;2;180;60;0mgrad_norm:  1.3826  [38;2;54;234;195mmemory: 58.00GiB(73.01%)  [34mtps: 120  [36mtflops: 5.80  [35mmfu: 0.59%[39m
[rank0]:[titan] 2026-03-17 19:01:46,557 - root - INFO - [31mstep: 1739  [32mloss:  2.6770  [38;2;180;60;0mgrad_norm:  1.1353  [38;2;54;234;195mmemory: 58.00GiB(73.01%)  [34mtps: 120  [36mtflops: 5.78  [35mmfu: 0.58%[39m
[rank0]:[titan] 2026-03-17 19:02:03,761 - root - INFO - [31mstep: 1740  [32mloss:  2.7180  [38;2;180;60;0mgrad_norm:  1.4027  [38;2;54;234;195mmemory: 58.00GiB(73.01%)  [34mtps: 119  [36mtflops: 5.74  [35mmfu: 0.58%[39m
[rank0]:[titan] 2026-03-17 19:02:20,988 - root - INFO - [31mstep: 1741  [32mloss:  2.6839  [38;2;180;60;0mgrad_norm:  1.2441  [38;2;54;234;195mmemory: 58.00GiB(73.01%)  [34mtps: 119  [36mtflops: 5.73  [35mmfu: 0.58%[39m
[rank0]:[titan] 2026-03-17 19:02:38,323 - root - INFO - [31mstep: 1742  [32mloss:  2.6376  [38;2;180;60;0mgrad_norm:  1.1729  [38;2;54;234;195mmemory: 58.00GiB(73.01%)  [34mtps: 118  [36mtflops: 5.69  [35mmfu: 0.58%[39m
[rank0]:[titan] 2026-03-17 19:02:55,766 - root - INFO - [31mstep: 1743  [32mloss:  2.6404  [38;2;180;60;0mgrad_norm:  1.2274  [38;2;54;234;195mmemory: 58.00GiB(73.01%)  [34mtps: 117  [36mtflops: 5.66  [35mmfu: 0.57%[39m
[rank0]:[titan] 2026-03-17 19:03:13,060 - root - INFO - [31mstep: 1744  [32mloss:  2.6854  [38;2;180;60;0mgrad_norm:  1.3848  [38;2;54;234;195mmemory: 58.00GiB(73.01%)  [34mtps: 118  [36mtflops: 5.71  [35mmfu: 0.58%[39m
[rank0]:[titan] 2026-03-17 19:03:30,344 - root - INFO - [31mstep: 1745  [32mloss:  2.6643  [38;2;180;60;0mgrad_norm:  1.5028  [38;2;54;234;195mmemory: 58.00GiB(73.01%)  [34mtps: 118  [36mtflops: 5.71  [35mmfu: 0.58%[39m
[rank0]:[titan] 2026-03-17 19:03:47,743 - root - INFO - [31mstep: 1746  [32mloss:  2.6985  [38;2;180;60;0mgrad_norm:  0.9983  [38;2;54;234;195mmemory: 58.00GiB(73.01%)  [34mtps: 118  [36mtflops: 5.67  [35mmfu: 0.57%[39m
[rank0]:[titan] 2026-03-17 19:04:05,091 - root - INFO - [31mstep: 1747  [32mloss:  2.7104  [38;2;180;60;0mgrad_norm:  1.4022  [38;2;54;234;195mmemory: 58.00GiB(73.01%)  [34mtps: 118  [36mtflops: 5.69  [35mmfu: 0.58%[39m
[rank0]:[titan] 2026-03-17 19:04:21,828 - root - INFO - [31mstep: 1748  [32mloss:  2.6452  [38;2;180;60;0mgrad_norm:  1.2593  [38;2;54;234;195mmemory: 58.00GiB(73.01%)  [34mtps: 122  [36mtflops: 5.90  [35mmfu: 0.60%[39m
[rank0]:[titan] 2026-03-17 19:04:39,293 - root - INFO - [31mstep: 1749  [32mloss:  2.6521  [38;2;180;60;0mgrad_norm:  0.9785  [38;2;54;234;195mmemory: 58.00GiB(73.01%)  [34mtps: 117  [36mtflops: 5.65  [35mmfu: 0.57%[39m
[rank0]:[titan] 2026-03-17 19:04:56,700 - root - INFO - [31mstep: 1750  [32mloss:  2.6572  [38;2;180;60;0mgrad_norm:  1.0089  [38;2;54;234;195mmemory: 58.00GiB(73.01%)  [34mtps: 118  [36mtflops: 5.67  [35mmfu: 0.57%[39m
[rank0]:[titan] 2026-03-17 19:05:13,862 - root - INFO - [31mstep: 1751  [32mloss:  2.6818  [38;2;180;60;0mgrad_norm:  1.3048  [38;2;54;234;195mmemory: 58.00GiB(73.01%)  [34mtps: 119  [36mtflops: 5.75  [35mmfu: 0.58%[39m
[rank0]:[titan] 2026-03-17 19:05:31,011 - root - INFO - [31mstep: 1752  [32mloss:  2.6216  [38;2;180;60;0mgrad_norm:  1.2272  [38;2;54;234;195mmemory: 58.00GiB(73.01%)  [34mtps: 119  [36mtflops: 5.75  [35mmfu: 0.58%[39m
[rank0]:[titan] 2026-03-17 19:05:48,028 - root - INFO - [31mstep: 1753  [32mloss:  2.6244  [38;2;180;60;0mgrad_norm:  1.1576  [38;2;54;234;195mmemory: 58.00GiB(73.01%)  [34mtps: 120  [36mtflops: 5.80  [35mmfu: 0.59%[39m
[rank0]:[titan] 2026-03-17 19:06:05,033 - root - INFO - [31mstep: 1754  [32mloss:  2.6374  [38;2;180;60;0mgrad_norm:  1.1816  [38;2;54;234;195mmemory: 58.00GiB(73.01%)  [34mtps: 120  [36mtflops: 5.80  [35mmfu: 0.59%[39m
[rank0]:[titan] 2026-03-17 19:06:22,211 - root - INFO - [31mstep: 1755  [32mloss:  2.6991  [38;2;180;60;0mgrad_norm:  1.5168  [38;2;54;234;195mmemory: 58.00GiB(73.01%)  [34mtps: 119  [36mtflops: 5.74  [35mmfu: 0.58%[39m
[rank0]:[titan] 2026-03-17 19:06:39,382 - root - INFO - [31mstep: 1756  [32mloss:  2.6691  [38;2;180;60;0mgrad_norm:  1.2689  [38;2;54;234;195mmemory: 58.00GiB(73.01%)  [34mtps: 119  [36mtflops: 5.75  [35mmfu: 0.58%[39m
[rank0]:[titan] 2026-03-17 19:06:56,622 - root - INFO - [31mstep: 1757  [32mloss:  2.6512  [38;2;180;60;0mgrad_norm:  1.5418  [38;2;54;234;195mmemory: 58.00GiB(73.01%)  [34mtps: 119  [36mtflops: 5.72  [35mmfu: 0.58%[39m
[rank0]:[titan] 2026-03-17 19:07:13,763 - root - INFO - [31mstep: 1758  [32mloss:  2.6486  [38;2;180;60;0mgrad_norm:  1.0344  [38;2;54;234;195mmemory: 58.00GiB(73.01%)  [34mtps: 119  [36mtflops: 5.76  [35mmfu: 0.58%[39m
[rank0]:[titan] 2026-03-17 19:07:30,941 - root - INFO - [31mstep: 1759  [32mloss:  2.6398  [38;2;180;60;0mgrad_norm:  1.1088  [38;2;54;234;195mmemory: 58.00GiB(73.01%)  [34mtps: 119  [36mtflops: 5.74  [35mmfu: 0.58%[39m
[rank0]:[titan] 2026-03-17 19:07:48,230 - root - INFO - [31mstep: 1760  [32mloss:  2.6998  [38;2;180;60;0mgrad_norm:  1.2793  [38;2;54;234;195mmemory: 58.00GiB(73.01%)  [34mtps: 118  [36mtflops: 5.71  [35mmfu: 0.58%[39m
[rank0]:[titan] 2026-03-17 19:08:05,224 - root - INFO - [31mstep: 1761  [32mloss:  2.6825  [38;2;180;60;0mgrad_norm:  0.9601  [38;2;54;234;195mmemory: 58.00GiB(73.01%)  [34mtps: 121  [36mtflops: 5.81  [35mmfu: 0.59%[39m
[rank0]:[titan] 2026-03-17 19:08:22,352 - root - INFO - [31mstep: 1762  [32mloss:  2.8327  [38;2;180;60;0mgrad_norm:  1.5343  [38;2;54;234;195mmemory: 58.00GiB(73.01%)  [34mtps: 120  [36mtflops: 5.76  [35mmfu: 0.58%[39m
[rank0]:[titan] 2026-03-17 19:08:39,442 - root - INFO - [31mstep: 1763  [32mloss:  2.8419  [38;2;180;60;0mgrad_norm:  1.6134  [38;2;54;234;195mmemory: 58.00GiB(73.01%)  [34mtps: 120  [36mtflops: 5.77  [35mmfu: 0.58%[39m
[rank0]:[titan] 2026-03-17 19:08:56,744 - root - INFO - [31mstep: 1764  [32mloss:  2.7494  [38;2;180;60;0mgrad_norm:  1.0568  [38;2;54;234;195mmemory: 58.00GiB(73.01%)  [34mtps: 118  [36mtflops: 5.70  [35mmfu: 0.58%[39m
[rank0]:[titan] 2026-03-17 19:09:14,026 - root - INFO - [31mstep: 1765  [32mloss:  2.7101  [38;2;180;60;0mgrad_norm:  1.2887  [38;2;54;234;195mmemory: 58.00GiB(73.01%)  [34mtps: 119  [36mtflops: 5.71  [35mmfu: 0.58%[39m
[rank0]:[titan] 2026-03-17 19:09:31,101 - root - INFO - [31mstep: 1766  [32mloss:  2.7885  [38;2;180;60;0mgrad_norm:  1.2511  [38;2;54;234;195mmemory: 58.00GiB(73.01%)  [34mtps: 120  [36mtflops: 5.78  [35mmfu: 0.58%[39m
[rank0]:[titan] 2026-03-17 19:09:48,471 - root - INFO - [31mstep: 1767  [32mloss:  2.7134  [38;2;180;60;0mgrad_norm:  1.3644  [38;2;54;234;195mmemory: 58.00GiB(73.01%)  [34mtps: 118  [36mtflops: 5.68  [35mmfu: 0.57%[39m
[rank0]:[titan] 2026-03-17 19:10:05,780 - root - INFO - [31mstep: 1768  [32mloss:  2.7142  [38;2;180;60;0mgrad_norm:  1.2722  [38;2;54;234;195mmemory: 58.00GiB(73.01%)  [34mtps: 118  [36mtflops: 5.70  [35mmfu: 0.58%[39m
[rank0]:[titan] 2026-03-17 19:10:23,065 - root - INFO - [31mstep: 1769  [32mloss:  2.6715  [38;2;180;60;0mgrad_norm:  1.3386  [38;2;54;234;195mmemory: 58.00GiB(73.01%)  [34mtps: 118  [36mtflops: 5.71  [35mmfu: 0.58%[39m
[rank0]:[titan] 2026-03-17 19:10:40,144 - root - INFO - [31mstep: 1770  [32mloss:  2.6883  [38;2;180;60;0mgrad_norm:  1.6664  [38;2;54;234;195mmemory: 58.00GiB(73.01%)  [34mtps: 120  [36mtflops: 5.78  [35mmfu: 0.58%[39m
[rank0]:[titan] 2026-03-17 19:10:57,409 - root - INFO - [31mstep: 1771  [32mloss:  2.7103  [38;2;180;60;0mgrad_norm:  1.6661  [38;2;54;234;195mmemory: 58.00GiB(73.01%)  [34mtps: 119  [36mtflops: 5.72  [35mmfu: 0.58%[39m
[rank0]:[titan] 2026-03-17 19:11:14,569 - root - INFO - [31mstep: 1772  [32mloss:  2.6867  [38;2;180;60;0mgrad_norm:  1.1696  [38;2;54;234;195mmemory: 58.00GiB(73.01%)  [34mtps: 119  [36mtflops: 5.75  [35mmfu: 0.58%[39m
[rank0]:[titan] 2026-03-17 19:11:31,749 - root - INFO - [31mstep: 1773  [32mloss:  2.7008  [38;2;180;60;0mgrad_norm:  1.1763  [38;2;54;234;195mmemory: 58.00GiB(73.01%)  [34mtps: 119  [36mtflops: 5.74  [35mmfu: 0.58%[39m
[rank0]:[titan] 2026-03-17 19:11:48,996 - root - INFO - [31mstep: 1774  [32mloss:  2.7337  [38;2;180;60;0mgrad_norm:  1.2582  [38;2;54;234;195mmemory: 58.00GiB(73.01%)  [34mtps: 119  [36mtflops: 5.72  [35mmfu: 0.58%[39m
[rank0]:[titan] 2026-03-17 19:12:06,205 - root - INFO - [31mstep: 1775  [32mloss:  2.7114  [38;2;180;60;0mgrad_norm:  1.0329  [38;2;54;234;195mmemory: 58.00GiB(73.01%)  [34mtps: 119  [36mtflops: 5.73  [35mmfu: 0.58%[39m
[rank0]:[titan] 2026-03-17 19:12:23,406 - root - INFO - [31mstep: 1776  [32mloss:  2.6709  [38;2;180;60;0mgrad_norm:  1.1211  [38;2;54;234;195mmemory: 58.00GiB(73.01%)  [34mtps: 119  [36mtflops: 5.74  [35mmfu: 0.58%[39m
[rank0]:[titan] 2026-03-17 19:12:40,679 - root - INFO - [31mstep: 1777  [32mloss:  2.6567  [38;2;180;60;0mgrad_norm:  1.2450  [38;2;54;234;195mmemory: 58.00GiB(73.01%)  [34mtps: 119  [36mtflops: 5.71  [35mmfu: 0.58%[39m
[rank0]:[titan] 2026-03-17 19:12:57,685 - root - INFO - [31mstep: 1778  [32mloss:  2.6475  [38;2;180;60;0mgrad_norm:  1.1634  [38;2;54;234;195mmemory: 58.00GiB(73.01%)  [34mtps: 120  [36mtflops: 5.80  [35mmfu: 0.59%[39m
[rank0]:[titan] 2026-03-17 19:13:14,746 - root - INFO - [31mstep: 1779  [32mloss:  2.6988  [38;2;180;60;0mgrad_norm:  1.1901  [38;2;54;234;195mmemory: 58.00GiB(73.01%)  [34mtps: 120  [36mtflops: 5.78  [35mmfu: 0.58%[39m
[rank0]:[titan] 2026-03-17 19:13:31,984 - root - INFO - [31mstep: 1780  [32mloss:  2.7826  [38;2;180;60;0mgrad_norm:  1.5806  [38;2;54;234;195mmemory: 58.00GiB(73.01%)  [34mtps: 119  [36mtflops: 5.72  [35mmfu: 0.58%[39m
[rank0]:[titan] 2026-03-17 19:13:49,181 - root - INFO - [31mstep: 1781  [32mloss:  2.7461  [38;2;180;60;0mgrad_norm:  1.1867  [38;2;54;234;195mmemory: 58.00GiB(73.01%)  [34mtps: 119  [36mtflops: 5.74  [35mmfu: 0.58%[39m
[rank0]:[titan] 2026-03-17 19:14:06,454 - root - INFO - [31mstep: 1782  [32mloss:  2.7079  [38;2;180;60;0mgrad_norm:  1.1437  [38;2;54;234;195mmemory: 58.00GiB(73.01%)  [34mtps: 119  [36mtflops: 5.71  [35mmfu: 0.58%[39m
[rank0]:[titan] 2026-03-17 19:14:23,473 - root - INFO - [31mstep: 1783  [32mloss:  2.6684  [38;2;180;60;0mgrad_norm:  1.3778  [38;2;54;234;195mmemory: 58.00GiB(73.01%)  [34mtps: 120  [36mtflops: 5.80  [35mmfu: 0.59%[39m
[rank0]:[titan] 2026-03-17 19:14:40,735 - root - INFO - [31mstep: 1784  [32mloss:  2.6906  [38;2;180;60;0mgrad_norm:  1.1659  [38;2;54;234;195mmemory: 58.00GiB(73.01%)  [34mtps: 119  [36mtflops: 5.72  [35mmfu: 0.58%[39m
[rank0]:[titan] 2026-03-17 19:14:57,887 - root - INFO - [31mstep: 1785  [32mloss:  2.7128  [38;2;180;60;0mgrad_norm:  1.1567  [38;2;54;234;195mmemory: 58.00GiB(73.01%)  [34mtps: 119  [36mtflops: 5.75  [35mmfu: 0.58%[39m
[rank0]:[titan] 2026-03-17 19:15:15,275 - root - INFO - [31mstep: 1786  [32mloss:  2.6997  [38;2;180;60;0mgrad_norm:  1.3407  [38;2;54;234;195mmemory: 58.00GiB(73.01%)  [34mtps: 118  [36mtflops: 5.68  [35mmfu: 0.57%[39m
[rank0]:[titan] 2026-03-17 19:15:32,685 - root - INFO - [31mstep: 1787  [32mloss:  2.7689  [38;2;180;60;0mgrad_norm:  1.3505  [38;2;54;234;195mmemory: 58.00GiB(73.01%)  [34mtps: 118  [36mtflops: 5.67  [35mmfu: 0.57%[39m
[rank0]:[titan] 2026-03-17 19:15:50,053 - root - INFO - [31mstep: 1788  [32mloss:  2.6765  [38;2;180;60;0mgrad_norm:  1.0690  [38;2;54;234;195mmemory: 58.00GiB(73.01%)  [34mtps: 118  [36mtflops: 5.68  [35mmfu: 0.57%[39m
[rank0]:[titan] 2026-03-17 19:16:07,144 - root - INFO - [31mstep: 1789  [32mloss:  2.7018  [38;2;180;60;0mgrad_norm:  1.5182  [38;2;54;234;195mmemory: 58.00GiB(73.01%)  [34mtps: 120  [36mtflops: 5.77  [35mmfu: 0.58%[39m
[rank0]:[titan] 2026-03-17 19:16:24,274 - root - INFO - [31mstep: 1790  [32mloss:  2.6747  [38;2;180;60;0mgrad_norm:  1.2979  [38;2;54;234;195mmemory: 58.00GiB(73.01%)  [34mtps: 120  [36mtflops: 5.76  [35mmfu: 0.58%[39m
[rank0]:[titan] 2026-03-17 19:16:41,405 - root - INFO - [31mstep: 1791  [32mloss:  2.6943  [38;2;180;60;0mgrad_norm:  1.0695  [38;2;54;234;195mmemory: 58.00GiB(73.01%)  [34mtps: 120  [36mtflops: 5.76  [35mmfu: 0.58%[39m
[rank0]:[titan] 2026-03-17 19:16:58,676 - root - INFO - [31mstep: 1792  [32mloss:  2.7093  [38;2;180;60;0mgrad_norm:  1.0013  [38;2;54;234;195mmemory: 58.00GiB(73.01%)  [34mtps: 119  [36mtflops: 5.71  [35mmfu: 0.58%[39m
[rank0]:[titan] 2026-03-17 19:17:15,512 - root - INFO - [31mstep: 1793  [32mloss:  2.6725  [38;2;180;60;0mgrad_norm:  0.9940  [38;2;54;234;195mmemory: 58.00GiB(73.01%)  [34mtps: 122  [36mtflops: 5.86  [35mmfu: 0.59%[39m
[rank0]:[titan] 2026-03-17 19:17:32,703 - root - INFO - [31mstep: 1794  [32mloss:  2.7147  [38;2;180;60;0mgrad_norm:  1.0061  [38;2;54;234;195mmemory: 58.00GiB(73.01%)  [34mtps: 119  [36mtflops: 5.74  [35mmfu: 0.58%[39m
[rank0]:[titan] 2026-03-17 19:17:50,034 - root - INFO - [31mstep: 1795  [32mloss:  2.7213  [38;2;180;60;0mgrad_norm:  1.1155  [38;2;54;234;195mmemory: 58.00GiB(73.01%)  [34mtps: 118  [36mtflops: 5.69  [35mmfu: 0.58%[39m
[rank0]:[titan] 2026-03-17 19:18:07,251 - root - INFO - [31mstep: 1796  [32mloss:  2.6990  [38;2;180;60;0mgrad_norm:  1.0126  [38;2;54;234;195mmemory: 58.00GiB(73.01%)  [34mtps: 119  [36mtflops: 5.73  [35mmfu: 0.58%[39m
[rank0]:[titan] 2026-03-17 19:18:24,637 - root - INFO - [31mstep: 1797  [32mloss:  2.7005  [38;2;180;60;0mgrad_norm:  1.1098  [38;2;54;234;195mmemory: 58.00GiB(73.01%)  [34mtps: 118  [36mtflops: 5.68  [35mmfu: 0.57%[39m
[rank0]:[titan] 2026-03-17 19:18:41,833 - root - INFO - [31mstep: 1798  [32mloss:  2.6893  [38;2;180;60;0mgrad_norm:  0.9346  [38;2;54;234;195mmemory: 58.00GiB(73.01%)  [34mtps: 119  [36mtflops: 5.74  [35mmfu: 0.58%[39m
[rank0]:[titan] 2026-03-17 19:18:59,047 - root - INFO - [31mstep: 1799  [32mloss:  2.7291  [38;2;180;60;0mgrad_norm:  1.1889  [38;2;54;234;195mmemory: 58.00GiB(73.01%)  [34mtps: 119  [36mtflops: 5.73  [35mmfu: 0.58%[39m
[rank0]:[titan] 2026-03-17 19:19:16,367 - root - INFO - [31mstep: 1800  [32mloss:  2.7616  [38;2;180;60;0mgrad_norm:  1.2459  [38;2;54;234;195mmemory: 58.00GiB(73.01%)  [34mtps: 118  [36mtflops: 5.70  [35mmfu: 0.58%[39m
[rank0]:[titan] 2026-03-17 19:19:33,583 - root - INFO - [31mstep: 1801  [32mloss:  2.6858  [38;2;180;60;0mgrad_norm:  1.2133  [38;2;54;234;195mmemory: 58.00GiB(73.01%)  [34mtps: 119  [36mtflops: 5.73  [35mmfu: 0.58%[39m
[rank0]:[titan] 2026-03-17 19:19:50,909 - root - INFO - [31mstep: 1802  [32mloss:  2.6830  [38;2;180;60;0mgrad_norm:  1.4225  [38;2;54;234;195mmemory: 58.00GiB(73.01%)  [34mtps: 118  [36mtflops: 5.70  [35mmfu: 0.58%[39m
[rank0]:[titan] 2026-03-17 19:20:07,990 - root - INFO - [31mstep: 1803  [32mloss:  2.6959  [38;2;180;60;0mgrad_norm:  0.9288  [38;2;54;234;195mmemory: 58.00GiB(73.01%)  [34mtps: 120  [36mtflops: 5.78  [35mmfu: 0.58%[39m
[rank0]:[titan] 2026-03-17 19:20:25,204 - root - INFO - [31mstep: 1804  [32mloss:  2.7590  [38;2;180;60;0mgrad_norm:  1.5224  [38;2;54;234;195mmemory: 58.00GiB(73.01%)  [34mtps: 119  [36mtflops: 5.73  [35mmfu: 0.58%[39m
[rank0]:[titan] 2026-03-17 19:20:42,511 - root - INFO - [31mstep: 1805  [32mloss:  2.7136  [38;2;180;60;0mgrad_norm:  1.2321  [38;2;54;234;195mmemory: 58.00GiB(73.01%)  [34mtps: 118  [36mtflops: 5.70  [35mmfu: 0.58%[39m
[rank0]:[titan] 2026-03-17 19:20:59,805 - root - INFO - [31mstep: 1806  [32mloss:  2.7239  [38;2;180;60;0mgrad_norm:  1.1836  [38;2;54;234;195mmemory: 58.00GiB(73.01%)  [34mtps: 118  [36mtflops: 5.71  [35mmfu: 0.58%[39m
[rank0]:[titan] 2026-03-17 19:21:16,993 - root - INFO - [31mstep: 1807  [32mloss:  2.7399  [38;2;180;60;0mgrad_norm:  1.1615  [38;2;54;234;195mmemory: 58.00GiB(73.01%)  [34mtps: 119  [36mtflops: 5.74  [35mmfu: 0.58%[39m
[rank0]:[titan] 2026-03-17 19:21:34,789 - root - INFO - [31mstep: 1808  [32mloss:  2.6841  [38;2;180;60;0mgrad_norm:  1.3937  [38;2;54;234;195mmemory: 58.00GiB(73.01%)  [34mtps: 115  [36mtflops: 5.55  [35mmfu: 0.56%[39m
[rank0]:[titan] 2026-03-17 19:21:51,922 - root - INFO - [31mstep: 1809  [32mloss:  2.7063  [38;2;180;60;0mgrad_norm:  1.2359  [38;2;54;234;195mmemory: 58.00GiB(73.01%)  [34mtps: 120  [36mtflops: 5.76  [35mmfu: 0.58%[39m
[rank0]:[titan] 2026-03-17 19:22:08,878 - root - INFO - [31mstep: 1810  [32mloss:  2.6243  [38;2;180;60;0mgrad_norm:  1.2014  [38;2;54;234;195mmemory: 58.00GiB(73.01%)  [34mtps: 121  [36mtflops: 5.82  [35mmfu: 0.59%[39m
[rank0]:[titan] 2026-03-17 19:22:26,019 - root - INFO - [31mstep: 1811  [32mloss:  2.6461  [38;2;180;60;0mgrad_norm:  1.1252  [38;2;54;234;195mmemory: 58.00GiB(73.01%)  [34mtps: 119  [36mtflops: 5.76  [35mmfu: 0.58%[39m
[rank0]:[titan] 2026-03-17 19:22:43,126 - root - INFO - [31mstep: 1812  [32mloss:  2.6597  [38;2;180;60;0mgrad_norm:  1.3681  [38;2;54;234;195mmemory: 58.00GiB(73.01%)  [34mtps: 120  [36mtflops: 5.77  [35mmfu: 0.58%[39m
[rank0]:[titan] 2026-03-17 19:22:59,654 - root - INFO - [31mstep: 1813  [32mloss:  2.6708  [38;2;180;60;0mgrad_norm:  1.1800  [38;2;54;234;195mmemory: 58.00GiB(73.01%)  [34mtps: 124  [36mtflops: 5.97  [35mmfu: 0.60%[39m
[rank0]:[titan] 2026-03-17 19:23:17,072 - root - INFO - [31mstep: 1814  [32mloss:  2.7002  [38;2;180;60;0mgrad_norm:  1.0972  [38;2;54;234;195mmemory: 58.00GiB(73.01%)  [34mtps: 118  [36mtflops: 5.67  [35mmfu: 0.57%[39m
[rank0]:[titan] 2026-03-17 19:23:34,578 - root - INFO - [31mstep: 1815  [32mloss:  2.7070  [38;2;180;60;0mgrad_norm:  1.1834  [38;2;54;234;195mmemory: 58.00GiB(73.01%)  [34mtps: 117  [36mtflops: 5.64  [35mmfu: 0.57%[39m
[rank0]:[titan] 2026-03-17 19:23:51,682 - root - INFO - [31mstep: 1816  [32mloss:  2.7489  [38;2;180;60;0mgrad_norm:  1.3046  [38;2;54;234;195mmemory: 58.00GiB(73.01%)  [34mtps: 120  [36mtflops: 5.77  [35mmfu: 0.58%[39m
[rank0]:[titan] 2026-03-17 19:24:08,770 - root - INFO - [31mstep: 1817  [32mloss:  2.7313  [38;2;180;60;0mgrad_norm:  0.9851  [38;2;54;234;195mmemory: 58.00GiB(73.01%)  [34mtps: 120  [36mtflops: 5.77  [35mmfu: 0.58%[39m
[rank0]:[titan] 2026-03-17 19:24:25,884 - root - INFO - [31mstep: 1818  [32mloss:  2.7143  [38;2;180;60;0mgrad_norm:  1.6190  [38;2;54;234;195mmemory: 58.00GiB(73.01%)  [34mtps: 120  [36mtflops: 5.77  [35mmfu: 0.58%[39m
[rank0]:[titan] 2026-03-17 19:24:42,986 - root - INFO - [31mstep: 1819  [32mloss:  2.6369  [38;2;180;60;0mgrad_norm:  1.4456  [38;2;54;234;195mmemory: 58.00GiB(73.01%)  [34mtps: 120  [36mtflops: 5.77  [35mmfu: 0.58%[39m
[rank0]:[titan] 2026-03-17 19:24:59,995 - root - INFO - [31mstep: 1820  [32mloss:  2.6943  [38;2;180;60;0mgrad_norm:  1.4372  [38;2;54;234;195mmemory: 58.00GiB(73.01%)  [34mtps: 120  [36mtflops: 5.80  [35mmfu: 0.59%[39m
[rank0]:[titan] 2026-03-17 19:25:16,952 - root - INFO - [31mstep: 1821  [32mloss:  2.6738  [38;2;180;60;0mgrad_norm:  1.0887  [38;2;54;234;195mmemory: 58.00GiB(73.01%)  [34mtps: 121  [36mtflops: 5.82  [35mmfu: 0.59%[39m
[rank0]:[titan] 2026-03-17 19:25:33,913 - root - INFO - [31mstep: 1822  [32mloss:  2.7672  [38;2;180;60;0mgrad_norm:  1.2431  [38;2;54;234;195mmemory: 58.00GiB(73.01%)  [34mtps: 121  [36mtflops: 5.82  [35mmfu: 0.59%[39m
[rank0]:[titan] 2026-03-17 19:25:51,208 - root - INFO - [31mstep: 1823  [32mloss:  2.7827  [38;2;180;60;0mgrad_norm:  1.5047  [38;2;54;234;195mmemory: 58.00GiB(73.01%)  [34mtps: 118  [36mtflops: 5.71  [35mmfu: 0.58%[39m
[rank0]:[titan] 2026-03-17 19:26:08,041 - root - INFO - [31mstep: 1824  [32mloss:  2.6848  [38;2;180;60;0mgrad_norm:  1.0720  [38;2;54;234;195mmemory: 58.00GiB(73.01%)  [34mtps: 122  [36mtflops: 5.86  [35mmfu: 0.59%[39m
[rank0]:[titan] 2026-03-17 19:26:25,638 - root - INFO - [31mstep: 1825  [32mloss:  2.6655  [38;2;180;60;0mgrad_norm:  1.0068  [38;2;54;234;195mmemory: 58.00GiB(73.01%)  [34mtps: 116  [36mtflops: 5.61  [35mmfu: 0.57%[39m
[rank0]:[titan] 2026-03-17 19:26:42,941 - root - INFO - [31mstep: 1826  [32mloss:  2.7149  [38;2;180;60;0mgrad_norm:  0.9582  [38;2;54;234;195mmemory: 58.00GiB(73.01%)  [34mtps: 118  [36mtflops: 5.70  [35mmfu: 0.58%[39m
[rank0]:[titan] 2026-03-17 19:27:00,011 - root - INFO - [31mstep: 1827  [32mloss:  2.6860  [38;2;180;60;0mgrad_norm:  1.3034  [38;2;54;234;195mmemory: 58.00GiB(73.01%)  [34mtps: 120  [36mtflops: 5.78  [35mmfu: 0.58%[39m
[rank0]:[titan] 2026-03-17 19:27:17,388 - root - INFO - [31mstep: 1828  [32mloss:  2.6906  [38;2;180;60;0mgrad_norm:  1.3526  [38;2;54;234;195mmemory: 58.00GiB(73.01%)  [34mtps: 118  [36mtflops: 5.68  [35mmfu: 0.57%[39m
[rank0]:[titan] 2026-03-17 19:27:34,656 - root - INFO - [31mstep: 1829  [32mloss:  2.6917  [38;2;180;60;0mgrad_norm:  0.9151  [38;2;54;234;195mmemory: 58.00GiB(73.01%)  [34mtps: 119  [36mtflops: 5.71  [35mmfu: 0.58%[39m
[rank0]:[titan] 2026-03-17 19:27:51,788 - root - INFO - [31mstep: 1830  [32mloss:  2.7010  [38;2;180;60;0mgrad_norm:  1.2649  [38;2;54;234;195mmemory: 58.00GiB(73.01%)  [34mtps: 120  [36mtflops: 5.76  [35mmfu: 0.58%[39m
[rank0]:[titan] 2026-03-17 19:28:08,946 - root - INFO - [31mstep: 1831  [32mloss:  2.6951  [38;2;180;60;0mgrad_norm:  1.2117  [38;2;54;234;195mmemory: 58.00GiB(73.01%)  [34mtps: 119  [36mtflops: 5.75  [35mmfu: 0.58%[39m
[rank0]:[titan] 2026-03-17 19:28:26,056 - root - INFO - [31mstep: 1832  [32mloss:  2.7363  [38;2;180;60;0mgrad_norm:  1.2964  [38;2;54;234;195mmemory: 58.00GiB(73.01%)  [34mtps: 120  [36mtflops: 5.77  [35mmfu: 0.58%[39m
[rank0]:[titan] 2026-03-17 19:28:43,308 - root - INFO - [31mstep: 1833  [32mloss:  2.7759  [38;2;180;60;0mgrad_norm:  1.1765  [38;2;54;234;195mmemory: 58.00GiB(73.01%)  [34mtps: 119  [36mtflops: 5.72  [35mmfu: 0.58%[39m
[rank0]:[titan] 2026-03-17 19:29:00,666 - root - INFO - [31mstep: 1834  [32mloss:  2.7196  [38;2;180;60;0mgrad_norm:  1.2712  [38;2;54;234;195mmemory: 58.00GiB(73.01%)  [34mtps: 118  [36mtflops: 5.68  [35mmfu: 0.57%[39m
[rank0]:[titan] 2026-03-17 19:29:17,656 - root - INFO - [31mstep: 1835  [32mloss:  2.7121  [38;2;180;60;0mgrad_norm:  1.0582  [38;2;54;234;195mmemory: 58.00GiB(73.01%)  [34mtps: 121  [36mtflops: 5.81  [35mmfu: 0.59%[39m
[rank0]:[titan] 2026-03-17 19:29:35,282 - root - INFO - [31mstep: 1836  [32mloss:  2.7486  [38;2;180;60;0mgrad_norm:  1.0065  [38;2;54;234;195mmemory: 58.00GiB(73.01%)  [34mtps: 116  [36mtflops: 5.60  [35mmfu: 0.57%[39m
[rank0]:[titan] 2026-03-17 19:29:52,838 - root - INFO - [31mstep: 1837  [32mloss:  2.7320  [38;2;180;60;0mgrad_norm:  1.1310  [38;2;54;234;195mmemory: 58.00GiB(73.01%)  [34mtps: 117  [36mtflops: 5.62  [35mmfu: 0.57%[39m
[rank0]:[titan] 2026-03-17 19:30:09,959 - root - INFO - [31mstep: 1838  [32mloss:  2.7188  [38;2;180;60;0mgrad_norm:  1.2479  [38;2;54;234;195mmemory: 58.00GiB(73.01%)  [34mtps: 120  [36mtflops: 5.76  [35mmfu: 0.58%[39m
[rank0]:[titan] 2026-03-17 19:30:27,224 - root - INFO - [31mstep: 1839  [32mloss:  2.7233  [38;2;180;60;0mgrad_norm:  1.2689  [38;2;54;234;195mmemory: 58.00GiB(73.01%)  [34mtps: 119  [36mtflops: 5.72  [35mmfu: 0.58%[39m
[rank0]:[titan] 2026-03-17 19:30:44,450 - root - INFO - [31mstep: 1840  [32mloss:  2.7123  [38;2;180;60;0mgrad_norm:  0.9419  [38;2;54;234;195mmemory: 58.00GiB(73.01%)  [34mtps: 119  [36mtflops: 5.73  [35mmfu: 0.58%[39m
[rank0]:[titan] 2026-03-17 19:31:01,582 - root - INFO - [31mstep: 1841  [32mloss:  2.6733  [38;2;180;60;0mgrad_norm:  1.5379  [38;2;54;234;195mmemory: 58.00GiB(73.01%)  [34mtps: 120  [36mtflops: 5.76  [35mmfu: 0.58%[39m
[rank0]:[titan] 2026-03-17 19:31:18,699 - root - INFO - [31mstep: 1842  [32mloss:  2.7798  [38;2;180;60;0mgrad_norm:  1.2495  [38;2;54;234;195mmemory: 58.00GiB(73.01%)  [34mtps: 120  [36mtflops: 5.77  [35mmfu: 0.58%[39m
[rank0]:[titan] 2026-03-17 19:31:35,828 - root - INFO - [31mstep: 1843  [32mloss:  2.7618  [38;2;180;60;0mgrad_norm:  1.5528  [38;2;54;234;195mmemory: 58.00GiB(73.01%)  [34mtps: 120  [36mtflops: 5.76  [35mmfu: 0.58%[39m
[rank0]:[titan] 2026-03-17 19:31:52,970 - root - INFO - [31mstep: 1844  [32mloss:  2.7678  [38;2;180;60;0mgrad_norm:  1.5439  [38;2;54;234;195mmemory: 58.00GiB(73.01%)  [34mtps: 119  [36mtflops: 5.76  [35mmfu: 0.58%[39m
[rank0]:[titan] 2026-03-17 19:32:09,955 - root - INFO - [31mstep: 1845  [32mloss:  2.7780  [38;2;180;60;0mgrad_norm:  2.5454  [38;2;54;234;195mmemory: 58.00GiB(73.01%)  [34mtps: 121  [36mtflops: 5.81  [35mmfu: 0.59%[39m
[rank0]:[titan] 2026-03-17 19:32:27,195 - root - INFO - [31mstep: 1846  [32mloss:  2.7887  [38;2;180;60;0mgrad_norm:  1.9694  [38;2;54;234;195mmemory: 58.00GiB(73.01%)  [34mtps: 119  [36mtflops: 5.72  [35mmfu: 0.58%[39m
[rank0]:[titan] 2026-03-17 19:32:44,423 - root - INFO - [31mstep: 1847  [32mloss:  2.7772  [38;2;180;60;0mgrad_norm:  1.3402  [38;2;54;234;195mmemory: 58.00GiB(73.01%)  [34mtps: 119  [36mtflops: 5.73  [35mmfu: 0.58%[39m
[rank0]:[titan] 2026-03-17 19:33:01,597 - root - INFO - [31mstep: 1848  [32mloss:  2.7278  [38;2;180;60;0mgrad_norm:  1.4050  [38;2;54;234;195mmemory: 58.00GiB(73.01%)  [34mtps: 119  [36mtflops: 5.75  [35mmfu: 0.58%[39m
[rank0]:[titan] 2026-03-17 19:33:18,675 - root - INFO - [31mstep: 1849  [32mloss:  2.7336  [38;2;180;60;0mgrad_norm:  1.4261  [38;2;54;234;195mmemory: 58.00GiB(73.01%)  [34mtps: 120  [36mtflops: 5.78  [35mmfu: 0.58%[39m
[rank0]:[titan] 2026-03-17 19:33:36,057 - root - INFO - [31mstep: 1850  [32mloss:  2.7154  [38;2;180;60;0mgrad_norm:  1.6101  [38;2;54;234;195mmemory: 58.00GiB(73.01%)  [34mtps: 118  [36mtflops: 5.68  [35mmfu: 0.57%[39m
[rank0]:[titan] 2026-03-17 19:33:53,248 - root - INFO - [31mstep: 1851  [32mloss:  2.8349  [38;2;180;60;0mgrad_norm:  1.6300  [38;2;54;234;195mmemory: 58.00GiB(73.01%)  [34mtps: 119  [36mtflops: 5.74  [35mmfu: 0.58%[39m
[rank0]:[titan] 2026-03-17 19:34:10,515 - root - INFO - [31mstep: 1852  [32mloss:  2.8382  [38;2;180;60;0mgrad_norm:  1.7628  [38;2;54;234;195mmemory: 58.00GiB(73.01%)  [34mtps: 119  [36mtflops: 5.72  [35mmfu: 0.58%[39m
[rank0]:[titan] 2026-03-17 19:34:27,704 - root - INFO - [31mstep: 1853  [32mloss:  2.6915  [38;2;180;60;0mgrad_norm:  1.6467  [38;2;54;234;195mmemory: 58.00GiB(73.01%)  [34mtps: 119  [36mtflops: 5.74  [35mmfu: 0.58%[39m
[rank0]:[titan] 2026-03-17 19:34:44,890 - root - INFO - [31mstep: 1854  [32mloss:  2.7218  [38;2;180;60;0mgrad_norm:  1.6712  [38;2;54;234;195mmemory: 58.00GiB(73.01%)  [34mtps: 119  [36mtflops: 5.74  [35mmfu: 0.58%[39m
[rank0]:[titan] 2026-03-17 19:35:01,666 - root - INFO - [31mstep: 1855  [32mloss:  2.7701  [38;2;180;60;0mgrad_norm:  1.1758  [38;2;54;234;195mmemory: 58.00GiB(73.01%)  [34mtps: 122  [36mtflops: 5.88  [35mmfu: 0.59%[39m
[rank0]:[titan] 2026-03-17 19:35:19,004 - root - INFO - [31mstep: 1856  [32mloss:  2.7358  [38;2;180;60;0mgrad_norm:  0.9703  [38;2;54;234;195mmemory: 58.00GiB(73.01%)  [34mtps: 118  [36mtflops: 5.69  [35mmfu: 0.58%[39m
[rank0]:[titan] 2026-03-17 19:35:36,324 - root - INFO - [31mstep: 1857  [32mloss:  2.6859  [38;2;180;60;0mgrad_norm:  1.2202  [38;2;54;234;195mmemory: 58.00GiB(73.01%)  [34mtps: 118  [36mtflops: 5.70  [35mmfu: 0.58%[39m
[rank0]:[titan] 2026-03-17 19:35:53,578 - root - INFO - [31mstep: 1858  [32mloss:  2.7282  [38;2;180;60;0mgrad_norm:  1.4272  [38;2;54;234;195mmemory: 58.00GiB(73.01%)  [34mtps: 119  [36mtflops: 5.72  [35mmfu: 0.58%[39m
[rank0]:[titan] 2026-03-17 19:36:10,784 - root - INFO - [31mstep: 1859  [32mloss:  2.7582  [38;2;180;60;0mgrad_norm:  1.6630  [38;2;54;234;195mmemory: 58.00GiB(73.01%)  [34mtps: 119  [36mtflops: 5.74  [35mmfu: 0.58%[39m
[rank0]:[titan] 2026-03-17 19:36:27,910 - root - INFO - [31mstep: 1860  [32mloss:  2.6823  [38;2;180;60;0mgrad_norm:  1.3626  [38;2;54;234;195mmemory: 58.00GiB(73.01%)  [34mtps: 120  [36mtflops: 5.76  [35mmfu: 0.58%[39m
[rank0]:[titan] 2026-03-17 19:36:45,144 - root - INFO - [31mstep: 1861  [32mloss:  2.7069  [38;2;180;60;0mgrad_norm:  1.0120  [38;2;54;234;195mmemory: 58.00GiB(73.01%)  [34mtps: 119  [36mtflops: 5.73  [35mmfu: 0.58%[39m
[rank0]:[titan] 2026-03-17 19:37:02,413 - root - INFO - [31mstep: 1862  [32mloss:  2.7115  [38;2;180;60;0mgrad_norm:  1.0462  [38;2;54;234;195mmemory: 58.00GiB(73.01%)  [34mtps: 119  [36mtflops: 5.71  [35mmfu: 0.58%[39m
[rank0]:[titan] 2026-03-17 19:37:19,532 - root - INFO - [31mstep: 1863  [32mloss:  2.7353  [38;2;180;60;0mgrad_norm:  1.3444  [38;2;54;234;195mmemory: 58.00GiB(73.01%)  [34mtps: 120  [36mtflops: 5.76  [35mmfu: 0.58%[39m
[rank0]:[titan] 2026-03-17 19:37:36,711 - root - INFO - [31mstep: 1864  [32mloss:  2.7595  [38;2;180;60;0mgrad_norm:  1.1491  [38;2;54;234;195mmemory: 58.00GiB(73.01%)  [34mtps: 119  [36mtflops: 5.74  [35mmfu: 0.58%[39m
[rank0]:[titan] 2026-03-17 19:37:54,023 - root - INFO - [31mstep: 1865  [32mloss:  2.7928  [38;2;180;60;0mgrad_norm:  1.1664  [38;2;54;234;195mmemory: 58.00GiB(73.01%)  [34mtps: 118  [36mtflops: 5.70  [35mmfu: 0.58%[39m
[rank0]:[titan] 2026-03-17 19:38:11,073 - root - INFO - [31mstep: 1866  [32mloss:  2.8358  [38;2;180;60;0mgrad_norm:  1.4521  [38;2;54;234;195mmemory: 58.00GiB(73.01%)  [34mtps: 120  [36mtflops: 5.79  [35mmfu: 0.59%[39m
[rank0]:[titan] 2026-03-17 19:38:28,285 - root - INFO - [31mstep: 1867  [32mloss:  2.7606  [38;2;180;60;0mgrad_norm:  1.2472  [38;2;54;234;195mmemory: 58.00GiB(73.01%)  [34mtps: 119  [36mtflops: 5.73  [35mmfu: 0.58%[39m
[rank0]:[titan] 2026-03-17 19:38:45,422 - root - INFO - [31mstep: 1868  [32mloss:  2.7953  [38;2;180;60;0mgrad_norm:  0.9553  [38;2;54;234;195mmemory: 58.00GiB(73.01%)  [34mtps: 120  [36mtflops: 5.76  [35mmfu: 0.58%[39m
[rank0]:[titan] 2026-03-17 19:39:02,786 - root - INFO - [31mstep: 1869  [32mloss:  2.7616  [38;2;180;60;0mgrad_norm:  1.1508  [38;2;54;234;195mmemory: 58.00GiB(73.01%)  [34mtps: 118  [36mtflops: 5.68  [35mmfu: 0.57%[39m
[rank0]:[titan] 2026-03-17 19:39:19,968 - root - INFO - [31mstep: 1870  [32mloss:  2.7324  [38;2;180;60;0mgrad_norm:  1.2036  [38;2;54;234;195mmemory: 58.00GiB(73.01%)  [34mtps: 119  [36mtflops: 5.74  [35mmfu: 0.58%[39m
[rank0]:[titan] 2026-03-17 19:39:37,207 - root - INFO - [31mstep: 1871  [32mloss:  2.7360  [38;2;180;60;0mgrad_norm:  1.1862  [38;2;54;234;195mmemory: 58.00GiB(73.01%)  [34mtps: 119  [36mtflops: 5.72  [35mmfu: 0.58%[39m
[rank0]:[titan] 2026-03-17 19:39:54,522 - root - INFO - [31mstep: 1872  [32mloss:  2.7230  [38;2;180;60;0mgrad_norm:  1.1090  [38;2;54;234;195mmemory: 58.00GiB(73.01%)  [34mtps: 118  [36mtflops: 5.70  [35mmfu: 0.58%[39m
[rank0]:[titan] 2026-03-17 19:40:11,863 - root - INFO - [31mstep: 1873  [32mloss:  2.6941  [38;2;180;60;0mgrad_norm:  1.3231  [38;2;54;234;195mmemory: 58.00GiB(73.01%)  [34mtps: 118  [36mtflops: 5.69  [35mmfu: 0.58%[39m
[rank0]:[titan] 2026-03-17 19:40:29,343 - root - INFO - [31mstep: 1874  [32mloss:  2.6833  [38;2;180;60;0mgrad_norm:  1.1302  [38;2;54;234;195mmemory: 58.00GiB(73.01%)  [34mtps: 117  [36mtflops: 5.65  [35mmfu: 0.57%[39m
[rank0]:[titan] 2026-03-17 19:40:46,699 - root - INFO - [31mstep: 1875  [32mloss:  2.7504  [38;2;180;60;0mgrad_norm:  1.3314  [38;2;54;234;195mmemory: 58.00GiB(73.01%)  [34mtps: 118  [36mtflops: 5.69  [35mmfu: 0.57%[39m
[rank0]:[titan] 2026-03-17 19:41:03,852 - root - INFO - [31mstep: 1876  [32mloss:  2.7148  [38;2;180;60;0mgrad_norm:  1.3236  [38;2;54;234;195mmemory: 58.00GiB(73.01%)  [34mtps: 119  [36mtflops: 5.75  [35mmfu: 0.58%[39m
[rank0]:[titan] 2026-03-17 19:41:21,013 - root - INFO - [31mstep: 1877  [32mloss:  2.7390  [38;2;180;60;0mgrad_norm:  0.9425  [38;2;54;234;195mmemory: 58.00GiB(73.01%)  [34mtps: 119  [36mtflops: 5.75  [35mmfu: 0.58%[39m
[rank0]:[titan] 2026-03-17 19:41:38,135 - root - INFO - [31mstep: 1878  [32mloss:  2.7052  [38;2;180;60;0mgrad_norm:  1.3883  [38;2;54;234;195mmemory: 58.00GiB(73.01%)  [34mtps: 120  [36mtflops: 5.76  [35mmfu: 0.58%[39m
[rank0]:[titan] 2026-03-17 19:41:55,175 - root - INFO - [31mstep: 1879  [32mloss:  2.7006  [38;2;180;60;0mgrad_norm:  1.3367  [38;2;54;234;195mmemory: 58.00GiB(73.01%)  [34mtps: 120  [36mtflops: 5.79  [35mmfu: 0.59%[39m
[rank0]:[titan] 2026-03-17 19:42:12,382 - root - INFO - [31mstep: 1880  [32mloss:  2.6953  [38;2;180;60;0mgrad_norm:  1.2806  [38;2;54;234;195mmemory: 58.00GiB(73.01%)  [34mtps: 119  [36mtflops: 5.74  [35mmfu: 0.58%[39m
[rank0]:[titan] 2026-03-17 19:42:29,537 - root - INFO - [31mstep: 1881  [32mloss:  2.6306  [38;2;180;60;0mgrad_norm:  1.1766  [38;2;54;234;195mmemory: 58.00GiB(73.01%)  [34mtps: 119  [36mtflops: 5.75  [35mmfu: 0.58%[39m
[rank0]:[titan] 2026-03-17 19:42:46,666 - root - INFO - [31mstep: 1882  [32mloss:  2.6690  [38;2;180;60;0mgrad_norm:  1.6609  [38;2;54;234;195mmemory: 58.00GiB(73.01%)  [34mtps: 120  [36mtflops: 5.76  [35mmfu: 0.58%[39m
[rank0]:[titan] 2026-03-17 19:43:04,039 - root - INFO - [31mstep: 1883  [32mloss:  2.7670  [38;2;180;60;0mgrad_norm:  1.5997  [38;2;54;234;195mmemory: 58.00GiB(73.01%)  [34mtps: 118  [36mtflops: 5.68  [35mmfu: 0.57%[39m
[rank0]:[titan] 2026-03-17 19:43:21,009 - root - INFO - [31mstep: 1884  [32mloss:  2.8149  [38;2;180;60;0mgrad_norm:  1.1342  [38;2;54;234;195mmemory: 58.00GiB(73.01%)  [34mtps: 121  [36mtflops: 5.81  [35mmfu: 0.59%[39m
[rank0]:[titan] 2026-03-17 19:43:37,199 - root - INFO - [31mstep: 1885  [32mloss:  2.7423  [38;2;180;60;0mgrad_norm:  1.2671  [38;2;54;234;195mmemory: 58.00GiB(73.01%)  [34mtps: 127  [36mtflops: 6.10  [35mmfu: 0.62%[39m
[rank0]:[titan] 2026-03-17 19:43:54,653 - root - INFO - [31mstep: 1886  [32mloss:  2.7333  [38;2;180;60;0mgrad_norm:  0.9148  [38;2;54;234;195mmemory: 58.00GiB(73.01%)  [34mtps: 117  [36mtflops: 5.65  [35mmfu: 0.57%[39m
[rank0]:[titan] 2026-03-17 19:44:12,476 - root - INFO - [31mstep: 1887  [32mloss:  2.7311  [38;2;180;60;0mgrad_norm:  0.9573  [38;2;54;234;195mmemory: 58.00GiB(73.01%)  [34mtps: 115  [36mtflops: 5.54  [35mmfu: 0.56%[39m
[rank0]:[titan] 2026-03-17 19:44:29,645 - root - INFO - [31mstep: 1888  [32mloss:  2.6836  [38;2;180;60;0mgrad_norm:  1.0911  [38;2;54;234;195mmemory: 58.00GiB(73.01%)  [34mtps: 119  [36mtflops: 5.75  [35mmfu: 0.58%[39m
[rank0]:[titan] 2026-03-17 19:44:46,860 - root - INFO - [31mstep: 1889  [32mloss:  2.7014  [38;2;180;60;0mgrad_norm:  1.0533  [38;2;54;234;195mmemory: 58.00GiB(73.01%)  [34mtps: 119  [36mtflops: 5.73  [35mmfu: 0.58%[39m
[rank0]:[titan] 2026-03-17 19:45:03,934 - root - INFO - [31mstep: 1890  [32mloss:  2.6145  [38;2;180;60;0mgrad_norm:  1.0440  [38;2;54;234;195mmemory: 58.00GiB(73.01%)  [34mtps: 120  [36mtflops: 5.78  [35mmfu: 0.58%[39m
[rank0]:[titan] 2026-03-17 19:45:21,041 - root - INFO - [31mstep: 1891  [32mloss:  2.6371  [38;2;180;60;0mgrad_norm:  0.9533  [38;2;54;234;195mmemory: 58.00GiB(73.01%)  [34mtps: 120  [36mtflops: 5.77  [35mmfu: 0.58%[39m
[rank0]:[titan] 2026-03-17 19:45:38,112 - root - INFO - [31mstep: 1892  [32mloss:  2.6594  [38;2;180;60;0mgrad_norm:  1.3852  [38;2;54;234;195mmemory: 58.00GiB(73.01%)  [34mtps: 120  [36mtflops: 5.78  [35mmfu: 0.58%[39m
[rank0]:[titan] 2026-03-17 19:45:55,400 - root - INFO - [31mstep: 1893  [32mloss:  2.6799  [38;2;180;60;0mgrad_norm:  1.4153  [38;2;54;234;195mmemory: 58.00GiB(73.01%)  [34mtps: 118  [36mtflops: 5.71  [35mmfu: 0.58%[39m
[rank0]:[titan] 2026-03-17 19:46:12,528 - root - INFO - [31mstep: 1894  [32mloss:  2.6785  [38;2;180;60;0mgrad_norm:  1.2104  [38;2;54;234;195mmemory: 58.00GiB(73.01%)  [34mtps: 120  [36mtflops: 5.76  [35mmfu: 0.58%[39m
[rank0]:[titan] 2026-03-17 19:46:29,857 - root - INFO - [31mstep: 1895  [32mloss:  2.6415  [38;2;180;60;0mgrad_norm:  1.7350  [38;2;54;234;195mmemory: 58.00GiB(73.01%)  [34mtps: 118  [36mtflops: 5.69  [35mmfu: 0.58%[39m
[rank0]:[titan] 2026-03-17 19:46:47,052 - root - INFO - [31mstep: 1896  [32mloss:  2.6340  [38;2;180;60;0mgrad_norm:  1.1439  [38;2;54;234;195mmemory: 58.00GiB(73.01%)  [34mtps: 119  [36mtflops: 5.74  [35mmfu: 0.58%[39m
[rank0]:[titan] 2026-03-17 19:47:04,009 - root - INFO - [31mstep: 1897  [32mloss:  2.6087  [38;2;180;60;0mgrad_norm:  1.2330  [38;2;54;234;195mmemory: 58.00GiB(73.01%)  [34mtps: 121  [36mtflops: 5.82  [35mmfu: 0.59%[39m
[rank0]:[titan] 2026-03-17 19:47:20,954 - root - INFO - [31mstep: 1898  [32mloss:  2.7125  [38;2;180;60;0mgrad_norm:  1.6656  [38;2;54;234;195mmemory: 58.00GiB(73.01%)  [34mtps: 121  [36mtflops: 5.82  [35mmfu: 0.59%[39m
[rank0]:[titan] 2026-03-17 19:47:38,190 - root - INFO - [31mstep: 1899  [32mloss:  2.6617  [38;2;180;60;0mgrad_norm:  1.9468  [38;2;54;234;195mmemory: 58.00GiB(73.01%)  [34mtps: 119  [36mtflops: 5.73  [35mmfu: 0.58%[39m
[rank0]:[titan] 2026-03-17 19:47:55,232 - root - INFO - [31mstep: 1900  [32mloss:  2.6804  [38;2;180;60;0mgrad_norm:  1.1310  [38;2;54;234;195mmemory: 58.00GiB(73.01%)  [34mtps: 120  [36mtflops: 5.79  [35mmfu: 0.59%[39m
[rank0]:[titan] 2026-03-17 19:48:12,405 - root - INFO - [31mstep: 1901  [32mloss:  2.6952  [38;2;180;60;0mgrad_norm:  1.3664  [38;2;54;234;195mmemory: 58.00GiB(73.01%)  [34mtps: 119  [36mtflops: 5.75  [35mmfu: 0.58%[39m
[rank0]:[titan] 2026-03-17 19:48:29,522 - root - INFO - [31mstep: 1902  [32mloss:  2.7180  [38;2;180;60;0mgrad_norm:  1.6302  [38;2;54;234;195mmemory: 58.00GiB(73.01%)  [34mtps: 120  [36mtflops: 5.76  [35mmfu: 0.58%[39m
[rank0]:[titan] 2026-03-17 19:48:29,525 - root - WARNING - Dataset c4_test is being re-looped
[rank0]:[titan] 2026-03-17 19:48:46,658 - root - INFO - [31mstep: 1903  [32mloss:  2.7121  [38;2;180;60;0mgrad_norm:  1.9143  [38;2;54;234;195mmemory: 58.00GiB(73.01%)  [34mtps: 120  [36mtflops: 5.76  [35mmfu: 0.58%[39m
[rank0]:[titan] 2026-03-17 19:49:03,741 - root - INFO - [31mstep: 1904  [32mloss:  2.7290  [38;2;180;60;0mgrad_norm:  1.9404  [38;2;54;234;195mmemory: 58.00GiB(73.01%)  [34mtps: 120  [36mtflops: 5.78  [35mmfu: 0.58%[39m
[rank0]:[titan] 2026-03-17 19:49:20,919 - root - INFO - [31mstep: 1905  [32mloss:  2.7427  [38;2;180;60;0mgrad_norm:  1.2806  [38;2;54;234;195mmemory: 58.00GiB(73.01%)  [34mtps: 119  [36mtflops: 5.74  [35mmfu: 0.58%[39m
[rank0]:[titan] 2026-03-17 19:49:38,098 - root - INFO - [31mstep: 1906  [32mloss:  2.7535  [38;2;180;60;0mgrad_norm:  1.6286  [38;2;54;234;195mmemory: 58.00GiB(73.01%)  [34mtps: 119  [36mtflops: 5.74  [35mmfu: 0.58%[39m
[rank0]:[titan] 2026-03-17 19:49:55,301 - root - INFO - [31mstep: 1907  [32mloss:  2.7454  [38;2;180;60;0mgrad_norm:  2.1314  [38;2;54;234;195mmemory: 58.00GiB(73.01%)  [34mtps: 119  [36mtflops: 5.74  [35mmfu: 0.58%[39m
[rank0]:[titan] 2026-03-17 19:50:12,433 - root - INFO - [31mstep: 1908  [32mloss:  2.7238  [38;2;180;60;0mgrad_norm:  1.6355  [38;2;54;234;195mmemory: 58.00GiB(73.01%)  [34mtps: 120  [36mtflops: 5.76  [35mmfu: 0.58%[39m
[rank0]:[titan] 2026-03-17 19:50:29,426 - root - INFO - [31mstep: 1909  [32mloss:  2.6403  [38;2;180;60;0mgrad_norm:  1.6202  [38;2;54;234;195mmemory: 58.00GiB(73.01%)  [34mtps: 121  [36mtflops: 5.81  [35mmfu: 0.59%[39m
[rank0]:[titan] 2026-03-17 19:50:46,462 - root - INFO - [31mstep: 1910  [32mloss:  2.6879  [38;2;180;60;0mgrad_norm:  1.8602  [38;2;54;234;195mmemory: 58.00GiB(73.01%)  [34mtps: 120  [36mtflops: 5.79  [35mmfu: 0.59%[39m
[rank0]:[titan] 2026-03-17 19:51:03,521 - root - INFO - [31mstep: 1911  [32mloss:  2.6843  [38;2;180;60;0mgrad_norm:  1.4580  [38;2;54;234;195mmemory: 58.00GiB(73.01%)  [34mtps: 120  [36mtflops: 5.78  [35mmfu: 0.58%[39m
[rank0]:[titan] 2026-03-17 19:51:20,621 - root - INFO - [31mstep: 1912  [32mloss:  2.6415  [38;2;180;60;0mgrad_norm:  1.4302  [38;2;54;234;195mmemory: 58.00GiB(73.01%)  [34mtps: 120  [36mtflops: 5.77  [35mmfu: 0.58%[39m
[rank0]:[titan] 2026-03-17 19:51:37,855 - root - INFO - [31mstep: 1913  [32mloss:  2.6624  [38;2;180;60;0mgrad_norm:  2.0604  [38;2;54;234;195mmemory: 58.00GiB(73.01%)  [34mtps: 119  [36mtflops: 5.73  [35mmfu: 0.58%[39m
[rank0]:[titan] 2026-03-17 19:51:55,055 - root - INFO - [31mstep: 1914  [32mloss:  2.6935  [38;2;180;60;0mgrad_norm:  1.5155  [38;2;54;234;195mmemory: 58.00GiB(73.01%)  [34mtps: 119  [36mtflops: 5.74  [35mmfu: 0.58%[39m
[rank0]:[titan] 2026-03-17 19:52:12,147 - root - INFO - [31mstep: 1915  [32mloss:  2.7202  [38;2;180;60;0mgrad_norm:  1.1343  [38;2;54;234;195mmemory: 58.00GiB(73.01%)  [34mtps: 120  [36mtflops: 5.77  [35mmfu: 0.58%[39m
[rank0]:[titan] 2026-03-17 19:52:29,360 - root - INFO - [31mstep: 1916  [32mloss:  2.7526  [38;2;180;60;0mgrad_norm:  1.6118  [38;2;54;234;195mmemory: 58.00GiB(73.01%)  [34mtps: 119  [36mtflops: 5.73  [35mmfu: 0.58%[39m
[rank0]:[titan] 2026-03-17 19:52:46,081 - root - INFO - [31mstep: 1917  [32mloss:  2.7178  [38;2;180;60;0mgrad_norm:  0.9544  [38;2;54;234;195mmemory: 58.00GiB(73.01%)  [34mtps: 122  [36mtflops: 5.90  [35mmfu: 0.60%[39m
[rank0]:[titan] 2026-03-17 19:53:03,583 - root - INFO - [31mstep: 1918  [32mloss:  2.6974  [38;2;180;60;0mgrad_norm:  0.9627  [38;2;54;234;195mmemory: 58.00GiB(73.01%)  [34mtps: 117  [36mtflops: 5.64  [35mmfu: 0.57%[39m
[rank0]:[titan] 2026-03-17 19:53:21,138 - root - INFO - [31mstep: 1919  [32mloss:  2.6482  [38;2;180;60;0mgrad_norm:  0.9769  [38;2;54;234;195mmemory: 58.00GiB(73.01%)  [34mtps: 117  [36mtflops: 5.62  [35mmfu: 0.57%[39m
[rank0]:[titan] 2026-03-17 19:53:38,234 - root - INFO - [31mstep: 1920  [32mloss:  2.6797  [38;2;180;60;0mgrad_norm:  0.9548  [38;2;54;234;195mmemory: 58.00GiB(73.01%)  [34mtps: 120  [36mtflops: 5.77  [35mmfu: 0.58%[39m
[rank0]:[titan] 2026-03-17 19:53:54,985 - root - INFO - [31mstep: 1921  [32mloss:  2.7106  [38;2;180;60;0mgrad_norm:  1.0781  [38;2;54;234;195mmemory: 58.00GiB(73.01%)  [34mtps: 122  [36mtflops: 5.89  [35mmfu: 0.60%[39m
[rank0]:[titan] 2026-03-17 19:54:12,252 - root - INFO - [31mstep: 1922  [32mloss:  2.6714  [38;2;180;60;0mgrad_norm:  0.9912  [38;2;54;234;195mmemory: 58.00GiB(73.01%)  [34mtps: 119  [36mtflops: 5.71  [35mmfu: 0.58%[39m
[rank0]:[titan] 2026-03-17 19:54:29,668 - root - INFO - [31mstep: 1923  [32mloss:  2.6784  [38;2;180;60;0mgrad_norm:  0.9523  [38;2;54;234;195mmemory: 58.00GiB(73.01%)  [34mtps: 118  [36mtflops: 5.67  [35mmfu: 0.57%[39m
[rank0]:[titan] 2026-03-17 19:54:46,832 - root - INFO - [31mstep: 1924  [32mloss:  2.6641  [38;2;180;60;0mgrad_norm:  1.0519  [38;2;54;234;195mmemory: 58.00GiB(73.01%)  [34mtps: 119  [36mtflops: 5.75  [35mmfu: 0.58%[39m
[rank0]:[titan] 2026-03-17 19:55:03,923 - root - INFO - [31mstep: 1925  [32mloss:  2.6243  [38;2;180;60;0mgrad_norm:  1.2797  [38;2;54;234;195mmemory: 58.00GiB(73.01%)  [34mtps: 120  [36mtflops: 5.77  [35mmfu: 0.58%[39m
[rank0]:[titan] 2026-03-17 19:55:21,076 - root - INFO - [31mstep: 1926  [32mloss:  2.5730  [38;2;180;60;0mgrad_norm:  0.9272  [38;2;54;234;195mmemory: 58.00GiB(73.01%)  [34mtps: 119  [36mtflops: 5.75  [35mmfu: 0.58%[39m
[rank0]:[titan] 2026-03-17 19:55:38,053 - root - INFO - [31mstep: 1927  [32mloss:  2.6964  [38;2;180;60;0mgrad_norm:  1.3421  [38;2;54;234;195mmemory: 58.00GiB(73.01%)  [34mtps: 121  [36mtflops: 5.81  [35mmfu: 0.59%[39m
[rank0]:[titan] 2026-03-17 19:55:55,274 - root - INFO - [31mstep: 1928  [32mloss:  2.7440  [38;2;180;60;0mgrad_norm:  1.4059  [38;2;54;234;195mmemory: 58.00GiB(73.01%)  [34mtps: 119  [36mtflops: 5.73  [35mmfu: 0.58%[39m
[rank0]:[titan] 2026-03-17 19:56:12,341 - root - INFO - [31mstep: 1929  [32mloss:  2.6984  [38;2;180;60;0mgrad_norm:  1.3445  [38;2;54;234;195mmemory: 58.00GiB(73.01%)  [34mtps: 120  [36mtflops: 5.78  [35mmfu: 0.58%[39m
[rank0]:[titan] 2026-03-17 19:56:29,398 - root - INFO - [31mstep: 1930  [32mloss:  2.6629  [38;2;180;60;0mgrad_norm:  1.1145  [38;2;54;234;195mmemory: 58.00GiB(73.01%)  [34mtps: 120  [36mtflops: 5.79  [35mmfu: 0.58%[39m
[rank0]:[titan] 2026-03-17 19:56:46,714 - root - INFO - [31mstep: 1931  [32mloss:  2.6679  [38;2;180;60;0mgrad_norm:  1.3122  [38;2;54;234;195mmemory: 58.00GiB(73.01%)  [34mtps: 118  [36mtflops: 5.70  [35mmfu: 0.58%[39m
[rank0]:[titan] 2026-03-17 19:57:03,904 - root - INFO - [31mstep: 1932  [32mloss:  2.7104  [38;2;180;60;0mgrad_norm:  1.3244  [38;2;54;234;195mmemory: 58.00GiB(73.01%)  [34mtps: 119  [36mtflops: 5.74  [35mmfu: 0.58%[39m
[rank0]:[titan] 2026-03-17 19:57:20,935 - root - INFO - [31mstep: 1933  [32mloss:  2.6604  [38;2;180;60;0mgrad_norm:  0.9275  [38;2;54;234;195mmemory: 58.00GiB(73.01%)  [34mtps: 120  [36mtflops: 5.79  [35mmfu: 0.59%[39m
[rank0]:[titan] 2026-03-17 19:57:37,852 - root - INFO - [31mstep: 1934  [32mloss:  2.6676  [38;2;180;60;0mgrad_norm:  1.1562  [38;2;54;234;195mmemory: 58.00GiB(73.01%)  [34mtps: 121  [36mtflops: 5.83  [35mmfu: 0.59%[39m
[rank0]:[titan] 2026-03-17 19:57:55,111 - root - INFO - [31mstep: 1935  [32mloss:  2.6949  [38;2;180;60;0mgrad_norm:  1.3036  [38;2;54;234;195mmemory: 58.00GiB(73.01%)  [34mtps: 119  [36mtflops: 5.72  [35mmfu: 0.58%[39m
[rank0]:[titan] 2026-03-17 19:58:12,182 - root - INFO - [31mstep: 1936  [32mloss:  2.6885  [38;2;180;60;0mgrad_norm:  1.4000  [38;2;54;234;195mmemory: 58.00GiB(73.01%)  [34mtps: 120  [36mtflops: 5.78  [35mmfu: 0.58%[39m
[rank0]:[titan] 2026-03-17 19:58:29,402 - root - INFO - [31mstep: 1937  [32mloss:  2.6895  [38;2;180;60;0mgrad_norm:  1.1480  [38;2;54;234;195mmemory: 58.00GiB(73.01%)  [34mtps: 119  [36mtflops: 5.73  [35mmfu: 0.58%[39m
[rank0]:[titan] 2026-03-17 19:58:46,493 - root - INFO - [31mstep: 1938  [32mloss:  2.6336  [38;2;180;60;0mgrad_norm:  0.9436  [38;2;54;234;195mmemory: 58.00GiB(73.01%)  [34mtps: 120  [36mtflops: 5.77  [35mmfu: 0.58%[39m
[rank0]:[titan] 2026-03-17 19:59:03,807 - root - INFO - [31mstep: 1939  [32mloss:  2.6694  [38;2;180;60;0mgrad_norm:  1.0512  [38;2;54;234;195mmemory: 58.00GiB(73.01%)  [34mtps: 118  [36mtflops: 5.70  [35mmfu: 0.58%[39m
[rank0]:[titan] 2026-03-17 19:59:20,958 - root - INFO - [31mstep: 1940  [32mloss:  2.6407  [38;2;180;60;0mgrad_norm:  1.0295  [38;2;54;234;195mmemory: 58.00GiB(73.01%)  [34mtps: 119  [36mtflops: 5.75  [35mmfu: 0.58%[39m
[rank0]:[titan] 2026-03-17 19:59:38,124 - root - INFO - [31mstep: 1941  [32mloss:  2.6413  [38;2;180;60;0mgrad_norm:  1.2029  [38;2;54;234;195mmemory: 58.00GiB(73.01%)  [34mtps: 119  [36mtflops: 5.75  [35mmfu: 0.58%[39m
[rank0]:[titan] 2026-03-17 19:59:55,216 - root - INFO - [31mstep: 1942  [32mloss:  2.6916  [38;2;180;60;0mgrad_norm:  1.2324  [38;2;54;234;195mmemory: 58.00GiB(73.01%)  [34mtps: 120  [36mtflops: 5.77  [35mmfu: 0.58%[39m
[rank0]:[titan] 2026-03-17 20:00:12,313 - root - INFO - [31mstep: 1943  [32mloss:  2.6919  [38;2;180;60;0mgrad_norm:  0.8929  [38;2;54;234;195mmemory: 58.00GiB(73.01%)  [34mtps: 120  [36mtflops: 5.77  [35mmfu: 0.58%[39m
[rank0]:[titan] 2026-03-17 20:00:29,562 - root - INFO - [31mstep: 1944  [32mloss:  2.6989  [38;2;180;60;0mgrad_norm:  1.3456  [38;2;54;234;195mmemory: 58.00GiB(73.01%)  [34mtps: 119  [36mtflops: 5.72  [35mmfu: 0.58%[39m
[rank0]:[titan] 2026-03-17 20:00:47,044 - root - INFO - [31mstep: 1945  [32mloss:  2.6973  [38;2;180;60;0mgrad_norm:  1.2010  [38;2;54;234;195mmemory: 58.00GiB(73.01%)  [34mtps: 117  [36mtflops: 5.64  [35mmfu: 0.57%[39m
[rank0]:[titan] 2026-03-17 20:01:04,093 - root - INFO - [31mstep: 1946  [32mloss:  2.6977  [38;2;180;60;0mgrad_norm:  1.1304  [38;2;54;234;195mmemory: 58.00GiB(73.01%)  [34mtps: 120  [36mtflops: 5.79  [35mmfu: 0.59%[39m
[rank0]:[titan] 2026-03-17 20:01:21,150 - root - INFO - [31mstep: 1947  [32mloss:  2.7005  [38;2;180;60;0mgrad_norm:  0.6833  [38;2;54;234;195mmemory: 58.00GiB(73.01%)  [34mtps: 120  [36mtflops: 5.79  [35mmfu: 0.58%[39m
[rank0]:[titan] 2026-03-17 20:01:38,269 - root - INFO - [31mstep: 1948  [32mloss:  2.6414  [38;2;180;60;0mgrad_norm:  1.2382  [38;2;54;234;195mmemory: 58.00GiB(73.01%)  [34mtps: 120  [36mtflops: 5.76  [35mmfu: 0.58%[39m
[rank0]:[titan] 2026-03-17 20:01:55,493 - root - INFO - [31mstep: 1949  [32mloss:  2.7136  [38;2;180;60;0mgrad_norm:  1.0262  [38;2;54;234;195mmemory: 58.00GiB(73.01%)  [34mtps: 119  [36mtflops: 5.73  [35mmfu: 0.58%[39m
[rank0]:[titan] 2026-03-17 20:02:12,730 - root - INFO - [31mstep: 1950  [32mloss:  2.7173  [38;2;180;60;0mgrad_norm:  0.9332  [38;2;54;234;195mmemory: 58.00GiB(73.01%)  [34mtps: 119  [36mtflops: 5.72  [35mmfu: 0.58%[39m
[rank0]:[titan] 2026-03-17 20:02:29,801 - root - INFO - [31mstep: 1951  [32mloss:  2.6818  [38;2;180;60;0mgrad_norm:  0.9758  [38;2;54;234;195mmemory: 58.00GiB(73.01%)  [34mtps: 120  [36mtflops: 5.78  [35mmfu: 0.58%[39m
[rank0]:[titan] 2026-03-17 20:02:46,868 - root - INFO - [31mstep: 1952  [32mloss:  2.6570  [38;2;180;60;0mgrad_norm:  0.9501  [38;2;54;234;195mmemory: 58.00GiB(73.01%)  [34mtps: 120  [36mtflops: 5.78  [35mmfu: 0.58%[39m
[rank0]:[titan] 2026-03-17 20:03:04,306 - root - INFO - [31mstep: 1953  [32mloss:  2.6175  [38;2;180;60;0mgrad_norm:  1.3434  [38;2;54;234;195mmemory: 58.00GiB(73.01%)  [34mtps: 117  [36mtflops: 5.66  [35mmfu: 0.57%[39m
[rank0]:[titan] 2026-03-17 20:03:21,441 - root - INFO - [31mstep: 1954  [32mloss:  2.7195  [38;2;180;60;0mgrad_norm:  1.4587  [38;2;54;234;195mmemory: 58.00GiB(73.01%)  [34mtps: 120  [36mtflops: 5.76  [35mmfu: 0.58%[39m
[rank0]:[titan] 2026-03-17 20:03:38,731 - root - INFO - [31mstep: 1955  [32mloss:  2.6074  [38;2;180;60;0mgrad_norm:  0.9597  [38;2;54;234;195mmemory: 58.00GiB(73.01%)  [34mtps: 118  [36mtflops: 5.71  [35mmfu: 0.58%[39m
[rank0]:[titan] 2026-03-17 20:03:55,961 - root - INFO - [31mstep: 1956  [32mloss:  2.7015  [38;2;180;60;0mgrad_norm:  1.1038  [38;2;54;234;195mmemory: 58.00GiB(73.01%)  [34mtps: 119  [36mtflops: 5.73  [35mmfu: 0.58%[39m
[rank0]:[titan] 2026-03-17 20:04:13,204 - root - INFO - [31mstep: 1957  [32mloss:  2.6904  [38;2;180;60;0mgrad_norm:  1.4024  [38;2;54;234;195mmemory: 58.00GiB(73.01%)  [34mtps: 119  [36mtflops: 5.72  [35mmfu: 0.58%[39m
[rank0]:[titan] 2026-03-17 20:04:30,454 - root - INFO - [31mstep: 1958  [32mloss:  2.6227  [38;2;180;60;0mgrad_norm:  1.3232  [38;2;54;234;195mmemory: 58.00GiB(73.01%)  [34mtps: 119  [36mtflops: 5.72  [35mmfu: 0.58%[39m
[rank0]:[titan] 2026-03-17 20:04:47,559 - root - INFO - [31mstep: 1959  [32mloss:  2.6752  [38;2;180;60;0mgrad_norm:  1.0801  [38;2;54;234;195mmemory: 58.00GiB(73.01%)  [34mtps: 120  [36mtflops: 5.77  [35mmfu: 0.58%[39m
[rank0]:[titan] 2026-03-17 20:05:04,885 - root - INFO - [31mstep: 1960  [32mloss:  2.6692  [38;2;180;60;0mgrad_norm:  1.0432  [38;2;54;234;195mmemory: 58.00GiB(73.01%)  [34mtps: 118  [36mtflops: 5.70  [35mmfu: 0.58%[39m
[rank0]:[titan] 2026-03-17 20:05:22,055 - root - INFO - [31mstep: 1961  [32mloss:  2.6825  [38;2;180;60;0mgrad_norm:  0.9008  [38;2;54;234;195mmemory: 58.00GiB(73.01%)  [34mtps: 119  [36mtflops: 5.75  [35mmfu: 0.58%[39m
[rank0]:[titan] 2026-03-17 20:05:39,202 - root - INFO - [31mstep: 1962  [32mloss:  2.7201  [38;2;180;60;0mgrad_norm:  0.9176  [38;2;54;234;195mmemory: 58.00GiB(73.01%)  [34mtps: 119  [36mtflops: 5.75  [35mmfu: 0.58%[39m
[rank0]:[titan] 2026-03-17 20:05:56,387 - root - INFO - [31mstep: 1963  [32mloss:  2.6574  [38;2;180;60;0mgrad_norm:  0.7686  [38;2;54;234;195mmemory: 58.00GiB(73.01%)  [34mtps: 119  [36mtflops: 5.74  [35mmfu: 0.58%[39m
[rank0]:[titan] 2026-03-17 20:06:13,587 - root - INFO - [31mstep: 1964  [32mloss:  2.6570  [38;2;180;60;0mgrad_norm:  1.0340  [38;2;54;234;195mmemory: 58.00GiB(73.01%)  [34mtps: 119  [36mtflops: 5.74  [35mmfu: 0.58%[39m
[rank0]:[titan] 2026-03-17 20:06:30,601 - root - INFO - [31mstep: 1965  [32mloss:  2.6769  [38;2;180;60;0mgrad_norm:  1.0541  [38;2;54;234;195mmemory: 58.00GiB(73.01%)  [34mtps: 120  [36mtflops: 5.80  [35mmfu: 0.59%[39m
[rank0]:[titan] 2026-03-17 20:06:47,859 - root - INFO - [31mstep: 1966  [32mloss:  2.6581  [38;2;180;60;0mgrad_norm:  0.7587  [38;2;54;234;195mmemory: 58.00GiB(73.01%)  [34mtps: 119  [36mtflops: 5.72  [35mmfu: 0.58%[39m
[rank0]:[titan] 2026-03-17 20:07:05,075 - root - INFO - [31mstep: 1967  [32mloss:  2.7318  [38;2;180;60;0mgrad_norm:  1.1791  [38;2;54;234;195mmemory: 58.00GiB(73.01%)  [34mtps: 119  [36mtflops: 5.73  [35mmfu: 0.58%[39m
[rank0]:[titan] 2026-03-17 20:07:22,231 - root - INFO - [31mstep: 1968  [32mloss:  2.7198  [38;2;180;60;0mgrad_norm:  1.0936  [38;2;54;234;195mmemory: 58.00GiB(73.01%)  [34mtps: 119  [36mtflops: 5.75  [35mmfu: 0.58%[39m
[rank0]:[titan] 2026-03-17 20:07:39,331 - root - INFO - [31mstep: 1969  [32mloss:  2.7070  [38;2;180;60;0mgrad_norm:  1.0127  [38;2;54;234;195mmemory: 58.00GiB(73.01%)  [34mtps: 120  [36mtflops: 5.77  [35mmfu: 0.58%[39m
[rank0]:[titan] 2026-03-17 20:07:56,642 - root - INFO - [31mstep: 1970  [32mloss:  2.6779  [38;2;180;60;0mgrad_norm:  1.3041  [38;2;54;234;195mmemory: 58.00GiB(73.01%)  [34mtps: 118  [36mtflops: 5.70  [35mmfu: 0.58%[39m
[rank0]:[titan] 2026-03-17 20:08:13,834 - root - INFO - [31mstep: 1971  [32mloss:  2.6800  [38;2;180;60;0mgrad_norm:  1.3347  [38;2;54;234;195mmemory: 58.00GiB(73.01%)  [34mtps: 119  [36mtflops: 5.74  [35mmfu: 0.58%[39m
[rank0]:[titan] 2026-03-17 20:08:31,114 - root - INFO - [31mstep: 1972  [32mloss:  2.6234  [38;2;180;60;0mgrad_norm:  0.8708  [38;2;54;234;195mmemory: 58.00GiB(73.01%)  [34mtps: 119  [36mtflops: 5.71  [35mmfu: 0.58%[39m
[rank0]:[titan] 2026-03-17 20:08:48,284 - root - INFO - [31mstep: 1973  [32mloss:  2.6351  [38;2;180;60;0mgrad_norm:  1.2517  [38;2;54;234;195mmemory: 58.00GiB(73.01%)  [34mtps: 119  [36mtflops: 5.75  [35mmfu: 0.58%[39m
[rank0]:[titan] 2026-03-17 20:09:05,649 - root - INFO - [31mstep: 1974  [32mloss:  2.7841  [38;2;180;60;0mgrad_norm:  1.6021  [38;2;54;234;195mmemory: 58.00GiB(73.01%)  [34mtps: 118  [36mtflops: 5.68  [35mmfu: 0.57%[39m
[rank0]:[titan] 2026-03-17 20:09:22,924 - root - INFO - [31mstep: 1975  [32mloss:  2.7509  [38;2;180;60;0mgrad_norm:  1.4132  [38;2;54;234;195mmemory: 58.00GiB(73.01%)  [34mtps: 119  [36mtflops: 5.71  [35mmfu: 0.58%[39m
[rank0]:[titan] 2026-03-17 20:09:40,197 - root - INFO - [31mstep: 1976  [32mloss:  2.6578  [38;2;180;60;0mgrad_norm:  1.2601  [38;2;54;234;195mmemory: 58.00GiB(73.01%)  [34mtps: 119  [36mtflops: 5.71  [35mmfu: 0.58%[39m
[rank0]:[titan] 2026-03-17 20:09:57,444 - root - INFO - [31mstep: 1977  [32mloss:  2.6566  [38;2;180;60;0mgrad_norm:  1.0457  [38;2;54;234;195mmemory: 58.00GiB(73.01%)  [34mtps: 119  [36mtflops: 5.72  [35mmfu: 0.58%[39m
[rank0]:[titan] 2026-03-17 20:10:14,610 - root - INFO - [31mstep: 1978  [32mloss:  2.5994  [38;2;180;60;0mgrad_norm:  1.1048  [38;2;54;234;195mmemory: 58.00GiB(73.01%)  [34mtps: 119  [36mtflops: 5.75  [35mmfu: 0.58%[39m
[rank0]:[titan] 2026-03-17 20:10:31,918 - root - INFO - [31mstep: 1979  [32mloss:  2.6423  [38;2;180;60;0mgrad_norm:  1.4535  [38;2;54;234;195mmemory: 58.00GiB(73.01%)  [34mtps: 118  [36mtflops: 5.70  [35mmfu: 0.58%[39m
[rank0]:[titan] 2026-03-17 20:10:48,498 - root - INFO - [31mstep: 1980  [32mloss:  2.6342  [38;2;180;60;0mgrad_norm:  1.3507  [38;2;54;234;195mmemory: 58.00GiB(73.01%)  [34mtps: 124  [36mtflops: 5.95  [35mmfu: 0.60%[39m
[rank0]:[titan] 2026-03-17 20:11:06,009 - root - INFO - [31mstep: 1981  [32mloss:  2.5806  [38;2;180;60;0mgrad_norm:  1.0338  [38;2;54;234;195mmemory: 58.00GiB(73.01%)  [34mtps: 117  [36mtflops: 5.64  [35mmfu: 0.57%[39m
[rank0]:[titan] 2026-03-17 20:11:23,642 - root - INFO - [31mstep: 1982  [32mloss:  2.6180  [38;2;180;60;0mgrad_norm:  0.9468  [38;2;54;234;195mmemory: 58.00GiB(73.01%)  [34mtps: 116  [36mtflops: 5.60  [35mmfu: 0.57%[39m
[rank0]:[titan] 2026-03-17 20:11:40,881 - root - INFO - [31mstep: 1983  [32mloss:  2.6134  [38;2;180;60;0mgrad_norm:  1.1377  [38;2;54;234;195mmemory: 58.00GiB(73.01%)  [34mtps: 119  [36mtflops: 5.72  [35mmfu: 0.58%[39m
[rank0]:[titan] 2026-03-17 20:11:57,934 - root - INFO - [31mstep: 1984  [32mloss:  2.6238  [38;2;180;60;0mgrad_norm:  1.1138  [38;2;54;234;195mmemory: 58.00GiB(73.01%)  [34mtps: 120  [36mtflops: 5.79  [35mmfu: 0.59%[39m
[rank0]:[titan] 2026-03-17 20:12:15,151 - root - INFO - [31mstep: 1985  [32mloss:  2.6804  [38;2;180;60;0mgrad_norm:  1.0820  [38;2;54;234;195mmemory: 58.00GiB(73.01%)  [34mtps: 119  [36mtflops: 5.73  [35mmfu: 0.58%[39m
[rank0]:[titan] 2026-03-17 20:12:32,209 - root - INFO - [31mstep: 1986  [32mloss:  2.6317  [38;2;180;60;0mgrad_norm:  1.0909  [38;2;54;234;195mmemory: 58.00GiB(73.01%)  [34mtps: 120  [36mtflops: 5.79  [35mmfu: 0.58%[39m
[rank0]:[titan] 2026-03-17 20:12:49,380 - root - INFO - [31mstep: 1987  [32mloss:  2.6434  [38;2;180;60;0mgrad_norm:  0.9448  [38;2;54;234;195mmemory: 58.00GiB(73.01%)  [34mtps: 119  [36mtflops: 5.75  [35mmfu: 0.58%[39m
[rank0]:[titan] 2026-03-17 20:13:06,339 - root - INFO - [31mstep: 1988  [32mloss:  2.6579  [38;2;180;60;0mgrad_norm:  0.8689  [38;2;54;234;195mmemory: 58.00GiB(73.01%)  [34mtps: 121  [36mtflops: 5.82  [35mmfu: 0.59%[39m
[rank0]:[titan] 2026-03-17 20:13:23,433 - root - INFO - [31mstep: 1989  [32mloss:  2.6463  [38;2;180;60;0mgrad_norm:  1.0386  [38;2;54;234;195mmemory: 58.00GiB(73.01%)  [34mtps: 120  [36mtflops: 5.77  [35mmfu: 0.58%[39m
[rank0]:[titan] 2026-03-17 20:13:40,711 - root - INFO - [31mstep: 1990  [32mloss:  2.6921  [38;2;180;60;0mgrad_norm:  1.3274  [38;2;54;234;195mmemory: 58.00GiB(73.01%)  [34mtps: 119  [36mtflops: 5.71  [35mmfu: 0.58%[39m
[rank0]:[titan] 2026-03-17 20:13:57,885 - root - INFO - [31mstep: 1991  [32mloss:  2.6826  [38;2;180;60;0mgrad_norm:  1.2848  [38;2;54;234;195mmemory: 58.00GiB(73.01%)  [34mtps: 119  [36mtflops: 5.75  [35mmfu: 0.58%[39m
[rank0]:[titan] 2026-03-17 20:14:15,149 - root - INFO - [31mstep: 1992  [32mloss:  2.6911  [38;2;180;60;0mgrad_norm:  1.0034  [38;2;54;234;195mmemory: 58.00GiB(73.01%)  [34mtps: 119  [36mtflops: 5.72  [35mmfu: 0.58%[39m
[rank0]:[titan] 2026-03-17 20:14:31,924 - root - INFO - [31mstep: 1993  [32mloss:  2.6246  [38;2;180;60;0mgrad_norm:  0.9995  [38;2;54;234;195mmemory: 58.00GiB(73.01%)  [34mtps: 122  [36mtflops: 5.88  [35mmfu: 0.59%[39m
[rank0]:[titan] 2026-03-17 20:14:49,125 - root - INFO - [31mstep: 1994  [32mloss:  2.6510  [38;2;180;60;0mgrad_norm:  1.3347  [38;2;54;234;195mmemory: 58.00GiB(73.01%)  [34mtps: 119  [36mtflops: 5.74  [35mmfu: 0.58%[39m
[rank0]:[titan] 2026-03-17 20:15:06,483 - root - INFO - [31mstep: 1995  [32mloss:  2.6746  [38;2;180;60;0mgrad_norm:  1.2722  [38;2;54;234;195mmemory: 58.00GiB(73.01%)  [34mtps: 118  [36mtflops: 5.69  [35mmfu: 0.57%[39m
[rank0]:[titan] 2026-03-17 20:15:23,624 - root - INFO - [31mstep: 1996  [32mloss:  2.7402  [38;2;180;60;0mgrad_norm:  1.4910  [38;2;54;234;195mmemory: 58.00GiB(73.01%)  [34mtps: 119  [36mtflops: 5.76  [35mmfu: 0.58%[39m
[rank0]:[titan] 2026-03-17 20:15:40,768 - root - INFO - [31mstep: 1997  [32mloss:  2.6297  [38;2;180;60;0mgrad_norm:  1.2274  [38;2;54;234;195mmemory: 58.00GiB(73.01%)  [34mtps: 119  [36mtflops: 5.76  [35mmfu: 0.58%[39m
[rank0]:[titan] 2026-03-17 20:15:57,913 - root - INFO - [31mstep: 1998  [32mloss:  2.6381  [38;2;180;60;0mgrad_norm:  0.7645  [38;2;54;234;195mmemory: 58.00GiB(73.01%)  [34mtps: 119  [36mtflops: 5.76  [35mmfu: 0.58%[39m
[rank0]:[titan] 2026-03-17 20:16:15,049 - root - INFO - [31mstep: 1999  [32mloss:  2.6065  [38;2;180;60;0mgrad_norm:  1.3516  [38;2;54;234;195mmemory: 58.00GiB(73.01%)  [34mtps: 120  [36mtflops: 5.76  [35mmfu: 0.58%[39m
[rank0]:[titan] 2026-03-17 20:16:32,010 - root - INFO - [31mstep: 2000  [32mloss:  2.6000  [38;2;180;60;0mgrad_norm:  0.9056  [38;2;54;234;195mmemory: 58.00GiB(73.01%)  [34mtps: 121  [36mtflops: 5.82  [35mmfu: 0.59%[39m
[rank0]:[titan] 2026-03-17 20:16:49,225 - root - INFO - [31mstep: 2001  [32mloss:  2.6247  [38;2;180;60;0mgrad_norm:  1.0876  [38;2;54;234;195mmemory: 58.00GiB(73.01%)  [34mtps: 119  [36mtflops: 5.73  [35mmfu: 0.58%[39m
[rank0]:[titan] 2026-03-17 20:17:06,401 - root - INFO - [31mstep: 2002  [32mloss:  2.6203  [38;2;180;60;0mgrad_norm:  0.9069  [38;2;54;234;195mmemory: 58.00GiB(73.01%)  [34mtps: 119  [36mtflops: 5.75  [35mmfu: 0.58%[39m
[rank0]:[titan] 2026-03-17 20:17:23,648 - root - INFO - [31mstep: 2003  [32mloss:  2.5989  [38;2;180;60;0mgrad_norm:  1.3151  [38;2;54;234;195mmemory: 58.00GiB(73.01%)  [34mtps: 119  [36mtflops: 5.72  [35mmfu: 0.58%[39m
[rank0]:[titan] 2026-03-17 20:17:40,871 - root - INFO - [31mstep: 2004  [32mloss:  2.6212  [38;2;180;60;0mgrad_norm:  1.5507  [38;2;54;234;195mmemory: 58.00GiB(73.01%)  [34mtps: 119  [36mtflops: 5.73  [35mmfu: 0.58%[39m
[rank0]:[titan] 2026-03-17 20:17:58,029 - root - INFO - [31mstep: 2005  [32mloss:  2.6252  [38;2;180;60;0mgrad_norm:  1.2584  [38;2;54;234;195mmemory: 58.00GiB(73.01%)  [34mtps: 119  [36mtflops: 5.75  [35mmfu: 0.58%[39m
[rank0]:[titan] 2026-03-17 20:18:15,244 - root - INFO - [31mstep: 2006  [32mloss:  2.6154  [38;2;180;60;0mgrad_norm:  1.0122  [38;2;54;234;195mmemory: 58.00GiB(73.01%)  [34mtps: 119  [36mtflops: 5.73  [35mmfu: 0.58%[39m
[rank0]:[titan] 2026-03-17 20:18:32,422 - root - INFO - [31mstep: 2007  [32mloss:  2.7025  [38;2;180;60;0mgrad_norm:  1.1763  [38;2;54;234;195mmemory: 58.00GiB(73.01%)  [34mtps: 119  [36mtflops: 5.74  [35mmfu: 0.58%[39m
[rank0]:[titan] 2026-03-17 20:18:49,604 - root - INFO - [31mstep: 2008  [32mloss:  2.6708  [38;2;180;60;0mgrad_norm:  1.4654  [38;2;54;234;195mmemory: 58.00GiB(73.01%)  [34mtps: 119  [36mtflops: 5.74  [35mmfu: 0.58%[39m
[rank0]:[titan] 2026-03-17 20:19:06,683 - root - INFO - [31mstep: 2009  [32mloss:  2.6200  [38;2;180;60;0mgrad_norm:  1.1700  [38;2;54;234;195mmemory: 58.00GiB(73.01%)  [34mtps: 120  [36mtflops: 5.78  [35mmfu: 0.58%[39m
[rank0]:[titan] 2026-03-17 20:19:23,885 - root - INFO - [31mstep: 2010  [32mloss:  2.6637  [38;2;180;60;0mgrad_norm:  0.9372  [38;2;54;234;195mmemory: 58.00GiB(73.01%)  [34mtps: 119  [36mtflops: 5.74  [35mmfu: 0.58%[39m
[rank0]:[titan] 2026-03-17 20:19:41,001 - root - INFO - [31mstep: 2011  [32mloss:  2.6977  [38;2;180;60;0mgrad_norm:  1.5211  [38;2;54;234;195mmemory: 58.00GiB(73.01%)  [34mtps: 120  [36mtflops: 5.77  [35mmfu: 0.58%[39m
[rank0]:[titan] 2026-03-17 20:19:58,120 - root - INFO - [31mstep: 2012  [32mloss:  2.6569  [38;2;180;60;0mgrad_norm:  1.4585  [38;2;54;234;195mmemory: 58.00GiB(73.01%)  [34mtps: 120  [36mtflops: 5.76  [35mmfu: 0.58%[39m
[rank0]:[titan] 2026-03-17 20:20:15,149 - root - INFO - [31mstep: 2013  [32mloss:  2.6644  [38;2;180;60;0mgrad_norm:  1.1362  [38;2;54;234;195mmemory: 58.00GiB(73.01%)  [34mtps: 120  [36mtflops: 5.79  [35mmfu: 0.59%[39m
[rank0]:[titan] 2026-03-17 20:20:32,348 - root - INFO - [31mstep: 2014  [32mloss:  2.6569  [38;2;180;60;0mgrad_norm:  0.8316  [38;2;54;234;195mmemory: 58.00GiB(73.01%)  [34mtps: 119  [36mtflops: 5.74  [35mmfu: 0.58%[39m
[rank0]:[titan] 2026-03-17 20:20:49,525 - root - INFO - [31mstep: 2015  [32mloss:  2.6741  [38;2;180;60;0mgrad_norm:  1.5183  [38;2;54;234;195mmemory: 58.00GiB(73.01%)  [34mtps: 119  [36mtflops: 5.74  [35mmfu: 0.58%[39m
[rank0]:[titan] 2026-03-17 20:21:06,772 - root - INFO - [31mstep: 2016  [32mloss:  2.6396  [38;2;180;60;0mgrad_norm:  1.3326  [38;2;54;234;195mmemory: 58.00GiB(73.01%)  [34mtps: 119  [36mtflops: 5.72  [35mmfu: 0.58%[39m
[rank0]:[titan] 2026-03-17 20:21:24,058 - root - INFO - [31mstep: 2017  [32mloss:  2.6597  [38;2;180;60;0mgrad_norm:  0.8125  [38;2;54;234;195mmemory: 58.00GiB(73.01%)  [34mtps: 118  [36mtflops: 5.71  [35mmfu: 0.58%[39m
[rank0]:[titan] 2026-03-17 20:21:41,276 - root - INFO - [31mstep: 2018  [32mloss:  2.7243  [38;2;180;60;0mgrad_norm:  1.0580  [38;2;54;234;195mmemory: 58.00GiB(73.01%)  [34mtps: 119  [36mtflops: 5.73  [35mmfu: 0.58%[39m
[rank0]:[titan] 2026-03-17 20:21:58,332 - root - INFO - [31mstep: 2019  [32mloss:  2.6680  [38;2;180;60;0mgrad_norm:  1.2071  [38;2;54;234;195mmemory: 58.00GiB(73.01%)  [34mtps: 120  [36mtflops: 5.79  [35mmfu: 0.59%[39m
[rank0]:[titan] 2026-03-17 20:22:15,483 - root - INFO - [31mstep: 2020  [32mloss:  2.6116  [38;2;180;60;0mgrad_norm:  1.1192  [38;2;54;234;195mmemory: 58.00GiB(73.01%)  [34mtps: 119  [36mtflops: 5.75  [35mmfu: 0.58%[39m
[rank0]:[titan] 2026-03-17 20:22:32,775 - root - INFO - [31mstep: 2021  [32mloss:  2.6671  [38;2;180;60;0mgrad_norm:  0.8926  [38;2;54;234;195mmemory: 58.00GiB(73.01%)  [34mtps: 118  [36mtflops: 5.71  [35mmfu: 0.58%[39m
[rank0]:[titan] 2026-03-17 20:22:49,998 - root - INFO - [31mstep: 2022  [32mloss:  2.6898  [38;2;180;60;0mgrad_norm:  0.8838  [38;2;54;234;195mmemory: 58.00GiB(73.01%)  [34mtps: 119  [36mtflops: 5.73  [35mmfu: 0.58%[39m
[rank0]:[titan] 2026-03-17 20:23:07,213 - root - INFO - [31mstep: 2023  [32mloss:  2.6460  [38;2;180;60;0mgrad_norm:  1.1222  [38;2;54;234;195mmemory: 58.00GiB(73.01%)  [34mtps: 119  [36mtflops: 5.73  [35mmfu: 0.58%[39m
[rank0]:[titan] 2026-03-17 20:23:24,431 - root - INFO - [31mstep: 2024  [32mloss:  2.6291  [38;2;180;60;0mgrad_norm:  1.0949  [38;2;54;234;195mmemory: 58.00GiB(73.01%)  [34mtps: 119  [36mtflops: 5.73  [35mmfu: 0.58%[39m
[rank0]:[titan] 2026-03-17 20:23:41,626 - root - INFO - [31mstep: 2025  [32mloss:  2.6731  [38;2;180;60;0mgrad_norm:  0.8681  [38;2;54;234;195mmemory: 58.00GiB(73.01%)  [34mtps: 119  [36mtflops: 5.74  [35mmfu: 0.58%[39m
[rank0]:[titan] 2026-03-17 20:23:58,972 - root - INFO - [31mstep: 2026  [32mloss:  2.6227  [38;2;180;60;0mgrad_norm:  0.9913  [38;2;54;234;195mmemory: 58.00GiB(73.01%)  [34mtps: 118  [36mtflops: 5.69  [35mmfu: 0.58%[39m
[rank0]:[titan] 2026-03-17 20:24:16,177 - root - INFO - [31mstep: 2027  [32mloss:  2.6017  [38;2;180;60;0mgrad_norm:  0.9449  [38;2;54;234;195mmemory: 58.00GiB(73.01%)  [34mtps: 119  [36mtflops: 5.74  [35mmfu: 0.58%[39m
[rank0]:[titan] 2026-03-17 20:24:33,330 - root - INFO - [31mstep: 2028  [32mloss:  2.6928  [38;2;180;60;0mgrad_norm:  0.9822  [38;2;54;234;195mmemory: 58.00GiB(73.01%)  [34mtps: 119  [36mtflops: 5.75  [35mmfu: 0.58%[39m
[rank0]:[titan] 2026-03-17 20:24:50,504 - root - INFO - [31mstep: 2029  [32mloss:  2.6672  [38;2;180;60;0mgrad_norm:  0.5807  [38;2;54;234;195mmemory: 58.00GiB(73.01%)  [34mtps: 119  [36mtflops: 5.75  [35mmfu: 0.58%[39m
[rank0]:[titan] 2026-03-17 20:25:07,732 - root - INFO - [31mstep: 2030  [32mloss:  2.6922  [38;2;180;60;0mgrad_norm:  0.8183  [38;2;54;234;195mmemory: 58.00GiB(73.01%)  [34mtps: 119  [36mtflops: 5.73  [35mmfu: 0.58%[39m
[rank0]:[titan] 2026-03-17 20:25:24,789 - root - INFO - [31mstep: 2031  [32mloss:  2.6417  [38;2;180;60;0mgrad_norm:  0.9495  [38;2;54;234;195mmemory: 58.00GiB(73.01%)  [34mtps: 120  [36mtflops: 5.79  [35mmfu: 0.58%[39m
[rank0]:[titan] 2026-03-17 20:25:42,077 - root - INFO - [31mstep: 2032  [32mloss:  2.6533  [38;2;180;60;0mgrad_norm:  1.1019  [38;2;54;234;195mmemory: 58.00GiB(73.01%)  [34mtps: 118  [36mtflops: 5.71  [35mmfu: 0.58%[39m
[rank0]:[titan] 2026-03-17 20:25:59,462 - root - INFO - [31mstep: 2033  [32mloss:  2.6500  [38;2;180;60;0mgrad_norm:  1.6026  [38;2;54;234;195mmemory: 58.00GiB(73.01%)  [34mtps: 118  [36mtflops: 5.68  [35mmfu: 0.57%[39m
[rank0]:[titan] 2026-03-17 20:26:16,632 - root - INFO - [31mstep: 2034  [32mloss:  2.6633  [38;2;180;60;0mgrad_norm:  1.0256  [38;2;54;234;195mmemory: 58.00GiB(73.01%)  [34mtps: 119  [36mtflops: 5.75  [35mmfu: 0.58%[39m
[rank0]:[titan] 2026-03-17 20:26:33,906 - root - INFO - [31mstep: 2035  [32mloss:  2.6589  [38;2;180;60;0mgrad_norm:  0.8850  [38;2;54;234;195mmemory: 58.00GiB(73.01%)  [34mtps: 119  [36mtflops: 5.71  [35mmfu: 0.58%[39m
[rank0]:[titan] 2026-03-17 20:26:51,184 - root - INFO - [31mstep: 2036  [32mloss:  2.5973  [38;2;180;60;0mgrad_norm:  0.9646  [38;2;54;234;195mmemory: 58.00GiB(73.01%)  [34mtps: 119  [36mtflops: 5.71  [35mmfu: 0.58%[39m
[rank0]:[titan] 2026-03-17 20:27:08,189 - root - INFO - [31mstep: 2037  [32mloss:  2.6484  [38;2;180;60;0mgrad_norm:  1.0395  [38;2;54;234;195mmemory: 58.00GiB(73.01%)  [34mtps: 120  [36mtflops: 5.80  [35mmfu: 0.59%[39m
[rank0]:[titan] 2026-03-17 20:27:25,396 - root - INFO - [31mstep: 2038  [32mloss:  2.6359  [38;2;180;60;0mgrad_norm:  1.2325  [38;2;54;234;195mmemory: 58.00GiB(73.01%)  [34mtps: 119  [36mtflops: 5.74  [35mmfu: 0.58%[39m
[rank0]:[titan] 2026-03-17 20:27:42,492 - root - INFO - [31mstep: 2039  [32mloss:  2.6258  [38;2;180;60;0mgrad_norm:  1.2934  [38;2;54;234;195mmemory: 58.00GiB(73.01%)  [34mtps: 120  [36mtflops: 5.77  [35mmfu: 0.58%[39m
[rank0]:[titan] 2026-03-17 20:27:59,751 - root - INFO - [31mstep: 2040  [32mloss:  2.6499  [38;2;180;60;0mgrad_norm:  1.3121  [38;2;54;234;195mmemory: 58.00GiB(73.01%)  [34mtps: 119  [36mtflops: 5.72  [35mmfu: 0.58%[39m
[rank0]:[titan] 2026-03-17 20:28:16,958 - root - INFO - [31mstep: 2041  [32mloss:  2.6154  [38;2;180;60;0mgrad_norm:  1.8943  [38;2;54;234;195mmemory: 58.00GiB(73.01%)  [34mtps: 119  [36mtflops: 5.73  [35mmfu: 0.58%[39m
[rank0]:[titan] 2026-03-17 20:28:34,098 - root - INFO - [31mstep: 2042  [32mloss:  2.6296  [38;2;180;60;0mgrad_norm:  1.2316  [38;2;54;234;195mmemory: 58.00GiB(73.01%)  [34mtps: 119  [36mtflops: 5.76  [35mmfu: 0.58%[39m
[rank0]:[titan] 2026-03-17 20:28:51,117 - root - INFO - [31mstep: 2043  [32mloss:  2.6606  [38;2;180;60;0mgrad_norm:  0.9574  [38;2;54;234;195mmemory: 58.00GiB(73.01%)  [34mtps: 120  [36mtflops: 5.80  [35mmfu: 0.59%[39m
[rank0]:[titan] 2026-03-17 20:29:08,337 - root - INFO - [31mstep: 2044  [32mloss:  2.7249  [38;2;180;60;0mgrad_norm:  0.9844  [38;2;54;234;195mmemory: 58.00GiB(73.01%)  [34mtps: 119  [36mtflops: 5.73  [35mmfu: 0.58%[39m
[rank0]:[titan] 2026-03-17 20:29:25,479 - root - INFO - [31mstep: 2045  [32mloss:  2.6802  [38;2;180;60;0mgrad_norm:  1.3741  [38;2;54;234;195mmemory: 58.00GiB(73.01%)  [34mtps: 119  [36mtflops: 5.76  [35mmfu: 0.58%[39m
[rank0]:[titan] 2026-03-17 20:29:42,630 - root - INFO - [31mstep: 2046  [32mloss:  2.6840  [38;2;180;60;0mgrad_norm:  1.3596  [38;2;54;234;195mmemory: 58.00GiB(73.01%)  [34mtps: 119  [36mtflops: 5.75  [35mmfu: 0.58%[39m
[rank0]:[titan] 2026-03-17 20:29:59,688 - root - INFO - [31mstep: 2047  [32mloss:  2.7424  [38;2;180;60;0mgrad_norm:  1.2867  [38;2;54;234;195mmemory: 58.00GiB(73.01%)  [34mtps: 120  [36mtflops: 5.79  [35mmfu: 0.58%[39m
[rank0]:[titan] 2026-03-17 20:30:16,824 - root - INFO - [31mstep: 2048  [32mloss:  2.7232  [38;2;180;60;0mgrad_norm:  1.4435  [38;2;54;234;195mmemory: 58.00GiB(73.01%)  [34mtps: 120  [36mtflops: 5.76  [35mmfu: 0.58%[39m
[rank0]:[titan] 2026-03-17 20:30:33,287 - root - INFO - [31mstep: 2049  [32mloss:  2.7191  [38;2;180;60;0mgrad_norm:  1.1445  [38;2;54;234;195mmemory: 58.00GiB(73.01%)  [34mtps: 124  [36mtflops: 5.99  [35mmfu: 0.61%[39m
[rank0]:[titan] 2026-03-17 20:30:50,703 - root - INFO - [31mstep: 2050  [32mloss:  2.6879  [38;2;180;60;0mgrad_norm:  1.0655  [38;2;54;234;195mmemory: 58.00GiB(73.01%)  [34mtps: 118  [36mtflops: 5.67  [35mmfu: 0.57%[39m
[rank0]:[titan] 2026-03-17 20:31:08,008 - root - INFO - [31mstep: 2051  [32mloss:  2.7128  [38;2;180;60;0mgrad_norm:  1.2570  [38;2;54;234;195mmemory: 58.00GiB(73.01%)  [34mtps: 118  [36mtflops: 5.70  [35mmfu: 0.58%[39m
[rank0]:[titan] 2026-03-17 20:31:25,172 - root - INFO - [31mstep: 2052  [32mloss:  2.7501  [38;2;180;60;0mgrad_norm:  1.1817  [38;2;54;234;195mmemory: 58.00GiB(73.01%)  [34mtps: 119  [36mtflops: 5.75  [35mmfu: 0.58%[39m
[rank0]:[titan] 2026-03-17 20:31:42,460 - root - INFO - [31mstep: 2053  [32mloss:  2.7217  [38;2;180;60;0mgrad_norm:  1.2872  [38;2;54;234;195mmemory: 58.00GiB(73.01%)  [34mtps: 118  [36mtflops: 5.71  [35mmfu: 0.58%[39m
[rank0]:[titan] 2026-03-17 20:31:59,726 - root - INFO - [31mstep: 2054  [32mloss:  2.7496  [38;2;180;60;0mgrad_norm:  1.3173  [38;2;54;234;195mmemory: 58.00GiB(73.01%)  [34mtps: 119  [36mtflops: 5.72  [35mmfu: 0.58%[39m
[rank0]:[titan] 2026-03-17 20:32:16,929 - root - INFO - [31mstep: 2055  [32mloss:  2.7397  [38;2;180;60;0mgrad_norm:  1.2338  [38;2;54;234;195mmemory: 58.00GiB(73.01%)  [34mtps: 119  [36mtflops: 5.74  [35mmfu: 0.58%[39m
[rank0]:[titan] 2026-03-17 20:32:34,363 - root - INFO - [31mstep: 2056  [32mloss:  2.7103  [38;2;180;60;0mgrad_norm:  1.5708  [38;2;54;234;195mmemory: 58.00GiB(73.01%)  [34mtps: 117  [36mtflops: 5.66  [35mmfu: 0.57%[39m
[rank0]:[titan] 2026-03-17 20:32:51,449 - root - INFO - [31mstep: 2057  [32mloss:  2.7081  [38;2;180;60;0mgrad_norm:  1.4439  [38;2;54;234;195mmemory: 58.00GiB(73.01%)  [34mtps: 120  [36mtflops: 5.78  [35mmfu: 0.58%[39m
[rank0]:[titan] 2026-03-17 20:33:08,736 - root - INFO - [31mstep: 2058  [32mloss:  2.6568  [38;2;180;60;0mgrad_norm:  1.7274  [38;2;54;234;195mmemory: 58.00GiB(73.01%)  [34mtps: 118  [36mtflops: 5.71  [35mmfu: 0.58%[39m
[rank0]:[titan] 2026-03-17 20:33:25,891 - root - INFO - [31mstep: 2059  [32mloss:  2.6586  [38;2;180;60;0mgrad_norm: 16.5228  [38;2;54;234;195mmemory: 58.00GiB(73.01%)  [34mtps: 119  [36mtflops: 5.75  [35mmfu: 0.58%[39m
[rank0]:[titan] 2026-03-17 20:33:43,156 - root - INFO - [31mstep: 2060  [32mloss:  2.7550  [38;2;180;60;0mgrad_norm:  1.7830  [38;2;54;234;195mmemory: 58.00GiB(73.01%)  [34mtps: 119  [36mtflops: 5.72  [35mmfu: 0.58%[39m
[rank0]:[titan] 2026-03-17 20:34:00,490 - root - INFO - [31mstep: 2061  [32mloss:  2.7037  [38;2;180;60;0mgrad_norm:  1.5662  [38;2;54;234;195mmemory: 58.00GiB(73.01%)  [34mtps: 118  [36mtflops: 5.69  [35mmfu: 0.58%[39m
[rank0]:[titan] 2026-03-17 20:34:17,858 - root - INFO - [31mstep: 2062  [32mloss:  2.7100  [38;2;180;60;0mgrad_norm:  1.1464  [38;2;54;234;195mmemory: 58.00GiB(73.01%)  [34mtps: 118  [36mtflops: 5.68  [35mmfu: 0.57%[39m
[rank0]:[titan] 2026-03-17 20:34:34,873 - root - INFO - [31mstep: 2063  [32mloss:  2.6385  [38;2;180;60;0mgrad_norm:  1.3088  [38;2;54;234;195mmemory: 58.00GiB(73.01%)  [34mtps: 120  [36mtflops: 5.80  [35mmfu: 0.59%[39m
[rank0]:[titan] 2026-03-17 20:34:51,998 - root - INFO - [31mstep: 2064  [32mloss:  2.6688  [38;2;180;60;0mgrad_norm:  1.2858  [38;2;54;234;195mmemory: 58.00GiB(73.01%)  [34mtps: 120  [36mtflops: 5.76  [35mmfu: 0.58%[39m
[rank0]:[titan] 2026-03-17 20:35:09,064 - root - INFO - [31mstep: 2065  [32mloss:  2.6986  [38;2;180;60;0mgrad_norm:  1.2762  [38;2;54;234;195mmemory: 58.00GiB(73.01%)  [34mtps: 120  [36mtflops: 5.78  [35mmfu: 0.58%[39m
[rank0]:[titan] 2026-03-17 20:35:26,296 - root - INFO - [31mstep: 2066  [32mloss:  2.6731  [38;2;180;60;0mgrad_norm:  1.2581  [38;2;54;234;195mmemory: 58.00GiB(73.01%)  [34mtps: 119  [36mtflops: 5.73  [35mmfu: 0.58%[39m
[rank0]:[titan] 2026-03-17 20:35:43,483 - root - INFO - [31mstep: 2067  [32mloss:  2.6913  [38;2;180;60;0mgrad_norm:  1.7698  [38;2;54;234;195mmemory: 58.00GiB(73.01%)  [34mtps: 119  [36mtflops: 5.74  [35mmfu: 0.58%[39m
[rank0]:[titan] 2026-03-17 20:36:00,782 - root - INFO - [31mstep: 2068  [32mloss:  2.7782  [38;2;180;60;0mgrad_norm:  1.5824  [38;2;54;234;195mmemory: 58.00GiB(73.01%)  [34mtps: 118  [36mtflops: 5.70  [35mmfu: 0.58%[39m
[rank0]:[titan] 2026-03-17 20:36:17,988 - root - INFO - [31mstep: 2069  [32mloss:  2.7345  [38;2;180;60;0mgrad_norm:  1.8033  [38;2;54;234;195mmemory: 58.00GiB(73.01%)  [34mtps: 119  [36mtflops: 5.74  [35mmfu: 0.58%[39m
[rank0]:[titan] 2026-03-17 20:36:34,956 - root - INFO - [31mstep: 2070  [32mloss:  2.8487  [38;2;180;60;0mgrad_norm:  1.4979  [38;2;54;234;195mmemory: 58.00GiB(73.01%)  [34mtps: 121  [36mtflops: 5.82  [35mmfu: 0.59%[39m
[rank0]:[titan] 2026-03-17 20:36:52,030 - root - INFO - [31mstep: 2071  [32mloss:  2.9103  [38;2;180;60;0mgrad_norm:  1.4103  [38;2;54;234;195mmemory: 58.00GiB(73.01%)  [34mtps: 120  [36mtflops: 5.78  [35mmfu: 0.58%[39m
[rank0]:[titan] 2026-03-17 20:37:09,314 - root - INFO - [31mstep: 2072  [32mloss:  2.7650  [38;2;180;60;0mgrad_norm:  1.4898  [38;2;54;234;195mmemory: 58.00GiB(73.01%)  [34mtps: 118  [36mtflops: 5.71  [35mmfu: 0.58%[39m
[rank0]:[titan] 2026-03-17 20:37:26,286 - root - INFO - [31mstep: 2073  [32mloss:  2.7103  [38;2;180;60;0mgrad_norm:  1.5784  [38;2;54;234;195mmemory: 58.00GiB(73.01%)  [34mtps: 121  [36mtflops: 5.81  [35mmfu: 0.59%[39m
[rank0]:[titan] 2026-03-17 20:37:43,611 - root - INFO - [31mstep: 2074  [32mloss:  2.6820  [38;2;180;60;0mgrad_norm:  1.0998  [38;2;54;234;195mmemory: 58.00GiB(73.01%)  [34mtps: 118  [36mtflops: 5.70  [35mmfu: 0.58%[39m
[rank0]:[titan] 2026-03-17 20:38:00,839 - root - INFO - [31mstep: 2075  [32mloss:  2.7605  [38;2;180;60;0mgrad_norm:  1.4648  [38;2;54;234;195mmemory: 58.00GiB(73.01%)  [34mtps: 119  [36mtflops: 5.73  [35mmfu: 0.58%[39m
[rank0]:[titan] 2026-03-17 20:38:18,056 - root - INFO - [31mstep: 2076  [32mloss:  2.7368  [38;2;180;60;0mgrad_norm:  1.4975  [38;2;54;234;195mmemory: 58.00GiB(73.01%)  [34mtps: 119  [36mtflops: 5.73  [35mmfu: 0.58%[39m
[rank0]:[titan] 2026-03-17 20:38:35,352 - root - INFO - [31mstep: 2077  [32mloss:  2.7591  [38;2;180;60;0mgrad_norm:  1.2220  [38;2;54;234;195mmemory: 58.00GiB(73.01%)  [34mtps: 118  [36mtflops: 5.71  [35mmfu: 0.58%[39m
[rank0]:[titan] 2026-03-17 20:38:52,526 - root - INFO - [31mstep: 2078  [32mloss:  2.7061  [38;2;180;60;0mgrad_norm:  0.8912  [38;2;54;234;195mmemory: 58.00GiB(73.01%)  [34mtps: 119  [36mtflops: 5.75  [35mmfu: 0.58%[39m
[rank0]:[titan] 2026-03-17 20:39:09,695 - root - INFO - [31mstep: 2079  [32mloss:  2.6766  [38;2;180;60;0mgrad_norm:  1.2011  [38;2;54;234;195mmemory: 58.00GiB(73.01%)  [34mtps: 119  [36mtflops: 5.75  [35mmfu: 0.58%[39m
[rank0]:[titan] 2026-03-17 20:39:26,940 - root - INFO - [31mstep: 2080  [32mloss:  2.6767  [38;2;180;60;0mgrad_norm:  1.0996  [38;2;54;234;195mmemory: 58.00GiB(73.01%)  [34mtps: 119  [36mtflops: 5.72  [35mmfu: 0.58%[39m
[rank0]:[titan] 2026-03-17 20:39:44,050 - root - INFO - [31mstep: 2081  [32mloss:  2.7459  [38;2;180;60;0mgrad_norm:  1.2264  [38;2;54;234;195mmemory: 58.00GiB(73.01%)  [34mtps: 120  [36mtflops: 5.77  [35mmfu: 0.58%[39m
[rank0]:[titan] 2026-03-17 20:40:01,244 - root - INFO - [31mstep: 2082  [32mloss:  2.6753  [38;2;180;60;0mgrad_norm:  5.5467  [38;2;54;234;195mmemory: 58.00GiB(73.01%)  [34mtps: 119  [36mtflops: 5.74  [35mmfu: 0.58%[39m
[rank0]:[titan] 2026-03-17 20:40:18,512 - root - INFO - [31mstep: 2083  [32mloss:  2.6883  [38;2;180;60;0mgrad_norm:  1.2301  [38;2;54;234;195mmemory: 58.00GiB(73.01%)  [34mtps: 119  [36mtflops: 5.71  [35mmfu: 0.58%[39m
[rank0]:[titan] 2026-03-17 20:40:35,668 - root - INFO - [31mstep: 2084  [32mloss:  2.7055  [38;2;180;60;0mgrad_norm:  1.3088  [38;2;54;234;195mmemory: 58.00GiB(73.01%)  [34mtps: 119  [36mtflops: 5.75  [35mmfu: 0.58%[39m
[rank0]:[titan] 2026-03-17 20:40:52,939 - root - INFO - [31mstep: 2085  [32mloss:  2.7060  [38;2;180;60;0mgrad_norm:  1.0913  [38;2;54;234;195mmemory: 58.00GiB(73.01%)  [34mtps: 119  [36mtflops: 5.71  [35mmfu: 0.58%[39m
[rank0]:[titan] 2026-03-17 20:41:10,144 - root - INFO - [31mstep: 2086  [32mloss:  2.6487  [38;2;180;60;0mgrad_norm:  0.9206  [38;2;54;234;195mmemory: 58.00GiB(73.01%)  [34mtps: 119  [36mtflops: 5.74  [35mmfu: 0.58%[39m
[rank0]:[titan] 2026-03-17 20:41:27,341 - root - INFO - [31mstep: 2087  [32mloss:  2.7109  [38;2;180;60;0mgrad_norm:  1.3175  [38;2;54;234;195mmemory: 58.00GiB(73.01%)  [34mtps: 119  [36mtflops: 5.74  [35mmfu: 0.58%[39m
[rank0]:[titan] 2026-03-17 20:41:44,492 - root - INFO - [31mstep: 2088  [32mloss:  2.6845  [38;2;180;60;0mgrad_norm:  2.8728  [38;2;54;234;195mmemory: 58.00GiB(73.01%)  [34mtps: 119  [36mtflops: 5.75  [35mmfu: 0.58%[39m
[rank0]:[titan] 2026-03-17 20:42:01,554 - root - INFO - [31mstep: 2089  [32mloss:  2.7495  [38;2;180;60;0mgrad_norm:  1.0797  [38;2;54;234;195mmemory: 58.00GiB(73.01%)  [34mtps: 120  [36mtflops: 5.78  [35mmfu: 0.58%[39m
[rank0]:[titan] 2026-03-17 20:42:18,795 - root - INFO - [31mstep: 2090  [32mloss:  2.7090  [38;2;180;60;0mgrad_norm:  0.9566  [38;2;54;234;195mmemory: 58.00GiB(73.01%)  [34mtps: 119  [36mtflops: 5.72  [35mmfu: 0.58%[39m
[rank0]:[titan] 2026-03-17 20:42:36,091 - root - INFO - [31mstep: 2091  [32mloss:  2.6701  [38;2;180;60;0mgrad_norm:  1.0514  [38;2;54;234;195mmemory: 58.00GiB(73.01%)  [34mtps: 118  [36mtflops: 5.71  [35mmfu: 0.58%[39m
[rank0]:[titan] 2026-03-17 20:42:52,999 - root - INFO - [31mstep: 2092  [32mloss:  2.7329  [38;2;180;60;0mgrad_norm:  0.9292  [38;2;54;234;195mmemory: 58.00GiB(73.01%)  [34mtps: 121  [36mtflops: 5.84  [35mmfu: 0.59%[39m
[rank0]:[titan] 2026-03-17 20:43:10,200 - root - INFO - [31mstep: 2093  [32mloss:  2.6870  [38;2;180;60;0mgrad_norm:  1.1684  [38;2;54;234;195mmemory: 58.00GiB(73.01%)  [34mtps: 119  [36mtflops: 5.74  [35mmfu: 0.58%[39m
[rank0]:[titan] 2026-03-17 20:43:27,348 - root - INFO - [31mstep: 2094  [32mloss:  2.6589  [38;2;180;60;0mgrad_norm:  1.2920  [38;2;54;234;195mmemory: 58.00GiB(73.01%)  [34mtps: 119  [36mtflops: 5.75  [35mmfu: 0.58%[39m
[rank0]:[titan] 2026-03-17 20:43:44,484 - root - INFO - [31mstep: 2095  [32mloss:  2.7252  [38;2;180;60;0mgrad_norm:  1.0928  [38;2;54;234;195mmemory: 58.00GiB(73.01%)  [34mtps: 120  [36mtflops: 5.76  [35mmfu: 0.58%[39m
[rank0]:[titan] 2026-03-17 20:44:01,680 - root - INFO - [31mstep: 2096  [32mloss:  2.6709  [38;2;180;60;0mgrad_norm:  1.1309  [38;2;54;234;195mmemory: 58.00GiB(73.01%)  [34mtps: 119  [36mtflops: 5.74  [35mmfu: 0.58%[39m
[rank0]:[titan] 2026-03-17 20:44:18,844 - root - INFO - [31mstep: 2097  [32mloss:  2.6771  [38;2;180;60;0mgrad_norm:  1.3096  [38;2;54;234;195mmemory: 58.00GiB(73.01%)  [34mtps: 119  [36mtflops: 5.75  [35mmfu: 0.58%[39m
[rank0]:[titan] 2026-03-17 20:44:35,953 - root - INFO - [31mstep: 2098  [32mloss:  2.6913  [38;2;180;60;0mgrad_norm:  1.1705  [38;2;54;234;195mmemory: 58.00GiB(73.01%)  [34mtps: 120  [36mtflops: 5.77  [35mmfu: 0.58%[39m
[rank0]:[titan] 2026-03-17 20:44:53,398 - root - INFO - [31mstep: 2099  [32mloss:  2.6823  [38;2;180;60;0mgrad_norm:  1.2872  [38;2;54;234;195mmemory: 58.00GiB(73.01%)  [34mtps: 117  [36mtflops: 5.66  [35mmfu: 0.57%[39m
[rank0]:[titan] 2026-03-17 20:45:10,529 - root - INFO - [31mstep: 2100  [32mloss:  2.7266  [38;2;180;60;0mgrad_norm:  1.3667  [38;2;54;234;195mmemory: 58.00GiB(73.01%)  [34mtps: 120  [36mtflops: 5.76  [35mmfu: 0.58%[39m
[rank0]:[titan] 2026-03-17 20:45:27,788 - root - INFO - [31mstep: 2101  [32mloss:  2.6755  [38;2;180;60;0mgrad_norm:  1.1716  [38;2;54;234;195mmemory: 58.00GiB(73.01%)  [34mtps: 119  [36mtflops: 5.72  [35mmfu: 0.58%[39m
[rank0]:[titan] 2026-03-17 20:45:44,977 - root - INFO - [31mstep: 2102  [32mloss:  2.6822  [38;2;180;60;0mgrad_norm:  1.3304  [38;2;54;234;195mmemory: 58.00GiB(73.01%)  [34mtps: 119  [36mtflops: 5.74  [35mmfu: 0.58%[39m
[rank0]:[titan] 2026-03-17 20:46:02,105 - root - INFO - [31mstep: 2103  [32mloss:  2.6747  [38;2;180;60;0mgrad_norm:  1.2556  [38;2;54;234;195mmemory: 58.00GiB(73.01%)  [34mtps: 120  [36mtflops: 5.76  [35mmfu: 0.58%[39m
[rank0]:[titan] 2026-03-17 20:46:19,415 - root - INFO - [31mstep: 2104  [32mloss:  2.6571  [38;2;180;60;0mgrad_norm:  1.8729  [38;2;54;234;195mmemory: 58.00GiB(73.01%)  [34mtps: 118  [36mtflops: 5.70  [35mmfu: 0.58%[39m
[rank0]:[titan] 2026-03-17 20:46:36,615 - root - INFO - [31mstep: 2105  [32mloss:  2.6585  [38;2;180;60;0mgrad_norm:  1.2320  [38;2;54;234;195mmemory: 58.00GiB(73.01%)  [34mtps: 119  [36mtflops: 5.74  [35mmfu: 0.58%[39m
[rank0]:[titan] 2026-03-17 20:46:53,854 - root - INFO - [31mstep: 2106  [32mloss:  2.6529  [38;2;180;60;0mgrad_norm:  0.9658  [38;2;54;234;195mmemory: 58.00GiB(73.01%)  [34mtps: 119  [36mtflops: 5.72  [35mmfu: 0.58%[39m
[rank0]:[titan] 2026-03-17 20:47:10,790 - root - INFO - [31mstep: 2107  [32mloss:  2.5905  [38;2;180;60;0mgrad_norm:  1.0908  [38;2;54;234;195mmemory: 58.00GiB(73.01%)  [34mtps: 121  [36mtflops: 5.83  [35mmfu: 0.59%[39m
[rank0]:[titan] 2026-03-17 20:47:28,241 - root - INFO - [31mstep: 2108  [32mloss:  2.6321  [38;2;180;60;0mgrad_norm:  1.3062  [38;2;54;234;195mmemory: 58.00GiB(73.01%)  [34mtps: 117  [36mtflops: 5.65  [35mmfu: 0.57%[39m
[rank0]:[titan] 2026-03-17 20:47:45,614 - root - INFO - [31mstep: 2109  [32mloss:  2.6763  [38;2;180;60;0mgrad_norm:  1.3689  [38;2;54;234;195mmemory: 58.00GiB(73.01%)  [34mtps: 118  [36mtflops: 5.68  [35mmfu: 0.57%[39m
[rank0]:[titan] 2026-03-17 20:48:02,998 - root - INFO - [31mstep: 2110  [32mloss:  2.7255  [38;2;180;60;0mgrad_norm:  1.3097  [38;2;54;234;195mmemory: 58.00GiB(73.01%)  [34mtps: 118  [36mtflops: 5.68  [35mmfu: 0.57%[39m
[rank0]:[titan] 2026-03-17 20:48:20,270 - root - INFO - [31mstep: 2111  [32mloss:  2.7111  [38;2;180;60;0mgrad_norm:  1.1033  [38;2;54;234;195mmemory: 58.00GiB(73.01%)  [34mtps: 119  [36mtflops: 5.71  [35mmfu: 0.58%[39m
[rank0]:[titan] 2026-03-17 20:48:37,517 - root - INFO - [31mstep: 2112  [32mloss:  2.6901  [38;2;180;60;0mgrad_norm:  1.2018  [38;2;54;234;195mmemory: 58.00GiB(73.01%)  [34mtps: 119  [36mtflops: 5.72  [35mmfu: 0.58%[39m
[rank0]:[titan] 2026-03-17 20:48:54,829 - root - INFO - [31mstep: 2113  [32mloss:  2.6264  [38;2;180;60;0mgrad_norm:  1.0327  [38;2;54;234;195mmemory: 58.00GiB(73.01%)  [34mtps: 118  [36mtflops: 5.70  [35mmfu: 0.58%[39m
[rank0]:[titan] 2026-03-17 20:49:12,065 - root - INFO - [31mstep: 2114  [32mloss:  2.6346  [38;2;180;60;0mgrad_norm:  0.9658  [38;2;54;234;195mmemory: 58.00GiB(73.01%)  [34mtps: 119  [36mtflops: 5.72  [35mmfu: 0.58%[39m
[rank0]:[titan] 2026-03-17 20:49:12,068 - root - WARNING - Dataset c4_test is being re-looped
[rank0]:[titan] 2026-03-17 20:49:29,400 - root - INFO - [31mstep: 2115  [32mloss:  2.6573  [38;2;180;60;0mgrad_norm:  1.0738  [38;2;54;234;195mmemory: 58.00GiB(73.01%)  [34mtps: 118  [36mtflops: 5.69  [35mmfu: 0.58%[39m
[rank0]:[titan] 2026-03-17 20:49:46,641 - root - INFO - [31mstep: 2116  [32mloss:  2.6673  [38;2;180;60;0mgrad_norm:  1.0140  [38;2;54;234;195mmemory: 58.00GiB(73.01%)  [34mtps: 119  [36mtflops: 5.72  [35mmfu: 0.58%[39m
[rank0]:[titan] 2026-03-17 20:50:03,751 - root - INFO - [31mstep: 2117  [32mloss:  2.6656  [38;2;180;60;0mgrad_norm:  0.8890  [38;2;54;234;195mmemory: 58.00GiB(73.01%)  [34mtps: 120  [36mtflops: 5.77  [35mmfu: 0.58%[39m
[rank0]:[titan] 2026-03-17 20:50:20,827 - root - INFO - [31mstep: 2118  [32mloss:  2.6545  [38;2;180;60;0mgrad_norm:  1.0171  [38;2;54;234;195mmemory: 58.00GiB(73.01%)  [34mtps: 120  [36mtflops: 5.78  [35mmfu: 0.58%[39m
[rank0]:[titan] 2026-03-17 20:50:38,013 - root - INFO - [31mstep: 2119  [32mloss:  2.6350  [38;2;180;60;0mgrad_norm:  1.0793  [38;2;54;234;195mmemory: 58.00GiB(73.01%)  [34mtps: 119  [36mtflops: 5.74  [35mmfu: 0.58%[39m
[rank0]:[titan] 2026-03-17 20:50:55,343 - root - INFO - [31mstep: 2120  [32mloss:  2.6508  [38;2;180;60;0mgrad_norm:  1.0468  [38;2;54;234;195mmemory: 58.00GiB(73.01%)  [34mtps: 118  [36mtflops: 5.69  [35mmfu: 0.58%[39m
[rank0]:[titan] 2026-03-17 20:51:12,383 - root - INFO - [31mstep: 2121  [32mloss:  2.6655  [38;2;180;60;0mgrad_norm:  1.0315  [38;2;54;234;195mmemory: 58.00GiB(73.01%)  [34mtps: 120  [36mtflops: 5.79  [35mmfu: 0.59%[39m
[rank0]:[titan] 2026-03-17 20:51:29,560 - root - INFO - [31mstep: 2122  [32mloss:  2.6577  [38;2;180;60;0mgrad_norm:  0.9328  [38;2;54;234;195mmemory: 58.00GiB(73.01%)  [34mtps: 119  [36mtflops: 5.74  [35mmfu: 0.58%[39m
[rank0]:[titan] 2026-03-17 20:51:46,524 - root - INFO - [31mstep: 2123  [32mloss:  2.6839  [38;2;180;60;0mgrad_norm:  1.2588  [38;2;54;234;195mmemory: 58.00GiB(73.01%)  [34mtps: 121  [36mtflops: 5.82  [35mmfu: 0.59%[39m
[rank0]:[titan] 2026-03-17 20:52:03,725 - root - INFO - [31mstep: 2124  [32mloss:  2.7063  [38;2;180;60;0mgrad_norm:  1.2115  [38;2;54;234;195mmemory: 58.00GiB(73.01%)  [34mtps: 119  [36mtflops: 5.74  [35mmfu: 0.58%[39m
[rank0]:[titan] 2026-03-17 20:52:20,873 - root - INFO - [31mstep: 2125  [32mloss:  2.6535  [38;2;180;60;0mgrad_norm:  0.9712  [38;2;54;234;195mmemory: 58.00GiB(73.01%)  [34mtps: 119  [36mtflops: 5.75  [35mmfu: 0.58%[39m
[rank0]:[titan] 2026-03-17 20:52:38,112 - root - INFO - [31mstep: 2126  [32mloss:  2.6660  [38;2;180;60;0mgrad_norm:  1.1559  [38;2;54;234;195mmemory: 58.00GiB(73.01%)  [34mtps: 119  [36mtflops: 5.72  [35mmfu: 0.58%[39m
[rank0]:[titan] 2026-03-17 20:52:55,347 - root - INFO - [31mstep: 2127  [32mloss:  2.6569  [38;2;180;60;0mgrad_norm:  1.1779  [38;2;54;234;195mmemory: 58.00GiB(73.01%)  [34mtps: 119  [36mtflops: 5.73  [35mmfu: 0.58%[39m
[rank0]:[titan] 2026-03-17 20:53:12,403 - root - INFO - [31mstep: 2128  [32mloss:  2.7135  [38;2;180;60;0mgrad_norm:  1.3950  [38;2;54;234;195mmemory: 58.00GiB(73.01%)  [34mtps: 120  [36mtflops: 5.79  [35mmfu: 0.58%[39m
[rank0]:[titan] 2026-03-17 20:53:29,414 - root - INFO - [31mstep: 2129  [32mloss:  2.6537  [38;2;180;60;0mgrad_norm:  0.9261  [38;2;54;234;195mmemory: 58.00GiB(73.01%)  [34mtps: 120  [36mtflops: 5.80  [35mmfu: 0.59%[39m
[rank0]:[titan] 2026-03-17 20:53:46,591 - root - INFO - [31mstep: 2130  [32mloss:  2.6633  [38;2;180;60;0mgrad_norm:  0.8132  [38;2;54;234;195mmemory: 58.00GiB(73.01%)  [34mtps: 119  [36mtflops: 5.75  [35mmfu: 0.58%[39m
[rank0]:[titan] 2026-03-17 20:54:03,703 - root - INFO - [31mstep: 2131  [32mloss:  2.6647  [38;2;180;60;0mgrad_norm:  1.1368  [38;2;54;234;195mmemory: 58.00GiB(73.01%)  [34mtps: 120  [36mtflops: 5.77  [35mmfu: 0.58%[39m
[rank0]:[titan] 2026-03-17 20:54:20,796 - root - INFO - [31mstep: 2132  [32mloss:  2.6596  [38;2;180;60;0mgrad_norm:  1.2144  [38;2;54;234;195mmemory: 58.00GiB(73.01%)  [34mtps: 120  [36mtflops: 5.77  [35mmfu: 0.58%[39m
[rank0]:[titan] 2026-03-17 20:54:37,904 - root - INFO - [31mstep: 2133  [32mloss:  2.6058  [38;2;180;60;0mgrad_norm:  0.9134  [38;2;54;234;195mmemory: 58.00GiB(73.01%)  [34mtps: 120  [36mtflops: 5.77  [35mmfu: 0.58%[39m
[rank0]:[titan] 2026-03-17 20:54:55,093 - root - INFO - [31mstep: 2134  [32mloss:  2.6526  [38;2;180;60;0mgrad_norm:  1.1943  [38;2;54;234;195mmemory: 58.00GiB(73.01%)  [34mtps: 119  [36mtflops: 5.74  [35mmfu: 0.58%[39m
[rank0]:[titan] 2026-03-17 20:55:12,227 - root - INFO - [31mstep: 2135  [32mloss:  2.6565  [38;2;180;60;0mgrad_norm:  1.0683  [38;2;54;234;195mmemory: 58.00GiB(73.01%)  [34mtps: 120  [36mtflops: 5.76  [35mmfu: 0.58%[39m
[rank0]:[titan] 2026-03-17 20:55:29,313 - root - INFO - [31mstep: 2136  [32mloss:  2.6778  [38;2;180;60;0mgrad_norm:  1.0137  [38;2;54;234;195mmemory: 58.00GiB(73.01%)  [34mtps: 120  [36mtflops: 5.78  [35mmfu: 0.58%[39m
[rank0]:[titan] 2026-03-17 20:55:46,549 - root - INFO - [31mstep: 2137  [32mloss:  2.6590  [38;2;180;60;0mgrad_norm:  1.4038  [38;2;54;234;195mmemory: 58.00GiB(73.01%)  [34mtps: 119  [36mtflops: 5.73  [35mmfu: 0.58%[39m
[rank0]:[titan] 2026-03-17 20:56:03,765 - root - INFO - [31mstep: 2138  [32mloss:  2.6979  [38;2;180;60;0mgrad_norm:  1.2505  [38;2;54;234;195mmemory: 58.00GiB(73.01%)  [34mtps: 119  [36mtflops: 5.73  [35mmfu: 0.58%[39m
[rank0]:[titan] 2026-03-17 20:56:20,921 - root - INFO - [31mstep: 2139  [32mloss:  2.7243  [38;2;180;60;0mgrad_norm:  1.0226  [38;2;54;234;195mmemory: 58.00GiB(73.01%)  [34mtps: 119  [36mtflops: 5.75  [35mmfu: 0.58%[39m
[rank0]:[titan] 2026-03-17 20:56:38,095 - root - INFO - [31mstep: 2140  [32mloss:  2.7803  [38;2;180;60;0mgrad_norm:  1.0458  [38;2;54;234;195mmemory: 58.00GiB(73.01%)  [34mtps: 119  [36mtflops: 5.75  [35mmfu: 0.58%[39m
[rank0]:[titan] 2026-03-17 20:56:55,064 - root - INFO - [31mstep: 2141  [32mloss:  2.7634  [38;2;180;60;0mgrad_norm:  1.2525  [38;2;54;234;195mmemory: 58.00GiB(73.01%)  [34mtps: 121  [36mtflops: 5.82  [35mmfu: 0.59%[39m
[rank0]:[titan] 2026-03-17 20:57:12,413 - root - INFO - [31mstep: 2142  [32mloss:  2.7480  [38;2;180;60;0mgrad_norm:  1.1690  [38;2;54;234;195mmemory: 58.00GiB(73.01%)  [34mtps: 118  [36mtflops: 5.69  [35mmfu: 0.58%[39m
[rank0]:[titan] 2026-03-17 20:57:29,588 - root - INFO - [31mstep: 2143  [32mloss:  2.7352  [38;2;180;60;0mgrad_norm:  0.8254  [38;2;54;234;195mmemory: 58.00GiB(73.01%)  [34mtps: 119  [36mtflops: 5.75  [35mmfu: 0.58%[39m
[rank0]:[titan] 2026-03-17 20:57:46,991 - root - INFO - [31mstep: 2144  [32mloss:  2.7029  [38;2;180;60;0mgrad_norm:  1.1066  [38;2;54;234;195mmemory: 58.00GiB(73.01%)  [34mtps: 118  [36mtflops: 5.67  [35mmfu: 0.57%[39m
[rank0]:[titan] 2026-03-17 20:58:04,036 - root - INFO - [31mstep: 2145  [32mloss:  2.7024  [38;2;180;60;0mgrad_norm:  1.4423  [38;2;54;234;195mmemory: 58.00GiB(73.01%)  [34mtps: 120  [36mtflops: 5.79  [35mmfu: 0.59%[39m
[rank0]:[titan] 2026-03-17 20:58:21,263 - root - INFO - [31mstep: 2146  [32mloss:  2.6787  [38;2;180;60;0mgrad_norm:  1.1302  [38;2;54;234;195mmemory: 58.00GiB(73.01%)  [34mtps: 119  [36mtflops: 5.73  [35mmfu: 0.58%[39m
[rank0]:[titan] 2026-03-17 20:58:38,185 - root - INFO - [31mstep: 2147  [32mloss:  2.6604  [38;2;180;60;0mgrad_norm:  0.7870  [38;2;54;234;195mmemory: 58.00GiB(73.01%)  [34mtps: 121  [36mtflops: 5.83  [35mmfu: 0.59%[39m
[rank0]:[titan] 2026-03-17 20:58:55,236 - root - INFO - [31mstep: 2148  [32mloss:  2.7139  [38;2;180;60;0mgrad_norm:  1.1675  [38;2;54;234;195mmemory: 58.00GiB(73.01%)  [34mtps: 120  [36mtflops: 5.79  [35mmfu: 0.59%[39m
[rank0]:[titan] 2026-03-17 20:59:12,430 - root - INFO - [31mstep: 2149  [32mloss:  2.7120  [38;2;180;60;0mgrad_norm:  1.2184  [38;2;54;234;195mmemory: 58.00GiB(73.01%)  [34mtps: 119  [36mtflops: 5.74  [35mmfu: 0.58%[39m
[rank0]:[titan] 2026-03-17 20:59:29,180 - root - INFO - [31mstep: 2150  [32mloss:  2.7213  [38;2;180;60;0mgrad_norm:  1.4370  [38;2;54;234;195mmemory: 58.00GiB(73.01%)  [34mtps: 122  [36mtflops: 5.89  [35mmfu: 0.60%[39m
[rank0]:[titan] 2026-03-17 20:59:46,618 - root - INFO - [31mstep: 2151  [32mloss:  2.7598  [38;2;180;60;0mgrad_norm:  1.4381  [38;2;54;234;195mmemory: 58.00GiB(73.01%)  [34mtps: 117  [36mtflops: 5.66  [35mmfu: 0.57%[39m
[rank0]:[titan] 2026-03-17 21:00:03,902 - root - INFO - [31mstep: 2152  [32mloss:  2.7538  [38;2;180;60;0mgrad_norm:  1.2094  [38;2;54;234;195mmemory: 58.00GiB(73.01%)  [34mtps: 118  [36mtflops: 5.71  [35mmfu: 0.58%[39m
[rank0]:[titan] 2026-03-17 21:00:20,847 - root - INFO - [31mstep: 2153  [32mloss:  2.6935  [38;2;180;60;0mgrad_norm:  1.8955  [38;2;54;234;195mmemory: 58.00GiB(73.01%)  [34mtps: 121  [36mtflops: 5.82  [35mmfu: 0.59%[39m
[rank0]:[titan] 2026-03-17 21:00:38,184 - root - INFO - [31mstep: 2154  [32mloss:  2.7514  [38;2;180;60;0mgrad_norm:  2.2212  [38;2;54;234;195mmemory: 58.00GiB(73.01%)  [34mtps: 118  [36mtflops: 5.69  [35mmfu: 0.58%[39m
[rank0]:[titan] 2026-03-17 21:00:55,499 - root - INFO - [31mstep: 2155  [32mloss:  2.6850  [38;2;180;60;0mgrad_norm:  1.3581  [38;2;54;234;195mmemory: 58.00GiB(73.01%)  [34mtps: 118  [36mtflops: 5.70  [35mmfu: 0.58%[39m
[rank0]:[titan] 2026-03-17 21:01:12,765 - root - INFO - [31mstep: 2156  [32mloss:  2.7161  [38;2;180;60;0mgrad_norm:  1.2818  [38;2;54;234;195mmemory: 58.00GiB(73.01%)  [34mtps: 119  [36mtflops: 5.72  [35mmfu: 0.58%[39m
[rank0]:[titan] 2026-03-17 21:01:29,881 - root - INFO - [31mstep: 2157  [32mloss:  2.7595  [38;2;180;60;0mgrad_norm:  1.5658  [38;2;54;234;195mmemory: 58.00GiB(73.01%)  [34mtps: 120  [36mtflops: 5.77  [35mmfu: 0.58%[39m
[rank0]:[titan] 2026-03-17 21:01:47,272 - root - INFO - [31mstep: 2158  [32mloss:  2.7332  [38;2;180;60;0mgrad_norm:  1.5418  [38;2;54;234;195mmemory: 58.00GiB(73.01%)  [34mtps: 118  [36mtflops: 5.67  [35mmfu: 0.57%[39m
[rank0]:[titan] 2026-03-17 21:02:04,436 - root - INFO - [31mstep: 2159  [32mloss:  2.6790  [38;2;180;60;0mgrad_norm:  1.3158  [38;2;54;234;195mmemory: 58.00GiB(73.01%)  [34mtps: 119  [36mtflops: 5.75  [35mmfu: 0.58%[39m
[rank0]:[titan] 2026-03-17 21:02:21,096 - root - INFO - [31mstep: 2160  [32mloss:  2.6940  [38;2;180;60;0mgrad_norm:  1.1115  [38;2;54;234;195mmemory: 58.00GiB(73.01%)  [34mtps: 123  [36mtflops: 5.92  [35mmfu: 0.60%[39m
[rank0]:[titan] 2026-03-17 21:02:38,410 - root - INFO - [31mstep: 2161  [32mloss:  2.6886  [38;2;180;60;0mgrad_norm:  1.3065  [38;2;54;234;195mmemory: 58.00GiB(73.01%)  [34mtps: 118  [36mtflops: 5.70  [35mmfu: 0.58%[39m
[rank0]:[titan] 2026-03-17 21:02:55,944 - root - INFO - [31mstep: 2162  [32mloss:  2.7123  [38;2;180;60;0mgrad_norm:  1.3014  [38;2;54;234;195mmemory: 58.00GiB(73.01%)  [34mtps: 117  [36mtflops: 5.63  [35mmfu: 0.57%[39m
[rank0]:[titan] 2026-03-17 21:03:13,195 - root - INFO - [31mstep: 2163  [32mloss:  2.7370  [38;2;180;60;0mgrad_norm:  1.3927  [38;2;54;234;195mmemory: 58.00GiB(73.01%)  [34mtps: 119  [36mtflops: 5.72  [35mmfu: 0.58%[39m
[rank0]:[titan] 2026-03-17 21:03:30,468 - root - INFO - [31mstep: 2164  [32mloss:  2.7168  [38;2;180;60;0mgrad_norm:  1.2988  [38;2;54;234;195mmemory: 58.00GiB(73.01%)  [34mtps: 119  [36mtflops: 5.71  [35mmfu: 0.58%[39m
[rank0]:[titan] 2026-03-17 21:03:47,791 - root - INFO - [31mstep: 2165  [32mloss:  2.7068  [38;2;180;60;0mgrad_norm:  0.8736  [38;2;54;234;195mmemory: 58.00GiB(73.01%)  [34mtps: 118  [36mtflops: 5.70  [35mmfu: 0.58%[39m
[rank0]:[titan] 2026-03-17 21:04:05,035 - root - INFO - [31mstep: 2166  [32mloss:  2.6721  [38;2;180;60;0mgrad_norm:  1.1739  [38;2;54;234;195mmemory: 58.00GiB(73.01%)  [34mtps: 119  [36mtflops: 5.72  [35mmfu: 0.58%[39m
[rank0]:[titan] 2026-03-17 21:04:22,312 - root - INFO - [31mstep: 2167  [32mloss:  2.6404  [38;2;180;60;0mgrad_norm:  1.3568  [38;2;54;234;195mmemory: 58.00GiB(73.01%)  [34mtps: 119  [36mtflops: 5.71  [35mmfu: 0.58%[39m
[rank0]:[titan] 2026-03-17 21:04:39,492 - root - INFO - [31mstep: 2168  [32mloss:  2.6917  [38;2;180;60;0mgrad_norm:  1.1227  [38;2;54;234;195mmemory: 58.00GiB(73.01%)  [34mtps: 119  [36mtflops: 5.74  [35mmfu: 0.58%[39m
[rank0]:[titan] 2026-03-17 21:04:56,775 - root - INFO - [31mstep: 2169  [32mloss:  2.6583  [38;2;180;60;0mgrad_norm:  1.0048  [38;2;54;234;195mmemory: 58.00GiB(73.01%)  [34mtps: 119  [36mtflops: 5.71  [35mmfu: 0.58%[39m
[rank0]:[titan] 2026-03-17 21:05:14,022 - root - INFO - [31mstep: 2170  [32mloss:  2.6762  [38;2;180;60;0mgrad_norm:  1.3204  [38;2;54;234;195mmemory: 58.00GiB(73.01%)  [34mtps: 119  [36mtflops: 5.72  [35mmfu: 0.58%[39m
[rank0]:[titan] 2026-03-17 21:05:31,193 - root - INFO - [31mstep: 2171  [32mloss:  2.6363  [38;2;180;60;0mgrad_norm:  1.3306  [38;2;54;234;195mmemory: 58.00GiB(73.01%)  [34mtps: 119  [36mtflops: 5.75  [35mmfu: 0.58%[39m
[rank0]:[titan] 2026-03-17 21:05:48,491 - root - INFO - [31mstep: 2172  [32mloss:  2.7149  [38;2;180;60;0mgrad_norm:  1.3032  [38;2;54;234;195mmemory: 58.00GiB(73.01%)  [34mtps: 118  [36mtflops: 5.70  [35mmfu: 0.58%[39m
[rank0]:[titan] 2026-03-17 21:06:05,558 - root - INFO - [31mstep: 2173  [32mloss:  2.6600  [38;2;180;60;0mgrad_norm:  1.3050  [38;2;54;234;195mmemory: 58.00GiB(73.01%)  [34mtps: 120  [36mtflops: 5.78  [35mmfu: 0.58%[39m
[rank0]:[titan] 2026-03-17 21:06:22,735 - root - INFO - [31mstep: 2174  [32mloss:  2.6783  [38;2;180;60;0mgrad_norm:  1.0744  [38;2;54;234;195mmemory: 58.00GiB(73.01%)  [34mtps: 119  [36mtflops: 5.74  [35mmfu: 0.58%[39m
[rank0]:[titan] 2026-03-17 21:06:39,938 - root - INFO - [31mstep: 2175  [32mloss:  2.7177  [38;2;180;60;0mgrad_norm:  1.1467  [38;2;54;234;195mmemory: 58.00GiB(73.01%)  [34mtps: 119  [36mtflops: 5.74  [35mmfu: 0.58%[39m
[rank0]:[titan] 2026-03-17 21:06:57,164 - root - INFO - [31mstep: 2176  [32mloss:  2.6512  [38;2;180;60;0mgrad_norm:  1.4425  [38;2;54;234;195mmemory: 58.00GiB(73.01%)  [34mtps: 119  [36mtflops: 5.73  [35mmfu: 0.58%[39m
[rank0]:[titan] 2026-03-17 21:07:14,175 - root - INFO - [31mstep: 2177  [32mloss:  2.6908  [38;2;180;60;0mgrad_norm:  1.4782  [38;2;54;234;195mmemory: 58.00GiB(73.01%)  [34mtps: 120  [36mtflops: 5.80  [35mmfu: 0.59%[39m
[rank0]:[titan] 2026-03-17 21:07:31,129 - root - INFO - [31mstep: 2178  [32mloss:  2.6824  [38;2;180;60;0mgrad_norm:  1.0658  [38;2;54;234;195mmemory: 58.00GiB(73.01%)  [34mtps: 121  [36mtflops: 5.82  [35mmfu: 0.59%[39m
[rank0]:[titan] 2026-03-17 21:07:48,484 - root - INFO - [31mstep: 2179  [32mloss:  2.6641  [38;2;180;60;0mgrad_norm:  1.3747  [38;2;54;234;195mmemory: 58.00GiB(73.01%)  [34mtps: 118  [36mtflops: 5.69  [35mmfu: 0.57%[39m
[rank0]:[titan] 2026-03-17 21:08:05,780 - root - INFO - [31mstep: 2180  [32mloss:  2.6128  [38;2;180;60;0mgrad_norm:  1.2631  [38;2;54;234;195mmemory: 58.00GiB(73.01%)  [34mtps: 118  [36mtflops: 5.71  [35mmfu: 0.58%[39m
[rank0]:[titan] 2026-03-17 21:08:22,945 - root - INFO - [31mstep: 2181  [32mloss:  2.6338  [38;2;180;60;0mgrad_norm:  1.0935  [38;2;54;234;195mmemory: 58.00GiB(73.01%)  [34mtps: 119  [36mtflops: 5.75  [35mmfu: 0.58%[39m
[rank0]:[titan] 2026-03-17 21:08:40,129 - root - INFO - [31mstep: 2182  [32mloss:  2.7178  [38;2;180;60;0mgrad_norm:  0.8521  [38;2;54;234;195mmemory: 58.00GiB(73.01%)  [34mtps: 119  [36mtflops: 5.74  [35mmfu: 0.58%[39m
[rank0]:[titan] 2026-03-17 21:08:57,396 - root - INFO - [31mstep: 2183  [32mloss:  2.6625  [38;2;180;60;0mgrad_norm:  1.3978  [38;2;54;234;195mmemory: 58.00GiB(73.01%)  [34mtps: 119  [36mtflops: 5.71  [35mmfu: 0.58%[39m
[rank0]:[titan] 2026-03-17 21:09:14,759 - root - INFO - [31mstep: 2184  [32mloss:  2.6930  [38;2;180;60;0mgrad_norm:  1.0966  [38;2;54;234;195mmemory: 58.00GiB(73.01%)  [34mtps: 118  [36mtflops: 5.68  [35mmfu: 0.57%[39m
[rank0]:[titan] 2026-03-17 21:09:31,910 - root - INFO - [31mstep: 2185  [32mloss:  2.7699  [38;2;180;60;0mgrad_norm:  1.0059  [38;2;54;234;195mmemory: 58.00GiB(73.01%)  [34mtps: 119  [36mtflops: 5.75  [35mmfu: 0.58%[39m
[rank0]:[titan] 2026-03-17 21:09:49,090 - root - INFO - [31mstep: 2186  [32mloss:  2.7731  [38;2;180;60;0mgrad_norm:  1.0482  [38;2;54;234;195mmemory: 58.00GiB(73.01%)  [34mtps: 119  [36mtflops: 5.74  [35mmfu: 0.58%[39m
[rank0]:[titan] 2026-03-17 21:10:06,406 - root - INFO - [31mstep: 2187  [32mloss:  2.7481  [38;2;180;60;0mgrad_norm:  0.8351  [38;2;54;234;195mmemory: 58.00GiB(73.01%)  [34mtps: 118  [36mtflops: 5.70  [35mmfu: 0.58%[39m
[rank0]:[titan] 2026-03-17 21:10:23,612 - root - INFO - [31mstep: 2188  [32mloss:  2.6465  [38;2;180;60;0mgrad_norm:  1.1036  [38;2;54;234;195mmemory: 58.00GiB(73.01%)  [34mtps: 119  [36mtflops: 5.74  [35mmfu: 0.58%[39m
[rank0]:[titan] 2026-03-17 21:10:40,838 - root - INFO - [31mstep: 2189  [32mloss:  2.6637  [38;2;180;60;0mgrad_norm:  0.9307  [38;2;54;234;195mmemory: 58.00GiB(73.01%)  [34mtps: 119  [36mtflops: 5.73  [35mmfu: 0.58%[39m
[rank0]:[titan] 2026-03-17 21:10:58,013 - root - INFO - [31mstep: 2190  [32mloss:  2.6412  [38;2;180;60;0mgrad_norm:  0.7594  [38;2;54;234;195mmemory: 58.00GiB(73.01%)  [34mtps: 119  [36mtflops: 5.75  [35mmfu: 0.58%[39m
[rank0]:[titan] 2026-03-17 21:11:15,257 - root - INFO - [31mstep: 2191  [32mloss:  2.6758  [38;2;180;60;0mgrad_norm:  0.9060  [38;2;54;234;195mmemory: 58.00GiB(73.01%)  [34mtps: 119  [36mtflops: 5.72  [35mmfu: 0.58%[39m
[rank0]:[titan] 2026-03-17 21:11:32,513 - root - INFO - [31mstep: 2192  [32mloss:  2.7053  [38;2;180;60;0mgrad_norm:  1.1162  [38;2;54;234;195mmemory: 58.00GiB(73.01%)  [34mtps: 119  [36mtflops: 5.72  [35mmfu: 0.58%[39m
[rank0]:[titan] 2026-03-17 21:11:49,456 - root - INFO - [31mstep: 2193  [32mloss:  2.6031  [38;2;180;60;0mgrad_norm:  0.8694  [38;2;54;234;195mmemory: 58.00GiB(73.01%)  [34mtps: 121  [36mtflops: 5.82  [35mmfu: 0.59%[39m
[rank0]:[titan] 2026-03-17 21:12:06,619 - root - INFO - [31mstep: 2194  [32mloss:  2.7068  [38;2;180;60;0mgrad_norm:  0.7997  [38;2;54;234;195mmemory: 58.00GiB(73.01%)  [34mtps: 119  [36mtflops: 5.75  [35mmfu: 0.58%[39m
[rank0]:[titan] 2026-03-17 21:12:23,752 - root - INFO - [31mstep: 2195  [32mloss:  2.6706  [38;2;180;60;0mgrad_norm:  1.0182  [38;2;54;234;195mmemory: 58.00GiB(73.01%)  [34mtps: 120  [36mtflops: 5.76  [35mmfu: 0.58%[39m
[rank0]:[titan] 2026-03-17 21:12:41,388 - root - INFO - [31mstep: 2196  [32mloss:  2.6380  [38;2;180;60;0mgrad_norm:  0.9202  [38;2;54;234;195mmemory: 58.00GiB(73.01%)  [34mtps: 116  [36mtflops: 5.60  [35mmfu: 0.57%[39m
[rank0]:[titan] 2026-03-17 21:12:58,641 - root - INFO - [31mstep: 2197  [32mloss:  2.6465  [38;2;180;60;0mgrad_norm:  1.0700  [38;2;54;234;195mmemory: 58.00GiB(73.01%)  [34mtps: 119  [36mtflops: 5.72  [35mmfu: 0.58%[39m
[rank0]:[titan] 2026-03-17 21:13:15,902 - root - INFO - [31mstep: 2198  [32mloss:  2.6231  [38;2;180;60;0mgrad_norm:  1.1753  [38;2;54;234;195mmemory: 58.00GiB(73.01%)  [34mtps: 119  [36mtflops: 5.72  [35mmfu: 0.58%[39m
[rank0]:[titan] 2026-03-17 21:13:33,226 - root - INFO - [31mstep: 2199  [32mloss:  2.6500  [38;2;180;60;0mgrad_norm:  0.9610  [38;2;54;234;195mmemory: 58.00GiB(73.01%)  [34mtps: 118  [36mtflops: 5.70  [35mmfu: 0.58%[39m
[rank0]:[titan] 2026-03-17 21:13:50,225 - root - INFO - [31mstep: 2200  [32mloss:  2.6667  [38;2;180;60;0mgrad_norm:  0.7411  [38;2;54;234;195mmemory: 58.00GiB(73.01%)  [34mtps: 120  [36mtflops: 5.80  [35mmfu: 0.59%[39m
[rank0]:[titan] 2026-03-17 21:14:07,345 - root - INFO - [31mstep: 2201  [32mloss:  2.6527  [38;2;180;60;0mgrad_norm:  1.0081  [38;2;54;234;195mmemory: 58.00GiB(73.01%)  [34mtps: 120  [36mtflops: 5.76  [35mmfu: 0.58%[39m
[rank0]:[titan] 2026-03-17 21:14:24,518 - root - INFO - [31mstep: 2202  [32mloss:  2.5966  [38;2;180;60;0mgrad_norm:  1.4408  [38;2;54;234;195mmemory: 58.00GiB(73.01%)  [34mtps: 119  [36mtflops: 5.75  [35mmfu: 0.58%[39m
[rank0]:[titan] 2026-03-17 21:14:41,666 - root - INFO - [31mstep: 2203  [32mloss:  2.5881  [38;2;180;60;0mgrad_norm:  1.0585  [38;2;54;234;195mmemory: 58.00GiB(73.01%)  [34mtps: 119  [36mtflops: 5.75  [35mmfu: 0.58%[39m
[rank0]:[titan] 2026-03-17 21:14:58,841 - root - INFO - [31mstep: 2204  [32mloss:  2.6034  [38;2;180;60;0mgrad_norm:  0.8261  [38;2;54;234;195mmemory: 58.00GiB(73.01%)  [34mtps: 119  [36mtflops: 5.75  [35mmfu: 0.58%[39m
[rank0]:[titan] 2026-03-17 21:15:15,960 - root - INFO - [31mstep: 2205  [32mloss:  2.6282  [38;2;180;60;0mgrad_norm:  0.9359  [38;2;54;234;195mmemory: 58.00GiB(73.01%)  [34mtps: 120  [36mtflops: 5.76  [35mmfu: 0.58%[39m
[rank0]:[titan] 2026-03-17 21:15:32,925 - root - INFO - [31mstep: 2206  [32mloss:  2.6077  [38;2;180;60;0mgrad_norm:  1.2398  [38;2;54;234;195mmemory: 58.00GiB(73.01%)  [34mtps: 121  [36mtflops: 5.82  [35mmfu: 0.59%[39m
[rank0]:[titan] 2026-03-17 21:15:50,146 - root - INFO - [31mstep: 2207  [32mloss:  2.6463  [38;2;180;60;0mgrad_norm:  0.8695  [38;2;54;234;195mmemory: 58.00GiB(73.01%)  [34mtps: 119  [36mtflops: 5.73  [35mmfu: 0.58%[39m
[rank0]:[titan] 2026-03-17 21:16:07,187 - root - INFO - [31mstep: 2208  [32mloss:  2.6333  [38;2;180;60;0mgrad_norm:  0.6190  [38;2;54;234;195mmemory: 58.00GiB(73.01%)  [34mtps: 120  [36mtflops: 5.79  [35mmfu: 0.59%[39m
[rank0]:[titan] 2026-03-17 21:16:24,395 - root - INFO - [31mstep: 2209  [32mloss:  2.6141  [38;2;180;60;0mgrad_norm:  0.9999  [38;2;54;234;195mmemory: 58.00GiB(73.01%)  [34mtps: 119  [36mtflops: 5.73  [35mmfu: 0.58%[39m
[rank0]:[titan] 2026-03-17 21:16:41,365 - root - INFO - [31mstep: 2210  [32mloss:  2.6457  [38;2;180;60;0mgrad_norm:  0.9607  [38;2;54;234;195mmemory: 58.00GiB(73.01%)  [34mtps: 121  [36mtflops: 5.82  [35mmfu: 0.59%[39m
[rank0]:[titan] 2026-03-17 21:16:58,614 - root - INFO - [31mstep: 2211  [32mloss:  2.6056  [38;2;180;60;0mgrad_norm:  0.9493  [38;2;54;234;195mmemory: 58.00GiB(73.01%)  [34mtps: 119  [36mtflops: 5.72  [35mmfu: 0.58%[39m
[rank0]:[titan] 2026-03-17 21:17:15,747 - root - INFO - [31mstep: 2212  [32mloss:  2.7592  [38;2;180;60;0mgrad_norm:  1.0390  [38;2;54;234;195mmemory: 58.00GiB(73.01%)  [34mtps: 120  [36mtflops: 5.76  [35mmfu: 0.58%[39m
[rank0]:[titan] 2026-03-17 21:17:32,801 - root - INFO - [31mstep: 2213  [32mloss:  2.7018  [38;2;180;60;0mgrad_norm:  1.1500  [38;2;54;234;195mmemory: 58.00GiB(73.01%)  [34mtps: 120  [36mtflops: 5.79  [35mmfu: 0.59%[39m
[rank0]:[titan] 2026-03-17 21:17:49,897 - root - INFO - [31mstep: 2214  [32mloss:  2.6455  [38;2;180;60;0mgrad_norm:  1.2101  [38;2;54;234;195mmemory: 58.00GiB(73.01%)  [34mtps: 120  [36mtflops: 5.77  [35mmfu: 0.58%[39m
[rank0]:[titan] 2026-03-17 21:18:07,035 - root - INFO - [31mstep: 2215  [32mloss:  2.6427  [38;2;180;60;0mgrad_norm:  1.1013  [38;2;54;234;195mmemory: 58.00GiB(73.01%)  [34mtps: 120  [36mtflops: 5.76  [35mmfu: 0.58%[39m
[rank0]:[titan] 2026-03-17 21:18:24,183 - root - INFO - [31mstep: 2216  [32mloss:  2.6971  [38;2;180;60;0mgrad_norm:  0.9585  [38;2;54;234;195mmemory: 58.00GiB(73.01%)  [34mtps: 119  [36mtflops: 5.75  [35mmfu: 0.58%[39m
[rank0]:[titan] 2026-03-17 21:18:41,311 - root - INFO - [31mstep: 2217  [32mloss:  2.6745  [38;2;180;60;0mgrad_norm:  0.9002  [38;2;54;234;195mmemory: 58.00GiB(73.01%)  [34mtps: 120  [36mtflops: 5.76  [35mmfu: 0.58%[39m
[rank0]:[titan] 2026-03-17 21:18:58,509 - root - INFO - [31mstep: 2218  [32mloss:  2.6459  [38;2;180;60;0mgrad_norm:  1.2320  [38;2;54;234;195mmemory: 58.00GiB(73.01%)  [34mtps: 119  [36mtflops: 5.74  [35mmfu: 0.58%[39m
[rank0]:[titan] 2026-03-17 21:19:15,722 - root - INFO - [31mstep: 2219  [32mloss:  2.5845  [38;2;180;60;0mgrad_norm:  1.2911  [38;2;54;234;195mmemory: 58.00GiB(73.01%)  [34mtps: 119  [36mtflops: 5.73  [35mmfu: 0.58%[39m
[rank0]:[titan] 2026-03-17 21:19:32,830 - root - INFO - [31mstep: 2220  [32mloss:  2.6507  [38;2;180;60;0mgrad_norm:  0.9043  [38;2;54;234;195mmemory: 58.00GiB(73.01%)  [34mtps: 120  [36mtflops: 5.77  [35mmfu: 0.58%[39m
[rank0]:[titan] 2026-03-17 21:19:49,965 - root - INFO - [31mstep: 2221  [32mloss:  2.6318  [38;2;180;60;0mgrad_norm:  1.1453  [38;2;54;234;195mmemory: 58.00GiB(73.01%)  [34mtps: 120  [36mtflops: 5.76  [35mmfu: 0.58%[39m
[rank0]:[titan] 2026-03-17 21:20:07,165 - root - INFO - [31mstep: 2222  [32mloss:  2.6895  [38;2;180;60;0mgrad_norm:  0.9745  [38;2;54;234;195mmemory: 58.00GiB(73.01%)  [34mtps: 119  [36mtflops: 5.74  [35mmfu: 0.58%[39m
[rank0]:[titan] 2026-03-17 21:20:24,515 - root - INFO - [31mstep: 2223  [32mloss:  2.6794  [38;2;180;60;0mgrad_norm:  0.7773  [38;2;54;234;195mmemory: 58.00GiB(73.01%)  [34mtps: 118  [36mtflops: 5.69  [35mmfu: 0.58%[39m
[rank0]:[titan] 2026-03-17 21:20:41,397 - root - INFO - [31mstep: 2224  [32mloss:  2.6619  [38;2;180;60;0mgrad_norm:  0.8577  [38;2;54;234;195mmemory: 58.00GiB(73.01%)  [34mtps: 121  [36mtflops: 5.85  [35mmfu: 0.59%[39m
[rank0]:[titan] 2026-03-17 21:20:58,567 - root - INFO - [31mstep: 2225  [32mloss:  2.6417  [38;2;180;60;0mgrad_norm:  0.8907  [38;2;54;234;195mmemory: 58.00GiB(73.01%)  [34mtps: 119  [36mtflops: 5.75  [35mmfu: 0.58%[39m
[rank0]:[titan] 2026-03-17 21:21:15,666 - root - INFO - [31mstep: 2226  [32mloss:  2.6794  [38;2;180;60;0mgrad_norm:  0.9103  [38;2;54;234;195mmemory: 58.00GiB(73.01%)  [34mtps: 120  [36mtflops: 5.77  [35mmfu: 0.58%[39m
[rank0]:[titan] 2026-03-17 21:21:32,790 - root - INFO - [31mstep: 2227  [32mloss:  2.6412  [38;2;180;60;0mgrad_norm:  0.8537  [38;2;54;234;195mmemory: 58.00GiB(73.01%)  [34mtps: 120  [36mtflops: 5.76  [35mmfu: 0.58%[39m
[rank0]:[titan] 2026-03-17 21:21:50,082 - root - INFO - [31mstep: 2228  [32mloss:  2.6040  [38;2;180;60;0mgrad_norm:  0.9048  [38;2;54;234;195mmemory: 58.00GiB(73.01%)  [34mtps: 118  [36mtflops: 5.71  [35mmfu: 0.58%[39m
[rank0]:[titan] 2026-03-17 21:22:07,368 - root - INFO - [31mstep: 2229  [32mloss:  2.6018  [38;2;180;60;0mgrad_norm:  0.9926  [38;2;54;234;195mmemory: 58.00GiB(73.01%)  [34mtps: 118  [36mtflops: 5.71  [35mmfu: 0.58%[39m
[rank0]:[titan] 2026-03-17 21:22:24,549 - root - INFO - [31mstep: 2230  [32mloss:  2.6349  [38;2;180;60;0mgrad_norm:  1.0102  [38;2;54;234;195mmemory: 58.00GiB(73.01%)  [34mtps: 119  [36mtflops: 5.74  [35mmfu: 0.58%[39m
[rank0]:[titan] 2026-03-17 21:22:41,757 - root - INFO - [31mstep: 2231  [32mloss:  2.6405  [38;2;180;60;0mgrad_norm:  0.7826  [38;2;54;234;195mmemory: 58.00GiB(73.01%)  [34mtps: 119  [36mtflops: 5.73  [35mmfu: 0.58%[39m
[rank0]:[titan] 2026-03-17 21:22:58,981 - root - INFO - [31mstep: 2232  [32mloss:  2.6487  [38;2;180;60;0mgrad_norm:  1.2547  [38;2;54;234;195mmemory: 58.00GiB(73.01%)  [34mtps: 119  [36mtflops: 5.73  [35mmfu: 0.58%[39m
[rank0]:[titan] 2026-03-17 21:23:16,225 - root - INFO - [31mstep: 2233  [32mloss:  2.6794  [38;2;180;60;0mgrad_norm:  1.1993  [38;2;54;234;195mmemory: 58.00GiB(73.01%)  [34mtps: 119  [36mtflops: 5.72  [35mmfu: 0.58%[39m
[rank0]:[titan] 2026-03-17 21:23:33,325 - root - INFO - [31mstep: 2234  [32mloss:  2.6605  [38;2;180;60;0mgrad_norm:  1.1738  [38;2;54;234;195mmemory: 58.00GiB(73.01%)  [34mtps: 120  [36mtflops: 5.77  [35mmfu: 0.58%[39m
[rank0]:[titan] 2026-03-17 21:23:50,351 - root - INFO - [31mstep: 2235  [32mloss:  2.6721  [38;2;180;60;0mgrad_norm:  1.1053  [38;2;54;234;195mmemory: 58.00GiB(73.01%)  [34mtps: 120  [36mtflops: 5.80  [35mmfu: 0.59%[39m
[rank0]:[titan] 2026-03-17 21:24:07,500 - root - INFO - [31mstep: 2236  [32mloss:  2.6568  [38;2;180;60;0mgrad_norm:  1.1578  [38;2;54;234;195mmemory: 58.00GiB(73.01%)  [34mtps: 119  [36mtflops: 5.75  [35mmfu: 0.58%[39m
[rank0]:[titan] 2026-03-17 21:24:24,683 - root - INFO - [31mstep: 2237  [32mloss:  2.6302  [38;2;180;60;0mgrad_norm:  1.2542  [38;2;54;234;195mmemory: 58.00GiB(73.01%)  [34mtps: 119  [36mtflops: 5.74  [35mmfu: 0.58%[39m
[rank0]:[titan] 2026-03-17 21:24:41,829 - root - INFO - [31mstep: 2238  [32mloss:  2.6359  [38;2;180;60;0mgrad_norm:  1.2357  [38;2;54;234;195mmemory: 58.00GiB(73.01%)  [34mtps: 119  [36mtflops: 5.76  [35mmfu: 0.58%[39m
[rank0]:[titan] 2026-03-17 21:24:59,039 - root - INFO - [31mstep: 2239  [32mloss:  2.6599  [38;2;180;60;0mgrad_norm:  0.7502  [38;2;54;234;195mmemory: 58.00GiB(73.01%)  [34mtps: 119  [36mtflops: 5.73  [35mmfu: 0.58%[39m
[rank0]:[titan] 2026-03-17 21:25:16,294 - root - INFO - [31mstep: 2240  [32mloss:  2.6634  [38;2;180;60;0mgrad_norm:  0.9243  [38;2;54;234;195mmemory: 58.00GiB(73.01%)  [34mtps: 119  [36mtflops: 5.72  [35mmfu: 0.58%[39m
[rank0]:[titan] 2026-03-17 21:25:33,514 - root - INFO - [31mstep: 2241  [32mloss:  2.6576  [38;2;180;60;0mgrad_norm:  1.2931  [38;2;54;234;195mmemory: 58.00GiB(73.01%)  [34mtps: 119  [36mtflops: 5.73  [35mmfu: 0.58%[39m
[rank0]:[titan] 2026-03-17 21:25:50,732 - root - INFO - [31mstep: 2242  [32mloss:  2.7177  [38;2;180;60;0mgrad_norm:  1.1834  [38;2;54;234;195mmemory: 58.00GiB(73.01%)  [34mtps: 119  [36mtflops: 5.73  [35mmfu: 0.58%[39m
[rank0]:[titan] 2026-03-17 21:26:07,898 - root - INFO - [31mstep: 2243  [32mloss:  2.7256  [38;2;180;60;0mgrad_norm:  1.0254  [38;2;54;234;195mmemory: 58.00GiB(73.01%)  [34mtps: 119  [36mtflops: 5.75  [35mmfu: 0.58%[39m
[rank0]:[titan] 2026-03-17 21:26:25,229 - root - INFO - [31mstep: 2244  [32mloss:  2.6946  [38;2;180;60;0mgrad_norm:  0.9218  [38;2;54;234;195mmemory: 58.00GiB(73.01%)  [34mtps: 118  [36mtflops: 5.69  [35mmfu: 0.58%[39m
[rank0]:[titan] 2026-03-17 21:26:42,515 - root - INFO - [31mstep: 2245  [32mloss:  2.6831  [38;2;180;60;0mgrad_norm:  1.3098  [38;2;54;234;195mmemory: 58.00GiB(73.01%)  [34mtps: 118  [36mtflops: 5.71  [35mmfu: 0.58%[39m
[rank0]:[titan] 2026-03-17 21:26:59,455 - root - INFO - [31mstep: 2246  [32mloss:  2.6770  [38;2;180;60;0mgrad_norm:  1.5232  [38;2;54;234;195mmemory: 58.00GiB(73.01%)  [34mtps: 121  [36mtflops: 5.83  [35mmfu: 0.59%[39m
[rank0]:[titan] 2026-03-17 21:27:16,631 - root - INFO - [31mstep: 2247  [32mloss:  2.6692  [38;2;180;60;0mgrad_norm:  1.1951  [38;2;54;234;195mmemory: 58.00GiB(73.01%)  [34mtps: 119  [36mtflops: 5.75  [35mmfu: 0.58%[39m
[rank0]:[titan] 2026-03-17 21:27:33,725 - root - INFO - [31mstep: 2248  [32mloss:  2.6357  [38;2;180;60;0mgrad_norm:  0.9520  [38;2;54;234;195mmemory: 58.00GiB(73.01%)  [34mtps: 120  [36mtflops: 5.77  [35mmfu: 0.58%[39m
[rank0]:[titan] 2026-03-17 21:27:50,868 - root - INFO - [31mstep: 2249  [32mloss:  2.6325  [38;2;180;60;0mgrad_norm:  0.9871  [38;2;54;234;195mmemory: 58.00GiB(73.01%)  [34mtps: 119  [36mtflops: 5.76  [35mmfu: 0.58%[39m
[rank0]:[titan] 2026-03-17 21:28:07,995 - root - INFO - [31mstep: 2250  [32mloss:  2.6079  [38;2;180;60;0mgrad_norm:  1.3746  [38;2;54;234;195mmemory: 58.00GiB(73.01%)  [34mtps: 120  [36mtflops: 5.76  [35mmfu: 0.58%[39m
[rank0]:[titan] 2026-03-17 21:28:25,290 - root - INFO - [31mstep: 2251  [32mloss:  2.6782  [38;2;180;60;0mgrad_norm:  1.5018  [38;2;54;234;195mmemory: 58.00GiB(73.01%)  [34mtps: 118  [36mtflops: 5.71  [35mmfu: 0.58%[39m
[rank0]:[titan] 2026-03-17 21:28:42,293 - root - INFO - [31mstep: 2252  [32mloss:  2.6470  [38;2;180;60;0mgrad_norm:  1.3978  [38;2;54;234;195mmemory: 58.00GiB(73.01%)  [34mtps: 120  [36mtflops: 5.80  [35mmfu: 0.59%[39m
[rank0]:[titan] 2026-03-17 21:28:59,581 - root - INFO - [31mstep: 2253  [32mloss:  2.6175  [38;2;180;60;0mgrad_norm:  0.9975  [38;2;54;234;195mmemory: 58.00GiB(73.01%)  [34mtps: 118  [36mtflops: 5.71  [35mmfu: 0.58%[39m
[rank0]:[titan] 2026-03-17 21:29:16,605 - root - INFO - [31mstep: 2254  [32mloss:  2.6413  [38;2;180;60;0mgrad_norm:  1.1264  [38;2;54;234;195mmemory: 58.00GiB(73.01%)  [34mtps: 120  [36mtflops: 5.80  [35mmfu: 0.59%[39m
[rank0]:[titan] 2026-03-17 21:29:33,783 - root - INFO - [31mstep: 2255  [32mloss:  2.6723  [38;2;180;60;0mgrad_norm:  1.1318  [38;2;54;234;195mmemory: 58.00GiB(73.01%)  [34mtps: 119  [36mtflops: 5.74  [35mmfu: 0.58%[39m
[rank0]:[titan] 2026-03-17 21:29:50,984 - root - INFO - [31mstep: 2256  [32mloss:  2.7318  [38;2;180;60;0mgrad_norm:  1.3414  [38;2;54;234;195mmemory: 58.00GiB(73.01%)  [34mtps: 119  [36mtflops: 5.74  [35mmfu: 0.58%[39m
[rank0]:[titan] 2026-03-17 21:30:08,145 - root - INFO - [31mstep: 2257  [32mloss:  2.6406  [38;2;180;60;0mgrad_norm:  1.2780  [38;2;54;234;195mmemory: 58.00GiB(73.01%)  [34mtps: 119  [36mtflops: 5.75  [35mmfu: 0.58%[39m
[rank0]:[titan] 2026-03-17 21:30:25,185 - root - INFO - [31mstep: 2258  [32mloss:  2.6643  [38;2;180;60;0mgrad_norm:  1.0884  [38;2;54;234;195mmemory: 58.00GiB(73.01%)  [34mtps: 120  [36mtflops: 5.79  [35mmfu: 0.59%[39m
[rank0]:[titan] 2026-03-17 21:30:42,319 - root - INFO - [31mstep: 2259  [32mloss:  2.6339  [38;2;180;60;0mgrad_norm:  1.0123  [38;2;54;234;195mmemory: 58.00GiB(73.01%)  [34mtps: 120  [36mtflops: 5.76  [35mmfu: 0.58%[39m
[rank0]:[titan] 2026-03-17 21:30:59,532 - root - INFO - [31mstep: 2260  [32mloss:  2.7243  [38;2;180;60;0mgrad_norm:  0.8293  [38;2;54;234;195mmemory: 58.00GiB(73.01%)  [34mtps: 119  [36mtflops: 5.73  [35mmfu: 0.58%[39m
[rank0]:[titan] 2026-03-17 21:31:16,568 - root - INFO - [31mstep: 2261  [32mloss:  2.7195  [38;2;180;60;0mgrad_norm:  1.4015  [38;2;54;234;195mmemory: 58.00GiB(73.01%)  [34mtps: 120  [36mtflops: 5.79  [35mmfu: 0.59%[39m
[rank0]:[titan] 2026-03-17 21:31:33,778 - root - INFO - [31mstep: 2262  [32mloss:  2.6876  [38;2;180;60;0mgrad_norm:  1.4420  [38;2;54;234;195mmemory: 58.00GiB(73.01%)  [34mtps: 119  [36mtflops: 5.73  [35mmfu: 0.58%[39m
[rank0]:[titan] 2026-03-17 21:31:51,122 - root - INFO - [31mstep: 2263  [32mloss:  2.7095  [38;2;180;60;0mgrad_norm:  1.4783  [38;2;54;234;195mmemory: 58.00GiB(73.01%)  [34mtps: 118  [36mtflops: 5.69  [35mmfu: 0.58%[39m
[rank0]:[titan] 2026-03-17 21:32:08,264 - root - INFO - [31mstep: 2264  [32mloss:  2.6942  [38;2;180;60;0mgrad_norm:  1.0788  [38;2;54;234;195mmemory: 58.00GiB(73.01%)  [34mtps: 119  [36mtflops: 5.76  [35mmfu: 0.58%[39m
[rank0]:[titan] 2026-03-17 21:32:25,684 - root - INFO - [31mstep: 2265  [32mloss:  2.6789  [38;2;180;60;0mgrad_norm:  0.8737  [38;2;54;234;195mmemory: 58.00GiB(73.01%)  [34mtps: 118  [36mtflops: 5.67  [35mmfu: 0.57%[39m
[rank0]:[titan] 2026-03-17 21:32:42,697 - root - INFO - [31mstep: 2266  [32mloss:  2.6706  [38;2;180;60;0mgrad_norm:  1.2550  [38;2;54;234;195mmemory: 58.00GiB(73.01%)  [34mtps: 120  [36mtflops: 5.80  [35mmfu: 0.59%[39m
[rank0]:[titan] 2026-03-17 21:32:59,801 - root - INFO - [31mstep: 2267  [32mloss:  2.6094  [38;2;180;60;0mgrad_norm:  1.2097  [38;2;54;234;195mmemory: 58.00GiB(73.01%)  [34mtps: 120  [36mtflops: 5.77  [35mmfu: 0.58%[39m
[rank0]:[titan] 2026-03-17 21:33:17,090 - root - INFO - [31mstep: 2268  [32mloss:  2.6763  [38;2;180;60;0mgrad_norm:  1.4663  [38;2;54;234;195mmemory: 58.00GiB(73.01%)  [34mtps: 118  [36mtflops: 5.71  [35mmfu: 0.58%[39m
[rank0]:[titan] 2026-03-17 21:33:34,249 - root - INFO - [31mstep: 2269  [32mloss:  2.6618  [38;2;180;60;0mgrad_norm:  1.0327  [38;2;54;234;195mmemory: 58.00GiB(73.01%)  [34mtps: 119  [36mtflops: 5.75  [35mmfu: 0.58%[39m
[rank0]:[titan] 2026-03-17 21:33:51,497 - root - INFO - [31mstep: 2270  [32mloss:  2.6571  [38;2;180;60;0mgrad_norm:  1.4602  [38;2;54;234;195mmemory: 58.00GiB(73.01%)  [34mtps: 119  [36mtflops: 5.72  [35mmfu: 0.58%[39m
[rank0]:[titan] 2026-03-17 21:34:08,679 - root - INFO - [31mstep: 2271  [32mloss:  2.6570  [38;2;180;60;0mgrad_norm:  1.6305  [38;2;54;234;195mmemory: 58.00GiB(73.01%)  [34mtps: 119  [36mtflops: 5.74  [35mmfu: 0.58%[39m
[rank0]:[titan] 2026-03-17 21:34:25,750 - root - INFO - [31mstep: 2272  [32mloss:  2.6610  [38;2;180;60;0mgrad_norm:  1.5833  [38;2;54;234;195mmemory: 58.00GiB(73.01%)  [34mtps: 120  [36mtflops: 5.78  [35mmfu: 0.58%[39m
[rank0]:[titan] 2026-03-17 21:34:43,117 - root - INFO - [31mstep: 2273  [32mloss:  2.6253  [38;2;180;60;0mgrad_norm:  1.2511  [38;2;54;234;195mmemory: 58.00GiB(73.01%)  [34mtps: 118  [36mtflops: 5.68  [35mmfu: 0.57%[39m
[rank0]:[titan] 2026-03-17 21:35:00,114 - root - INFO - [31mstep: 2274  [32mloss:  2.6172  [38;2;180;60;0mgrad_norm:  1.1250  [38;2;54;234;195mmemory: 58.00GiB(73.01%)  [34mtps: 121  [36mtflops: 5.81  [35mmfu: 0.59%[39m
[rank0]:[titan] 2026-03-17 21:35:17,360 - root - INFO - [31mstep: 2275  [32mloss:  2.6796  [38;2;180;60;0mgrad_norm:  1.3681  [38;2;54;234;195mmemory: 58.00GiB(73.01%)  [34mtps: 119  [36mtflops: 5.72  [35mmfu: 0.58%[39m
[rank0]:[titan] 2026-03-17 21:35:34,445 - root - INFO - [31mstep: 2276  [32mloss:  2.6128  [38;2;180;60;0mgrad_norm:  1.1201  [38;2;54;234;195mmemory: 58.00GiB(73.01%)  [34mtps: 120  [36mtflops: 5.78  [35mmfu: 0.58%[39m
[rank0]:[titan] 2026-03-17 21:35:51,754 - root - INFO - [31mstep: 2277  [32mloss:  2.6815  [38;2;180;60;0mgrad_norm:  1.0734  [38;2;54;234;195mmemory: 58.00GiB(73.01%)  [34mtps: 118  [36mtflops: 5.70  [35mmfu: 0.58%[39m
[rank0]:[titan] 2026-03-17 21:36:08,925 - root - INFO - [31mstep: 2278  [32mloss:  2.6799  [38;2;180;60;0mgrad_norm:  0.8360  [38;2;54;234;195mmemory: 58.00GiB(73.01%)  [34mtps: 119  [36mtflops: 5.75  [35mmfu: 0.58%[39m
[rank0]:[titan] 2026-03-17 21:36:26,010 - root - INFO - [31mstep: 2279  [32mloss:  2.6228  [38;2;180;60;0mgrad_norm:  0.9832  [38;2;54;234;195mmemory: 58.00GiB(73.01%)  [34mtps: 120  [36mtflops: 5.78  [35mmfu: 0.58%[39m
[rank0]:[titan] 2026-03-17 21:36:43,217 - root - INFO - [31mstep: 2280  [32mloss:  2.6303  [38;2;180;60;0mgrad_norm:  1.1447  [38;2;54;234;195mmemory: 58.00GiB(73.01%)  [34mtps: 119  [36mtflops: 5.73  [35mmfu: 0.58%[39m
[rank0]:[titan] 2026-03-17 21:37:00,373 - root - INFO - [31mstep: 2281  [32mloss:  2.6308  [38;2;180;60;0mgrad_norm:  0.8735  [38;2;54;234;195mmemory: 58.00GiB(73.01%)  [34mtps: 119  [36mtflops: 5.75  [35mmfu: 0.58%[39m
[rank0]:[titan] 2026-03-17 21:37:17,671 - root - INFO - [31mstep: 2282  [32mloss:  2.6132  [38;2;180;60;0mgrad_norm:  0.7228  [38;2;54;234;195mmemory: 58.00GiB(73.01%)  [34mtps: 118  [36mtflops: 5.70  [35mmfu: 0.58%[39m
[rank0]:[titan] 2026-03-17 21:37:34,795 - root - INFO - [31mstep: 2283  [32mloss:  2.6140  [38;2;180;60;0mgrad_norm:  1.1131  [38;2;54;234;195mmemory: 58.00GiB(73.01%)  [34mtps: 120  [36mtflops: 5.76  [35mmfu: 0.58%[39m
[rank0]:[titan] 2026-03-17 21:37:51,928 - root - INFO - [31mstep: 2284  [32mloss:  2.6559  [38;2;180;60;0mgrad_norm:  1.0643  [38;2;54;234;195mmemory: 58.00GiB(73.01%)  [34mtps: 120  [36mtflops: 5.76  [35mmfu: 0.58%[39m
[rank0]:[titan] 2026-03-17 21:38:09,219 - root - INFO - [31mstep: 2285  [32mloss:  2.6323  [38;2;180;60;0mgrad_norm:  0.9597  [38;2;54;234;195mmemory: 58.00GiB(73.01%)  [34mtps: 118  [36mtflops: 5.71  [35mmfu: 0.58%[39m
[rank0]:[titan] 2026-03-17 21:38:26,474 - root - INFO - [31mstep: 2286  [32mloss:  2.6079  [38;2;180;60;0mgrad_norm:  0.9667  [38;2;54;234;195mmemory: 58.00GiB(73.01%)  [34mtps: 119  [36mtflops: 5.72  [35mmfu: 0.58%[39m
[rank0]:[titan] 2026-03-17 21:38:43,624 - root - INFO - [31mstep: 2287  [32mloss:  2.6563  [38;2;180;60;0mgrad_norm:  1.1396  [38;2;54;234;195mmemory: 58.00GiB(73.01%)  [34mtps: 119  [36mtflops: 5.75  [35mmfu: 0.58%[39m
[rank0]:[titan] 2026-03-17 21:39:00,775 - root - INFO - [31mstep: 2288  [32mloss:  2.6600  [38;2;180;60;0mgrad_norm:  0.9266  [38;2;54;234;195mmemory: 58.00GiB(73.01%)  [34mtps: 119  [36mtflops: 5.75  [35mmfu: 0.58%[39m
[rank0]:[titan] 2026-03-17 21:39:17,908 - root - INFO - [31mstep: 2289  [32mloss:  2.5854  [38;2;180;60;0mgrad_norm:  0.5871  [38;2;54;234;195mmemory: 58.00GiB(73.01%)  [34mtps: 120  [36mtflops: 5.76  [35mmfu: 0.58%[39m
[rank0]:[titan] 2026-03-17 21:39:35,113 - root - INFO - [31mstep: 2290  [32mloss:  2.6895  [38;2;180;60;0mgrad_norm:  0.8283  [38;2;54;234;195mmemory: 58.00GiB(73.01%)  [34mtps: 119  [36mtflops: 5.74  [35mmfu: 0.58%[39m
[rank0]:[titan] 2026-03-17 21:39:52,308 - root - INFO - [31mstep: 2291  [32mloss:  2.6184  [38;2;180;60;0mgrad_norm:  0.9685  [38;2;54;234;195mmemory: 58.00GiB(73.01%)  [34mtps: 119  [36mtflops: 5.74  [35mmfu: 0.58%[39m
[rank0]:[titan] 2026-03-17 21:40:09,585 - root - INFO - [31mstep: 2292  [32mloss:  2.6677  [38;2;180;60;0mgrad_norm:  0.8142  [38;2;54;234;195mmemory: 58.00GiB(73.01%)  [34mtps: 119  [36mtflops: 5.71  [35mmfu: 0.58%[39m
[rank0]:[titan] 2026-03-17 21:40:26,669 - root - INFO - [31mstep: 2293  [32mloss:  2.6637  [38;2;180;60;0mgrad_norm:  0.6319  [38;2;54;234;195mmemory: 58.00GiB(73.01%)  [34mtps: 120  [36mtflops: 5.78  [35mmfu: 0.58%[39m
[rank0]:[titan] 2026-03-17 21:40:43,859 - root - INFO - [31mstep: 2294  [32mloss:  2.6234  [38;2;180;60;0mgrad_norm:  0.7061  [38;2;54;234;195mmemory: 58.00GiB(73.01%)  [34mtps: 119  [36mtflops: 5.74  [35mmfu: 0.58%[39m
[rank0]:[titan] 2026-03-17 21:41:00,773 - root - INFO - [31mstep: 2295  [32mloss:  2.6852  [38;2;180;60;0mgrad_norm:  0.7474  [38;2;54;234;195mmemory: 58.00GiB(73.01%)  [34mtps: 121  [36mtflops: 5.84  [35mmfu: 0.59%[39m
[rank0]:[titan] 2026-03-17 21:41:18,161 - root - INFO - [31mstep: 2296  [32mloss:  2.6549  [38;2;180;60;0mgrad_norm:  1.0081  [38;2;54;234;195mmemory: 58.00GiB(73.01%)  [34mtps: 118  [36mtflops: 5.68  [35mmfu: 0.57%[39m
[rank0]:[titan] 2026-03-17 21:41:35,344 - root - INFO - [31mstep: 2297  [32mloss:  2.6619  [38;2;180;60;0mgrad_norm:  0.8808  [38;2;54;234;195mmemory: 58.00GiB(73.01%)  [34mtps: 119  [36mtflops: 5.74  [35mmfu: 0.58%[39m
[rank0]:[titan] 2026-03-17 21:41:52,552 - root - INFO - [31mstep: 2298  [32mloss:  2.7660  [38;2;180;60;0mgrad_norm:  0.8609  [38;2;54;234;195mmemory: 58.00GiB(73.01%)  [34mtps: 119  [36mtflops: 5.73  [35mmfu: 0.58%[39m
[rank0]:[titan] 2026-03-17 21:42:09,744 - root - INFO - [31mstep: 2299  [32mloss:  2.6834  [38;2;180;60;0mgrad_norm:  0.9187  [38;2;54;234;195mmemory: 58.00GiB(73.01%)  [34mtps: 119  [36mtflops: 5.74  [35mmfu: 0.58%[39m
[rank0]:[titan] 2026-03-17 21:42:26,930 - root - INFO - [31mstep: 2300  [32mloss:  2.6385  [38;2;180;60;0mgrad_norm:  0.6690  [38;2;54;234;195mmemory: 58.00GiB(73.01%)  [34mtps: 119  [36mtflops: 5.74  [35mmfu: 0.58%[39m
[rank0]:[titan] 2026-03-17 21:42:44,174 - root - INFO - [31mstep: 2301  [32mloss:  2.6467  [38;2;180;60;0mgrad_norm:  0.8822  [38;2;54;234;195mmemory: 58.00GiB(73.01%)  [34mtps: 119  [36mtflops: 5.72  [35mmfu: 0.58%[39m
[rank0]:[titan] 2026-03-17 21:43:01,463 - root - INFO - [31mstep: 2302  [32mloss:  2.7041  [38;2;180;60;0mgrad_norm:  0.8362  [38;2;54;234;195mmemory: 58.00GiB(73.01%)  [34mtps: 118  [36mtflops: 5.71  [35mmfu: 0.58%[39m
[rank0]:[titan] 2026-03-17 21:43:18,734 - root - INFO - [31mstep: 2303  [32mloss:  2.6949  [38;2;180;60;0mgrad_norm:  0.8818  [38;2;54;234;195mmemory: 58.00GiB(73.01%)  [34mtps: 119  [36mtflops: 5.71  [35mmfu: 0.58%[39m
[rank0]:[titan] 2026-03-17 21:43:35,385 - root - INFO - [31mstep: 2304  [32mloss:  2.6750  [38;2;180;60;0mgrad_norm:  0.7344  [38;2;54;234;195mmemory: 58.00GiB(73.01%)  [34mtps: 123  [36mtflops: 5.93  [35mmfu: 0.60%[39m
[rank0]:[titan] 2026-03-17 21:43:53,067 - root - INFO - [31mstep: 2305  [32mloss:  2.6513  [38;2;180;60;0mgrad_norm:  0.8139  [38;2;54;234;195mmemory: 58.00GiB(73.01%)  [34mtps: 116  [36mtflops: 5.58  [35mmfu: 0.56%[39m
[rank0]:[titan] 2026-03-17 21:44:10,881 - root - INFO - [31mstep: 2306  [32mloss:  2.7066  [38;2;180;60;0mgrad_norm:  0.9578  [38;2;54;234;195mmemory: 58.00GiB(73.01%)  [34mtps: 115  [36mtflops: 5.54  [35mmfu: 0.56%[39m
[rank0]:[titan] 2026-03-17 21:44:28,129 - root - INFO - [31mstep: 2307  [32mloss:  2.6837  [38;2;180;60;0mgrad_norm:  8.0226  [38;2;54;234;195mmemory: 58.00GiB(73.01%)  [34mtps: 119  [36mtflops: 5.72  [35mmfu: 0.58%[39m
[rank0]:[titan] 2026-03-17 21:44:45,307 - root - INFO - [31mstep: 2308  [32mloss:  2.7186  [38;2;180;60;0mgrad_norm:  1.4087  [38;2;54;234;195mmemory: 58.00GiB(73.01%)  [34mtps: 119  [36mtflops: 5.74  [35mmfu: 0.58%[39m
[rank0]:[titan] 2026-03-17 21:45:02,501 - root - INFO - [31mstep: 2309  [32mloss:  2.7591  [38;2;180;60;0mgrad_norm:  1.4161  [38;2;54;234;195mmemory: 58.00GiB(73.01%)  [34mtps: 119  [36mtflops: 5.74  [35mmfu: 0.58%[39m
[rank0]:[titan] 2026-03-17 21:45:19,703 - root - INFO - [31mstep: 2310  [32mloss:  2.6907  [38;2;180;60;0mgrad_norm:  1.1033  [38;2;54;234;195mmemory: 58.00GiB(73.01%)  [34mtps: 119  [36mtflops: 5.74  [35mmfu: 0.58%[39m
[rank0]:[titan] 2026-03-17 21:45:36,765 - root - INFO - [31mstep: 2311  [32mloss:  2.6691  [38;2;180;60;0mgrad_norm:  0.9870  [38;2;54;234;195mmemory: 58.00GiB(73.01%)  [34mtps: 120  [36mtflops: 5.78  [35mmfu: 0.58%[39m
[rank0]:[titan] 2026-03-17 21:45:53,852 - root - INFO - [31mstep: 2312  [32mloss:  2.6671  [38;2;180;60;0mgrad_norm:  1.2351  [38;2;54;234;195mmemory: 58.00GiB(73.01%)  [34mtps: 120  [36mtflops: 5.77  [35mmfu: 0.58%[39m
[rank0]:[titan] 2026-03-17 21:46:11,095 - root - INFO - [31mstep: 2313  [32mloss:  2.7094  [38;2;180;60;0mgrad_norm:  1.1890  [38;2;54;234;195mmemory: 58.00GiB(73.01%)  [34mtps: 119  [36mtflops: 5.72  [35mmfu: 0.58%[39m
[rank0]:[titan] 2026-03-17 21:46:28,343 - root - INFO - [31mstep: 2314  [32mloss:  2.6949  [38;2;180;60;0mgrad_norm:  1.0407  [38;2;54;234;195mmemory: 58.00GiB(73.01%)  [34mtps: 119  [36mtflops: 5.72  [35mmfu: 0.58%[39m
[rank0]:[titan] 2026-03-17 21:46:45,345 - root - INFO - [31mstep: 2315  [32mloss:  2.6807  [38;2;180;60;0mgrad_norm:  1.0208  [38;2;54;234;195mmemory: 58.00GiB(73.01%)  [34mtps: 120  [36mtflops: 5.80  [35mmfu: 0.59%[39m
[rank0]:[titan] 2026-03-17 21:47:02,466 - root - INFO - [31mstep: 2316  [32mloss:  2.6601  [38;2;180;60;0mgrad_norm:  1.2440  [38;2;54;234;195mmemory: 58.00GiB(73.01%)  [34mtps: 120  [36mtflops: 5.76  [35mmfu: 0.58%[39m
[rank0]:[titan] 2026-03-17 21:47:19,799 - root - INFO - [31mstep: 2317  [32mloss:  2.6298  [38;2;180;60;0mgrad_norm:  1.0747  [38;2;54;234;195mmemory: 58.00GiB(73.01%)  [34mtps: 118  [36mtflops: 5.69  [35mmfu: 0.58%[39m
[rank0]:[titan] 2026-03-17 21:47:37,028 - root - INFO - [31mstep: 2318  [32mloss:  2.6472  [38;2;180;60;0mgrad_norm:  1.1079  [38;2;54;234;195mmemory: 58.00GiB(73.01%)  [34mtps: 119  [36mtflops: 5.73  [35mmfu: 0.58%[39m
[rank0]:[titan] 2026-03-17 21:47:54,168 - root - INFO - [31mstep: 2319  [32mloss:  2.6790  [38;2;180;60;0mgrad_norm:  1.4762  [38;2;54;234;195mmemory: 58.00GiB(73.01%)  [34mtps: 119  [36mtflops: 5.76  [35mmfu: 0.58%[39m
[rank0]:[titan] 2026-03-17 21:48:11,357 - root - INFO - [31mstep: 2320  [32mloss:  2.6899  [38;2;180;60;0mgrad_norm:  1.5179  [38;2;54;234;195mmemory: 58.00GiB(73.01%)  [34mtps: 119  [36mtflops: 5.74  [35mmfu: 0.58%[39m
[rank0]:[titan] 2026-03-17 21:48:28,460 - root - INFO - [31mstep: 2321  [32mloss:  2.6679  [38;2;180;60;0mgrad_norm:  1.0717  [38;2;54;234;195mmemory: 58.00GiB(73.01%)  [34mtps: 120  [36mtflops: 5.77  [35mmfu: 0.58%[39m
[rank0]:[titan] 2026-03-17 21:48:45,680 - root - INFO - [31mstep: 2322  [32mloss:  2.7057  [38;2;180;60;0mgrad_norm:  1.1820  [38;2;54;234;195mmemory: 58.00GiB(73.01%)  [34mtps: 119  [36mtflops: 5.73  [35mmfu: 0.58%[39m
[rank0]:[titan] 2026-03-17 21:49:02,750 - root - INFO - [31mstep: 2323  [32mloss:  2.6969  [38;2;180;60;0mgrad_norm:  1.1621  [38;2;54;234;195mmemory: 58.00GiB(73.01%)  [34mtps: 120  [36mtflops: 5.78  [35mmfu: 0.58%[39m
[rank0]:[titan] 2026-03-17 21:49:19,994 - root - INFO - [31mstep: 2324  [32mloss:  2.6411  [38;2;180;60;0mgrad_norm:  0.8552  [38;2;54;234;195mmemory: 58.00GiB(73.01%)  [34mtps: 119  [36mtflops: 5.72  [35mmfu: 0.58%[39m
[rank0]:[titan] 2026-03-17 21:49:37,067 - root - INFO - [31mstep: 2325  [32mloss:  2.7350  [38;2;180;60;0mgrad_norm:  0.8302  [38;2;54;234;195mmemory: 58.00GiB(73.01%)  [34mtps: 120  [36mtflops: 5.78  [35mmfu: 0.58%[39m
[rank0]:[titan] 2026-03-17 21:49:37,070 - root - WARNING - Dataset c4_test is being re-looped
[rank0]:[titan] 2026-03-17 21:49:54,115 - root - INFO - [31mstep: 2326  [32mloss:  2.7563  [38;2;180;60;0mgrad_norm:  1.0614  [38;2;54;234;195mmemory: 58.00GiB(73.01%)  [34mtps: 120  [36mtflops: 5.79  [35mmfu: 0.59%[39m
[rank0]:[titan] 2026-03-17 21:50:11,279 - root - INFO - [31mstep: 2327  [32mloss:  2.7604  [38;2;180;60;0mgrad_norm:  1.0252  [38;2;54;234;195mmemory: 58.00GiB(73.01%)  [34mtps: 119  [36mtflops: 5.75  [35mmfu: 0.58%[39m
[rank0]:[titan] 2026-03-17 21:50:28,463 - root - INFO - [31mstep: 2328  [32mloss:  2.7490  [38;2;180;60;0mgrad_norm:  0.9942  [38;2;54;234;195mmemory: 58.00GiB(73.01%)  [34mtps: 119  [36mtflops: 5.74  [35mmfu: 0.58%[39m
[rank0]:[titan] 2026-03-17 21:50:45,666 - root - INFO - [31mstep: 2329  [32mloss:  2.6866  [38;2;180;60;0mgrad_norm:  0.8649  [38;2;54;234;195mmemory: 58.00GiB(73.01%)  [34mtps: 119  [36mtflops: 5.74  [35mmfu: 0.58%[39m
[rank0]:[titan] 2026-03-17 21:51:02,879 - root - INFO - [31mstep: 2330  [32mloss:  2.6980  [38;2;180;60;0mgrad_norm:  1.1307  [38;2;54;234;195mmemory: 58.00GiB(73.01%)  [34mtps: 119  [36mtflops: 5.73  [35mmfu: 0.58%[39m
[rank0]:[titan] 2026-03-17 21:51:20,089 - root - INFO - [31mstep: 2331  [32mloss:  2.7436  [38;2;180;60;0mgrad_norm:  1.2618  [38;2;54;234;195mmemory: 58.00GiB(73.01%)  [34mtps: 119  [36mtflops: 5.73  [35mmfu: 0.58%[39m
[rank0]:[titan] 2026-03-17 21:51:37,260 - root - INFO - [31mstep: 2332  [32mloss:  2.6700  [38;2;180;60;0mgrad_norm:  1.0602  [38;2;54;234;195mmemory: 58.00GiB(73.01%)  [34mtps: 119  [36mtflops: 5.75  [35mmfu: 0.58%[39m
[rank0]:[titan] 2026-03-17 21:51:54,319 - root - INFO - [31mstep: 2333  [32mloss:  2.6989  [38;2;180;60;0mgrad_norm:  0.9719  [38;2;54;234;195mmemory: 58.00GiB(73.01%)  [34mtps: 120  [36mtflops: 5.78  [35mmfu: 0.58%[39m
[rank0]:[titan] 2026-03-17 21:52:11,594 - root - INFO - [31mstep: 2334  [32mloss:  2.6894  [38;2;180;60;0mgrad_norm:  0.9056  [38;2;54;234;195mmemory: 58.00GiB(73.01%)  [34mtps: 119  [36mtflops: 5.71  [35mmfu: 0.58%[39m
[rank0]:[titan] 2026-03-17 21:52:28,726 - root - INFO - [31mstep: 2335  [32mloss:  2.7182  [38;2;180;60;0mgrad_norm:  1.1189  [38;2;54;234;195mmemory: 58.00GiB(73.01%)  [34mtps: 120  [36mtflops: 5.76  [35mmfu: 0.58%[39m
[rank0]:[titan] 2026-03-17 21:52:46,079 - root - INFO - [31mstep: 2336  [32mloss:  2.7438  [38;2;180;60;0mgrad_norm:  1.1951  [38;2;54;234;195mmemory: 58.00GiB(73.01%)  [34mtps: 118  [36mtflops: 5.69  [35mmfu: 0.57%[39m
[rank0]:[titan] 2026-03-17 21:53:03,191 - root - INFO - [31mstep: 2337  [32mloss:  2.7320  [38;2;180;60;0mgrad_norm:  1.0130  [38;2;54;234;195mmemory: 58.00GiB(73.01%)  [34mtps: 120  [36mtflops: 5.77  [35mmfu: 0.58%[39m
[rank0]:[titan] 2026-03-17 21:53:20,347 - root - INFO - [31mstep: 2338  [32mloss:  2.7237  [38;2;180;60;0mgrad_norm:  0.8058  [38;2;54;234;195mmemory: 58.00GiB(73.01%)  [34mtps: 119  [36mtflops: 5.75  [35mmfu: 0.58%[39m
[rank0]:[titan] 2026-03-17 21:53:37,491 - root - INFO - [31mstep: 2339  [32mloss:  2.7712  [38;2;180;60;0mgrad_norm:  0.9743  [38;2;54;234;195mmemory: 58.00GiB(73.01%)  [34mtps: 119  [36mtflops: 5.76  [35mmfu: 0.58%[39m
[rank0]:[titan] 2026-03-17 21:53:54,709 - root - INFO - [31mstep: 2340  [32mloss:  2.7338  [38;2;180;60;0mgrad_norm:  1.0422  [38;2;54;234;195mmemory: 58.00GiB(73.01%)  [34mtps: 119  [36mtflops: 5.73  [35mmfu: 0.58%[39m
[rank0]:[titan] 2026-03-17 21:54:11,957 - root - INFO - [31mstep: 2341  [32mloss:  2.7095  [38;2;180;60;0mgrad_norm:  1.0605  [38;2;54;234;195mmemory: 58.00GiB(73.01%)  [34mtps: 119  [36mtflops: 5.72  [35mmfu: 0.58%[39m
[rank0]:[titan] 2026-03-17 21:54:29,152 - root - INFO - [31mstep: 2342  [32mloss:  2.6590  [38;2;180;60;0mgrad_norm:  0.8453  [38;2;54;234;195mmemory: 58.00GiB(73.01%)  [34mtps: 119  [36mtflops: 5.74  [35mmfu: 0.58%[39m
[rank0]:[titan] 2026-03-17 21:54:46,367 - root - INFO - [31mstep: 2343  [32mloss:  2.6730  [38;2;180;60;0mgrad_norm:  0.7682  [38;2;54;234;195mmemory: 58.00GiB(73.01%)  [34mtps: 119  [36mtflops: 5.73  [35mmfu: 0.58%[39m
[rank0]:[titan] 2026-03-17 21:55:03,293 - root - INFO - [31mstep: 2344  [32mloss:  2.7662  [38;2;180;60;0mgrad_norm:  1.1154  [38;2;54;234;195mmemory: 58.00GiB(73.01%)  [34mtps: 121  [36mtflops: 5.83  [35mmfu: 0.59%[39m
[rank0]:[titan] 2026-03-17 21:55:20,472 - root - INFO - [31mstep: 2345  [32mloss:  2.7852  [38;2;180;60;0mgrad_norm:  1.1567  [38;2;54;234;195mmemory: 58.00GiB(73.01%)  [34mtps: 119  [36mtflops: 5.74  [35mmfu: 0.58%[39m
[rank0]:[titan] 2026-03-17 21:55:37,552 - root - INFO - [31mstep: 2346  [32mloss:  2.7581  [38;2;180;60;0mgrad_norm:  1.0307  [38;2;54;234;195mmemory: 58.00GiB(73.01%)  [34mtps: 120  [36mtflops: 5.78  [35mmfu: 0.58%[39m
[rank0]:[titan] 2026-03-17 21:55:54,646 - root - INFO - [31mstep: 2347  [32mloss:  2.7459  [38;2;180;60;0mgrad_norm:  1.2365  [38;2;54;234;195mmemory: 58.00GiB(73.01%)  [34mtps: 120  [36mtflops: 5.77  [35mmfu: 0.58%[39m
[rank0]:[titan] 2026-03-17 21:56:11,964 - root - INFO - [31mstep: 2348  [32mloss:  2.7193  [38;2;180;60;0mgrad_norm:  0.8829  [38;2;54;234;195mmemory: 58.00GiB(73.01%)  [34mtps: 118  [36mtflops: 5.70  [35mmfu: 0.58%[39m
[rank0]:[titan] 2026-03-17 21:56:29,270 - root - INFO - [31mstep: 2349  [32mloss:  2.6746  [38;2;180;60;0mgrad_norm:  1.0102  [38;2;54;234;195mmemory: 58.00GiB(73.01%)  [34mtps: 118  [36mtflops: 5.70  [35mmfu: 0.58%[39m
[rank0]:[titan] 2026-03-17 21:56:46,452 - root - INFO - [31mstep: 2350  [32mloss:  2.7503  [38;2;180;60;0mgrad_norm:  1.4678  [38;2;54;234;195mmemory: 58.00GiB(73.01%)  [34mtps: 119  [36mtflops: 5.74  [35mmfu: 0.58%[39m
[rank0]:[titan] 2026-03-17 21:57:03,623 - root - INFO - [31mstep: 2351  [32mloss:  2.7618  [38;2;180;60;0mgrad_norm:  1.7319  [38;2;54;234;195mmemory: 58.00GiB(73.01%)  [34mtps: 119  [36mtflops: 5.75  [35mmfu: 0.58%[39m
[rank0]:[titan] 2026-03-17 21:57:20,712 - root - INFO - [31mstep: 2352  [32mloss:  2.7484  [38;2;180;60;0mgrad_norm:  1.3064  [38;2;54;234;195mmemory: 58.00GiB(73.01%)  [34mtps: 120  [36mtflops: 5.77  [35mmfu: 0.58%[39m
[rank0]:[titan] 2026-03-17 21:57:38,042 - root - INFO - [31mstep: 2353  [32mloss:  2.6907  [38;2;180;60;0mgrad_norm:  0.8831  [38;2;54;234;195mmemory: 58.00GiB(73.01%)  [34mtps: 118  [36mtflops: 5.69  [35mmfu: 0.58%[39m
[rank0]:[titan] 2026-03-17 21:57:55,226 - root - INFO - [31mstep: 2354  [32mloss:  2.7264  [38;2;180;60;0mgrad_norm:  1.2656  [38;2;54;234;195mmemory: 58.00GiB(73.01%)  [34mtps: 119  [36mtflops: 5.74  [35mmfu: 0.58%[39m
[rank0]:[titan] 2026-03-17 21:58:12,208 - root - INFO - [31mstep: 2355  [32mloss:  2.6780  [38;2;180;60;0mgrad_norm:  1.5366  [38;2;54;234;195mmemory: 58.00GiB(73.01%)  [34mtps: 121  [36mtflops: 5.81  [35mmfu: 0.59%[39m
[rank0]:[titan] 2026-03-17 21:58:29,527 - root - INFO - [31mstep: 2356  [32mloss:  2.6862  [38;2;180;60;0mgrad_norm:  1.1316  [38;2;54;234;195mmemory: 58.00GiB(73.01%)  [34mtps: 118  [36mtflops: 5.70  [35mmfu: 0.58%[39m
[rank0]:[titan] 2026-03-17 21:58:46,642 - root - INFO - [31mstep: 2357  [32mloss:  2.6838  [38;2;180;60;0mgrad_norm:  0.8142  [38;2;54;234;195mmemory: 58.00GiB(73.01%)  [34mtps: 120  [36mtflops: 5.77  [35mmfu: 0.58%[39m
[rank0]:[titan] 2026-03-17 21:59:03,885 - root - INFO - [31mstep: 2358  [32mloss:  2.6893  [38;2;180;60;0mgrad_norm:  0.8190  [38;2;54;234;195mmemory: 58.00GiB(73.01%)  [34mtps: 119  [36mtflops: 5.72  [35mmfu: 0.58%[39m
[rank0]:[titan] 2026-03-17 21:59:21,088 - root - INFO - [31mstep: 2359  [32mloss:  2.6628  [38;2;180;60;0mgrad_norm:  1.0407  [38;2;54;234;195mmemory: 58.00GiB(73.01%)  [34mtps: 119  [36mtflops: 5.74  [35mmfu: 0.58%[39m
[rank0]:[titan] 2026-03-17 21:59:38,417 - root - INFO - [31mstep: 2360  [32mloss:  2.6649  [38;2;180;60;0mgrad_norm:  1.0592  [38;2;54;234;195mmemory: 58.00GiB(73.01%)  [34mtps: 118  [36mtflops: 5.69  [35mmfu: 0.58%[39m
[rank0]:[titan] 2026-03-17 21:59:55,506 - root - INFO - [31mstep: 2361  [32mloss:  2.6513  [38;2;180;60;0mgrad_norm:  1.2742  [38;2;54;234;195mmemory: 58.00GiB(73.01%)  [34mtps: 120  [36mtflops: 5.77  [35mmfu: 0.58%[39m
[rank0]:[titan] 2026-03-17 22:00:12,107 - root - INFO - [31mstep: 2362  [32mloss:  2.6703  [38;2;180;60;0mgrad_norm:  1.2639  [38;2;54;234;195mmemory: 58.00GiB(73.01%)  [34mtps: 123  [36mtflops: 5.94  [35mmfu: 0.60%[39m
[rank0]:[titan] 2026-03-17 22:00:29,128 - root - INFO - [31mstep: 2363  [32mloss:  2.6656  [38;2;180;60;0mgrad_norm:  0.8896  [38;2;54;234;195mmemory: 58.00GiB(73.01%)  [34mtps: 120  [36mtflops: 5.80  [35mmfu: 0.59%[39m
[rank0]:[titan] 2026-03-17 22:00:46,276 - root - INFO - [31mstep: 2364  [32mloss:  2.6464  [38;2;180;60;0mgrad_norm:  0.8340  [38;2;54;234;195mmemory: 58.00GiB(73.01%)  [34mtps: 119  [36mtflops: 5.75  [35mmfu: 0.58%[39m
[rank0]:[titan] 2026-03-17 22:01:03,506 - root - INFO - [31mstep: 2365  [32mloss:  2.6920  [38;2;180;60;0mgrad_norm:  1.0997  [38;2;54;234;195mmemory: 58.00GiB(73.01%)  [34mtps: 119  [36mtflops: 5.73  [35mmfu: 0.58%[39m
[rank0]:[titan] 2026-03-17 22:01:20,771 - root - INFO - [31mstep: 2366  [32mloss:  2.7155  [38;2;180;60;0mgrad_norm:  1.1591  [38;2;54;234;195mmemory: 58.00GiB(73.01%)  [34mtps: 119  [36mtflops: 5.72  [35mmfu: 0.58%[39m
[rank0]:[titan] 2026-03-17 22:01:38,037 - root - INFO - [31mstep: 2367  [32mloss:  2.6796  [38;2;180;60;0mgrad_norm:  0.7401  [38;2;54;234;195mmemory: 58.00GiB(73.01%)  [34mtps: 119  [36mtflops: 5.72  [35mmfu: 0.58%[39m
[rank0]:[titan] 2026-03-17 22:01:55,251 - root - INFO - [31mstep: 2368  [32mloss:  2.7059  [38;2;180;60;0mgrad_norm:  0.9210  [38;2;54;234;195mmemory: 58.00GiB(73.01%)  [34mtps: 119  [36mtflops: 5.73  [35mmfu: 0.58%[39m
[rank0]:[titan] 2026-03-17 22:02:12,602 - root - INFO - [31mstep: 2369  [32mloss:  2.7179  [38;2;180;60;0mgrad_norm:  0.8395  [38;2;54;234;195mmemory: 58.00GiB(73.01%)  [34mtps: 118  [36mtflops: 5.69  [35mmfu: 0.58%[39m
[rank0]:[titan] 2026-03-17 22:02:29,907 - root - INFO - [31mstep: 2370  [32mloss:  2.7179  [38;2;180;60;0mgrad_norm:  1.2972  [38;2;54;234;195mmemory: 58.00GiB(73.01%)  [34mtps: 118  [36mtflops: 5.70  [35mmfu: 0.58%[39m
[rank0]:[titan] 2026-03-17 22:02:47,184 - root - INFO - [31mstep: 2371  [32mloss:  2.6986  [38;2;180;60;0mgrad_norm:  0.9023  [38;2;54;234;195mmemory: 58.00GiB(73.01%)  [34mtps: 119  [36mtflops: 5.71  [35mmfu: 0.58%[39m
[rank0]:[titan] 2026-03-17 22:03:04,171 - root - INFO - [31mstep: 2372  [32mloss:  2.6733  [38;2;180;60;0mgrad_norm:  0.9843  [38;2;54;234;195mmemory: 58.00GiB(73.01%)  [34mtps: 121  [36mtflops: 5.81  [35mmfu: 0.59%[39m
[rank0]:[titan] 2026-03-17 22:03:21,263 - root - INFO - [31mstep: 2373  [32mloss:  2.6942  [38;2;180;60;0mgrad_norm:  0.9323  [38;2;54;234;195mmemory: 58.00GiB(73.01%)  [34mtps: 120  [36mtflops: 5.77  [35mmfu: 0.58%[39m
[rank0]:[titan] 2026-03-17 22:03:38,442 - root - INFO - [31mstep: 2374  [32mloss:  2.7124  [38;2;180;60;0mgrad_norm:  0.6762  [38;2;54;234;195mmemory: 58.00GiB(73.01%)  [34mtps: 119  [36mtflops: 5.74  [35mmfu: 0.58%[39m
[rank0]:[titan] 2026-03-17 22:03:55,626 - root - INFO - [31mstep: 2375  [32mloss:  2.7082  [38;2;180;60;0mgrad_norm:  0.9292  [38;2;54;234;195mmemory: 58.00GiB(73.01%)  [34mtps: 119  [36mtflops: 5.74  [35mmfu: 0.58%[39m
[rank0]:[titan] 2026-03-17 22:04:12,815 - root - INFO - [31mstep: 2376  [32mloss:  2.6384  [38;2;180;60;0mgrad_norm:  0.9102  [38;2;54;234;195mmemory: 58.00GiB(73.01%)  [34mtps: 119  [36mtflops: 5.74  [35mmfu: 0.58%[39m
[rank0]:[titan] 2026-03-17 22:04:29,928 - root - INFO - [31mstep: 2377  [32mloss:  2.6610  [38;2;180;60;0mgrad_norm:  0.9778  [38;2;54;234;195mmemory: 58.00GiB(73.01%)  [34mtps: 120  [36mtflops: 5.77  [35mmfu: 0.58%[39m
[rank0]:[titan] 2026-03-17 22:04:47,119 - root - INFO - [31mstep: 2378  [32mloss:  2.6669  [38;2;180;60;0mgrad_norm:  0.9367  [38;2;54;234;195mmemory: 58.00GiB(73.01%)  [34mtps: 119  [36mtflops: 5.74  [35mmfu: 0.58%[39m
[rank0]:[titan] 2026-03-17 22:05:04,371 - root - INFO - [31mstep: 2379  [32mloss:  2.6331  [38;2;180;60;0mgrad_norm:  1.0419  [38;2;54;234;195mmemory: 58.00GiB(73.01%)  [34mtps: 119  [36mtflops: 5.72  [35mmfu: 0.58%[39m
[rank0]:[titan] 2026-03-17 22:05:21,669 - root - INFO - [31mstep: 2380  [32mloss:  2.6191  [38;2;180;60;0mgrad_norm:  0.9083  [38;2;54;234;195mmemory: 58.00GiB(73.01%)  [34mtps: 118  [36mtflops: 5.70  [35mmfu: 0.58%[39m
[rank0]:[titan] 2026-03-17 22:05:38,946 - root - INFO - [31mstep: 2381  [32mloss:  2.6217  [38;2;180;60;0mgrad_norm:  1.2128  [38;2;54;234;195mmemory: 58.00GiB(73.01%)  [34mtps: 119  [36mtflops: 5.71  [35mmfu: 0.58%[39m
[rank0]:[titan] 2026-03-17 22:05:56,215 - root - INFO - [31mstep: 2382  [32mloss:  2.7107  [38;2;180;60;0mgrad_norm:  1.3506  [38;2;54;234;195mmemory: 58.00GiB(73.01%)  [34mtps: 119  [36mtflops: 5.71  [35mmfu: 0.58%[39m
[rank0]:[titan] 2026-03-17 22:06:13,576 - root - INFO - [31mstep: 2383  [32mloss:  2.7420  [38;2;180;60;0mgrad_norm:  0.8231  [38;2;54;234;195mmemory: 58.00GiB(73.01%)  [34mtps: 118  [36mtflops: 5.68  [35mmfu: 0.57%[39m
[rank0]:[titan] 2026-03-17 22:06:30,769 - root - INFO - [31mstep: 2384  [32mloss:  2.6828  [38;2;180;60;0mgrad_norm:  0.8457  [38;2;54;234;195mmemory: 58.00GiB(73.01%)  [34mtps: 119  [36mtflops: 5.74  [35mmfu: 0.58%[39m
[rank0]:[titan] 2026-03-17 22:06:47,819 - root - INFO - [31mstep: 2385  [32mloss:  2.6588  [38;2;180;60;0mgrad_norm:  0.8125  [38;2;54;234;195mmemory: 58.00GiB(73.01%)  [34mtps: 120  [36mtflops: 5.79  [35mmfu: 0.59%[39m
[rank0]:[titan] 2026-03-17 22:07:05,087 - root - INFO - [31mstep: 2386  [32mloss:  2.6410  [38;2;180;60;0mgrad_norm:  0.7156  [38;2;54;234;195mmemory: 58.00GiB(73.01%)  [34mtps: 119  [36mtflops: 5.71  [35mmfu: 0.58%[39m
[rank0]:[titan] 2026-03-17 22:07:22,200 - root - INFO - [31mstep: 2387  [32mloss:  2.6384  [38;2;180;60;0mgrad_norm:  0.7328  [38;2;54;234;195mmemory: 58.00GiB(73.01%)  [34mtps: 120  [36mtflops: 5.77  [35mmfu: 0.58%[39m
[rank0]:[titan] 2026-03-17 22:07:39,419 - root - INFO - [31mstep: 2388  [32mloss:  2.6846  [38;2;180;60;0mgrad_norm:  0.6512  [38;2;54;234;195mmemory: 58.00GiB(73.01%)  [34mtps: 119  [36mtflops: 5.73  [35mmfu: 0.58%[39m
[rank0]:[titan] 2026-03-17 22:07:56,667 - root - INFO - [31mstep: 2389  [32mloss:  2.6658  [38;2;180;60;0mgrad_norm:  0.8007  [38;2;54;234;195mmemory: 58.00GiB(73.01%)  [34mtps: 119  [36mtflops: 5.72  [35mmfu: 0.58%[39m
[rank0]:[titan] 2026-03-17 22:08:13,852 - root - INFO - [31mstep: 2390  [32mloss:  2.7329  [38;2;180;60;0mgrad_norm:  0.8456  [38;2;54;234;195mmemory: 58.00GiB(73.01%)  [34mtps: 119  [36mtflops: 5.74  [35mmfu: 0.58%[39m
[rank0]:[titan] 2026-03-17 22:08:31,153 - root - INFO - [31mstep: 2391  [32mloss:  2.6715  [38;2;180;60;0mgrad_norm:  0.9061  [38;2;54;234;195mmemory: 58.00GiB(73.01%)  [34mtps: 118  [36mtflops: 5.70  [35mmfu: 0.58%[39m
[rank0]:[titan] 2026-03-17 22:08:48,405 - root - INFO - [31mstep: 2392  [32mloss:  2.6406  [38;2;180;60;0mgrad_norm:  0.7796  [38;2;54;234;195mmemory: 58.00GiB(73.01%)  [34mtps: 119  [36mtflops: 5.72  [35mmfu: 0.58%[39m
[rank0]:[titan] 2026-03-17 22:09:05,615 - root - INFO - [31mstep: 2393  [32mloss:  2.5727  [38;2;180;60;0mgrad_norm:  0.6279  [38;2;54;234;195mmemory: 58.00GiB(73.01%)  [34mtps: 119  [36mtflops: 5.73  [35mmfu: 0.58%[39m
[rank0]:[titan] 2026-03-17 22:09:22,666 - root - INFO - [31mstep: 2394  [32mloss:  2.6965  [38;2;180;60;0mgrad_norm:  0.8597  [38;2;54;234;195mmemory: 58.00GiB(73.01%)  [34mtps: 120  [36mtflops: 5.79  [35mmfu: 0.59%[39m
[rank0]:[titan] 2026-03-17 22:09:39,908 - root - INFO - [31mstep: 2395  [32mloss:  2.6184  [38;2;180;60;0mgrad_norm:  0.9334  [38;2;54;234;195mmemory: 58.00GiB(73.01%)  [34mtps: 119  [36mtflops: 5.72  [35mmfu: 0.58%[39m
[rank0]:[titan] 2026-03-17 22:09:57,097 - root - INFO - [31mstep: 2396  [32mloss:  2.7062  [38;2;180;60;0mgrad_norm:  0.7384  [38;2;54;234;195mmemory: 58.00GiB(73.01%)  [34mtps: 119  [36mtflops: 5.74  [35mmfu: 0.58%[39m
[rank0]:[titan] 2026-03-17 22:10:14,224 - root - INFO - [31mstep: 2397  [32mloss:  2.8332  [38;2;180;60;0mgrad_norm:  0.8916  [38;2;54;234;195mmemory: 58.00GiB(73.01%)  [34mtps: 120  [36mtflops: 5.76  [35mmfu: 0.58%[39m
[rank0]:[titan] 2026-03-17 22:10:31,334 - root - INFO - [31mstep: 2398  [32mloss:  2.8023  [38;2;180;60;0mgrad_norm:  2.6876  [38;2;54;234;195mmemory: 58.00GiB(73.01%)  [34mtps: 120  [36mtflops: 5.77  [35mmfu: 0.58%[39m
[rank0]:[titan] 2026-03-17 22:10:48,328 - root - INFO - [31mstep: 2399  [32mloss:  2.6847  [38;2;180;60;0mgrad_norm:  1.0786  [38;2;54;234;195mmemory: 58.00GiB(73.01%)  [34mtps: 121  [36mtflops: 5.81  [35mmfu: 0.59%[39m
[rank0]:[titan] 2026-03-17 22:11:06,062 - root - INFO - [31mstep: 2400  [32mloss:  2.7019  [38;2;180;60;0mgrad_norm:  1.0260  [38;2;54;234;195mmemory: 58.00GiB(73.01%)  [34mtps: 115  [36mtflops: 5.56  [35mmfu: 0.56%[39m
[rank0]:[titan] 2026-03-17 22:11:23,168 - root - INFO - [31mstep: 2401  [32mloss:  2.6610  [38;2;180;60;0mgrad_norm:  0.7117  [38;2;54;234;195mmemory: 58.00GiB(73.01%)  [34mtps: 120  [36mtflops: 5.77  [35mmfu: 0.58%[39m
[rank0]:[titan] 2026-03-17 22:11:40,482 - root - INFO - [31mstep: 2402  [32mloss:  2.6984  [38;2;180;60;0mgrad_norm:  0.8629  [38;2;54;234;195mmemory: 58.00GiB(73.01%)  [34mtps: 118  [36mtflops: 5.70  [35mmfu: 0.58%[39m
[rank0]:[titan] 2026-03-17 22:11:57,490 - root - INFO - [31mstep: 2403  [32mloss:  2.7125  [38;2;180;60;0mgrad_norm:  1.2170  [38;2;54;234;195mmemory: 58.00GiB(73.01%)  [34mtps: 120  [36mtflops: 5.80  [35mmfu: 0.59%[39m
[rank0]:[titan] 2026-03-17 22:12:14,568 - root - INFO - [31mstep: 2404  [32mloss:  2.6667  [38;2;180;60;0mgrad_norm:  1.1172  [38;2;54;234;195mmemory: 58.00GiB(73.01%)  [34mtps: 120  [36mtflops: 5.78  [35mmfu: 0.58%[39m
[rank0]:[titan] 2026-03-17 22:12:31,770 - root - INFO - [31mstep: 2405  [32mloss:  2.6732  [38;2;180;60;0mgrad_norm:  0.9426  [38;2;54;234;195mmemory: 58.00GiB(73.01%)  [34mtps: 119  [36mtflops: 5.74  [35mmfu: 0.58%[39m
[rank0]:[titan] 2026-03-17 22:12:48,875 - root - INFO - [31mstep: 2406  [32mloss:  2.6528  [38;2;180;60;0mgrad_norm:  1.1279  [38;2;54;234;195mmemory: 58.00GiB(73.01%)  [34mtps: 120  [36mtflops: 5.77  [35mmfu: 0.58%[39m
[rank0]:[titan] 2026-03-17 22:13:05,835 - root - INFO - [31mstep: 2407  [32mloss:  2.6207  [38;2;180;60;0mgrad_norm:  1.4905  [38;2;54;234;195mmemory: 58.00GiB(73.01%)  [34mtps: 121  [36mtflops: 5.82  [35mmfu: 0.59%[39m
[rank0]:[titan] 2026-03-17 22:13:22,946 - root - INFO - [31mstep: 2408  [32mloss:  2.7138  [38;2;180;60;0mgrad_norm:  1.3535  [38;2;54;234;195mmemory: 58.00GiB(73.01%)  [34mtps: 120  [36mtflops: 5.77  [35mmfu: 0.58%[39m
[rank0]:[titan] 2026-03-17 22:13:40,213 - root - INFO - [31mstep: 2409  [32mloss:  2.6519  [38;2;180;60;0mgrad_norm:  0.8873  [38;2;54;234;195mmemory: 58.00GiB(73.01%)  [34mtps: 119  [36mtflops: 5.71  [35mmfu: 0.58%[39m
[rank0]:[titan] 2026-03-17 22:13:57,486 - root - INFO - [31mstep: 2410  [32mloss:  2.6913  [38;2;180;60;0mgrad_norm:  0.9695  [38;2;54;234;195mmemory: 58.00GiB(73.01%)  [34mtps: 119  [36mtflops: 5.71  [35mmfu: 0.58%[39m
[rank0]:[titan] 2026-03-17 22:14:14,633 - root - INFO - [31mstep: 2411  [32mloss:  2.6565  [38;2;180;60;0mgrad_norm:  1.4001  [38;2;54;234;195mmemory: 58.00GiB(73.01%)  [34mtps: 119  [36mtflops: 5.75  [35mmfu: 0.58%[39m
[rank0]:[titan] 2026-03-17 22:14:31,783 - root - INFO - [31mstep: 2412  [32mloss:  2.7298  [38;2;180;60;0mgrad_norm:  1.3490  [38;2;54;234;195mmemory: 58.00GiB(73.01%)  [34mtps: 119  [36mtflops: 5.75  [35mmfu: 0.58%[39m
[rank0]:[titan] 2026-03-17 22:14:48,936 - root - INFO - [31mstep: 2413  [32mloss:  2.6501  [38;2;180;60;0mgrad_norm:  0.9117  [38;2;54;234;195mmemory: 58.00GiB(73.01%)  [34mtps: 119  [36mtflops: 5.75  [35mmfu: 0.58%[39m
[rank0]:[titan] 2026-03-17 22:15:06,230 - root - INFO - [31mstep: 2414  [32mloss:  2.6352  [38;2;180;60;0mgrad_norm:  0.9030  [38;2;54;234;195mmemory: 58.00GiB(73.01%)  [34mtps: 118  [36mtflops: 5.71  [35mmfu: 0.58%[39m
[rank0]:[titan] 2026-03-17 22:15:23,316 - root - INFO - [31mstep: 2415  [32mloss:  2.6504  [38;2;180;60;0mgrad_norm:  0.9540  [38;2;54;234;195mmemory: 58.00GiB(73.01%)  [34mtps: 120  [36mtflops: 5.78  [35mmfu: 0.58%[39m
[rank0]:[titan] 2026-03-17 22:15:40,572 - root - INFO - [31mstep: 2416  [32mloss:  2.6782  [38;2;180;60;0mgrad_norm:  1.1476  [38;2;54;234;195mmemory: 58.00GiB(73.01%)  [34mtps: 119  [36mtflops: 5.72  [35mmfu: 0.58%[39m
[rank0]:[titan] 2026-03-17 22:15:57,902 - root - INFO - [31mstep: 2417  [32mloss:  2.6343  [38;2;180;60;0mgrad_norm:  1.0675  [38;2;54;234;195mmemory: 58.00GiB(73.01%)  [34mtps: 118  [36mtflops: 5.69  [35mmfu: 0.58%[39m
[rank0]:[titan] 2026-03-17 22:16:15,024 - root - INFO - [31mstep: 2418  [32mloss:  2.6368  [38;2;180;60;0mgrad_norm:  1.1107  [38;2;54;234;195mmemory: 58.00GiB(73.01%)  [34mtps: 120  [36mtflops: 5.76  [35mmfu: 0.58%[39m
[rank0]:[titan] 2026-03-17 22:16:32,086 - root - INFO - [31mstep: 2419  [32mloss:  2.6421  [38;2;180;60;0mgrad_norm:  0.9684  [38;2;54;234;195mmemory: 58.00GiB(73.01%)  [34mtps: 120  [36mtflops: 5.78  [35mmfu: 0.58%[39m
[rank0]:[titan] 2026-03-17 22:16:49,300 - root - INFO - [31mstep: 2420  [32mloss:  2.6560  [38;2;180;60;0mgrad_norm:  1.2975  [38;2;54;234;195mmemory: 58.00GiB(73.01%)  [34mtps: 119  [36mtflops: 5.73  [35mmfu: 0.58%[39m
[rank0]:[titan] 2026-03-17 22:17:06,592 - root - INFO - [31mstep: 2421  [32mloss:  2.6641  [38;2;180;60;0mgrad_norm:  1.2038  [38;2;54;234;195mmemory: 58.00GiB(73.01%)  [34mtps: 118  [36mtflops: 5.71  [35mmfu: 0.58%[39m
[rank0]:[titan] 2026-03-17 22:17:23,907 - root - INFO - [31mstep: 2422  [32mloss:  2.6394  [38;2;180;60;0mgrad_norm:  1.0825  [38;2;54;234;195mmemory: 58.00GiB(73.01%)  [34mtps: 118  [36mtflops: 5.70  [35mmfu: 0.58%[39m
[rank0]:[titan] 2026-03-17 22:17:41,124 - root - INFO - [31mstep: 2423  [32mloss:  2.6649  [38;2;180;60;0mgrad_norm:  0.9136  [38;2;54;234;195mmemory: 58.00GiB(73.01%)  [34mtps: 119  [36mtflops: 5.73  [35mmfu: 0.58%[39m
[rank0]:[titan] 2026-03-17 22:17:58,369 - root - INFO - [31mstep: 2424  [32mloss:  2.6524  [38;2;180;60;0mgrad_norm:  1.1861  [38;2;54;234;195mmemory: 58.00GiB(73.01%)  [34mtps: 119  [36mtflops: 5.72  [35mmfu: 0.58%[39m
[rank0]:[titan] 2026-03-17 22:18:15,604 - root - INFO - [31mstep: 2425  [32mloss:  2.6782  [38;2;180;60;0mgrad_norm:  0.9117  [38;2;54;234;195mmemory: 58.00GiB(73.01%)  [34mtps: 119  [36mtflops: 5.73  [35mmfu: 0.58%[39m
[rank0]:[titan] 2026-03-17 22:18:32,765 - root - INFO - [31mstep: 2426  [32mloss:  2.6364  [38;2;180;60;0mgrad_norm:  0.9288  [38;2;54;234;195mmemory: 58.00GiB(73.01%)  [34mtps: 119  [36mtflops: 5.75  [35mmfu: 0.58%[39m
[rank0]:[titan] 2026-03-17 22:18:49,852 - root - INFO - [31mstep: 2427  [32mloss:  2.6662  [38;2;180;60;0mgrad_norm:  0.9495  [38;2;54;234;195mmemory: 58.00GiB(73.01%)  [34mtps: 120  [36mtflops: 5.78  [35mmfu: 0.58%[39m
[rank0]:[titan] 2026-03-17 22:19:06,975 - root - INFO - [31mstep: 2428  [32mloss:  2.6645  [38;2;180;60;0mgrad_norm:  0.8143  [38;2;54;234;195mmemory: 58.00GiB(73.01%)  [34mtps: 120  [36mtflops: 5.76  [35mmfu: 0.58%[39m
[rank0]:[titan] 2026-03-17 22:19:24,215 - root - INFO - [31mstep: 2429  [32mloss:  2.6488  [38;2;180;60;0mgrad_norm:  0.8639  [38;2;54;234;195mmemory: 58.00GiB(73.01%)  [34mtps: 119  [36mtflops: 5.72  [35mmfu: 0.58%[39m
[rank0]:[titan] 2026-03-17 22:19:41,387 - root - INFO - [31mstep: 2430  [32mloss:  2.7262  [38;2;180;60;0mgrad_norm:  1.3253  [38;2;54;234;195mmemory: 58.00GiB(73.01%)  [34mtps: 119  [36mtflops: 5.75  [35mmfu: 0.58%[39m
[rank0]:[titan] 2026-03-17 22:19:58,469 - root - INFO - [31mstep: 2431  [32mloss:  2.6879  [38;2;180;60;0mgrad_norm:  1.1852  [38;2;54;234;195mmemory: 58.00GiB(73.01%)  [34mtps: 120  [36mtflops: 5.78  [35mmfu: 0.58%[39m
[rank0]:[titan] 2026-03-17 22:20:15,487 - root - INFO - [31mstep: 2432  [32mloss:  2.7282  [38;2;180;60;0mgrad_norm:  0.6597  [38;2;54;234;195mmemory: 58.00GiB(73.01%)  [34mtps: 120  [36mtflops: 5.80  [35mmfu: 0.59%[39m
[rank0]:[titan] 2026-03-17 22:20:32,828 - root - INFO - [31mstep: 2433  [32mloss:  2.7010  [38;2;180;60;0mgrad_norm:  1.0147  [38;2;54;234;195mmemory: 58.00GiB(73.01%)  [34mtps: 118  [36mtflops: 5.69  [35mmfu: 0.58%[39m
[rank0]:[titan] 2026-03-17 22:20:49,956 - root - INFO - [31mstep: 2434  [32mloss:  2.7026  [38;2;180;60;0mgrad_norm:  1.3527  [38;2;54;234;195mmemory: 58.00GiB(73.01%)  [34mtps: 120  [36mtflops: 5.76  [35mmfu: 0.58%[39m
[rank0]:[titan] 2026-03-17 22:21:07,337 - root - INFO - [31mstep: 2435  [32mloss:  2.6343  [38;2;180;60;0mgrad_norm:  1.1740  [38;2;54;234;195mmemory: 58.00GiB(73.01%)  [34mtps: 118  [36mtflops: 5.68  [35mmfu: 0.57%[39m
[rank0]:[titan] 2026-03-17 22:21:24,757 - root - INFO - [31mstep: 2436  [32mloss:  2.6588  [38;2;180;60;0mgrad_norm:  1.0499  [38;2;54;234;195mmemory: 58.00GiB(73.01%)  [34mtps: 118  [36mtflops: 5.66  [35mmfu: 0.57%[39m
[rank0]:[titan] 2026-03-17 22:21:41,919 - root - INFO - [31mstep: 2437  [32mloss:  2.6237  [38;2;180;60;0mgrad_norm:  1.0709  [38;2;54;234;195mmemory: 58.00GiB(73.01%)  [34mtps: 119  [36mtflops: 5.75  [35mmfu: 0.58%[39m
[rank0]:[titan] 2026-03-17 22:21:59,102 - root - INFO - [31mstep: 2438  [32mloss:  2.6722  [38;2;180;60;0mgrad_norm:  0.8309  [38;2;54;234;195mmemory: 58.00GiB(73.01%)  [34mtps: 119  [36mtflops: 5.74  [35mmfu: 0.58%[39m
[rank0]:[titan] 2026-03-17 22:22:16,024 - root - INFO - [31mstep: 2439  [32mloss:  2.6759  [38;2;180;60;0mgrad_norm:  1.0552  [38;2;54;234;195mmemory: 58.00GiB(73.01%)  [34mtps: 121  [36mtflops: 5.83  [35mmfu: 0.59%[39m
[rank0]:[titan] 2026-03-17 22:22:33,388 - root - INFO - [31mstep: 2440  [32mloss:  2.6889  [38;2;180;60;0mgrad_norm:  1.0651  [38;2;54;234;195mmemory: 58.00GiB(73.01%)  [34mtps: 118  [36mtflops: 5.68  [35mmfu: 0.57%[39m
[rank0]:[titan] 2026-03-17 22:22:50,741 - root - INFO - [31mstep: 2441  [32mloss:  2.6167  [38;2;180;60;0mgrad_norm:  0.9459  [38;2;54;234;195mmemory: 58.00GiB(73.01%)  [34mtps: 118  [36mtflops: 5.69  [35mmfu: 0.57%[39m
[rank0]:[titan] 2026-03-17 22:23:07,997 - root - INFO - [31mstep: 2442  [32mloss:  2.6507  [38;2;180;60;0mgrad_norm:  0.8196  [38;2;54;234;195mmemory: 58.00GiB(73.01%)  [34mtps: 119  [36mtflops: 5.72  [35mmfu: 0.58%[39m
[rank0]:[titan] 2026-03-17 22:23:25,343 - root - INFO - [31mstep: 2443  [32mloss:  2.6961  [38;2;180;60;0mgrad_norm:  0.7660  [38;2;54;234;195mmemory: 58.00GiB(73.01%)  [34mtps: 118  [36mtflops: 5.69  [35mmfu: 0.58%[39m
[rank0]:[titan] 2026-03-17 22:23:42,687 - root - INFO - [31mstep: 2444  [32mloss:  2.6597  [38;2;180;60;0mgrad_norm:  0.8462  [38;2;54;234;195mmemory: 58.00GiB(73.01%)  [34mtps: 118  [36mtflops: 5.69  [35mmfu: 0.58%[39m
[rank0]:[titan] 2026-03-17 22:24:00,064 - root - INFO - [31mstep: 2445  [32mloss:  2.6775  [38;2;180;60;0mgrad_norm:  1.0678  [38;2;54;234;195mmemory: 58.00GiB(73.01%)  [34mtps: 118  [36mtflops: 5.68  [35mmfu: 0.57%[39m
[rank0]:[titan] 2026-03-17 22:24:17,559 - root - INFO - [31mstep: 2446  [32mloss:  2.6725  [38;2;180;60;0mgrad_norm:  0.8348  [38;2;54;234;195mmemory: 58.00GiB(73.01%)  [34mtps: 117  [36mtflops: 5.64  [35mmfu: 0.57%[39m
[rank0]:[titan] 2026-03-17 22:24:34,864 - root - INFO - [31mstep: 2447  [32mloss:  2.7219  [38;2;180;60;0mgrad_norm:  0.9063  [38;2;54;234;195mmemory: 58.00GiB(73.01%)  [34mtps: 118  [36mtflops: 5.70  [35mmfu: 0.58%[39m
[rank0]:[titan] 2026-03-17 22:24:51,980 - root - INFO - [31mstep: 2448  [32mloss:  2.7320  [38;2;180;60;0mgrad_norm:  1.0047  [38;2;54;234;195mmemory: 58.00GiB(73.01%)  [34mtps: 120  [36mtflops: 5.77  [35mmfu: 0.58%[39m
[rank0]:[titan] 2026-03-17 22:25:09,190 - root - INFO - [31mstep: 2449  [32mloss:  2.7127  [38;2;180;60;0mgrad_norm:  0.8787  [38;2;54;234;195mmemory: 58.00GiB(73.01%)  [34mtps: 119  [36mtflops: 5.73  [35mmfu: 0.58%[39m
[rank0]:[titan] 2026-03-17 22:25:26,473 - root - INFO - [31mstep: 2450  [32mloss:  2.7163  [38;2;180;60;0mgrad_norm:  1.0895  [38;2;54;234;195mmemory: 58.00GiB(73.01%)  [34mtps: 119  [36mtflops: 5.71  [35mmfu: 0.58%[39m
[rank0]:[titan] 2026-03-17 22:25:43,576 - root - INFO - [31mstep: 2451  [32mloss:  2.6952  [38;2;180;60;0mgrad_norm:  1.1518  [38;2;54;234;195mmemory: 58.00GiB(73.01%)  [34mtps: 120  [36mtflops: 5.77  [35mmfu: 0.58%[39m
[rank0]:[titan] 2026-03-17 22:26:00,726 - root - INFO - [31mstep: 2452  [32mloss:  2.7189  [38;2;180;60;0mgrad_norm:  0.9645  [38;2;54;234;195mmemory: 58.00GiB(73.01%)  [34mtps: 119  [36mtflops: 5.75  [35mmfu: 0.58%[39m
[rank0]:[titan] 2026-03-17 22:26:17,762 - root - INFO - [31mstep: 2453  [32mloss:  2.7083  [38;2;180;60;0mgrad_norm:  0.9063  [38;2;54;234;195mmemory: 58.00GiB(73.01%)  [34mtps: 120  [36mtflops: 5.79  [35mmfu: 0.59%[39m
[rank0]:[titan] 2026-03-17 22:26:35,028 - root - INFO - [31mstep: 2454  [32mloss:  2.7477  [38;2;180;60;0mgrad_norm:  1.0967  [38;2;54;234;195mmemory: 58.00GiB(73.01%)  [34mtps: 119  [36mtflops: 5.72  [35mmfu: 0.58%[39m
[rank0]:[titan] 2026-03-17 22:26:52,155 - root - INFO - [31mstep: 2455  [32mloss:  2.7195  [38;2;180;60;0mgrad_norm:  0.9140  [38;2;54;234;195mmemory: 58.00GiB(73.01%)  [34mtps: 120  [36mtflops: 5.76  [35mmfu: 0.58%[39m
[rank0]:[titan] 2026-03-17 22:27:09,547 - root - INFO - [31mstep: 2456  [32mloss:  2.7405  [38;2;180;60;0mgrad_norm:  0.9194  [38;2;54;234;195mmemory: 58.00GiB(73.01%)  [34mtps: 118  [36mtflops: 5.67  [35mmfu: 0.57%[39m
[rank0]:[titan] 2026-03-17 22:27:26,797 - root - INFO - [31mstep: 2457  [32mloss:  2.7061  [38;2;180;60;0mgrad_norm:  0.7593  [38;2;54;234;195mmemory: 58.00GiB(73.01%)  [34mtps: 119  [36mtflops: 5.72  [35mmfu: 0.58%[39m
[rank0]:[titan] 2026-03-17 22:27:43,958 - root - INFO - [31mstep: 2458  [32mloss:  2.7187  [38;2;180;60;0mgrad_norm:  0.9645  [38;2;54;234;195mmemory: 58.00GiB(73.01%)  [34mtps: 119  [36mtflops: 5.75  [35mmfu: 0.58%[39m
[rank0]:[titan] 2026-03-17 22:28:01,144 - root - INFO - [31mstep: 2459  [32mloss:  2.7196  [38;2;180;60;0mgrad_norm:  1.2190  [38;2;54;234;195mmemory: 58.00GiB(73.01%)  [34mtps: 119  [36mtflops: 5.74  [35mmfu: 0.58%[39m
[rank0]:[titan] 2026-03-17 22:28:18,470 - root - INFO - [31mstep: 2460  [32mloss:  2.7488  [38;2;180;60;0mgrad_norm:  0.8711  [38;2;54;234;195mmemory: 58.00GiB(73.01%)  [34mtps: 118  [36mtflops: 5.70  [35mmfu: 0.58%[39m
[rank0]:[titan] 2026-03-17 22:28:35,670 - root - INFO - [31mstep: 2461  [32mloss:  2.6994  [38;2;180;60;0mgrad_norm:  0.7645  [38;2;54;234;195mmemory: 58.00GiB(73.01%)  [34mtps: 119  [36mtflops: 5.74  [35mmfu: 0.58%[39m
[rank0]:[titan] 2026-03-17 22:28:52,902 - root - INFO - [31mstep: 2462  [32mloss:  2.6215  [38;2;180;60;0mgrad_norm:  0.7067  [38;2;54;234;195mmemory: 58.00GiB(73.01%)  [34mtps: 119  [36mtflops: 5.73  [35mmfu: 0.58%[39m
[rank0]:[titan] 2026-03-17 22:29:10,104 - root - INFO - [31mstep: 2463  [32mloss:  2.6514  [38;2;180;60;0mgrad_norm:  0.6413  [38;2;54;234;195mmemory: 58.00GiB(73.01%)  [34mtps: 119  [36mtflops: 5.74  [35mmfu: 0.58%[39m
[rank0]:[titan] 2026-03-17 22:29:27,242 - root - INFO - [31mstep: 2464  [32mloss:  2.6378  [38;2;180;60;0mgrad_norm:  0.6912  [38;2;54;234;195mmemory: 58.00GiB(73.01%)  [34mtps: 120  [36mtflops: 5.76  [35mmfu: 0.58%[39m
[rank0]:[titan] 2026-03-17 22:29:44,190 - root - INFO - [31mstep: 2465  [32mloss:  2.6916  [38;2;180;60;0mgrad_norm:  0.5964  [38;2;54;234;195mmemory: 58.00GiB(73.01%)  [34mtps: 121  [36mtflops: 5.82  [35mmfu: 0.59%[39m
[rank0]:[titan] 2026-03-17 22:30:01,443 - root - INFO - [31mstep: 2466  [32mloss:  2.6636  [38;2;180;60;0mgrad_norm:  0.5598  [38;2;54;234;195mmemory: 58.00GiB(73.01%)  [34mtps: 119  [36mtflops: 5.72  [35mmfu: 0.58%[39m
[rank0]:[titan] 2026-03-17 22:30:18,723 - root - INFO - [31mstep: 2467  [32mloss:  2.7160  [38;2;180;60;0mgrad_norm:  0.6620  [38;2;54;234;195mmemory: 58.00GiB(73.01%)  [34mtps: 119  [36mtflops: 5.71  [35mmfu: 0.58%[39m
[rank0]:[titan] 2026-03-17 22:30:35,888 - root - INFO - [31mstep: 2468  [32mloss:  2.7030  [38;2;180;60;0mgrad_norm:  1.1485  [38;2;54;234;195mmemory: 58.00GiB(73.01%)  [34mtps: 119  [36mtflops: 5.75  [35mmfu: 0.58%[39m
[rank0]:[titan] 2026-03-17 22:30:53,117 - root - INFO - [31mstep: 2469  [32mloss:  2.6926  [38;2;180;60;0mgrad_norm:  0.7398  [38;2;54;234;195mmemory: 58.00GiB(73.01%)  [34mtps: 119  [36mtflops: 5.73  [35mmfu: 0.58%[39m
[rank0]:[titan] 2026-03-17 22:31:10,330 - root - INFO - [31mstep: 2470  [32mloss:  2.7122  [38;2;180;60;0mgrad_norm:  0.6690  [38;2;54;234;195mmemory: 58.00GiB(73.01%)  [34mtps: 119  [36mtflops: 5.73  [35mmfu: 0.58%[39m
[rank0]:[titan] 2026-03-17 22:31:27,514 - root - INFO - [31mstep: 2471  [32mloss:  2.7053  [38;2;180;60;0mgrad_norm:  0.9010  [38;2;54;234;195mmemory: 58.00GiB(73.01%)  [34mtps: 119  [36mtflops: 5.74  [35mmfu: 0.58%[39m
[rank0]:[titan] 2026-03-17 22:31:44,828 - root - INFO - [31mstep: 2472  [32mloss:  2.6993  [38;2;180;60;0mgrad_norm:  1.0155  [38;2;54;234;195mmemory: 58.00GiB(73.01%)  [34mtps: 118  [36mtflops: 5.70  [35mmfu: 0.58%[39m
[rank0]:[titan] 2026-03-17 22:32:02,123 - root - INFO - [31mstep: 2473  [32mloss:  2.6791  [38;2;180;60;0mgrad_norm:  0.7588  [38;2;54;234;195mmemory: 58.00GiB(73.01%)  [34mtps: 118  [36mtflops: 5.71  [35mmfu: 0.58%[39m
[rank0]:[titan] 2026-03-17 22:32:19,508 - root - INFO - [31mstep: 2474  [32mloss:  2.6618  [38;2;180;60;0mgrad_norm:  0.9285  [38;2;54;234;195mmemory: 58.00GiB(73.01%)  [34mtps: 118  [36mtflops: 5.68  [35mmfu: 0.57%[39m
[rank0]:[titan] 2026-03-17 22:32:36,667 - root - INFO - [31mstep: 2475  [32mloss:  2.6596  [38;2;180;60;0mgrad_norm:  0.8952  [38;2;54;234;195mmemory: 58.00GiB(73.01%)  [34mtps: 119  [36mtflops: 5.75  [35mmfu: 0.58%[39m
[rank0]:[titan] 2026-03-17 22:32:54,040 - root - INFO - [31mstep: 2476  [32mloss:  2.6610  [38;2;180;60;0mgrad_norm:  0.5592  [38;2;54;234;195mmemory: 58.00GiB(73.01%)  [34mtps: 118  [36mtflops: 5.68  [35mmfu: 0.57%[39m
[rank0]:[titan] 2026-03-17 22:33:11,288 - root - INFO - [31mstep: 2477  [32mloss:  2.6668  [38;2;180;60;0mgrad_norm:  0.9815  [38;2;54;234;195mmemory: 58.00GiB(73.01%)  [34mtps: 119  [36mtflops: 5.72  [35mmfu: 0.58%[39m
[rank0]:[titan] 2026-03-17 22:33:28,511 - root - INFO - [31mstep: 2478  [32mloss:  2.6728  [38;2;180;60;0mgrad_norm:  0.9803  [38;2;54;234;195mmemory: 58.00GiB(73.01%)  [34mtps: 119  [36mtflops: 5.73  [35mmfu: 0.58%[39m
[rank0]:[titan] 2026-03-17 22:33:45,719 - root - INFO - [31mstep: 2479  [32mloss:  2.6271  [38;2;180;60;0mgrad_norm:  0.8619  [38;2;54;234;195mmemory: 58.00GiB(73.01%)  [34mtps: 119  [36mtflops: 5.73  [35mmfu: 0.58%[39m
[rank0]:[titan] 2026-03-17 22:34:02,915 - root - INFO - [31mstep: 2480  [32mloss:  2.6910  [38;2;180;60;0mgrad_norm:  1.0349  [38;2;54;234;195mmemory: 58.00GiB(73.01%)  [34mtps: 119  [36mtflops: 5.74  [35mmfu: 0.58%[39m
[rank0]:[titan] 2026-03-17 22:34:20,062 - root - INFO - [31mstep: 2481  [32mloss:  2.6702  [38;2;180;60;0mgrad_norm:  0.9911  [38;2;54;234;195mmemory: 58.00GiB(73.01%)  [34mtps: 119  [36mtflops: 5.75  [35mmfu: 0.58%[39m
[rank0]:[titan] 2026-03-17 22:34:37,312 - root - INFO - [31mstep: 2482  [32mloss:  2.6340  [38;2;180;60;0mgrad_norm:  0.8153  [38;2;54;234;195mmemory: 58.00GiB(73.01%)  [34mtps: 119  [36mtflops: 5.72  [35mmfu: 0.58%[39m
[rank0]:[titan] 2026-03-17 22:34:54,477 - root - INFO - [31mstep: 2483  [32mloss:  2.6307  [38;2;180;60;0mgrad_norm:  0.9348  [38;2;54;234;195mmemory: 58.00GiB(73.01%)  [34mtps: 119  [36mtflops: 5.75  [35mmfu: 0.58%[39m
[rank0]:[titan] 2026-03-17 22:35:11,826 - root - INFO - [31mstep: 2484  [32mloss:  2.6555  [38;2;180;60;0mgrad_norm:  1.0814  [38;2;54;234;195mmemory: 58.00GiB(73.01%)  [34mtps: 118  [36mtflops: 5.69  [35mmfu: 0.58%[39m
[rank0]:[titan] 2026-03-17 22:35:28,932 - root - INFO - [31mstep: 2485  [32mloss:  2.6407  [38;2;180;60;0mgrad_norm:  0.9321  [38;2;54;234;195mmemory: 58.00GiB(73.01%)  [34mtps: 120  [36mtflops: 5.77  [35mmfu: 0.58%[39m
[rank0]:[titan] 2026-03-17 22:35:46,082 - root - INFO - [31mstep: 2486  [32mloss:  2.6739  [38;2;180;60;0mgrad_norm:  0.9766  [38;2;54;234;195mmemory: 58.00GiB(73.01%)  [34mtps: 119  [36mtflops: 5.75  [35mmfu: 0.58%[39m
[rank0]:[titan] 2026-03-17 22:36:03,289 - root - INFO - [31mstep: 2487  [32mloss:  2.6717  [38;2;180;60;0mgrad_norm:  0.8579  [38;2;54;234;195mmemory: 58.00GiB(73.01%)  [34mtps: 119  [36mtflops: 5.73  [35mmfu: 0.58%[39m
[rank0]:[titan] 2026-03-17 22:36:20,382 - root - INFO - [31mstep: 2488  [32mloss:  2.6147  [38;2;180;60;0mgrad_norm:  1.2398  [38;2;54;234;195mmemory: 58.00GiB(73.01%)  [34mtps: 120  [36mtflops: 5.77  [35mmfu: 0.58%[39m
[rank0]:[titan] 2026-03-17 22:36:37,619 - root - INFO - [31mstep: 2489  [32mloss:  2.6656  [38;2;180;60;0mgrad_norm:  1.1246  [38;2;54;234;195mmemory: 58.00GiB(73.01%)  [34mtps: 119  [36mtflops: 5.72  [35mmfu: 0.58%[39m
[rank0]:[titan] 2026-03-17 22:36:54,293 - root - INFO - [31mstep: 2490  [32mloss:  2.6522  [38;2;180;60;0mgrad_norm:  1.0646  [38;2;54;234;195mmemory: 58.00GiB(73.01%)  [34mtps: 123  [36mtflops: 5.92  [35mmfu: 0.60%[39m
[rank0]:[titan] 2026-03-17 22:37:11,744 - root - INFO - [31mstep: 2491  [32mloss:  2.6755  [38;2;180;60;0mgrad_norm:  0.8409  [38;2;54;234;195mmemory: 58.00GiB(73.01%)  [34mtps: 117  [36mtflops: 5.65  [35mmfu: 0.57%[39m
[rank0]:[titan] 2026-03-17 22:37:29,116 - root - INFO - [31mstep: 2492  [32mloss:  2.6682  [38;2;180;60;0mgrad_norm:  1.0379  [38;2;54;234;195mmemory: 58.00GiB(73.01%)  [34mtps: 118  [36mtflops: 5.68  [35mmfu: 0.57%[39m
[rank0]:[titan] 2026-03-17 22:37:46,302 - root - INFO - [31mstep: 2493  [32mloss:  2.7075  [38;2;180;60;0mgrad_norm:  0.5911  [38;2;54;234;195mmemory: 58.00GiB(73.01%)  [34mtps: 119  [36mtflops: 5.74  [35mmfu: 0.58%[39m
[rank0]:[titan] 2026-03-17 22:38:03,390 - root - INFO - [31mstep: 2494  [32mloss:  2.7658  [38;2;180;60;0mgrad_norm:  0.8091  [38;2;54;234;195mmemory: 58.00GiB(73.01%)  [34mtps: 120  [36mtflops: 5.77  [35mmfu: 0.58%[39m
[rank0]:[titan] 2026-03-17 22:38:20,524 - root - INFO - [31mstep: 2495  [32mloss:  2.7521  [38;2;180;60;0mgrad_norm:  1.1894  [38;2;54;234;195mmemory: 58.00GiB(73.01%)  [34mtps: 120  [36mtflops: 5.76  [35mmfu: 0.58%[39m
[rank0]:[titan] 2026-03-17 22:38:37,509 - root - INFO - [31mstep: 2496  [32mloss:  2.7184  [38;2;180;60;0mgrad_norm:  1.2181  [38;2;54;234;195mmemory: 58.00GiB(73.01%)  [34mtps: 121  [36mtflops: 5.81  [35mmfu: 0.59%[39m
[rank0]:[titan] 2026-03-17 22:38:54,735 - root - INFO - [31mstep: 2497  [32mloss:  2.6762  [38;2;180;60;0mgrad_norm:  0.8873  [38;2;54;234;195mmemory: 58.00GiB(73.01%)  [34mtps: 119  [36mtflops: 5.73  [35mmfu: 0.58%[39m
[rank0]:[titan] 2026-03-17 22:39:11,938 - root - INFO - [31mstep: 2498  [32mloss:  2.7419  [38;2;180;60;0mgrad_norm:  1.0822  [38;2;54;234;195mmemory: 58.00GiB(73.01%)  [34mtps: 119  [36mtflops: 5.74  [35mmfu: 0.58%[39m
[rank0]:[titan] 2026-03-17 22:39:29,222 - root - INFO - [31mstep: 2499  [32mloss:  2.7480  [38;2;180;60;0mgrad_norm:  1.3110  [38;2;54;234;195mmemory: 58.00GiB(73.01%)  [34mtps: 118  [36mtflops: 5.71  [35mmfu: 0.58%[39m
[rank0]:[titan] 2026-03-17 22:39:46,388 - root - INFO - [31mstep: 2500  [32mloss:  2.7454  [38;2;180;60;0mgrad_norm:  1.2157  [38;2;54;234;195mmemory: 58.00GiB(73.01%)  [34mtps: 119  [36mtflops: 5.75  [35mmfu: 0.58%[39m
[rank0]:[titan] 2026-03-17 22:40:03,586 - root - INFO - [31mstep: 2501  [32mloss:  2.7868  [38;2;180;60;0mgrad_norm:  0.9594  [38;2;54;234;195mmemory: 58.00GiB(73.01%)  [34mtps: 119  [36mtflops: 5.74  [35mmfu: 0.58%[39m
[rank0]:[titan] 2026-03-17 22:40:20,454 - root - INFO - [31mstep: 2502  [32mloss:  2.7535  [38;2;180;60;0mgrad_norm:  0.8384  [38;2;54;234;195mmemory: 58.00GiB(73.01%)  [34mtps: 121  [36mtflops: 5.85  [35mmfu: 0.59%[39m
[rank0]:[titan] 2026-03-17 22:40:37,213 - root - INFO - [31mstep: 2503  [32mloss:  2.7223  [38;2;180;60;0mgrad_norm:  0.9389  [38;2;54;234;195mmemory: 58.00GiB(73.01%)  [34mtps: 122  [36mtflops: 5.89  [35mmfu: 0.60%[39m
[rank0]:[titan] 2026-03-17 22:40:54,776 - root - INFO - [31mstep: 2504  [32mloss:  2.7266  [38;2;180;60;0mgrad_norm:  0.9139  [38;2;54;234;195mmemory: 58.00GiB(73.01%)  [34mtps: 117  [36mtflops: 5.62  [35mmfu: 0.57%[39m
[rank0]:[titan] 2026-03-17 22:41:12,071 - root - INFO - [31mstep: 2505  [32mloss:  2.6999  [38;2;180;60;0mgrad_norm:  0.7555  [38;2;54;234;195mmemory: 58.00GiB(73.01%)  [34mtps: 118  [36mtflops: 5.71  [35mmfu: 0.58%[39m
[rank0]:[titan] 2026-03-17 22:41:29,240 - root - INFO - [31mstep: 2506  [32mloss:  2.7040  [38;2;180;60;0mgrad_norm:  0.7859  [38;2;54;234;195mmemory: 58.00GiB(73.01%)  [34mtps: 119  [36mtflops: 5.75  [35mmfu: 0.58%[39m
[rank0]:[titan] 2026-03-17 22:41:46,327 - root - INFO - [31mstep: 2507  [32mloss:  2.7078  [38;2;180;60;0mgrad_norm:  0.9543  [38;2;54;234;195mmemory: 58.00GiB(73.01%)  [34mtps: 120  [36mtflops: 5.78  [35mmfu: 0.58%[39m
[rank0]:[titan] 2026-03-17 22:42:03,541 - root - INFO - [31mstep: 2508  [32mloss:  2.7230  [38;2;180;60;0mgrad_norm:  0.9418  [38;2;54;234;195mmemory: 58.00GiB(73.01%)  [34mtps: 119  [36mtflops: 5.73  [35mmfu: 0.58%[39m
[rank0]:[titan] 2026-03-17 22:42:20,551 - root - INFO - [31mstep: 2509  [32mloss:  2.7048  [38;2;180;60;0mgrad_norm:  0.7667  [38;2;54;234;195mmemory: 58.00GiB(73.01%)  [34mtps: 120  [36mtflops: 5.80  [35mmfu: 0.59%[39m
[rank0]:[titan] 2026-03-17 22:42:37,783 - root - INFO - [31mstep: 2510  [32mloss:  2.7064  [38;2;180;60;0mgrad_norm:  2.2181  [38;2;54;234;195mmemory: 58.00GiB(73.01%)  [34mtps: 119  [36mtflops: 5.73  [35mmfu: 0.58%[39m
[rank0]:[titan] 2026-03-17 22:42:55,038 - root - INFO - [31mstep: 2511  [32mloss:  2.7029  [38;2;180;60;0mgrad_norm:  1.1506  [38;2;54;234;195mmemory: 58.00GiB(73.01%)  [34mtps: 119  [36mtflops: 5.72  [35mmfu: 0.58%[39m
[rank0]:[titan] 2026-03-17 22:43:12,220 - root - INFO - [31mstep: 2512  [32mloss:  2.6804  [38;2;180;60;0mgrad_norm:  0.7747  [38;2;54;234;195mmemory: 58.00GiB(73.01%)  [34mtps: 119  [36mtflops: 5.74  [35mmfu: 0.58%[39m
[rank0]:[titan] 2026-03-17 22:43:29,426 - root - INFO - [31mstep: 2513  [32mloss:  2.7008  [38;2;180;60;0mgrad_norm:  1.1212  [38;2;54;234;195mmemory: 58.00GiB(73.01%)  [34mtps: 119  [36mtflops: 5.74  [35mmfu: 0.58%[39m
[rank0]:[titan] 2026-03-17 22:43:46,502 - root - INFO - [31mstep: 2514  [32mloss:  2.6759  [38;2;180;60;0mgrad_norm:  0.9783  [38;2;54;234;195mmemory: 58.00GiB(73.01%)  [34mtps: 120  [36mtflops: 5.78  [35mmfu: 0.58%[39m
[rank0]:[titan] 2026-03-17 22:44:03,576 - root - INFO - [31mstep: 2515  [32mloss:  2.7402  [38;2;180;60;0mgrad_norm:  1.0555  [38;2;54;234;195mmemory: 58.00GiB(73.01%)  [34mtps: 120  [36mtflops: 5.78  [35mmfu: 0.58%[39m
[rank0]:[titan] 2026-03-17 22:44:20,574 - root - INFO - [31mstep: 2516  [32mloss:  2.7216  [38;2;180;60;0mgrad_norm:  1.1343  [38;2;54;234;195mmemory: 58.00GiB(73.01%)  [34mtps: 120  [36mtflops: 5.81  [35mmfu: 0.59%[39m
[rank0]:[titan] 2026-03-17 22:44:37,759 - root - INFO - [31mstep: 2517  [32mloss:  2.7334  [38;2;180;60;0mgrad_norm:  1.5312  [38;2;54;234;195mmemory: 58.00GiB(73.01%)  [34mtps: 119  [36mtflops: 5.74  [35mmfu: 0.58%[39m
[rank0]:[titan] 2026-03-17 22:44:54,889 - root - INFO - [31mstep: 2518  [32mloss:  2.7599  [38;2;180;60;0mgrad_norm:  1.1702  [38;2;54;234;195mmemory: 58.00GiB(73.01%)  [34mtps: 120  [36mtflops: 5.76  [35mmfu: 0.58%[39m
[rank0]:[titan] 2026-03-17 22:45:11,688 - root - INFO - [31mstep: 2519  [32mloss:  2.8045  [38;2;180;60;0mgrad_norm:  0.8530  [38;2;54;234;195mmemory: 58.00GiB(73.01%)  [34mtps: 122  [36mtflops: 5.87  [35mmfu: 0.59%[39m
[rank0]:[titan] 2026-03-17 22:45:29,032 - root - INFO - [31mstep: 2520  [32mloss:  2.7715  [38;2;180;60;0mgrad_norm:  0.8948  [38;2;54;234;195mmemory: 58.00GiB(73.01%)  [34mtps: 118  [36mtflops: 5.69  [35mmfu: 0.58%[39m
[rank0]:[titan] 2026-03-17 22:45:46,504 - root - INFO - [31mstep: 2521  [32mloss:  2.7700  [38;2;180;60;0mgrad_norm:  1.1492  [38;2;54;234;195mmemory: 58.00GiB(73.01%)  [34mtps: 117  [36mtflops: 5.65  [35mmfu: 0.57%[39m
[rank0]:[titan] 2026-03-17 22:46:03,442 - root - INFO - [31mstep: 2522  [32mloss:  2.6786  [38;2;180;60;0mgrad_norm:  1.0703  [38;2;54;234;195mmemory: 58.00GiB(73.01%)  [34mtps: 121  [36mtflops: 5.83  [35mmfu: 0.59%[39m
[rank0]:[titan] 2026-03-17 22:46:20,674 - root - INFO - [31mstep: 2523  [32mloss:  2.7075  [38;2;180;60;0mgrad_norm:  0.8441  [38;2;54;234;195mmemory: 58.00GiB(73.01%)  [34mtps: 119  [36mtflops: 5.73  [35mmfu: 0.58%[39m
[rank0]:[titan] 2026-03-17 22:46:37,571 - root - INFO - [31mstep: 2524  [32mloss:  2.8133  [38;2;180;60;0mgrad_norm:  1.3227  [38;2;54;234;195mmemory: 58.00GiB(73.01%)  [34mtps: 121  [36mtflops: 5.84  [35mmfu: 0.59%[39m
[rank0]:[titan] 2026-03-17 22:46:54,636 - root - INFO - [31mstep: 2525  [32mloss:  2.7477  [38;2;180;60;0mgrad_norm:  1.2406  [38;2;54;234;195mmemory: 58.00GiB(73.01%)  [34mtps: 120  [36mtflops: 5.78  [35mmfu: 0.58%[39m
[rank0]:[titan] 2026-03-17 22:47:11,647 - root - INFO - [31mstep: 2526  [32mloss:  2.7843  [38;2;180;60;0mgrad_norm:  1.5418  [38;2;54;234;195mmemory: 58.00GiB(73.01%)  [34mtps: 120  [36mtflops: 5.80  [35mmfu: 0.59%[39m
[rank0]:[titan] 2026-03-17 22:47:28,714 - root - INFO - [31mstep: 2527  [32mloss:  2.8350  [38;2;180;60;0mgrad_norm:  1.1710  [38;2;54;234;195mmemory: 58.00GiB(73.01%)  [34mtps: 120  [36mtflops: 5.78  [35mmfu: 0.58%[39m
[rank0]:[titan] 2026-03-17 22:47:45,777 - root - INFO - [31mstep: 2528  [32mloss:  2.9155  [38;2;180;60;0mgrad_norm:  1.2725  [38;2;54;234;195mmemory: 58.00GiB(73.01%)  [34mtps: 120  [36mtflops: 5.78  [35mmfu: 0.58%[39m
[rank0]:[titan] 2026-03-17 22:48:02,965 - root - INFO - [31mstep: 2529  [32mloss:  2.8040  [38;2;180;60;0mgrad_norm:  1.7134  [38;2;54;234;195mmemory: 58.00GiB(73.01%)  [34mtps: 119  [36mtflops: 5.74  [35mmfu: 0.58%[39m
[rank0]:[titan] 2026-03-17 22:48:20,192 - root - INFO - [31mstep: 2530  [32mloss:  2.7489  [38;2;180;60;0mgrad_norm:  1.4371  [38;2;54;234;195mmemory: 58.00GiB(73.01%)  [34mtps: 119  [36mtflops: 5.73  [35mmfu: 0.58%[39m
[rank0]:[titan] 2026-03-17 22:48:37,418 - root - INFO - [31mstep: 2531  [32mloss:  2.8139  [38;2;180;60;0mgrad_norm:  1.2362  [38;2;54;234;195mmemory: 58.00GiB(73.01%)  [34mtps: 119  [36mtflops: 5.73  [35mmfu: 0.58%[39m
[rank0]:[titan] 2026-03-17 22:48:54,685 - root - INFO - [31mstep: 2532  [32mloss:  2.8296  [38;2;180;60;0mgrad_norm:  1.2029  [38;2;54;234;195mmemory: 58.00GiB(73.01%)  [34mtps: 119  [36mtflops: 5.71  [35mmfu: 0.58%[39m
[rank0]:[titan] 2026-03-17 22:49:11,854 - root - INFO - [31mstep: 2533  [32mloss:  2.8674  [38;2;180;60;0mgrad_norm:  1.6801  [38;2;54;234;195mmemory: 58.00GiB(73.01%)  [34mtps: 119  [36mtflops: 5.75  [35mmfu: 0.58%[39m
[rank0]:[titan] 2026-03-17 22:49:29,094 - root - INFO - [31mstep: 2534  [32mloss:  2.8203  [38;2;180;60;0mgrad_norm:  2.0003  [38;2;54;234;195mmemory: 58.00GiB(73.01%)  [34mtps: 119  [36mtflops: 5.72  [35mmfu: 0.58%[39m
[rank0]:[titan] 2026-03-17 22:49:46,231 - root - INFO - [31mstep: 2535  [32mloss:  2.8147  [38;2;180;60;0mgrad_norm:  1.7638  [38;2;54;234;195mmemory: 58.00GiB(73.01%)  [34mtps: 120  [36mtflops: 5.76  [35mmfu: 0.58%[39m
[rank0]:[titan] 2026-03-17 22:50:03,477 - root - INFO - [31mstep: 2536  [32mloss:  2.7963  [38;2;180;60;0mgrad_norm:  1.0842  [38;2;54;234;195mmemory: 58.00GiB(73.01%)  [34mtps: 119  [36mtflops: 5.72  [35mmfu: 0.58%[39m
[rank0]:[titan] 2026-03-17 22:50:20,825 - root - INFO - [31mstep: 2537  [32mloss:  2.7721  [38;2;180;60;0mgrad_norm:  0.9828  [38;2;54;234;195mmemory: 58.00GiB(73.01%)  [34mtps: 118  [36mtflops: 5.69  [35mmfu: 0.58%[39m
[rank0]:[titan] 2026-03-17 22:50:20,830 - root - WARNING - Dataset c4_test is being re-looped
[rank0]:[titan] 2026-03-17 22:50:38,141 - root - INFO - [31mstep: 2538  [32mloss:  2.7434  [38;2;180;60;0mgrad_norm:  1.3575  [38;2;54;234;195mmemory: 58.00GiB(73.01%)  [34mtps: 118  [36mtflops: 5.70  [35mmfu: 0.58%[39m
[rank0]:[titan] 2026-03-17 22:50:55,441 - root - INFO - [31mstep: 2539  [32mloss:  2.7629  [38;2;180;60;0mgrad_norm:  1.4879  [38;2;54;234;195mmemory: 58.00GiB(73.01%)  [34mtps: 118  [36mtflops: 5.70  [35mmfu: 0.58%[39m
[rank0]:[titan] 2026-03-17 22:51:12,812 - root - INFO - [31mstep: 2540  [32mloss:  2.8057  [38;2;180;60;0mgrad_norm:  1.1937  [38;2;54;234;195mmemory: 58.00GiB(73.01%)  [34mtps: 118  [36mtflops: 5.68  [35mmfu: 0.57%[39m
[rank0]:[titan] 2026-03-17 22:51:29,926 - root - INFO - [31mstep: 2541  [32mloss:  2.7028  [38;2;180;60;0mgrad_norm:  1.2126  [38;2;54;234;195mmemory: 58.00GiB(73.01%)  [34mtps: 120  [36mtflops: 5.77  [35mmfu: 0.58%[39m
[rank0]:[titan] 2026-03-17 22:51:47,067 - root - INFO - [31mstep: 2542  [32mloss:  2.7531  [38;2;180;60;0mgrad_norm:  1.1002  [38;2;54;234;195mmemory: 58.00GiB(73.01%)  [34mtps: 119  [36mtflops: 5.76  [35mmfu: 0.58%[39m
[rank0]:[titan] 2026-03-17 22:52:04,336 - root - INFO - [31mstep: 2543  [32mloss:  2.7577  [38;2;180;60;0mgrad_norm:  1.0732  [38;2;54;234;195mmemory: 58.00GiB(73.01%)  [34mtps: 119  [36mtflops: 5.71  [35mmfu: 0.58%[39m
[rank0]:[titan] 2026-03-17 22:52:21,322 - root - INFO - [31mstep: 2544  [32mloss:  2.7131  [38;2;180;60;0mgrad_norm:  0.8854  [38;2;54;234;195mmemory: 58.00GiB(73.01%)  [34mtps: 121  [36mtflops: 5.81  [35mmfu: 0.59%[39m
[rank0]:[titan] 2026-03-17 22:52:38,353 - root - INFO - [31mstep: 2545  [32mloss:  2.6486  [38;2;180;60;0mgrad_norm:  0.8980  [38;2;54;234;195mmemory: 58.00GiB(73.01%)  [34mtps: 120  [36mtflops: 5.79  [35mmfu: 0.59%[39m
[rank0]:[titan] 2026-03-17 22:52:56,086 - root - INFO - [31mstep: 2546  [32mloss:  2.7436  [38;2;180;60;0mgrad_norm:  1.0236  [38;2;54;234;195mmemory: 58.00GiB(73.01%)  [34mtps: 115  [36mtflops: 5.56  [35mmfu: 0.56%[39m
[rank0]:[titan] 2026-03-17 22:53:13,229 - root - INFO - [31mstep: 2547  [32mloss:  2.7757  [38;2;180;60;0mgrad_norm:  0.8987  [38;2;54;234;195mmemory: 58.00GiB(73.01%)  [34mtps: 119  [36mtflops: 5.76  [35mmfu: 0.58%[39m
[rank0]:[titan] 2026-03-17 22:53:30,178 - root - INFO - [31mstep: 2548  [32mloss:  2.7352  [38;2;180;60;0mgrad_norm:  0.7847  [38;2;54;234;195mmemory: 58.00GiB(73.01%)  [34mtps: 121  [36mtflops: 5.82  [35mmfu: 0.59%[39m
[rank0]:[titan] 2026-03-17 22:53:47,285 - root - INFO - [31mstep: 2549  [32mloss:  2.6792  [38;2;180;60;0mgrad_norm:  0.9344  [38;2;54;234;195mmemory: 58.00GiB(73.01%)  [34mtps: 120  [36mtflops: 5.77  [35mmfu: 0.58%[39m
[rank0]:[titan] 2026-03-17 22:54:04,373 - root - INFO - [31mstep: 2550  [32mloss:  2.7517  [38;2;180;60;0mgrad_norm:  0.7267  [38;2;54;234;195mmemory: 58.00GiB(73.01%)  [34mtps: 120  [36mtflops: 5.77  [35mmfu: 0.58%[39m
[rank0]:[titan] 2026-03-17 22:54:21,614 - root - INFO - [31mstep: 2551  [32mloss:  2.7618  [38;2;180;60;0mgrad_norm:  0.7573  [38;2;54;234;195mmemory: 58.00GiB(73.01%)  [34mtps: 119  [36mtflops: 5.72  [35mmfu: 0.58%[39m
[rank0]:[titan] 2026-03-17 22:54:38,635 - root - INFO - [31mstep: 2552  [32mloss:  2.7949  [38;2;180;60;0mgrad_norm:  0.7847  [38;2;54;234;195mmemory: 58.00GiB(73.01%)  [34mtps: 120  [36mtflops: 5.80  [35mmfu: 0.59%[39m
[rank0]:[titan] 2026-03-17 22:54:56,058 - root - INFO - [31mstep: 2553  [32mloss:  2.7592  [38;2;180;60;0mgrad_norm:  0.7227  [38;2;54;234;195mmemory: 58.00GiB(73.01%)  [34mtps: 118  [36mtflops: 5.66  [35mmfu: 0.57%[39m
[rank0]:[titan] 2026-03-17 22:55:13,289 - root - INFO - [31mstep: 2554  [32mloss:  2.7643  [38;2;180;60;0mgrad_norm:  0.9581  [38;2;54;234;195mmemory: 58.00GiB(73.01%)  [34mtps: 119  [36mtflops: 5.73  [35mmfu: 0.58%[39m
[rank0]:[titan] 2026-03-17 22:55:30,478 - root - INFO - [31mstep: 2555  [32mloss:  2.7053  [38;2;180;60;0mgrad_norm:  0.7091  [38;2;54;234;195mmemory: 58.00GiB(73.01%)  [34mtps: 119  [36mtflops: 5.74  [35mmfu: 0.58%[39m
[rank0]:[titan] 2026-03-17 22:55:47,767 - root - INFO - [31mstep: 2556  [32mloss:  2.6629  [38;2;180;60;0mgrad_norm:  0.8234  [38;2;54;234;195mmemory: 58.00GiB(73.01%)  [34mtps: 118  [36mtflops: 5.71  [35mmfu: 0.58%[39m
[rank0]:[titan] 2026-03-17 22:56:04,691 - root - INFO - [31mstep: 2557  [32mloss:  2.6961  [38;2;180;60;0mgrad_norm:  1.0194  [38;2;54;234;195mmemory: 58.00GiB(73.01%)  [34mtps: 121  [36mtflops: 5.83  [35mmfu: 0.59%[39m
[rank0]:[titan] 2026-03-17 22:56:21,823 - root - INFO - [31mstep: 2558  [32mloss:  2.6676  [38;2;180;60;0mgrad_norm:  1.0461  [38;2;54;234;195mmemory: 58.00GiB(73.01%)  [34mtps: 120  [36mtflops: 5.76  [35mmfu: 0.58%[39m
[rank0]:[titan] 2026-03-17 22:56:38,967 - root - INFO - [31mstep: 2559  [32mloss:  2.7434  [38;2;180;60;0mgrad_norm:  0.8732  [38;2;54;234;195mmemory: 58.00GiB(73.01%)  [34mtps: 119  [36mtflops: 5.76  [35mmfu: 0.58%[39m
[rank0]:[titan] 2026-03-17 22:56:56,081 - root - INFO - [31mstep: 2560  [32mloss:  2.7130  [38;2;180;60;0mgrad_norm:  0.9978  [38;2;54;234;195mmemory: 58.00GiB(73.01%)  [34mtps: 120  [36mtflops: 5.77  [35mmfu: 0.58%[39m
[rank0]:[titan] 2026-03-17 22:57:13,322 - root - INFO - [31mstep: 2561  [32mloss:  2.7691  [38;2;180;60;0mgrad_norm:  0.8234  [38;2;54;234;195mmemory: 58.00GiB(73.01%)  [34mtps: 119  [36mtflops: 5.72  [35mmfu: 0.58%[39m
[rank0]:[titan] 2026-03-17 22:57:30,512 - root - INFO - [31mstep: 2562  [32mloss:  2.7225  [38;2;180;60;0mgrad_norm:  0.8274  [38;2;54;234;195mmemory: 58.00GiB(73.01%)  [34mtps: 119  [36mtflops: 5.74  [35mmfu: 0.58%[39m
[rank0]:[titan] 2026-03-17 22:57:47,687 - root - INFO - [31mstep: 2563  [32mloss:  2.7760  [38;2;180;60;0mgrad_norm:  0.8429  [38;2;54;234;195mmemory: 58.00GiB(73.01%)  [34mtps: 119  [36mtflops: 5.75  [35mmfu: 0.58%[39m
[rank0]:[titan] 2026-03-17 22:58:04,591 - root - INFO - [31mstep: 2564  [32mloss:  2.7016  [38;2;180;60;0mgrad_norm:  0.8381  [38;2;54;234;195mmemory: 58.00GiB(73.01%)  [34mtps: 121  [36mtflops: 5.84  [35mmfu: 0.59%[39m
[rank0]:[titan] 2026-03-17 22:58:21,673 - root - INFO - [31mstep: 2565  [32mloss:  2.6865  [38;2;180;60;0mgrad_norm:  0.7260  [38;2;54;234;195mmemory: 58.00GiB(73.01%)  [34mtps: 120  [36mtflops: 5.78  [35mmfu: 0.58%[39m
[rank0]:[titan] 2026-03-17 22:58:38,828 - root - INFO - [31mstep: 2566  [32mloss:  2.7069  [38;2;180;60;0mgrad_norm:  1.0200  [38;2;54;234;195mmemory: 58.00GiB(73.01%)  [34mtps: 119  [36mtflops: 5.75  [35mmfu: 0.58%[39m
[rank0]:[titan] 2026-03-17 22:58:55,801 - root - INFO - [31mstep: 2567  [32mloss:  2.6924  [38;2;180;60;0mgrad_norm:  0.9391  [38;2;54;234;195mmemory: 58.00GiB(73.01%)  [34mtps: 121  [36mtflops: 5.81  [35mmfu: 0.59%[39m
[rank0]:[titan] 2026-03-17 22:59:12,895 - root - INFO - [31mstep: 2568  [32mloss:  2.7119  [38;2;180;60;0mgrad_norm:  0.7344  [38;2;54;234;195mmemory: 58.00GiB(73.01%)  [34mtps: 120  [36mtflops: 5.77  [35mmfu: 0.58%[39m
[rank0]:[titan] 2026-03-17 22:59:30,112 - root - INFO - [31mstep: 2569  [32mloss:  2.6900  [38;2;180;60;0mgrad_norm:  0.7225  [38;2;54;234;195mmemory: 58.00GiB(73.01%)  [34mtps: 119  [36mtflops: 5.73  [35mmfu: 0.58%[39m
[rank0]:[titan] 2026-03-17 22:59:47,278 - root - INFO - [31mstep: 2570  [32mloss:  2.6643  [38;2;180;60;0mgrad_norm:  0.7639  [38;2;54;234;195mmemory: 58.00GiB(73.01%)  [34mtps: 119  [36mtflops: 5.75  [35mmfu: 0.58%[39m
[rank0]:[titan] 2026-03-17 23:00:04,218 - root - INFO - [31mstep: 2571  [32mloss:  2.7078  [38;2;180;60;0mgrad_norm:  1.3850  [38;2;54;234;195mmemory: 58.00GiB(73.01%)  [34mtps: 121  [36mtflops: 5.83  [35mmfu: 0.59%[39m
[rank0]:[titan] 2026-03-17 23:00:21,433 - root - INFO - [31mstep: 2572  [32mloss:  2.6762  [38;2;180;60;0mgrad_norm:  0.9697  [38;2;54;234;195mmemory: 58.00GiB(73.01%)  [34mtps: 119  [36mtflops: 5.73  [35mmfu: 0.58%[39m
[rank0]:[titan] 2026-03-17 23:00:38,439 - root - INFO - [31mstep: 2573  [32mloss:  2.6951  [38;2;180;60;0mgrad_norm:  0.7355  [38;2;54;234;195mmemory: 58.00GiB(73.01%)  [34mtps: 120  [36mtflops: 5.80  [35mmfu: 0.59%[39m
[rank0]:[titan] 2026-03-17 23:00:55,667 - root - INFO - [31mstep: 2574  [32mloss:  2.6664  [38;2;180;60;0mgrad_norm:  0.5779  [38;2;54;234;195mmemory: 58.00GiB(73.01%)  [34mtps: 119  [36mtflops: 5.73  [35mmfu: 0.58%[39m
[rank0]:[titan] 2026-03-17 23:01:12,931 - root - INFO - [31mstep: 2575  [32mloss:  2.6845  [38;2;180;60;0mgrad_norm:  0.7745  [38;2;54;234;195mmemory: 58.00GiB(73.01%)  [34mtps: 119  [36mtflops: 5.72  [35mmfu: 0.58%[39m
[rank0]:[titan] 2026-03-17 23:01:30,169 - root - INFO - [31mstep: 2576  [32mloss:  2.7386  [38;2;180;60;0mgrad_norm:  0.8872  [38;2;54;234;195mmemory: 58.00GiB(73.01%)  [34mtps: 119  [36mtflops: 5.72  [35mmfu: 0.58%[39m
[rank0]:[titan] 2026-03-17 23:01:47,388 - root - INFO - [31mstep: 2577  [32mloss:  2.7489  [38;2;180;60;0mgrad_norm:  0.7110  [38;2;54;234;195mmemory: 58.00GiB(73.01%)  [34mtps: 119  [36mtflops: 5.73  [35mmfu: 0.58%[39m
[rank0]:[titan] 2026-03-17 23:02:04,681 - root - INFO - [31mstep: 2578  [32mloss:  2.6746  [38;2;180;60;0mgrad_norm:  0.7052  [38;2;54;234;195mmemory: 58.00GiB(73.01%)  [34mtps: 118  [36mtflops: 5.71  [35mmfu: 0.58%[39m
[rank0]:[titan] 2026-03-17 23:02:21,609 - root - INFO - [31mstep: 2579  [32mloss:  2.7282  [38;2;180;60;0mgrad_norm:  0.6889  [38;2;54;234;195mmemory: 58.00GiB(73.01%)  [34mtps: 121  [36mtflops: 5.83  [35mmfu: 0.59%[39m
[rank0]:[titan] 2026-03-17 23:02:38,857 - root - INFO - [31mstep: 2580  [32mloss:  2.6819  [38;2;180;60;0mgrad_norm:  0.6009  [38;2;54;234;195mmemory: 58.00GiB(73.01%)  [34mtps: 119  [36mtflops: 5.72  [35mmfu: 0.58%[39m
[rank0]:[titan] 2026-03-17 23:02:55,817 - root - INFO - [31mstep: 2581  [32mloss:  2.7447  [38;2;180;60;0mgrad_norm:  0.8215  [38;2;54;234;195mmemory: 58.00GiB(73.01%)  [34mtps: 121  [36mtflops: 5.82  [35mmfu: 0.59%[39m
[rank0]:[titan] 2026-03-17 23:03:12,885 - root - INFO - [31mstep: 2582  [32mloss:  2.7995  [38;2;180;60;0mgrad_norm:  0.7400  [38;2;54;234;195mmemory: 58.00GiB(73.01%)  [34mtps: 120  [36mtflops: 5.78  [35mmfu: 0.58%[39m
[rank0]:[titan] 2026-03-17 23:03:30,109 - root - INFO - [31mstep: 2583  [32mloss:  2.7189  [38;2;180;60;0mgrad_norm:  0.7805  [38;2;54;234;195mmemory: 58.00GiB(73.01%)  [34mtps: 119  [36mtflops: 5.73  [35mmfu: 0.58%[39m
[rank0]:[titan] 2026-03-17 23:03:47,262 - root - INFO - [31mstep: 2584  [32mloss:  2.7201  [38;2;180;60;0mgrad_norm:  0.7426  [38;2;54;234;195mmemory: 58.00GiB(73.01%)  [34mtps: 119  [36mtflops: 5.75  [35mmfu: 0.58%[39m
[rank0]:[titan] 2026-03-17 23:04:04,794 - root - INFO - [31mstep: 2585  [32mloss:  2.7796  [38;2;180;60;0mgrad_norm:  0.9929  [38;2;54;234;195mmemory: 58.00GiB(73.01%)  [34mtps: 117  [36mtflops: 5.63  [35mmfu: 0.57%[39m
[rank0]:[titan] 2026-03-17 23:04:22,048 - root - INFO - [31mstep: 2586  [32mloss:  2.7565  [38;2;180;60;0mgrad_norm:  0.8537  [38;2;54;234;195mmemory: 58.00GiB(73.01%)  [34mtps: 119  [36mtflops: 5.72  [35mmfu: 0.58%[39m
[rank0]:[titan] 2026-03-17 23:04:39,094 - root - INFO - [31mstep: 2587  [32mloss:  2.7252  [38;2;180;60;0mgrad_norm:  0.9195  [38;2;54;234;195mmemory: 58.00GiB(73.01%)  [34mtps: 120  [36mtflops: 5.79  [35mmfu: 0.59%[39m
[rank0]:[titan] 2026-03-17 23:04:56,269 - root - INFO - [31mstep: 2588  [32mloss:  2.6859  [38;2;180;60;0mgrad_norm:  0.8046  [38;2;54;234;195mmemory: 58.00GiB(73.01%)  [34mtps: 119  [36mtflops: 5.75  [35mmfu: 0.58%[39m
[rank0]:[titan] 2026-03-17 23:05:13,445 - root - INFO - [31mstep: 2589  [32mloss:  2.6731  [38;2;180;60;0mgrad_norm:  0.6856  [38;2;54;234;195mmemory: 58.00GiB(73.01%)  [34mtps: 119  [36mtflops: 5.75  [35mmfu: 0.58%[39m
[rank0]:[titan] 2026-03-17 23:05:30,668 - root - INFO - [31mstep: 2590  [32mloss:  2.6866  [38;2;180;60;0mgrad_norm:  0.8842  [38;2;54;234;195mmemory: 58.00GiB(73.01%)  [34mtps: 119  [36mtflops: 5.73  [35mmfu: 0.58%[39m
[rank0]:[titan] 2026-03-17 23:05:47,722 - root - INFO - [31mstep: 2591  [32mloss:  2.6859  [38;2;180;60;0mgrad_norm:  0.8887  [38;2;54;234;195mmemory: 58.00GiB(73.01%)  [34mtps: 120  [36mtflops: 5.79  [35mmfu: 0.59%[39m
[rank0]:[titan] 2026-03-17 23:06:04,960 - root - INFO - [31mstep: 2592  [32mloss:  2.7652  [38;2;180;60;0mgrad_norm:  0.8690  [38;2;54;234;195mmemory: 58.00GiB(73.01%)  [34mtps: 119  [36mtflops: 5.72  [35mmfu: 0.58%[39m
[rank0]:[titan] 2026-03-17 23:06:22,111 - root - INFO - [31mstep: 2593  [32mloss:  2.6859  [38;2;180;60;0mgrad_norm:  0.8282  [38;2;54;234;195mmemory: 58.00GiB(73.01%)  [34mtps: 119  [36mtflops: 5.75  [35mmfu: 0.58%[39m
[rank0]:[titan] 2026-03-17 23:06:39,353 - root - INFO - [31mstep: 2594  [32mloss:  2.7111  [38;2;180;60;0mgrad_norm:  0.6383  [38;2;54;234;195mmemory: 58.00GiB(73.01%)  [34mtps: 119  [36mtflops: 5.72  [35mmfu: 0.58%[39m
[rank0]:[titan] 2026-03-17 23:06:56,597 - root - INFO - [31mstep: 2595  [32mloss:  2.7154  [38;2;180;60;0mgrad_norm:  0.9072  [38;2;54;234;195mmemory: 58.00GiB(73.01%)  [34mtps: 119  [36mtflops: 5.72  [35mmfu: 0.58%[39m
[rank0]:[titan] 2026-03-17 23:07:13,878 - root - INFO - [31mstep: 2596  [32mloss:  2.7435  [38;2;180;60;0mgrad_norm:  1.1208  [38;2;54;234;195mmemory: 58.00GiB(73.01%)  [34mtps: 119  [36mtflops: 5.71  [35mmfu: 0.58%[39m
[rank0]:[titan] 2026-03-17 23:07:30,813 - root - INFO - [31mstep: 2597  [32mloss:  2.6922  [38;2;180;60;0mgrad_norm:  0.6351  [38;2;54;234;195mmemory: 58.00GiB(73.01%)  [34mtps: 121  [36mtflops: 5.83  [35mmfu: 0.59%[39m
[rank0]:[titan] 2026-03-17 23:07:47,839 - root - INFO - [31mstep: 2598  [32mloss:  2.6920  [38;2;180;60;0mgrad_norm:  0.5744  [38;2;54;234;195mmemory: 58.00GiB(73.01%)  [34mtps: 120  [36mtflops: 5.80  [35mmfu: 0.59%[39m
[rank0]:[titan] 2026-03-17 23:08:04,952 - root - INFO - [31mstep: 2599  [32mloss:  2.7002  [38;2;180;60;0mgrad_norm:  0.7589  [38;2;54;234;195mmemory: 58.00GiB(73.01%)  [34mtps: 120  [36mtflops: 5.77  [35mmfu: 0.58%[39m
[rank0]:[titan] 2026-03-17 23:08:22,147 - root - INFO - [31mstep: 2600  [32mloss:  2.6995  [38;2;180;60;0mgrad_norm:  0.6931  [38;2;54;234;195mmemory: 58.00GiB(73.01%)  [34mtps: 119  [36mtflops: 5.74  [35mmfu: 0.58%[39m
[rank0]:[titan] 2026-03-17 23:08:39,556 - root - INFO - [31mstep: 2601  [32mloss:  2.6956  [38;2;180;60;0mgrad_norm:  0.7114  [38;2;54;234;195mmemory: 58.00GiB(73.01%)  [34mtps: 118  [36mtflops: 5.67  [35mmfu: 0.57%[39m
[rank0]:[titan] 2026-03-17 23:08:56,653 - root - INFO - [31mstep: 2602  [32mloss:  2.7127  [38;2;180;60;0mgrad_norm:  0.7717  [38;2;54;234;195mmemory: 58.00GiB(73.01%)  [34mtps: 120  [36mtflops: 5.77  [35mmfu: 0.58%[39m
[rank0]:[titan] 2026-03-17 23:09:13,866 - root - INFO - [31mstep: 2603  [32mloss:  2.6546  [38;2;180;60;0mgrad_norm:  0.5701  [38;2;54;234;195mmemory: 58.00GiB(73.01%)  [34mtps: 119  [36mtflops: 5.73  [35mmfu: 0.58%[39m
[rank0]:[titan] 2026-03-17 23:09:31,009 - root - INFO - [31mstep: 2604  [32mloss:  2.6445  [38;2;180;60;0mgrad_norm:  0.8392  [38;2;54;234;195mmemory: 58.00GiB(73.01%)  [34mtps: 119  [36mtflops: 5.76  [35mmfu: 0.58%[39m
[rank0]:[titan] 2026-03-17 23:09:48,186 - root - INFO - [31mstep: 2605  [32mloss:  2.6512  [38;2;180;60;0mgrad_norm:  0.8235  [38;2;54;234;195mmemory: 58.00GiB(73.01%)  [34mtps: 119  [36mtflops: 5.74  [35mmfu: 0.58%[39m
[rank0]:[titan] 2026-03-17 23:10:05,259 - root - INFO - [31mstep: 2606  [32mloss:  2.6881  [38;2;180;60;0mgrad_norm:  0.8406  [38;2;54;234;195mmemory: 58.00GiB(73.01%)  [34mtps: 120  [36mtflops: 5.78  [35mmfu: 0.58%[39m
[rank0]:[titan] 2026-03-17 23:10:22,533 - root - INFO - [31mstep: 2607  [32mloss:  2.6349  [38;2;180;60;0mgrad_norm:  0.9249  [38;2;54;234;195mmemory: 58.00GiB(73.01%)  [34mtps: 119  [36mtflops: 5.71  [35mmfu: 0.58%[39m
[rank0]:[titan] 2026-03-17 23:10:39,326 - root - INFO - [31mstep: 2608  [32mloss:  2.8126  [38;2;180;60;0mgrad_norm:  1.0719  [38;2;54;234;195mmemory: 58.00GiB(73.01%)  [34mtps: 122  [36mtflops: 5.88  [35mmfu: 0.59%[39m
[rank0]:[titan] 2026-03-17 23:10:56,541 - root - INFO - [31mstep: 2609  [32mloss:  2.7846  [38;2;180;60;0mgrad_norm:  0.6670  [38;2;54;234;195mmemory: 58.00GiB(73.01%)  [34mtps: 119  [36mtflops: 5.73  [35mmfu: 0.58%[39m
[rank0]:[titan] 2026-03-17 23:11:13,817 - root - INFO - [31mstep: 2610  [32mloss:  2.6849  [38;2;180;60;0mgrad_norm:  0.9694  [38;2;54;234;195mmemory: 58.00GiB(73.01%)  [34mtps: 119  [36mtflops: 5.71  [35mmfu: 0.58%[39m
[rank0]:[titan] 2026-03-17 23:11:31,036 - root - INFO - [31mstep: 2611  [32mloss:  2.6632  [38;2;180;60;0mgrad_norm:  0.9090  [38;2;54;234;195mmemory: 58.00GiB(73.01%)  [34mtps: 119  [36mtflops: 5.73  [35mmfu: 0.58%[39m
[rank0]:[titan] 2026-03-17 23:11:48,320 - root - INFO - [31mstep: 2612  [32mloss:  2.6584  [38;2;180;60;0mgrad_norm:  0.9007  [38;2;54;234;195mmemory: 58.00GiB(73.01%)  [34mtps: 118  [36mtflops: 5.71  [35mmfu: 0.58%[39m
[rank0]:[titan] 2026-03-17 23:12:05,614 - root - INFO - [31mstep: 2613  [32mloss:  2.6906  [38;2;180;60;0mgrad_norm:  0.9571  [38;2;54;234;195mmemory: 58.00GiB(73.01%)  [34mtps: 118  [36mtflops: 5.71  [35mmfu: 0.58%[39m
[rank0]:[titan] 2026-03-17 23:12:22,811 - root - INFO - [31mstep: 2614  [32mloss:  2.7072  [38;2;180;60;0mgrad_norm:  1.0575  [38;2;54;234;195mmemory: 58.00GiB(73.01%)  [34mtps: 119  [36mtflops: 5.74  [35mmfu: 0.58%[39m
[rank0]:[titan] 2026-03-17 23:12:39,930 - root - INFO - [31mstep: 2615  [32mloss:  2.6943  [38;2;180;60;0mgrad_norm:  0.8152  [38;2;54;234;195mmemory: 58.00GiB(73.01%)  [34mtps: 120  [36mtflops: 5.76  [35mmfu: 0.58%[39m
[rank0]:[titan] 2026-03-17 23:12:57,128 - root - INFO - [31mstep: 2616  [32mloss:  2.7091  [38;2;180;60;0mgrad_norm:  0.9759  [38;2;54;234;195mmemory: 58.00GiB(73.01%)  [34mtps: 119  [36mtflops: 5.74  [35mmfu: 0.58%[39m
[rank0]:[titan] 2026-03-17 23:13:14,472 - root - INFO - [31mstep: 2617  [32mloss:  2.6795  [38;2;180;60;0mgrad_norm:  1.0157  [38;2;54;234;195mmemory: 58.00GiB(73.01%)  [34mtps: 118  [36mtflops: 5.69  [35mmfu: 0.58%[39m
[rank0]:[titan] 2026-03-17 23:13:31,622 - root - INFO - [31mstep: 2618  [32mloss:  2.7278  [38;2;180;60;0mgrad_norm:  1.0393  [38;2;54;234;195mmemory: 58.00GiB(73.01%)  [34mtps: 119  [36mtflops: 5.75  [35mmfu: 0.58%[39m
[rank0]:[titan] 2026-03-17 23:13:48,860 - root - INFO - [31mstep: 2619  [32mloss:  2.7254  [38;2;180;60;0mgrad_norm:  1.1118  [38;2;54;234;195mmemory: 58.00GiB(73.01%)  [34mtps: 119  [36mtflops: 5.72  [35mmfu: 0.58%[39m
[rank0]:[titan] 2026-03-17 23:14:06,094 - root - INFO - [31mstep: 2620  [32mloss:  2.7469  [38;2;180;60;0mgrad_norm:  1.0729  [38;2;54;234;195mmemory: 58.00GiB(73.01%)  [34mtps: 119  [36mtflops: 5.73  [35mmfu: 0.58%[39m
[rank0]:[titan] 2026-03-17 23:14:23,321 - root - INFO - [31mstep: 2621  [32mloss:  2.7579  [38;2;180;60;0mgrad_norm:  0.8647  [38;2;54;234;195mmemory: 58.00GiB(73.01%)  [34mtps: 119  [36mtflops: 5.73  [35mmfu: 0.58%[39m
[rank0]:[titan] 2026-03-17 23:14:40,420 - root - INFO - [31mstep: 2622  [32mloss:  2.7378  [38;2;180;60;0mgrad_norm:  1.3615  [38;2;54;234;195mmemory: 58.00GiB(73.01%)  [34mtps: 120  [36mtflops: 5.77  [35mmfu: 0.58%[39m
[rank0]:[titan] 2026-03-17 23:14:57,455 - root - INFO - [31mstep: 2623  [32mloss:  2.6881  [38;2;180;60;0mgrad_norm:  1.1700  [38;2;54;234;195mmemory: 58.00GiB(73.01%)  [34mtps: 120  [36mtflops: 5.79  [35mmfu: 0.59%[39m
[rank0]:[titan] 2026-03-17 23:15:14,712 - root - INFO - [31mstep: 2624  [32mloss:  2.7626  [38;2;180;60;0mgrad_norm:  1.1362  [38;2;54;234;195mmemory: 58.00GiB(73.01%)  [34mtps: 119  [36mtflops: 5.72  [35mmfu: 0.58%[39m
[rank0]:[titan] 2026-03-17 23:15:31,990 - root - INFO - [31mstep: 2625  [32mloss:  2.7114  [38;2;180;60;0mgrad_norm:  0.6654  [38;2;54;234;195mmemory: 58.00GiB(73.01%)  [34mtps: 119  [36mtflops: 5.71  [35mmfu: 0.58%[39m
[rank0]:[titan] 2026-03-17 23:15:49,178 - root - INFO - [31mstep: 2626  [32mloss:  2.7141  [38;2;180;60;0mgrad_norm:  0.9481  [38;2;54;234;195mmemory: 58.00GiB(73.01%)  [34mtps: 119  [36mtflops: 5.74  [35mmfu: 0.58%[39m
[rank0]:[titan] 2026-03-17 23:16:06,524 - root - INFO - [31mstep: 2627  [32mloss:  2.6952  [38;2;180;60;0mgrad_norm:  1.1857  [38;2;54;234;195mmemory: 58.00GiB(73.01%)  [34mtps: 118  [36mtflops: 5.69  [35mmfu: 0.58%[39m
[rank0]:[titan] 2026-03-17 23:16:23,813 - root - INFO - [31mstep: 2628  [32mloss:  2.7019  [38;2;180;60;0mgrad_norm:  1.0724  [38;2;54;234;195mmemory: 58.00GiB(73.01%)  [34mtps: 118  [36mtflops: 5.71  [35mmfu: 0.58%[39m
[rank0]:[titan] 2026-03-17 23:16:41,108 - root - INFO - [31mstep: 2629  [32mloss:  2.6705  [38;2;180;60;0mgrad_norm:  0.8059  [38;2;54;234;195mmemory: 58.00GiB(73.01%)  [34mtps: 118  [36mtflops: 5.71  [35mmfu: 0.58%[39m
[rank0]:[titan] 2026-03-17 23:16:58,266 - root - INFO - [31mstep: 2630  [32mloss:  2.7335  [38;2;180;60;0mgrad_norm:  0.9069  [38;2;54;234;195mmemory: 58.00GiB(73.01%)  [34mtps: 119  [36mtflops: 5.75  [35mmfu: 0.58%[39m
[rank0]:[titan] 2026-03-17 23:17:15,360 - root - INFO - [31mstep: 2631  [32mloss:  2.6850  [38;2;180;60;0mgrad_norm:  0.8864  [38;2;54;234;195mmemory: 58.00GiB(73.01%)  [34mtps: 120  [36mtflops: 5.77  [35mmfu: 0.58%[39m
[rank0]:[titan] 2026-03-17 23:17:32,563 - root - INFO - [31mstep: 2632  [32mloss:  2.6749  [38;2;180;60;0mgrad_norm:  1.1852  [38;2;54;234;195mmemory: 58.00GiB(73.01%)  [34mtps: 119  [36mtflops: 5.74  [35mmfu: 0.58%[39m
[rank0]:[titan] 2026-03-17 23:17:49,656 - root - INFO - [31mstep: 2633  [32mloss:  2.6968  [38;2;180;60;0mgrad_norm:  0.9397  [38;2;54;234;195mmemory: 58.00GiB(73.01%)  [34mtps: 120  [36mtflops: 5.77  [35mmfu: 0.58%[39m
[rank0]:[titan] 2026-03-17 23:18:07,073 - root - INFO - [31mstep: 2634  [32mloss:  2.6643  [38;2;180;60;0mgrad_norm:  0.7364  [38;2;54;234;195mmemory: 58.00GiB(73.01%)  [34mtps: 118  [36mtflops: 5.67  [35mmfu: 0.57%[39m
[rank0]:[titan] 2026-03-17 23:18:24,457 - root - INFO - [31mstep: 2635  [32mloss:  2.6582  [38;2;180;60;0mgrad_norm:  0.6815  [38;2;54;234;195mmemory: 58.00GiB(73.01%)  [34mtps: 118  [36mtflops: 5.68  [35mmfu: 0.57%[39m
[rank0]:[titan] 2026-03-17 23:18:41,532 - root - INFO - [31mstep: 2636  [32mloss:  2.6775  [38;2;180;60;0mgrad_norm:  0.7379  [38;2;54;234;195mmemory: 58.00GiB(73.01%)  [34mtps: 120  [36mtflops: 5.78  [35mmfu: 0.58%[39m
[rank0]:[titan] 2026-03-17 23:18:58,771 - root - INFO - [31mstep: 2637  [32mloss:  2.7083  [38;2;180;60;0mgrad_norm:  0.5445  [38;2;54;234;195mmemory: 58.00GiB(73.01%)  [34mtps: 119  [36mtflops: 5.72  [35mmfu: 0.58%[39m
[rank0]:[titan] 2026-03-17 23:19:16,031 - root - INFO - [31mstep: 2638  [32mloss:  2.6752  [38;2;180;60;0mgrad_norm:  1.0668  [38;2;54;234;195mmemory: 58.00GiB(73.01%)  [34mtps: 119  [36mtflops: 5.72  [35mmfu: 0.58%[39m
[rank0]:[titan] 2026-03-17 23:19:32,885 - root - INFO - [31mstep: 2639  [32mloss:  2.6748  [38;2;180;60;0mgrad_norm:  0.7274  [38;2;54;234;195mmemory: 58.00GiB(73.01%)  [34mtps: 122  [36mtflops: 5.85  [35mmfu: 0.59%[39m
[rank0]:[titan] 2026-03-17 23:19:50,116 - root - INFO - [31mstep: 2640  [32mloss:  2.6477  [38;2;180;60;0mgrad_norm:  0.5354  [38;2;54;234;195mmemory: 58.00GiB(73.01%)  [34mtps: 119  [36mtflops: 5.73  [35mmfu: 0.58%[39m
[rank0]:[titan] 2026-03-17 23:20:07,325 - root - INFO - [31mstep: 2641  [32mloss:  2.6972  [38;2;180;60;0mgrad_norm:  0.7805  [38;2;54;234;195mmemory: 58.00GiB(73.01%)  [34mtps: 119  [36mtflops: 5.73  [35mmfu: 0.58%[39m
[rank0]:[titan] 2026-03-17 23:20:24,553 - root - INFO - [31mstep: 2642  [32mloss:  2.6374  [38;2;180;60;0mgrad_norm:  0.7341  [38;2;54;234;195mmemory: 58.00GiB(73.01%)  [34mtps: 119  [36mtflops: 5.73  [35mmfu: 0.58%[39m
[rank0]:[titan] 2026-03-17 23:20:41,703 - root - INFO - [31mstep: 2643  [32mloss:  2.6898  [38;2;180;60;0mgrad_norm:  0.6595  [38;2;54;234;195mmemory: 58.00GiB(73.01%)  [34mtps: 119  [36mtflops: 5.75  [35mmfu: 0.58%[39m
[rank0]:[titan] 2026-03-17 23:20:58,773 - root - INFO - [31mstep: 2644  [32mloss:  2.7321  [38;2;180;60;0mgrad_norm:  0.8413  [38;2;54;234;195mmemory: 58.00GiB(73.01%)  [34mtps: 120  [36mtflops: 5.78  [35mmfu: 0.58%[39m
[rank0]:[titan] 2026-03-17 23:21:16,023 - root - INFO - [31mstep: 2645  [32mloss:  2.6909  [38;2;180;60;0mgrad_norm:  0.9933  [38;2;54;234;195mmemory: 58.00GiB(73.01%)  [34mtps: 119  [36mtflops: 5.72  [35mmfu: 0.58%[39m
[rank0]:[titan] 2026-03-17 23:21:33,110 - root - INFO - [31mstep: 2646  [32mloss:  2.7108  [38;2;180;60;0mgrad_norm:  0.6908  [38;2;54;234;195mmemory: 58.00GiB(73.01%)  [34mtps: 120  [36mtflops: 5.78  [35mmfu: 0.58%[39m
[rank0]:[titan] 2026-03-17 23:21:50,319 - root - INFO - [31mstep: 2647  [32mloss:  2.6864  [38;2;180;60;0mgrad_norm:  0.8081  [38;2;54;234;195mmemory: 58.00GiB(73.01%)  [34mtps: 119  [36mtflops: 5.73  [35mmfu: 0.58%[39m
[rank0]:[titan] 2026-03-17 23:22:07,521 - root - INFO - [31mstep: 2648  [32mloss:  2.6788  [38;2;180;60;0mgrad_norm:  0.7420  [38;2;54;234;195mmemory: 58.00GiB(73.01%)  [34mtps: 119  [36mtflops: 5.74  [35mmfu: 0.58%[39m
[rank0]:[titan] 2026-03-17 23:22:24,670 - root - INFO - [31mstep: 2649  [32mloss:  2.7041  [38;2;180;60;0mgrad_norm:  0.9690  [38;2;54;234;195mmemory: 58.00GiB(73.01%)  [34mtps: 119  [36mtflops: 5.75  [35mmfu: 0.58%[39m
[rank0]:[titan] 2026-03-17 23:22:41,998 - root - INFO - [31mstep: 2650  [32mloss:  2.7786  [38;2;180;60;0mgrad_norm:  0.6504  [38;2;54;234;195mmemory: 58.00GiB(73.01%)  [34mtps: 118  [36mtflops: 5.69  [35mmfu: 0.58%[39m
[rank0]:[titan] 2026-03-17 23:22:59,278 - root - INFO - [31mstep: 2651  [32mloss:  2.6963  [38;2;180;60;0mgrad_norm:  0.9412  [38;2;54;234;195mmemory: 58.00GiB(73.01%)  [34mtps: 119  [36mtflops: 5.71  [35mmfu: 0.58%[39m
[rank0]:[titan] 2026-03-17 23:23:16,688 - root - INFO - [31mstep: 2652  [32mloss:  2.7261  [38;2;180;60;0mgrad_norm:  0.7623  [38;2;54;234;195mmemory: 58.00GiB(73.01%)  [34mtps: 118  [36mtflops: 5.67  [35mmfu: 0.57%[39m
[rank0]:[titan] 2026-03-17 23:23:34,087 - root - INFO - [31mstep: 2653  [32mloss:  2.7162  [38;2;180;60;0mgrad_norm:  0.8620  [38;2;54;234;195mmemory: 58.00GiB(73.01%)  [34mtps: 118  [36mtflops: 5.67  [35mmfu: 0.57%[39m
[rank0]:[titan] 2026-03-17 23:23:51,143 - root - INFO - [31mstep: 2654  [32mloss:  2.7228  [38;2;180;60;0mgrad_norm:  0.6814  [38;2;54;234;195mmemory: 58.00GiB(73.01%)  [34mtps: 120  [36mtflops: 5.79  [35mmfu: 0.58%[39m
[rank0]:[titan] 2026-03-17 23:24:08,518 - root - INFO - [31mstep: 2655  [32mloss:  2.7095  [38;2;180;60;0mgrad_norm:  0.7258  [38;2;54;234;195mmemory: 58.00GiB(73.01%)  [34mtps: 118  [36mtflops: 5.68  [35mmfu: 0.57%[39m
[rank0]:[titan] 2026-03-17 23:24:25,875 - root - INFO - [31mstep: 2656  [32mloss:  2.6546  [38;2;180;60;0mgrad_norm:  0.7607  [38;2;54;234;195mmemory: 58.00GiB(73.01%)  [34mtps: 118  [36mtflops: 5.69  [35mmfu: 0.57%[39m
[rank0]:[titan] 2026-03-17 23:24:43,090 - root - INFO - [31mstep: 2657  [32mloss:  2.7124  [38;2;180;60;0mgrad_norm:  1.4806  [38;2;54;234;195mmemory: 58.00GiB(73.01%)  [34mtps: 119  [36mtflops: 5.73  [35mmfu: 0.58%[39m
[rank0]:[titan] 2026-03-17 23:25:00,211 - root - INFO - [31mstep: 2658  [32mloss:  2.7018  [38;2;180;60;0mgrad_norm:  0.6852  [38;2;54;234;195mmemory: 58.00GiB(73.01%)  [34mtps: 120  [36mtflops: 5.76  [35mmfu: 0.58%[39m
[rank0]:[titan] 2026-03-17 23:25:17,462 - root - INFO - [31mstep: 2659  [32mloss:  2.6725  [38;2;180;60;0mgrad_norm:  0.7675  [38;2;54;234;195mmemory: 58.00GiB(73.01%)  [34mtps: 119  [36mtflops: 5.72  [35mmfu: 0.58%[39m
[rank0]:[titan] 2026-03-17 23:25:34,727 - root - INFO - [31mstep: 2660  [32mloss:  2.7314  [38;2;180;60;0mgrad_norm:  0.8069  [38;2;54;234;195mmemory: 58.00GiB(73.01%)  [34mtps: 119  [36mtflops: 5.72  [35mmfu: 0.58%[39m
[rank0]:[titan] 2026-03-17 23:25:52,068 - root - INFO - [31mstep: 2661  [32mloss:  2.6665  [38;2;180;60;0mgrad_norm:  0.7361  [38;2;54;234;195mmemory: 58.00GiB(73.01%)  [34mtps: 118  [36mtflops: 5.69  [35mmfu: 0.58%[39m
[rank0]:[titan] 2026-03-17 23:26:09,429 - root - INFO - [31mstep: 2662  [32mloss:  2.7507  [38;2;180;60;0mgrad_norm:  1.0215  [38;2;54;234;195mmemory: 58.00GiB(73.01%)  [34mtps: 118  [36mtflops: 5.68  [35mmfu: 0.57%[39m
[rank0]:[titan] 2026-03-17 23:26:26,776 - root - INFO - [31mstep: 2663  [32mloss:  2.7490  [38;2;180;60;0mgrad_norm:  0.9953  [38;2;54;234;195mmemory: 58.00GiB(73.01%)  [34mtps: 118  [36mtflops: 5.69  [35mmfu: 0.58%[39m
[rank0]:[titan] 2026-03-17 23:26:44,153 - root - INFO - [31mstep: 2664  [32mloss:  2.8003  [38;2;180;60;0mgrad_norm:  0.8664  [38;2;54;234;195mmemory: 58.00GiB(73.01%)  [34mtps: 118  [36mtflops: 5.68  [35mmfu: 0.57%[39m
[rank0]:[titan] 2026-03-17 23:27:01,512 - root - INFO - [31mstep: 2665  [32mloss:  2.7206  [38;2;180;60;0mgrad_norm:  0.7044  [38;2;54;234;195mmemory: 58.00GiB(73.01%)  [34mtps: 118  [36mtflops: 5.68  [35mmfu: 0.57%[39m
[rank0]:[titan] 2026-03-17 23:27:18,823 - root - INFO - [31mstep: 2666  [32mloss:  2.7135  [38;2;180;60;0mgrad_norm:  0.9470  [38;2;54;234;195mmemory: 58.00GiB(73.01%)  [34mtps: 118  [36mtflops: 5.70  [35mmfu: 0.58%[39m
[rank0]:[titan] 2026-03-17 23:27:36,040 - root - INFO - [31mstep: 2667  [32mloss:  2.7060  [38;2;180;60;0mgrad_norm:  1.0697  [38;2;54;234;195mmemory: 58.00GiB(73.01%)  [34mtps: 119  [36mtflops: 5.73  [35mmfu: 0.58%[39m
[rank0]:[titan] 2026-03-17 23:27:53,470 - root - INFO - [31mstep: 2668  [32mloss:  2.7069  [38;2;180;60;0mgrad_norm:  0.8992  [38;2;54;234;195mmemory: 58.00GiB(73.01%)  [34mtps: 118  [36mtflops: 5.66  [35mmfu: 0.57%[39m
[rank0]:[titan] 2026-03-17 23:28:10,807 - root - INFO - [31mstep: 2669  [32mloss:  2.6906  [38;2;180;60;0mgrad_norm:  0.6628  [38;2;54;234;195mmemory: 58.00GiB(73.01%)  [34mtps: 118  [36mtflops: 5.69  [35mmfu: 0.58%[39m
[rank0]:[titan] 2026-03-17 23:28:28,047 - root - INFO - [31mstep: 2670  [32mloss:  2.6694  [38;2;180;60;0mgrad_norm:  0.6873  [38;2;54;234;195mmemory: 58.00GiB(73.01%)  [34mtps: 119  [36mtflops: 5.72  [35mmfu: 0.58%[39m
[rank0]:[titan] 2026-03-17 23:28:45,296 - root - INFO - [31mstep: 2671  [32mloss:  2.7149  [38;2;180;60;0mgrad_norm:  0.9053  [38;2;54;234;195mmemory: 58.00GiB(73.01%)  [34mtps: 119  [36mtflops: 5.72  [35mmfu: 0.58%[39m
[rank0]:[titan] 2026-03-17 23:29:02,518 - root - INFO - [31mstep: 2672  [32mloss:  2.6660  [38;2;180;60;0mgrad_norm:  0.8471  [38;2;54;234;195mmemory: 58.00GiB(73.01%)  [34mtps: 119  [36mtflops: 5.73  [35mmfu: 0.58%[39m
[rank0]:[titan] 2026-03-17 23:29:19,798 - root - INFO - [31mstep: 2673  [32mloss:  2.6678  [38;2;180;60;0mgrad_norm:  0.7267  [38;2;54;234;195mmemory: 58.00GiB(73.01%)  [34mtps: 119  [36mtflops: 5.71  [35mmfu: 0.58%[39m
[rank0]:[titan] 2026-03-17 23:29:37,125 - root - INFO - [31mstep: 2674  [32mloss:  2.7295  [38;2;180;60;0mgrad_norm:  0.9582  [38;2;54;234;195mmemory: 58.00GiB(73.01%)  [34mtps: 118  [36mtflops: 5.70  [35mmfu: 0.58%[39m
[rank0]:[titan] 2026-03-17 23:29:54,365 - root - INFO - [31mstep: 2675  [32mloss:  2.7172  [38;2;180;60;0mgrad_norm:  0.9283  [38;2;54;234;195mmemory: 58.00GiB(73.01%)  [34mtps: 119  [36mtflops: 5.72  [35mmfu: 0.58%[39m
[rank0]:[titan] 2026-03-17 23:30:11,469 - root - INFO - [31mstep: 2676  [32mloss:  2.7087  [38;2;180;60;0mgrad_norm:  0.8973  [38;2;54;234;195mmemory: 58.00GiB(73.01%)  [34mtps: 120  [36mtflops: 5.77  [35mmfu: 0.58%[39m
[rank0]:[titan] 2026-03-17 23:30:28,478 - root - INFO - [31mstep: 2677  [32mloss:  2.6843  [38;2;180;60;0mgrad_norm:  1.0287  [38;2;54;234;195mmemory: 58.00GiB(73.01%)  [34mtps: 120  [36mtflops: 5.80  [35mmfu: 0.59%[39m
[rank0]:[titan] 2026-03-17 23:30:45,650 - root - INFO - [31mstep: 2678  [32mloss:  2.6740  [38;2;180;60;0mgrad_norm:  0.9871  [38;2;54;234;195mmemory: 58.00GiB(73.01%)  [34mtps: 119  [36mtflops: 5.75  [35mmfu: 0.58%[39m
[rank0]:[titan] 2026-03-17 23:31:02,917 - root - INFO - [31mstep: 2679  [32mloss:  2.6530  [38;2;180;60;0mgrad_norm:  0.8446  [38;2;54;234;195mmemory: 58.00GiB(73.01%)  [34mtps: 119  [36mtflops: 5.71  [35mmfu: 0.58%[39m
[rank0]:[titan] 2026-03-17 23:31:19,990 - root - INFO - [31mstep: 2680  [32mloss:  2.6717  [38;2;180;60;0mgrad_norm:  0.7676  [38;2;54;234;195mmemory: 58.00GiB(73.01%)  [34mtps: 120  [36mtflops: 5.78  [35mmfu: 0.58%[39m
[rank0]:[titan] 2026-03-17 23:31:37,197 - root - INFO - [31mstep: 2681  [32mloss:  2.6890  [38;2;180;60;0mgrad_norm:  0.8293  [38;2;54;234;195mmemory: 58.00GiB(73.01%)  [34mtps: 119  [36mtflops: 5.73  [35mmfu: 0.58%[39m
[rank0]:[titan] 2026-03-17 23:31:54,595 - root - INFO - [31mstep: 2682  [32mloss:  2.6974  [38;2;180;60;0mgrad_norm:  0.7382  [38;2;54;234;195mmemory: 58.00GiB(73.01%)  [34mtps: 118  [36mtflops: 5.67  [35mmfu: 0.57%[39m
[rank0]:[titan] 2026-03-17 23:32:11,638 - root - INFO - [31mstep: 2683  [32mloss:  2.6511  [38;2;180;60;0mgrad_norm:  0.6806  [38;2;54;234;195mmemory: 58.00GiB(73.01%)  [34mtps: 120  [36mtflops: 5.79  [35mmfu: 0.59%[39m
[rank0]:[titan] 2026-03-17 23:32:28,949 - root - INFO - [31mstep: 2684  [32mloss:  2.6880  [38;2;180;60;0mgrad_norm:  0.8273  [38;2;54;234;195mmemory: 58.00GiB(73.01%)  [34mtps: 118  [36mtflops: 5.70  [35mmfu: 0.58%[39m
[rank0]:[titan] 2026-03-17 23:32:46,182 - root - INFO - [31mstep: 2685  [32mloss:  2.6906  [38;2;180;60;0mgrad_norm:  0.6868  [38;2;54;234;195mmemory: 58.00GiB(73.01%)  [34mtps: 119  [36mtflops: 5.73  [35mmfu: 0.58%[39m
[rank0]:[titan] 2026-03-17 23:33:03,486 - root - INFO - [31mstep: 2686  [32mloss:  2.7199  [38;2;180;60;0mgrad_norm:  0.6449  [38;2;54;234;195mmemory: 58.00GiB(73.01%)  [34mtps: 118  [36mtflops: 5.70  [35mmfu: 0.58%[39m
[rank0]:[titan] 2026-03-17 23:33:20,918 - root - INFO - [31mstep: 2687  [32mloss:  2.7102  [38;2;180;60;0mgrad_norm:  0.7763  [38;2;54;234;195mmemory: 58.00GiB(73.01%)  [34mtps: 117  [36mtflops: 5.66  [35mmfu: 0.57%[39m
[rank0]:[titan] 2026-03-17 23:33:38,110 - root - INFO - [31mstep: 2688  [32mloss:  2.7517  [38;2;180;60;0mgrad_norm:  0.6937  [38;2;54;234;195mmemory: 58.00GiB(73.01%)  [34mtps: 119  [36mtflops: 5.74  [35mmfu: 0.58%[39m
[rank0]:[titan] 2026-03-17 23:33:55,126 - root - INFO - [31mstep: 2689  [32mloss:  2.7302  [38;2;180;60;0mgrad_norm:  0.4717  [38;2;54;234;195mmemory: 58.00GiB(73.01%)  [34mtps: 120  [36mtflops: 5.80  [35mmfu: 0.59%[39m
[rank0]:[titan] 2026-03-17 23:34:12,347 - root - INFO - [31mstep: 2690  [32mloss:  2.6800  [38;2;180;60;0mgrad_norm:  0.7409  [38;2;54;234;195mmemory: 58.00GiB(73.01%)  [34mtps: 119  [36mtflops: 5.73  [35mmfu: 0.58%[39m
[rank0]:[titan] 2026-03-17 23:34:29,661 - root - INFO - [31mstep: 2691  [32mloss:  2.6566  [38;2;180;60;0mgrad_norm:  0.7539  [38;2;54;234;195mmemory: 58.00GiB(73.01%)  [34mtps: 118  [36mtflops: 5.70  [35mmfu: 0.58%[39m
[rank0]:[titan] 2026-03-17 23:34:46,744 - root - INFO - [31mstep: 2692  [32mloss:  2.6501  [38;2;180;60;0mgrad_norm:  0.8546  [38;2;54;234;195mmemory: 58.00GiB(73.01%)  [34mtps: 120  [36mtflops: 5.78  [35mmfu: 0.58%[39m
[rank0]:[titan] 2026-03-17 23:35:03,915 - root - INFO - [31mstep: 2693  [32mloss:  2.6654  [38;2;180;60;0mgrad_norm:  0.8705  [38;2;54;234;195mmemory: 58.00GiB(73.01%)  [34mtps: 119  [36mtflops: 5.75  [35mmfu: 0.58%[39m
[rank0]:[titan] 2026-03-17 23:35:21,308 - root - INFO - [31mstep: 2694  [32mloss:  2.6822  [38;2;180;60;0mgrad_norm:  0.7059  [38;2;54;234;195mmemory: 58.00GiB(73.01%)  [34mtps: 118  [36mtflops: 5.67  [35mmfu: 0.57%[39m
[rank0]:[titan] 2026-03-17 23:35:38,611 - root - INFO - [31mstep: 2695  [32mloss:  2.7243  [38;2;180;60;0mgrad_norm:  0.8421  [38;2;54;234;195mmemory: 58.00GiB(73.01%)  [34mtps: 118  [36mtflops: 5.70  [35mmfu: 0.58%[39m
[rank0]:[titan] 2026-03-17 23:35:55,713 - root - INFO - [31mstep: 2696  [32mloss:  2.7266  [38;2;180;60;0mgrad_norm:  0.8451  [38;2;54;234;195mmemory: 58.00GiB(73.01%)  [34mtps: 120  [36mtflops: 5.77  [35mmfu: 0.58%[39m
[rank0]:[titan] 2026-03-17 23:36:12,767 - root - INFO - [31mstep: 2697  [32mloss:  2.6523  [38;2;180;60;0mgrad_norm:  0.9619  [38;2;54;234;195mmemory: 58.00GiB(73.01%)  [34mtps: 120  [36mtflops: 5.79  [35mmfu: 0.59%[39m
[rank0]:[titan] 2026-03-17 23:36:30,220 - root - INFO - [31mstep: 2698  [32mloss:  2.6683  [38;2;180;60;0mgrad_norm:  0.8703  [38;2;54;234;195mmemory: 58.00GiB(73.01%)  [34mtps: 117  [36mtflops: 5.65  [35mmfu: 0.57%[39m
[rank0]:[titan] 2026-03-17 23:36:47,388 - root - INFO - [31mstep: 2699  [32mloss:  2.7176  [38;2;180;60;0mgrad_norm:  0.7391  [38;2;54;234;195mmemory: 58.00GiB(73.01%)  [34mtps: 119  [36mtflops: 5.75  [35mmfu: 0.58%[39m
[rank0]:[titan] 2026-03-17 23:37:04,483 - root - INFO - [31mstep: 2700  [32mloss:  2.6691  [38;2;180;60;0mgrad_norm:  0.6957  [38;2;54;234;195mmemory: 58.00GiB(73.01%)  [34mtps: 120  [36mtflops: 5.77  [35mmfu: 0.58%[39m
[rank0]:[titan] 2026-03-17 23:37:21,699 - root - INFO - [31mstep: 2701  [32mloss:  2.6634  [38;2;180;60;0mgrad_norm:  0.8911  [38;2;54;234;195mmemory: 58.00GiB(73.01%)  [34mtps: 119  [36mtflops: 5.73  [35mmfu: 0.58%[39m
[rank0]:[titan] 2026-03-17 23:37:38,595 - root - INFO - [31mstep: 2702  [32mloss:  2.6842  [38;2;180;60;0mgrad_norm:  0.6874  [38;2;54;234;195mmemory: 58.00GiB(73.01%)  [34mtps: 121  [36mtflops: 5.84  [35mmfu: 0.59%[39m
[rank0]:[titan] 2026-03-17 23:37:55,434 - root - INFO - [31mstep: 2703  [32mloss:  2.6657  [38;2;180;60;0mgrad_norm:  1.4296  [38;2;54;234;195mmemory: 58.00GiB(73.01%)  [34mtps: 122  [36mtflops: 5.86  [35mmfu: 0.59%[39m
[rank0]:[titan] 2026-03-17 23:38:12,294 - root - INFO - [31mstep: 2704  [32mloss:  2.7124  [38;2;180;60;0mgrad_norm:  0.7681  [38;2;54;234;195mmemory: 58.00GiB(73.01%)  [34mtps: 121  [36mtflops: 5.85  [35mmfu: 0.59%[39m
[rank0]:[titan] 2026-03-17 23:38:29,692 - root - INFO - [31mstep: 2705  [32mloss:  2.7323  [38;2;180;60;0mgrad_norm:  0.9655  [38;2;54;234;195mmemory: 58.00GiB(73.01%)  [34mtps: 118  [36mtflops: 5.67  [35mmfu: 0.57%[39m
[rank0]:[titan] 2026-03-17 23:38:46,937 - root - INFO - [31mstep: 2706  [32mloss:  2.7416  [38;2;180;60;0mgrad_norm:  0.9082  [38;2;54;234;195mmemory: 58.00GiB(73.01%)  [34mtps: 119  [36mtflops: 5.72  [35mmfu: 0.58%[39m
[rank0]:[titan] 2026-03-17 23:39:04,271 - root - INFO - [31mstep: 2707  [32mloss:  2.7775  [38;2;180;60;0mgrad_norm:  1.0138  [38;2;54;234;195mmemory: 58.00GiB(73.01%)  [34mtps: 118  [36mtflops: 5.69  [35mmfu: 0.58%[39m
[rank0]:[titan] 2026-03-17 23:39:21,466 - root - INFO - [31mstep: 2708  [32mloss:  2.7688  [38;2;180;60;0mgrad_norm:  0.9568  [38;2;54;234;195mmemory: 58.00GiB(73.01%)  [34mtps: 119  [36mtflops: 5.74  [35mmfu: 0.58%[39m
[rank0]:[titan] 2026-03-17 23:39:38,559 - root - INFO - [31mstep: 2709  [32mloss:  2.7270  [38;2;180;60;0mgrad_norm:  0.9469  [38;2;54;234;195mmemory: 58.00GiB(73.01%)  [34mtps: 120  [36mtflops: 5.77  [35mmfu: 0.58%[39m
[rank0]:[titan] 2026-03-17 23:39:56,086 - root - INFO - [31mstep: 2710  [32mloss:  2.7727  [38;2;180;60;0mgrad_norm:  1.0589  [38;2;54;234;195mmemory: 58.00GiB(73.01%)  [34mtps: 117  [36mtflops: 5.63  [35mmfu: 0.57%[39m
[rank0]:[titan] 2026-03-17 23:40:13,388 - root - INFO - [31mstep: 2711  [32mloss:  2.7546  [38;2;180;60;0mgrad_norm:  0.9466  [38;2;54;234;195mmemory: 58.00GiB(73.01%)  [34mtps: 118  [36mtflops: 5.70  [35mmfu: 0.58%[39m
[rank0]:[titan] 2026-03-17 23:40:30,717 - root - INFO - [31mstep: 2712  [32mloss:  2.7347  [38;2;180;60;0mgrad_norm:  0.8370  [38;2;54;234;195mmemory: 58.00GiB(73.01%)  [34mtps: 118  [36mtflops: 5.69  [35mmfu: 0.58%[39m
[rank0]:[titan] 2026-03-17 23:40:47,922 - root - INFO - [31mstep: 2713  [32mloss:  2.7307  [38;2;180;60;0mgrad_norm:  1.1522  [38;2;54;234;195mmemory: 58.00GiB(73.01%)  [34mtps: 119  [36mtflops: 5.74  [35mmfu: 0.58%[39m
[rank0]:[titan] 2026-03-17 23:41:05,366 - root - INFO - [31mstep: 2714  [32mloss:  2.7628  [38;2;180;60;0mgrad_norm:  1.2399  [38;2;54;234;195mmemory: 58.00GiB(73.01%)  [34mtps: 117  [36mtflops: 5.66  [35mmfu: 0.57%[39m
[rank0]:[titan] 2026-03-17 23:41:22,606 - root - INFO - [31mstep: 2715  [32mloss:  2.7789  [38;2;180;60;0mgrad_norm:  0.9902  [38;2;54;234;195mmemory: 58.00GiB(73.01%)  [34mtps: 119  [36mtflops: 5.72  [35mmfu: 0.58%[39m
[rank0]:[titan] 2026-03-17 23:41:39,961 - root - INFO - [31mstep: 2716  [32mloss:  2.7633  [38;2;180;60;0mgrad_norm:  0.9383  [38;2;54;234;195mmemory: 58.00GiB(73.01%)  [34mtps: 118  [36mtflops: 5.69  [35mmfu: 0.57%[39m
[rank0]:[titan] 2026-03-17 23:41:57,356 - root - INFO - [31mstep: 2717  [32mloss:  2.7277  [38;2;180;60;0mgrad_norm:  1.6070  [38;2;54;234;195mmemory: 58.00GiB(73.01%)  [34mtps: 118  [36mtflops: 5.67  [35mmfu: 0.57%[39m
[rank0]:[titan] 2026-03-17 23:42:14,722 - root - INFO - [31mstep: 2718  [32mloss:  2.7145  [38;2;180;60;0mgrad_norm:  1.7599  [38;2;54;234;195mmemory: 58.00GiB(73.01%)  [34mtps: 118  [36mtflops: 5.68  [35mmfu: 0.57%[39m
[rank0]:[titan] 2026-03-17 23:42:31,935 - root - INFO - [31mstep: 2719  [32mloss:  2.6874  [38;2;180;60;0mgrad_norm:  1.3141  [38;2;54;234;195mmemory: 58.00GiB(73.01%)  [34mtps: 119  [36mtflops: 5.73  [35mmfu: 0.58%[39m
[rank0]:[titan] 2026-03-17 23:42:49,044 - root - INFO - [31mstep: 2720  [32mloss:  2.7724  [38;2;180;60;0mgrad_norm:  1.1299  [38;2;54;234;195mmemory: 58.00GiB(73.01%)  [34mtps: 120  [36mtflops: 5.77  [35mmfu: 0.58%[39m
[rank0]:[titan] 2026-03-17 23:43:06,193 - root - INFO - [31mstep: 2721  [32mloss:  2.7498  [38;2;180;60;0mgrad_norm:  1.2646  [38;2;54;234;195mmemory: 58.00GiB(73.01%)  [34mtps: 119  [36mtflops: 5.75  [35mmfu: 0.58%[39m
[rank0]:[titan] 2026-03-17 23:43:23,665 - root - INFO - [31mstep: 2722  [32mloss:  2.7906  [38;2;180;60;0mgrad_norm:  1.0911  [38;2;54;234;195mmemory: 58.00GiB(73.01%)  [34mtps: 117  [36mtflops: 5.65  [35mmfu: 0.57%[39m
[rank0]:[titan] 2026-03-17 23:43:40,982 - root - INFO - [31mstep: 2723  [32mloss:  2.7886  [38;2;180;60;0mgrad_norm:  0.8806  [38;2;54;234;195mmemory: 58.00GiB(73.01%)  [34mtps: 118  [36mtflops: 5.70  [35mmfu: 0.58%[39m
[rank0]:[titan] 2026-03-17 23:43:58,236 - root - INFO - [31mstep: 2724  [32mloss:  2.7124  [38;2;180;60;0mgrad_norm:  0.7782  [38;2;54;234;195mmemory: 58.00GiB(73.01%)  [34mtps: 119  [36mtflops: 5.72  [35mmfu: 0.58%[39m
[rank0]:[titan] 2026-03-17 23:44:15,409 - root - INFO - [31mstep: 2725  [32mloss:  2.7540  [38;2;180;60;0mgrad_norm:  1.0707  [38;2;54;234;195mmemory: 58.00GiB(73.01%)  [34mtps: 119  [36mtflops: 5.75  [35mmfu: 0.58%[39m
[rank0]:[titan] 2026-03-17 23:44:32,756 - root - INFO - [31mstep: 2726  [32mloss:  2.7901  [38;2;180;60;0mgrad_norm:  0.9565  [38;2;54;234;195mmemory: 58.00GiB(73.01%)  [34mtps: 118  [36mtflops: 5.69  [35mmfu: 0.58%[39m
[rank0]:[titan] 2026-03-17 23:44:49,980 - root - INFO - [31mstep: 2727  [32mloss:  2.8174  [38;2;180;60;0mgrad_norm:  1.2143  [38;2;54;234;195mmemory: 58.00GiB(73.01%)  [34mtps: 119  [36mtflops: 5.73  [35mmfu: 0.58%[39m
[rank0]:[titan] 2026-03-17 23:45:07,481 - root - INFO - [31mstep: 2728  [32mloss:  2.7320  [38;2;180;60;0mgrad_norm:  0.9927  [38;2;54;234;195mmemory: 58.00GiB(73.01%)  [34mtps: 117  [36mtflops: 5.64  [35mmfu: 0.57%[39m
[rank0]:[titan] 2026-03-17 23:45:24,775 - root - INFO - [31mstep: 2729  [32mloss:  2.7322  [38;2;180;60;0mgrad_norm:  0.7610  [38;2;54;234;195mmemory: 58.00GiB(73.01%)  [34mtps: 118  [36mtflops: 5.71  [35mmfu: 0.58%[39m
[rank0]:[titan] 2026-03-17 23:45:42,623 - root - INFO - [31mstep: 2730  [32mloss:  2.6966  [38;2;180;60;0mgrad_norm:  0.8460  [38;2;54;234;195mmemory: 58.00GiB(73.01%)  [34mtps: 115  [36mtflops: 5.53  [35mmfu: 0.56%[39m
[rank0]:[titan] 2026-03-17 23:45:59,889 - root - INFO - [31mstep: 2731  [32mloss:  2.7367  [38;2;180;60;0mgrad_norm:  0.9126  [38;2;54;234;195mmemory: 58.00GiB(73.01%)  [34mtps: 119  [36mtflops: 5.72  [35mmfu: 0.58%[39m
[rank0]:[titan] 2026-03-17 23:46:17,057 - root - INFO - [31mstep: 2732  [32mloss:  2.7454  [38;2;180;60;0mgrad_norm:  0.8709  [38;2;54;234;195mmemory: 58.00GiB(73.01%)  [34mtps: 119  [36mtflops: 5.75  [35mmfu: 0.58%[39m
[rank0]:[titan] 2026-03-17 23:46:34,439 - root - INFO - [31mstep: 2733  [32mloss:  2.7856  [38;2;180;60;0mgrad_norm:  0.7485  [38;2;54;234;195mmemory: 58.00GiB(73.01%)  [34mtps: 118  [36mtflops: 5.68  [35mmfu: 0.57%[39m
[rank0]:[titan] 2026-03-17 23:46:51,646 - root - INFO - [31mstep: 2734  [32mloss:  2.7214  [38;2;180;60;0mgrad_norm:  1.0785  [38;2;54;234;195mmemory: 58.00GiB(73.01%)  [34mtps: 119  [36mtflops: 5.74  [35mmfu: 0.58%[39m
[rank0]:[titan] 2026-03-17 23:47:08,866 - root - INFO - [31mstep: 2735  [32mloss:  2.7353  [38;2;180;60;0mgrad_norm:  0.9407  [38;2;54;234;195mmemory: 58.00GiB(73.01%)  [34mtps: 119  [36mtflops: 5.73  [35mmfu: 0.58%[39m
[rank0]:[titan] 2026-03-17 23:47:26,063 - root - INFO - [31mstep: 2736  [32mloss:  2.7795  [38;2;180;60;0mgrad_norm:  1.0793  [38;2;54;234;195mmemory: 58.00GiB(73.01%)  [34mtps: 119  [36mtflops: 5.74  [35mmfu: 0.58%[39m
[rank0]:[titan] 2026-03-17 23:47:43,343 - root - INFO - [31mstep: 2737  [32mloss:  2.6976  [38;2;180;60;0mgrad_norm:  1.5196  [38;2;54;234;195mmemory: 58.00GiB(73.01%)  [34mtps: 119  [36mtflops: 5.71  [35mmfu: 0.58%[39m
[rank0]:[titan] 2026-03-17 23:48:00,608 - root - INFO - [31mstep: 2738  [32mloss:  2.6804  [38;2;180;60;0mgrad_norm:  1.0868  [38;2;54;234;195mmemory: 58.00GiB(73.01%)  [34mtps: 119  [36mtflops: 5.72  [35mmfu: 0.58%[39m
[rank0]:[titan] 2026-03-17 23:48:17,855 - root - INFO - [31mstep: 2739  [32mloss:  2.7577  [38;2;180;60;0mgrad_norm:  1.3146  [38;2;54;234;195mmemory: 58.00GiB(73.01%)  [34mtps: 119  [36mtflops: 5.72  [35mmfu: 0.58%[39m
[rank0]:[titan] 2026-03-17 23:48:35,293 - root - INFO - [31mstep: 2740  [32mloss:  2.7106  [38;2;180;60;0mgrad_norm:  1.5550  [38;2;54;234;195mmemory: 58.00GiB(73.01%)  [34mtps: 117  [36mtflops: 5.66  [35mmfu: 0.57%[39m
[rank0]:[titan] 2026-03-17 23:48:52,467 - root - INFO - [31mstep: 2741  [32mloss:  2.6578  [38;2;180;60;0mgrad_norm:  1.3422  [38;2;54;234;195mmemory: 58.00GiB(73.01%)  [34mtps: 119  [36mtflops: 5.75  [35mmfu: 0.58%[39m
[rank0]:[titan] 2026-03-17 23:49:09,751 - root - INFO - [31mstep: 2742  [32mloss:  2.7235  [38;2;180;60;0mgrad_norm:  1.0386  [38;2;54;234;195mmemory: 58.00GiB(73.01%)  [34mtps: 118  [36mtflops: 5.71  [35mmfu: 0.58%[39m
[rank0]:[titan] 2026-03-17 23:49:26,751 - root - INFO - [31mstep: 2743  [32mloss:  2.7106  [38;2;180;60;0mgrad_norm:  0.9310  [38;2;54;234;195mmemory: 58.00GiB(73.01%)  [34mtps: 120  [36mtflops: 5.80  [35mmfu: 0.59%[39m
[rank0]:[titan] 2026-03-17 23:49:44,009 - root - INFO - [31mstep: 2744  [32mloss:  2.6833  [38;2;180;60;0mgrad_norm:  0.9009  [38;2;54;234;195mmemory: 58.00GiB(73.01%)  [34mtps: 119  [36mtflops: 5.72  [35mmfu: 0.58%[39m
[rank0]:[titan] 2026-03-17 23:50:01,309 - root - INFO - [31mstep: 2745  [32mloss:  2.7695  [38;2;180;60;0mgrad_norm:  0.7604  [38;2;54;234;195mmemory: 58.00GiB(73.01%)  [34mtps: 118  [36mtflops: 5.70  [35mmfu: 0.58%[39m
[rank0]:[titan] 2026-03-17 23:50:18,562 - root - INFO - [31mstep: 2746  [32mloss:  2.8035  [38;2;180;60;0mgrad_norm:  1.1469  [38;2;54;234;195mmemory: 58.00GiB(73.01%)  [34mtps: 119  [36mtflops: 5.72  [35mmfu: 0.58%[39m
[rank0]:[titan] 2026-03-17 23:50:35,904 - root - INFO - [31mstep: 2747  [32mloss:  2.8093  [38;2;180;60;0mgrad_norm:  1.1227  [38;2;54;234;195mmemory: 58.00GiB(73.01%)  [34mtps: 118  [36mtflops: 5.69  [35mmfu: 0.58%[39m
[rank0]:[titan] 2026-03-17 23:50:53,162 - root - INFO - [31mstep: 2748  [32mloss:  2.7864  [38;2;180;60;0mgrad_norm:  0.7725  [38;2;54;234;195mmemory: 58.00GiB(73.01%)  [34mtps: 119  [36mtflops: 5.72  [35mmfu: 0.58%[39m
[rank0]:[titan] 2026-03-17 23:50:53,164 - root - WARNING - Dataset c4_test is being re-looped
[rank0]:[titan] 2026-03-17 23:51:10,433 - root - INFO - [31mstep: 2749  [32mloss:  2.7674  [38;2;180;60;0mgrad_norm:  0.4830  [38;2;54;234;195mmemory: 58.00GiB(73.01%)  [34mtps: 119  [36mtflops: 5.71  [35mmfu: 0.58%[39m
[rank0]:[titan] 2026-03-17 23:51:27,606 - root - INFO - [31mstep: 2750  [32mloss:  2.7937  [38;2;180;60;0mgrad_norm:  1.2226  [38;2;54;234;195mmemory: 58.00GiB(73.01%)  [34mtps: 119  [36mtflops: 5.75  [35mmfu: 0.58%[39m
[rank0]:[titan] 2026-03-17 23:51:44,887 - root - INFO - [31mstep: 2751  [32mloss:  2.7626  [38;2;180;60;0mgrad_norm:  0.9217  [38;2;54;234;195mmemory: 58.00GiB(73.01%)  [34mtps: 119  [36mtflops: 5.71  [35mmfu: 0.58%[39m
[rank0]:[titan] 2026-03-17 23:52:02,192 - root - INFO - [31mstep: 2752  [32mloss:  2.7005  [38;2;180;60;0mgrad_norm:  0.6669  [38;2;54;234;195mmemory: 58.00GiB(73.01%)  [34mtps: 118  [36mtflops: 5.70  [35mmfu: 0.58%[39m
[rank0]:[titan] 2026-03-17 23:52:19,730 - root - INFO - [31mstep: 2753  [32mloss:  2.6941  [38;2;180;60;0mgrad_norm:  0.6148  [38;2;54;234;195mmemory: 58.00GiB(73.01%)  [34mtps: 117  [36mtflops: 5.63  [35mmfu: 0.57%[39m
[rank0]:[titan] 2026-03-17 23:52:37,147 - root - INFO - [31mstep: 2754  [32mloss:  2.7795  [38;2;180;60;0mgrad_norm:  0.7210  [38;2;54;234;195mmemory: 58.00GiB(73.01%)  [34mtps: 118  [36mtflops: 5.67  [35mmfu: 0.57%[39m
[rank0]:[titan] 2026-03-17 23:52:54,477 - root - INFO - [31mstep: 2755  [32mloss:  2.7586  [38;2;180;60;0mgrad_norm:  0.6210  [38;2;54;234;195mmemory: 58.00GiB(73.01%)  [34mtps: 118  [36mtflops: 5.69  [35mmfu: 0.58%[39m
[rank0]:[titan] 2026-03-17 23:53:11,693 - root - INFO - [31mstep: 2756  [32mloss:  2.6971  [38;2;180;60;0mgrad_norm:  1.8007  [38;2;54;234;195mmemory: 58.00GiB(73.01%)  [34mtps: 119  [36mtflops: 5.73  [35mmfu: 0.58%[39m
[rank0]:[titan] 2026-03-17 23:53:28,866 - root - INFO - [31mstep: 2757  [32mloss:  2.7671  [38;2;180;60;0mgrad_norm:  0.7551  [38;2;54;234;195mmemory: 58.00GiB(73.01%)  [34mtps: 119  [36mtflops: 5.75  [35mmfu: 0.58%[39m
[rank0]:[titan] 2026-03-17 23:53:46,083 - root - INFO - [31mstep: 2758  [32mloss:  2.7314  [38;2;180;60;0mgrad_norm:  0.9315  [38;2;54;234;195mmemory: 58.00GiB(73.01%)  [34mtps: 119  [36mtflops: 5.73  [35mmfu: 0.58%[39m
[rank0]:[titan] 2026-03-17 23:54:03,419 - root - INFO - [31mstep: 2759  [32mloss:  2.7089  [38;2;180;60;0mgrad_norm:  0.5679  [38;2;54;234;195mmemory: 58.00GiB(73.01%)  [34mtps: 118  [36mtflops: 5.69  [35mmfu: 0.58%[39m
[rank0]:[titan] 2026-03-17 23:54:20,676 - root - INFO - [31mstep: 2760  [32mloss:  2.6824  [38;2;180;60;0mgrad_norm:  0.8373  [38;2;54;234;195mmemory: 58.00GiB(73.01%)  [34mtps: 119  [36mtflops: 5.72  [35mmfu: 0.58%[39m
[rank0]:[titan] 2026-03-17 23:54:37,958 - root - INFO - [31mstep: 2761  [32mloss:  2.6792  [38;2;180;60;0mgrad_norm:  0.9591  [38;2;54;234;195mmemory: 58.00GiB(73.01%)  [34mtps: 119  [36mtflops: 5.71  [35mmfu: 0.58%[39m
[rank0]:[titan] 2026-03-17 23:54:55,169 - root - INFO - [31mstep: 2762  [32mloss:  2.6971  [38;2;180;60;0mgrad_norm:  0.7825  [38;2;54;234;195mmemory: 58.00GiB(73.01%)  [34mtps: 119  [36mtflops: 5.73  [35mmfu: 0.58%[39m
[rank0]:[titan] 2026-03-17 23:55:12,478 - root - INFO - [31mstep: 2763  [32mloss:  2.6959  [38;2;180;60;0mgrad_norm:  1.0184  [38;2;54;234;195mmemory: 58.00GiB(73.01%)  [34mtps: 118  [36mtflops: 5.70  [35mmfu: 0.58%[39m
[rank0]:[titan] 2026-03-17 23:55:29,833 - root - INFO - [31mstep: 2764  [32mloss:  2.7090  [38;2;180;60;0mgrad_norm:  0.8320  [38;2;54;234;195mmemory: 58.00GiB(73.01%)  [34mtps: 118  [36mtflops: 5.69  [35mmfu: 0.57%[39m
[rank0]:[titan] 2026-03-17 23:55:46,918 - root - INFO - [31mstep: 2765  [32mloss:  2.7371  [38;2;180;60;0mgrad_norm:  0.8861  [38;2;54;234;195mmemory: 58.00GiB(73.01%)  [34mtps: 120  [36mtflops: 5.78  [35mmfu: 0.58%[39m
[rank0]:[titan] 2026-03-17 23:56:03,813 - root - INFO - [31mstep: 2766  [32mloss:  2.7241  [38;2;180;60;0mgrad_norm:  0.6586  [38;2;54;234;195mmemory: 58.00GiB(73.01%)  [34mtps: 121  [36mtflops: 5.84  [35mmfu: 0.59%[39m
[rank0]:[titan] 2026-03-17 23:56:21,322 - root - INFO - [31mstep: 2767  [32mloss:  2.7084  [38;2;180;60;0mgrad_norm:  0.9369  [38;2;54;234;195mmemory: 58.00GiB(73.01%)  [34mtps: 117  [36mtflops: 5.64  [35mmfu: 0.57%[39m
[rank0]:[titan] 2026-03-17 23:56:38,535 - root - INFO - [31mstep: 2768  [32mloss:  2.6564  [38;2;180;60;0mgrad_norm:  0.8373  [38;2;54;234;195mmemory: 58.00GiB(73.01%)  [34mtps: 119  [36mtflops: 5.73  [35mmfu: 0.58%[39m
[rank0]:[titan] 2026-03-17 23:56:55,688 - root - INFO - [31mstep: 2769  [32mloss:  2.6536  [38;2;180;60;0mgrad_norm:  0.7269  [38;2;54;234;195mmemory: 58.00GiB(73.01%)  [34mtps: 119  [36mtflops: 5.75  [35mmfu: 0.58%[39m
[rank0]:[titan] 2026-03-17 23:57:12,683 - root - INFO - [31mstep: 2770  [32mloss:  2.6936  [38;2;180;60;0mgrad_norm:  1.0162  [38;2;54;234;195mmemory: 58.00GiB(73.01%)  [34mtps: 121  [36mtflops: 5.81  [35mmfu: 0.59%[39m
[rank0]:[titan] 2026-03-17 23:57:29,851 - root - INFO - [31mstep: 2771  [32mloss:  2.6435  [38;2;180;60;0mgrad_norm:  0.6743  [38;2;54;234;195mmemory: 58.00GiB(73.01%)  [34mtps: 119  [36mtflops: 5.75  [35mmfu: 0.58%[39m
[rank0]:[titan] 2026-03-17 23:57:47,181 - root - INFO - [31mstep: 2772  [32mloss:  2.6714  [38;2;180;60;0mgrad_norm:  0.6417  [38;2;54;234;195mmemory: 58.00GiB(73.01%)  [34mtps: 118  [36mtflops: 5.69  [35mmfu: 0.58%[39m
[rank0]:[titan] 2026-03-17 23:58:04,329 - root - INFO - [31mstep: 2773  [32mloss:  2.7113  [38;2;180;60;0mgrad_norm:  0.7391  [38;2;54;234;195mmemory: 58.00GiB(73.01%)  [34mtps: 119  [36mtflops: 5.75  [35mmfu: 0.58%[39m
[rank0]:[titan] 2026-03-17 23:58:21,714 - root - INFO - [31mstep: 2774  [32mloss:  2.7665  [38;2;180;60;0mgrad_norm:  0.8010  [38;2;54;234;195mmemory: 58.00GiB(73.01%)  [34mtps: 118  [36mtflops: 5.68  [35mmfu: 0.57%[39m
[rank0]:[titan] 2026-03-17 23:58:38,952 - root - INFO - [31mstep: 2775  [32mloss:  2.7962  [38;2;180;60;0mgrad_norm:  0.8036  [38;2;54;234;195mmemory: 58.00GiB(73.01%)  [34mtps: 119  [36mtflops: 5.72  [35mmfu: 0.58%[39m
[rank0]:[titan] 2026-03-17 23:58:56,089 - root - INFO - [31mstep: 2776  [32mloss:  2.6767  [38;2;180;60;0mgrad_norm:  0.9315  [38;2;54;234;195mmemory: 58.00GiB(73.01%)  [34mtps: 120  [36mtflops: 5.76  [35mmfu: 0.58%[39m
[rank0]:[titan] 2026-03-17 23:59:13,371 - root - INFO - [31mstep: 2777  [32mloss:  2.6877  [38;2;180;60;0mgrad_norm:  0.7368  [38;2;54;234;195mmemory: 58.00GiB(73.01%)  [34mtps: 119  [36mtflops: 5.71  [35mmfu: 0.58%[39m
[rank0]:[titan] 2026-03-17 23:59:30,502 - root - INFO - [31mstep: 2778  [32mloss:  2.6907  [38;2;180;60;0mgrad_norm:  0.8661  [38;2;54;234;195mmemory: 58.00GiB(73.01%)  [34mtps: 120  [36mtflops: 5.76  [35mmfu: 0.58%[39m
[rank0]:[titan] 2026-03-17 23:59:47,659 - root - INFO - [31mstep: 2779  [32mloss:  2.7089  [38;2;180;60;0mgrad_norm:  1.1901  [38;2;54;234;195mmemory: 58.00GiB(73.01%)  [34mtps: 119  [36mtflops: 5.75  [35mmfu: 0.58%[39m
[rank0]:[titan] 2026-03-18 00:00:04,837 - root - INFO - [31mstep: 2780  [32mloss:  2.7509  [38;2;180;60;0mgrad_norm:  1.1068  [38;2;54;234;195mmemory: 58.00GiB(73.01%)  [34mtps: 119  [36mtflops: 5.74  [35mmfu: 0.58%[39m
[rank0]:[titan] 2026-03-18 00:00:22,067 - root - INFO - [31mstep: 2781  [32mloss:  2.7024  [38;2;180;60;0mgrad_norm:  0.9612  [38;2;54;234;195mmemory: 58.00GiB(73.01%)  [34mtps: 119  [36mtflops: 5.73  [35mmfu: 0.58%[39m
[rank0]:[titan] 2026-03-18 00:00:39,241 - root - INFO - [31mstep: 2782  [32mloss:  2.7267  [38;2;180;60;0mgrad_norm:  0.7971  [38;2;54;234;195mmemory: 58.00GiB(73.01%)  [34mtps: 119  [36mtflops: 5.75  [35mmfu: 0.58%[39m
[rank0]:[titan] 2026-03-18 00:00:56,428 - root - INFO - [31mstep: 2783  [32mloss:  2.6735  [38;2;180;60;0mgrad_norm:  1.0326  [38;2;54;234;195mmemory: 58.00GiB(73.01%)  [34mtps: 119  [36mtflops: 5.74  [35mmfu: 0.58%[39m
[rank0]:[titan] 2026-03-18 00:01:13,680 - root - INFO - [31mstep: 2784  [32mloss:  2.7117  [38;2;180;60;0mgrad_norm:  0.9114  [38;2;54;234;195mmemory: 58.00GiB(73.01%)  [34mtps: 119  [36mtflops: 5.72  [35mmfu: 0.58%[39m
[rank0]:[titan] 2026-03-18 00:01:30,886 - root - INFO - [31mstep: 2785  [32mloss:  2.7337  [38;2;180;60;0mgrad_norm:  0.7918  [38;2;54;234;195mmemory: 58.00GiB(73.01%)  [34mtps: 119  [36mtflops: 5.74  [35mmfu: 0.58%[39m
[rank0]:[titan] 2026-03-18 00:01:47,904 - root - INFO - [31mstep: 2786  [32mloss:  2.7511  [38;2;180;60;0mgrad_norm:  0.8187  [38;2;54;234;195mmemory: 58.00GiB(73.01%)  [34mtps: 120  [36mtflops: 5.80  [35mmfu: 0.59%[39m
[rank0]:[titan] 2026-03-18 00:02:05,220 - root - INFO - [31mstep: 2787  [32mloss:  2.7640  [38;2;180;60;0mgrad_norm:  0.7630  [38;2;54;234;195mmemory: 58.00GiB(73.01%)  [34mtps: 118  [36mtflops: 5.70  [35mmfu: 0.58%[39m
[rank0]:[titan] 2026-03-18 00:02:22,543 - root - INFO - [31mstep: 2788  [32mloss:  2.7415  [38;2;180;60;0mgrad_norm:  0.6765  [38;2;54;234;195mmemory: 58.00GiB(73.01%)  [34mtps: 118  [36mtflops: 5.70  [35mmfu: 0.58%[39m
[rank0]:[titan] 2026-03-18 00:02:39,766 - root - INFO - [31mstep: 2789  [32mloss:  2.7093  [38;2;180;60;0mgrad_norm:  0.6748  [38;2;54;234;195mmemory: 58.00GiB(73.01%)  [34mtps: 119  [36mtflops: 5.73  [35mmfu: 0.58%[39m
[rank0]:[titan] 2026-03-18 00:02:56,924 - root - INFO - [31mstep: 2790  [32mloss:  2.7132  [38;2;180;60;0mgrad_norm:  1.0121  [38;2;54;234;195mmemory: 58.00GiB(73.01%)  [34mtps: 119  [36mtflops: 5.75  [35mmfu: 0.58%[39m
[rank0]:[titan] 2026-03-18 00:03:14,126 - root - INFO - [31mstep: 2791  [32mloss:  2.7041  [38;2;180;60;0mgrad_norm:  0.7776  [38;2;54;234;195mmemory: 58.00GiB(73.01%)  [34mtps: 119  [36mtflops: 5.74  [35mmfu: 0.58%[39m
[rank0]:[titan] 2026-03-18 00:03:31,402 - root - INFO - [31mstep: 2792  [32mloss:  2.6431  [38;2;180;60;0mgrad_norm:  0.8619  [38;2;54;234;195mmemory: 58.00GiB(73.01%)  [34mtps: 119  [36mtflops: 5.71  [35mmfu: 0.58%[39m
[rank0]:[titan] 2026-03-18 00:03:48,717 - root - INFO - [31mstep: 2793  [32mloss:  2.6440  [38;2;180;60;0mgrad_norm:  1.2653  [38;2;54;234;195mmemory: 58.00GiB(73.01%)  [34mtps: 118  [36mtflops: 5.70  [35mmfu: 0.58%[39m
[rank0]:[titan] 2026-03-18 00:04:06,005 - root - INFO - [31mstep: 2794  [32mloss:  2.7311  [38;2;180;60;0mgrad_norm:  1.3017  [38;2;54;234;195mmemory: 58.00GiB(73.01%)  [34mtps: 118  [36mtflops: 5.71  [35mmfu: 0.58%[39m
[rank0]:[titan] 2026-03-18 00:04:23,334 - root - INFO - [31mstep: 2795  [32mloss:  2.7044  [38;2;180;60;0mgrad_norm:  0.7056  [38;2;54;234;195mmemory: 58.00GiB(73.01%)  [34mtps: 118  [36mtflops: 5.69  [35mmfu: 0.58%[39m
[rank0]:[titan] 2026-03-18 00:04:40,552 - root - INFO - [31mstep: 2796  [32mloss:  2.7119  [38;2;180;60;0mgrad_norm:  2.1009  [38;2;54;234;195mmemory: 58.00GiB(73.01%)  [34mtps: 119  [36mtflops: 5.73  [35mmfu: 0.58%[39m
[rank0]:[titan] 2026-03-18 00:04:57,798 - root - INFO - [31mstep: 2797  [32mloss:  2.7446  [38;2;180;60;0mgrad_norm:  1.5477  [38;2;54;234;195mmemory: 58.00GiB(73.01%)  [34mtps: 119  [36mtflops: 5.72  [35mmfu: 0.58%[39m
[rank0]:[titan] 2026-03-18 00:05:15,025 - root - INFO - [31mstep: 2798  [32mloss:  2.7703  [38;2;180;60;0mgrad_norm:  1.1942  [38;2;54;234;195mmemory: 58.00GiB(73.01%)  [34mtps: 119  [36mtflops: 5.73  [35mmfu: 0.58%[39m
[rank0]:[titan] 2026-03-18 00:05:32,225 - root - INFO - [31mstep: 2799  [32mloss:  2.7089  [38;2;180;60;0mgrad_norm:  0.9452  [38;2;54;234;195mmemory: 58.00GiB(73.01%)  [34mtps: 119  [36mtflops: 5.74  [35mmfu: 0.58%[39m
[rank0]:[titan] 2026-03-18 00:05:49,605 - root - INFO - [31mstep: 2800  [32mloss:  2.6990  [38;2;180;60;0mgrad_norm:  0.9840  [38;2;54;234;195mmemory: 58.00GiB(73.01%)  [34mtps: 118  [36mtflops: 5.68  [35mmfu: 0.57%[39m
[rank0]:[titan] 2026-03-18 00:06:07,141 - root - INFO - [31mstep: 2801  [32mloss:  2.7827  [38;2;180;60;0mgrad_norm:  1.2154  [38;2;54;234;195mmemory: 58.00GiB(73.01%)  [34mtps: 117  [36mtflops: 5.63  [35mmfu: 0.57%[39m
[rank0]:[titan] 2026-03-18 00:06:24,237 - root - INFO - [31mstep: 2802  [32mloss:  2.7297  [38;2;180;60;0mgrad_norm:  1.2927  [38;2;54;234;195mmemory: 58.00GiB(73.01%)  [34mtps: 120  [36mtflops: 5.77  [35mmfu: 0.58%[39m
[rank0]:[titan] 2026-03-18 00:06:41,394 - root - INFO - [31mstep: 2803  [32mloss:  2.7699  [38;2;180;60;0mgrad_norm:  0.9759  [38;2;54;234;195mmemory: 58.00GiB(73.01%)  [34mtps: 119  [36mtflops: 5.75  [35mmfu: 0.58%[39m
[rank0]:[titan] 2026-03-18 00:06:58,591 - root - INFO - [31mstep: 2804  [32mloss:  2.7155  [38;2;180;60;0mgrad_norm:  1.2340  [38;2;54;234;195mmemory: 58.00GiB(73.01%)  [34mtps: 119  [36mtflops: 5.74  [35mmfu: 0.58%[39m
[rank0]:[titan] 2026-03-18 00:07:16,015 - root - INFO - [31mstep: 2805  [32mloss:  2.7533  [38;2;180;60;0mgrad_norm:  1.9801  [38;2;54;234;195mmemory: 58.00GiB(73.01%)  [34mtps: 118  [36mtflops: 5.66  [35mmfu: 0.57%[39m
[rank0]:[titan] 2026-03-18 00:07:32,990 - root - INFO - [31mstep: 2806  [32mloss:  2.7153  [38;2;180;60;0mgrad_norm:  1.2628  [38;2;54;234;195mmemory: 58.00GiB(73.01%)  [34mtps: 121  [36mtflops: 5.81  [35mmfu: 0.59%[39m
[rank0]:[titan] 2026-03-18 00:07:50,340 - root - INFO - [31mstep: 2807  [32mloss:  2.8385  [38;2;180;60;0mgrad_norm:  0.9181  [38;2;54;234;195mmemory: 58.00GiB(73.01%)  [34mtps: 118  [36mtflops: 5.69  [35mmfu: 0.58%[39m
[rank0]:[titan] 2026-03-18 00:08:07,585 - root - INFO - [31mstep: 2808  [32mloss:  2.8299  [38;2;180;60;0mgrad_norm:  0.7926  [38;2;54;234;195mmemory: 58.00GiB(73.01%)  [34mtps: 119  [36mtflops: 5.72  [35mmfu: 0.58%[39m
[rank0]:[titan] 2026-03-18 00:08:24,907 - root - INFO - [31mstep: 2809  [32mloss:  2.7739  [38;2;180;60;0mgrad_norm:  1.0346  [38;2;54;234;195mmemory: 58.00GiB(73.01%)  [34mtps: 118  [36mtflops: 5.70  [35mmfu: 0.58%[39m
[rank0]:[titan] 2026-03-18 00:08:42,113 - root - INFO - [31mstep: 2810  [32mloss:  2.7303  [38;2;180;60;0mgrad_norm:  1.4263  [38;2;54;234;195mmemory: 58.00GiB(73.01%)  [34mtps: 119  [36mtflops: 5.73  [35mmfu: 0.58%[39m
[rank0]:[titan] 2026-03-18 00:08:59,400 - root - INFO - [31mstep: 2811  [32mloss:  2.7572  [38;2;180;60;0mgrad_norm:  1.1367  [38;2;54;234;195mmemory: 58.00GiB(73.01%)  [34mtps: 118  [36mtflops: 5.71  [35mmfu: 0.58%[39m
[rank0]:[titan] 2026-03-18 00:09:16,709 - root - INFO - [31mstep: 2812  [32mloss:  2.7718  [38;2;180;60;0mgrad_norm:  1.0501  [38;2;54;234;195mmemory: 58.00GiB(73.01%)  [34mtps: 118  [36mtflops: 5.70  [35mmfu: 0.58%[39m
[rank0]:[titan] 2026-03-18 00:09:34,015 - root - INFO - [31mstep: 2813  [32mloss:  2.7596  [38;2;180;60;0mgrad_norm:  1.1013  [38;2;54;234;195mmemory: 58.00GiB(73.01%)  [34mtps: 118  [36mtflops: 5.70  [35mmfu: 0.58%[39m
[rank0]:[titan] 2026-03-18 00:09:51,230 - root - INFO - [31mstep: 2814  [32mloss:  2.7661  [38;2;180;60;0mgrad_norm:  1.1918  [38;2;54;234;195mmemory: 58.00GiB(73.01%)  [34mtps: 119  [36mtflops: 5.73  [35mmfu: 0.58%[39m
[rank0]:[titan] 2026-03-18 00:10:08,622 - root - INFO - [31mstep: 2815  [32mloss:  2.8038  [38;2;180;60;0mgrad_norm:  1.2098  [38;2;54;234;195mmemory: 58.00GiB(73.01%)  [34mtps: 118  [36mtflops: 5.67  [35mmfu: 0.57%[39m
[rank0]:[titan] 2026-03-18 00:10:25,935 - root - INFO - [31mstep: 2816  [32mloss:  2.7408  [38;2;180;60;0mgrad_norm:  1.3927  [38;2;54;234;195mmemory: 58.00GiB(73.01%)  [34mtps: 118  [36mtflops: 5.70  [35mmfu: 0.58%[39m
[rank0]:[titan] 2026-03-18 00:10:43,285 - root - INFO - [31mstep: 2817  [32mloss:  2.8168  [38;2;180;60;0mgrad_norm:  1.6894  [38;2;54;234;195mmemory: 58.00GiB(73.01%)  [34mtps: 118  [36mtflops: 5.69  [35mmfu: 0.58%[39m
[rank0]:[titan] 2026-03-18 00:11:00,651 - root - INFO - [31mstep: 2818  [32mloss:  2.7842  [38;2;180;60;0mgrad_norm:  1.1925  [38;2;54;234;195mmemory: 58.00GiB(73.01%)  [34mtps: 118  [36mtflops: 5.68  [35mmfu: 0.57%[39m
[rank0]:[titan] 2026-03-18 00:11:17,883 - root - INFO - [31mstep: 2819  [32mloss:  2.7926  [38;2;180;60;0mgrad_norm:  1.1303  [38;2;54;234;195mmemory: 58.00GiB(73.01%)  [34mtps: 119  [36mtflops: 5.73  [35mmfu: 0.58%[39m
[rank0]:[titan] 2026-03-18 00:11:35,190 - root - INFO - [31mstep: 2820  [32mloss:  2.8925  [38;2;180;60;0mgrad_norm:  1.1114  [38;2;54;234;195mmemory: 58.00GiB(73.01%)  [34mtps: 118  [36mtflops: 5.70  [35mmfu: 0.58%[39m
[rank0]:[titan] 2026-03-18 00:11:52,321 - root - INFO - [31mstep: 2821  [32mloss:  2.8216  [38;2;180;60;0mgrad_norm:  0.9581  [38;2;54;234;195mmemory: 58.00GiB(73.01%)  [34mtps: 120  [36mtflops: 5.76  [35mmfu: 0.58%[39m
[rank0]:[titan] 2026-03-18 00:12:09,632 - root - INFO - [31mstep: 2822  [32mloss:  2.7442  [38;2;180;60;0mgrad_norm:  0.9195  [38;2;54;234;195mmemory: 58.00GiB(73.01%)  [34mtps: 118  [36mtflops: 5.70  [35mmfu: 0.58%[39m
[rank0]:[titan] 2026-03-18 00:12:26,865 - root - INFO - [31mstep: 2823  [32mloss:  2.7900  [38;2;180;60;0mgrad_norm:  0.9776  [38;2;54;234;195mmemory: 58.00GiB(73.01%)  [34mtps: 119  [36mtflops: 5.73  [35mmfu: 0.58%[39m
[rank0]:[titan] 2026-03-18 00:12:44,186 - root - INFO - [31mstep: 2824  [32mloss:  2.7312  [38;2;180;60;0mgrad_norm:  0.8651  [38;2;54;234;195mmemory: 58.00GiB(73.01%)  [34mtps: 118  [36mtflops: 5.70  [35mmfu: 0.58%[39m
[rank0]:[titan] 2026-03-18 00:13:01,607 - root - INFO - [31mstep: 2825  [32mloss:  2.8079  [38;2;180;60;0mgrad_norm:  1.0553  [38;2;54;234;195mmemory: 58.00GiB(73.01%)  [34mtps: 118  [36mtflops: 5.66  [35mmfu: 0.57%[39m
[rank0]:[titan] 2026-03-18 00:13:19,091 - root - INFO - [31mstep: 2826  [32mloss:  2.7493  [38;2;180;60;0mgrad_norm:  0.7285  [38;2;54;234;195mmemory: 58.00GiB(73.01%)  [34mtps: 117  [36mtflops: 5.64  [35mmfu: 0.57%[39m
[rank0]:[titan] 2026-03-18 00:13:36,365 - root - INFO - [31mstep: 2827  [32mloss:  2.6951  [38;2;180;60;0mgrad_norm:  1.1214  [38;2;54;234;195mmemory: 58.00GiB(73.01%)  [34mtps: 119  [36mtflops: 5.71  [35mmfu: 0.58%[39m
[rank0]:[titan] 2026-03-18 00:13:53,637 - root - INFO - [31mstep: 2828  [32mloss:  2.7131  [38;2;180;60;0mgrad_norm:  1.0834  [38;2;54;234;195mmemory: 58.00GiB(73.01%)  [34mtps: 119  [36mtflops: 5.71  [35mmfu: 0.58%[39m
[rank0]:[titan] 2026-03-18 00:14:10,784 - root - INFO - [31mstep: 2829  [32mloss:  2.6779  [38;2;180;60;0mgrad_norm:  1.0905  [38;2;54;234;195mmemory: 58.00GiB(73.01%)  [34mtps: 119  [36mtflops: 5.75  [35mmfu: 0.58%[39m
[rank0]:[titan] 2026-03-18 00:14:27,904 - root - INFO - [31mstep: 2830  [32mloss:  2.7511  [38;2;180;60;0mgrad_norm:  0.7484  [38;2;54;234;195mmemory: 58.00GiB(73.01%)  [34mtps: 120  [36mtflops: 5.76  [35mmfu: 0.58%[39m
[rank0]:[titan] 2026-03-18 00:14:45,115 - root - INFO - [31mstep: 2831  [32mloss:  2.7154  [38;2;180;60;0mgrad_norm:  0.9080  [38;2;54;234;195mmemory: 58.00GiB(73.01%)  [34mtps: 119  [36mtflops: 5.73  [35mmfu: 0.58%[39m
[rank0]:[titan] 2026-03-18 00:15:02,204 - root - INFO - [31mstep: 2832  [32mloss:  2.7152  [38;2;180;60;0mgrad_norm:  0.7245  [38;2;54;234;195mmemory: 58.00GiB(73.01%)  [34mtps: 120  [36mtflops: 5.77  [35mmfu: 0.58%[39m
[rank0]:[titan] 2026-03-18 00:15:19,484 - root - INFO - [31mstep: 2833  [32mloss:  2.6980  [38;2;180;60;0mgrad_norm:  1.0067  [38;2;54;234;195mmemory: 58.00GiB(73.01%)  [34mtps: 119  [36mtflops: 5.71  [35mmfu: 0.58%[39m
[rank0]:[titan] 2026-03-18 00:15:36,722 - root - INFO - [31mstep: 2834  [32mloss:  2.6974  [38;2;180;60;0mgrad_norm:  0.6920  [38;2;54;234;195mmemory: 58.00GiB(73.01%)  [34mtps: 119  [36mtflops: 5.72  [35mmfu: 0.58%[39m
[rank0]:[titan] 2026-03-18 00:15:53,983 - root - INFO - [31mstep: 2835  [32mloss:  2.7543  [38;2;180;60;0mgrad_norm:  0.5813  [38;2;54;234;195mmemory: 58.00GiB(73.01%)  [34mtps: 119  [36mtflops: 5.72  [35mmfu: 0.58%[39m
[rank0]:[titan] 2026-03-18 00:16:11,319 - root - INFO - [31mstep: 2836  [32mloss:  2.7648  [38;2;180;60;0mgrad_norm:  0.7719  [38;2;54;234;195mmemory: 58.00GiB(73.01%)  [34mtps: 118  [36mtflops: 5.69  [35mmfu: 0.58%[39m
[rank0]:[titan] 2026-03-18 00:16:28,489 - root - INFO - [31mstep: 2837  [32mloss:  2.7508  [38;2;180;60;0mgrad_norm:  0.7979  [38;2;54;234;195mmemory: 58.00GiB(73.01%)  [34mtps: 119  [36mtflops: 5.75  [35mmfu: 0.58%[39m
[rank0]:[titan] 2026-03-18 00:16:45,728 - root - INFO - [31mstep: 2838  [32mloss:  2.6791  [38;2;180;60;0mgrad_norm:  0.4664  [38;2;54;234;195mmemory: 58.00GiB(73.01%)  [34mtps: 119  [36mtflops: 5.72  [35mmfu: 0.58%[39m
[rank0]:[titan] 2026-03-18 00:17:02,993 - root - INFO - [31mstep: 2839  [32mloss:  2.6525  [38;2;180;60;0mgrad_norm:  0.6029  [38;2;54;234;195mmemory: 58.00GiB(73.01%)  [34mtps: 119  [36mtflops: 5.72  [35mmfu: 0.58%[39m
[rank0]:[titan] 2026-03-18 00:17:19,903 - root - INFO - [31mstep: 2840  [32mloss:  2.6829  [38;2;180;60;0mgrad_norm:  0.8204  [38;2;54;234;195mmemory: 58.00GiB(73.01%)  [34mtps: 121  [36mtflops: 5.84  [35mmfu: 0.59%[39m
[rank0]:[titan] 2026-03-18 00:17:37,178 - root - INFO - [31mstep: 2841  [32mloss:  2.7004  [38;2;180;60;0mgrad_norm:  0.8486  [38;2;54;234;195mmemory: 58.00GiB(73.01%)  [34mtps: 119  [36mtflops: 5.71  [35mmfu: 0.58%[39m
[rank0]:[titan] 2026-03-18 00:17:54,410 - root - INFO - [31mstep: 2842  [32mloss:  2.7261  [38;2;180;60;0mgrad_norm:  0.5493  [38;2;54;234;195mmemory: 58.00GiB(73.01%)  [34mtps: 119  [36mtflops: 5.73  [35mmfu: 0.58%[39m
[rank0]:[titan] 2026-03-18 00:18:11,703 - root - INFO - [31mstep: 2843  [32mloss:  2.6937  [38;2;180;60;0mgrad_norm:  0.6956  [38;2;54;234;195mmemory: 58.00GiB(73.01%)  [34mtps: 118  [36mtflops: 5.71  [35mmfu: 0.58%[39m
[rank0]:[titan] 2026-03-18 00:18:28,882 - root - INFO - [31mstep: 2844  [32mloss:  2.7187  [38;2;180;60;0mgrad_norm:  0.6793  [38;2;54;234;195mmemory: 58.00GiB(73.01%)  [34mtps: 119  [36mtflops: 5.74  [35mmfu: 0.58%[39m
[rank0]:[titan] 2026-03-18 00:18:46,151 - root - INFO - [31mstep: 2845  [32mloss:  2.6422  [38;2;180;60;0mgrad_norm:  0.7697  [38;2;54;234;195mmemory: 58.00GiB(73.01%)  [34mtps: 119  [36mtflops: 5.71  [35mmfu: 0.58%[39m
[rank0]:[titan] 2026-03-18 00:19:03,272 - root - INFO - [31mstep: 2846  [32mloss:  2.6710  [38;2;180;60;0mgrad_norm:  0.6158  [38;2;54;234;195mmemory: 58.00GiB(73.01%)  [34mtps: 120  [36mtflops: 5.76  [35mmfu: 0.58%[39m
[rank0]:[titan] 2026-03-18 00:19:20,716 - root - INFO - [31mstep: 2847  [32mloss:  2.7433  [38;2;180;60;0mgrad_norm:  0.6500  [38;2;54;234;195mmemory: 58.00GiB(73.01%)  [34mtps: 117  [36mtflops: 5.66  [35mmfu: 0.57%[39m
[rank0]:[titan] 2026-03-18 00:19:37,798 - root - INFO - [31mstep: 2848  [32mloss:  2.6643  [38;2;180;60;0mgrad_norm:  0.8094  [38;2;54;234;195mmemory: 58.00GiB(73.01%)  [34mtps: 120  [36mtflops: 5.78  [35mmfu: 0.58%[39m
[rank0]:[titan] 2026-03-18 00:19:54,988 - root - INFO - [31mstep: 2849  [32mloss:  2.7117  [38;2;180;60;0mgrad_norm:  0.8570  [38;2;54;234;195mmemory: 58.00GiB(73.01%)  [34mtps: 119  [36mtflops: 5.74  [35mmfu: 0.58%[39m
[rank0]:[titan] 2026-03-18 00:20:12,315 - root - INFO - [31mstep: 2850  [32mloss:  2.7021  [38;2;180;60;0mgrad_norm:  0.8774  [38;2;54;234;195mmemory: 58.00GiB(73.01%)  [34mtps: 118  [36mtflops: 5.70  [35mmfu: 0.58%[39m
[rank0]:[titan] 2026-03-18 00:20:29,608 - root - INFO - [31mstep: 2851  [32mloss:  2.6738  [38;2;180;60;0mgrad_norm:  0.8561  [38;2;54;234;195mmemory: 58.00GiB(73.01%)  [34mtps: 118  [36mtflops: 5.71  [35mmfu: 0.58%[39m
[rank0]:[titan] 2026-03-18 00:20:46,797 - root - INFO - [31mstep: 2852  [32mloss:  2.6735  [38;2;180;60;0mgrad_norm:  0.8503  [38;2;54;234;195mmemory: 58.00GiB(73.01%)  [34mtps: 119  [36mtflops: 5.74  [35mmfu: 0.58%[39m
[rank0]:[titan] 2026-03-18 00:21:03,880 - root - INFO - [31mstep: 2853  [32mloss:  2.7476  [38;2;180;60;0mgrad_norm:  0.8183  [38;2;54;234;195mmemory: 58.00GiB(73.01%)  [34mtps: 120  [36mtflops: 5.78  [35mmfu: 0.58%[39m
[rank0]:[titan] 2026-03-18 00:21:21,029 - root - INFO - [31mstep: 2854  [32mloss:  2.7120  [38;2;180;60;0mgrad_norm:  0.9270  [38;2;54;234;195mmemory: 58.00GiB(73.01%)  [34mtps: 119  [36mtflops: 5.75  [35mmfu: 0.58%[39m
[rank0]:[titan] 2026-03-18 00:21:38,117 - root - INFO - [31mstep: 2855  [32mloss:  2.6916  [38;2;180;60;0mgrad_norm:  1.0699  [38;2;54;234;195mmemory: 58.00GiB(73.01%)  [34mtps: 120  [36mtflops: 5.77  [35mmfu: 0.58%[39m
[rank0]:[titan] 2026-03-18 00:21:55,443 - root - INFO - [31mstep: 2856  [32mloss:  2.6783  [38;2;180;60;0mgrad_norm:  0.7380  [38;2;54;234;195mmemory: 58.00GiB(73.01%)  [34mtps: 118  [36mtflops: 5.70  [35mmfu: 0.58%[39m
[rank0]:[titan] 2026-03-18 00:22:12,841 - root - INFO - [31mstep: 2857  [32mloss:  2.7135  [38;2;180;60;0mgrad_norm:  0.7394  [38;2;54;234;195mmemory: 58.00GiB(73.01%)  [34mtps: 118  [36mtflops: 5.67  [35mmfu: 0.57%[39m
[rank0]:[titan] 2026-03-18 00:22:29,859 - root - INFO - [31mstep: 2858  [32mloss:  2.6954  [38;2;180;60;0mgrad_norm:  0.7708  [38;2;54;234;195mmemory: 58.00GiB(73.01%)  [34mtps: 120  [36mtflops: 5.80  [35mmfu: 0.59%[39m
[rank0]:[titan] 2026-03-18 00:22:47,071 - root - INFO - [31mstep: 2859  [32mloss:  2.7442  [38;2;180;60;0mgrad_norm:  0.7693  [38;2;54;234;195mmemory: 58.00GiB(73.01%)  [34mtps: 119  [36mtflops: 5.73  [35mmfu: 0.58%[39m
[rank0]:[titan] 2026-03-18 00:23:04,252 - root - INFO - [31mstep: 2860  [32mloss:  2.6744  [38;2;180;60;0mgrad_norm:  0.7216  [38;2;54;234;195mmemory: 58.00GiB(73.01%)  [34mtps: 119  [36mtflops: 5.74  [35mmfu: 0.58%[39m
[rank0]:[titan] 2026-03-18 00:23:21,575 - root - INFO - [31mstep: 2861  [32mloss:  2.7023  [38;2;180;60;0mgrad_norm:  0.8482  [38;2;54;234;195mmemory: 58.00GiB(73.01%)  [34mtps: 118  [36mtflops: 5.70  [35mmfu: 0.58%[39m
[rank0]:[titan] 2026-03-18 00:23:38,712 - root - INFO - [31mstep: 2862  [32mloss:  2.7232  [38;2;180;60;0mgrad_norm:  0.7669  [38;2;54;234;195mmemory: 58.00GiB(73.01%)  [34mtps: 120  [36mtflops: 5.76  [35mmfu: 0.58%[39m
[rank0]:[titan] 2026-03-18 00:23:56,133 - root - INFO - [31mstep: 2863  [32mloss:  2.7838  [38;2;180;60;0mgrad_norm:  5.0788  [38;2;54;234;195mmemory: 58.00GiB(73.01%)  [34mtps: 118  [36mtflops: 5.66  [35mmfu: 0.57%[39m
[rank0]:[titan] 2026-03-18 00:24:13,367 - root - INFO - [31mstep: 2864  [32mloss:  2.7306  [38;2;180;60;0mgrad_norm:  1.1040  [38;2;54;234;195mmemory: 58.00GiB(73.01%)  [34mtps: 119  [36mtflops: 5.73  [35mmfu: 0.58%[39m
[rank0]:[titan] 2026-03-18 00:24:30,629 - root - INFO - [31mstep: 2865  [32mloss:  2.7109  [38;2;180;60;0mgrad_norm:  0.7599  [38;2;54;234;195mmemory: 58.00GiB(73.01%)  [34mtps: 119  [36mtflops: 5.72  [35mmfu: 0.58%[39m
[rank0]:[titan] 2026-03-18 00:24:48,013 - root - INFO - [31mstep: 2866  [32mloss:  2.7588  [38;2;180;60;0mgrad_norm:  0.7050  [38;2;54;234;195mmemory: 58.00GiB(73.01%)  [34mtps: 118  [36mtflops: 5.68  [35mmfu: 0.57%[39m
[rank0]:[titan] 2026-03-18 00:25:05,502 - root - INFO - [31mstep: 2867  [32mloss:  2.7071  [38;2;180;60;0mgrad_norm:  0.9047  [38;2;54;234;195mmemory: 58.00GiB(73.01%)  [34mtps: 117  [36mtflops: 5.64  [35mmfu: 0.57%[39m
[rank0]:[titan] 2026-03-18 00:25:22,676 - root - INFO - [31mstep: 2868  [32mloss:  2.6859  [38;2;180;60;0mgrad_norm:  0.8848  [38;2;54;234;195mmemory: 58.00GiB(73.01%)  [34mtps: 119  [36mtflops: 5.75  [35mmfu: 0.58%[39m
[rank0]:[titan] 2026-03-18 00:25:39,230 - root - INFO - [31mstep: 2869  [32mloss:  2.7009  [38;2;180;60;0mgrad_norm:  0.6758  [38;2;54;234;195mmemory: 58.00GiB(73.01%)  [34mtps: 124  [36mtflops: 5.96  [35mmfu: 0.60%[39m
[rank0]:[titan] 2026-03-18 00:25:56,534 - root - INFO - [31mstep: 2870  [32mloss:  2.7305  [38;2;180;60;0mgrad_norm:  1.1198  [38;2;54;234;195mmemory: 58.00GiB(73.01%)  [34mtps: 118  [36mtflops: 5.70  [35mmfu: 0.58%[39m
[rank0]:[titan] 2026-03-18 00:26:13,825 - root - INFO - [31mstep: 2871  [32mloss:  2.6967  [38;2;180;60;0mgrad_norm:  1.1749  [38;2;54;234;195mmemory: 58.00GiB(73.01%)  [34mtps: 118  [36mtflops: 5.71  [35mmfu: 0.58%[39m
[rank0]:[titan] 2026-03-18 00:26:30,977 - root - INFO - [31mstep: 2872  [32mloss:  2.6717  [38;2;180;60;0mgrad_norm:  0.7825  [38;2;54;234;195mmemory: 58.00GiB(73.01%)  [34mtps: 119  [36mtflops: 5.75  [35mmfu: 0.58%[39m
[rank0]:[titan] 2026-03-18 00:26:48,201 - root - INFO - [31mstep: 2873  [32mloss:  2.7096  [38;2;180;60;0mgrad_norm:  0.7314  [38;2;54;234;195mmemory: 58.00GiB(73.01%)  [34mtps: 119  [36mtflops: 5.73  [35mmfu: 0.58%[39m
[rank0]:[titan] 2026-03-18 00:27:05,183 - root - INFO - [31mstep: 2874  [32mloss:  2.6931  [38;2;180;60;0mgrad_norm:  0.8843  [38;2;54;234;195mmemory: 58.00GiB(73.01%)  [34mtps: 121  [36mtflops: 5.81  [35mmfu: 0.59%[39m
[rank0]:[titan] 2026-03-18 00:27:22,397 - root - INFO - [31mstep: 2875  [32mloss:  2.6733  [38;2;180;60;0mgrad_norm:  0.8275  [38;2;54;234;195mmemory: 58.00GiB(73.01%)  [34mtps: 119  [36mtflops: 5.73  [35mmfu: 0.58%[39m
[rank0]:[titan] 2026-03-18 00:27:39,692 - root - INFO - [31mstep: 2876  [32mloss:  2.6857  [38;2;180;60;0mgrad_norm:  0.9052  [38;2;54;234;195mmemory: 58.00GiB(73.01%)  [34mtps: 118  [36mtflops: 5.71  [35mmfu: 0.58%[39m
[rank0]:[titan] 2026-03-18 00:27:56,967 - root - INFO - [31mstep: 2877  [32mloss:  2.6675  [38;2;180;60;0mgrad_norm:  0.9547  [38;2;54;234;195mmemory: 58.00GiB(73.01%)  [34mtps: 119  [36mtflops: 5.71  [35mmfu: 0.58%[39m
[rank0]:[titan] 2026-03-18 00:28:14,261 - root - INFO - [31mstep: 2878  [32mloss:  2.6611  [38;2;180;60;0mgrad_norm:  0.8805  [38;2;54;234;195mmemory: 58.00GiB(73.01%)  [34mtps: 118  [36mtflops: 5.71  [35mmfu: 0.58%[39m
[rank0]:[titan] 2026-03-18 00:28:31,487 - root - INFO - [31mstep: 2879  [32mloss:  2.7173  [38;2;180;60;0mgrad_norm:  0.7805  [38;2;54;234;195mmemory: 58.00GiB(73.01%)  [34mtps: 119  [36mtflops: 5.73  [35mmfu: 0.58%[39m
[rank0]:[titan] 2026-03-18 00:28:48,770 - root - INFO - [31mstep: 2880  [32mloss:  2.7346  [38;2;180;60;0mgrad_norm:  1.2203  [38;2;54;234;195mmemory: 58.00GiB(73.01%)  [34mtps: 119  [36mtflops: 5.71  [35mmfu: 0.58%[39m
[rank0]:[titan] 2026-03-18 00:29:06,008 - root - INFO - [31mstep: 2881  [32mloss:  2.7032  [38;2;180;60;0mgrad_norm:  0.8789  [38;2;54;234;195mmemory: 58.00GiB(73.01%)  [34mtps: 119  [36mtflops: 5.72  [35mmfu: 0.58%[39m
[rank0]:[titan] 2026-03-18 00:29:23,213 - root - INFO - [31mstep: 2882  [32mloss:  2.6675  [38;2;180;60;0mgrad_norm:  0.7321  [38;2;54;234;195mmemory: 58.00GiB(73.01%)  [34mtps: 119  [36mtflops: 5.74  [35mmfu: 0.58%[39m
[rank0]:[titan] 2026-03-18 00:29:40,501 - root - INFO - [31mstep: 2883  [32mloss:  2.7033  [38;2;180;60;0mgrad_norm:  0.6958  [38;2;54;234;195mmemory: 58.00GiB(73.01%)  [34mtps: 118  [36mtflops: 5.71  [35mmfu: 0.58%[39m
[rank0]:[titan] 2026-03-18 00:29:57,731 - root - INFO - [31mstep: 2884  [32mloss:  2.7191  [38;2;180;60;0mgrad_norm:  0.8431  [38;2;54;234;195mmemory: 58.00GiB(73.01%)  [34mtps: 119  [36mtflops: 5.73  [35mmfu: 0.58%[39m
[rank0]:[titan] 2026-03-18 00:30:15,061 - root - INFO - [31mstep: 2885  [32mloss:  2.7120  [38;2;180;60;0mgrad_norm:  0.8329  [38;2;54;234;195mmemory: 58.00GiB(73.01%)  [34mtps: 118  [36mtflops: 5.70  [35mmfu: 0.58%[39m
[rank0]:[titan] 2026-03-18 00:30:32,015 - root - INFO - [31mstep: 2886  [32mloss:  2.6771  [38;2;180;60;0mgrad_norm:  0.6759  [38;2;54;234;195mmemory: 58.00GiB(73.01%)  [34mtps: 121  [36mtflops: 5.82  [35mmfu: 0.59%[39m
[rank0]:[titan] 2026-03-18 00:30:49,265 - root - INFO - [31mstep: 2887  [32mloss:  2.6785  [38;2;180;60;0mgrad_norm:  0.8269  [38;2;54;234;195mmemory: 58.00GiB(73.01%)  [34mtps: 119  [36mtflops: 5.72  [35mmfu: 0.58%[39m
[rank0]:[titan] 2026-03-18 00:31:06,496 - root - INFO - [31mstep: 2888  [32mloss:  2.6930  [38;2;180;60;0mgrad_norm:  0.7799  [38;2;54;234;195mmemory: 58.00GiB(73.01%)  [34mtps: 119  [36mtflops: 5.73  [35mmfu: 0.58%[39m
[rank0]:[titan] 2026-03-18 00:31:23,645 - root - INFO - [31mstep: 2889  [32mloss:  2.6667  [38;2;180;60;0mgrad_norm:  0.8990  [38;2;54;234;195mmemory: 58.00GiB(73.01%)  [34mtps: 119  [36mtflops: 5.75  [35mmfu: 0.58%[39m
[rank0]:[titan] 2026-03-18 00:31:40,768 - root - INFO - [31mstep: 2890  [32mloss:  2.6961  [38;2;180;60;0mgrad_norm:  0.8113  [38;2;54;234;195mmemory: 58.00GiB(73.01%)  [34mtps: 120  [36mtflops: 5.76  [35mmfu: 0.58%[39m
[rank0]:[titan] 2026-03-18 00:31:58,097 - root - INFO - [31mstep: 2891  [32mloss:  2.6777  [38;2;180;60;0mgrad_norm:  0.7058  [38;2;54;234;195mmemory: 58.00GiB(73.01%)  [34mtps: 118  [36mtflops: 5.69  [35mmfu: 0.58%[39m
[rank0]:[titan] 2026-03-18 00:32:15,189 - root - INFO - [31mstep: 2892  [32mloss:  2.7536  [38;2;180;60;0mgrad_norm:  0.7816  [38;2;54;234;195mmemory: 58.00GiB(73.01%)  [34mtps: 120  [36mtflops: 5.77  [35mmfu: 0.58%[39m
[rank0]:[titan] 2026-03-18 00:32:32,414 - root - INFO - [31mstep: 2893  [32mloss:  2.6964  [38;2;180;60;0mgrad_norm:  0.7614  [38;2;54;234;195mmemory: 58.00GiB(73.01%)  [34mtps: 119  [36mtflops: 5.73  [35mmfu: 0.58%[39m
[rank0]:[titan] 2026-03-18 00:32:49,413 - root - INFO - [31mstep: 2894  [32mloss:  2.7245  [38;2;180;60;0mgrad_norm:  0.8347  [38;2;54;234;195mmemory: 58.00GiB(73.01%)  [34mtps: 120  [36mtflops: 5.81  [35mmfu: 0.59%[39m
[rank0]:[titan] 2026-03-18 00:33:06,237 - root - INFO - [31mstep: 2895  [32mloss:  2.7859  [38;2;180;60;0mgrad_norm:  0.7160  [38;2;54;234;195mmemory: 58.00GiB(73.01%)  [34mtps: 122  [36mtflops: 5.87  [35mmfu: 0.59%[39m
[rank0]:[titan] 2026-03-18 00:33:23,668 - root - INFO - [31mstep: 2896  [32mloss:  2.7706  [38;2;180;60;0mgrad_norm:  0.7549  [38;2;54;234;195mmemory: 58.00GiB(73.01%)  [34mtps: 117  [36mtflops: 5.66  [35mmfu: 0.57%[39m
[rank0]:[titan] 2026-03-18 00:33:41,322 - root - INFO - [31mstep: 2897  [32mloss:  2.7666  [38;2;180;60;0mgrad_norm:  1.0565  [38;2;54;234;195mmemory: 58.00GiB(73.01%)  [34mtps: 116  [36mtflops: 5.59  [35mmfu: 0.57%[39m
[rank0]:[titan] 2026-03-18 00:33:58,262 - root - INFO - [31mstep: 2898  [32mloss:  2.7757  [38;2;180;60;0mgrad_norm:  0.8903  [38;2;54;234;195mmemory: 58.00GiB(73.01%)  [34mtps: 121  [36mtflops: 5.83  [35mmfu: 0.59%[39m
[rank0]:[titan] 2026-03-18 00:34:15,309 - root - INFO - [31mstep: 2899  [32mloss:  2.7066  [38;2;180;60;0mgrad_norm:  0.8446  [38;2;54;234;195mmemory: 58.00GiB(73.01%)  [34mtps: 120  [36mtflops: 5.79  [35mmfu: 0.59%[39m
[rank0]:[titan] 2026-03-18 00:34:32,495 - root - INFO - [31mstep: 2900  [32mloss:  2.7367  [38;2;180;60;0mgrad_norm:  0.9595  [38;2;54;234;195mmemory: 58.00GiB(73.01%)  [34mtps: 119  [36mtflops: 5.74  [35mmfu: 0.58%[39m
[rank0]:[titan] 2026-03-18 00:34:49,576 - root - INFO - [31mstep: 2901  [32mloss:  2.7613  [38;2;180;60;0mgrad_norm:  0.8206  [38;2;54;234;195mmemory: 58.00GiB(73.01%)  [34mtps: 120  [36mtflops: 5.78  [35mmfu: 0.58%[39m
[rank0]:[titan] 2026-03-18 00:35:06,647 - root - INFO - [31mstep: 2902  [32mloss:  2.7183  [38;2;180;60;0mgrad_norm:  0.7688  [38;2;54;234;195mmemory: 58.00GiB(73.01%)  [34mtps: 120  [36mtflops: 5.78  [35mmfu: 0.58%[39m
[rank0]:[titan] 2026-03-18 00:35:24,055 - root - INFO - [31mstep: 2903  [32mloss:  2.7358  [38;2;180;60;0mgrad_norm:  0.8565  [38;2;54;234;195mmemory: 58.00GiB(73.01%)  [34mtps: 118  [36mtflops: 5.67  [35mmfu: 0.57%[39m
[rank0]:[titan] 2026-03-18 00:35:41,177 - root - INFO - [31mstep: 2904  [32mloss:  2.7236  [38;2;180;60;0mgrad_norm:  1.0033  [38;2;54;234;195mmemory: 58.00GiB(73.01%)  [34mtps: 120  [36mtflops: 5.76  [35mmfu: 0.58%[39m
[rank0]:[titan] 2026-03-18 00:35:58,280 - root - INFO - [31mstep: 2905  [32mloss:  2.7134  [38;2;180;60;0mgrad_norm:  0.8983  [38;2;54;234;195mmemory: 58.00GiB(73.01%)  [34mtps: 120  [36mtflops: 5.77  [35mmfu: 0.58%[39m
[rank0]:[titan] 2026-03-18 00:36:15,456 - root - INFO - [31mstep: 2906  [32mloss:  2.7360  [38;2;180;60;0mgrad_norm:  0.7844  [38;2;54;234;195mmemory: 58.00GiB(73.01%)  [34mtps: 119  [36mtflops: 5.75  [35mmfu: 0.58%[39m
[rank0]:[titan] 2026-03-18 00:36:32,829 - root - INFO - [31mstep: 2907  [32mloss:  2.7247  [38;2;180;60;0mgrad_norm:  0.8320  [38;2;54;234;195mmemory: 58.00GiB(73.01%)  [34mtps: 118  [36mtflops: 5.68  [35mmfu: 0.57%[39m
[rank0]:[titan] 2026-03-18 00:36:49,996 - root - INFO - [31mstep: 2908  [32mloss:  2.7825  [38;2;180;60;0mgrad_norm:  0.6485  [38;2;54;234;195mmemory: 58.00GiB(73.01%)  [34mtps: 119  [36mtflops: 5.75  [35mmfu: 0.58%[39m
[rank0]:[titan] 2026-03-18 00:37:07,153 - root - INFO - [31mstep: 2909  [32mloss:  2.7562  [38;2;180;60;0mgrad_norm:  0.6534  [38;2;54;234;195mmemory: 58.00GiB(73.01%)  [34mtps: 119  [36mtflops: 5.75  [35mmfu: 0.58%[39m
[rank0]:[titan] 2026-03-18 00:37:24,416 - root - INFO - [31mstep: 2910  [32mloss:  2.8563  [38;2;180;60;0mgrad_norm:  0.8270  [38;2;54;234;195mmemory: 58.00GiB(73.01%)  [34mtps: 119  [36mtflops: 5.72  [35mmfu: 0.58%[39m
[rank0]:[titan] 2026-03-18 00:37:41,520 - root - INFO - [31mstep: 2911  [32mloss:  2.7672  [38;2;180;60;0mgrad_norm:  0.8180  [38;2;54;234;195mmemory: 58.00GiB(73.01%)  [34mtps: 120  [36mtflops: 5.77  [35mmfu: 0.58%[39m
[rank0]:[titan] 2026-03-18 00:37:58,710 - root - INFO - [31mstep: 2912  [32mloss:  2.7601  [38;2;180;60;0mgrad_norm:  0.6514  [38;2;54;234;195mmemory: 58.00GiB(73.01%)  [34mtps: 119  [36mtflops: 5.74  [35mmfu: 0.58%[39m
[rank0]:[titan] 2026-03-18 00:38:15,846 - root - INFO - [31mstep: 2913  [32mloss:  2.7354  [38;2;180;60;0mgrad_norm:  0.6991  [38;2;54;234;195mmemory: 58.00GiB(73.01%)  [34mtps: 120  [36mtflops: 5.76  [35mmfu: 0.58%[39m
[rank0]:[titan] 2026-03-18 00:38:33,002 - root - INFO - [31mstep: 2914  [32mloss:  2.7258  [38;2;180;60;0mgrad_norm:  0.5845  [38;2;54;234;195mmemory: 58.00GiB(73.01%)  [34mtps: 119  [36mtflops: 5.75  [35mmfu: 0.58%[39m
[rank0]:[titan] 2026-03-18 00:38:50,297 - root - INFO - [31mstep: 2915  [32mloss:  2.7491  [38;2;180;60;0mgrad_norm:  0.6388  [38;2;54;234;195mmemory: 58.00GiB(73.01%)  [34mtps: 118  [36mtflops: 5.71  [35mmfu: 0.58%[39m
[rank0]:[titan] 2026-03-18 00:39:07,540 - root - INFO - [31mstep: 2916  [32mloss:  2.7302  [38;2;180;60;0mgrad_norm:  0.7182  [38;2;54;234;195mmemory: 58.00GiB(73.01%)  [34mtps: 119  [36mtflops: 5.72  [35mmfu: 0.58%[39m
[rank0]:[titan] 2026-03-18 00:39:24,884 - root - INFO - [31mstep: 2917  [32mloss:  2.6500  [38;2;180;60;0mgrad_norm:  0.6254  [38;2;54;234;195mmemory: 58.00GiB(73.01%)  [34mtps: 118  [36mtflops: 5.69  [35mmfu: 0.58%[39m
[rank0]:[titan] 2026-03-18 00:39:41,550 - root - INFO - [31mstep: 2918  [32mloss:  2.6913  [38;2;180;60;0mgrad_norm:  0.7209  [38;2;54;234;195mmemory: 58.00GiB(73.01%)  [34mtps: 123  [36mtflops: 5.92  [35mmfu: 0.60%[39m
[rank0]:[titan] 2026-03-18 00:39:58,860 - root - INFO - [31mstep: 2919  [32mloss:  2.7560  [38;2;180;60;0mgrad_norm:  0.9145  [38;2;54;234;195mmemory: 58.00GiB(73.01%)  [34mtps: 118  [36mtflops: 5.70  [35mmfu: 0.58%[39m
[rank0]:[titan] 2026-03-18 00:40:16,200 - root - INFO - [31mstep: 2920  [32mloss:  2.7175  [38;2;180;60;0mgrad_norm:  0.7988  [38;2;54;234;195mmemory: 58.00GiB(73.01%)  [34mtps: 118  [36mtflops: 5.69  [35mmfu: 0.58%[39m
[rank0]:[titan] 2026-03-18 00:40:33,427 - root - INFO - [31mstep: 2921  [32mloss:  2.7191  [38;2;180;60;0mgrad_norm:  0.6565  [38;2;54;234;195mmemory: 58.00GiB(73.01%)  [34mtps: 119  [36mtflops: 5.73  [35mmfu: 0.58%[39m
[rank0]:[titan] 2026-03-18 00:40:50,560 - root - INFO - [31mstep: 2922  [32mloss:  2.7256  [38;2;180;60;0mgrad_norm:  0.8903  [38;2;54;234;195mmemory: 58.00GiB(73.01%)  [34mtps: 120  [36mtflops: 5.76  [35mmfu: 0.58%[39m
[rank0]:[titan] 2026-03-18 00:41:07,599 - root - INFO - [31mstep: 2923  [32mloss:  2.7592  [38;2;180;60;0mgrad_norm:  0.9601  [38;2;54;234;195mmemory: 58.00GiB(73.01%)  [34mtps: 120  [36mtflops: 5.79  [35mmfu: 0.59%[39m
[rank0]:[titan] 2026-03-18 00:41:25,139 - root - INFO - [31mstep: 2924  [32mloss:  2.7390  [38;2;180;60;0mgrad_norm:  5.9277  [38;2;54;234;195mmemory: 58.00GiB(73.01%)  [34mtps: 117  [36mtflops: 5.63  [35mmfu: 0.57%[39m
[rank0]:[titan] 2026-03-18 00:41:42,400 - root - INFO - [31mstep: 2925  [32mloss:  2.7443  [38;2;180;60;0mgrad_norm:  0.9430  [38;2;54;234;195mmemory: 58.00GiB(73.01%)  [34mtps: 119  [36mtflops: 5.72  [35mmfu: 0.58%[39m
[rank0]:[titan] 2026-03-18 00:41:59,761 - root - INFO - [31mstep: 2926  [32mloss:  2.7181  [38;2;180;60;0mgrad_norm:  0.7176  [38;2;54;234;195mmemory: 58.00GiB(73.01%)  [34mtps: 118  [36mtflops: 5.68  [35mmfu: 0.57%[39m
[rank0]:[titan] 2026-03-18 00:42:17,098 - root - INFO - [31mstep: 2927  [32mloss:  2.7694  [38;2;180;60;0mgrad_norm:  0.8434  [38;2;54;234;195mmemory: 58.00GiB(73.01%)  [34mtps: 118  [36mtflops: 5.69  [35mmfu: 0.58%[39m
[rank0]:[titan] 2026-03-18 00:42:34,343 - root - INFO - [31mstep: 2928  [32mloss:  2.7393  [38;2;180;60;0mgrad_norm:  0.7976  [38;2;54;234;195mmemory: 58.00GiB(73.01%)  [34mtps: 119  [36mtflops: 5.72  [35mmfu: 0.58%[39m
[rank0]:[titan] 2026-03-18 00:42:51,554 - root - INFO - [31mstep: 2929  [32mloss:  2.7307  [38;2;180;60;0mgrad_norm:  0.6251  [38;2;54;234;195mmemory: 58.00GiB(73.01%)  [34mtps: 119  [36mtflops: 5.73  [35mmfu: 0.58%[39m
[rank0]:[titan] 2026-03-18 00:43:08,864 - root - INFO - [31mstep: 2930  [32mloss:  2.7262  [38;2;180;60;0mgrad_norm:  0.7864  [38;2;54;234;195mmemory: 58.00GiB(73.01%)  [34mtps: 118  [36mtflops: 5.70  [35mmfu: 0.58%[39m
[rank0]:[titan] 2026-03-18 00:43:25,998 - root - INFO - [31mstep: 2931  [32mloss:  2.7405  [38;2;180;60;0mgrad_norm:  2.0186  [38;2;54;234;195mmemory: 58.00GiB(73.01%)  [34mtps: 120  [36mtflops: 5.76  [35mmfu: 0.58%[39m
[rank0]:[titan] 2026-03-18 00:43:43,406 - root - INFO - [31mstep: 2932  [32mloss:  2.7607  [38;2;180;60;0mgrad_norm:  1.1544  [38;2;54;234;195mmemory: 58.00GiB(73.01%)  [34mtps: 118  [36mtflops: 5.67  [35mmfu: 0.57%[39m
[rank0]:[titan] 2026-03-18 00:44:00,601 - root - INFO - [31mstep: 2933  [32mloss:  2.6795  [38;2;180;60;0mgrad_norm:  0.6919  [38;2;54;234;195mmemory: 58.00GiB(73.01%)  [34mtps: 119  [36mtflops: 5.74  [35mmfu: 0.58%[39m
[rank0]:[titan] 2026-03-18 00:44:17,938 - root - INFO - [31mstep: 2934  [32mloss:  2.7214  [38;2;180;60;0mgrad_norm:  0.6268  [38;2;54;234;195mmemory: 58.00GiB(73.01%)  [34mtps: 118  [36mtflops: 5.69  [35mmfu: 0.58%[39m
[rank0]:[titan] 2026-03-18 00:44:35,149 - root - INFO - [31mstep: 2935  [32mloss:  2.7796  [38;2;180;60;0mgrad_norm:  1.1371  [38;2;54;234;195mmemory: 58.00GiB(73.01%)  [34mtps: 119  [36mtflops: 5.73  [35mmfu: 0.58%[39m
[rank0]:[titan] 2026-03-18 00:44:52,480 - root - INFO - [31mstep: 2936  [32mloss:  2.8003  [38;2;180;60;0mgrad_norm:  1.0226  [38;2;54;234;195mmemory: 58.00GiB(73.01%)  [34mtps: 118  [36mtflops: 5.69  [35mmfu: 0.58%[39m
[rank0]:[titan] 2026-03-18 00:45:09,632 - root - INFO - [31mstep: 2937  [32mloss:  2.7538  [38;2;180;60;0mgrad_norm:  0.7272  [38;2;54;234;195mmemory: 58.00GiB(73.01%)  [34mtps: 119  [36mtflops: 5.75  [35mmfu: 0.58%[39m
[rank0]:[titan] 2026-03-18 00:45:27,016 - root - INFO - [31mstep: 2938  [32mloss:  2.7181  [38;2;180;60;0mgrad_norm:  0.8604  [38;2;54;234;195mmemory: 58.00GiB(73.01%)  [34mtps: 118  [36mtflops: 5.68  [35mmfu: 0.57%[39m
[rank0]:[titan] 2026-03-18 00:45:44,204 - root - INFO - [31mstep: 2939  [32mloss:  2.6932  [38;2;180;60;0mgrad_norm:  1.1157  [38;2;54;234;195mmemory: 58.00GiB(73.01%)  [34mtps: 119  [36mtflops: 5.74  [35mmfu: 0.58%[39m
[rank0]:[titan] 2026-03-18 00:46:01,399 - root - INFO - [31mstep: 2940  [32mloss:  2.7265  [38;2;180;60;0mgrad_norm:  0.8027  [38;2;54;234;195mmemory: 58.00GiB(73.01%)  [34mtps: 119  [36mtflops: 5.74  [35mmfu: 0.58%[39m
[rank0]:[titan] 2026-03-18 00:46:18,739 - root - INFO - [31mstep: 2941  [32mloss:  2.7726  [38;2;180;60;0mgrad_norm:  0.8890  [38;2;54;234;195mmemory: 58.00GiB(73.01%)  [34mtps: 118  [36mtflops: 5.69  [35mmfu: 0.58%[39m
[rank0]:[titan] 2026-03-18 00:46:35,917 - root - INFO - [31mstep: 2942  [32mloss:  2.7082  [38;2;180;60;0mgrad_norm:  0.7092  [38;2;54;234;195mmemory: 58.00GiB(73.01%)  [34mtps: 119  [36mtflops: 5.74  [35mmfu: 0.58%[39m
[rank0]:[titan] 2026-03-18 00:46:53,193 - root - INFO - [31mstep: 2943  [32mloss:  2.7071  [38;2;180;60;0mgrad_norm:  0.7401  [38;2;54;234;195mmemory: 58.00GiB(73.01%)  [34mtps: 119  [36mtflops: 5.71  [35mmfu: 0.58%[39m
[rank0]:[titan] 2026-03-18 00:47:10,499 - root - INFO - [31mstep: 2944  [32mloss:  2.7289  [38;2;180;60;0mgrad_norm:  2.4708  [38;2;54;234;195mmemory: 58.00GiB(73.01%)  [34mtps: 118  [36mtflops: 5.70  [35mmfu: 0.58%[39m
[rank0]:[titan] 2026-03-18 00:47:27,908 - root - INFO - [31mstep: 2945  [32mloss:  2.7180  [38;2;180;60;0mgrad_norm:  1.1097  [38;2;54;234;195mmemory: 58.00GiB(73.01%)  [34mtps: 118  [36mtflops: 5.67  [35mmfu: 0.57%[39m
[rank0]:[titan] 2026-03-18 00:47:45,273 - root - INFO - [31mstep: 2946  [32mloss:  2.6981  [38;2;180;60;0mgrad_norm:  0.8161  [38;2;54;234;195mmemory: 58.00GiB(73.01%)  [34mtps: 118  [36mtflops: 5.68  [35mmfu: 0.57%[39m
[rank0]:[titan] 2026-03-18 00:48:02,530 - root - INFO - [31mstep: 2947  [32mloss:  2.6917  [38;2;180;60;0mgrad_norm:  0.4899  [38;2;54;234;195mmemory: 58.00GiB(73.01%)  [34mtps: 119  [36mtflops: 5.72  [35mmfu: 0.58%[39m
[rank0]:[titan] 2026-03-18 00:48:19,779 - root - INFO - [31mstep: 2948  [32mloss:  2.6961  [38;2;180;60;0mgrad_norm:  0.5122  [38;2;54;234;195mmemory: 58.00GiB(73.01%)  [34mtps: 119  [36mtflops: 5.72  [35mmfu: 0.58%[39m
[rank0]:[titan] 2026-03-18 00:48:37,086 - root - INFO - [31mstep: 2949  [32mloss:  2.6607  [38;2;180;60;0mgrad_norm:  0.7013  [38;2;54;234;195mmemory: 58.00GiB(73.01%)  [34mtps: 118  [36mtflops: 5.70  [35mmfu: 0.58%[39m
[rank0]:[titan] 2026-03-18 00:48:54,434 - root - INFO - [31mstep: 2950  [32mloss:  2.6828  [38;2;180;60;0mgrad_norm:  0.7319  [38;2;54;234;195mmemory: 58.00GiB(73.01%)  [34mtps: 118  [36mtflops: 5.69  [35mmfu: 0.58%[39m
[rank0]:[titan] 2026-03-18 00:49:11,701 - root - INFO - [31mstep: 2951  [32mloss:  2.6910  [38;2;180;60;0mgrad_norm:  0.5841  [38;2;54;234;195mmemory: 58.00GiB(73.01%)  [34mtps: 119  [36mtflops: 5.72  [35mmfu: 0.58%[39m
[rank0]:[titan] 2026-03-18 00:49:29,093 - root - INFO - [31mstep: 2952  [32mloss:  2.6696  [38;2;180;60;0mgrad_norm:  0.5459  [38;2;54;234;195mmemory: 58.00GiB(73.01%)  [34mtps: 118  [36mtflops: 5.67  [35mmfu: 0.57%[39m
[rank0]:[titan] 2026-03-18 00:49:46,574 - root - INFO - [31mstep: 2953  [32mloss:  2.7227  [38;2;180;60;0mgrad_norm:  0.6005  [38;2;54;234;195mmemory: 58.00GiB(73.01%)  [34mtps: 117  [36mtflops: 5.65  [35mmfu: 0.57%[39m
[rank0]:[titan] 2026-03-18 00:50:03,810 - root - INFO - [31mstep: 2954  [32mloss:  2.7375  [38;2;180;60;0mgrad_norm:  0.6804  [38;2;54;234;195mmemory: 58.00GiB(73.01%)  [34mtps: 119  [36mtflops: 5.73  [35mmfu: 0.58%[39m
[rank0]:[titan] 2026-03-18 00:50:21,207 - root - INFO - [31mstep: 2955  [32mloss:  2.7101  [38;2;180;60;0mgrad_norm:  0.5622  [38;2;54;234;195mmemory: 58.00GiB(73.01%)  [34mtps: 118  [36mtflops: 5.67  [35mmfu: 0.57%[39m
[rank0]:[titan] 2026-03-18 00:50:38,444 - root - INFO - [31mstep: 2956  [32mloss:  2.7108  [38;2;180;60;0mgrad_norm:  0.5992  [38;2;54;234;195mmemory: 58.00GiB(73.01%)  [34mtps: 119  [36mtflops: 5.72  [35mmfu: 0.58%[39m
[rank0]:[titan] 2026-03-18 00:50:55,642 - root - INFO - [31mstep: 2957  [32mloss:  2.6685  [38;2;180;60;0mgrad_norm:  0.8543  [38;2;54;234;195mmemory: 58.00GiB(73.01%)  [34mtps: 119  [36mtflops: 5.74  [35mmfu: 0.58%[39m
[rank0]:[titan] 2026-03-18 00:51:12,931 - root - INFO - [31mstep: 2958  [32mloss:  2.6660  [38;2;180;60;0mgrad_norm:  0.8541  [38;2;54;234;195mmemory: 58.00GiB(73.01%)  [34mtps: 118  [36mtflops: 5.71  [35mmfu: 0.58%[39m
[rank0]:[titan] 2026-03-18 00:51:30,107 - root - INFO - [31mstep: 2959  [32mloss:  2.6873  [38;2;180;60;0mgrad_norm:  0.6367  [38;2;54;234;195mmemory: 58.00GiB(73.01%)  [34mtps: 119  [36mtflops: 5.75  [35mmfu: 0.58%[39m
[rank0]:[titan] 2026-03-18 00:51:47,338 - root - INFO - [31mstep: 2960  [32mloss:  2.6895  [38;2;180;60;0mgrad_norm:  0.5927  [38;2;54;234;195mmemory: 58.00GiB(73.01%)  [34mtps: 119  [36mtflops: 5.73  [35mmfu: 0.58%[39m
[rank0]:[titan] 2026-03-18 00:51:47,341 - root - WARNING - Dataset c4_test is being re-looped
[rank0]:[titan] 2026-03-18 00:52:04,633 - root - INFO - [31mstep: 2961  [32mloss:  2.7312  [38;2;180;60;0mgrad_norm:  1.0169  [38;2;54;234;195mmemory: 58.00GiB(73.01%)  [34mtps: 118  [36mtflops: 5.71  [35mmfu: 0.58%[39m
[rank0]:[titan] 2026-03-18 00:52:21,811 - root - INFO - [31mstep: 2962  [32mloss:  2.7115  [38;2;180;60;0mgrad_norm:  0.6235  [38;2;54;234;195mmemory: 58.00GiB(73.01%)  [34mtps: 119  [36mtflops: 5.74  [35mmfu: 0.58%[39m
[rank0]:[titan] 2026-03-18 00:52:39,139 - root - INFO - [31mstep: 2963  [32mloss:  2.7097  [38;2;180;60;0mgrad_norm:  0.7560  [38;2;54;234;195mmemory: 58.00GiB(73.01%)  [34mtps: 118  [36mtflops: 5.69  [35mmfu: 0.58%[39m
[rank0]:[titan] 2026-03-18 00:52:56,553 - root - INFO - [31mstep: 2964  [32mloss:  2.7150  [38;2;180;60;0mgrad_norm:  0.7291  [38;2;54;234;195mmemory: 58.00GiB(73.01%)  [34mtps: 118  [36mtflops: 5.67  [35mmfu: 0.57%[39m
[rank0]:[titan] 2026-03-18 00:53:13,637 - root - INFO - [31mstep: 2965  [32mloss:  2.7370  [38;2;180;60;0mgrad_norm:  1.6033  [38;2;54;234;195mmemory: 58.00GiB(73.01%)  [34mtps: 120  [36mtflops: 5.78  [35mmfu: 0.58%[39m
[rank0]:[titan] 2026-03-18 00:53:30,929 - root - INFO - [31mstep: 2966  [32mloss:  2.7095  [38;2;180;60;0mgrad_norm:  0.6932  [38;2;54;234;195mmemory: 58.00GiB(73.01%)  [34mtps: 118  [36mtflops: 5.71  [35mmfu: 0.58%[39m
[rank0]:[titan] 2026-03-18 00:53:48,083 - root - INFO - [31mstep: 2967  [32mloss:  2.7000  [38;2;180;60;0mgrad_norm:  0.7423  [38;2;54;234;195mmemory: 58.00GiB(73.01%)  [34mtps: 119  [36mtflops: 5.75  [35mmfu: 0.58%[39m
[rank0]:[titan] 2026-03-18 00:54:05,166 - root - INFO - [31mstep: 2968  [32mloss:  2.6867  [38;2;180;60;0mgrad_norm:  0.8215  [38;2;54;234;195mmemory: 58.00GiB(73.01%)  [34mtps: 120  [36mtflops: 5.78  [35mmfu: 0.58%[39m
[rank0]:[titan] 2026-03-18 00:54:22,271 - root - INFO - [31mstep: 2969  [32mloss:  2.6827  [38;2;180;60;0mgrad_norm:  3.3390  [38;2;54;234;195mmemory: 58.00GiB(73.01%)  [34mtps: 120  [36mtflops: 5.77  [35mmfu: 0.58%[39m
[rank0]:[titan] 2026-03-18 00:54:39,566 - root - INFO - [31mstep: 2970  [32mloss:  2.7591  [38;2;180;60;0mgrad_norm:  0.9169  [38;2;54;234;195mmemory: 58.00GiB(73.01%)  [34mtps: 118  [36mtflops: 5.71  [35mmfu: 0.58%[39m
[rank0]:[titan] 2026-03-18 00:54:56,847 - root - INFO - [31mstep: 2971  [32mloss:  2.7944  [38;2;180;60;0mgrad_norm:  0.7308  [38;2;54;234;195mmemory: 58.00GiB(73.01%)  [34mtps: 119  [36mtflops: 5.71  [35mmfu: 0.58%[39m
[rank0]:[titan] 2026-03-18 00:55:14,091 - root - INFO - [31mstep: 2972  [32mloss:  2.6938  [38;2;180;60;0mgrad_norm:  2.2779  [38;2;54;234;195mmemory: 58.00GiB(73.01%)  [34mtps: 119  [36mtflops: 5.72  [35mmfu: 0.58%[39m
[rank0]:[titan] 2026-03-18 00:55:31,560 - root - INFO - [31mstep: 2973  [32mloss:  2.7539  [38;2;180;60;0mgrad_norm:  0.8140  [38;2;54;234;195mmemory: 58.00GiB(73.01%)  [34mtps: 117  [36mtflops: 5.65  [35mmfu: 0.57%[39m
[rank0]:[titan] 2026-03-18 00:55:48,861 - root - INFO - [31mstep: 2974  [32mloss:  2.7952  [38;2;180;60;0mgrad_norm:  0.7194  [38;2;54;234;195mmemory: 58.00GiB(73.01%)  [34mtps: 118  [36mtflops: 5.70  [35mmfu: 0.58%[39m
[rank0]:[titan] 2026-03-18 00:56:06,244 - root - INFO - [31mstep: 2975  [32mloss:  2.8687  [38;2;180;60;0mgrad_norm:  0.6822  [38;2;54;234;195mmemory: 58.00GiB(73.01%)  [34mtps: 118  [36mtflops: 5.68  [35mmfu: 0.57%[39m
[rank0]:[titan] 2026-03-18 00:56:23,507 - root - INFO - [31mstep: 2976  [32mloss:  2.7633  [38;2;180;60;0mgrad_norm:  0.5527  [38;2;54;234;195mmemory: 58.00GiB(73.01%)  [34mtps: 119  [36mtflops: 5.72  [35mmfu: 0.58%[39m
[rank0]:[titan] 2026-03-18 00:56:40,686 - root - INFO - [31mstep: 2977  [32mloss:  2.7472  [38;2;180;60;0mgrad_norm:  0.8110  [38;2;54;234;195mmemory: 58.00GiB(73.01%)  [34mtps: 119  [36mtflops: 5.74  [35mmfu: 0.58%[39m
[rank0]:[titan] 2026-03-18 00:56:58,012 - root - INFO - [31mstep: 2978  [32mloss:  2.7806  [38;2;180;60;0mgrad_norm:  0.8530  [38;2;54;234;195mmemory: 58.00GiB(73.01%)  [34mtps: 118  [36mtflops: 5.70  [35mmfu: 0.58%[39m
[rank0]:[titan] 2026-03-18 00:57:15,007 - root - INFO - [31mstep: 2979  [32mloss:  2.7626  [38;2;180;60;0mgrad_norm:  0.8012  [38;2;54;234;195mmemory: 58.00GiB(73.01%)  [34mtps: 121  [36mtflops: 5.81  [35mmfu: 0.59%[39m
[rank0]:[titan] 2026-03-18 00:57:32,374 - root - INFO - [31mstep: 2980  [32mloss:  2.7917  [38;2;180;60;0mgrad_norm:  0.9697  [38;2;54;234;195mmemory: 58.00GiB(73.01%)  [34mtps: 118  [36mtflops: 5.68  [35mmfu: 0.57%[39m
[rank0]:[titan] 2026-03-18 00:57:49,858 - root - INFO - [31mstep: 2981  [32mloss:  2.7135  [38;2;180;60;0mgrad_norm:  0.7371  [38;2;54;234;195mmemory: 58.00GiB(73.01%)  [34mtps: 117  [36mtflops: 5.64  [35mmfu: 0.57%[39m
[rank0]:[titan] 2026-03-18 00:58:07,257 - root - INFO - [31mstep: 2982  [32mloss:  2.7285  [38;2;180;60;0mgrad_norm:  0.8572  [38;2;54;234;195mmemory: 58.00GiB(73.01%)  [34mtps: 118  [36mtflops: 5.67  [35mmfu: 0.57%[39m
[rank0]:[titan] 2026-03-18 00:58:24,566 - root - INFO - [31mstep: 2983  [32mloss:  2.7398  [38;2;180;60;0mgrad_norm:  1.4691  [38;2;54;234;195mmemory: 58.00GiB(73.01%)  [34mtps: 118  [36mtflops: 5.70  [35mmfu: 0.58%[39m
[rank0]:[titan] 2026-03-18 00:58:41,725 - root - INFO - [31mstep: 2984  [32mloss:  2.6882  [38;2;180;60;0mgrad_norm:  0.9693  [38;2;54;234;195mmemory: 58.00GiB(73.01%)  [34mtps: 119  [36mtflops: 5.75  [35mmfu: 0.58%[39m
[rank0]:[titan] 2026-03-18 00:58:58,732 - root - INFO - [31mstep: 2985  [32mloss:  2.7237  [38;2;180;60;0mgrad_norm:  0.7609  [38;2;54;234;195mmemory: 58.00GiB(73.01%)  [34mtps: 120  [36mtflops: 5.80  [35mmfu: 0.59%[39m
[rank0]:[titan] 2026-03-18 00:59:16,080 - root - INFO - [31mstep: 2986  [32mloss:  2.7402  [38;2;180;60;0mgrad_norm:  0.9699  [38;2;54;234;195mmemory: 58.00GiB(73.01%)  [34mtps: 118  [36mtflops: 5.69  [35mmfu: 0.58%[39m
[rank0]:[titan] 2026-03-18 00:59:33,455 - root - INFO - [31mstep: 2987  [32mloss:  2.6925  [38;2;180;60;0mgrad_norm:  1.0398  [38;2;54;234;195mmemory: 58.00GiB(73.01%)  [34mtps: 118  [36mtflops: 5.68  [35mmfu: 0.57%[39m
[rank0]:[titan] 2026-03-18 00:59:50,468 - root - INFO - [31mstep: 2988  [32mloss:  2.7467  [38;2;180;60;0mgrad_norm:  0.6796  [38;2;54;234;195mmemory: 58.00GiB(73.01%)  [34mtps: 120  [36mtflops: 5.80  [35mmfu: 0.59%[39m
[rank0]:[titan] 2026-03-18 01:00:08,017 - root - INFO - [31mstep: 2989  [32mloss:  2.7368  [38;2;180;60;0mgrad_norm:  0.9217  [38;2;54;234;195mmemory: 58.00GiB(73.01%)  [34mtps: 117  [36mtflops: 5.62  [35mmfu: 0.57%[39m
[rank0]:[titan] 2026-03-18 01:00:25,486 - root - INFO - [31mstep: 2990  [32mloss:  2.6886  [38;2;180;60;0mgrad_norm:  0.9179  [38;2;54;234;195mmemory: 58.00GiB(73.01%)  [34mtps: 117  [36mtflops: 5.65  [35mmfu: 0.57%[39m
[rank0]:[titan] 2026-03-18 01:00:42,876 - root - INFO - [31mstep: 2991  [32mloss:  2.7691  [38;2;180;60;0mgrad_norm:  0.7384  [38;2;54;234;195mmemory: 58.00GiB(73.01%)  [34mtps: 118  [36mtflops: 5.67  [35mmfu: 0.57%[39m
[rank0]:[titan] 2026-03-18 01:01:00,164 - root - INFO - [31mstep: 2992  [32mloss:  2.7249  [38;2;180;60;0mgrad_norm:  0.8538  [38;2;54;234;195mmemory: 58.00GiB(73.01%)  [34mtps: 118  [36mtflops: 5.71  [35mmfu: 0.58%[39m
[rank0]:[titan] 2026-03-18 01:01:17,281 - root - INFO - [31mstep: 2993  [32mloss:  2.7232  [38;2;180;60;0mgrad_norm:  1.5502  [38;2;54;234;195mmemory: 58.00GiB(73.01%)  [34mtps: 120  [36mtflops: 5.77  [35mmfu: 0.58%[39m
[rank0]:[titan] 2026-03-18 01:01:34,602 - root - INFO - [31mstep: 2994  [32mloss:  2.7692  [38;2;180;60;0mgrad_norm:  0.9526  [38;2;54;234;195mmemory: 58.00GiB(73.01%)  [34mtps: 118  [36mtflops: 5.70  [35mmfu: 0.58%[39m
[rank0]:[titan] 2026-03-18 01:01:51,755 - root - INFO - [31mstep: 2995  [32mloss:  2.8305  [38;2;180;60;0mgrad_norm:  0.8338  [38;2;54;234;195mmemory: 58.00GiB(73.01%)  [34mtps: 119  [36mtflops: 5.75  [35mmfu: 0.58%[39m
[rank0]:[titan] 2026-03-18 01:02:08,953 - root - INFO - [31mstep: 2996  [32mloss:  2.7645  [38;2;180;60;0mgrad_norm:  1.0666  [38;2;54;234;195mmemory: 58.00GiB(73.01%)  [34mtps: 119  [36mtflops: 5.74  [35mmfu: 0.58%[39m
[rank0]:[titan] 2026-03-18 01:02:26,035 - root - INFO - [31mstep: 2997  [32mloss:  2.8028  [38;2;180;60;0mgrad_norm:  1.0207  [38;2;54;234;195mmemory: 58.00GiB(73.01%)  [34mtps: 120  [36mtflops: 5.78  [35mmfu: 0.58%[39m
[rank0]:[titan] 2026-03-18 01:02:43,130 - root - INFO - [31mstep: 2998  [32mloss:  2.8097  [38;2;180;60;0mgrad_norm:  0.7502  [38;2;54;234;195mmemory: 58.00GiB(73.01%)  [34mtps: 120  [36mtflops: 5.77  [35mmfu: 0.58%[39m
[rank0]:[titan] 2026-03-18 01:03:00,390 - root - INFO - [31mstep: 2999  [32mloss:  2.7855  [38;2;180;60;0mgrad_norm:  1.2363  [38;2;54;234;195mmemory: 58.00GiB(73.01%)  [34mtps: 119  [36mtflops: 5.72  [35mmfu: 0.58%[39m
[rank0]:[titan] 2026-03-18 01:03:17,495 - root - INFO - [31mstep: 3000  [32mloss:  2.7450  [38;2;180;60;0mgrad_norm:  1.6904  [38;2;54;234;195mmemory: 58.00GiB(73.01%)  [34mtps: 120  [36mtflops: 5.77  [35mmfu: 0.58%[39m
[rank0]:[titan] 2026-03-18 01:03:17,496 - root - INFO - [33mpost-warmup (100 steps) avg  [34mtps: 119  [36mtflops: 5.74  [35mmfu: 0.58%[39m
[rank0]:[titan] 2026-03-18 01:03:17,496 - root - INFO - Training completed
